  0
SECTION
  2
HEADER
  9
$ACADVER
  1
AC1027
  9
$ACADMAINTVER
 70
105
  9
$DWGCODEPAGE
  3
ANSI_1252
  9
$LASTSAVEDBY
  1
ezdxf
  9
$REQUIREDVERSIONS
160
0
  9
$INSBASE
 10
0.0
 20
0.0
 30
0.0
  9
$EXTMIN
 10
1e+20
 20
1e+20
 30
1e+20
  9
$EXTMAX
 10
-1e+20
 20
-1e+20
 30
-1e+20
  9
$LIMMIN
 10
0.0
 20
0.0
  9
$LIMMAX
 10
420.0
 20
297.0
  9
$ORTHOMODE
 70
0
  9
$REGENMODE
 70
1
  9
$FILLMODE
 70
1
  9
$QTEXTMODE
 70
0
  9
$MIRRTEXT
 70
1
  9
$LTSCALE
 40
1.0
  9
$ATTMODE
 70
1
  9
$TEXTSIZE
 40
2.5
  9
$TRACEWID
 40
1.0
  9
$TEXTSTYLE
  7
Standard
  9
$CLAYER
  8
0
  9
$CELTYPE
  6
ByLayer
  9
$CECOLOR
 62
256
  9
$CELTSCALE
 40
1.0
  9
$DISPSILH
 70
0
  9
$DIMSCALE
 40
1.0
  9
$DIMASZ
 40
2.5
  9
$DIMEXO
 40
0.625
  9
$DIMDLI
 40
3.75
  9
$DIMRND
 40
0.0
  9
$DIMDLE
 40
0.0
  9
$DIMEXE
 40
1.25
  9
$DIMTP
 40
0.0
  9
$DIMTM
 40
0.0
  9
$DIMTXT
 40
2.5
  9
$DIMCEN
 40
2.5
  9
$DIMTSZ
 40
0.0
  9
$DIMTOL
 70
0
  9
$DIMLIM
 70
0
  9
$DIMTIH
 70
0
  9
$DIMTOH
 70
0
  9
$DIMSE1
 70
0
  9
$DIMSE2
 70
0
  9
$DIMTAD
 70
1
  9
$DIMZIN
 70
8
  9
$DIMBLK
  1

  9
$DIMASO
 70
1
  9
$DIMSHO
 70
1
  9
$DIMPOST
  1

  9
$DIMAPOST
  1

  9
$DIMALT
 70
0
  9
$DIMALTD
 70
3
  9
$DIMALTF
 40
0.03937007874
  9
$DIMLFAC
 40
1.0
  9
$DIMTOFL
 70
1
  9
$DIMTVP
 40
0.0
  9
$DIMTIX
 70
0
  9
$DIMSOXD
 70
0
  9
$DIMSAH
 70
0
  9
$DIMBLK1
  1

  9
$DIMBLK2
  1

  9
$DIMSTYLE
  2
ISO-25
  9
$DIMCLRD
 70
0
  9
$DIMCLRE
 70
0
  9
$DIMCLRT
 70
0
  9
$DIMTFAC
 40
1.0
  9
$DIMGAP
 40
0.625
  9
$DIMJUST
 70
0
  9
$DIMSD1
 70
0
  9
$DIMSD2
 70
0
  9
$DIMTOLJ
 70
0
  9
$DIMTZIN
 70
8
  9
$DIMALTZ
 70
0
  9
$DIMALTTZ
 70
0
  9
$DIMUPT
 70
0
  9
$DIMDEC
 70
2
  9
$DIMTDEC
 70
2
  9
$DIMALTU
 70
2
  9
$DIMALTTD
 70
3
  9
$DIMTXSTY
  7
Standard
  9
$DIMAUNIT
 70
0
  9
$DIMADEC
 70
0
  9
$DIMALTRND
 40
0.0
  9
$DIMAZIN
 70
0
  9
$DIMDSEP
 70
44
  9
$DIMATFIT
 70
3
  9
$DIMFRAC
 70
0
  9
$DIMLDRBLK
  1

  9
$DIMLUNIT
 70
2
  9
$DIMLWD
 70
-2
  9
$DIMLWE
 70
-2
  9
$DIMTMOVE
 70
0
  9
$DIMFXL
 40
1.0
  9
$DIMFXLON
 70
0
  9
$DIMJOGANG
 40
0.785398163397
  9
$DIMTFILL
 70
0
  9
$DIMTFILLCLR
 70
0
  9
$DIMARCSYM
 70
0
  9
$DIMLTYPE
  6

  9
$DIMLTEX1
  6

  9
$DIMLTEX2
  6

  9
$DIMTXTDIRECTION
 70
0
  9
$LUNITS
 70
2
  9
$LUPREC
 70
4
  9
$SKETCHINC
 40
1.0
  9
$FILLETRAD
 40
10.0
  9
$AUNITS
 70
0
  9
$AUPREC
 70
2
  9
$MENU
  1
.
  9
$ELEVATION
 40
0.0
  9
$PELEVATION
 40
0.0
  9
$THICKNESS
 40
0.0
  9
$LIMCHECK
 70
0
  9
$CHAMFERA
 40
0.0
  9
$CHAMFERB
 40
0.0
  9
$CHAMFERC
 40
0.0
  9
$CHAMFERD
 40
0.0
  9
$SKPOLY
 70
0
  9
$TDCREATE
 40
2461273.868263889
  9
$TDUCREATE
 40
2458532.153996898
  9
$TDUPDATE
 40
2461273.868263889
  9
$TDUUPDATE
 40
2458532.1544311
  9
$TDINDWG
 40
0.0
  9
$TDUSRTIMER
 40
0.0
  9
$USRTIMER
 70
1
  9
$ANGBASE
 50
0.0
  9
$ANGDIR
 70
0
  9
$PDMODE
 70
0
  9
$PDSIZE
 40
0.0
  9
$PLINEWID
 40
0.0
  9
$SPLFRAME
 70
0
  9
$SPLINETYPE
 70
6
  9
$SPLINESEGS
 70
8
  9
$HANDSEED
  5
1158
  9
$SURFTAB1
 70
6
  9
$SURFTAB2
 70
6
  9
$SURFTYPE
 70
6
  9
$SURFU
 70
6
  9
$SURFV
 70
6
  9
$UCSBASE
  2

  9
$UCSNAME
  2

  9
$UCSORG
 10
0.0
 20
0.0
 30
0.0
  9
$UCSXDIR
 10
1.0
 20
0.0
 30
0.0
  9
$UCSYDIR
 10
0.0
 20
1.0
 30
0.0
  9
$UCSORTHOREF
  2

  9
$UCSORTHOVIEW
 70
0
  9
$UCSORGTOP
 10
0.0
 20
0.0
 30
0.0
  9
$UCSORGBOTTOM
 10
0.0
 20
0.0
 30
0.0
  9
$UCSORGLEFT
 10
0.0
 20
0.0
 30
0.0
  9
$UCSORGRIGHT
 10
0.0
 20
0.0
 30
0.0
  9
$UCSORGFRONT
 10
0.0
 20
0.0
 30
0.0
  9
$UCSORGBACK
 10
0.0
 20
0.0
 30
0.0
  9
$PUCSBASE
  2

  9
$PUCSNAME
  2

  9
$PUCSORG
 10
0.0
 20
0.0
 30
0.0
  9
$PUCSXDIR
 10
1.0
 20
0.0
 30
0.0
  9
$PUCSYDIR
 10
0.0
 20
1.0
 30
0.0
  9
$PUCSORTHOREF
  2

  9
$PUCSORTHOVIEW
 70
0
  9
$PUCSORGTOP
 10
0.0
 20
0.0
 30
0.0
  9
$PUCSORGBOTTOM
 10
0.0
 20
0.0
 30
0.0
  9
$PUCSORGLEFT
 10
0.0
 20
0.0
 30
0.0
  9
$PUCSORGRIGHT
 10
0.0
 20
0.0
 30
0.0
  9
$PUCSORGFRONT
 10
0.0
 20
0.0
 30
0.0
  9
$PUCSORGBACK
 10
0.0
 20
0.0
 30
0.0
  9
$USERI1
 70
0
  9
$USERI2
 70
0
  9
$USERI3
 70
0
  9
$USERI4
 70
0
  9
$USERI5
 70
0
  9
$USERR1
 40
0.0
  9
$USERR2
 40
0.0
  9
$USERR3
 40
0.0
  9
$USERR4
 40
0.0
  9
$USERR5
 40
0.0
  9
$WORLDVIEW
 70
1
  9
$SHADEDGE
 70
3
  9
$SHADEDIF
 70
70
  9
$TILEMODE
 70
1
  9
$MAXACTVP
 70
64
  9
$PINSBASE
 10
0.0
 20
0.0
 30
0.0
  9
$PLIMCHECK
 70
0
  9
$PEXTMIN
 10
1e+20
 20
1e+20
 30
1e+20
  9
$PEXTMAX
 10
-1e+20
 20
-1e+20
 30
-1e+20
  9
$PLIMMIN
 10
0.0
 20
0.0
  9
$PLIMMAX
 10
420.0
 20
297.0
  9
$UNITMODE
 70
0
  9
$VISRETAIN
 70
1
  9
$PLINEGEN
 70
0
  9
$PSLTSCALE
 70
1
  9
$TREEDEPTH
 70
3020
  9
$CMLSTYLE
  2
Standard
  9
$CMLJUST
 70
0
  9
$CMLSCALE
 40
20.0
  9
$PROXYGRAPHICS
 70
1
  9
$MEASUREMENT
 70
1
  9
$CELWEIGHT
370
-1
  9
$ENDCAPS
280
0
  9
$JOINSTYLE
280
0
  9
$LWDISPLAY
290
0
  9
$INSUNITS
 70
4
  9
$HYPERLINKBASE
  1

  9
$STYLESHEET
  1

  9
$XEDIT
290
1
  9
$CEPSNTYPE
380
0
  9
$PSTYLEMODE
290
1
  9
$FINGERPRINTGUID
  2
{DAC4256C-336F-4EB9-902F-DB2AD19D7B75}
  9
$VERSIONGUID
  2
{A0386C2C-C631-45F0-83F3-5D625E1ED252}
  9
$EXTNAMES
290
1
  9
$PSVPSCALE
 40
0.0
  9
$OLESTARTUP
290
0
  9
$SORTENTS
280
127
  9
$INDEXCTL
280
0
  9
$HIDETEXT
280
1
  9
$XCLIPFRAME
280
1
  9
$HALOGAP
280
0
  9
$OBSCOLOR
 70
257
  9
$OBSLTYPE
280
0
  9
$INTERSECTIONDISPLAY
280
0
  9
$INTERSECTIONCOLOR
 70
257
  9
$DIMASSOC
280
2
  9
$PROJECTNAME
  1

  9
$CAMERADISPLAY
290
0
  9
$LENSLENGTH
 40
50.0
  9
$CAMERAHEIGHT
 40
0.0
  9
$STEPSPERSEC
 40
24.0
  9
$STEPSIZE
 40
100.0
  9
$3DDWFPREC
 40
2.0
  9
$PSOLWIDTH
 40
0.005
  9
$PSOLHEIGHT
 40
0.08
  9
$LOFTANG1
 40
1.570796326795
  9
$LOFTANG2
 40
1.570796326795
  9
$LOFTMAG1
 40
0.0
  9
$LOFTMAG2
 40
0.0
  9
$LOFTPARAM
 70
7
  9
$LOFTNORMALS
280
1
  9
$LATITUDE
 40
37.795
  9
$LONGITUDE
 40
-122.394
  9
$NORTHDIRECTION
 40
0.0
  9
$TIMEZONE
 70
-8000
  9
$LIGHTGLYPHDISPLAY
280
1
  9
$TILEMODELIGHTSYNCH
280
1
  9
$CMATERIAL
347
20
  9
$SOLIDHIST
280
0
  9
$SHOWHIST
280
1
  9
$DWFFRAME
280
2
  9
$DGNFRAME
280
2
  9
$REALWORLDSCALE
290
1
  9
$INTERFERECOLOR
 62
256
  9
$CSHADOW
280
0
  9
$SHADOWPLANELOCATION
 40
0.0
  0
ENDSEC
  0
SECTION
  2
CLASSES
  0
CLASS
  1
ACDBDICTIONARYWDFLT
  2
AcDbDictionaryWithDefault
  3
ObjectDBX Classes
 90
0
 91
0
280
0
281
0
  0
CLASS
  1
SUN
  2
AcDbSun
  3
SCENEOE
 90
1153
 91
0
280
0
281
0
  0
CLASS
  1
VISUALSTYLE
  2
AcDbVisualStyle
  3
ObjectDBX Classes
 90
4095
 91
0
280
0
281
0
  0
CLASS
  1
MATERIAL
  2
AcDbMaterial
  3
ObjectDBX Classes
 90
1153
 91
0
280
0
281
0
  0
CLASS
  1
SCALE
  2
AcDbScale
  3
ObjectDBX Classes
 90
1153
 91
0
280
0
281
0
  0
CLASS
  1
TABLESTYLE
  2
AcDbTableStyle
  3
ObjectDBX Classes
 90
4095
 91
0
280
0
281
0
  0
CLASS
  1
MLEADERSTYLE
  2
AcDbMLeaderStyle
  3
ACDB_MLEADERSTYLE_CLASS
 90
4095
 91
0
280
0
281
0
  0
CLASS
  1
DICTIONARYVAR
  2
AcDbDictionaryVar
  3
ObjectDBX Classes
 90
0
 91
0
280
0
281
0
  0
CLASS
  1
CELLSTYLEMAP
  2
AcDbCellStyleMap
  3
ObjectDBX Classes
 90
1152
 91
0
280
0
281
0
  0
CLASS
  1
MENTALRAYRENDERSETTINGS
  2
AcDbMentalRayRenderSettings
  3
SCENEOE
 90
1024
 91
0
280
0
281
0
  0
CLASS
  1
ACDBDETAILVIEWSTYLE
  2
AcDbDetailViewStyle
  3
ObjectDBX Classes
 90
1025
 91
0
280
0
281
0
  0
CLASS
  1
ACDBSECTIONVIEWSTYLE
  2
AcDbSectionViewStyle
  3
ObjectDBX Classes
 90
1025
 91
0
280
0
281
0
  0
CLASS
  1
RASTERVARIABLES
  2
AcDbRasterVariables
  3
ISM
 90
0
 91
0
280
0
281
0
  0
CLASS
  1
ACDBPLACEHOLDER
  2
AcDbPlaceHolder
  3
ObjectDBX Classes
 90
0
 91
0
280
0
281
0
  0
CLASS
  1
LAYOUT
  2
AcDbLayout
  3
ObjectDBX Classes
 90
0
 91
0
280
0
281
0
  0
ENDSEC
  0
SECTION
  2
TABLES
  0
TABLE
  2
VPORT
  5
8
330
0
100
AcDbSymbolTable
 70
1
  0
VPORT
  5
23
330
8
100
AcDbSymbolTableRecord
100
AcDbViewportTableRecord
  2
*Active
 70
0
 10
0.0
 20
0.0
 11
1.0
 21
1.0
 12
0.0
 22
0.0
 13
0.0
 23
0.0
 14
0.5
 24
0.5
 15
0.5
 25
0.5
 16
0.0
 26
0.0
 36
1.0
 17
0.0
 27
0.0
 37
0.0
 40
1000.0
 41
1.34
 42
50.0
 43
0.0
 44
0.0
 50
0.0
 51
0.0
 71
0
 72
1000
 73
1
 74
3
 75
0
 76
0
 77
0
 78
0
281
0
 65
0
146
0.0
  0
ENDTAB
  0
TABLE
  2
LTYPE
  5
2
330
0
100
AcDbSymbolTable
 70
3
  0
LTYPE
  5
24
330
2
100
AcDbSymbolTableRecord
100
AcDbLinetypeTableRecord
  2
ByBlock
 70
0
  3

 72
65
 73
0
 40
0.0
  0
LTYPE
  5
25
330
2
100
AcDbSymbolTableRecord
100
AcDbLinetypeTableRecord
  2
ByLayer
 70
0
  3

 72
65
 73
0
 40
0.0
  0
LTYPE
  5
26
330
2
100
AcDbSymbolTableRecord
100
AcDbLinetypeTableRecord
  2
Continuous
 70
0
  3

 72
65
 73
0
 40
0.0
  0
ENDTAB
  0
TABLE
  2
LAYER
  5
1
330
0
100
AcDbSymbolTable
 70
4
  0
LAYER
  5
27
330
1
100
AcDbSymbolTableRecord
100
AcDbLayerTableRecord
  2
0
 70
0
 62
7
  6
Continuous
370
-3
390
13
347
21
  0
LAYER
  5
28
330
1
100
AcDbSymbolTableRecord
100
AcDbLayerTableRecord
  2
Defpoints
 70
0
 62
7
  6
Continuous
290
0
370
-3
390
13
347
21
  0
LAYER
  5
2F
330
1
100
AcDbSymbolTableRecord
100
AcDbLayerTableRecord
  2
可见轮廓
 70
0
 62
7
  6
Continuous
370
-3
390
13
347
21
  0
LAYER
  5
30
330
1
100
AcDbSymbolTableRecord
100
AcDbLayerTableRecord
  2
隐藏线
 70
0
 62
5
  6
Continuous
370
-3
390
13
347
21
  0
ENDTAB
  0
TABLE
  2
STYLE
  5
5
330
0
100
AcDbSymbolTable
 70
1
  0
STYLE
  5
29
330
5
100
AcDbSymbolTableRecord
100
AcDbTextStyleTableRecord
  2
Standard
 70
0
 40
0.0
 41
1.0
 50
0.0
 71
0
 42
2.5
  3
txt
  4

  0
ENDTAB
  0
TABLE
  2
VIEW
  5
7
330
0
100
AcDbSymbolTable
 70
0
  0
ENDTAB
  0
TABLE
  2
UCS
  5
6
330
0
100
AcDbSymbolTable
 70
0
  0
ENDTAB
  0
TABLE
  2
APPID
  5
3
330
0
100
AcDbSymbolTable
 70
3
  0
APPID
  5
2A
330
3
100
AcDbSymbolTableRecord
100
AcDbRegAppTableRecord
  2
ACAD
 70
0
  0
APPID
  5
1155
330
3
100
AcDbSymbolTableRecord
100
AcDbRegAppTableRecord
  2
HATCHBACKGROUNDCOLOR
 70
0
  0
APPID
  5
1156
330
3
100
AcDbSymbolTableRecord
100
AcDbRegAppTableRecord
  2
EZDXF
 70
0
  0
ENDTAB
  0
TABLE
  2
DIMSTYLE
  5
4
330
0
100
AcDbSymbolTable
 70
1
100
AcDbDimStyleTable
  0
DIMSTYLE
105
2B
330
4
100
AcDbSymbolTableRecord
100
AcDbDimStyleTableRecord
  2
Standard
 70
0
 40
1.0
 41
2.5
 42
0.625
 43
3.75
 44
1.25
 45
0.0
 46
0.0
 47
0.0
 48
0.0
 49
2.5
140
2.5
141
2.5
142
0.0
143
0.03937007874
144
1.0
145
0.0
146
1.0
147
0.625
148
0.0
 69
0
 70
0
 71
0
 72
0
 73
0
 74
0
 75
0
 76
0
 77
1
 78
8
 79
3
170
0
171
3
172
1
173
0
174
0
175
0
176
0
177
0
178
0
179
2
271
2
272
2
273
2
274
3
275
0
276
0
277
2
278
44
279
0
280
0
281
0
282
0
283
0
284
8
285
0
286
0
288
0
289
3
290
0
371
-2
372
-2
  0
ENDTAB
  0
TABLE
  2
BLOCK_RECORD
  5
9
330
0
100
AcDbSymbolTable
 70
2
  0
BLOCK_RECORD
  5
17
330
9
100
AcDbSymbolTableRecord
100
AcDbBlockTableRecord
  2
*Model_Space
340
1A
 70
0
280
1
281
0
  0
BLOCK_RECORD
  5
1B
330
9
100
AcDbSymbolTableRecord
100
AcDbBlockTableRecord
  2
*Paper_Space
340
1E
 70
0
280
1
281
0
  0
ENDTAB
  0
ENDSEC
  0
SECTION
  2
BLOCKS
  0
BLOCK
  5
18
330
17
100
AcDbEntity
  8
0
100
AcDbBlockBegin
  2
*Model_Space
 70
0
 10
0.0
 20
0.0
 30
0.0
  3
*Model_Space
  1

  0
ENDBLK
  5
19
330
17
100
AcDbEntity
  8
0
100
AcDbBlockEnd
  0
BLOCK
  5
1C
330
1B
100
AcDbEntity
  8
0
100
AcDbBlockBegin
  2
*Paper_Space
 70
0
 10
0.0
 20
0.0
 30
0.0
  3
*Paper_Space
  1

  0
ENDBLK
  5
1D
330
1B
100
AcDbEntity
  8
0
100
AcDbBlockEnd
  0
ENDSEC
  0
SECTION
  2
ENTITIES
  0
LINE
  5
31
330
17
100
AcDbEntity
  8
可见轮廓
100
AcDbLine
 10
187.4803846124819
 20
9.00000000000001
 30
0.0
 11
187.49615811702
 21
9.28751636704683
 31
0.0
  0
LINE
  5
32
330
17
100
AcDbEntity
  8
可见轮廓
100
AcDbLine
 10
187.49615811702
 20
9.28751636704683
 30
0.0
 11
187.5414952098925
 21
9.584668863805756
 31
0.0
  0
LINE
  5
33
330
17
100
AcDbEntity
  8
可见轮廓
100
AcDbLine
 10
187.5414952098925
 20
9.584668863805756
 30
0.0
 11
187.61342075998687
 21
9.876523253668248
 31
0.0
  0
LINE
  5
34
330
17
100
AcDbEntity
  8
可见轮廓
100
AcDbLine
 10
187.61342075998687
 20
9.876523253668248
 30
0.0
 11
187.70895964215975
 21
10.148145314431781
 31
0.0
  0
LINE
  5
35
330
17
100
AcDbEntity
  8
可见轮廓
100
AcDbLine
 10
187.70895964215975
 20
10.148145314431781
 30
0.0
 11
187.83363989198045
 21
10.40771464386933
 31
0.0
  0
LINE
  5
36
330
17
100
AcDbEntity
  8
可见轮廓
100
AcDbLine
 10
187.83363989198045
 20
10.40771464386933
 30
0.0
 11
187.98930184553143
 21
10.664864627413873
 31
0.0
  0
LINE
  5
37
330
17
100
AcDbEntity
  8
可见轮廓
100
AcDbLine
 10
187.98930184553143
 20
10.664864627413873
 30
0.0
 11
188.16748374796046
 21
10.906950136838208
 31
0.0
  0
LINE
  5
38
330
17
100
AcDbEntity
  8
可见轮廓
100
AcDbLine
 10
188.16748374796046
 20
10.906950136838208
 30
0.0
 11
188.35972384443
 21
11.121326043929782
 31
0.0
  0
LINE
  5
39
330
17
100
AcDbEntity
  8
可见轮廓
100
AcDbLine
 10
188.35972384443
 20
11.121326043929782
 30
0.0
 11
188.57432784789293
 21
11.313486695849603
 31
0.0
  0
LINE
  5
3A
330
17
100
AcDbEntity
  8
可见轮廓
100
AcDbLine
 10
188.57432784789293
 20
11.313486695849603
 30
0.0
 11
188.81664206345732
 21
11.491565715431433
 31
0.0
  0
LINE
  5
3B
330
17
100
AcDbEntity
  8
可见轮廓
100
AcDbLine
 10
188.81664206345732
 20
11.491565715431433
 30
0.0
 11
189.07399893106867
 21
11.647110025743428
 31
0.0
  0
LINE
  5
3C
330
17
100
AcDbEntity
  8
可见轮廓
100
AcDbLine
 10
189.07399893106867
 20
11.647110025743428
 30
0.0
 11
189.33373089747687
 21
11.771666552671036
 31
0.0
  0
LINE
  5
3D
330
17
100
AcDbEntity
  8
可见轮廓
100
AcDbLine
 10
189.33373089747687
 20
11.771666552671036
 30
0.0
 11
189.60553152414596
 21
11.867112222704222
 31
0.0
  0
LINE
  5
3E
330
17
100
AcDbEntity
  8
可见轮廓
100
AcDbLine
 10
189.60553152414596
 20
11.867112222704222
 30
0.0
 11
189.89753737273602
 21
11.938960893124882
 31
0.0
  0
LINE
  5
3F
330
17
100
AcDbEntity
  8
可见轮廓
100
AcDbLine
 10
189.89753737273602
 20
11.938960893124882
 30
0.0
 11
190.19481994364025
 21
11.98424575515086
 31
0.0
  0
LINE
  5
40
330
17
100
AcDbEntity
  8
可见轮廓
100
AcDbLine
 10
190.19481994364025
 20
11.98424575515086
 30
0.0
 11
190.4824507372519
 21
12.0
 31
0.0
  0
LINE
  5
41
330
17
100
AcDbEntity
  8
可见轮廓
100
AcDbLine
 10
189.3419356162294
 20
11.985554180016592
 30
0.0
 11
189.62697956708294
 21
12.0
 31
0.0
  0
LINE
  5
42
330
17
100
AcDbEntity
  8
可见轮廓
100
AcDbLine
 10
189.05963679444343
 20
11.942355841209693
 30
0.0
 11
189.3419356162294
 21
11.985554180016592
 31
0.0
  0
LINE
  5
43
330
17
100
AcDbEntity
  8
可见轮廓
100
AcDbLine
 10
188.78280179369912
 20
11.87082100719663
 30
0.0
 11
189.05963679444343
 21
11.942355841209693
 31
0.0
  0
LINE
  5
44
330
17
100
AcDbEntity
  8
可见轮廓
100
AcDbLine
 10
188.51409668638698
 20
11.771638597533865
 30
0.0
 11
188.78280179369912
 21
11.87082100719663
 31
0.0
  0
LINE
  5
45
330
17
100
AcDbEntity
  8
可见轮廓
100
AcDbLine
 10
188.25610924957962
 20
11.64576379304507
 30
0.0
 11
188.51409668638698
 21
11.771638597533865
 31
0.0
  0
LINE
  5
46
330
17
100
AcDbEntity
  8
可见轮廓
100
AcDbLine
 10
188.01132404332378
 20
11.494408836907642
 30
0.0
 11
188.25610924957962
 21
11.64576379304507
 31
0.0
  0
LINE
  5
47
330
17
100
AcDbEntity
  8
可见轮廓
100
AcDbLine
 10
187.78209848296888
 20
11.319031360088216
 30
0.0
 11
188.01132404332378
 21
11.494408836907642
 31
0.0
  0
LINE
  5
48
330
17
100
AcDbEntity
  8
可见轮廓
100
AcDbLine
 10
187.57064013596857
 20
11.121320343559647
 30
0.0
 11
187.78209848296888
 21
11.319031360088216
 31
0.0
  0
LINE
  5
49
330
17
100
AcDbEntity
  8
可见轮廓
100
AcDbLine
 10
187.3789854617993
 20
10.903179852490808
 30
0.0
 11
187.57064013596843
 21
11.121320343559507
 31
0.0
  0
LINE
  5
4A
330
17
100
AcDbEntity
  8
可见轮廓
100
AcDbLine
 10
187.20898019974257
 20
10.66671069905869
 30
0.0
 11
187.3789854617993
 21
10.903179852490808
 31
0.0
  0
LINE
  5
4B
330
17
100
AcDbEntity
  8
可见轮廓
100
AcDbLine
 10
187.06226159340628
 20
10.41419021047789
 30
0.0
 11
187.20898019974257
 21
10.66671069905869
 31
0.0
  0
LINE
  5
4C
330
17
100
AcDbEntity
  8
可见轮廓
100
AcDbLine
 10
186.94024262317393
 20
10.148050297095185
 30
0.0
 11
187.06226159340628
 21
10.41419021047789
 31
0.0
  0
LINE
  5
4D
330
17
100
AcDbEntity
  8
可见轮廓
100
AcDbLine
 10
186.8440983984312
 20
9.870854031763324
 30
0.0
 11
186.94024262317393
 21
10.148050297095185
 31
0.0
  0
LINE
  5
4E
330
17
100
AcDbEntity
  8
可见轮廓
100
AcDbLine
 10
186.77475484062023
 20
9.585270966048345
 30
0.0
 11
186.8440983984312
 21
9.870854031763324
 31
0.0
  0
LINE
  5
4F
330
17
100
AcDbEntity
  8
可见轮廓
100
AcDbLine
 10
186.7328797661097
 20
9.294051420988666
 30
0.0
 11
186.77475484062023
 21
9.585270966048345
 31
0.0
  0
LINE
  5
50
330
17
100
AcDbEntity
  8
可见轮廓
100
AcDbLine
 10
186.71887645475843
 20
9.00000000000001
 30
0.0
 11
186.7328797661097
 21
9.294051420988666
 31
0.0
  0
LINE
  5
51
330
17
100
AcDbEntity
  8
可见轮廓
100
AcDbLine
 10
189.4711494662849
 20
12.014552215683144
 30
0.0
 11
189.6269795670829
 21
12.0
 31
0.0
  0
LINE
  5
52
330
17
100
AcDbEntity
  8
可见轮廓
100
AcDbLine
 10
189.30408018149103
 20
12.057556274242684
 30
0.0
 11
189.4711494662849
 21
12.014552215683144
 31
0.0
  0
LINE
  5
53
330
17
100
AcDbEntity
  8
可见轮廓
100
AcDbLine
 10
189.12829777269187
 20
12.128033292943787
 30
0.0
 11
189.30408018149103
 21
12.057556274242684
 31
0.0
  0
LINE
  5
54
330
17
100
AcDbEntity
  8
可见轮廓
100
AcDbLine
 10
188.94632829987808
 20
12.225004389051614
 30
0.0
 11
189.12829777269187
 21
12.128033292943787
 31
0.0
  0
LINE
  5
55
330
17
100
AcDbEntity
  8
可见轮廓
100
AcDbLine
 10
188.7606978230403
 20
12.347490679831331
 30
0.0
 11
188.94632829987808
 21
12.225004389051614
 31
0.0
  0
LINE
  5
56
330
17
100
AcDbEntity
  8
可见轮廓
100
AcDbLine
 10
188.57393240216913
 20
12.494513282548102
 30
0.0
 11
188.7606978230403
 21
12.347490679831331
 31
0.0
  0
LINE
  5
57
330
17
100
AcDbEntity
  8
可见轮廓
100
AcDbLine
 10
188.38855880119914
 20
12.665093042705848
 30
0.0
 11
188.57393240216913
 21
12.494513282548102
 31
0.0
  0
LINE
  5
58
330
17
100
AcDbEntity
  8
可见轮廓
100
AcDbLine
 10
188.20746138758287
 20
12.85811275109728
 30
0.0
 11
188.38855880119914
 21
12.665093042705848
 31
0.0
  0
LINE
  5
59
330
17
100
AcDbEntity
  8
可见轮廓
100
AcDbLine
 10
188.20516250316317
 20
12.860751101788793
 30
0.0
 11
188.20746138758287
 21
12.85811275109728
 31
0.0
  0
LINE
  5
5A
330
17
100
AcDbEntity
  8
可见轮廓
100
AcDbLine
 10
188.019329574895
 20
13.092457531690135
 30
0.0
 11
188.18910900645687
 21
12.879317547472127
 31
0.0
  0
LINE
  5
5B
330
17
100
AcDbEntity
  8
可见轮廓
100
AcDbLine
 10
187.8616641643148
 20
13.324384690183265
 30
0.0
 11
188.019329574895
 21
13.092457531690135
 31
0.0
  0
LINE
  5
5C
330
17
100
AcDbEntity
  8
可见轮廓
100
AcDbLine
 10
187.71993523911775
 20
13.57361979767482
 30
0.0
 11
187.8616641643148
 21
13.324384690183265
 31
0.0
  0
LINE
  5
5D
330
17
100
AcDbEntity
  8
可见轮廓
100
AcDbLine
 10
187.5979101613336
 20
13.838613601693904
 30
0.0
 11
187.71993523911775
 21
13.57361979767482
 31
0.0
  0
LINE
  5
5E
330
17
100
AcDbEntity
  8
可见轮廓
100
AcDbLine
 10
187.49862611756586
 20
14.116888901755958
 30
0.0
 11
187.5979101613336
 21
13.838613601693904
 31
0.0
  0
LINE
  5
5F
330
17
100
AcDbEntity
  8
可见轮廓
100
AcDbLine
 10
187.42460284687195
 20
14.405310895921573
 30
0.0
 11
187.49862611756586
 21
14.116888901755958
 31
0.0
  0
LINE
  5
60
330
17
100
AcDbEntity
  8
可见轮廓
100
AcDbLine
 10
187.37834911956168
 20
14.700730842549877
 30
0.0
 11
187.42460284687195
 21
14.405310895921573
 31
0.0
  0
LINE
  5
61
330
17
100
AcDbEntity
  8
可见轮廓
100
AcDbLine
 10
187.36237370594492
 20
15.0
 30
0.0
 11
187.37834911956168
 21
14.700730842549877
 31
0.0
  0
LINE
  5
62
330
17
100
AcDbEntity
  8
可见轮廓
100
AcDbLine
 10
160.99821428571389
 20
2.0
 30
0.0
 11
163.5002846868864
 21
2.0
 31
0.0
  0
LINE
  5
63
330
17
100
AcDbEntity
  8
可见轮廓
100
AcDbLine
 10
163.5002846868864
 20
2.0
 30
0.0
 11
165.98707754046399
 21
2.0
 31
0.0
  0
LINE
  5
64
330
17
100
AcDbEntity
  8
可见轮廓
100
AcDbLine
 10
165.98707754046399
 20
2.0
 30
0.0
 11
168.436252312468
 21
2.0
 31
0.0
  0
LINE
  5
65
330
17
100
AcDbEntity
  8
可见轮廓
100
AcDbLine
 10
168.436252312468
 20
2.0
 30
0.0
 11
170.82578404200058
 21
2.0
 31
0.0
  0
LINE
  5
66
330
17
100
AcDbEntity
  8
可见轮廓
100
AcDbLine
 10
170.82578404200058
 20
2.0
 30
0.0
 11
173.12512342022595
 21
2.0
 31
0.0
  0
LINE
  5
67
330
17
100
AcDbEntity
  8
可见轮廓
100
AcDbLine
 10
173.12512342022595
 20
2.0
 30
0.0
 11
175.31847960798171
 21
2.0
 31
0.0
  0
LINE
  5
68
330
17
100
AcDbEntity
  8
可见轮廓
100
AcDbLine
 10
175.31847960798171
 20
2.0
 30
0.0
 11
177.38617592400334
 21
2.0
 31
0.0
  0
LINE
  5
69
330
17
100
AcDbEntity
  8
可见轮廓
100
AcDbLine
 10
177.38617592400334
 20
2.0
 30
0.0
 11
179.3095898309695
 21
2.0
 31
0.0
  0
LINE
  5
6A
330
17
100
AcDbEntity
  8
可见轮廓
100
AcDbLine
 10
179.3095898309695
 20
2.0
 30
0.0
 11
181.05611377557213
 21
2.0
 31
0.0
  0
LINE
  5
6B
330
17
100
AcDbEntity
  8
可见轮廓
100
AcDbLine
 10
181.05611377557213
 20
2.0
 30
0.0
 11
182.62208528806312
 21
2.0
 31
0.0
  0
LINE
  5
6C
330
17
100
AcDbEntity
  8
可见轮廓
100
AcDbLine
 10
182.62208528806312
 20
2.0
 30
0.0
 11
183.99348740010728
 21
2.0
 31
0.0
  0
LINE
  5
6D
330
17
100
AcDbEntity
  8
可见轮廓
100
AcDbLine
 10
183.99348740010728
 20
2.0
 30
0.0
 11
185.15793536017952
 21
2.0
 31
0.0
  0
LINE
  5
6E
330
17
100
AcDbEntity
  8
可见轮廓
100
AcDbLine
 10
185.15793536017952
 20
2.0
 30
0.0
 11
186.0857280121665
 21
2.0
 31
0.0
  0
LINE
  5
6F
330
17
100
AcDbEntity
  8
可见轮廓
100
AcDbLine
 10
186.0857280121665
 20
2.0
 30
0.0
 11
186.78588888266643
 21
2.0
 31
0.0
  0
LINE
  5
70
330
17
100
AcDbEntity
  8
可见轮廓
100
AcDbLine
 10
186.78588888266643
 20
2.0
 30
0.0
 11
187.25219486060445
 21
2.0
 31
0.0
  0
LINE
  5
71
330
17
100
AcDbEntity
  8
可见轮廓
100
AcDbLine
 10
187.25219486060445
 20
2.0
 30
0.0
 11
187.4803846124817
 21
2.0
 31
0.0
  0
LINE
  5
72
330
17
100
AcDbEntity
  8
可见轮廓
100
AcDbLine
 10
187.4803846124819
 20
2.0
 30
0.0
 11
187.4803846124819
 21
9.00000000000001
 31
0.0
  0
LINE
  5
73
330
17
100
AcDbEntity
  8
可见轮廓
100
AcDbLine
 10
94.94915616303757
 20
24.0
 30
0.0
 11
95.0
 21
24.0
 31
0.0
  0
LINE
  5
74
330
17
100
AcDbEntity
  8
可见轮廓
100
AcDbLine
 10
94.80466206123297
 20
24.0
 30
0.0
 11
94.94915616303757
 21
24.0
 31
0.0
  0
LINE
  5
75
330
17
100
AcDbEntity
  8
可见轮廓
100
AcDbLine
 10
94.56709148905169
 20
24.0
 30
0.0
 11
94.80466206123297
 21
24.0
 31
0.0
  0
LINE
  5
76
330
17
100
AcDbEntity
  8
可见轮廓
100
AcDbLine
 10
94.23735595793707
 20
24.0
 30
0.0
 11
94.56709148905169
 21
24.0
 31
0.0
  0
LINE
  5
77
330
17
100
AcDbEntity
  8
可见轮廓
100
AcDbLine
 10
93.80930455718763
 20
24.0
 30
0.0
 11
94.23735595793707
 21
24.0
 31
0.0
  0
LINE
  5
78
330
17
100
AcDbEntity
  8
可见轮廓
100
AcDbLine
 10
93.29232817842797
 20
24.0
 30
0.0
 11
93.80930455718763
 21
24.0
 31
0.0
  0
LINE
  5
79
330
17
100
AcDbEntity
  8
可见轮廓
100
AcDbLine
 10
92.68844786977765
 20
24.0
 30
0.0
 11
93.29232817842797
 21
24.0
 31
0.0
  0
LINE
  5
7A
330
17
100
AcDbEntity
  8
可见轮廓
100
AcDbLine
 10
92.0
 20
24.0
 30
0.0
 11
92.68844786977765
 21
24.0
 31
0.0
  0
LINE
  5
7B
330
17
100
AcDbEntity
  8
可见轮廓
100
AcDbLine
 10
134.84657247081265
 20
24.0
 30
0.0
 11
161.1160714285719
 21
24.0
 31
0.0
  0
LINE
  5
7C
330
17
100
AcDbEntity
  8
可见轮廓
100
AcDbLine
 10
91.22410714285735
 20
24.0
 30
0.0
 11
134.84657247081265
 21
24.0
 31
0.0
  0
LINE
  5
7D
330
17
100
AcDbEntity
  8
可见轮廓
100
AcDbLine
 10
84.25860817547249
 20
24.0
 30
0.0
 11
91.22410714285735
 21
24.0
 31
0.0
  0
LINE
  5
7E
330
17
100
AcDbEntity
  8
可见轮廓
100
AcDbLine
 10
186.29629905550226
 20
33.0
 30
0.0
 11
186.51500741141575
 21
33.0
 31
0.0
  0
LINE
  5
7F
330
17
100
AcDbEntity
  8
可见轮廓
100
AcDbLine
 10
186.51500741141575
 20
33.0
 30
0.0
 11
186.7515643400192
 21
33.0
 31
0.0
  0
LINE
  5
80
330
17
100
AcDbEntity
  8
可见轮廓
100
AcDbLine
 10
186.7515643400192
 20
33.0
 30
0.0
 11
187.00383909873693
 21
33.0
 31
0.0
  0
LINE
  5
81
330
17
100
AcDbEntity
  8
可见轮廓
100
AcDbLine
 10
187.00383909873693
 20
33.0
 30
0.0
 11
187.26956910196665
 21
33.0
 31
0.0
  0
LINE
  5
82
330
17
100
AcDbEntity
  8
可见轮廓
100
AcDbLine
 10
187.26956910196665
 20
33.0
 30
0.0
 11
187.54703020188964
 21
33.0
 31
0.0
  0
LINE
  5
83
330
17
100
AcDbEntity
  8
可见轮廓
100
AcDbLine
 10
187.54703020188964
 20
33.0
 30
0.0
 11
187.83257866317032
 21
33.0
 31
0.0
  0
LINE
  5
84
330
17
100
AcDbEntity
  8
可见轮廓
100
AcDbLine
 10
187.83257866317032
 20
33.0
 30
0.0
 11
188.12364649240158
 21
33.0
 31
0.0
  0
LINE
  5
85
330
17
100
AcDbEntity
  8
可见轮廓
100
AcDbLine
 10
188.12364649240158
 20
33.0
 30
0.0
 11
188.41761939906192
 21
33.0
 31
0.0
  0
LINE
  5
86
330
17
100
AcDbEntity
  8
可见轮廓
100
AcDbLine
 10
188.41761939906192
 20
33.0
 30
0.0
 11
188.41761939906192
 21
33.24330112558067
 31
0.0
  0
LINE
  5
87
330
17
100
AcDbEntity
  8
可见轮廓
100
AcDbLine
 10
188.41761939906192
 20
33.24330112558067
 30
0.0
 11
188.41761939906192
 21
33.484956820326914
 31
0.0
  0
LINE
  5
88
330
17
100
AcDbEntity
  8
可见轮廓
100
AcDbLine
 10
188.41761939906192
 20
33.484956820326914
 30
0.0
 11
188.41761939906192
 21
33.723481582888425
 31
0.0
  0
LINE
  5
89
330
17
100
AcDbEntity
  8
可见轮廓
100
AcDbLine
 10
188.41761939906192
 20
33.723481582888425
 30
0.0
 11
188.41761939906192
 21
33.95740788280685
 31
0.0
  0
LINE
  5
8A
330
17
100
AcDbEntity
  8
可见轮廓
100
AcDbLine
 10
188.41761939906192
 20
33.95740788280685
 30
0.0
 11
188.41761939906192
 21
34.184638887432016
 31
0.0
  0
LINE
  5
8B
330
17
100
AcDbEntity
  8
可见轮廓
100
AcDbLine
 10
188.41761939906192
 20
34.184638887432016
 30
0.0
 11
188.41761939906192
 21
34.404152650384184
 31
0.0
  0
LINE
  5
8C
330
17
100
AcDbEntity
  8
可见轮廓
100
AcDbLine
 10
188.41761939906192
 20
34.404152650384184
 30
0.0
 11
188.41761939906192
 21
34.61460105629608
 31
0.0
  0
LINE
  5
8D
330
17
100
AcDbEntity
  8
可见轮廓
100
AcDbLine
 10
188.41761939906192
 20
34.61460105629608
 30
0.0
 11
188.41761939906192
 21
34.81468802304246
 31
0.0
  0
LINE
  5
8E
330
17
100
AcDbEntity
  8
可见轮廓
100
AcDbLine
 10
188.41761939906192
 20
34.81468802304246
 30
0.0
 11
188.41761939906192
 21
34.854949180335126
 31
0.0
  0
LINE
  5
8F
330
17
100
AcDbEntity
  8
可见轮廓
100
AcDbLine
 10
188.41761939906192
 20
34.854949180335126
 30
0.0
 11
188.41761939906192
 21
34.894686500984456
 31
0.0
  0
LINE
  5
90
330
17
100
AcDbEntity
  8
可见轮廓
100
AcDbLine
 10
188.41761939906192
 20
34.93388931324959
 30
0.0
 11
188.41761939906192
 21
34.972547079425965
 31
0.0
  0
LINE
  5
91
330
17
100
AcDbEntity
  8
可见轮廓
100
AcDbLine
 10
188.41761939906192
 20
34.972547079425965
 30
0.0
 11
188.41761939906192
 21
35.01060200287406
 31
0.0
  0
LINE
  5
92
330
17
100
AcDbEntity
  8
可见轮廓
100
AcDbLine
 10
188.41761939906192
 20
35.048089208429474
 30
0.0
 11
188.41761939906192
 21
35.084998629294404
 31
0.0
  0
LINE
  5
93
330
17
100
AcDbEntity
  8
可见轮廓
100
AcDbLine
 10
188.41761939906192
 20
35.084998629294404
 30
0.0
 11
188.41761939906192
 21
35.121320343559645
 31
0.0
  0
LINE
  5
94
330
17
100
AcDbEntity
  8
可见轮廓
100
AcDbLine
 10
188.41761939906192
 20
35.121320343559645
 30
0.0
 11
188.41761939906192
 21
35.31835245921544
 31
0.0
  0
LINE
  5
95
330
17
100
AcDbEntity
  8
可见轮廓
100
AcDbLine
 10
188.41761939906192
 20
35.31835245921544
 30
0.0
 11
188.41761939906192
 21
35.493427602281315
 31
0.0
  0
LINE
  5
96
330
17
100
AcDbEntity
  8
可见轮廓
100
AcDbLine
 10
188.41761939906192
 20
35.493427602281315
 30
0.0
 11
188.41761939906192
 21
35.64497935022151
 31
0.0
  0
LINE
  5
97
330
17
100
AcDbEntity
  8
可见轮廓
100
AcDbLine
 10
188.41761939906192
 20
35.64497935022151
 30
0.0
 11
188.41761939906192
 21
35.77163859753386
 31
0.0
  0
LINE
  5
98
330
17
100
AcDbEntity
  8
可见轮廓
100
AcDbLine
 10
188.41761939906192
 20
35.77163859753386
 30
0.0
 11
188.41761939906192
 21
35.86997647210775
 31
0.0
  0
LINE
  5
99
330
17
100
AcDbEntity
  8
可见轮廓
100
AcDbLine
 10
188.41761939906192
 20
35.86997647210775
 30
0.0
 11
188.41761939906192
 21
35.94119839605009
 31
0.0
  0
LINE
  5
9A
330
17
100
AcDbEntity
  8
可见轮廓
100
AcDbLine
 10
188.41761939906192
 20
35.94119839605009
 30
0.0
 11
188.41761939906192
 21
35.98467258352316
 31
0.0
  0
LINE
  5
9B
330
17
100
AcDbEntity
  8
可见轮廓
100
AcDbLine
 10
188.41761939906192
 20
35.98467258352316
 30
0.0
 11
188.41761939906192
 21
36.0
 31
0.0
  0
LINE
  5
9C
330
17
100
AcDbEntity
  8
可见轮廓
100
AcDbLine
 10
185.8568646055169
 20
23.6967253982338
 30
0.0
 11
185.9071552930686
 21
23.650196216328826
 31
0.0
  0
LINE
  5
9D
330
17
100
AcDbEntity
  8
可见轮廓
100
AcDbLine
 10
185.9071552930686
 20
23.650196216328826
 30
0.0
 11
185.95912858900166
 21
23.60088343253429
 31
0.0
  0
LINE
  5
9E
330
17
100
AcDbEntity
  8
可见轮廓
100
AcDbLine
 10
185.95912858900166
 20
23.60088343253429
 30
0.0
 11
186.01265175467768
 21
23.54889578650895
 31
0.0
  0
LINE
  5
9F
330
17
100
AcDbEntity
  8
可见轮廓
100
AcDbLine
 10
186.01265175467768
 20
23.54889578650895
 30
0.0
 11
186.06749737302664
 21
23.494415866550145
 31
0.0
  0
LINE
  5
A0
330
17
100
AcDbEntity
  8
可见轮廓
100
AcDbLine
 10
186.06749737302664
 20
23.494415866550145
 30
0.0
 11
186.12335485790308
 21
23.437727728278322
 31
0.0
  0
LINE
  5
A1
330
17
100
AcDbEntity
  8
可见轮廓
100
AcDbLine
 10
186.12335485790308
 20
23.437727728278322
 30
0.0
 11
186.1801355702315
 21
23.37897407010988
 31
0.0
  0
LINE
  5
A2
330
17
100
AcDbEntity
  8
可见轮廓
100
AcDbLine
 10
186.1801355702315
 20
23.37897407010988
 30
0.0
 11
186.23775833740592
 21
23.31829229550707
 31
0.0
  0
LINE
  5
A3
330
17
100
AcDbEntity
  8
可见轮廓
100
AcDbLine
 10
186.23775833740592
 20
23.31829229550707
 30
0.0
 11
186.29614198682052
 21
23.255819807932156
 31
0.0
  0
LINE
  5
A4
330
17
100
AcDbEntity
  8
可见轮廓
100
AcDbLine
 10
186.29614198682052
 20
23.255819807932156
 30
0.0
 11
186.35626083149904
 21
23.190540077681955
 31
0.0
  0
LINE
  5
A5
330
17
100
AcDbEntity
  8
可见轮廓
100
AcDbLine
 10
186.35626083149904
 20
23.190540077681955
 30
0.0
 11
186.41699818533192
 21
23.123692602907248
 31
0.0
  0
LINE
  5
A6
330
17
100
AcDbEntity
  8
可见轮廓
100
AcDbLine
 10
186.41699818533192
 20
23.123692602907248
 30
0.0
 11
186.47826846987354
 21
23.0554222449757
 31
0.0
  0
LINE
  5
A7
330
17
100
AcDbEntity
  8
可见轮廓
100
AcDbLine
 10
186.47826846987354
 20
23.0554222449757
 30
0.0
 11
186.53998610667844
 21
22.985873865254987
 31
0.0
  0
LINE
  5
A8
330
17
100
AcDbEntity
  8
可见轮廓
100
AcDbLine
 10
186.53998610667844
 20
22.985873865254987
 30
0.0
 11
186.60206551730107
 21
22.91519232511278
 31
0.0
  0
LINE
  5
A9
330
17
100
AcDbEntity
  8
可见轮廓
100
AcDbLine
 10
186.60206551730107
 20
22.91519232511278
 30
0.0
 11
186.66439940276868
 21
22.843548204288194
 31
0.0
  0
LINE
  5
AA
330
17
100
AcDbEntity
  8
可见轮廓
100
AcDbLine
 10
186.66439940276868
 20
22.843548204288194
 30
0.0
 11
186.72642876707144
 21
22.771687215734474
 31
0.0
  0
LINE
  5
AB
330
17
100
AcDbEntity
  8
可见轮廓
100
AcDbLine
 10
186.72642876707144
 20
22.771687215734474
 30
0.0
 11
186.78788226572826
 21
22.700114308070994
 31
0.0
  0
LINE
  5
AC
330
17
100
AcDbEntity
  8
可见轮廓
100
AcDbLine
 10
186.78788226572826
 20
22.700114308070994
 30
0.0
 11
186.7997527838947
 21
22.686261636787986
 31
0.0
  0
LINE
  5
AD
330
17
100
AcDbEntity
  8
可见轮廓
100
AcDbLine
 10
186.82341769384192
 20
22.658630079841654
 30
0.0
 11
186.83521096725732
 21
22.644855427606274
 31
0.0
  0
LINE
  5
AE
330
17
100
AcDbEntity
  8
可见轮廓
100
AcDbLine
 10
186.83521096725732
 20
22.644855427606274
 30
0.0
 11
186.84697737405702
 21
22.63111101514805
 31
0.0
  0
LINE
  5
AF
330
17
100
AcDbEntity
  8
可见轮廓
100
AcDbLine
 10
186.85871635505828
 20
22.61739895918096
 30
0.0
 11
186.8704273510784
 21
22.603721376418974
 31
0.0
  0
LINE
  5
B0
330
17
100
AcDbEntity
  8
可见轮廓
100
AcDbLine
 10
186.8704273510784
 20
22.603721376418974
 30
0.0
 11
186.8821098029347
 21
22.590080383576062
 31
0.0
  0
LINE
  5
B1
330
17
100
AcDbEntity
  8
可见轮廓
100
AcDbLine
 10
186.8821098029347
 20
22.590080383576062
 30
0.0
 11
186.94626391645662
 21
22.515296559783675
 31
0.0
  0
LINE
  5
B2
330
17
100
AcDbEntity
  8
可见轮廓
100
AcDbLine
 10
186.94626391645662
 20
22.515296559783675
 30
0.0
 11
187.00943050698226
 21
22.442059304891583
 31
0.0
  0
LINE
  5
B3
330
17
100
AcDbEntity
  8
可见轮廓
100
AcDbLine
 10
187.00943050698226
 20
22.442059304891583
 30
0.0
 11
187.0715146037747
 21
22.370728118376064
 31
0.0
  0
LINE
  5
B4
330
17
100
AcDbEntity
  8
可见轮廓
100
AcDbLine
 10
187.0715146037747
 20
22.370728118376064
 30
0.0
 11
187.13242123609695
 21
22.301662499713412
 31
0.0
  0
LINE
  5
B5
330
17
100
AcDbEntity
  8
可见轮廓
100
AcDbLine
 10
187.13242123609695
 20
22.301662499713412
 30
0.0
 11
187.19205543321206
 21
22.235221948379913
 31
0.0
  0
LINE
  5
B6
330
17
100
AcDbEntity
  8
可见轮廓
100
AcDbLine
 10
187.19205543321206
 20
22.235221948379913
 30
0.0
 11
187.2503222243831
 21
22.17176596385185
 31
0.0
  0
LINE
  5
B7
330
17
100
AcDbEntity
  8
可见轮廓
100
AcDbLine
 10
187.2503222243831
 20
22.17176596385185
 30
0.0
 11
187.30712663887303
 21
22.11165404560552
 31
0.0
  0
LINE
  5
B8
330
17
100
AcDbEntity
  8
可见轮廓
100
AcDbLine
 10
187.30712663887303
 20
22.11165404560552
 30
0.0
 11
187.36237370594492
 21
22.0552456931172
 31
0.0
  0
LINE
  5
B9
330
17
100
AcDbEntity
  8
可见轮廓
100
AcDbLine
 10
187.3623737059448
 20
22.05524569311711
 30
0.0
 11
187.42573788886503
 21
21.99188151019687
 31
0.0
  0
LINE
  5
BA
330
17
100
AcDbEntity
  8
可见轮廓
100
AcDbLine
 10
187.42573788886503
 20
21.99188151019687
 30
0.0
 11
187.48959091479645
 21
21.928028484265468
 31
0.0
  0
LINE
  5
BB
330
17
100
AcDbEntity
  8
可见轮廓
100
AcDbLine
 10
187.48959091479645
 20
21.928028484265468
 30
0.0
 11
187.55390271337416
 21
21.86371668568776
 31
0.0
  0
LINE
  5
BC
330
17
100
AcDbEntity
  8
可见轮廓
100
AcDbLine
 10
187.55390271337416
 20
21.86371668568776
 30
0.0
 11
187.6186430126349
 21
21.79897638642703
 31
0.0
  0
LINE
  5
BD
330
17
100
AcDbEntity
  8
可见轮廓
100
AcDbLine
 10
187.6186430126349
 20
21.79897638642703
 30
0.0
 11
187.6838111974965
 21
21.733808201565413
 31
0.0
  0
LINE
  5
BE
330
17
100
AcDbEntity
  8
可见轮廓
100
AcDbLine
 10
187.6838111974965
 20
21.733808201565413
 30
0.0
 11
187.74934060487155
 21
21.66827879419037
 31
0.0
  0
LINE
  5
BF
330
17
100
AcDbEntity
  8
可见轮廓
100
AcDbLine
 10
187.74934060487155
 20
21.66827879419037
 30
0.0
 11
187.81520037713955
 21
21.602419021922355
 31
0.0
  0
LINE
  5
C0
330
17
100
AcDbEntity
  8
可见轮廓
100
AcDbLine
 10
187.81520037713955
 20
21.602419021922355
 30
0.0
 11
187.88135951150787
 21
21.53625988755404
 31
0.0
  0
LINE
  5
C1
330
17
100
AcDbEntity
  8
可见轮廓
100
AcDbLine
 10
187.88135951150787
 20
21.53625988755404
 30
0.0
 11
187.94780583569573
 21
21.46981356336619
 31
0.0
  0
LINE
  5
C2
330
17
100
AcDbEntity
  8
可见轮廓
100
AcDbLine
 10
187.94780583569573
 20
21.46981356336619
 30
0.0
 11
188.01448284708098
 21
21.40313655198092
 31
0.0
  0
LINE
  5
C3
330
17
100
AcDbEntity
  8
可见轮廓
100
AcDbLine
 10
188.01448284708098
 20
21.40313655198092
 30
0.0
 11
188.08135914978752
 21
21.336260249274414
 31
0.0
  0
LINE
  5
C4
330
17
100
AcDbEntity
  8
可见轮廓
100
AcDbLine
 10
188.08135914978752
 20
21.336260249274414
 30
0.0
 11
188.1484032603645
 21
21.269216138697423
 31
0.0
  0
LINE
  5
C5
330
17
100
AcDbEntity
  8
可见轮廓
100
AcDbLine
 10
188.1484032603645
 20
21.269216138697423
 30
0.0
 11
188.2155915475545
 21
21.202027851507424
 31
0.0
  0
LINE
  5
C6
330
17
100
AcDbEntity
  8
可见轮廓
100
AcDbLine
 10
188.2155915475545
 20
21.202027851507424
 30
0.0
 11
188.28287812513824
 21
21.13474127392367
 31
0.0
  0
LINE
  5
C7
330
17
100
AcDbEntity
  8
可见轮廓
100
AcDbLine
 10
188.28287812513824
 20
21.13474127392367
 30
0.0
 11
188.35023131232703
 21
21.067388086734876
 31
0.0
  0
LINE
  5
C8
330
17
100
AcDbEntity
  8
可见轮廓
100
AcDbLine
 10
188.35023131232703
 20
21.067388086734876
 30
0.0
 11
188.41761939906192
 21
21.0
 31
0.0
  0
LINE
  5
C9
330
17
100
AcDbEntity
  8
可见轮廓
100
AcDbLine
 10
78.47227091481577
 20
23.63946782691615
 30
0.0
 11
78.47785974907774
 21
23.63997016673542
 31
0.0
  0
LINE
  5
CA
330
17
100
AcDbEntity
  8
可见轮廓
100
AcDbLine
 10
78.45550180567858
 20
23.63796065065214
 30
0.0
 11
78.46109194284159
 21
23.638463068081343
 31
0.0
  0
LINE
  5
CB
330
17
100
AcDbEntity
  8
可见轮廓
100
AcDbLine
 10
78.44991123476443
 20
23.637458208939297
 30
0.0
 11
78.45550180567858
 21
23.63796065065214
 31
0.0
  0
LINE
  5
CC
330
17
100
AcDbEntity
  8
可见轮廓
100
AcDbLine
 10
82.65965928301958
 20
27.0
 30
0.0
 11
82.66735865897391
 21
26.70594857901132
 31
0.0
  0
LINE
  5
CD
330
17
100
AcDbEntity
  8
可见轮廓
100
AcDbLine
 10
82.66735865897391
 20
26.70594857901132
 30
0.0
 11
82.69038263763761
 21
26.414729033951616
 31
0.0
  0
LINE
  5
CE
330
17
100
AcDbEntity
  8
可见轮廓
100
AcDbLine
 10
82.69038263763761
 20
26.414729033951616
 30
0.0
 11
82.72850948550996
 21
26.129145968236614
 31
0.0
  0
LINE
  5
CF
330
17
100
AcDbEntity
  8
可见轮廓
100
AcDbLine
 10
82.72850948550996
 20
26.129145968236614
 30
0.0
 11
82.78137202020365
 21
25.851949702904733
 31
0.0
  0
LINE
  5
D0
330
17
100
AcDbEntity
  8
可见轮廓
100
AcDbLine
 10
82.78137202020365
 20
25.851949702904733
 30
0.0
 11
82.84846114661201
 21
25.58580978952201
 31
0.0
  0
LINE
  5
D1
330
17
100
AcDbEntity
  8
可见轮廓
100
AcDbLine
 10
82.84846114661201
 20
25.58580978952201
 30
0.0
 11
82.92913075977307
 21
25.333289300941193
 31
0.0
  0
LINE
  5
D2
330
17
100
AcDbEntity
  8
可见轮廓
100
AcDbLine
 10
82.92913075977307
 20
25.333289300941193
 30
0.0
 11
83.02260396721361
 21
25.096820147509064
 31
0.0
  0
LINE
  5
D3
330
17
100
AcDbEntity
  8
可见轮廓
100
AcDbLine
 10
83.02260396721361
 20
25.096820147509064
 30
0.0
 11
83.12798057084831
 21
24.878679656440358
 31
0.0
  0
LINE
  5
D4
330
17
100
AcDbEntity
  8
可见轮廓
100
AcDbLine
 10
83.12798057084831
 20
24.878679656440358
 30
0.0
 11
83.24424573637947
 21
24.68096863991179
 31
0.0
  0
LINE
  5
D5
330
17
100
AcDbEntity
  8
可见轮廓
100
AcDbLine
 10
83.24424573637947
 20
24.68096863991179
 30
0.0
 11
83.37027976670599
 21
24.505591163092365
 31
0.0
  0
LINE
  5
D6
330
17
100
AcDbEntity
  8
可见轮廓
100
AcDbLine
 10
83.37027976670599
 20
24.505591163092365
 30
0.0
 11
83.50486888521866
 21
24.354236206954933
 31
0.0
  0
LINE
  5
D7
330
17
100
AcDbEntity
  8
可见轮廓
100
AcDbLine
 10
83.50486888521866
 20
24.354236206954933
 30
0.0
 11
83.64671692513227
 21
24.22836140246614
 31
0.0
  0
LINE
  5
D8
330
17
100
AcDbEntity
  8
可见轮廓
100
AcDbLine
 10
83.64671692513227
 20
24.22836140246614
 30
0.0
 11
83.79445781228043
 21
24.129178992803375
 31
0.0
  0
LINE
  5
D9
330
17
100
AcDbEntity
  8
可见轮廓
100
AcDbLine
 10
83.79445781228043
 20
24.129178992803375
 30
0.0
 11
83.94666872115653
 21
24.05764415879031
 31
0.0
  0
LINE
  5
DA
330
17
100
AcDbEntity
  8
可见轮廓
100
AcDbLine
 10
83.94666872115653
 20
24.05764415879031
 30
0.0
 11
84.10188377750114
 21
24.014445819983408
 31
0.0
  0
LINE
  5
DB
330
17
100
AcDbEntity
  8
可见轮廓
100
AcDbLine
 10
84.10188377750114
 20
24.014445819983408
 30
0.0
 11
84.2586081754725
 21
24.0
 31
0.0
  0
LINE
  5
DC
330
17
100
AcDbEntity
  8
可见轮廓
100
AcDbLine
 10
72.0789241889017
 20
23.22800402956
 30
0.0
 11
72.89077731321575
 21
23.2490813455769
 31
0.0
  0
LINE
  5
DD
330
17
100
AcDbEntity
  8
可见轮廓
100
AcDbLine
 10
72.89077731321575
 20
23.2490813455769
 30
0.0
 11
73.69878026038114
 21
23.28227928428683
 31
0.0
  0
LINE
  5
DE
330
17
100
AcDbEntity
  8
可见轮廓
100
AcDbLine
 10
73.69878026038114
 20
23.28227928428683
 30
0.0
 11
74.5023273969858
 21
23.325810066554045
 31
0.0
  0
LINE
  5
DF
330
17
100
AcDbEntity
  8
可见轮廓
100
AcDbLine
 10
74.5023273969858
 20
23.325810066554045
 30
0.0
 11
75.30081308961775
 21
23.37788591324279
 31
0.0
  0
LINE
  5
E0
330
17
100
AcDbEntity
  8
可见轮廓
100
AcDbLine
 10
75.30081308961775
 20
23.37788591324279
 30
0.0
 11
76.09363170486498
 21
23.436719045217316
 31
0.0
  0
LINE
  5
E1
330
17
100
AcDbEntity
  8
可见轮廓
100
AcDbLine
 10
76.09363170486498
 20
23.436719045217316
 30
0.0
 11
76.88017760931544
 21
23.50052168334188
 31
0.0
  0
LINE
  5
E2
330
17
100
AcDbEntity
  8
可见轮廓
100
AcDbLine
 10
76.88017760931544
 20
23.50052168334188
 30
0.0
 11
77.65984516955714
 21
23.567506048480727
 31
0.0
  0
LINE
  5
E3
330
17
100
AcDbEntity
  8
可见轮廓
100
AcDbLine
 10
77.65984516955714
 20
23.567506048480727
 30
0.0
 11
78.43202875217804
 21
23.635884361498114
 31
0.0
  0
LINE
  5
E4
330
17
100
AcDbEntity
  8
可见轮廓
100
AcDbLine
 10
78.43202875217804
 20
23.635884361498114
 30
0.0
 11
79.19612272376617
 21
23.703868843258288
 31
0.0
  0
LINE
  5
E5
330
17
100
AcDbEntity
  8
可见轮廓
100
AcDbLine
 10
79.19612272376617
 20
23.703868843258288
 30
0.0
 11
79.95150428287454
 21
23.76963546561578
 31
0.0
  0
LINE
  5
E6
330
17
100
AcDbEntity
  8
可见轮廓
100
AcDbLine
 10
79.95150428287454
 20
23.76963546561578
 30
0.0
 11
80.69744467902586
 21
23.83113649704573
 31
0.0
  0
LINE
  5
E7
330
17
100
AcDbEntity
  8
可见轮廓
100
AcDbLine
 10
80.69744467902586
 20
23.83113649704573
 30
0.0
 11
81.43317478506809
 21
23.886238953722632
 31
0.0
  0
LINE
  5
E8
330
17
100
AcDbEntity
  8
可见轮廓
100
AcDbLine
 10
81.43317478506809
 20
23.886238953722632
 30
0.0
 11
82.15792539436755
 21
23.932809684001498
 31
0.0
  0
LINE
  5
E9
330
17
100
AcDbEntity
  8
可见轮廓
100
AcDbLine
 10
82.15792539436755
 20
23.932809684001498
 30
0.0
 11
82.87092730029056
 21
23.96871553623734
 31
0.0
  0
LINE
  5
EA
330
17
100
AcDbEntity
  8
可见轮廓
100
AcDbLine
 10
82.87092730029056
 20
23.96871553623734
 30
0.0
 11
83.57141129620345
 21
23.99182335878517
 31
0.0
  0
LINE
  5
EB
330
17
100
AcDbEntity
  8
可见轮廓
100
AcDbLine
 10
83.57141129620345
 20
23.99182335878517
 30
0.0
 11
84.2586081754725
 21
24.0
 31
0.0
  0
LINE
  5
EC
330
17
100
AcDbEntity
  8
可见轮廓
100
AcDbLine
 10
82.05443797328567
 20
26.983646717570338
 30
0.0
 11
82.65965928301961
 21
27.0
 31
0.0
  0
LINE
  5
ED
330
17
100
AcDbEntity
  8
可见轮廓
100
AcDbLine
 10
81.43809503076508
 20
26.93743107247467
 30
0.0
 11
82.05443797328567
 21
26.983646717570338
 31
0.0
  0
LINE
  5
EE
330
17
100
AcDbEntity
  8
可见轮廓
100
AcDbLine
 10
80.81130288791636
 20
26.865619368002978
 30
0.0
 11
81.43809503076508
 21
26.93743107247467
 31
0.0
  0
LINE
  5
EF
330
17
100
AcDbEntity
  8
可见轮廓
100
AcDbLine
 10
80.17473397719809
 20
26.77247790744524
 30
0.0
 11
80.81130288791636
 21
26.865619368002978
 31
0.0
  0
LINE
  5
F0
330
17
100
AcDbEntity
  8
可见轮廓
100
AcDbLine
 10
79.52906073106882
 20
26.662272994091428
 30
0.0
 11
80.17473397719809
 21
26.77247790744524
 31
0.0
  0
LINE
  5
F1
330
17
100
AcDbEntity
  8
可见轮廓
100
AcDbLine
 10
78.87495558198714
 20
26.53927093123153
 30
0.0
 11
79.52906073106882
 21
26.662272994091428
 31
0.0
  0
LINE
  5
F2
330
17
100
AcDbEntity
  8
可见轮廓
100
AcDbLine
 10
78.21309089342444
 20
26.40773768651654
 30
0.0
 11
78.87495558198714
 21
26.53927093123153
 31
0.0
  0
LINE
  5
F3
330
17
100
AcDbEntity
  8
可见轮廓
100
AcDbLine
 10
77.54410398337563
 20
26.271768722996207
 30
0.0
 11
78.21309089342444
 21
26.40773768651654
 31
0.0
  0
LINE
  5
F4
330
17
100
AcDbEntity
  8
可见轮廓
100
AcDbLine
 10
76.86854020995335
 20
26.135012096961447
 30
0.0
 11
77.54410398337563
 21
26.271768722996207
 31
0.0
  0
LINE
  5
F5
330
17
100
AcDbEntity
  8
可见轮廓
100
AcDbLine
 10
76.18693003004404
 20
26.001043366683763
 30
0.0
 11
76.86854020995335
 21
26.135012096961447
 31
0.0
  0
LINE
  5
F6
330
17
100
AcDbEntity
  8
可见轮廓
100
AcDbLine
 10
75.4998039005341
 20
25.873438090434654
 30
0.0
 11
76.18693003004404
 21
26.001043366683763
 31
0.0
  0
LINE
  5
F7
330
17
100
AcDbEntity
  8
可见轮廓
100
AcDbLine
 10
74.80769227830996
 20
25.755771826485606
 30
0.0
 11
75.4998039005341
 21
25.873438090434654
 31
0.0
  0
LINE
  5
F8
330
17
100
AcDbEntity
  8
可见轮廓
100
AcDbLine
 10
74.11112562025804
 20
25.651620133108125
 30
0.0
 11
74.80769227830996
 21
25.755771826485606
 31
0.0
  0
LINE
  5
F9
330
17
100
AcDbEntity
  8
可见轮廓
100
AcDbLine
 10
73.41063438326476
 20
25.5645585685737
 30
0.0
 11
74.11112562025804
 21
25.651620133108125
 31
0.0
  0
LINE
  5
FA
330
17
100
AcDbEntity
  8
可见轮廓
100
AcDbLine
 10
72.70674902421655
 20
25.498162691153823
 30
0.0
 11
73.41063438326476
 21
25.5645585685737
 31
0.0
  0
LINE
  5
FB
330
17
100
AcDbEntity
  8
可见轮廓
100
AcDbLine
 10
71.9999999999998
 20
25.45600805912
 30
0.0
 11
72.70674902421655
 21
25.498162691153823
 31
0.0
  0
LINE
  5
FC
330
17
100
AcDbEntity
  8
可见轮廓
100
AcDbLine
 10
22.000000000000018
 20
21.461250122179404
 30
0.0
 11
22.00735337409531
 21
21.44681819437056
 31
0.0
  0
LINE
  5
FD
330
17
100
AcDbEntity
  8
可见轮廓
100
AcDbLine
 10
22.00735337409531
 20
21.44681819437056
 30
0.0
 11
22.014706528211278
 21
21.432386698299
 31
0.0
  0
LINE
  5
FE
330
17
100
AcDbEntity
  8
可见轮廓
100
AcDbLine
 10
22.0514616105803
 20
21.360250194908343
 30
0.0
 11
22.058809036004106
 21
21.345829942120567
 31
0.0
  0
LINE
  5
FF
330
17
100
AcDbEntity
  8
可见轮廓
100
AcDbLine
 10
22.058809036004106
 20
21.345829942120567
 30
0.0
 11
22.06615464215483
 21
21.331413259886578
 31
0.0
  0
LINE
  5
100
330
17
100
AcDbEntity
  8
可见轮廓
100
AcDbLine
 10
22.06615464215483
 20
21.331413259886578
 30
0.0
 11
22.073498349229347
 21
21.31700030483013
 31
0.0
  0
LINE
  5
101
330
17
100
AcDbEntity
  8
可见轮廓
100
AcDbLine
 10
22.102849693797573
 20
21.259394574397856
 30
0.0
 11
22.11018060134277
 21
21.24500674003848
 31
0.0
  0
LINE
  5
102
330
17
100
AcDbEntity
  8
可见轮廓
100
AcDbLine
 10
22.11018060134277
 20
21.24500674003848
 30
0.0
 11
22.117508372575386
 21
21.230625061089693
 31
0.0
  0
LINE
  5
103
330
17
100
AcDbEntity
  8
可见轮廓
100
AcDbLine
 10
22.117508372575337
 20
21.23062506108977
 30
0.0
 11
22.85676207370166
 21
21.372382658684835
 31
0.0
  0
LINE
  5
104
330
17
100
AcDbEntity
  8
可见轮廓
100
AcDbLine
 10
22.85676207370166
 20
21.372382658684835
 30
0.0
 11
23.93061393589418
 21
21.513302268125656
 31
0.0
  0
LINE
  5
105
330
17
100
AcDbEntity
  8
可见轮廓
100
AcDbLine
 10
23.93061393589418
 20
21.513302268125656
 30
0.0
 11
25.33677993273553
 21
21.653087300819795
 31
0.0
  0
LINE
  5
106
330
17
100
AcDbEntity
  8
可见轮廓
100
AcDbLine
 10
25.33677993273553
 20
21.653087300819795
 30
0.0
 11
27.07232308220346
 21
21.791443397475874
 31
0.0
  0
LINE
  5
107
330
17
100
AcDbEntity
  8
可见轮廓
100
AcDbLine
 10
27.07232308220346
 20
21.791443397475874
 30
0.0
 11
29.160333598648663
 21
21.927904437710826
 31
0.0
  0
LINE
  5
108
330
17
100
AcDbEntity
  8
可见轮廓
100
AcDbLine
 10
29.160333598648663
 20
21.927904437710826
 30
0.0
 11
31.56886770416995
 21
22.062300193840226
 31
0.0
  0
LINE
  5
109
330
17
100
AcDbEntity
  8
可见轮廓
100
AcDbLine
 10
31.56886770416995
 20
22.062300193840226
 30
0.0
 11
34.29283274383849
 21
22.19434789664362
 31
0.0
  0
LINE
  5
10A
330
17
100
AcDbEntity
  8
可见轮廓
100
AcDbLine
 10
34.29283274383849
 20
22.19434789664362
 30
0.0
 11
37.32651628049242
 21
22.323769390530902
 31
0.0
  0
LINE
  5
10B
330
17
100
AcDbEntity
  8
可见轮廓
100
AcDbLine
 10
37.32651628049242
 20
22.323769390530902
 30
0.0
 11
40.212341632087806
 21
22.433062191837887
 31
0.0
  0
LINE
  5
10C
330
17
100
AcDbEntity
  8
可见轮廓
100
AcDbLine
 10
40.212341632087806
 20
22.433062191837887
 30
0.0
 11
43.319203132789696
 21
22.53998121885361
 31
0.0
  0
LINE
  5
10D
330
17
100
AcDbEntity
  8
可见轮廓
100
AcDbLine
 10
43.319203132789696
 20
22.53998121885361
 30
0.0
 11
46.64220557732777
 21
22.644358531736355
 31
0.0
  0
LINE
  5
10E
330
17
100
AcDbEntity
  8
可见轮廓
100
AcDbLine
 10
46.64220557732777
 20
22.644358531736355
 30
0.0
 11
50.17613664621467
 21
22.746029919755927
 31
0.0
  0
LINE
  5
10F
330
17
100
AcDbEntity
  8
可见轮廓
100
AcDbLine
 10
50.17613664621467
 20
22.746029919755927
 30
0.0
 11
53.931952214531776
 21
22.844579474194564
 31
0.0
  0
LINE
  5
110
330
17
100
AcDbEntity
  8
可见轮廓
100
AcDbLine
 10
53.931952214531776
 20
22.844579474194564
 30
0.0
 11
57.88609214955781
 21
22.940076913913337
 31
0.0
  0
LINE
  5
111
330
17
100
AcDbEntity
  8
可见轮廓
100
AcDbLine
 10
57.88609214955781
 20
22.940076913913337
 30
0.0
 11
62.03233061333455
 21
23.032372288015473
 31
0.0
  0
LINE
  5
112
330
17
100
AcDbEntity
  8
可见轮廓
100
AcDbLine
 10
62.03233061333455
 20
23.032372288015473
 30
0.0
 11
66.3641599278532
 21
23.121320343559653
 31
0.0
  0
LINE
  5
113
330
17
100
AcDbEntity
  8
可见轮廓
100
AcDbLine
 10
66.3641599278532
 20
23.121320343559653
 30
0.0
 11
67.06320937900716
 21
23.134968448704065
 31
0.0
  0
LINE
  5
114
330
17
100
AcDbEntity
  8
可见轮廓
100
AcDbLine
 10
67.06320937900716
 20
23.134968448704065
 30
0.0
 11
67.76663477816234
 21
23.14852935979909
 31
0.0
  0
LINE
  5
115
330
17
100
AcDbEntity
  8
可见轮廓
100
AcDbLine
 10
67.76663477816234
 20
23.14852935979909
 30
0.0
 11
68.47440876745168
 21
23.16200254965138
 31
0.0
  0
LINE
  5
116
330
17
100
AcDbEntity
  8
可见轮廓
100
AcDbLine
 10
68.47440876745168
 20
23.16200254965138
 30
0.0
 11
69.18650383118884
 21
23.175387494251176
 31
0.0
  0
LINE
  5
117
330
17
100
AcDbEntity
  8
可见轮廓
100
AcDbLine
 10
69.18650383118884
 20
23.175387494251176
 30
0.0
 11
69.90324706145724
 21
23.188676219629674
 31
0.0
  0
LINE
  5
118
330
17
100
AcDbEntity
  8
可见轮廓
100
AcDbLine
 10
69.90324706145724
 20
23.188676219629674
 30
0.0
 11
70.6242502509074
 21
23.201875558850894
 31
0.0
  0
LINE
  5
119
330
17
100
AcDbEntity
  8
可见轮廓
100
AcDbLine
 10
70.6242502509074
 20
23.201875558850894
 30
0.0
 11
71.34948535832271
 21
23.214984998783805
 31
0.0
  0
LINE
  5
11A
330
17
100
AcDbEntity
  8
可见轮廓
100
AcDbLine
 10
71.34948535832271
 20
23.214984998783805
 30
0.0
 11
72.07892418890168
 21
23.22800402955999
 31
0.0
  0
LINE
  5
11B
330
17
100
AcDbEntity
  8
可见轮廓
100
AcDbLine
 10
21.95086733490055
 20
21.4324565719057
 30
0.0
 11
22.0
 21
21.4612501221795
 31
0.0
  0
LINE
  5
11C
330
17
100
AcDbEntity
  8
可见轮廓
100
AcDbLine
 10
21.901737036601624
 20
21.40365607180518
 30
0.0
 11
21.95086733490055
 21
21.4324565719057
 31
0.0
  0
LINE
  5
11D
330
17
100
AcDbEntity
  8
可见轮廓
100
AcDbLine
 10
21.852609327237385
 20
21.3748491231186
 30
0.0
 11
21.901737036601624
 21
21.40365607180518
 31
0.0
  0
LINE
  5
11E
330
17
100
AcDbEntity
  8
可见轮廓
100
AcDbLine
 10
21.803484428941996
 20
21.34603622708662
 30
0.0
 11
21.852609327237385
 21
21.3748491231186
 31
0.0
  0
LINE
  5
11F
330
17
100
AcDbEntity
  8
可见轮廓
100
AcDbLine
 10
21.754362563849618
 20
21.317217884949905
 30
0.0
 11
21.803484428941996
 21
21.34603622708662
 31
0.0
  0
LINE
  5
120
330
17
100
AcDbEntity
  8
可见轮廓
100
AcDbLine
 10
21.705243954094417
 20
21.288394597949114
 30
0.0
 11
21.754362563849618
 21
21.317217884949905
 31
0.0
  0
LINE
  5
121
330
17
100
AcDbEntity
  8
可见轮廓
100
AcDbLine
 10
21.65612882181055
 20
21.25956686732491
 30
0.0
 11
21.705243954094417
 21
21.288394597949114
 31
0.0
  0
LINE
  5
122
330
17
100
AcDbEntity
  8
可见轮廓
100
AcDbLine
 10
21.607017389132185
 20
21.230735194317955
 30
0.0
 11
21.65612882181055
 21
21.25956686732491
 31
0.0
  0
LINE
  5
123
330
17
100
AcDbEntity
  8
可见轮廓
100
AcDbLine
 10
21.55790987819348
 20
21.201900080168915
 30
0.0
 11
21.607017389132185
 21
21.230735194317955
 31
0.0
  0
LINE
  5
124
330
17
100
AcDbEntity
  8
可见轮廓
100
AcDbLine
 10
21.508806511128604
 20
21.173062026118444
 30
0.0
 11
21.55790987819348
 21
21.201900080168915
 31
0.0
  0
LINE
  5
125
330
17
100
AcDbEntity
  8
可见轮廓
100
AcDbLine
 10
21.459707510071716
 20
21.14422153340721
 30
0.0
 11
21.508806511128604
 21
21.173062026118444
 31
0.0
  0
LINE
  5
126
330
17
100
AcDbEntity
  8
可见轮廓
100
AcDbLine
 10
21.410613097156975
 20
21.115379103275874
 30
0.0
 11
21.459707510071716
 21
21.14422153340721
 31
0.0
  0
LINE
  5
127
330
17
100
AcDbEntity
  8
可见轮廓
100
AcDbLine
 10
21.36152349451855
 20
21.086535236965098
 30
0.0
 11
21.410613097156975
 21
21.115379103275874
 31
0.0
  0
LINE
  5
128
330
17
100
AcDbEntity
  8
可见轮廓
100
AcDbLine
 10
21.312438924290603
 20
21.057690435715543
 30
0.0
 11
21.36152349451855
 21
21.086535236965098
 31
0.0
  0
LINE
  5
129
330
17
100
AcDbEntity
  8
可见轮廓
100
AcDbLine
 10
21.263359608607292
 20
21.02884520076787
 30
0.0
 11
21.312438924290603
 21
21.057690435715543
 31
0.0
  0
LINE
  5
12A
330
17
100
AcDbEntity
  8
可见轮廓
100
AcDbLine
 10
21.2142857142857
 20
21.0
 30
0.0
 11
21.263359608607292
 21
21.02884520076787
 31
0.0
  0
LINE
  5
12B
330
17
100
AcDbEntity
  8
可见轮廓
100
AcDbLine
 10
21.27071933076824
 20
21.014422600383984
 30
0.0
 11
21.327156457740873
 21
21.02884521785782
 31
0.0
  0
LINE
  5
12C
330
17
100
AcDbEntity
  8
可见轮廓
100
AcDbLine
 10
21.327156457740873
 20
21.02884521785782
 30
0.0
 11
21.3835969032042
 21
21.043267618482595
 31
0.0
  0
LINE
  5
12D
330
17
100
AcDbEntity
  8
可见轮廓
100
AcDbLine
 10
21.3835969032042
 20
21.043267618482595
 30
0.0
 11
21.440040411544363
 21
21.05768955163798
 31
0.0
  0
LINE
  5
12E
330
17
100
AcDbEntity
  8
可见轮廓
100
AcDbLine
 10
21.49648672714751
 20
21.07211076670365
 30
0.0
 11
21.552935594399774
 21
21.08653101305926
 31
0.0
  0
LINE
  5
12F
330
17
100
AcDbEntity
  8
可见轮廓
100
AcDbLine
 10
21.552935594399774
 20
21.08653101305926
 30
0.0
 11
21.6093867576873
 21
21.100950040084495
 31
0.0
  0
LINE
  5
130
330
17
100
AcDbEntity
  8
可见轮廓
100
AcDbLine
 10
21.6093867576873
 20
21.100950040084495
 30
0.0
 11
21.665839961396234
 21
21.115367597159008
 31
0.0
  0
LINE
  5
131
330
17
100
AcDbEntity
  8
可见轮廓
100
AcDbLine
 10
21.665839961396234
 20
21.115367597159008
 30
0.0
 11
21.722294949912715
 21
21.129783433662485
 31
0.0
  0
LINE
  5
132
330
17
100
AcDbEntity
  8
可见轮廓
100
AcDbLine
 10
21.722294949912715
 20
21.129783433662485
 30
0.0
 11
21.778751467622882
 21
21.144197298974586
 31
0.0
  0
LINE
  5
133
330
17
100
AcDbEntity
  8
可见轮廓
100
AcDbLine
 10
21.778751467622882
 20
21.144197298974586
 30
0.0
 11
21.835209258912883
 21
21.15860894247498
 31
0.0
  0
LINE
  5
134
330
17
100
AcDbEntity
  8
可见轮廓
100
AcDbLine
 10
21.835209258912883
 20
21.15860894247498
 30
0.0
 11
21.89166806816885
 21
21.17301811354334
 31
0.0
  0
LINE
  5
135
330
17
100
AcDbEntity
  8
可见轮廓
100
AcDbLine
 10
21.89166806816885
 20
21.17301811354334
 30
0.0
 11
21.94812763977694
 21
21.187424561559332
 31
0.0
  0
LINE
  5
136
330
17
100
AcDbEntity
  8
可见轮廓
100
AcDbLine
 10
21.94812763977694
 20
21.187424561559332
 30
0.0
 11
22.00458771812328
 21
21.201828035902626
 31
0.0
  0
LINE
  5
137
330
17
100
AcDbEntity
  8
可见轮廓
100
AcDbLine
 10
22.00458771812328
 20
21.201828035902626
 30
0.0
 11
22.06104804759402
 21
21.216228285952894
 31
0.0
  0
LINE
  5
138
330
17
100
AcDbEntity
  8
可见轮廓
100
AcDbLine
 10
22.0
 20
30.0
 30
0.0
 11
47.0
 21
30.0
 31
0.0
  0
LINE
  5
139
330
17
100
AcDbEntity
  8
可见轮廓
100
AcDbLine
 10
47.0
 20
30.0
 30
0.0
 11
72.0
 21
30.0
 31
0.0
  0
LINE
  5
13A
330
17
100
AcDbEntity
  8
可见轮廓
100
AcDbLine
 10
72.0
 20
30.0
 30
0.0
 11
75.89763638986125
 21
30.0
 31
0.0
  0
LINE
  5
13B
330
17
100
AcDbEntity
  8
可见轮廓
100
AcDbLine
 10
75.89763638986125
 20
30.0
 30
0.0
 11
79.64162801072726
 21
30.0
 31
0.0
  0
LINE
  5
13C
330
17
100
AcDbEntity
  8
可见轮廓
100
AcDbLine
 10
79.64162801072726
 20
30.0
 30
0.0
 11
83.09793015702371
 21
30.0
 31
0.0
  0
LINE
  5
13D
330
17
100
AcDbEntity
  8
可见轮廓
100
AcDbLine
 10
83.09793015702371
 20
30.0
 30
0.0
 11
86.14213562373095
 21
30.0
 31
0.0
  0
LINE
  5
13E
330
17
100
AcDbEntity
  8
可见轮廓
100
AcDbLine
 10
86.14213562373095
 20
30.0
 30
0.0
 11
88.6100204007644
 21
30.0
 31
0.0
  0
LINE
  5
13F
330
17
100
AcDbEntity
  8
可见轮廓
100
AcDbLine
 10
88.6100204007644
 20
30.0
 30
0.0
 11
90.44852198210788
 21
30.0
 31
0.0
  0
LINE
  5
140
330
17
100
AcDbEntity
  8
可见轮廓
100
AcDbLine
 10
90.44852198210788
 20
30.0
 30
0.0
 11
91.59247973219357
 21
30.0
 31
0.0
  0
LINE
  5
141
330
17
100
AcDbEntity
  8
可见轮廓
100
AcDbLine
 10
91.59247973219357
 20
30.0
 30
0.0
 11
92.0
 21
30.0
 31
0.0
  0
LINE
  5
142
330
17
100
AcDbEntity
  8
可见轮廓
100
AcDbLine
 10
189.6269795670829
 20
12.0
 30
0.0
 11
190.3320245706039
 21
12.0
 31
0.0
  0
LINE
  5
143
330
17
100
AcDbEntity
  8
可见轮廓
100
AcDbLine
 10
190.3320245706039
 20
12.0
 30
0.0
 11
191.46432750117273
 21
12.0
 31
0.0
  0
LINE
  5
144
330
17
100
AcDbEntity
  8
可见轮廓
100
AcDbLine
 10
191.46432750117273
 20
12.0
 30
0.0
 11
193.3016754352629
 21
12.0
 31
0.0
  0
LINE
  5
145
330
17
100
AcDbEntity
  8
可见轮廓
100
AcDbLine
 10
190.8596474171624
 20
36.0
 30
0.0
 11
193.3016754352629
 21
36.0
 31
0.0
  0
LINE
  5
146
330
17
100
AcDbEntity
  8
可见轮廓
100
AcDbLine
 10
188.41761939906192
 20
36.0
 30
0.0
 11
190.8596474171624
 21
36.0
 31
0.0
  0
LINE
  5
147
330
17
100
AcDbEntity
  8
可见轮廓
100
AcDbLine
 10
21.2142857142857
 20
2.0
 30
0.0
 11
91.10624999999982
 21
2.0
 31
0.0
  0
LINE
  5
148
330
17
100
AcDbEntity
  8
可见轮廓
100
AcDbLine
 10
91.10624999999982
 20
2.0
 30
0.0
 11
94.74019230624094
 21
2.0
 31
0.0
  0
LINE
  5
149
330
17
100
AcDbEntity
  8
可见轮廓
100
AcDbLine
 10
94.74019230624094
 20
2.0
 30
0.0
 11
160.99821428571389
 21
2.0
 31
0.0
  0
LINE
  5
14A
330
17
100
AcDbEntity
  8
可见轮廓
100
AcDbLine
 10
2.0
 20
30.0
 30
0.0
 11
2.407520267806433
 21
30.0
 31
0.0
  0
LINE
  5
14B
330
17
100
AcDbEntity
  8
可见轮廓
100
AcDbLine
 10
2.407520267806433
 20
30.0
 30
0.0
 11
3.551478017892137
 21
30.0
 31
0.0
  0
LINE
  5
14C
330
17
100
AcDbEntity
  8
可见轮廓
100
AcDbLine
 10
3.551478017892137
 20
30.0
 30
0.0
 11
5.389979599235588
 21
30.0
 31
0.0
  0
LINE
  5
14D
330
17
100
AcDbEntity
  8
可见轮廓
100
AcDbLine
 10
5.389979599235588
 20
30.0
 30
0.0
 11
7.857864376269056
 21
30.0
 31
0.0
  0
LINE
  5
14E
330
17
100
AcDbEntity
  8
可见轮廓
100
AcDbLine
 10
7.857864376269056
 20
30.0
 30
0.0
 11
10.902069842976289
 21
30.0
 31
0.0
  0
LINE
  5
14F
330
17
100
AcDbEntity
  8
可见轮廓
100
AcDbLine
 10
10.902069842976289
 20
30.0
 30
0.0
 11
14.358371989272747
 21
30.0
 31
0.0
  0
LINE
  5
150
330
17
100
AcDbEntity
  8
可见轮廓
100
AcDbLine
 10
14.358371989272747
 20
30.0
 30
0.0
 11
18.10236361013874
 21
30.0
 31
0.0
  0
LINE
  5
151
330
17
100
AcDbEntity
  8
可见轮廓
100
AcDbLine
 10
18.10236361013874
 20
30.0
 30
0.0
 11
22.000000000000004
 21
30.0
 31
0.0
  0
LINE
  5
152
330
17
100
AcDbEntity
  8
可见轮廓
100
AcDbLine
 10
2.0
 20
2.0
 30
0.0
 11
2.387461579203766
 21
2.0
 31
0.0
  0
LINE
  5
153
330
17
100
AcDbEntity
  8
可见轮廓
100
AcDbLine
 10
2.387461579203766
 20
2.0
 30
0.0
 11
3.4758568142606023
 21
2.0
 31
0.0
  0
LINE
  5
154
330
17
100
AcDbEntity
  8
可见轮廓
100
AcDbLine
 10
3.4758568142606023
 20
2.0
 30
0.0
 11
5.227289830816083
 21
2.0
 31
0.0
  0
LINE
  5
155
330
17
100
AcDbEntity
  8
可见轮廓
100
AcDbLine
 10
5.227289830816083
 20
2.0
 30
0.0
 11
7.582748429151167
 21
2.0
 31
0.0
  0
LINE
  5
156
330
17
100
AcDbEntity
  8
可见轮廓
100
AcDbLine
 10
7.582748429151167
 20
2.0
 30
0.0
 11
10.496820133628159
 21
2.0
 31
0.0
  0
LINE
  5
157
330
17
100
AcDbEntity
  8
可见轮廓
100
AcDbLine
 10
10.496820133628159
 20
2.0
 30
0.0
 11
13.817419941416397
 21
2.0
 31
0.0
  0
LINE
  5
158
330
17
100
AcDbEntity
  8
可见轮廓
100
AcDbLine
 10
13.817419941416397
 20
2.0
 30
0.0
 11
17.430900217390338
 21
2.0
 31
0.0
  0
LINE
  5
159
330
17
100
AcDbEntity
  8
可见轮廓
100
AcDbLine
 10
17.430900217390338
 20
2.0
 30
0.0
 11
21.214285714285694
 21
2.0
 31
0.0
  0
LINE
  5
15A
330
17
100
AcDbEntity
  8
可见轮廓
100
AcDbLine
 10
84.25860817466156
 20
24.0
 30
0.0
 11
85.96943452204815
 21
24.0
 31
0.0
  0
LINE
  5
15B
330
17
100
AcDbEntity
  8
可见轮廓
100
AcDbLine
 10
85.96943452204815
 20
24.0
 30
0.0
 11
87.50198558936586
 21
24.0
 31
0.0
  0
LINE
  5
15C
330
17
100
AcDbEntity
  8
可见轮廓
100
AcDbLine
 10
87.50198558936586
 20
24.0
 30
0.0
 11
88.8378113175483
 21
24.0
 31
0.0
  0
LINE
  5
15D
330
17
100
AcDbEntity
  8
可见轮廓
100
AcDbLine
 10
88.8378113175483
 20
24.0
 30
0.0
 11
89.96068155016997
 21
24.0
 31
0.0
  0
LINE
  5
15E
330
17
100
AcDbEntity
  8
可见轮廓
100
AcDbLine
 10
89.96068155016997
 20
24.0
 30
0.0
 11
90.83669790904685
 21
24.0
 31
0.0
  0
LINE
  5
15F
330
17
100
AcDbEntity
  8
可见轮廓
100
AcDbLine
 10
90.83669790904685
 20
24.0
 30
0.0
 11
91.47318893698855
 21
24.0
 31
0.0
  0
LINE
  5
160
330
17
100
AcDbEntity
  8
可见轮廓
100
AcDbLine
 10
91.47318893698855
 20
24.0
 30
0.0
 11
91.86255873806613
 21
24.0
 31
0.0
  0
LINE
  5
161
330
17
100
AcDbEntity
  8
可见轮廓
100
AcDbLine
 10
91.86255873806613
 20
24.0
 30
0.0
 11
92.0
 21
24.0
 31
0.0
  0
LINE
  5
162
330
17
100
AcDbEntity
  8
可见轮廓
100
AcDbLine
 10
22.0
 20
24.0
 30
0.0
 11
47.0
 21
24.0
 31
0.0
  0
LINE
  5
163
330
17
100
AcDbEntity
  8
可见轮廓
100
AcDbLine
 10
3.55147801789213
 20
2.0
 30
0.0
 11
5.389979599235588
 21
2.0
 31
0.0
  0
LINE
  5
164
330
17
100
AcDbEntity
  8
可见轮廓
100
AcDbLine
 10
5.389979599235588
 20
2.0
 30
0.0
 11
7.857864376269056
 21
2.0
 31
0.0
  0
LINE
  5
165
330
17
100
AcDbEntity
  8
可见轮廓
100
AcDbLine
 10
7.857864376269056
 20
2.0
 30
0.0
 11
10.902069842976282
 21
2.0
 31
0.0
  0
LINE
  5
166
330
17
100
AcDbEntity
  8
可见轮廓
100
AcDbLine
 10
10.902069842976282
 20
2.0
 30
0.0
 11
14.358371989272747
 21
2.0
 31
0.0
  0
LINE
  5
167
330
17
100
AcDbEntity
  8
可见轮廓
100
AcDbLine
 10
14.358371989272747
 20
2.0
 30
0.0
 11
18.10236361013874
 21
2.0
 31
0.0
  0
LINE
  5
168
330
17
100
AcDbEntity
  8
可见轮廓
100
AcDbLine
 10
18.10236361013874
 20
2.0
 30
0.0
 11
22.000000000000004
 21
2.0
 31
0.0
  0
LINE
  5
169
330
17
100
AcDbEntity
  8
可见轮廓
100
AcDbLine
 10
2.0
 20
24.0
 30
0.0
 11
2.407520267806433
 21
24.0
 31
0.0
  0
LINE
  5
16A
330
17
100
AcDbEntity
  8
可见轮廓
100
AcDbLine
 10
2.407520267806433
 20
24.0
 30
0.0
 11
3.55147801789213
 21
24.0
 31
0.0
  0
LINE
  5
16B
330
17
100
AcDbEntity
  8
可见轮廓
100
AcDbLine
 10
3.55147801789213
 20
24.0
 30
0.0
 11
5.389979599235588
 21
24.0
 31
0.0
  0
LINE
  5
16C
330
17
100
AcDbEntity
  8
可见轮廓
100
AcDbLine
 10
5.389979599235588
 20
24.0
 30
0.0
 11
7.857864376269056
 21
24.0
 31
0.0
  0
LINE
  5
16D
330
17
100
AcDbEntity
  8
可见轮廓
100
AcDbLine
 10
7.857864376269056
 20
24.0
 30
0.0
 11
10.902069842976282
 21
24.0
 31
0.0
  0
LINE
  5
16E
330
17
100
AcDbEntity
  8
可见轮廓
100
AcDbLine
 10
10.902069842976282
 20
24.0
 30
0.0
 11
14.358371989272747
 21
24.0
 31
0.0
  0
LINE
  5
16F
330
17
100
AcDbEntity
  8
可见轮廓
100
AcDbLine
 10
14.358371989272747
 20
24.0
 30
0.0
 11
18.10236361013874
 21
24.0
 31
0.0
  0
LINE
  5
170
330
17
100
AcDbEntity
  8
可见轮廓
100
AcDbLine
 10
18.10236361013874
 20
24.0
 30
0.0
 11
22.000000000000004
 21
24.0
 31
0.0
  0
LINE
  5
171
330
17
100
AcDbEntity
  8
可见轮廓
100
AcDbLine
 10
187.4803846124819
 20
2.0
 30
0.0
 11
187.4803846124819
 21
11.023933985464582
 31
0.0
  0
LINE
  5
172
330
17
100
AcDbEntity
  8
可见轮廓
100
AcDbLine
 10
187.4803846124819
 20
33.0
 30
0.0
 11
187.4803846124819
 21
46.0
 31
0.0
  0
LINE
  5
173
330
17
100
AcDbEntity
  8
可见轮廓
100
AcDbLine
 10
136.4999999999999
 20
2.0
 30
0.0
 11
137.019334932405
 21
2.0
 31
0.0
  0
LINE
  5
174
330
17
100
AcDbEntity
  8
可见轮廓
100
AcDbLine
 10
137.019334932405
 20
2.0
 30
0.0
 11
138.47717960362885
 21
2.0
 31
0.0
  0
LINE
  5
175
330
17
100
AcDbEntity
  8
可见轮廓
100
AcDbLine
 10
138.47717960362885
 20
2.0
 30
0.0
 11
140.82017135058638
 21
2.0
 31
0.0
  0
LINE
  5
176
330
17
100
AcDbEntity
  8
可见轮廓
100
AcDbLine
 10
140.82017135058638
 20
2.0
 30
0.0
 11
143.9653098697141
 21
2.0
 31
0.0
  0
LINE
  5
177
330
17
100
AcDbEntity
  8
可见轮廓
100
AcDbLine
 10
143.9653098697141
 20
2.0
 30
0.0
 11
147.84504012058764
 21
2.0
 31
0.0
  0
LINE
  5
178
330
17
100
AcDbEntity
  8
可见轮廓
100
AcDbLine
 10
147.84504012058764
 20
2.0
 30
0.0
 11
152.25013201684797
 21
2.0
 31
0.0
  0
LINE
  5
179
330
17
100
AcDbEntity
  8
可见轮廓
100
AcDbLine
 10
152.25013201684797
 20
2.0
 30
0.0
 11
157.02210454173425
 21
2.0
 31
0.0
  0
LINE
  5
17A
330
17
100
AcDbEntity
  8
可见轮廓
100
AcDbLine
 10
157.02210454173425
 20
2.0
 30
0.0
 11
161.99019230624089
 21
2.0
 31
0.0
  0
LINE
  5
17B
330
17
100
AcDbEntity
  8
可见轮廓
100
AcDbLine
 10
161.99019230624089
 20
2.0
 30
0.0
 11
166.83876650349112
 21
2.0
 31
0.0
  0
LINE
  5
17C
330
17
100
AcDbEntity
  8
可见轮廓
100
AcDbLine
 10
166.83876650349112
 20
2.0
 30
0.0
 11
171.50586380812732
 21
2.0
 31
0.0
  0
LINE
  5
17D
330
17
100
AcDbEntity
  8
可见轮廓
100
AcDbLine
 10
171.50586380812732
 20
2.0
 30
0.0
 11
175.83251466582084
 21
2.0
 31
0.0
  0
LINE
  5
17E
330
17
100
AcDbEntity
  8
可见轮廓
100
AcDbLine
 10
175.83251466582084
 20
2.0
 30
0.0
 11
179.67059843464486
 21
2.0
 31
0.0
  0
LINE
  5
17F
330
17
100
AcDbEntity
  8
可见轮廓
100
AcDbLine
 10
179.67059843464486
 20
2.0
 30
0.0
 11
182.82360932460358
 21
2.0
 31
0.0
  0
LINE
  5
180
330
17
100
AcDbEntity
  8
可见轮廓
100
AcDbLine
 10
182.82360932460358
 20
2.0
 30
0.0
 11
185.2258778245522
 21
2.0
 31
0.0
  0
LINE
  5
181
330
17
100
AcDbEntity
  8
可见轮廓
100
AcDbLine
 10
185.2258778245522
 20
2.0
 30
0.0
 11
186.79632632980108
 21
2.0
 31
0.0
  0
LINE
  5
182
330
17
100
AcDbEntity
  8
可见轮廓
100
AcDbLine
 10
186.79632632980108
 20
2.0
 30
0.0
 11
187.4803846124817
 21
2.0
 31
0.0
  0
LINE
  5
183
330
17
100
AcDbEntity
  8
可见轮廓
100
AcDbLine
 10
136.4999999999999
 20
46.0
 30
0.0
 11
137.019334932405
 21
46.0
 31
0.0
  0
LINE
  5
184
330
17
100
AcDbEntity
  8
可见轮廓
100
AcDbLine
 10
137.019334932405
 20
46.0
 30
0.0
 11
138.47717960362885
 21
46.0
 31
0.0
  0
LINE
  5
185
330
17
100
AcDbEntity
  8
可见轮廓
100
AcDbLine
 10
138.47717960362885
 20
46.0
 30
0.0
 11
140.82017135058638
 21
46.0
 31
0.0
  0
LINE
  5
186
330
17
100
AcDbEntity
  8
可见轮廓
100
AcDbLine
 10
140.82017135058638
 20
46.0
 30
0.0
 11
143.9653098697141
 21
46.0
 31
0.0
  0
LINE
  5
187
330
17
100
AcDbEntity
  8
可见轮廓
100
AcDbLine
 10
143.9653098697141
 20
46.0
 30
0.0
 11
147.84504012058764
 21
46.0
 31
0.0
  0
LINE
  5
188
330
17
100
AcDbEntity
  8
可见轮廓
100
AcDbLine
 10
147.84504012058764
 20
46.0
 30
0.0
 11
152.25013201684797
 21
46.0
 31
0.0
  0
LINE
  5
189
330
17
100
AcDbEntity
  8
可见轮廓
100
AcDbLine
 10
152.25013201684797
 20
46.0
 30
0.0
 11
157.02210454173425
 21
46.0
 31
0.0
  0
LINE
  5
18A
330
17
100
AcDbEntity
  8
可见轮廓
100
AcDbLine
 10
157.02210454173425
 20
46.0
 30
0.0
 11
161.99019230624089
 21
46.0
 31
0.0
  0
LINE
  5
18B
330
17
100
AcDbEntity
  8
可见轮廓
100
AcDbLine
 10
161.99019230624089
 20
46.0
 30
0.0
 11
166.83876650349112
 21
46.0
 31
0.0
  0
LINE
  5
18C
330
17
100
AcDbEntity
  8
可见轮廓
100
AcDbLine
 10
166.83876650349112
 20
46.0
 30
0.0
 11
171.50586380812732
 21
46.0
 31
0.0
  0
LINE
  5
18D
330
17
100
AcDbEntity
  8
可见轮廓
100
AcDbLine
 10
171.50586380812732
 20
46.0
 30
0.0
 11
175.83251466582084
 21
46.0
 31
0.0
  0
LINE
  5
18E
330
17
100
AcDbEntity
  8
可见轮廓
100
AcDbLine
 10
175.83251466582084
 20
46.0
 30
0.0
 11
179.67059843464486
 21
46.0
 31
0.0
  0
LINE
  5
18F
330
17
100
AcDbEntity
  8
可见轮廓
100
AcDbLine
 10
179.67059843464486
 20
46.0
 30
0.0
 11
182.82360932460358
 21
46.0
 31
0.0
  0
LINE
  5
190
330
17
100
AcDbEntity
  8
可见轮廓
100
AcDbLine
 10
182.82360932460358
 20
46.0
 30
0.0
 11
185.2258778245522
 21
46.0
 31
0.0
  0
LINE
  5
191
330
17
100
AcDbEntity
  8
可见轮廓
100
AcDbLine
 10
185.2258778245522
 20
46.0
 30
0.0
 11
186.79632632980108
 21
46.0
 31
0.0
  0
LINE
  5
192
330
17
100
AcDbEntity
  8
可见轮廓
100
AcDbLine
 10
186.79632632980108
 20
46.0
 30
0.0
 11
187.4803846124817
 21
46.0
 31
0.0
  0
LINE
  5
193
330
17
100
AcDbEntity
  8
可见轮廓
100
AcDbLine
 10
92.0
 20
26.999999999999993
 30
0.0
 11
92.01444579838132
 21
26.70594878510528
 31
0.0
  0
LINE
  5
194
330
17
100
AcDbEntity
  8
可见轮廓
100
AcDbLine
 10
92.01444579838132
 20
26.70594878510528
 30
0.0
 11
92.05764406699569
 21
26.41472944761799
 31
0.0
  0
LINE
  5
195
330
17
100
AcDbEntity
  8
可见轮廓
100
AcDbLine
 10
92.05764406699569
 20
26.41472944761799
 30
0.0
 11
92.1291787476263
 21
26.129146766417783
 31
0.0
  0
LINE
  5
196
330
17
100
AcDbEntity
  8
可见轮廓
100
AcDbLine
 10
92.1291787476263
 20
26.129146766417783
 30
0.0
 11
92.22836089311362
 21
25.85195091207658
 31
0.0
  0
LINE
  5
197
330
17
100
AcDbEntity
  8
可见轮廓
100
AcDbLine
 10
92.22836089311362
 20
25.85195091207658
 30
0.0
 11
92.35423544886265
 21
25.585811201772664
 31
0.0
  0
LINE
  5
198
330
17
100
AcDbEntity
  8
可见轮廓
100
AcDbLine
 10
92.35423544886265
 20
25.585811201772664
 30
0.0
 11
92.50559011480235
 21
25.33329086071818
 31
0.0
  0
LINE
  5
199
330
17
100
AcDbEntity
  8
可见轮廓
100
AcDbLine
 10
92.50559011480235
 20
25.33329086071818
 30
0.0
 11
92.6809672907062
 21
25.096821768780462
 31
0.0
  0
LINE
  5
19A
330
17
100
AcDbEntity
  8
可见轮廓
100
AcDbLine
 10
92.6809672907062
 20
25.096821768780462
 30
0.0
 11
92.87867766541848
 21
24.87868089961236
 31
0.0
  0
LINE
  5
19B
330
17
100
AcDbEntity
  8
可见轮廓
100
AcDbLine
 10
92.87867766541848
 20
24.87868089961236
 30
0.0
 11
93.09678516784146
 21
24.680991180047116
 31
0.0
  0
LINE
  5
19C
330
17
100
AcDbEntity
  8
可见轮廓
100
AcDbLine
 10
93.09678516784146
 20
24.680991180047116
 30
0.0
 11
93.333253530029
 21
24.505611847128673
 31
0.0
  0
LINE
  5
19D
330
17
100
AcDbEntity
  8
可见轮廓
100
AcDbLine
 10
93.333253530029
 20
24.505611847128673
 30
0.0
 11
93.58579053017093
 21
24.354246350874405
 31
0.0
  0
LINE
  5
19E
330
17
100
AcDbEntity
  8
可见轮廓
100
AcDbLine
 10
93.58579053017093
 20
24.354246350874405
 30
0.0
 11
93.85193314748092
 21
24.228367160016624
 31
0.0
  0
LINE
  5
19F
330
17
100
AcDbEntity
  8
可见轮廓
100
AcDbLine
 10
93.85193314748092
 20
24.228367160016624
 30
0.0
 11
94.12912409338189
 21
24.129184948282035
 31
0.0
  0
LINE
  5
1A0
330
17
100
AcDbEntity
  8
可见轮廓
100
AcDbLine
 10
94.12912409338189
 20
24.129184948282035
 30
0.0
 11
94.41471181150611
 21
24.057648594391697
 31
0.0
  0
LINE
  5
1A1
330
17
100
AcDbEntity
  8
可见轮廓
100
AcDbLine
 10
94.41471181150611
 20
24.057648594391697
 30
0.0
 11
94.70595047769518
 21
24.014445182061078
 31
0.0
  0
LINE
  5
1A2
330
17
100
AcDbEntity
  8
可见轮廓
100
AcDbLine
 10
94.70595047769518
 20
24.014445182061078
 30
0.0
 11
95.0
 21
24.0
 31
0.0
  0
LINE
  5
1A3
330
17
100
AcDbEntity
  8
可见轮廓
100
AcDbLine
 10
92.0
 20
27.0
 30
0.0
 11
92.0
 21
27.728004029559997
 31
0.0
  0
LINE
  5
1A4
330
17
100
AcDbEntity
  8
可见轮廓
100
AcDbLine
 10
92.0
 20
27.728004029559997
 30
0.0
 11
92.0
 21
30.0
 31
0.0
  0
LINE
  5
1A5
330
17
100
AcDbEntity
  8
可见轮廓
100
AcDbLine
 10
2.0
 20
2.0
 30
0.0
 11
2.0
 21
16.0
 31
0.0
  0
LINE
  5
1A6
330
17
100
AcDbEntity
  8
可见轮廓
100
AcDbLine
 10
2.0
 20
16.0
 30
0.0
 11
2.0
 21
30.0
 31
0.0
  0
LINE
  5
1A7
330
17
100
AcDbEntity
  8
可见轮廓
100
AcDbLine
 10
2.0
 20
2.0
 30
0.0
 11
2.0
 21
13.0
 31
0.0
  0
LINE
  5
1A8
330
17
100
AcDbEntity
  8
可见轮廓
100
AcDbLine
 10
2.0
 20
13.0
 30
0.0
 11
2.0
 21
24.0
 31
0.0
  0
LINE
  5
1A9
330
17
100
AcDbEntity
  8
可见轮廓
100
AcDbLine
 10
136.4999999999999
 20
24.0
 30
0.0
 11
136.4999999999999
 21
46.0
 31
0.0
  0
LINE
  5
1AA
330
17
100
AcDbEntity
  8
可见轮廓
100
AcDbLine
 10
186.71887645475803
 20
9.000000000000014
 30
0.0
 11
186.79994893137334
 21
9.000000000000014
 31
0.0
  0
LINE
  5
1AB
330
17
100
AcDbEntity
  8
可见轮廓
100
AcDbLine
 10
186.79994893137334
 20
9.000000000000014
 30
0.0
 11
186.87671304357062
 21
9.000000000000014
 31
0.0
  0
LINE
  5
1AC
330
17
100
AcDbEntity
  8
可见轮廓
100
AcDbLine
 10
186.87671304357062
 20
9.000000000000014
 30
0.0
 11
186.94915611626894
 21
9.000000000000014
 31
0.0
  0
LINE
  5
1AD
330
17
100
AcDbEntity
  8
可见轮廓
100
AcDbLine
 10
186.94915611626894
 20
9.000000000000014
 30
0.0
 11
187.0172661415521
 21
9.000000000000014
 31
0.0
  0
LINE
  5
1AE
330
17
100
AcDbEntity
  8
可见轮廓
100
AcDbLine
 10
187.0172661415521
 20
9.000000000000014
 30
0.0
 11
187.0806686098836
 21
9.000000000000014
 31
0.0
  0
LINE
  5
1AF
330
17
100
AcDbEntity
  8
可见轮廓
100
AcDbLine
 10
187.0806686098836
 20
9.000000000000014
 30
0.0
 11
187.13971409959285
 21
9.000000000000014
 31
0.0
  0
LINE
  5
1B0
330
17
100
AcDbEntity
  8
可见轮廓
100
AcDbLine
 10
187.13971409959285
 20
9.000000000000014
 30
0.0
 11
187.1943928670014
 21
9.000000000000014
 31
0.0
  0
LINE
  5
1B1
330
17
100
AcDbEntity
  8
可见轮廓
100
AcDbLine
 10
187.1943928670014
 20
9.000000000000014
 30
0.0
 11
187.2446958426487
 21
9.000000000000014
 31
0.0
  0
LINE
  5
1B2
330
17
100
AcDbEntity
  8
可见轮廓
100
AcDbLine
 10
187.2446958426487
 20
9.000000000000014
 30
0.0
 11
187.28857074275933
 21
9.000000000000014
 31
0.0
  0
LINE
  5
1B3
330
17
100
AcDbEntity
  8
可见轮廓
100
AcDbLine
 10
187.28857074275933
 20
9.000000000000014
 30
0.0
 11
187.32838678763744
 21
9.000000000000014
 31
0.0
  0
LINE
  5
1B4
330
17
100
AcDbEntity
  8
可见轮廓
100
AcDbLine
 10
187.32838678763744
 20
9.000000000000014
 30
0.0
 11
187.36413791222577
 21
9.000000000000014
 31
0.0
  0
LINE
  5
1B5
330
17
100
AcDbEntity
  8
可见轮廓
100
AcDbLine
 10
187.36413791222577
 20
9.000000000000014
 30
0.0
 11
187.3958186313576
 21
9.000000000000014
 31
0.0
  0
LINE
  5
1B6
330
17
100
AcDbEntity
  8
可见轮廓
100
AcDbLine
 10
187.44626900873723
 20
9.000000000000014
 30
0.0
 11
187.46537020032198
 21
9.000000000000014
 31
0.0
  0
LINE
  5
1B7
330
17
100
AcDbEntity
  8
可见轮廓
100
AcDbLine
 10
187.46537020032198
 20
9.000000000000014
 30
0.0
 11
187.4803846124817
 21
9.000000000000014
 31
0.0
  0
LINE
  5
1B8
330
17
100
AcDbEntity
  8
可见轮廓
100
AcDbLine
 10
187.15684732080442
 20
15.0
 30
0.0
 11
187.36237370594492
 21
15.0
 31
0.0
  0
LINE
  5
1B9
330
17
100
AcDbEntity
  8
可见轮廓
100
AcDbLine
 10
186.95231224362618
 20
15.0
 30
0.0
 11
187.15684732080442
 21
15.0
 31
0.0
  0
LINE
  5
1BA
330
17
100
AcDbEntity
  8
可见轮廓
100
AcDbLine
 10
186.74966521868416
 20
15.0
 30
0.0
 11
186.95231224362618
 21
15.0
 31
0.0
  0
LINE
  5
1BB
330
17
100
AcDbEntity
  8
可见轮廓
100
AcDbLine
 10
186.54979526198574
 20
15.0
 30
0.0
 11
186.74966521868416
 21
15.0
 31
0.0
  0
LINE
  5
1BC
330
17
100
AcDbEntity
  8
可见轮廓
100
AcDbLine
 10
186.35397805423693
 20
15.0
 30
0.0
 11
186.54979526198574
 21
15.0
 31
0.0
  0
LINE
  5
1BD
330
17
100
AcDbEntity
  8
可见轮廓
100
AcDbLine
 10
186.16284641828673
 20
15.0
 30
0.0
 11
186.35397805423693
 21
15.0
 31
0.0
  0
LINE
  5
1BE
330
17
100
AcDbEntity
  8
可见轮廓
100
AcDbLine
 10
185.9772377840959
 20
15.0
 30
0.0
 11
186.16284641828673
 21
15.0
 31
0.0
  0
LINE
  5
1BF
330
17
100
AcDbEntity
  8
可见轮廓
100
AcDbLine
 10
185.79796697460793
 20
15.0
 30
0.0
 11
185.9772377840959
 21
15.0
 31
0.0
  0
LINE
  5
1C0
330
17
100
AcDbEntity
  8
可见轮廓
100
AcDbLine
 10
185.6264986705696
 20
15.0
 30
0.0
 11
185.79796697460793
 21
15.0
 31
0.0
  0
LINE
  5
1C1
330
17
100
AcDbEntity
  8
可见轮廓
100
AcDbLine
 10
185.46305989848466
 20
15.0
 30
0.0
 11
185.6264986705696
 21
15.0
 31
0.0
  0
LINE
  5
1C2
330
17
100
AcDbEntity
  8
可见轮廓
100
AcDbLine
 10
185.30836616588996
 20
15.0
 30
0.0
 11
185.46305989848466
 21
15.0
 31
0.0
  0
LINE
  5
1C3
330
17
100
AcDbEntity
  8
可见轮廓
100
AcDbLine
 10
185.16309718470478
 20
15.0
 30
0.0
 11
185.30836616588996
 21
15.0
 31
0.0
  0
LINE
  5
1C4
330
17
100
AcDbEntity
  8
可见轮廓
100
AcDbLine
 10
185.02879713295366
 20
15.0
 30
0.0
 11
185.16309718470478
 21
15.0
 31
0.0
  0
LINE
  5
1C5
330
17
100
AcDbEntity
  8
可见轮廓
100
AcDbLine
 10
184.90527026779313
 20
15.0
 30
0.0
 11
185.02879713295366
 21
15.0
 31
0.0
  0
LINE
  5
1C6
330
17
100
AcDbEntity
  8
可见轮廓
100
AcDbLine
 10
184.79305668141453
 20
15.0
 30
0.0
 11
184.90527026779313
 21
15.0
 31
0.0
  0
LINE
  5
1C7
330
17
100
AcDbEntity
  8
可见轮廓
100
AcDbLine
 10
184.69265015795077
 20
15.0
 30
0.0
 11
184.79305668141453
 21
15.0
 31
0.0
  0
LINE
  5
1C8
330
17
100
AcDbEntity
  8
可见轮廓
100
AcDbLine
 10
184.6926501579509
 20
18.0
 30
0.0
 11
184.6926501579509
 21
21.0
 31
0.0
  0
LINE
  5
1C9
330
17
100
AcDbEntity
  8
可见轮廓
100
AcDbLine
 10
184.6926501579509
 20
15.0
 30
0.0
 11
184.6926501579509
 21
18.0
 31
0.0
  0
LINE
  5
1CA
330
17
100
AcDbEntity
  8
可见轮廓
100
AcDbLine
 10
160.9982142857139
 20
21.0
 30
0.0
 11
162.80892187831853
 21
21.0
 31
0.0
  0
LINE
  5
1CB
330
17
100
AcDbEntity
  8
可见轮廓
100
AcDbLine
 10
162.80892187831853
 20
21.0
 30
0.0
 11
164.61520778168122
 21
21.0
 31
0.0
  0
LINE
  5
1CC
330
17
100
AcDbEntity
  8
可见轮廓
100
AcDbLine
 10
164.61520778168122
 20
21.0
 30
0.0
 11
166.40857480861084
 21
21.0
 31
0.0
  0
LINE
  5
1CD
330
17
100
AcDbEntity
  8
可见轮廓
100
AcDbLine
 10
166.40857480861084
 20
21.0
 30
0.0
 11
168.18058250682654
 21
21.0
 31
0.0
  0
LINE
  5
1CE
330
17
100
AcDbEntity
  8
可见轮廓
100
AcDbLine
 10
168.18058250682654
 20
21.0
 30
0.0
 11
169.91951792093045
 21
21.0
 31
0.0
  0
LINE
  5
1CF
330
17
100
AcDbEntity
  8
可见轮廓
100
AcDbLine
 10
169.91951792093045
 20
21.0
 30
0.0
 11
171.61892562240484
 21
21.0
 31
0.0
  0
LINE
  5
1D0
330
17
100
AcDbEntity
  8
可见轮廓
100
AcDbLine
 10
171.61892562240484
 20
21.0
 30
0.0
 11
173.27081675085392
 21
21.0
 31
0.0
  0
LINE
  5
1D1
330
17
100
AcDbEntity
  8
可见轮廓
100
AcDbLine
 10
173.27081675085392
 20
21.0
 30
0.0
 11
174.86741112103405
 21
21.0
 31
0.0
  0
LINE
  5
1D2
330
17
100
AcDbEntity
  8
可见轮廓
100
AcDbLine
 10
174.86741112103405
 20
21.0
 30
0.0
 11
175.4600495182282
 21
21.0
 31
0.0
  0
LINE
  5
1D3
330
17
100
AcDbEntity
  8
可见轮廓
100
AcDbLine
 10
175.4600495182282
 20
21.0
 30
0.0
 11
176.04294778122917
 21
21.0
 31
0.0
  0
LINE
  5
1D4
330
17
100
AcDbEntity
  8
可见轮廓
100
AcDbLine
 10
176.04294778122917
 20
21.0
 30
0.0
 11
176.6157052515299
 21
21.0
 31
0.0
  0
LINE
  5
1D5
330
17
100
AcDbEntity
  8
可见轮廓
100
AcDbLine
 10
176.6157052515299
 20
21.0
 30
0.0
 11
177.17792778003474
 21
21.0
 31
0.0
  0
LINE
  5
1D6
330
17
100
AcDbEntity
  8
可见轮廓
100
AcDbLine
 10
177.17792778003474
 20
21.0
 30
0.0
 11
177.72827673324878
 21
21.0
 31
0.0
  0
LINE
  5
1D7
330
17
100
AcDbEntity
  8
可见轮廓
100
AcDbLine
 10
177.72827673324878
 20
21.0
 30
0.0
 11
178.26724907701896
 21
21.0
 31
0.0
  0
LINE
  5
1D8
330
17
100
AcDbEntity
  8
可见轮廓
100
AcDbLine
 10
178.26724907701896
 20
21.0
 30
0.0
 11
178.79447439991696
 21
21.0
 31
0.0
  0
LINE
  5
1D9
330
17
100
AcDbEntity
  8
可见轮廓
100
AcDbLine
 10
178.79447439991696
 20
21.0
 30
0.0
 11
179.3095898309695
 21
21.0
 31
0.0
  0
LINE
  5
1DA
330
17
100
AcDbEntity
  8
可见轮廓
100
AcDbLine
 10
179.3095898309695
 20
21.0
 30
0.0
 11
180.11318040890055
 21
21.0
 31
0.0
  0
LINE
  5
1DB
330
17
100
AcDbEntity
  8
可见轮廓
100
AcDbLine
 10
180.11318040890055
 20
21.0
 30
0.0
 11
180.88254754611222
 21
21.0
 31
0.0
  0
LINE
  5
1DC
330
17
100
AcDbEntity
  8
可见轮廓
100
AcDbLine
 10
180.88254754611222
 20
21.0
 30
0.0
 11
181.61631173762768
 21
21.0
 31
0.0
  0
LINE
  5
1DD
330
17
100
AcDbEntity
  8
可见轮廓
100
AcDbLine
 10
181.61631173762768
 20
21.0
 30
0.0
 11
182.31315315196895
 21
21.0
 31
0.0
  0
LINE
  5
1DE
330
17
100
AcDbEntity
  8
可见轮廓
100
AcDbLine
 10
182.31315315196895
 20
21.0
 30
0.0
 11
182.9685041977122
 21
21.0
 31
0.0
  0
LINE
  5
1DF
330
17
100
AcDbEntity
  8
可见轮廓
100
AcDbLine
 10
182.9685041977122
 20
21.0
 30
0.0
 11
183.5842615762112
 21
21.0
 31
0.0
  0
LINE
  5
1E0
330
17
100
AcDbEntity
  8
可见轮廓
100
AcDbLine
 10
183.5842615762112
 20
21.0
 30
0.0
 11
184.1593219411894
 21
21.0
 31
0.0
  0
LINE
  5
1E1
330
17
100
AcDbEntity
  8
可见轮廓
100
AcDbLine
 10
184.1593219411894
 20
21.0
 30
0.0
 11
184.6926501579506
 21
21.0
 31
0.0
  0
LINE
  5
1E2
330
17
100
AcDbEntity
  8
可见轮廓
100
AcDbLine
 10
160.9982142857139
 20
2.0
 30
0.0
 11
160.9982142857139
 21
11.5
 31
0.0
  0
LINE
  5
1E3
330
17
100
AcDbEntity
  8
可见轮廓
100
AcDbLine
 10
160.9982142857139
 20
11.5
 30
0.0
 11
160.9982142857139
 21
21.0
 31
0.0
  0
LINE
  5
1E4
330
17
100
AcDbEntity
  8
可见轮廓
100
AcDbLine
 10
188.41761939906192
 20
27.0
 30
0.0
 11
188.41761939906192
 21
33.0
 31
0.0
  0
LINE
  5
1E5
330
17
100
AcDbEntity
  8
可见轮廓
100
AcDbLine
 10
188.41761939906192
 20
24.0
 30
0.0
 11
188.41761939906192
 21
27.0
 31
0.0
  0
LINE
  5
1E6
330
17
100
AcDbEntity
  8
可见轮廓
100
AcDbLine
 10
188.41761939906192
 20
21.0
 30
0.0
 11
188.41761939906192
 21
24.0
 31
0.0
  0
LINE
  5
1E7
330
17
100
AcDbEntity
  8
可见轮廓
100
AcDbLine
 10
91.8315694262444
 20
27.0
 30
0.0
 11
92.0
 21
27.0
 31
0.0
  0
LINE
  5
1E8
330
17
100
AcDbEntity
  8
可见轮廓
100
AcDbLine
 10
91.35490713539856
 20
27.0
 30
0.0
 11
91.8315694262444
 21
27.0
 31
0.0
  0
LINE
  5
1E9
330
17
100
AcDbEntity
  8
可见轮廓
100
AcDbLine
 10
90.57722542578229
 20
27.0
 30
0.0
 11
91.35490713539856
 21
27.0
 31
0.0
  0
LINE
  5
1EA
330
17
100
AcDbEntity
  8
可见轮廓
100
AcDbLine
 10
89.50989985208926
 20
27.0
 30
0.0
 11
90.57722542578229
 21
27.0
 31
0.0
  0
LINE
  5
1EB
330
17
100
AcDbEntity
  8
可见轮廓
100
AcDbLine
 10
88.1476540305472
 20
27.0
 30
0.0
 11
89.50989985208926
 21
27.0
 31
0.0
  0
LINE
  5
1EC
330
17
100
AcDbEntity
  8
可见轮廓
100
AcDbLine
 10
86.53534142333314
 20
27.0
 30
0.0
 11
88.1476540305472
 21
27.0
 31
0.0
  0
LINE
  5
1ED
330
17
100
AcDbEntity
  8
可见轮廓
100
AcDbLine
 10
84.69696624726905
 20
27.0
 30
0.0
 11
86.53534142333314
 21
27.0
 31
0.0
  0
LINE
  5
1EE
330
17
100
AcDbEntity
  8
可见轮廓
100
AcDbLine
 10
82.6596592830196
 20
27.0
 30
0.0
 11
84.69696624726905
 21
27.0
 31
0.0
  0
LINE
  5
1EF
330
17
100
AcDbEntity
  8
可见轮廓
100
AcDbLine
 10
71.99999999999991
 20
25.45600805912
 30
0.0
 11
72.00555778533594
 21
25.299113597530994
 31
0.0
  0
LINE
  5
1F0
330
17
100
AcDbEntity
  8
可见轮廓
100
AcDbLine
 10
72.00555778533594
 20
25.299113597530994
 30
0.0
 11
72.01109993857156
 21
25.14266042502212
 31
0.0
  0
LINE
  5
1F1
330
17
100
AcDbEntity
  8
可见轮廓
100
AcDbLine
 10
72.01109993857156
 20
25.14266042502212
 30
0.0
 11
72.01661228957826
 21
24.98704855968397
 31
0.0
  0
LINE
  5
1F2
330
17
100
AcDbEntity
  8
可见轮廓
100
AcDbLine
 10
72.01661228957826
 20
24.98704855968397
 30
0.0
 11
72.02208073935827
 21
24.83267601161209
 31
0.0
  0
LINE
  5
1F3
330
17
100
AcDbEntity
  8
可见轮廓
100
AcDbLine
 10
72.02208073935827
 20
24.83267601161209
 30
0.0
 11
72.02748496785716
 21
24.680116409293245
 31
0.0
  0
LINE
  5
1F4
330
17
100
AcDbEntity
  8
可见轮廓
100
AcDbLine
 10
72.02748496785716
 20
24.680116409293245
 30
0.0
 11
72.0328147140996
 21
24.529659416704522
 31
0.0
  0
LINE
  5
1F5
330
17
100
AcDbEntity
  8
可见轮廓
100
AcDbLine
 10
72.0328147140996
 20
24.529659416704522
 30
0.0
 11
72.03805635610485
 21
24.381689577904886
 31
0.0
  0
LINE
  5
1F6
330
17
100
AcDbEntity
  8
可见轮廓
100
AcDbLine
 10
72.03805635610485
 20
24.381689577904886
 30
0.0
 11
72.04319648217549
 21
24.236585500723812
 31
0.0
  0
LINE
  5
1F7
330
17
100
AcDbEntity
  8
可见轮廓
100
AcDbLine
 10
72.0431964821755
 20
24.236585500723628
 30
0.0
 11
72.04821097235238
 21
24.095028083717104
 31
0.0
  0
LINE
  5
1F8
330
17
100
AcDbEntity
  8
可见轮廓
100
AcDbLine
 10
72.04821097235238
 20
24.095028083717104
 30
0.0
 11
72.05309538522151
 21
23.95714270654826
 31
0.0
  0
LINE
  5
1F9
330
17
100
AcDbEntity
  8
可见轮廓
100
AcDbLine
 10
72.05309538522151
 20
23.95714270654826
 30
0.0
 11
72.05783724227258
 21
23.82328163348079
 31
0.0
  0
LINE
  5
1FA
330
17
100
AcDbEntity
  8
可见轮廓
100
AcDbLine
 10
72.05783724227258
 20
23.82328163348079
 30
0.0
 11
72.06242440524122
 21
23.69378752374602
 31
0.0
  0
LINE
  5
1FB
330
17
100
AcDbEntity
  8
可见轮廓
100
AcDbLine
 10
72.06242440524122
 20
23.69378752374602
 30
0.0
 11
72.0668300083802
 21
23.569418788598178
 31
0.0
  0
LINE
  5
1FC
330
17
100
AcDbEntity
  8
可见轮廓
100
AcDbLine
 10
72.0668300083802
 20
23.569418788598178
 30
0.0
 11
72.07105562394045
 21
23.450131043907785
 31
0.0
  0
LINE
  5
1FD
330
17
100
AcDbEntity
  8
可见轮廓
100
AcDbLine
 10
72.07105562394045
 20
23.450131043907785
 30
0.0
 11
72.07509046223151
 21
23.336228879106425
 31
0.0
  0
LINE
  5
1FE
330
17
100
AcDbEntity
  8
可见轮廓
100
AcDbLine
 10
72.07509046223151
 20
23.336228879106425
 30
0.0
 11
72.07892418890172
 21
23.22800402956
 31
0.0
  0
LINE
  5
1FF
330
17
100
AcDbEntity
  8
可见轮廓
100
AcDbLine
 10
68.48680761996701
 20
25.327569218777917
 30
0.0
 11
71.99999999999991
 21
25.45600805911997
 31
0.0
  0
LINE
  5
200
330
17
100
AcDbEntity
  8
可见轮廓
100
AcDbLine
 10
65.07806839754156
 20
25.19485743526571
 30
0.0
 11
68.48680761996701
 21
25.327569218777917
 31
0.0
  0
LINE
  5
201
330
17
100
AcDbEntity
  8
可见轮廓
100
AcDbLine
 10
61.77714804410625
 20
25.05800374517232
 30
0.0
 11
65.07806839754156
 21
25.19485743526571
 31
0.0
  0
LINE
  5
202
330
17
100
AcDbEntity
  8
可见轮廓
100
AcDbLine
 10
58.58730581315121
 20
24.91714327471084
 30
0.0
 11
61.77714804410625
 21
25.05800374517232
 31
0.0
  0
LINE
  5
203
330
17
100
AcDbEntity
  8
可见轮廓
100
AcDbLine
 10
55.511691282161
 20
24.772415106297913
 30
0.0
 11
58.58730581315121
 21
24.91714327471084
 31
0.0
  0
LINE
  5
204
330
17
100
AcDbEntity
  8
可见轮廓
100
AcDbLine
 10
52.55334124279383
 20
24.62396214122697
 30
0.0
 11
55.511691282161
 21
24.772415106297913
 31
0.0
  0
LINE
  5
205
330
17
100
AcDbEntity
  8
可见轮廓
100
AcDbLine
 10
49.715176702422916
 20
24.471930958570727
 30
0.0
 11
52.55334124279383
 21
24.62396214122697
 31
0.0
  0
LINE
  5
206
330
17
100
AcDbEntity
  8
可见轮廓
100
AcDbLine
 10
47.000000000000036
 20
24.31647167045235
 30
0.0
 11
49.715176702422916
 21
24.471930958570727
 31
0.0
  0
LINE
  5
207
330
17
100
AcDbEntity
  8
可见轮廓
100
AcDbLine
 10
45.65887997685723
 20
24.235634273695453
 30
0.0
 11
47.000000000000036
 21
24.31647167045235
 31
0.0
  0
LINE
  5
208
330
17
100
AcDbEntity
  8
可见轮廓
100
AcDbLine
 10
44.351023699152954
 20
24.153960052960073
 30
0.0
 11
45.65887997685723
 21
24.235634273695453
 31
0.0
  0
LINE
  5
209
330
17
100
AcDbEntity
  8
可见轮廓
100
AcDbLine
 10
43.07676941447664
 20
24.07147013144512
 30
0.0
 11
44.351023699152954
 21
24.153960052960073
 31
0.0
  0
LINE
  5
20A
330
17
100
AcDbEntity
  8
可见轮廓
100
AcDbLine
 10
41.83644668001863
 20
23.988185843312138
 30
0.0
 11
43.07676941447664
 21
24.07147013144512
 31
0.0
  0
LINE
  5
20B
330
17
100
AcDbEntity
  8
可见轮廓
100
AcDbLine
 10
40.630376277337454
 20
23.904128728167716
 30
0.0
 11
41.83644668001863
 21
23.988185843312138
 31
0.0
  0
LINE
  5
20C
330
17
100
AcDbEntity
  8
可见轮廓
100
AcDbLine
 10
39.45887012939709
 20
23.819320525492774
 30
0.0
 11
40.630376277337454
 21
23.904128728167716
 31
0.0
  0
LINE
  5
20D
330
17
100
AcDbEntity
  8
可见轮廓
100
AcDbLine
 10
38.322231219894796
 20
23.733783169020096
 30
0.0
 11
39.45887012939709
 21
23.819320525492774
 31
0.0
  0
LINE
  5
20E
330
17
100
AcDbEntity
  8
可见轮廓
100
AcDbLine
 10
37.22075351490158
 20
23.64753878106169
 30
0.0
 11
38.322231219894796
 21
23.733783169020096
 31
0.0
  0
LINE
  5
20F
330
17
100
AcDbEntity
  8
可见轮廓
100
AcDbLine
 10
34.17506741184919
 20
23.388862546402805
 30
0.0
 11
37.22075351490158
 21
23.64753878106169
 31
0.0
  0
LINE
  5
210
330
17
100
AcDbEntity
  8
可见轮廓
100
AcDbLine
 10
31.445501884901283
 20
23.124796109866676
 30
0.0
 11
34.17506741184919
 21
23.388862546402805
 31
0.0
  0
LINE
  5
211
330
17
100
AcDbEntity
  8
可见轮廓
100
AcDbLine
 10
29.03821589420786
 20
22.85593530791282
 30
0.0
 11
31.445501884901283
 21
23.124796109866676
 31
0.0
  0
LINE
  5
212
330
17
100
AcDbEntity
  8
可见轮廓
100
AcDbLine
 10
26.958641212093305
 20
22.58288679495155
 30
0.0
 11
29.03821589420786
 21
22.85593530791282
 31
0.0
  0
LINE
  5
213
330
17
100
AcDbEntity
  8
可见轮廓
100
AcDbLine
 10
25.211470166867734
 20
22.306266674495973
 30
0.0
 11
26.958641212093305
 21
22.58288679495155
 31
0.0
  0
LINE
  5
214
330
17
100
AcDbEntity
  8
可见轮廓
100
AcDbLine
 10
23.80064505511148
 20
22.026699108993096
 30
0.0
 11
25.211470166867734
 21
22.306266674495973
 31
0.0
  0
LINE
  5
215
330
17
100
AcDbEntity
  8
可见轮廓
100
AcDbLine
 10
22.729349246322947
 20
21.744814911470947
 30
0.0
 11
23.80064505511148
 21
22.026699108993096
 31
0.0
  0
LINE
  5
216
330
17
100
AcDbEntity
  8
可见轮廓
100
AcDbLine
 10
22.00000000000005
 20
21.461250122179262
 30
0.0
 11
22.729349246322947
 21
21.744814911470947
 31
0.0
  0
LINE
  5
217
330
17
100
AcDbEntity
  8
可见轮廓
100
AcDbLine
 10
72.0
 20
25.45600805912
 30
0.0
 11
72.0
 21
25.730625061089633
 31
0.0
  0
LINE
  5
218
330
17
100
AcDbEntity
  8
可见轮廓
100
AcDbLine
 10
72.0
 20
25.730625061089633
 30
0.0
 11
72.0
 21
27.728004029559997
 31
0.0
  0
LINE
  5
219
330
17
100
AcDbEntity
  8
可见轮廓
100
AcDbLine
 10
72.0
 20
27.728004029559997
 30
0.0
 11
72.0
 21
30.0
 31
0.0
  0
LINE
  5
21A
330
17
100
AcDbEntity
  8
可见轮廓
100
AcDbLine
 10
22.0
 20
21.4612501221794
 30
0.0
 11
22.0
 21
25.730625061089633
 31
0.0
  0
LINE
  5
21B
330
17
100
AcDbEntity
  8
可见轮廓
100
AcDbLine
 10
22.0
 20
25.730625061089633
 30
0.0
 11
22.0
 21
30.0
 31
0.0
  0
LINE
  5
21C
330
17
100
AcDbEntity
  8
可见轮廓
100
AcDbLine
 10
193.3016754352629
 20
12.0
 30
0.0
 11
193.3016754352629
 21
12.015327416476842
 31
0.0
  0
LINE
  5
21D
330
17
100
AcDbEntity
  8
可见轮廓
100
AcDbLine
 10
193.3016754352629
 20
12.015327416476842
 30
0.0
 11
193.3016754352629
 21
12.05880160394991
 31
0.0
  0
LINE
  5
21E
330
17
100
AcDbEntity
  8
可见轮廓
100
AcDbLine
 10
193.3016754352629
 20
12.05880160394991
 30
0.0
 11
193.3016754352629
 21
12.13002352789225
 31
0.0
  0
LINE
  5
21F
330
17
100
AcDbEntity
  8
可见轮廓
100
AcDbLine
 10
193.3016754352629
 20
12.13002352789225
 30
0.0
 11
193.3016754352629
 21
12.228361402466138
 31
0.0
  0
LINE
  5
220
330
17
100
AcDbEntity
  8
可见轮廓
100
AcDbLine
 10
193.3016754352629
 20
12.228361402466138
 30
0.0
 11
193.3016754352629
 21
12.355020649778488
 31
0.0
  0
LINE
  5
221
330
17
100
AcDbEntity
  8
可见轮廓
100
AcDbLine
 10
193.3016754352629
 20
12.355020649778488
 30
0.0
 11
193.3016754352629
 21
12.506572397718681
 31
0.0
  0
LINE
  5
222
330
17
100
AcDbEntity
  8
可见轮廓
100
AcDbLine
 10
193.3016754352629
 20
12.506572397718681
 30
0.0
 11
193.3016754352629
 21
12.681647540784557
 31
0.0
  0
LINE
  5
223
330
17
100
AcDbEntity
  8
可见轮廓
100
AcDbLine
 10
193.3016754352629
 20
12.681647540784557
 30
0.0
 11
193.3016754352629
 21
12.878679656440355
 31
0.0
  0
LINE
  5
224
330
17
100
AcDbEntity
  8
可见轮廓
100
AcDbLine
 10
193.3016754352629
 20
12.878679656440355
 30
0.0
 11
193.3016754352629
 21
13.097388012353843
 31
0.0
  0
LINE
  5
225
330
17
100
AcDbEntity
  8
可见轮廓
100
AcDbLine
 10
193.3016754352629
 20
13.097388012353843
 30
0.0
 11
193.3016754352629
 21
13.333944940957284
 31
0.0
  0
LINE
  5
226
330
17
100
AcDbEntity
  8
可见轮廓
100
AcDbLine
 10
193.3016754352629
 20
13.333944940957284
 30
0.0
 11
193.3016754352629
 21
13.58621969967504
 31
0.0
  0
LINE
  5
227
330
17
100
AcDbEntity
  8
可见轮廓
100
AcDbLine
 10
193.3016754352629
 20
13.58621969967504
 30
0.0
 11
193.3016754352629
 21
13.851949702904728
 31
0.0
  0
LINE
  5
228
330
17
100
AcDbEntity
  8
可见轮廓
100
AcDbLine
 10
193.3016754352629
 20
13.851949702904728
 30
0.0
 11
193.3016754352629
 21
14.129410802827712
 31
0.0
  0
LINE
  5
229
330
17
100
AcDbEntity
  8
可见轮廓
100
AcDbLine
 10
193.3016754352629
 20
14.129410802827712
 30
0.0
 11
193.3016754352629
 21
14.414959264108422
 31
0.0
  0
LINE
  5
22A
330
17
100
AcDbEntity
  8
可见轮廓
100
AcDbLine
 10
193.3016754352629
 20
14.414959264108422
 30
0.0
 11
193.3016754352629
 21
14.706027093339664
 31
0.0
  0
LINE
  5
22B
330
17
100
AcDbEntity
  8
可见轮廓
100
AcDbLine
 10
193.3016754352629
 20
14.706027093339664
 30
0.0
 11
193.3016754352629
 21
15.0
 31
0.0
  0
LINE
  5
22C
330
17
100
AcDbEntity
  8
可见轮廓
100
AcDbLine
 10
190.3320245706039
 20
15.0
 30
0.0
 11
193.3016754352629
 21
15.0
 31
0.0
  0
LINE
  5
22D
330
17
100
AcDbEntity
  8
可见轮廓
100
AcDbLine
 10
187.36237370594492
 20
15.0
 30
0.0
 11
190.3320245706039
 21
15.0
 31
0.0
  0
LINE
  5
22E
330
17
100
AcDbEntity
  8
可见轮廓
100
AcDbLine
 10
193.3016754352629
 20
35.98467258352313
 30
0.0
 11
193.3016754352629
 21
35.99999999999997
 31
0.0
  0
LINE
  5
22F
330
17
100
AcDbEntity
  8
可见轮廓
100
AcDbLine
 10
193.3016754352629
 20
35.94119839605006
 30
0.0
 11
193.3016754352629
 21
35.98467258352313
 31
0.0
  0
LINE
  5
230
330
17
100
AcDbEntity
  8
可见轮廓
100
AcDbLine
 10
193.3016754352629
 20
35.869976472107716
 30
0.0
 11
193.3016754352629
 21
35.94119839605006
 31
0.0
  0
LINE
  5
231
330
17
100
AcDbEntity
  8
可见轮廓
100
AcDbLine
 10
193.3016754352629
 20
35.77163859753383
 30
0.0
 11
193.3016754352629
 21
35.869976472107716
 31
0.0
  0
LINE
  5
232
330
17
100
AcDbEntity
  8
可见轮廓
100
AcDbLine
 10
193.3016754352629
 20
35.64497935022148
 30
0.0
 11
193.3016754352629
 21
35.77163859753383
 31
0.0
  0
LINE
  5
233
330
17
100
AcDbEntity
  8
可见轮廓
100
AcDbLine
 10
193.3016754352629
 20
35.493427602281294
 30
0.0
 11
193.3016754352629
 21
35.64497935022148
 31
0.0
  0
LINE
  5
234
330
17
100
AcDbEntity
  8
可见轮廓
100
AcDbLine
 10
193.3016754352629
 20
35.31835245921542
 30
0.0
 11
193.3016754352629
 21
35.493427602281294
 31
0.0
  0
LINE
  5
235
330
17
100
AcDbEntity
  8
可见轮廓
100
AcDbLine
 10
193.3016754352629
 20
35.121320343559624
 30
0.0
 11
193.3016754352629
 21
35.31835245921542
 31
0.0
  0
LINE
  5
236
330
17
100
AcDbEntity
  8
可见轮廓
100
AcDbLine
 10
193.3016754352629
 20
34.90261198764613
 30
0.0
 11
193.3016754352629
 21
35.121320343559624
 31
0.0
  0
LINE
  5
237
330
17
100
AcDbEntity
  8
可见轮廓
100
AcDbLine
 10
193.3016754352629
 20
34.66605505904269
 30
0.0
 11
193.3016754352629
 21
34.90261198764613
 31
0.0
  0
LINE
  5
238
330
17
100
AcDbEntity
  8
可见轮廓
100
AcDbLine
 10
193.3016754352629
 20
34.413780300324945
 30
0.0
 11
193.3016754352629
 21
34.66605505904269
 31
0.0
  0
LINE
  5
239
330
17
100
AcDbEntity
  8
可见轮廓
100
AcDbLine
 10
193.3016754352629
 20
34.14805029709526
 30
0.0
 11
193.3016754352629
 21
34.413780300324945
 31
0.0
  0
LINE
  5
23A
330
17
100
AcDbEntity
  8
可见轮廓
100
AcDbLine
 10
193.3016754352629
 20
33.87058919717228
 30
0.0
 11
193.3016754352629
 21
34.14805029709526
 31
0.0
  0
LINE
  5
23B
330
17
100
AcDbEntity
  8
可见轮廓
100
AcDbLine
 10
193.3016754352629
 20
33.58504073589157
 30
0.0
 11
193.3016754352629
 21
33.87058919717228
 31
0.0
  0
LINE
  5
23C
330
17
100
AcDbEntity
  8
可见轮廓
100
AcDbLine
 10
193.3016754352629
 20
33.29397290666033
 30
0.0
 11
193.3016754352629
 21
33.58504073589157
 31
0.0
  0
LINE
  5
23D
330
17
100
AcDbEntity
  8
可见轮廓
100
AcDbLine
 10
193.3016754352629
 20
33.0
 30
0.0
 11
193.3016754352629
 21
33.29397290666033
 31
0.0
  0
LINE
  5
23E
330
17
100
AcDbEntity
  8
可见轮廓
100
AcDbLine
 10
188.41761939906192
 20
33.0
 30
0.0
 11
190.8596474171624
 21
33.0
 31
0.0
  0
LINE
  5
23F
330
17
100
AcDbEntity
  8
可见轮廓
100
AcDbLine
 10
190.8596474171624
 20
33.0
 30
0.0
 11
193.3016754352629
 21
33.0
 31
0.0
  0
LINE
  5
240
330
17
100
AcDbEntity
  8
可见轮廓
100
AcDbLine
 10
184.69265015795077
 20
21.0
 30
0.0
 11
184.76175909600457
 21
21.0
 31
0.0
  0
LINE
  5
241
330
17
100
AcDbEntity
  8
可见轮廓
100
AcDbLine
 10
184.76175909600457
 20
21.0
 30
0.0
 11
184.83675991536072
 21
21.0
 31
0.0
  0
LINE
  5
242
330
17
100
AcDbEntity
  8
可见轮廓
100
AcDbLine
 10
184.83675991536072
 20
21.0
 30
0.0
 11
184.91749015327642
 21
21.0
 31
0.0
  0
LINE
  5
243
330
17
100
AcDbEntity
  8
可见轮廓
100
AcDbLine
 10
184.91749015327642
 20
21.0
 30
0.0
 11
185.00377579309807
 21
21.0
 31
0.0
  0
LINE
  5
244
330
17
100
AcDbEntity
  8
可见轮廓
100
AcDbLine
 10
185.00377579309807
 20
21.0
 30
0.0
 11
185.09585756894646
 21
21.0
 31
0.0
  0
LINE
  5
245
330
17
100
AcDbEntity
  8
可见轮廓
100
AcDbLine
 10
185.09585756894646
 20
21.0
 30
0.0
 11
185.1930708607648
 21
21.0
 31
0.0
  0
LINE
  5
246
330
17
100
AcDbEntity
  8
可见轮廓
100
AcDbLine
 10
185.1930708607648
 20
21.0
 30
0.0
 11
185.29520527077977
 21
21.0
 31
0.0
  0
LINE
  5
247
330
17
100
AcDbEntity
  8
可见轮廓
100
AcDbLine
 10
185.29520527077977
 20
21.0
 30
0.0
 11
185.40204047732078
 21
21.0
 31
0.0
  0
LINE
  5
248
330
17
100
AcDbEntity
  8
可见轮廓
100
AcDbLine
 10
185.40204047732078
 20
21.0
 30
0.0
 11
185.4488988415107
 21
21.0
 31
0.0
  0
LINE
  5
249
330
17
100
AcDbEntity
  8
可见轮廓
100
AcDbLine
 10
185.4488988415107
 20
21.0
 30
0.0
 11
185.4965397106882
 21
21.0
 31
0.0
  0
LINE
  5
24A
330
17
100
AcDbEntity
  8
可见轮廓
100
AcDbLine
 10
185.4965397106882
 20
21.0
 30
0.0
 11
185.54494449818324
 21
21.0
 31
0.0
  0
LINE
  5
24B
330
17
100
AcDbEntity
  8
可见轮廓
100
AcDbLine
 10
185.54494449818324
 20
21.0
 30
0.0
 11
185.5940943393074
 21
21.0
 31
0.0
  0
LINE
  5
24C
330
17
100
AcDbEntity
  8
可见轮廓
100
AcDbLine
 10
185.5940943393074
 20
21.0
 30
0.0
 11
185.6440284820447
 21
21.0
 31
0.0
  0
LINE
  5
24D
330
17
100
AcDbEntity
  8
可见轮廓
100
AcDbLine
 10
185.6440284820447
 20
21.0
 30
0.0
 11
185.69466517944838
 21
21.0
 31
0.0
  0
LINE
  5
24E
330
17
100
AcDbEntity
  8
可见轮廓
100
AcDbLine
 10
185.69466517944838
 20
21.0
 30
0.0
 11
185.74598467773086
 21
21.0
 31
0.0
  0
LINE
  5
24F
330
17
100
AcDbEntity
  8
可见轮廓
100
AcDbLine
 10
185.74598467773086
 20
21.0
 30
0.0
 11
185.79796697460793
 21
21.0
 31
0.0
  0
LINE
  5
250
330
17
100
AcDbEntity
  8
可见轮廓
100
AcDbLine
 10
185.79796697460793
 20
21.0
 30
0.0
 11
185.86945545998026
 21
21.0
 31
0.0
  0
LINE
  5
251
330
17
100
AcDbEntity
  8
可见轮廓
100
AcDbLine
 10
185.86945545998026
 20
21.0
 30
0.0
 11
185.94206204403054
 21
21.0
 31
0.0
  0
LINE
  5
252
330
17
100
AcDbEntity
  8
可见轮廓
100
AcDbLine
 10
185.94206204403054
 20
21.0
 30
0.0
 11
186.01573479302454
 21
21.0
 31
0.0
  0
LINE
  5
253
330
17
100
AcDbEntity
  8
可见轮廓
100
AcDbLine
 10
186.01573479302454
 20
21.0
 30
0.0
 11
186.09042106181525
 21
21.0
 31
0.0
  0
LINE
  5
254
330
17
100
AcDbEntity
  8
可见轮廓
100
AcDbLine
 10
186.09042106181525
 20
21.0
 30
0.0
 11
186.16614167895995
 21
21.0
 31
0.0
  0
LINE
  5
255
330
17
100
AcDbEntity
  8
可见轮廓
100
AcDbLine
 10
186.16614167895995
 20
21.0
 30
0.0
 11
186.24275753697282
 21
21.0
 31
0.0
  0
LINE
  5
256
330
17
100
AcDbEntity
  8
可见轮廓
100
AcDbLine
 10
186.24275753697282
 20
21.0
 30
0.0
 11
186.32021384116504
 21
21.0
 31
0.0
  0
LINE
  5
257
330
17
100
AcDbEntity
  8
可见轮廓
100
AcDbLine
 10
186.32021384116504
 20
21.0
 30
0.0
 11
186.3984552360489
 21
21.0
 31
0.0
  0
LINE
  5
258
330
17
100
AcDbEntity
  8
可见轮廓
100
AcDbLine
 10
186.3984552360489
 20
21.0
 30
0.0
 11
186.45674497081765
 21
21.0
 31
0.0
  0
LINE
  5
259
330
17
100
AcDbEntity
  8
可见轮廓
100
AcDbLine
 10
186.45674497081765
 20
21.0
 30
0.0
 11
186.51540435339444
 21
21.0
 31
0.0
  0
LINE
  5
25A
330
17
100
AcDbEntity
  8
可见轮廓
100
AcDbLine
 10
186.51540435339444
 20
21.0
 30
0.0
 11
186.57441050605067
 21
21.0
 31
0.0
  0
LINE
  5
25B
330
17
100
AcDbEntity
  8
可见轮廓
100
AcDbLine
 10
186.57441050605067
 20
21.0
 30
0.0
 11
186.63374042485526
 21
21.0
 31
0.0
  0
LINE
  5
25C
330
17
100
AcDbEntity
  8
可见轮廓
100
AcDbLine
 10
186.63374042485526
 20
21.0
 30
0.0
 11
186.6933935212462
 21
21.0
 31
0.0
  0
LINE
  5
25D
330
17
100
AcDbEntity
  8
可见轮廓
100
AcDbLine
 10
186.6933935212462
 20
21.0
 30
0.0
 11
186.75331934975827
 21
21.0
 31
0.0
  0
LINE
  5
25E
330
17
100
AcDbEntity
  8
可见轮廓
100
AcDbLine
 10
186.75331934975827
 20
21.0
 30
0.0
 11
186.81349454010007
 21
21.0
 31
0.0
  0
LINE
  5
25F
330
17
100
AcDbEntity
  8
可见轮廓
100
AcDbLine
 10
186.81349454010007
 20
21.0
 30
0.0
 11
186.8738956312282
 21
21.0
 31
0.0
  0
LINE
  5
260
330
17
100
AcDbEntity
  8
可见轮廓
100
AcDbLine
 10
186.8738956312282
 20
21.0
 30
0.0
 11
186.9345133816406
 21
21.0
 31
0.0
  0
LINE
  5
261
330
17
100
AcDbEntity
  8
可见轮廓
100
AcDbLine
 10
186.9345133816406
 20
21.0
 30
0.0
 11
186.99530512560838
 21
21.0
 31
0.0
  0
LINE
  5
262
330
17
100
AcDbEntity
  8
可见轮廓
100
AcDbLine
 10
186.99530512560838
 20
21.0
 30
0.0
 11
187.05624715647895
 21
21.0
 31
0.0
  0
LINE
  5
263
330
17
100
AcDbEntity
  8
可见轮廓
100
AcDbLine
 10
187.05624715647895
 20
21.0
 30
0.0
 11
187.1173157129048
 21
21.0
 31
0.0
  0
LINE
  5
264
330
17
100
AcDbEntity
  8
可见轮廓
100
AcDbLine
 10
187.1173157129048
 20
21.0
 30
0.0
 11
187.17849296221192
 21
21.0
 31
0.0
  0
LINE
  5
265
330
17
100
AcDbEntity
  8
可见轮廓
100
AcDbLine
 10
187.17849296221192
 20
21.0
 30
0.0
 11
187.2397443035756
 21
21.0
 31
0.0
  0
LINE
  5
266
330
17
100
AcDbEntity
  8
可见轮廓
100
AcDbLine
 10
187.2397443035756
 20
21.0
 30
0.0
 11
187.301045852432
 21
21.0
 31
0.0
  0
LINE
  5
267
330
17
100
AcDbEntity
  8
可见轮廓
100
AcDbLine
 10
187.301045852432
 20
21.0
 30
0.0
 11
187.36237370594492
 21
21.0
 31
0.0
  0
LINE
  5
268
330
17
100
AcDbEntity
  8
可见轮廓
100
AcDbLine
 10
187.36237370594492
 20
15.0
 30
0.0
 11
187.36237370594492
 21
18.0
 31
0.0
  0
LINE
  5
269
330
17
100
AcDbEntity
  8
可见轮廓
100
AcDbLine
 10
187.36237370594492
 20
18.0
 30
0.0
 11
187.36237370594492
 21
21.0
 31
0.0
  0
LINE
  5
26A
330
17
100
AcDbEntity
  8
可见轮廓
100
AcDbLine
 10
187.36237370594492
 20
21.0
 30
0.0
 11
187.88999655250336
 21
21.0
 31
0.0
  0
LINE
  5
26B
330
17
100
AcDbEntity
  8
可见轮廓
100
AcDbLine
 10
187.88999655250336
 20
21.0
 30
0.0
 11
188.41761939906192
 21
21.0
 31
0.0
  0
LINE
  5
26C
330
17
100
AcDbEntity
  8
可见轮廓
100
AcDbLine
 10
21.214285714285694
 20
21.0
 30
0.0
 11
91.10625000000026
 21
21.0
 31
0.0
  0
LINE
  5
26D
330
17
100
AcDbEntity
  8
可见轮廓
100
AcDbLine
 10
91.10625000000026
 20
21.0
 30
0.0
 11
160.9982142857139
 21
21.0
 31
0.0
  0
LINE
  5
26E
330
17
100
AcDbEntity
  8
可见轮廓
100
AcDbLine
 10
187.36237370594492
 20
21.0
 30
0.0
 11
187.36237370594492
 21
21.067388086734876
 31
0.0
  0
LINE
  5
26F
330
17
100
AcDbEntity
  8
可见轮廓
100
AcDbLine
 10
187.36237370594492
 20
21.067388086734876
 30
0.0
 11
187.36237370594492
 21
21.13474127392367
 31
0.0
  0
LINE
  5
270
330
17
100
AcDbEntity
  8
可见轮廓
100
AcDbLine
 10
187.36237370594492
 20
21.13474127392367
 30
0.0
 11
187.36237370594492
 21
21.20202785150742
 31
0.0
  0
LINE
  5
271
330
17
100
AcDbEntity
  8
可见轮廓
100
AcDbLine
 10
187.36237370594492
 20
21.20202785150742
 30
0.0
 11
187.36237370594492
 21
21.269216138697427
 31
0.0
  0
LINE
  5
272
330
17
100
AcDbEntity
  8
可见轮廓
100
AcDbLine
 10
187.36237370594492
 20
21.269216138697427
 30
0.0
 11
187.36237370594492
 21
21.336260249274417
 31
0.0
  0
LINE
  5
273
330
17
100
AcDbEntity
  8
可见轮廓
100
AcDbLine
 10
187.36237370594492
 20
21.336260249274417
 30
0.0
 11
187.36237370594492
 21
21.40313655198092
 31
0.0
  0
LINE
  5
274
330
17
100
AcDbEntity
  8
可见轮廓
100
AcDbLine
 10
187.36237370594492
 20
21.40313655198092
 30
0.0
 11
187.36237370594492
 21
21.46981356336619
 31
0.0
  0
LINE
  5
275
330
17
100
AcDbEntity
  8
可见轮廓
100
AcDbLine
 10
187.36237370594492
 20
21.46981356336619
 30
0.0
 11
187.36237370594492
 21
21.536259887554042
 31
0.0
  0
LINE
  5
276
330
17
100
AcDbEntity
  8
可见轮廓
100
AcDbLine
 10
187.36237370594492
 20
21.536259887554042
 30
0.0
 11
187.36237370594492
 21
21.602419021922366
 31
0.0
  0
LINE
  5
277
330
17
100
AcDbEntity
  8
可见轮廓
100
AcDbLine
 10
187.36237370594492
 20
21.602419021922366
 30
0.0
 11
187.36237370594492
 21
21.668278794190392
 31
0.0
  0
LINE
  5
278
330
17
100
AcDbEntity
  8
可见轮廓
100
AcDbLine
 10
187.36237370594492
 20
21.668278794190392
 30
0.0
 11
187.36237370594492
 21
21.733808201565445
 31
0.0
  0
LINE
  5
279
330
17
100
AcDbEntity
  8
可见轮廓
100
AcDbLine
 10
187.36237370594492
 20
21.733808201565445
 30
0.0
 11
187.36237370594492
 21
21.798976386427075
 31
0.0
  0
LINE
  5
27A
330
17
100
AcDbEntity
  8
可见轮廓
100
AcDbLine
 10
187.36237370594492
 20
21.798976386427075
 30
0.0
 11
187.36237370594492
 21
21.863716685687812
 31
0.0
  0
LINE
  5
27B
330
17
100
AcDbEntity
  8
可见轮廓
100
AcDbLine
 10
187.36237370594492
 20
21.863716685687812
 30
0.0
 11
187.36237370594492
 21
21.928028484265532
 31
0.0
  0
LINE
  5
27C
330
17
100
AcDbEntity
  8
可见轮廓
100
AcDbLine
 10
187.36237370594492
 20
21.928028484265532
 30
0.0
 11
187.36237370594492
 21
21.991881510196944
 31
0.0
  0
LINE
  5
27D
330
17
100
AcDbEntity
  8
可见轮廓
100
AcDbLine
 10
187.36237370594492
 20
21.991881510196944
 30
0.0
 11
187.36237370594492
 21
22.0552456931172
 31
0.0
  0
LINE
  5
27E
330
17
100
AcDbEntity
  8
可见轮廓
100
AcDbLine
 10
21.2142857142857
 20
2.0
 30
0.0
 11
21.2142857142857
 21
11.5
 31
0.0
  0
LINE
  5
27F
330
17
100
AcDbEntity
  8
可见轮廓
100
AcDbLine
 10
21.2142857142857
 20
11.5
 30
0.0
 11
21.2142857142857
 21
16.0
 31
0.0
  0
LINE
  5
280
330
17
100
AcDbEntity
  8
可见轮廓
100
AcDbLine
 10
21.2142857142857
 20
16.0
 30
0.0
 11
21.2142857142857
 21
21.0
 31
0.0
  0
LINE
  5
281
330
17
100
AcDbEntity
  8
可见轮廓
100
AcDbLine
 10
22.0
 20
21.20065778795122
 30
0.0
 11
22.0
 21
24.0
 31
0.0
  0
LINE
  5
282
330
17
100
AcDbEntity
  8
可见轮廓
100
AcDbLine
 10
189.62697956708254
 20
12.000000000000005
 30
0.0
 11
190.48245073725212
 21
12.000000000000005
 31
0.0
  0
LINE
  5
283
330
17
100
AcDbEntity
  8
可见轮廓
100
AcDbLine
 10
186.71887645475803
 20
9.000000000000014
 30
0.0
 11
187.4803846124817
 21
9.000000000000014
 31
0.0
  0
LINE
  5
284
330
17
100
AcDbEntity
  8
可见轮廓
100
AcDbLine
 10
160.9982142857139
 20
21.0
 30
0.0
 11
184.6926501579506
 21
21.0
 31
0.0
  0
LINE
  5
285
330
17
100
AcDbEntity
  8
可见轮廓
100
AcDbLine
 10
160.99821428571389
 20
2.0
 30
0.0
 11
187.4803846124817
 21
2.0
 31
0.0
  0
LINE
  5
286
330
17
100
AcDbEntity
  8
可见轮廓
100
AcDbLine
 10
184.73186373758648
 20
21.000000000000007
 30
0.0
 11
187.91191002347657
 21
21.000000000000004
 31
0.0
  0
LINE
  5
287
330
17
100
AcDbEntity
  8
可见轮廓
100
AcDbLine
 10
182.41761939906192
 20
24.0
 30
0.0
 11
182.69984421027704
 21
24.0
 31
0.0
  0
LINE
  5
288
330
17
100
AcDbEntity
  8
可见轮廓
100
AcDbLine
 10
185.41761939906192
 20
27.0
 30
0.0
 11
185.55873180469248
 21
27.0
 31
0.0
  0
LINE
  5
289
330
17
100
AcDbEntity
  8
可见轮廓
100
AcDbLine
 10
185.41761939906192
 20
33.0
 30
0.0
 11
188.41761939906192
 21
33.0
 31
0.0
  0
LINE
  5
28A
330
17
100
AcDbEntity
  8
可见轮廓
100
AcDbLine
 10
84.2586081754724
 20
24.0
 30
0.0
 11
95.0
 21
24.0
 31
0.0
  0
LINE
  5
28B
330
17
100
AcDbEntity
  8
可见轮廓
100
AcDbLine
 10
188.41761939906192
 20
33.0
 30
0.0
 11
188.41761939906192
 21
36.0
 31
0.0
  0
LINE
  5
28C
330
17
100
AcDbEntity
  8
可见轮廓
100
AcDbLine
 10
193.3016754352629
 20
33.0
 30
0.0
 11
193.3016754352629
 21
36.0
 31
0.0
  0
LINE
  5
28D
330
17
100
AcDbEntity
  8
可见轮廓
100
AcDbLine
 10
22.000000000000142
 20
21.4612501221796
 30
0.0
 11
22.117508372575664
 21
21.23062506108993
 31
0.0
  0
LINE
  5
28E
330
17
100
AcDbEntity
  8
可见轮廓
100
AcDbLine
 10
71.99999999999999
 20
25.45600805912
 30
0.0
 11
72.07892418890192
 21
23.22800402956
 31
0.0
  0
LINE
  5
28F
330
17
100
AcDbEntity
  8
可见轮廓
100
AcDbLine
 10
82.6596592830195
 20
27.0
 30
0.0
 11
92.0
 21
27.0
 31
0.0
  0
LINE
  5
290
330
17
100
AcDbEntity
  8
可见轮廓
100
AcDbLine
 10
72.0
 20
30.0
 30
0.0
 11
72.0
 21
30.0
 31
0.0
  0
LINE
  5
291
330
17
100
AcDbEntity
  8
可见轮廓
100
AcDbLine
 10
193.3016754352619
 20
15.0
 30
0.0
 11
193.30167543526193
 21
12.0
 31
0.0
  0
LINE
  5
292
330
17
100
AcDbEntity
  8
可见轮廓
100
AcDbLine
 10
21.999999999999996
 20
30.0
 30
0.0
 11
22.000000000000004
 21
30.0
 31
0.0
  0
LINE
  5
293
330
17
100
AcDbEntity
  8
可见轮廓
100
AcDbLine
 10
22.0
 20
2.0
 30
0.0
 11
22.0
 21
2.0
 31
0.0
  0
LINE
  5
294
330
17
100
AcDbEntity
  8
可见轮廓
100
AcDbLine
 10
72.0
 20
2.0
 30
0.0
 11
72.0
 21
2.0
 31
0.0
  0
LINE
  5
295
330
17
100
AcDbEntity
  8
可见轮廓
100
AcDbLine
 10
146.2999999999999
 20
2.0
 30
0.0
 11
177.66812049991947
 21
2.0
 31
0.0
  0
LINE
  5
296
330
17
100
AcDbEntity
  8
可见轮廓
100
AcDbLine
 10
21.214285714285694
 20
2.0
 30
0.0
 11
21.2142857142857
 21
2.0
 31
0.0
  0
LINE
  5
297
330
17
100
AcDbEntity
  8
可见轮廓
100
AcDbLine
 10
21.999999999999996
 20
24.0
 30
0.0
 11
22.000000000000004
 21
24.0
 31
0.0
  0
LINE
  5
298
330
17
100
AcDbEntity
  8
可见轮廓
100
AcDbLine
 10
136.4999999999999
 20
2.0
 30
0.0
 11
187.4803846124817
 21
2.0
 31
0.0
  0
LINE
  5
299
330
17
100
AcDbEntity
  8
可见轮廓
100
AcDbLine
 10
136.4999999999999
 20
46.0
 30
0.0
 11
187.4803846124817
 21
46.0
 31
0.0
  0
LINE
  5
29A
330
17
100
AcDbEntity
  8
可见轮廓
100
AcDbLine
 10
146.2999999999999
 20
46.0
 30
0.0
 11
177.66812049991947
 21
46.0
 31
0.0
  0
LINE
  5
29B
330
17
100
AcDbEntity
  8
可见轮廓
100
AcDbLine
 10
160.99821428571389
 20
2.0
 30
0.0
 11
160.99821428571389
 21
21.0
 31
0.0
  0
LINE
  5
29C
330
17
100
AcDbEntity
  8
可见轮廓
100
AcDbLine
 10
160.99821428571389
 20
21.0
 30
0.0
 11
187.4803846124817
 21
21.0
 31
0.0
  0
LINE
  5
29D
330
17
100
AcDbEntity
  8
可见轮廓
100
AcDbLine
 10
187.91191002347657
 20
13.9885812488287
 30
0.0
 11
187.91191002347657
 21
21.000000000000007
 31
0.0
  0
LINE
  5
29E
330
17
100
AcDbEntity
  8
可见轮廓
100
AcDbLine
 10
184.73186373758645
 20
13.9885812488287
 30
0.0
 11
187.91191002347657
 21
13.9885812488287
 31
0.0
  0
LINE
  5
29F
330
17
100
AcDbEntity
  8
可见轮廓
100
AcDbLine
 10
188.41761939906192
 20
14.494290624414196
 30
0.0
 11
188.41761939906192
 21
33.0
 31
0.0
  0
LINE
  5
2A0
330
17
100
AcDbEntity
  8
可见轮廓
100
AcDbLine
 10
185.41761939906192
 20
14.494290624414196
 30
0.0
 11
188.41761939906192
 21
14.494290624414196
 31
0.0
  0
LINE
  5
2A1
330
17
100
AcDbEntity
  8
可见轮廓
100
AcDbLine
 10
188.41761939906192
 20
36.0
 30
0.0
 11
193.3016754352629
 21
36.0
 31
0.0
  0
LINE
  5
2A2
330
17
100
AcDbEntity
  8
可见轮廓
100
AcDbLine
 10
188.41761939906192
 20
33.0
 30
0.0
 11
193.3016754352629
 21
33.0
 31
0.0
  0
LINE
  5
2A3
330
17
100
AcDbEntity
  8
可见轮廓
100
AcDbLine
 10
92.0
 20
25.45600805912
 30
0.0
 11
92.0
 21
30.0
 31
0.0
  0
LINE
  5
2A4
330
17
100
AcDbEntity
  8
可见轮廓
100
AcDbLine
 10
72.0
 20
25.45600805912
 30
0.0
 11
72.0
 21
30.0
 31
0.0
  0
LINE
  5
2A5
330
17
100
AcDbEntity
  8
可见轮廓
100
AcDbLine
 10
72.0
 20
25.45600805912
 30
0.0
 11
72.0
 21
25.45600805912
 31
0.0
  0
LINE
  5
2A6
330
17
100
AcDbEntity
  8
可见轮廓
100
AcDbLine
 10
187.36237370594492
 20
12.0
 30
0.0
 11
193.3016754352629
 21
12.0
 31
0.0
  0
LINE
  5
2A7
330
17
100
AcDbEntity
  8
可见轮廓
100
AcDbLine
 10
187.4493495857429
 20
15.0
 30
0.0
 11
193.3016754352629
 21
15.000000000000002
 31
0.0
  0
LINE
  5
2A8
330
17
100
AcDbEntity
  8
可见轮廓
100
AcDbLine
 10
193.3016754352629
 20
12.0
 30
0.0
 11
193.3016754352629
 21
15.000000000000002
 31
0.0
  0
LINE
  5
2A9
330
17
100
AcDbEntity
  8
可见轮廓
100
AcDbLine
 10
187.4493495857429
 20
12.0
 30
0.0
 11
187.4493495857429
 21
15.0
 31
0.0
  0
LINE
  5
2AA
330
17
100
AcDbEntity
  8
可见轮廓
100
AcDbLine
 10
187.4803846124817
 20
2.0
 30
0.0
 11
187.4803846124817
 21
21.0
 31
0.0
  0
LINE
  5
2AB
330
17
100
AcDbEntity
  8
可见轮廓
100
AcDbLine
 10
16.0
 20
2.0
 30
0.0
 11
16.0
 21
30.0
 31
0.0
  0
LINE
  5
2AC
330
17
100
AcDbEntity
  8
可见轮廓
100
AcDbLine
 10
22.0
 20
2.0
 30
0.0
 11
22.0
 21
30.0
 31
0.0
  0
LINE
  5
2AD
330
17
100
AcDbEntity
  8
可见轮廓
100
AcDbLine
 10
78.0
 20
2.0
 30
0.0
 11
78.0
 21
30.0
 31
0.0
  0
LINE
  5
2AE
330
17
100
AcDbEntity
  8
可见轮廓
100
AcDbLine
 10
72.0
 20
2.0
 30
0.0
 11
72.0
 21
30.0
 31
0.0
  0
LINE
  5
2AF
330
17
100
AcDbEntity
  8
可见轮廓
100
AcDbLine
 10
146.2999999999999
 20
2.0
 30
0.0
 11
146.2999999999999
 21
24.0
 31
0.0
  0
LINE
  5
2B0
330
17
100
AcDbEntity
  8
可见轮廓
100
AcDbLine
 10
177.66812049991947
 20
2.0
 30
0.0
 11
177.66812049991947
 21
24.0
 31
0.0
  0
LINE
  5
2B1
330
17
100
AcDbEntity
  8
可见轮廓
100
AcDbLine
 10
2.0
 20
2.0
 30
0.0
 11
2.0
 21
30.0
 31
0.0
  0
LINE
  5
2B2
330
17
100
AcDbEntity
  8
可见轮廓
100
AcDbLine
 10
16.0
 20
2.0
 30
0.0
 11
16.0
 21
24.0
 31
0.0
  0
LINE
  5
2B3
330
17
100
AcDbEntity
  8
可见轮廓
100
AcDbLine
 10
22.0
 20
2.0
 30
0.0
 11
22.0
 21
24.0
 31
0.0
  0
LINE
  5
2B4
330
17
100
AcDbEntity
  8
可见轮廓
100
AcDbLine
 10
78.0
 20
2.0
 30
0.0
 11
78.0
 21
24.0
 31
0.0
  0
LINE
  5
2B5
330
17
100
AcDbEntity
  8
可见轮廓
100
AcDbLine
 10
72.0
 20
2.0
 30
0.0
 11
72.0
 21
24.0
 31
0.0
  0
LINE
  5
2B6
330
17
100
AcDbEntity
  8
可见轮廓
100
AcDbLine
 10
92.0
 20
2.0
 30
0.0
 11
92.0
 21
24.0
 31
0.0
  0
LINE
  5
2B7
330
17
100
AcDbEntity
  8
可见轮廓
100
AcDbLine
 10
2.0
 20
2.0
 30
0.0
 11
2.0
 21
24.0
 31
0.0
  0
LINE
  5
2B8
330
17
100
AcDbEntity
  8
可见轮廓
100
AcDbLine
 10
136.4999999999999
 20
2.0
 30
0.0
 11
136.4999999999999
 21
46.0
 31
0.0
  0
LINE
  5
2B9
330
17
100
AcDbEntity
  8
可见轮廓
100
AcDbLine
 10
187.4803846124817
 20
2.0
 30
0.0
 11
187.4803846124817
 21
46.0
 31
0.0
  0
LINE
  5
2BA
330
17
100
AcDbEntity
  8
可见轮廓
100
AcDbLine
 10
146.2999999999999
 20
2.0
 30
0.0
 11
146.2999999999999
 21
46.0
 31
0.0
  0
LINE
  5
2BB
330
17
100
AcDbEntity
  8
可见轮廓
100
AcDbLine
 10
177.66812049991947
 20
2.0
 30
0.0
 11
177.66812049991947
 21
46.0
 31
0.0
  0
LINE
  5
2BC
330
17
100
AcDbEntity
  8
可见轮廓
100
AcDbLine
 10
187.4803846124819
 20
9.00000000000001
 30
0.0
 11
187.54151831500022
 21
9.584784908862755
 31
0.0
  0
LINE
  5
2BD
330
17
100
AcDbEntity
  8
可见轮廓
100
AcDbLine
 10
187.54151831500022
 20
9.584784908862755
 30
0.0
 11
187.70904277831374
 21
10.148345814770162
 31
0.0
  0
LINE
  5
2BE
330
17
100
AcDbEntity
  8
可见轮廓
100
AcDbLine
 10
187.70904277831374
 20
10.148345814770162
 30
0.0
 11
187.9894991810482
 21
10.665159690942337
 31
0.0
  0
LINE
  5
2BF
330
17
100
AcDbEntity
  8
可见轮廓
100
AcDbLine
 10
187.9894991810482
 20
10.665159690942337
 30
0.0
 11
188.36003093294062
 21
11.121632853504249
 31
0.0
  0
LINE
  5
2C0
330
17
100
AcDbEntity
  8
可见轮廓
100
AcDbLine
 10
188.36003093294062
 20
11.121632853504249
 30
0.0
 11
188.8169372919933
 21
11.491762812041173
 31
0.0
  0
LINE
  5
2C1
330
17
100
AcDbEntity
  8
可见轮廓
100
AcDbLine
 10
188.8169372919933
 20
11.491762812041173
 30
0.0
 11
189.33393145043937
 21
11.771749549295842
 31
0.0
  0
LINE
  5
2C2
330
17
100
AcDbEntity
  8
可见轮廓
100
AcDbLine
 10
189.33393145043937
 20
11.771749549295842
 30
0.0
 11
189.8976534278821
 21
11.93898395939709
 31
0.0
  0
LINE
  5
2C3
330
17
100
AcDbEntity
  8
可见轮廓
100
AcDbLine
 10
189.8976534278821
 20
11.93898395939709
 30
0.0
 11
190.4824507372519
 21
12.0
 31
0.0
  0
LINE
  5
2C4
330
17
100
AcDbEntity
  8
可见轮廓
100
AcDbLine
 10
185.30049149350884
 20
11.123385247558092
 30
0.0
 11
185.58357004570044
 21
10.390355331177895
 31
0.0
  0
LINE
  5
2C5
330
17
100
AcDbEntity
  8
可见轮廓
100
AcDbLine
 10
185.05184658536444
 20
11.982475277244239
 30
0.0
 11
185.30049149350884
 21
11.123385247558092
 31
0.0
  0
LINE
  5
2C6
330
17
100
AcDbEntity
  8
可见轮廓
100
AcDbLine
 10
184.8563967048774
 20
12.947208306002087
 30
0.0
 11
185.05184658536444
 21
11.982475277244239
 31
0.0
  0
LINE
  5
2C7
330
17
100
AcDbEntity
  8
可见轮廓
100
AcDbLine
 10
184.7318637375859
 20
13.9885812488287
 30
0.0
 11
184.8563967048774
 21
12.947208306002087
 31
0.0
  0
LINE
  5
2C8
330
17
100
AcDbEntity
  8
可见轮廓
100
AcDbLine
 10
184.7318637375859
 20
13.9885812488287
 30
0.0
 11
184.94664125855047
 21
14.029045604403866
 31
0.0
  0
LINE
  5
2C9
330
17
100
AcDbEntity
  8
可见轮廓
100
AcDbLine
 10
184.94664125855047
 20
14.029045604403866
 30
0.0
 11
185.20863882973154
 21
14.070333986828832
 31
0.0
  0
LINE
  5
2CA
330
17
100
AcDbEntity
  8
可见轮廓
100
AcDbLine
 10
185.20863882973154
 20
14.070333986828832
 30
0.0
 11
185.51383649193994
 21
14.111885422846774
 31
0.0
  0
LINE
  5
2CB
330
17
100
AcDbEntity
  8
可见轮廓
100
AcDbLine
 10
185.51383649193994
 20
14.111885422846774
 30
0.0
 11
185.8551209732506
 21
14.152699206517447
 31
0.0
  0
LINE
  5
2CC
330
17
100
AcDbEntity
  8
可见轮廓
100
AcDbLine
 10
185.8551209732506
 20
14.152699206517447
 30
0.0
 11
186.22667405668363
 21
14.19187766094143
 31
0.0
  0
LINE
  5
2CD
330
17
100
AcDbEntity
  8
可见轮廓
100
AcDbLine
 10
186.22667405668363
 20
14.19187766094143
 30
0.0
 11
186.62179775360013
 21
14.22843648963535
 31
0.0
  0
LINE
  5
2CE
330
17
100
AcDbEntity
  8
可见轮廓
100
AcDbLine
 10
186.62179775360013
 20
14.22843648963535
 30
0.0
 11
187.03139732394655
 21
14.26105630819423
 31
0.0
  0
LINE
  5
2CF
330
17
100
AcDbEntity
  8
可见轮廓
100
AcDbLine
 10
187.03139732394655
 20
14.26105630819423
 30
0.0
 11
187.4493495857429
 21
14.2886708938011
 31
0.0
  0
LINE
  5
2D0
330
17
100
AcDbEntity
  8
可见轮廓
100
AcDbLine
 10
187.44951811631233
 20
14.28874614978419
 30
0.0
 11
187.45588753893728
 21
14.263478731248183
 31
0.0
  0
LINE
  5
2D1
330
17
100
AcDbEntity
  8
可见轮廓
100
AcDbLine
 10
187.45588753893728
 20
14.263478731248183
 30
0.0
 11
187.46246710057733
 21
14.238280835202989
 31
0.0
  0
LINE
  5
2D2
330
17
100
AcDbEntity
  8
可见轮廓
100
AcDbLine
 10
187.46246710057733
 20
14.238280835202989
 30
0.0
 11
187.46925459328833
 21
14.21315413690859
 31
0.0
  0
LINE
  5
2D3
330
17
100
AcDbEntity
  8
可见轮廓
100
AcDbLine
 10
187.48344454014668
 20
14.163121034612173
 30
0.0
 11
187.49084257840576
 21
14.13821798113014
 31
0.0
  0
LINE
  5
2D4
330
17
100
AcDbEntity
  8
可见轮廓
100
AcDbLine
 10
187.49084257840576
 20
14.13821798113014
 30
0.0
 11
187.4984397159592
 21
14.113392826438888
 31
0.0
  0
LINE
  5
2D5
330
17
100
AcDbEntity
  8
可见轮廓
100
AcDbLine
 10
186.98500776922228
 20
25.419904328961227
 30
0.0
 11
187.35952819088615
 21
24.490289690836875
 31
0.0
  0
LINE
  5
2D6
330
17
100
AcDbEntity
  8
可见轮廓
100
AcDbLine
 10
187.35952819088615
 20
24.490289690836875
 30
0.0
 11
187.655434208903
 21
23.414365384577128
 31
0.0
  0
LINE
  5
2D7
330
17
100
AcDbEntity
  8
可见轮廓
100
AcDbLine
 10
187.655434208903
 20
23.414365384577128
 30
0.0
 11
187.84590176567758
 21
22.235039959399614
 31
0.0
  0
LINE
  5
2D8
330
17
100
AcDbEntity
  8
可见轮廓
100
AcDbLine
 10
187.84590176567758
 20
22.235039959399614
 30
0.0
 11
187.9119100234759
 21
21.0
 31
0.0
  0
LINE
  5
2D9
330
17
100
AcDbEntity
  8
可见轮廓
100
AcDbLine
 10
187.86333069571276
 20
14.450356545333827
 30
0.0
 11
187.9119100234759
 21
14.4942906244144
 31
0.0
  0
LINE
  5
2DA
330
17
100
AcDbEntity
  8
可见轮廓
100
AcDbLine
 10
187.81071845114076
 20
14.410824053407296
 30
0.0
 11
187.86333069571276
 21
14.450356545333827
 31
0.0
  0
LINE
  5
2DB
330
17
100
AcDbEntity
  8
可见轮廓
100
AcDbLine
 10
187.75745682251042
 20
14.377822970353579
 30
0.0
 11
187.81071845114076
 21
14.410824053407296
 31
0.0
  0
LINE
  5
2DC
330
17
100
AcDbEntity
  8
可见轮廓
100
AcDbLine
 10
187.70133226331762
 20
14.349882566960574
 30
0.0
 11
187.75745682251042
 21
14.377822970353579
 31
0.0
  0
LINE
  5
2DD
330
17
100
AcDbEntity
  8
可见轮廓
100
AcDbLine
 10
187.64094899676098
 20
14.326187905311514
 30
0.0
 11
187.70133226331762
 21
14.349882566960574
 31
0.0
  0
LINE
  5
2DE
330
17
100
AcDbEntity
  8
可见轮廓
100
AcDbLine
 10
187.57775084428118
 20
14.307787911560515
 30
0.0
 11
187.64094899676098
 21
14.326187905311514
 31
0.0
  0
LINE
  5
2DF
330
17
100
AcDbEntity
  8
可见轮廓
100
AcDbLine
 10
187.5132937168439
 20
14.295295382597832
 30
0.0
 11
187.57775084428118
 21
14.307787911560515
 31
0.0
  0
LINE
  5
2E0
330
17
100
AcDbEntity
  8
可见轮廓
100
AcDbLine
 10
187.4493495857429
 20
14.2886708938011
 30
0.0
 11
187.5132937168439
 21
14.295295382597832
 31
0.0
  0
LINE
  5
2E1
330
17
100
AcDbEntity
  8
可见轮廓
100
AcDbLine
 10
21.77875147221693
 20
21.14419730014875
 30
0.0
 11
21.8916680718858
 21
21.173018114492592
 31
0.0
  0
LINE
  5
2E2
330
17
100
AcDbEntity
  8
可见轮廓
100
AcDbLine
 10
21.552935598779936
 20
21.086531014180242
 30
0.0
 11
21.665839966211728
 21
21.115367598390662
 31
0.0
  0
LINE
  5
2E3
330
17
100
AcDbEntity
  8
可见轮廓
100
AcDbLine
 10
21.327156459275546
 20
21.02884521825004
 30
0.0
 11
21.440040414831298
 21
21.057689552479395
 31
0.0
  0
LINE
  5
2E4
330
17
100
AcDbEntity
  8
可见轮廓
100
AcDbLine
 10
21.2142857142857
 20
21.0
 30
0.0
 11
21.31243892562528
 21
21.057690436500025
 31
0.0
  0
LINE
  5
2E5
330
17
100
AcDbEntity
  8
可见轮廓
100
AcDbLine
 10
21.410613100015762
 20
21.11537910495869
 30
0.0
 11
21.50880651493857
 21
21.173062028360356
 31
0.0
  0
LINE
  5
2E6
330
17
100
AcDbEntity
  8
可见轮廓
100
AcDbLine
 10
21.60701739332121
 20
21.230735196781186
 30
0.0
 11
21.70524395809119
 21
21.288394600297355
 31
0.0
  0
LINE
  5
2E7
330
17
100
AcDbEntity
  8
可见轮廓
100
AcDbLine
 10
21.803484432176027
 20
21.34603622898503
 30
0.0
 11
21.901737038503228
 21
21.40365607292039
 31
0.0
  0
LINE
  5
2E8
330
17
100
AcDbEntity
  8
可见轮廓
100
AcDbLine
 10
78.4331369222613
 20
23.635950746030623
 30
0.0
 11
79.95277968545982
 21
23.770522082670304
 31
0.0
  0
LINE
  5
2E9
330
17
100
AcDbEntity
  8
可见轮廓
100
AcDbLine
 10
76.88080126697318
 20
23.499748836763274
 30
0.0
 11
78.4331369222613
 21
23.635950746030623
 31
0.0
  0
LINE
  5
2EA
330
17
100
AcDbEntity
  8
可见轮廓
100
AcDbLine
 10
75.30108572769441
 20
23.377161102804628
 30
0.0
 11
76.88080126697318
 21
23.499748836763274
 31
0.0
  0
LINE
  5
2EB
330
17
100
AcDbEntity
  8
可见轮廓
100
AcDbLine
 10
73.69884935887862
 20
23.28200278768596
 30
0.0
 11
75.30108572769441
 21
23.377161102804628
 31
0.0
  0
LINE
  5
2EC
330
17
100
AcDbEntity
  8
可见轮廓
100
AcDbLine
 10
72.07892418890191
 20
23.22800402956
 30
0.0
 11
73.69884935887862
 21
23.28200278768596
 31
0.0
  0
ARC
  5
2ED
330
17
100
AcDbEntity
  8
可见轮廓
100
AcDbCircle
 10
188.4192164775309
 20
33.0
 30
0.0
 40
3.0
100
AcDbArc
 50
90.0
 51
135.0000000000002
  0
ARC
  5
2EE
330
17
100
AcDbEntity
  8
可见轮廓
100
AcDbCircle
 10
188.4192164775309
 20
33.0
 30
0.0
 40
3.0
100
AcDbArc
 50
90.0
 51
108.20462469143791
  0
ARC
  5
2EF
330
17
100
AcDbEntity
  8
可见轮廓
100
AcDbCircle
 10
193.2992164775309
 20
24.0
 30
0.0
 40
12.0
100
AcDbArc
 50
-89.99999999999525
 51
2.3239252872560095e-12
  0
ARC
  5
2F0
330
17
100
AcDbEntity
  8
可见轮廓
100
AcDbCircle
 10
193.2992164775309
 20
24.0
 30
0.0
 40
12.0
100
AcDbArc
 50
2.3408882455571482e-12
 51
89.99999999999525
  0
ARC
  5
2F1
330
17
100
AcDbEntity
  8
可见轮廓
100
AcDbCircle
 10
193.2992164775309
 20
24.0
 30
0.0
 40
12.0
100
AcDbArc
 50
-24.624318352164067
 51
-8.481479150569379e-14
  0
ARC
  5
2F2
330
17
100
AcDbEntity
  8
可见轮廓
100
AcDbCircle
 10
193.2992164775309
 20
24.0
 30
0.0
 40
9.0
100
AcDbArc
 50
80.20992544015903
 51
89.99999999999366
  0
ARC
  5
2F3
330
17
100
AcDbEntity
  8
可见轮廓
100
AcDbCircle
 10
193.2992164775309
 20
24.0
 30
0.0
 40
9.0
100
AcDbArc
 50
-2.3295796066897227e-12
 51
80.20992544015903
  0
ARC
  5
2F4
330
17
100
AcDbEntity
  8
可见轮廓
100
AcDbCircle
 10
193.2992164775309
 20
24.0
 30
0.0
 40
9.0
100
AcDbArc
 50
-80.20992544015903
 51
-2.3521968844245742e-12
  0
ARC
  5
2F5
330
17
100
AcDbEntity
  8
可见轮廓
100
AcDbCircle
 10
193.2992164775309
 20
24.0
 30
0.0
 40
9.0
100
AcDbArc
 50
-89.99999999999366
 51
-80.20992544015903
  0
LINE
  5
2F6
330
17
100
AcDbEntity
  8
隐藏线
100
AcDbLine
 10
190.46659678007083
 20
12.000000000000005
 30
0.0
 11
190.48245073725212
 21
12.000000000000005
 31
0.0
  0
LINE
  5
2F7
330
17
100
AcDbEntity
  8
隐藏线
100
AcDbLine
 10
190.44587311082623
 20
12.000000000000005
 30
0.0
 11
190.46659678007083
 21
12.000000000000005
 31
0.0
  0
LINE
  5
2F8
330
17
100
AcDbEntity
  8
隐藏线
100
AcDbLine
 10
190.42028313239408
 20
12.000000000000005
 30
0.0
 11
190.44587311082623
 21
12.000000000000005
 31
0.0
  0
LINE
  5
2F9
330
17
100
AcDbEntity
  8
隐藏线
100
AcDbLine
 10
190.35411741338964
 20
12.000000000000005
 30
0.0
 11
190.38983098764672
 21
12.000000000000005
 31
0.0
  0
LINE
  5
2FA
330
17
100
AcDbEntity
  8
隐藏线
100
AcDbLine
 10
190.31355353093718
 20
12.000000000000005
 30
0.0
 11
190.35411741338964
 21
12.000000000000005
 31
0.0
  0
LINE
  5
2FB
330
17
100
AcDbEntity
  8
隐藏线
100
AcDbLine
 10
190.21790211904482
 20
12.000000000000005
 30
0.0
 11
190.26814597555042
 21
12.000000000000005
 31
0.0
  0
LINE
  5
2FC
330
17
100
AcDbEntity
  8
隐藏线
100
AcDbLine
 10
190.21749786073755
 20
12.000000000000005
 30
0.0
 11
190.21790211904482
 21
12.000000000000005
 31
0.0
  0
LINE
  5
2FD
330
17
100
AcDbEntity
  8
隐藏线
100
AcDbLine
 10
190.1584390866486
 20
12.000000000000005
 30
0.0
 11
190.2146600594309
 21
12.000000000000005
 31
0.0
  0
LINE
  5
2FE
330
17
100
AcDbEntity
  8
隐藏线
100
AcDbLine
 10
190.09732752307437
 20
12.000000000000005
 30
0.0
 11
190.1584390866486
 21
12.000000000000005
 31
0.0
  0
LINE
  5
2FF
330
17
100
AcDbEntity
  8
隐藏线
100
AcDbLine
 10
190.03133550516404
 20
12.000000000000005
 30
0.0
 11
190.09732752307437
 21
12.000000000000005
 31
0.0
  0
LINE
  5
300
330
17
100
AcDbEntity
  8
隐藏线
100
AcDbLine
 10
189.96047392291123
 20
12.000000000000005
 30
0.0
 11
190.03133550516404
 21
12.000000000000005
 31
0.0
  0
LINE
  5
301
330
17
100
AcDbEntity
  8
隐藏线
100
AcDbLine
 10
189.88435095347708
 20
12.000000000000005
 30
0.0
 11
189.96047392291123
 21
12.000000000000005
 31
0.0
  0
LINE
  5
302
330
17
100
AcDbEntity
  8
隐藏线
100
AcDbLine
 10
189.80338516634365
 20
12.000000000000005
 30
0.0
 11
189.88435095347708
 21
12.000000000000005
 31
0.0
  0
LINE
  5
303
330
17
100
AcDbEntity
  8
隐藏线
100
AcDbLine
 10
189.71758998212317
 20
12.000000000000005
 30
0.0
 11
189.80338516634365
 21
12.000000000000005
 31
0.0
  0
LINE
  5
304
330
17
100
AcDbEntity
  8
隐藏线
100
AcDbLine
 10
189.62697956708254
 20
12.000000000000005
 30
0.0
 11
189.71758998212317
 21
12.000000000000005
 31
0.0
  0
LINE
  5
305
330
17
100
AcDbEntity
  8
隐藏线
100
AcDbLine
 10
184.6926501579509
 20
15.0
 30
0.0
 11
184.70159863710782
 21
14.52729337539719
 31
0.0
  0
LINE
  5
306
330
17
100
AcDbEntity
  8
隐藏线
100
AcDbLine
 10
184.70159863710782
 20
14.52729337539719
 30
0.0
 11
184.72770891637464
 21
14.058552711200678
 31
0.0
  0
LINE
  5
307
330
17
100
AcDbEntity
  8
隐藏线
100
AcDbLine
 10
184.72770891637464
 20
14.058552711200678
 30
0.0
 11
184.76987825844554
 21
13.596871740686115
 31
0.0
  0
LINE
  5
308
330
17
100
AcDbEntity
  8
隐藏线
100
AcDbLine
 10
184.76987825844554
 20
13.596871740686115
 30
0.0
 11
184.82700392601467
 21
13.145344197129148
 31
0.0
  0
LINE
  5
309
330
17
100
AcDbEntity
  8
隐藏线
100
AcDbLine
 10
184.82700392601467
 20
13.145344197129148
 30
0.0
 11
184.89798318177614
 21
12.707063813805428
 31
0.0
  0
LINE
  5
30A
330
17
100
AcDbEntity
  8
隐藏线
100
AcDbLine
 10
184.89798318177614
 20
12.707063813805428
 30
0.0
 11
184.98171307466768
 21
12.285123716764643
 31
0.0
  0
LINE
  5
30B
330
17
100
AcDbEntity
  8
隐藏线
100
AcDbLine
 10
184.98171307466768
 20
12.285123716764643
 30
0.0
 11
185.07695247014317
 21
11.882224489048035
 31
0.0
  0
LINE
  5
30C
330
17
100
AcDbEntity
  8
隐藏线
100
AcDbLine
 10
185.07695247014317
 20
11.882224489048035
 30
0.0
 11
185.18208446356726
 21
11.499999249502189
 31
0.0
  0
LINE
  5
30D
330
17
100
AcDbEntity
  8
隐藏线
100
AcDbLine
 10
185.18208446356726
 20
11.499999249502189
 30
0.0
 11
185.21350783093283
 21
11.395433456985712
 31
0.0
  0
LINE
  5
30E
330
17
100
AcDbEntity
  8
隐藏线
100
AcDbLine
 10
185.21350783093283
 20
11.395433456985712
 30
0.0
 11
185.2455549181173
 21
11.292685131221878
 31
0.0
  0
LINE
  5
30F
330
17
100
AcDbEntity
  8
隐藏线
100
AcDbLine
 10
185.2455549181173
 20
11.292685131221878
 30
0.0
 11
185.27818725519396
 21
11.19178754942051
 31
0.0
  0
LINE
  5
310
330
17
100
AcDbEntity
  8
隐藏线
100
AcDbLine
 10
185.27818725519396
 20
11.19178754942051
 30
0.0
 11
185.311366372236
 21
11.092773988791437
 31
0.0
  0
LINE
  5
311
330
17
100
AcDbEntity
  8
隐藏线
100
AcDbLine
 10
185.311366372236
 20
11.092773988791437
 30
0.0
 11
185.34505379931656
 21
10.99567772654448
 31
0.0
  0
LINE
  5
312
330
17
100
AcDbEntity
  8
隐藏线
100
AcDbLine
 10
185.34505379931656
 20
10.99567772654448
 30
0.0
 11
185.37921106650884
 21
10.900532039889471
 31
0.0
  0
LINE
  5
313
330
17
100
AcDbEntity
  8
隐藏线
100
AcDbLine
 10
185.37921106650884
 20
10.900532039889471
 30
0.0
 11
185.41379970388607
 21
10.807370206036232
 31
0.0
  0
LINE
  5
314
330
17
100
AcDbEntity
  8
隐藏线
100
AcDbLine
 10
185.41379970388607
 20
10.807370206036232
 30
0.0
 11
185.4487812415214
 21
10.716225502194595
 31
0.0
  0
LINE
  5
315
330
17
100
AcDbEntity
  8
隐藏线
100
AcDbLine
 10
185.4487812415214
 20
10.716225502194595
 30
0.0
 11
185.61081576949383
 21
10.330186085411736
 31
0.0
  0
LINE
  5
316
330
17
100
AcDbEntity
  8
隐藏线
100
AcDbLine
 10
185.61081576949383
 20
10.330186085411736
 30
0.0
 11
185.77667635983534
 21
9.989026565096246
 31
0.0
  0
LINE
  5
317
330
17
100
AcDbEntity
  8
隐藏线
100
AcDbLine
 10
185.77667635983534
 20
9.989026565096246
 30
0.0
 11
185.9437822627201
 21
9.694981359662698
 31
0.0
  0
LINE
  5
318
330
17
100
AcDbEntity
  8
隐藏线
100
AcDbLine
 10
185.9437822627201
 20
9.694981359662698
 30
0.0
 11
186.1098726893645
 21
9.450008778103257
 31
0.0
  0
LINE
  5
319
330
17
100
AcDbEntity
  8
隐藏线
100
AcDbLine
 10
186.1098726893645
 20
9.450008778103257
 30
0.0
 11
186.27268748082946
 21
9.256066585887593
 31
0.0
  0
LINE
  5
31A
330
17
100
AcDbEntity
  8
隐藏线
100
AcDbLine
 10
186.27268748082946
 20
9.256066585887593
 30
0.0
 11
186.42996647817603
 21
9.115112548485381
 31
0.0
  0
LINE
  5
31B
330
17
100
AcDbEntity
  8
隐藏线
100
AcDbLine
 10
186.42996647817603
 20
9.115112548485381
 30
0.0
 11
186.57944952246518
 21
9.029104431366296
 31
0.0
  0
LINE
  5
31C
330
17
100
AcDbEntity
  8
隐藏线
100
AcDbLine
 10
186.57944952246518
 20
9.029104431366296
 30
0.0
 11
186.71887645475792
 21
9.00000000000001
 31
0.0
  0
LINE
  5
31D
330
17
100
AcDbEntity
  8
隐藏线
100
AcDbLine
 10
190.19482427070247
 20
11.984246007041579
 30
0.0
 11
190.4824507372519
 21
12.0
 31
0.0
  0
LINE
  5
31E
330
17
100
AcDbEntity
  8
隐藏线
100
AcDbLine
 10
189.89754659119205
 20
11.938961558106692
 30
0.0
 11
190.19482427070247
 21
11.984246007041579
 31
0.0
  0
LINE
  5
31F
330
17
100
AcDbEntity
  8
隐藏线
100
AcDbLine
 10
189.60554097896832
 20
11.867112948105904
 30
0.0
 11
189.89754659119205
 21
11.938961558106692
 31
0.0
  0
LINE
  5
320
330
17
100
AcDbEntity
  8
隐藏线
100
AcDbLine
 10
189.33373071427891
 20
11.77166647194978
 30
0.0
 11
189.60554097896832
 21
11.867112948105904
 31
0.0
  0
LINE
  5
321
330
17
100
AcDbEntity
  8
隐藏线
100
AcDbLine
 10
189.07401392269873
 20
11.647119963720064
 30
0.0
 11
189.33373071427891
 21
11.77166647194978
 31
0.0
  0
LINE
  5
322
330
17
100
AcDbEntity
  8
隐藏线
100
AcDbLine
 10
188.81666557779414
 20
11.491580042057771
 30
0.0
 11
189.07401392269873
 21
11.647119963720064
 31
0.0
  0
LINE
  5
323
330
17
100
AcDbEntity
  8
隐藏线
100
AcDbLine
 10
188.57434800589587
 20
11.313498153377077
 30
0.0
 11
188.81666557779414
 21
11.491580042057771
 31
0.0
  0
LINE
  5
324
330
17
100
AcDbEntity
  8
隐藏线
100
AcDbLine
 10
188.3597235703625
 20
11.12132575942746
 30
0.0
 11
188.57434800589587
 21
11.313498153377077
 31
0.0
  0
LINE
  5
325
330
17
100
AcDbEntity
  8
隐藏线
100
AcDbLine
 10
188.16749520107234
 20
10.906970267096966
 30
0.0
 11
188.3597235703625
 21
11.12132575942746
 31
0.0
  0
LINE
  5
326
330
17
100
AcDbEntity
  8
隐藏线
100
AcDbLine
 10
187.98931618174686
 20
10.664888134181776
 30
0.0
 11
188.16749520107234
 21
10.906970267096966
 31
0.0
  0
LINE
  5
327
330
17
100
AcDbEntity
  8
隐藏线
100
AcDbLine
 10
187.83364984879208
 20
10.407729650024974
 30
0.0
 11
187.98931618174686
 21
10.664888134181776
 31
0.0
  0
LINE
  5
328
330
17
100
AcDbEntity
  8
隐藏线
100
AcDbLine
 10
187.70895957709254
 20
10.14814514244202
 30
0.0
 11
187.83364984879208
 21
10.407729650024974
 31
0.0
  0
LINE
  5
329
330
17
100
AcDbEntity
  8
隐藏线
100
AcDbLine
 10
187.6134214858006
 20
9.876532698868033
 30
0.0
 11
187.70895957709254
 21
10.14814514244202
 31
0.0
  0
LINE
  5
32A
330
17
100
AcDbEntity
  8
隐藏线
100
AcDbLine
 10
187.54149587530947
 20
9.584678080365975
 30
0.0
 11
187.6134214858006
 21
9.876532698868033
 31
0.0
  0
LINE
  5
32B
330
17
100
AcDbEntity
  8
隐藏线
100
AcDbLine
 10
187.4961583690825
 20
9.287520694075264
 30
0.0
 11
187.54149587530947
 21
9.584678080365975
 31
0.0
  0
LINE
  5
32C
330
17
100
AcDbEntity
  8
隐藏线
100
AcDbLine
 10
187.4803846124819
 20
9.00000000000001
 30
0.0
 11
187.4961583690825
 21
9.287520694075264
 31
0.0
  0
LINE
  5
32D
330
17
100
AcDbEntity
  8
隐藏线
100
AcDbLine
 10
186.71887645475843
 20
9.000000000000007
 30
0.0
 11
186.7328797661097
 21
9.29405142098869
 31
0.0
  0
LINE
  5
32E
330
17
100
AcDbEntity
  8
隐藏线
100
AcDbLine
 10
186.7328797661097
 20
9.29405142098869
 30
0.0
 11
186.77475484062023
 21
9.585270966048393
 31
0.0
  0
LINE
  5
32F
330
17
100
AcDbEntity
  8
隐藏线
100
AcDbLine
 10
186.77475484062023
 20
9.585270966048393
 30
0.0
 11
186.84409839843124
 21
9.870854031763397
 31
0.0
  0
LINE
  5
330
330
17
100
AcDbEntity
  8
隐藏线
100
AcDbLine
 10
186.84409839843124
 20
9.870854031763397
 30
0.0
 11
186.94024262317396
 21
10.148050297095281
 31
0.0
  0
LINE
  5
331
330
17
100
AcDbEntity
  8
隐藏线
100
AcDbLine
 10
186.94024262317396
 20
10.148050297095281
 30
0.0
 11
187.0622615934063
 21
10.414190210478003
 31
0.0
  0
LINE
  5
332
330
17
100
AcDbEntity
  8
隐藏线
100
AcDbLine
 10
187.0622615934063
 20
10.414190210478003
 30
0.0
 11
187.20898019974265
 21
10.666710699058818
 31
0.0
  0
LINE
  5
333
330
17
100
AcDbEntity
  8
隐藏线
100
AcDbLine
 10
187.20898019974265
 20
10.666710699058818
 30
0.0
 11
187.37898546179937
 21
10.903179852490947
 31
0.0
  0
LINE
  5
334
330
17
100
AcDbEntity
  8
隐藏线
100
AcDbLine
 10
187.37898546179937
 20
10.903179852490947
 30
0.0
 11
187.57064013596857
 21
11.121320343559654
 31
0.0
  0
LINE
  5
335
330
17
100
AcDbEntity
  8
隐藏线
100
AcDbLine
 10
187.57064013596857
 20
11.121320343559658
 30
0.0
 11
187.78209848296888
 21
11.319031360088225
 31
0.0
  0
LINE
  5
336
330
17
100
AcDbEntity
  8
隐藏线
100
AcDbLine
 10
187.78209848296888
 20
11.319031360088225
 30
0.0
 11
188.01132404332378
 21
11.494408836907649
 31
0.0
  0
LINE
  5
337
330
17
100
AcDbEntity
  8
隐藏线
100
AcDbLine
 10
188.01132404332378
 20
11.494408836907649
 30
0.0
 11
188.25610924957962
 21
11.645763793045077
 31
0.0
  0
LINE
  5
338
330
17
100
AcDbEntity
  8
隐藏线
100
AcDbLine
 10
188.25610924957962
 20
11.645763793045077
 30
0.0
 11
188.51409668638698
 21
11.771638597533872
 31
0.0
  0
LINE
  5
339
330
17
100
AcDbEntity
  8
隐藏线
100
AcDbLine
 10
188.51409668638698
 20
11.771638597533872
 30
0.0
 11
188.7828017936991
 21
11.870821007196637
 31
0.0
  0
LINE
  5
33A
330
17
100
AcDbEntity
  8
隐藏线
100
AcDbLine
 10
188.7828017936991
 20
11.870821007196637
 30
0.0
 11
189.05963679444343
 21
11.942355841209702
 31
0.0
  0
LINE
  5
33B
330
17
100
AcDbEntity
  8
隐藏线
100
AcDbLine
 10
189.05963679444343
 20
11.942355841209702
 30
0.0
 11
189.34193561622936
 21
11.9855541800166
 31
0.0
  0
LINE
  5
33C
330
17
100
AcDbEntity
  8
隐藏线
100
AcDbLine
 10
189.34193561622936
 20
11.9855541800166
 30
0.0
 11
189.6269795670829
 21
12.00000000000001
 31
0.0
  0
LINE
  5
33D
330
17
100
AcDbEntity
  8
隐藏线
100
AcDbLine
 10
187.5063004393219
 20
14.0884384822099
 30
0.0
 11
187.5662191094377
 21
13.917535974391892
 31
0.0
  0
LINE
  5
33E
330
17
100
AcDbEntity
  8
隐藏线
100
AcDbLine
 10
187.5662191094377
 20
13.917535974391892
 30
0.0
 11
187.63492474664315
 21
13.751193287804027
 31
0.0
  0
LINE
  5
33F
330
17
100
AcDbEntity
  8
隐藏线
100
AcDbLine
 10
187.63492474664315
 20
13.751193287804027
 30
0.0
 11
187.71165925272484
 21
13.589985623409806
 31
0.0
  0
LINE
  5
340
330
17
100
AcDbEntity
  8
隐藏线
100
AcDbLine
 10
187.71165925272484
 20
13.589985623409806
 30
0.0
 11
187.79566452946926
 21
13.434488182172743
 31
0.0
  0
LINE
  5
341
330
17
100
AcDbEntity
  8
隐藏线
100
AcDbLine
 10
187.79566452946926
 20
13.434488182172743
 30
0.0
 11
187.88618068755744
 21
13.28526954666853
 31
0.0
  0
LINE
  5
342
330
17
100
AcDbEntity
  8
隐藏线
100
AcDbLine
 10
187.88618068755744
 20
13.28526954666853
 30
0.0
 11
187.9824108310269
 21
13.142761554698614
 31
0.0
  0
LINE
  5
343
330
17
100
AcDbEntity
  8
隐藏线
100
AcDbLine
 10
187.9824108310269
 20
13.142761554698614
 30
0.0
 11
188.08352324482817
 21
13.00726738262049
 31
0.0
  0
LINE
  5
344
330
17
100
AcDbEntity
  8
隐藏线
100
AcDbLine
 10
188.08352324482817
 20
13.00726738262049
 30
0.0
 11
188.1886848608269
 21
12.879085206951672
 31
0.0
  0
LINE
  5
345
330
17
100
AcDbEntity
  8
隐藏线
100
AcDbLine
 10
188.1886848608269
 20
12.879085206951672
 30
0.0
 11
188.20950237554987
 21
12.85506968151384
 31
0.0
  0
LINE
  5
346
330
17
100
AcDbEntity
  8
隐藏线
100
AcDbLine
 10
188.20950237554987
 20
12.85506968151384
 30
0.0
 11
188.23043504073055
 21
12.831343242965486
 31
0.0
  0
LINE
  5
347
330
17
100
AcDbEntity
  8
隐藏线
100
AcDbLine
 10
188.23043504073055
 20
12.831343242965486
 30
0.0
 11
188.25147675827452
 21
12.80790807397152
 31
0.0
  0
LINE
  5
348
330
17
100
AcDbEntity
  8
隐藏线
100
AcDbLine
 10
188.25147675827452
 20
12.80790807397152
 30
0.0
 11
188.2726214300872
 21
12.784766357196839
 31
0.0
  0
LINE
  5
349
330
17
100
AcDbEntity
  8
隐藏线
100
AcDbLine
 10
188.2726214300872
 20
12.784766357196839
 30
0.0
 11
188.2938629580742
 21
12.761920275306347
 31
0.0
  0
LINE
  5
34A
330
17
100
AcDbEntity
  8
隐藏线
100
AcDbLine
 10
188.2938629580742
 20
12.761920275306347
 30
0.0
 11
188.31519524414094
 21
12.73937201096494
 31
0.0
  0
LINE
  5
34B
330
17
100
AcDbEntity
  8
隐藏线
100
AcDbLine
 10
188.31519524414094
 20
12.73937201096494
 30
0.0
 11
188.336612190193
 21
12.717123746837524
 31
0.0
  0
LINE
  5
34C
330
17
100
AcDbEntity
  8
隐藏线
100
AcDbLine
 10
188.35810769813588
 20
12.695177665589002
 30
0.0
 11
188.52397211649375
 21
12.537986925497247
 31
0.0
  0
LINE
  5
34D
330
17
100
AcDbEntity
  8
隐藏线
100
AcDbLine
 10
188.52397211649375
 20
12.537986925497247
 30
0.0
 11
188.69144611493533
 21
12.399436197113229
 31
0.0
  0
LINE
  5
34E
330
17
100
AcDbEntity
  8
隐藏线
100
AcDbLine
 10
188.69144611493533
 20
12.399436197113229
 30
0.0
 11
188.8585414468532
 21
12.28028930348846
 31
0.0
  0
LINE
  5
34F
330
17
100
AcDbEntity
  8
隐藏线
100
AcDbLine
 10
188.8585414468532
 20
12.28028930348846
 30
0.0
 11
189.02350474685315
 21
12.18124310974824
 31
0.0
  0
LINE
  5
350
330
17
100
AcDbEntity
  8
隐藏线
100
AcDbLine
 10
189.02350474685315
 20
12.18124310974824
 30
0.0
 11
189.18458311190568
 21
12.102994349210922
 31
0.0
  0
LINE
  5
351
330
17
100
AcDbEntity
  8
隐藏线
100
AcDbLine
 10
189.18458311190568
 20
12.102994349210922
 30
0.0
 11
189.34002363898117
 21
12.046239755194872
 31
0.0
  0
LINE
  5
352
330
17
100
AcDbEntity
  8
隐藏线
100
AcDbLine
 10
189.34002363898117
 20
12.046239755194872
 30
0.0
 11
189.48807342505012
 21
12.011676061018443
 31
0.0
  0
LINE
  5
353
330
17
100
AcDbEntity
  8
隐藏线
100
AcDbLine
 10
189.48807342505012
 20
12.011676061018443
 30
0.0
 11
189.6269795670829
 21
12.0
 31
0.0
  0
LINE
  5
354
330
17
100
AcDbEntity
  8
隐藏线
100
AcDbLine
 10
186.4621264138252
 20
9.09247951038974
 30
0.0
 11
186.5945920118867
 21
9.023352122036894
 31
0.0
  0
LINE
  5
355
330
17
100
AcDbEntity
  8
隐藏线
100
AcDbLine
 10
186.32304804749458
 20
9.205988698421834
 30
0.0
 11
186.4621264138252
 21
9.09247951038974
 31
0.0
  0
LINE
  5
356
330
17
100
AcDbEntity
  8
隐藏线
100
AcDbLine
 10
186.1789252998161
 20
9.362486219496454
 30
0.0
 11
186.32304804749458
 21
9.205988698421834
 31
0.0
  0
LINE
  5
357
330
17
100
AcDbEntity
  8
隐藏线
100
AcDbLine
 10
186.03132655771088
 20
9.560578606976879
 30
0.0
 11
186.1789252998161
 21
9.362486219496454
 31
0.0
  0
LINE
  5
358
330
17
100
AcDbEntity
  8
隐藏线
100
AcDbLine
 10
185.88182020810015
 20
9.7988723942264
 30
0.0
 11
186.03132655771088
 21
9.560578606976879
 31
0.0
  0
LINE
  5
359
330
17
100
AcDbEntity
  8
隐藏线
100
AcDbLine
 10
185.7319750515997
 20
10.07597385099441
 30
0.0
 11
185.88182020810015
 21
9.7988723942264
 31
0.0
  0
LINE
  5
35A
330
17
100
AcDbEntity
  8
隐藏线
100
AcDbLine
 10
185.58357004570047
 20
10.390355331177897
 30
0.0
 11
185.7319750515997
 21
10.07597385099441
 31
0.0
  0
LINE
  5
35B
330
17
100
AcDbEntity
  8
隐藏线
100
AcDbLine
 10
185.53037826820614
 20
10.513635291495182
 30
0.0
 11
185.58357004570047
 21
10.390355331177897
 31
0.0
  0
LINE
  5
35C
330
17
100
AcDbEntity
  8
隐藏线
100
AcDbLine
 10
185.4778022939804
 20
10.64150911061311
 30
0.0
 11
185.53037826820614
 21
10.513635291495182
 31
0.0
  0
LINE
  5
35D
330
17
100
AcDbEntity
  8
隐藏线
100
AcDbLine
 10
185.42595869965223
 20
10.773883519152982
 30
0.0
 11
185.4778022939804
 21
10.64150911061311
 31
0.0
  0
LINE
  5
35E
330
17
100
AcDbEntity
  8
隐藏线
100
AcDbLine
 10
185.32493495720482
 20
11.05176102698377
 30
0.0
 11
185.3749640618507
 21
10.9106652477361
 31
0.0
  0
LINE
  5
35F
330
17
100
AcDbEntity
  8
隐藏线
100
AcDbLine
 10
185.18180660849143
 20
11.499999974927112
 30
0.0
 11
185.22823965389614
 21
11.346521659957974
 31
0.0
  0
LINE
  5
360
330
17
100
AcDbEntity
  8
隐藏线
100
AcDbLine
 10
185.10414010251628
 20
11.777727447601203
 30
0.0
 11
185.18180660849143
 21
11.499999974927112
 31
0.0
  0
LINE
  5
361
330
17
100
AcDbEntity
  8
隐藏线
100
AcDbLine
 10
185.03145719123103
 20
12.06687365792893
 30
0.0
 11
185.10414010251628
 21
11.777727447601203
 31
0.0
  0
LINE
  5
362
330
17
100
AcDbEntity
  8
隐藏线
100
AcDbLine
 10
184.9643297440922
 20
12.366518818494873
 30
0.0
 11
185.03145719123103
 21
12.06687365792893
 31
0.0
  0
LINE
  5
363
330
17
100
AcDbEntity
  8
隐藏线
100
AcDbLine
 10
184.90332459729953
 20
12.675701568554185
 30
0.0
 11
184.9643297440922
 21
12.366518818494873
 31
0.0
  0
LINE
  5
364
330
17
100
AcDbEntity
  8
隐藏线
100
AcDbLine
 10
184.84900858705282
 20
12.993460547362057
 30
0.0
 11
184.90332459729953
 21
12.675701568554185
 31
0.0
  0
LINE
  5
365
330
17
100
AcDbEntity
  8
隐藏线
100
AcDbLine
 10
184.80194854955178
 20
13.318834394173653
 30
0.0
 11
184.84900858705282
 21
12.993460547362057
 31
0.0
  0
LINE
  5
366
330
17
100
AcDbEntity
  8
隐藏线
100
AcDbLine
 10
184.76271132099623
 20
13.650861748244138
 30
0.0
 11
184.80194854955178
 21
13.318834394173653
 31
0.0
  0
LINE
  5
367
330
17
100
AcDbEntity
  8
隐藏线
100
AcDbLine
 10
184.7318637375859
 20
13.9885812488287
 30
0.0
 11
184.76271132099623
 21
13.650861748244138
 31
0.0
  0
LINE
  5
368
330
17
100
AcDbEntity
  8
隐藏线
100
AcDbLine
 10
184.7318637375859
 20
13.9885812488287
 30
0.0
 11
184.8326440946151
 21
14.00858865327199
 31
0.0
  0
LINE
  5
369
330
17
100
AcDbEntity
  8
隐藏线
100
AcDbLine
 10
184.8326440946151
 20
14.00858865327199
 30
0.0
 11
184.9455897264592
 21
14.028865312946369
 31
0.0
  0
LINE
  5
36A
330
17
100
AcDbEntity
  8
隐藏线
100
AcDbLine
 10
184.9455897264592
 20
14.028865312946369
 30
0.0
 11
185.0702406915052
 21
14.049346730618208
 31
0.0
  0
LINE
  5
36B
330
17
100
AcDbEntity
  8
隐藏线
100
AcDbLine
 10
185.0702406915052
 20
14.049346730618208
 30
0.0
 11
185.20613726639553
 21
14.069968446136414
 31
0.0
  0
LINE
  5
36C
330
17
100
AcDbEntity
  8
隐藏线
100
AcDbLine
 10
185.20613726639553
 20
14.069968446136414
 30
0.0
 11
185.3528197277725
 21
14.090665999349895
 31
0.0
  0
LINE
  5
36D
330
17
100
AcDbEntity
  8
隐藏线
100
AcDbLine
 10
185.3528197277725
 20
14.090665999349895
 30
0.0
 11
185.50955564114867
 21
14.111339230562765
 31
0.0
  0
LINE
  5
36E
330
17
100
AcDbEntity
  8
隐藏线
100
AcDbLine
 10
185.50955564114867
 20
14.111339230562765
 30
0.0
 11
185.67511619116982
 21
14.131816239793098
 31
0.0
  0
LINE
  5
36F
330
17
100
AcDbEntity
  8
隐藏线
100
AcDbLine
 10
185.67511619116982
 20
14.131816239793098
 30
0.0
 11
185.84883548676407
 21
14.151992389120991
 31
0.0
  0
LINE
  5
370
330
17
100
AcDbEntity
  8
隐藏线
100
AcDbLine
 10
185.84883548676407
 20
14.151992389120991
 30
0.0
 11
185.87462375668014
 21
14.15488244446105
 31
0.0
  0
LINE
  5
371
330
17
100
AcDbEntity
  8
隐藏线
100
AcDbLine
 10
185.87462375668014
 20
14.15488244446105
 30
0.0
 11
185.90056777738738
 21
14.157763775098518
 31
0.0
  0
LINE
  5
372
330
17
100
AcDbEntity
  8
隐藏线
100
AcDbLine
 10
185.95291535692738
 20
14.163499038635498
 30
0.0
 11
185.97931505863627
 21
14.166352359719916
 31
0.0
  0
LINE
  5
373
330
17
100
AcDbEntity
  8
隐藏线
100
AcDbLine
 10
185.97931505863627
 20
14.166352359719916
 30
0.0
 11
186.0058627968885
 21
14.169195732471557
 31
0.0
  0
LINE
  5
374
330
17
100
AcDbEntity
  8
隐藏线
100
AcDbLine
 10
186.0325566431221
 20
14.172028850982874
 30
0.0
 11
186.0593946687751
 21
14.174851409346322
 31
0.0
  0
LINE
  5
375
330
17
100
AcDbEntity
  8
隐藏线
100
AcDbLine
 10
186.0593946687751
 20
14.174851409346322
 30
0.0
 11
186.22246770534005
 21
14.191461195747078
 31
0.0
  0
LINE
  5
376
330
17
100
AcDbEntity
  8
隐藏线
100
AcDbLine
 10
186.22246770534005
 20
14.191461195747078
 30
0.0
 11
186.39010584352692
 21
14.207609424612807
 31
0.0
  0
LINE
  5
377
330
17
100
AcDbEntity
  8
隐藏线
100
AcDbLine
 10
186.39010584352692
 20
14.207609424612807
 30
0.0
 11
186.56118228148955
 21
14.223153458720573
 31
0.0
  0
LINE
  5
378
330
17
100
AcDbEntity
  8
隐藏线
100
AcDbLine
 10
186.56118228148955
 20
14.223153458720573
 30
0.0
 11
186.73508065842495
 21
14.237995790849117
 31
0.0
  0
LINE
  5
379
330
17
100
AcDbEntity
  8
隐藏线
100
AcDbLine
 10
186.73508065842495
 20
14.237995790849117
 30
0.0
 11
186.91132377582557
 21
14.252052560709943
 31
0.0
  0
LINE
  5
37A
330
17
100
AcDbEntity
  8
隐藏线
100
AcDbLine
 10
186.91132377582557
 20
14.252052560709943
 30
0.0
 11
187.0894344351838
 21
14.26523990801455
 31
0.0
  0
LINE
  5
37B
330
17
100
AcDbEntity
  8
隐藏线
100
AcDbLine
 10
187.0894344351838
 20
14.26523990801455
 30
0.0
 11
187.2689354379921
 21
14.277473972474436
 31
0.0
  0
LINE
  5
37C
330
17
100
AcDbEntity
  8
隐藏线
100
AcDbLine
 10
187.2689354379921
 20
14.277473972474436
 30
0.0
 11
187.4493495857429
 21
14.2886708938011
 31
0.0
  0
LINE
  5
37D
330
17
100
AcDbEntity
  8
隐藏线
100
AcDbLine
 10
187.44951811631233
 20
14.28874614978419
 30
0.0
 11
187.45588753893728
 21
14.263478731248183
 31
0.0
  0
LINE
  5
37E
330
17
100
AcDbEntity
  8
隐藏线
100
AcDbLine
 10
187.45588753893728
 20
14.263478731248183
 30
0.0
 11
187.46246710057733
 21
14.238280835202989
 31
0.0
  0
LINE
  5
37F
330
17
100
AcDbEntity
  8
隐藏线
100
AcDbLine
 10
187.46246710057733
 20
14.238280835202989
 30
0.0
 11
187.46925459328833
 21
14.21315413690859
 31
0.0
  0
LINE
  5
380
330
17
100
AcDbEntity
  8
隐藏线
100
AcDbLine
 10
187.48344454014668
 20
14.163121034612173
 30
0.0
 11
187.49084257840576
 21
14.13821798113014
 31
0.0
  0
LINE
  5
381
330
17
100
AcDbEntity
  8
隐藏线
100
AcDbLine
 10
187.49084257840576
 20
14.13821798113014
 30
0.0
 11
187.4984397159592
 21
14.113392826438888
 31
0.0
  0
LINE
  5
382
330
17
100
AcDbEntity
  8
隐藏线
100
AcDbLine
 10
182.69984421005478
 20
24.0
 30
0.0
 11
182.98006419659364
 21
24.014445819961985
 31
0.0
  0
LINE
  5
383
330
17
100
AcDbEntity
  8
隐藏线
100
AcDbLine
 10
182.98006419659364
 20
24.014445819961985
 30
0.0
 11
183.25758551148064
 21
24.05764415875051
 31
0.0
  0
LINE
  5
384
330
17
100
AcDbEntity
  8
隐藏线
100
AcDbLine
 10
183.25758551148064
 20
24.05764415875051
 30
0.0
 11
183.52973547274453
 21
24.129178992748386
 31
0.0
  0
LINE
  5
385
330
17
100
AcDbEntity
  8
隐藏线
100
AcDbLine
 10
183.52973547274453
 20
24.129178992748386
 30
0.0
 11
183.7938931274858
 21
24.228361402399226
 31
0.0
  0
LINE
  5
386
330
17
100
AcDbEntity
  8
隐藏线
100
AcDbLine
 10
183.7938931274858
 20
24.228361402399226
 30
0.0
 11
184.0475144930858
 21
24.354236206879378
 31
0.0
  0
LINE
  5
387
330
17
100
AcDbEntity
  8
隐藏线
100
AcDbLine
 10
184.0475144930858
 20
24.354236206879378
 30
0.0
 11
184.28815705714996
 21
24.505591163011413
 31
0.0
  0
LINE
  5
388
330
17
100
AcDbEntity
  8
隐藏线
100
AcDbLine
 10
184.28815705714996
 20
24.505591163011413
 30
0.0
 11
184.51350330023757
 21
24.6809686398286
 31
0.0
  0
LINE
  5
389
330
17
100
AcDbEntity
  8
隐藏线
100
AcDbLine
 10
184.51350330023757
 20
24.6809686398286
 30
0.0
 11
184.72138301484065
 21
24.87867965635794
 31
0.0
  0
LINE
  5
38A
330
17
100
AcDbEntity
  8
隐藏线
100
AcDbLine
 10
184.72138301487394
 20
24.87867965639287
 30
0.0
 11
184.9097942056949
 21
25.096820147463635
 31
0.0
  0
LINE
  5
38B
330
17
100
AcDbEntity
  8
隐藏线
100
AcDbLine
 10
184.9097942056949
 20
25.096820147463635
 30
0.0
 11
185.07692236997767
 21
25.33328930089931
 31
0.0
  0
LINE
  5
38C
330
17
100
AcDbEntity
  8
隐藏线
100
AcDbLine
 10
185.07692236997767
 20
25.33328930089931
 30
0.0
 11
185.22115797213857
 21
25.585809789484987
 31
0.0
  0
LINE
  5
38D
330
17
100
AcDbEntity
  8
隐藏线
100
AcDbLine
 10
185.22115797213857
 20
25.585809789484987
 30
0.0
 11
185.3411119444815
 21
25.851949702873707
 31
0.0
  0
LINE
  5
38E
330
17
100
AcDbEntity
  8
隐藏线
100
AcDbLine
 10
185.3411119444815
 20
25.851949702873707
 30
0.0
 11
185.4356290646792
 21
26.129145968212512
 31
0.0
  0
LINE
  5
38F
330
17
100
AcDbEntity
  8
隐藏线
100
AcDbLine
 10
185.4356290646792
 20
26.129145968212512
 30
0.0
 11
185.5037990811958
 21
26.41472903393515
 31
0.0
  0
LINE
  5
390
330
17
100
AcDbEntity
  8
隐藏线
100
AcDbLine
 10
185.5037990811958
 20
26.41472903393515
 30
0.0
 11
185.54496547950674
 21
26.705948579002964
 31
0.0
  0
LINE
  5
391
330
17
100
AcDbEntity
  8
隐藏线
100
AcDbLine
 10
185.54496547950674
 20
26.705948579002964
 30
0.0
 11
185.5587318046924
 21
27.0
 31
0.0
  0
LINE
  5
392
330
17
100
AcDbEntity
  8
隐藏线
100
AcDbLine
 10
185.55873180468592
 20
27.0
 30
0.0
 11
185.6194325384576
 21
26.994796863194093
 31
0.0
  0
LINE
  5
393
330
17
100
AcDbEntity
  8
隐藏线
100
AcDbLine
 10
185.6194325384576
 20
26.994796863194093
 30
0.0
 11
185.69042033433897
 21
26.977736178440843
 31
0.0
  0
LINE
  5
394
330
17
100
AcDbEntity
  8
隐藏线
100
AcDbLine
 10
185.69042033433897
 20
26.977736178440843
 30
0.0
 11
185.7711959268576
 21
26.946640999877385
 31
0.0
  0
LINE
  5
395
330
17
100
AcDbEntity
  8
隐藏线
100
AcDbLine
 10
185.7711959268576
 20
26.946640999877385
 30
0.0
 11
185.86126889294565
 21
26.89925371608996
 31
0.0
  0
LINE
  5
396
330
17
100
AcDbEntity
  8
隐藏线
100
AcDbLine
 10
185.86126889294565
 20
26.89925371608996
 30
0.0
 11
185.96000010753767
 21
26.83344243564632
 31
0.0
  0
LINE
  5
397
330
17
100
AcDbEntity
  8
隐藏线
100
AcDbLine
 10
185.96000010753767
 20
26.83344243564632
 30
0.0
 11
186.0662425272521
 21
26.748128327183675
 31
0.0
  0
LINE
  5
398
330
17
100
AcDbEntity
  8
隐藏线
100
AcDbLine
 10
186.0662425272521
 20
26.748128327183675
 30
0.0
 11
186.1787565273759
 21
26.642431419447178
 31
0.0
  0
LINE
  5
399
330
17
100
AcDbEntity
  8
隐藏线
100
AcDbLine
 10
186.1787565273759
 20
26.642431419447178
 30
0.0
 11
186.29630209559656
 21
26.515474535169584
 31
0.0
  0
LINE
  5
39A
330
17
100
AcDbEntity
  8
隐藏线
100
AcDbLine
 10
186.29630209559656
 20
26.515474535169584
 30
0.0
 11
186.3812100721045
 21
26.413282290853402
 31
0.0
  0
LINE
  5
39B
330
17
100
AcDbEntity
  8
隐藏线
100
AcDbLine
 10
186.3812100721045
 20
26.413282290853402
 30
0.0
 11
186.46745625395658
 21
26.300602790370476
 31
0.0
  0
LINE
  5
39C
330
17
100
AcDbEntity
  8
隐藏线
100
AcDbLine
 10
186.46745625395658
 20
26.300602790370476
 30
0.0
 11
186.55453095819945
 21
26.17770468296092
 31
0.0
  0
LINE
  5
39D
330
17
100
AcDbEntity
  8
隐藏线
100
AcDbLine
 10
186.55453095819945
 20
26.17770468296092
 30
0.0
 11
186.64192450187969
 21
26.04485661786484
 31
0.0
  0
LINE
  5
39E
330
17
100
AcDbEntity
  8
隐藏线
100
AcDbLine
 10
186.64192450187969
 20
26.04485661786484
 30
0.0
 11
186.72912720204383
 21
25.902327244322354
 31
0.0
  0
LINE
  5
39F
330
17
100
AcDbEntity
  8
隐藏线
100
AcDbLine
 10
186.72912720204383
 20
25.902327244322354
 30
0.0
 11
186.81564040304085
 21
25.750397358124772
 31
0.0
  0
LINE
  5
3A0
330
17
100
AcDbEntity
  8
隐藏线
100
AcDbLine
 10
186.81564040304085
 20
25.750397358124772
 30
0.0
 11
186.90105548215516
 21
25.589446926159827
 31
0.0
  0
LINE
  5
3A1
330
17
100
AcDbEntity
  8
隐藏线
100
AcDbLine
 10
186.90105548215516
 20
25.589446926159827
 30
0.0
 11
186.98500776922225
 21
25.419904328961238
 31
0.0
  0
LINE
  5
3A2
330
17
100
AcDbEntity
  8
隐藏线
100
AcDbLine
 10
186.98500776922225
 20
25.419904328961238
 30
0.0
 11
187.0696792578126
 21
25.236488075246275
 31
0.0
  0
LINE
  5
3A3
330
17
100
AcDbEntity
  8
隐藏线
100
AcDbLine
 10
187.0696792578126
 20
25.236488075246275
 30
0.0
 11
187.15200717386037
 21
25.044857790944313
 31
0.0
  0
LINE
  5
3A4
330
17
100
AcDbEntity
  8
隐藏线
100
AcDbLine
 10
187.15200717386037
 20
25.044857790944313
 30
0.0
 11
187.23159234180875
 21
24.845483500059196
 31
0.0
  0
LINE
  5
3A5
330
17
100
AcDbEntity
  8
隐藏线
100
AcDbLine
 10
187.23159234180875
 20
24.845483500059196
 30
0.0
 11
187.30807874136568
 21
24.638809778625138
 31
0.0
  0
LINE
  5
3A6
330
17
100
AcDbEntity
  8
隐藏线
100
AcDbLine
 10
187.30807874136568
 20
24.638809778625138
 30
0.0
 11
187.3811806039606
 21
24.42523977635924
 31
0.0
  0
LINE
  5
3A7
330
17
100
AcDbEntity
  8
隐藏线
100
AcDbLine
 10
187.3811806039606
 20
24.42523977635924
 30
0.0
 11
187.45061861483498
 21
24.20517283726891
 31
0.0
  0
LINE
  5
3A8
330
17
100
AcDbEntity
  8
隐藏线
100
AcDbLine
 10
187.45061861483498
 20
24.20517283726891
 30
0.0
 11
187.51611345923027
 21
23.979008305361543
 31
0.0
  0
LINE
  5
3A9
330
17
100
AcDbEntity
  8
隐藏线
100
AcDbLine
 10
187.51611345923027
 20
23.979008305361543
 30
0.0
 11
187.57738582238798
 21
23.74714552464453
 31
0.0
  0
LINE
  5
3AA
330
17
100
AcDbEntity
  8
隐藏线
100
AcDbLine
 10
187.57738582238798
 20
23.74714552464453
 30
0.0
 11
187.65290244590338
 21
23.425968397211705
 31
0.0
  0
LINE
  5
3AB
330
17
100
AcDbEntity
  8
隐藏线
100
AcDbLine
 10
187.65290244590338
 20
23.425968397211705
 30
0.0
 11
187.7197042545176
 21
23.09620710793866
 31
0.0
  0
LINE
  5
3AC
330
17
100
AcDbEntity
  8
隐藏线
100
AcDbLine
 10
187.7197042545176
 20
23.09620710793866
 30
0.0
 11
187.77728020766378
 21
22.758928985898862
 31
0.0
  0
LINE
  5
3AD
330
17
100
AcDbEntity
  8
隐藏线
100
AcDbLine
 10
187.77728020766378
 20
22.758928985898862
 30
0.0
 11
187.82511926674385
 21
22.415201361134567
 31
0.0
  0
LINE
  5
3AE
330
17
100
AcDbEntity
  8
隐藏线
100
AcDbLine
 10
187.82511926674385
 20
22.415201361134567
 30
0.0
 11
187.86275550521555
 21
22.06613418957032
 31
0.0
  0
LINE
  5
3AF
330
17
100
AcDbEntity
  8
隐藏线
100
AcDbLine
 10
187.86275550521555
 20
22.06613418957032
 30
0.0
 11
187.88991480763968
 21
21.71301866731895
 31
0.0
  0
LINE
  5
3B0
330
17
100
AcDbEntity
  8
隐藏线
100
AcDbLine
 10
187.88991480763968
 20
21.71301866731895
 30
0.0
 11
187.90637402869783
 21
21.35719415159621
 31
0.0
  0
LINE
  5
3B1
330
17
100
AcDbEntity
  8
隐藏线
100
AcDbLine
 10
187.90637402869783
 20
21.35719415159621
 30
0.0
 11
187.9119100234759
 21
21.0
 31
0.0
  0
LINE
  5
3B2
330
17
100
AcDbEntity
  8
隐藏线
100
AcDbLine
 10
184.71520175222867
 20
21.29462714441686
 30
0.0
 11
184.7318637375859
 21
21.0
 31
0.0
  0
LINE
  5
3B3
330
17
100
AcDbEntity
  8
隐藏线
100
AcDbLine
 10
184.66615914746208
 20
21.586196484978355
 30
0.0
 11
184.71520175222867
 21
21.29462714441686
 31
0.0
  0
LINE
  5
3B4
330
17
100
AcDbEntity
  8
隐藏线
100
AcDbLine
 10
184.5862176830955
 20
21.871712511277867
 30
0.0
 11
184.66615914746208
 21
21.586196484978355
 31
0.0
  0
LINE
  5
3B5
330
17
100
AcDbEntity
  8
隐藏线
100
AcDbLine
 10
184.47789708425532
 20
22.148506378724182
 30
0.0
 11
184.5862176830955
 21
21.871712511277867
 31
0.0
  0
LINE
  5
3B6
330
17
100
AcDbEntity
  8
隐藏线
100
AcDbLine
 10
184.3445380602431
 20
22.414167405421008
 30
0.0
 11
184.47789708425532
 21
22.148506378724182
 31
0.0
  0
LINE
  5
3B7
330
17
100
AcDbEntity
  8
隐藏线
100
AcDbLine
 10
184.1898588965186
 20
22.666344416120452
 30
0.0
 11
184.3445380602431
 21
22.414167405421008
 31
0.0
  0
LINE
  5
3B8
330
17
100
AcDbEntity
  8
隐藏线
100
AcDbLine
 10
184.01841506524477
 20
22.902809915702928
 30
0.0
 11
184.1898588965186
 21
22.666344416120452
 31
0.0
  0
LINE
  5
3B9
330
17
100
AcDbEntity
  8
隐藏线
100
AcDbLine
 10
183.83501673647604
 20
23.121324199475588
 30
0.0
 11
184.01841506524477
 21
22.902809915702928
 31
0.0
  0
LINE
  5
3BA
330
17
100
AcDbEntity
  8
隐藏线
100
AcDbLine
 10
183.82483646576398
 20
23.132617537433315
 30
0.0
 11
183.83501673647604
 21
23.121324199475588
 31
0.0
  0
LINE
  5
3BB
330
17
100
AcDbEntity
  8
隐藏线
100
AcDbLine
 10
183.80442654823602
 20
23.155022140554923
 30
0.0
 11
183.81463939396903
 21
23.143850322978192
 31
0.0
  0
LINE
  5
3BC
330
17
100
AcDbEntity
  8
隐藏线
100
AcDbLine
 10
183.7941989557098
 20
23.166132574608195
 30
0.0
 11
183.80442654823602
 21
23.155022140554923
 31
0.0
  0
LINE
  5
3BD
330
17
100
AcDbEntity
  8
隐藏线
100
AcDbLine
 10
183.75316166056948
 20
23.20995216448061
 30
0.0
 11
183.76343796882017
 21
23.19909142007422
 31
0.0
  0
LINE
  5
3BE
330
17
100
AcDbEntity
  8
隐藏线
100
AcDbLine
 10
183.55280273588187
 20
23.407906601378805
 30
0.0
 11
183.75316166056948
 21
23.20995216448061
 31
0.0
  0
LINE
  5
3BF
330
17
100
AcDbEntity
  8
隐藏线
100
AcDbLine
 10
183.35651707168313
 20
23.578964070322748
 30
0.0
 11
183.55280273588187
 21
23.407906601378805
 31
0.0
  0
LINE
  5
3C0
330
17
100
AcDbEntity
  8
隐藏线
100
AcDbLine
 10
183.17302314511355
 20
23.72093177529307
 30
0.0
 11
183.35651707168313
 21
23.578964070322748
 31
0.0
  0
LINE
  5
3C1
330
17
100
AcDbEntity
  8
隐藏线
100
AcDbLine
 10
183.01132017123092
 20
23.832024962621528
 30
0.0
 11
183.17302314511355
 21
23.72093177529307
 31
0.0
  0
LINE
  5
3C2
330
17
100
AcDbEntity
  8
隐藏线
100
AcDbLine
 10
182.87862306959516
 20
23.91259219359601
 30
0.0
 11
183.01132017123092
 21
23.832024962621528
 31
0.0
  0
LINE
  5
3C3
330
17
100
AcDbEntity
  8
隐藏线
100
AcDbLine
 10
182.78064159653158
 20
23.96476786538626
 30
0.0
 11
182.87862306959516
 21
23.91259219359601
 31
0.0
  0
LINE
  5
3C4
330
17
100
AcDbEntity
  8
隐藏线
100
AcDbLine
 10
182.72098009141735
 20
23.992088349693066
 30
0.0
 11
182.78064159653158
 21
23.96476786538626
 31
0.0
  0
LINE
  5
3C5
330
17
100
AcDbEntity
  8
隐藏线
100
AcDbLine
 10
182.6998442101489
 20
24.0
 30
0.0
 11
182.72098009141735
 21
23.992088349693066
 31
0.0
  0
LINE
  5
3C6
330
17
100
AcDbEntity
  8
隐藏线
100
AcDbLine
 10
187.86333069571276
 20
14.450356545333827
 30
0.0
 11
187.9119100234759
 21
14.4942906244144
 31
0.0
  0
LINE
  5
3C7
330
17
100
AcDbEntity
  8
隐藏线
100
AcDbLine
 10
187.81071845114076
 20
14.410824053407296
 30
0.0
 11
187.86333069571276
 21
14.450356545333827
 31
0.0
  0
LINE
  5
3C8
330
17
100
AcDbEntity
  8
隐藏线
100
AcDbLine
 10
187.75745682251042
 20
14.377822970353579
 30
0.0
 11
187.81071845114076
 21
14.410824053407296
 31
0.0
  0
LINE
  5
3C9
330
17
100
AcDbEntity
  8
隐藏线
100
AcDbLine
 10
187.70133226331762
 20
14.349882566960574
 30
0.0
 11
187.75745682251042
 21
14.377822970353579
 31
0.0
  0
LINE
  5
3CA
330
17
100
AcDbEntity
  8
隐藏线
100
AcDbLine
 10
187.64094899676098
 20
14.326187905311514
 30
0.0
 11
187.70133226331762
 21
14.349882566960574
 31
0.0
  0
LINE
  5
3CB
330
17
100
AcDbEntity
  8
隐藏线
100
AcDbLine
 10
187.57775084428118
 20
14.307787911560515
 30
0.0
 11
187.64094899676098
 21
14.326187905311514
 31
0.0
  0
LINE
  5
3CC
330
17
100
AcDbEntity
  8
隐藏线
100
AcDbLine
 10
187.5132937168439
 20
14.295295382597832
 30
0.0
 11
187.57775084428118
 21
14.307787911560515
 31
0.0
  0
LINE
  5
3CD
330
17
100
AcDbEntity
  8
隐藏线
100
AcDbLine
 10
187.4493495857429
 20
14.2886708938011
 30
0.0
 11
187.5132937168439
 21
14.295295382597832
 31
0.0
  0
LINE
  5
3CE
330
17
100
AcDbEntity
  8
隐藏线
100
AcDbLine
 10
182.63418630884817
 20
24.0
 30
0.0
 11
182.66597154424954
 21
24.0
 31
0.0
  0
LINE
  5
3CF
330
17
100
AcDbEntity
  8
隐藏线
100
AcDbLine
 10
182.60449946341492
 20
24.0
 30
0.0
 11
182.63418630884817
 21
24.0
 31
0.0
  0
LINE
  5
3D0
330
17
100
AcDbEntity
  8
隐藏线
100
AcDbLine
 10
182.55163886441844
 20
24.0
 30
0.0
 11
182.57692129052583
 21
24.0
 31
0.0
  0
LINE
  5
3D1
330
17
100
AcDbEntity
  8
隐藏线
100
AcDbLine
 10
182.52848520334658
 20
24.0
 30
0.0
 11
182.55163886441844
 21
24.0
 31
0.0
  0
LINE
  5
3D2
330
17
100
AcDbEntity
  8
隐藏线
100
AcDbLine
 10
182.45766803080664
 20
24.0
 30
0.0
 11
182.47205296680585
 21
24.0
 31
0.0
  0
LINE
  5
3D3
330
17
100
AcDbEntity
  8
隐藏线
100
AcDbLine
 10
182.44544552994242
 20
24.0
 30
0.0
 11
182.45766803080664
 21
24.0
 31
0.0
  0
LINE
  5
3D4
330
17
100
AcDbEntity
  8
隐藏线
100
AcDbLine
 10
185.41761939906192
 20
27.0
 30
0.0
 11
185.41761939906192
 21
30.0
 31
0.0
  0
LINE
  5
3D5
330
17
100
AcDbEntity
  8
隐藏线
100
AcDbLine
 10
185.41761939906192
 20
30.0
 30
0.0
 11
185.41761939906192
 21
33.0
 31
0.0
  0
LINE
  5
3D6
330
17
100
AcDbEntity
  8
隐藏线
100
AcDbLine
 10
188.1236464886707
 20
33.0
 30
0.0
 11
188.41761939906192
 21
33.0
 31
0.0
  0
LINE
  5
3D7
330
17
100
AcDbEntity
  8
隐藏线
100
AcDbLine
 10
187.8325786558194
 20
33.0
 30
0.0
 11
188.1236464886707
 21
33.0
 31
0.0
  0
LINE
  5
3D8
330
17
100
AcDbEntity
  8
隐藏线
100
AcDbLine
 10
187.5470301911285
 20
33.0
 30
0.0
 11
187.8325786558194
 21
33.0
 31
0.0
  0
LINE
  5
3D9
330
17
100
AcDbEntity
  8
隐藏线
100
AcDbLine
 10
187.26956908810126
 20
33.0
 30
0.0
 11
187.5470301911285
 21
33.0
 31
0.0
  0
LINE
  5
3DA
330
17
100
AcDbEntity
  8
隐藏线
100
AcDbLine
 10
187.00383908220763
 20
33.0
 30
0.0
 11
187.26956908810126
 21
33.0
 31
0.0
  0
LINE
  5
3DB
330
17
100
AcDbEntity
  8
隐藏线
100
AcDbLine
 10
186.7515643213255
 20
33.0
 30
0.0
 11
187.00383908220763
 21
33.0
 31
0.0
  0
LINE
  5
3DC
330
17
100
AcDbEntity
  8
隐藏线
100
AcDbLine
 10
186.51500739113422
 20
33.0
 30
0.0
 11
186.7515643213255
 21
33.0
 31
0.0
  0
LINE
  5
3DD
330
17
100
AcDbEntity
  8
隐藏线
100
AcDbLine
 10
186.29629903427806
 20
33.0
 30
0.0
 11
186.51500739113422
 21
33.0
 31
0.0
  0
LINE
  5
3DE
330
17
100
AcDbEntity
  8
隐藏线
100
AcDbLine
 10
186.09926692317276
 20
33.0
 30
0.0
 11
186.29629903427806
 21
33.0
 31
0.0
  0
LINE
  5
3DF
330
17
100
AcDbEntity
  8
隐藏线
100
AcDbLine
 10
185.9241917842537
 20
33.0
 30
0.0
 11
186.09926692317276
 21
33.0
 31
0.0
  0
LINE
  5
3E0
330
17
100
AcDbEntity
  8
隐藏线
100
AcDbLine
 10
185.77264003997968
 20
33.0
 30
0.0
 11
185.9241917842537
 21
33.0
 31
0.0
  0
LINE
  5
3E1
330
17
100
AcDbEntity
  8
隐藏线
100
AcDbLine
 10
185.64598079578482
 20
33.0
 30
0.0
 11
185.77264003997968
 21
33.0
 31
0.0
  0
LINE
  5
3E2
330
17
100
AcDbEntity
  8
隐藏线
100
AcDbLine
 10
185.5476429236663
 20
33.0
 30
0.0
 11
185.64598079578482
 21
33.0
 31
0.0
  0
LINE
  5
3E3
330
17
100
AcDbEntity
  8
隐藏线
100
AcDbLine
 10
185.476421001519
 20
33.0
 30
0.0
 11
185.5476429236663
 21
33.0
 31
0.0
  0
LINE
  5
3E4
330
17
100
AcDbEntity
  8
隐藏线
100
AcDbLine
 10
185.43294681514863
 20
33.0
 30
0.0
 11
185.476421001519
 21
33.0
 31
0.0
  0
LINE
  5
3E5
330
17
100
AcDbEntity
  8
隐藏线
100
AcDbLine
 10
185.41761939906192
 20
33.0
 30
0.0
 11
185.43294681514863
 21
33.0
 31
0.0
  0
LINE
  5
3E6
330
17
100
AcDbEntity
  8
隐藏线
100
AcDbLine
 10
187.9119100234761
 20
14.494290624414196
 30
0.0
 11
187.97463284774798
 21
14.55701344868606
 31
0.0
  0
LINE
  5
3E7
330
17
100
AcDbEntity
  8
隐藏线
100
AcDbLine
 10
187.97463284774798
 20
14.55701344868606
 30
0.0
 11
188.03754887565006
 21
14.619929476588126
 31
0.0
  0
LINE
  5
3E8
330
17
100
AcDbEntity
  8
隐藏线
100
AcDbLine
 10
188.03754887565006
 20
14.619929476588126
 30
0.0
 11
188.10063179348123
 21
14.68301239441929
 31
0.0
  0
LINE
  5
3E9
330
17
100
AcDbEntity
  8
隐藏线
100
AcDbLine
 10
188.10063179348123
 20
14.68301239441929
 30
0.0
 11
188.1638552224002
 21
14.746235823338285
 31
0.0
  0
LINE
  5
3EA
330
17
100
AcDbEntity
  8
隐藏线
100
AcDbLine
 10
188.1638552224002
 20
14.746235823338285
 30
0.0
 11
188.2271993643867
 21
14.809579965324783
 31
0.0
  0
LINE
  5
3EB
330
17
100
AcDbEntity
  8
隐藏线
100
AcDbLine
 10
188.2271993643867
 20
14.809579965324783
 30
0.0
 11
188.2906257951878
 21
14.873006396125867
 31
0.0
  0
LINE
  5
3EC
330
17
100
AcDbEntity
  8
隐藏线
100
AcDbLine
 10
188.2906257951878
 20
14.873006396125867
 30
0.0
 11
188.35410798920185
 21
14.93648859013994
 31
0.0
  0
LINE
  5
3ED
330
17
100
AcDbEntity
  8
隐藏线
100
AcDbLine
 10
188.35410798920185
 20
14.93648859013994
 30
0.0
 11
188.41761939906192
 21
15.0
 31
0.0
  0
LINE
  5
3EE
330
17
100
AcDbEntity
  8
隐藏线
100
AcDbLine
 10
161.1160714285719
 20
24.0
 30
0.0
 11
162.81340101295044
 21
24.0
 31
0.0
  0
LINE
  5
3EF
330
17
100
AcDbEntity
  8
隐藏线
100
AcDbLine
 10
162.81340101295044
 20
24.0
 30
0.0
 11
164.5057452515704
 21
24.0
 31
0.0
  0
LINE
  5
3F0
330
17
100
AcDbEntity
  8
隐藏线
100
AcDbLine
 10
164.5057452515704
 20
24.0
 30
0.0
 11
166.18411896202295
 21
24.0
 31
0.0
  0
LINE
  5
3F1
330
17
100
AcDbEntity
  8
隐藏线
100
AcDbLine
 10
166.18411896202295
 20
24.0
 30
0.0
 11
167.83960620930185
 21
24.0
 31
0.0
  0
LINE
  5
3F2
330
17
100
AcDbEntity
  8
隐藏线
100
AcDbLine
 10
167.83960620930185
 20
24.0
 30
0.0
 11
169.45982635217925
 21
24.0
 31
0.0
  0
LINE
  5
3F3
330
17
100
AcDbEntity
  8
隐藏线
100
AcDbLine
 10
169.45982635217925
 20
24.0
 30
0.0
 11
171.03802843667037
 21
24.0
 31
0.0
  0
LINE
  5
3F4
330
17
100
AcDbEntity
  8
隐藏线
100
AcDbLine
 10
171.03802843667037
 20
24.0
 30
0.0
 11
172.56583991151234
 21
24.0
 31
0.0
  0
LINE
  5
3F5
330
17
100
AcDbEntity
  8
隐藏线
100
AcDbLine
 10
172.56583991151234
 20
24.0
 30
0.0
 11
174.03513799544294
 21
24.0
 31
0.0
  0
LINE
  5
3F6
330
17
100
AcDbEntity
  8
隐藏线
100
AcDbLine
 10
174.03513799544294
 20
24.0
 30
0.0
 11
175.43175233101792
 21
24.0
 31
0.0
  0
LINE
  5
3F7
330
17
100
AcDbEntity
  8
隐藏线
100
AcDbLine
 10
175.43175233101792
 20
24.0
 30
0.0
 11
176.7531150662533
 21
24.0
 31
0.0
  0
LINE
  5
3F8
330
17
100
AcDbEntity
  8
隐藏线
100
AcDbLine
 10
176.7531150662533
 20
24.0
 30
0.0
 11
177.9922233067595
 21
24.0
 31
0.0
  0
LINE
  5
3F9
330
17
100
AcDbEntity
  8
隐藏线
100
AcDbLine
 10
177.9922233067595
 20
24.0
 30
0.0
 11
179.14248186715008
 21
24.0
 31
0.0
  0
LINE
  5
3FA
330
17
100
AcDbEntity
  8
隐藏线
100
AcDbLine
 10
179.14248186715008
 20
24.0
 30
0.0
 11
180.189211923043
 21
24.0
 31
0.0
  0
LINE
  5
3FB
330
17
100
AcDbEntity
  8
隐藏线
100
AcDbLine
 10
180.189211923043
 20
24.0
 30
0.0
 11
181.13426090337285
 21
24.0
 31
0.0
  0
LINE
  5
3FC
330
17
100
AcDbEntity
  8
隐藏线
100
AcDbLine
 10
181.13426090337285
 20
24.0
 30
0.0
 11
181.97262875530683
 21
24.0
 31
0.0
  0
LINE
  5
3FD
330
17
100
AcDbEntity
  8
隐藏线
100
AcDbLine
 10
181.97262875530683
 20
24.0
 30
0.0
 11
182.69984420996045
 21
24.0
 31
0.0
  0
LINE
  5
3FE
330
17
100
AcDbEntity
  8
隐藏线
100
AcDbLine
 10
84.2586081754724
 20
24.0
 30
0.0
 11
91.22410714285738
 21
24.0
 31
0.0
  0
LINE
  5
3FF
330
17
100
AcDbEntity
  8
隐藏线
100
AcDbLine
 10
91.22410714285738
 20
24.0
 30
0.0
 11
134.84657247081265
 21
24.0
 31
0.0
  0
LINE
  5
400
330
17
100
AcDbEntity
  8
隐藏线
100
AcDbLine
 10
134.84657247081265
 20
24.0
 30
0.0
 11
161.1160714285719
 21
24.0
 31
0.0
  0
LINE
  5
401
330
17
100
AcDbEntity
  8
隐藏线
100
AcDbLine
 10
84.25860817547252
 20
24.0
 30
0.0
 11
86.6015111843594
 21
24.0
 31
0.0
  0
LINE
  5
402
330
17
100
AcDbEntity
  8
隐藏线
100
AcDbLine
 10
86.6015111843594
 20
24.0
 30
0.0
 11
88.71564263683308
 21
24.0
 31
0.0
  0
LINE
  5
403
330
17
100
AcDbEntity
  8
隐藏线
100
AcDbLine
 10
88.71564263683308
 20
24.0
 30
0.0
 11
90.56980213512927
 21
24.0
 31
0.0
  0
LINE
  5
404
330
17
100
AcDbEntity
  8
隐藏线
100
AcDbLine
 10
90.56980213512927
 20
24.0
 30
0.0
 11
92.13638482990265
 21
24.0
 31
0.0
  0
LINE
  5
405
330
17
100
AcDbEntity
  8
隐藏线
100
AcDbLine
 10
92.13638482990265
 20
24.0
 30
0.0
 11
93.36380923964964
 21
24.0
 31
0.0
  0
LINE
  5
406
330
17
100
AcDbEntity
  8
隐藏线
100
AcDbLine
 10
93.36380923964964
 20
24.0
 30
0.0
 11
94.25814320570834
 21
24.0
 31
0.0
  0
LINE
  5
407
330
17
100
AcDbEntity
  8
隐藏线
100
AcDbLine
 10
94.25814320570834
 20
24.0
 30
0.0
 11
94.80630484018106
 21
24.0
 31
0.0
  0
LINE
  5
408
330
17
100
AcDbEntity
  8
隐藏线
100
AcDbLine
 10
94.80630484018106
 20
24.0
 30
0.0
 11
95.0
 21
24.0
 31
0.0
  0
LINE
  5
409
330
17
100
AcDbEntity
  8
隐藏线
100
AcDbLine
 10
91.26157056593458
 20
24.0
 30
0.0
 11
92.0
 21
24.0
 31
0.0
  0
LINE
  5
40A
330
17
100
AcDbEntity
  8
隐藏线
100
AcDbLine
 10
90.45187469983212
 20
24.0
 30
0.0
 11
91.26157056593458
 21
24.0
 31
0.0
  0
LINE
  5
40B
330
17
100
AcDbEntity
  8
隐藏线
100
AcDbLine
 10
89.57377930982594
 20
24.0
 30
0.0
 11
90.45187469983212
 21
24.0
 31
0.0
  0
LINE
  5
40C
330
17
100
AcDbEntity
  8
隐藏线
100
AcDbLine
 10
88.63037670610083
 20
24.0
 30
0.0
 11
89.57377930982594
 21
24.0
 31
0.0
  0
LINE
  5
40D
330
17
100
AcDbEntity
  8
隐藏线
100
AcDbLine
 10
87.62019472583023
 20
24.0
 30
0.0
 11
88.63037670610083
 21
24.0
 31
0.0
  0
LINE
  5
40E
330
17
100
AcDbEntity
  8
隐藏线
100
AcDbLine
 10
86.55229176366493
 20
24.0
 30
0.0
 11
87.62019472583023
 21
24.0
 31
0.0
  0
LINE
  5
40F
330
17
100
AcDbEntity
  8
隐藏线
100
AcDbLine
 10
85.4304446985542
 20
24.0
 30
0.0
 11
86.55229176366493
 21
24.0
 31
0.0
  0
LINE
  5
410
330
17
100
AcDbEntity
  8
隐藏线
100
AcDbLine
 10
84.2586081754724
 20
24.0
 30
0.0
 11
85.4304446985542
 21
24.0
 31
0.0
  0
LINE
  5
411
330
17
100
AcDbEntity
  8
隐藏线
100
AcDbLine
 10
181.2411040814879
 20
24.0
 30
0.0
 11
182.02292660995647
 21
24.0
 31
0.0
  0
LINE
  5
412
330
17
100
AcDbEntity
  8
隐藏线
100
AcDbLine
 10
180.36442373412845
 20
24.0
 30
0.0
 11
181.2411040814879
 21
24.0
 31
0.0
  0
LINE
  5
413
330
17
100
AcDbEntity
  8
隐藏线
100
AcDbLine
 10
179.39702488912326
 20
24.0
 30
0.0
 11
180.36442373412845
 21
24.0
 31
0.0
  0
LINE
  5
414
330
17
100
AcDbEntity
  8
隐藏线
100
AcDbLine
 10
178.34344526968758
 20
24.0
 30
0.0
 11
179.39702488912326
 21
24.0
 31
0.0
  0
LINE
  5
415
330
17
100
AcDbEntity
  8
隐藏线
100
AcDbLine
 10
177.20241190867844
 20
24.0
 30
0.0
 11
178.34344526968758
 21
24.0
 31
0.0
  0
LINE
  5
416
330
17
100
AcDbEntity
  8
隐藏线
100
AcDbLine
 10
175.98655442867278
 20
24.0
 30
0.0
 11
177.20241190867844
 21
24.0
 31
0.0
  0
LINE
  5
417
330
17
100
AcDbEntity
  8
隐藏线
100
AcDbLine
 10
174.7016047068751
 20
24.0
 30
0.0
 11
175.98655442867278
 21
24.0
 31
0.0
  0
LINE
  5
418
330
17
100
AcDbEntity
  8
隐藏线
100
AcDbLine
 10
173.35359804797122
 20
24.0
 30
0.0
 11
174.7016047068751
 21
24.0
 31
0.0
  0
LINE
  5
419
330
17
100
AcDbEntity
  8
隐藏线
100
AcDbLine
 10
171.94483830957708
 20
24.0
 30
0.0
 11
173.35359804797122
 21
24.0
 31
0.0
  0
LINE
  5
41A
330
17
100
AcDbEntity
  8
隐藏线
100
AcDbLine
 10
170.4872873138868
 20
24.0
 30
0.0
 11
171.94483830957708
 21
24.0
 31
0.0
  0
LINE
  5
41B
330
17
100
AcDbEntity
  8
隐藏线
100
AcDbLine
 10
168.98780993023303
 20
24.0
 30
0.0
 11
170.4872873138868
 21
24.0
 31
0.0
  0
LINE
  5
41C
330
17
100
AcDbEntity
  8
隐藏线
100
AcDbLine
 10
167.45345515308264
 20
24.0
 30
0.0
 11
168.98780993023303
 21
24.0
 31
0.0
  0
LINE
  5
41D
330
17
100
AcDbEntity
  8
隐藏线
100
AcDbLine
 10
165.88991894877478
 20
24.0
 30
0.0
 11
167.45345515308264
 21
24.0
 31
0.0
  0
LINE
  5
41E
330
17
100
AcDbEntity
  8
隐藏线
100
AcDbLine
 10
164.30753627795463
 20
24.0
 30
0.0
 11
165.88991894877478
 21
24.0
 31
0.0
  0
LINE
  5
41F
330
17
100
AcDbEntity
  8
隐藏线
100
AcDbLine
 10
162.71375459851708
 20
24.0
 30
0.0
 11
164.30753627795463
 21
24.0
 31
0.0
  0
LINE
  5
420
330
17
100
AcDbEntity
  8
隐藏线
100
AcDbLine
 10
161.1160714285719
 20
24.0
 30
0.0
 11
162.71375459851708
 21
24.0
 31
0.0
  0
LINE
  5
421
330
17
100
AcDbEntity
  8
隐藏线
100
AcDbLine
 10
185.16357719150872
 20
24.0
 30
0.0
 11
185.43453676615292
 21
24.0
 31
0.0
  0
LINE
  5
422
330
17
100
AcDbEntity
  8
隐藏线
100
AcDbLine
 10
184.89763473506616
 20
24.0
 30
0.0
 11
185.16357719150872
 21
24.0
 31
0.0
  0
LINE
  5
423
330
17
100
AcDbEntity
  8
隐藏线
100
AcDbLine
 10
184.6372836011198
 20
24.0
 30
0.0
 11
184.89763473506616
 21
24.0
 31
0.0
  0
LINE
  5
424
330
17
100
AcDbEntity
  8
隐藏线
100
AcDbLine
 10
184.38308671853736
 20
24.0
 30
0.0
 11
184.6372836011198
 21
24.0
 31
0.0
  0
LINE
  5
425
330
17
100
AcDbEntity
  8
隐藏线
100
AcDbLine
 10
184.13621128423893
 20
24.0
 30
0.0
 11
184.38308671853736
 21
24.0
 31
0.0
  0
LINE
  5
426
330
17
100
AcDbEntity
  8
隐藏线
100
AcDbLine
 10
183.89668088778987
 20
24.0
 30
0.0
 11
184.13621128423893
 21
24.0
 31
0.0
  0
LINE
  5
427
330
17
100
AcDbEntity
  8
隐藏线
100
AcDbLine
 10
183.66501250287558
 20
24.0
 30
0.0
 11
183.89668088778987
 21
24.0
 31
0.0
  0
LINE
  5
428
330
17
100
AcDbEntity
  8
隐藏线
100
AcDbLine
 10
183.44170724869664
 20
24.0
 30
0.0
 11
183.66501250287558
 21
24.0
 31
0.0
  0
LINE
  5
429
330
17
100
AcDbEntity
  8
隐藏线
100
AcDbLine
 10
183.2280368356146
 20
24.0
 30
0.0
 11
183.44170724869664
 21
24.0
 31
0.0
  0
LINE
  5
42A
330
17
100
AcDbEntity
  8
隐藏线
100
AcDbLine
 10
183.02376801558466
 20
24.0
 30
0.0
 11
183.2280368356146
 21
24.0
 31
0.0
  0
LINE
  5
42B
330
17
100
AcDbEntity
  8
隐藏线
100
AcDbLine
 10
182.82934143194794
 20
24.0
 30
0.0
 11
183.02376801558466
 21
24.0
 31
0.0
  0
LINE
  5
42C
330
17
100
AcDbEntity
  8
隐藏线
100
AcDbLine
 10
182.6451778802512
 20
24.0
 30
0.0
 11
182.82934143194794
 21
24.0
 31
0.0
  0
LINE
  5
42D
330
17
100
AcDbEntity
  8
隐藏线
100
AcDbLine
 10
182.31114612477654
 20
24.0
 30
0.0
 11
182.47260660060792
 21
24.0
 31
0.0
  0
LINE
  5
42E
330
17
100
AcDbEntity
  8
隐藏线
100
AcDbLine
 10
182.16114448606425
 20
24.0
 30
0.0
 11
182.31114612477654
 21
24.0
 31
0.0
  0
LINE
  5
42F
330
17
100
AcDbEntity
  8
隐藏线
100
AcDbLine
 10
182.02292660995664
 20
24.0
 30
0.0
 11
182.16114448606425
 21
24.0
 31
0.0
  0
LINE
  5
430
330
17
100
AcDbEntity
  8
隐藏线
100
AcDbLine
 10
185.43059074188773
 20
24.0
 30
0.0
 11
185.4345367661526
 21
24.0
 31
0.0
  0
LINE
  5
431
330
17
100
AcDbEntity
  8
隐藏线
100
AcDbLine
 10
177.6681204999199
 20
24.0
 30
0.0
 11
185.41761939906192
 21
24.0
 31
0.0
  0
LINE
  5
432
330
17
100
AcDbEntity
  8
隐藏线
100
AcDbLine
 10
176.71270897410628
 20
24.0
 30
0.0
 11
177.66812049991947
 21
24.0
 31
0.0
  0
LINE
  5
433
330
17
100
AcDbEntity
  8
隐藏线
100
AcDbLine
 10
174.67062005532037
 20
24.0
 30
0.0
 11
176.71270897410628
 21
24.0
 31
0.0
  0
LINE
  5
434
330
17
100
AcDbEntity
  8
隐藏线
100
AcDbLine
 10
171.6835276391785
 20
24.0
 30
0.0
 11
174.67062005532037
 21
24.0
 31
0.0
  0
LINE
  5
435
330
17
100
AcDbEntity
  8
隐藏线
100
AcDbLine
 10
167.92747584216184
 20
24.0
 30
0.0
 11
171.6835276391785
 21
24.0
 31
0.0
  0
LINE
  5
436
330
17
100
AcDbEntity
  8
隐藏线
100
AcDbLine
 10
163.68512052432368
 20
24.0
 30
0.0
 11
167.92747584216184
 21
24.0
 31
0.0
  0
LINE
  5
437
330
17
100
AcDbEntity
  8
隐藏线
100
AcDbLine
 10
159.3296959537575
 20
24.0
 30
0.0
 11
163.68512052432368
 21
24.0
 31
0.0
  0
LINE
  5
438
330
17
100
AcDbEntity
  8
隐藏线
100
AcDbLine
 10
155.1607200734106
 20
24.0
 30
0.0
 11
159.3296959537575
 21
24.0
 31
0.0
  0
LINE
  5
439
330
17
100
AcDbEntity
  8
隐藏线
100
AcDbLine
 10
151.55356570852396
 20
24.0
 30
0.0
 11
155.1607200734106
 21
24.0
 31
0.0
  0
LINE
  5
43A
330
17
100
AcDbEntity
  8
隐藏线
100
AcDbLine
 10
148.77481352386715
 20
24.0
 30
0.0
 11
151.55356570852396
 21
24.0
 31
0.0
  0
LINE
  5
43B
330
17
100
AcDbEntity
  8
隐藏线
100
AcDbLine
 10
146.98210314364158
 20
24.0
 30
0.0
 11
148.77481352386715
 21
24.0
 31
0.0
  0
LINE
  5
43C
330
17
100
AcDbEntity
  8
隐藏线
100
AcDbLine
 10
146.2999999999999
 20
24.0
 30
0.0
 11
146.98210314364158
 21
24.0
 31
0.0
  0
LINE
  5
43D
330
17
100
AcDbEntity
  8
隐藏线
100
AcDbLine
 10
177.6681204999199
 20
24.0
 30
0.0
 11
182.41761939906192
 21
24.0
 31
0.0
  0
LINE
  5
43E
330
17
100
AcDbEntity
  8
隐藏线
100
AcDbLine
 10
185.41761939906192
 20
28.5
 30
0.0
 11
185.41761939906192
 21
33.0
 31
0.0
  0
LINE
  5
43F
330
17
100
AcDbEntity
  8
隐藏线
100
AcDbLine
 10
185.41761939906192
 20
27.0
 30
0.0
 11
185.41761939906192
 21
28.5
 31
0.0
  0
LINE
  5
440
330
17
100
AcDbEntity
  8
隐藏线
100
AcDbLine
 10
185.41761939906192
 20
24.0
 30
0.0
 11
185.41761939906192
 21
27.0
 31
0.0
  0
LINE
  5
441
330
17
100
AcDbEntity
  8
隐藏线
100
AcDbLine
 10
185.45778488923133
 20
23.995213922509556
 30
0.0
 11
185.49068851942675
 21
23.980709177253456
 31
0.0
  0
LINE
  5
442
330
17
100
AcDbEntity
  8
隐藏线
100
AcDbLine
 10
185.49068851942675
 20
23.980709177253456
 30
0.0
 11
185.53299489829323
 21
23.95629507717865
 31
0.0
  0
LINE
  5
443
330
17
100
AcDbEntity
  8
隐藏线
100
AcDbLine
 10
185.53299489829323
 20
23.95629507717865
 30
0.0
 11
185.58370688365872
 21
23.92229396449734
 31
0.0
  0
LINE
  5
444
330
17
100
AcDbEntity
  8
隐藏线
100
AcDbLine
 10
185.58370688365872
 20
23.92229396449734
 30
0.0
 11
185.64204795006842
 21
23.879061848530736
 31
0.0
  0
LINE
  5
445
330
17
100
AcDbEntity
  8
隐藏线
100
AcDbLine
 10
185.64204795006842
 20
23.879061848530736
 30
0.0
 11
185.70742939233637
 21
23.826864070319218
 31
0.0
  0
LINE
  5
446
330
17
100
AcDbEntity
  8
隐藏线
100
AcDbLine
 10
185.70742939233637
 20
23.826864070319218
 30
0.0
 11
185.77926250527673
 21
23.765965970903164
 31
0.0
  0
LINE
  5
447
330
17
100
AcDbEntity
  8
隐藏线
100
AcDbLine
 10
185.77926250527673
 20
23.765965970903164
 30
0.0
 11
185.8568646055169
 21
23.6967253982338
 31
0.0
  0
LINE
  5
448
330
17
100
AcDbEntity
  8
隐藏线
100
AcDbLine
 10
185.41761939906192
 20
24.0
 30
0.0
 11
185.41761939906192
 21
28.5
 31
0.0
  0
LINE
  5
449
330
17
100
AcDbEntity
  8
隐藏线
100
AcDbLine
 10
191.4848979675909
 20
36.0
 30
0.0
 11
193.3016754352629
 21
36.0
 31
0.0
  0
LINE
  5
44A
330
17
100
AcDbEntity
  8
隐藏线
100
AcDbLine
 10
190.8596474171624
 20
36.0
 30
0.0
 11
191.4848979675909
 21
36.0
 31
0.0
  0
LINE
  5
44B
330
17
100
AcDbEntity
  8
隐藏线
100
AcDbLine
 10
188.41761939906192
 20
36.0
 30
0.0
 11
190.8596474171624
 21
36.0
 31
0.0
  0
LINE
  5
44C
330
17
100
AcDbEntity
  8
隐藏线
100
AcDbLine
 10
190.4824507372519
 20
12.000000000000004
 30
0.0
 11
191.46432750117273
 21
12.000000000000004
 31
0.0
  0
LINE
  5
44D
330
17
100
AcDbEntity
  8
隐藏线
100
AcDbLine
 10
191.46432750117273
 20
12.000000000000004
 30
0.0
 11
191.4848979675909
 21
12.000000000000004
 31
0.0
  0
LINE
  5
44E
330
17
100
AcDbEntity
  8
隐藏线
100
AcDbLine
 10
191.4848979675909
 20
12.000000000000004
 30
0.0
 11
193.3016754352629
 21
12.000000000000004
 31
0.0
  0
LINE
  5
44F
330
17
100
AcDbEntity
  8
隐藏线
100
AcDbLine
 10
177.6681204999199
 20
2.0
 30
0.0
 11
187.4803846124819
 21
2.0
 31
0.0
  0
LINE
  5
450
330
17
100
AcDbEntity
  8
隐藏线
100
AcDbLine
 10
177.6681204999199
 20
19.000000000000004
 30
0.0
 11
177.6681204999199
 21
24.0
 31
0.0
  0
LINE
  5
451
330
17
100
AcDbEntity
  8
隐藏线
100
AcDbLine
 10
177.6681204999199
 20
13.0
 30
0.0
 11
177.6681204999199
 21
19.000000000000004
 31
0.0
  0
LINE
  5
452
330
17
100
AcDbEntity
  8
隐藏线
100
AcDbLine
 10
177.6681204999199
 20
2.0
 30
0.0
 11
177.6681204999199
 21
13.0
 31
0.0
  0
LINE
  5
453
330
17
100
AcDbEntity
  8
隐藏线
100
AcDbLine
 10
188.41761939906192
 20
35.98467258352316
 30
0.0
 11
188.41761939906192
 21
36.0
 31
0.0
  0
LINE
  5
454
330
17
100
AcDbEntity
  8
隐藏线
100
AcDbLine
 10
188.41761939906192
 20
35.94119839605009
 30
0.0
 11
188.41761939906192
 21
35.98467258352316
 31
0.0
  0
LINE
  5
455
330
17
100
AcDbEntity
  8
隐藏线
100
AcDbLine
 10
188.41761939906192
 20
35.86997647210775
 30
0.0
 11
188.41761939906192
 21
35.94119839605009
 31
0.0
  0
LINE
  5
456
330
17
100
AcDbEntity
  8
隐藏线
100
AcDbLine
 10
188.41761939906192
 20
35.77163859753386
 30
0.0
 11
188.41761939906192
 21
35.86997647210775
 31
0.0
  0
LINE
  5
457
330
17
100
AcDbEntity
  8
隐藏线
100
AcDbLine
 10
188.41761939906192
 20
35.64497935022151
 30
0.0
 11
188.41761939906192
 21
35.77163859753386
 31
0.0
  0
LINE
  5
458
330
17
100
AcDbEntity
  8
隐藏线
100
AcDbLine
 10
188.41761939906192
 20
35.493427602281315
 30
0.0
 11
188.41761939906192
 21
35.64497935022151
 31
0.0
  0
LINE
  5
459
330
17
100
AcDbEntity
  8
隐藏线
100
AcDbLine
 10
188.41761939906192
 20
35.31835245921544
 30
0.0
 11
188.41761939906192
 21
35.493427602281315
 31
0.0
  0
LINE
  5
45A
330
17
100
AcDbEntity
  8
隐藏线
100
AcDbLine
 10
188.41761939906192
 20
35.12132034355964
 30
0.0
 11
188.41761939906192
 21
35.31835245921544
 31
0.0
  0
LINE
  5
45B
330
17
100
AcDbEntity
  8
隐藏线
100
AcDbLine
 10
188.41761939906192
 20
35.084998629294404
 30
0.0
 11
188.41761939906192
 21
35.12132034355964
 31
0.0
  0
LINE
  5
45C
330
17
100
AcDbEntity
  8
隐藏线
100
AcDbLine
 10
188.41761939906192
 20
35.04808920842947
 30
0.0
 11
188.41761939906192
 21
35.084998629294404
 31
0.0
  0
LINE
  5
45D
330
17
100
AcDbEntity
  8
隐藏线
100
AcDbLine
 10
188.41761939906192
 20
35.01060200287406
 30
0.0
 11
188.41761939906192
 21
35.04808920842947
 31
0.0
  0
LINE
  5
45E
330
17
100
AcDbEntity
  8
隐藏线
100
AcDbLine
 10
188.41761939906192
 20
34.93388931324957
 30
0.0
 11
188.41761939906192
 21
34.97254707942595
 31
0.0
  0
LINE
  5
45F
330
17
100
AcDbEntity
  8
隐藏线
100
AcDbLine
 10
188.41761939906192
 20
34.89468650098445
 30
0.0
 11
188.41761939906192
 21
34.93388931324957
 31
0.0
  0
LINE
  5
460
330
17
100
AcDbEntity
  8
隐藏线
100
AcDbLine
 10
188.41761939906192
 20
34.81468802304245
 30
0.0
 11
188.41761939906192
 21
34.85494918033511
 31
0.0
  0
LINE
  5
461
330
17
100
AcDbEntity
  8
隐藏线
100
AcDbLine
 10
188.41761939906192
 20
34.614601056296074
 30
0.0
 11
188.41761939906192
 21
34.81468802304245
 31
0.0
  0
LINE
  5
462
330
17
100
AcDbEntity
  8
隐藏线
100
AcDbLine
 10
188.41761939906192
 20
34.40415265038418
 30
0.0
 11
188.41761939906192
 21
34.614601056296074
 31
0.0
  0
LINE
  5
463
330
17
100
AcDbEntity
  8
隐藏线
100
AcDbLine
 10
188.41761939906192
 20
34.18463888743201
 30
0.0
 11
188.41761939906192
 21
34.40415265038418
 31
0.0
  0
LINE
  5
464
330
17
100
AcDbEntity
  8
隐藏线
100
AcDbLine
 10
188.41761939906192
 20
33.95740788280685
 30
0.0
 11
188.41761939906192
 21
34.18463888743201
 31
0.0
  0
LINE
  5
465
330
17
100
AcDbEntity
  8
隐藏线
100
AcDbLine
 10
188.41761939906192
 20
33.72348158288842
 30
0.0
 11
188.41761939906192
 21
33.95740788280685
 31
0.0
  0
LINE
  5
466
330
17
100
AcDbEntity
  8
隐藏线
100
AcDbLine
 10
188.41761939906192
 20
33.484956820326914
 30
0.0
 11
188.41761939906192
 21
33.72348158288842
 31
0.0
  0
LINE
  5
467
330
17
100
AcDbEntity
  8
隐藏线
100
AcDbLine
 10
188.41761939906192
 20
33.24330112558067
 30
0.0
 11
188.41761939906192
 21
33.484956820326914
 31
0.0
  0
LINE
  5
468
330
17
100
AcDbEntity
  8
隐藏线
100
AcDbLine
 10
188.41761939906192
 20
33.0
 30
0.0
 11
188.41761939906192
 21
33.24330112558067
 31
0.0
  0
LINE
  5
469
330
17
100
AcDbEntity
  8
隐藏线
100
AcDbLine
 10
190.8596474171624
 20
36.0
 30
0.0
 11
193.3016754352629
 21
36.0
 31
0.0
  0
LINE
  5
46A
330
17
100
AcDbEntity
  8
隐藏线
100
AcDbLine
 10
22.000000000000142
 20
21.4612501221796
 30
0.0
 11
22.007353374095448
 21
21.446818194370753
 31
0.0
  0
LINE
  5
46B
330
17
100
AcDbEntity
  8
隐藏线
100
AcDbLine
 10
22.007353374095448
 20
21.446818194370753
 30
0.0
 11
22.014706528211427
 21
21.43238669829919
 31
0.0
  0
LINE
  5
46C
330
17
100
AcDbEntity
  8
隐藏线
100
AcDbLine
 10
22.051461610580517
 20
21.360250194908513
 30
0.0
 11
22.058809036004334
 21
21.345829942120734
 31
0.0
  0
LINE
  5
46D
330
17
100
AcDbEntity
  8
隐藏线
100
AcDbLine
 10
22.058809036004334
 20
21.345829942120734
 30
0.0
 11
22.066154642155066
 21
21.33141325988675
 31
0.0
  0
LINE
  5
46E
330
17
100
AcDbEntity
  8
隐藏线
100
AcDbLine
 10
22.066154642155066
 20
21.33141325988675
 30
0.0
 11
22.073498349229588
 21
21.317000304830316
 31
0.0
  0
LINE
  5
46F
330
17
100
AcDbEntity
  8
隐藏线
100
AcDbLine
 10
22.10284969379784
 20
21.259394574398076
 30
0.0
 11
22.110180601343043
 21
21.245006740038708
 31
0.0
  0
LINE
  5
470
330
17
100
AcDbEntity
  8
隐藏线
100
AcDbLine
 10
22.110180601343043
 20
21.245006740038708
 30
0.0
 11
22.117508372575664
 21
21.23062506108993
 31
0.0
  0
LINE
  5
471
330
17
100
AcDbEntity
  8
隐藏线
100
AcDbLine
 10
22.004587720308603
 20
21.20182803646028
 30
0.0
 11
22.061048048768438
 21
21.216228286252466
 31
0.0
  0
LINE
  5
472
330
17
100
AcDbEntity
  8
隐藏线
100
AcDbLine
 10
21.94812764280982
 20
21.187424562333575
 30
0.0
 11
22.004587720308603
 21
21.20182803646028
 31
0.0
  0
LINE
  5
473
330
17
100
AcDbEntity
  8
隐藏线
100
AcDbLine
 10
21.8916680718858
 20
21.173018114492592
 30
0.0
 11
21.94812764280982
 21
21.187424562333575
 31
0.0
  0
LINE
  5
474
330
17
100
AcDbEntity
  8
隐藏线
100
AcDbLine
 10
21.835209263150265
 20
21.15860894355757
 30
0.0
 11
21.8916680718858
 21
21.173018114492592
 31
0.0
  0
LINE
  5
475
330
17
100
AcDbEntity
  8
隐藏线
100
AcDbLine
 10
21.77875147221693
 20
21.14419730014875
 30
0.0
 11
21.835209263150265
 21
21.15860894355757
 31
0.0
  0
LINE
  5
476
330
17
100
AcDbEntity
  8
隐藏线
100
AcDbLine
 10
21.72229495469951
 20
21.129783434886367
 30
0.0
 11
21.77875147221693
 21
21.14419730014875
 31
0.0
  0
LINE
  5
477
330
17
100
AcDbEntity
  8
隐藏线
100
AcDbLine
 10
21.665839966211728
 20
21.115367598390662
 30
0.0
 11
21.72229495469951
 21
21.129783434886367
 31
0.0
  0
LINE
  5
478
330
17
100
AcDbEntity
  8
隐藏线
100
AcDbLine
 10
21.609386762367297
 20
21.100950041281873
 30
0.0
 11
21.665839966211728
 21
21.115367598390662
 31
0.0
  0
LINE
  5
479
330
17
100
AcDbEntity
  8
隐藏线
100
AcDbLine
 10
21.552935598779936
 20
21.08653101418024
 30
0.0
 11
21.609386762367297
 21
21.100950041281873
 31
0.0
  0
LINE
  5
47A
330
17
100
AcDbEntity
  8
隐藏线
100
AcDbLine
 10
21.496486731063364
 20
21.072110767706
 30
0.0
 11
21.552935598779936
 21
21.08653101418024
 31
0.0
  0
LINE
  5
47B
330
17
100
AcDbEntity
  8
隐藏线
100
AcDbLine
 10
21.440040414831294
 20
21.057689552479395
 30
0.0
 11
21.496486731063364
 21
21.072110767706
 31
0.0
  0
LINE
  5
47C
330
17
100
AcDbEntity
  8
隐藏线
100
AcDbLine
 10
21.383596905697452
 20
21.043267619120662
 30
0.0
 11
21.440040414831294
 21
21.057689552479395
 31
0.0
  0
LINE
  5
47D
330
17
100
AcDbEntity
  8
隐藏线
100
AcDbLine
 10
21.327156459275546
 20
21.02884521825004
 30
0.0
 11
21.383596905697452
 21
21.043267619120662
 31
0.0
  0
LINE
  5
47E
330
17
100
AcDbEntity
  8
隐藏线
100
AcDbLine
 10
21.2707193311793
 20
21.01442260048777
 30
0.0
 11
21.327156459275546
 21
21.02884521825004
 31
0.0
  0
LINE
  5
47F
330
17
100
AcDbEntity
  8
隐藏线
100
AcDbLine
 10
21.2142857142857
 20
21.0
 30
0.0
 11
21.2707193311793
 21
21.01442260048777
 31
0.0
  0
LINE
  5
480
330
17
100
AcDbEntity
  8
隐藏线
100
AcDbLine
 10
21.263359608964812
 20
21.028845200975514
 30
0.0
 11
21.31243892562528
 21
21.057690436500025
 31
0.0
  0
LINE
  5
481
330
17
100
AcDbEntity
  8
隐藏线
100
AcDbLine
 10
21.31243892562528
 20
21.057690436500025
 30
0.0
 11
21.36152349668695
 21
21.086535238241247
 31
0.0
  0
LINE
  5
482
330
17
100
AcDbEntity
  8
隐藏线
100
AcDbLine
 10
21.36152349668695
 20
21.086535238241247
 30
0.0
 11
21.410613100015762
 21
21.11537910495869
 31
0.0
  0
LINE
  5
483
330
17
100
AcDbEntity
  8
隐藏线
100
AcDbLine
 10
21.459707513477657
 20
21.144221535411887
 30
0.0
 11
21.50880651493857
 21
21.173062028360356
 31
0.0
  0
LINE
  5
484
330
17
100
AcDbEntity
  8
隐藏线
100
AcDbLine
 10
21.50880651493857
 20
21.173062028360356
 30
0.0
 11
21.55790988226444
 21
21.201900082563615
 31
0.0
  0
LINE
  5
485
330
17
100
AcDbEntity
  8
隐藏线
100
AcDbLine
 10
21.55790988226444
 20
21.201900082563615
 30
0.0
 11
21.607017393321208
 21
21.230735196781186
 31
0.0
  0
LINE
  5
486
330
17
100
AcDbEntity
  8
隐藏线
100
AcDbLine
 10
21.607017393321208
 20
21.230735196781186
 30
0.0
 11
21.656128825974815
 21
21.25956686977259
 31
0.0
  0
LINE
  5
487
330
17
100
AcDbEntity
  8
隐藏线
100
AcDbLine
 10
21.656128825974815
 20
21.25956686977259
 30
0.0
 11
21.70524395809119
 21
21.288394600297355
 31
0.0
  0
LINE
  5
488
330
17
100
AcDbEntity
  8
隐藏线
100
AcDbLine
 10
21.70524395809119
 20
21.288394600297355
 30
0.0
 11
21.754362567536283
 21
21.317217887114992
 31
0.0
  0
LINE
  5
489
330
17
100
AcDbEntity
  8
隐藏线
100
AcDbLine
 10
21.754362567536283
 20
21.317217887114992
 30
0.0
 11
21.803484432176027
 21
21.34603622898503
 31
0.0
  0
LINE
  5
48A
330
17
100
AcDbEntity
  8
隐藏线
100
AcDbLine
 10
21.803484432176027
 20
21.34603622898503
 30
0.0
 11
21.852609329876362
 21
21.37484912466699
 31
0.0
  0
LINE
  5
48B
330
17
100
AcDbEntity
  8
隐藏线
100
AcDbLine
 10
21.852609329876362
 20
21.37484912466699
 30
0.0
 11
21.901737038503228
 21
21.40365607292039
 31
0.0
  0
LINE
  5
48C
330
17
100
AcDbEntity
  8
隐藏线
100
AcDbLine
 10
21.901737038503228
 20
21.40365607292039
 30
0.0
 11
21.95086733592256
 21
21.43245657250475
 31
0.0
  0
LINE
  5
48D
330
17
100
AcDbEntity
  8
隐藏线
100
AcDbLine
 10
21.95086733592256
 20
21.43245657250475
 30
0.0
 11
22.0000000000003
 21
21.4612501221796
 31
0.0
  0
LINE
  5
48E
330
17
100
AcDbEntity
  8
隐藏线
100
AcDbLine
 10
71.34948535832255
 20
23.214984998783795
 30
0.0
 11
72.07892418890185
 21
23.228004029559987
 31
0.0
  0
LINE
  5
48F
330
17
100
AcDbEntity
  8
隐藏线
100
AcDbLine
 10
70.62425025090687
 20
23.20187555885088
 30
0.0
 11
71.34948535832255
 21
23.214984998783795
 31
0.0
  0
LINE
  5
490
330
17
100
AcDbEntity
  8
隐藏线
100
AcDbLine
 10
69.9032470614564
 20
23.188676219629652
 30
0.0
 11
70.62425025090687
 21
23.20187555885088
 31
0.0
  0
LINE
  5
491
330
17
100
AcDbEntity
  8
隐藏线
100
AcDbLine
 10
69.18650383118775
 20
23.17538749425115
 30
0.0
 11
69.9032470614564
 21
23.188676219629652
 31
0.0
  0
LINE
  5
492
330
17
100
AcDbEntity
  8
隐藏线
100
AcDbLine
 10
68.47440876745024
 20
23.162002549651348
 30
0.0
 11
69.18650383118775
 21
23.17538749425115
 31
0.0
  0
LINE
  5
493
330
17
100
AcDbEntity
  8
隐藏线
100
AcDbLine
 10
67.76663477816058
 20
23.14852935979905
 30
0.0
 11
68.47440876745024
 21
23.162002549651348
 31
0.0
  0
LINE
  5
494
330
17
100
AcDbEntity
  8
隐藏线
100
AcDbLine
 10
67.06320937900509
 20
23.13496844870402
 30
0.0
 11
67.76663477816058
 21
23.14852935979905
 31
0.0
  0
LINE
  5
495
330
17
100
AcDbEntity
  8
隐藏线
100
AcDbLine
 10
66.3641599278508
 20
23.1213203435596
 30
0.0
 11
67.06320937900509
 21
23.13496844870402
 31
0.0
  0
LINE
  5
496
330
17
100
AcDbEntity
  8
隐藏线
100
AcDbLine
 10
62.03233061333263
 20
23.032372288015424
 30
0.0
 11
66.3641599278508
 21
23.1213203435596
 31
0.0
  0
LINE
  5
497
330
17
100
AcDbEntity
  8
隐藏线
100
AcDbLine
 10
57.88609214955633
 20
22.9400769139133
 30
0.0
 11
62.03233061333263
 21
23.032372288015424
 31
0.0
  0
LINE
  5
498
330
17
100
AcDbEntity
  8
隐藏线
100
AcDbLine
 10
53.931952214530696
 20
22.84457947419453
 30
0.0
 11
57.88609214955633
 21
22.9400769139133
 31
0.0
  0
LINE
  5
499
330
17
100
AcDbEntity
  8
隐藏线
100
AcDbLine
 10
50.176136646213976
 20
22.746029919755898
 30
0.0
 11
53.931952214530696
 21
22.84457947419453
 31
0.0
  0
LINE
  5
49A
330
17
100
AcDbEntity
  8
隐藏线
100
AcDbLine
 10
46.64220557732742
 20
22.64435853173634
 30
0.0
 11
50.176136646213976
 21
22.746029919755898
 31
0.0
  0
LINE
  5
49B
330
17
100
AcDbEntity
  8
隐藏线
100
AcDbLine
 10
43.31920313278964
 20
22.539981218853605
 30
0.0
 11
46.64220557732742
 21
22.64435853173634
 31
0.0
  0
LINE
  5
49C
330
17
100
AcDbEntity
  8
隐藏线
100
AcDbLine
 10
40.21234163208801
 20
22.43306219183789
 30
0.0
 11
43.31920313278964
 21
22.539981218853605
 31
0.0
  0
LINE
  5
49D
330
17
100
AcDbEntity
  8
隐藏线
100
AcDbLine
 10
37.326516280492875
 20
22.323769390530916
 30
0.0
 11
40.21234163208801
 21
22.43306219183789
 31
0.0
  0
LINE
  5
49E
330
17
100
AcDbEntity
  8
隐藏线
100
AcDbLine
 10
34.292832743838986
 20
22.194347896643638
 30
0.0
 11
37.326516280492875
 21
22.323769390530916
 31
0.0
  0
LINE
  5
49F
330
17
100
AcDbEntity
  8
隐藏线
100
AcDbLine
 10
31.568867704170437
 20
22.062300193840247
 30
0.0
 11
34.292832743838986
 21
22.194347896643638
 31
0.0
  0
LINE
  5
4A0
330
17
100
AcDbEntity
  8
隐藏线
100
AcDbLine
 10
29.160333598649117
 20
21.927904437710847
 30
0.0
 11
31.568867704170437
 21
22.062300193840247
 31
0.0
  0
LINE
  5
4A1
330
17
100
AcDbEntity
  8
隐藏线
100
AcDbLine
 10
27.07232308220393
 20
21.791443397475902
 30
0.0
 11
29.160333598649117
 21
21.927904437710847
 31
0.0
  0
LINE
  5
4A2
330
17
100
AcDbEntity
  8
隐藏线
100
AcDbLine
 10
25.33677993273598
 20
21.65308730081983
 30
0.0
 11
27.07232308220393
 21
21.791443397475902
 31
0.0
  0
LINE
  5
4A3
330
17
100
AcDbEntity
  8
隐藏线
100
AcDbLine
 10
23.93061393589456
 20
21.513302268125692
 30
0.0
 11
25.33677993273598
 21
21.65308730081983
 31
0.0
  0
LINE
  5
4A4
330
17
100
AcDbEntity
  8
隐藏线
100
AcDbLine
 10
22.85676207370195
 20
21.372382658684874
 30
0.0
 11
23.93061393589456
 21
21.513302268125692
 31
0.0
  0
LINE
  5
4A5
330
17
100
AcDbEntity
  8
隐藏线
100
AcDbLine
 10
22.117508372575536
 20
21.230625061089818
 30
0.0
 11
22.85676207370195
 21
21.372382658684874
 31
0.0
  0
LINE
  5
4A6
330
17
100
AcDbEntity
  8
隐藏线
100
AcDbLine
 10
72.0
 20
25.45600805912
 30
0.0
 11
72.7067655892204
 21
25.498000660728724
 31
0.0
  0
LINE
  5
4A7
330
17
100
AcDbEntity
  8
隐藏线
100
AcDbLine
 10
72.7067655892204
 20
25.498000660728724
 30
0.0
 11
73.41069599094439
 21
25.564005575371972
 31
0.0
  0
LINE
  5
4A8
330
17
100
AcDbEntity
  8
隐藏线
100
AcDbLine
 10
73.41069599094439
 20
25.564005575371972
 30
0.0
 11
74.11126189465642
 21
25.650590268511564
 31
0.0
  0
LINE
  5
4A9
330
17
100
AcDbEntity
  8
隐藏线
100
AcDbLine
 10
74.11126189465642
 20
25.650590268511564
 30
0.0
 11
74.807933989841
 21
25.754322205609316
 31
0.0
  0
LINE
  5
4AA
330
17
100
AcDbEntity
  8
隐藏线
100
AcDbLine
 10
74.807933989841
 20
25.754322205609316
 30
0.0
 11
75.50018296598262
 21
25.871768852127055
 31
0.0
  0
LINE
  5
4AB
330
17
100
AcDbEntity
  8
隐藏线
100
AcDbLine
 10
75.50018296598262
 20
25.871768852127055
 30
0.0
 11
76.18747951256579
 21
25.999497673526587
 31
0.0
  0
LINE
  5
4AC
330
17
100
AcDbEntity
  8
隐藏线
100
AcDbLine
 10
76.18747951256579
 20
25.999497673526587
 30
0.0
 11
76.86929427347499
 21
26.134075802826857
 31
0.0
  0
LINE
  5
4AD
330
17
100
AcDbEntity
  8
隐藏线
100
AcDbLine
 10
76.86929427347499
 20
26.134075802826857
 30
0.0
 11
77.54507472781447
 21
26.271901492061264
 31
0.0
  0
LINE
  5
4AE
330
17
100
AcDbEntity
  8
隐藏线
100
AcDbLine
 10
77.54507472781447
 20
26.271901492061264
 30
0.0
 11
78.21420756994002
 21
26.408929846897625
 31
0.0
  0
LINE
  5
4AF
330
17
100
AcDbEntity
  8
隐藏线
100
AcDbLine
 10
78.21420756994002
 20
26.408929846897625
 30
0.0
 11
78.87606964461582
 21
26.54104416534062
 31
0.0
  0
LINE
  5
4B0
330
17
100
AcDbEntity
  8
隐藏线
100
AcDbLine
 10
78.87606964461582
 20
26.54104416534062
 30
0.0
 11
79.53003779660602
 21
26.66412774539493
 31
0.0
  0
LINE
  5
4B1
330
17
100
AcDbEntity
  8
隐藏线
100
AcDbLine
 10
79.53003779660602
 20
26.66412774539493
 30
0.0
 11
80.17548887067483
 21
26.774063885065235
 31
0.0
  0
LINE
  5
4B2
330
17
100
AcDbEntity
  8
隐藏线
100
AcDbLine
 10
80.17548887067483
 20
26.774063885065235
 30
0.0
 11
80.81179971158642
 21
26.866735882356213
 31
0.0
  0
LINE
  5
4B3
330
17
100
AcDbEntity
  8
隐藏线
100
AcDbLine
 10
80.81179971158642
 20
26.866735882356213
 30
0.0
 11
81.43834716410493
 21
26.938027035272547
 31
0.0
  0
LINE
  5
4B4
330
17
100
AcDbEntity
  8
隐藏线
100
AcDbLine
 10
81.43834716410493
 20
26.938027035272547
 30
0.0
 11
82.05450807299457
 21
26.983820641818916
 31
0.0
  0
LINE
  5
4B5
330
17
100
AcDbEntity
  8
隐藏线
100
AcDbLine
 10
82.05450807299457
 20
26.983820641818916
 30
0.0
 11
82.6596592830195
 21
27.0
 31
0.0
  0
LINE
  5
4B6
330
17
100
AcDbEntity
  8
隐藏线
100
AcDbLine
 10
82.65965928301948
 20
27.0
 30
0.0
 11
82.66735865897382
 21
26.70594857901132
 31
0.0
  0
LINE
  5
4B7
330
17
100
AcDbEntity
  8
隐藏线
100
AcDbLine
 10
82.66735865897382
 20
26.70594857901132
 30
0.0
 11
82.69038263763753
 21
26.414729033951616
 31
0.0
  0
LINE
  5
4B8
330
17
100
AcDbEntity
  8
隐藏线
100
AcDbLine
 10
82.69038263763753
 20
26.414729033951616
 30
0.0
 11
82.72850948550986
 21
26.129145968236614
 31
0.0
  0
LINE
  5
4B9
330
17
100
AcDbEntity
  8
隐藏线
100
AcDbLine
 10
82.72850948550986
 20
26.129145968236614
 30
0.0
 11
82.78137202020356
 21
25.85194970290473
 31
0.0
  0
LINE
  5
4BA
330
17
100
AcDbEntity
  8
隐藏线
100
AcDbLine
 10
82.78137202020356
 20
25.85194970290473
 30
0.0
 11
82.84846114661192
 21
25.585809789522006
 31
0.0
  0
LINE
  5
4BB
330
17
100
AcDbEntity
  8
隐藏线
100
AcDbLine
 10
82.84846114661192
 20
25.585809789522006
 30
0.0
 11
82.92913075977299
 21
25.333289300941196
 31
0.0
  0
LINE
  5
4BC
330
17
100
AcDbEntity
  8
隐藏线
100
AcDbLine
 10
82.92913075977299
 20
25.333289300941196
 30
0.0
 11
83.02260396721353
 21
25.096820147509064
 31
0.0
  0
LINE
  5
4BD
330
17
100
AcDbEntity
  8
隐藏线
100
AcDbLine
 10
83.02260396721353
 20
25.096820147509064
 30
0.0
 11
83.12798057084822
 21
24.878679656440358
 31
0.0
  0
LINE
  5
4BE
330
17
100
AcDbEntity
  8
隐藏线
100
AcDbLine
 10
83.12798057084822
 20
24.878679656440358
 30
0.0
 11
83.24424573637938
 21
24.68096863991179
 31
0.0
  0
LINE
  5
4BF
330
17
100
AcDbEntity
  8
隐藏线
100
AcDbLine
 10
83.24424573637938
 20
24.68096863991179
 30
0.0
 11
83.3702797667059
 21
24.505591163092365
 31
0.0
  0
LINE
  5
4C0
330
17
100
AcDbEntity
  8
隐藏线
100
AcDbLine
 10
83.3702797667059
 20
24.505591163092365
 30
0.0
 11
83.50486888521856
 21
24.354236206954933
 31
0.0
  0
LINE
  5
4C1
330
17
100
AcDbEntity
  8
隐藏线
100
AcDbLine
 10
83.50486888521856
 20
24.354236206954933
 30
0.0
 11
83.64671692513217
 21
24.22836140246614
 31
0.0
  0
LINE
  5
4C2
330
17
100
AcDbEntity
  8
隐藏线
100
AcDbLine
 10
83.64671692513217
 20
24.22836140246614
 30
0.0
 11
83.79445781228034
 21
24.129178992803375
 31
0.0
  0
LINE
  5
4C3
330
17
100
AcDbEntity
  8
隐藏线
100
AcDbLine
 10
83.79445781228034
 20
24.129178992803375
 30
0.0
 11
83.94666872115644
 21
24.05764415879031
 31
0.0
  0
LINE
  5
4C4
330
17
100
AcDbEntity
  8
隐藏线
100
AcDbLine
 10
83.94666872115644
 20
24.05764415879031
 30
0.0
 11
84.10188377750106
 21
24.014445819983408
 31
0.0
  0
LINE
  5
4C5
330
17
100
AcDbEntity
  8
隐藏线
100
AcDbLine
 10
84.10188377750106
 20
24.014445819983408
 30
0.0
 11
84.2586081754724
 21
24.0
 31
0.0
  0
LINE
  5
4C6
330
17
100
AcDbEntity
  8
隐藏线
100
AcDbLine
 10
83.57654019690739
 20
23.992025168528027
 30
0.0
 11
84.2586081754724
 21
24.0
 31
0.0
  0
LINE
  5
4C7
330
17
100
AcDbEntity
  8
隐藏线
100
AcDbLine
 10
82.88149910025483
 20
23.9694431685848
 30
0.0
 11
83.57654019690739
 21
23.992025168528027
 31
0.0
  0
LINE
  5
4C8
330
17
100
AcDbEntity
  8
隐藏线
100
AcDbLine
 10
82.17418207673931
 20
23.93426774187936
 30
0.0
 11
82.88149910025483
 21
23.9694431685848
 31
0.0
  0
LINE
  5
4C9
330
17
100
AcDbEntity
  8
隐藏线
100
AcDbLine
 10
81.45528631758542
 20
23.888512630120747
 30
0.0
 11
82.17418207673931
 21
23.93426774187936
 31
0.0
  0
LINE
  5
4CA
330
17
100
AcDbEntity
  8
隐藏线
100
AcDbLine
 10
80.72550901401773
 20
23.834191575018007
 30
0.0
 11
81.45528631758542
 21
23.888512630120747
 31
0.0
  0
LINE
  5
4CB
330
17
100
AcDbEntity
  8
隐藏线
100
AcDbLine
 10
79.98554735726083
 20
23.77331831828018
 30
0.0
 11
80.72550901401773
 21
23.834191575018007
 31
0.0
  0
LINE
  5
4CC
330
17
100
AcDbEntity
  8
隐藏线
100
AcDbLine
 10
79.23609853853931
 20
23.7079066016163
 30
0.0
 11
79.98554735726083
 21
23.77331831828018
 31
0.0
  0
LINE
  5
4CD
330
17
100
AcDbEntity
  8
隐藏线
100
AcDbLine
 10
78.47785974907774
 20
23.63997016673542
 30
0.0
 11
79.23609853853931
 21
23.7079066016163
 31
0.0
  0
LINE
  5
4CE
330
17
100
AcDbEntity
  8
隐藏线
100
AcDbLine
 10
77.66070366388333
 20
23.567037901413414
 30
0.0
 11
78.4331369222613
 21
23.63595074603062
 31
0.0
  0
LINE
  5
4CF
330
17
100
AcDbEntity
  8
隐藏线
100
AcDbLine
 10
76.88080126697318
 20
23.499748836763274
 30
0.0
 11
77.66070366388333
 21
23.567037901413414
 31
0.0
  0
LINE
  5
4D0
330
17
100
AcDbEntity
  8
隐藏线
100
AcDbLine
 10
76.09406060279943
 20
23.435884426063502
 30
0.0
 11
76.88080126697318
 21
23.499748836763274
 31
0.0
  0
LINE
  5
4D1
330
17
100
AcDbEntity
  8
隐藏线
100
AcDbLine
 10
75.30108572769441
 20
23.377161102804628
 30
0.0
 11
76.09406060279943
 21
23.435884426063502
 31
0.0
  0
LINE
  5
4D2
330
17
100
AcDbEntity
  8
隐藏线
100
AcDbLine
 10
74.50248064520514
 20
23.32529513425575
 30
0.0
 11
75.30108572769441
 21
23.377161102804628
 31
0.0
  0
LINE
  5
4D3
330
17
100
AcDbEntity
  8
隐藏线
100
AcDbLine
 10
73.69884935887862
 20
23.28200278768596
 30
0.0
 11
74.50248064520514
 21
23.32529513425575
 31
0.0
  0
LINE
  5
4D4
330
17
100
AcDbEntity
  8
隐藏线
100
AcDbLine
 10
72.89079587226186
 20
23.249000330364346
 30
0.0
 11
73.69884935887862
 21
23.28200278768596
 31
0.0
  0
LINE
  5
4D5
330
17
100
AcDbEntity
  8
隐藏线
100
AcDbLine
 10
72.07892418890191
 20
23.22800402956
 30
0.0
 11
72.89079587226186
 21
23.249000330364346
 31
0.0
  0
LINE
  5
4D6
330
17
100
AcDbEntity
  8
隐藏线
100
AcDbLine
 10
91.59247973219357
 20
30.0
 30
0.0
 11
92.0
 21
30.0
 31
0.0
  0
LINE
  5
4D7
330
17
100
AcDbEntity
  8
隐藏线
100
AcDbLine
 10
90.44852198210786
 20
30.0
 30
0.0
 11
91.59247973219357
 21
30.0
 31
0.0
  0
LINE
  5
4D8
330
17
100
AcDbEntity
  8
隐藏线
100
AcDbLine
 10
88.61002040076441
 20
30.0
 30
0.0
 11
90.44852198210786
 21
30.0
 31
0.0
  0
LINE
  5
4D9
330
17
100
AcDbEntity
  8
隐藏线
100
AcDbLine
 10
86.14213562373095
 20
30.0
 30
0.0
 11
88.61002040076441
 21
30.0
 31
0.0
  0
LINE
  5
4DA
330
17
100
AcDbEntity
  8
隐藏线
100
AcDbLine
 10
83.09793015702371
 20
30.0
 30
0.0
 11
86.14213562373095
 21
30.0
 31
0.0
  0
LINE
  5
4DB
330
17
100
AcDbEntity
  8
隐藏线
100
AcDbLine
 10
79.64162801072726
 20
30.0
 30
0.0
 11
83.09793015702371
 21
30.0
 31
0.0
  0
LINE
  5
4DC
330
17
100
AcDbEntity
  8
隐藏线
100
AcDbLine
 10
75.89763638986126
 20
30.0
 30
0.0
 11
79.64162801072726
 21
30.0
 31
0.0
  0
LINE
  5
4DD
330
17
100
AcDbEntity
  8
隐藏线
100
AcDbLine
 10
72.0
 20
30.0
 30
0.0
 11
75.89763638986126
 21
30.0
 31
0.0
  0
LINE
  5
4DE
330
17
100
AcDbEntity
  8
隐藏线
100
AcDbLine
 10
47.0
 20
30.0
 30
0.0
 11
72.0
 21
30.0
 31
0.0
  0
LINE
  5
4DF
330
17
100
AcDbEntity
  8
隐藏线
100
AcDbLine
 10
22.0
 20
30.0
 30
0.0
 11
47.0
 21
30.0
 31
0.0
  0
LINE
  5
4E0
330
17
100
AcDbEntity
  8
隐藏线
100
AcDbLine
 10
190.3755125105029
 20
12.0
 30
0.0
 11
191.4643275011727
 21
12.0
 31
0.0
  0
LINE
  5
4E1
330
17
100
AcDbEntity
  8
隐藏线
100
AcDbLine
 10
189.6269795670829
 20
12.0
 30
0.0
 11
190.3755125105029
 21
12.0
 31
0.0
  0
LINE
  5
4E2
330
17
100
AcDbEntity
  8
隐藏线
100
AcDbLine
 10
94.74019230624094
 20
2.0
 30
0.0
 11
160.9982142857139
 21
2.0
 31
0.0
  0
LINE
  5
4E3
330
17
100
AcDbEntity
  8
隐藏线
100
AcDbLine
 10
91.10624999999979
 20
2.0
 30
0.0
 11
94.74019230624094
 21
2.0
 31
0.0
  0
LINE
  5
4E4
330
17
100
AcDbEntity
  8
隐藏线
100
AcDbLine
 10
21.214285714285715
 20
2.0
 30
0.0
 11
91.10624999999979
 21
2.0
 31
0.0
  0
LINE
  5
4E5
330
17
100
AcDbEntity
  8
隐藏线
100
AcDbLine
 10
187.4803846124819
 20
2.0
 30
0.0
 11
187.4803846124819
 21
9.00000000000001
 31
0.0
  0
LINE
  5
4E6
330
17
100
AcDbEntity
  8
隐藏线
100
AcDbLine
 10
187.25219486060445
 20
2.0
 30
0.0
 11
187.4803846124817
 21
2.0
 31
0.0
  0
LINE
  5
4E7
330
17
100
AcDbEntity
  8
隐藏线
100
AcDbLine
 10
186.78588888266643
 20
2.0
 30
0.0
 11
187.25219486060445
 21
2.0
 31
0.0
  0
LINE
  5
4E8
330
17
100
AcDbEntity
  8
隐藏线
100
AcDbLine
 10
186.08572801216653
 20
2.0
 30
0.0
 11
186.78588888266643
 21
2.0
 31
0.0
  0
LINE
  5
4E9
330
17
100
AcDbEntity
  8
隐藏线
100
AcDbLine
 10
185.15793536017955
 20
2.0
 30
0.0
 11
186.08572801216653
 21
2.0
 31
0.0
  0
LINE
  5
4EA
330
17
100
AcDbEntity
  8
隐藏线
100
AcDbLine
 10
183.99348740010726
 20
2.0
 30
0.0
 11
185.15793536017955
 21
2.0
 31
0.0
  0
LINE
  5
4EB
330
17
100
AcDbEntity
  8
隐藏线
100
AcDbLine
 10
182.62208528806312
 20
2.0
 30
0.0
 11
183.99348740010726
 21
2.0
 31
0.0
  0
LINE
  5
4EC
330
17
100
AcDbEntity
  8
隐藏线
100
AcDbLine
 10
181.05611377557213
 20
2.0
 30
0.0
 11
182.62208528806312
 21
2.0
 31
0.0
  0
LINE
  5
4ED
330
17
100
AcDbEntity
  8
隐藏线
100
AcDbLine
 10
179.3095898309695
 20
2.0
 30
0.0
 11
181.05611377557213
 21
2.0
 31
0.0
  0
LINE
  5
4EE
330
17
100
AcDbEntity
  8
隐藏线
100
AcDbLine
 10
177.38617592400337
 20
2.0
 30
0.0
 11
179.3095898309695
 21
2.0
 31
0.0
  0
LINE
  5
4EF
330
17
100
AcDbEntity
  8
隐藏线
100
AcDbLine
 10
175.31847960798174
 20
2.0
 30
0.0
 11
177.38617592400337
 21
2.0
 31
0.0
  0
LINE
  5
4F0
330
17
100
AcDbEntity
  8
隐藏线
100
AcDbLine
 10
173.12512342022598
 20
2.0
 30
0.0
 11
175.31847960798174
 21
2.0
 31
0.0
  0
LINE
  5
4F1
330
17
100
AcDbEntity
  8
隐藏线
100
AcDbLine
 10
170.82578404200058
 20
2.0
 30
0.0
 11
173.12512342022598
 21
2.0
 31
0.0
  0
LINE
  5
4F2
330
17
100
AcDbEntity
  8
隐藏线
100
AcDbLine
 10
168.436252312468
 20
2.0
 30
0.0
 11
170.82578404200058
 21
2.0
 31
0.0
  0
LINE
  5
4F3
330
17
100
AcDbEntity
  8
隐藏线
100
AcDbLine
 10
165.98707754046399
 20
2.0
 30
0.0
 11
168.436252312468
 21
2.0
 31
0.0
  0
LINE
  5
4F4
330
17
100
AcDbEntity
  8
隐藏线
100
AcDbLine
 10
163.50028468688643
 20
2.0
 30
0.0
 11
165.98707754046399
 21
2.0
 31
0.0
  0
LINE
  5
4F5
330
17
100
AcDbEntity
  8
隐藏线
100
AcDbLine
 10
160.9982142857139
 20
2.0
 30
0.0
 11
163.50028468688643
 21
2.0
 31
0.0
  0
LINE
  5
4F6
330
17
100
AcDbEntity
  8
隐藏线
100
AcDbLine
 10
18.102363610138738
 20
30.0
 30
0.0
 11
21.999999999999996
 21
30.0
 31
0.0
  0
LINE
  5
4F7
330
17
100
AcDbEntity
  8
隐藏线
100
AcDbLine
 10
14.35837198927274
 20
30.0
 30
0.0
 11
18.102363610138738
 21
30.0
 31
0.0
  0
LINE
  5
4F8
330
17
100
AcDbEntity
  8
隐藏线
100
AcDbLine
 10
10.902069842976282
 20
30.0
 30
0.0
 11
14.35837198927274
 21
30.0
 31
0.0
  0
LINE
  5
4F9
330
17
100
AcDbEntity
  8
隐藏线
100
AcDbLine
 10
7.857864376269042
 20
30.0
 30
0.0
 11
10.902069842976282
 21
30.0
 31
0.0
  0
LINE
  5
4FA
330
17
100
AcDbEntity
  8
隐藏线
100
AcDbLine
 10
5.389979599235588
 20
30.0
 30
0.0
 11
7.857864376269042
 21
30.0
 31
0.0
  0
LINE
  5
4FB
330
17
100
AcDbEntity
  8
隐藏线
100
AcDbLine
 10
3.55147801789213
 20
30.0
 30
0.0
 11
5.389979599235588
 21
30.0
 31
0.0
  0
LINE
  5
4FC
330
17
100
AcDbEntity
  8
隐藏线
100
AcDbLine
 10
2.407520267806433
 20
30.0
 30
0.0
 11
3.55147801789213
 21
30.0
 31
0.0
  0
LINE
  5
4FD
330
17
100
AcDbEntity
  8
隐藏线
100
AcDbLine
 10
2.0
 20
30.0
 30
0.0
 11
2.407520267806433
 21
30.0
 31
0.0
  0
LINE
  5
4FE
330
17
100
AcDbEntity
  8
隐藏线
100
AcDbLine
 10
20.830709083041626
 20
30.0
 30
0.0
 11
22.0
 21
30.0
 31
0.0
  0
LINE
  5
4FF
330
17
100
AcDbEntity
  8
隐藏线
100
AcDbLine
 10
19.707511596781824
 20
30.0
 30
0.0
 11
20.830709083041626
 21
30.0
 31
0.0
  0
LINE
  5
500
330
17
100
AcDbEntity
  8
隐藏线
100
AcDbLine
 10
18.670620952892886
 20
30.0
 30
0.0
 11
19.707511596781824
 21
30.0
 31
0.0
  0
LINE
  5
501
330
17
100
AcDbEntity
  8
隐藏线
100
AcDbLine
 10
17.757359312880716
 20
30.0
 30
0.0
 11
18.670620952892886
 21
30.0
 31
0.0
  0
LINE
  5
502
330
17
100
AcDbEntity
  8
隐藏线
100
AcDbLine
 10
17.016993879770677
 20
30.0
 30
0.0
 11
17.757359312880716
 21
30.0
 31
0.0
  0
LINE
  5
503
330
17
100
AcDbEntity
  8
隐藏线
100
AcDbLine
 10
16.46544340536764
 20
30.0
 30
0.0
 11
17.016993879770677
 21
30.0
 31
0.0
  0
LINE
  5
504
330
17
100
AcDbEntity
  8
隐藏线
100
AcDbLine
 10
16.122256080341927
 20
30.0
 30
0.0
 11
16.46544340536764
 21
30.0
 31
0.0
  0
LINE
  5
505
330
17
100
AcDbEntity
  8
隐藏线
100
AcDbLine
 10
16.0
 20
30.0
 30
0.0
 11
16.122256080341927
 21
30.0
 31
0.0
  0
LINE
  5
506
330
17
100
AcDbEntity
  8
隐藏线
100
AcDbLine
 10
72.0
 20
30.0
 30
0.0
 11
73.16929091695837
 21
30.0
 31
0.0
  0
LINE
  5
507
330
17
100
AcDbEntity
  8
隐藏线
100
AcDbLine
 10
73.16929091695837
 20
30.0
 30
0.0
 11
74.29248840321819
 21
30.0
 31
0.0
  0
LINE
  5
508
330
17
100
AcDbEntity
  8
隐藏线
100
AcDbLine
 10
74.29248840321819
 20
30.0
 30
0.0
 11
75.32937904710712
 21
30.0
 31
0.0
  0
LINE
  5
509
330
17
100
AcDbEntity
  8
隐藏线
100
AcDbLine
 10
75.32937904710712
 20
30.0
 30
0.0
 11
76.24264068711929
 21
30.0
 31
0.0
  0
LINE
  5
50A
330
17
100
AcDbEntity
  8
隐藏线
100
AcDbLine
 10
76.24264068711929
 20
30.0
 30
0.0
 11
76.98300612022932
 21
30.0
 31
0.0
  0
LINE
  5
50B
330
17
100
AcDbEntity
  8
隐藏线
100
AcDbLine
 10
76.98300612022932
 20
30.0
 30
0.0
 11
77.53455659463236
 21
30.0
 31
0.0
  0
LINE
  5
50C
330
17
100
AcDbEntity
  8
隐藏线
100
AcDbLine
 10
77.53455659463236
 20
30.0
 30
0.0
 11
77.87774391965807
 21
30.0
 31
0.0
  0
LINE
  5
50D
330
17
100
AcDbEntity
  8
隐藏线
100
AcDbLine
 10
77.87774391965807
 20
30.0
 30
0.0
 11
78.0
 21
30.0
 31
0.0
  0
LINE
  5
50E
330
17
100
AcDbEntity
  8
隐藏线
100
AcDbLine
 10
20.830709083041626
 20
2.0
 30
0.0
 11
22.0
 21
2.0
 31
0.0
  0
LINE
  5
50F
330
17
100
AcDbEntity
  8
隐藏线
100
AcDbLine
 10
19.707511596781824
 20
2.0
 30
0.0
 11
20.830709083041626
 21
2.0
 31
0.0
  0
LINE
  5
510
330
17
100
AcDbEntity
  8
隐藏线
100
AcDbLine
 10
18.670620952892886
 20
2.0
 30
0.0
 11
19.707511596781824
 21
2.0
 31
0.0
  0
LINE
  5
511
330
17
100
AcDbEntity
  8
隐藏线
100
AcDbLine
 10
17.757359312880716
 20
2.0
 30
0.0
 11
18.670620952892886
 21
2.0
 31
0.0
  0
LINE
  5
512
330
17
100
AcDbEntity
  8
隐藏线
100
AcDbLine
 10
17.016993879770677
 20
2.0
 30
0.0
 11
17.757359312880716
 21
2.0
 31
0.0
  0
LINE
  5
513
330
17
100
AcDbEntity
  8
隐藏线
100
AcDbLine
 10
16.46544340536764
 20
2.0
 30
0.0
 11
17.016993879770677
 21
2.0
 31
0.0
  0
LINE
  5
514
330
17
100
AcDbEntity
  8
隐藏线
100
AcDbLine
 10
16.122256080341927
 20
2.0
 30
0.0
 11
16.46544340536764
 21
2.0
 31
0.0
  0
LINE
  5
515
330
17
100
AcDbEntity
  8
隐藏线
100
AcDbLine
 10
16.0
 20
2.0
 30
0.0
 11
16.122256080341927
 21
2.0
 31
0.0
  0
LINE
  5
516
330
17
100
AcDbEntity
  8
隐藏线
100
AcDbLine
 10
46.99999999999999
 20
2.0
 30
0.0
 11
72.0
 21
2.0
 31
0.0
  0
LINE
  5
517
330
17
100
AcDbEntity
  8
隐藏线
100
AcDbLine
 10
21.999999999999993
 20
2.0
 30
0.0
 11
46.99999999999999
 21
2.0
 31
0.0
  0
LINE
  5
518
330
17
100
AcDbEntity
  8
隐藏线
100
AcDbLine
 10
72.0
 20
2.0
 30
0.0
 11
73.16929091695837
 21
2.0
 31
0.0
  0
LINE
  5
519
330
17
100
AcDbEntity
  8
隐藏线
100
AcDbLine
 10
73.16929091695837
 20
2.0
 30
0.0
 11
74.29248840321819
 21
2.0
 31
0.0
  0
LINE
  5
51A
330
17
100
AcDbEntity
  8
隐藏线
100
AcDbLine
 10
74.29248840321819
 20
2.0
 30
0.0
 11
75.32937904710712
 21
2.0
 31
0.0
  0
LINE
  5
51B
330
17
100
AcDbEntity
  8
隐藏线
100
AcDbLine
 10
75.32937904710712
 20
2.0
 30
0.0
 11
76.24264068711929
 21
2.0
 31
0.0
  0
LINE
  5
51C
330
17
100
AcDbEntity
  8
隐藏线
100
AcDbLine
 10
76.24264068711929
 20
2.0
 30
0.0
 11
76.98300612022932
 21
2.0
 31
0.0
  0
LINE
  5
51D
330
17
100
AcDbEntity
  8
隐藏线
100
AcDbLine
 10
76.98300612022932
 20
2.0
 30
0.0
 11
77.53455659463236
 21
2.0
 31
0.0
  0
LINE
  5
51E
330
17
100
AcDbEntity
  8
隐藏线
100
AcDbLine
 10
77.53455659463236
 20
2.0
 30
0.0
 11
77.87774391965807
 21
2.0
 31
0.0
  0
LINE
  5
51F
330
17
100
AcDbEntity
  8
隐藏线
100
AcDbLine
 10
77.87774391965807
 20
2.0
 30
0.0
 11
78.0
 21
2.0
 31
0.0
  0
LINE
  5
520
330
17
100
AcDbEntity
  8
隐藏线
100
AcDbLine
 10
176.71270897410628
 20
2.0
 30
0.0
 11
177.66812049991947
 21
2.0
 31
0.0
  0
LINE
  5
521
330
17
100
AcDbEntity
  8
隐藏线
100
AcDbLine
 10
174.67062005532037
 20
2.0
 30
0.0
 11
176.71270897410628
 21
2.0
 31
0.0
  0
LINE
  5
522
330
17
100
AcDbEntity
  8
隐藏线
100
AcDbLine
 10
171.6835276391785
 20
2.0
 30
0.0
 11
174.67062005532037
 21
2.0
 31
0.0
  0
LINE
  5
523
330
17
100
AcDbEntity
  8
隐藏线
100
AcDbLine
 10
167.92747584216184
 20
2.0
 30
0.0
 11
171.6835276391785
 21
2.0
 31
0.0
  0
LINE
  5
524
330
17
100
AcDbEntity
  8
隐藏线
100
AcDbLine
 10
163.68512052432368
 20
2.0
 30
0.0
 11
167.92747584216184
 21
2.0
 31
0.0
  0
LINE
  5
525
330
17
100
AcDbEntity
  8
隐藏线
100
AcDbLine
 10
159.3296959537575
 20
2.0
 30
0.0
 11
163.68512052432368
 21
2.0
 31
0.0
  0
LINE
  5
526
330
17
100
AcDbEntity
  8
隐藏线
100
AcDbLine
 10
155.1607200734106
 20
2.0
 30
0.0
 11
159.3296959537575
 21
2.0
 31
0.0
  0
LINE
  5
527
330
17
100
AcDbEntity
  8
隐藏线
100
AcDbLine
 10
151.55356570852396
 20
2.0
 30
0.0
 11
155.1607200734106
 21
2.0
 31
0.0
  0
LINE
  5
528
330
17
100
AcDbEntity
  8
隐藏线
100
AcDbLine
 10
148.77481352386715
 20
2.0
 30
0.0
 11
151.55356570852396
 21
2.0
 31
0.0
  0
LINE
  5
529
330
17
100
AcDbEntity
  8
隐藏线
100
AcDbLine
 10
146.98210314364158
 20
2.0
 30
0.0
 11
148.77481352386715
 21
2.0
 31
0.0
  0
LINE
  5
52A
330
17
100
AcDbEntity
  8
隐藏线
100
AcDbLine
 10
146.2999999999999
 20
2.0
 30
0.0
 11
146.98210314364158
 21
2.0
 31
0.0
  0
LINE
  5
52B
330
17
100
AcDbEntity
  8
隐藏线
100
AcDbLine
 10
17.430900217390345
 20
2.0
 30
0.0
 11
21.2142857142857
 21
2.0
 31
0.0
  0
LINE
  5
52C
330
17
100
AcDbEntity
  8
隐藏线
100
AcDbLine
 10
13.817419941416407
 20
2.0
 30
0.0
 11
17.430900217390345
 21
2.0
 31
0.0
  0
LINE
  5
52D
330
17
100
AcDbEntity
  8
隐藏线
100
AcDbLine
 10
10.496820133628162
 20
2.0
 30
0.0
 11
13.817419941416407
 21
2.0
 31
0.0
  0
LINE
  5
52E
330
17
100
AcDbEntity
  8
隐藏线
100
AcDbLine
 10
7.582748429151174
 20
2.0
 30
0.0
 11
10.496820133628162
 21
2.0
 31
0.0
  0
LINE
  5
52F
330
17
100
AcDbEntity
  8
隐藏线
100
AcDbLine
 10
5.227289830816083
 20
2.0
 30
0.0
 11
7.582748429151174
 21
2.0
 31
0.0
  0
LINE
  5
530
330
17
100
AcDbEntity
  8
隐藏线
100
AcDbLine
 10
3.4758568142606023
 20
2.0
 30
0.0
 11
5.227289830816083
 21
2.0
 31
0.0
  0
LINE
  5
531
330
17
100
AcDbEntity
  8
隐藏线
100
AcDbLine
 10
2.387461579203766
 20
2.0
 30
0.0
 11
3.4758568142606023
 21
2.0
 31
0.0
  0
LINE
  5
532
330
17
100
AcDbEntity
  8
隐藏线
100
AcDbLine
 10
2.0
 20
2.0
 30
0.0
 11
2.387461579203766
 21
2.0
 31
0.0
  0
LINE
  5
533
330
17
100
AcDbEntity
  8
隐藏线
100
AcDbLine
 10
20.830709083041622
 20
24.0
 30
0.0
 11
22.0
 21
24.0
 31
0.0
  0
LINE
  5
534
330
17
100
AcDbEntity
  8
隐藏线
100
AcDbLine
 10
19.707511596781824
 20
24.0
 30
0.0
 11
20.830709083041622
 21
24.0
 31
0.0
  0
LINE
  5
535
330
17
100
AcDbEntity
  8
隐藏线
100
AcDbLine
 10
18.670620952892886
 20
24.0
 30
0.0
 11
19.707511596781824
 21
24.0
 31
0.0
  0
LINE
  5
536
330
17
100
AcDbEntity
  8
隐藏线
100
AcDbLine
 10
17.757359312880716
 20
24.0
 30
0.0
 11
18.670620952892886
 21
24.0
 31
0.0
  0
LINE
  5
537
330
17
100
AcDbEntity
  8
隐藏线
100
AcDbLine
 10
17.016993879770677
 20
24.0
 30
0.0
 11
17.757359312880716
 21
24.0
 31
0.0
  0
LINE
  5
538
330
17
100
AcDbEntity
  8
隐藏线
100
AcDbLine
 10
16.46544340536764
 20
24.0
 30
0.0
 11
17.016993879770677
 21
24.0
 31
0.0
  0
LINE
  5
539
330
17
100
AcDbEntity
  8
隐藏线
100
AcDbLine
 10
16.12225608034193
 20
24.0
 30
0.0
 11
16.46544340536764
 21
24.0
 31
0.0
  0
LINE
  5
53A
330
17
100
AcDbEntity
  8
隐藏线
100
AcDbLine
 10
16.0
 20
24.0
 30
0.0
 11
16.12225608034193
 21
24.0
 31
0.0
  0
LINE
  5
53B
330
17
100
AcDbEntity
  8
隐藏线
100
AcDbLine
 10
22.0
 20
24.0
 30
0.0
 11
47.0
 21
24.0
 31
0.0
  0
LINE
  5
53C
330
17
100
AcDbEntity
  8
隐藏线
100
AcDbLine
 10
47.0
 20
24.0
 30
0.0
 11
72.0
 21
24.0
 31
0.0
  0
LINE
  5
53D
330
17
100
AcDbEntity
  8
隐藏线
100
AcDbLine
 10
72.0
 20
24.0
 30
0.0
 11
73.16929091695837
 21
24.0
 31
0.0
  0
LINE
  5
53E
330
17
100
AcDbEntity
  8
隐藏线
100
AcDbLine
 10
73.16929091695837
 20
24.0
 30
0.0
 11
74.29248840321819
 21
24.0
 31
0.0
  0
LINE
  5
53F
330
17
100
AcDbEntity
  8
隐藏线
100
AcDbLine
 10
74.29248840321819
 20
24.0
 30
0.0
 11
75.32937904710711
 21
24.0
 31
0.0
  0
LINE
  5
540
330
17
100
AcDbEntity
  8
隐藏线
100
AcDbLine
 10
75.32937904710711
 20
24.0
 30
0.0
 11
76.24264068711929
 21
24.0
 31
0.0
  0
LINE
  5
541
330
17
100
AcDbEntity
  8
隐藏线
100
AcDbLine
 10
76.24264068711929
 20
24.0
 30
0.0
 11
76.98300612022932
 21
24.0
 31
0.0
  0
LINE
  5
542
330
17
100
AcDbEntity
  8
隐藏线
100
AcDbLine
 10
76.98300612022932
 20
24.0
 30
0.0
 11
77.53455659463236
 21
24.0
 31
0.0
  0
LINE
  5
543
330
17
100
AcDbEntity
  8
隐藏线
100
AcDbLine
 10
77.53455659463236
 20
24.0
 30
0.0
 11
77.87774391965807
 21
24.0
 31
0.0
  0
LINE
  5
544
330
17
100
AcDbEntity
  8
隐藏线
100
AcDbLine
 10
77.87774391965807
 20
24.0
 30
0.0
 11
78.0
 21
24.0
 31
0.0
  0
LINE
  5
545
330
17
100
AcDbEntity
  8
隐藏线
100
AcDbLine
 10
72.0
 20
2.0
 30
0.0
 11
75.89763638986125
 21
2.0
 31
0.0
  0
LINE
  5
546
330
17
100
AcDbEntity
  8
隐藏线
100
AcDbLine
 10
75.89763638986125
 20
2.0
 30
0.0
 11
79.64162801072726
 21
2.0
 31
0.0
  0
LINE
  5
547
330
17
100
AcDbEntity
  8
隐藏线
100
AcDbLine
 10
79.64162801072726
 20
2.0
 30
0.0
 11
83.09793015702371
 21
2.0
 31
0.0
  0
LINE
  5
548
330
17
100
AcDbEntity
  8
隐藏线
100
AcDbLine
 10
83.09793015702371
 20
2.0
 30
0.0
 11
86.14213562373095
 21
2.0
 31
0.0
  0
LINE
  5
549
330
17
100
AcDbEntity
  8
隐藏线
100
AcDbLine
 10
86.14213562373095
 20
2.0
 30
0.0
 11
88.6100204007644
 21
2.0
 31
0.0
  0
LINE
  5
54A
330
17
100
AcDbEntity
  8
隐藏线
100
AcDbLine
 10
88.6100204007644
 20
2.0
 30
0.0
 11
90.44852198210788
 21
2.0
 31
0.0
  0
LINE
  5
54B
330
17
100
AcDbEntity
  8
隐藏线
100
AcDbLine
 10
90.44852198210788
 20
2.0
 30
0.0
 11
91.59247973219357
 21
2.0
 31
0.0
  0
LINE
  5
54C
330
17
100
AcDbEntity
  8
隐藏线
100
AcDbLine
 10
91.59247973219357
 20
2.0
 30
0.0
 11
92.0
 21
2.0
 31
0.0
  0
LINE
  5
54D
330
17
100
AcDbEntity
  8
隐藏线
100
AcDbLine
 10
72.0
 20
24.0
 30
0.0
 11
73.64723055532482
 21
24.0
 31
0.0
  0
LINE
  5
54E
330
17
100
AcDbEntity
  8
隐藏线
100
AcDbLine
 10
73.64723055532482
 20
24.0
 30
0.0
 11
75.28297112704689
 21
24.0
 31
0.0
  0
LINE
  5
54F
330
17
100
AcDbEntity
  8
隐藏线
100
AcDbLine
 10
75.28297112704689
 20
24.0
 30
0.0
 11
76.8968507821653
 21
24.0
 31
0.0
  0
LINE
  5
550
330
17
100
AcDbEntity
  8
隐藏线
100
AcDbLine
 10
76.8968507821653
 20
24.0
 30
0.0
 11
78.47862800651914
 21
24.0
 31
0.0
  0
LINE
  5
551
330
17
100
AcDbEntity
  8
隐藏线
100
AcDbLine
 10
78.47862800651914
 20
24.0
 30
0.0
 11
80.01367643271017
 21
24.0
 31
0.0
  0
LINE
  5
552
330
17
100
AcDbEntity
  8
隐藏线
100
AcDbLine
 10
80.01367643271017
 20
24.0
 30
0.0
 11
81.49488152762837
 21
24.0
 31
0.0
  0
LINE
  5
553
330
17
100
AcDbEntity
  8
隐藏线
100
AcDbLine
 10
81.49488152762837
 20
24.0
 30
0.0
 11
82.91286132899256
 21
24.0
 31
0.0
  0
LINE
  5
554
330
17
100
AcDbEntity
  8
隐藏线
100
AcDbLine
 10
82.91286132899256
 20
24.0
 30
0.0
 11
84.25860817466156
 21
24.0
 31
0.0
  0
LINE
  5
555
330
17
100
AcDbEntity
  8
隐藏线
100
AcDbLine
 10
91.59247973219357
 20
24.0
 30
0.0
 11
92.0
 21
24.0
 31
0.0
  0
LINE
  5
556
330
17
100
AcDbEntity
  8
隐藏线
100
AcDbLine
 10
90.44852198210786
 20
24.0
 30
0.0
 11
91.59247973219357
 21
24.0
 31
0.0
  0
LINE
  5
557
330
17
100
AcDbEntity
  8
隐藏线
100
AcDbLine
 10
88.61002040076441
 20
24.0
 30
0.0
 11
90.44852198210786
 21
24.0
 31
0.0
  0
LINE
  5
558
330
17
100
AcDbEntity
  8
隐藏线
100
AcDbLine
 10
86.14213562373095
 20
24.0
 30
0.0
 11
88.61002040076441
 21
24.0
 31
0.0
  0
LINE
  5
559
330
17
100
AcDbEntity
  8
隐藏线
100
AcDbLine
 10
83.09793015702371
 20
24.0
 30
0.0
 11
86.14213562373095
 21
24.0
 31
0.0
  0
LINE
  5
55A
330
17
100
AcDbEntity
  8
隐藏线
100
AcDbLine
 10
79.64162801072726
 20
24.0
 30
0.0
 11
83.09793015702371
 21
24.0
 31
0.0
  0
LINE
  5
55B
330
17
100
AcDbEntity
  8
隐藏线
100
AcDbLine
 10
75.89763638986126
 20
24.0
 30
0.0
 11
79.64162801072726
 21
24.0
 31
0.0
  0
LINE
  5
55C
330
17
100
AcDbEntity
  8
隐藏线
100
AcDbLine
 10
72.0
 20
24.0
 30
0.0
 11
75.89763638986126
 21
24.0
 31
0.0
  0
LINE
  5
55D
330
17
100
AcDbEntity
  8
隐藏线
100
AcDbLine
 10
18.102363610138738
 20
2.0
 30
0.0
 11
21.999999999999996
 21
2.0
 31
0.0
  0
LINE
  5
55E
330
17
100
AcDbEntity
  8
隐藏线
100
AcDbLine
 10
14.358371989272747
 20
2.0
 30
0.0
 11
18.102363610138738
 21
2.0
 31
0.0
  0
LINE
  5
55F
330
17
100
AcDbEntity
  8
隐藏线
100
AcDbLine
 10
10.902069842976282
 20
2.0
 30
0.0
 11
14.358371989272747
 21
2.0
 31
0.0
  0
LINE
  5
560
330
17
100
AcDbEntity
  8
隐藏线
100
AcDbLine
 10
7.857864376269049
 20
2.0
 30
0.0
 11
10.902069842976282
 21
2.0
 31
0.0
  0
LINE
  5
561
330
17
100
AcDbEntity
  8
隐藏线
100
AcDbLine
 10
5.389979599235588
 20
2.0
 30
0.0
 11
7.857864376269049
 21
2.0
 31
0.0
  0
LINE
  5
562
330
17
100
AcDbEntity
  8
隐藏线
100
AcDbLine
 10
3.551478017892137
 20
2.0
 30
0.0
 11
5.389979599235588
 21
2.0
 31
0.0
  0
LINE
  5
563
330
17
100
AcDbEntity
  8
隐藏线
100
AcDbLine
 10
18.102363610138738
 20
24.0
 30
0.0
 11
21.999999999999996
 21
24.0
 31
0.0
  0
LINE
  5
564
330
17
100
AcDbEntity
  8
隐藏线
100
AcDbLine
 10
14.358371989272747
 20
24.0
 30
0.0
 11
18.102363610138738
 21
24.0
 31
0.0
  0
LINE
  5
565
330
17
100
AcDbEntity
  8
隐藏线
100
AcDbLine
 10
10.902069842976282
 20
24.0
 30
0.0
 11
14.358371989272747
 21
24.0
 31
0.0
  0
LINE
  5
566
330
17
100
AcDbEntity
  8
隐藏线
100
AcDbLine
 10
7.857864376269049
 20
24.0
 30
0.0
 11
10.902069842976282
 21
24.0
 31
0.0
  0
LINE
  5
567
330
17
100
AcDbEntity
  8
隐藏线
100
AcDbLine
 10
5.389979599235588
 20
24.0
 30
0.0
 11
7.857864376269049
 21
24.0
 31
0.0
  0
LINE
  5
568
330
17
100
AcDbEntity
  8
隐藏线
100
AcDbLine
 10
3.551478017892137
 20
24.0
 30
0.0
 11
5.389979599235588
 21
24.0
 31
0.0
  0
LINE
  5
569
330
17
100
AcDbEntity
  8
隐藏线
100
AcDbLine
 10
2.407520267806433
 20
24.0
 30
0.0
 11
3.551478017892137
 21
24.0
 31
0.0
  0
LINE
  5
56A
330
17
100
AcDbEntity
  8
隐藏线
100
AcDbLine
 10
2.0
 20
24.0
 30
0.0
 11
2.407520267806433
 21
24.0
 31
0.0
  0
LINE
  5
56B
330
17
100
AcDbEntity
  8
隐藏线
100
AcDbLine
 10
177.6681204999199
 20
24.0
 30
0.0
 11
177.6681204999199
 21
46.0
 31
0.0
  0
LINE
  5
56C
330
17
100
AcDbEntity
  8
隐藏线
100
AcDbLine
 10
177.6681204999199
 20
2.0
 30
0.0
 11
177.6681204999199
 21
24.0
 31
0.0
  0
LINE
  5
56D
330
17
100
AcDbEntity
  8
隐藏线
100
AcDbLine
 10
182.5742525562009
 20
46.0
 30
0.0
 11
187.4803846124819
 21
46.0
 31
0.0
  0
LINE
  5
56E
330
17
100
AcDbEntity
  8
隐藏线
100
AcDbLine
 10
177.6681204999199
 20
46.0
 30
0.0
 11
182.5742525562009
 21
46.0
 31
0.0
  0
LINE
  5
56F
330
17
100
AcDbEntity
  8
隐藏线
100
AcDbLine
 10
187.4803846124819
 20
11.023933985464582
 30
0.0
 11
187.4803846124819
 21
24.0
 31
0.0
  0
LINE
  5
570
330
17
100
AcDbEntity
  8
隐藏线
100
AcDbLine
 10
187.4803846124819
 20
24.0
 30
0.0
 11
187.4803846124819
 21
33.0
 31
0.0
  0
LINE
  5
571
330
17
100
AcDbEntity
  8
隐藏线
100
AcDbLine
 10
177.6681204999199
 20
2.0
 30
0.0
 11
182.5742525562009
 21
2.0
 31
0.0
  0
LINE
  5
572
330
17
100
AcDbEntity
  8
隐藏线
100
AcDbLine
 10
182.5742525562009
 20
2.0
 30
0.0
 11
187.4803846124819
 21
2.0
 31
0.0
  0
LINE
  5
573
330
17
100
AcDbEntity
  8
隐藏线
100
AcDbLine
 10
187.4803846124819
 20
24.0
 30
0.0
 11
187.4803846124819
 21
46.0
 31
0.0
  0
LINE
  5
574
330
17
100
AcDbEntity
  8
隐藏线
100
AcDbLine
 10
187.4803846124819
 20
2.0
 30
0.0
 11
187.4803846124819
 21
24.0
 31
0.0
  0
LINE
  5
575
330
17
100
AcDbEntity
  8
隐藏线
100
AcDbLine
 10
186.79632632980108
 20
2.0
 30
0.0
 11
187.4803846124817
 21
2.0
 31
0.0
  0
LINE
  5
576
330
17
100
AcDbEntity
  8
隐藏线
100
AcDbLine
 10
185.2258778245522
 20
2.0
 30
0.0
 11
186.79632632980108
 21
2.0
 31
0.0
  0
LINE
  5
577
330
17
100
AcDbEntity
  8
隐藏线
100
AcDbLine
 10
182.82360932460358
 20
2.0
 30
0.0
 11
185.2258778245522
 21
2.0
 31
0.0
  0
LINE
  5
578
330
17
100
AcDbEntity
  8
隐藏线
100
AcDbLine
 10
179.6705984346449
 20
2.0
 30
0.0
 11
182.82360932460358
 21
2.0
 31
0.0
  0
LINE
  5
579
330
17
100
AcDbEntity
  8
隐藏线
100
AcDbLine
 10
175.83251466582084
 20
2.0
 30
0.0
 11
179.6705984346449
 21
2.0
 31
0.0
  0
LINE
  5
57A
330
17
100
AcDbEntity
  8
隐藏线
100
AcDbLine
 10
171.50586380812732
 20
2.0
 30
0.0
 11
175.83251466582084
 21
2.0
 31
0.0
  0
LINE
  5
57B
330
17
100
AcDbEntity
  8
隐藏线
100
AcDbLine
 10
166.83876650349114
 20
2.0
 30
0.0
 11
171.50586380812732
 21
2.0
 31
0.0
  0
LINE
  5
57C
330
17
100
AcDbEntity
  8
隐藏线
100
AcDbLine
 10
161.99019230624089
 20
2.0
 30
0.0
 11
166.83876650349114
 21
2.0
 31
0.0
  0
LINE
  5
57D
330
17
100
AcDbEntity
  8
隐藏线
100
AcDbLine
 10
157.02210454173425
 20
2.0
 30
0.0
 11
161.99019230624089
 21
2.0
 31
0.0
  0
LINE
  5
57E
330
17
100
AcDbEntity
  8
隐藏线
100
AcDbLine
 10
152.25013201684797
 20
2.0
 30
0.0
 11
157.02210454173425
 21
2.0
 31
0.0
  0
LINE
  5
57F
330
17
100
AcDbEntity
  8
隐藏线
100
AcDbLine
 10
147.84504012058764
 20
2.0
 30
0.0
 11
152.25013201684797
 21
2.0
 31
0.0
  0
LINE
  5
580
330
17
100
AcDbEntity
  8
隐藏线
100
AcDbLine
 10
143.9653098697141
 20
2.0
 30
0.0
 11
147.84504012058764
 21
2.0
 31
0.0
  0
LINE
  5
581
330
17
100
AcDbEntity
  8
隐藏线
100
AcDbLine
 10
140.82017135058638
 20
2.0
 30
0.0
 11
143.9653098697141
 21
2.0
 31
0.0
  0
LINE
  5
582
330
17
100
AcDbEntity
  8
隐藏线
100
AcDbLine
 10
138.47717960362885
 20
2.0
 30
0.0
 11
140.82017135058638
 21
2.0
 31
0.0
  0
LINE
  5
583
330
17
100
AcDbEntity
  8
隐藏线
100
AcDbLine
 10
137.019334932405
 20
2.0
 30
0.0
 11
138.47717960362885
 21
2.0
 31
0.0
  0
LINE
  5
584
330
17
100
AcDbEntity
  8
隐藏线
100
AcDbLine
 10
136.4999999999999
 20
2.0
 30
0.0
 11
137.019334932405
 21
2.0
 31
0.0
  0
LINE
  5
585
330
17
100
AcDbEntity
  8
隐藏线
100
AcDbLine
 10
177.1867517300682
 20
2.0
 30
0.0
 11
177.66812049991947
 21
2.0
 31
0.0
  0
LINE
  5
586
330
17
100
AcDbEntity
  8
隐藏线
100
AcDbLine
 10
176.1796148428325
 20
2.0
 30
0.0
 11
177.1867517300682
 21
2.0
 31
0.0
  0
LINE
  5
587
330
17
100
AcDbEntity
  8
隐藏线
100
AcDbLine
 10
174.68056210081818
 20
2.0
 30
0.0
 11
176.1796148428325
 21
2.0
 31
0.0
  0
LINE
  5
588
330
17
100
AcDbEntity
  8
隐藏线
100
AcDbLine
 10
172.738629682966
 20
2.0
 30
0.0
 11
174.68056210081818
 21
2.0
 31
0.0
  0
LINE
  5
589
330
17
100
AcDbEntity
  8
隐藏线
100
AcDbLine
 10
170.3934104174299
 20
2.0
 30
0.0
 11
172.738629682966
 21
2.0
 31
0.0
  0
LINE
  5
58A
330
17
100
AcDbEntity
  8
隐藏线
100
AcDbLine
 10
167.76104831039996
 20
2.0
 30
0.0
 11
170.3934104174299
 21
2.0
 31
0.0
  0
LINE
  5
58B
330
17
100
AcDbEntity
  8
隐藏线
100
AcDbLine
 10
164.92882527375784
 20
2.0
 30
0.0
 11
167.76104831039996
 21
2.0
 31
0.0
  0
LINE
  5
58C
330
17
100
AcDbEntity
  8
隐藏线
100
AcDbLine
 10
161.99019230624089
 20
2.0
 30
0.0
 11
164.92882527375784
 21
2.0
 31
0.0
  0
LINE
  5
58D
330
17
100
AcDbEntity
  8
隐藏线
100
AcDbLine
 10
158.93194654545636
 20
2.0
 30
0.0
 11
161.99019230624089
 21
2.0
 31
0.0
  0
LINE
  5
58E
330
17
100
AcDbEntity
  8
隐藏线
100
AcDbLine
 10
155.99452999232028
 20
2.0
 30
0.0
 11
158.93194654545636
 21
2.0
 31
0.0
  0
LINE
  5
58F
330
17
100
AcDbEntity
  8
隐藏线
100
AcDbLine
 10
153.2830261514676
 20
2.0
 30
0.0
 11
155.99452999232028
 21
2.0
 31
0.0
  0
LINE
  5
590
330
17
100
AcDbEntity
  8
隐藏线
100
AcDbLine
 10
150.89495653335788
 20
2.0
 30
0.0
 11
153.2830261514676
 21
2.0
 31
0.0
  0
LINE
  5
591
330
17
100
AcDbEntity
  8
隐藏线
100
AcDbLine
 10
148.95908148451838
 20
2.0
 30
0.0
 11
150.89495653335788
 21
2.0
 31
0.0
  0
LINE
  5
592
330
17
100
AcDbEntity
  8
隐藏线
100
AcDbLine
 10
147.5169554436336
 20
2.0
 30
0.0
 11
148.95908148451838
 21
2.0
 31
0.0
  0
LINE
  5
593
330
17
100
AcDbEntity
  8
隐藏线
100
AcDbLine
 10
146.61965002023027
 20
2.0
 30
0.0
 11
147.5169554436336
 21
2.0
 31
0.0
  0
LINE
  5
594
330
17
100
AcDbEntity
  8
隐藏线
100
AcDbLine
 10
146.2999999999999
 20
2.0
 30
0.0
 11
146.61965002023027
 21
2.0
 31
0.0
  0
LINE
  5
595
330
17
100
AcDbEntity
  8
隐藏线
100
AcDbLine
 10
186.79632632980108
 20
46.0
 30
0.0
 11
187.4803846124817
 21
46.0
 31
0.0
  0
LINE
  5
596
330
17
100
AcDbEntity
  8
隐藏线
100
AcDbLine
 10
185.2258778245522
 20
46.0
 30
0.0
 11
186.79632632980108
 21
46.0
 31
0.0
  0
LINE
  5
597
330
17
100
AcDbEntity
  8
隐藏线
100
AcDbLine
 10
182.82360932460358
 20
46.0
 30
0.0
 11
185.2258778245522
 21
46.0
 31
0.0
  0
LINE
  5
598
330
17
100
AcDbEntity
  8
隐藏线
100
AcDbLine
 10
179.6705984346449
 20
46.0
 30
0.0
 11
182.82360932460358
 21
46.0
 31
0.0
  0
LINE
  5
599
330
17
100
AcDbEntity
  8
隐藏线
100
AcDbLine
 10
175.83251466582084
 20
46.0
 30
0.0
 11
179.6705984346449
 21
46.0
 31
0.0
  0
LINE
  5
59A
330
17
100
AcDbEntity
  8
隐藏线
100
AcDbLine
 10
171.50586380812732
 20
46.0
 30
0.0
 11
175.83251466582084
 21
46.0
 31
0.0
  0
LINE
  5
59B
330
17
100
AcDbEntity
  8
隐藏线
100
AcDbLine
 10
166.83876650349114
 20
46.0
 30
0.0
 11
171.50586380812732
 21
46.0
 31
0.0
  0
LINE
  5
59C
330
17
100
AcDbEntity
  8
隐藏线
100
AcDbLine
 10
161.99019230624089
 20
46.0
 30
0.0
 11
166.83876650349114
 21
46.0
 31
0.0
  0
LINE
  5
59D
330
17
100
AcDbEntity
  8
隐藏线
100
AcDbLine
 10
157.02210454173425
 20
46.0
 30
0.0
 11
161.99019230624089
 21
46.0
 31
0.0
  0
LINE
  5
59E
330
17
100
AcDbEntity
  8
隐藏线
100
AcDbLine
 10
152.25013201684797
 20
46.0
 30
0.0
 11
157.02210454173425
 21
46.0
 31
0.0
  0
LINE
  5
59F
330
17
100
AcDbEntity
  8
隐藏线
100
AcDbLine
 10
147.84504012058764
 20
46.0
 30
0.0
 11
152.25013201684797
 21
46.0
 31
0.0
  0
LINE
  5
5A0
330
17
100
AcDbEntity
  8
隐藏线
100
AcDbLine
 10
143.9653098697141
 20
46.0
 30
0.0
 11
147.84504012058764
 21
46.0
 31
0.0
  0
LINE
  5
5A1
330
17
100
AcDbEntity
  8
隐藏线
100
AcDbLine
 10
140.82017135058638
 20
46.0
 30
0.0
 11
143.9653098697141
 21
46.0
 31
0.0
  0
LINE
  5
5A2
330
17
100
AcDbEntity
  8
隐藏线
100
AcDbLine
 10
138.47717960362885
 20
46.0
 30
0.0
 11
140.82017135058638
 21
46.0
 31
0.0
  0
LINE
  5
5A3
330
17
100
AcDbEntity
  8
隐藏线
100
AcDbLine
 10
137.019334932405
 20
46.0
 30
0.0
 11
138.47717960362885
 21
46.0
 31
0.0
  0
LINE
  5
5A4
330
17
100
AcDbEntity
  8
隐藏线
100
AcDbLine
 10
136.4999999999999
 20
46.0
 30
0.0
 11
137.019334932405
 21
46.0
 31
0.0
  0
LINE
  5
5A5
330
17
100
AcDbEntity
  8
隐藏线
100
AcDbLine
 10
177.1867517300682
 20
46.0
 30
0.0
 11
177.66812049991947
 21
46.0
 31
0.0
  0
LINE
  5
5A6
330
17
100
AcDbEntity
  8
隐藏线
100
AcDbLine
 10
176.1796148428325
 20
46.0
 30
0.0
 11
177.1867517300682
 21
46.0
 31
0.0
  0
LINE
  5
5A7
330
17
100
AcDbEntity
  8
隐藏线
100
AcDbLine
 10
174.68056210081818
 20
46.0
 30
0.0
 11
176.1796148428325
 21
46.0
 31
0.0
  0
LINE
  5
5A8
330
17
100
AcDbEntity
  8
隐藏线
100
AcDbLine
 10
172.738629682966
 20
46.0
 30
0.0
 11
174.68056210081818
 21
46.0
 31
0.0
  0
LINE
  5
5A9
330
17
100
AcDbEntity
  8
隐藏线
100
AcDbLine
 10
170.3934104174299
 20
46.0
 30
0.0
 11
172.738629682966
 21
46.0
 31
0.0
  0
LINE
  5
5AA
330
17
100
AcDbEntity
  8
隐藏线
100
AcDbLine
 10
167.76104831039996
 20
46.0
 30
0.0
 11
170.3934104174299
 21
46.0
 31
0.0
  0
LINE
  5
5AB
330
17
100
AcDbEntity
  8
隐藏线
100
AcDbLine
 10
164.92882527375784
 20
46.0
 30
0.0
 11
167.76104831039996
 21
46.0
 31
0.0
  0
LINE
  5
5AC
330
17
100
AcDbEntity
  8
隐藏线
100
AcDbLine
 10
161.99019230624089
 20
46.0
 30
0.0
 11
164.92882527375784
 21
46.0
 31
0.0
  0
LINE
  5
5AD
330
17
100
AcDbEntity
  8
隐藏线
100
AcDbLine
 10
158.93194654545636
 20
46.0
 30
0.0
 11
161.99019230624089
 21
46.0
 31
0.0
  0
LINE
  5
5AE
330
17
100
AcDbEntity
  8
隐藏线
100
AcDbLine
 10
155.99452999232028
 20
46.0
 30
0.0
 11
158.93194654545636
 21
46.0
 31
0.0
  0
LINE
  5
5AF
330
17
100
AcDbEntity
  8
隐藏线
100
AcDbLine
 10
153.2830261514676
 20
46.0
 30
0.0
 11
155.99452999232028
 21
46.0
 31
0.0
  0
LINE
  5
5B0
330
17
100
AcDbEntity
  8
隐藏线
100
AcDbLine
 10
150.89495653335788
 20
46.0
 30
0.0
 11
153.2830261514676
 21
46.0
 31
0.0
  0
LINE
  5
5B1
330
17
100
AcDbEntity
  8
隐藏线
100
AcDbLine
 10
148.95908148451838
 20
46.0
 30
0.0
 11
150.89495653335788
 21
46.0
 31
0.0
  0
LINE
  5
5B2
330
17
100
AcDbEntity
  8
隐藏线
100
AcDbLine
 10
147.5169554436336
 20
46.0
 30
0.0
 11
148.95908148451838
 21
46.0
 31
0.0
  0
LINE
  5
5B3
330
17
100
AcDbEntity
  8
隐藏线
100
AcDbLine
 10
146.61965002023027
 20
46.0
 30
0.0
 11
147.5169554436336
 21
46.0
 31
0.0
  0
LINE
  5
5B4
330
17
100
AcDbEntity
  8
隐藏线
100
AcDbLine
 10
146.2999999999999
 20
46.0
 30
0.0
 11
146.61965002023027
 21
46.0
 31
0.0
  0
LINE
  5
5B5
330
17
100
AcDbEntity
  8
隐藏线
100
AcDbLine
 10
16.0
 20
2.0
 30
0.0
 11
16.0
 21
16.0
 31
0.0
  0
LINE
  5
5B6
330
17
100
AcDbEntity
  8
隐藏线
100
AcDbLine
 10
16.0
 20
16.0
 30
0.0
 11
16.0
 21
30.0
 31
0.0
  0
LINE
  5
5B7
330
17
100
AcDbEntity
  8
隐藏线
100
AcDbLine
 10
78.0
 20
2.0
 30
0.0
 11
78.0
 21
16.0
 31
0.0
  0
LINE
  5
5B8
330
17
100
AcDbEntity
  8
隐藏线
100
AcDbLine
 10
78.0
 20
16.0
 30
0.0
 11
78.0
 21
30.0
 31
0.0
  0
LINE
  5
5B9
330
17
100
AcDbEntity
  8
隐藏线
100
AcDbLine
 10
146.2999999999999
 20
2.0
 30
0.0
 11
146.2999999999999
 21
13.0
 31
0.0
  0
LINE
  5
5BA
330
17
100
AcDbEntity
  8
隐藏线
100
AcDbLine
 10
146.2999999999999
 20
13.0
 30
0.0
 11
146.2999999999999
 21
24.0
 31
0.0
  0
LINE
  5
5BB
330
17
100
AcDbEntity
  8
隐藏线
100
AcDbLine
 10
16.0
 20
2.0
 30
0.0
 11
16.0
 21
13.0
 31
0.0
  0
LINE
  5
5BC
330
17
100
AcDbEntity
  8
隐藏线
100
AcDbLine
 10
16.0
 20
13.0
 30
0.0
 11
16.0
 21
24.0
 31
0.0
  0
LINE
  5
5BD
330
17
100
AcDbEntity
  8
隐藏线
100
AcDbLine
 10
78.0
 20
2.0
 30
0.0
 11
78.0
 21
13.0
 31
0.0
  0
LINE
  5
5BE
330
17
100
AcDbEntity
  8
隐藏线
100
AcDbLine
 10
78.0
 20
13.0
 30
0.0
 11
78.0
 21
24.0
 31
0.0
  0
LINE
  5
5BF
330
17
100
AcDbEntity
  8
隐藏线
100
AcDbLine
 10
92.0
 20
2.0
 30
0.0
 11
92.0
 21
13.0
 31
0.0
  0
LINE
  5
5C0
330
17
100
AcDbEntity
  8
隐藏线
100
AcDbLine
 10
92.0
 20
13.0
 30
0.0
 11
92.0
 21
24.0
 31
0.0
  0
LINE
  5
5C1
330
17
100
AcDbEntity
  8
隐藏线
100
AcDbLine
 10
136.4999999999999
 20
2.0
 30
0.0
 11
136.4999999999999
 21
24.0
 31
0.0
  0
LINE
  5
5C2
330
17
100
AcDbEntity
  8
隐藏线
100
AcDbLine
 10
146.2999999999999
 20
2.0
 30
0.0
 11
146.2999999999999
 21
24.0
 31
0.0
  0
LINE
  5
5C3
330
17
100
AcDbEntity
  8
隐藏线
100
AcDbLine
 10
146.2999999999999
 20
24.0
 30
0.0
 11
146.2999999999999
 21
46.0
 31
0.0
  0
ARC
  5
5C4
330
17
100
AcDbEntity
  8
隐藏线
100
AcDbCircle
 10
182.4192164775309
 20
27.0
 30
0.0
 40
3.0
100
AcDbArc
 50
-90.0
 51
-45.00000000222707
  0
ARC
  5
5C5
330
17
100
AcDbEntity
  8
隐藏线
100
AcDbCircle
 10
182.4192164775309
 20
27.0
 30
0.0
 40
3.0
100
AcDbArc
 50
-45.00000000222707
 51
0.0
  0
ARC
  5
5C6
330
17
100
AcDbEntity
  8
隐藏线
100
AcDbCircle
 10
182.4192164775309
 20
27.0
 30
0.0
 40
3.0
100
AcDbArc
 50
-90.0
 51
-44.999999999999716
  0
ARC
  5
5C7
330
17
100
AcDbEntity
  8
隐藏线
100
AcDbCircle
 10
182.4192164775309
 20
27.0
 30
0.0
 40
3.0
100
AcDbArc
 50
-44.999999999999666
 51
0.0
  0
ARC
  5
5C8
330
17
100
AcDbEntity
  8
隐藏线
100
AcDbCircle
 10
188.4192164775309
 20
33.0
 30
0.0
 40
3.0
100
AcDbArc
 50
90.0
 51
134.99999999999972
  0
ARC
  5
5C9
330
17
100
AcDbEntity
  8
隐藏线
100
AcDbCircle
 10
188.4192164775309
 20
33.0
 30
0.0
 40
3.0
100
AcDbArc
 50
134.99999999999983
 51
180.0
  0
ARC
  5
5CA
330
17
100
AcDbEntity
  8
隐藏线
100
AcDbCircle
 10
188.4192164775309
 20
33.0
 30
0.0
 40
3.0
100
AcDbArc
 50
142.77864096189566
 51
180.0
  0
ARC
  5
5CB
330
17
100
AcDbEntity
  8
隐藏线
100
AcDbCircle
 10
188.4192164775309
 20
33.0
 30
0.0
 40
3.0
100
AcDbArc
 50
135.0000000000002
 51
142.77864096189566
  0
ARC
  5
5CC
330
17
100
AcDbEntity
  8
隐藏线
100
AcDbCircle
 10
188.4192164775309
 20
33.0
 30
0.0
 40
3.0
100
AcDbArc
 50
142.77864096189566
 51
180.0
  0
ARC
  5
5CD
330
17
100
AcDbEntity
  8
隐藏线
100
AcDbCircle
 10
188.4192164775309
 20
33.0
 30
0.0
 40
3.0
100
AcDbArc
 50
135.0000000000002
 51
142.77864096189566
  0
ARC
  5
5CE
330
17
100
AcDbEntity
  8
隐藏线
100
AcDbCircle
 10
188.4192164775309
 20
33.0
 30
0.0
 40
3.0
100
AcDbArc
 50
90.0
 51
135.0000000000002
  0
ARC
  5
5CF
330
17
100
AcDbEntity
  8
隐藏线
100
AcDbCircle
 10
188.4192164775309
 20
33.0
 30
0.0
 40
3.0
100
AcDbArc
 50
134.99999999999983
 51
-179.99999999999994
  0
ARC
  5
5D0
330
17
100
AcDbEntity
  8
隐藏线
100
AcDbCircle
 10
188.4192164775309
 20
33.0
 30
0.0
 40
3.0
100
AcDbArc
 50
108.20462469143791
 51
134.99999999999983
  0
CIRCLE
  5
5D1
330
17
100
AcDbEntity
  8
隐藏线
100
AcDbCircle
 10
193.2992164775309
 20
24.0
 30
0.0
 40
12.0
  0
LINE
  5
5D2
330
17
100
AcDbEntity
  8
可见轮廓
100
AcDbLine
 10
19.803896078141833
 20
150.0547257671358
 30
0.0
 11
19.81966958267992
 21
150.0547257671358
 31
0.0
  0
LINE
  5
5D3
330
17
100
AcDbEntity
  8
可见轮廓
100
AcDbLine
 10
19.68663343517497
 20
150.0547257671358
 30
0.0
 11
19.75855898526933
 21
150.0547257671358
 31
0.0
  0
LINE
  5
5D4
330
17
100
AcDbEntity
  8
可见轮廓
100
AcDbLine
 10
19.59109455300208
 20
150.0547257671358
 30
0.0
 11
19.68663343517497
 21
150.0547257671358
 31
0.0
  0
LINE
  5
5D5
330
17
100
AcDbEntity
  8
可见轮廓
100
AcDbLine
 10
19.46641430318138
 20
150.0547257671358
 30
0.0
 11
19.59109455300208
 21
150.0547257671358
 31
0.0
  0
LINE
  5
5D6
330
17
100
AcDbEntity
  8
可见轮廓
100
AcDbLine
 10
19.310752349630405
 20
150.0547257671358
 30
0.0
 11
19.46641430318138
 21
150.0547257671358
 31
0.0
  0
LINE
  5
5D7
330
17
100
AcDbEntity
  8
可见轮廓
100
AcDbLine
 10
19.132570447201374
 20
150.0547257671358
 30
0.0
 11
19.310752349630405
 21
150.0547257671358
 31
0.0
  0
LINE
  5
5D8
330
17
100
AcDbEntity
  8
可见轮廓
100
AcDbLine
 10
18.94033035073184
 20
150.0547257671358
 30
0.0
 11
19.132570447201374
 21
150.0547257671358
 31
0.0
  0
LINE
  5
5D9
330
17
100
AcDbEntity
  8
可见轮廓
100
AcDbLine
 10
18.725726347268903
 20
150.0547257671358
 30
0.0
 11
18.94033035073184
 21
150.0547257671358
 31
0.0
  0
LINE
  5
5DA
330
17
100
AcDbEntity
  8
可见轮廓
100
AcDbLine
 10
18.48341213170451
 20
150.0547257671358
 30
0.0
 11
18.725726347268903
 21
150.0547257671358
 31
0.0
  0
LINE
  5
5DB
330
17
100
AcDbEntity
  8
可见轮廓
100
AcDbLine
 10
18.226055264093162
 20
150.0547257671358
 30
0.0
 11
18.48341213170451
 21
150.0547257671358
 31
0.0
  0
LINE
  5
5DC
330
17
100
AcDbEntity
  8
可见轮廓
100
AcDbLine
 10
17.966323297684966
 20
150.0547257671358
 30
0.0
 11
18.226055264093162
 21
150.0547257671358
 31
0.0
  0
LINE
  5
5DD
330
17
100
AcDbEntity
  8
可见轮廓
100
AcDbLine
 10
17.694522671015875
 20
150.0547257671358
 30
0.0
 11
17.966323297684966
 21
150.0547257671358
 31
0.0
  0
LINE
  5
5DE
330
17
100
AcDbEntity
  8
可见轮廓
100
AcDbLine
 10
17.40251682242581
 20
150.0547257671358
 30
0.0
 11
17.694522671015875
 21
150.0547257671358
 31
0.0
  0
LINE
  5
5DF
330
17
100
AcDbEntity
  8
可见轮廓
100
AcDbLine
 10
17.10523425152158
 20
150.0547257671358
 30
0.0
 11
17.40251682242581
 21
150.0547257671358
 31
0.0
  0
LINE
  5
5E0
330
17
100
AcDbEntity
  8
可见轮廓
100
AcDbLine
 10
16.81760345790994
 20
150.0547257671358
 30
0.0
 11
17.10523425152158
 21
150.0547257671358
 31
0.0
  0
LINE
  5
5E1
330
17
100
AcDbEntity
  8
可见轮廓
100
AcDbLine
 10
17.673074628078894
 20
144.0547257671358
 30
0.0
 11
17.958042469678247
 21
144.1269296389471
 31
0.0
  0
LINE
  5
5E2
330
17
100
AcDbEntity
  8
可见轮廓
100
AcDbLine
 10
17.958042469678247
 20
144.1269296389471
 30
0.0
 11
18.24019422303988
 21
144.19841998296883
 31
0.0
  0
LINE
  5
5E3
330
17
100
AcDbEntity
  8
可见轮廓
100
AcDbLine
 10
18.24019422303988
 20
144.19841998296883
 30
0.0
 11
18.516995679363163
 21
144.26855469275708
 31
0.0
  0
LINE
  5
5E4
330
17
100
AcDbEntity
  8
可见轮廓
100
AcDbLine
 10
18.516995679363163
 20
144.26855469275708
 30
0.0
 11
18.78595750877483
 21
144.33670303308904
 31
0.0
  0
LINE
  5
5E5
330
17
100
AcDbEntity
  8
可见轮廓
100
AcDbLine
 10
18.78595750877483
 20
144.33670303308904
 30
0.0
 11
19.04354759191827
 21
144.40197005142613
 31
0.0
  0
LINE
  5
5E6
330
17
100
AcDbEntity
  8
可见轮廓
100
AcDbLine
 10
19.04354759191827
 20
144.40197005142613
 30
0.0
 11
19.28809459558093
 21
144.4639322728656
 31
0.0
  0
LINE
  5
5E7
330
17
100
AcDbEntity
  8
可见轮廓
100
AcDbLine
 10
19.28809459558093
 20
144.4639322728656
 30
0.0
 11
19.51740524235214
 21
144.52203397462785
 31
0.0
  0
LINE
  5
5E8
330
17
100
AcDbEntity
  8
可见轮廓
100
AcDbLine
 10
19.51740524235214
 20
144.52203397462785
 30
0.0
 11
19.72941405919326
 21
144.57575181643116
 31
0.0
  0
LINE
  5
5E9
330
17
100
AcDbEntity
  8
可见轮廓
100
AcDbLine
 10
19.729414059193402
 20
144.5757518164312
 30
0.0
 11
19.920410628782207
 21
144.62414566939927
 31
0.0
  0
LINE
  5
5EA
330
17
100
AcDbEntity
  8
可见轮廓
100
AcDbLine
 10
19.920410628782207
 20
144.62414566939927
 30
0.0
 11
20.09012281826236
 21
144.66714658173123
 31
0.0
  0
LINE
  5
5EB
330
17
100
AcDbEntity
  8
可见轮廓
100
AcDbLine
 10
20.09012281826236
 20
144.66714658173123
 30
0.0
 11
20.237032188216688
 21
144.70436981806742
 31
0.0
  0
LINE
  5
5EC
330
17
100
AcDbEntity
  8
可见轮廓
100
AcDbLine
 10
20.237032188216688
 20
144.70436981806742
 30
0.0
 11
20.359811571987905
 21
144.73547910688097
 31
0.0
  0
LINE
  5
5ED
330
17
100
AcDbEntity
  8
可见轮廓
100
AcDbLine
 10
20.359811571987905
 20
144.73547910688097
 30
0.0
 11
20.455137131690464
 21
144.75963226905702
 31
0.0
  0
LINE
  5
5EE
330
17
100
AcDbEntity
  8
可见轮廓
100
AcDbLine
 10
20.455137131690464
 20
144.75963226905702
 30
0.0
 11
20.524177364584602
 21
144.7771253731832
 31
0.0
  0
LINE
  5
5EF
330
17
100
AcDbEntity
  8
可见轮廓
100
AcDbLine
 10
20.524177364584602
 20
144.7771253731832
 30
0.0
 11
20.566319837883327
 21
144.78780324379062
 31
0.0
  0
LINE
  5
5F0
330
17
100
AcDbEntity
  8
可见轮廓
100
AcDbLine
 10
20.566319837883327
 20
144.78780324379062
 30
0.0
 11
20.581177740403405
 21
144.79156787239896
 31
0.0
  0
LINE
  5
5F1
330
17
100
AcDbEntity
  8
可见轮廓
100
AcDbLine
 10
22.606686183307175
 20
139.42452172000264
 30
0.0
 11
22.607404037210927
 21
139.4231468197674
 31
0.0
  0
LINE
  5
5F2
330
17
100
AcDbEntity
  8
可见轮廓
100
AcDbLine
 10
22.563291515828382
 20
139.5090778584802
 30
0.0
 11
22.573430217727292
 21
139.4891633655694
 31
0.0
  0
LINE
  5
5F3
330
17
100
AcDbEntity
  8
可见轮廓
100
AcDbLine
 10
22.55464495944784
 20
139.5261196367643
 30
0.0
 11
22.563291515828382
 21
139.5090778584802
 31
0.0
  0
LINE
  5
5F4
330
17
100
AcDbEntity
  8
可见轮廓
100
AcDbLine
 10
22.535182798206534
 20
139.5646554881848
 30
0.0
 11
22.54527167158767
 21
139.5446497005414
 31
0.0
  0
LINE
  5
5F5
330
17
100
AcDbEntity
  8
可见轮廓
100
AcDbLine
 10
22.524389485263043
 20
139.58612443806766
 30
0.0
 11
22.535182798206534
 21
139.5646554881848
 31
0.0
  0
LINE
  5
5F6
330
17
100
AcDbEntity
  8
可见轮廓
100
AcDbLine
 10
22.51290287871589
 20
139.60904398856323
 30
0.0
 11
22.524389485263043
 21
139.58612443806766
 31
0.0
  0
LINE
  5
5F7
330
17
100
AcDbEntity
  8
可见轮廓
100
AcDbLine
 10
22.500734124523717
 20
139.6334015780447
 30
0.0
 11
22.51290287871589
 21
139.60904398856323
 31
0.0
  0
LINE
  5
5F8
330
17
100
AcDbEntity
  8
可见轮廓
100
AcDbLine
 10
21.68923842566801
 20
141.42332129095578
 30
0.0
 11
21.851272953640432
 21
141.03497708921356
 31
0.0
  0
LINE
  5
5F9
330
17
100
AcDbEntity
  8
可见轮廓
100
AcDbLine
 10
21.5233778353265
 20
141.8423062046947
 30
0.0
 11
21.68923842566801
 21
141.42332129095578
 31
0.0
  0
LINE
  5
5FA
330
17
100
AcDbEntity
  8
可见轮廓
100
AcDbLine
 10
21.35627193244173
 20
142.28827840904023
 30
0.0
 11
21.5233778353265
 21
141.8423062046947
 31
0.0
  0
LINE
  5
5FB
330
17
100
AcDbEntity
  8
可见轮廓
100
AcDbLine
 10
21.19018150579734
 20
142.7574842762114
 30
0.0
 11
21.35627193244173
 21
142.28827840904023
 31
0.0
  0
LINE
  5
5FC
330
17
100
AcDbEntity
  8
可见轮廓
100
AcDbLine
 10
21.027366714332373
 20
143.24616998117054
 30
0.0
 11
21.19018150579734
 21
142.7574842762114
 31
0.0
  0
LINE
  5
5FD
330
17
100
AcDbEntity
  8
可见轮廓
100
AcDbLine
 10
20.870087716985807
 20
143.75058169887996
 30
0.0
 11
21.027366714332373
 21
143.24616998117054
 31
0.0
  0
LINE
  5
5FE
330
17
100
AcDbEntity
  8
可见轮廓
100
AcDbLine
 10
20.720604672696652
 20
144.266965604302
 30
0.0
 11
20.870087716985807
 21
143.75058169887996
 31
0.0
  0
LINE
  5
5FF
330
17
100
AcDbEntity
  8
可见轮廓
100
AcDbLine
 10
20.581177740403916
 20
144.79156787239899
 30
0.0
 11
20.720604672696652
 21
144.266965604302
 31
0.0
  0
LINE
  5
600
330
17
100
AcDbEntity
  8
可见轮廓
100
AcDbLine
 10
17.673074628078922
 20
144.0547257671358
 30
0.0
 11
17.82890472887692
 21
143.7615656761404
 31
0.0
  0
LINE
  5
601
330
17
100
AcDbEntity
  8
可见轮廓
100
AcDbLine
 10
17.82890472887692
 20
143.7615656761404
 30
0.0
 11
17.995974013670804
 21
143.47299819958099
 31
0.0
  0
LINE
  5
602
330
17
100
AcDbEntity
  8
可见轮廓
100
AcDbLine
 10
17.995974013670804
 20
143.47299819958099
 30
0.0
 11
18.17175642246997
 21
143.19112106321396
 31
0.0
  0
LINE
  5
603
330
17
100
AcDbEntity
  8
可见轮廓
100
AcDbLine
 10
18.17175642246997
 20
143.19112106321396
 30
0.0
 11
18.35372589528376
 21
142.91803199279562
 31
0.0
  0
LINE
  5
604
330
17
100
AcDbEntity
  8
可见轮廓
100
AcDbLine
 10
18.35372589528376
 20
142.91803199279562
 30
0.0
 11
18.539356372121546
 21
142.65582871408233
 31
0.0
  0
LINE
  5
605
330
17
100
AcDbEntity
  8
可见轮廓
100
AcDbLine
 10
18.539356372121546
 20
142.65582871408233
 30
0.0
 11
18.7261217929927
 21
142.40660895283042
 31
0.0
  0
LINE
  5
606
330
17
100
AcDbEntity
  8
可见轮廓
100
AcDbLine
 10
18.7261217929927
 20
142.40660895283042
 30
0.0
 11
18.911495393962696
 21
142.17247032456459
 31
0.0
  0
LINE
  5
607
330
17
100
AcDbEntity
  8
可见轮廓
100
AcDbLine
 10
18.911495393962696
 20
142.17247032456459
 30
0.0
 11
19.092592807578967
 21
141.9554544471204
 31
0.0
  0
LINE
  5
608
330
17
100
AcDbEntity
  8
可见轮廓
100
AcDbLine
 10
19.092592807578967
 20
141.9554544471204
 30
0.0
 11
19.09489169199867
 21
141.95276687288094
 31
0.0
  0
LINE
  5
609
330
17
100
AcDbEntity
  8
可见轮廓
100
AcDbLine
 10
19.11094518870496
 20
141.93404335472823
 30
0.0
 11
19.280724620266824
 21
141.74052507596957
 31
0.0
  0
LINE
  5
60A
330
17
100
AcDbEntity
  8
可见轮廓
100
AcDbLine
 10
19.280724620266824
 20
141.74052507596957
 30
0.0
 11
19.438390030847046
 21
141.5675231118907
 31
0.0
  0
LINE
  5
60B
330
17
100
AcDbEntity
  8
可见轮廓
100
AcDbLine
 10
19.438390030847046
 20
141.5675231118907
 30
0.0
 11
19.58011895604409
 21
141.41683664035085
 31
0.0
  0
LINE
  5
60C
330
17
100
AcDbEntity
  8
可见轮廓
100
AcDbLine
 10
19.58011895604409
 20
141.41683664035085
 30
0.0
 11
19.702144033828233
 21
141.29024867078266
 31
0.0
  0
LINE
  5
60D
330
17
100
AcDbEntity
  8
可见轮廓
100
AcDbLine
 10
19.702144033828233
 20
141.29024867078266
 30
0.0
 11
19.801428077595972
 21
141.18932796071843
 31
0.0
  0
LINE
  5
60E
330
17
100
AcDbEntity
  8
可见轮廓
100
AcDbLine
 10
19.801428077595972
 20
141.18932796071843
 30
0.0
 11
19.875451348289886
 21
141.11549143551977
 31
0.0
  0
LINE
  5
60F
330
17
100
AcDbEntity
  8
可见轮廓
100
AcDbLine
 10
19.875451348289886
 20
141.11549143551977
 30
0.0
 11
19.92170507560016
 21
141.07015280204084
 31
0.0
  0
LINE
  5
610
330
17
100
AcDbEntity
  8
可见轮廓
100
AcDbLine
 10
19.92170507560016
 20
141.07015280204084
 30
0.0
 11
19.937680489216916
 21
141.0547257671358
 31
0.0
  0
LINE
  5
611
330
17
100
AcDbEntity
  8
可见轮廓
100
AcDbLine
 10
16.81760345790994
 20
152.0547257671358
 30
0.0
 11
17.105229924459366
 21
152.0547257671358
 31
0.0
  0
LINE
  5
612
330
17
100
AcDbEntity
  8
可见轮廓
100
AcDbLine
 10
17.105229924459366
 20
152.0547257671358
 30
0.0
 11
17.40250760396978
 21
152.0547257671358
 31
0.0
  0
LINE
  5
613
330
17
100
AcDbEntity
  8
可见轮廓
100
AcDbLine
 10
17.40250760396978
 20
152.0547257671358
 30
0.0
 11
17.694513216193513
 21
152.0547257671358
 31
0.0
  0
LINE
  5
614
330
17
100
AcDbEntity
  8
可见轮廓
100
AcDbLine
 10
17.694513216193513
 20
152.0547257671358
 30
0.0
 11
17.96632348088292
 21
152.0547257671358
 31
0.0
  0
LINE
  5
615
330
17
100
AcDbEntity
  8
可见轮廓
100
AcDbLine
 10
17.96632348088292
 20
152.0547257671358
 30
0.0
 11
18.22604027246311
 21
152.0547257671358
 31
0.0
  0
LINE
  5
616
330
17
100
AcDbEntity
  8
可见轮廓
100
AcDbLine
 10
18.22604027246311
 20
152.0547257671358
 30
0.0
 11
18.483388617367694
 21
152.0547257671358
 31
0.0
  0
LINE
  5
617
330
17
100
AcDbEntity
  8
可见轮廓
100
AcDbLine
 10
18.483388617367694
 20
152.0547257671358
 30
0.0
 11
18.725706189265964
 21
152.0547257671358
 31
0.0
  0
LINE
  5
618
330
17
100
AcDbEntity
  8
可见轮廓
100
AcDbLine
 10
18.725706189265964
 20
152.0547257671358
 30
0.0
 11
18.940330624799344
 21
152.0547257671358
 31
0.0
  0
LINE
  5
619
330
17
100
AcDbEntity
  8
可见轮廓
100
AcDbLine
 10
18.940330624799344
 20
152.0547257671358
 30
0.0
 11
19.132558994089493
 21
152.0547257671358
 31
0.0
  0
LINE
  5
61A
330
17
100
AcDbEntity
  8
可见轮廓
100
AcDbLine
 10
19.132558994089493
 20
152.0547257671358
 30
0.0
 11
19.310738013414976
 21
152.0547257671358
 31
0.0
  0
LINE
  5
61B
330
17
100
AcDbEntity
  8
可见轮廓
100
AcDbLine
 10
19.310738013414976
 20
152.0547257671358
 30
0.0
 11
19.466404346369757
 21
152.0547257671358
 31
0.0
  0
LINE
  5
61C
330
17
100
AcDbEntity
  8
可见轮廓
100
AcDbLine
 10
19.466404346369757
 20
152.0547257671358
 30
0.0
 11
19.59109461806929
 21
152.0547257671358
 31
0.0
  0
LINE
  5
61D
330
17
100
AcDbEntity
  8
可见轮廓
100
AcDbLine
 10
19.59109461806929
 20
152.0547257671358
 30
0.0
 11
19.68663270936125
 21
152.0547257671358
 31
0.0
  0
LINE
  5
61E
330
17
100
AcDbEntity
  8
可见轮廓
100
AcDbLine
 10
19.68663270936125
 20
152.0547257671358
 30
0.0
 11
19.75855831985237
 21
152.0547257671358
 31
0.0
  0
LINE
  5
61F
330
17
100
AcDbEntity
  8
可见轮廓
100
AcDbLine
 10
19.75855831985237
 20
152.0547257671358
 30
0.0
 11
19.803895826079327
 21
152.0547257671358
 31
0.0
  0
LINE
  5
620
330
17
100
AcDbEntity
  8
可见轮廓
100
AcDbLine
 10
20.566319837883327
 20
157.321648290481
 30
0.0
 11
20.581177740403405
 21
157.31788366187266
 31
0.0
  0
LINE
  5
621
330
17
100
AcDbEntity
  8
可见轮廓
100
AcDbLine
 10
20.524177364584602
 20
157.33232616108842
 30
0.0
 11
20.566319837883327
 21
157.321648290481
 31
0.0
  0
LINE
  5
622
330
17
100
AcDbEntity
  8
可见轮廓
100
AcDbLine
 10
20.455137131690464
 20
157.3498192652146
 30
0.0
 11
20.524177364584602
 21
157.33232616108842
 31
0.0
  0
LINE
  5
623
330
17
100
AcDbEntity
  8
可见轮廓
100
AcDbLine
 10
20.359811571987876
 20
157.37397242739064
 30
0.0
 11
20.455137131690464
 21
157.3498192652146
 31
0.0
  0
LINE
  5
624
330
17
100
AcDbEntity
  8
可见轮廓
100
AcDbLine
 10
20.23703218821663
 20
157.4050817162042
 30
0.0
 11
20.359811571987876
 21
157.37397242739064
 31
0.0
  0
LINE
  5
625
330
17
100
AcDbEntity
  8
可见轮廓
100
AcDbLine
 10
20.0901228182623
 20
157.44230495254038
 30
0.0
 11
20.23703218821663
 21
157.4050817162042
 31
0.0
  0
LINE
  5
626
330
17
100
AcDbEntity
  8
可见轮廓
100
AcDbLine
 10
19.920410628782122
 20
157.48530586487237
 30
0.0
 11
20.0901228182623
 21
157.44230495254038
 31
0.0
  0
LINE
  5
627
330
17
100
AcDbEntity
  8
可见轮廓
100
AcDbLine
 10
19.72941405919326
 20
157.53369971784045
 30
0.0
 11
19.920410628782122
 21
157.48530586487237
 31
0.0
  0
LINE
  5
628
330
17
100
AcDbEntity
  8
可见轮廓
100
AcDbLine
 10
19.51740524235214
 20
157.58741755964377
 30
0.0
 11
19.72941405919326
 21
157.53369971784045
 31
0.0
  0
LINE
  5
629
330
17
100
AcDbEntity
  8
可见轮廓
100
AcDbLine
 10
19.28809459558093
 20
157.645519261406
 30
0.0
 11
19.51740524235214
 21
157.58741755964377
 31
0.0
  0
LINE
  5
62A
330
17
100
AcDbEntity
  8
可见轮廓
100
AcDbLine
 10
19.04354759191827
 20
157.70748148284548
 30
0.0
 11
19.28809459558093
 21
157.645519261406
 31
0.0
  0
LINE
  5
62B
330
17
100
AcDbEntity
  8
可见轮廓
100
AcDbLine
 10
18.785957508774857
 20
157.77274850118258
 30
0.0
 11
19.04354759191827
 21
157.70748148284548
 31
0.0
  0
LINE
  5
62C
330
17
100
AcDbEntity
  8
可见轮廓
100
AcDbLine
 10
18.51699567936319
 20
157.84089684151454
 30
0.0
 11
18.785957508774857
 21
157.77274850118258
 31
0.0
  0
LINE
  5
62D
330
17
100
AcDbEntity
  8
可见轮廓
100
AcDbLine
 10
18.24019422303988
 20
157.91103155130278
 30
0.0
 11
18.51699567936319
 21
157.84089684151454
 31
0.0
  0
LINE
  5
62E
330
17
100
AcDbEntity
  8
可见轮廓
100
AcDbLine
 10
17.958042469678247
 20
157.9825218953245
 30
0.0
 11
18.24019422303988
 21
157.91103155130278
 31
0.0
  0
LINE
  5
62F
330
17
100
AcDbEntity
  8
可见轮廓
100
AcDbLine
 10
17.673074628078922
 20
158.0547257671358
 30
0.0
 11
17.958042469678247
 21
157.9825218953245
 31
0.0
  0
LINE
  5
630
330
17
100
AcDbEntity
  8
可见轮廓
100
AcDbLine
 10
19.733835085724138
 20
160.85188364949963
 30
0.0
 11
19.79375375583993
 21
160.91240811141463
 31
0.0
  0
LINE
  5
631
330
17
100
AcDbEntity
  8
可见轮廓
100
AcDbLine
 10
19.665129448518684
 20
160.78151902823026
 30
0.0
 11
19.733835085724138
 21
160.85188364949963
 31
0.0
  0
LINE
  5
632
330
17
100
AcDbEntity
  8
可见轮廓
100
AcDbLine
 10
19.58839494243699
 20
160.70172551306575
 30
0.0
 11
19.665129448518684
 21
160.78151902823026
 31
0.0
  0
LINE
  5
633
330
17
100
AcDbEntity
  8
可见轮廓
100
AcDbLine
 10
19.50438966569257
 20
160.61291436946527
 30
0.0
 11
19.58839494243699
 21
160.70172551306575
 31
0.0
  0
LINE
  5
634
330
17
100
AcDbEntity
  8
可见轮廓
100
AcDbLine
 10
19.413873507604393
 20
160.51549660635405
 30
0.0
 11
19.50438966569257
 21
160.61291436946527
 31
0.0
  0
LINE
  5
635
330
17
100
AcDbEntity
  8
可见轮廓
100
AcDbLine
 10
19.317643364134938
 20
160.40987793232281
 30
0.0
 11
19.413873507604393
 21
160.51549660635405
 31
0.0
  0
LINE
  5
636
330
17
100
AcDbEntity
  8
可见轮廓
100
AcDbLine
 10
19.216530950333663
 20
160.29645906894388
 30
0.0
 11
19.317643364134938
 21
160.40987793232281
 31
0.0
  0
LINE
  5
637
330
17
100
AcDbEntity
  8
可见轮廓
100
AcDbLine
 10
19.11136933433494
 20
160.1756405439918
 30
0.0
 11
19.216530950333663
 21
160.29645906894388
 31
0.0
  0
LINE
  5
638
330
17
100
AcDbEntity
  8
可见轮廓
100
AcDbLine
 10
19.09055181961196
 20
160.1513579003687
 30
0.0
 11
19.11136933433494
 21
160.1756405439918
 31
0.0
  0
LINE
  5
639
330
17
100
AcDbEntity
  8
可见轮廓
100
AcDbLine
 10
19.048577436887314
 20
160.1020127366661
 30
0.0
 11
19.06961915443128
 21
160.12681432063331
 31
0.0
  0
LINE
  5
63A
330
17
100
AcDbEntity
  8
可见轮廓
100
AcDbLine
 10
19.02743276507462
 20
160.07695608034751
 30
0.0
 11
19.048577436887314
 21
160.1020127366661
 31
0.0
  0
LINE
  5
63B
330
17
100
AcDbEntity
  8
可见轮廓
100
AcDbLine
 10
19.00619123708765
 20
160.0516472835581
 30
0.0
 11
19.02743276507462
 21
160.07695608034751
 31
0.0
  0
LINE
  5
63C
330
17
100
AcDbEntity
  8
可见轮廓
100
AcDbLine
 10
18.96344200496884
 20
160.0002849960888
 30
0.0
 11
18.984858951020897
 21
160.02608927817838
 31
0.0
  0
LINE
  5
63D
330
17
100
AcDbEntity
  8
可见轮廓
100
AcDbLine
 10
18.941946497025953
 20
159.97423736916983
 30
0.0
 11
18.96344200496884
 21
160.0002849960888
 31
0.0
  0
LINE
  5
63E
330
17
100
AcDbEntity
  8
可见轮廓
100
AcDbLine
 10
18.776082078668082
 20
159.76790467673194
 30
0.0
 11
18.941946497025953
 21
159.97423736916983
 31
0.0
  0
LINE
  5
63F
330
17
100
AcDbEntity
  8
可见轮廓
100
AcDbLine
 10
18.608608080226503
 20
159.5489171237022
 30
0.0
 11
18.776082078668082
 21
159.76790467673194
 31
0.0
  0
LINE
  5
640
330
17
100
AcDbEntity
  8
可见轮廓
100
AcDbLine
 10
18.44151274830864
 20
159.31876272025414
 30
0.0
 11
18.608608080226503
 21
159.5489171237022
 31
0.0
  0
LINE
  5
641
330
17
100
AcDbEntity
  8
可见轮廓
100
AcDbLine
 10
18.276549448308685
 20
159.07899104913864
 30
0.0
 11
18.44151274830864
 21
159.31876272025414
 31
0.0
  0
LINE
  5
642
330
17
100
AcDbEntity
  8
可见轮廓
100
AcDbLine
 10
18.115471083256153
 20
158.83115181431236
 30
0.0
 11
18.276549448308685
 21
159.07899104913864
 31
0.0
  0
LINE
  5
643
330
17
100
AcDbEntity
  8
可见轮廓
100
AcDbLine
 10
17.96003055618067
 20
158.576794719732
 30
0.0
 11
18.115471083256153
 21
158.83115181431236
 31
0.0
  0
LINE
  5
644
330
17
100
AcDbEntity
  8
可见轮廓
100
AcDbLine
 10
17.811980770111717
 20
158.31746946935422
 30
0.0
 11
17.96003055618067
 21
158.576794719732
 31
0.0
  0
LINE
  5
645
330
17
100
AcDbEntity
  8
可见轮廓
100
AcDbLine
 10
17.673074628078922
 20
158.05472576713578
 30
0.0
 11
17.811980770111717
 21
158.31746946935422
 31
0.0
  0
LINE
  5
646
330
17
100
AcDbEntity
  8
可见轮廓
100
AcDbLine
 10
20.581177740403916
 20
157.31788366187263
 30
0.0
 11
20.70546218327513
 21
157.78805660268466
 31
0.0
  0
LINE
  5
647
330
17
100
AcDbEntity
  8
可见轮廓
100
AcDbLine
 10
20.70546218327513
 20
157.78805660268466
 30
0.0
 11
20.837927781336646
 21
158.252112313887
 31
0.0
  0
LINE
  5
648
330
17
100
AcDbEntity
  8
可见轮廓
100
AcDbLine
 10
20.837927781336646
 20
158.252112313887
 30
0.0
 11
20.977006147667254
 21
158.70727764103083
 31
0.0
  0
LINE
  5
649
330
17
100
AcDbEntity
  8
可见轮廓
100
AcDbLine
 10
20.977006147667254
 20
158.70727764103083
 30
0.0
 11
21.12112889534575
 21
159.1507794296673
 31
0.0
  0
LINE
  5
64A
330
17
100
AcDbEntity
  8
可见轮廓
100
AcDbLine
 10
21.12112889534575
 20
159.1507794296673
 30
0.0
 11
21.26872763745095
 21
159.57984452534765
 31
0.0
  0
LINE
  5
64B
330
17
100
AcDbEntity
  8
可见轮廓
100
AcDbLine
 10
21.26872763745095
 20
159.57984452534765
 30
0.0
 11
21.418233987061683
 21
159.99169977362305
 31
0.0
  0
LINE
  5
64C
330
17
100
AcDbEntity
  8
可见轮廓
100
AcDbLine
 10
21.418233987061683
 20
159.99169977362305
 30
0.0
 11
21.56807914356213
 21
160.38357223693941
 31
0.0
  0
LINE
  5
64D
330
17
100
AcDbEntity
  8
可见轮廓
100
AcDbLine
 10
21.56807914356213
 20
160.38357223693941
 30
0.0
 11
21.716484149461365
 21
160.7527991602493
 31
0.0
  0
LINE
  5
64E
330
17
100
AcDbEntity
  8
可见轮廓
100
AcDbLine
 10
22.44433761357223
 20
162.3625204036706
 30
0.0
 11
22.464025896456803
 21
162.40227244255155
 31
0.0
  0
LINE
  5
64F
330
17
100
AcDbEntity
  8
可见轮廓
100
AcDbLine
 10
22.464025896456803
 20
162.40227244255155
 30
0.0
 11
22.48258022536342
 21
162.4395605106539
 31
0.0
  0
LINE
  5
650
330
17
100
AcDbEntity
  8
可见轮廓
100
AcDbLine
 10
22.48258022536342
 20
162.4395605106539
 30
0.0
 11
22.499966623369062
 21
162.47434774326905
 31
0.0
  0
LINE
  5
651
330
17
100
AcDbEntity
  8
可见轮廓
100
AcDbLine
 10
22.499966623369062
 20
162.47434774326905
 30
0.0
 11
22.516151113550706
 21
162.50659727568842
 31
0.0
  0
LINE
  5
652
330
17
100
AcDbEntity
  8
可见轮廓
100
AcDbLine
 10
22.516151113550706
 20
162.50659727568842
 30
0.0
 11
22.531099718985246
 21
162.53627224320343
 31
0.0
  0
LINE
  5
653
330
17
100
AcDbEntity
  8
可见轮廓
100
AcDbLine
 10
22.531099718985246
 20
162.53627224320343
 30
0.0
 11
22.54477846274966
 21
162.56333578110548
 31
0.0
  0
LINE
  5
654
330
17
100
AcDbEntity
  8
可见轮廓
100
AcDbLine
 10
22.54477846274966
 20
162.56333578110548
 30
0.0
 11
22.557153367920904
 21
162.58775102468604
 31
0.0
  0
LINE
  5
655
330
17
100
AcDbEntity
  8
可见轮廓
100
AcDbLine
 10
22.557153367920904
 20
162.58775102468604
 30
0.0
 11
22.568190457575923
 21
162.6094811092365
 31
0.0
  0
LINE
  5
656
330
17
100
AcDbEntity
  8
可见轮廓
100
AcDbLine
 10
22.467409491846183
 20
162.4271737794927
 30
0.0
 11
22.56818984262199
 21
162.60947989942807
 31
0.0
  0
LINE
  5
657
330
17
100
AcDbEntity
  8
可见轮廓
100
AcDbLine
 10
22.35446388872927
 20
162.25264932432515
 30
0.0
 11
22.467409491846183
 21
162.4271737794927
 31
0.0
  0
LINE
  5
658
330
17
100
AcDbEntity
  8
可见轮廓
100
AcDbLine
 10
22.229812973689576
 20
162.08650144768708
 30
0.0
 11
22.35446388872927
 21
162.25264932432515
 31
0.0
  0
LINE
  5
659
330
17
100
AcDbEntity
  8
可见轮廓
100
AcDbLine
 10
22.093916468963215
 20
161.92932463450833
 30
0.0
 11
22.229812973689576
 21
162.08650144768708
 31
0.0
  0
LINE
  5
65A
330
17
100
AcDbEntity
  8
可见轮廓
100
AcDbLine
 10
21.94723409678636
 20
161.7817133697187
 30
0.0
 11
22.093916468963215
 21
161.92932463450833
 31
0.0
  0
LINE
  5
65B
330
17
100
AcDbEntity
  8
可见轮廓
100
AcDbLine
 10
21.790498291743404
 20
161.64448501358407
 30
0.0
 11
21.94723409678636
 21
161.7817133697187
 31
0.0
  0
LINE
  5
65C
330
17
100
AcDbEntity
  8
可见轮廓
100
AcDbLine
 10
21.624937865964483
 20
161.51869187734874
 30
0.0
 11
21.790498291743404
 21
161.64448501358407
 31
0.0
  0
LINE
  5
65D
330
17
100
AcDbEntity
  8
可见轮廓
100
AcDbLine
 10
21.45121870839776
 20
161.4047639107892
 30
0.0
 11
21.624937865964483
 21
161.51869187734874
 31
0.0
  0
LINE
  5
65E
330
17
100
AcDbEntity
  8
可见轮廓
100
AcDbLine
 10
21.425430438481698
 20
161.3892772256788
 30
0.0
 11
21.45121870839776
 21
161.4047639107892
 31
0.0
  0
LINE
  5
65F
330
17
100
AcDbEntity
  8
可见轮廓
100
AcDbLine
 10
21.399486417774455
 20
161.3740488588486
 30
0.0
 11
21.425430438481698
 21
161.3892772256788
 31
0.0
  0
LINE
  5
660
330
17
100
AcDbEntity
  8
可见轮廓
100
AcDbLine
 10
21.32073913652556
 20
161.3299258511166
 30
0.0
 11
21.347138838234457
 21
161.34437195325975
 31
0.0
  0
LINE
  5
661
330
17
100
AcDbEntity
  8
可见轮廓
100
AcDbLine
 10
21.29419139827334
 20
161.3157429404846
 30
0.0
 11
21.32073913652556
 21
161.3299258511166
 31
0.0
  0
LINE
  5
662
330
17
100
AcDbEntity
  8
可见轮廓
100
AcDbLine
 10
21.267497552039742
 20
161.3018244396715
 30
0.0
 11
21.29419139827334
 21
161.3157429404846
 31
0.0
  0
LINE
  5
663
330
17
100
AcDbEntity
  8
可见轮廓
100
AcDbLine
 10
21.240659526386736
 20
161.28817156698503
 30
0.0
 11
21.267497552039742
 21
161.3018244396715
 31
0.0
  0
LINE
  5
664
330
17
100
AcDbEntity
  8
可见轮廓
100
AcDbLine
 10
21.077586489821783
 20
161.21227627559017
 30
0.0
 11
21.240659526386736
 21
161.28817156698503
 31
0.0
  0
LINE
  5
665
330
17
100
AcDbEntity
  8
可见轮廓
100
AcDbLine
 10
20.90994835163491
 20
161.14617902635504
 30
0.0
 11
21.077586489821783
 21
161.21227627559017
 31
0.0
  0
LINE
  5
666
330
17
100
AcDbEntity
  8
可见轮廓
100
AcDbLine
 10
20.738871913672284
 20
161.0903331461832
 30
0.0
 11
20.90994835163491
 21
161.14617902635504
 31
0.0
  0
LINE
  5
667
330
17
100
AcDbEntity
  8
可见轮廓
100
AcDbLine
 10
20.564973536736886
 20
161.0448956900083
 30
0.0
 11
20.738871913672284
 21
161.0903331461832
 31
0.0
  0
LINE
  5
668
330
17
100
AcDbEntity
  8
可见轮廓
100
AcDbLine
 10
20.38873041933627
 20
161.00996387315888
 30
0.0
 11
20.564973536736886
 21
161.0448956900083
 31
0.0
  0
LINE
  5
669
330
17
100
AcDbEntity
  8
可见轮廓
100
AcDbLine
 10
20.210619759978044
 20
160.98563491096357
 30
0.0
 11
20.38873041933627
 21
161.00996387315888
 31
0.0
  0
LINE
  5
66A
330
17
100
AcDbEntity
  8
可见轮廓
100
AcDbLine
 10
20.031118757169736
 20
160.97200601875096
 30
0.0
 11
20.210619759978044
 21
160.98563491096357
 31
0.0
  0
LINE
  5
66B
330
17
100
AcDbEntity
  8
可见轮廓
100
AcDbLine
 10
19.850704609418926
 20
160.96917441184962
 30
0.0
 11
20.031118757169736
 21
160.97200601875096
 31
0.0
  0
LINE
  5
66C
330
17
100
AcDbEntity
  8
可见轮廓
100
AcDbLine
 10
19.84416665622456
 20
160.96272015092
 30
0.0
 11
19.8505360788495
 21
160.9690377455561
 31
0.0
  0
LINE
  5
66D
330
17
100
AcDbEntity
  8
可见轮廓
100
AcDbLine
 10
19.837587094584507
 20
160.95618509110878
 30
0.0
 11
19.84416665622456
 21
160.96272015092
 31
0.0
  0
LINE
  5
66E
330
17
100
AcDbEntity
  8
可见轮廓
100
AcDbLine
 10
19.830799601873508
 20
160.94943376392385
 30
0.0
 11
19.837587094584507
 21
160.95618509110878
 31
0.0
  0
LINE
  5
66F
330
17
100
AcDbEntity
  8
可见轮廓
100
AcDbLine
 10
19.400447564219746
 20
161.00975089284375
 30
0.0
 11
19.404190802717608
 21
161.00910270170797
 31
0.0
  0
LINE
  5
670
330
17
100
AcDbEntity
  8
可见轮廓
100
AcDbLine
 10
19.388144171685923
 20
161.01179492889796
 30
0.0
 11
19.436723499449073
 21
161.00393072698304
 31
0.0
  0
LINE
  5
671
330
17
100
AcDbEntity
  8
可见轮廓
100
AcDbLine
 10
19.436723499449073
 20
161.00393072698304
 30
0.0
 11
19.489335744021076
 21
160.9962912792406
 31
0.0
  0
LINE
  5
672
330
17
100
AcDbEntity
  8
可见轮廓
100
AcDbLine
 10
19.489335744021076
 20
160.9962912792406
 30
0.0
 11
19.542597372651414
 21
160.98949917937534
 31
0.0
  0
LINE
  5
673
330
17
100
AcDbEntity
  8
可见轮廓
100
AcDbLine
 10
19.542597372651414
 20
160.98949917937534
 30
0.0
 11
19.59872193184421
 21
160.983433810077
 31
0.0
  0
LINE
  5
674
330
17
100
AcDbEntity
  8
可见轮廓
100
AcDbLine
 10
19.59872193184421
 20
160.983433810077
 30
0.0
 11
19.65910519840085
 21
160.97807463264866
 31
0.0
  0
LINE
  5
675
330
17
100
AcDbEntity
  8
可见轮廓
100
AcDbLine
 10
19.65910519840085
 20
160.97807463264866
 30
0.0
 11
19.72230335088065
 21
160.9737742962086
 31
0.0
  0
LINE
  5
676
330
17
100
AcDbEntity
  8
可见轮廓
100
AcDbLine
 10
19.72230335088065
 20
160.9737742962086
 30
0.0
 11
19.786760478317944
 21
160.97078567794875
 31
0.0
  0
LINE
  5
677
330
17
100
AcDbEntity
  8
可见轮廓
100
AcDbLine
 10
19.32542134741385
 20
161.02179771000394
 30
0.0
 11
19.388144171685724
 21
161.01179492889793
 31
0.0
  0
LINE
  5
678
330
17
100
AcDbEntity
  8
可见轮廓
100
AcDbLine
 10
19.262505319511774
 20
161.03049744223125
 30
0.0
 11
19.32542134741385
 21
161.02179771000394
 31
0.0
  0
LINE
  5
679
330
17
100
AcDbEntity
  8
可见轮廓
100
AcDbLine
 10
19.199422401680607
 20
161.03789050558194
 30
0.0
 11
19.262505319511774
 21
161.03049744223125
 31
0.0
  0
LINE
  5
67A
330
17
100
AcDbEntity
  8
可见轮廓
100
AcDbLine
 10
19.136198972761633
 20
161.04397379007455
 30
0.0
 11
19.199422401680607
 21
161.03789050558194
 31
0.0
  0
LINE
  5
67B
330
17
100
AcDbEntity
  8
可见轮廓
100
AcDbLine
 10
19.072854830775128
 20
161.04863511933647
 30
0.0
 11
19.136198972761633
 21
161.04397379007455
 31
0.0
  0
LINE
  5
67C
330
17
100
AcDbEntity
  8
可见轮廓
100
AcDbLine
 10
19.00942839997404
 20
161.05198172711687
 30
0.0
 11
19.072854830775128
 21
161.04863511933647
 31
0.0
  0
LINE
  5
67D
330
17
100
AcDbEntity
  8
可见轮廓
100
AcDbLine
 10
18.945946205959984
 20
161.05401223221676
 30
0.0
 11
19.00942839997404
 21
161.05198172711687
 31
0.0
  0
LINE
  5
67E
330
17
100
AcDbEntity
  8
可见轮廓
100
AcDbLine
 10
18.882434796099915
 20
161.0547257671358
 30
0.0
 11
18.945946205959984
 21
161.05401223221676
 31
0.0
  0
LINE
  5
67F
330
17
100
AcDbEntity
  8
可见轮廓
100
AcDbLine
 10
12.29360586563385
 20
150.0547257671358
 30
0.0
 11
13.99837875989894
 21
150.0547257671358
 31
0.0
  0
LINE
  5
680
330
17
100
AcDbEntity
  8
可见轮廓
100
AcDbLine
 10
10.624353743564313
 20
150.0547257671358
 30
0.0
 11
12.29360586563385
 21
150.0547257671358
 31
0.0
  0
LINE
  5
681
330
17
100
AcDbEntity
  8
可见轮廓
100
AcDbLine
 10
9.02222587428406
 20
150.0547257671358
 30
0.0
 11
10.624353743564313
 21
150.0547257671358
 31
0.0
  0
LINE
  5
682
330
17
100
AcDbEntity
  8
可见轮廓
100
AcDbLine
 10
7.5176380614916525
 20
150.0547257671358
 30
0.0
 11
9.02222587428406
 21
150.0547257671358
 31
0.0
  0
LINE
  5
683
330
17
100
AcDbEntity
  8
可见轮廓
100
AcDbLine
 10
6.152665496881411
 20
150.0547257671358
 30
0.0
 11
7.5176380614916525
 21
150.0547257671358
 31
0.0
  0
LINE
  5
684
330
17
100
AcDbEntity
  8
可见轮廓
100
AcDbLine
 10
4.945023357792934
 20
150.0547257671358
 30
0.0
 11
6.152665496881411
 21
150.0547257671358
 31
0.0
  0
LINE
  5
685
330
17
100
AcDbEntity
  8
可见轮廓
100
AcDbLine
 10
3.917492425248554
 20
150.0547257671358
 30
0.0
 11
4.945023357792934
 21
150.0547257671358
 31
0.0
  0
LINE
  5
686
330
17
100
AcDbEntity
  8
可见轮廓
100
AcDbLine
 10
3.0896666452642307
 20
150.0547257671358
 30
0.0
 11
3.917492425248554
 21
150.0547257671358
 31
0.0
  0
LINE
  5
687
330
17
100
AcDbEntity
  8
可见轮廓
100
AcDbLine
 10
2.8379079904213995
 20
150.0547257671358
 30
0.0
 11
3.0896666452642307
 21
150.0547257671358
 31
0.0
  0
LINE
  5
688
330
17
100
AcDbEntity
  8
可见轮廓
100
AcDbLine
 10
2.6177266643040866
 20
150.0547257671358
 30
0.0
 11
2.8379079904213995
 21
150.0547257671358
 31
0.0
  0
LINE
  5
689
330
17
100
AcDbEntity
  8
可见轮廓
100
AcDbLine
 10
2.429712532472365
 20
150.0547257671358
 30
0.0
 11
2.6177266643040866
 21
150.0547257671358
 31
0.0
  0
LINE
  5
68A
330
17
100
AcDbEntity
  8
可见轮廓
100
AcDbLine
 10
2.274374636401234
 20
150.0547257671358
 30
0.0
 11
2.429712532472365
 21
150.0547257671358
 31
0.0
  0
LINE
  5
68B
330
17
100
AcDbEntity
  8
可见轮廓
100
AcDbLine
 10
2.154933716395931
 20
150.0547257671358
 30
0.0
 11
2.274374636401234
 21
150.0547257671358
 31
0.0
  0
LINE
  5
68C
330
17
100
AcDbEntity
  8
可见轮廓
100
AcDbLine
 10
2.06898264132451
 20
150.0547257671358
 30
0.0
 11
2.154933716395931
 21
150.0547257671358
 31
0.0
  0
LINE
  5
68D
330
17
100
AcDbEntity
  8
可见轮廓
100
AcDbLine
 10
2.0167497749666268
 20
150.0547257671358
 30
0.0
 11
2.06898264132451
 21
150.0547257671358
 31
0.0
  0
LINE
  5
68E
330
17
100
AcDbEntity
  8
可见轮廓
100
AcDbLine
 10
1.9983787598999356
 20
150.0547257671358
 30
0.0
 11
2.0167497749666268
 21
150.0547257671358
 31
0.0
  0
LINE
  5
68F
330
17
100
AcDbEntity
  8
可见轮廓
100
AcDbLine
 10
15.835726693989102
 20
150.0547257671358
 30
0.0
 11
16.81760345790994
 21
150.0547257671358
 31
0.0
  0
LINE
  5
690
330
17
100
AcDbEntity
  8
可见轮廓
100
AcDbLine
 10
15.815156227570924
 20
150.0547257671358
 30
0.0
 11
15.835726693989102
 21
150.0547257671358
 31
0.0
  0
LINE
  5
691
330
17
100
AcDbEntity
  8
可见轮廓
100
AcDbLine
 10
13.99837875989894
 20
150.0547257671358
 30
0.0
 11
15.815156227570924
 21
150.0547257671358
 31
0.0
  0
LINE
  5
692
330
17
100
AcDbEntity
  8
可见轮廓
100
AcDbLine
 10
19.81966958267992
 20
150.0547257671358
 30
0.0
 11
29.63193369524194
 21
150.0547257671358
 31
0.0
  0
LINE
  5
693
330
17
100
AcDbEntity
  8
可见轮廓
100
AcDbLine
 10
13.99837875989894
 20
141.0547257671358
 30
0.0
 11
16.968029624557943
 21
141.0547257671358
 31
0.0
  0
LINE
  5
694
330
17
100
AcDbEntity
  8
可见轮廓
100
AcDbLine
 10
16.968029624557943
 20
141.0547257671358
 30
0.0
 11
19.937680489216916
 21
141.0547257671358
 31
0.0
  0
LINE
  5
695
330
17
100
AcDbEntity
  8
可见轮廓
100
AcDbLine
 10
4.998378759899936
 20
141.0547257671358
 30
0.0
 11
5.144154892385728
 21
141.0547257671358
 31
0.0
  0
LINE
  5
696
330
17
100
AcDbEntity
  8
可见轮廓
100
AcDbLine
 10
5.144154892385728
 20
141.0547257671358
 30
0.0
 11
5.554532964214104
 21
141.0547257671358
 31
0.0
  0
LINE
  5
697
330
17
100
AcDbEntity
  8
可见轮廓
100
AcDbLine
 10
5.554532964214104
 20
141.0547257671358
 30
0.0
 11
6.217567715336628
 21
141.0547257671358
 31
0.0
  0
LINE
  5
698
330
17
100
AcDbEntity
  8
可见轮廓
100
AcDbLine
 10
6.217567715336628
 20
141.0547257671358
 30
0.0
 11
7.114588299039212
 21
141.0547257671358
 31
0.0
  0
LINE
  5
699
330
17
100
AcDbEntity
  8
可见轮廓
100
AcDbLine
 10
7.114588299039212
 20
141.0547257671358
 30
0.0
 11
8.234607182792246
 21
141.0547257671358
 31
0.0
  0
LINE
  5
69A
330
17
100
AcDbEntity
  8
可见轮廓
100
AcDbLine
 10
8.234607182792246
 20
141.0547257671358
 30
0.0
 11
9.525410079736673
 21
141.0547257671358
 31
0.0
  0
LINE
  5
69B
330
17
100
AcDbEntity
  8
可见轮廓
100
AcDbLine
 10
9.525410079736673
 20
141.0547257671358
 30
0.0
 11
10.95005310600871
 21
141.0547257671358
 31
0.0
  0
LINE
  5
69C
330
17
100
AcDbEntity
  8
可见轮廓
100
AcDbLine
 10
10.95005310600871
 20
141.0547257671358
 30
0.0
 11
12.468029624558426
 21
141.0547257671358
 31
0.0
  0
LINE
  5
69D
330
17
100
AcDbEntity
  8
可见轮廓
100
AcDbLine
 10
12.468029624558426
 20
141.0547257671358
 30
0.0
 11
12.657811572853461
 21
141.0547257671358
 31
0.0
  0
LINE
  5
69E
330
17
100
AcDbEntity
  8
可见轮廓
100
AcDbLine
 10
12.657811572853461
 20
141.0547257671358
 30
0.0
 11
12.848188530156392
 21
141.0547257671358
 31
0.0
  0
LINE
  5
69F
330
17
100
AcDbEntity
  8
可见轮廓
100
AcDbLine
 10
12.848188530156392
 20
141.0547257671358
 30
0.0
 11
13.039079466510373
 21
141.0547257671358
 31
0.0
  0
LINE
  5
6A0
330
17
100
AcDbEntity
  8
可见轮廓
100
AcDbLine
 10
13.039079466510373
 20
141.0547257671358
 30
0.0
 11
13.230403147797034
 21
141.0547257671358
 31
0.0
  0
LINE
  5
6A1
330
17
100
AcDbEntity
  8
可见轮廓
100
AcDbLine
 10
13.230403147797034
 20
141.0547257671358
 30
0.0
 11
13.42209860489669
 21
141.0547257671358
 31
0.0
  0
LINE
  5
6A2
330
17
100
AcDbEntity
  8
可见轮廓
100
AcDbLine
 10
13.42209860489669
 20
141.0547257671358
 30
0.0
 11
13.614047500052777
 21
141.0547257671358
 31
0.0
  0
LINE
  5
6A3
330
17
100
AcDbEntity
  8
可见轮廓
100
AcDbLine
 10
13.614047500052777
 20
141.0547257671358
 30
0.0
 11
13.8061681391614
 21
141.0547257671358
 31
0.0
  0
LINE
  5
6A4
330
17
100
AcDbEntity
  8
可见轮廓
100
AcDbLine
 10
13.8061681391614
 20
141.0547257671358
 30
0.0
 11
13.99837875989894
 21
141.0547257671358
 31
0.0
  0
LINE
  5
6A5
330
17
100
AcDbEntity
  8
可见轮廓
100
AcDbLine
 10
13.738877987283615
 20
161.0547257671358
 30
0.0
 11
13.998378759899936
 21
161.0547257671358
 31
0.0
  0
LINE
  5
6A6
330
17
100
AcDbEntity
  8
可见轮廓
100
AcDbLine
 10
13.479598669702142
 20
161.0547257671358
 30
0.0
 11
13.738877987283615
 21
161.0547257671358
 31
0.0
  0
LINE
  5
6A7
330
17
100
AcDbEntity
  8
可见轮廓
100
AcDbLine
 10
13.220741954237155
 20
161.0547257671358
 30
0.0
 11
13.479598669702142
 21
161.0547257671358
 31
0.0
  0
LINE
  5
6A8
330
17
100
AcDbEntity
  8
可见轮廓
100
AcDbLine
 10
12.962508681959065
 20
161.0547257671358
 30
0.0
 11
13.220741954237155
 21
161.0547257671358
 31
0.0
  0
LINE
  5
6A9
330
17
100
AcDbEntity
  8
可见轮廓
100
AcDbLine
 10
12.705189540186012
 20
161.0547257671358
 30
0.0
 11
12.962508681959065
 21
161.0547257671358
 31
0.0
  0
LINE
  5
6AA
330
17
100
AcDbEntity
  8
可见轮廓
100
AcDbLine
 10
12.448933808219806
 20
161.0547257671358
 30
0.0
 11
12.705189540186012
 21
161.0547257671358
 31
0.0
  0
LINE
  5
6AB
330
17
100
AcDbEntity
  8
可见轮廓
100
AcDbLine
 10
12.19394026562506
 20
161.0547257671358
 30
0.0
 11
12.448933808219806
 21
161.0547257671358
 31
0.0
  0
LINE
  5
6AC
330
17
100
AcDbEntity
  8
可见轮廓
100
AcDbLine
 10
11.940406777999925
 20
161.0547257671358
 30
0.0
 11
12.19394026562506
 21
161.0547257671358
 31
0.0
  0
LINE
  5
6AD
330
17
100
AcDbEntity
  8
可见轮廓
100
AcDbLine
 10
10.51129012149076
 20
161.0547257671358
 30
0.0
 11
11.940406777999925
 21
161.0547257671358
 31
0.0
  0
LINE
  5
6AE
330
17
100
AcDbEntity
  8
可见轮廓
100
AcDbLine
 10
9.179631495598016
 20
161.0547257671358
 30
0.0
 11
10.51129012149076
 21
161.0547257671358
 31
0.0
  0
LINE
  5
6AF
330
17
100
AcDbEntity
  8
可见轮廓
100
AcDbLine
 10
7.98012480517923
 20
161.0547257671358
 30
0.0
 11
9.179631495598016
 21
161.0547257671358
 31
0.0
  0
LINE
  5
6B0
330
17
100
AcDbEntity
  8
可见轮廓
100
AcDbLine
 10
6.944239980534292
 20
161.0547257671358
 30
0.0
 11
7.98012480517923
 21
161.0547257671358
 31
0.0
  0
LINE
  5
6B1
330
17
100
AcDbEntity
  8
可见轮廓
100
AcDbLine
 10
6.117809869064644
 20
161.0547257671358
 30
0.0
 11
6.944239980534292
 21
161.0547257671358
 31
0.0
  0
LINE
  5
6B2
330
17
100
AcDbEntity
  8
可见轮廓
100
AcDbLine
 10
5.508486642626508
 20
161.0547257671358
 30
0.0
 11
6.117809869064644
 21
161.0547257671358
 31
0.0
  0
LINE
  5
6B3
330
17
100
AcDbEntity
  8
可见轮廓
100
AcDbLine
 10
5.131994816908303
 20
161.0547257671358
 30
0.0
 11
5.508486642626508
 21
161.0547257671358
 31
0.0
  0
LINE
  5
6B4
330
17
100
AcDbEntity
  8
可见轮廓
100
AcDbLine
 10
4.998378759899936
 20
161.0547257671358
 30
0.0
 11
5.131994816908303
 21
161.0547257671358
 31
0.0
  0
LINE
  5
6B5
330
17
100
AcDbEntity
  8
可见轮廓
100
AcDbLine
 10
16.924541684658948
 20
161.0547257671358
 30
0.0
 11
18.882434796099915
 21
161.0547257671358
 31
0.0
  0
LINE
  5
6B6
330
17
100
AcDbEntity
  8
可见轮廓
100
AcDbLine
 10
13.998378759899936
 20
161.0547257671358
 30
0.0
 11
16.924541684658948
 21
161.0547257671358
 31
0.0
  0
LINE
  5
6B7
330
17
100
AcDbEntity
  8
可见轮廓
100
AcDbLine
 10
13.99837875989894
 20
152.0547257671358
 30
0.0
 11
15.815156227570924
 21
152.0547257671358
 31
0.0
  0
LINE
  5
6B8
330
17
100
AcDbEntity
  8
可见轮廓
100
AcDbLine
 10
15.815156227570924
 20
152.0547257671358
 30
0.0
 11
15.835726693989102
 21
152.0547257671358
 31
0.0
  0
LINE
  5
6B9
330
17
100
AcDbEntity
  8
可见轮廓
100
AcDbLine
 10
15.835726693989102
 20
152.0547257671358
 30
0.0
 11
16.81760345790994
 21
152.0547257671358
 31
0.0
  0
LINE
  5
6BA
330
17
100
AcDbEntity
  8
可见轮廓
100
AcDbLine
 10
1.9983787598999356
 20
152.0547257671358
 30
0.0
 11
2.016749774966655
 21
152.0547257671358
 31
0.0
  0
LINE
  5
6BB
330
17
100
AcDbEntity
  8
可见轮廓
100
AcDbLine
 10
2.016749774966655
 20
152.0547257671358
 30
0.0
 11
2.06898264132451
 21
152.0547257671358
 31
0.0
  0
LINE
  5
6BC
330
17
100
AcDbEntity
  8
可见轮廓
100
AcDbLine
 10
2.06898264132451
 20
152.0547257671358
 30
0.0
 11
2.154933716395931
 21
152.0547257671358
 31
0.0
  0
LINE
  5
6BD
330
17
100
AcDbEntity
  8
可见轮廓
100
AcDbLine
 10
2.154933716395931
 20
152.0547257671358
 30
0.0
 11
2.2743746364012623
 21
152.0547257671358
 31
0.0
  0
LINE
  5
6BE
330
17
100
AcDbEntity
  8
可见轮廓
100
AcDbLine
 10
2.2743746364012623
 20
152.0547257671358
 30
0.0
 11
2.4297125324723936
 21
152.0547257671358
 31
0.0
  0
LINE
  5
6BF
330
17
100
AcDbEntity
  8
可见轮廓
100
AcDbLine
 10
2.4297125324723936
 20
152.0547257671358
 30
0.0
 11
2.617726664304115
 21
152.0547257671358
 31
0.0
  0
LINE
  5
6C0
330
17
100
AcDbEntity
  8
可见轮廓
100
AcDbLine
 10
2.617726664304115
 20
152.0547257671358
 30
0.0
 11
2.8379079904213995
 21
152.0547257671358
 31
0.0
  0
LINE
  5
6C1
330
17
100
AcDbEntity
  8
可见轮廓
100
AcDbLine
 10
2.8379079904213995
 20
152.0547257671358
 30
0.0
 11
3.0896666452642307
 21
152.0547257671358
 31
0.0
  0
LINE
  5
6C2
330
17
100
AcDbEntity
  8
可见轮廓
100
AcDbLine
 10
3.0896666452642307
 20
152.0547257671358
 30
0.0
 11
3.917492425248554
 21
152.0547257671358
 31
0.0
  0
LINE
  5
6C3
330
17
100
AcDbEntity
  8
可见轮廓
100
AcDbLine
 10
3.917492425248554
 20
152.0547257671358
 30
0.0
 11
4.945023357792934
 21
152.0547257671358
 31
0.0
  0
LINE
  5
6C4
330
17
100
AcDbEntity
  8
可见轮廓
100
AcDbLine
 10
4.945023357792934
 20
152.0547257671358
 30
0.0
 11
6.15266549688144
 21
152.0547257671358
 31
0.0
  0
LINE
  5
6C5
330
17
100
AcDbEntity
  8
可见轮廓
100
AcDbLine
 10
6.15266549688144
 20
152.0547257671358
 30
0.0
 11
7.5176380614916525
 21
152.0547257671358
 31
0.0
  0
LINE
  5
6C6
330
17
100
AcDbEntity
  8
可见轮廓
100
AcDbLine
 10
7.5176380614916525
 20
152.0547257671358
 30
0.0
 11
9.02222587428406
 21
152.0547257671358
 31
0.0
  0
LINE
  5
6C7
330
17
100
AcDbEntity
  8
可见轮廓
100
AcDbLine
 10
9.02222587428406
 20
152.0547257671358
 30
0.0
 11
10.624353743564313
 21
152.0547257671358
 31
0.0
  0
LINE
  5
6C8
330
17
100
AcDbEntity
  8
可见轮廓
100
AcDbLine
 10
10.624353743564313
 20
152.0547257671358
 30
0.0
 11
12.29360586563385
 21
152.0547257671358
 31
0.0
  0
LINE
  5
6C9
330
17
100
AcDbEntity
  8
可见轮廓
100
AcDbLine
 10
12.29360586563385
 20
152.0547257671358
 30
0.0
 11
13.99837875989894
 21
152.0547257671358
 31
0.0
  0
LINE
  5
6CA
330
17
100
AcDbEntity
  8
可见轮廓
100
AcDbLine
 10
46.30183990944792
 20
176.5350402350275
 30
0.0
 11
112.55986188892088
 21
173.93003549854723
 31
0.0
  0
LINE
  5
6CB
330
17
100
AcDbEntity
  8
可见轮廓
100
AcDbLine
 10
112.55986188892088
 20
173.93003549854723
 30
0.0
 11
116.19380419516203
 21
173.7871631845686
 31
0.0
  0
LINE
  5
6CC
330
17
100
AcDbEntity
  8
可见轮廓
100
AcDbLine
 10
116.19380419516203
 20
173.7871631845686
 30
0.0
 11
186.0857684808761
 21
171.0392861341097
 31
0.0
  0
LINE
  5
6CD
330
17
100
AcDbEntity
  8
可见轮廓
100
AcDbLine
 10
116.19380419516202
 20
128.322288349703
 30
0.0
 11
186.08576848087614
 21
131.0701654001619
 31
0.0
  0
LINE
  5
6CE
330
17
100
AcDbEntity
  8
可见轮廓
100
AcDbLine
 10
112.55986188892088
 20
128.1794160357244
 30
0.0
 11
116.19380419516202
 21
128.322288349703
 31
0.0
  0
LINE
  5
6CF
330
17
100
AcDbEntity
  8
可见轮廓
100
AcDbLine
 10
46.301839909447935
 20
125.5744112992441
 30
0.0
 11
112.55986188892088
 21
128.1794160357244
 31
0.0
  0
LINE
  5
6D0
330
17
100
AcDbEntity
  8
可见轮廓
100
AcDbLine
 10
19.81966958267992
 20
152.0547257671358
 30
0.0
 11
29.63193369524194
 21
152.0547257671358
 31
0.0
  0
LINE
  5
6D1
330
17
100
AcDbEntity
  8
可见轮廓
100
AcDbLine
 10
16.977342196914208
 20
152.0547257671358
 30
0.0
 11
16.998378759899936
 21
152.0547257671358
 31
0.0
  0
LINE
  5
6D2
330
17
100
AcDbEntity
  8
可见轮廓
100
AcDbLine
 10
16.91775145875735
 20
152.0547257671358
 30
0.0
 11
16.977342196914208
 21
152.0547257671358
 31
0.0
  0
LINE
  5
6D3
330
17
100
AcDbEntity
  8
可见轮廓
100
AcDbLine
 10
16.820357280917904
 20
152.0547257671358
 30
0.0
 11
16.91775145875735
 21
152.0547257671358
 31
0.0
  0
LINE
  5
6D4
330
17
100
AcDbEntity
  8
可见轮廓
100
AcDbLine
 10
16.686345687060026
 20
152.0547257671358
 30
0.0
 11
16.820357280917904
 21
152.0547257671358
 31
0.0
  0
LINE
  5
6D5
330
17
100
AcDbEntity
  8
可见轮廓
100
AcDbLine
 10
16.514637036157637
 20
152.0547257671358
 30
0.0
 11
16.686345687060026
 21
152.0547257671358
 31
0.0
  0
LINE
  5
6D6
330
17
100
AcDbEntity
  8
可见轮廓
100
AcDbLine
 10
16.310457569431065
 20
152.0547257671358
 30
0.0
 11
16.514637036157637
 21
152.0547257671358
 31
0.0
  0
LINE
  5
6D7
330
17
100
AcDbEntity
  8
可见轮廓
100
AcDbLine
 10
16.076338611987325
 20
152.0547257671358
 30
0.0
 11
16.310457569431065
 21
152.0547257671358
 31
0.0
  0
LINE
  5
6D8
330
17
100
AcDbEntity
  8
可见轮廓
100
AcDbLine
 10
15.815156227570952
 20
152.0547257671358
 30
0.0
 11
16.076338611987325
 21
152.0547257671358
 31
0.0
  0
LINE
  5
6D9
330
17
100
AcDbEntity
  8
可见轮廓
100
AcDbLine
 10
135.30005419516183
 20
157.0547257671358
 30
0.0
 11
160.30005419516183
 21
157.0547257671358
 31
0.0
  0
LINE
  5
6DA
330
17
100
AcDbEntity
  8
可见轮廓
100
AcDbLine
 10
160.30005419516183
 20
157.0547257671358
 30
0.0
 11
185.30005419516183
 21
157.0547257671358
 31
0.0
  0
LINE
  5
6DB
330
17
100
AcDbEntity
  8
可见轮廓
100
AcDbLine
 10
160.30005419516183
 20
145.0547257671358
 30
0.0
 11
185.30005419516183
 21
145.0547257671358
 31
0.0
  0
LINE
  5
6DC
330
17
100
AcDbEntity
  8
可见轮廓
100
AcDbLine
 10
135.30005419516183
 20
145.0547257671358
 30
0.0
 11
160.30005419516183
 21
145.0547257671358
 31
0.0
  0
LINE
  5
6DD
330
17
100
AcDbEntity
  8
可见轮廓
100
AcDbLine
 10
135.30005419516183
 20
171.0547257671358
 30
0.0
 11
160.30005419516183
 21
171.0547257671358
 31
0.0
  0
LINE
  5
6DE
330
17
100
AcDbEntity
  8
可见轮廓
100
AcDbLine
 10
160.30005419516183
 20
171.0547257671358
 30
0.0
 11
185.30005419516183
 21
171.05472576713578
 31
0.0
  0
LINE
  5
6DF
330
17
100
AcDbEntity
  8
可见轮廓
100
AcDbLine
 10
160.30005419516183
 20
131.0547257671358
 30
0.0
 11
185.30005419516183
 21
131.0547257671358
 31
0.0
  0
LINE
  5
6E0
330
17
100
AcDbEntity
  8
可见轮廓
100
AcDbLine
 10
135.30005419516183
 20
131.0547257671358
 30
0.0
 11
160.30005419516183
 21
131.0547257671358
 31
0.0
  0
LINE
  5
6E1
330
17
100
AcDbEntity
  8
可见轮廓
100
AcDbLine
 10
24.725801638960945
 20
150.0547257671358
 30
0.0
 11
29.63193369524194
 21
150.0547257671358
 31
0.0
  0
LINE
  5
6E2
330
17
100
AcDbEntity
  8
可见轮廓
100
AcDbLine
 10
19.81966958267992
 20
150.0547257671358
 30
0.0
 11
24.725801638960945
 21
150.0547257671358
 31
0.0
  0
LINE
  5
6E3
330
17
100
AcDbEntity
  8
可见轮廓
100
AcDbLine
 10
19.81966958267992
 20
152.0547257671358
 30
0.0
 11
24.725801638960945
 21
152.0547257671358
 31
0.0
  0
LINE
  5
6E4
330
17
100
AcDbEntity
  8
可见轮廓
100
AcDbLine
 10
24.725801638960945
 20
152.0547257671358
 30
0.0
 11
29.63193369524194
 21
152.0547257671358
 31
0.0
  0
LINE
  5
6E5
330
17
100
AcDbEntity
  8
可见轮廓
100
AcDbLine
 10
1.9983787598999356
 20
144.0547257671358
 30
0.0
 11
2.01282457189987
 21
143.7606744114213
 31
0.0
  0
LINE
  5
6E6
330
17
100
AcDbEntity
  8
可见轮廓
100
AcDbLine
 10
2.01282457189987
 20
143.7606744114213
 30
0.0
 11
2.05602287815924
 21
143.46945493639132
 31
0.0
  0
LINE
  5
6E7
330
17
100
AcDbEntity
  8
可见轮廓
100
AcDbLine
 10
2.05602287815924
 20
143.46945493639132
 30
0.0
 11
2.127557680765335
 21
143.1838719564484
 31
0.0
  0
LINE
  5
6E8
330
17
100
AcDbEntity
  8
可见轮廓
100
AcDbLine
 10
2.127557680765335
 20
143.1838719564484
 30
0.0
 11
2.226740017085092
 21
142.90667580745827
 31
0.0
  0
LINE
  5
6E9
330
17
100
AcDbEntity
  8
可见轮廓
100
AcDbLine
 10
2.226740017085092
 20
142.90667580745827
 30
0.0
 11
2.3526147412964633
 21
142.64053595343586
 31
0.0
  0
LINE
  5
6EA
330
17
100
AcDbEntity
  8
可见轮廓
100
AcDbLine
 10
2.3526147412964633
 20
142.64053595343586
 30
0.0
 11
2.5039696190180507
 21
142.3880155164457
 31
0.0
  0
LINE
  5
6EB
330
17
100
AcDbEntity
  8
可见轮廓
100
AcDbLine
 10
2.5039696190180507
 20
142.3880155164457
 30
0.0
 11
2.6793469889056496
 21
142.15154638313925
 31
0.0
  0
LINE
  5
6EC
330
17
100
AcDbEntity
  8
可见轮廓
100
AcDbLine
 10
2.6793469889056496
 20
142.15154638313925
 30
0.0
 11
2.8770577755893214
 21
141.93340582294024
 31
0.0
  0
LINE
  5
6ED
330
17
100
AcDbEntity
  8
可见轮廓
100
AcDbLine
 10
2.8770577755893214
 20
141.93340582294024
 30
0.0
 11
3.0951712266826803
 21
141.73571388163924
 31
0.0
  0
LINE
  5
6EE
330
17
100
AcDbEntity
  8
可见轮廓
100
AcDbLine
 10
3.0951712266826803
 20
141.73571388163924
 30
0.0
 11
3.331629773387732
 21
141.56033889063855
 31
0.0
  0
LINE
  5
6EF
330
17
100
AcDbEntity
  8
可见轮廓
100
AcDbLine
 10
3.331629773387732
 20
141.56033889063855
 30
0.0
 11
3.5841658482428045
 21
141.40897390786392
 31
0.0
  0
LINE
  5
6F0
330
17
100
AcDbEntity
  8
可见轮廓
100
AcDbLine
 10
3.5841658482428045
 20
141.40897390786392
 30
0.0
 11
3.85031110744265
 21
141.28309358415677
 31
0.0
  0
LINE
  5
6F1
330
17
100
AcDbEntity
  8
可见轮廓
100
AcDbLine
 10
3.85031110744265
 20
141.28309358415677
 30
0.0
 11
4.127503680188738
 21
141.1839104550928
 31
0.0
  0
LINE
  5
6F2
330
17
100
AcDbEntity
  8
可见轮廓
100
AcDbLine
 10
4.127503680188738
 20
141.1839104550928
 30
0.0
 11
4.413090508227924
 21
141.11237413462237
 31
0.0
  0
LINE
  5
6F3
330
17
100
AcDbEntity
  8
可见轮廓
100
AcDbLine
 10
4.413090508227924
 20
141.11237413462237
 30
0.0
 11
4.704327345852477
 21
141.06917131507024
 31
0.0
  0
LINE
  5
6F4
330
17
100
AcDbEntity
  8
可见轮廓
100
AcDbLine
 10
4.704327345852477
 20
141.06917131507024
 30
0.0
 11
4.998378759899936
 21
141.0547257671358
 31
0.0
  0
LINE
  5
6F5
330
17
100
AcDbEntity
  8
可见轮廓
100
AcDbLine
 10
1.9983787598999356
 20
158.0547257671358
 30
0.0
 11
2.01282457189987
 21
158.34877712285032
 31
0.0
  0
LINE
  5
6F6
330
17
100
AcDbEntity
  8
可见轮廓
100
AcDbLine
 10
2.01282457189987
 20
158.34877712285032
 30
0.0
 11
2.0560228781592684
 21
158.63999659788033
 31
0.0
  0
LINE
  5
6F7
330
17
100
AcDbEntity
  8
可见轮廓
100
AcDbLine
 10
2.0560228781592684
 20
158.63999659788033
 30
0.0
 11
2.1275576807653636
 21
158.92557957782324
 31
0.0
  0
LINE
  5
6F8
330
17
100
AcDbEntity
  8
可见轮廓
100
AcDbLine
 10
2.1275576807653636
 20
158.92557957782324
 30
0.0
 11
2.2267400170851204
 21
159.2027757268134
 31
0.0
  0
LINE
  5
6F9
330
17
100
AcDbEntity
  8
可见轮廓
100
AcDbLine
 10
2.2267400170851204
 20
159.2027757268134
 30
0.0
 11
2.3526147412964633
 21
159.46891558083578
 31
0.0
  0
LINE
  5
6FA
330
17
100
AcDbEntity
  8
可见轮廓
100
AcDbLine
 10
2.3526147412964633
 20
159.46891558083578
 30
0.0
 11
2.5039696190180507
 21
159.72143601782594
 31
0.0
  0
LINE
  5
6FB
330
17
100
AcDbEntity
  8
可见轮廓
100
AcDbLine
 10
2.5039696190180507
 20
159.72143601782594
 30
0.0
 11
2.679346988905678
 21
159.95790515113237
 31
0.0
  0
LINE
  5
6FC
330
17
100
AcDbEntity
  8
可见轮廓
100
AcDbLine
 10
2.679346988905678
 20
159.95790515113237
 30
0.0
 11
2.8770577755893214
 21
160.17604571133137
 31
0.0
  0
LINE
  5
6FD
330
17
100
AcDbEntity
  8
可见轮廓
100
AcDbLine
 10
2.8770577755893214
 20
160.17604571133137
 30
0.0
 11
3.0951712266827087
 21
160.37373765263237
 31
0.0
  0
LINE
  5
6FE
330
17
100
AcDbEntity
  8
可见轮廓
100
AcDbLine
 10
3.0951712266827087
 20
160.37373765263237
 30
0.0
 11
3.331629773387732
 21
160.54911264363307
 31
0.0
  0
LINE
  5
6FF
330
17
100
AcDbEntity
  8
可见轮廓
100
AcDbLine
 10
3.331629773387732
 20
160.54911264363307
 30
0.0
 11
3.584165848242776
 21
160.7004776264077
 31
0.0
  0
LINE
  5
700
330
17
100
AcDbEntity
  8
可见轮廓
100
AcDbLine
 10
3.584165848242776
 20
160.7004776264077
 30
0.0
 11
3.8503111074426215
 21
160.82635795011484
 31
0.0
  0
LINE
  5
701
330
17
100
AcDbEntity
  8
可见轮廓
100
AcDbLine
 10
3.8503111074426215
 20
160.82635795011484
 30
0.0
 11
4.12750368018871
 21
160.9255410791788
 31
0.0
  0
LINE
  5
702
330
17
100
AcDbEntity
  8
可见轮廓
100
AcDbLine
 10
4.12750368018871
 20
160.9255410791788
 30
0.0
 11
4.413090508227924
 21
160.99707739964924
 31
0.0
  0
LINE
  5
703
330
17
100
AcDbEntity
  8
可见轮廓
100
AcDbLine
 10
4.413090508227924
 20
160.99707739964924
 30
0.0
 11
4.704327345852448
 21
161.04028021920138
 31
0.0
  0
LINE
  5
704
330
17
100
AcDbEntity
  8
可见轮廓
100
AcDbLine
 10
4.704327345852448
 20
161.04028021920138
 30
0.0
 11
4.998378759899936
 21
161.0547257671358
 31
0.0
  0
LINE
  5
705
330
17
100
AcDbEntity
  8
可见轮廓
100
AcDbLine
 10
1.9983787598999356
 20
152.0547257671358
 30
0.0
 11
1.9983787598999356
 21
155.0547257671358
 31
0.0
  0
LINE
  5
706
330
17
100
AcDbEntity
  8
可见轮廓
100
AcDbLine
 10
1.9983787598999356
 20
155.0547257671358
 30
0.0
 11
1.9983787598999356
 21
158.0547257671358
 31
0.0
  0
LINE
  5
707
330
17
100
AcDbEntity
  8
可见轮廓
100
AcDbLine
 10
1.9983787598999356
 20
144.0547257671358
 30
0.0
 11
1.9983787598999356
 21
147.0547257671358
 31
0.0
  0
LINE
  5
708
330
17
100
AcDbEntity
  8
可见轮廓
100
AcDbLine
 10
1.9983787598999356
 20
147.0547257671358
 30
0.0
 11
1.9983787598999356
 21
150.0547257671358
 31
0.0
  0
LINE
  5
709
330
17
100
AcDbEntity
  8
可见轮廓
100
AcDbLine
 10
16.968029624557943
 20
144.0547257671358
 30
0.0
 11
17.673074628078922
 21
144.0547257671358
 31
0.0
  0
LINE
  5
70A
330
17
100
AcDbEntity
  8
可见轮廓
100
AcDbLine
 10
15.835726693989102
 20
144.0547257671358
 30
0.0
 11
16.968029624557943
 21
144.0547257671358
 31
0.0
  0
LINE
  5
70B
330
17
100
AcDbEntity
  8
可见轮廓
100
AcDbLine
 10
13.99837875989894
 20
144.0547257671358
 30
0.0
 11
15.835726693989102
 21
144.0547257671358
 31
0.0
  0
LINE
  5
70C
330
17
100
AcDbEntity
  8
可见轮廓
100
AcDbLine
 10
13.99837875989894
 20
143.76075286047546
 30
0.0
 11
13.99837875989894
 21
144.0547257671358
 31
0.0
  0
LINE
  5
70D
330
17
100
AcDbEntity
  8
可见轮廓
100
AcDbLine
 10
13.99837875989894
 20
143.46968503124424
 30
0.0
 11
13.99837875989894
 21
143.76075286047546
 31
0.0
  0
LINE
  5
70E
330
17
100
AcDbEntity
  8
可见轮廓
100
AcDbLine
 10
13.99837875989894
 20
143.18413656996353
 30
0.0
 11
13.99837875989894
 21
143.46968503124424
 31
0.0
  0
LINE
  5
70F
330
17
100
AcDbEntity
  8
可见轮廓
100
AcDbLine
 10
13.99837875989894
 20
142.90667547004054
 30
0.0
 11
13.99837875989894
 21
143.18413656996353
 31
0.0
  0
LINE
  5
710
330
17
100
AcDbEntity
  8
可见轮廓
100
AcDbLine
 10
13.99837875989894
 20
142.64094546681085
 30
0.0
 11
13.99837875989894
 21
142.90667547004054
 31
0.0
  0
LINE
  5
711
330
17
100
AcDbEntity
  8
可见轮廓
100
AcDbLine
 10
13.99837875989894
 20
142.3886707080931
 30
0.0
 11
13.99837875989894
 21
142.64094546681085
 31
0.0
  0
LINE
  5
712
330
17
100
AcDbEntity
  8
可见轮廓
100
AcDbLine
 10
13.99837875989894
 20
142.15211377948967
 30
0.0
 11
13.99837875989894
 21
142.3886707080931
 31
0.0
  0
LINE
  5
713
330
17
100
AcDbEntity
  8
可见轮廓
100
AcDbLine
 10
13.99837875989894
 20
141.93340542357618
 30
0.0
 11
13.99837875989894
 21
142.15211377948967
 31
0.0
  0
LINE
  5
714
330
17
100
AcDbEntity
  8
可见轮廓
100
AcDbLine
 10
13.99837875989894
 20
141.73637330792036
 30
0.0
 11
13.99837875989894
 21
141.93340542357618
 31
0.0
  0
LINE
  5
715
330
17
100
AcDbEntity
  8
可见轮廓
100
AcDbLine
 10
13.99837875989894
 20
141.5612981648545
 30
0.0
 11
13.99837875989894
 21
141.73637330792036
 31
0.0
  0
LINE
  5
716
330
17
100
AcDbEntity
  8
可见轮廓
100
AcDbLine
 10
13.99837875989894
 20
141.4097464169143
 30
0.0
 11
13.99837875989894
 21
141.5612981648545
 31
0.0
  0
LINE
  5
717
330
17
100
AcDbEntity
  8
可见轮廓
100
AcDbLine
 10
13.99837875989894
 20
141.28308716960194
 30
0.0
 11
13.99837875989894
 21
141.4097464169143
 31
0.0
  0
LINE
  5
718
330
17
100
AcDbEntity
  8
可见轮廓
100
AcDbLine
 10
13.99837875989894
 20
141.18474929502807
 30
0.0
 11
13.99837875989894
 21
141.28308716960194
 31
0.0
  0
LINE
  5
719
330
17
100
AcDbEntity
  8
可见轮廓
100
AcDbLine
 10
13.99837875989894
 20
141.11352737108572
 30
0.0
 11
13.99837875989894
 21
141.18474929502807
 31
0.0
  0
LINE
  5
71A
330
17
100
AcDbEntity
  8
可见轮廓
100
AcDbLine
 10
13.99837875989894
 20
141.07005318361266
 30
0.0
 11
13.99837875989894
 21
141.11352737108572
 31
0.0
  0
LINE
  5
71B
330
17
100
AcDbEntity
  8
可见轮廓
100
AcDbLine
 10
13.99837875989894
 20
141.0547257671358
 30
0.0
 11
13.99837875989894
 21
141.07005318361266
 31
0.0
  0
LINE
  5
71C
330
17
100
AcDbEntity
  8
可见轮廓
100
AcDbLine
 10
11.65979692598222
 20
144.0547257671358
 30
0.0
 11
13.99837875989894
 21
144.0547257671358
 31
0.0
  0
LINE
  5
71D
330
17
100
AcDbEntity
  8
可见轮廓
100
AcDbLine
 10
9.413401953462682
 20
144.0547257671358
 30
0.0
 11
11.65979692598222
 21
144.0547257671358
 31
0.0
  0
LINE
  5
71E
330
17
100
AcDbEntity
  8
可见轮廓
100
AcDbLine
 10
7.33962066568489
 20
144.0547257671358
 30
0.0
 11
9.413401953462682
 21
144.0547257671358
 31
0.0
  0
LINE
  5
71F
330
17
100
AcDbEntity
  8
可见轮廓
100
AcDbLine
 10
5.5130973856606715
 20
144.0547257671358
 30
0.0
 11
7.33962066568489
 21
144.0547257671358
 31
0.0
  0
LINE
  5
720
330
17
100
AcDbEntity
  8
可见轮廓
100
AcDbLine
 10
4.032366519440728
 20
144.0547257671358
 30
0.0
 11
5.5130973856606715
 21
144.0547257671358
 31
0.0
  0
LINE
  5
721
330
17
100
AcDbEntity
  8
可见轮廓
100
AcDbLine
 10
2.92926557063484
 20
144.0547257671358
 30
0.0
 11
4.032366519440728
 21
144.0547257671358
 31
0.0
  0
LINE
  5
722
330
17
100
AcDbEntity
  8
可见轮廓
100
AcDbLine
 10
2.2428909205835907
 20
144.0547257671358
 30
0.0
 11
2.92926557063484
 21
144.0547257671358
 31
0.0
  0
LINE
  5
723
330
17
100
AcDbEntity
  8
可见轮廓
100
AcDbLine
 10
1.9983787598999356
 20
144.0547257671358
 30
0.0
 11
2.2428909205835907
 21
144.0547257671358
 31
0.0
  0
LINE
  5
724
330
17
100
AcDbEntity
  8
可见轮廓
100
AcDbLine
 10
13.998378759899907
 20
158.0547257671358
 30
0.0
 11
13.998378759899907
 21
158.34869867379615
 31
0.0
  0
LINE
  5
725
330
17
100
AcDbEntity
  8
可见轮廓
100
AcDbLine
 10
13.998378759899907
 20
158.34869867379615
 30
0.0
 11
13.998378759899907
 21
158.63976650302737
 31
0.0
  0
LINE
  5
726
330
17
100
AcDbEntity
  8
可见轮廓
100
AcDbLine
 10
13.998378759899907
 20
158.63976650302737
 30
0.0
 11
13.998378759899907
 21
158.9253149643081
 31
0.0
  0
LINE
  5
727
330
17
100
AcDbEntity
  8
可见轮廓
100
AcDbLine
 10
13.998378759899907
 20
158.9253149643081
 30
0.0
 11
13.998378759899907
 21
159.20277606423107
 31
0.0
  0
LINE
  5
728
330
17
100
AcDbEntity
  8
可见轮廓
100
AcDbLine
 10
13.998378759899907
 20
159.20277606423107
 30
0.0
 11
13.998378759899907
 21
159.46850606746077
 31
0.0
  0
LINE
  5
729
330
17
100
AcDbEntity
  8
可见轮廓
100
AcDbLine
 10
13.998378759899907
 20
159.46850606746077
 30
0.0
 11
13.998378759899907
 21
159.72078082617853
 31
0.0
  0
LINE
  5
72A
330
17
100
AcDbEntity
  8
可见轮廓
100
AcDbLine
 10
13.998378759899907
 20
159.72078082617853
 30
0.0
 11
13.998378759899936
 21
159.95733775478197
 31
0.0
  0
LINE
  5
72B
330
17
100
AcDbEntity
  8
可见轮廓
100
AcDbLine
 10
13.998378759899936
 20
159.95733775478197
 30
0.0
 11
13.998378759899936
 21
160.17604611069544
 31
0.0
  0
LINE
  5
72C
330
17
100
AcDbEntity
  8
可见轮廓
100
AcDbLine
 10
13.998378759899936
 20
160.17604611069544
 30
0.0
 11
13.998378759899936
 21
160.37307822635125
 31
0.0
  0
LINE
  5
72D
330
17
100
AcDbEntity
  8
可见轮廓
100
AcDbLine
 10
13.998378759899936
 20
160.37307822635125
 30
0.0
 11
13.998378759899936
 21
160.54815336941712
 31
0.0
  0
LINE
  5
72E
330
17
100
AcDbEntity
  8
可见轮廓
100
AcDbLine
 10
13.998378759899936
 20
160.54815336941712
 30
0.0
 11
13.998378759899936
 21
160.69970511735733
 31
0.0
  0
LINE
  5
72F
330
17
100
AcDbEntity
  8
可见轮廓
100
AcDbLine
 10
13.998378759899936
 20
160.69970511735733
 30
0.0
 11
13.998378759899936
 21
160.82636436466967
 31
0.0
  0
LINE
  5
730
330
17
100
AcDbEntity
  8
可见轮廓
100
AcDbLine
 10
13.998378759899936
 20
160.82636436466967
 30
0.0
 11
13.998378759899936
 21
160.92470223924354
 31
0.0
  0
LINE
  5
731
330
17
100
AcDbEntity
  8
可见轮廓
100
AcDbLine
 10
13.998378759899936
 20
160.92470223924354
 30
0.0
 11
13.998378759899936
 21
160.9959241631859
 31
0.0
  0
LINE
  5
732
330
17
100
AcDbEntity
  8
可见轮廓
100
AcDbLine
 10
13.998378759899936
 20
160.9959241631859
 30
0.0
 11
13.998378759899936
 21
161.03939835065896
 31
0.0
  0
LINE
  5
733
330
17
100
AcDbEntity
  8
可见轮廓
100
AcDbLine
 10
13.998378759899936
 20
161.03939835065896
 30
0.0
 11
13.998378759899936
 21
161.0547257671358
 31
0.0
  0
LINE
  5
734
330
17
100
AcDbEntity
  8
可见轮廓
100
AcDbLine
 10
1.9983787598999356
 20
158.0547257671358
 30
0.0
 11
2.242890920583932
 21
158.0547257671358
 31
0.0
  0
LINE
  5
735
330
17
100
AcDbEntity
  8
可见轮廓
100
AcDbLine
 10
2.242890920583932
 20
158.0547257671358
 30
0.0
 11
2.92926557063538
 21
158.0547257671358
 31
0.0
  0
LINE
  5
736
330
17
100
AcDbEntity
  8
可见轮廓
100
AcDbLine
 10
2.92926557063538
 20
158.0547257671358
 30
0.0
 11
4.0323665194414104
 21
158.0547257671358
 31
0.0
  0
LINE
  5
737
330
17
100
AcDbEntity
  8
可见轮廓
100
AcDbLine
 10
4.0323665194414104
 20
158.0547257671358
 30
0.0
 11
5.513097385661354
 21
158.0547257671358
 31
0.0
  0
LINE
  5
738
330
17
100
AcDbEntity
  8
可见轮廓
100
AcDbLine
 10
5.513097385661354
 20
158.0547257671358
 30
0.0
 11
7.339620665685487
 21
158.0547257671358
 31
0.0
  0
LINE
  5
739
330
17
100
AcDbEntity
  8
可见轮廓
100
AcDbLine
 10
7.339620665685487
 20
158.0547257671358
 30
0.0
 11
9.413401953463108
 21
158.0547257671358
 31
0.0
  0
LINE
  5
73A
330
17
100
AcDbEntity
  8
可见轮廓
100
AcDbLine
 10
9.413401953463108
 20
158.0547257671358
 30
0.0
 11
11.659796925982477
 21
158.0547257671358
 31
0.0
  0
LINE
  5
73B
330
17
100
AcDbEntity
  8
可见轮廓
100
AcDbLine
 10
11.659796925982477
 20
158.0547257671358
 30
0.0
 11
13.99837875989894
 21
158.0547257671358
 31
0.0
  0
LINE
  5
73C
330
17
100
AcDbEntity
  8
可见轮廓
100
AcDbLine
 10
13.99837875989894
 20
158.0547257671358
 30
0.0
 11
15.83572669398913
 21
158.0547257671358
 31
0.0
  0
LINE
  5
73D
330
17
100
AcDbEntity
  8
可见轮廓
100
AcDbLine
 10
15.83572669398913
 20
158.0547257671358
 30
0.0
 11
16.924541684658948
 21
158.0547257671358
 31
0.0
  0
LINE
  5
73E
330
17
100
AcDbEntity
  8
可见轮廓
100
AcDbLine
 10
16.924541684658948
 20
158.0547257671358
 30
0.0
 11
17.673074628078922
 21
158.0547257671358
 31
0.0
  0
LINE
  5
73F
330
17
100
AcDbEntity
  8
可见轮廓
100
AcDbLine
 10
13.99837875989894
 20
152.0547257671358
 30
0.0
 11
13.99837875989894
 21
155.0547257671358
 31
0.0
  0
LINE
  5
740
330
17
100
AcDbEntity
  8
可见轮廓
100
AcDbLine
 10
13.99837875989894
 20
155.0547257671358
 30
0.0
 11
13.99837875989894
 21
158.0547257671358
 31
0.0
  0
LINE
  5
741
330
17
100
AcDbEntity
  8
可见轮廓
100
AcDbLine
 10
13.99837875989894
 20
144.0547257671358
 30
0.0
 11
13.99837875989894
 21
147.0547257671358
 31
0.0
  0
LINE
  5
742
330
17
100
AcDbEntity
  8
可见轮廓
100
AcDbLine
 10
13.99837875989894
 20
147.0547257671358
 30
0.0
 11
13.99837875989894
 21
150.0547257671358
 31
0.0
  0
LINE
  5
743
330
17
100
AcDbEntity
  8
可见轮廓
100
AcDbLine
 10
21.882434796099915
 20
152.0547257671358
 30
0.0
 11
24.882434796099915
 21
152.0547257671358
 31
0.0
  0
LINE
  5
744
330
17
100
AcDbEntity
  8
可见轮廓
100
AcDbLine
 10
18.882434796099915
 20
150.0547257671358
 30
0.0
 11
21.882434796099915
 21
150.0547257671358
 31
0.0
  0
LINE
  5
745
330
17
100
AcDbEntity
  8
可见轮廓
100
AcDbLine
 10
18.882434796099915
 20
144.0547257671358
 30
0.0
 11
21.882434796099915
 21
144.0547257671358
 31
0.0
  0
LINE
  5
746
330
17
100
AcDbEntity
  8
可见轮廓
100
AcDbLine
 10
18.882434796099915
 20
141.0547257671358
 30
0.0
 11
18.882434796099915
 21
144.0547257671358
 31
0.0
  0
LINE
  5
747
330
17
100
AcDbEntity
  8
可见轮廓
100
AcDbLine
 10
1.9983787598999356
 20
150.0547257671358
 30
0.0
 11
13.99837875989894
 21
150.0547257671358
 31
0.0
  0
LINE
  5
748
330
17
100
AcDbEntity
  8
可见轮廓
100
AcDbLine
 10
10.998378759899936
 20
150.0547257671358
 30
0.0
 11
16.998378759899936
 21
150.0547257671358
 31
0.0
  0
LINE
  5
749
330
17
100
AcDbEntity
  8
可见轮廓
100
AcDbLine
 10
18.882434796099915
 20
158.0547257671358
 30
0.0
 11
21.882434796099915
 21
158.0547257671358
 31
0.0
  0
LINE
  5
74A
330
17
100
AcDbEntity
  8
可见轮廓
100
AcDbLine
 10
18.882434796099915
 20
158.0547257671358
 30
0.0
 11
18.882434796099915
 21
161.0547257671358
 31
0.0
  0
LINE
  5
74B
330
17
100
AcDbEntity
  8
可见轮廓
100
AcDbLine
 10
18.882434796099915
 20
152.0547257671358
 30
0.0
 11
21.882434796099915
 21
152.0547257671358
 31
0.0
  0
LINE
  5
74C
330
17
100
AcDbEntity
  8
可见轮廓
100
AcDbLine
 10
13.99837875989894
 20
158.0547257671358
 30
0.0
 11
13.99837875989894
 21
161.0547257671358
 31
0.0
  0
LINE
  5
74D
330
17
100
AcDbEntity
  8
可见轮廓
100
AcDbLine
 10
123.04144601968942
 20
170.5156231154145
 30
0.0
 11
124.64039491214234
 21
167.97724520042163
 31
0.0
  0
LINE
  5
74E
330
17
100
AcDbEntity
  8
可见轮廓
100
AcDbLine
 10
123.04144601968932
 20
131.5938284188572
 30
0.0
 11
124.64039491214226
 21
134.13220633385006
 31
0.0
  0
LINE
  5
74F
330
17
100
AcDbEntity
  8
可见轮廓
100
AcDbLine
 10
13.99837875989894
 20
141.05472576713584
 30
0.0
 11
13.99837875989894
 21
144.0547257671358
 31
0.0
  0
LINE
  5
750
330
17
100
AcDbEntity
  8
可见轮廓
100
AcDbLine
 10
4.998378759899936
 20
141.0547257671358
 30
0.0
 11
13.99837875989894
 21
141.0547257671358
 31
0.0
  0
LINE
  5
751
330
17
100
AcDbEntity
  8
可见轮廓
100
AcDbLine
 10
1.9983787598999356
 20
144.0547257671358
 30
0.0
 11
13.99837875989894
 21
144.0547257671358
 31
0.0
  0
LINE
  5
752
330
17
100
AcDbEntity
  8
可见轮廓
100
AcDbLine
 10
10.998378759899936
 20
141.0547257671358
 30
0.0
 11
16.998378759899936
 21
141.0547257671358
 31
0.0
  0
LINE
  5
753
330
17
100
AcDbEntity
  8
可见轮廓
100
AcDbLine
 10
4.998378759899936
 20
161.0547257671358
 30
0.0
 11
13.998378759899936
 21
161.0547257671358
 31
0.0
  0
LINE
  5
754
330
17
100
AcDbEntity
  8
可见轮廓
100
AcDbLine
 10
1.9983787598999356
 20
158.0547257671358
 30
0.0
 11
13.99837875989894
 21
158.0547257671358
 31
0.0
  0
LINE
  5
755
330
17
100
AcDbEntity
  8
可见轮廓
100
AcDbLine
 10
1.9983787598999356
 20
152.0547257671358
 30
0.0
 11
13.99837875989894
 21
152.0547257671358
 31
0.0
  0
LINE
  5
756
330
17
100
AcDbEntity
  8
可见轮廓
100
AcDbLine
 10
10.998378759899936
 20
161.0547257671358
 30
0.0
 11
16.998378759899936
 21
161.0547257671358
 31
0.0
  0
LINE
  5
757
330
17
100
AcDbEntity
  8
可见轮廓
100
AcDbLine
 10
10.998378759899936
 20
152.0547257671358
 30
0.0
 11
16.998378759899936
 21
152.0547257671358
 31
0.0
  0
LINE
  5
758
330
17
100
AcDbEntity
  8
可见轮廓
100
AcDbLine
 10
24.882434796099943
 20
152.0547257671358
 30
0.0
 11
24.882434796099943
 21
158.0547257671358
 31
0.0
  0
LINE
  5
759
330
17
100
AcDbEntity
  8
可见轮廓
100
AcDbLine
 10
21.882434796099915
 20
144.0547257671358
 30
0.0
 11
21.882434796099915
 21
150.0547257671358
 31
0.0
  0
LINE
  5
75A
330
17
100
AcDbEntity
  8
可见轮廓
100
AcDbLine
 10
18.882434796099915
 20
144.0547257671358
 30
0.0
 11
18.882434796099915
 21
150.0547257671358
 31
0.0
  0
LINE
  5
75B
330
17
100
AcDbEntity
  8
可见轮廓
100
AcDbLine
 10
18.882434796099915
 20
152.0547257671358
 30
0.0
 11
18.882434796099915
 21
158.0547257671358
 31
0.0
  0
LINE
  5
75C
330
17
100
AcDbEntity
  8
可见轮廓
100
AcDbLine
 10
13.99837875989894
 20
161.0547257671358
 30
0.0
 11
18.882434796099915
 21
161.0547257671358
 31
0.0
  0
LINE
  5
75D
330
17
100
AcDbEntity
  8
可见轮廓
100
AcDbLine
 10
13.99837875989894
 20
141.0547257671358
 30
0.0
 11
19.937680489216916
 21
141.0547257671358
 31
0.0
  0
LINE
  5
75E
330
17
100
AcDbEntity
  8
可见轮廓
100
AcDbLine
 10
13.99837875989894
 20
141.0547257671358
 30
0.0
 11
18.882434796099915
 21
141.0547257671358
 31
0.0
  0
LINE
  5
75F
330
17
100
AcDbEntity
  8
可见轮廓
100
AcDbLine
 10
13.99837875989894
 20
161.0547257671358
 30
0.0
 11
19.850704609418926
 21
161.0547257671358
 31
0.0
  0
LINE
  5
760
330
17
100
AcDbEntity
  8
可见轮廓
100
AcDbLine
 10
1.9983787598999356
 20
152.0547257671358
 30
0.0
 11
1.9983787598999356
 21
158.0547257671358
 31
0.0
  0
LINE
  5
761
330
17
100
AcDbEntity
  8
可见轮廓
100
AcDbLine
 10
13.99837875989897
 20
152.0547257671358
 30
0.0
 11
13.99837875989897
 21
158.0547257671358
 31
0.0
  0
LINE
  5
762
330
17
100
AcDbEntity
  8
可见轮廓
100
AcDbLine
 10
13.99837875989894
 20
152.0547257671358
 30
0.0
 11
13.99837875989897
 21
152.0547257671358
 31
0.0
  0
LINE
  5
763
330
17
100
AcDbEntity
  8
可见轮廓
100
AcDbLine
 10
13.99837875989894
 20
158.0547257671358
 30
0.0
 11
13.99837875989897
 21
158.0547257671358
 31
0.0
  0
LINE
  5
764
330
17
100
AcDbEntity
  8
可见轮廓
100
AcDbLine
 10
18.882434796099915
 20
141.0547257671358
 30
0.0
 11
19.93768048921703
 21
141.0547257671358
 31
0.0
  0
LINE
  5
765
330
17
100
AcDbEntity
  8
可见轮廓
100
AcDbLine
 10
18.882434796099915
 20
141.24644221180213
 30
0.0
 11
19.93768048921703
 21
141.24644221180213
 31
0.0
  0
LINE
  5
766
330
17
100
AcDbEntity
  8
可见轮廓
100
AcDbLine
 10
1.9983787598999356
 20
144.0547257671358
 30
0.0
 11
1.9983787598999356
 21
150.0547257671358
 31
0.0
  0
LINE
  5
767
330
17
100
AcDbEntity
  8
可见轮廓
100
AcDbLine
 10
13.99837875989897
 20
144.0547257671358
 30
0.0
 11
13.99837875989897
 21
150.0547257671358
 31
0.0
  0
LINE
  5
768
330
17
100
AcDbEntity
  8
可见轮廓
100
AcDbLine
 10
13.99837875989894
 20
144.0547257671358
 30
0.0
 11
13.99837875989897
 21
144.0547257671358
 31
0.0
  0
LINE
  5
769
330
17
100
AcDbEntity
  8
可见轮廓
100
AcDbLine
 10
13.99837875989894
 20
150.0547257671358
 30
0.0
 11
13.99837875989897
 21
150.0547257671358
 31
0.0
  0
LINE
  5
76A
330
17
100
AcDbEntity
  8
可见轮廓
100
AcDbLine
 10
16.998378759899936
 20
152.0547257671358
 30
0.0
 11
16.998378759899936
 21
161.0547257671358
 31
0.0
  0
LINE
  5
76B
330
17
100
AcDbEntity
  8
可见轮廓
100
AcDbLine
 10
10.998378759899936
 20
152.0547257671358
 30
0.0
 11
10.998378759899936
 21
161.0547257671358
 31
0.0
  0
LINE
  5
76C
330
17
100
AcDbEntity
  8
可见轮廓
100
AcDbLine
 10
16.998378759899936
 20
141.0547257671358
 30
0.0
 11
16.998378759899936
 21
150.0547257671358
 31
0.0
  0
LINE
  5
76D
330
17
100
AcDbEntity
  8
可见轮廓
100
AcDbLine
 10
10.998378759899936
 20
141.0547257671358
 30
0.0
 11
10.998378759899936
 21
150.0547257671358
 31
0.0
  0
LINE
  5
76E
330
17
100
AcDbEntity
  8
可见轮廓
100
AcDbLine
 10
19.59101141684809
 20
150.0547257671358
 30
0.0
 11
19.758535880161617
 21
150.0547257671358
 31
0.0
  0
LINE
  5
76F
330
17
100
AcDbEntity
  8
可见轮廓
100
AcDbLine
 10
19.310555014113646
 20
150.0547257671358
 30
0.0
 11
19.59101141684809
 21
150.0547257671358
 31
0.0
  0
LINE
  5
770
330
17
100
AcDbEntity
  8
可见轮廓
100
AcDbLine
 10
18.940023262221217
 20
150.0547257671358
 30
0.0
 11
19.310555014113646
 21
150.0547257671358
 31
0.0
  0
LINE
  5
771
330
17
100
AcDbEntity
  8
可见轮廓
100
AcDbLine
 10
18.483116903168536
 20
150.0547257671358
 30
0.0
 11
18.940023262221217
 21
150.0547257671358
 31
0.0
  0
LINE
  5
772
330
17
100
AcDbEntity
  8
可见轮廓
100
AcDbLine
 10
17.96612274472247
 20
150.0547257671358
 30
0.0
 11
18.483116903168536
 21
150.0547257671358
 31
0.0
  0
LINE
  5
773
330
17
100
AcDbEntity
  8
可见轮廓
100
AcDbLine
 10
17.402400767279744
 20
150.0547257671358
 30
0.0
 11
17.96612274472247
 21
150.0547257671358
 31
0.0
  0
LINE
  5
774
330
17
100
AcDbEntity
  8
可见轮廓
100
AcDbLine
 10
16.81760345790994
 20
150.0547257671358
 30
0.0
 11
17.402400767279744
 21
150.0547257671358
 31
0.0
  0
LINE
  5
775
330
17
100
AcDbEntity
  8
可见轮廓
100
AcDbLine
 10
16.81760345790994
 20
152.0547257671358
 30
0.0
 11
17.40239647926043
 21
152.0547257671358
 31
0.0
  0
LINE
  5
776
330
17
100
AcDbEntity
  8
可见轮廓
100
AcDbLine
 10
17.40239647926043
 20
152.0547257671358
 30
0.0
 11
17.96613143411446
 21
152.0547257671358
 31
0.0
  0
LINE
  5
777
330
17
100
AcDbEntity
  8
可见轮廓
100
AcDbLine
 10
17.96613143411446
 20
152.0547257671358
 30
0.0
 11
18.483105932181246
 21
152.0547257671358
 31
0.0
  0
LINE
  5
778
330
17
100
AcDbEntity
  8
可见轮廓
100
AcDbLine
 10
18.483105932181246
 20
152.0547257671358
 30
0.0
 11
18.94003653516083
 21
152.0547257671358
 31
0.0
  0
LINE
  5
779
330
17
100
AcDbEntity
  8
可见轮廓
100
AcDbLine
 10
18.94003653516083
 20
152.0547257671358
 30
0.0
 11
19.310549061829903
 21
152.0547257671358
 31
0.0
  0
LINE
  5
77A
330
17
100
AcDbEntity
  8
可见轮廓
100
AcDbLine
 10
19.310549061829903
 20
152.0547257671358
 30
0.0
 11
19.591015005509973
 21
152.0547257671358
 31
0.0
  0
LINE
  5
77B
330
17
100
AcDbEntity
  8
可见轮廓
100
AcDbLine
 10
19.591015005509973
 20
152.0547257671358
 30
0.0
 11
19.75853619640216
 21
152.0547257671358
 31
0.0
  0
LINE
  5
77C
330
17
100
AcDbEntity
  8
可见轮廓
100
AcDbLine
 10
22.353412936611363
 20
162.2511435183252
 30
0.0
 11
22.568190457575923
 21
162.6094811092365
 31
0.0
  0
LINE
  5
77D
330
17
100
AcDbEntity
  8
可见轮廓
100
AcDbLine
 10
22.091415365430294
 20
161.9266299803656
 30
0.0
 11
22.353412936611363
 21
162.2511435183252
 31
0.0
  0
LINE
  5
77E
330
17
100
AcDbEntity
  8
可见轮廓
100
AcDbLine
 10
21.786217703221894
 20
161.6409987100394
 30
0.0
 11
22.091415365430294
 21
161.9266299803656
 31
0.0
  0
LINE
  5
77F
330
17
100
AcDbEntity
  8
可见轮廓
100
AcDbLine
 10
21.444933221911242
 20
161.40095679872667
 30
0.0
 11
21.786217703221894
 21
161.6409987100394
 31
0.0
  0
LINE
  5
780
330
17
100
AcDbEntity
  8
可见轮廓
100
AcDbLine
 10
21.0733801384782
 20
161.21047378369758
 30
0.0
 11
21.444933221911242
 21
161.40095679872667
 31
0.0
  0
LINE
  5
781
330
17
100
AcDbEntity
  8
可见轮廓
100
AcDbLine
 10
20.6782564415617
 20
161.07322820492828
 30
0.0
 11
21.0733801384782
 21
161.21047378369758
 31
0.0
  0
LINE
  5
782
330
17
100
AcDbEntity
  8
可见轮廓
100
AcDbLine
 10
20.268656871215285
 20
160.9923697873441
 30
0.0
 11
20.6782564415617
 21
161.07322820492828
 31
0.0
  0
LINE
  5
783
330
17
100
AcDbEntity
  8
可见轮廓
100
AcDbLine
 10
19.850704609418926
 20
160.96917441184962
 30
0.0
 11
20.268656871215285
 21
160.9923697873441
 31
0.0
  0
LINE
  5
784
330
17
100
AcDbEntity
  8
可见轮廓
100
AcDbLine
 10
185.18254582258623
 20
171.0659126475895
 30
0.0
 11
185.2954664748532
 21
171.06355565658026
 31
0.0
  0
LINE
  5
785
330
17
100
AcDbEntity
  8
可见轮廓
100
AcDbLine
 10
185.2954664748532
 20
171.06355565658026
 30
0.0
 11
185.40838612327602
 21
171.06092091892637
 31
0.0
  0
LINE
  5
786
330
17
100
AcDbEntity
  8
可见轮廓
100
AcDbLine
 10
185.40838612327602
 20
171.06092091892637
 30
0.0
 11
185.5213027229449
 21
171.05800854754045
 31
0.0
  0
LINE
  5
787
330
17
100
AcDbEntity
  8
可见轮廓
100
AcDbLine
 10
185.5213027229449
 20
171.05800854754045
 30
0.0
 11
185.6342142289501
 21
171.05481865533508
 31
0.0
  0
LINE
  5
788
330
17
100
AcDbEntity
  8
可见轮廓
100
AcDbLine
 10
185.6342142289501
 20
171.05481865533508
 30
0.0
 11
185.74711859638188
 21
171.05135135522292
 31
0.0
  0
LINE
  5
789
330
17
100
AcDbEntity
  8
可见轮廓
100
AcDbLine
 10
185.74711859638188
 20
171.05135135522292
 30
0.0
 11
185.86001378033052
 21
171.04760676011654
 31
0.0
  0
LINE
  5
78A
330
17
100
AcDbEntity
  8
可见轮廓
100
AcDbLine
 10
185.86001378033052
 20
171.04760676011654
 30
0.0
 11
185.97289773588628
 21
171.0435849829285
 31
0.0
  0
LINE
  5
78B
330
17
100
AcDbEntity
  8
可见轮廓
100
AcDbLine
 10
185.97289773588628
 20
171.0435849829285
 30
0.0
 11
186.08576848087614
 21
171.03928613410972
 31
0.0
  0
LINE
  5
78C
330
17
100
AcDbEntity
  8
可见轮廓
100
AcDbLine
 10
123.04144601968943
 20
170.5156231154145
 30
0.0
 11
124.42883779741605
 21
170.89712245137406
 31
0.0
  0
LINE
  5
78D
330
17
100
AcDbEntity
  8
可见轮廓
100
AcDbLine
 10
124.42883779741605
 20
170.89712245137406
 30
0.0
 11
125.86601432264705
 21
171.22554670250375
 31
0.0
  0
LINE
  5
78E
330
17
100
AcDbEntity
  8
可见轮廓
100
AcDbLine
 10
125.86601432264705
 20
171.22554670250375
 30
0.0
 11
127.347274509702
 21
171.50030630334894
 31
0.0
  0
LINE
  5
78F
330
17
100
AcDbEntity
  8
可见轮廓
100
AcDbLine
 10
127.347274509702
 20
171.50030630334894
 30
0.0
 11
128.86691727290054
 21
171.72081168845506
 31
0.0
  0
LINE
  5
790
330
17
100
AcDbEntity
  8
可见轮廓
100
AcDbLine
 10
128.86691727290054
 20
171.72081168845506
 30
0.0
 11
130.41925292818866
 21
171.88647094382458
 31
0.0
  0
LINE
  5
791
330
17
100
AcDbEntity
  8
可见轮廓
100
AcDbLine
 10
130.41925292818866
 20
171.88647094382458
 30
0.0
 11
131.99896846746742
 21
171.9966145665637
 31
0.0
  0
LINE
  5
792
330
17
100
AcDbEntity
  8
可见轮廓
100
AcDbLine
 10
131.99896846746742
 20
171.9966145665637
 30
0.0
 11
133.60120483628322
 21
172.0504795469807
 31
0.0
  0
LINE
  5
793
330
17
100
AcDbEntity
  8
可见轮廓
100
AcDbLine
 10
133.60120483628322
 20
172.0504795469807
 30
0.0
 11
135.22113000625993
 21
172.0472973084677
 31
0.0
  0
LINE
  5
794
330
17
100
AcDbEntity
  8
可见轮廓
100
AcDbLine
 10
133.6012739347807
 20
130.05893011559334
 30
0.0
 11
135.22113000626013
 21
130.0621542258039
 31
0.0
  0
LINE
  5
795
330
17
100
AcDbEntity
  8
可见轮廓
100
AcDbLine
 10
131.9992411055441
 20
130.1127119045327
 30
0.0
 11
133.6012739347807
 21
130.05893011559334
 31
0.0
  0
LINE
  5
796
330
17
100
AcDbEntity
  8
可见轮廓
100
AcDbLine
 10
130.4198765858464
 20
130.22279501822322
 30
0.0
 11
131.9992411055441
 21
130.1127119045327
 31
0.0
  0
LINE
  5
797
330
17
100
AcDbEntity
  8
可见轮廓
100
AcDbLine
 10
128.8680254429838
 20
130.38847488226622
 30
0.0
 11
130.4198765858464
 21
130.22279501822322
 31
0.0
  0
LINE
  5
798
330
17
100
AcDbEntity
  8
可见轮廓
100
AcDbLine
 10
127.34854991228731
 20
130.6090484028584
 30
0.0
 11
128.8680254429838
 21
130.38847488226622
 31
0.0
  0
LINE
  5
799
330
17
100
AcDbEntity
  8
可见轮廓
100
AcDbLine
 10
125.86687941009374
 20
130.88386140068314
 30
0.0
 11
127.34854991228731
 21
130.6090484028584
 31
0.0
  0
LINE
  5
79A
330
17
100
AcDbEntity
  8
可见轮廓
100
AcDbLine
 10
124.42912689487126
 20
131.21231864605727
 30
0.0
 11
125.86687941009374
 21
130.88386140068314
 31
0.0
  0
LINE
  5
79B
330
17
100
AcDbEntity
  8
可见轮廓
100
AcDbLine
 10
123.04144601968932
 20
131.5938284188572
 30
0.0
 11
124.42912689487126
 21
131.21231864605727
 31
0.0
  0
LINE
  5
79C
330
17
100
AcDbEntity
  8
可见轮廓
100
AcDbLine
 10
185.97289773742096
 20
131.0658665513996
 30
0.0
 11
186.08576848087614
 21
131.0701654001619
 31
0.0
  0
LINE
  5
79D
330
17
100
AcDbEntity
  8
可见轮廓
100
AcDbLine
 10
185.86001378361746
 20
131.0618447742681
 30
0.0
 11
185.97289773742096
 21
131.0658665513996
 31
0.0
  0
LINE
  5
79E
330
17
100
AcDbEntity
  8
可见轮廓
100
AcDbLine
 10
185.74711860076206
 20
131.05810017918856
 30
0.0
 11
185.86001378361746
 21
131.0618447742681
 31
0.0
  0
LINE
  5
79F
330
17
100
AcDbEntity
  8
可见轮廓
100
AcDbLine
 10
185.6342142337656
 20
131.0546328790785
 30
0.0
 11
185.74711860076206
 21
131.05810017918856
 31
0.0
  0
LINE
  5
7A0
330
17
100
AcDbEntity
  8
可见轮廓
100
AcDbLine
 10
185.52130272753894
 20
131.05144298685533
 30
0.0
 11
185.6342142337656
 21
131.0546328790785
 31
0.0
  0
LINE
  5
7A1
330
17
100
AcDbEntity
  8
可见轮廓
100
AcDbLine
 10
185.40838612699298
 20
131.04853061543656
 30
0.0
 11
185.52130272753894
 21
131.05144298685533
 31
0.0
  0
LINE
  5
7A2
330
17
100
AcDbEntity
  8
可见轮廓
100
AcDbLine
 10
185.29546647703856
 20
131.04589587773967
 30
0.0
 11
185.40838612699298
 21
131.04853061543656
 31
0.0
  0
LINE
  5
7A3
330
17
100
AcDbEntity
  8
可见轮廓
100
AcDbLine
 10
185.18254582258652
 20
131.04353888668211
 30
0.0
 11
185.29546647703856
 21
131.04589587773967
 31
0.0
  0
ARC
  5
7A4
330
17
100
AcDbEntity
  8
可见轮廓
100
AcDbCircle
 10
19.940837717630927
 20
138.0547257671358
 30
0.0
 40
3.0
100
AcDbArc
 50
58.5691652213993
 51
90.0
  0
ARC
  5
7A5
330
17
100
AcDbEntity
  8
可见轮廓
100
AcDbCircle
 10
19.940837717630927
 20
138.0547257671358
 30
0.0
 40
3.0
100
AcDbArc
 50
27.571682901780324
 51
58.569165221399174
  0
ARC
  5
7A6
330
17
100
AcDbEntity
  8
可见轮廓
100
AcDbCircle
 10
19.940837717630927
 20
138.0547257671358
 30
0.0
 40
3.0
100
AcDbArc
 50
27.1383304427981
 51
27.571682901780324
  0
ARC
  5
7A7
330
17
100
AcDbEntity
  8
可见轮廓
100
AcDbCircle
 10
19.940837717630927
 20
138.0547257671358
 30
0.0
 40
3.0
100
AcDbArc
 50
27.1383304427981
 51
27.647478957895686
  0
ARC
  5
7A8
330
17
100
AcDbEntity
  8
可见轮廓
100
AcDbCircle
 10
19.940837717630927
 20
138.0547257671358
 30
0.0
 40
3.0
100
AcDbArc
 50
49.1981981703585
 51
58.569165221399174
  0
ARC
  5
7A9
330
17
100
AcDbEntity
  8
可见轮廓
100
AcDbCircle
 10
19.940837717630927
 20
138.0547257671358
 30
0.0
 40
3.0
100
AcDbArc
 50
27.1383304427981
 51
27.647478957895686
  0
ARC
  5
7AA
330
17
100
AcDbEntity
  8
可见轮廓
100
AcDbCircle
 10
19.940837717630927
 20
138.0547257671358
 30
0.0
 40
3.0
100
AcDbArc
 50
49.1981981703585
 51
58.569165221399174
  0
CIRCLE
  5
7AB
330
17
100
AcDbEntity
  8
可见轮廓
100
AcDbCircle
 10
45.30083771763093
 20
151.0547257671358
 30
0.0
 40
25.5
  0
ARC
  5
7AC
330
17
100
AcDbEntity
  8
可见轮廓
100
AcDbCircle
 10
19.890837717630916
 20
163.9647257671358
 30
0.0
 40
3.0
100
AcDbArc
 50
-93.55291052200319
 51
-87.76976444725233
  0
ARC
  5
7AD
330
17
100
AcDbEntity
  8
可见轮廓
100
AcDbCircle
 10
19.890837717630916
 20
163.9647257671358
 30
0.0
 40
3.0
100
AcDbArc
 50
-63.324601659029526
 51
-26.944529176703725
  0
ARC
  5
7AE
330
17
100
AcDbEntity
  8
可见轮廓
100
AcDbCircle
 10
18.880837717630925
 20
158.0547257671358
 30
0.0
 40
3.0
100
AcDbArc
 50
72.30728854043191
 51
90.0
  0
CIRCLE
  5
7AF
330
17
100
AcDbEntity
  8
可见轮廓
100
AcDbCircle
 10
185.30083771763094
 20
151.0547257671358
 30
0.0
 40
6.0
  0
CIRCLE
  5
7B0
330
17
100
AcDbEntity
  8
可见轮廓
100
AcDbCircle
 10
135.30083771763094
 20
151.0547257671358
 30
0.0
 40
6.0
  0
CIRCLE
  5
7B1
330
17
100
AcDbEntity
  8
可见轮廓
100
AcDbCircle
 10
45.30083771763093
 20
151.0547257671358
 30
0.0
 40
15.7
  0
CIRCLE
  5
7B2
330
17
100
AcDbEntity
  8
可见轮廓
100
AcDbCircle
 10
185.30083771763094
 20
151.0547257671358
 30
0.0
 40
20.0
  0
ARC
  5
7B3
330
17
100
AcDbEntity
  8
可见轮廓
100
AcDbCircle
 10
135.30083771763094
 20
151.0547257671358
 30
0.0
 40
20.0
100
AcDbArc
 50
-180.0
 51
-90.0
  0
ARC
  5
7B4
330
17
100
AcDbEntity
  8
可见轮廓
100
AcDbCircle
 10
135.30083771763094
 20
151.0547257671358
 30
0.0
 40
20.0
100
AcDbArc
 50
90.00000000000001
 51
-180.0
  0
ARC
  5
7B5
330
17
100
AcDbEntity
  8
可见轮廓
100
AcDbCircle
 10
45.30083771763093
 20
151.0547257671358
 30
0.0
 40
28.5
100
AcDbArc
 50
-177.98920903056006
 51
-171.93184949994767
  0
ARC
  5
7B6
330
17
100
AcDbEntity
  8
可见轮廓
100
AcDbCircle
 10
45.30083771763093
 20
151.0547257671358
 30
0.0
 40
28.5
100
AcDbArc
 50
-171.93184949994767
 51
-171.88554242170727
  0
ARC
  5
7B7
330
17
100
AcDbEntity
  8
可见轮廓
100
AcDbCircle
 10
45.30083771763093
 20
151.0547257671358
 30
0.0
 40
28.5
100
AcDbArc
 50
-171.88554242170727
 51
-165.7818758128547
  0
ARC
  5
7B8
330
17
100
AcDbEntity
  8
可见轮廓
100
AcDbCircle
 10
45.30083771763093
 20
151.0547257671358
 30
0.0
 40
28.5
100
AcDbArc
 50
165.7818758128547
 51
171.8855424217072
  0
ARC
  5
7B9
330
17
100
AcDbEntity
  8
可见轮廓
100
AcDbCircle
 10
45.30083771763093
 20
151.0547257671358
 30
0.0
 40
28.5
100
AcDbArc
 50
171.88554242170724
 51
171.9318494999477
  0
ARC
  5
7BA
330
17
100
AcDbEntity
  8
可见轮廓
100
AcDbCircle
 10
45.30083771763093
 20
151.0547257671358
 30
0.0
 40
28.5
100
AcDbArc
 50
171.9318494999477
 51
177.9892090305601
  0
LINE
  5
7BB
330
17
100
AcDbEntity
  8
隐藏线
100
AcDbLine
 10
22.44052488761261
 20
139.7549921445687
 30
0.0
 11
22.474394757039022
 21
139.68638062745825
 31
0.0
  0
LINE
  5
7BC
330
17
100
AcDbEntity
  8
隐藏线
100
AcDbLine
 10
22.403289376782283
 20
139.83101344641705
 30
0.0
 11
22.44052488761261
 21
139.7549921445687
 31
0.0
  0
LINE
  5
7BD
330
17
100
AcDbEntity
  8
隐藏线
100
AcDbLine
 10
22.362828246828172
 20
139.91428672624326
 30
0.0
 11
22.403289376782283
 21
139.83101344641705
 31
0.0
  0
LINE
  5
7BE
330
17
100
AcDbEntity
  8
隐藏线
100
AcDbLine
 10
22.319281686267686
 20
140.00465407973084
 30
0.0
 11
22.362828246828172
 21
139.91428672624326
 31
0.0
  0
LINE
  5
7BF
330
17
100
AcDbEntity
  8
隐藏线
100
AcDbLine
 10
22.272812445789327
 20
140.1019443619424
 30
0.0
 11
22.319281686267686
 21
140.00465407973084
 31
0.0
  0
LINE
  5
7C0
330
17
100
AcDbEntity
  8
隐藏线
100
AcDbLine
 10
22.223628477426644
 20
140.20595990150932
 30
0.0
 11
22.272812445789327
 21
140.1019443619424
 31
0.0
  0
LINE
  5
7C1
330
17
100
AcDbEntity
  8
隐藏线
100
AcDbLine
 10
22.17194312481621
 20
140.31649986299826
 30
0.0
 11
22.223628477426644
 21
140.20595990150932
 31
0.0
  0
LINE
  5
7C2
330
17
100
AcDbEntity
  8
隐藏线
100
AcDbLine
 10
22.11796973159457
 20
140.43336341097583
 30
0.0
 11
22.17194312481621
 21
140.31649986299826
 31
0.0
  0
LINE
  5
7C3
330
17
100
AcDbEntity
  8
隐藏线
100
AcDbLine
 10
22.086546364229008
 20
140.50210558799648
 30
0.0
 11
22.11796973159457
 21
140.43336341097583
 31
0.0
  0
LINE
  5
7C4
330
17
100
AcDbEntity
  8
隐藏线
100
AcDbLine
 10
22.054499277044528
 20
140.57276577472385
 30
0.0
 11
22.086546364229008
 21
140.50210558799648
 31
0.0
  0
LINE
  5
7C5
330
17
100
AcDbEntity
  8
隐藏线
100
AcDbLine
 10
22.02186693996788
 20
140.64530775669874
 30
0.0
 11
22.054499277044528
 21
140.57276577472385
 31
0.0
  0
LINE
  5
7C6
330
17
100
AcDbEntity
  8
隐藏线
100
AcDbLine
 10
21.98868782292584
 20
140.71969531946192
 30
0.0
 11
22.02186693996788
 21
140.64530775669874
 31
0.0
  0
LINE
  5
7C7
330
17
100
AcDbEntity
  8
隐藏线
100
AcDbLine
 10
21.955000395845275
 20
140.7958922485542
 30
0.0
 11
21.98868782292584
 21
140.71969531946192
 31
0.0
  0
LINE
  5
7C8
330
17
100
AcDbEntity
  8
隐藏线
100
AcDbLine
 10
21.92084312865299
 20
140.87386232951636
 30
0.0
 11
21.955000395845275
 21
140.7958922485542
 31
0.0
  0
LINE
  5
7C9
330
17
100
AcDbEntity
  8
隐藏线
100
AcDbLine
 10
21.886254491275764
 20
140.95356934788921
 30
0.0
 11
21.92084312865299
 21
140.87386232951636
 31
0.0
  0
LINE
  5
7CA
330
17
100
AcDbEntity
  8
隐藏线
100
AcDbLine
 10
21.851272953640432
 20
141.03497708921356
 30
0.0
 11
21.886254491275764
 21
140.95356934788921
 31
0.0
  0
LINE
  5
7CB
330
17
100
AcDbEntity
  8
隐藏线
100
AcDbLine
 10
21.716484149461365
 20
160.7527991602493
 30
0.0
 11
21.7696759269557
 21
160.88106389646995
 31
0.0
  0
LINE
  5
7CC
330
17
100
AcDbEntity
  8
隐藏线
100
AcDbLine
 10
21.7696759269557
 20
160.88106389646995
 30
0.0
 11
21.82225190118143
 21
161.00590396993957
 31
0.0
  0
LINE
  5
7CD
330
17
100
AcDbEntity
  8
隐藏线
100
AcDbLine
 10
21.82225190118143
 20
161.00590396993957
 30
0.0
 11
21.874095495509607
 21
161.12720728375788
 31
0.0
  0
LINE
  5
7CE
330
17
100
AcDbEntity
  8
隐藏线
100
AcDbLine
 10
21.874095495509607
 20
161.12720728375788
 30
0.0
 11
21.92509013331113
 21
161.2448617410246
 31
0.0
  0
LINE
  5
7CF
330
17
100
AcDbEntity
  8
隐藏线
100
AcDbLine
 10
21.92509013331113
 20
161.2448617410246
 30
0.0
 11
21.975119237957017
 21
161.35875524483944
 31
0.0
  0
LINE
  5
7D0
330
17
100
AcDbEntity
  8
隐藏线
100
AcDbLine
 10
21.975119237957017
 20
161.35875524483944
 30
0.0
 11
22.024066232818228
 21
161.46877569830212
 31
0.0
  0
LINE
  5
7D1
330
17
100
AcDbEntity
  8
隐藏线
100
AcDbLine
 10
22.024066232818228
 20
161.46877569830212
 30
0.0
 11
22.071814541265695
 21
161.57481100451236
 31
0.0
  0
LINE
  5
7D2
330
17
100
AcDbEntity
  8
隐藏线
100
AcDbLine
 10
22.071814541265695
 20
161.57481100451236
 30
0.0
 11
22.118247586670407
 21
161.67674906656987
 31
0.0
  0
LINE
  5
7D3
330
17
100
AcDbEntity
  8
隐藏线
100
AcDbLine
 10
22.118247586670407
 20
161.67674906656987
 30
0.0
 11
22.166079534378923
 21
161.78059111517032
 31
0.0
  0
LINE
  5
7D4
330
17
100
AcDbEntity
  8
隐藏线
100
AcDbLine
 10
22.166079534378923
 20
161.78059111517032
 30
0.0
 11
22.21215052645985
 21
161.87953212920243
 31
0.0
  0
LINE
  5
7D5
330
17
100
AcDbEntity
  8
隐藏线
100
AcDbLine
 10
22.21215052645985
 20
161.87953212920243
 30
0.0
 11
22.256327968353645
 21
161.9734348159899
 31
0.0
  0
LINE
  5
7D6
330
17
100
AcDbEntity
  8
隐藏线
100
AcDbLine
 10
22.256327968353645
 20
161.9734348159899
 30
0.0
 11
22.298483976562665
 21
162.06216053335785
 31
0.0
  0
LINE
  5
7D7
330
17
100
AcDbEntity
  8
隐藏线
100
AcDbLine
 10
22.298483976562665
 20
162.06216053335785
 30
0.0
 11
22.338490748137957
 21
162.14557061605814
 31
0.0
  0
LINE
  5
7D8
330
17
100
AcDbEntity
  8
隐藏线
100
AcDbLine
 10
22.338490748137957
 20
162.14557061605814
 30
0.0
 11
22.3762204801306
 21
162.22352639884252
 31
0.0
  0
LINE
  5
7D9
330
17
100
AcDbEntity
  8
隐藏线
100
AcDbLine
 10
22.3762204801306
 20
162.22352639884252
 30
0.0
 11
22.411545369591664
 21
162.29588921646274
 31
0.0
  0
LINE
  5
7DA
330
17
100
AcDbEntity
  8
隐藏线
100
AcDbLine
 10
22.411545369591664
 20
162.29588921646274
 30
0.0
 11
22.44433761357223
 21
162.3625204036706
 31
0.0
  0
LINE
  5
7DB
330
17
100
AcDbEntity
  8
隐藏线
100
AcDbLine
 10
24.31998999856819
 20
159.78413104321032
 30
0.0
 11
24.600209985107057
 21
159.87325453808575
 31
0.0
  0
LINE
  5
7DC
330
17
100
AcDbEntity
  8
隐藏线
100
AcDbLine
 10
24.042468683681193
 20
159.6958658563112
 30
0.0
 11
24.31998999856819
 21
159.78413104321032
 31
0.0
  0
LINE
  5
7DD
330
17
100
AcDbEntity
  8
隐藏线
100
AcDbLine
 10
23.7703187224173
 20
159.60930901938897
 30
0.0
 11
24.042468683681193
 21
159.6958658563112
 31
0.0
  0
LINE
  5
7DE
330
17
100
AcDbEntity
  8
隐藏线
100
AcDbLine
 10
23.506161067676032
 20
159.52529412210004
 30
0.0
 11
23.7703187224173
 21
159.60930901938897
 31
0.0
  0
LINE
  5
7DF
330
17
100
AcDbEntity
  8
隐藏线
100
AcDbLine
 10
23.252539702076035
 20
159.44463027383262
 30
0.0
 11
23.506161067676032
 21
159.52529412210004
 31
0.0
  0
LINE
  5
7E0
330
17
100
AcDbEntity
  8
隐藏线
100
AcDbLine
 10
23.011897138011875
 20
159.36809431154091
 30
0.0
 11
23.252539702076035
 21
159.44463027383262
 31
0.0
  0
LINE
  5
7E1
330
17
100
AcDbEntity
  8
隐藏线
100
AcDbLine
 10
22.78655089492426
 20
159.2964233183807
 30
0.0
 11
23.011897138011875
 21
159.36809431154091
 31
0.0
  0
LINE
  5
7E2
330
17
100
AcDbEntity
  8
隐藏线
100
AcDbLine
 10
22.57867118032118
 20
159.2303075251955
 30
0.0
 11
22.78655089492426
 21
159.2964233183807
 31
0.0
  0
LINE
  5
7E3
330
17
100
AcDbEntity
  8
隐藏线
100
AcDbLine
 10
22.390259989466927
 20
159.1703836632081
 30
0.0
 11
22.5786711802879
 21
159.23030752518494
 31
0.0
  0
LINE
  5
7E4
330
17
100
AcDbEntity
  8
隐藏线
100
AcDbLine
 10
22.22313182518417
 20
159.1172288319857
 30
0.0
 11
22.390259989466927
 21
159.1703836632081
 31
0.0
  0
LINE
  5
7E5
330
17
100
AcDbEntity
  8
隐藏线
100
AcDbLine
 10
22.078896223023264
 20
159.07135494159988
 30
0.0
 11
22.22313182518417
 21
159.1172288319857
 31
0.0
  0
LINE
  5
7E6
330
17
100
AcDbEntity
  8
隐藏线
100
AcDbLine
 10
21.958942250680366
 20
159.03320378269228
 30
0.0
 11
22.078896223023264
 21
159.07135494159988
 31
0.0
  0
LINE
  5
7E7
330
17
100
AcDbEntity
  8
隐藏线
100
AcDbLine
 10
21.86442513048263
 20
159.00314277177876
 30
0.0
 11
21.958942250680366
 21
159.03320378269228
 31
0.0
  0
LINE
  5
7E8
330
17
100
AcDbEntity
  8
隐藏线
100
AcDbLine
 10
21.796255113966026
 20
158.98146141282743
 30
0.0
 11
21.86442513048263
 21
159.00314277177876
 31
0.0
  0
LINE
  5
7E9
330
17
100
AcDbEntity
  8
隐藏线
100
AcDbLine
 10
21.75508871565509
 20
158.96836850917722
 30
0.0
 11
21.796255113966026
 21
158.98146141282743
 31
0.0
  0
LINE
  5
7EA
330
17
100
AcDbEntity
  8
隐藏线
100
AcDbLine
 10
21.680621656704233
 20
159.13634749237258
 30
0.0
 11
21.741322390475915
 21
158.96399015262682
 31
0.0
  0
LINE
  5
7EB
330
17
100
AcDbEntity
  8
隐藏线
100
AcDbLine
 10
21.609633860822868
 20
159.3045222398728
 30
0.0
 11
21.680621656704233
 21
159.13634749237258
 31
0.0
  0
LINE
  5
7EC
330
17
100
AcDbEntity
  8
隐藏线
100
AcDbLine
 10
21.528858268304248
 20
159.4676436142529
 30
0.0
 11
21.609633860822868
 21
159.3045222398728
 31
0.0
  0
LINE
  5
7ED
330
17
100
AcDbEntity
  8
隐藏线
100
AcDbLine
 10
21.43878530221619
 20
159.6248069758001
 30
0.0
 11
21.528858268304248
 21
159.4676436142529
 31
0.0
  0
LINE
  5
7EE
330
17
100
AcDbEntity
  8
隐藏线
100
AcDbLine
 10
21.340054087624168
 20
159.77505193550945
 30
0.0
 11
21.43878530221619
 21
159.6248069758001
 31
0.0
  0
LINE
  5
7EF
330
17
100
AcDbEntity
  8
隐藏线
100
AcDbLine
 10
21.233811667909748
 20
159.9175444370528
 30
0.0
 11
21.340054087624168
 21
159.77505193550945
 31
0.0
  0
LINE
  5
7F0
330
17
100
AcDbEntity
  8
隐藏线
100
AcDbLine
 10
21.12129766778594
 20
160.05147696246036
 30
0.0
 11
21.233811667909748
 21
159.9175444370528
 31
0.0
  0
LINE
  5
7F1
330
17
100
AcDbEntity
  8
隐藏线
100
AcDbLine
 10
21.003752099565276
 20
160.17604332117796
 30
0.0
 11
21.12129766778594
 21
160.05147696246036
 31
0.0
  0
LINE
  5
7F2
330
17
100
AcDbEntity
  8
隐藏线
100
AcDbLine
 10
20.91884412305734
 20
160.25763213893597
 30
0.0
 11
21.003752099565276
 21
160.17604332117796
 31
0.0
  0
LINE
  5
7F3
330
17
100
AcDbEntity
  8
隐藏线
100
AcDbLine
 10
20.83259794120525
 20
160.33427369059277
 30
0.0
 11
20.91884412305734
 21
160.25763213893597
 31
0.0
  0
LINE
  5
7F4
330
17
100
AcDbEntity
  8
隐藏线
100
AcDbLine
 10
20.745523236962384
 20
160.4059605001893
 30
0.0
 11
20.83259794120525
 21
160.33427369059277
 31
0.0
  0
LINE
  5
7F5
330
17
100
AcDbEntity
  8
隐藏线
100
AcDbLine
 10
20.65812969328215
 20
160.4726850917667
 30
0.0
 11
20.745523236962384
 21
160.4059605001893
 31
0.0
  0
LINE
  5
7F6
330
17
100
AcDbEntity
  8
隐藏线
100
AcDbLine
 10
20.570926993118007
 20
160.53443998936595
 30
0.0
 11
20.65812969328215
 21
160.4726850917667
 31
0.0
  0
LINE
  5
7F7
330
17
100
AcDbEntity
  8
隐藏线
100
AcDbLine
 10
20.48441379212099
 20
160.59123447766984
 30
0.0
 11
20.570926993118007
 21
160.53443998936595
 31
0.0
  0
LINE
  5
7F8
330
17
100
AcDbEntity
  8
隐藏线
100
AcDbLine
 10
20.398998713006677
 20
160.64321468441966
 30
0.0
 11
20.48441379212099
 21
160.59123447766984
 31
0.0
  0
LINE
  5
7F9
330
17
100
AcDbEntity
  8
隐藏线
100
AcDbLine
 10
20.315046425939585
 20
160.6905935418152
 30
0.0
 11
20.398998713006677
 21
160.64321468441966
 31
0.0
  0
LINE
  5
7FA
330
17
100
AcDbEntity
  8
隐藏线
100
AcDbLine
 10
20.23037493734924
 20
160.7348662468699
 30
0.0
 11
20.315046425939585
 21
160.6905935418152
 31
0.0
  0
LINE
  5
7FB
330
17
100
AcDbEntity
  8
隐藏线
100
AcDbLine
 10
20.148047021301466
 20
160.77470509255585
 30
0.0
 11
20.23037493734924
 21
160.7348662468699
 31
0.0
  0
LINE
  5
7FC
330
17
100
AcDbEntity
  8
隐藏线
100
AcDbLine
 10
20.068461853353085
 20
160.8103444080227
 30
0.0
 11
20.148047021301466
 21
160.77470509255585
 31
0.0
  0
LINE
  5
7FD
330
17
100
AcDbEntity
  8
隐藏线
100
AcDbLine
 10
19.991975453796158
 20
160.84203201635393
 30
0.0
 11
20.068461853353085
 21
160.8103444080227
 31
0.0
  0
LINE
  5
7FE
330
17
100
AcDbEntity
  8
隐藏线
100
AcDbLine
 10
19.918873591201248
 20
160.87003770717837
 30
0.0
 11
19.991975453796158
 21
160.84203201635393
 31
0.0
  0
LINE
  5
7FF
330
17
100
AcDbEntity
  8
隐藏线
100
AcDbLine
 10
19.849435580326855
 20
160.8946332881246
 30
0.0
 11
19.918873591201248
 21
160.87003770717837
 31
0.0
  0
LINE
  5
800
330
17
100
AcDbEntity
  8
隐藏线
100
AcDbLine
 10
19.783940735931566
 20
160.9160905668212
 30
0.0
 11
19.849435580326855
 21
160.8946332881246
 31
0.0
  0
LINE
  5
801
330
17
100
AcDbEntity
  8
隐藏线
100
AcDbLine
 10
19.722668372773853
 20
160.93468135089668
 30
0.0
 11
19.783940735931566
 21
160.9160905668212
 31
0.0
  0
LINE
  5
802
330
17
100
AcDbEntity
  8
隐藏线
100
AcDbLine
 10
19.667370641387578
 20
160.95026711610052
 30
0.0
 11
19.722668372773853
 21
160.93468135089668
 31
0.0
  0
LINE
  5
803
330
17
100
AcDbEntity
  8
隐藏线
100
AcDbLine
 10
19.61652835888242
 20
160.9635988424087
 30
0.0
 11
19.667370641387578
 21
160.95026711610052
 31
0.0
  0
LINE
  5
804
330
17
100
AcDbEntity
  8
隐藏线
100
AcDbLine
 10
19.570333019931297
 20
160.97487504331306
 30
0.0
 11
19.61652835888242
 21
160.9635988424087
 31
0.0
  0
LINE
  5
805
330
17
100
AcDbEntity
  8
隐藏线
100
AcDbLine
 10
19.528976117238187
 20
160.98429423075467
 30
0.0
 11
19.570333019931297
 21
160.97487504331306
 31
0.0
  0
LINE
  5
806
330
17
100
AcDbEntity
  8
隐藏线
100
AcDbLine
 10
19.492649143507208
 20
160.99205491667448
 30
0.0
 11
19.528976117238187
 21
160.98429423075467
 31
0.0
  0
LINE
  5
807
330
17
100
AcDbEntity
  8
隐藏线
100
AcDbLine
 10
19.435799095280686
 20
161.00333848504982
 30
0.0
 11
19.461542226131428
 21
160.9983541295389
 31
0.0
  0
LINE
  5
808
330
17
100
AcDbEntity
  8
隐藏线
100
AcDbLine
 10
19.41550681174624
 20
161.00709302496472
 30
0.0
 11
19.435799095280686
 21
161.00333848504982
 31
0.0
  0
LINE
  5
809
330
17
100
AcDbEntity
  8
隐藏线
100
AcDbLine
 10
19.413930596028877
 20
161.0073770084914
 30
0.0
 11
19.415506811746184
 21
161.00709302496472
 31
0.0
  0
LINE
  5
80A
330
17
100
AcDbEntity
  8
隐藏线
100
AcDbLine
 10
22.568190457575923
 20
162.6094811092365
 30
0.0
 11
22.58485244293317
 21
162.6101739220893
 31
0.0
  0
LINE
  5
80B
330
17
100
AcDbEntity
  8
隐藏线
100
AcDbLine
 10
22.633895047699752
 20
162.61103750921643
 30
0.0
 11
22.713836512066337
 21
162.61015830165135
 31
0.0
  0
LINE
  5
80C
330
17
100
AcDbEntity
  8
隐藏线
100
AcDbLine
 10
22.713836512066337
 20
162.61015830165135
 30
0.0
 11
22.822157110906517
 21
162.6042027739821
 31
0.0
  0
LINE
  5
80D
330
17
100
AcDbEntity
  8
隐藏线
100
AcDbLine
 10
22.822157110906517
 20
162.6042027739821
 30
0.0
 11
22.955516134918724
 21
162.58871453987945
 31
0.0
  0
LINE
  5
80E
330
17
100
AcDbEntity
  8
隐藏线
100
AcDbLine
 10
22.955516134918724
 20
162.58871453987945
 30
0.0
 11
23.110195298643248
 21
162.55879262121834
 31
0.0
  0
LINE
  5
80F
330
17
100
AcDbEntity
  8
隐藏线
100
AcDbLine
 10
23.110195298643248
 20
162.55879262121834
 30
0.0
 11
23.281639129917068
 21
162.50856028070962
 31
0.0
  0
LINE
  5
810
330
17
100
AcDbEntity
  8
隐藏线
100
AcDbLine
 10
23.281639129917068
 20
162.50856028070962
 30
0.0
 11
23.4650374586858
 21
162.43196841537718
 31
0.0
  0
LINE
  5
811
330
17
100
AcDbEntity
  8
隐藏线
100
AcDbLine
 10
23.4650374586858
 20
162.43196841537718
 30
0.0
 11
23.475217729397855
 21
162.42693717788444
 31
0.0
  0
LINE
  5
812
330
17
100
AcDbEntity
  8
隐藏线
100
AcDbLine
 10
23.516096551626646
 20
162.4058302973302
 30
0.0
 11
23.526350556304806
 21
162.40030295763307
 31
0.0
  0
LINE
  5
813
330
17
100
AcDbEntity
  8
隐藏线
100
AcDbLine
 10
23.526350556304806
 20
162.40030295763307
 30
0.0
 11
23.536616226341664
 21
162.3946733153474
 31
0.0
  0
LINE
  5
814
330
17
100
AcDbEntity
  8
隐藏线
100
AcDbLine
 10
23.536616226341664
 20
162.3946733153474
 30
0.0
 11
23.54689253459236
 21
162.38894034309064
 31
0.0
  0
LINE
  5
815
330
17
100
AcDbEntity
  8
隐藏线
100
AcDbLine
 10
23.54689253459236
 20
162.38894034309064
 30
0.0
 11
23.747251459279966
 21
162.25555606651392
 31
0.0
  0
LINE
  5
816
330
17
100
AcDbEntity
  8
隐藏线
100
AcDbLine
 10
23.747251459279966
 20
162.25555606651392
 30
0.0
 11
23.943537123478706
 21
162.07556233944786
 31
0.0
  0
LINE
  5
817
330
17
100
AcDbEntity
  8
隐藏线
100
AcDbLine
 10
23.943537123478706
 20
162.07556233944786
 30
0.0
 11
24.127031050048288
 21
161.8438719021486
 31
0.0
  0
LINE
  5
818
330
17
100
AcDbEntity
  8
隐藏线
100
AcDbLine
 10
24.127031050048288
 20
161.8438719021486
 30
0.0
 11
24.288734023930914
 21
161.55640820964203
 31
0.0
  0
LINE
  5
819
330
17
100
AcDbEntity
  8
隐藏线
100
AcDbLine
 10
24.288734023930914
 20
161.55640820964203
 30
0.0
 11
24.42143112556667
 21
161.2125612136158
 31
0.0
  0
LINE
  5
81A
330
17
100
AcDbEntity
  8
隐藏线
100
AcDbLine
 10
24.42143112556667
 20
161.2125612136158
 30
0.0
 11
24.519412598630254
 21
160.81461213007475
 31
0.0
  0
LINE
  5
81B
330
17
100
AcDbEntity
  8
隐藏线
100
AcDbLine
 10
24.519412598630254
 20
160.81461213007475
 30
0.0
 11
24.57907410374449
 21
160.36628535939118
 31
0.0
  0
LINE
  5
81C
330
17
100
AcDbEntity
  8
隐藏线
100
AcDbLine
 10
24.57907410374449
 20
160.36628535939118
 30
0.0
 11
24.600209985012924
 21
159.8732545380493
 31
0.0
  0
LINE
  5
81D
330
17
100
AcDbEntity
  8
隐藏线
100
AcDbLine
 10
21.882434796099915
 20
152.0547257671358
 30
0.0
 11
21.882434796099915
 21
155.0547257671358
 31
0.0
  0
LINE
  5
81E
330
17
100
AcDbEntity
  8
隐藏线
100
AcDbLine
 10
21.882434796099915
 20
155.0547257671358
 30
0.0
 11
21.882434796099915
 21
158.0547257671358
 31
0.0
  0
LINE
  5
81F
330
17
100
AcDbEntity
  8
隐藏线
100
AcDbLine
 10
24.58846188943957
 20
152.0547257671358
 30
0.0
 11
24.882434796099915
 21
152.0547257671358
 31
0.0
  0
LINE
  5
820
330
17
100
AcDbEntity
  8
隐藏线
100
AcDbLine
 10
24.297394060208347
 20
152.0547257671358
 30
0.0
 11
24.58846188943957
 21
152.0547257671358
 31
0.0
  0
LINE
  5
821
330
17
100
AcDbEntity
  8
隐藏线
100
AcDbLine
 10
24.011845598927636
 20
152.0547257671358
 30
0.0
 11
24.297394060208347
 21
152.0547257671358
 31
0.0
  0
LINE
  5
822
330
17
100
AcDbEntity
  8
隐藏线
100
AcDbLine
 10
23.734384499004648
 20
152.0547257671358
 30
0.0
 11
24.011845598927636
 21
152.0547257671358
 31
0.0
  0
LINE
  5
823
330
17
100
AcDbEntity
  8
隐藏线
100
AcDbLine
 10
23.468654495774956
 20
152.0547257671358
 30
0.0
 11
23.734384499004648
 21
152.0547257671358
 31
0.0
  0
LINE
  5
824
330
17
100
AcDbEntity
  8
隐藏线
100
AcDbLine
 10
23.216379737057196
 20
152.0547257671358
 30
0.0
 11
23.468654495774956
 21
152.0547257671358
 31
0.0
  0
LINE
  5
825
330
17
100
AcDbEntity
  8
隐藏线
100
AcDbLine
 10
22.979822808453747
 20
152.0547257671358
 30
0.0
 11
23.216379737057196
 21
152.0547257671358
 31
0.0
  0
LINE
  5
826
330
17
100
AcDbEntity
  8
隐藏线
100
AcDbLine
 10
22.761114452540255
 20
152.0547257671358
 30
0.0
 11
22.979822808453747
 21
152.0547257671358
 31
0.0
  0
LINE
  5
827
330
17
100
AcDbEntity
  8
隐藏线
100
AcDbLine
 10
22.564082336884468
 20
152.0547257671358
 30
0.0
 11
22.761114452540255
 21
152.0547257671358
 31
0.0
  0
LINE
  5
828
330
17
100
AcDbEntity
  8
隐藏线
100
AcDbLine
 10
22.3890071938186
 20
152.0547257671358
 30
0.0
 11
22.564082336884468
 21
152.0547257671358
 31
0.0
  0
LINE
  5
829
330
17
100
AcDbEntity
  8
隐藏线
100
AcDbLine
 10
22.237455445878396
 20
152.0547257671358
 30
0.0
 11
22.3890071938186
 21
152.0547257671358
 31
0.0
  0
LINE
  5
82A
330
17
100
AcDbEntity
  8
隐藏线
100
AcDbLine
 10
22.11079619856605
 20
152.0547257671358
 30
0.0
 11
22.237455445878396
 21
152.0547257671358
 31
0.0
  0
LINE
  5
82B
330
17
100
AcDbEntity
  8
隐藏线
100
AcDbLine
 10
22.01245832399215
 20
152.0547257671358
 30
0.0
 11
22.11079619856605
 21
152.0547257671358
 31
0.0
  0
LINE
  5
82C
330
17
100
AcDbEntity
  8
隐藏线
100
AcDbLine
 10
21.94123640004983
 20
152.0547257671358
 30
0.0
 11
22.01245832399215
 21
152.0547257671358
 31
0.0
  0
LINE
  5
82D
330
17
100
AcDbEntity
  8
隐藏线
100
AcDbLine
 10
21.897762212576765
 20
152.0547257671358
 30
0.0
 11
21.94123640004983
 21
152.0547257671358
 31
0.0
  0
LINE
  5
82E
330
17
100
AcDbEntity
  8
隐藏线
100
AcDbLine
 10
21.882434796099915
 20
152.0547257671358
 30
0.0
 11
21.897762212576765
 21
152.0547257671358
 31
0.0
  0
LINE
  5
82F
330
17
100
AcDbEntity
  8
隐藏线
100
AcDbLine
 10
21.882434796099915
 20
144.0547257671358
 30
0.0
 11
21.882434796099915
 21
147.0547257671358
 31
0.0
  0
LINE
  5
830
330
17
100
AcDbEntity
  8
隐藏线
100
AcDbLine
 10
21.882434796099915
 20
147.0547257671358
 30
0.0
 11
21.882434796099915
 21
150.0547257671358
 31
0.0
  0
LINE
  5
831
330
17
100
AcDbEntity
  8
隐藏线
100
AcDbLine
 10
21.882434796099915
 20
150.0547257671358
 30
0.0
 11
29.63193369524194
 21
150.0547257671358
 31
0.0
  0
LINE
  5
832
330
17
100
AcDbEntity
  8
隐藏线
100
AcDbLine
 10
24.882434796099915
 20
152.0547257671358
 30
0.0
 11
29.63193369524194
 21
152.0547257671358
 31
0.0
  0
LINE
  5
833
330
17
100
AcDbEntity
  8
隐藏线
100
AcDbLine
 10
18.882434796099915
 20
150.0547257671358
 30
0.0
 11
19.176407702760258
 21
150.0547257671358
 31
0.0
  0
LINE
  5
834
330
17
100
AcDbEntity
  8
隐藏线
100
AcDbLine
 10
19.176407702760258
 20
150.0547257671358
 30
0.0
 11
19.467475531991482
 21
150.0547257671358
 31
0.0
  0
LINE
  5
835
330
17
100
AcDbEntity
  8
隐藏线
100
AcDbLine
 10
19.467475531991482
 20
150.0547257671358
 30
0.0
 11
19.753023993272194
 21
150.0547257671358
 31
0.0
  0
LINE
  5
836
330
17
100
AcDbEntity
  8
隐藏线
100
AcDbLine
 10
19.753023993272194
 20
150.0547257671358
 30
0.0
 11
20.030485093195182
 21
150.0547257671358
 31
0.0
  0
LINE
  5
837
330
17
100
AcDbEntity
  8
隐藏线
100
AcDbLine
 10
20.030485093195182
 20
150.0547257671358
 30
0.0
 11
20.296215096424874
 21
150.0547257671358
 31
0.0
  0
LINE
  5
838
330
17
100
AcDbEntity
  8
隐藏线
100
AcDbLine
 10
20.296215096424874
 20
150.0547257671358
 30
0.0
 11
20.548489855142634
 21
150.0547257671358
 31
0.0
  0
LINE
  5
839
330
17
100
AcDbEntity
  8
隐藏线
100
AcDbLine
 10
20.548489855142634
 20
150.0547257671358
 30
0.0
 11
20.785046783746054
 21
150.0547257671358
 31
0.0
  0
LINE
  5
83A
330
17
100
AcDbEntity
  8
隐藏线
100
AcDbLine
 10
20.785046783746054
 20
150.0547257671358
 30
0.0
 11
21.003755139659546
 21
150.0547257671358
 31
0.0
  0
LINE
  5
83B
330
17
100
AcDbEntity
  8
隐藏线
100
AcDbLine
 10
21.003755139659546
 20
150.0547257671358
 30
0.0
 11
21.200787255315362
 21
150.0547257671358
 31
0.0
  0
LINE
  5
83C
330
17
100
AcDbEntity
  8
隐藏线
100
AcDbLine
 10
21.200787255315362
 20
150.0547257671358
 30
0.0
 11
21.37586239838123
 21
150.0547257671358
 31
0.0
  0
LINE
  5
83D
330
17
100
AcDbEntity
  8
隐藏线
100
AcDbLine
 10
21.37586239838123
 20
150.0547257671358
 30
0.0
 11
21.527414146321405
 21
150.0547257671358
 31
0.0
  0
LINE
  5
83E
330
17
100
AcDbEntity
  8
隐藏线
100
AcDbLine
 10
21.527414146321405
 20
150.0547257671358
 30
0.0
 11
21.65407339363378
 21
150.0547257671358
 31
0.0
  0
LINE
  5
83F
330
17
100
AcDbEntity
  8
隐藏线
100
AcDbLine
 10
21.65407339363378
 20
150.0547257671358
 30
0.0
 11
21.752411268207652
 21
150.0547257671358
 31
0.0
  0
LINE
  5
840
330
17
100
AcDbEntity
  8
隐藏线
100
AcDbLine
 10
21.752411268207652
 20
150.0547257671358
 30
0.0
 11
21.823633192149998
 21
150.0547257671358
 31
0.0
  0
LINE
  5
841
330
17
100
AcDbEntity
  8
隐藏线
100
AcDbLine
 10
21.823633192149998
 20
150.0547257671358
 30
0.0
 11
21.867107379623064
 21
150.0547257671358
 31
0.0
  0
LINE
  5
842
330
17
100
AcDbEntity
  8
隐藏线
100
AcDbLine
 10
21.867107379623064
 20
150.0547257671358
 30
0.0
 11
21.882434796099915
 21
150.0547257671358
 31
0.0
  0
LINE
  5
843
330
17
100
AcDbEntity
  8
隐藏线
100
AcDbLine
 10
21.871945073673118
 20
144.0547257671358
 30
0.0
 11
21.882434796099915
 21
144.0547257671358
 31
0.0
  0
LINE
  5
844
330
17
100
AcDbEntity
  8
隐藏线
100
AcDbLine
 10
21.79326655637837
 20
144.0547257671358
 30
0.0
 11
21.842159963349587
 21
144.0547257671358
 31
0.0
  0
LINE
  5
845
330
17
100
AcDbEntity
  8
隐藏线
100
AcDbLine
 10
21.72556162161075
 20
144.0547257671358
 30
0.0
 11
21.79326655637837
 21
144.0547257671358
 31
0.0
  0
LINE
  5
846
330
17
100
AcDbEntity
  8
隐藏线
100
AcDbLine
 10
21.637974279360577
 20
144.0547257671358
 30
0.0
 11
21.72556162161075
 21
144.0547257671358
 31
0.0
  0
LINE
  5
847
330
17
100
AcDbEntity
  8
隐藏线
100
AcDbLine
 10
21.532625641615
 20
144.0547257671358
 30
0.0
 11
21.637974279360577
 21
144.0547257671358
 31
0.0
  0
LINE
  5
848
330
17
100
AcDbEntity
  8
隐藏线
100
AcDbLine
 10
21.410167093324503
 20
144.0547257671358
 30
0.0
 11
21.532625641615
 21
144.0547257671358
 31
0.0
  0
LINE
  5
849
330
17
100
AcDbEntity
  8
隐藏线
100
AcDbLine
 10
21.271348226726133
 20
144.0547257671358
 30
0.0
 11
21.410167093324503
 21
144.0547257671358
 31
0.0
  0
LINE
  5
84A
330
17
100
AcDbEntity
  8
隐藏线
100
AcDbLine
 10
21.240188992256577
 20
144.0547257671358
 30
0.0
 11
21.271348226726133
 21
144.0547257671358
 31
0.0
  0
LINE
  5
84B
330
17
100
AcDbEntity
  8
隐藏线
100
AcDbLine
 10
21.20836503534062
 20
144.0547257671358
 30
0.0
 11
21.240188992256577
 21
144.0547257671358
 31
0.0
  0
LINE
  5
84C
330
17
100
AcDbEntity
  8
隐藏线
100
AcDbLine
 10
21.108938983645743
 20
144.0547257671358
 30
0.0
 11
21.142757343757268
 21
144.0547257671358
 31
0.0
  0
LINE
  5
84D
330
17
100
AcDbEntity
  8
隐藏线
100
AcDbLine
 10
21.074492963471783
 20
144.0547257671358
 30
0.0
 11
21.108938983645743
 21
144.0547257671358
 31
0.0
  0
LINE
  5
84E
330
17
100
AcDbEntity
  8
隐藏线
100
AcDbLine
 10
21.0394285436478
 20
144.0547257671358
 30
0.0
 11
21.074492963471783
 21
144.0547257671358
 31
0.0
  0
LINE
  5
84F
330
17
100
AcDbEntity
  8
隐藏线
100
AcDbLine
 10
21.003755139659575
 20
144.0547257671358
 30
0.0
 11
21.0394285436478
 21
144.0547257671358
 31
0.0
  0
LINE
  5
850
330
17
100
AcDbEntity
  8
隐藏线
100
AcDbLine
 10
20.785046783746083
 20
144.0547257671358
 30
0.0
 11
21.003755139659575
 21
144.0547257671358
 31
0.0
  0
LINE
  5
851
330
17
100
AcDbEntity
  8
隐藏线
100
AcDbLine
 10
20.548489855142634
 20
144.0547257671358
 30
0.0
 11
20.785046783746083
 21
144.0547257671358
 31
0.0
  0
LINE
  5
852
330
17
100
AcDbEntity
  8
隐藏线
100
AcDbLine
 10
20.296215096424902
 20
144.0547257671358
 30
0.0
 11
20.548489855142634
 21
144.0547257671358
 31
0.0
  0
LINE
  5
853
330
17
100
AcDbEntity
  8
隐藏线
100
AcDbLine
 10
20.030485093195182
 20
144.0547257671358
 30
0.0
 11
20.296215096424902
 21
144.0547257671358
 31
0.0
  0
LINE
  5
854
330
17
100
AcDbEntity
  8
隐藏线
100
AcDbLine
 10
19.753023993272194
 20
144.0547257671358
 30
0.0
 11
20.030485093195182
 21
144.0547257671358
 31
0.0
  0
LINE
  5
855
330
17
100
AcDbEntity
  8
隐藏线
100
AcDbLine
 10
19.46747553199151
 20
144.0547257671358
 30
0.0
 11
19.753023993272194
 21
144.0547257671358
 31
0.0
  0
LINE
  5
856
330
17
100
AcDbEntity
  8
隐藏线
100
AcDbLine
 10
19.176407702760258
 20
144.0547257671358
 30
0.0
 11
19.46747553199151
 21
144.0547257671358
 31
0.0
  0
LINE
  5
857
330
17
100
AcDbEntity
  8
隐藏线
100
AcDbLine
 10
18.882434796099915
 20
144.0547257671358
 30
0.0
 11
19.176407702760258
 21
144.0547257671358
 31
0.0
  0
LINE
  5
858
330
17
100
AcDbEntity
  8
隐藏线
100
AcDbLine
 10
18.882434796099915
 20
141.0547257671358
 30
0.0
 11
18.882434796099915
 21
141.06521548956263
 31
0.0
  0
LINE
  5
859
330
17
100
AcDbEntity
  8
隐藏线
100
AcDbLine
 10
18.882434796099915
 20
141.09500059988613
 30
0.0
 11
18.882434796099915
 21
141.14389400685735
 31
0.0
  0
LINE
  5
85A
330
17
100
AcDbEntity
  8
隐藏线
100
AcDbLine
 10
18.882434796099915
 20
141.14389400685735
 30
0.0
 11
18.882434796099915
 21
141.21159894162497
 31
0.0
  0
LINE
  5
85B
330
17
100
AcDbEntity
  8
隐藏线
100
AcDbLine
 10
18.882434796099915
 20
141.21159894162497
 30
0.0
 11
18.882434796099915
 21
141.29918628387517
 31
0.0
  0
LINE
  5
85C
330
17
100
AcDbEntity
  8
隐藏线
100
AcDbLine
 10
18.882434796099915
 20
141.29918628387517
 30
0.0
 11
18.882434796099915
 21
141.40453492162078
 31
0.0
  0
LINE
  5
85D
330
17
100
AcDbEntity
  8
隐藏线
100
AcDbLine
 10
18.882434796099915
 20
141.40453492162078
 30
0.0
 11
18.882434796099915
 21
141.52699346991125
 31
0.0
  0
LINE
  5
85E
330
17
100
AcDbEntity
  8
隐藏线
100
AcDbLine
 10
18.882434796099915
 20
141.52699346991125
 30
0.0
 11
18.882434796099915
 21
141.66581233650962
 31
0.0
  0
LINE
  5
85F
330
17
100
AcDbEntity
  8
隐藏线
100
AcDbLine
 10
18.882434796099915
 20
141.66581233650962
 30
0.0
 11
18.882434796099915
 21
141.69697157097917
 31
0.0
  0
LINE
  5
860
330
17
100
AcDbEntity
  8
隐藏线
100
AcDbLine
 10
18.882434796099915
 20
141.69697157097917
 30
0.0
 11
18.882434796099915
 21
141.72879552789513
 31
0.0
  0
LINE
  5
861
330
17
100
AcDbEntity
  8
隐藏线
100
AcDbLine
 10
18.882434796099915
 20
141.72879552789513
 30
0.0
 11
18.882434796099915
 21
141.76127565099654
 31
0.0
  0
LINE
  5
862
330
17
100
AcDbEntity
  8
隐藏线
100
AcDbLine
 10
18.882434796099915
 20
141.79440321947848
 30
0.0
 11
18.882434796099915
 21
141.82822157959
 31
0.0
  0
LINE
  5
863
330
17
100
AcDbEntity
  8
隐藏线
100
AcDbLine
 10
18.882434796099915
 20
141.82822157959
 30
0.0
 11
18.882434796099915
 21
141.86266759976394
 31
0.0
  0
LINE
  5
864
330
17
100
AcDbEntity
  8
隐藏线
100
AcDbLine
 10
18.882434796099915
 20
141.89773201958792
 30
0.0
 11
18.882434796099915
 21
141.93340542357618
 31
0.0
  0
LINE
  5
865
330
17
100
AcDbEntity
  8
隐藏线
100
AcDbLine
 10
18.882434796099915
 20
141.93340542357618
 30
0.0
 11
18.882434796099915
 21
142.15211377948964
 31
0.0
  0
LINE
  5
866
330
17
100
AcDbEntity
  8
隐藏线
100
AcDbLine
 10
18.882434796099915
 20
142.15211377948964
 30
0.0
 11
18.882434796099915
 21
142.3886707080931
 31
0.0
  0
LINE
  5
867
330
17
100
AcDbEntity
  8
隐藏线
100
AcDbLine
 10
18.882434796099915
 20
142.3886707080931
 30
0.0
 11
18.882434796099915
 21
142.64094546681085
 31
0.0
  0
LINE
  5
868
330
17
100
AcDbEntity
  8
隐藏线
100
AcDbLine
 10
18.882434796099915
 20
142.64094546681085
 30
0.0
 11
18.882434796099915
 21
142.90667547004054
 31
0.0
  0
LINE
  5
869
330
17
100
AcDbEntity
  8
隐藏线
100
AcDbLine
 10
18.882434796099915
 20
142.90667547004054
 30
0.0
 11
18.882434796099915
 21
143.18413656996353
 31
0.0
  0
LINE
  5
86A
330
17
100
AcDbEntity
  8
隐藏线
100
AcDbLine
 10
18.882434796099915
 20
143.18413656996353
 30
0.0
 11
18.882434796099915
 21
143.46968503124424
 31
0.0
  0
LINE
  5
86B
330
17
100
AcDbEntity
  8
隐藏线
100
AcDbLine
 10
18.882434796099915
 20
143.46968503124424
 30
0.0
 11
18.882434796099915
 21
143.76075286047546
 31
0.0
  0
LINE
  5
86C
330
17
100
AcDbEntity
  8
隐藏线
100
AcDbLine
 10
18.882434796099915
 20
143.76075286047546
 30
0.0
 11
18.882434796099915
 21
144.0547257671358
 31
0.0
  0
LINE
  5
86D
330
17
100
AcDbEntity
  8
隐藏线
100
AcDbLine
 10
21.8422693059305
 20
143.56547471136471
 30
0.0
 11
21.865517429008918
 21
143.73657799449728
 31
0.0
  0
LINE
  5
86E
330
17
100
AcDbEntity
  8
隐藏线
100
AcDbLine
 10
21.80936567573508
 20
143.3966476054886
 30
0.0
 11
21.8422693059305
 21
143.56547471136471
 31
0.0
  0
LINE
  5
86F
330
17
100
AcDbEntity
  8
隐藏线
100
AcDbLine
 10
21.76705929686861
 20
143.23073572342426
 30
0.0
 11
21.80936567573508
 21
143.3966476054886
 31
0.0
  0
LINE
  5
870
330
17
100
AcDbEntity
  8
隐藏线
100
AcDbLine
 10
21.716347311503114
 20
143.07029165894036
 30
0.0
 11
21.76705929686861
 21
143.23073572342426
 31
0.0
  0
LINE
  5
871
330
17
100
AcDbEntity
  8
隐藏线
100
AcDbLine
 10
21.658006245093418
 20
142.9161068773026
 30
0.0
 11
21.716347311503114
 21
143.07029165894036
 31
0.0
  0
LINE
  5
872
330
17
100
AcDbEntity
  8
隐藏线
100
AcDbLine
 10
21.59262480282547
 20
142.76824071744508
 30
0.0
 11
21.658006245093418
 21
142.9161068773026
 31
0.0
  0
LINE
  5
873
330
17
100
AcDbEntity
  8
隐藏线
100
AcDbLine
 10
21.5207916898851
 20
142.62675251830186
 30
0.0
 11
21.59262480282547
 21
142.76824071744508
 31
0.0
  0
LINE
  5
874
330
17
100
AcDbEntity
  8
隐藏线
100
AcDbLine
 10
21.44318958964493
 20
142.49186464491893
 30
0.0
 11
21.5207916898851
 21
142.62675251830186
 31
0.0
  0
LINE
  5
875
330
17
100
AcDbEntity
  8
隐藏线
100
AcDbLine
 10
21.392898902093236
 20
142.41229628500747
 30
0.0
 11
21.44318958964493
 21
142.49186464491893
 31
0.0
  0
LINE
  5
876
330
17
100
AcDbEntity
  8
隐藏线
100
AcDbLine
 10
21.34092560616017
 20
142.3354735389751
 30
0.0
 11
21.392898902093236
 21
142.41229628500747
 31
0.0
  0
LINE
  5
877
330
17
100
AcDbEntity
  8
隐藏线
100
AcDbLine
 10
21.287402440484158
 20
142.26136830659266
 30
0.0
 11
21.34092560616017
 21
142.3354735389751
 31
0.0
  0
LINE
  5
878
330
17
100
AcDbEntity
  8
隐藏线
100
AcDbLine
 10
21.232556822135194
 20
142.19004382682263
 30
0.0
 11
21.287402440484158
 21
142.26136830659266
 31
0.0
  0
LINE
  5
879
330
17
100
AcDbEntity
  8
隐藏线
100
AcDbLine
 10
21.176699337258754
 20
142.12164341606652
 30
0.0
 11
21.232556822135194
 21
142.19004382682263
 31
0.0
  0
LINE
  5
87A
330
17
100
AcDbEntity
  8
隐藏线
100
AcDbLine
 10
21.119918624930335
 20
142.05609613416578
 30
0.0
 11
21.176699337258754
 21
142.12164341606652
 31
0.0
  0
LINE
  5
87B
330
17
100
AcDbEntity
  8
隐藏线
100
AcDbLine
 10
21.062295857755913
 20
141.99332383554116
 30
0.0
 11
21.119918624930335
 21
142.05609613416578
 31
0.0
  0
LINE
  5
87C
330
17
100
AcDbEntity
  8
隐藏线
100
AcDbLine
 10
21.00391220834132
 20
141.93324837461347
 30
0.0
 11
21.062295857755913
 21
141.99332383554116
 31
0.0
  0
LINE
  5
87D
330
17
100
AcDbEntity
  8
隐藏线
100
AcDbLine
 10
20.94379336366279
 20
141.87479354255026
 30
0.0
 11
21.00391220834132
 21
141.93324837461347
 31
0.0
  0
LINE
  5
87E
330
17
100
AcDbEntity
  8
隐藏线
100
AcDbLine
 10
20.883056009829915
 20
141.81896893556973
 30
0.0
 11
20.94379336366279
 21
141.87479354255026
 31
0.0
  0
LINE
  5
87F
330
17
100
AcDbEntity
  8
隐藏线
100
AcDbLine
 10
20.821785725288294
 20
141.76569216655227
 30
0.0
 11
20.883056009829915
 21
141.81896893556973
 31
0.0
  0
LINE
  5
880
330
17
100
AcDbEntity
  8
隐藏线
100
AcDbLine
 10
20.760068088483393
 20
141.71488084837827
 30
0.0
 11
20.821785725288294
 21
141.76569216655227
 31
0.0
  0
LINE
  5
881
330
17
100
AcDbEntity
  8
隐藏线
100
AcDbLine
 10
20.697988677860764
 20
141.66645259392808
 30
0.0
 11
20.760068088483393
 21
141.71488084837827
 31
0.0
  0
LINE
  5
882
330
17
100
AcDbEntity
  8
隐藏线
100
AcDbLine
 10
20.635654792393154
 20
141.62034091007243
 30
0.0
 11
20.697988677860764
 21
141.66645259392808
 31
0.0
  0
LINE
  5
883
330
17
100
AcDbEntity
  8
隐藏线
100
AcDbLine
 10
20.573625428090395
 20
141.5768075968771
 30
0.0
 11
20.635654792393154
 21
141.62034091007243
 31
0.0
  0
LINE
  5
884
330
17
100
AcDbEntity
  8
隐藏线
100
AcDbLine
 10
20.512171929433578
 20
141.53589842608577
 30
0.0
 11
20.573625428090395
 21
141.5768075968771
 31
0.0
  0
LINE
  5
885
330
17
100
AcDbEntity
  8
隐藏线
100
AcDbLine
 10
20.500301411267145
 20
141.52824376912378
 30
0.0
 11
20.512171929433578
 21
141.53589842608577
 31
0.0
  0
LINE
  5
886
330
17
100
AcDbEntity
  8
隐藏线
100
AcDbLine
 10
20.453076821104816
 20
141.49856505502035
 30
0.0
 11
20.46484322790451
 21
141.50584518327403
 31
0.0
  0
LINE
  5
887
330
17
100
AcDbEntity
  8
隐藏线
100
AcDbLine
 10
20.441337840103557
 20
141.4913767629569
 30
0.0
 11
20.453076821104816
 21
141.49856505502035
 31
0.0
  0
LINE
  5
888
330
17
100
AcDbEntity
  8
隐藏线
100
AcDbLine
 10
20.42962684408343
 20
141.48427958868885
 30
0.0
 11
20.441337840103557
 21
141.4913767629569
 31
0.0
  0
LINE
  5
889
330
17
100
AcDbEntity
  8
隐藏线
100
AcDbLine
 10
20.417944392227128
 20
141.47727281382151
 30
0.0
 11
20.42962684408343
 21
141.48427958868885
 31
0.0
  0
LINE
  5
88A
330
17
100
AcDbEntity
  8
隐藏线
100
AcDbLine
 10
20.29062368817958
 20
141.40550316197954
 30
0.0
 11
20.35379027870522
 21
141.44007380820688
 31
0.0
  0
LINE
  5
88B
330
17
100
AcDbEntity
  8
隐藏线
100
AcDbLine
 10
20.228539591387147
 20
141.373438864069
 30
0.0
 11
20.29062368817958
 21
141.40550316197954
 31
0.0
  0
LINE
  5
88C
330
17
100
AcDbEntity
  8
隐藏线
100
AcDbLine
 10
20.16763295906489
 20
141.3437589034048
 30
0.0
 11
20.228539591387147
 21
141.373438864069
 31
0.0
  0
LINE
  5
88D
330
17
100
AcDbEntity
  8
隐藏线
100
AcDbLine
 10
20.107998761949773
 20
141.31634126891646
 30
0.0
 11
20.16763295906489
 21
141.3437589034048
 31
0.0
  0
LINE
  5
88E
330
17
100
AcDbEntity
  8
隐藏线
100
AcDbLine
 10
20.049731970778737
 20
141.29106394953354
 30
0.0
 11
20.107998761949773
 21
141.31634126891646
 31
0.0
  0
LINE
  5
88F
330
17
100
AcDbEntity
  8
隐藏线
100
AcDbLine
 10
19.992927556288805
 20
141.2678049341856
 30
0.0
 11
20.049731970778737
 21
141.29106394953354
 31
0.0
  0
LINE
  5
890
330
17
100
AcDbEntity
  8
隐藏线
100
AcDbLine
 10
19.937680489216916
 20
141.2464422118021
 30
0.0
 11
19.992927556288805
 21
141.2678049341856
 31
0.0
  0
LINE
  5
891
330
17
100
AcDbEntity
  8
隐藏线
100
AcDbLine
 10
19.874316306296805
 20
141.22349052626527
 30
0.0
 11
19.93768048921703
 21
141.24644221180208
 31
0.0
  0
LINE
  5
892
330
17
100
AcDbEntity
  8
隐藏线
100
AcDbLine
 10
19.810463280365383
 20
141.2019389965758
 30
0.0
 11
19.874316306296805
 21
141.22349052626527
 31
0.0
  0
LINE
  5
893
330
17
100
AcDbEntity
  8
隐藏线
100
AcDbLine
 10
19.746151481787678
 20
141.18179774745235
 30
0.0
 11
19.810463280365383
 21
141.2019389965758
 31
0.0
  0
LINE
  5
894
330
17
100
AcDbEntity
  8
隐藏线
100
AcDbLine
 10
19.681411182526944
 20
141.1630762838941
 30
0.0
 11
19.746151481787678
 21
141.18179774745235
 31
0.0
  0
LINE
  5
895
330
17
100
AcDbEntity
  8
隐藏线
100
AcDbLine
 10
19.616242997665324
 20
141.14590342076724
 30
0.0
 11
19.681411182526944
 21
141.1630762838941
 31
0.0
  0
LINE
  5
896
330
17
100
AcDbEntity
  8
隐藏线
100
AcDbLine
 10
19.550713590290286
 20
141.13016893248107
 30
0.0
 11
19.616242997665324
 21
141.14590342076724
 31
0.0
  0
LINE
  5
897
330
17
100
AcDbEntity
  8
隐藏线
100
AcDbLine
 10
19.484853818022287
 20
141.1158802044286
 30
0.0
 11
19.550713590290286
 21
141.13016893248107
 31
0.0
  0
LINE
  5
898
330
17
100
AcDbEntity
  8
隐藏线
100
AcDbLine
 10
19.418694683653968
 20
141.10304398669257
 30
0.0
 11
19.484853818022287
 21
141.1158802044286
 31
0.0
  0
LINE
  5
899
330
17
100
AcDbEntity
  8
隐藏线
100
AcDbLine
 10
19.352248359466103
 20
141.09178851921865
 30
0.0
 11
19.418694683653968
 21
141.10304398669257
 31
0.0
  0
LINE
  5
89A
330
17
100
AcDbEntity
  8
隐藏线
100
AcDbLine
 10
19.28557134808085
 20
141.08199803887894
 30
0.0
 11
19.352248359466103
 21
141.09178851921865
 31
0.0
  0
LINE
  5
89B
330
17
100
AcDbEntity
  8
隐藏线
100
AcDbLine
 10
19.218695045374318
 20
141.07367713214583
 30
0.0
 11
19.28557134808085
 21
141.08199803887894
 31
0.0
  0
LINE
  5
89C
330
17
100
AcDbEntity
  8
隐藏线
100
AcDbLine
 10
19.151650934797345
 20
141.06682973971704
 30
0.0
 11
19.218695045374318
 21
141.07367713214583
 31
0.0
  0
LINE
  5
89D
330
17
100
AcDbEntity
  8
隐藏线
100
AcDbLine
 10
19.084462647607324
 20
141.0615824918092
 30
0.0
 11
19.151650934797345
 21
141.06682973971704
 31
0.0
  0
LINE
  5
89E
330
17
100
AcDbEntity
  8
隐藏线
100
AcDbLine
 10
19.017176070023595
 20
141.05781502188634
 30
0.0
 11
19.084462647607324
 21
141.0615824918092
 31
0.0
  0
LINE
  5
89F
330
17
100
AcDbEntity
  8
隐藏线
100
AcDbLine
 10
18.94982288283481
 20
141.05552908049054
 30
0.0
 11
19.017176070023595
 21
141.05781502188634
 31
0.0
  0
LINE
  5
8A0
330
17
100
AcDbEntity
  8
隐藏线
100
AcDbLine
 10
18.882434796099915
 20
141.0547257671358
 30
0.0
 11
18.94982288283481
 21
141.05552908049054
 31
0.0
  0
LINE
  5
8A1
330
17
100
AcDbEntity
  8
隐藏线
100
AcDbLine
 10
13.99837875989894
 20
150.0547257671358
 30
0.0
 11
15.815156227570924
 21
150.0547257671358
 31
0.0
  0
LINE
  5
8A2
330
17
100
AcDbEntity
  8
隐藏线
100
AcDbLine
 10
15.815156227570924
 20
150.0547257671358
 30
0.0
 11
16.440406777999442
 21
150.0547257671358
 31
0.0
  0
LINE
  5
8A3
330
17
100
AcDbEntity
  8
隐藏线
100
AcDbLine
 10
16.440406777999442
 20
150.0547257671358
 30
0.0
 11
18.882434796099915
 21
150.0547257671358
 31
0.0
  0
LINE
  5
8A4
330
17
100
AcDbEntity
  8
隐藏线
100
AcDbLine
 10
1.9983787598999356
 20
150.0547257671358
 30
0.0
 11
2.2428909205837613
 21
150.0547257671358
 31
0.0
  0
LINE
  5
8A5
330
17
100
AcDbEntity
  8
隐藏线
100
AcDbLine
 10
2.2428909205837613
 20
150.0547257671358
 30
0.0
 11
2.929265570635124
 21
150.0547257671358
 31
0.0
  0
LINE
  5
8A6
330
17
100
AcDbEntity
  8
隐藏线
100
AcDbLine
 10
2.929265570635124
 20
150.0547257671358
 30
0.0
 11
4.032366519441098
 21
150.0547257671358
 31
0.0
  0
LINE
  5
8A7
330
17
100
AcDbEntity
  8
隐藏线
100
AcDbLine
 10
4.032366519441098
 20
150.0547257671358
 30
0.0
 11
5.513097385661013
 21
150.0547257671358
 31
0.0
  0
LINE
  5
8A8
330
17
100
AcDbEntity
  8
隐藏线
100
AcDbLine
 10
5.513097385661013
 20
150.0547257671358
 30
0.0
 11
7.339620665685175
 21
150.0547257671358
 31
0.0
  0
LINE
  5
8A9
330
17
100
AcDbEntity
  8
隐藏线
100
AcDbLine
 10
7.339620665685175
 20
150.0547257671358
 30
0.0
 11
9.41340195346288
 21
150.0547257671358
 31
0.0
  0
LINE
  5
8AA
330
17
100
AcDbEntity
  8
隐藏线
100
AcDbLine
 10
9.41340195346288
 20
150.0547257671358
 30
0.0
 11
11.659796925982306
 21
150.0547257671358
 31
0.0
  0
LINE
  5
8AB
330
17
100
AcDbEntity
  8
隐藏线
100
AcDbLine
 10
11.659796925982306
 20
150.0547257671358
 30
0.0
 11
13.99837875989894
 21
150.0547257671358
 31
0.0
  0
LINE
  5
8AC
330
17
100
AcDbEntity
  8
隐藏线
100
AcDbLine
 10
16.977342196914208
 20
150.0547257671358
 30
0.0
 11
16.998378759899936
 21
150.0547257671358
 31
0.0
  0
LINE
  5
8AD
330
17
100
AcDbEntity
  8
隐藏线
100
AcDbLine
 10
16.91775145875735
 20
150.0547257671358
 30
0.0
 11
16.977342196914208
 21
150.0547257671358
 31
0.0
  0
LINE
  5
8AE
330
17
100
AcDbEntity
  8
隐藏线
100
AcDbLine
 10
16.820357280917904
 20
150.0547257671358
 30
0.0
 11
16.91775145875735
 21
150.0547257671358
 31
0.0
  0
LINE
  5
8AF
330
17
100
AcDbEntity
  8
隐藏线
100
AcDbLine
 10
16.686345687060026
 20
150.0547257671358
 30
0.0
 11
16.820357280917904
 21
150.0547257671358
 31
0.0
  0
LINE
  5
8B0
330
17
100
AcDbEntity
  8
隐藏线
100
AcDbLine
 10
16.514637036157637
 20
150.0547257671358
 30
0.0
 11
16.686345687060026
 21
150.0547257671358
 31
0.0
  0
LINE
  5
8B1
330
17
100
AcDbEntity
  8
隐藏线
100
AcDbLine
 10
16.310457569431065
 20
150.0547257671358
 30
0.0
 11
16.514637036157637
 21
150.0547257671358
 31
0.0
  0
LINE
  5
8B2
330
17
100
AcDbEntity
  8
隐藏线
100
AcDbLine
 10
16.076338611987325
 20
150.0547257671358
 30
0.0
 11
16.310457569431065
 21
150.0547257671358
 31
0.0
  0
LINE
  5
8B3
330
17
100
AcDbEntity
  8
隐藏线
100
AcDbLine
 10
15.815156227570952
 20
150.0547257671358
 30
0.0
 11
16.076338611987325
 21
150.0547257671358
 31
0.0
  0
LINE
  5
8B4
330
17
100
AcDbEntity
  8
隐藏线
100
AcDbLine
 10
15.088432329109793
 20
150.0547257671358
 30
0.0
 11
15.815156227570952
 21
150.0547257671358
 31
0.0
  0
LINE
  5
8B5
330
17
100
AcDbEntity
  8
隐藏线
100
AcDbLine
 10
14.282601735644533
 20
150.0547257671358
 30
0.0
 11
15.088432329109793
 21
150.0547257671358
 31
0.0
  0
LINE
  5
8B6
330
17
100
AcDbEntity
  8
隐藏线
100
AcDbLine
 10
13.45544030626644
 20
150.0547257671358
 30
0.0
 11
14.282601735644533
 21
150.0547257671358
 31
0.0
  0
LINE
  5
8B7
330
17
100
AcDbEntity
  8
隐藏线
100
AcDbLine
 10
12.666149876226598
 20
150.0547257671358
 30
0.0
 11
13.45544030626644
 21
150.0547257671358
 31
0.0
  0
LINE
  5
8B8
330
17
100
AcDbEntity
  8
隐藏线
100
AcDbLine
 10
11.984999544858283
 20
150.0547257671358
 30
0.0
 11
12.666149876226598
 21
150.0547257671358
 31
0.0
  0
LINE
  5
8B9
330
17
100
AcDbEntity
  8
隐藏线
100
AcDbLine
 10
11.457211525924123
 20
150.0547257671358
 30
0.0
 11
11.984999544858283
 21
150.0547257671358
 31
0.0
  0
LINE
  5
8BA
330
17
100
AcDbEntity
  8
隐藏线
100
AcDbLine
 10
11.120137227979399
 20
150.0547257671358
 30
0.0
 11
11.457211525924123
 21
150.0547257671358
 31
0.0
  0
LINE
  5
8BB
330
17
100
AcDbEntity
  8
隐藏线
100
AcDbLine
 10
10.998378759899936
 20
150.0547257671358
 30
0.0
 11
11.120137227979399
 21
150.0547257671358
 31
0.0
  0
LINE
  5
8BC
330
17
100
AcDbEntity
  8
隐藏线
100
AcDbLine
 10
21.871945073673118
 20
158.0547257671358
 30
0.0
 11
21.882434796099915
 21
158.0547257671358
 31
0.0
  0
LINE
  5
8BD
330
17
100
AcDbEntity
  8
隐藏线
100
AcDbLine
 10
21.79326655637837
 20
158.0547257671358
 30
0.0
 11
21.842159963349616
 21
158.0547257671358
 31
0.0
  0
LINE
  5
8BE
330
17
100
AcDbEntity
  8
隐藏线
100
AcDbLine
 10
21.72556162161075
 20
158.0547257671358
 30
0.0
 11
21.79326655637837
 21
158.0547257671358
 31
0.0
  0
LINE
  5
8BF
330
17
100
AcDbEntity
  8
隐藏线
100
AcDbLine
 10
21.637974279360577
 20
158.0547257671358
 30
0.0
 11
21.72556162161075
 21
158.0547257671358
 31
0.0
  0
LINE
  5
8C0
330
17
100
AcDbEntity
  8
隐藏线
100
AcDbLine
 10
21.532625641615
 20
158.0547257671358
 30
0.0
 11
21.637974279360577
 21
158.0547257671358
 31
0.0
  0
LINE
  5
8C1
330
17
100
AcDbEntity
  8
隐藏线
100
AcDbLine
 10
21.410167093324503
 20
158.0547257671358
 30
0.0
 11
21.532625641615
 21
158.0547257671358
 31
0.0
  0
LINE
  5
8C2
330
17
100
AcDbEntity
  8
隐藏线
100
AcDbLine
 10
21.271348226726133
 20
158.0547257671358
 30
0.0
 11
21.410167093324503
 21
158.0547257671358
 31
0.0
  0
LINE
  5
8C3
330
17
100
AcDbEntity
  8
隐藏线
100
AcDbLine
 10
21.240188992256577
 20
158.0547257671358
 30
0.0
 11
21.271348226726133
 21
158.0547257671358
 31
0.0
  0
LINE
  5
8C4
330
17
100
AcDbEntity
  8
隐藏线
100
AcDbLine
 10
21.20836503534062
 20
158.0547257671358
 30
0.0
 11
21.240188992256577
 21
158.0547257671358
 31
0.0
  0
LINE
  5
8C5
330
17
100
AcDbEntity
  8
隐藏线
100
AcDbLine
 10
21.108938983645743
 20
158.0547257671358
 30
0.0
 11
21.142757343757268
 21
158.0547257671358
 31
0.0
  0
LINE
  5
8C6
330
17
100
AcDbEntity
  8
隐藏线
100
AcDbLine
 10
21.074492963471783
 20
158.0547257671358
 30
0.0
 11
21.108938983645743
 21
158.0547257671358
 31
0.0
  0
LINE
  5
8C7
330
17
100
AcDbEntity
  8
隐藏线
100
AcDbLine
 10
21.0394285436478
 20
158.0547257671358
 30
0.0
 11
21.074492963471783
 21
158.0547257671358
 31
0.0
  0
LINE
  5
8C8
330
17
100
AcDbEntity
  8
隐藏线
100
AcDbLine
 10
21.003755139659575
 20
158.0547257671358
 30
0.0
 11
21.0394285436478
 21
158.0547257671358
 31
0.0
  0
LINE
  5
8C9
330
17
100
AcDbEntity
  8
隐藏线
100
AcDbLine
 10
20.785046783746083
 20
158.0547257671358
 30
0.0
 11
21.003755139659575
 21
158.0547257671358
 31
0.0
  0
LINE
  5
8CA
330
17
100
AcDbEntity
  8
隐藏线
100
AcDbLine
 10
20.548489855142634
 20
158.0547257671358
 30
0.0
 11
20.785046783746083
 21
158.0547257671358
 31
0.0
  0
LINE
  5
8CB
330
17
100
AcDbEntity
  8
隐藏线
100
AcDbLine
 10
20.296215096424902
 20
158.0547257671358
 30
0.0
 11
20.548489855142634
 21
158.0547257671358
 31
0.0
  0
LINE
  5
8CC
330
17
100
AcDbEntity
  8
隐藏线
100
AcDbLine
 10
20.030485093195182
 20
158.0547257671358
 30
0.0
 11
20.296215096424902
 21
158.0547257671358
 31
0.0
  0
LINE
  5
8CD
330
17
100
AcDbEntity
  8
隐藏线
100
AcDbLine
 10
19.753023993272194
 20
158.0547257671358
 30
0.0
 11
20.030485093195182
 21
158.0547257671358
 31
0.0
  0
LINE
  5
8CE
330
17
100
AcDbEntity
  8
隐藏线
100
AcDbLine
 10
19.467475531991482
 20
158.0547257671358
 30
0.0
 11
19.753023993272194
 21
158.0547257671358
 31
0.0
  0
LINE
  5
8CF
330
17
100
AcDbEntity
  8
隐藏线
100
AcDbLine
 10
19.176407702760258
 20
158.0547257671358
 30
0.0
 11
19.467475531991482
 21
158.0547257671358
 31
0.0
  0
LINE
  5
8D0
330
17
100
AcDbEntity
  8
隐藏线
100
AcDbLine
 10
18.882434796099915
 20
158.0547257671358
 30
0.0
 11
19.176407702760258
 21
158.0547257671358
 31
0.0
  0
LINE
  5
8D1
330
17
100
AcDbEntity
  8
隐藏线
100
AcDbLine
 10
18.882434796099915
 20
158.0547257671358
 30
0.0
 11
18.882434796099915
 21
158.34869867379615
 31
0.0
  0
LINE
  5
8D2
330
17
100
AcDbEntity
  8
隐藏线
100
AcDbLine
 10
18.882434796099915
 20
158.34869867379615
 30
0.0
 11
18.882434796099915
 21
158.63976650302737
 31
0.0
  0
LINE
  5
8D3
330
17
100
AcDbEntity
  8
隐藏线
100
AcDbLine
 10
18.882434796099915
 20
158.63976650302737
 30
0.0
 11
18.882434796099915
 21
158.9253149643081
 31
0.0
  0
LINE
  5
8D4
330
17
100
AcDbEntity
  8
隐藏线
100
AcDbLine
 10
18.882434796099915
 20
158.9253149643081
 30
0.0
 11
18.882434796099915
 21
159.20277606423107
 31
0.0
  0
LINE
  5
8D5
330
17
100
AcDbEntity
  8
隐藏线
100
AcDbLine
 10
18.882434796099915
 20
159.20277606423107
 30
0.0
 11
18.882434796099915
 21
159.46850606746077
 31
0.0
  0
LINE
  5
8D6
330
17
100
AcDbEntity
  8
隐藏线
100
AcDbLine
 10
18.882434796099915
 20
159.46850606746077
 30
0.0
 11
18.882434796099915
 21
159.72078082617853
 31
0.0
  0
LINE
  5
8D7
330
17
100
AcDbEntity
  8
隐藏线
100
AcDbLine
 10
18.882434796099915
 20
159.72078082617853
 30
0.0
 11
18.882434796099915
 21
159.95733775478197
 31
0.0
  0
LINE
  5
8D8
330
17
100
AcDbEntity
  8
隐藏线
100
AcDbLine
 10
18.882434796099915
 20
159.95733775478197
 30
0.0
 11
18.882434796099915
 21
160.17604611069544
 31
0.0
  0
LINE
  5
8D9
330
17
100
AcDbEntity
  8
隐藏线
100
AcDbLine
 10
18.882434796099915
 20
160.17604611069544
 30
0.0
 11
18.882434796099915
 21
160.2117195146837
 31
0.0
  0
LINE
  5
8DA
330
17
100
AcDbEntity
  8
隐藏线
100
AcDbLine
 10
18.882434796099915
 20
160.2117195146837
 30
0.0
 11
18.882434796099915
 21
160.24678393450768
 31
0.0
  0
LINE
  5
8DB
330
17
100
AcDbEntity
  8
隐藏线
100
AcDbLine
 10
18.882434796099915
 20
160.2812299546816
 30
0.0
 11
18.882434796099915
 21
160.31504831479313
 31
0.0
  0
LINE
  5
8DC
330
17
100
AcDbEntity
  8
隐藏线
100
AcDbLine
 10
18.882434796099915
 20
160.31504831479313
 30
0.0
 11
18.882434796099915
 21
160.34817588327508
 31
0.0
  0
LINE
  5
8DD
330
17
100
AcDbEntity
  8
隐藏线
100
AcDbLine
 10
18.882434796099915
 20
160.38065600637648
 30
0.0
 11
18.882434796099915
 21
160.41247996329247
 31
0.0
  0
LINE
  5
8DE
330
17
100
AcDbEntity
  8
隐藏线
100
AcDbLine
 10
18.882434796099915
 20
160.41247996329247
 30
0.0
 11
18.882434796099915
 21
160.44363919776202
 31
0.0
  0
LINE
  5
8DF
330
17
100
AcDbEntity
  8
隐藏线
100
AcDbLine
 10
18.882434796099915
 20
160.44363919776202
 30
0.0
 11
18.882434796099915
 21
160.58245806436037
 31
0.0
  0
LINE
  5
8E0
330
17
100
AcDbEntity
  8
隐藏线
100
AcDbLine
 10
18.882434796099915
 20
160.58245806436037
 30
0.0
 11
18.882434796099915
 21
160.70491661265086
 31
0.0
  0
LINE
  5
8E1
330
17
100
AcDbEntity
  8
隐藏线
100
AcDbLine
 10
18.882434796099915
 20
160.70491661265086
 30
0.0
 11
18.882434796099915
 21
160.81026525039644
 31
0.0
  0
LINE
  5
8E2
330
17
100
AcDbEntity
  8
隐藏线
100
AcDbLine
 10
18.882434796099915
 20
160.81026525039644
 30
0.0
 11
18.882434796099915
 21
160.89785259264664
 31
0.0
  0
LINE
  5
8E3
330
17
100
AcDbEntity
  8
隐藏线
100
AcDbLine
 10
18.882434796099915
 20
160.89785259264664
 30
0.0
 11
18.882434796099915
 21
160.96555752741426
 31
0.0
  0
LINE
  5
8E4
330
17
100
AcDbEntity
  8
隐藏线
100
AcDbLine
 10
18.882434796099915
 20
160.96555752741426
 30
0.0
 11
18.882434796099915
 21
161.01445093438548
 31
0.0
  0
LINE
  5
8E5
330
17
100
AcDbEntity
  8
隐藏线
100
AcDbLine
 10
18.882434796099915
 20
161.01445093438548
 30
0.0
 11
18.882434796099915
 21
161.04423604470898
 31
0.0
  0
LINE
  5
8E6
330
17
100
AcDbEntity
  8
隐藏线
100
AcDbLine
 10
21.823633192149998
 20
152.0547257671358
 30
0.0
 11
21.867107379623064
 21
152.0547257671358
 31
0.0
  0
LINE
  5
8E7
330
17
100
AcDbEntity
  8
隐藏线
100
AcDbLine
 10
21.752411268207652
 20
152.0547257671358
 30
0.0
 11
21.823633192149998
 21
152.0547257671358
 31
0.0
  0
LINE
  5
8E8
330
17
100
AcDbEntity
  8
隐藏线
100
AcDbLine
 10
21.65407339363378
 20
152.0547257671358
 30
0.0
 11
21.752411268207652
 21
152.0547257671358
 31
0.0
  0
LINE
  5
8E9
330
17
100
AcDbEntity
  8
隐藏线
100
AcDbLine
 10
21.527414146321433
 20
152.0547257671358
 30
0.0
 11
21.65407339363378
 21
152.0547257671358
 31
0.0
  0
LINE
  5
8EA
330
17
100
AcDbEntity
  8
隐藏线
100
AcDbLine
 10
21.37586239838123
 20
152.0547257671358
 30
0.0
 11
21.527414146321433
 21
152.0547257671358
 31
0.0
  0
LINE
  5
8EB
330
17
100
AcDbEntity
  8
隐藏线
100
AcDbLine
 10
21.200787255315362
 20
152.0547257671358
 30
0.0
 11
21.37586239838123
 21
152.0547257671358
 31
0.0
  0
LINE
  5
8EC
330
17
100
AcDbEntity
  8
隐藏线
100
AcDbLine
 10
21.003755139659546
 20
152.0547257671358
 30
0.0
 11
21.200787255315362
 21
152.0547257671358
 31
0.0
  0
LINE
  5
8ED
330
17
100
AcDbEntity
  8
隐藏线
100
AcDbLine
 10
20.785046783746054
 20
152.0547257671358
 30
0.0
 11
21.003755139659546
 21
152.0547257671358
 31
0.0
  0
LINE
  5
8EE
330
17
100
AcDbEntity
  8
隐藏线
100
AcDbLine
 10
20.548489855142634
 20
152.0547257671358
 30
0.0
 11
20.785046783746054
 21
152.0547257671358
 31
0.0
  0
LINE
  5
8EF
330
17
100
AcDbEntity
  8
隐藏线
100
AcDbLine
 10
20.296215096424874
 20
152.0547257671358
 30
0.0
 11
20.548489855142634
 21
152.0547257671358
 31
0.0
  0
LINE
  5
8F0
330
17
100
AcDbEntity
  8
隐藏线
100
AcDbLine
 10
20.030485093195182
 20
152.0547257671358
 30
0.0
 11
20.296215096424874
 21
152.0547257671358
 31
0.0
  0
LINE
  5
8F1
330
17
100
AcDbEntity
  8
隐藏线
100
AcDbLine
 10
19.753023993272194
 20
152.0547257671358
 30
0.0
 11
20.030485093195182
 21
152.0547257671358
 31
0.0
  0
LINE
  5
8F2
330
17
100
AcDbEntity
  8
隐藏线
100
AcDbLine
 10
19.467475531991482
 20
152.0547257671358
 30
0.0
 11
19.753023993272194
 21
152.0547257671358
 31
0.0
  0
LINE
  5
8F3
330
17
100
AcDbEntity
  8
隐藏线
100
AcDbLine
 10
19.176407702760258
 20
152.0547257671358
 30
0.0
 11
19.467475531991482
 21
152.0547257671358
 31
0.0
  0
LINE
  5
8F4
330
17
100
AcDbEntity
  8
隐藏线
100
AcDbLine
 10
18.882434796099915
 20
152.0547257671358
 30
0.0
 11
19.176407702760258
 21
152.0547257671358
 31
0.0
  0
LINE
  5
8F5
330
17
100
AcDbEntity
  8
隐藏线
100
AcDbLine
 10
13.99837875989894
 20
161.0547257671358
 30
0.0
 11
16.440406777999442
 21
161.0547257671358
 31
0.0
  0
LINE
  5
8F6
330
17
100
AcDbEntity
  8
隐藏线
100
AcDbLine
 10
16.440406777999442
 20
161.0547257671358
 30
0.0
 11
18.882434796099915
 21
161.0547257671358
 31
0.0
  0
LINE
  5
8F7
330
17
100
AcDbEntity
  8
隐藏线
100
AcDbLine
 10
185.29270081512942
 20
171.05476949296687
 30
0.0
 11
185.3000541951617
 21
171.0547257671358
 31
0.0
  0
LINE
  5
8F8
330
17
100
AcDbEntity
  8
隐藏线
100
AcDbLine
 10
185.23389949459678
 20
171.058266871203
 30
0.0
 11
185.2412451591575
 21
171.05752379207314
 31
0.0
  0
LINE
  5
8F9
330
17
100
AcDbEntity
  8
隐藏线
100
AcDbLine
 10
185.22655575848225
 20
171.0590972987698
 30
0.0
 11
185.23389949459678
 21
171.058266871203
 31
0.0
  0
LINE
  5
8FA
330
17
100
AcDbEntity
  8
隐藏线
100
AcDbLine
 10
185.2954664748532
 20
171.06355565658026
 30
0.0
 11
185.351926552352
 21
171.06227299902685
 31
0.0
  0
LINE
  5
8FB
330
17
100
AcDbEntity
  8
隐藏线
100
AcDbLine
 10
185.351926552352
 20
171.06227299902685
 30
0.0
 11
185.40838612327602
 21
171.06092091892637
 31
0.0
  0
LINE
  5
8FC
330
17
100
AcDbEntity
  8
隐藏线
100
AcDbLine
 10
185.40838612327602
 20
171.06092091892637
 30
0.0
 11
185.46484493201157
 21
171.05949943039286
 31
0.0
  0
LINE
  5
8FD
330
17
100
AcDbEntity
  8
隐藏线
100
AcDbLine
 10
185.46484493201157
 20
171.05949943039286
 30
0.0
 11
185.5213027229449
 21
171.05800854754045
 31
0.0
  0
LINE
  5
8FE
330
17
100
AcDbEntity
  8
隐藏线
100
AcDbLine
 10
185.5213027229449
 20
171.05800854754045
 30
0.0
 11
185.5777592404623
 21
171.05644828448317
 31
0.0
  0
LINE
  5
8FF
330
17
100
AcDbEntity
  8
隐藏线
100
AcDbLine
 10
185.5777592404623
 20
171.05644828448317
 30
0.0
 11
185.6342142289501
 21
171.05481865533508
 31
0.0
  0
LINE
  5
900
330
17
100
AcDbEntity
  8
隐藏线
100
AcDbLine
 10
185.6342142289501
 20
171.05481865533508
 30
0.0
 11
185.69066743279453
 21
171.0531196742103
 31
0.0
  0
LINE
  5
901
330
17
100
AcDbEntity
  8
隐藏线
100
AcDbLine
 10
185.69066743279453
 20
171.0531196742103
 30
0.0
 11
185.74711859638188
 21
171.05135135522292
 31
0.0
  0
LINE
  5
902
330
17
100
AcDbEntity
  8
隐藏线
100
AcDbLine
 10
185.74711859638188
 20
171.05135135522292
 30
0.0
 11
185.80356746409848
 21
171.04951371248697
 31
0.0
  0
LINE
  5
903
330
17
100
AcDbEntity
  8
隐藏线
100
AcDbLine
 10
185.80356746409848
 20
171.04951371248697
 30
0.0
 11
185.86001378033052
 21
171.04760676011654
 31
0.0
  0
LINE
  5
904
330
17
100
AcDbEntity
  8
隐藏线
100
AcDbLine
 10
185.86001378033052
 20
171.04760676011654
 30
0.0
 11
185.91645728946438
 21
171.0456305122257
 31
0.0
  0
LINE
  5
905
330
17
100
AcDbEntity
  8
隐藏线
100
AcDbLine
 10
185.91645728946438
 20
171.0456305122257
 30
0.0
 11
185.97289773588628
 21
171.0435849829285
 31
0.0
  0
LINE
  5
906
330
17
100
AcDbEntity
  8
隐藏线
100
AcDbLine
 10
185.97289773588628
 20
171.0435849829285
 30
0.0
 11
186.0293348639825
 21
171.0414701863391
 31
0.0
  0
LINE
  5
907
330
17
100
AcDbEntity
  8
隐藏线
100
AcDbLine
 10
186.0293348639825
 20
171.0414701863391
 30
0.0
 11
186.08576848087614
 21
171.03928613410972
 31
0.0
  0
LINE
  5
908
330
17
100
AcDbEntity
  8
隐藏线
100
AcDbLine
 10
185.643925369187
 20
171.05176936384828
 30
0.0
 11
185.6930368018406
 21
171.05086451098703
 31
0.0
  0
LINE
  5
909
330
17
100
AcDbEntity
  8
隐藏线
100
AcDbLine
 10
135.22113000625998
 20
172.04729730846765
 30
0.0
 11
135.95056883683927
 21
172.03296904999695
 31
0.0
  0
LINE
  5
90A
330
17
100
AcDbEntity
  8
隐藏线
100
AcDbLine
 10
135.95056883683927
 20
172.03296904999695
 30
0.0
 11
136.67580394425494
 21
172.01872336463518
 31
0.0
  0
LINE
  5
90B
330
17
100
AcDbEntity
  8
隐藏线
100
AcDbLine
 10
136.67580394425494
 20
172.01872336463518
 30
0.0
 11
137.39680713370544
 21
172.00456080620864
 31
0.0
  0
LINE
  5
90C
330
17
100
AcDbEntity
  8
隐藏线
100
AcDbLine
 10
137.39680713370544
 20
172.00456080620864
 30
0.0
 11
138.11355036397407
 21
171.9904819255268
 31
0.0
  0
LINE
  5
90D
330
17
100
AcDbEntity
  8
隐藏线
100
AcDbLine
 10
138.11355036397407
 20
171.9904819255268
 30
0.0
 11
138.82564542771158
 21
171.97649434808886
 31
0.0
  0
LINE
  5
90E
330
17
100
AcDbEntity
  8
隐藏线
100
AcDbLine
 10
138.82564542771158
 20
171.97649434808886
 30
0.0
 11
139.53341941700126
 21
171.9625916488737
 31
0.0
  0
LINE
  5
90F
330
17
100
AcDbEntity
  8
隐藏线
100
AcDbLine
 10
139.53341941700126
 20
171.9625916488737
 30
0.0
 11
140.23684481615675
 21
171.94877436836788
 31
0.0
  0
LINE
  5
910
330
17
100
AcDbEntity
  8
隐藏线
100
AcDbLine
 10
140.23684481615675
 20
171.94877436836788
 30
0.0
 11
140.93589426731103
 21
171.93504304395785
 31
0.0
  0
LINE
  5
911
330
17
100
AcDbEntity
  8
隐藏线
100
AcDbLine
 10
140.93589426731103
 20
171.93504304395785
 30
0.0
 11
145.2677235818292
 21
171.8499535649399
 31
0.0
  0
LINE
  5
912
330
17
100
AcDbEntity
  8
隐藏线
100
AcDbLine
 10
145.2677235818292
 20
171.8499535649399
 30
0.0
 11
149.4139620456055
 21
171.76850961940295
 31
0.0
  0
LINE
  5
913
330
17
100
AcDbEntity
  8
隐藏线
100
AcDbLine
 10
149.4139620456055
 20
171.76850961940295
 30
0.0
 11
153.36810198063114
 21
171.69083903669838
 31
0.0
  0
LINE
  5
914
330
17
100
AcDbEntity
  8
隐藏线
100
AcDbLine
 10
153.36810198063114
 20
171.69083903669838
 30
0.0
 11
157.12391754894784
 21
171.6170641100353
 31
0.0
  0
LINE
  5
915
330
17
100
AcDbEntity
  8
隐藏线
100
AcDbLine
 10
157.12391754894784
 20
171.6170641100353
 30
0.0
 11
160.65784861783442
 21
171.547647627597
 31
0.0
  0
LINE
  5
916
330
17
100
AcDbEntity
  8
隐藏线
100
AcDbLine
 10
160.65784861783442
 20
171.547647627597
 30
0.0
 11
163.98085106237218
 21
171.4823743847586
 31
0.0
  0
LINE
  5
917
330
17
100
AcDbEntity
  8
隐藏线
100
AcDbLine
 10
163.98085106237218
 20
171.4823743847586
 30
0.0
 11
167.0877125630738
 21
171.4213467663366
 31
0.0
  0
LINE
  5
918
330
17
100
AcDbEntity
  8
隐藏线
100
AcDbLine
 10
167.0877125630738
 20
171.4213467663366
 30
0.0
 11
169.97353791466895
 21
171.36466092812014
 31
0.0
  0
LINE
  5
919
330
17
100
AcDbEntity
  8
隐藏线
100
AcDbLine
 10
169.97353791466895
 20
171.36466092812014
 30
0.0
 11
173.00722145132283
 21
171.3050707335633
 31
0.0
  0
LINE
  5
91A
330
17
100
AcDbEntity
  8
隐藏线
100
AcDbLine
 10
173.00722145132283
 20
171.3050707335633
 30
0.0
 11
175.73118649099138
 21
171.25156429338298
 31
0.0
  0
LINE
  5
91B
330
17
100
AcDbEntity
  8
隐藏线
100
AcDbLine
 10
175.73118649099138
 20
171.25156429338298
 30
0.0
 11
178.13972059651272
 21
171.2042538161329
 31
0.0
  0
LINE
  5
91C
330
17
100
AcDbEntity
  8
隐藏线
100
AcDbLine
 10
178.13972059651272
 20
171.2042538161329
 30
0.0
 11
180.2277311129579
 21
171.16323933607643
 31
0.0
  0
LINE
  5
91D
330
17
100
AcDbEntity
  8
隐藏线
100
AcDbLine
 10
180.2277311129579
 20
171.16323933607643
 30
0.0
 11
181.96327426242584
 21
171.12914832009238
 31
0.0
  0
LINE
  5
91E
330
17
100
AcDbEntity
  8
隐藏线
100
AcDbLine
 10
181.96327426242584
 20
171.12914832009238
 30
0.0
 11
183.36944025926726
 21
171.10152721053413
 31
0.0
  0
LINE
  5
91F
330
17
100
AcDbEntity
  8
隐藏线
100
AcDbLine
 10
183.36944025926726
 20
171.10152721053413
 30
0.0
 11
184.44329212145988
 21
171.08043369810272
 31
0.0
  0
LINE
  5
920
330
17
100
AcDbEntity
  8
隐藏线
100
AcDbLine
 10
184.44329212145988
 20
171.08043369810272
 30
0.0
 11
185.1825458225863
 21
171.06591264758947
 31
0.0
  0
LINE
  5
921
330
17
100
AcDbEntity
  8
隐藏线
100
AcDbLine
 10
184.5602295834612
 20
171.05472576713575
 30
0.0
 11
185.3000541951618
 21
171.05472576713575
 31
0.0
  0
LINE
  5
922
330
17
100
AcDbEntity
  8
隐藏线
100
AcDbLine
 10
183.48554840735068
 20
171.05472576713575
 30
0.0
 11
184.5602295834612
 21
171.05472576713575
 31
0.0
  0
LINE
  5
923
330
17
100
AcDbEntity
  8
隐藏线
100
AcDbLine
 10
182.07829645715472
 20
171.05472576713575
 30
0.0
 11
183.48554840735068
 21
171.05472576713575
 31
0.0
  0
LINE
  5
924
330
17
100
AcDbEntity
  8
隐藏线
100
AcDbLine
 10
180.34141298306696
 20
171.05472576713575
 30
0.0
 11
182.07829645715472
 21
171.05472576713575
 31
0.0
  0
LINE
  5
925
330
17
100
AcDbEntity
  8
隐藏线
100
AcDbLine
 10
178.25178993863454
 20
171.05472576713575
 30
0.0
 11
180.34141298306696
 21
171.05472576713575
 31
0.0
  0
LINE
  5
926
330
17
100
AcDbEntity
  8
隐藏线
100
AcDbLine
 10
175.84139577128755
 20
171.05472576713575
 30
0.0
 11
178.25178993863454
 21
171.05472576713575
 31
0.0
  0
LINE
  5
927
330
17
100
AcDbEntity
  8
隐藏线
100
AcDbLine
 10
173.11532706890856
 20
171.05472576713575
 30
0.0
 11
175.84139577128755
 21
171.05472576713575
 31
0.0
  0
LINE
  5
928
330
17
100
AcDbEntity
  8
隐藏线
100
AcDbLine
 10
170.07930068025817
 20
171.05472576713575
 30
0.0
 11
173.11532706890856
 21
171.05472576713575
 31
0.0
  0
LINE
  5
929
330
17
100
AcDbEntity
  8
隐藏线
100
AcDbLine
 10
168.9767457481368
 20
171.05472576713575
 30
0.0
 11
170.07930068025817
 21
171.05472576713575
 31
0.0
  0
LINE
  5
92A
330
17
100
AcDbEntity
  8
隐藏线
100
AcDbLine
 10
167.83976088500444
 20
171.05472576713575
 30
0.0
 11
168.9767457481368
 21
171.05472576713575
 31
0.0
  0
LINE
  5
92B
330
17
100
AcDbEntity
  8
隐藏线
100
AcDbLine
 10
166.6686207052659
 20
171.05472576713575
 30
0.0
 11
167.83976088500444
 21
171.05472576713575
 31
0.0
  0
LINE
  5
92C
330
17
100
AcDbEntity
  8
隐藏线
100
AcDbLine
 10
165.46360751514203
 20
171.05472576713575
 30
0.0
 11
166.6686207052659
 21
171.05472576713575
 31
0.0
  0
LINE
  5
92D
330
17
100
AcDbEntity
  8
隐藏线
100
AcDbLine
 10
164.22224509249548
 20
171.05472576713575
 30
0.0
 11
165.46360751514203
 21
171.05472576713575
 31
0.0
  0
LINE
  5
92E
330
17
100
AcDbEntity
  8
隐藏线
100
AcDbLine
 10
162.9476589589417
 20
171.05472576713575
 30
0.0
 11
164.22224509249548
 21
171.05472576713575
 31
0.0
  0
LINE
  5
92F
330
17
100
AcDbEntity
  8
隐藏线
100
AcDbLine
 10
161.64015692031825
 20
171.05472576713575
 30
0.0
 11
162.9476589589417
 21
171.05472576713575
 31
0.0
  0
LINE
  5
930
330
17
100
AcDbEntity
  8
隐藏线
100
AcDbLine
 10
160.30005419516183
 20
171.05472576713575
 30
0.0
 11
161.64015692031825
 21
171.05472576713575
 31
0.0
  0
LINE
  5
931
330
17
100
AcDbEntity
  8
隐藏线
100
AcDbLine
 10
157.5811042984033
 20
171.05472576713578
 30
0.0
 11
160.30005419516183
 21
171.05472576713575
 31
0.0
  0
LINE
  5
932
330
17
100
AcDbEntity
  8
隐藏线
100
AcDbLine
 10
154.7418070510645
 20
171.05472576713578
 30
0.0
 11
157.5811042984033
 21
171.05472576713578
 31
0.0
  0
LINE
  5
933
330
17
100
AcDbEntity
  8
隐藏线
100
AcDbLine
 10
151.7847816173556
 20
171.05472576713578
 30
0.0
 11
154.7418070510645
 21
171.05472576713578
 31
0.0
  0
LINE
  5
934
330
17
100
AcDbEntity
  8
隐藏线
100
AcDbLine
 10
148.7127483820106
 20
171.05472576713578
 30
0.0
 11
151.7847816173556
 21
171.05472576713578
 31
0.0
  0
LINE
  5
935
330
17
100
AcDbEntity
  8
隐藏线
100
AcDbLine
 10
145.51949621598885
 20
171.05472576713578
 30
0.0
 11
148.7127483820106
 21
171.05472576713578
 31
0.0
  0
LINE
  5
936
330
17
100
AcDbEntity
  8
隐藏线
100
AcDbLine
 10
142.21758469487216
 20
171.05472576713578
 30
0.0
 11
145.51949621598885
 21
171.05472576713578
 31
0.0
  0
LINE
  5
937
330
17
100
AcDbEntity
  8
隐藏线
100
AcDbLine
 10
138.8100587692831
 20
171.05472576713578
 30
0.0
 11
142.21758469487216
 21
171.05472576713578
 31
0.0
  0
LINE
  5
938
330
17
100
AcDbEntity
  8
隐藏线
100
AcDbLine
 10
135.30005419516186
 20
171.05472576713578
 30
0.0
 11
138.8100587692831
 21
171.05472576713578
 31
0.0
  0
LINE
  5
939
330
17
100
AcDbEntity
  8
隐藏线
100
AcDbLine
 10
134.59328860594144
 20
171.04225293516615
 30
0.0
 11
135.30005419516183
 21
171.0547257671358
 31
0.0
  0
LINE
  5
93A
330
17
100
AcDbEntity
  8
隐藏线
100
AcDbLine
 10
133.88935820421744
 20
171.00495948637024
 30
0.0
 11
134.59328860594144
 21
171.04225293516615
 31
0.0
  0
LINE
  5
93B
330
17
100
AcDbEntity
  8
隐藏线
100
AcDbLine
 10
133.1887923005054
 20
170.94303299141782
 30
0.0
 11
133.88935820421744
 21
171.00495948637024
 31
0.0
  0
LINE
  5
93C
330
17
100
AcDbEntity
  8
隐藏线
100
AcDbLine
 10
132.49212020532082
 20
170.85666102097855
 30
0.0
 11
133.1887923005054
 21
170.94303299141782
 31
0.0
  0
LINE
  5
93D
330
17
100
AcDbEntity
  8
隐藏线
100
AcDbLine
 10
131.7998712291792
 20
170.74603114572213
 30
0.0
 11
132.49212020532082
 21
170.85666102097855
 31
0.0
  0
LINE
  5
93E
330
17
100
AcDbEntity
  8
隐藏线
100
AcDbLine
 10
131.11257468259603
 20
170.6113309363182
 30
0.0
 11
131.7998712291792
 21
170.74603114572213
 31
0.0
  0
LINE
  5
93F
330
17
100
AcDbEntity
  8
隐藏线
100
AcDbLine
 10
130.43075992168684
 20
170.4527479463436
 30
0.0
 11
131.11257468259603
 21
170.6113309363182
 31
0.0
  0
LINE
  5
940
330
17
100
AcDbEntity
  8
隐藏线
100
AcDbLine
 10
129.75497946734737
 20
170.2704610461626
 30
0.0
 11
130.43075992168684
 21
170.4527479463436
 31
0.0
  0
LINE
  5
941
330
17
100
AcDbEntity
  8
隐藏线
100
AcDbLine
 10
129.0858466252218
 20
170.0646263212536
 30
0.0
 11
129.75497946734737
 21
170.2704610461626
 31
0.0
  0
LINE
  5
942
330
17
100
AcDbEntity
  8
隐藏线
100
AcDbLine
 10
128.423984550546
 20
169.8353961650203
 30
0.0
 11
129.0858466252218
 21
170.0646263212536
 31
0.0
  0
LINE
  5
943
330
17
100
AcDbEntity
  8
隐藏线
100
AcDbLine
 10
127.7700163985558
 20
169.5829229708665
 30
0.0
 11
128.423984550546
 21
169.8353961650203
 31
0.0
  0
LINE
  5
944
330
17
100
AcDbEntity
  8
隐藏线
100
AcDbLine
 10
127.124565324487
 20
169.30735913219596
 30
0.0
 11
127.7700163985558
 21
169.5829229708665
 31
0.0
  0
LINE
  5
945
330
17
100
AcDbEntity
  8
隐藏线
100
AcDbLine
 10
126.48825448357542
 20
169.00885704241242
 30
0.0
 11
127.124565324487
 21
169.30735913219596
 31
0.0
  0
LINE
  5
946
330
17
100
AcDbEntity
  8
隐藏线
100
AcDbLine
 10
125.8617070310569
 20
168.68756909491967
 30
0.0
 11
126.48825448357542
 21
169.00885704241242
 31
0.0
  0
LINE
  5
947
330
17
100
AcDbEntity
  8
隐藏线
100
AcDbLine
 10
125.24554612216727
 20
168.34364768312147
 30
0.0
 11
125.8617070310569
 21
168.68756909491967
 31
0.0
  0
LINE
  5
948
330
17
100
AcDbEntity
  8
隐藏线
100
AcDbLine
 10
124.64039491214233
 20
167.9772452004216
 30
0.0
 11
125.24554612216727
 21
168.34364768312147
 31
0.0
  0
LINE
  5
949
330
17
100
AcDbEntity
  8
隐藏线
100
AcDbLine
 10
124.63222566027574
 20
167.9902141255812
 30
0.0
 11
124.64039491214234
 21
167.97724520042163
 31
0.0
  0
LINE
  5
94A
330
17
100
AcDbEntity
  8
隐藏线
100
AcDbLine
 10
124.6090546589723
 20
168.02699876469916
 30
0.0
 11
124.63222566027574
 21
167.9902141255812
 31
0.0
  0
LINE
  5
94B
330
17
100
AcDbEntity
  8
隐藏线
100
AcDbLine
 10
124.57109458683696
 20
168.08726148429866
 30
0.0
 11
124.6090546589723
 21
168.02699876469916
 31
0.0
  0
LINE
  5
94C
330
17
100
AcDbEntity
  8
隐藏线
100
AcDbLine
 10
124.51868217495826
 20
168.17046771397392
 30
0.0
 11
124.57109458683696
 21
168.08726148429866
 31
0.0
  0
LINE
  5
94D
330
17
100
AcDbEntity
  8
隐藏线
100
AcDbLine
 10
124.4511749538886
 20
168.27763739267635
 30
0.0
 11
124.51868217495826
 21
168.17046771397392
 31
0.0
  0
LINE
  5
94E
330
17
100
AcDbEntity
  8
隐藏线
100
AcDbLine
 10
124.37040045404916
 20
168.40586926265965
 30
0.0
 11
124.4511749538886
 21
168.27763739267635
 31
0.0
  0
LINE
  5
94F
330
17
100
AcDbEntity
  8
隐藏线
100
AcDbLine
 10
124.27708838534876
 20
168.55400488820055
 30
0.0
 11
124.37040045404916
 21
168.40586926265965
 31
0.0
  0
LINE
  5
950
330
17
100
AcDbEntity
  8
隐藏线
100
AcDbLine
 10
124.1720736243136
 20
168.72071887850888
 30
0.0
 11
124.27708838534876
 21
168.55400488820055
 31
0.0
  0
LINE
  5
951
330
17
100
AcDbEntity
  8
隐藏线
100
AcDbLine
 10
124.05550579649423
 20
168.90577369866728
 30
0.0
 11
124.1720736243136
 21
168.72071887850888
 31
0.0
  0
LINE
  5
952
330
17
100
AcDbEntity
  8
隐藏线
100
AcDbLine
 10
123.92942498349673
 20
169.10593065973578
 30
0.0
 11
124.05550579649423
 21
168.90577369866728
 31
0.0
  0
LINE
  5
953
330
17
100
AcDbEntity
  8
隐藏线
100
AcDbLine
 10
123.79496683481487
 20
169.31938688508222
 30
0.0
 11
123.92942498349673
 21
169.10593065973578
 31
0.0
  0
LINE
  5
954
330
17
100
AcDbEntity
  8
隐藏线
100
AcDbLine
 10
123.65333727002965
 20
169.54422794226528
 30
0.0
 11
123.79496683481487
 21
169.31938688508222
 31
0.0
  0
LINE
  5
955
330
17
100
AcDbEntity
  8
隐藏线
100
AcDbLine
 10
123.50545523055612
 20
169.77899498503666
 30
0.0
 11
123.65333727002965
 21
169.54422794226528
 31
0.0
  0
LINE
  5
956
330
17
100
AcDbEntity
  8
隐藏线
100
AcDbLine
 10
123.35326276525399
 20
170.02060495429504
 30
0.0
 11
123.50545523055612
 21
169.77899498503666
 31
0.0
  0
LINE
  5
957
330
17
100
AcDbEntity
  8
隐藏线
100
AcDbLine
 10
123.19812857086131
 20
170.26688500412354
 30
0.0
 11
123.35326276525399
 21
170.02060495429504
 31
0.0
  0
LINE
  5
958
330
17
100
AcDbEntity
  8
隐藏线
100
AcDbLine
 10
123.04144601968942
 20
170.5156231154145
 30
0.0
 11
123.19812857086131
 21
170.26688500412354
 31
0.0
  0
LINE
  5
959
330
17
100
AcDbEntity
  8
隐藏线
100
AcDbLine
 10
123.04144601968943
 20
170.5156231154145
 30
0.0
 11
123.72856249725967
 21
170.7129703211571
 31
0.0
  0
LINE
  5
95A
330
17
100
AcDbEntity
  8
隐藏线
100
AcDbLine
 10
123.72856249725967
 20
170.7129703211571
 30
0.0
 11
124.42883779741605
 21
170.89712245137406
 31
0.0
  0
LINE
  5
95B
330
17
100
AcDbEntity
  8
隐藏线
100
AcDbLine
 10
124.42883779741605
 20
170.89712245137406
 30
0.0
 11
125.14155928444853
 21
171.06800581038354
 31
0.0
  0
LINE
  5
95C
330
17
100
AcDbEntity
  8
隐藏线
100
AcDbLine
 10
125.14155928444853
 20
171.06800581038354
 30
0.0
 11
125.86601432264705
 21
171.22554670250375
 31
0.0
  0
LINE
  5
95D
330
17
100
AcDbEntity
  8
隐藏线
100
AcDbLine
 10
125.86601432264705
 20
171.22554670250375
 30
0.0
 11
126.60149027630156
 21
171.36967143205283
 31
0.0
  0
LINE
  5
95E
330
17
100
AcDbEntity
  8
隐藏线
100
AcDbLine
 10
126.60149027630156
 20
171.36967143205283
 30
0.0
 11
127.347274509702
 21
171.50030630334894
 31
0.0
  0
LINE
  5
95F
330
17
100
AcDbEntity
  8
隐藏线
100
AcDbLine
 10
127.347274509702
 20
171.50030630334894
 30
0.0
 11
128.10265438713836
 21
171.6173776207103
 31
0.0
  0
LINE
  5
960
330
17
100
AcDbEntity
  8
隐藏线
100
AcDbLine
 10
128.10265438713836
 20
171.6173776207103
 30
0.0
 11
128.86691727290054
 21
171.72081168845506
 31
0.0
  0
LINE
  5
961
330
17
100
AcDbEntity
  8
隐藏线
100
AcDbLine
 10
128.86691727290054
 20
171.72081168845506
 30
0.0
 11
129.6393505312785
 21
171.81053481090134
 31
0.0
  0
LINE
  5
962
330
17
100
AcDbEntity
  8
隐藏线
100
AcDbLine
 10
129.6393505312785
 20
171.81053481090134
 30
0.0
 11
130.41925292818866
 21
171.88647094382458
 31
0.0
  0
LINE
  5
963
330
17
100
AcDbEntity
  8
隐藏线
100
AcDbLine
 10
130.41925292818866
 20
171.88647094382458
 30
0.0
 11
131.2059935923624
 21
171.9485295494464
 31
0.0
  0
LINE
  5
964
330
17
100
AcDbEntity
  8
隐藏线
100
AcDbLine
 10
131.2059935923624
 20
171.9485295494464
 30
0.0
 11
131.99896846746742
 21
171.9966145665637
 31
0.0
  0
LINE
  5
965
330
17
100
AcDbEntity
  8
隐藏线
100
AcDbLine
 10
131.99896846746742
 20
171.9966145665637
 30
0.0
 11
132.7975735499567
 21
172.03062992310046
 31
0.0
  0
LINE
  5
966
330
17
100
AcDbEntity
  8
隐藏线
100
AcDbLine
 10
132.7975735499567
 20
172.03062992310046
 30
0.0
 11
133.60120483628322
 21
172.0504795469807
 31
0.0
  0
LINE
  5
967
330
17
100
AcDbEntity
  8
隐藏线
100
AcDbLine
 10
133.60120483628322
 20
172.0504795469807
 30
0.0
 11
134.40925832289997
 21
172.05606736612847
 31
0.0
  0
LINE
  5
968
330
17
100
AcDbEntity
  8
隐藏线
100
AcDbLine
 10
134.40925832289997
 20
172.05606736612847
 30
0.0
 11
135.22113000625993
 21
172.0472973084677
 31
0.0
  0
LINE
  5
969
330
17
100
AcDbEntity
  8
隐藏线
100
AcDbLine
 10
124.63222566027565
 20
134.1192374086905
 30
0.0
 11
124.64039491214226
 21
134.13220633385006
 31
0.0
  0
LINE
  5
96A
330
17
100
AcDbEntity
  8
隐藏线
100
AcDbLine
 10
124.6090546589722
 20
134.08245276957254
 30
0.0
 11
124.63222566027565
 21
134.1192374086905
 31
0.0
  0
LINE
  5
96B
330
17
100
AcDbEntity
  8
隐藏线
100
AcDbLine
 10
124.57109458683688
 20
134.02219004997303
 30
0.0
 11
124.6090546589722
 21
134.08245276957254
 31
0.0
  0
LINE
  5
96C
330
17
100
AcDbEntity
  8
隐藏线
100
AcDbLine
 10
124.51868217495817
 20
133.93898382029778
 30
0.0
 11
124.57109458683688
 21
134.02219004997303
 31
0.0
  0
LINE
  5
96D
330
17
100
AcDbEntity
  8
隐藏线
100
AcDbLine
 10
124.45117495388851
 20
133.83181414159537
 30
0.0
 11
124.51868217495817
 21
133.93898382029778
 31
0.0
  0
LINE
  5
96E
330
17
100
AcDbEntity
  8
隐藏线
100
AcDbLine
 10
124.37040045404908
 20
133.70358227161205
 30
0.0
 11
124.45117495388851
 21
133.83181414159537
 31
0.0
  0
LINE
  5
96F
330
17
100
AcDbEntity
  8
隐藏线
100
AcDbLine
 10
124.27708838534868
 20
133.55544664607118
 30
0.0
 11
124.37040045404908
 21
133.70358227161205
 31
0.0
  0
LINE
  5
970
330
17
100
AcDbEntity
  8
隐藏线
100
AcDbLine
 10
124.17207362431351
 20
133.38873265576282
 30
0.0
 11
124.27708838534868
 21
133.55544664607118
 31
0.0
  0
LINE
  5
971
330
17
100
AcDbEntity
  8
隐藏线
100
AcDbLine
 10
124.05550579649415
 20
133.20367783560442
 30
0.0
 11
124.17207362431351
 21
133.38873265576282
 31
0.0
  0
LINE
  5
972
330
17
100
AcDbEntity
  8
隐藏线
100
AcDbLine
 10
123.92942498349663
 20
133.00352087453592
 30
0.0
 11
124.05550579649415
 21
133.20367783560442
 31
0.0
  0
LINE
  5
973
330
17
100
AcDbEntity
  8
隐藏线
100
AcDbLine
 10
123.79496683481477
 20
132.7900646491895
 30
0.0
 11
123.92942498349663
 21
133.00352087453592
 31
0.0
  0
LINE
  5
974
330
17
100
AcDbEntity
  8
隐藏线
100
AcDbLine
 10
123.65333727002957
 20
132.56522359200642
 30
0.0
 11
123.79496683481477
 21
132.7900646491895
 31
0.0
  0
LINE
  5
975
330
17
100
AcDbEntity
  8
隐藏线
100
AcDbLine
 10
123.50545523055604
 20
132.33045654923504
 30
0.0
 11
123.65333727002957
 21
132.56522359200642
 31
0.0
  0
LINE
  5
976
330
17
100
AcDbEntity
  8
隐藏线
100
AcDbLine
 10
123.35326276525389
 20
132.08884657997666
 30
0.0
 11
123.50545523055604
 21
132.33045654923504
 31
0.0
  0
LINE
  5
977
330
17
100
AcDbEntity
  8
隐藏线
100
AcDbLine
 10
123.19812857086123
 20
131.84256653014816
 30
0.0
 11
123.35326276525389
 21
132.08884657997666
 31
0.0
  0
LINE
  5
978
330
17
100
AcDbEntity
  8
隐藏线
100
AcDbLine
 10
123.04144601968932
 20
131.5938284188572
 30
0.0
 11
123.19812857086123
 21
131.84256653014816
 31
0.0
  0
LINE
  5
979
330
17
100
AcDbEntity
  8
隐藏线
100
AcDbLine
 10
134.40927688194608
 20
130.05337239740498
 30
0.0
 11
135.22113000626013
 21
130.0621542258039
 31
0.0
  0
LINE
  5
97A
330
17
100
AcDbEntity
  8
隐藏线
100
AcDbLine
 10
133.6012739347807
 20
130.05893011559334
 30
0.0
 11
134.40927688194608
 21
130.05337239740498
 31
0.0
  0
LINE
  5
97B
330
17
100
AcDbEntity
  8
隐藏线
100
AcDbLine
 10
132.79772679817603
 20
130.0787393085692
 30
0.0
 11
133.6012739347807
 21
130.05893011559334
 31
0.0
  0
LINE
  5
97C
330
17
100
AcDbEntity
  8
隐藏线
100
AcDbLine
 10
131.99924110554406
 20
130.1127119045327
 30
0.0
 11
132.79772679817603
 21
130.0787393085692
 31
0.0
  0
LINE
  5
97D
330
17
100
AcDbEntity
  8
隐藏线
100
AcDbLine
 10
131.20642249029686
 20
130.16075983168398
 30
0.0
 11
131.99924110554406
 21
130.1127119045327
 31
0.0
  0
LINE
  5
97E
330
17
100
AcDbEntity
  8
隐藏线
100
AcDbLine
 10
130.4198765858464
 20
130.22279501822322
 30
0.0
 11
131.20642249029686
 21
130.16075983168398
 31
0.0
  0
LINE
  5
97F
330
17
100
AcDbEntity
  8
隐藏线
100
AcDbLine
 10
129.6402090256047
 20
130.2987293923506
 30
0.0
 11
130.4198765858464
 21
130.22279501822322
 31
0.0
  0
LINE
  5
980
330
17
100
AcDbEntity
  8
隐藏线
100
AcDbLine
 10
128.86802544298376
 20
130.38847488226622
 30
0.0
 11
129.6402090256047
 21
130.2987293923506
 31
0.0
  0
LINE
  5
981
330
17
100
AcDbEntity
  8
隐藏线
100
AcDbLine
 10
128.10393147139567
 20
130.4919434161703
 30
0.0
 11
128.86802544298376
 21
130.38847488226622
 31
0.0
  0
LINE
  5
982
330
17
100
AcDbEntity
  8
隐藏线
100
AcDbLine
 10
127.3485499122873
 20
130.60904840285843
 30
0.0
 11
128.10393147139567
 21
130.4919434161703
 31
0.0
  0
LINE
  5
983
330
17
100
AcDbEntity
  8
隐藏线
100
AcDbLine
 10
126.60260951613597
 20
130.7397123883194
 30
0.0
 11
127.3485499122873
 21
130.60904840285843
 31
0.0
  0
LINE
  5
984
330
17
100
AcDbEntity
  8
隐藏线
100
AcDbLine
 10
125.86687941009373
 20
130.88386140068314
 30
0.0
 11
126.60260951613597
 21
130.7397123883194
 31
0.0
  0
LINE
  5
985
330
17
100
AcDbEntity
  8
隐藏线
100
AcDbLine
 10
125.14212880079427
 20
131.04142147493425
 30
0.0
 11
125.86687941009373
 21
130.88386140068314
 31
0.0
  0
LINE
  5
986
330
17
100
AcDbEntity
  8
隐藏线
100
AcDbLine
 10
124.42912689487126
 20
131.21231864605727
 30
0.0
 11
125.14212880079427
 21
131.04142147493425
 31
0.0
  0
LINE
  5
987
330
17
100
AcDbEntity
  8
隐藏线
100
AcDbLine
 10
123.72864289895838
 20
131.39647894903675
 30
0.0
 11
124.42912689487126
 21
131.21231864605727
 31
0.0
  0
LINE
  5
988
330
17
100
AcDbEntity
  8
隐藏线
100
AcDbLine
 10
123.04144601968932
 20
131.5938284188572
 30
0.0
 11
123.72864289895838
 21
131.39647894903675
 31
0.0
  0
LINE
  5
989
330
17
100
AcDbEntity
  8
隐藏线
100
AcDbLine
 10
124.64039491214223
 20
134.13220633385
 30
0.0
 11
125.24561622187615
 21
133.76579717214042
 31
0.0
  0
LINE
  5
98A
330
17
100
AcDbEntity
  8
隐藏线
100
AcDbLine
 10
125.24561622187615
 20
133.76579717214042
 30
0.0
 11
125.86195916439675
 21
133.42185443395618
 31
0.0
  0
LINE
  5
98B
330
17
100
AcDbEntity
  8
隐藏线
100
AcDbLine
 10
125.86195916439675
 20
133.42185443395618
 30
0.0
 11
126.48875130724548
 21
133.10053291180105
 31
0.0
  0
LINE
  5
98C
330
17
100
AcDbEntity
  8
隐藏线
100
AcDbLine
 10
126.48875130724548
 20
133.10053291180105
 30
0.0
 11
127.12532021796375
 21
132.8019873981788
 31
0.0
  0
LINE
  5
98D
330
17
100
AcDbEntity
  8
隐藏线
100
AcDbLine
 10
127.12532021796375
 20
132.8019873981788
 30
0.0
 11
127.77099346409301
 21
132.52637268559326
 31
0.0
  0
LINE
  5
98E
330
17
100
AcDbEntity
  8
隐藏线
100
AcDbLine
 10
127.77099346409301
 20
132.52637268559326
 30
0.0
 11
128.4250986131747
 21
132.27384356654818
 31
0.0
  0
LINE
  5
98F
330
17
100
AcDbEntity
  8
隐藏线
100
AcDbLine
 10
128.4250986131747
 20
132.27384356654818
 30
0.0
 11
129.0869633017374
 21
132.0445548427461
 31
0.0
  0
LINE
  5
990
330
17
100
AcDbEntity
  8
隐藏线
100
AcDbLine
 10
129.0869633017374
 20
132.0445548427461
 30
0.0
 11
129.75595021178617
 21
131.83866598885137
 31
0.0
  0
LINE
  5
991
330
17
100
AcDbEntity
  8
隐藏线
100
AcDbLine
 10
129.75595021178617
 20
131.83866598885137
 30
0.0
 11
130.43151398520848
 21
131.65634874145377
 31
0.0
  0
LINE
  5
992
330
17
100
AcDbEntity
  8
隐藏线
100
AcDbLine
 10
130.43151398520848
 20
131.65634874145377
 30
0.0
 11
131.1131241651178
 21
131.49777682407168
 31
0.0
  0
LINE
  5
993
330
17
100
AcDbEntity
  8
隐藏线
100
AcDbLine
 10
131.1131241651178
 20
131.49777682407168
 30
0.0
 11
131.80025029462772
 21
131.36312396022353
 31
0.0
  0
LINE
  5
994
330
17
100
AcDbEntity
  8
隐藏线
100
AcDbLine
 10
131.80025029462772
 20
131.36312396022353
 30
0.0
 11
132.49236191685185
 21
131.2525638734277
 31
0.0
  0
LINE
  5
995
330
17
100
AcDbEntity
  8
隐藏线
100
AcDbLine
 10
132.49236191685185
 20
131.2525638734277
 30
0.0
 11
133.1889285749038
 21
131.1662702872026
 31
0.0
  0
LINE
  5
996
330
17
100
AcDbEntity
  8
隐藏线
100
AcDbLine
 10
133.1889285749038
 20
131.1662702872026
 30
0.0
 11
133.88941981189706
 21
131.10441692506666
 31
0.0
  0
LINE
  5
997
330
17
100
AcDbEntity
  8
隐藏线
100
AcDbLine
 10
133.88941981189706
 20
131.10441692506666
 30
0.0
 11
134.59330517094529
 21
131.06717751053824
 31
0.0
  0
LINE
  5
998
330
17
100
AcDbEntity
  8
隐藏线
100
AcDbLine
 10
134.59330517094529
 20
131.06717751053824
 30
0.0
 11
135.30005419516203
 21
131.0547257671358
 31
0.0
  0
LINE
  5
999
330
17
100
AcDbEntity
  8
隐藏线
100
AcDbLine
 10
185.29270081512954
 20
131.05468204130472
 30
0.0
 11
185.3000541951618
 21
131.0547257671358
 31
0.0
  0
LINE
  5
99A
330
17
100
AcDbEntity
  8
隐藏线
100
AcDbLine
 10
185.233899494597
 20
131.05118466306863
 30
0.0
 11
185.24124515915773
 21
131.05192774219847
 31
0.0
  0
LINE
  5
99B
330
17
100
AcDbEntity
  8
隐藏线
100
AcDbLine
 10
185.22655575848248
 20
131.05035423550177
 30
0.0
 11
185.233899494597
 21
131.05118466306863
 31
0.0
  0
LINE
  5
99C
330
17
100
AcDbEntity
  8
隐藏线
100
AcDbLine
 10
184.44329212146016
 20
131.02901783616883
 30
0.0
 11
185.1825458225865
 21
131.0435388866821
 31
0.0
  0
LINE
  5
99D
330
17
100
AcDbEntity
  8
隐藏线
100
AcDbLine
 10
183.36944025926766
 20
131.00792432373746
 30
0.0
 11
184.44329212146016
 21
131.02901783616883
 31
0.0
  0
LINE
  5
99E
330
17
100
AcDbEntity
  8
隐藏线
100
AcDbLine
 10
181.9632742624263
 20
130.9803032141792
 30
0.0
 11
183.36944025926766
 21
131.00792432373746
 31
0.0
  0
LINE
  5
99F
330
17
100
AcDbEntity
  8
隐藏线
100
AcDbLine
 10
180.22773111295837
 20
130.94621219819516
 30
0.0
 11
181.9632742624263
 21
130.9803032141792
 31
0.0
  0
LINE
  5
9A0
330
17
100
AcDbEntity
  8
隐藏线
100
AcDbLine
 10
178.13972059651317
 20
130.90519771813868
 30
0.0
 11
180.22773111295837
 21
130.94621219819516
 31
0.0
  0
LINE
  5
9A1
330
17
100
AcDbEntity
  8
隐藏线
100
AcDbLine
 10
175.7311864909919
 20
130.8578872408886
 30
0.0
 11
178.13972059651317
 21
130.90519771813868
 31
0.0
  0
LINE
  5
9A2
330
17
100
AcDbEntity
  8
隐藏线
100
AcDbLine
 10
173.00722145132335
 20
130.8043808007083
 30
0.0
 11
175.7311864909919
 21
130.8578872408886
 31
0.0
  0
LINE
  5
9A3
330
17
100
AcDbEntity
  8
隐藏线
100
AcDbLine
 10
169.9735379146694
 20
130.74479060615144
 30
0.0
 11
173.00722145132335
 21
130.8043808007083
 31
0.0
  0
LINE
  5
9A4
330
17
100
AcDbEntity
  8
隐藏线
100
AcDbLine
 10
167.08771256307404
 20
130.688104767935
 30
0.0
 11
169.9735379146694
 21
130.74479060615144
 31
0.0
  0
LINE
  5
9A5
330
17
100
AcDbEntity
  8
隐藏线
100
AcDbLine
 10
163.98085106237212
 20
130.62707714951298
 30
0.0
 11
167.08771256307404
 21
130.688104767935
 31
0.0
  0
LINE
  5
9A6
330
17
100
AcDbEntity
  8
隐藏线
100
AcDbLine
 10
160.65784861783405
 20
130.56180390667456
 30
0.0
 11
163.98085106237212
 21
130.62707714951298
 31
0.0
  0
LINE
  5
9A7
330
17
100
AcDbEntity
  8
隐藏线
100
AcDbLine
 10
157.12391754894716
 20
130.49238742423626
 30
0.0
 11
160.65784861783405
 21
130.56180390667456
 31
0.0
  0
LINE
  5
9A8
330
17
100
AcDbEntity
  8
隐藏线
100
AcDbLine
 10
153.36810198063006
 20
130.41861249757318
 30
0.0
 11
157.12391754894716
 21
130.49238742423626
 31
0.0
  0
LINE
  5
9A9
330
17
100
AcDbEntity
  8
隐藏线
100
AcDbLine
 10
149.41396204560402
 20
130.34094191486858
 30
0.0
 11
153.36810198063006
 21
130.41861249757318
 31
0.0
  0
LINE
  5
9AA
330
17
100
AcDbEntity
  8
隐藏线
100
AcDbLine
 10
145.26772358182728
 20
130.25949796933162
 30
0.0
 11
149.41396204560402
 21
130.34094191486858
 31
0.0
  0
LINE
  5
9AB
330
17
100
AcDbEntity
  8
隐藏线
100
AcDbLine
 10
140.93589426730864
 20
130.17440849031368
 30
0.0
 11
145.26772358182728
 21
130.25949796933162
 31
0.0
  0
LINE
  5
9AC
330
17
100
AcDbEntity
  8
隐藏线
100
AcDbLine
 10
140.23684481615467
 20
130.16067716590365
 30
0.0
 11
140.93589426730864
 21
130.17440849031368
 31
0.0
  0
LINE
  5
9AD
330
17
100
AcDbEntity
  8
隐藏线
100
AcDbLine
 10
139.5334194169995
 20
130.14685988539782
 30
0.0
 11
140.23684481615467
 21
130.16067716590365
 31
0.0
  0
LINE
  5
9AE
330
17
100
AcDbEntity
  8
隐藏线
100
AcDbLine
 10
138.82564542771016
 20
130.13295718618267
 30
0.0
 11
139.5334194169995
 21
130.14685988539782
 31
0.0
  0
LINE
  5
9AF
330
17
100
AcDbEntity
  8
隐藏线
100
AcDbLine
 10
138.113550363973
 20
130.11896960874475
 30
0.0
 11
138.82564542771016
 21
130.13295718618267
 31
0.0
  0
LINE
  5
9B0
330
17
100
AcDbEntity
  8
隐藏线
100
AcDbLine
 10
137.39680713370458
 20
130.1048907280629
 30
0.0
 11
138.113550363973
 21
130.11896960874475
 31
0.0
  0
LINE
  5
9B1
330
17
100
AcDbEntity
  8
隐藏线
100
AcDbLine
 10
136.67580394425443
 20
130.0907281696364
 30
0.0
 11
137.39680713370458
 21
130.1048907280629
 31
0.0
  0
LINE
  5
9B2
330
17
100
AcDbEntity
  8
隐藏线
100
AcDbLine
 10
135.95056883683912
 20
130.07648248427463
 30
0.0
 11
136.67580394425443
 21
130.0907281696364
 31
0.0
  0
LINE
  5
9B3
330
17
100
AcDbEntity
  8
隐藏线
100
AcDbLine
 10
135.22113000626015
 20
130.0621542258039
 30
0.0
 11
135.95056883683912
 21
130.07648248427463
 31
0.0
  0
LINE
  5
9B4
330
17
100
AcDbEntity
  8
隐藏线
100
AcDbLine
 10
135.30005419516192
 20
131.0547257671358
 30
0.0
 11
138.81005876928313
 21
131.0547257671358
 31
0.0
  0
LINE
  5
9B5
330
17
100
AcDbEntity
  8
隐藏线
100
AcDbLine
 10
138.81005876928313
 20
131.0547257671358
 30
0.0
 11
142.21758469487216
 21
131.0547257671358
 31
0.0
  0
LINE
  5
9B6
330
17
100
AcDbEntity
  8
隐藏线
100
AcDbLine
 10
142.21758469487216
 20
131.0547257671358
 30
0.0
 11
145.5194962159889
 21
131.0547257671358
 31
0.0
  0
LINE
  5
9B7
330
17
100
AcDbEntity
  8
隐藏线
100
AcDbLine
 10
145.5194962159889
 20
131.0547257671358
 30
0.0
 11
148.7127483820106
 21
131.0547257671358
 31
0.0
  0
LINE
  5
9B8
330
17
100
AcDbEntity
  8
隐藏线
100
AcDbLine
 10
148.7127483820106
 20
131.0547257671358
 30
0.0
 11
151.7847816173556
 21
131.0547257671358
 31
0.0
  0
LINE
  5
9B9
330
17
100
AcDbEntity
  8
隐藏线
100
AcDbLine
 10
151.7847816173556
 20
131.0547257671358
 30
0.0
 11
154.74180705106457
 21
131.0547257671358
 31
0.0
  0
LINE
  5
9BA
330
17
100
AcDbEntity
  8
隐藏线
100
AcDbLine
 10
154.74180705106457
 20
131.0547257671358
 30
0.0
 11
157.58110429840332
 21
131.0547257671358
 31
0.0
  0
LINE
  5
9BB
330
17
100
AcDbEntity
  8
隐藏线
100
AcDbLine
 10
157.58110429840332
 20
131.0547257671358
 30
0.0
 11
160.3000541951618
 21
131.0547257671358
 31
0.0
  0
LINE
  5
9BC
330
17
100
AcDbEntity
  8
隐藏线
100
AcDbLine
 10
160.3000541951618
 20
131.0547257671358
 30
0.0
 11
161.64015692031853
 21
131.0547257671358
 31
0.0
  0
LINE
  5
9BD
330
17
100
AcDbEntity
  8
隐藏线
100
AcDbLine
 10
161.64015692031853
 20
131.0547257671358
 30
0.0
 11
162.94765895894227
 21
131.0547257671358
 31
0.0
  0
LINE
  5
9BE
330
17
100
AcDbEntity
  8
隐藏线
100
AcDbLine
 10
162.94765895894227
 20
131.0547257671358
 30
0.0
 11
164.22224509249634
 21
131.0547257671358
 31
0.0
  0
LINE
  5
9BF
330
17
100
AcDbEntity
  8
隐藏线
100
AcDbLine
 10
164.22224509249634
 20
131.0547257671358
 30
0.0
 11
165.46360751514317
 21
131.0547257671358
 31
0.0
  0
LINE
  5
9C0
330
17
100
AcDbEntity
  8
隐藏线
100
AcDbLine
 10
165.46360751514317
 20
131.0547257671358
 30
0.0
 11
166.6686207052674
 21
131.0547257671358
 31
0.0
  0
LINE
  5
9C1
330
17
100
AcDbEntity
  8
隐藏线
100
AcDbLine
 10
166.6686207052674
 20
131.0547257671358
 30
0.0
 11
167.83976088500614
 21
131.0547257671358
 31
0.0
  0
LINE
  5
9C2
330
17
100
AcDbEntity
  8
隐藏线
100
AcDbLine
 10
167.83976088500614
 20
131.0547257671358
 30
0.0
 11
168.9767457481387
 21
131.0547257671358
 31
0.0
  0
LINE
  5
9C3
330
17
100
AcDbEntity
  8
隐藏线
100
AcDbLine
 10
168.9767457481387
 20
131.0547257671358
 30
0.0
 11
170.07930068026025
 21
131.0547257671358
 31
0.0
  0
LINE
  5
9C4
330
17
100
AcDbEntity
  8
隐藏线
100
AcDbLine
 10
170.07930068026025
 20
131.0547257671358
 30
0.0
 11
173.1153270689106
 21
131.05472576713578
 31
0.0
  0
LINE
  5
9C5
330
17
100
AcDbEntity
  8
隐藏线
100
AcDbLine
 10
173.1153270689106
 20
131.05472576713578
 30
0.0
 11
175.84139577128948
 21
131.05472576713578
 31
0.0
  0
LINE
  5
9C6
330
17
100
AcDbEntity
  8
隐藏线
100
AcDbLine
 10
175.84139577128948
 20
131.05472576713578
 30
0.0
 11
178.2517899386363
 21
131.05472576713578
 31
0.0
  0
LINE
  5
9C7
330
17
100
AcDbEntity
  8
隐藏线
100
AcDbLine
 10
178.2517899386363
 20
131.05472576713578
 30
0.0
 11
180.34141298306852
 21
131.05472576713578
 31
0.0
  0
LINE
  5
9C8
330
17
100
AcDbEntity
  8
隐藏线
100
AcDbLine
 10
180.34141298306852
 20
131.05472576713578
 30
0.0
 11
182.07829645715597
 21
131.05472576713578
 31
0.0
  0
LINE
  5
9C9
330
17
100
AcDbEntity
  8
隐藏线
100
AcDbLine
 10
182.07829645715597
 20
131.05472576713578
 30
0.0
 11
183.48554840735156
 21
131.05472576713578
 31
0.0
  0
LINE
  5
9CA
330
17
100
AcDbEntity
  8
隐藏线
100
AcDbLine
 10
183.48554840735156
 20
131.05472576713578
 30
0.0
 11
184.56022958346162
 21
131.05472576713578
 31
0.0
  0
LINE
  5
9CB
330
17
100
AcDbEntity
  8
隐藏线
100
AcDbLine
 10
184.56022958346162
 20
131.05472576713578
 30
0.0
 11
185.30005419516178
 21
131.05472576713578
 31
0.0
  0
LINE
  5
9CC
330
17
100
AcDbEntity
  8
隐藏线
100
AcDbLine
 10
185.30005419516183
 20
131.0547257671358
 30
0.0
 11
185.34918686026128
 21
131.05478611770116
 31
0.0
  0
LINE
  5
9CD
330
17
100
AcDbEntity
  8
隐藏线
100
AcDbLine
 10
185.34918686026128
 20
131.05478611770116
 30
0.0
 11
185.3983171585602
 21
131.05496715886196
 31
0.0
  0
LINE
  5
9CE
330
17
100
AcDbEntity
  8
隐藏线
100
AcDbLine
 10
185.3983171585602
 20
131.05496715886196
 30
0.0
 11
185.44744486792445
 21
131.05526887481523
 31
0.0
  0
LINE
  5
9CF
330
17
100
AcDbEntity
  8
隐藏线
100
AcDbLine
 10
185.44744486792445
 20
131.05526887481523
 30
0.0
 11
185.49656976621984
 21
131.0556912497581
 31
0.0
  0
LINE
  5
9D0
330
17
100
AcDbEntity
  8
隐藏线
100
AcDbLine
 10
185.49656976621984
 20
131.0556912497581
 30
0.0
 11
185.5456916313122
 21
131.05623426788762
 31
0.0
  0
LINE
  5
9D1
330
17
100
AcDbEntity
  8
隐藏线
100
AcDbLine
 10
185.5456916313122
 20
131.05623426788762
 30
0.0
 11
185.59481024106742
 21
131.05689791340086
 31
0.0
  0
LINE
  5
9D2
330
17
100
AcDbEntity
  8
隐藏线
100
AcDbLine
 10
185.59481024106742
 20
131.05689791340086
 30
0.0
 11
185.64392537335127
 21
131.05768217049493
 31
0.0
  0
LINE
  5
9D3
330
17
100
AcDbEntity
  8
隐藏线
100
AcDbLine
 10
185.64392537335127
 20
131.05768217049493
 30
0.0
 11
185.69303680602965
 21
131.05858702336687
 31
0.0
  0
LINE
  5
9D4
330
17
100
AcDbEntity
  8
隐藏线
100
AcDbLine
 10
185.69303680602965
 20
131.05858702336687
 30
0.0
 11
185.74214431696834
 21
131.05961245621378
 31
0.0
  0
LINE
  5
9D5
330
17
100
AcDbEntity
  8
隐藏线
100
AcDbLine
 10
185.74214431696834
 20
131.05961245621378
 30
0.0
 11
185.79124768403324
 21
131.06075845323272
 31
0.0
  0
LINE
  5
9D6
330
17
100
AcDbEntity
  8
隐藏线
100
AcDbLine
 10
185.8403466850901
 20
131.06202499862079
 30
0.0
 11
185.88944109800485
 21
131.06341207657502
 31
0.0
  0
LINE
  5
9D7
330
17
100
AcDbEntity
  8
隐藏线
100
AcDbLine
 10
185.88944109800485
 20
131.06341207657502
 30
0.0
 11
185.93853070064327
 21
131.06491967129256
 31
0.0
  0
LINE
  5
9D8
330
17
100
AcDbEntity
  8
隐藏线
100
AcDbLine
 10
185.93853070064327
 20
131.06491967129256
 30
0.0
 11
185.98761527087123
 21
131.0665477669704
 31
0.0
  0
LINE
  5
9D9
330
17
100
AcDbEntity
  8
隐藏线
100
AcDbLine
 10
185.98761527087123
 20
131.0665477669704
 30
0.0
 11
186.03669458655455
 21
131.06829634780567
 31
0.0
  0
LINE
  5
9DA
330
17
100
AcDbEntity
  8
隐藏线
100
AcDbLine
 10
186.03669458655455
 20
131.06829634780567
 30
0.0
 11
186.08576848087614
 21
131.0701654001619
 31
0.0
  0
LINE
  5
9DB
330
17
100
AcDbEntity
  8
隐藏线
100
AcDbLine
 10
160.30005419516183
 20
131.0547257671358
 30
0.0
 11
185.30005419516183
 21
131.0547257671358
 31
0.0
  0
LINE
  5
9DC
330
17
100
AcDbEntity
  8
隐藏线
100
AcDbLine
 10
135.30005419516183
 20
131.0547257671358
 30
0.0
 11
160.30005419516183
 21
131.0547257671358
 31
0.0
  0
LINE
  5
9DD
330
17
100
AcDbEntity
  8
隐藏线
100
AcDbLine
 10
135.30005419516183
 20
171.0547257671358
 30
0.0
 11
160.30005419516183
 21
171.0547257671358
 31
0.0
  0
LINE
  5
9DE
330
17
100
AcDbEntity
  8
隐藏线
100
AcDbLine
 10
160.30005419516183
 20
171.0547257671358
 30
0.0
 11
185.30005419516183
 21
171.05472576713578
 31
0.0
  0
LINE
  5
9DF
330
17
100
AcDbEntity
  8
隐藏线
100
AcDbLine
 10
13.8061681391614
 20
141.0547257671358
 30
0.0
 11
13.99837875989894
 21
141.0547257671358
 31
0.0
  0
LINE
  5
9E0
330
17
100
AcDbEntity
  8
隐藏线
100
AcDbLine
 10
13.614047500052777
 20
141.0547257671358
 30
0.0
 11
13.8061681391614
 21
141.0547257671358
 31
0.0
  0
LINE
  5
9E1
330
17
100
AcDbEntity
  8
隐藏线
100
AcDbLine
 10
13.42209860489669
 20
141.0547257671358
 30
0.0
 11
13.614047500052777
 21
141.0547257671358
 31
0.0
  0
LINE
  5
9E2
330
17
100
AcDbEntity
  8
隐藏线
100
AcDbLine
 10
13.230403147797034
 20
141.0547257671358
 30
0.0
 11
13.42209860489669
 21
141.0547257671358
 31
0.0
  0
LINE
  5
9E3
330
17
100
AcDbEntity
  8
隐藏线
100
AcDbLine
 10
13.039079466510373
 20
141.0547257671358
 30
0.0
 11
13.230403147797034
 21
141.0547257671358
 31
0.0
  0
LINE
  5
9E4
330
17
100
AcDbEntity
  8
隐藏线
100
AcDbLine
 10
12.848188530156392
 20
141.0547257671358
 30
0.0
 11
13.039079466510373
 21
141.0547257671358
 31
0.0
  0
LINE
  5
9E5
330
17
100
AcDbEntity
  8
隐藏线
100
AcDbLine
 10
12.657811572853433
 20
141.0547257671358
 30
0.0
 11
12.848188530156392
 21
141.0547257671358
 31
0.0
  0
LINE
  5
9E6
330
17
100
AcDbEntity
  8
隐藏线
100
AcDbLine
 10
12.468029624558426
 20
141.0547257671358
 30
0.0
 11
12.657811572853433
 21
141.0547257671358
 31
0.0
  0
LINE
  5
9E7
330
17
100
AcDbEntity
  8
隐藏线
100
AcDbLine
 10
10.95005310600871
 20
141.0547257671358
 30
0.0
 11
12.468029624558426
 21
141.0547257671358
 31
0.0
  0
LINE
  5
9E8
330
17
100
AcDbEntity
  8
隐藏线
100
AcDbLine
 10
9.525410079736673
 20
141.0547257671358
 30
0.0
 11
10.95005310600871
 21
141.0547257671358
 31
0.0
  0
LINE
  5
9E9
330
17
100
AcDbEntity
  8
隐藏线
100
AcDbLine
 10
8.234607182792246
 20
141.0547257671358
 30
0.0
 11
9.525410079736673
 21
141.0547257671358
 31
0.0
  0
LINE
  5
9EA
330
17
100
AcDbEntity
  8
隐藏线
100
AcDbLine
 10
7.114588299039212
 20
141.0547257671358
 30
0.0
 11
8.234607182792246
 21
141.0547257671358
 31
0.0
  0
LINE
  5
9EB
330
17
100
AcDbEntity
  8
隐藏线
100
AcDbLine
 10
6.217567715336628
 20
141.0547257671358
 30
0.0
 11
7.114588299039212
 21
141.0547257671358
 31
0.0
  0
LINE
  5
9EC
330
17
100
AcDbEntity
  8
隐藏线
100
AcDbLine
 10
5.554532964214104
 20
141.0547257671358
 30
0.0
 11
6.217567715336628
 21
141.0547257671358
 31
0.0
  0
LINE
  5
9ED
330
17
100
AcDbEntity
  8
隐藏线
100
AcDbLine
 10
5.144154892385728
 20
141.0547257671358
 30
0.0
 11
5.554532964214104
 21
141.0547257671358
 31
0.0
  0
LINE
  5
9EE
330
17
100
AcDbEntity
  8
隐藏线
100
AcDbLine
 10
4.998378759899936
 20
141.0547257671358
 30
0.0
 11
5.144154892385728
 21
141.0547257671358
 31
0.0
  0
LINE
  5
9EF
330
17
100
AcDbEntity
  8
隐藏线
100
AcDbLine
 10
16.440406777999442
 20
141.0547257671358
 30
0.0
 11
18.882434796099915
 21
141.0547257671358
 31
0.0
  0
LINE
  5
9F0
330
17
100
AcDbEntity
  8
隐藏线
100
AcDbLine
 10
13.99837875989894
 20
141.0547257671358
 30
0.0
 11
16.440406777999442
 21
141.0547257671358
 31
0.0
  0
LINE
  5
9F1
330
17
100
AcDbEntity
  8
隐藏线
100
AcDbLine
 10
19.410057642658472
 20
141.0547257671358
 30
0.0
 11
19.937680489216916
 21
141.0547257671358
 31
0.0
  0
LINE
  5
9F2
330
17
100
AcDbEntity
  8
隐藏线
100
AcDbLine
 10
18.882434796099915
 20
141.0547257671358
 30
0.0
 11
19.410057642658472
 21
141.0547257671358
 31
0.0
  0
LINE
  5
9F3
330
17
100
AcDbEntity
  8
隐藏线
100
AcDbLine
 10
16.88883332164977
 20
141.0547257671358
 30
0.0
 11
16.998378759899936
 21
141.0547257671358
 31
0.0
  0
LINE
  5
9F4
330
17
100
AcDbEntity
  8
隐藏线
100
AcDbLine
 10
16.58471453769451
 20
141.0547257671358
 30
0.0
 11
16.88883332164977
 21
141.0547257671358
 31
0.0
  0
LINE
  5
9F5
330
17
100
AcDbEntity
  8
隐藏线
100
AcDbLine
 10
16.105990411158814
 20
141.0547257671358
 30
0.0
 11
16.58471453769451
 21
141.0547257671358
 31
0.0
  0
LINE
  5
9F6
330
17
100
AcDbEntity
  8
隐藏线
100
AcDbLine
 10
15.48312664994313
 20
141.0547257671358
 30
0.0
 11
16.105990411158814
 21
141.0547257671358
 31
0.0
  0
LINE
  5
9F7
330
17
100
AcDbEntity
  8
隐藏线
100
AcDbLine
 10
14.751831316523578
 20
141.0547257671358
 30
0.0
 11
15.48312664994313
 21
141.0547257671358
 31
0.0
  0
LINE
  5
9F8
330
17
100
AcDbEntity
  8
隐藏线
100
AcDbLine
 10
13.972080708121183
 20
141.0547257671358
 30
0.0
 11
14.751831316523578
 21
141.0547257671358
 31
0.0
  0
LINE
  5
9F9
330
17
100
AcDbEntity
  8
隐藏线
100
AcDbLine
 10
13.194105499641495
 20
141.0547257671358
 30
0.0
 11
13.972080708121183
 21
141.0547257671358
 31
0.0
  0
LINE
  5
9FA
330
17
100
AcDbEntity
  8
隐藏线
100
AcDbLine
 10
12.468029624558426
 20
141.0547257671358
 30
0.0
 11
13.194105499641495
 21
141.0547257671358
 31
0.0
  0
LINE
  5
9FB
330
17
100
AcDbEntity
  8
隐藏线
100
AcDbLine
 10
12.1487146711722
 20
141.0547257671358
 30
0.0
 11
12.468029624558426
 21
141.0547257671358
 31
0.0
  0
LINE
  5
9FC
330
17
100
AcDbEntity
  8
隐藏线
100
AcDbLine
 10
11.859955230067328
 20
141.0547257671358
 30
0.0
 11
12.1487146711722
 21
141.0547257671358
 31
0.0
  0
LINE
  5
9FD
330
17
100
AcDbEntity
  8
隐藏线
100
AcDbLine
 10
11.6062423349384
 20
141.0547257671358
 30
0.0
 11
11.859955230067328
 21
141.0547257671358
 31
0.0
  0
LINE
  5
9FE
330
17
100
AcDbEntity
  8
隐藏线
100
AcDbLine
 10
11.391556229881388
 20
141.0547257671358
 30
0.0
 11
11.6062423349384
 21
141.0547257671358
 31
0.0
  0
LINE
  5
9FF
330
17
100
AcDbEntity
  8
隐藏线
100
AcDbLine
 10
11.223137267484844
 20
141.0547257671358
 30
0.0
 11
11.391556229881388
 21
141.0547257671358
 31
0.0
  0
LINE
  5
A00
330
17
100
AcDbEntity
  8
隐藏线
100
AcDbLine
 10
11.10032129562407
 20
141.0547257671358
 30
0.0
 11
11.223137267484844
 21
141.0547257671358
 31
0.0
  0
LINE
  5
A01
330
17
100
AcDbEntity
  8
隐藏线
100
AcDbLine
 10
11.0250014828477
 20
141.0547257671358
 30
0.0
 11
11.10032129562407
 21
141.0547257671358
 31
0.0
  0
LINE
  5
A02
330
17
100
AcDbEntity
  8
隐藏线
100
AcDbLine
 10
10.998378759899936
 20
141.0547257671358
 30
0.0
 11
11.0250014828477
 21
141.0547257671358
 31
0.0
  0
LINE
  5
A03
330
17
100
AcDbEntity
  8
隐藏线
100
AcDbLine
 10
4.998378759899936
 20
161.0547257671358
 30
0.0
 11
5.131994816908303
 21
161.0547257671358
 31
0.0
  0
LINE
  5
A04
330
17
100
AcDbEntity
  8
隐藏线
100
AcDbLine
 10
5.131994816908303
 20
161.0547257671358
 30
0.0
 11
5.508486642626508
 21
161.0547257671358
 31
0.0
  0
LINE
  5
A05
330
17
100
AcDbEntity
  8
隐藏线
100
AcDbLine
 10
5.508486642626508
 20
161.0547257671358
 30
0.0
 11
6.117809869064644
 21
161.0547257671358
 31
0.0
  0
LINE
  5
A06
330
17
100
AcDbEntity
  8
隐藏线
100
AcDbLine
 10
6.117809869064644
 20
161.0547257671358
 30
0.0
 11
6.94423998053432
 21
161.0547257671358
 31
0.0
  0
LINE
  5
A07
330
17
100
AcDbEntity
  8
隐藏线
100
AcDbLine
 10
6.94423998053432
 20
161.0547257671358
 30
0.0
 11
7.98012480517923
 21
161.0547257671358
 31
0.0
  0
LINE
  5
A08
330
17
100
AcDbEntity
  8
隐藏线
100
AcDbLine
 10
7.98012480517923
 20
161.0547257671358
 30
0.0
 11
9.179631495598016
 21
161.0547257671358
 31
0.0
  0
LINE
  5
A09
330
17
100
AcDbEntity
  8
隐藏线
100
AcDbLine
 10
9.179631495598016
 20
161.0547257671358
 30
0.0
 11
10.51129012149076
 21
161.0547257671358
 31
0.0
  0
LINE
  5
A0A
330
17
100
AcDbEntity
  8
隐藏线
100
AcDbLine
 10
10.51129012149076
 20
161.0547257671358
 30
0.0
 11
11.940406777999925
 21
161.0547257671358
 31
0.0
  0
LINE
  5
A0B
330
17
100
AcDbEntity
  8
隐藏线
100
AcDbLine
 10
11.940406777999925
 20
161.0547257671358
 30
0.0
 11
12.193940265624946
 21
161.0547257671358
 31
0.0
  0
LINE
  5
A0C
330
17
100
AcDbEntity
  8
隐藏线
100
AcDbLine
 10
12.193940265624946
 20
161.0547257671358
 30
0.0
 11
12.448933808219579
 21
161.0547257671358
 31
0.0
  0
LINE
  5
A0D
330
17
100
AcDbEntity
  8
隐藏线
100
AcDbLine
 10
12.448933808219579
 20
161.0547257671358
 30
0.0
 11
12.705189540185614
 21
161.0547257671358
 31
0.0
  0
LINE
  5
A0E
330
17
100
AcDbEntity
  8
隐藏线
100
AcDbLine
 10
12.705189540185614
 20
161.0547257671358
 30
0.0
 11
12.962508681958582
 21
161.0547257671358
 31
0.0
  0
LINE
  5
A0F
330
17
100
AcDbEntity
  8
隐藏线
100
AcDbLine
 10
12.962508681958582
 20
161.0547257671358
 30
0.0
 11
13.22074195423653
 21
161.0547257671358
 31
0.0
  0
LINE
  5
A10
330
17
100
AcDbEntity
  8
隐藏线
100
AcDbLine
 10
13.22074195423653
 20
161.0547257671358
 30
0.0
 11
13.479598669701403
 21
161.0547257671358
 31
0.0
  0
LINE
  5
A11
330
17
100
AcDbEntity
  8
隐藏线
100
AcDbLine
 10
13.479598669701403
 20
161.0547257671358
 30
0.0
 11
13.738877987282763
 21
161.0547257671358
 31
0.0
  0
LINE
  5
A12
330
17
100
AcDbEntity
  8
隐藏线
100
AcDbLine
 10
13.738877987282763
 20
161.0547257671358
 30
0.0
 11
13.99837875989894
 21
161.0547257671358
 31
0.0
  0
LINE
  5
A13
330
17
100
AcDbEntity
  8
隐藏线
100
AcDbLine
 10
11.659796925982334
 20
152.0547257671358
 30
0.0
 11
13.99837875989894
 21
152.0547257671358
 31
0.0
  0
LINE
  5
A14
330
17
100
AcDbEntity
  8
隐藏线
100
AcDbLine
 10
9.41340195346288
 20
152.0547257671358
 30
0.0
 11
11.659796925982334
 21
152.0547257671358
 31
0.0
  0
LINE
  5
A15
330
17
100
AcDbEntity
  8
隐藏线
100
AcDbLine
 10
7.339620665685175
 20
152.0547257671358
 30
0.0
 11
9.41340195346288
 21
152.0547257671358
 31
0.0
  0
LINE
  5
A16
330
17
100
AcDbEntity
  8
隐藏线
100
AcDbLine
 10
5.513097385661013
 20
152.0547257671358
 30
0.0
 11
7.339620665685175
 21
152.0547257671358
 31
0.0
  0
LINE
  5
A17
330
17
100
AcDbEntity
  8
隐藏线
100
AcDbLine
 10
4.032366519441069
 20
152.0547257671358
 30
0.0
 11
5.513097385661013
 21
152.0547257671358
 31
0.0
  0
LINE
  5
A18
330
17
100
AcDbEntity
  8
隐藏线
100
AcDbLine
 10
2.929265570635124
 20
152.0547257671358
 30
0.0
 11
4.032366519441069
 21
152.0547257671358
 31
0.0
  0
LINE
  5
A19
330
17
100
AcDbEntity
  8
隐藏线
100
AcDbLine
 10
2.2428909205837613
 20
152.0547257671358
 30
0.0
 11
2.929265570635124
 21
152.0547257671358
 31
0.0
  0
LINE
  5
A1A
330
17
100
AcDbEntity
  8
隐藏线
100
AcDbLine
 10
1.9983787598999356
 20
152.0547257671358
 30
0.0
 11
2.2428909205837613
 21
152.0547257671358
 31
0.0
  0
LINE
  5
A1B
330
17
100
AcDbEntity
  8
隐藏线
100
AcDbLine
 10
16.440406777999442
 20
152.0547257671358
 30
0.0
 11
18.882434796099915
 21
152.0547257671358
 31
0.0
  0
LINE
  5
A1C
330
17
100
AcDbEntity
  8
隐藏线
100
AcDbLine
 10
15.815156227570924
 20
152.0547257671358
 30
0.0
 11
16.440406777999442
 21
152.0547257671358
 31
0.0
  0
LINE
  5
A1D
330
17
100
AcDbEntity
  8
隐藏线
100
AcDbLine
 10
13.99837875989894
 20
152.0547257671358
 30
0.0
 11
15.815156227570924
 21
152.0547257671358
 31
0.0
  0
LINE
  5
A1E
330
17
100
AcDbEntity
  8
隐藏线
100
AcDbLine
 10
46.30183990944792
 20
176.5350402350276
 30
0.0
 11
116.1938041951616
 21
173.7871631845687
 31
0.0
  0
LINE
  5
A1F
330
17
100
AcDbEntity
  8
隐藏线
100
AcDbLine
 10
116.1938041951616
 20
173.7871631845687
 30
0.0
 11
186.08576848087614
 21
171.03928613410977
 31
0.0
  0
LINE
  5
A20
330
17
100
AcDbEntity
  8
隐藏线
100
AcDbLine
 10
116.19380419516156
 20
128.322288349703
 30
0.0
 11
186.08576848087614
 21
131.07016540016193
 31
0.0
  0
LINE
  5
A21
330
17
100
AcDbEntity
  8
隐藏线
100
AcDbLine
 10
46.30183990944792
 20
125.57441129924413
 30
0.0
 11
116.19380419516156
 21
128.322288349703
 31
0.0
  0
LINE
  5
A22
330
17
100
AcDbEntity
  8
隐藏线
100
AcDbLine
 10
16.864887951203656
 20
161.0547257671358
 30
0.0
 11
16.998378759899936
 21
161.0547257671358
 31
0.0
  0
LINE
  5
A23
330
17
100
AcDbEntity
  8
隐藏线
100
AcDbLine
 10
16.496334817239415
 20
161.0547257671358
 30
0.0
 11
16.864887951203656
 21
161.0547257671358
 31
0.0
  0
LINE
  5
A24
330
17
100
AcDbEntity
  8
隐藏线
100
AcDbLine
 10
15.922214296428535
 20
161.0547257671358
 30
0.0
 11
16.496334817239415
 21
161.0547257671358
 31
0.0
  0
LINE
  5
A25
330
17
100
AcDbEntity
  8
隐藏线
100
AcDbLine
 10
15.187093202964377
 20
161.0547257671358
 30
0.0
 11
15.922214296428535
 21
161.0547257671358
 31
0.0
  0
LINE
  5
A26
330
17
100
AcDbEntity
  8
隐藏线
100
AcDbLine
 10
14.346183807957772
 20
161.0547257671358
 30
0.0
 11
15.187093202964377
 21
161.0547257671358
 31
0.0
  0
LINE
  5
A27
330
17
100
AcDbEntity
  8
隐藏线
100
AcDbLine
 10
13.479993664893613
 20
161.0547257671358
 30
0.0
 11
14.346183807957772
 21
161.0547257671358
 31
0.0
  0
LINE
  5
A28
330
17
100
AcDbEntity
  8
隐藏线
100
AcDbLine
 10
12.656463627497686
 20
161.0547257671358
 30
0.0
 11
13.479993664893613
 21
161.0547257671358
 31
0.0
  0
LINE
  5
A29
330
17
100
AcDbEntity
  8
隐藏线
100
AcDbLine
 10
11.940406777999925
 20
161.0547257671358
 30
0.0
 11
12.656463627497686
 21
161.0547257671358
 31
0.0
  0
LINE
  5
A2A
330
17
100
AcDbEntity
  8
隐藏线
100
AcDbLine
 10
11.729841182459467
 20
161.0547257671358
 30
0.0
 11
11.940406777999925
 21
161.0547257671358
 31
0.0
  0
LINE
  5
A2B
330
17
100
AcDbEntity
  8
隐藏线
100
AcDbLine
 10
11.542408253579055
 20
161.0547257671358
 30
0.0
 11
11.729841182459467
 21
161.0547257671358
 31
0.0
  0
LINE
  5
A2C
330
17
100
AcDbEntity
  8
隐藏线
100
AcDbLine
 10
11.379913039732514
 20
161.0547257671358
 30
0.0
 11
11.542408253579055
 21
161.0547257671358
 31
0.0
  0
LINE
  5
A2D
330
17
100
AcDbEntity
  8
隐藏线
100
AcDbLine
 10
11.243935445389724
 20
161.0547257671358
 30
0.0
 11
11.379913039732514
 21
161.0547257671358
 31
0.0
  0
LINE
  5
A2E
330
17
100
AcDbEntity
  8
隐藏线
100
AcDbLine
 10
11.138250350818709
 20
161.0547257671358
 30
0.0
 11
11.243935445389724
 21
161.0547257671358
 31
0.0
  0
LINE
  5
A2F
330
17
100
AcDbEntity
  8
隐藏线
100
AcDbLine
 10
11.061653188589702
 20
161.0547257671358
 30
0.0
 11
11.138250350818709
 21
161.0547257671358
 31
0.0
  0
LINE
  5
A30
330
17
100
AcDbEntity
  8
隐藏线
100
AcDbLine
 10
11.014875287317409
 20
161.0547257671358
 30
0.0
 11
11.061653188589702
 21
161.0547257671358
 31
0.0
  0
LINE
  5
A31
330
17
100
AcDbEntity
  8
隐藏线
100
AcDbLine
 10
10.998378759899936
 20
161.0547257671358
 30
0.0
 11
11.014875287317409
 21
161.0547257671358
 31
0.0
  0
LINE
  5
A32
330
17
100
AcDbEntity
  8
隐藏线
100
AcDbLine
 10
160.30005419516183
 20
157.0547257671358
 30
0.0
 11
185.30005419516183
 21
157.0547257671358
 31
0.0
  0
LINE
  5
A33
330
17
100
AcDbEntity
  8
隐藏线
100
AcDbLine
 10
135.30005419516183
 20
157.0547257671358
 30
0.0
 11
160.30005419516183
 21
157.0547257671358
 31
0.0
  0
LINE
  5
A34
330
17
100
AcDbEntity
  8
隐藏线
100
AcDbLine
 10
135.30005419516183
 20
145.0547257671358
 30
0.0
 11
160.30005419516183
 21
145.0547257671358
 31
0.0
  0
LINE
  5
A35
330
17
100
AcDbEntity
  8
隐藏线
100
AcDbLine
 10
160.30005419516183
 20
145.0547257671358
 30
0.0
 11
185.30005419516183
 21
145.0547257671358
 31
0.0
  0
LINE
  5
A36
330
17
100
AcDbEntity
  8
隐藏线
100
AcDbLine
 10
15.088432329109793
 20
152.0547257671358
 30
0.0
 11
15.815156227570952
 21
152.0547257671358
 31
0.0
  0
LINE
  5
A37
330
17
100
AcDbEntity
  8
隐藏线
100
AcDbLine
 10
14.282601735644533
 20
152.0547257671358
 30
0.0
 11
15.088432329109793
 21
152.0547257671358
 31
0.0
  0
LINE
  5
A38
330
17
100
AcDbEntity
  8
隐藏线
100
AcDbLine
 10
13.45544030626644
 20
152.0547257671358
 30
0.0
 11
14.282601735644533
 21
152.0547257671358
 31
0.0
  0
LINE
  5
A39
330
17
100
AcDbEntity
  8
隐藏线
100
AcDbLine
 10
12.666149876226598
 20
152.0547257671358
 30
0.0
 11
13.45544030626644
 21
152.0547257671358
 31
0.0
  0
LINE
  5
A3A
330
17
100
AcDbEntity
  8
隐藏线
100
AcDbLine
 10
11.984999544858283
 20
152.0547257671358
 30
0.0
 11
12.666149876226598
 21
152.0547257671358
 31
0.0
  0
LINE
  5
A3B
330
17
100
AcDbEntity
  8
隐藏线
100
AcDbLine
 10
11.457211525924123
 20
152.0547257671358
 30
0.0
 11
11.984999544858283
 21
152.0547257671358
 31
0.0
  0
LINE
  5
A3C
330
17
100
AcDbEntity
  8
隐藏线
100
AcDbLine
 10
11.120137227979399
 20
152.0547257671358
 30
0.0
 11
11.457211525924123
 21
152.0547257671358
 31
0.0
  0
LINE
  5
A3D
330
17
100
AcDbEntity
  8
隐藏线
100
AcDbLine
 10
10.998378759899936
 20
152.0547257671358
 30
0.0
 11
11.120137227979399
 21
152.0547257671358
 31
0.0
  0
LINE
  5
A3E
330
17
100
AcDbEntity
  8
隐藏线
100
AcDbLine
 10
15.815156227570924
 20
152.0547257671358
 30
0.0
 11
16.076338611987325
 21
152.0547257671358
 31
0.0
  0
LINE
  5
A3F
330
17
100
AcDbEntity
  8
隐藏线
100
AcDbLine
 10
16.076338611987325
 20
152.0547257671358
 30
0.0
 11
16.310457569431065
 21
152.0547257671358
 31
0.0
  0
LINE
  5
A40
330
17
100
AcDbEntity
  8
隐藏线
100
AcDbLine
 10
16.310457569431065
 20
152.0547257671358
 30
0.0
 11
16.514637036157637
 21
152.0547257671358
 31
0.0
  0
LINE
  5
A41
330
17
100
AcDbEntity
  8
隐藏线
100
AcDbLine
 10
16.514637036157637
 20
152.0547257671358
 30
0.0
 11
16.686345687060026
 21
152.0547257671358
 31
0.0
  0
LINE
  5
A42
330
17
100
AcDbEntity
  8
隐藏线
100
AcDbLine
 10
16.686345687060026
 20
152.0547257671358
 30
0.0
 11
16.820357280917904
 21
152.0547257671358
 31
0.0
  0
LINE
  5
A43
330
17
100
AcDbEntity
  8
隐藏线
100
AcDbLine
 10
16.820357280917904
 20
152.0547257671358
 30
0.0
 11
16.917751458757323
 21
152.0547257671358
 31
0.0
  0
LINE
  5
A44
330
17
100
AcDbEntity
  8
隐藏线
100
AcDbLine
 10
16.917751458757323
 20
152.0547257671358
 30
0.0
 11
16.97734219691418
 21
152.0547257671358
 31
0.0
  0
LINE
  5
A45
330
17
100
AcDbEntity
  8
隐藏线
100
AcDbLine
 10
16.97734219691418
 20
152.0547257671358
 30
0.0
 11
16.998378759899936
 21
152.0547257671358
 31
0.0
  0
LINE
  5
A46
330
17
100
AcDbEntity
  8
隐藏线
100
AcDbLine
 10
16.998378759899936
 20
152.0547257671358
 30
0.0
 11
16.998378759899936
 21
156.5547257671358
 31
0.0
  0
LINE
  5
A47
330
17
100
AcDbEntity
  8
隐藏线
100
AcDbLine
 10
16.998378759899936
 20
156.5547257671358
 30
0.0
 11
16.998378759899936
 21
161.0547257671358
 31
0.0
  0
LINE
  5
A48
330
17
100
AcDbEntity
  8
隐藏线
100
AcDbLine
 10
16.998378759899936
 20
141.0547257671358
 30
0.0
 11
16.998378759899936
 21
145.5547257671358
 31
0.0
  0
LINE
  5
A49
330
17
100
AcDbEntity
  8
隐藏线
100
AcDbLine
 10
16.998378759899936
 20
145.5547257671358
 30
0.0
 11
16.998378759899936
 21
150.0547257671358
 31
0.0
  0
LINE
  5
A4A
330
17
100
AcDbEntity
  8
隐藏线
100
AcDbLine
 10
19.81966958267992
 20
150.0547257671358
 30
0.0
 11
24.725801638960945
 21
150.0547257671358
 31
0.0
  0
LINE
  5
A4B
330
17
100
AcDbEntity
  8
隐藏线
100
AcDbLine
 10
24.725801638960945
 20
150.0547257671358
 30
0.0
 11
29.63193369524194
 21
150.0547257671358
 31
0.0
  0
LINE
  5
A4C
330
17
100
AcDbEntity
  8
隐藏线
100
AcDbLine
 10
24.725801638960945
 20
152.0547257671358
 30
0.0
 11
29.63193369524194
 21
152.0547257671358
 31
0.0
  0
LINE
  5
A4D
330
17
100
AcDbEntity
  8
隐藏线
100
AcDbLine
 10
19.81966958267992
 20
152.0547257671358
 30
0.0
 11
24.725801638960945
 21
152.0547257671358
 31
0.0
  0
LINE
  5
A4E
330
17
100
AcDbEntity
  8
隐藏线
100
AcDbLine
 10
10.998378759899936
 20
152.0547257671358
 30
0.0
 11
10.998378759899936
 21
156.5547257671358
 31
0.0
  0
LINE
  5
A4F
330
17
100
AcDbEntity
  8
隐藏线
100
AcDbLine
 10
10.998378759899936
 20
156.5547257671358
 30
0.0
 11
10.998378759899936
 21
161.0547257671358
 31
0.0
  0
LINE
  5
A50
330
17
100
AcDbEntity
  8
隐藏线
100
AcDbLine
 10
10.998378759899936
 20
141.0547257671358
 30
0.0
 11
10.998378759899936
 21
145.5547257671358
 31
0.0
  0
LINE
  5
A51
330
17
100
AcDbEntity
  8
隐藏线
100
AcDbLine
 10
10.998378759899936
 20
145.5547257671358
 30
0.0
 11
10.998378759899936
 21
150.0547257671358
 31
0.0
  0
CIRCLE
  5
A52
330
17
100
AcDbEntity
  8
隐藏线
100
AcDbCircle
 10
45.30083771763093
 20
151.0547257671358
 30
0.0
 40
25.5
  0
ARC
  5
A53
330
17
100
AcDbEntity
  8
隐藏线
100
AcDbCircle
 10
19.890837717630916
 20
163.9647257671358
 30
0.0
 40
3.0
100
AcDbArc
 50
-99.70467414136776
 51
-99.2528525515577
  0
ARC
  5
A54
330
17
100
AcDbEntity
  8
隐藏线
100
AcDbCircle
 10
19.890837717630916
 20
163.9647257671358
 30
0.0
 40
3.0
100
AcDbArc
 50
-99.2528525515577
 51
-93.55291052200319
  0
ARC
  5
A55
330
17
100
AcDbEntity
  8
隐藏线
100
AcDbCircle
 10
19.890837717630916
 20
163.9647257671358
 30
0.0
 40
3.0
100
AcDbArc
 50
-87.76976444725233
 51
-63.324601659035615
  0
ARC
  5
A56
330
17
100
AcDbEntity
  8
隐藏线
100
AcDbCircle
 10
18.880837717630925
 20
158.0547257671358
 30
0.0
 40
3.0
100
AcDbArc
 50
-1.1465096260970835e-06
 51
8.821588452241212
  0
ARC
  5
A57
330
17
100
AcDbEntity
  8
隐藏线
100
AcDbCircle
 10
18.880837717630925
 20
158.0547257671358
 30
0.0
 40
3.0
100
AcDbArc
 50
8.821588452241212
 51
17.64317805099209
  0
ARC
  5
A58
330
17
100
AcDbEntity
  8
隐藏线
100
AcDbCircle
 10
18.880837717630925
 20
158.0547257671358
 30
0.0
 40
3.0
100
AcDbArc
 50
44.99999942674505
 51
72.30728854043191
  0
ARC
  5
A59
330
17
100
AcDbEntity
  8
隐藏线
100
AcDbCircle
 10
18.880837717630925
 20
158.0547257671358
 30
0.0
 40
3.0
100
AcDbArc
 50
-1.6962958301138754e-14
 51
44.99999942674502
  0
ARC
  5
A5A
330
17
100
AcDbEntity
  8
隐藏线
100
AcDbCircle
 10
18.880837717630925
 20
144.0547257671358
 30
0.0
 40
3.0
100
AcDbArc
 50
-6.087622134263052
 51
0.0
  0
ARC
  5
A5B
330
17
100
AcDbEntity
  8
隐藏线
100
AcDbCircle
 10
18.880837717630925
 20
144.0547257671358
 30
0.0
 40
3.0
100
AcDbArc
 50
-44.999999999999616
 51
3.392591660227751e-14
  0
ARC
  5
A5C
330
17
100
AcDbEntity
  8
隐藏线
100
AcDbCircle
 10
18.880837717630925
 20
144.0547257671358
 30
0.0
 40
3.0
100
AcDbArc
 50
-90.0
 51
-44.999999999999616
  0
CIRCLE
  5
A5D
330
17
100
AcDbEntity
  8
隐藏线
100
AcDbCircle
 10
45.30083771763093
 20
151.0547257671358
 30
0.0
 40
15.7
  0
CIRCLE
  5
A5E
330
17
100
AcDbEntity
  8
隐藏线
100
AcDbCircle
 10
135.30083771763094
 20
151.0547257671358
 30
0.0
 40
20.0
  0
ARC
  5
A5F
330
17
100
AcDbEntity
  8
隐藏线
100
AcDbCircle
 10
19.940837717630927
 20
138.0547257671358
 30
0.0
 40
3.0
100
AcDbArc
 50
27.647478957895686
 51
49.1981981703585
  0
ARC
  5
A60
330
17
100
AcDbEntity
  8
隐藏线
100
AcDbCircle
 10
19.940837717630927
 20
138.0547257671358
 30
0.0
 40
3.0
100
AcDbArc
 50
58.569165221399174
 51
71.25806589791758
  0
ARC
  5
A61
330
17
100
AcDbEntity
  8
隐藏线
100
AcDbCircle
 10
19.940837717630927
 20
138.0547257671358
 30
0.0
 40
3.0
100
AcDbArc
 50
71.25806589791758
 51
80.6290329489568
  0
ARC
  5
A62
330
17
100
AcDbEntity
  8
隐藏线
100
AcDbCircle
 10
19.940837717630927
 20
138.0547257671358
 30
0.0
 40
3.0
100
AcDbArc
 50
80.6290329489568
 51
90.0
  0
CIRCLE
  5
A63
330
17
100
AcDbEntity
  8
隐藏线
100
AcDbCircle
 10
185.30083771763094
 20
151.0547257671358
 30
0.0
 40
20.0
  0
CIRCLE
  5
A64
330
17
100
AcDbEntity
  8
隐藏线
100
AcDbCircle
 10
185.30083771763094
 20
151.0547257671358
 30
0.0
 40
6.0
  0
CIRCLE
  5
A65
330
17
100
AcDbEntity
  8
隐藏线
100
AcDbCircle
 10
135.30083771763094
 20
151.0547257671358
 30
0.0
 40
6.0
  0
LINE
  5
A66
330
17
100
AcDbEntity
  8
可见轮廓
100
AcDbLine
 10
306.3539422446667
 20
9.00000000000001
 30
0.0
 11
306.3539422446667
 21
9.28751636704683
 31
0.0
  0
LINE
  5
A67
330
17
100
AcDbEntity
  8
可见轮廓
100
AcDbLine
 10
306.3539422446667
 20
9.28751636704683
 30
0.0
 11
306.3539422446667
 21
9.584668863805756
 31
0.0
  0
LINE
  5
A68
330
17
100
AcDbEntity
  8
可见轮廓
100
AcDbLine
 10
306.3539422446667
 20
9.584668863805756
 30
0.0
 11
306.3539422446667
 21
9.876523253668248
 31
0.0
  0
LINE
  5
A69
330
17
100
AcDbEntity
  8
可见轮廓
100
AcDbLine
 10
306.3539422446667
 20
9.876523253668248
 30
0.0
 11
306.3539422446667
 21
10.148145314431781
 31
0.0
  0
LINE
  5
A6A
330
17
100
AcDbEntity
  8
可见轮廓
100
AcDbLine
 10
306.3539422446667
 20
10.148145314431781
 30
0.0
 11
306.3539422446667
 21
10.40771464386933
 31
0.0
  0
LINE
  5
A6B
330
17
100
AcDbEntity
  8
可见轮廓
100
AcDbLine
 10
306.3539422446667
 20
10.40771464386933
 30
0.0
 11
306.3539422446667
 21
10.664864627413873
 31
0.0
  0
LINE
  5
A6C
330
17
100
AcDbEntity
  8
可见轮廓
100
AcDbLine
 10
306.3539422446667
 20
10.664864627413873
 30
0.0
 11
306.3539422446667
 21
10.906950136838208
 31
0.0
  0
LINE
  5
A6D
330
17
100
AcDbEntity
  8
可见轮廓
100
AcDbLine
 10
306.3539422446667
 20
10.906950136838208
 30
0.0
 11
306.3539422446667
 21
11.121326043929782
 31
0.0
  0
LINE
  5
A6E
330
17
100
AcDbEntity
  8
可见轮廓
100
AcDbLine
 10
306.3539422446667
 20
11.121326043929782
 30
0.0
 11
306.3539422446667
 21
11.313486695849603
 31
0.0
  0
LINE
  5
A6F
330
17
100
AcDbEntity
  8
可见轮廓
100
AcDbLine
 10
306.3539422446667
 20
11.313486695849603
 30
0.0
 11
306.3539422446667
 21
11.491565715431433
 31
0.0
  0
LINE
  5
A70
330
17
100
AcDbEntity
  8
可见轮廓
100
AcDbLine
 10
306.3539422446667
 20
11.491565715431433
 30
0.0
 11
306.3539422446667
 21
11.647110025743428
 31
0.0
  0
LINE
  5
A71
330
17
100
AcDbEntity
  8
可见轮廓
100
AcDbLine
 10
306.3539422446667
 20
11.647110025743428
 30
0.0
 11
306.3539422446667
 21
11.771666552671036
 31
0.0
  0
LINE
  5
A72
330
17
100
AcDbEntity
  8
可见轮廓
100
AcDbLine
 10
306.3539422446667
 20
11.771666552671036
 30
0.0
 11
306.3539422446667
 21
11.867112222704222
 31
0.0
  0
LINE
  5
A73
330
17
100
AcDbEntity
  8
可见轮廓
100
AcDbLine
 10
306.3539422446667
 20
11.867112222704222
 30
0.0
 11
306.3539422446667
 21
11.938960893124882
 31
0.0
  0
LINE
  5
A74
330
17
100
AcDbEntity
  8
可见轮廓
100
AcDbLine
 10
306.3539422446667
 20
11.938960893124882
 30
0.0
 11
306.3539422446667
 21
11.98424575515086
 31
0.0
  0
LINE
  5
A75
330
17
100
AcDbEntity
  8
可见轮廓
100
AcDbLine
 10
306.3539422446667
 20
11.98424575515086
 30
0.0
 11
306.3539422446667
 21
12.0
 31
0.0
  0
LINE
  5
A76
330
17
100
AcDbEntity
  8
可见轮廓
100
AcDbLine
 10
300.3539422446667
 20
12.0
 30
0.0
 11
300.426165400699
 21
11.985554180016592
 31
0.0
  0
LINE
  5
A77
330
17
100
AcDbEntity
  8
可见轮廓
100
AcDbLine
 10
300.426165400699
 20
11.985554180016592
 30
0.0
 11
300.49769300825756
 21
11.942355841209693
 31
0.0
  0
LINE
  5
A78
330
17
100
AcDbEntity
  8
可见轮廓
100
AcDbLine
 10
300.49769300825756
 20
11.942355841209693
 30
0.0
 11
300.56783621738055
 21
11.87082100719663
 31
0.0
  0
LINE
  5
A79
330
17
100
AcDbEntity
  8
可见轮廓
100
AcDbLine
 10
300.56783621738055
 20
11.87082100719663
 30
0.0
 11
300.63591951061994
 21
11.771638597533865
 31
0.0
  0
LINE
  5
A7A
330
17
100
AcDbEntity
  8
可见轮廓
100
AcDbLine
 10
300.63591951061994
 20
11.771638597533865
 30
0.0
 11
300.70128720864375
 21
11.64576379304507
 31
0.0
  0
LINE
  5
A7B
330
17
100
AcDbEntity
  8
可见轮廓
100
AcDbLine
 10
300.70128720864375
 20
11.64576379304507
 30
0.0
 11
300.76330978478643
 21
11.494408836907642
 31
0.0
  0
LINE
  5
A7C
330
17
100
AcDbEntity
  8
可见轮廓
100
AcDbLine
 10
300.76330978478643
 20
11.494408836907642
 30
0.0
 11
300.8213899277347
 21
11.319031360088216
 31
0.0
  0
LINE
  5
A7D
330
17
100
AcDbEntity
  8
可见轮廓
100
AcDbLine
 10
300.8213899277347
 20
11.319031360088216
 30
0.0
 11
300.87496829396207
 21
11.121320343559647
 31
0.0
  0
LINE
  5
A7E
330
17
100
AcDbEntity
  8
可见轮廓
100
AcDbLine
 10
300.87496829396207
 20
11.121320343559507
 30
0.0
 11
300.92352889451297
 21
10.903179852490808
 31
0.0
  0
LINE
  5
A7F
330
17
100
AcDbEntity
  8
可见轮廓
100
AcDbLine
 10
300.92352889451297
 20
10.903179852490808
 30
0.0
 11
300.9666040642581
 21
10.66671069905869
 31
0.0
  0
LINE
  5
A80
330
17
100
AcDbEntity
  8
可见轮廓
100
AcDbLine
 10
300.9666040642581
 20
10.66671069905869
 30
0.0
 11
301.0037789657655
 21
10.41419021047789
 31
0.0
  0
LINE
  5
A81
330
17
100
AcDbEntity
  8
可见轮廓
100
AcDbLine
 10
301.0037789657655
 20
10.41419021047789
 30
0.0
 11
301.0346955844119
 21
10.148050297095185
 31
0.0
  0
LINE
  5
A82
330
17
100
AcDbEntity
  8
可见轮廓
100
AcDbLine
 10
301.0346955844119
 20
10.148050297095185
 30
0.0
 11
301.0590561762589
 21
9.870854031763324
 31
0.0
  0
LINE
  5
A83
330
17
100
AcDbEntity
  8
可见轮廓
100
AcDbLine
 10
301.0590561762589
 20
9.870854031763324
 30
0.0
 11
301.07662613549013
 21
9.585270966048345
 31
0.0
  0
LINE
  5
A84
330
17
100
AcDbEntity
  8
可见轮廓
100
AcDbLine
 10
301.07662613549013
 20
9.585270966048345
 30
0.0
 11
301.0872362537936
 21
9.294051420988666
 31
0.0
  0
LINE
  5
A85
330
17
100
AcDbEntity
  8
可见轮廓
100
AcDbLine
 10
301.0872362537936
 20
9.294051420988666
 30
0.0
 11
301.0907843499299
 21
9.00000000000001
 31
0.0
  0
LINE
  5
A86
330
17
100
AcDbEntity
  8
可见轮廓
100
AcDbLine
 10
281.8539422446667
 20
2.0
 30
0.0
 11
281.9715368962556
 21
2.0
 31
0.0
  0
LINE
  5
A87
330
17
100
AcDbEntity
  8
可见轮廓
100
AcDbLine
 10
281.9715368962556
 20
2.0
 30
0.0
 11
282.30519063967307
 21
2.0
 31
0.0
  0
LINE
  5
A88
330
17
100
AcDbEntity
  8
可见轮廓
100
AcDbLine
 10
282.30519063967307
 20
2.0
 30
0.0
 11
282.8521392805051
 21
2.0
 31
0.0
  0
LINE
  5
A89
330
17
100
AcDbEntity
  8
可见轮廓
100
AcDbLine
 10
282.8521392805051
 20
2.0
 30
0.0
 11
283.6080038007479
 21
2.0
 31
0.0
  0
LINE
  5
A8A
330
17
100
AcDbEntity
  8
可见轮廓
100
AcDbLine
 10
283.6080038007479
 20
2.0
 30
0.0
 11
284.5828797216153
 21
2.0
 31
0.0
  0
LINE
  5
A8B
330
17
100
AcDbEntity
  8
可见轮廓
100
AcDbLine
 10
284.5828797216153
 20
2.0
 30
0.0
 11
285.7512339509003
 21
2.0
 31
0.0
  0
LINE
  5
A8C
330
17
100
AcDbEntity
  8
可见轮廓
100
AcDbLine
 10
285.7512339509003
 20
2.0
 30
0.0
 11
287.1035393615478
 21
2.0
 31
0.0
  0
LINE
  5
A8D
330
17
100
AcDbEntity
  8
可见轮廓
100
AcDbLine
 10
287.1035393615478
 20
2.0
 30
0.0
 11
288.6288761597741
 21
2.0
 31
0.0
  0
LINE
  5
A8E
330
17
100
AcDbEntity
  8
可见轮廓
100
AcDbLine
 10
288.6288761597741
 20
2.0
 30
0.0
 11
290.4208125213974
 21
2.0
 31
0.0
  0
LINE
  5
A8F
330
17
100
AcDbEntity
  8
可见轮廓
100
AcDbLine
 10
290.4208125213974
 20
2.0
 30
0.0
 11
292.3716837041349
 21
2.0
 31
0.0
  0
LINE
  5
A90
330
17
100
AcDbEntity
  8
可见轮廓
100
AcDbLine
 10
292.3716837041349
 20
2.0
 30
0.0
 11
294.46391251491286
 21
2.0
 31
0.0
  0
LINE
  5
A91
330
17
100
AcDbEntity
  8
可见轮廓
100
AcDbLine
 10
294.46391251491286
 20
2.0
 30
0.0
 11
296.6787359303259
 21
2.0
 31
0.0
  0
LINE
  5
A92
330
17
100
AcDbEntity
  8
可见轮廓
100
AcDbLine
 10
296.6787359303259
 20
2.0
 30
0.0
 11
299.00265129197254
 21
2.0
 31
0.0
  0
LINE
  5
A93
330
17
100
AcDbEntity
  8
可见轮廓
100
AcDbLine
 10
299.00265129197254
 20
2.0
 30
0.0
 11
301.40430486919587
 21
2.0
 31
0.0
  0
LINE
  5
A94
330
17
100
AcDbEntity
  8
可见轮廓
100
AcDbLine
 10
301.40430486919587
 20
2.0
 30
0.0
 11
303.86209328248697
 21
2.0
 31
0.0
  0
LINE
  5
A95
330
17
100
AcDbEntity
  8
可见轮廓
100
AcDbLine
 10
303.86209328248697
 20
2.0
 30
0.0
 11
306.3539422446667
 21
2.0
 31
0.0
  0
LINE
  5
A96
330
17
100
AcDbEntity
  8
可见轮廓
100
AcDbLine
 10
306.3539422446667
 20
2.0
 30
0.0
 11
306.3539422446667
 21
9.00000000000001
 31
0.0
  0
LINE
  5
A97
330
17
100
AcDbEntity
  8
可见轮廓
100
AcDbLine
 10
308.3539422446667
 20
11.984246007041579
 30
0.0
 11
308.3539422446667
 21
12.0
 31
0.0
  0
LINE
  5
A98
330
17
100
AcDbEntity
  8
可见轮廓
100
AcDbLine
 10
308.3539422446667
 20
11.938961558106692
 30
0.0
 11
308.3539422446667
 21
11.984246007041579
 31
0.0
  0
LINE
  5
A99
330
17
100
AcDbEntity
  8
可见轮廓
100
AcDbLine
 10
308.3539422446667
 20
11.867112948105904
 30
0.0
 11
308.3539422446667
 21
11.938961558106692
 31
0.0
  0
LINE
  5
A9A
330
17
100
AcDbEntity
  8
可见轮廓
100
AcDbLine
 10
308.3539422446667
 20
11.77166647194978
 30
0.0
 11
308.3539422446667
 21
11.867112948105904
 31
0.0
  0
LINE
  5
A9B
330
17
100
AcDbEntity
  8
可见轮廓
100
AcDbLine
 10
308.3539422446667
 20
11.647119963720064
 30
0.0
 11
308.3539422446667
 21
11.77166647194978
 31
0.0
  0
LINE
  5
A9C
330
17
100
AcDbEntity
  8
可见轮廓
100
AcDbLine
 10
308.3539422446667
 20
11.491580042057771
 30
0.0
 11
308.3539422446667
 21
11.647119963720064
 31
0.0
  0
LINE
  5
A9D
330
17
100
AcDbEntity
  8
可见轮廓
100
AcDbLine
 10
308.3539422446667
 20
11.313498153377077
 30
0.0
 11
308.3539422446667
 21
11.491580042057771
 31
0.0
  0
LINE
  5
A9E
330
17
100
AcDbEntity
  8
可见轮廓
100
AcDbLine
 10
308.3539422446667
 20
11.12132575942746
 30
0.0
 11
308.3539422446667
 21
11.313498153377077
 31
0.0
  0
LINE
  5
A9F
330
17
100
AcDbEntity
  8
可见轮廓
100
AcDbLine
 10
308.3539422446667
 20
10.906970267096966
 30
0.0
 11
308.3539422446667
 21
11.12132575942746
 31
0.0
  0
LINE
  5
AA0
330
17
100
AcDbEntity
  8
可见轮廓
100
AcDbLine
 10
308.3539422446667
 20
10.664888134181776
 30
0.0
 11
308.3539422446667
 21
10.906970267096966
 31
0.0
  0
LINE
  5
AA1
330
17
100
AcDbEntity
  8
可见轮廓
100
AcDbLine
 10
308.3539422446667
 20
10.407729650024974
 30
0.0
 11
308.3539422446667
 21
10.664888134181776
 31
0.0
  0
LINE
  5
AA2
330
17
100
AcDbEntity
  8
可见轮廓
100
AcDbLine
 10
308.3539422446667
 20
10.14814514244202
 30
0.0
 11
308.3539422446667
 21
10.407729650024974
 31
0.0
  0
LINE
  5
AA3
330
17
100
AcDbEntity
  8
可见轮廓
100
AcDbLine
 10
308.3539422446667
 20
9.876532698868033
 30
0.0
 11
308.3539422446667
 21
10.14814514244202
 31
0.0
  0
LINE
  5
AA4
330
17
100
AcDbEntity
  8
可见轮廓
100
AcDbLine
 10
308.3539422446667
 20
9.584678080365975
 30
0.0
 11
308.3539422446667
 21
9.876532698868033
 31
0.0
  0
LINE
  5
AA5
330
17
100
AcDbEntity
  8
可见轮廓
100
AcDbLine
 10
308.3539422446667
 20
9.287520694075264
 30
0.0
 11
308.3539422446667
 21
9.584678080365975
 31
0.0
  0
LINE
  5
AA6
330
17
100
AcDbEntity
  8
可见轮廓
100
AcDbLine
 10
308.3539422446667
 20
9.00000000000001
 30
0.0
 11
308.3539422446667
 21
9.287520694075264
 31
0.0
  0
LINE
  5
AA7
330
17
100
AcDbEntity
  8
可见轮廓
100
AcDbLine
 10
313.61710013940353
 20
9.000000000000009
 30
0.0
 11
313.6206482355398
 21
9.29405142098869
 31
0.0
  0
LINE
  5
AA8
330
17
100
AcDbEntity
  8
可见轮廓
100
AcDbLine
 10
313.6206482355398
 20
9.29405142098869
 30
0.0
 11
313.6312583538433
 21
9.585270966048395
 31
0.0
  0
LINE
  5
AA9
330
17
100
AcDbEntity
  8
可见轮廓
100
AcDbLine
 10
313.6312583538433
 20
9.585270966048395
 30
0.0
 11
313.64882831307455
 21
9.870854031763397
 31
0.0
  0
LINE
  5
AAA
330
17
100
AcDbEntity
  8
可见轮廓
100
AcDbLine
 10
313.64882831307455
 20
9.870854031763397
 30
0.0
 11
313.6731889049216
 21
10.14805029709528
 31
0.0
  0
LINE
  5
AAB
330
17
100
AcDbEntity
  8
可见轮廓
100
AcDbLine
 10
313.6731889049216
 20
10.14805029709528
 30
0.0
 11
313.70410552356793
 21
10.414190210478004
 31
0.0
  0
LINE
  5
AAC
330
17
100
AcDbEntity
  8
可见轮廓
100
AcDbLine
 10
313.70410552356793
 20
10.414190210478004
 30
0.0
 11
313.7412804250754
 21
10.666710699058818
 31
0.0
  0
LINE
  5
AAD
330
17
100
AcDbEntity
  8
可见轮廓
100
AcDbLine
 10
313.7412804250754
 20
10.666710699058818
 30
0.0
 11
313.7843555948205
 21
10.903179852490949
 31
0.0
  0
LINE
  5
AAE
330
17
100
AcDbEntity
  8
可见轮廓
100
AcDbLine
 10
313.7843555948205
 20
10.903179852490949
 30
0.0
 11
313.83291619537135
 21
11.121320343559654
 31
0.0
  0
LINE
  5
AAF
330
17
100
AcDbEntity
  8
可见轮廓
100
AcDbLine
 10
313.83291619537135
 20
11.121320343559658
 30
0.0
 11
313.88649456159874
 21
11.319031360088225
 31
0.0
  0
LINE
  5
AB0
330
17
100
AcDbEntity
  8
可见轮廓
100
AcDbLine
 10
313.88649456159874
 20
11.319031360088225
 30
0.0
 11
313.944574704547
 21
11.494408836907649
 31
0.0
  0
LINE
  5
AB1
330
17
100
AcDbEntity
  8
可见轮廓
100
AcDbLine
 10
313.944574704547
 20
11.494408836907649
 30
0.0
 11
314.0065972806897
 21
11.645763793045077
 31
0.0
  0
LINE
  5
AB2
330
17
100
AcDbEntity
  8
可见轮廓
100
AcDbLine
 10
314.0065972806897
 20
11.645763793045077
 30
0.0
 11
314.0719649787135
 21
11.771638597533872
 31
0.0
  0
LINE
  5
AB3
330
17
100
AcDbEntity
  8
可见轮廓
100
AcDbLine
 10
314.0719649787135
 20
11.771638597533872
 30
0.0
 11
314.1400482719529
 21
11.870821007196637
 31
0.0
  0
LINE
  5
AB4
330
17
100
AcDbEntity
  8
可见轮廓
100
AcDbLine
 10
314.1400482719529
 20
11.870821007196637
 30
0.0
 11
314.21019148107587
 21
11.942355841209702
 31
0.0
  0
LINE
  5
AB5
330
17
100
AcDbEntity
  8
可见轮廓
100
AcDbLine
 10
314.21019148107587
 20
11.942355841209702
 30
0.0
 11
314.2817190886344
 21
11.9855541800166
 31
0.0
  0
LINE
  5
AB6
330
17
100
AcDbEntity
  8
可见轮廓
100
AcDbLine
 10
314.2817190886344
 20
11.9855541800166
 30
0.0
 11
314.3539422446667
 21
12.00000000000001
 31
0.0
  0
LINE
  5
AB7
330
17
100
AcDbEntity
  8
可见轮廓
100
AcDbLine
 10
317.97596554410075
 20
11.499999974927112
 30
0.0
 11
318.1439982448602
 21
11.777727447601203
 31
0.0
  0
LINE
  5
AB8
330
17
100
AcDbEntity
  8
可见轮廓
100
AcDbLine
 10
318.1439982448602
 20
11.777727447601203
 30
0.0
 11
318.29856240598247
 21
12.06687365792893
 31
0.0
  0
LINE
  5
AB9
330
17
100
AcDbEntity
  8
可见轮廓
100
AcDbLine
 10
318.29856240598247
 20
12.06687365792893
 30
0.0
 11
318.43904445620257
 21
12.366518818494873
 31
0.0
  0
LINE
  5
ABA
330
17
100
AcDbEntity
  8
可见轮廓
100
AcDbLine
 10
318.43904445620257
 20
12.366518818494873
 30
0.0
 11
318.56482938246324
 21
12.675701568554185
 31
0.0
  0
LINE
  5
ABB
330
17
100
AcDbEntity
  8
可见轮廓
100
AcDbLine
 10
318.56482938246324
 20
12.675701568554185
 30
0.0
 11
318.6753021717073
 21
12.993460547362057
 31
0.0
  0
LINE
  5
ABC
330
17
100
AcDbEntity
  8
可见轮廓
100
AcDbLine
 10
318.6753021717073
 20
12.993460547362057
 30
0.0
 11
318.7698478108775
 21
13.318834394173653
 31
0.0
  0
LINE
  5
ABD
330
17
100
AcDbEntity
  8
可见轮廓
100
AcDbLine
 10
318.7698478108775
 20
13.318834394173653
 30
0.0
 11
318.8478512869166
 21
13.650861748244138
 31
0.0
  0
LINE
  5
ABE
330
17
100
AcDbEntity
  8
可见轮廓
100
AcDbLine
 10
318.8478512869166
 20
13.650861748244138
 30
0.0
 11
318.9086975867674
 21
13.9885812488287
 31
0.0
  0
LINE
  5
ABF
330
17
100
AcDbEntity
  8
可见轮廓
100
AcDbLine
 10
318.7263912731287
 20
14.00858865327199
 30
0.0
 11
318.9086975867674
 21
13.9885812488287
 31
0.0
  0
LINE
  5
AC0
330
17
100
AcDbEntity
  8
可见轮廓
100
AcDbLine
 10
318.5518666333853
 20
14.028865312946369
 30
0.0
 11
318.7263912731287
 21
14.00858865327199
 31
0.0
  0
LINE
  5
AC1
330
17
100
AcDbEntity
  8
可见轮廓
100
AcDbLine
 10
318.38571858289373
 20
14.049346730618208
 30
0.0
 11
318.5518666333853
 21
14.028865312946369
 31
0.0
  0
LINE
  5
AC2
330
17
100
AcDbEntity
  8
可见轮廓
100
AcDbLine
 10
318.228541608034
 20
14.069968446136414
 30
0.0
 11
318.38571858289373
 21
14.049346730618208
 31
0.0
  0
LINE
  5
AC3
330
17
100
AcDbEntity
  8
可见轮廓
100
AcDbLine
 10
318.08093019518606
 20
14.090665999349895
 30
0.0
 11
318.228541608034
 21
14.069968446136414
 31
0.0
  0
LINE
  5
AC4
330
17
100
AcDbEntity
  8
可见轮廓
100
AcDbLine
 10
317.943701705121
 20
14.111339230562765
 30
0.0
 11
318.08093019518606
 21
14.090665999349895
 31
0.0
  0
LINE
  5
AC5
330
17
100
AcDbEntity
  8
可见轮廓
100
AcDbLine
 10
317.81790845239783
 20
14.131816239793098
 30
0.0
 11
317.943701705121
 21
14.111339230562765
 31
0.0
  0
LINE
  5
AC6
330
17
100
AcDbEntity
  8
可见轮廓
100
AcDbLine
 10
317.70398038832013
 20
14.151992389120991
 30
0.0
 11
317.81790845239783
 21
14.131816239793098
 31
0.0
  0
LINE
  5
AC7
330
17
100
AcDbEntity
  8
可见轮廓
100
AcDbLine
 10
317.6884937032097
 20
14.15488244446105
 30
0.0
 11
317.70398038832013
 21
14.151992389120991
 31
0.0
  0
LINE
  5
AC8
330
17
100
AcDbEntity
  8
可见轮廓
100
AcDbLine
 10
317.67326533637953
 20
14.157763775098518
 30
0.0
 11
317.6884937032097
 21
14.15488244446105
 31
0.0
  0
LINE
  5
AC9
330
17
100
AcDbEntity
  8
可见轮廓
100
AcDbLine
 10
317.6010409172024
 20
14.172028850982874
 30
0.0
 11
317.6149594180155
 21
14.169195732471557
 31
0.0
  0
LINE
  5
ACA
330
17
100
AcDbEntity
  8
可见轮廓
100
AcDbLine
 10
317.58738804451593
 20
14.174851409346322
 30
0.0
 11
317.6010409172024
 21
14.172028850982874
 31
0.0
  0
LINE
  5
ACB
330
17
100
AcDbEntity
  8
可见轮廓
100
AcDbLine
 10
317.4490573721868
 20
14.206660879592013
 30
0.0
 11
317.51361855569996
 21
14.190971518105098
 31
0.0
  0
LINE
  5
ACC
330
17
100
AcDbEntity
  8
可见轮廓
100
AcDbLine
 10
317.39412868814657
 20
14.221788578751207
 30
0.0
 11
317.4490573721868
 21
14.206660879592013
 31
0.0
  0
LINE
  5
ACD
330
17
100
AcDbEntity
  8
可见轮廓
100
AcDbLine
 10
317.34898800275096
 20
14.236262919876477
 30
0.0
 11
317.39412868814657
 21
14.221788578751207
 31
0.0
  0
LINE
  5
ACE
330
17
100
AcDbEntity
  8
可见轮廓
100
AcDbLine
 10
317.31372408132376
 20
14.25000733185738
 30
0.0
 11
317.34898800275096
 21
14.236262919876477
 31
0.0
  0
LINE
  5
ACF
330
17
100
AcDbEntity
  8
可见轮廓
100
AcDbLine
 10
317.28842568918884
 20
14.262945243583475
 30
0.0
 11
317.31372408132376
 21
14.25000733185738
 31
0.0
  0
LINE
  5
AD0
330
17
100
AcDbEntity
  8
可见轮廓
100
AcDbLine
 10
317.2731815916699
 20
14.275000083944319
 30
0.0
 11
317.28842568918884
 21
14.262945243583475
 31
0.0
  0
LINE
  5
AD1
330
17
100
AcDbEntity
  8
可见轮廓
100
AcDbLine
 10
300.3539422446667
 20
36.0
 30
0.0
 11
303.3539422446667
 21
36.0
 31
0.0
  0
LINE
  5
AD2
330
17
100
AcDbEntity
  8
可见轮廓
100
AcDbLine
 10
303.3539422446667
 20
36.0
 30
0.0
 11
306.3539422446667
 21
36.0
 31
0.0
  0
LINE
  5
AD3
330
17
100
AcDbEntity
  8
可见轮廓
100
AcDbLine
 10
306.3539422446667
 20
12.0
 30
0.0
 11
306.3539422446667
 21
12.129258603001938
 31
0.0
  0
LINE
  5
AD4
330
17
100
AcDbEntity
  8
可见轮廓
100
AcDbLine
 10
306.3539422446667
 20
12.129258603001938
 30
0.0
 11
306.3539422446667
 21
12.494481421087016
 31
0.0
  0
LINE
  5
AD5
330
17
100
AcDbEntity
  8
可见轮廓
100
AcDbLine
 10
306.3539422446667
 20
12.494481421087016
 30
0.0
 11
306.3539422446667
 21
13.088599796799464
 31
0.0
  0
LINE
  5
AD6
330
17
100
AcDbEntity
  8
可见轮廓
100
AcDbLine
 10
306.3539422446667
 20
13.088599796799464
 30
0.0
 11
306.3539422446667
 21
13.900495061638194
 31
0.0
  0
LINE
  5
AD7
330
17
100
AcDbEntity
  8
可见轮廓
100
AcDbLine
 10
306.3539422446667
 20
13.900495061638194
 30
0.0
 11
306.3539422446667
 21
14.929964976367321
 31
0.0
  0
LINE
  5
AD8
330
17
100
AcDbEntity
  8
可见轮廓
100
AcDbLine
 10
306.3539422446667
 20
14.929964976367321
 30
0.0
 11
306.3539422446667
 21
16.138844961221643
 31
0.0
  0
LINE
  5
AD9
330
17
100
AcDbEntity
  8
可见轮廓
100
AcDbLine
 10
306.3539422446667
 20
16.138844961221643
 30
0.0
 11
306.3539422446667
 21
17.50411802421973
 31
0.0
  0
LINE
  5
ADA
330
17
100
AcDbEntity
  8
可见轮廓
100
AcDbLine
 10
306.3539422446667
 20
17.50411802421973
 30
0.0
 11
306.3539422446667
 21
19.000000000000004
 31
0.0
  0
LINE
  5
ADB
330
17
100
AcDbEntity
  8
可见轮廓
100
AcDbLine
 10
306.3539422446667
 20
19.000000000000004
 30
0.0
 11
306.3539422446667
 21
19.59336297376978
 31
0.0
  0
LINE
  5
ADC
330
17
100
AcDbEntity
  8
可见轮廓
100
AcDbLine
 10
306.3539422446667
 20
19.59336297376978
 30
0.0
 11
306.3539422446667
 21
20.199100792955104
 31
0.0
  0
LINE
  5
ADD
330
17
100
AcDbEntity
  8
可见轮廓
100
AcDbLine
 10
306.3539422446667
 20
20.199100792955104
 30
0.0
 11
306.3539422446667
 21
20.815581780653616
 31
0.0
  0
LINE
  5
ADE
330
17
100
AcDbEntity
  8
可见轮廓
100
AcDbLine
 10
306.3539422446667
 20
20.815581780653616
 30
0.0
 11
306.3539422446667
 21
21.441147266413
 31
0.0
  0
LINE
  5
ADF
330
17
100
AcDbEntity
  8
可见轮廓
100
AcDbLine
 10
306.3539422446667
 20
21.441147266413
 30
0.0
 11
306.3539422446667
 21
22.074547539192757
 31
0.0
  0
LINE
  5
AE0
330
17
100
AcDbEntity
  8
可见轮廓
100
AcDbLine
 10
306.3539422446667
 20
22.074547539192757
 30
0.0
 11
306.3539422446667
 21
22.713304562368425
 31
0.0
  0
LINE
  5
AE1
330
17
100
AcDbEntity
  8
可见轮廓
100
AcDbLine
 10
306.3539422446667
 20
22.713304562368425
 30
0.0
 11
306.3539422446667
 21
23.355698405453957
 31
0.0
  0
LINE
  5
AE2
330
17
100
AcDbEntity
  8
可见轮廓
100
AcDbLine
 10
306.3539422446667
 20
23.355698405453957
 30
0.0
 11
306.3539422446667
 21
24.00000000000002
 31
0.0
  0
LINE
  5
AE3
330
17
100
AcDbEntity
  8
可见轮廓
100
AcDbLine
 10
306.3539422446667
 20
26.338581833916653
 30
0.0
 11
306.3539422446667
 21
24.00000000000002
 31
0.0
  0
LINE
  5
AE4
330
17
100
AcDbEntity
  8
可见轮廓
100
AcDbLine
 10
306.3539422446667
 20
28.584976806436142
 30
0.0
 11
306.3539422446667
 21
26.338581833916653
 31
0.0
  0
LINE
  5
AE5
330
17
100
AcDbEntity
  8
可见轮廓
100
AcDbLine
 10
306.3539422446667
 20
28.584976806436142
 30
0.0
 11
306.3539422446667
 21
30.658758094213926
 31
0.0
  0
LINE
  5
AE6
330
17
100
AcDbEntity
  8
可见轮廓
100
AcDbLine
 10
306.3539422446667
 20
32.48528137423823
 30
0.0
 11
306.3539422446667
 21
30.658758094213926
 31
0.0
  0
LINE
  5
AE7
330
17
100
AcDbEntity
  8
可见轮廓
100
AcDbLine
 10
306.3539422446667
 20
33.966012240458305
 30
0.0
 11
306.3539422446667
 21
32.48528137423823
 31
0.0
  0
LINE
  5
AE8
330
17
100
AcDbEntity
  8
可见轮廓
100
AcDbLine
 10
306.3539422446667
 20
35.069113189264435
 30
0.0
 11
306.3539422446667
 21
33.966012240458305
 31
0.0
  0
LINE
  5
AE9
330
17
100
AcDbEntity
  8
可见轮廓
100
AcDbLine
 10
306.3539422446667
 20
35.75548783931597
 30
0.0
 11
306.3539422446667
 21
35.069113189264435
 31
0.0
  0
LINE
  5
AEA
330
17
100
AcDbEntity
  8
可见轮廓
100
AcDbLine
 10
306.3539422446667
 20
36.0
 30
0.0
 11
306.3539422446667
 21
35.75548783931597
 31
0.0
  0
LINE
  5
AEB
330
17
100
AcDbEntity
  8
可见轮廓
100
AcDbLine
 10
308.3539422446667
 20
36.0
 30
0.0
 11
311.3539422446667
 21
36.0
 31
0.0
  0
LINE
  5
AEC
330
17
100
AcDbEntity
  8
可见轮廓
100
AcDbLine
 10
311.3539422446667
 20
36.0
 30
0.0
 11
314.3539422446667
 21
36.0
 31
0.0
  0
LINE
  5
AED
330
17
100
AcDbEntity
  8
可见轮廓
100
AcDbLine
 10
297.3539422446667
 20
32.99782155691894
 30
0.0
 11
297.3539422446667
 21
33.000000000000014
 31
0.0
  0
LINE
  5
AEE
330
17
100
AcDbEntity
  8
可见轮廓
100
AcDbLine
 10
297.3539422446667
 20
32.94860226843177
 30
0.0
 11
297.3539422446667
 21
32.9671742181813
 31
0.0
  0
LINE
  5
AEF
330
17
100
AcDbEntity
  8
可见轮廓
100
AcDbLine
 10
297.3539422446667
 20
32.926031930589815
 30
0.0
 11
297.3539422446667
 21
32.94860226843177
 31
0.0
  0
LINE
  5
AF0
330
17
100
AcDbEntity
  8
可见轮廓
100
AcDbLine
 10
297.3539422446667
 20
32.45907666217563
 30
0.0
 11
297.3539422446667
 21
32.868936324270216
 31
0.0
  0
LINE
  5
AF1
330
17
100
AcDbEntity
  8
可见轮廓
100
AcDbLine
 10
297.3539422446667
 20
31.796809660234505
 30
0.0
 11
297.3539422446667
 21
32.45907666217563
 31
0.0
  0
LINE
  5
AF2
330
17
100
AcDbEntity
  8
可见轮廓
100
AcDbLine
 10
297.3539422446667
 20
30.90124658852737
 30
0.0
 11
297.3539422446667
 21
31.796809660234505
 31
0.0
  0
LINE
  5
AF3
330
17
100
AcDbEntity
  8
可见轮廓
100
AcDbLine
 10
297.3539422446667
 20
29.79770893465356
 30
0.0
 11
297.3539422446667
 21
30.90124658852737
 31
0.0
  0
LINE
  5
AF4
330
17
100
AcDbEntity
  8
可见轮廓
100
AcDbLine
 10
297.3539422446667
 20
28.506356261719237
 30
0.0
 11
297.3539422446667
 21
29.79770893465356
 31
0.0
  0
LINE
  5
AF5
330
17
100
AcDbEntity
  8
可见轮廓
100
AcDbLine
 10
297.3539422446667
 20
27.08207038698425
 30
0.0
 11
297.3539422446667
 21
28.506356261719237
 31
0.0
  0
LINE
  5
AF6
330
17
100
AcDbEntity
  8
可见轮廓
100
AcDbLine
 10
297.3539422446667
 20
25.56556282936109
 30
0.0
 11
297.3539422446667
 21
27.08207038698425
 31
0.0
  0
LINE
  5
AF7
330
17
100
AcDbEntity
  8
可见轮廓
100
AcDbLine
 10
297.3539422446667
 20
23.999999999999634
 30
0.0
 11
297.3539422446667
 21
25.56556282936109
 31
0.0
  0
LINE
  5
AF8
330
17
100
AcDbEntity
  8
可见轮廓
100
AcDbLine
 10
297.3539422446667
 20
22.434437170638283
 30
0.0
 11
297.3539422446667
 21
23.999999999999634
 31
0.0
  0
LINE
  5
AF9
330
17
100
AcDbEntity
  8
可见轮廓
100
AcDbLine
 10
297.3539422446667
 20
20.917929613015232
 30
0.0
 11
297.3539422446667
 21
22.434437170638283
 31
0.0
  0
LINE
  5
AFA
330
17
100
AcDbEntity
  8
可见轮廓
100
AcDbLine
 10
297.3539422446667
 20
19.493643738280372
 30
0.0
 11
297.3539422446667
 21
20.917929613015232
 31
0.0
  0
LINE
  5
AFB
330
17
100
AcDbEntity
  8
可见轮廓
100
AcDbLine
 10
297.3539422446667
 20
18.20229106534616
 30
0.0
 11
297.3539422446667
 21
19.493643738280372
 31
0.0
  0
LINE
  5
AFC
330
17
100
AcDbEntity
  8
可见轮廓
100
AcDbLine
 10
297.3539422446667
 20
17.09875341147245
 30
0.0
 11
297.3539422446667
 21
18.20229106534616
 31
0.0
  0
LINE
  5
AFD
330
17
100
AcDbEntity
  8
可见轮廓
100
AcDbLine
 10
297.3539422446667
 20
16.203190339765406
 30
0.0
 11
297.3539422446667
 21
17.09875341147245
 31
0.0
  0
LINE
  5
AFE
330
17
100
AcDbEntity
  8
可见轮廓
100
AcDbLine
 10
297.3539422446667
 20
15.540923337824333
 30
0.0
 11
297.3539422446667
 21
16.203190339765406
 31
0.0
  0
LINE
  5
AFF
330
17
100
AcDbEntity
  8
可见轮廓
100
AcDbLine
 10
297.3539422446667
 20
15.131063675729784
 30
0.0
 11
297.3539422446667
 21
15.540923337824333
 31
0.0
  0
LINE
  5
B00
330
17
100
AcDbEntity
  8
可见轮廓
100
AcDbLine
 10
297.3539422446667
 20
15.100527133032308
 30
0.0
 11
297.3539422446667
 21
15.131063675729784
 31
0.0
  0
LINE
  5
B01
330
17
100
AcDbEntity
  8
可见轮廓
100
AcDbLine
 10
297.3539422446667
 20
15.032825781818701
 30
0.0
 11
297.3539422446667
 21
15.05139773156823
 31
0.0
  0
LINE
  5
B02
330
17
100
AcDbEntity
  8
可见轮廓
100
AcDbLine
 10
297.3539422446667
 20
15.018594827320763
 30
0.0
 11
297.3539422446667
 21
15.032825781818701
 31
0.0
  0
LINE
  5
B03
330
17
100
AcDbEntity
  8
可见轮廓
100
AcDbLine
 10
317.3539422446667
 20
14.99999999999999
 30
0.0
 11
317.3539422446667
 21
15.003971142095947
 31
0.0
  0
LINE
  5
B04
330
17
100
AcDbEntity
  8
可见轮廓
100
AcDbLine
 10
317.3539422446667
 20
15.033888420184056
 30
0.0
 11
317.3539422446667
 21
15.059811345299977
 31
0.0
  0
LINE
  5
B05
330
17
100
AcDbEntity
  8
可见轮廓
100
AcDbLine
 10
317.3539422446667
 20
15.059811345299977
 30
0.0
 11
317.3539422446667
 21
15.093623772529785
 31
0.0
  0
LINE
  5
B06
330
17
100
AcDbEntity
  8
可见轮廓
100
AcDbLine
 10
317.3539422446667
 20
15.1346899945525
 30
0.0
 11
317.3539422446667
 21
15.182977963982964
 31
0.0
  0
LINE
  5
B07
330
17
100
AcDbEntity
  8
可见轮廓
100
AcDbLine
 10
317.3539422446667
 20
15.182977963982964
 30
0.0
 11
317.3539422446667
 21
15.23845040408292
 31
0.0
  0
LINE
  5
B08
330
17
100
AcDbEntity
  8
可见轮廓
100
AcDbLine
 10
317.3539422446667
 20
15.23845040408292
 30
0.0
 11
317.3539422446667
 21
15.711383474389212
 31
0.0
  0
LINE
  5
B09
330
17
100
AcDbEntity
  8
可见轮廓
100
AcDbLine
 10
317.3539422446667
 20
15.711383474389212
 30
0.0
 11
317.3539422446667
 21
16.410910710514507
 31
0.0
  0
LINE
  5
B0A
330
17
100
AcDbEntity
  8
可见轮廓
100
AcDbLine
 10
317.3539422446667
 20
16.410910710514507
 30
0.0
 11
317.3539422446667
 21
17.318565242611495
 31
0.0
  0
LINE
  5
B0B
330
17
100
AcDbEntity
  8
可见轮廓
100
AcDbLine
 10
317.3539422446667
 20
17.318565242611495
 30
0.0
 11
317.3539422446667
 21
18.410802733714796
 31
0.0
  0
LINE
  5
B0C
330
17
100
AcDbEntity
  8
可见轮廓
100
AcDbLine
 10
317.3539422446667
 20
18.410802733714796
 30
0.0
 11
317.3539422446667
 21
19.66899722494321
 31
0.0
  0
LINE
  5
B0D
330
17
100
AcDbEntity
  8
可见轮廓
100
AcDbLine
 10
317.3539422446667
 20
19.66899722494321
 30
0.0
 11
317.3539422446667
 21
21.044271108836394
 31
0.0
  0
LINE
  5
B0E
330
17
100
AcDbEntity
  8
可见轮廓
100
AcDbLine
 10
317.3539422446667
 20
21.044271108836394
 30
0.0
 11
317.3539422446667
 21
22.50060450307105
 31
0.0
  0
LINE
  5
B0F
330
17
100
AcDbEntity
  8
可见轮廓
100
AcDbLine
 10
317.3539422446667
 20
22.50060450307105
 30
0.0
 11
317.3539422446667
 21
24.0
 31
0.0
  0
LINE
  5
B10
330
17
100
AcDbEntity
  8
可见轮廓
100
AcDbLine
 10
317.3539422446667
 20
24.0
 30
0.0
 11
317.3539422446667
 21
25.49939549692895
 31
0.0
  0
LINE
  5
B11
330
17
100
AcDbEntity
  8
可见轮廓
100
AcDbLine
 10
317.3539422446667
 20
25.49939549692895
 30
0.0
 11
317.3539422446667
 21
26.955728891163606
 31
0.0
  0
LINE
  5
B12
330
17
100
AcDbEntity
  8
可见轮廓
100
AcDbLine
 10
317.3539422446667
 20
26.955728891163606
 30
0.0
 11
317.3539422446667
 21
28.331002775056792
 31
0.0
  0
LINE
  5
B13
330
17
100
AcDbEntity
  8
可见轮廓
100
AcDbLine
 10
317.3539422446667
 20
28.331002775056792
 30
0.0
 11
317.3539422446667
 21
29.589197266285204
 31
0.0
  0
LINE
  5
B14
330
17
100
AcDbEntity
  8
可见轮廓
100
AcDbLine
 10
317.3539422446667
 20
29.589197266285204
 30
0.0
 11
317.3539422446667
 21
30.681434757388505
 31
0.0
  0
LINE
  5
B15
330
17
100
AcDbEntity
  8
可见轮廓
100
AcDbLine
 10
317.3539422446667
 20
30.681434757388505
 30
0.0
 11
317.3539422446667
 21
31.589089289485496
 31
0.0
  0
LINE
  5
B16
330
17
100
AcDbEntity
  8
可见轮廓
100
AcDbLine
 10
317.3539422446667
 20
31.589089289485496
 30
0.0
 11
317.3539422446667
 21
32.28861652561079
 31
0.0
  0
LINE
  5
B17
330
17
100
AcDbEntity
  8
可见轮廓
100
AcDbLine
 10
317.3539422446667
 20
32.28861652561079
 30
0.0
 11
317.3539422446667
 21
32.761549595917074
 31
0.0
  0
LINE
  5
B18
330
17
100
AcDbEntity
  8
可见轮廓
100
AcDbLine
 10
317.3539422446667
 20
32.761549595917074
 30
0.0
 11
317.3539422446667
 21
32.817022036017015
 31
0.0
  0
LINE
  5
B19
330
17
100
AcDbEntity
  8
可见轮廓
100
AcDbLine
 10
317.3539422446667
 20
32.817022036017015
 30
0.0
 11
317.3539422446667
 21
32.865310005447455
 31
0.0
  0
LINE
  5
B1A
330
17
100
AcDbEntity
  8
可见轮廓
100
AcDbLine
 10
317.3539422446667
 20
32.865310005447455
 30
0.0
 11
317.3539422446667
 21
32.90637622747016
 31
0.0
  0
LINE
  5
B1B
330
17
100
AcDbEntity
  8
可见轮廓
100
AcDbLine
 10
317.3539422446667
 20
32.940188654699966
 30
0.0
 11
317.3539422446667
 21
32.96611157981589
 31
0.0
  0
LINE
  5
B1C
330
17
100
AcDbEntity
  8
可见轮廓
100
AcDbLine
 10
317.3539422446667
 20
32.96611157981589
 30
0.0
 11
317.3539422446667
 21
32.98472973266242
 31
0.0
  0
LINE
  5
B1D
330
17
100
AcDbEntity
  8
可见轮廓
100
AcDbLine
 10
308.3539422446667
 20
12.0
 30
0.0
 11
311.3539422446667
 21
12.0
 31
0.0
  0
LINE
  5
B1E
330
17
100
AcDbEntity
  8
可见轮廓
100
AcDbLine
 10
311.3539422446667
 20
12.0
 30
0.0
 11
314.3539422446667
 21
12.0
 31
0.0
  0
LINE
  5
B1F
330
17
100
AcDbEntity
  8
可见轮廓
100
AcDbLine
 10
308.3539422446667
 20
36.0
 30
0.0
 11
308.3539422446667
 21
35.75548783931597
 31
0.0
  0
LINE
  5
B20
330
17
100
AcDbEntity
  8
可见轮廓
100
AcDbLine
 10
308.3539422446667
 20
35.75548783931597
 30
0.0
 11
308.3539422446667
 21
35.069113189264435
 31
0.0
  0
LINE
  5
B21
330
17
100
AcDbEntity
  8
可见轮廓
100
AcDbLine
 10
308.3539422446667
 20
35.069113189264435
 30
0.0
 11
308.3539422446667
 21
33.9660122404583
 31
0.0
  0
LINE
  5
B22
330
17
100
AcDbEntity
  8
可见轮廓
100
AcDbLine
 10
308.3539422446667
 20
33.9660122404583
 30
0.0
 11
308.3539422446667
 21
32.48528137423821
 31
0.0
  0
LINE
  5
B23
330
17
100
AcDbEntity
  8
可见轮廓
100
AcDbLine
 10
308.3539422446667
 20
32.48528137423821
 30
0.0
 11
308.3539422446667
 21
30.658758094213916
 31
0.0
  0
LINE
  5
B24
330
17
100
AcDbEntity
  8
可见轮廓
100
AcDbLine
 10
308.3539422446667
 20
30.658758094213916
 30
0.0
 11
308.3539422446667
 21
28.584976806436107
 31
0.0
  0
LINE
  5
B25
330
17
100
AcDbEntity
  8
可见轮廓
100
AcDbLine
 10
308.3539422446667
 20
26.338581833916617
 30
0.0
 11
308.3539422446667
 21
28.584976806436107
 31
0.0
  0
LINE
  5
B26
330
17
100
AcDbEntity
  8
可见轮廓
100
AcDbLine
 10
308.3539422446667
 20
23.999999999999986
 30
0.0
 11
308.3539422446667
 21
26.338581833916617
 31
0.0
  0
LINE
  5
B27
330
17
100
AcDbEntity
  8
可见轮廓
100
AcDbLine
 10
308.3539422446667
 20
23.35569840545392
 30
0.0
 11
308.3539422446667
 21
23.999999999999986
 31
0.0
  0
LINE
  5
B28
330
17
100
AcDbEntity
  8
可见轮廓
100
AcDbLine
 10
308.3539422446667
 20
22.713304562368386
 30
0.0
 11
308.3539422446667
 21
23.35569840545392
 31
0.0
  0
LINE
  5
B29
330
17
100
AcDbEntity
  8
可见轮廓
100
AcDbLine
 10
308.3539422446667
 20
22.074547539192743
 30
0.0
 11
308.3539422446667
 21
22.713304562368386
 31
0.0
  0
LINE
  5
B2A
330
17
100
AcDbEntity
  8
可见轮廓
100
AcDbLine
 10
308.3539422446667
 20
21.441147266412987
 30
0.0
 11
308.3539422446667
 21
22.074547539192743
 31
0.0
  0
LINE
  5
B2B
330
17
100
AcDbEntity
  8
可见轮廓
100
AcDbLine
 10
308.3539422446667
 20
20.815581780653602
 30
0.0
 11
308.3539422446667
 21
21.441147266412987
 31
0.0
  0
LINE
  5
B2C
330
17
100
AcDbEntity
  8
可见轮廓
100
AcDbLine
 10
308.3539422446667
 20
20.199100792955107
 30
0.0
 11
308.3539422446667
 21
20.815581780653602
 31
0.0
  0
LINE
  5
B2D
330
17
100
AcDbEntity
  8
可见轮廓
100
AcDbLine
 10
308.3539422446667
 20
19.593362973769782
 30
0.0
 11
308.3539422446667
 21
20.199100792955107
 31
0.0
  0
LINE
  5
B2E
330
17
100
AcDbEntity
  8
可见轮廓
100
AcDbLine
 10
308.3539422446667
 20
19.000000000000007
 30
0.0
 11
308.3539422446667
 21
19.593362973769782
 31
0.0
  0
LINE
  5
B2F
330
17
100
AcDbEntity
  8
可见轮廓
100
AcDbLine
 10
308.3539422446667
 20
17.504118024219732
 30
0.0
 11
308.3539422446667
 21
19.000000000000007
 31
0.0
  0
LINE
  5
B30
330
17
100
AcDbEntity
  8
可见轮廓
100
AcDbLine
 10
308.3539422446667
 20
16.13884496122165
 30
0.0
 11
308.3539422446667
 21
17.504118024219732
 31
0.0
  0
LINE
  5
B31
330
17
100
AcDbEntity
  8
可见轮廓
100
AcDbLine
 10
308.3539422446667
 20
14.929964976367327
 30
0.0
 11
308.3539422446667
 21
16.13884496122165
 31
0.0
  0
LINE
  5
B32
330
17
100
AcDbEntity
  8
可见轮廓
100
AcDbLine
 10
308.3539422446667
 20
13.900495061638198
 30
0.0
 11
308.3539422446667
 21
14.929964976367327
 31
0.0
  0
LINE
  5
B33
330
17
100
AcDbEntity
  8
可见轮廓
100
AcDbLine
 10
308.3539422446667
 20
13.088599796799464
 30
0.0
 11
308.3539422446667
 21
13.900495061638198
 31
0.0
  0
LINE
  5
B34
330
17
100
AcDbEntity
  8
可见轮廓
100
AcDbLine
 10
308.3539422446667
 20
12.494481421087018
 30
0.0
 11
308.3539422446667
 21
13.088599796799464
 31
0.0
  0
LINE
  5
B35
330
17
100
AcDbEntity
  8
可见轮廓
100
AcDbLine
 10
308.3539422446667
 20
12.12925860300194
 30
0.0
 11
308.3539422446667
 21
12.494481421087018
 31
0.0
  0
LINE
  5
B36
330
17
100
AcDbEntity
  8
可见轮廓
100
AcDbLine
 10
308.3539422446667
 20
12.0
 30
0.0
 11
308.3539422446667
 21
12.12925860300194
 31
0.0
  0
LINE
  5
B37
330
17
100
AcDbEntity
  8
可见轮廓
100
AcDbLine
 10
308.3539422446667
 20
2.0
 30
0.0
 11
308.3539422446667
 21
9.00000000000001
 31
0.0
  0
LINE
  5
B38
330
17
100
AcDbEntity
  8
可见轮廓
100
AcDbLine
 10
308.3539422446667
 20
2.0
 30
0.0
 11
310.84579120684646
 21
2.0
 31
0.0
  0
LINE
  5
B39
330
17
100
AcDbEntity
  8
可见轮廓
100
AcDbLine
 10
310.84579120684646
 20
2.0
 30
0.0
 11
313.30357962013755
 21
2.0
 31
0.0
  0
LINE
  5
B3A
330
17
100
AcDbEntity
  8
可见轮廓
100
AcDbLine
 10
313.30357962013755
 20
2.0
 30
0.0
 11
315.7052331973609
 21
2.0
 31
0.0
  0
LINE
  5
B3B
330
17
100
AcDbEntity
  8
可见轮廓
100
AcDbLine
 10
315.7052331973609
 20
2.0
 30
0.0
 11
318.0291485590075
 21
2.0
 31
0.0
  0
LINE
  5
B3C
330
17
100
AcDbEntity
  8
可见轮廓
100
AcDbLine
 10
318.0291485590075
 20
2.0
 30
0.0
 11
320.2439719744205
 21
2.0
 31
0.0
  0
LINE
  5
B3D
330
17
100
AcDbEntity
  8
可见轮廓
100
AcDbLine
 10
320.2439719744205
 20
2.0
 30
0.0
 11
322.3362007851985
 21
2.0
 31
0.0
  0
LINE
  5
B3E
330
17
100
AcDbEntity
  8
可见轮廓
100
AcDbLine
 10
322.3362007851985
 20
2.0
 30
0.0
 11
324.28707196793596
 21
2.0
 31
0.0
  0
LINE
  5
B3F
330
17
100
AcDbEntity
  8
可见轮廓
100
AcDbLine
 10
324.28707196793596
 20
2.0
 30
0.0
 11
326.0790083295593
 21
2.0
 31
0.0
  0
LINE
  5
B40
330
17
100
AcDbEntity
  8
可见轮廓
100
AcDbLine
 10
326.0790083295593
 20
2.0
 30
0.0
 11
327.6043451277856
 21
2.0
 31
0.0
  0
LINE
  5
B41
330
17
100
AcDbEntity
  8
可见轮廓
100
AcDbLine
 10
327.6043451277856
 20
2.0
 30
0.0
 11
328.9566505384331
 21
2.0
 31
0.0
  0
LINE
  5
B42
330
17
100
AcDbEntity
  8
可见轮廓
100
AcDbLine
 10
328.9566505384331
 20
2.0
 30
0.0
 11
330.1250047677181
 21
2.0
 31
0.0
  0
LINE
  5
B43
330
17
100
AcDbEntity
  8
可见轮廓
100
AcDbLine
 10
330.1250047677181
 20
2.0
 30
0.0
 11
331.0998806885855
 21
2.0
 31
0.0
  0
LINE
  5
B44
330
17
100
AcDbEntity
  8
可见轮廓
100
AcDbLine
 10
331.0998806885855
 20
2.0
 30
0.0
 11
331.8557452088283
 21
2.0
 31
0.0
  0
LINE
  5
B45
330
17
100
AcDbEntity
  8
可见轮廓
100
AcDbLine
 10
331.8557452088283
 20
2.0
 30
0.0
 11
332.40269384966035
 21
2.0
 31
0.0
  0
LINE
  5
B46
330
17
100
AcDbEntity
  8
可见轮廓
100
AcDbLine
 10
332.40269384966035
 20
2.0
 30
0.0
 11
332.7363475930778
 21
2.0
 31
0.0
  0
LINE
  5
B47
330
17
100
AcDbEntity
  8
可见轮廓
100
AcDbLine
 10
332.7363475930778
 20
2.0
 30
0.0
 11
332.8539422446667
 21
2.0
 31
0.0
  0
LINE
  5
B48
330
17
100
AcDbEntity
  8
可见轮廓
100
AcDbLine
 10
300.3539422446667
 20
12.0
 30
0.0
 11
303.3539422446667
 21
12.0
 31
0.0
  0
LINE
  5
B49
330
17
100
AcDbEntity
  8
可见轮廓
100
AcDbLine
 10
303.3539422446667
 20
12.0
 30
0.0
 11
306.3539422446667
 21
12.0
 31
0.0
  0
LINE
  5
B4A
330
17
100
AcDbEntity
  8
可见轮廓
100
AcDbLine
 10
308.2290794188141
 20
2.0
 30
0.0
 11
308.3539422446667
 21
2.0
 31
0.0
  0
LINE
  5
B4B
330
17
100
AcDbEntity
  8
可见轮廓
100
AcDbLine
 10
308.10416254656354
 20
2.0
 30
0.0
 11
308.2290794188141
 21
2.0
 31
0.0
  0
LINE
  5
B4C
330
17
100
AcDbEntity
  8
可见轮廓
100
AcDbLine
 10
307.9791990254974
 20
2.0
 30
0.0
 11
308.10416254656354
 21
2.0
 31
0.0
  0
LINE
  5
B4D
330
17
100
AcDbEntity
  8
可见轮廓
100
AcDbLine
 10
307.8541962557764
 20
2.0
 30
0.0
 11
307.9791990254974
 21
2.0
 31
0.0
  0
LINE
  5
B4E
330
17
100
AcDbEntity
  8
可见轮廓
100
AcDbLine
 10
307.72915978807157
 20
2.0
 30
0.0
 11
307.8541962557764
 21
2.0
 31
0.0
  0
LINE
  5
B4F
330
17
100
AcDbEntity
  8
可见轮廓
100
AcDbLine
 10
307.60410035953305
 20
2.0
 30
0.0
 11
307.72915978807157
 21
2.0
 31
0.0
  0
LINE
  5
B50
330
17
100
AcDbEntity
  8
可见轮廓
100
AcDbLine
 10
307.4790253761238
 20
2.0
 30
0.0
 11
307.60410035953305
 21
2.0
 31
0.0
  0
LINE
  5
B51
330
17
100
AcDbEntity
  8
可见轮廓
100
AcDbLine
 10
307.3539422446667
 20
2.0
 30
0.0
 11
307.4790253761238
 21
2.0
 31
0.0
  0
LINE
  5
B52
330
17
100
AcDbEntity
  8
可见轮廓
100
AcDbLine
 10
307.22885911320964
 20
2.0
 30
0.0
 11
307.3539422446667
 21
2.0
 31
0.0
  0
LINE
  5
B53
330
17
100
AcDbEntity
  8
可见轮廓
100
AcDbLine
 10
307.10378412980043
 20
2.0
 30
0.0
 11
307.22885911320964
 21
2.0
 31
0.0
  0
LINE
  5
B54
330
17
100
AcDbEntity
  8
可见轮廓
100
AcDbLine
 10
306.97872470126185
 20
2.0
 30
0.0
 11
307.10378412980043
 21
2.0
 31
0.0
  0
LINE
  5
B55
330
17
100
AcDbEntity
  8
可见轮廓
100
AcDbLine
 10
306.853688233557
 20
2.0
 30
0.0
 11
306.97872470126185
 21
2.0
 31
0.0
  0
LINE
  5
B56
330
17
100
AcDbEntity
  8
可见轮廓
100
AcDbLine
 10
306.72868546383603
 20
2.0
 30
0.0
 11
306.853688233557
 21
2.0
 31
0.0
  0
LINE
  5
B57
330
17
100
AcDbEntity
  8
可见轮廓
100
AcDbLine
 10
306.6037219427699
 20
2.0
 30
0.0
 11
306.72868546383603
 21
2.0
 31
0.0
  0
LINE
  5
B58
330
17
100
AcDbEntity
  8
可见轮廓
100
AcDbLine
 10
306.47880507051934
 20
2.0
 30
0.0
 11
306.6037219427699
 21
2.0
 31
0.0
  0
LINE
  5
B59
330
17
100
AcDbEntity
  8
可见轮廓
100
AcDbLine
 10
306.3539422446667
 20
2.0
 30
0.0
 11
306.47880507051934
 21
2.0
 31
0.0
  0
LINE
  5
B5A
330
17
100
AcDbEntity
  8
可见轮廓
100
AcDbLine
 10
306.3539422446667
 20
2.0
 30
0.0
 11
306.3539422446667
 21
12.0
 31
0.0
  0
LINE
  5
B5B
330
17
100
AcDbEntity
  8
可见轮廓
100
AcDbLine
 10
306.3539422446667
 20
36.0
 30
0.0
 11
306.3539422446667
 21
46.0
 31
0.0
  0
LINE
  5
B5C
330
17
100
AcDbEntity
  8
可见轮廓
100
AcDbLine
 10
308.3539422446667
 20
36.0
 30
0.0
 11
308.3539422446667
 21
46.0
 31
0.0
  0
LINE
  5
B5D
330
17
100
AcDbEntity
  8
可见轮廓
100
AcDbLine
 10
308.3539422446667
 20
2.0
 30
0.0
 11
308.3539422446667
 21
12.0
 31
0.0
  0
LINE
  5
B5E
330
17
100
AcDbEntity
  8
可见轮廓
100
AcDbLine
 10
308.3539422446667
 20
2.0
 30
0.0
 11
313.1780233773276
 21
2.0
 31
0.0
  0
LINE
  5
B5F
330
17
100
AcDbEntity
  8
可见轮廓
100
AcDbLine
 10
313.1780233773276
 20
2.0
 30
0.0
 11
317.7855095631344
 21
2.0
 31
0.0
  0
LINE
  5
B60
330
17
100
AcDbEntity
  8
可见轮廓
100
AcDbLine
 10
317.7855095631344
 20
2.0
 30
0.0
 11
322.019582829994
 21
2.0
 31
0.0
  0
LINE
  5
B61
330
17
100
AcDbEntity
  8
可见轮廓
100
AcDbLine
 10
322.019582829994
 20
2.0
 30
0.0
 11
325.7353186893185
 21
2.0
 31
0.0
  0
LINE
  5
B62
330
17
100
AcDbEntity
  8
可见轮廓
100
AcDbLine
 10
325.7353186893185
 20
2.0
 30
0.0
 11
328.73878189605267
 21
2.0
 31
0.0
  0
LINE
  5
B63
330
17
100
AcDbEntity
  8
可见轮廓
100
AcDbLine
 10
328.73878189605267
 20
2.0
 30
0.0
 11
330.97205490640806
 21
2.0
 31
0.0
  0
LINE
  5
B64
330
17
100
AcDbEntity
  8
可见轮廓
100
AcDbLine
 10
330.97205490640806
 20
2.0
 30
0.0
 11
332.3598836877424
 21
2.0
 31
0.0
  0
LINE
  5
B65
330
17
100
AcDbEntity
  8
可见轮廓
100
AcDbLine
 10
332.3598836877424
 20
2.0
 30
0.0
 11
332.8539422446667
 21
2.0
 31
0.0
  0
LINE
  5
B66
330
17
100
AcDbEntity
  8
可见轮廓
100
AcDbLine
 10
332.8539422431223
 20
2.0
 30
0.0
 11
332.8539422446667
 21
2.0
 31
0.0
  0
LINE
  5
B67
330
17
100
AcDbEntity
  8
可见轮廓
100
AcDbLine
 10
281.85394231606654
 20
2.0
 30
0.0
 11
281.8539423378072
 21
2.0
 31
0.0
  0
LINE
  5
B68
330
17
100
AcDbEntity
  8
可见轮廓
100
AcDbLine
 10
281.8539422446667
 20
2.0
 30
0.0
 11
282.34800080159096
 21
2.0
 31
0.0
  0
LINE
  5
B69
330
17
100
AcDbEntity
  8
可见轮廓
100
AcDbLine
 10
282.34800080159096
 20
2.0
 30
0.0
 11
283.73582958292536
 21
2.0
 31
0.0
  0
LINE
  5
B6A
330
17
100
AcDbEntity
  8
可见轮廓
100
AcDbLine
 10
283.73582958292536
 20
2.0
 30
0.0
 11
285.96910259328075
 21
2.0
 31
0.0
  0
LINE
  5
B6B
330
17
100
AcDbEntity
  8
可见轮廓
100
AcDbLine
 10
285.96910259328075
 20
2.0
 30
0.0
 11
288.97256580001493
 21
2.0
 31
0.0
  0
LINE
  5
B6C
330
17
100
AcDbEntity
  8
可见轮廓
100
AcDbLine
 10
288.97256580001493
 20
2.0
 30
0.0
 11
292.6883016593394
 21
2.0
 31
0.0
  0
LINE
  5
B6D
330
17
100
AcDbEntity
  8
可见轮廓
100
AcDbLine
 10
292.6883016593394
 20
2.0
 30
0.0
 11
296.92237492619904
 21
2.0
 31
0.0
  0
LINE
  5
B6E
330
17
100
AcDbEntity
  8
可见轮廓
100
AcDbLine
 10
296.92237492619904
 20
2.0
 30
0.0
 11
301.52986111200585
 21
2.0
 31
0.0
  0
LINE
  5
B6F
330
17
100
AcDbEntity
  8
可见轮廓
100
AcDbLine
 10
301.52986111200585
 20
2.0
 30
0.0
 11
306.3539422446667
 21
2.0
 31
0.0
  0
LINE
  5
B70
330
17
100
AcDbEntity
  8
可见轮廓
100
AcDbLine
 10
308.3539422446667
 20
46.0
 30
0.0
 11
313.1780233773276
 21
46.0
 31
0.0
  0
LINE
  5
B71
330
17
100
AcDbEntity
  8
可见轮廓
100
AcDbLine
 10
313.1780233773276
 20
46.0
 30
0.0
 11
317.7855095631344
 21
46.0
 31
0.0
  0
LINE
  5
B72
330
17
100
AcDbEntity
  8
可见轮廓
100
AcDbLine
 10
317.7855095631344
 20
46.0
 30
0.0
 11
322.019582829994
 21
46.0
 31
0.0
  0
LINE
  5
B73
330
17
100
AcDbEntity
  8
可见轮廓
100
AcDbLine
 10
322.019582829994
 20
46.0
 30
0.0
 11
325.7353186893185
 21
46.0
 31
0.0
  0
LINE
  5
B74
330
17
100
AcDbEntity
  8
可见轮廓
100
AcDbLine
 10
325.7353186893185
 20
46.0
 30
0.0
 11
328.73878189605267
 21
46.0
 31
0.0
  0
LINE
  5
B75
330
17
100
AcDbEntity
  8
可见轮廓
100
AcDbLine
 10
328.73878189605267
 20
46.0
 30
0.0
 11
330.97205490640806
 21
46.0
 31
0.0
  0
LINE
  5
B76
330
17
100
AcDbEntity
  8
可见轮廓
100
AcDbLine
 10
330.97205490640806
 20
46.0
 30
0.0
 11
332.3598836877424
 21
46.0
 31
0.0
  0
LINE
  5
B77
330
17
100
AcDbEntity
  8
可见轮廓
100
AcDbLine
 10
332.3598836877424
 20
46.0
 30
0.0
 11
332.8539422446667
 21
46.0
 31
0.0
  0
LINE
  5
B78
330
17
100
AcDbEntity
  8
可见轮廓
100
AcDbLine
 10
332.85394221339214
 20
46.0
 30
0.0
 11
332.8539422446667
 21
46.0
 31
0.0
  0
LINE
  5
B79
330
17
100
AcDbEntity
  8
可见轮廓
100
AcDbLine
 10
281.8539436905127
 20
46.0
 30
0.0
 11
281.853944130762
 21
46.0
 31
0.0
  0
LINE
  5
B7A
330
17
100
AcDbEntity
  8
可见轮廓
100
AcDbLine
 10
281.8539422446667
 20
46.0
 30
0.0
 11
282.34800080159096
 21
46.0
 31
0.0
  0
LINE
  5
B7B
330
17
100
AcDbEntity
  8
可见轮廓
100
AcDbLine
 10
282.34800080159096
 20
46.0
 30
0.0
 11
283.73582958292536
 21
46.0
 31
0.0
  0
LINE
  5
B7C
330
17
100
AcDbEntity
  8
可见轮廓
100
AcDbLine
 10
283.73582958292536
 20
46.0
 30
0.0
 11
285.96910259328075
 21
46.0
 31
0.0
  0
LINE
  5
B7D
330
17
100
AcDbEntity
  8
可见轮廓
100
AcDbLine
 10
285.96910259328075
 20
46.0
 30
0.0
 11
288.97256580001493
 21
46.0
 31
0.0
  0
LINE
  5
B7E
330
17
100
AcDbEntity
  8
可见轮廓
100
AcDbLine
 10
288.97256580001493
 20
46.0
 30
0.0
 11
292.6883016593394
 21
46.0
 31
0.0
  0
LINE
  5
B7F
330
17
100
AcDbEntity
  8
可见轮廓
100
AcDbLine
 10
292.6883016593394
 20
46.0
 30
0.0
 11
296.92237492619904
 21
46.0
 31
0.0
  0
LINE
  5
B80
330
17
100
AcDbEntity
  8
可见轮廓
100
AcDbLine
 10
296.92237492619904
 20
46.0
 30
0.0
 11
301.52986111200585
 21
46.0
 31
0.0
  0
LINE
  5
B81
330
17
100
AcDbEntity
  8
可见轮廓
100
AcDbLine
 10
301.52986111200585
 20
46.0
 30
0.0
 11
306.3539422446667
 21
46.0
 31
0.0
  0
LINE
  5
B82
330
17
100
AcDbEntity
  8
可见轮廓
100
AcDbLine
 10
306.3539422446667
 20
46.0
 30
0.0
 11
306.47880507051934
 21
46.0
 31
0.0
  0
LINE
  5
B83
330
17
100
AcDbEntity
  8
可见轮廓
100
AcDbLine
 10
306.47880507051934
 20
46.0
 30
0.0
 11
306.6037219427699
 21
46.0
 31
0.0
  0
LINE
  5
B84
330
17
100
AcDbEntity
  8
可见轮廓
100
AcDbLine
 10
306.6037219427699
 20
46.0
 30
0.0
 11
306.72868546383603
 21
46.0
 31
0.0
  0
LINE
  5
B85
330
17
100
AcDbEntity
  8
可见轮廓
100
AcDbLine
 10
306.72868546383603
 20
46.0
 30
0.0
 11
306.853688233557
 21
46.0
 31
0.0
  0
LINE
  5
B86
330
17
100
AcDbEntity
  8
可见轮廓
100
AcDbLine
 10
306.853688233557
 20
46.0
 30
0.0
 11
306.97872470126185
 21
46.0
 31
0.0
  0
LINE
  5
B87
330
17
100
AcDbEntity
  8
可见轮廓
100
AcDbLine
 10
306.97872470126185
 20
46.0
 30
0.0
 11
307.1037841298004
 21
46.0
 31
0.0
  0
LINE
  5
B88
330
17
100
AcDbEntity
  8
可见轮廓
100
AcDbLine
 10
307.1037841298004
 20
46.0
 30
0.0
 11
307.22885911320964
 21
46.0
 31
0.0
  0
LINE
  5
B89
330
17
100
AcDbEntity
  8
可见轮廓
100
AcDbLine
 10
307.22885911320964
 20
46.0
 30
0.0
 11
307.3539422446667
 21
46.0
 31
0.0
  0
LINE
  5
B8A
330
17
100
AcDbEntity
  8
可见轮廓
100
AcDbLine
 10
307.3539422446667
 20
46.0
 30
0.0
 11
307.4790253761238
 21
46.0
 31
0.0
  0
LINE
  5
B8B
330
17
100
AcDbEntity
  8
可见轮廓
100
AcDbLine
 10
307.4790253761238
 20
46.0
 30
0.0
 11
307.604100359533
 21
46.0
 31
0.0
  0
LINE
  5
B8C
330
17
100
AcDbEntity
  8
可见轮廓
100
AcDbLine
 10
307.604100359533
 20
46.0
 30
0.0
 11
307.72915978807157
 21
46.0
 31
0.0
  0
LINE
  5
B8D
330
17
100
AcDbEntity
  8
可见轮廓
100
AcDbLine
 10
307.72915978807157
 20
46.0
 30
0.0
 11
307.8541962557764
 21
46.0
 31
0.0
  0
LINE
  5
B8E
330
17
100
AcDbEntity
  8
可见轮廓
100
AcDbLine
 10
307.8541962557764
 20
46.0
 30
0.0
 11
307.9791990254974
 21
46.0
 31
0.0
  0
LINE
  5
B8F
330
17
100
AcDbEntity
  8
可见轮廓
100
AcDbLine
 10
307.9791990254974
 20
46.0
 30
0.0
 11
308.10416254656354
 21
46.0
 31
0.0
  0
LINE
  5
B90
330
17
100
AcDbEntity
  8
可见轮廓
100
AcDbLine
 10
308.10416254656354
 20
46.0
 30
0.0
 11
308.2290794188141
 21
46.0
 31
0.0
  0
LINE
  5
B91
330
17
100
AcDbEntity
  8
可见轮廓
100
AcDbLine
 10
308.2290794188141
 20
46.0
 30
0.0
 11
308.3539422446667
 21
46.0
 31
0.0
  0
LINE
  5
B92
330
17
100
AcDbEntity
  8
可见轮廓
100
AcDbLine
 10
281.8539422446667
 20
2.0
 30
0.0
 11
281.8539422446667
 21
11.5
 31
0.0
  0
LINE
  5
B93
330
17
100
AcDbEntity
  8
可见轮廓
100
AcDbLine
 10
281.8539422446667
 20
11.5
 30
0.0
 11
281.8539422446667
 21
21.0
 31
0.0
  0
LINE
  5
B94
330
17
100
AcDbEntity
  8
可见轮廓
100
AcDbLine
 10
332.8539422446667
 20
2.0
 30
0.0
 11
332.8539422446667
 21
11.5
 31
0.0
  0
LINE
  5
B95
330
17
100
AcDbEntity
  8
可见轮廓
100
AcDbLine
 10
332.8539422446667
 20
11.5
 30
0.0
 11
332.8539422446667
 21
21.0
 31
0.0
  0
LINE
  5
B96
330
17
100
AcDbEntity
  8
可见轮廓
100
AcDbLine
 10
332.8539422446667
 20
2.0
 30
0.0
 11
332.8539422446667
 21
46.0
 31
0.0
  0
LINE
  5
B97
330
17
100
AcDbEntity
  8
可见轮廓
100
AcDbLine
 10
281.8539422446667
 20
2.0
 30
0.0
 11
281.8539422446667
 21
24.0
 31
0.0
  0
LINE
  5
B98
330
17
100
AcDbEntity
  8
可见轮廓
100
AcDbLine
 10
281.8539422446667
 20
24.0
 30
0.0
 11
281.8539422446667
 21
46.0
 31
0.0
  0
LINE
  5
B99
330
17
100
AcDbEntity
  8
可见轮廓
100
AcDbLine
 10
301.09078434992983
 20
9.000000000000014
 30
0.0
 11
301.42052217433536
 21
9.000000000000014
 31
0.0
  0
LINE
  5
B9A
330
17
100
AcDbEntity
  8
可见轮廓
100
AcDbLine
 10
301.42052217433536
 20
9.000000000000014
 30
0.0
 11
301.75128789271054
 21
9.000000000000014
 31
0.0
  0
LINE
  5
B9B
330
17
100
AcDbEntity
  8
可见轮廓
100
AcDbLine
 10
301.75128789271054
 20
9.000000000000014
 30
0.0
 11
302.0830267818864
 21
9.000000000000014
 31
0.0
  0
LINE
  5
B9C
330
17
100
AcDbEntity
  8
可见轮廓
100
AcDbLine
 10
302.0830267818864
 20
9.000000000000014
 30
0.0
 11
302.41568396843763
 21
9.000000000000014
 31
0.0
  0
LINE
  5
B9D
330
17
100
AcDbEntity
  8
可见轮廓
100
AcDbLine
 10
302.41568396843763
 20
9.000000000000014
 30
0.0
 11
302.74927039849393
 21
9.000000000000014
 31
0.0
  0
LINE
  5
B9E
330
17
100
AcDbEntity
  8
可见轮廓
100
AcDbLine
 10
302.74927039849393
 20
9.000000000000014
 30
0.0
 11
303.08365389018974
 21
9.000000000000014
 31
0.0
  0
LINE
  5
B9F
330
17
100
AcDbEntity
  8
可见轮廓
100
AcDbLine
 10
303.08365389018974
 20
9.000000000000014
 30
0.0
 11
303.41877912315243
 21
9.000000000000014
 31
0.0
  0
LINE
  5
BA0
330
17
100
AcDbEntity
  8
可见轮廓
100
AcDbLine
 10
303.41877912315243
 20
9.000000000000014
 30
0.0
 11
303.75459066248555
 21
9.000000000000014
 31
0.0
  0
LINE
  5
BA1
330
17
100
AcDbEntity
  8
可见轮廓
100
AcDbLine
 10
303.75459066248555
 20
9.000000000000014
 30
0.0
 11
304.07801987553955
 21
9.000000000000014
 31
0.0
  0
LINE
  5
BA2
330
17
100
AcDbEntity
  8
可见轮廓
100
AcDbLine
 10
304.07801987553955
 20
9.000000000000014
 30
0.0
 11
304.4019723640689
 21
9.000000000000014
 31
0.0
  0
LINE
  5
BA3
330
17
100
AcDbEntity
  8
可见轮廓
100
AcDbLine
 10
304.4019723640689
 20
9.000000000000014
 30
0.0
 11
304.72639861045593
 21
9.000000000000014
 31
0.0
  0
LINE
  5
BA4
330
17
100
AcDbEntity
  8
可见轮廓
100
AcDbLine
 10
304.72639861045593
 20
9.000000000000014
 30
0.0
 11
305.0512490294979
 21
9.000000000000014
 31
0.0
  0
LINE
  5
BA5
330
17
100
AcDbEntity
  8
可见轮廓
100
AcDbLine
 10
305.0512490294979
 20
9.000000000000014
 30
0.0
 11
305.3764997998024
 21
9.000000000000014
 31
0.0
  0
LINE
  5
BA6
330
17
100
AcDbEntity
  8
可见轮廓
100
AcDbLine
 10
305.3764997998024
 20
9.000000000000014
 30
0.0
 11
305.70206544081555
 21
9.000000000000014
 31
0.0
  0
LINE
  5
BA7
330
17
100
AcDbEntity
  8
可见轮廓
100
AcDbLine
 10
305.70206544081555
 20
9.000000000000014
 30
0.0
 11
306.02789618941694
 21
9.000000000000014
 31
0.0
  0
LINE
  5
BA8
330
17
100
AcDbEntity
  8
可见轮廓
100
AcDbLine
 10
306.02789618941694
 20
9.000000000000014
 30
0.0
 11
306.3539422446667
 21
9.000000000000014
 31
0.0
  0
LINE
  5
BA9
330
17
100
AcDbEntity
  8
可见轮廓
100
AcDbLine
 10
297.2902660891177
 20
15.0
 30
0.0
 11
297.32520384151826
 21
15.0
 31
0.0
  0
LINE
  5
BAA
330
17
100
AcDbEntity
  8
可见轮廓
100
AcDbLine
 10
297.2417989364734
 20
15.0
 30
0.0
 11
297.2902660891177
 21
15.0
 31
0.0
  0
LINE
  5
BAB
330
17
100
AcDbEntity
  8
可见轮廓
100
AcDbLine
 10
297.17892854896434
 20
15.0
 30
0.0
 11
297.2417989364734
 21
15.0
 31
0.0
  0
LINE
  5
BAC
330
17
100
AcDbEntity
  8
可见轮廓
100
AcDbLine
 10
297.10306577153256
 20
15.0
 30
0.0
 11
297.17892854896434
 21
15.0
 31
0.0
  0
LINE
  5
BAD
330
17
100
AcDbEntity
  8
可见轮廓
100
AcDbLine
 10
297.01454516277687
 20
15.0
 30
0.0
 11
297.10306577153256
 21
15.0
 31
0.0
  0
LINE
  5
BAE
330
17
100
AcDbEntity
  8
可见轮廓
100
AcDbLine
 10
296.91375309294193
 20
15.0
 30
0.0
 11
297.01454516277687
 21
15.0
 31
0.0
  0
LINE
  5
BAF
330
17
100
AcDbEntity
  8
可见轮廓
100
AcDbLine
 10
296.80019392252274
 20
15.0
 30
0.0
 11
296.91375309294193
 21
15.0
 31
0.0
  0
LINE
  5
BB0
330
17
100
AcDbEntity
  8
可见轮廓
100
AcDbLine
 10
296.67539716359033
 20
15.0
 30
0.0
 11
296.80019392252274
 21
15.0
 31
0.0
  0
LINE
  5
BB1
330
17
100
AcDbEntity
  8
可见轮廓
100
AcDbLine
 10
296.53991169441895
 20
15.0
 30
0.0
 11
296.67539716359033
 21
15.0
 31
0.0
  0
LINE
  5
BB2
330
17
100
AcDbEntity
  8
可见轮廓
100
AcDbLine
 10
296.39433014482734
 20
15.0
 30
0.0
 11
296.53991169441895
 21
15.0
 31
0.0
  0
LINE
  5
BB3
330
17
100
AcDbEntity
  8
可见轮廓
100
AcDbLine
 10
296.23857212552906
 20
15.0
 30
0.0
 11
296.39433014482734
 21
15.0
 31
0.0
  0
LINE
  5
BB4
330
17
100
AcDbEntity
  8
可见轮廓
100
AcDbLine
 10
296.0741714660283
 20
15.0
 30
0.0
 11
296.23857212552906
 21
15.0
 31
0.0
  0
LINE
  5
BB5
330
17
100
AcDbEntity
  8
可见轮廓
100
AcDbLine
 10
295.90185032892464
 20
15.0
 30
0.0
 11
296.0741714660283
 21
15.0
 31
0.0
  0
LINE
  5
BB6
330
17
100
AcDbEntity
  8
可见轮廓
100
AcDbLine
 10
295.7223632972984
 20
15.0
 30
0.0
 11
295.90185032892464
 21
15.0
 31
0.0
  0
LINE
  5
BB7
330
17
100
AcDbEntity
  8
可见轮廓
100
AcDbLine
 10
295.72236329729833
 20
18.0
 30
0.0
 11
295.72236329729833
 21
21.0
 31
0.0
  0
LINE
  5
BB8
330
17
100
AcDbEntity
  8
可见轮廓
100
AcDbLine
 10
295.72236329729833
 20
15.0
 30
0.0
 11
295.72236329729833
 21
18.0
 31
0.0
  0
LINE
  5
BB9
330
17
100
AcDbEntity
  8
可见轮廓
100
AcDbLine
 10
281.8539422446667
 20
21.0
 30
0.0
 11
281.9130614672956
 21
21.0
 31
0.0
  0
LINE
  5
BBA
330
17
100
AcDbEntity
  8
可见轮廓
100
AcDbLine
 10
281.9130614672956
 20
21.0
 30
0.0
 11
282.0810613435951
 21
21.0
 31
0.0
  0
LINE
  5
BBB
330
17
100
AcDbEntity
  8
可见轮廓
100
AcDbLine
 10
282.0810613435951
 20
21.0
 30
0.0
 11
282.35724220144084
 21
21.0
 31
0.0
  0
LINE
  5
BBC
330
17
100
AcDbEntity
  8
可见轮廓
100
AcDbLine
 10
282.35724220144084
 20
21.0
 30
0.0
 11
282.740492701561
 21
21.0
 31
0.0
  0
LINE
  5
BBD
330
17
100
AcDbEntity
  8
可见轮廓
100
AcDbLine
 10
282.740492701561
 20
21.0
 30
0.0
 11
283.2378708882069
 21
21.0
 31
0.0
  0
LINE
  5
BBE
330
17
100
AcDbEntity
  8
可见轮廓
100
AcDbLine
 10
283.2378708882069
 20
21.0
 30
0.0
 11
283.8383699012327
 21
21.0
 31
0.0
  0
LINE
  5
BBF
330
17
100
AcDbEntity
  8
可见轮廓
100
AcDbLine
 10
283.8383699012327
 20
21.0
 30
0.0
 11
284.53952770767796
 21
21.0
 31
0.0
  0
LINE
  5
BC0
330
17
100
AcDbEntity
  8
可见轮廓
100
AcDbLine
 10
284.53952770767796
 20
21.0
 30
0.0
 11
285.3384992320384
 21
21.0
 31
0.0
  0
LINE
  5
BC1
330
17
100
AcDbEntity
  8
可见轮廓
100
AcDbLine
 10
285.3384992320384
 20
21.0
 30
0.0
 11
285.6964327365534
 21
21.0
 31
0.0
  0
LINE
  5
BC2
330
17
100
AcDbEntity
  8
可见轮廓
100
AcDbLine
 10
285.6964327365534
 20
21.0
 30
0.0
 11
286.0699932270798
 21
21.0
 31
0.0
  0
LINE
  5
BC3
330
17
100
AcDbEntity
  8
可见轮廓
100
AcDbLine
 10
286.0699932270798
 20
21.0
 30
0.0
 11
286.45892343329507
 21
21.0
 31
0.0
  0
LINE
  5
BC4
330
17
100
AcDbEntity
  8
可见轮廓
100
AcDbLine
 10
286.45892343329507
 20
21.0
 30
0.0
 11
286.8629562190005
 21
21.0
 31
0.0
  0
LINE
  5
BC5
330
17
100
AcDbEntity
  8
可见轮廓
100
AcDbLine
 10
286.8629562190005
 20
21.0
 30
0.0
 11
287.2830189442921
 21
21.0
 31
0.0
  0
LINE
  5
BC6
330
17
100
AcDbEntity
  8
可见轮廓
100
AcDbLine
 10
287.2830189442921
 20
21.0
 30
0.0
 11
287.7175608153964
 21
21.0
 31
0.0
  0
LINE
  5
BC7
330
17
100
AcDbEntity
  8
可见轮廓
100
AcDbLine
 10
287.7175608153964
 20
21.0
 30
0.0
 11
288.16628264903835
 21
21.0
 31
0.0
  0
LINE
  5
BC8
330
17
100
AcDbEntity
  8
可见轮廓
100
AcDbLine
 10
288.16628264903835
 20
21.0
 30
0.0
 11
288.6288761597741
 21
21.0
 31
0.0
  0
LINE
  5
BC9
330
17
100
AcDbEntity
  8
可见轮廓
100
AcDbLine
 10
288.6288761597741
 20
21.0
 30
0.0
 11
289.4071859985354
 21
21.0
 31
0.0
  0
LINE
  5
BCA
330
17
100
AcDbEntity
  8
可见轮廓
100
AcDbLine
 10
289.4071859985354
 20
21.0
 30
0.0
 11
290.21926345534047
 21
21.0
 31
0.0
  0
LINE
  5
BCB
330
17
100
AcDbEntity
  8
可见轮廓
100
AcDbLine
 10
290.21926345534047
 20
21.0
 30
0.0
 11
291.0636482603446
 21
21.0
 31
0.0
  0
LINE
  5
BCC
330
17
100
AcDbEntity
  8
可见轮廓
100
AcDbLine
 10
291.0636482603446
 20
21.0
 30
0.0
 11
291.9388259939
 21
21.0
 31
0.0
  0
LINE
  5
BCD
330
17
100
AcDbEntity
  8
可见轮廓
100
AcDbLine
 10
291.9388259939
 20
21.0
 30
0.0
 11
292.8454896740458
 21
21.0
 31
0.0
  0
LINE
  5
BCE
330
17
100
AcDbEntity
  8
可见轮廓
100
AcDbLine
 10
292.8454896740458
 20
21.0
 30
0.0
 11
293.7794267375015
 21
21.0
 31
0.0
  0
LINE
  5
BCF
330
17
100
AcDbEntity
  8
可见轮廓
100
AcDbLine
 10
293.7794267375015
 20
21.0
 30
0.0
 11
294.7389584797088
 21
21.0
 31
0.0
  0
LINE
  5
BD0
330
17
100
AcDbEntity
  8
可见轮廓
100
AcDbLine
 10
294.7389584797088
 20
21.0
 30
0.0
 11
295.72236329729844
 21
21.0
 31
0.0
  0
LINE
  5
BD1
330
17
100
AcDbEntity
  8
可见轮廓
100
AcDbLine
 10
308.3539422446667
 20
9.000000000000014
 30
0.0
 11
308.6799882999165
 21
9.000000000000014
 31
0.0
  0
LINE
  5
BD2
330
17
100
AcDbEntity
  8
可见轮廓
100
AcDbLine
 10
308.6799882999165
 20
9.000000000000014
 30
0.0
 11
309.0058190485179
 21
9.000000000000014
 31
0.0
  0
LINE
  5
BD3
330
17
100
AcDbEntity
  8
可见轮廓
100
AcDbLine
 10
309.0058190485179
 20
9.000000000000014
 30
0.0
 11
309.33138468953103
 21
9.000000000000014
 31
0.0
  0
LINE
  5
BD4
330
17
100
AcDbEntity
  8
可见轮廓
100
AcDbLine
 10
309.33138468953103
 20
9.000000000000014
 30
0.0
 11
309.6566354598355
 21
9.000000000000014
 31
0.0
  0
LINE
  5
BD5
330
17
100
AcDbEntity
  8
可见轮廓
100
AcDbLine
 10
309.6566354598355
 20
9.000000000000014
 30
0.0
 11
309.9814858788775
 21
9.000000000000014
 31
0.0
  0
LINE
  5
BD6
330
17
100
AcDbEntity
  8
可见轮廓
100
AcDbLine
 10
309.9814858788775
 20
9.000000000000014
 30
0.0
 11
310.3059121252645
 21
9.000000000000014
 31
0.0
  0
LINE
  5
BD7
330
17
100
AcDbEntity
  8
可见轮廓
100
AcDbLine
 10
310.3059121252645
 20
9.000000000000014
 30
0.0
 11
310.62986461379387
 21
9.000000000000014
 31
0.0
  0
LINE
  5
BD8
330
17
100
AcDbEntity
  8
可见轮廓
100
AcDbLine
 10
310.62986461379387
 20
9.000000000000014
 30
0.0
 11
310.95329382684787
 21
9.000000000000014
 31
0.0
  0
LINE
  5
BD9
330
17
100
AcDbEntity
  8
可见轮廓
100
AcDbLine
 10
310.95329382684787
 20
9.000000000000014
 30
0.0
 11
311.28910536618093
 21
9.000000000000014
 31
0.0
  0
LINE
  5
BDA
330
17
100
AcDbEntity
  8
可见轮廓
100
AcDbLine
 10
311.28910536618093
 20
9.000000000000014
 30
0.0
 11
311.6242305991437
 21
9.000000000000014
 31
0.0
  0
LINE
  5
BDB
330
17
100
AcDbEntity
  8
可见轮廓
100
AcDbLine
 10
311.6242305991437
 20
9.000000000000014
 30
0.0
 11
311.9586140908395
 21
9.000000000000014
 31
0.0
  0
LINE
  5
BDC
330
17
100
AcDbEntity
  8
可见轮廓
100
AcDbLine
 10
311.9586140908395
 20
9.000000000000014
 30
0.0
 11
312.2922005208958
 21
9.000000000000014
 31
0.0
  0
LINE
  5
BDD
330
17
100
AcDbEntity
  8
可见轮廓
100
AcDbLine
 10
312.2922005208958
 20
9.000000000000014
 30
0.0
 11
312.624857707447
 21
9.000000000000014
 31
0.0
  0
LINE
  5
BDE
330
17
100
AcDbEntity
  8
可见轮廓
100
AcDbLine
 10
312.624857707447
 20
9.000000000000014
 30
0.0
 11
312.9565965966229
 21
9.000000000000014
 31
0.0
  0
LINE
  5
BDF
330
17
100
AcDbEntity
  8
可见轮廓
100
AcDbLine
 10
312.9565965966229
 20
9.000000000000014
 30
0.0
 11
313.28736231499806
 21
9.000000000000014
 31
0.0
  0
LINE
  5
BE0
330
17
100
AcDbEntity
  8
可见轮廓
100
AcDbLine
 10
313.28736231499806
 20
9.000000000000014
 30
0.0
 11
313.6171001394036
 21
9.000000000000014
 31
0.0
  0
LINE
  5
BE1
330
17
100
AcDbEntity
  8
可见轮廓
100
AcDbLine
 10
317.3539422446667
 20
21.000000000000004
 30
0.0
 11
317.3752787963135
 21
21.000000000000004
 31
0.0
  0
LINE
  5
BE2
330
17
100
AcDbEntity
  8
可见轮廓
100
AcDbLine
 10
317.39887086262274
 20
21.000000000000004
 30
0.0
 11
317.424700862632
 21
21.000000000000004
 31
0.0
  0
LINE
  5
BE3
330
17
100
AcDbEntity
  8
可见轮廓
100
AcDbLine
 10
317.424700862632
 20
21.000000000000004
 30
0.0
 11
317.45274966374586
 21
21.000000000000004
 31
0.0
  0
LINE
  5
BE4
330
17
100
AcDbEntity
  8
可见轮廓
100
AcDbLine
 10
317.4831773268114
 20
21.000000000000004
 30
0.0
 11
317.51577600893233
 21
21.000000000000004
 31
0.0
  0
LINE
  5
BE5
330
17
100
AcDbEntity
  8
可见轮廓
100
AcDbLine
 10
317.51577600893233
 20
21.000000000000004
 30
0.0
 11
317.55052144077115
 21
21.000000000000007
 31
0.0
  0
LINE
  5
BE6
330
17
100
AcDbEntity
  8
可见轮廓
100
AcDbLine
 10
317.58738786457826
 20
21.000000000000007
 30
0.0
 11
317.7031062842474
 21
21.000000000000007
 31
0.0
  0
LINE
  5
BE7
330
17
100
AcDbEntity
  8
可见轮廓
100
AcDbLine
 10
317.7031062842474
 20
21.000000000000007
 30
0.0
 11
317.83460916992027
 21
21.000000000000007
 31
0.0
  0
LINE
  5
BE8
330
17
100
AcDbEntity
  8
可见轮廓
100
AcDbLine
 10
317.83460916992027
 20
21.000000000000007
 30
0.0
 11
317.98112099318746
 21
21.000000000000007
 31
0.0
  0
LINE
  5
BE9
330
17
100
AcDbEntity
  8
可见轮廓
100
AcDbLine
 10
317.98112099318746
 20
21.000000000000007
 30
0.0
 11
318.1417839264496
 21
21.000000000000007
 31
0.0
  0
LINE
  5
BEA
330
17
100
AcDbEntity
  8
可见轮廓
100
AcDbLine
 10
318.1417839264496
 20
21.000000000000007
 30
0.0
 11
318.31665222438295
 21
21.000000000000007
 31
0.0
  0
LINE
  5
BEB
330
17
100
AcDbEntity
  8
可见轮廓
100
AcDbLine
 10
318.31665222438295
 20
21.000000000000007
 30
0.0
 11
318.5035038119091
 21
21.000000000000007
 31
0.0
  0
LINE
  5
BEC
330
17
100
AcDbEntity
  8
可见轮廓
100
AcDbLine
 10
318.5035038119091
 20
21.000000000000007
 30
0.0
 11
318.7012387911342
 21
21.000000000000007
 31
0.0
  0
LINE
  5
BED
330
17
100
AcDbEntity
  8
可见轮廓
100
AcDbLine
 10
318.7012387911342
 20
21.000000000000007
 30
0.0
 11
318.9086975867677
 21
21.000000000000007
 31
0.0
  0
LINE
  5
BEE
330
17
100
AcDbEntity
  8
可见轮廓
100
AcDbLine
 10
318.9086975867674
 20
13.9885812488287
 30
0.0
 11
318.9086975867674
 21
17.494290624414354
 31
0.0
  0
LINE
  5
BEF
330
17
100
AcDbEntity
  8
可见轮廓
100
AcDbLine
 10
318.9086975867674
 20
17.494290624414354
 30
0.0
 11
318.9086975867674
 21
21.0
 31
0.0
  0
LINE
  5
BF0
330
17
100
AcDbEntity
  8
可见轮廓
100
AcDbLine
 10
318.9086975867676
 20
21.0
 30
0.0
 11
319.9032726016504
 21
21.0
 31
0.0
  0
LINE
  5
BF1
330
17
100
AcDbEntity
  8
可见轮廓
100
AcDbLine
 10
319.9032726016504
 20
21.0
 30
0.0
 11
320.87363746580843
 21
21.0
 31
0.0
  0
LINE
  5
BF2
330
17
100
AcDbEntity
  8
可见轮廓
100
AcDbLine
 10
320.87363746580843
 20
21.0
 30
0.0
 11
321.81801743185247
 21
21.0
 31
0.0
  0
LINE
  5
BF3
330
17
100
AcDbEntity
  8
可见轮廓
100
AcDbLine
 10
321.81801743185247
 20
21.0
 30
0.0
 11
322.7346821485935
 21
21.0
 31
0.0
  0
LINE
  5
BF4
330
17
100
AcDbEntity
  8
可见轮廓
100
AcDbLine
 10
322.7346821485935
 20
21.0
 30
0.0
 11
323.6193228628053
 21
21.0
 31
0.0
  0
LINE
  5
BF5
330
17
100
AcDbEntity
  8
可见轮廓
100
AcDbLine
 10
323.6193228628053
 20
21.0
 30
0.0
 11
324.47262144579366
 21
21.0
 31
0.0
  0
LINE
  5
BF6
330
17
100
AcDbEntity
  8
可见轮廓
100
AcDbLine
 10
324.47262144579366
 20
21.0
 30
0.0
 11
325.2930178717725
 21
21.0
 31
0.0
  0
LINE
  5
BF7
330
17
100
AcDbEntity
  8
可见轮廓
100
AcDbLine
 10
325.2930178717725
 20
21.0
 30
0.0
 11
326.07900832955926
 21
21.0
 31
0.0
  0
LINE
  5
BF8
330
17
100
AcDbEntity
  8
可见轮廓
100
AcDbLine
 10
326.07900832955926
 20
21.0
 30
0.0
 11
326.4671013193723
 21
21.0
 31
0.0
  0
LINE
  5
BF9
330
17
100
AcDbEntity
  8
可见轮廓
100
AcDbLine
 10
326.4671013193723
 20
21.0
 30
0.0
 11
326.8455212690104
 21
21.0
 31
0.0
  0
LINE
  5
BFA
330
17
100
AcDbEntity
  8
可见轮廓
100
AcDbLine
 10
326.8455212690104
 20
21.0
 30
0.0
 11
327.2140861127168
 21
21.0
 31
0.0
  0
LINE
  5
BFB
330
17
100
AcDbEntity
  8
可见轮廓
100
AcDbLine
 10
327.2140861127168
 20
21.0
 30
0.0
 11
327.57261821397407
 21
21.0
 31
0.0
  0
LINE
  5
BFC
330
17
100
AcDbEntity
  8
可见轮廓
100
AcDbLine
 10
327.57261821397407
 20
21.0
 30
0.0
 11
327.9200758082807
 21
21.0
 31
0.0
  0
LINE
  5
BFD
330
17
100
AcDbEntity
  8
可见轮廓
100
AcDbLine
 10
327.9200758082807
 20
21.0
 30
0.0
 11
328.2571267105908
 21
21.0
 31
0.0
  0
LINE
  5
BFE
330
17
100
AcDbEntity
  8
可见轮廓
100
AcDbLine
 10
328.2571267105908
 20
21.0
 30
0.0
 11
328.5836087874115
 21
21.0
 31
0.0
  0
LINE
  5
BFF
330
17
100
AcDbEntity
  8
可见轮廓
100
AcDbLine
 10
328.5836087874115
 20
21.0
 30
0.0
 11
328.89936465526046
 21
21.0
 31
0.0
  0
LINE
  5
C00
330
17
100
AcDbEntity
  8
可见轮廓
100
AcDbLine
 10
328.89936465526046
 20
21.0
 30
0.0
 11
329.80382600915266
 21
21.0
 31
0.0
  0
LINE
  5
C01
330
17
100
AcDbEntity
  8
可见轮廓
100
AcDbLine
 10
329.80382600915266
 20
21.0
 30
0.0
 11
330.59867730448104
 21
21.0
 31
0.0
  0
LINE
  5
C02
330
17
100
AcDbEntity
  8
可见轮廓
100
AcDbLine
 10
330.59867730448104
 20
21.0
 30
0.0
 11
331.28024632908506
 21
21.0
 31
0.0
  0
LINE
  5
C03
330
17
100
AcDbEntity
  8
可见轮廓
100
AcDbLine
 10
331.28024632908506
 20
21.0
 30
0.0
 11
331.8453516719551
 21
21.0
 31
0.0
  0
LINE
  5
C04
330
17
100
AcDbEntity
  8
可见轮廓
100
AcDbLine
 10
331.8453516719551
 20
21.0
 30
0.0
 11
332.2811661089023
 21
21.0
 31
0.0
  0
LINE
  5
C05
330
17
100
AcDbEntity
  8
可见轮廓
100
AcDbLine
 10
332.2811661089023
 20
21.0
 30
0.0
 11
332.5954069809048
 21
21.0
 31
0.0
  0
LINE
  5
C06
330
17
100
AcDbEntity
  8
可见轮廓
100
AcDbLine
 10
332.5954069809048
 20
21.0
 30
0.0
 11
332.7866346013312
 21
21.0
 31
0.0
  0
LINE
  5
C07
330
17
100
AcDbEntity
  8
可见轮廓
100
AcDbLine
 10
332.7866346013312
 20
21.0
 30
0.0
 11
332.8539422446667
 21
21.0
 31
0.0
  0
LINE
  5
C08
330
17
100
AcDbEntity
  8
可见轮廓
100
AcDbLine
 10
300.3539422446667
 20
12.0
 30
0.0
 11
300.3539422446667
 21
12.244512160684039
 31
0.0
  0
LINE
  5
C09
330
17
100
AcDbEntity
  8
可见轮廓
100
AcDbLine
 10
300.3539422446667
 20
12.244512160684039
 30
0.0
 11
300.3539422446667
 21
12.93088681073561
 31
0.0
  0
LINE
  5
C0A
330
17
100
AcDbEntity
  8
可见轮廓
100
AcDbLine
 10
300.3539422446667
 20
12.93088681073561
 30
0.0
 11
300.3539422446667
 21
14.033987759541798
 31
0.0
  0
LINE
  5
C0B
330
17
100
AcDbEntity
  8
可见轮廓
100
AcDbLine
 10
300.3539422446667
 20
14.033987759541798
 30
0.0
 11
300.3539422446667
 21
15.51471862576195
 31
0.0
  0
LINE
  5
C0C
330
17
100
AcDbEntity
  8
可见轮廓
100
AcDbLine
 10
300.3539422446667
 20
15.51471862576195
 30
0.0
 11
300.3539422446667
 21
17.341241905786326
 31
0.0
  0
LINE
  5
C0D
330
17
100
AcDbEntity
  8
可见轮廓
100
AcDbLine
 10
300.3539422446667
 20
17.341241905786326
 30
0.0
 11
300.3539422446667
 21
19.41502319356421
 31
0.0
  0
LINE
  5
C0E
330
17
100
AcDbEntity
  8
可见轮廓
100
AcDbLine
 10
300.3539422446667
 20
19.41502319356421
 30
0.0
 11
300.3539422446667
 21
21.66141816608378
 31
0.0
  0
LINE
  5
C0F
330
17
100
AcDbEntity
  8
可见轮廓
100
AcDbLine
 10
300.3539422446667
 20
21.66141816608378
 30
0.0
 11
300.3539422446667
 21
24.000000000000487
 31
0.0
  0
LINE
  5
C10
330
17
100
AcDbEntity
  8
可见轮廓
100
AcDbLine
 10
300.3539422446667
 20
24.000000000000487
 30
0.0
 11
300.3539422446667
 21
26.338581833917043
 31
0.0
  0
LINE
  5
C11
330
17
100
AcDbEntity
  8
可见轮廓
100
AcDbLine
 10
300.3539422446667
 20
26.338581833917043
 30
0.0
 11
300.3539422446667
 21
28.58497680643646
 31
0.0
  0
LINE
  5
C12
330
17
100
AcDbEntity
  8
可见轮廓
100
AcDbLine
 10
300.3539422446667
 20
28.58497680643646
 30
0.0
 11
300.3539422446667
 21
30.65875809421417
 31
0.0
  0
LINE
  5
C13
330
17
100
AcDbEntity
  8
可见轮廓
100
AcDbLine
 10
300.3539422446667
 20
30.65875809421417
 30
0.0
 11
300.3539422446667
 21
32.48528137423839
 31
0.0
  0
LINE
  5
C14
330
17
100
AcDbEntity
  8
可见轮廓
100
AcDbLine
 10
300.3539422446667
 20
32.48528137423839
 30
0.0
 11
300.3539422446667
 21
33.966012240458404
 31
0.0
  0
LINE
  5
C15
330
17
100
AcDbEntity
  8
可见轮廓
100
AcDbLine
 10
300.3539422446667
 20
33.966012240458404
 30
0.0
 11
300.3539422446667
 21
35.069113189264485
 31
0.0
  0
LINE
  5
C16
330
17
100
AcDbEntity
  8
可见轮廓
100
AcDbLine
 10
300.3539422446667
 20
35.069113189264485
 30
0.0
 11
300.3539422446667
 21
35.75548783931599
 31
0.0
  0
LINE
  5
C17
330
17
100
AcDbEntity
  8
可见轮廓
100
AcDbLine
 10
300.3539422446667
 20
35.75548783931599
 30
0.0
 11
300.3539422446667
 21
36.0
 31
0.0
  0
LINE
  5
C18
330
17
100
AcDbEntity
  8
可见轮廓
100
AcDbLine
 10
295.7223632972984
 20
21.0
 30
0.0
 11
295.84911027678675
 21
21.0
 31
0.0
  0
LINE
  5
C19
330
17
100
AcDbEntity
  8
可见轮廓
100
AcDbLine
 10
295.84911027678675
 20
21.0
 30
0.0
 11
295.97245185922657
 21
21.0
 31
0.0
  0
LINE
  5
C1A
330
17
100
AcDbEntity
  8
可见轮廓
100
AcDbLine
 10
295.97245185922657
 20
21.0
 30
0.0
 11
296.09212181180004
 21
21.0
 31
0.0
  0
LINE
  5
C1B
330
17
100
AcDbEntity
  8
可见轮廓
100
AcDbLine
 10
296.09212181180004
 20
21.0
 30
0.0
 11
296.2078613058758
 21
21.0
 31
0.0
  0
LINE
  5
C1C
330
17
100
AcDbEntity
  8
可见轮廓
100
AcDbLine
 10
296.2078613058758
 20
21.0
 30
0.0
 11
296.31904488688014
 21
21.0
 31
0.0
  0
LINE
  5
C1D
330
17
100
AcDbEntity
  8
可见轮廓
100
AcDbLine
 10
296.31904488688014
 20
21.0
 30
0.0
 11
296.42575873207704
 21
21.0
 31
0.0
  0
LINE
  5
C1E
330
17
100
AcDbEntity
  8
可见轮廓
100
AcDbLine
 10
296.42575873207704
 20
21.0
 30
0.0
 11
296.5277726093377
 21
21.0
 31
0.0
  0
LINE
  5
C1F
330
17
100
AcDbEntity
  8
可见轮廓
100
AcDbLine
 10
296.5277726093377
 20
21.0
 30
0.0
 11
296.62486576446037
 21
21.0
 31
0.0
  0
LINE
  5
C20
330
17
100
AcDbEntity
  8
可见轮廓
100
AcDbLine
 10
296.62486576446037
 20
21.0
 30
0.0
 11
296.66443648543174
 21
21.0
 31
0.0
  0
LINE
  5
C21
330
17
100
AcDbEntity
  8
可见轮廓
100
AcDbLine
 10
296.70306046789807
 20
21.0
 30
0.0
 11
296.74072266360025
 21
21.0
 31
0.0
  0
LINE
  5
C22
330
17
100
AcDbEntity
  8
可见轮廓
100
AcDbLine
 10
296.74072266360025
 20
21.0
 30
0.0
 11
296.7774083743091
 21
21.0
 31
0.0
  0
LINE
  5
C23
330
17
100
AcDbEntity
  8
可见轮廓
100
AcDbLine
 10
296.7774083743091
 20
21.0
 30
0.0
 11
296.81301918224494
 21
21.0
 31
0.0
  0
LINE
  5
C24
330
17
100
AcDbEntity
  8
可见轮廓
100
AcDbLine
 10
296.81301918224494
 20
21.0
 30
0.0
 11
296.8476224958665
 21
21.0
 31
0.0
  0
LINE
  5
C25
330
17
100
AcDbEntity
  8
可见轮廓
100
AcDbLine
 10
296.881204835475
 20
21.0
 30
0.0
 11
296.91375309294193
 21
21.0
 31
0.0
  0
LINE
  5
C26
330
17
100
AcDbEntity
  8
可见轮廓
100
AcDbLine
 10
296.91375309294193
 20
21.0
 30
0.0
 11
296.9560131217691
 21
21.0
 31
0.0
  0
LINE
  5
C27
330
17
100
AcDbEntity
  8
可见轮廓
100
AcDbLine
 10
296.9963184040785
 20
21.0
 30
0.0
 11
297.0346401718504
 21
21.0
 31
0.0
  0
LINE
  5
C28
330
17
100
AcDbEntity
  8
可见轮廓
100
AcDbLine
 10
297.0346401718504
 20
21.0
 30
0.0
 11
297.0709509805915
 21
21.0
 31
0.0
  0
LINE
  5
C29
330
17
100
AcDbEntity
  8
可见轮廓
100
AcDbLine
 10
297.0709509805915
 20
21.0
 30
0.0
 11
297.10505232538213
 21
21.0
 31
0.0
  0
LINE
  5
C2A
330
17
100
AcDbEntity
  8
可见轮廓
100
AcDbLine
 10
297.10505232538213
 20
21.0
 30
0.0
 11
297.13708733951427
 21
21.0
 31
0.0
  0
LINE
  5
C2B
330
17
100
AcDbEntity
  8
可见轮廓
100
AcDbLine
 10
297.1948683583475
 20
21.0
 30
0.0
 11
297.2139433438871
 21
21.0
 31
0.0
  0
LINE
  5
C2C
330
17
100
AcDbEntity
  8
可见轮廓
100
AcDbLine
 10
297.2139433438871
 20
21.0
 30
0.0
 11
297.2318470103623
 21
21.0
 31
0.0
  0
LINE
  5
C2D
330
17
100
AcDbEntity
  8
可见轮廓
100
AcDbLine
 10
297.3032644303106
 20
21.0
 30
0.0
 11
297.31390663136483
 21
21.0
 31
0.0
  0
LINE
  5
C2E
330
17
100
AcDbEntity
  8
可见轮廓
100
AcDbLine
 10
297.31390663136483
 20
21.0
 30
0.0
 11
297.3232359715176
 21
21.0
 31
0.0
  0
LINE
  5
C2F
330
17
100
AcDbEntity
  8
可见轮廓
100
AcDbLine
 10
314.3539422446667
 20
35.75548783931594
 30
0.0
 11
314.3539422446667
 21
36.0
 31
0.0
  0
LINE
  5
C30
330
17
100
AcDbEntity
  8
可见轮廓
100
AcDbLine
 10
314.3539422446667
 20
35.069113189264336
 30
0.0
 11
314.3539422446667
 21
35.75548783931594
 31
0.0
  0
LINE
  5
C31
330
17
100
AcDbEntity
  8
可见轮廓
100
AcDbLine
 10
314.3539422446667
 20
33.9660122404581
 30
0.0
 11
314.3539422446667
 21
35.069113189264336
 31
0.0
  0
LINE
  5
C32
330
17
100
AcDbEntity
  8
可见轮廓
100
AcDbLine
 10
314.3539422446667
 20
32.485281374237864
 30
0.0
 11
314.3539422446667
 21
33.9660122404581
 31
0.0
  0
LINE
  5
C33
330
17
100
AcDbEntity
  8
可见轮廓
100
AcDbLine
 10
314.3539422446667
 20
30.6587580942134
 30
0.0
 11
314.3539422446667
 21
32.485281374237864
 31
0.0
  0
LINE
  5
C34
330
17
100
AcDbEntity
  8
可见轮廓
100
AcDbLine
 10
314.3539422446667
 20
28.58497680643544
 30
0.0
 11
314.3539422446667
 21
30.6587580942134
 31
0.0
  0
LINE
  5
C35
330
17
100
AcDbEntity
  8
可见轮廓
100
AcDbLine
 10
314.3539422446667
 20
26.33858183391578
 30
0.0
 11
314.3539422446667
 21
28.58497680643544
 31
0.0
  0
LINE
  5
C36
330
17
100
AcDbEntity
  8
可见轮廓
100
AcDbLine
 10
314.3539422446667
 20
23.999999999999005
 30
0.0
 11
314.3539422446667
 21
26.33858183391578
 31
0.0
  0
LINE
  5
C37
330
17
100
AcDbEntity
  8
可见轮廓
100
AcDbLine
 10
314.3539422446667
 20
21.66141816608252
 30
0.0
 11
314.3539422446667
 21
23.999999999999005
 31
0.0
  0
LINE
  5
C38
330
17
100
AcDbEntity
  8
可见轮廓
100
AcDbLine
 10
314.3539422446667
 20
19.415023193563187
 30
0.0
 11
314.3539422446667
 21
21.66141816608252
 31
0.0
  0
LINE
  5
C39
330
17
100
AcDbEntity
  8
可见轮廓
100
AcDbLine
 10
314.3539422446667
 20
17.341241905785562
 30
0.0
 11
314.3539422446667
 21
19.415023193563187
 31
0.0
  0
LINE
  5
C3A
330
17
100
AcDbEntity
  8
可见轮廓
100
AcDbLine
 10
314.3539422446667
 20
15.514718625761429
 30
0.0
 11
314.3539422446667
 21
17.341241905785562
 31
0.0
  0
LINE
  5
C3B
330
17
100
AcDbEntity
  8
可见轮廓
100
AcDbLine
 10
314.3539422446667
 20
14.033987759541489
 30
0.0
 11
314.3539422446667
 21
15.514718625761429
 31
0.0
  0
LINE
  5
C3C
330
17
100
AcDbEntity
  8
可见轮廓
100
AcDbLine
 10
314.3539422446667
 20
12.930886810735469
 30
0.0
 11
314.3539422446667
 21
14.033987759541489
 31
0.0
  0
LINE
  5
C3D
330
17
100
AcDbEntity
  8
可见轮廓
100
AcDbLine
 10
314.3539422446667
 20
12.244512160684002
 30
0.0
 11
314.3539422446667
 21
12.930886810735469
 31
0.0
  0
LINE
  5
C3E
330
17
100
AcDbEntity
  8
可见轮廓
100
AcDbLine
 10
314.3539422446667
 20
12.0
 30
0.0
 11
314.3539422446667
 21
12.244512160684002
 31
0.0
  0
LINE
  5
C3F
330
17
100
AcDbEntity
  8
可见轮廓
100
AcDbLine
 10
281.873627776775
 20
2.0
 30
0.0
 11
306.3539422446667
 21
2.0
 31
0.0
  0
LINE
  5
C40
330
17
100
AcDbEntity
  8
可见轮廓
100
AcDbLine
 10
308.3539422446667
 20
24.0
 30
0.0
 11
308.3539422446667
 21
27.0
 31
0.0
  0
LINE
  5
C41
330
17
100
AcDbEntity
  8
可见轮廓
100
AcDbLine
 10
287.89304489638806
 20
24.0
 30
0.0
 11
326.8148395929454
 21
24.0
 31
0.0
  0
LINE
  5
C42
330
17
100
AcDbEntity
  8
可见轮廓
100
AcDbLine
 10
306.3539422446667
 20
33.0
 30
0.0
 11
306.3539422446667
 21
36.0
 31
0.0
  0
LINE
  5
C43
330
17
100
AcDbEntity
  8
可见轮廓
100
AcDbLine
 10
306.3539422446667
 20
12.0
 30
0.0
 11
306.3539422446667
 21
36.0
 31
0.0
  0
LINE
  5
C44
330
17
100
AcDbEntity
  8
可见轮廓
100
AcDbLine
 10
308.3539422446667
 20
33.0
 30
0.0
 11
308.3539422446667
 21
36.0
 31
0.0
  0
LINE
  5
C45
330
17
100
AcDbEntity
  8
可见轮廓
100
AcDbLine
 10
290.43142281138097
 20
27.0
 30
0.0
 11
324.2764616779525
 21
27.0
 31
0.0
  0
LINE
  5
C46
330
17
100
AcDbEntity
  8
可见轮廓
100
AcDbLine
 10
287.3539422446667
 20
30.0
 30
0.0
 11
327.3539422446667
 21
30.0
 31
0.0
  0
LINE
  5
C47
330
17
100
AcDbEntity
  8
可见轮廓
100
AcDbLine
 10
308.3539422446667
 20
12.0
 30
0.0
 11
308.3539422446667
 21
36.0
 31
0.0
  0
LINE
  5
C48
330
17
100
AcDbEntity
  8
可见轮廓
100
AcDbLine
 10
308.3539422446667
 20
2.0
 30
0.0
 11
332.83425671255844
 21
2.0
 31
0.0
  0
LINE
  5
C49
330
17
100
AcDbEntity
  8
可见轮廓
100
AcDbLine
 10
301.3539422446667
 20
30.0
 30
0.0
 11
313.3539422446667
 21
30.0
 31
0.0
  0
LINE
  5
C4A
330
17
100
AcDbEntity
  8
可见轮廓
100
AcDbLine
 10
301.3539422446667
 20
2.0
 30
0.0
 11
313.3539422446667
 21
2.0
 31
0.0
  0
LINE
  5
C4B
330
17
100
AcDbEntity
  8
可见轮廓
100
AcDbLine
 10
306.3539422446667
 20
2.0
 30
0.0
 11
308.35394224466665
 21
2.0
 31
0.0
  0
LINE
  5
C4C
330
17
100
AcDbEntity
  8
可见轮廓
100
AcDbLine
 10
287.3693818776928
 20
2.0
 30
0.0
 11
327.33850261164065
 21
2.0
 31
0.0
  0
LINE
  5
C4D
330
17
100
AcDbEntity
  8
可见轮廓
100
AcDbLine
 10
301.3539422446667
 20
24.0
 30
0.0
 11
313.3539422446667
 21
24.0
 31
0.0
  0
LINE
  5
C4E
330
17
100
AcDbEntity
  8
可见轮廓
100
AcDbLine
 10
287.3539422446667
 20
24.0
 30
0.0
 11
327.3539422446667
 21
24.0
 31
0.0
  0
LINE
  5
C4F
330
17
100
AcDbEntity
  8
可见轮廓
100
AcDbLine
 10
306.3539422446667
 20
46.0
 30
0.0
 11
308.3539422446667
 21
46.0
 31
0.0
  0
LINE
  5
C50
330
17
100
AcDbEntity
  8
可见轮廓
100
AcDbLine
 10
281.8539422446667
 20
2.0
 30
0.0
 11
281.8539422446667
 21
21.0
 31
0.0
  0
LINE
  5
C51
330
17
100
AcDbEntity
  8
可见轮廓
100
AcDbLine
 10
308.3539422446667
 20
24.0
 30
0.0
 11
314.3539422446667
 21
24.0
 31
0.0
  0
LINE
  5
C52
330
17
100
AcDbEntity
  8
可见轮廓
100
AcDbLine
 10
287.3539422446667
 20
25.45600805912
 30
0.0
 11
287.3539422446667
 21
30.0
 31
0.0
  0
LINE
  5
C53
330
17
100
AcDbEntity
  8
可见轮廓
100
AcDbLine
 10
287.3539422446667
 20
25.45600805912
 30
0.0
 11
327.3539422446667
 21
25.45600805912
 31
0.0
  0
LINE
  5
C54
330
17
100
AcDbEntity
  8
可见轮廓
100
AcDbLine
 10
332.8539422446667
 20
2.0
 30
0.0
 11
332.8539422446667
 21
21.0
 31
0.0
  0
LINE
  5
C55
330
17
100
AcDbEntity
  8
可见轮廓
100
AcDbLine
 10
308.3539422446667
 20
2.0
 30
0.0
 11
308.3539422446667
 21
21.0
 31
0.0
  0
LINE
  5
C56
330
17
100
AcDbEntity
  8
可见轮廓
100
AcDbLine
 10
313.3539422446667
 20
2.0
 30
0.0
 11
313.3539422446667
 21
30.0
 31
0.0
  0
LINE
  5
C57
330
17
100
AcDbEntity
  8
可见轮廓
100
AcDbLine
 10
301.3539422446667
 20
2.0
 30
0.0
 11
301.3539422446667
 21
30.0
 31
0.0
  0
LINE
  5
C58
330
17
100
AcDbEntity
  8
可见轮廓
100
AcDbLine
 10
323.0539422446667
 20
2.0
 30
0.0
 11
323.0539422446667
 21
24.0
 31
0.0
  0
LINE
  5
C59
330
17
100
AcDbEntity
  8
可见轮廓
100
AcDbLine
 10
291.6539422446667
 20
2.0
 30
0.0
 11
291.6539422446667
 21
24.0
 31
0.0
  0
LINE
  5
C5A
330
17
100
AcDbEntity
  8
可见轮廓
100
AcDbLine
 10
308.3539422446667
 20
2.0
 30
0.0
 11
308.3539422446667
 21
24.0
 31
0.0
  0
LINE
  5
C5B
330
17
100
AcDbEntity
  8
可见轮廓
100
AcDbLine
 10
291.6539422446667
 20
2.0
 30
0.0
 11
323.0539422446667
 21
2.0
 31
0.0
  0
LINE
  5
C5C
330
17
100
AcDbEntity
  8
可见轮廓
100
AcDbLine
 10
327.3539422446667
 20
2.0
 30
0.0
 11
327.3539422446667
 21
30.0
 31
0.0
  0
LINE
  5
C5D
330
17
100
AcDbEntity
  8
可见轮廓
100
AcDbLine
 10
313.3539422446667
 20
2.0
 30
0.0
 11
313.3539422446667
 21
24.0
 31
0.0
  0
LINE
  5
C5E
330
17
100
AcDbEntity
  8
可见轮廓
100
AcDbLine
 10
301.3539422446667
 20
2.0
 30
0.0
 11
301.3539422446667
 21
24.0
 31
0.0
  0
LINE
  5
C5F
330
17
100
AcDbEntity
  8
可见轮廓
100
AcDbLine
 10
287.3539422446667
 20
2.0
 30
0.0
 11
287.3539422446667
 21
24.0
 31
0.0
  0
LINE
  5
C60
330
17
100
AcDbEntity
  8
可见轮廓
100
AcDbLine
 10
327.3539422446667
 20
2.0
 30
0.0
 11
327.3539422446667
 21
24.0
 31
0.0
  0
LINE
  5
C61
330
17
100
AcDbEntity
  8
可见轮廓
100
AcDbLine
 10
281.8539422446667
 20
2.0
 30
0.0
 11
281.8539422446667
 21
46.0
 31
0.0
  0
LINE
  5
C62
330
17
100
AcDbEntity
  8
可见轮廓
100
AcDbLine
 10
308.3539422446667
 20
2.0
 30
0.0
 11
308.3539422446667
 21
46.0
 31
0.0
  0
LINE
  5
C63
330
17
100
AcDbEntity
  8
可见轮廓
100
AcDbLine
 10
281.8539422446667
 20
2.0
 30
0.0
 11
332.8539422446667
 21
2.0
 31
0.0
  0
LINE
  5
C64
330
17
100
AcDbEntity
  8
可见轮廓
100
AcDbLine
 10
281.8539422446667
 20
46.0
 30
0.0
 11
332.8539422446667
 21
46.0
 31
0.0
  0
LINE
  5
C65
330
17
100
AcDbEntity
  8
可见轮廓
100
AcDbLine
 10
323.0539422446667
 20
2.0
 30
0.0
 11
323.0539422446667
 21
46.0
 31
0.0
  0
LINE
  5
C66
330
17
100
AcDbEntity
  8
可见轮廓
100
AcDbLine
 10
291.6539422446667
 20
2.0
 30
0.0
 11
291.6539422446667
 21
46.0
 31
0.0
  0
LINE
  5
C67
330
17
100
AcDbEntity
  8
可见轮廓
100
AcDbLine
 10
291.6539422446667
 20
46.0
 30
0.0
 11
323.0539422446667
 21
46.0
 31
0.0
  0
LINE
  5
C68
330
17
100
AcDbEntity
  8
可见轮廓
100
AcDbLine
 10
327.36277213411114
 20
21.20182803646028
 30
0.0
 11
327.3651291251204
 21
21.2306250610899
 31
0.0
  0
LINE
  5
C69
330
17
100
AcDbEntity
  8
可见轮廓
100
AcDbLine
 10
327.35722502507133
 20
21.14419730014875
 30
0.0
 11
327.3601373964573
 21
21.173018114492592
 31
0.0
  0
LINE
  5
C6A
330
17
100
AcDbEntity
  8
可见轮廓
100
AcDbLine
 10
327.354035132866
 20
21.115367598390662
 30
0.0
 11
327.35722502507133
 21
21.14419730014875
 31
0.0
  0
LINE
  5
C6B
330
17
100
AcDbEntity
  8
可见轮廓
100
AcDbLine
 10
327.34280146045944
 20
21.02884521825004
 30
0.0
 11
327.3468232376474
 21
21.057689552479395
 31
0.0
  0
LINE
  5
C6C
330
17
100
AcDbEntity
  8
可见轮廓
100
AcDbLine
 10
327.3385026116406
 20
21.0
 30
0.0
 11
327.34280146045944
 21
21.02884521825004
 31
0.0
  0
LINE
  5
C6D
330
17
100
AcDbEntity
  8
可见轮廓
100
AcDbLine
 10
327.3500809885179
 20
21.230735196781186
 30
0.0
 11
327.3517700984606
 21
21.288394600297355
 31
0.0
  0
LINE
  5
C6E
330
17
100
AcDbEntity
  8
可见轮廓
100
AcDbLine
 10
327.3517700984606
 20
21.288394600297355
 30
0.0
 11
327.3529767620762
 21
21.34603622898503
 31
0.0
  0
LINE
  5
C6F
330
17
100
AcDbEntity
  8
可见轮廓
100
AcDbLine
 10
327.3529767620762
 20
21.34603622898503
 30
0.0
 11
327.35370085294994
 21
21.40365607292039
 31
0.0
  0
LINE
  5
C70
330
17
100
AcDbEntity
  8
可见轮廓
100
AcDbLine
 10
328.3465137859986
 20
23.22800402956
 30
0.0
 11
328.3496960245116
 21
23.28200278768596
 31
0.0
  0
LINE
  5
C71
330
17
100
AcDbEntity
  8
可见轮廓
100
AcDbLine
 10
286.3581465931243
 20
23.28227928428683
 30
0.0
 11
286.36137070333484
 21
23.22800402956
 31
0.0
  0
LINE
  5
C72
330
17
100
AcDbEntity
  8
可见轮廓
100
AcDbLine
 10
287.35418363639286
 20
21.40365607180518
 30
0.0
 11
287.354907727289
 21
21.34603622708662
 31
0.0
  0
LINE
  5
C73
330
17
100
AcDbEntity
  8
可见轮廓
100
AcDbLine
 10
287.354907727289
 20
21.34603622708662
 30
0.0
 11
287.3561143909318
 21
21.288394597949114
 31
0.0
  0
LINE
  5
C74
330
17
100
AcDbEntity
  8
可见轮廓
100
AcDbLine
 10
287.3561143909318
 20
21.288394597949114
 30
0.0
 11
287.3578035008978
 21
21.23073519431796
 31
0.0
  0
LINE
  5
C75
330
17
100
AcDbEntity
  8
可见轮廓
100
AcDbLine
 10
287.3578035008978
 20
21.23073519431796
 30
0.0
 11
287.35997493076366
 21
21.173062026118444
 31
0.0
  0
LINE
  5
C76
330
17
100
AcDbEntity
  8
可见轮廓
100
AcDbLine
 10
287.35997493076366
 20
21.173062026118444
 30
0.0
 11
287.3626285541059
 21
21.115379103275874
 31
0.0
  0
LINE
  5
C77
330
17
100
AcDbEntity
  8
可见轮廓
100
AcDbLine
 10
287.3626285541059
 20
21.115379103275874
 30
0.0
 11
287.3657642445013
 21
21.057690435715543
 31
0.0
  0
LINE
  5
C78
330
17
100
AcDbEntity
  8
可见轮廓
100
AcDbLine
 10
287.3657642445013
 20
21.057690435715543
 30
0.0
 11
287.36938187769283
 21
21.0
 31
0.0
  0
LINE
  5
C79
330
17
100
AcDbEntity
  8
可见轮廓
100
AcDbLine
 10
287.36508302893054
 20
21.02884521785782
 30
0.0
 11
287.36938187769283
 21
21.0
 31
0.0
  0
ARC
  5
C7A
330
17
100
AcDbEntity
  8
可见轮廓
100
AcDbCircle
 10
300.3539422446667
 20
33.0
 30
0.0
 40
3.0
100
AcDbArc
 50
90.0
 51
134.99999999999994
  0
ARC
  5
C7B
330
17
100
AcDbEntity
  8
可见轮廓
100
AcDbCircle
 10
300.3539422446667
 20
33.0
 30
0.0
 40
3.0
100
AcDbArc
 50
134.99999999999994
 51
180.0
  0
ARC
  5
C7C
330
17
100
AcDbEntity
  8
可见轮廓
100
AcDbCircle
 10
300.3539422446667
 20
15.0
 30
0.0
 40
3.0
100
AcDbArc
 50
-134.9999999999999
 51
-90.0
  0
ARC
  5
C7D
330
17
100
AcDbEntity
  8
可见轮廓
100
AcDbCircle
 10
300.3539422446667
 20
15.0
 30
0.0
 40
3.0
100
AcDbArc
 50
180.0
 51
-134.9999999999999
  0
ARC
  5
C7E
330
17
100
AcDbEntity
  8
可见轮廓
100
AcDbCircle
 10
300.3539422446667
 20
15.0
 30
0.0
 40
3.0
100
AcDbArc
 50
-134.9999999999999
 51
-90.0
  0
ARC
  5
C7F
330
17
100
AcDbEntity
  8
可见轮廓
100
AcDbCircle
 10
300.3539422446667
 20
15.0
 30
0.0
 40
3.0
100
AcDbArc
 50
180.0
 51
-134.9999999999999
  0
ARC
  5
C80
330
17
100
AcDbEntity
  8
可见轮廓
100
AcDbCircle
 10
314.3539422446667
 20
15.0
 30
0.0
 40
3.0
100
AcDbArc
 50
-90.0
 51
-45.0
  0
ARC
  5
C81
330
17
100
AcDbEntity
  8
可见轮廓
100
AcDbCircle
 10
314.3539422446667
 20
15.0
 30
0.0
 40
3.0
100
AcDbArc
 50
-45.0
 51
0.0
  0
ARC
  5
C82
330
17
100
AcDbEntity
  8
可见轮廓
100
AcDbCircle
 10
314.3539422446667
 20
33.0
 30
0.0
 40
3.0
100
AcDbArc
 50
44.99999999999991
 51
90.0
  0
ARC
  5
C83
330
17
100
AcDbEntity
  8
可见轮廓
100
AcDbCircle
 10
314.3539422446667
 20
33.0
 30
0.0
 40
3.0
100
AcDbArc
 50
0.0
 51
44.99999999999991
  0
ARC
  5
C84
330
17
100
AcDbEntity
  8
可见轮廓
100
AcDbCircle
 10
314.3539422446667
 20
33.0
 30
0.0
 40
3.0
100
AcDbArc
 50
44.99999999999991
 51
90.0
  0
ARC
  5
C85
330
17
100
AcDbEntity
  8
可见轮廓
100
AcDbCircle
 10
314.3539422446667
 20
33.0
 30
0.0
 40
3.0
100
AcDbArc
 50
0.0
 51
44.99999999999991
  0
LINE
  5
C86
330
17
100
AcDbEntity
  8
隐藏线
100
AcDbLine
 10
305.97764900870123
 20
12.000000000000005
 30
0.0
 11
306.3539422446667
 21
12.000000000000005
 31
0.0
  0
LINE
  5
C87
330
17
100
AcDbEntity
  8
隐藏线
100
AcDbLine
 10
305.6015942835643
 20
12.000000000000005
 30
0.0
 11
305.97764900870123
 21
12.000000000000005
 31
0.0
  0
LINE
  5
C88
330
17
100
AcDbEntity
  8
隐藏线
100
AcDbLine
 10
305.2258393371317
 20
12.000000000000005
 30
0.0
 11
305.6015942835643
 21
12.000000000000005
 31
0.0
  0
LINE
  5
C89
330
17
100
AcDbEntity
  8
隐藏线
100
AcDbLine
 10
304.8504453916931
 20
12.000000000000005
 30
0.0
 11
305.2258393371317
 21
12.000000000000005
 31
0.0
  0
LINE
  5
C8A
330
17
100
AcDbEntity
  8
隐藏线
100
AcDbLine
 10
304.47551541422337
 20
12.000000000000005
 30
0.0
 11
304.8504453916931
 21
12.000000000000005
 31
0.0
  0
LINE
  5
C8B
330
17
100
AcDbEntity
  8
隐藏线
100
AcDbLine
 10
304.1010809096633
 20
12.000000000000005
 30
0.0
 11
304.47551541422337
 21
12.000000000000005
 31
0.0
  0
LINE
  5
C8C
330
17
100
AcDbEntity
  8
隐藏线
100
AcDbLine
 10
303.72720288051664
 20
12.000000000000005
 30
0.0
 11
304.1010809096633
 21
12.000000000000005
 31
0.0
  0
LINE
  5
C8D
330
17
100
AcDbEntity
  8
隐藏线
100
AcDbLine
 10
303.3539422446667
 20
12.000000000000005
 30
0.0
 11
303.72720288051664
 21
12.000000000000005
 31
0.0
  0
LINE
  5
C8E
330
17
100
AcDbEntity
  8
隐藏线
100
AcDbLine
 10
303.3510915140361
 20
12.000000000000005
 30
0.0
 11
303.3539422446667
 21
12.000000000000005
 31
0.0
  0
LINE
  5
C8F
330
17
100
AcDbEntity
  8
隐藏线
100
AcDbLine
 10
302.9558187559155
 20
12.000000000000005
 30
0.0
 11
303.3311375351701
 21
12.000000000000005
 31
0.0
  0
LINE
  5
C90
330
17
100
AcDbEntity
  8
隐藏线
100
AcDbLine
 10
302.5812670249572
 20
12.000000000000005
 30
0.0
 11
302.9558187559155
 21
12.000000000000005
 31
0.0
  0
LINE
  5
C91
330
17
100
AcDbEntity
  8
隐藏线
100
AcDbLine
 10
302.20754429894424
 20
12.000000000000005
 30
0.0
 11
302.5812670249572
 21
12.000000000000005
 31
0.0
  0
LINE
  5
C92
330
17
100
AcDbEntity
  8
隐藏线
100
AcDbLine
 10
301.8347124065284
 20
12.000000000000005
 30
0.0
 11
302.20754429894424
 21
12.000000000000005
 31
0.0
  0
LINE
  5
C93
330
17
100
AcDbEntity
  8
隐藏线
100
AcDbLine
 10
301.46291908038296
 20
12.000000000000005
 30
0.0
 11
301.8347124065284
 21
12.000000000000005
 31
0.0
  0
LINE
  5
C94
330
17
100
AcDbEntity
  8
隐藏线
100
AcDbLine
 10
301.0921520865981
 20
12.000000000000005
 30
0.0
 11
301.46291908038296
 21
12.000000000000005
 31
0.0
  0
LINE
  5
C95
330
17
100
AcDbEntity
  8
隐藏线
100
AcDbLine
 10
300.7224727542965
 20
12.000000000000005
 30
0.0
 11
301.0921520865981
 21
12.000000000000005
 31
0.0
  0
LINE
  5
C96
330
17
100
AcDbEntity
  8
隐藏线
100
AcDbLine
 10
300.3539422446668
 20
12.000000000000005
 30
0.0
 11
300.7224727542965
 21
12.000000000000005
 31
0.0
  0
LINE
  5
C97
330
17
100
AcDbEntity
  8
隐藏线
100
AcDbLine
 10
295.72236329729833
 20
15.0
 30
0.0
 11
295.73960639602114
 21
14.52729337539719
 31
0.0
  0
LINE
  5
C98
330
17
100
AcDbEntity
  8
隐藏线
100
AcDbLine
 10
295.73960639602114
 20
14.52729337539719
 30
0.0
 11
295.79050716022897
 21
14.058552711200678
 31
0.0
  0
LINE
  5
C99
330
17
100
AcDbEntity
  8
隐藏线
100
AcDbLine
 10
295.79050716022897
 20
14.058552711200678
 30
0.0
 11
295.8738227919809
 21
13.596871740686115
 31
0.0
  0
LINE
  5
C9A
330
17
100
AcDbEntity
  8
隐藏线
100
AcDbLine
 10
295.8738227919809
 20
13.596871740686115
 30
0.0
 11
295.9883104933361
 21
13.145344197129148
 31
0.0
  0
LINE
  5
C9B
330
17
100
AcDbEntity
  8
隐藏线
100
AcDbLine
 10
295.9883104933361
 20
13.145344197129148
 30
0.0
 11
296.1327274663536
 21
12.707063813805428
 31
0.0
  0
LINE
  5
C9C
330
17
100
AcDbEntity
  8
隐藏线
100
AcDbLine
 10
296.1327274663536
 20
12.707063813805428
 30
0.0
 11
296.3058307876495
 21
12.285123716764643
 31
0.0
  0
LINE
  5
C9D
330
17
100
AcDbEntity
  8
隐藏线
100
AcDbLine
 10
296.3058307876495
 20
12.285123716764643
 30
0.0
 11
296.5062964407958
 21
11.882224489048035
 31
0.0
  0
LINE
  5
C9E
330
17
100
AcDbEntity
  8
隐藏线
100
AcDbLine
 10
296.5062964407958
 20
11.882224489048035
 30
0.0
 11
296.73257988850673
 21
11.499999249502189
 31
0.0
  0
LINE
  5
C9F
330
17
100
AcDbEntity
  8
隐藏线
100
AcDbLine
 10
296.73257988850673
 20
11.499999249502189
 30
0.0
 11
296.8013220655274
 21
11.395433456985712
 31
0.0
  0
LINE
  5
CA0
330
17
100
AcDbEntity
  8
隐藏线
100
AcDbLine
 10
296.8013220655274
 20
11.395433456985712
 30
0.0
 11
296.8719822522548
 21
11.292685131221878
 31
0.0
  0
LINE
  5
CA1
330
17
100
AcDbEntity
  8
隐藏线
100
AcDbLine
 10
296.8719822522548
 20
11.292685131221878
 30
0.0
 11
296.9445242342296
 21
11.19178754942051
 31
0.0
  0
LINE
  5
CA2
330
17
100
AcDbEntity
  8
隐藏线
100
AcDbLine
 10
296.9445242342296
 20
11.19178754942051
 30
0.0
 11
297.0189117969928
 21
11.092773988791437
 31
0.0
  0
LINE
  5
CA3
330
17
100
AcDbEntity
  8
隐藏线
100
AcDbLine
 10
297.0189117969928
 20
11.092773988791437
 30
0.0
 11
297.0951087260851
 21
10.99567772654448
 31
0.0
  0
LINE
  5
CA4
330
17
100
AcDbEntity
  8
隐藏线
100
AcDbLine
 10
297.0951087260851
 20
10.99567772654448
 30
0.0
 11
297.17307880704726
 21
10.900532039889471
 31
0.0
  0
LINE
  5
CA5
330
17
100
AcDbEntity
  8
隐藏线
100
AcDbLine
 10
297.17307880704726
 20
10.900532039889471
 30
0.0
 11
297.2527858254201
 21
10.807370206036232
 31
0.0
  0
LINE
  5
CA6
330
17
100
AcDbEntity
  8
隐藏线
100
AcDbLine
 10
297.2527858254201
 20
10.807370206036232
 30
0.0
 11
297.33419356674443
 21
10.716225502194595
 31
0.0
  0
LINE
  5
CA7
330
17
100
AcDbEntity
  8
隐藏线
100
AcDbLine
 10
297.33419356674443
 20
10.716225502194595
 30
0.0
 11
297.7225377684867
 21
10.330186085411736
 31
0.0
  0
LINE
  5
CA8
330
17
100
AcDbEntity
  8
隐藏线
100
AcDbLine
 10
297.7225377684867
 20
10.330186085411736
 30
0.0
 11
298.14152268222557
 21
9.989026565096246
 31
0.0
  0
LINE
  5
CA9
330
17
100
AcDbEntity
  8
隐藏线
100
AcDbLine
 10
298.14152268222557
 20
9.989026565096246
 30
0.0
 11
298.5874948865711
 21
9.694981359662698
 31
0.0
  0
LINE
  5
CAA
330
17
100
AcDbEntity
  8
隐藏线
100
AcDbLine
 10
298.5874948865711
 20
9.694981359662698
 30
0.0
 11
299.0567007537423
 21
9.450008778103257
 31
0.0
  0
LINE
  5
CAB
330
17
100
AcDbEntity
  8
隐藏线
100
AcDbLine
 10
299.0567007537423
 20
9.450008778103257
 30
0.0
 11
299.54538645870144
 21
9.256066585887593
 31
0.0
  0
LINE
  5
CAC
330
17
100
AcDbEntity
  8
隐藏线
100
AcDbLine
 10
299.54538645870144
 20
9.256066585887593
 30
0.0
 11
300.04979817641083
 21
9.115112548485381
 31
0.0
  0
LINE
  5
CAD
330
17
100
AcDbEntity
  8
隐藏线
100
AcDbLine
 10
300.04979817641083
 20
9.115112548485381
 30
0.0
 11
300.5661820818329
 21
9.029104431366296
 31
0.0
  0
LINE
  5
CAE
330
17
100
AcDbEntity
  8
隐藏线
100
AcDbLine
 10
300.5661820818329
 20
9.029104431366296
 30
0.0
 11
301.0907843499299
 21
9.00000000000001
 31
0.0
  0
LINE
  5
CAF
330
17
100
AcDbEntity
  8
隐藏线
100
AcDbLine
 10
300.0607821536713
 20
12.014552215683144
 30
0.0
 11
300.3539422446667
 21
12.0
 31
0.0
  0
LINE
  5
CB0
330
17
100
AcDbEntity
  8
隐藏线
100
AcDbLine
 10
299.7722146771119
 20
12.057556274242684
 30
0.0
 11
300.0607821536713
 21
12.014552215683144
 31
0.0
  0
LINE
  5
CB1
330
17
100
AcDbEntity
  8
隐藏线
100
AcDbLine
 10
299.49033754074486
 20
12.128033292943787
 30
0.0
 11
299.7722146771119
 21
12.057556274242684
 31
0.0
  0
LINE
  5
CB2
330
17
100
AcDbEntity
  8
隐藏线
100
AcDbLine
 10
299.2172484703265
 20
12.225004389051614
 30
0.0
 11
299.49033754074486
 21
12.128033292943787
 31
0.0
  0
LINE
  5
CB3
330
17
100
AcDbEntity
  8
隐藏线
100
AcDbLine
 10
298.95504519161324
 20
12.347490679831331
 30
0.0
 11
299.2172484703265
 21
12.225004389051614
 31
0.0
  0
LINE
  5
CB4
330
17
100
AcDbEntity
  8
隐藏线
100
AcDbLine
 10
298.70582543036136
 20
12.494513282548102
 30
0.0
 11
298.95504519161324
 21
12.347490679831331
 31
0.0
  0
LINE
  5
CB5
330
17
100
AcDbEntity
  8
隐藏线
100
AcDbLine
 10
298.4716868020955
 20
12.665093042705848
 30
0.0
 11
298.70582543036136
 21
12.494513282548102
 31
0.0
  0
LINE
  5
CB6
330
17
100
AcDbEntity
  8
隐藏线
100
AcDbLine
 10
298.2546709246513
 20
12.85811275109728
 30
0.0
 11
298.4716868020955
 21
12.665093042705848
 31
0.0
  0
LINE
  5
CB7
330
17
100
AcDbEntity
  8
隐藏线
100
AcDbLine
 10
298.2519833504119
 20
12.860751101788793
 30
0.0
 11
298.2546709246513
 21
12.85811275109728
 31
0.0
  0
LINE
  5
CB8
330
17
100
AcDbEntity
  8
隐藏线
100
AcDbLine
 10
298.0397415535005
 20
13.092457531690135
 30
0.0
 11
298.23325983225914
 21
12.879317547472127
 31
0.0
  0
LINE
  5
CB9
330
17
100
AcDbEntity
  8
隐藏线
100
AcDbLine
 10
297.8667395894216
 20
13.324384690183265
 30
0.0
 11
298.0397415535005
 21
13.092457531690135
 31
0.0
  0
LINE
  5
CBA
330
17
100
AcDbEntity
  8
隐藏线
100
AcDbLine
 10
297.71605311788176
 20
13.57361979767482
 30
0.0
 11
297.8667395894216
 21
13.324384690183265
 31
0.0
  0
LINE
  5
CBB
330
17
100
AcDbEntity
  8
隐藏线
100
AcDbLine
 10
297.58946514831354
 20
13.838613601693904
 30
0.0
 11
297.71605311788176
 21
13.57361979767482
 31
0.0
  0
LINE
  5
CBC
330
17
100
AcDbEntity
  8
隐藏线
100
AcDbLine
 10
297.48854443824933
 20
14.116888901755958
 30
0.0
 11
297.58946514831354
 21
13.838613601693904
 31
0.0
  0
LINE
  5
CBD
330
17
100
AcDbEntity
  8
隐藏线
100
AcDbLine
 10
297.4147079130507
 20
14.405310895921573
 30
0.0
 11
297.48854443824933
 21
14.116888901755958
 31
0.0
  0
LINE
  5
CBE
330
17
100
AcDbEntity
  8
隐藏线
100
AcDbLine
 10
297.36936927957174
 20
14.700730842549877
 30
0.0
 11
297.4147079130507
 21
14.405310895921573
 31
0.0
  0
LINE
  5
CBF
330
17
100
AcDbEntity
  8
隐藏线
100
AcDbLine
 10
297.3539422446667
 20
15.0
 30
0.0
 11
297.36936927957174
 21
14.700730842549877
 31
0.0
  0
LINE
  5
CC0
330
17
100
AcDbEntity
  8
隐藏线
100
AcDbLine
 10
281.8690332575647
 20
2.0
 30
0.0
 11
281.873627776775
 21
2.0
 31
0.0
  0
LINE
  5
CC1
330
17
100
AcDbEntity
  8
隐藏线
100
AcDbLine
 10
313.9854117350369
 20
12.000000000000005
 30
0.0
 11
314.3539422446666
 21
12.000000000000005
 31
0.0
  0
LINE
  5
CC2
330
17
100
AcDbEntity
  8
隐藏线
100
AcDbLine
 10
313.6157324027353
 20
12.000000000000005
 30
0.0
 11
313.9854117350369
 21
12.000000000000005
 31
0.0
  0
LINE
  5
CC3
330
17
100
AcDbEntity
  8
隐藏线
100
AcDbLine
 10
313.24496540895046
 20
12.000000000000005
 30
0.0
 11
313.6157324027353
 21
12.000000000000005
 31
0.0
  0
LINE
  5
CC4
330
17
100
AcDbEntity
  8
隐藏线
100
AcDbLine
 10
312.873172082805
 20
12.000000000000005
 30
0.0
 11
313.24496540895046
 21
12.000000000000005
 31
0.0
  0
LINE
  5
CC5
330
17
100
AcDbEntity
  8
隐藏线
100
AcDbLine
 10
312.5003401903892
 20
12.000000000000005
 30
0.0
 11
312.873172082805
 21
12.000000000000005
 31
0.0
  0
LINE
  5
CC6
330
17
100
AcDbEntity
  8
隐藏线
100
AcDbLine
 10
312.1266174643763
 20
12.000000000000005
 30
0.0
 11
312.5003401903892
 21
12.000000000000005
 31
0.0
  0
LINE
  5
CC7
330
17
100
AcDbEntity
  8
隐藏线
100
AcDbLine
 10
311.75206573341796
 20
12.000000000000005
 30
0.0
 11
312.1266174643763
 21
12.000000000000005
 31
0.0
  0
LINE
  5
CC8
330
17
100
AcDbEntity
  8
隐藏线
100
AcDbLine
 10
311.3767469541633
 20
12.000000000000005
 30
0.0
 11
311.75206573341796
 21
12.000000000000005
 31
0.0
  0
LINE
  5
CC9
330
17
100
AcDbEntity
  8
隐藏线
100
AcDbLine
 10
311.3738965076179
 20
12.000000000000005
 30
0.0
 11
311.3767469541633
 21
12.000000000000005
 31
0.0
  0
LINE
  5
CCA
330
17
100
AcDbEntity
  8
隐藏线
100
AcDbLine
 10
310.9806816088168
 20
12.000000000000005
 30
0.0
 11
311.3539422446667
 21
12.000000000000005
 31
0.0
  0
LINE
  5
CCB
330
17
100
AcDbEntity
  8
隐藏线
100
AcDbLine
 10
310.6068035796701
 20
12.000000000000005
 30
0.0
 11
310.9806816088168
 21
12.000000000000005
 31
0.0
  0
LINE
  5
CCC
330
17
100
AcDbEntity
  8
隐藏线
100
AcDbLine
 10
310.23236907511006
 20
12.000000000000005
 30
0.0
 11
310.6068035796701
 21
12.000000000000005
 31
0.0
  0
LINE
  5
CCD
330
17
100
AcDbEntity
  8
隐藏线
100
AcDbLine
 10
309.85743909764034
 20
12.000000000000005
 30
0.0
 11
310.23236907511006
 21
12.000000000000005
 31
0.0
  0
LINE
  5
CCE
330
17
100
AcDbEntity
  8
隐藏线
100
AcDbLine
 10
309.48204515220175
 20
12.000000000000005
 30
0.0
 11
309.85743909764034
 21
12.000000000000005
 31
0.0
  0
LINE
  5
CCF
330
17
100
AcDbEntity
  8
隐藏线
100
AcDbLine
 10
309.1062902057691
 20
12.000000000000005
 30
0.0
 11
309.48204515220175
 21
12.000000000000005
 31
0.0
  0
LINE
  5
CD0
330
17
100
AcDbEntity
  8
隐藏线
100
AcDbLine
 10
308.7302354806322
 20
12.000000000000005
 30
0.0
 11
309.1062902057691
 21
12.000000000000005
 31
0.0
  0
LINE
  5
CD1
330
17
100
AcDbEntity
  8
隐藏线
100
AcDbLine
 10
308.3539422446667
 20
12.000000000000005
 30
0.0
 11
308.7302354806322
 21
12.000000000000005
 31
0.0
  0
LINE
  5
CD2
330
17
100
AcDbEntity
  8
隐藏线
100
AcDbLine
 10
317.15110012703053
 20
13.917535974391892
 30
0.0
 11
317.21162458894554
 21
14.0884384822099
 31
0.0
  0
LINE
  5
CD3
330
17
100
AcDbEntity
  8
隐藏线
100
AcDbLine
 10
317.0807355057612
 20
13.751193287804027
 30
0.0
 11
317.15110012703053
 21
13.917535974391892
 31
0.0
  0
LINE
  5
CD4
330
17
100
AcDbEntity
  8
隐藏线
100
AcDbLine
 10
317.0009419905967
 20
13.589985623409806
 30
0.0
 11
317.0807355057612
 21
13.751193287804027
 31
0.0
  0
LINE
  5
CD5
330
17
100
AcDbEntity
  8
隐藏线
100
AcDbLine
 10
316.91213084699615
 20
13.434488182172743
 30
0.0
 11
317.0009419905967
 21
13.589985623409806
 31
0.0
  0
LINE
  5
CD6
330
17
100
AcDbEntity
  8
隐藏线
100
AcDbLine
 10
316.81471308388495
 20
13.28526954666853
 30
0.0
 11
316.91213084699615
 21
13.434488182172743
 31
0.0
  0
LINE
  5
CD7
330
17
100
AcDbEntity
  8
隐藏线
100
AcDbLine
 10
316.7090944098537
 20
13.142761554698614
 30
0.0
 11
316.81471308388495
 21
13.28526954666853
 31
0.0
  0
LINE
  5
CD8
330
17
100
AcDbEntity
  8
隐藏线
100
AcDbLine
 10
316.59567554647475
 20
13.00726738262049
 30
0.0
 11
316.7090944098537
 21
13.142761554698614
 31
0.0
  0
LINE
  5
CD9
330
17
100
AcDbEntity
  8
隐藏线
100
AcDbLine
 10
316.4748570215227
 20
12.879085206951672
 30
0.0
 11
316.59567554647475
 21
13.00726738262049
 31
0.0
  0
LINE
  5
CDA
330
17
100
AcDbEntity
  8
隐藏线
100
AcDbLine
 10
316.4505743778996
 20
12.85506968151384
 30
0.0
 11
316.4748570215227
 21
12.879085206951672
 31
0.0
  0
LINE
  5
CDB
330
17
100
AcDbEntity
  8
隐藏线
100
AcDbLine
 10
316.4260307981642
 20
12.831343242965486
 30
0.0
 11
316.4505743778996
 21
12.85506968151384
 31
0.0
  0
LINE
  5
CDC
330
17
100
AcDbEntity
  8
隐藏线
100
AcDbLine
 10
316.401229214197
 20
12.80790807397152
 30
0.0
 11
316.4260307981642
 21
12.831343242965486
 31
0.0
  0
LINE
  5
CDD
330
17
100
AcDbEntity
  8
隐藏线
100
AcDbLine
 10
316.3761725578784
 20
12.784766357196839
 30
0.0
 11
316.401229214197
 21
12.80790807397152
 31
0.0
  0
LINE
  5
CDE
330
17
100
AcDbEntity
  8
隐藏线
100
AcDbLine
 10
316.3253057557093
 20
12.73937201096494
 30
0.0
 11
316.35086376108904
 21
12.761920275306347
 31
0.0
  0
LINE
  5
CDF
330
17
100
AcDbEntity
  8
隐藏线
100
AcDbLine
 10
316.29950147361967
 20
12.717123746837524
 30
0.0
 11
316.3253057557093
 21
12.73937201096494
 31
0.0
  0
LINE
  5
CE0
330
17
100
AcDbEntity
  8
隐藏线
100
AcDbLine
 10
316.27345384670076
 20
12.695177665589002
 30
0.0
 11
316.29950147361967
 21
12.717123746837524
 31
0.0
  0
LINE
  5
CE1
330
17
100
AcDbEntity
  8
隐藏线
100
AcDbLine
 10
316.06712115426285
 20
12.537986925497247
 30
0.0
 11
316.27345384670076
 21
12.695177665589002
 31
0.0
  0
LINE
  5
CE2
330
17
100
AcDbEntity
  8
隐藏线
100
AcDbLine
 10
315.8481336012331
 20
12.399436197113229
 30
0.0
 11
316.06712115426285
 21
12.537986925497247
 31
0.0
  0
LINE
  5
CE3
330
17
100
AcDbEntity
  8
隐藏线
100
AcDbLine
 10
315.6179791977851
 20
12.28028930348846
 30
0.0
 11
315.8481336012331
 21
12.399436197113229
 31
0.0
  0
LINE
  5
CE4
330
17
100
AcDbEntity
  8
隐藏线
100
AcDbLine
 10
315.37820752666954
 20
12.18124310974824
 30
0.0
 11
315.6179791977851
 21
12.28028930348846
 31
0.0
  0
LINE
  5
CE5
330
17
100
AcDbEntity
  8
隐藏线
100
AcDbLine
 10
315.13036829184324
 20
12.102994349210922
 30
0.0
 11
315.37820752666954
 21
12.18124310974824
 31
0.0
  0
LINE
  5
CE6
330
17
100
AcDbEntity
  8
隐藏线
100
AcDbLine
 10
314.87601119726287
 20
12.046239755194872
 30
0.0
 11
315.13036829184324
 21
12.102994349210922
 31
0.0
  0
LINE
  5
CE7
330
17
100
AcDbEntity
  8
隐藏线
100
AcDbLine
 10
314.6166859468851
 20
12.011676061018443
 30
0.0
 11
314.87601119726287
 21
12.046239755194872
 31
0.0
  0
LINE
  5
CE8
330
17
100
AcDbEntity
  8
隐藏线
100
AcDbLine
 10
314.3539422446667
 20
12.0
 30
0.0
 11
314.6166859468851
 21
12.011676061018443
 31
0.0
  0
LINE
  5
CE9
330
17
100
AcDbEntity
  8
隐藏线
100
AcDbLine
 10
313.61710013940353
 20
9.00000000000001
 30
0.0
 11
314.0872730802156
 21
9.023352122036894
 31
0.0
  0
LINE
  5
CEA
330
17
100
AcDbEntity
  8
隐藏线
100
AcDbLine
 10
314.0872730802156
 20
9.023352122036894
 30
0.0
 11
314.5513287914179
 21
9.09247951038974
 31
0.0
  0
LINE
  5
CEB
330
17
100
AcDbEntity
  8
隐藏线
100
AcDbLine
 10
314.5513287914179
 20
9.09247951038974
 30
0.0
 11
315.0064941185617
 21
9.205988698421834
 31
0.0
  0
LINE
  5
CEC
330
17
100
AcDbEntity
  8
隐藏线
100
AcDbLine
 10
315.0064941185617
 20
9.205988698421834
 30
0.0
 11
315.44999590719823
 21
9.362486219496454
 31
0.0
  0
LINE
  5
CED
330
17
100
AcDbEntity
  8
隐藏线
100
AcDbLine
 10
315.44999590719823
 20
9.362486219496454
 30
0.0
 11
315.8790610028786
 21
9.560578606976879
 31
0.0
  0
LINE
  5
CEE
330
17
100
AcDbEntity
  8
隐藏线
100
AcDbLine
 10
315.8790610028786
 20
9.560578606976879
 30
0.0
 11
316.290916251154
 21
9.7988723942264
 31
0.0
  0
LINE
  5
CEF
330
17
100
AcDbEntity
  8
隐藏线
100
AcDbLine
 10
316.290916251154
 20
9.7988723942264
 30
0.0
 11
316.68278871447035
 21
10.07597385099441
 31
0.0
  0
LINE
  5
CF0
330
17
100
AcDbEntity
  8
隐藏线
100
AcDbLine
 10
316.68278871447035
 20
10.07597385099441
 30
0.0
 11
317.05201563778024
 21
10.390355331177897
 31
0.0
  0
LINE
  5
CF1
330
17
100
AcDbEntity
  8
隐藏线
100
AcDbLine
 10
317.05201563778024
 20
10.390355331177897
 30
0.0
 11
317.18028037400086
 21
10.513635291495182
 31
0.0
  0
LINE
  5
CF2
330
17
100
AcDbEntity
  8
隐藏线
100
AcDbLine
 10
317.18028037400086
 20
10.513635291495182
 30
0.0
 11
317.3051204474705
 21
10.64150911061311
 31
0.0
  0
LINE
  5
CF3
330
17
100
AcDbEntity
  8
隐藏线
100
AcDbLine
 10
317.3051204474705
 20
10.64150911061311
 30
0.0
 11
317.4264237612888
 21
10.773883519152982
 31
0.0
  0
LINE
  5
CF4
330
17
100
AcDbEntity
  8
隐藏线
100
AcDbLine
 10
317.4264237612888
 20
10.773883519152982
 30
0.0
 11
317.5440782185555
 21
10.9106652477361
 31
0.0
  0
LINE
  5
CF5
330
17
100
AcDbEntity
  8
隐藏线
100
AcDbLine
 10
317.5440782185555
 20
10.9106652477361
 30
0.0
 11
317.65797172237035
 21
11.05176102698377
 31
0.0
  0
LINE
  5
CF6
330
17
100
AcDbEntity
  8
隐藏线
100
AcDbLine
 10
317.65797172237035
 20
11.05176102698377
 30
0.0
 11
317.767992175833
 21
11.197077587517294
 31
0.0
  0
LINE
  5
CF7
330
17
100
AcDbEntity
  8
隐藏线
100
AcDbLine
 10
317.767992175833
 20
11.197077587517294
 30
0.0
 11
317.8740274820433
 21
11.346521659957974
 31
0.0
  0
LINE
  5
CF8
330
17
100
AcDbEntity
  8
隐藏线
100
AcDbLine
 10
317.8740274820433
 20
11.346521659957974
 30
0.0
 11
317.97596554410075
 21
11.499999974927112
 31
0.0
  0
LINE
  5
CF9
330
17
100
AcDbEntity
  8
隐藏线
100
AcDbLine
 10
317.26193662845094
 20
14.263478731248183
 30
0.0
 11
317.268254223087
 21
14.28874614978419
 31
0.0
  0
LINE
  5
CFA
330
17
100
AcDbEntity
  8
隐藏线
100
AcDbLine
 10
317.2554015686397
 20
14.238280835202989
 30
0.0
 11
317.26193662845094
 21
14.263478731248183
 31
0.0
  0
LINE
  5
CFB
330
17
100
AcDbEntity
  8
隐藏线
100
AcDbLine
 10
317.24865024145475
 20
14.21315413690859
 30
0.0
 11
317.2554015686397
 21
14.238280835202989
 31
0.0
  0
LINE
  5
CFC
330
17
100
AcDbEntity
  8
隐藏线
100
AcDbLine
 10
317.2271106336729
 20
14.13821798113014
 30
0.0
 11
317.2345035761699
 21
14.163121034612173
 31
0.0
  0
LINE
  5
CFD
330
17
100
AcDbEntity
  8
隐藏线
100
AcDbLine
 10
317.2195062150082
 20
14.113392826438888
 30
0.0
 11
317.2271106336729
 21
14.13821798113014
 31
0.0
  0
LINE
  5
CFE
330
17
100
AcDbEntity
  8
隐藏线
100
AcDbLine
 10
316.08334752074126
 20
24.014445819961985
 30
0.0
 11
316.1724710156167
 21
24.0
 31
0.0
  0
LINE
  5
CFF
330
17
100
AcDbEntity
  8
隐藏线
100
AcDbLine
 10
315.9950823338421
 20
24.05764415875051
 30
0.0
 11
316.08334752074126
 21
24.014445819961985
 31
0.0
  0
LINE
  5
D00
330
17
100
AcDbEntity
  8
隐藏线
100
AcDbLine
 10
315.9085254969199
 20
24.129178992748386
 30
0.0
 11
315.9950823338421
 21
24.05764415875051
 31
0.0
  0
LINE
  5
D01
330
17
100
AcDbEntity
  8
隐藏线
100
AcDbLine
 10
315.82451059963097
 20
24.228361402399226
 30
0.0
 11
315.9085254969199
 21
24.129178992748386
 31
0.0
  0
LINE
  5
D02
330
17
100
AcDbEntity
  8
隐藏线
100
AcDbLine
 10
315.7438467513635
 20
24.354236206879378
 30
0.0
 11
315.82451059963097
 21
24.228361402399226
 31
0.0
  0
LINE
  5
D03
330
17
100
AcDbEntity
  8
隐藏线
100
AcDbLine
 10
315.6673107890718
 20
24.505591163011413
 30
0.0
 11
315.7438467513635
 21
24.354236206879378
 31
0.0
  0
LINE
  5
D04
330
17
100
AcDbEntity
  8
隐藏线
100
AcDbLine
 10
315.5956397959116
 20
24.6809686398286
 30
0.0
 11
315.6673107890718
 21
24.505591163011413
 31
0.0
  0
LINE
  5
D05
330
17
100
AcDbEntity
  8
隐藏线
100
AcDbLine
 10
315.5295240027264
 20
24.87867965635794
 30
0.0
 11
315.5956397959116
 21
24.6809686398286
 31
0.0
  0
LINE
  5
D06
330
17
100
AcDbEntity
  8
隐藏线
100
AcDbLine
 10
315.469600140739
 20
25.09682014746364
 30
0.0
 11
315.52952400271585
 21
24.87867965639287
 31
0.0
  0
LINE
  5
D07
330
17
100
AcDbEntity
  8
隐藏线
100
AcDbLine
 10
315.41644530951663
 20
25.333289300899313
 30
0.0
 11
315.469600140739
 21
25.09682014746364
 31
0.0
  0
LINE
  5
D08
330
17
100
AcDbEntity
  8
隐藏线
100
AcDbLine
 10
315.3705714191308
 20
25.585809789484987
 30
0.0
 11
315.41644530951663
 21
25.333289300899313
 31
0.0
  0
LINE
  5
D09
330
17
100
AcDbEntity
  8
隐藏线
100
AcDbLine
 10
315.3324202602232
 20
25.851949702873707
 30
0.0
 11
315.3705714191308
 21
25.585809789484987
 31
0.0
  0
LINE
  5
D0A
330
17
100
AcDbEntity
  8
隐藏线
100
AcDbLine
 10
315.3023592493097
 20
26.129145968212512
 30
0.0
 11
315.3324202602232
 21
25.851949702873707
 31
0.0
  0
LINE
  5
D0B
330
17
100
AcDbEntity
  8
隐藏线
100
AcDbLine
 10
315.28067789035833
 20
26.41472903393515
 30
0.0
 11
315.3023592493097
 21
26.129145968212512
 31
0.0
  0
LINE
  5
D0C
330
17
100
AcDbEntity
  8
隐藏线
100
AcDbLine
 10
315.26758498670813
 20
26.705948579002964
 30
0.0
 11
315.28067789035833
 21
26.41472903393515
 31
0.0
  0
LINE
  5
D0D
330
17
100
AcDbEntity
  8
隐藏线
100
AcDbLine
 10
315.26320663017856
 20
27.0
 30
0.0
 11
315.26758498670813
 21
26.705948579002964
 31
0.0
  0
LINE
  5
D0E
330
17
100
AcDbEntity
  8
隐藏线
100
AcDbLine
 10
315.2632066301577
 20
27.0
 30
0.0
 11
315.4355639699035
 21
26.994796863194093
 31
0.0
  0
LINE
  5
D0F
330
17
100
AcDbEntity
  8
隐藏线
100
AcDbLine
 10
315.4355639699035
 20
26.994796863194093
 30
0.0
 11
315.6037387174037
 21
26.977736178440843
 31
0.0
  0
LINE
  5
D10
330
17
100
AcDbEntity
  8
隐藏线
100
AcDbLine
 10
315.6037387174037
 20
26.977736178440843
 30
0.0
 11
315.76686009178377
 21
26.946640999877385
 31
0.0
  0
LINE
  5
D11
330
17
100
AcDbEntity
  8
隐藏线
100
AcDbLine
 10
315.76686009178377
 20
26.946640999877385
 30
0.0
 11
315.924023453331
 21
26.89925371608996
 31
0.0
  0
LINE
  5
D12
330
17
100
AcDbEntity
  8
隐藏线
100
AcDbLine
 10
315.924023453331
 20
26.89925371608996
 30
0.0
 11
316.0742684130404
 21
26.83344243564632
 31
0.0
  0
LINE
  5
D13
330
17
100
AcDbEntity
  8
隐藏线
100
AcDbLine
 10
316.0742684130404
 20
26.83344243564632
 30
0.0
 11
316.2167609145837
 21
26.748128327183675
 31
0.0
  0
LINE
  5
D14
330
17
100
AcDbEntity
  8
隐藏线
100
AcDbLine
 10
316.2167609145837
 20
26.748128327183675
 30
0.0
 11
316.35069343999123
 21
26.642431419447178
 31
0.0
  0
LINE
  5
D15
330
17
100
AcDbEntity
  8
隐藏线
100
AcDbLine
 10
316.35069343999123
 20
26.642431419447178
 30
0.0
 11
316.47525979870886
 21
26.515474535169584
 31
0.0
  0
LINE
  5
D16
330
17
100
AcDbEntity
  8
隐藏线
100
AcDbLine
 10
316.47525979870886
 20
26.515474535169584
 30
0.0
 11
316.5568486164669
 21
26.413282290853402
 31
0.0
  0
LINE
  5
D17
330
17
100
AcDbEntity
  8
隐藏线
100
AcDbLine
 10
316.5568486164669
 20
26.413282290853402
 30
0.0
 11
316.63349016812367
 21
26.300602790370476
 31
0.0
  0
LINE
  5
D18
330
17
100
AcDbEntity
  8
隐藏线
100
AcDbLine
 10
316.63349016812367
 20
26.300602790370476
 30
0.0
 11
316.7051769777202
 21
26.17770468296092
 31
0.0
  0
LINE
  5
D19
330
17
100
AcDbEntity
  8
隐藏线
100
AcDbLine
 10
316.7051769777202
 20
26.17770468296092
 30
0.0
 11
316.7719015692976
 21
26.04485661786484
 31
0.0
  0
LINE
  5
D1A
330
17
100
AcDbEntity
  8
隐藏线
100
AcDbLine
 10
316.7719015692976
 20
26.04485661786484
 30
0.0
 11
316.83365646689685
 21
25.902327244322354
 31
0.0
  0
LINE
  5
D1B
330
17
100
AcDbEntity
  8
隐藏线
100
AcDbLine
 10
316.83365646689685
 20
25.902327244322354
 30
0.0
 11
316.8904509552007
 21
25.750397358124772
 31
0.0
  0
LINE
  5
D1C
330
17
100
AcDbEntity
  8
隐藏线
100
AcDbLine
 10
316.8904509552007
 20
25.750397358124772
 30
0.0
 11
316.94243116195054
 21
25.589446926159827
 31
0.0
  0
LINE
  5
D1D
330
17
100
AcDbEntity
  8
隐藏线
100
AcDbLine
 10
316.94243116195054
 20
25.589446926159827
 30
0.0
 11
316.98981001934607
 21
25.419904328961238
 31
0.0
  0
LINE
  5
D1E
330
17
100
AcDbEntity
  8
隐藏线
100
AcDbLine
 10
316.98981001934607
 20
25.419904328961238
 30
0.0
 11
317.0340827244008
 21
25.236488075246275
 31
0.0
  0
LINE
  5
D1F
330
17
100
AcDbEntity
  8
隐藏线
100
AcDbLine
 10
317.0340827244008
 20
25.236488075246275
 30
0.0
 11
317.0739215700867
 21
25.044857790944313
 31
0.0
  0
LINE
  5
D20
330
17
100
AcDbEntity
  8
隐藏线
100
AcDbLine
 10
317.0739215700867
 20
25.044857790944313
 30
0.0
 11
317.1095608855536
 21
24.845483500059196
 31
0.0
  0
LINE
  5
D21
330
17
100
AcDbEntity
  8
隐藏线
100
AcDbLine
 10
317.1095608855536
 20
24.845483500059196
 30
0.0
 11
317.1412484938848
 21
24.638809778625138
 31
0.0
  0
LINE
  5
D22
330
17
100
AcDbEntity
  8
隐藏线
100
AcDbLine
 10
317.1412484938848
 20
24.638809778625138
 30
0.0
 11
317.16925418470925
 21
24.42523977635924
 31
0.0
  0
LINE
  5
D23
330
17
100
AcDbEntity
  8
隐藏线
100
AcDbLine
 10
317.16925418470925
 20
24.42523977635924
 30
0.0
 11
317.1938497656555
 21
24.20517283726891
 31
0.0
  0
LINE
  5
D24
330
17
100
AcDbEntity
  8
隐藏线
100
AcDbLine
 10
317.1938497656555
 20
24.20517283726891
 30
0.0
 11
317.2153070443521
 21
23.979008305361543
 31
0.0
  0
LINE
  5
D25
330
17
100
AcDbEntity
  8
隐藏线
100
AcDbLine
 10
317.2153070443521
 20
23.979008305361543
 30
0.0
 11
317.2338978284276
 21
23.74714552464453
 31
0.0
  0
LINE
  5
D26
330
17
100
AcDbEntity
  8
隐藏线
100
AcDbLine
 10
317.2338978284276
 20
23.74714552464453
 30
0.0
 11
317.2549004903809
 21
23.425968397211705
 31
0.0
  0
LINE
  5
D27
330
17
100
AcDbEntity
  8
隐藏线
100
AcDbLine
 10
317.2549004903809
 20
23.425968397211705
 30
0.0
 11
317.27171426127177
 21
23.09620710793866
 31
0.0
  0
LINE
  5
D28
330
17
100
AcDbEntity
  8
隐藏线
100
AcDbLine
 10
317.27171426127177
 20
23.09620710793866
 30
0.0
 11
317.2848689135608
 21
22.758928985898862
 31
0.0
  0
LINE
  5
D29
330
17
100
AcDbEntity
  8
隐藏线
100
AcDbLine
 10
317.2848689135608
 20
22.758928985898862
 30
0.0
 11
317.29489421815754
 21
22.415201361134567
 31
0.0
  0
LINE
  5
D2A
330
17
100
AcDbEntity
  8
隐藏线
100
AcDbLine
 10
317.29489421815754
 20
22.415201361134567
 30
0.0
 11
317.30227092960195
 21
22.06613418957032
 31
0.0
  0
LINE
  5
D2B
330
17
100
AcDbEntity
  8
隐藏线
100
AcDbLine
 10
317.30227092960195
 20
22.06613418957032
 30
0.0
 11
317.3072713906518
 21
21.71301866731895
 31
0.0
  0
LINE
  5
D2C
330
17
100
AcDbEntity
  8
隐藏线
100
AcDbLine
 10
317.3072713906518
 20
21.71301866731895
 30
0.0
 11
317.31011256263224
 21
21.35719415159621
 31
0.0
  0
LINE
  5
D2D
330
17
100
AcDbEntity
  8
隐藏线
100
AcDbLine
 10
317.31011256263224
 20
21.35719415159621
 30
0.0
 11
317.31101140642886
 21
21.0
 31
0.0
  0
LINE
  5
D2E
330
17
100
AcDbEntity
  8
隐藏线
100
AcDbLine
 10
318.9086975867674
 20
21.0
 30
0.0
 11
318.9093903996202
 21
21.29462714441686
 31
0.0
  0
LINE
  5
D2F
330
17
100
AcDbEntity
  8
隐藏线
100
AcDbLine
 10
318.9093903996202
 20
21.29462714441686
 30
0.0
 11
318.9102539867473
 21
21.586196484978355
 31
0.0
  0
LINE
  5
D30
330
17
100
AcDbEntity
  8
隐藏线
100
AcDbLine
 10
318.90937477918226
 20
21.871712511277867
 30
0.0
 11
318.9102539867473
 21
21.586196484978355
 31
0.0
  0
LINE
  5
D31
330
17
100
AcDbEntity
  8
隐藏线
100
AcDbLine
 10
318.903419251513
 20
22.148506378724182
 30
0.0
 11
318.90937477918226
 21
21.871712511277867
 31
0.0
  0
LINE
  5
D32
330
17
100
AcDbEntity
  8
隐藏线
100
AcDbLine
 10
318.8879310174104
 20
22.414167405421008
 30
0.0
 11
318.903419251513
 21
22.148506378724182
 31
0.0
  0
LINE
  5
D33
330
17
100
AcDbEntity
  8
隐藏线
100
AcDbLine
 10
318.8580090987493
 20
22.666344416120452
 30
0.0
 11
318.8879310174104
 21
22.414167405421008
 31
0.0
  0
LINE
  5
D34
330
17
100
AcDbEntity
  8
隐藏线
100
AcDbLine
 10
318.80777675824055
 20
22.902809915702928
 30
0.0
 11
318.8580090987493
 21
22.666344416120452
 31
0.0
  0
LINE
  5
D35
330
17
100
AcDbEntity
  8
隐藏线
100
AcDbLine
 10
318.7311848929081
 20
23.121324199475588
 30
0.0
 11
318.80777675824055
 21
22.902809915702928
 31
0.0
  0
LINE
  5
D36
330
17
100
AcDbEntity
  8
隐藏线
100
AcDbLine
 10
318.7261536554154
 20
23.132617537433315
 30
0.0
 11
318.7311848929081
 21
23.121324199475588
 31
0.0
  0
LINE
  5
D37
330
17
100
AcDbEntity
  8
隐藏线
100
AcDbLine
 10
318.71579865602
 20
23.155022140554923
 30
0.0
 11
318.7210252522468
 21
23.143850322978192
 31
0.0
  0
LINE
  5
D38
330
17
100
AcDbEntity
  8
隐藏线
100
AcDbLine
 10
318.7104728393523
 20
23.166132574608195
 30
0.0
 11
318.71579865602
 21
23.155022140554923
 31
0.0
  0
LINE
  5
D39
330
17
100
AcDbEntity
  8
隐藏线
100
AcDbLine
 10
318.69951943516395
 20
23.18816762992315
 30
0.0
 11
318.7050467748611
 21
23.177181209582706
 31
0.0
  0
LINE
  5
D3A
330
17
100
AcDbEntity
  8
隐藏线
100
AcDbLine
 10
318.6938897928783
 20
23.19909142007422
 30
0.0
 11
318.69951943516395
 21
23.18816762992315
 31
0.0
  0
LINE
  5
D3B
330
17
100
AcDbEntity
  8
隐藏线
100
AcDbLine
 10
318.55477254404485
 20
23.407906601378805
 30
0.0
 11
318.68815682062154
 21
23.20995216448061
 31
0.0
  0
LINE
  5
D3C
330
17
100
AcDbEntity
  8
隐藏线
100
AcDbLine
 10
318.37477881697873
 20
23.578964070322748
 30
0.0
 11
318.55477254404485
 21
23.407906601378805
 31
0.0
  0
LINE
  5
D3D
330
17
100
AcDbEntity
  8
隐藏线
100
AcDbLine
 10
318.1430883796795
 20
23.72093177529307
 30
0.0
 11
318.37477881697873
 21
23.578964070322748
 31
0.0
  0
LINE
  5
D3E
330
17
100
AcDbEntity
  8
隐藏线
100
AcDbLine
 10
317.8556246871729
 20
23.832024962621528
 30
0.0
 11
318.1430883796795
 21
23.72093177529307
 31
0.0
  0
LINE
  5
D3F
330
17
100
AcDbEntity
  8
隐藏线
100
AcDbLine
 10
317.51177769114673
 20
23.91259219359601
 30
0.0
 11
317.8556246871729
 21
23.832024962621528
 31
0.0
  0
LINE
  5
D40
330
17
100
AcDbEntity
  8
隐藏线
100
AcDbLine
 10
317.1138286076056
 20
23.96476786538626
 30
0.0
 11
317.51177769114673
 21
23.91259219359601
 31
0.0
  0
LINE
  5
D41
330
17
100
AcDbEntity
  8
隐藏线
100
AcDbLine
 10
316.6655018369221
 20
23.992088349693066
 30
0.0
 11
317.1138286076056
 21
23.96476786538626
 31
0.0
  0
LINE
  5
D42
330
17
100
AcDbEntity
  8
隐藏线
100
AcDbLine
 10
316.17247101558024
 20
24.0
 30
0.0
 11
316.6655018369221
 21
23.992088349693066
 31
0.0
  0
LINE
  5
D43
330
17
100
AcDbEntity
  8
隐藏线
100
AcDbLine
 10
317.30534082323095
 20
14.462237387045308
 30
0.0
 11
317.31101140642886
 21
14.4942906244144
 31
0.0
  0
LINE
  5
D44
330
17
100
AcDbEntity
  8
隐藏线
100
AcDbLine
 10
317.29969537198025
 20
14.432159447149397
 30
0.0
 11
317.30534082323095
 21
14.462237387045308
 31
0.0
  0
LINE
  5
D45
330
17
100
AcDbEntity
  8
隐藏线
100
AcDbLine
 10
317.2943133378381
 20
14.404878398899633
 30
0.0
 11
317.29969537198025
 21
14.432159447149397
 31
0.0
  0
LINE
  5
D46
330
17
100
AcDbEntity
  8
隐藏线
100
AcDbLine
 10
317.28078714708283
 20
14.341545751413348
 30
0.0
 11
317.28496201120225
 21
14.360381647492828
 31
0.0
  0
LINE
  5
D47
330
17
100
AcDbEntity
  8
隐藏线
100
AcDbLine
 10
315.9510687850052
 20
24.0
 30
0.0
 11
316.06207882449775
 21
24.0
 31
0.0
  0
LINE
  5
D48
330
17
100
AcDbEntity
  8
隐藏线
100
AcDbLine
 10
315.83947926369666
 20
24.0
 30
0.0
 11
315.9510687850052
 21
24.0
 31
0.0
  0
LINE
  5
D49
330
17
100
AcDbEntity
  8
隐藏线
100
AcDbLine
 10
315.72734881409286
 20
24.0
 30
0.0
 11
315.83947926369666
 21
24.0
 31
0.0
  0
LINE
  5
D4A
330
17
100
AcDbEntity
  8
隐藏线
100
AcDbLine
 10
315.6146785328366
 20
24.0
 30
0.0
 11
315.72734881409286
 21
24.0
 31
0.0
  0
LINE
  5
D4B
330
17
100
AcDbEntity
  8
隐藏线
100
AcDbLine
 10
315.5015527707988
 20
24.0
 30
0.0
 11
315.6146785328366
 21
24.0
 31
0.0
  0
LINE
  5
D4C
330
17
100
AcDbEntity
  8
隐藏线
100
AcDbLine
 10
315.3880106238253
 20
24.0
 30
0.0
 11
315.5015527707988
 21
24.0
 31
0.0
  0
LINE
  5
D4D
330
17
100
AcDbEntity
  8
隐藏线
100
AcDbLine
 10
315.2740913220531
 20
24.0
 30
0.0
 11
315.3880106238253
 21
24.0
 31
0.0
  0
LINE
  5
D4E
330
17
100
AcDbEntity
  8
隐藏线
100
AcDbLine
 10
315.1598103610273
 20
24.0
 30
0.0
 11
315.2740913220531
 21
24.0
 31
0.0
  0
LINE
  5
D4F
330
17
100
AcDbEntity
  8
隐藏线
100
AcDbLine
 10
315.0452389849654
 20
24.0
 30
0.0
 11
315.1598103610273
 21
24.0
 31
0.0
  0
LINE
  5
D50
330
17
100
AcDbEntity
  8
隐藏线
100
AcDbLine
 10
314.9304167873334
 20
24.0
 30
0.0
 11
315.0452389849654
 21
24.0
 31
0.0
  0
LINE
  5
D51
330
17
100
AcDbEntity
  8
隐藏线
100
AcDbLine
 10
314.81538344249145
 20
24.0
 30
0.0
 11
314.9304167873334
 21
24.0
 31
0.0
  0
LINE
  5
D52
330
17
100
AcDbEntity
  8
隐藏线
100
AcDbLine
 10
314.7001687234627
 20
24.0
 30
0.0
 11
314.81538344249145
 21
24.0
 31
0.0
  0
LINE
  5
D53
330
17
100
AcDbEntity
  8
隐藏线
100
AcDbLine
 10
314.58483037526463
 20
24.0
 30
0.0
 11
314.7001687234627
 21
24.0
 31
0.0
  0
LINE
  5
D54
330
17
100
AcDbEntity
  8
隐藏线
100
AcDbLine
 10
314.4694082544693
 20
24.0
 30
0.0
 11
314.58483037526463
 21
24.0
 31
0.0
  0
LINE
  5
D55
330
17
100
AcDbEntity
  8
隐藏线
100
AcDbLine
 10
314.3539422446667
 20
24.0
 30
0.0
 11
314.4694082544693
 21
24.0
 31
0.0
  0
LINE
  5
D56
330
17
100
AcDbEntity
  8
隐藏线
100
AcDbLine
 10
311.3539422446667
 20
24.0
 30
0.0
 11
314.3539422446667
 21
24.0
 31
0.0
  0
LINE
  5
D57
330
17
100
AcDbEntity
  8
隐藏线
100
AcDbLine
 10
308.3539422446667
 20
24.0
 30
0.0
 11
311.3539422446667
 21
24.0
 31
0.0
  0
LINE
  5
D58
330
17
100
AcDbEntity
  8
隐藏线
100
AcDbLine
 10
308.3539422446667
 20
24.0
 30
0.0
 11
308.3539422446667
 21
24.01532741647684
 31
0.0
  0
LINE
  5
D59
330
17
100
AcDbEntity
  8
隐藏线
100
AcDbLine
 10
308.3539422446667
 20
24.01532741647684
 30
0.0
 11
308.3539422446667
 21
24.05880160394991
 31
0.0
  0
LINE
  5
D5A
330
17
100
AcDbEntity
  8
隐藏线
100
AcDbLine
 10
308.3539422446667
 20
24.05880160394991
 30
0.0
 11
308.3539422446667
 21
24.130023527892252
 31
0.0
  0
LINE
  5
D5B
330
17
100
AcDbEntity
  8
隐藏线
100
AcDbLine
 10
308.3539422446667
 20
24.130023527892252
 30
0.0
 11
308.3539422446667
 21
24.22836140246614
 31
0.0
  0
LINE
  5
D5C
330
17
100
AcDbEntity
  8
隐藏线
100
AcDbLine
 10
308.3539422446667
 20
24.22836140246614
 30
0.0
 11
308.3539422446667
 21
24.355020649778492
 31
0.0
  0
LINE
  5
D5D
330
17
100
AcDbEntity
  8
隐藏线
100
AcDbLine
 10
308.3539422446667
 20
24.355020649778492
 30
0.0
 11
308.3539422446667
 21
24.50657239771869
 31
0.0
  0
LINE
  5
D5E
330
17
100
AcDbEntity
  8
隐藏线
100
AcDbLine
 10
308.3539422446667
 20
24.50657239771869
 30
0.0
 11
308.3539422446667
 21
24.681647540784564
 31
0.0
  0
LINE
  5
D5F
330
17
100
AcDbEntity
  8
隐藏线
100
AcDbLine
 10
308.3539422446667
 20
24.681647540784564
 30
0.0
 11
308.3539422446667
 21
24.87867965644036
 31
0.0
  0
LINE
  5
D60
330
17
100
AcDbEntity
  8
隐藏线
100
AcDbLine
 10
308.3539422446667
 20
24.87867965644036
 30
0.0
 11
308.3539422446667
 21
25.097388012353854
 31
0.0
  0
LINE
  5
D61
330
17
100
AcDbEntity
  8
隐藏线
100
AcDbLine
 10
308.3539422446667
 20
25.097388012353854
 30
0.0
 11
308.3539422446667
 21
25.33394494095729
 31
0.0
  0
LINE
  5
D62
330
17
100
AcDbEntity
  8
隐藏线
100
AcDbLine
 10
308.3539422446667
 20
25.33394494095729
 30
0.0
 11
308.3539422446667
 21
25.58621969967505
 31
0.0
  0
LINE
  5
D63
330
17
100
AcDbEntity
  8
隐藏线
100
AcDbLine
 10
308.3539422446667
 20
25.58621969967505
 30
0.0
 11
308.3539422446667
 21
25.851949702904733
 31
0.0
  0
LINE
  5
D64
330
17
100
AcDbEntity
  8
隐藏线
100
AcDbLine
 10
308.3539422446667
 20
25.851949702904733
 30
0.0
 11
308.3539422446667
 21
26.129410802827717
 31
0.0
  0
LINE
  5
D65
330
17
100
AcDbEntity
  8
隐藏线
100
AcDbLine
 10
308.3539422446667
 20
26.129410802827717
 30
0.0
 11
308.3539422446667
 21
26.414959264108425
 31
0.0
  0
LINE
  5
D66
330
17
100
AcDbEntity
  8
隐藏线
100
AcDbLine
 10
308.3539422446667
 20
26.414959264108425
 30
0.0
 11
308.3539422446667
 21
26.706027093339667
 31
0.0
  0
LINE
  5
D67
330
17
100
AcDbEntity
  8
隐藏线
100
AcDbLine
 10
308.3539422446667
 20
26.706027093339667
 30
0.0
 11
308.3539422446667
 21
27.0
 31
0.0
  0
LINE
  5
D68
330
17
100
AcDbEntity
  8
隐藏线
100
AcDbLine
 10
317.33861482779974
 20
33.0
 30
0.0
 11
317.3539422446667
 21
33.0
 31
0.0
  0
LINE
  5
D69
330
17
100
AcDbEntity
  8
隐藏线
100
AcDbLine
 10
317.295140639224
 20
33.0
 30
0.0
 11
317.33861482779974
 21
33.0
 31
0.0
  0
LINE
  5
D6A
330
17
100
AcDbEntity
  8
隐藏线
100
AcDbLine
 10
317.22391871348657
 20
33.0
 30
0.0
 11
317.295140639224
 21
33.0
 31
0.0
  0
LINE
  5
D6B
330
17
100
AcDbEntity
  8
隐藏线
100
AcDbLine
 10
317.12558083645735
 20
33.0
 30
0.0
 11
317.22391871348657
 21
33.0
 31
0.0
  0
LINE
  5
D6C
330
17
100
AcDbEntity
  8
隐藏线
100
AcDbLine
 10
316.9989215860275
 20
33.0
 30
0.0
 11
317.12558083645735
 21
33.0
 31
0.0
  0
LINE
  5
D6D
330
17
100
AcDbEntity
  8
隐藏线
100
AcDbLine
 10
316.84736983442116
 20
33.0
 30
0.0
 11
316.9989215860275
 21
33.0
 31
0.0
  0
LINE
  5
D6E
330
17
100
AcDbEntity
  8
隐藏线
100
AcDbLine
 10
316.6722946872084
 20
33.0
 30
0.0
 11
316.84736983442116
 21
33.0
 31
0.0
  0
LINE
  5
D6F
330
17
100
AcDbEntity
  8
隐藏线
100
AcDbLine
 10
316.4752625670022
 20
33.0
 30
0.0
 11
316.6722946872084
 21
33.0
 31
0.0
  0
LINE
  5
D70
330
17
100
AcDbEntity
  8
隐藏线
100
AcDbLine
 10
316.2565542120313
 20
33.0
 30
0.0
 11
316.4752625670022
 21
33.0
 31
0.0
  0
LINE
  5
D71
330
17
100
AcDbEntity
  8
隐藏线
100
AcDbLine
 10
316.01999728501573
 20
33.0
 30
0.0
 11
316.2565542120313
 21
33.0
 31
0.0
  0
LINE
  5
D72
330
17
100
AcDbEntity
  8
隐藏线
100
AcDbLine
 10
315.76772252846234
 20
33.0
 30
0.0
 11
316.01999728501573
 21
33.0
 31
0.0
  0
LINE
  5
D73
330
17
100
AcDbEntity
  8
隐藏线
100
AcDbLine
 10
315.5019925278966
 20
33.0
 30
0.0
 11
315.76772252846234
 21
33.0
 31
0.0
  0
LINE
  5
D74
330
17
100
AcDbEntity
  8
隐藏线
100
AcDbLine
 10
315.2245314310779
 20
33.0
 30
0.0
 11
315.5019925278966
 21
33.0
 31
0.0
  0
LINE
  5
D75
330
17
100
AcDbEntity
  8
隐藏线
100
AcDbLine
 10
314.9389829732074
 20
33.0
 30
0.0
 11
315.2245314310779
 21
33.0
 31
0.0
  0
LINE
  5
D76
330
17
100
AcDbEntity
  8
隐藏线
100
AcDbLine
 10
314.64791514759617
 20
33.0
 30
0.0
 11
314.9389829732074
 21
33.0
 31
0.0
  0
LINE
  5
D77
330
17
100
AcDbEntity
  8
隐藏线
100
AcDbLine
 10
314.3539422446667
 20
33.0
 30
0.0
 11
314.64791514759617
 21
33.0
 31
0.0
  0
LINE
  5
D78
330
17
100
AcDbEntity
  8
隐藏线
100
AcDbLine
 10
317.3539422446667
 20
24.0
 30
0.0
 11
317.3539422446667
 21
33.0
 31
0.0
  0
LINE
  5
D79
330
17
100
AcDbEntity
  8
隐藏线
100
AcDbLine
 10
317.3539422446667
 20
23.747145312207095
 30
0.0
 11
317.3539422446667
 21
24.0
 31
0.0
  0
LINE
  5
D7A
330
17
100
AcDbEntity
  8
隐藏线
100
AcDbLine
 10
317.3539422446667
 20
15.0
 30
0.0
 11
317.3539422446667
 21
23.747145312207095
 31
0.0
  0
LINE
  5
D7B
330
17
100
AcDbEntity
  8
隐藏线
100
AcDbLine
 10
317.31101140642886
 20
14.494290624414196
 30
0.0
 11
317.32101418753484
 21
14.55701344868606
 31
0.0
  0
LINE
  5
D7C
330
17
100
AcDbEntity
  8
隐藏线
100
AcDbLine
 10
317.32101418753484
 20
14.55701344868606
 30
0.0
 11
317.3297139197622
 21
14.619929476588126
 31
0.0
  0
LINE
  5
D7D
330
17
100
AcDbEntity
  8
隐藏线
100
AcDbLine
 10
317.3297139197622
 20
14.619929476588126
 30
0.0
 11
317.33710698311285
 21
14.68301239441929
 31
0.0
  0
LINE
  5
D7E
330
17
100
AcDbEntity
  8
隐藏线
100
AcDbLine
 10
317.33710698311285
 20
14.68301239441929
 30
0.0
 11
317.34319026760545
 21
14.746235823338285
 31
0.0
  0
LINE
  5
D7F
330
17
100
AcDbEntity
  8
隐藏线
100
AcDbLine
 10
317.34319026760545
 20
14.746235823338285
 30
0.0
 11
317.3478515968674
 21
14.809579965324783
 31
0.0
  0
LINE
  5
D80
330
17
100
AcDbEntity
  8
隐藏线
100
AcDbLine
 10
317.3478515968674
 20
14.809579965324783
 30
0.0
 11
317.3511982046478
 21
14.873006396125867
 31
0.0
  0
LINE
  5
D81
330
17
100
AcDbEntity
  8
隐藏线
100
AcDbLine
 10
317.3511982046478
 20
14.873006396125867
 30
0.0
 11
317.35322870974767
 21
14.93648859013994
 31
0.0
  0
LINE
  5
D82
330
17
100
AcDbEntity
  8
隐藏线
100
AcDbLine
 10
317.35322870974767
 20
14.93648859013994
 30
0.0
 11
317.3539422446667
 21
15.0
 31
0.0
  0
LINE
  5
D83
330
17
100
AcDbEntity
  8
隐藏线
100
AcDbLine
 10
308.3539422446667
 20
27.0
 30
0.0
 11
308.3539422446667
 21
30.0
 31
0.0
  0
LINE
  5
D84
330
17
100
AcDbEntity
  8
隐藏线
100
AcDbLine
 10
308.3539422446667
 20
30.0
 30
0.0
 11
308.3539422446667
 21
33.0
 31
0.0
  0
LINE
  5
D85
330
17
100
AcDbEntity
  8
隐藏线
100
AcDbLine
 10
329.83657265751236
 20
24.0
 30
0.0
 11
329.84062664505086
 21
24.0
 31
0.0
  0
LINE
  5
D86
330
17
100
AcDbEntity
  8
隐藏线
100
AcDbLine
 10
329.79455314760594
 20
24.0
 30
0.0
 11
329.8539422446667
 21
24.0
 31
0.0
  0
LINE
  5
D87
330
17
100
AcDbEntity
  8
隐藏线
100
AcDbLine
 10
329.62582289428855
 20
24.0
 30
0.0
 11
329.79455314760594
 21
24.0
 31
0.0
  0
LINE
  5
D88
330
17
100
AcDbEntity
  8
隐藏线
100
AcDbLine
 10
329.3485515366393
 20
24.0
 30
0.0
 11
329.62582289428855
 21
24.0
 31
0.0
  0
LINE
  5
D89
330
17
100
AcDbEntity
  8
隐藏线
100
AcDbLine
 10
328.96400938639175
 20
24.0
 30
0.0
 11
329.3485515366393
 21
24.0
 31
0.0
  0
LINE
  5
D8A
330
17
100
AcDbEntity
  8
隐藏线
100
AcDbLine
 10
328.4653870250358
 20
24.0
 30
0.0
 11
328.96400938639175
 21
24.0
 31
0.0
  0
LINE
  5
D8B
330
17
100
AcDbEntity
  8
隐藏线
100
AcDbLine
 10
327.8640025915617
 20
24.0
 30
0.0
 11
328.4653870250358
 21
24.0
 31
0.0
  0
LINE
  5
D8C
330
17
100
AcDbEntity
  8
隐藏线
100
AcDbLine
 10
327.16266321333075
 20
24.0
 30
0.0
 11
327.8640025915617
 21
24.0
 31
0.0
  0
LINE
  5
D8D
330
17
100
AcDbEntity
  8
隐藏线
100
AcDbLine
 10
326.36460907754355
 20
24.0
 30
0.0
 11
327.16266321333075
 21
24.0
 31
0.0
  0
LINE
  5
D8E
330
17
100
AcDbEntity
  8
隐藏线
100
AcDbLine
 10
325.4000378210323
 20
24.0
 30
0.0
 11
326.36460907754355
 21
24.0
 31
0.0
  0
LINE
  5
D8F
330
17
100
AcDbEntity
  8
隐藏线
100
AcDbLine
 10
324.3351174342522
 20
24.0
 30
0.0
 11
325.4000378210323
 21
24.0
 31
0.0
  0
LINE
  5
D90
330
17
100
AcDbEntity
  8
隐藏线
100
AcDbLine
 10
323.17552022980664
 20
24.0
 30
0.0
 11
324.3351174342522
 21
24.0
 31
0.0
  0
LINE
  5
D91
330
17
100
AcDbEntity
  8
隐藏线
100
AcDbLine
 10
321.92738780275033
 20
24.0
 30
0.0
 11
323.17552022980664
 21
24.0
 31
0.0
  0
LINE
  5
D92
330
17
100
AcDbEntity
  8
隐藏线
100
AcDbLine
 10
320.59124203925313
 20
24.0
 30
0.0
 11
321.92738780275033
 21
24.0
 31
0.0
  0
LINE
  5
D93
330
17
100
AcDbEntity
  8
隐藏线
100
AcDbLine
 10
319.18165439280256
 20
24.0
 30
0.0
 11
320.59124203925313
 21
24.0
 31
0.0
  0
LINE
  5
D94
330
17
100
AcDbEntity
  8
隐藏线
100
AcDbLine
 10
317.70612253848964
 20
24.0
 30
0.0
 11
319.18165439280256
 21
24.0
 31
0.0
  0
LINE
  5
D95
330
17
100
AcDbEntity
  8
隐藏线
100
AcDbLine
 10
316.17247101557643
 20
24.0
 30
0.0
 11
317.70612253848964
 21
24.0
 31
0.0
  0
LINE
  5
D96
330
17
100
AcDbEntity
  8
隐藏线
100
AcDbLine
 10
326.8148395929454
 20
24.0
 30
0.0
 11
327.0886956070535
 21
24.0
 31
0.0
  0
LINE
  5
D97
330
17
100
AcDbEntity
  8
隐藏线
100
AcDbLine
 10
327.0886956070535
 20
24.0
 30
0.0
 11
328.80375931407866
 21
24.0
 31
0.0
  0
LINE
  5
D98
330
17
100
AcDbEntity
  8
隐藏线
100
AcDbLine
 10
328.80375931407866
 20
24.0
 30
0.0
 11
329.8365726575124
 21
24.0
 31
0.0
  0
LINE
  5
D99
330
17
100
AcDbEntity
  8
隐藏线
100
AcDbLine
 10
287.89304489638806
 20
24.0
 30
0.0
 11
289.5977822505394
 21
24.0
 31
0.0
  0
LINE
  5
D9A
330
17
100
AcDbEntity
  8
隐藏线
100
AcDbLine
 10
289.5977822505394
 20
24.0
 30
0.0
 11
291.5773429054646
 21
24.0
 31
0.0
  0
LINE
  5
D9B
330
17
100
AcDbEntity
  8
隐藏线
100
AcDbLine
 10
291.5773429054646
 20
24.0
 30
0.0
 11
293.80227093570386
 21
24.0
 31
0.0
  0
LINE
  5
D9C
330
17
100
AcDbEntity
  8
隐藏线
100
AcDbLine
 10
293.80227093570386
 20
24.0
 30
0.0
 11
296.2397168563607
 21
24.0
 31
0.0
  0
LINE
  5
D9D
330
17
100
AcDbEntity
  8
隐藏线
100
AcDbLine
 10
296.2397168563607
 20
24.0
 30
0.0
 11
298.8643603129177
 21
24.0
 31
0.0
  0
LINE
  5
D9E
330
17
100
AcDbEntity
  8
隐藏线
100
AcDbLine
 10
298.8643603129177
 20
24.0
 30
0.0
 11
301.61906155661364
 21
24.0
 31
0.0
  0
LINE
  5
D9F
330
17
100
AcDbEntity
  8
隐藏线
100
AcDbLine
 10
301.61906155661364
 20
24.0
 30
0.0
 11
304.46295519164266
 21
24.0
 31
0.0
  0
LINE
  5
DA0
330
17
100
AcDbEntity
  8
隐藏线
100
AcDbLine
 10
304.46295519164266
 20
24.0
 30
0.0
 11
307.3539422446667
 21
24.0
 31
0.0
  0
LINE
  5
DA1
330
17
100
AcDbEntity
  8
隐藏线
100
AcDbLine
 10
307.3539422446667
 20
24.0
 30
0.0
 11
310.2449292976908
 21
24.0
 31
0.0
  0
LINE
  5
DA2
330
17
100
AcDbEntity
  8
隐藏线
100
AcDbLine
 10
310.2449292976908
 20
24.0
 30
0.0
 11
313.08882293271984
 21
24.0
 31
0.0
  0
LINE
  5
DA3
330
17
100
AcDbEntity
  8
隐藏线
100
AcDbLine
 10
313.08882293271984
 20
24.0
 30
0.0
 11
315.84352417641577
 21
24.0
 31
0.0
  0
LINE
  5
DA4
330
17
100
AcDbEntity
  8
隐藏线
100
AcDbLine
 10
315.84352417641577
 20
24.0
 30
0.0
 11
318.4681676329728
 21
24.0
 31
0.0
  0
LINE
  5
DA5
330
17
100
AcDbEntity
  8
隐藏线
100
AcDbLine
 10
318.4681676329728
 20
24.0
 30
0.0
 11
320.9056135536296
 21
24.0
 31
0.0
  0
LINE
  5
DA6
330
17
100
AcDbEntity
  8
隐藏线
100
AcDbLine
 10
320.9056135536296
 20
24.0
 30
0.0
 11
323.1305415838689
 21
24.0
 31
0.0
  0
LINE
  5
DA7
330
17
100
AcDbEntity
  8
隐藏线
100
AcDbLine
 10
323.1305415838689
 20
24.0
 30
0.0
 11
325.11010223879407
 21
24.0
 31
0.0
  0
LINE
  5
DA8
330
17
100
AcDbEntity
  8
隐藏线
100
AcDbLine
 10
325.11010223879407
 20
24.0
 30
0.0
 11
326.8148395929454
 21
24.0
 31
0.0
  0
LINE
  5
DA9
330
17
100
AcDbEntity
  8
隐藏线
100
AcDbLine
 10
284.871311831821
 20
24.0
 30
0.0
 11
285.90412517525476
 21
24.0
 31
0.0
  0
LINE
  5
DAA
330
17
100
AcDbEntity
  8
隐藏线
100
AcDbLine
 10
285.90412517525476
 20
24.0
 30
0.0
 11
287.6191888822799
 21
24.0
 31
0.0
  0
LINE
  5
DAB
330
17
100
AcDbEntity
  8
隐藏线
100
AcDbLine
 10
287.6191888822799
 20
24.0
 30
0.0
 11
287.893044896388
 21
24.0
 31
0.0
  0
LINE
  5
DAC
330
17
100
AcDbEntity
  8
隐藏线
100
AcDbLine
 10
295.6974603936204
 20
24.0
 30
0.0
 11
297.0907843499301
 21
24.0
 31
0.0
  0
LINE
  5
DAD
330
17
100
AcDbEntity
  8
隐藏线
100
AcDbLine
 10
294.3620416342373
 20
24.0
 30
0.0
 11
295.6974603936204
 21
24.0
 31
0.0
  0
LINE
  5
DAE
330
17
100
AcDbEntity
  8
隐藏线
100
AcDbLine
 10
293.0908016218709
 20
24.0
 30
0.0
 11
294.3620416342373
 21
24.0
 31
0.0
  0
LINE
  5
DAF
330
17
100
AcDbEntity
  8
隐藏线
100
AcDbLine
 10
291.8897320573754
 20
24.0
 30
0.0
 11
293.0908016218709
 21
24.0
 31
0.0
  0
LINE
  5
DB0
330
17
100
AcDbEntity
  8
隐藏线
100
AcDbLine
 10
290.7714114493601
 20
24.0
 30
0.0
 11
291.8897320573754
 21
24.0
 31
0.0
  0
LINE
  5
DB1
330
17
100
AcDbEntity
  8
隐藏线
100
AcDbLine
 10
289.7352636400814
 20
24.0
 30
0.0
 11
290.7714114493601
 21
24.0
 31
0.0
  0
LINE
  5
DB2
330
17
100
AcDbEntity
  8
隐藏线
100
AcDbLine
 10
288.78615041880033
 20
24.0
 30
0.0
 11
289.7352636400814
 21
24.0
 31
0.0
  0
LINE
  5
DB3
330
17
100
AcDbEntity
  8
隐藏线
100
AcDbLine
 10
287.9285513511711
 20
24.0
 30
0.0
 11
288.78615041880033
 21
24.0
 31
0.0
  0
LINE
  5
DB4
330
17
100
AcDbEntity
  8
隐藏线
100
AcDbLine
 10
287.22357647673545
 20
24.0
 30
0.0
 11
287.9285513511711
 21
24.0
 31
0.0
  0
LINE
  5
DB5
330
17
100
AcDbEntity
  8
隐藏线
100
AcDbLine
 10
286.60490782398966
 20
24.0
 30
0.0
 11
287.22357647673545
 21
24.0
 31
0.0
  0
LINE
  5
DB6
330
17
100
AcDbEntity
  8
隐藏线
100
AcDbLine
 10
286.07505575367276
 20
24.0
 30
0.0
 11
286.60490782398966
 21
24.0
 31
0.0
  0
LINE
  5
DB7
330
17
100
AcDbEntity
  8
隐藏线
100
AcDbLine
 10
285.63619264780874
 20
24.0
 30
0.0
 11
286.07505575367276
 21
24.0
 31
0.0
  0
LINE
  5
DB8
330
17
100
AcDbEntity
  8
隐藏线
100
AcDbLine
 10
285.29803044182034
 20
24.0
 30
0.0
 11
285.63619264780874
 21
24.0
 31
0.0
  0
LINE
  5
DB9
330
17
100
AcDbEntity
  8
隐藏线
100
AcDbLine
 10
285.0543414496035
 20
24.0
 30
0.0
 11
285.29803044182034
 21
24.0
 31
0.0
  0
LINE
  5
DBA
330
17
100
AcDbEntity
  8
隐藏线
100
AcDbLine
 10
284.90610626463337
 20
24.0
 30
0.0
 11
285.0543414496035
 21
24.0
 31
0.0
  0
LINE
  5
DBB
330
17
100
AcDbEntity
  8
隐藏线
100
AcDbLine
 10
284.8539422446667
 20
24.0
 30
0.0
 11
284.90610626463337
 21
24.0
 31
0.0
  0
LINE
  5
DBC
330
17
100
AcDbEntity
  8
隐藏线
100
AcDbLine
 10
284.8539422446667
 20
24.0
 30
0.0
 11
284.85423029713223
 21
24.0
 31
0.0
  0
LINE
  5
DBD
330
17
100
AcDbEntity
  8
隐藏线
100
AcDbLine
 10
299.93607347412905
 20
24.0
 30
0.0
 11
300.0357944720283
 21
24.0
 31
0.0
  0
LINE
  5
DBE
330
17
100
AcDbEntity
  8
隐藏线
100
AcDbLine
 10
299.8237005000084
 20
24.0
 30
0.0
 11
299.93607347412905
 21
24.0
 31
0.0
  0
LINE
  5
DBF
330
17
100
AcDbEntity
  8
隐藏线
100
AcDbLine
 10
299.6989192413824
 20
24.0
 30
0.0
 11
299.8237005000084
 21
24.0
 31
0.0
  0
LINE
  5
DC0
330
17
100
AcDbEntity
  8
隐藏线
100
AcDbLine
 10
299.56199841243836
 20
24.0
 30
0.0
 11
299.6989192413824
 21
24.0
 31
0.0
  0
LINE
  5
DC1
330
17
100
AcDbEntity
  8
隐藏线
100
AcDbLine
 10
299.41227904677936
 20
24.0
 30
0.0
 11
299.56199841243836
 21
24.0
 31
0.0
  0
LINE
  5
DC2
330
17
100
AcDbEntity
  8
隐藏线
100
AcDbLine
 10
299.2511013044314
 20
24.0
 30
0.0
 11
299.41227904677936
 21
24.0
 31
0.0
  0
LINE
  5
DC3
330
17
100
AcDbEntity
  8
隐藏线
100
AcDbLine
 10
299.07881423328956
 20
24.0
 30
0.0
 11
299.2511013044314
 21
24.0
 31
0.0
  0
LINE
  5
DC4
330
17
100
AcDbEntity
  8
隐藏线
100
AcDbLine
 10
298.8957892842541
 20
24.0
 30
0.0
 11
299.07881423328956
 21
24.0
 31
0.0
  0
LINE
  5
DC5
330
17
100
AcDbEntity
  8
隐藏线
100
AcDbLine
 10
298.70160297400867
 20
24.0
 30
0.0
 11
298.8957892842541
 21
24.0
 31
0.0
  0
LINE
  5
DC6
330
17
100
AcDbEntity
  8
隐藏线
100
AcDbLine
 10
298.4975752194873
 20
24.0
 30
0.0
 11
298.70160297400867
 21
24.0
 31
0.0
  0
LINE
  5
DC7
330
17
100
AcDbEntity
  8
隐藏线
100
AcDbLine
 10
298.2841475290936
 20
24.0
 30
0.0
 11
298.4975752194873
 21
24.0
 31
0.0
  0
LINE
  5
DC8
330
17
100
AcDbEntity
  8
隐藏线
100
AcDbLine
 10
298.0617803670849
 20
24.0
 30
0.0
 11
298.2841475290936
 21
24.0
 31
0.0
  0
LINE
  5
DC9
330
17
100
AcDbEntity
  8
隐藏线
100
AcDbLine
 10
297.83030137893337
 20
24.0
 30
0.0
 11
298.0617803670849
 21
24.0
 31
0.0
  0
LINE
  5
DCA
330
17
100
AcDbEntity
  8
隐藏线
100
AcDbLine
 10
297.5909614737864
 20
24.0
 30
0.0
 11
297.83030137893337
 21
24.0
 31
0.0
  0
LINE
  5
DCB
330
17
100
AcDbEntity
  8
隐藏线
100
AcDbLine
 10
297.3442783089067
 20
24.0
 30
0.0
 11
297.5909614737864
 21
24.0
 31
0.0
  0
LINE
  5
DCC
330
17
100
AcDbEntity
  8
隐藏线
100
AcDbLine
 10
297.09078434993006
 20
24.0
 30
0.0
 11
297.3442783089067
 21
24.0
 31
0.0
  0
LINE
  5
DCD
330
17
100
AcDbEntity
  8
隐藏线
100
AcDbLine
 10
300.03579447202816
 20
24.0
 30
0.0
 11
300.0754416018441
 21
24.0
 31
0.0
  0
LINE
  5
DCE
330
17
100
AcDbEntity
  8
隐藏线
100
AcDbLine
 10
300.0754416018441
 20
24.0
 30
0.0
 11
300.1151365263794
 21
24.0
 31
0.0
  0
LINE
  5
DCF
330
17
100
AcDbEntity
  8
隐藏线
100
AcDbLine
 10
300.1151365263794
 20
24.0
 30
0.0
 11
300.15487271324594
 21
24.0
 31
0.0
  0
LINE
  5
DD0
330
17
100
AcDbEntity
  8
隐藏线
100
AcDbLine
 10
300.1946436237184
 20
24.0
 30
0.0
 11
300.23444435240015
 21
24.0
 31
0.0
  0
LINE
  5
DD1
330
17
100
AcDbEntity
  8
隐藏线
100
AcDbLine
 10
300.23444435240015
 20
24.0
 30
0.0
 11
300.2742654011326
 21
24.0
 31
0.0
  0
LINE
  5
DD2
330
17
100
AcDbEntity
  8
隐藏线
100
AcDbLine
 10
300.2742654011326
 20
24.0
 30
0.0
 11
300.31410021692363
 21
24.0
 31
0.0
  0
LINE
  5
DD3
330
17
100
AcDbEntity
  8
隐藏线
100
AcDbLine
 10
300.31410021692363
 20
24.0
 30
0.0
 11
300.3539422446667
 21
24.0
 31
0.0
  0
LINE
  5
DD4
330
17
100
AcDbEntity
  8
隐藏线
100
AcDbLine
 10
300.3539422446667
 20
24.0
 30
0.0
 11
303.3539422446667
 21
24.0
 31
0.0
  0
LINE
  5
DD5
330
17
100
AcDbEntity
  8
隐藏线
100
AcDbLine
 10
303.3539422446667
 20
24.0
 30
0.0
 11
306.3539422446667
 21
24.0
 31
0.0
  0
LINE
  5
DD6
330
17
100
AcDbEntity
  8
隐藏线
100
AcDbLine
 10
303.44141963777815
 20
24.0
 30
0.0
 11
306.35394224466677
 21
24.0
 31
0.0
  0
LINE
  5
DD7
330
17
100
AcDbEntity
  8
隐藏线
100
AcDbLine
 10
300.6692551379105
 20
24.0
 30
0.0
 11
303.44141963777815
 21
24.0
 31
0.0
  0
LINE
  5
DD8
330
17
100
AcDbEntity
  8
隐藏线
100
AcDbLine
 10
298.1288026495001
 20
24.0
 30
0.0
 11
300.6692551379105
 21
24.0
 31
0.0
  0
LINE
  5
DD9
330
17
100
AcDbEntity
  8
隐藏线
100
AcDbLine
 10
295.9042697602679
 20
24.0
 30
0.0
 11
298.1288026495001
 21
24.0
 31
0.0
  0
LINE
  5
DDA
330
17
100
AcDbEntity
  8
隐藏线
100
AcDbLine
 10
294.10937181995047
 20
24.0
 30
0.0
 11
295.9042697602679
 21
24.0
 31
0.0
  0
LINE
  5
DDB
330
17
100
AcDbEntity
  8
隐藏线
100
AcDbLine
 10
292.7762844117765
 20
24.0
 30
0.0
 11
294.10937181995047
 21
24.0
 31
0.0
  0
LINE
  5
DDC
330
17
100
AcDbEntity
  8
隐藏线
100
AcDbLine
 10
291.94850388855446
 20
24.0
 30
0.0
 11
292.7762844117765
 21
24.0
 31
0.0
  0
LINE
  5
DDD
330
17
100
AcDbEntity
  8
隐藏线
100
AcDbLine
 10
291.6539422446667
 20
24.0
 30
0.0
 11
291.94850388855446
 21
24.0
 31
0.0
  0
LINE
  5
DDE
330
17
100
AcDbEntity
  8
隐藏线
100
AcDbLine
 10
291.9738456548948
 20
24.0
 30
0.0
 11
292.871852488712
 21
24.0
 31
0.0
  0
LINE
  5
DDF
330
17
100
AcDbEntity
  8
隐藏线
100
AcDbLine
 10
292.871852488712
 20
24.0
 30
0.0
 11
294.31507623006667
 21
24.0
 31
0.0
  0
LINE
  5
DE0
330
17
100
AcDbEntity
  8
隐藏线
100
AcDbLine
 10
294.31507623006667
 20
24.0
 30
0.0
 11
296.2523657800379
 21
24.0
 31
0.0
  0
LINE
  5
DE1
330
17
100
AcDbEntity
  8
隐藏线
100
AcDbLine
 10
296.2523657800379
 20
24.0
 30
0.0
 11
298.6420670714031
 21
24.0
 31
0.0
  0
LINE
  5
DE2
330
17
100
AcDbEntity
  8
隐藏线
100
AcDbLine
 10
298.6420670714031
 20
24.0
 30
0.0
 11
301.3552642562458
 21
24.0
 31
0.0
  0
LINE
  5
DE3
330
17
100
AcDbEntity
  8
隐藏线
100
AcDbLine
 10
301.3552642562458
 20
24.0
 30
0.0
 11
304.29429767862564
 21
24.0
 31
0.0
  0
LINE
  5
DE4
330
17
100
AcDbEntity
  8
隐藏线
100
AcDbLine
 10
304.29429767862564
 20
24.0
 30
0.0
 11
307.3539422446667
 21
24.0
 31
0.0
  0
LINE
  5
DE5
330
17
100
AcDbEntity
  8
隐藏线
100
AcDbLine
 10
307.3539422446667
 20
24.0
 30
0.0
 11
310.4135868107078
 21
24.0
 31
0.0
  0
LINE
  5
DE6
330
17
100
AcDbEntity
  8
隐藏线
100
AcDbLine
 10
310.4135868107078
 20
24.0
 30
0.0
 11
313.35262023308763
 21
24.0
 31
0.0
  0
LINE
  5
DE7
330
17
100
AcDbEntity
  8
隐藏线
100
AcDbLine
 10
313.35262023308763
 20
24.0
 30
0.0
 11
316.0658174179303
 21
24.0
 31
0.0
  0
LINE
  5
DE8
330
17
100
AcDbEntity
  8
隐藏线
100
AcDbLine
 10
316.0658174179303
 20
24.0
 30
0.0
 11
318.4555187092955
 21
24.0
 31
0.0
  0
LINE
  5
DE9
330
17
100
AcDbEntity
  8
隐藏线
100
AcDbLine
 10
318.4555187092955
 20
24.0
 30
0.0
 11
320.39280825926676
 21
24.0
 31
0.0
  0
LINE
  5
DEA
330
17
100
AcDbEntity
  8
隐藏线
100
AcDbLine
 10
320.39280825926676
 20
24.0
 30
0.0
 11
321.8360320006214
 21
24.0
 31
0.0
  0
LINE
  5
DEB
330
17
100
AcDbEntity
  8
隐藏线
100
AcDbLine
 10
321.8360320006214
 20
24.0
 30
0.0
 11
322.73403883443865
 21
24.0
 31
0.0
  0
LINE
  5
DEC
330
17
100
AcDbEntity
  8
隐藏线
100
AcDbLine
 10
322.73403883443865
 20
24.0
 30
0.0
 11
323.0539422446667
 21
24.0
 31
0.0
  0
LINE
  5
DED
330
17
100
AcDbEntity
  8
隐藏线
100
AcDbLine
 10
321.93160007755694
 20
24.0
 30
0.0
 11
322.75938060077897
 21
24.0
 31
0.0
  0
LINE
  5
DEE
330
17
100
AcDbEntity
  8
隐藏线
100
AcDbLine
 10
318.80361472906554
 20
24.0
 30
0.0
 11
320.59851266938296
 21
24.0
 31
0.0
  0
LINE
  5
DEF
330
17
100
AcDbEntity
  8
隐藏线
100
AcDbLine
 10
316.57908183983335
 20
24.0
 30
0.0
 11
318.80361472906554
 21
24.0
 31
0.0
  0
LINE
  5
DF0
330
17
100
AcDbEntity
  8
隐藏线
100
AcDbLine
 10
314.0386293514229
 20
24.0
 30
0.0
 11
316.57908183983335
 21
24.0
 31
0.0
  0
LINE
  5
DF1
330
17
100
AcDbEntity
  8
隐藏线
100
AcDbLine
 10
311.26646485155527
 20
24.0
 30
0.0
 11
314.0386293514229
 21
24.0
 31
0.0
  0
LINE
  5
DF2
330
17
100
AcDbEntity
  8
隐藏线
100
AcDbLine
 10
308.3539422446667
 20
24.0
 30
0.0
 11
311.26646485155527
 21
24.0
 31
0.0
  0
LINE
  5
DF3
330
17
100
AcDbEntity
  8
隐藏线
100
AcDbLine
 10
306.3539422446667
 20
35.98467258352316
 30
0.0
 11
306.3539422446667
 21
36.0
 31
0.0
  0
LINE
  5
DF4
330
17
100
AcDbEntity
  8
隐藏线
100
AcDbLine
 10
306.3539422446667
 20
35.94119839605009
 30
0.0
 11
306.3539422446667
 21
35.98467258352316
 31
0.0
  0
LINE
  5
DF5
330
17
100
AcDbEntity
  8
隐藏线
100
AcDbLine
 10
306.3539422446667
 20
35.86997647210775
 30
0.0
 11
306.3539422446667
 21
35.94119839605009
 31
0.0
  0
LINE
  5
DF6
330
17
100
AcDbEntity
  8
隐藏线
100
AcDbLine
 10
306.3539422446667
 20
35.771638597533865
 30
0.0
 11
306.3539422446667
 21
35.86997647210775
 31
0.0
  0
LINE
  5
DF7
330
17
100
AcDbEntity
  8
隐藏线
100
AcDbLine
 10
306.3539422446667
 20
35.64497935022151
 30
0.0
 11
306.3539422446667
 21
35.771638597533865
 31
0.0
  0
LINE
  5
DF8
330
17
100
AcDbEntity
  8
隐藏线
100
AcDbLine
 10
306.3539422446667
 20
35.49342760228132
 30
0.0
 11
306.3539422446667
 21
35.64497935022151
 31
0.0
  0
LINE
  5
DF9
330
17
100
AcDbEntity
  8
隐藏线
100
AcDbLine
 10
306.3539422446667
 20
35.31835245921545
 30
0.0
 11
306.3539422446667
 21
35.49342760228132
 31
0.0
  0
LINE
  5
DFA
330
17
100
AcDbEntity
  8
隐藏线
100
AcDbLine
 10
306.3539422446667
 20
35.12132034355965
 30
0.0
 11
306.3539422446667
 21
35.31835245921545
 31
0.0
  0
LINE
  5
DFB
330
17
100
AcDbEntity
  8
隐藏线
100
AcDbLine
 10
306.3539422446667
 20
34.90261198764616
 30
0.0
 11
306.3539422446667
 21
35.12132034355965
 31
0.0
  0
LINE
  5
DFC
330
17
100
AcDbEntity
  8
隐藏线
100
AcDbLine
 10
306.3539422446667
 20
34.66605505904272
 30
0.0
 11
306.3539422446667
 21
34.90261198764616
 31
0.0
  0
LINE
  5
DFD
330
17
100
AcDbEntity
  8
隐藏线
100
AcDbLine
 10
306.3539422446667
 20
34.41378030032496
 30
0.0
 11
306.3539422446667
 21
34.66605505904272
 31
0.0
  0
LINE
  5
DFE
330
17
100
AcDbEntity
  8
隐藏线
100
AcDbLine
 10
306.3539422446667
 20
34.14805029709527
 30
0.0
 11
306.3539422446667
 21
34.41378030032496
 31
0.0
  0
LINE
  5
DFF
330
17
100
AcDbEntity
  8
隐藏线
100
AcDbLine
 10
306.3539422446667
 20
33.87058919717229
 30
0.0
 11
306.3539422446667
 21
34.14805029709527
 31
0.0
  0
LINE
  5
E00
330
17
100
AcDbEntity
  8
隐藏线
100
AcDbLine
 10
306.3539422446667
 20
33.58504073589158
 30
0.0
 11
306.3539422446667
 21
33.87058919717229
 31
0.0
  0
LINE
  5
E01
330
17
100
AcDbEntity
  8
隐藏线
100
AcDbLine
 10
306.3539422446667
 20
33.293972906660336
 30
0.0
 11
306.3539422446667
 21
33.58504073589158
 31
0.0
  0
LINE
  5
E02
330
17
100
AcDbEntity
  8
隐藏线
100
AcDbLine
 10
306.3539422446667
 20
33.0
 30
0.0
 11
306.3539422446667
 21
33.293972906660336
 31
0.0
  0
LINE
  5
E03
330
17
100
AcDbEntity
  8
隐藏线
100
AcDbLine
 10
300.3539422446667
 20
33.0
 30
0.0
 11
300.3539422446667
 21
33.24330112558067
 31
0.0
  0
LINE
  5
E04
330
17
100
AcDbEntity
  8
隐藏线
100
AcDbLine
 10
300.3539422446667
 20
33.24330112558067
 30
0.0
 11
300.3539422446667
 21
33.484956820326914
 31
0.0
  0
LINE
  5
E05
330
17
100
AcDbEntity
  8
隐藏线
100
AcDbLine
 10
300.3539422446667
 20
33.484956820326914
 30
0.0
 11
300.3539422446667
 21
33.72348158288841
 31
0.0
  0
LINE
  5
E06
330
17
100
AcDbEntity
  8
隐藏线
100
AcDbLine
 10
300.3539422446667
 20
33.72348158288841
 30
0.0
 11
300.3539422446667
 21
33.95740788280684
 31
0.0
  0
LINE
  5
E07
330
17
100
AcDbEntity
  8
隐藏线
100
AcDbLine
 10
300.3539422446667
 20
33.95740788280684
 30
0.0
 11
300.3539422446667
 21
34.184638887432
 31
0.0
  0
LINE
  5
E08
330
17
100
AcDbEntity
  8
隐藏线
100
AcDbLine
 10
300.3539422446667
 20
34.184638887432
 30
0.0
 11
300.3539422446667
 21
34.40415265038417
 31
0.0
  0
LINE
  5
E09
330
17
100
AcDbEntity
  8
隐藏线
100
AcDbLine
 10
300.3539422446667
 20
34.40415265038417
 30
0.0
 11
300.3539422446667
 21
34.61460105629607
 31
0.0
  0
LINE
  5
E0A
330
17
100
AcDbEntity
  8
隐藏线
100
AcDbLine
 10
300.3539422446667
 20
34.61460105629607
 30
0.0
 11
300.3539422446667
 21
34.81468802304244
 31
0.0
  0
LINE
  5
E0B
330
17
100
AcDbEntity
  8
隐藏线
100
AcDbLine
 10
300.3539422446667
 20
34.81468802304244
 30
0.0
 11
300.3539422446667
 21
34.85494918033511
 31
0.0
  0
LINE
  5
E0C
330
17
100
AcDbEntity
  8
隐藏线
100
AcDbLine
 10
300.3539422446667
 20
34.85494918033511
 30
0.0
 11
300.3539422446667
 21
34.89468650098445
 31
0.0
  0
LINE
  5
E0D
330
17
100
AcDbEntity
  8
隐藏线
100
AcDbLine
 10
300.3539422446667
 20
34.93388931324957
 30
0.0
 11
300.3539422446667
 21
34.97254707942595
 31
0.0
  0
LINE
  5
E0E
330
17
100
AcDbEntity
  8
隐藏线
100
AcDbLine
 10
300.3539422446667
 20
34.97254707942595
 30
0.0
 11
300.3539422446667
 21
35.01060200287406
 31
0.0
  0
LINE
  5
E0F
330
17
100
AcDbEntity
  8
隐藏线
100
AcDbLine
 10
300.3539422446667
 20
35.04808920842946
 30
0.0
 11
300.3539422446667
 21
35.084998629294404
 31
0.0
  0
LINE
  5
E10
330
17
100
AcDbEntity
  8
隐藏线
100
AcDbLine
 10
300.3539422446667
 20
35.084998629294404
 30
0.0
 11
300.3539422446667
 21
35.121320343559645
 31
0.0
  0
LINE
  5
E11
330
17
100
AcDbEntity
  8
隐藏线
100
AcDbLine
 10
300.3539422446667
 20
35.121320343559645
 30
0.0
 11
300.3539422446667
 21
35.31835245921545
 31
0.0
  0
LINE
  5
E12
330
17
100
AcDbEntity
  8
隐藏线
100
AcDbLine
 10
300.3539422446667
 20
35.31835245921545
 30
0.0
 11
300.3539422446667
 21
35.49342760228132
 31
0.0
  0
LINE
  5
E13
330
17
100
AcDbEntity
  8
隐藏线
100
AcDbLine
 10
300.3539422446667
 20
35.49342760228132
 30
0.0
 11
300.3539422446667
 21
35.64497935022152
 31
0.0
  0
LINE
  5
E14
330
17
100
AcDbEntity
  8
隐藏线
100
AcDbLine
 10
300.3539422446667
 20
35.64497935022152
 30
0.0
 11
300.3539422446667
 21
35.771638597533865
 31
0.0
  0
LINE
  5
E15
330
17
100
AcDbEntity
  8
隐藏线
100
AcDbLine
 10
300.3539422446667
 20
35.771638597533865
 30
0.0
 11
300.3539422446667
 21
35.86997647210776
 31
0.0
  0
LINE
  5
E16
330
17
100
AcDbEntity
  8
隐藏线
100
AcDbLine
 10
300.3539422446667
 20
35.86997647210776
 30
0.0
 11
300.3539422446667
 21
35.9411983960501
 31
0.0
  0
LINE
  5
E17
330
17
100
AcDbEntity
  8
隐藏线
100
AcDbLine
 10
300.3539422446667
 20
35.9411983960501
 30
0.0
 11
300.3539422446667
 21
35.98467258352317
 31
0.0
  0
LINE
  5
E18
330
17
100
AcDbEntity
  8
隐藏线
100
AcDbLine
 10
300.3539422446667
 20
35.98467258352317
 30
0.0
 11
300.3539422446667
 21
36.00000000000001
 31
0.0
  0
LINE
  5
E19
330
17
100
AcDbEntity
  8
隐藏线
100
AcDbLine
 10
300.0599693380064
 20
33.0
 30
0.0
 11
300.3539422446667
 21
33.0
 31
0.0
  0
LINE
  5
E1A
330
17
100
AcDbEntity
  8
隐藏线
100
AcDbLine
 10
299.7689015087751
 20
33.0
 30
0.0
 11
300.0599693380064
 21
33.0
 31
0.0
  0
LINE
  5
E1B
330
17
100
AcDbEntity
  8
隐藏线
100
AcDbLine
 10
299.4833530474944
 20
33.0
 30
0.0
 11
299.7689015087751
 21
33.0
 31
0.0
  0
LINE
  5
E1C
330
17
100
AcDbEntity
  8
隐藏线
100
AcDbLine
 10
299.20589194757144
 20
33.0
 30
0.0
 11
299.4833530474944
 21
33.0
 31
0.0
  0
LINE
  5
E1D
330
17
100
AcDbEntity
  8
隐藏线
100
AcDbLine
 10
298.94016194434175
 20
33.0
 30
0.0
 11
299.20589194757144
 21
33.0
 31
0.0
  0
LINE
  5
E1E
330
17
100
AcDbEntity
  8
隐藏线
100
AcDbLine
 10
298.687887185624
 20
33.0
 30
0.0
 11
298.94016194434175
 21
33.0
 31
0.0
  0
LINE
  5
E1F
330
17
100
AcDbEntity
  8
隐藏线
100
AcDbLine
 10
298.4513302570206
 20
33.0
 30
0.0
 11
298.687887185624
 21
33.0
 31
0.0
  0
LINE
  5
E20
330
17
100
AcDbEntity
  8
隐藏线
100
AcDbLine
 10
298.2326219011071
 20
33.0
 30
0.0
 11
298.4513302570206
 21
33.0
 31
0.0
  0
LINE
  5
E21
330
17
100
AcDbEntity
  8
隐藏线
100
AcDbLine
 10
298.0355897854513
 20
33.0
 30
0.0
 11
298.2326219011071
 21
33.0
 31
0.0
  0
LINE
  5
E22
330
17
100
AcDbEntity
  8
隐藏线
100
AcDbLine
 10
297.8605146423854
 20
33.0
 30
0.0
 11
298.0355897854513
 21
33.0
 31
0.0
  0
LINE
  5
E23
330
17
100
AcDbEntity
  8
隐藏线
100
AcDbLine
 10
297.7089628944452
 20
33.0
 30
0.0
 11
297.8605146423854
 21
33.0
 31
0.0
  0
LINE
  5
E24
330
17
100
AcDbEntity
  8
隐藏线
100
AcDbLine
 10
297.58230364713285
 20
33.0
 30
0.0
 11
297.7089628944452
 21
33.0
 31
0.0
  0
LINE
  5
E25
330
17
100
AcDbEntity
  8
隐藏线
100
AcDbLine
 10
297.483965772559
 20
33.0
 30
0.0
 11
297.58230364713285
 21
33.0
 31
0.0
  0
LINE
  5
E26
330
17
100
AcDbEntity
  8
隐藏线
100
AcDbLine
 10
297.4127438486166
 20
33.0
 30
0.0
 11
297.483965772559
 21
33.0
 31
0.0
  0
LINE
  5
E27
330
17
100
AcDbEntity
  8
隐藏线
100
AcDbLine
 10
297.36926966114356
 20
33.0
 30
0.0
 11
297.4127438486166
 21
33.0
 31
0.0
  0
LINE
  5
E28
330
17
100
AcDbEntity
  8
隐藏线
100
AcDbLine
 10
297.3539422446667
 20
33.0
 30
0.0
 11
297.36926966114356
 21
33.0
 31
0.0
  0
LINE
  5
E29
330
17
100
AcDbEntity
  8
隐藏线
100
AcDbLine
 10
299.8646911888956
 20
23.995213922509556
 30
0.0
 11
300.0357944720282
 21
24.0
 31
0.0
  0
LINE
  5
E2A
330
17
100
AcDbEntity
  8
隐藏线
100
AcDbLine
 10
299.36950813647127
 20
23.92229396449734
 30
0.0
 11
299.52995220095517
 21
23.95629507717865
 31
0.0
  0
LINE
  5
E2B
330
17
100
AcDbEntity
  8
隐藏线
100
AcDbLine
 10
299.2153233548335
 20
23.879061848530736
 30
0.0
 11
299.36950813647127
 21
23.92229396449734
 31
0.0
  0
LINE
  5
E2C
330
17
100
AcDbEntity
  8
隐藏线
100
AcDbLine
 10
299.067457194976
 20
23.826864070319218
 30
0.0
 11
299.2153233548335
 21
23.879061848530736
 31
0.0
  0
LINE
  5
E2D
330
17
100
AcDbEntity
  8
隐藏线
100
AcDbLine
 10
298.92596899583276
 20
23.765965970903164
 30
0.0
 11
299.067457194976
 21
23.826864070319218
 31
0.0
  0
LINE
  5
E2E
330
17
100
AcDbEntity
  8
隐藏线
100
AcDbLine
 10
298.79108112244984
 20
23.6967253982338
 30
0.0
 11
298.92596899583276
 21
23.765965970903164
 31
0.0
  0
LINE
  5
E2F
330
17
100
AcDbEntity
  8
隐藏线
100
AcDbLine
 10
298.71151276253835
 20
23.650196216328826
 30
0.0
 11
298.79108112244984
 21
23.6967253982338
 31
0.0
  0
LINE
  5
E30
330
17
100
AcDbEntity
  8
隐藏线
100
AcDbLine
 10
298.634690016506
 20
23.60088343253429
 30
0.0
 11
298.71151276253835
 21
23.650196216328826
 31
0.0
  0
LINE
  5
E31
330
17
100
AcDbEntity
  8
隐藏线
100
AcDbLine
 10
298.5605847841236
 20
23.54889578650895
 30
0.0
 11
298.634690016506
 21
23.60088343253429
 31
0.0
  0
LINE
  5
E32
330
17
100
AcDbEntity
  8
隐藏线
100
AcDbLine
 10
298.48926030435354
 20
23.494415866550145
 30
0.0
 11
298.5605847841236
 21
23.54889578650895
 31
0.0
  0
LINE
  5
E33
330
17
100
AcDbEntity
  8
隐藏线
100
AcDbLine
 10
298.4208598935974
 20
23.437727728278322
 30
0.0
 11
298.48926030435354
 21
23.494415866550145
 31
0.0
  0
LINE
  5
E34
330
17
100
AcDbEntity
  8
隐藏线
100
AcDbLine
 10
298.35531261169666
 20
23.37897407010988
 30
0.0
 11
298.4208598935974
 21
23.437727728278322
 31
0.0
  0
LINE
  5
E35
330
17
100
AcDbEntity
  8
隐藏线
100
AcDbLine
 10
298.29254031307204
 20
23.31829229550707
 30
0.0
 11
298.35531261169666
 21
23.37897407010988
 31
0.0
  0
LINE
  5
E36
330
17
100
AcDbEntity
  8
隐藏线
100
AcDbLine
 10
298.23246485214435
 20
23.255819807932156
 30
0.0
 11
298.29254031307204
 21
23.31829229550707
 31
0.0
  0
LINE
  5
E37
330
17
100
AcDbEntity
  8
隐藏线
100
AcDbLine
 10
298.17401002008114
 20
23.190540077681955
 30
0.0
 11
298.23246485214435
 21
23.255819807932156
 31
0.0
  0
LINE
  5
E38
330
17
100
AcDbEntity
  8
隐藏线
100
AcDbLine
 10
298.1181854131006
 20
23.123692602907248
 30
0.0
 11
298.17401002008114
 21
23.190540077681955
 31
0.0
  0
LINE
  5
E39
330
17
100
AcDbEntity
  8
隐藏线
100
AcDbLine
 10
298.0649086440832
 20
23.0554222449757
 30
0.0
 11
298.1181854131006
 21
23.123692602907248
 31
0.0
  0
LINE
  5
E3A
330
17
100
AcDbEntity
  8
隐藏线
100
AcDbLine
 10
298.0140973259092
 20
22.985873865254987
 30
0.0
 11
298.0649086440832
 21
23.0554222449757
 31
0.0
  0
LINE
  5
E3B
330
17
100
AcDbEntity
  8
隐藏线
100
AcDbLine
 10
297.965669071459
 20
22.91519232511278
 30
0.0
 11
298.0140973259092
 21
22.985873865254987
 31
0.0
  0
LINE
  5
E3C
330
17
100
AcDbEntity
  8
隐藏线
100
AcDbLine
 10
297.91955738760333
 20
22.843548204288194
 30
0.0
 11
297.965669071459
 21
22.91519232511278
 31
0.0
  0
LINE
  5
E3D
330
17
100
AcDbEntity
  8
隐藏线
100
AcDbLine
 10
297.876024074408
 20
22.771687215734474
 30
0.0
 11
297.91955738760333
 21
22.843548204288194
 31
0.0
  0
LINE
  5
E3E
330
17
100
AcDbEntity
  8
隐藏线
100
AcDbLine
 10
297.83511490361667
 20
22.700114308070994
 30
0.0
 11
297.876024074408
 21
22.771687215734474
 31
0.0
  0
LINE
  5
E3F
330
17
100
AcDbEntity
  8
隐藏线
100
AcDbLine
 10
297.82746024665465
 20
22.686261636787986
 30
0.0
 11
297.83511490361667
 21
22.700114308070994
 31
0.0
  0
LINE
  5
E40
330
17
100
AcDbEntity
  8
隐藏线
100
AcDbLine
 10
297.80506166080494
 20
22.644855427606274
 30
0.0
 11
297.81243434364353
 21
22.658630079841654
 31
0.0
  0
LINE
  5
E41
330
17
100
AcDbEntity
  8
隐藏线
100
AcDbLine
 10
297.79778153255126
 20
22.63111101514805
 30
0.0
 11
297.80506166080494
 21
22.644855427606274
 31
0.0
  0
LINE
  5
E42
330
17
100
AcDbEntity
  8
隐藏线
100
AcDbLine
 10
297.7905932404878
 20
22.61739895918096
 30
0.0
 11
297.79778153255126
 21
22.63111101514805
 31
0.0
  0
LINE
  5
E43
330
17
100
AcDbEntity
  8
隐藏线
100
AcDbLine
 10
297.7392902857378
 20
22.515296559783675
 30
0.0
 11
297.77648929135245
 21
22.590080383576062
 31
0.0
  0
LINE
  5
E44
330
17
100
AcDbEntity
  8
隐藏线
100
AcDbLine
 10
297.7047196395104
 20
22.442059304891583
 30
0.0
 11
297.7392902857378
 21
22.515296559783675
 31
0.0
  0
LINE
  5
E45
330
17
100
AcDbEntity
  8
隐藏线
100
AcDbLine
 10
297.67265534159986
 20
22.370728118376064
 30
0.0
 11
297.7047196395104
 21
22.442059304891583
 31
0.0
  0
LINE
  5
E46
330
17
100
AcDbEntity
  8
隐藏线
100
AcDbLine
 10
297.6429753809357
 20
22.301662499713412
 30
0.0
 11
297.67265534159986
 21
22.370728118376064
 31
0.0
  0
LINE
  5
E47
330
17
100
AcDbEntity
  8
隐藏线
100
AcDbLine
 10
297.6155577464474
 20
22.235221948379913
 30
0.0
 11
297.6429753809357
 21
22.301662499713412
 31
0.0
  0
LINE
  5
E48
330
17
100
AcDbEntity
  8
隐藏线
100
AcDbLine
 10
297.59028042706444
 20
22.17176596385185
 30
0.0
 11
297.6155577464474
 21
22.235221948379913
 31
0.0
  0
LINE
  5
E49
330
17
100
AcDbEntity
  8
隐藏线
100
AcDbLine
 10
297.5670214117165
 20
22.11165404560552
 30
0.0
 11
297.59028042706444
 21
22.17176596385185
 31
0.0
  0
LINE
  5
E4A
330
17
100
AcDbEntity
  8
隐藏线
100
AcDbLine
 10
297.54565868933304
 20
22.0552456931172
 30
0.0
 11
297.5670214117165
 21
22.11165404560552
 31
0.0
  0
LINE
  5
E4B
330
17
100
AcDbEntity
  8
隐藏线
100
AcDbLine
 10
297.52270700379614
 20
21.99188151019687
 30
0.0
 11
297.545658689333
 21
22.05524569311711
 31
0.0
  0
LINE
  5
E4C
330
17
100
AcDbEntity
  8
隐藏线
100
AcDbLine
 10
297.5011554741067
 20
21.928028484265468
 30
0.0
 11
297.52270700379614
 21
21.99188151019687
 31
0.0
  0
LINE
  5
E4D
330
17
100
AcDbEntity
  8
隐藏线
100
AcDbLine
 10
297.48101422498326
 20
21.86371668568776
 30
0.0
 11
297.5011554741067
 21
21.928028484265468
 31
0.0
  0
LINE
  5
E4E
330
17
100
AcDbEntity
  8
隐藏线
100
AcDbLine
 10
297.46229276142503
 20
21.79897638642703
 30
0.0
 11
297.48101422498326
 21
21.86371668568776
 31
0.0
  0
LINE
  5
E4F
330
17
100
AcDbEntity
  8
隐藏线
100
AcDbLine
 10
297.4451198982982
 20
21.733808201565413
 30
0.0
 11
297.46229276142503
 21
21.79897638642703
 31
0.0
  0
LINE
  5
E50
330
17
100
AcDbEntity
  8
隐藏线
100
AcDbLine
 10
297.42938541001195
 20
21.66827879419037
 30
0.0
 11
297.4451198982982
 21
21.733808201565413
 31
0.0
  0
LINE
  5
E51
330
17
100
AcDbEntity
  8
隐藏线
100
AcDbLine
 10
297.4150966819595
 20
21.602419021922355
 30
0.0
 11
297.42938541001195
 21
21.66827879419037
 31
0.0
  0
LINE
  5
E52
330
17
100
AcDbEntity
  8
隐藏线
100
AcDbLine
 10
297.4022604642235
 20
21.53625988755404
 30
0.0
 11
297.4150966819595
 21
21.602419021922355
 31
0.0
  0
LINE
  5
E53
330
17
100
AcDbEntity
  8
隐藏线
100
AcDbLine
 10
297.39100499674953
 20
21.46981356336619
 30
0.0
 11
297.4022604642235
 21
21.53625988755404
 31
0.0
  0
LINE
  5
E54
330
17
100
AcDbEntity
  8
隐藏线
100
AcDbLine
 10
297.38121451640984
 20
21.40313655198092
 30
0.0
 11
297.39100499674953
 21
21.46981356336619
 31
0.0
  0
LINE
  5
E55
330
17
100
AcDbEntity
  8
隐藏线
100
AcDbLine
 10
297.37289360967674
 20
21.336260249274414
 30
0.0
 11
297.38121451640984
 21
21.40313655198092
 31
0.0
  0
LINE
  5
E56
330
17
100
AcDbEntity
  8
隐藏线
100
AcDbLine
 10
297.36604621724797
 20
21.269216138697423
 30
0.0
 11
297.37289360967674
 21
21.336260249274414
 31
0.0
  0
LINE
  5
E57
330
17
100
AcDbEntity
  8
隐藏线
100
AcDbLine
 10
297.36079896934007
 20
21.202027851507424
 30
0.0
 11
297.36604621724797
 21
21.269216138697423
 31
0.0
  0
LINE
  5
E58
330
17
100
AcDbEntity
  8
隐藏线
100
AcDbLine
 10
297.35703149941725
 20
21.13474127392367
 30
0.0
 11
297.36079896934007
 21
21.202027851507424
 31
0.0
  0
LINE
  5
E59
330
17
100
AcDbEntity
  8
隐藏线
100
AcDbLine
 10
297.3547455580215
 20
21.067388086734876
 30
0.0
 11
297.35703149941725
 21
21.13474127392367
 31
0.0
  0
LINE
  5
E5A
330
17
100
AcDbEntity
  8
隐藏线
100
AcDbLine
 10
297.3539422446667
 20
21.0
 30
0.0
 11
297.3547455580215
 21
21.067388086734876
 31
0.0
  0
LINE
  5
E5B
330
17
100
AcDbEntity
  8
隐藏线
100
AcDbLine
 10
297.3539422446667
 20
27.0
 30
0.0
 11
297.3539422446667
 21
33.0
 31
0.0
  0
LINE
  5
E5C
330
17
100
AcDbEntity
  8
隐藏线
100
AcDbLine
 10
297.3539422446667
 20
24.0
 30
0.0
 11
297.3539422446667
 21
27.0
 31
0.0
  0
LINE
  5
E5D
330
17
100
AcDbEntity
  8
隐藏线
100
AcDbLine
 10
297.3539422446667
 20
21.0
 30
0.0
 11
297.3539422446667
 21
24.0
 31
0.0
  0
LINE
  5
E5E
330
17
100
AcDbEntity
  8
隐藏线
100
AcDbLine
 10
306.3539422446667
 20
28.5
 30
0.0
 11
306.3539422446667
 21
33.0
 31
0.0
  0
LINE
  5
E5F
330
17
100
AcDbEntity
  8
隐藏线
100
AcDbLine
 10
306.3539422446667
 20
24.0
 30
0.0
 11
306.3539422446667
 21
28.5
 31
0.0
  0
LINE
  5
E60
330
17
100
AcDbEntity
  8
隐藏线
100
AcDbLine
 10
306.3539422446667
 20
19.000000000000004
 30
0.0
 11
306.3539422446667
 21
24.0
 31
0.0
  0
LINE
  5
E61
330
17
100
AcDbEntity
  8
隐藏线
100
AcDbLine
 10
306.3539422446667
 20
13.0
 30
0.0
 11
306.3539422446667
 21
19.000000000000004
 31
0.0
  0
LINE
  5
E62
330
17
100
AcDbEntity
  8
隐藏线
100
AcDbLine
 10
306.3539422446667
 20
2.0
 30
0.0
 11
306.3539422446667
 21
13.0
 31
0.0
  0
LINE
  5
E63
330
17
100
AcDbEntity
  8
隐藏线
100
AcDbLine
 10
306.3539422446667
 20
24.0
 30
0.0
 11
306.3539422446667
 21
24.344220405938035
 31
0.0
  0
LINE
  5
E64
330
17
100
AcDbEntity
  8
隐藏线
100
AcDbLine
 10
306.3539422446667
 20
24.344220405938035
 30
0.0
 11
306.3539422446667
 21
24.683772019322735
 31
0.0
  0
LINE
  5
E65
330
17
100
AcDbEntity
  8
隐藏线
100
AcDbLine
 10
306.3539422446667
 20
24.683772019322735
 30
0.0
 11
306.3539422446667
 21
25.01446935579404
 31
0.0
  0
LINE
  5
E66
330
17
100
AcDbEntity
  8
隐藏线
100
AcDbLine
 10
306.3539422446667
 20
25.01446935579404
 30
0.0
 11
306.3539422446667
 21
25.33222888367333
 31
0.0
  0
LINE
  5
E67
330
17
100
AcDbEntity
  8
隐藏线
100
AcDbLine
 10
306.3539422446667
 20
25.33222888367333
 30
0.0
 11
306.3539422446667
 21
25.63130473367075
 31
0.0
  0
LINE
  5
E68
330
17
100
AcDbEntity
  8
隐藏线
100
AcDbLine
 10
306.3539422446667
 20
25.63130473367075
 30
0.0
 11
306.3539422446667
 21
25.909076401760725
 31
0.0
  0
LINE
  5
E69
330
17
100
AcDbEntity
  8
隐藏线
100
AcDbLine
 10
306.3539422446667
 20
25.909076401760725
 30
0.0
 11
306.3539422446667
 21
26.162127123932564
 31
0.0
  0
LINE
  5
E6A
330
17
100
AcDbEntity
  8
隐藏线
100
AcDbLine
 10
306.3539422446667
 20
26.162127123932564
 30
0.0
 11
306.3539422446667
 21
26.387324785814226
 31
0.0
  0
LINE
  5
E6B
330
17
100
AcDbEntity
  8
隐藏线
100
AcDbLine
 10
306.3539422446667
 20
26.387324785814226
 30
0.0
 11
306.3539422446667
 21
26.526494107635063
 31
0.0
  0
LINE
  5
E6C
330
17
100
AcDbEntity
  8
隐藏线
100
AcDbLine
 10
306.3539422446667
 20
26.526494107635063
 30
0.0
 11
306.3539422446667
 21
26.64926694794055
 31
0.0
  0
LINE
  5
E6D
330
17
100
AcDbEntity
  8
隐藏线
100
AcDbLine
 10
306.3539422446667
 20
26.64926694794055
 30
0.0
 11
306.3539422446667
 21
26.754889764923554
 31
0.0
  0
LINE
  5
E6E
330
17
100
AcDbEntity
  8
隐藏线
100
AcDbLine
 10
306.3539422446667
 20
26.754889764923554
 30
0.0
 11
306.3539422446667
 21
26.84270771953807
 31
0.0
  0
LINE
  5
E6F
330
17
100
AcDbEntity
  8
隐藏线
100
AcDbLine
 10
306.3539422446667
 20
26.84270771953807
 30
0.0
 11
306.3539422446667
 21
26.910592650198918
 31
0.0
  0
LINE
  5
E70
330
17
100
AcDbEntity
  8
隐藏线
100
AcDbLine
 10
306.3539422446667
 20
26.910592650198918
 30
0.0
 11
306.3539422446667
 21
26.959616872745737
 31
0.0
  0
LINE
  5
E71
330
17
100
AcDbEntity
  8
隐藏线
100
AcDbLine
 10
306.3539422446667
 20
26.959616872745737
 30
0.0
 11
306.3539422446667
 21
26.989482022465765
 31
0.0
  0
LINE
  5
E72
330
17
100
AcDbEntity
  8
隐藏线
100
AcDbLine
 10
306.3539422446667
 20
27.0
 30
0.0
 11
306.3539422446667
 21
26.938871959829036
 31
0.0
  0
LINE
  5
E73
330
17
100
AcDbEntity
  8
隐藏线
100
AcDbLine
 10
306.3539422446667
 20
26.767278297316178
 30
0.0
 11
306.3539422446667
 21
26.49150306011466
 31
0.0
  0
LINE
  5
E74
330
17
100
AcDbEntity
  8
隐藏线
100
AcDbLine
 10
306.3539422446667
 20
26.121320343559642
 30
0.0
 11
306.3539422446667
 21
26.49150306011466
 31
0.0
  0
LINE
  5
E75
330
17
100
AcDbEntity
  8
隐藏线
100
AcDbLine
 10
306.3539422446667
 20
26.121320343559642
 30
0.0
 11
306.3539422446667
 21
25.66468952355356
 31
0.0
  0
LINE
  5
E76
330
17
100
AcDbEntity
  8
隐藏线
100
AcDbLine
 10
306.3539422446667
 20
25.14624420160909
 30
0.0
 11
306.3539422446667
 21
25.66468952355356
 31
0.0
  0
LINE
  5
E77
330
17
100
AcDbEntity
  8
隐藏线
100
AcDbLine
 10
306.3539422446667
 20
24.584645458479187
 30
0.0
 11
306.3539422446667
 21
25.14624420160909
 31
0.0
  0
LINE
  5
E78
330
17
100
AcDbEntity
  8
隐藏线
100
AcDbLine
 10
306.3539422446667
 20
24.0
 30
0.0
 11
306.3539422446667
 21
24.584645458479187
 31
0.0
  0
LINE
  5
E79
330
17
100
AcDbEntity
  8
隐藏线
100
AcDbLine
 10
306.3539422446667
 20
23.415354541520813
 30
0.0
 11
306.3539422446667
 21
24.0
 31
0.0
  0
LINE
  5
E7A
330
17
100
AcDbEntity
  8
隐藏线
100
AcDbLine
 10
306.3539422446667
 20
22.85375579839091
 30
0.0
 11
306.3539422446667
 21
23.415354541520813
 31
0.0
  0
LINE
  5
E7B
330
17
100
AcDbEntity
  8
隐藏线
100
AcDbLine
 10
306.3539422446667
 20
22.33531047644644
 30
0.0
 11
306.3539422446667
 21
22.85375579839091
 31
0.0
  0
LINE
  5
E7C
330
17
100
AcDbEntity
  8
隐藏线
100
AcDbLine
 10
306.3539422446667
 20
21.878679656440358
 30
0.0
 11
306.3539422446667
 21
22.33531047644644
 31
0.0
  0
LINE
  5
E7D
330
17
100
AcDbEntity
  8
隐藏线
100
AcDbLine
 10
306.3539422446667
 20
21.50849693988534
 30
0.0
 11
306.3539422446667
 21
21.878679656440358
 31
0.0
  0
LINE
  5
E7E
330
17
100
AcDbEntity
  8
隐藏线
100
AcDbLine
 10
306.3539422446667
 20
21.232721702683822
 30
0.0
 11
306.3539422446667
 21
21.50849693988534
 31
0.0
  0
LINE
  5
E7F
330
17
100
AcDbEntity
  8
隐藏线
100
AcDbLine
 10
306.3539422446667
 20
21.061128040170964
 30
0.0
 11
306.3539422446667
 21
21.232721702683822
 31
0.0
  0
LINE
  5
E80
330
17
100
AcDbEntity
  8
隐藏线
100
AcDbLine
 10
306.3539422446667
 20
21.0
 30
0.0
 11
306.3539422446667
 21
21.061128040170964
 31
0.0
  0
LINE
  5
E81
330
17
100
AcDbEntity
  8
隐藏线
100
AcDbLine
 10
306.3539422446667
 20
21.0
 30
0.0
 11
306.3539422446667
 21
21.010517977534235
 31
0.0
  0
LINE
  5
E82
330
17
100
AcDbEntity
  8
隐藏线
100
AcDbLine
 10
306.3539422446667
 20
21.08940734980108
 30
0.0
 11
306.3539422446667
 21
21.040383127254263
 31
0.0
  0
LINE
  5
E83
330
17
100
AcDbEntity
  8
隐藏线
100
AcDbLine
 10
306.3539422446667
 20
21.157292280461927
 30
0.0
 11
306.3539422446667
 21
21.245110235076442
 31
0.0
  0
LINE
  5
E84
330
17
100
AcDbEntity
  8
隐藏线
100
AcDbLine
 10
306.3539422446667
 20
21.35073305205945
 30
0.0
 11
306.3539422446667
 21
21.245110235076442
 31
0.0
  0
LINE
  5
E85
330
17
100
AcDbEntity
  8
隐藏线
100
AcDbLine
 10
306.3539422446667
 20
21.35073305205945
 30
0.0
 11
306.3539422446667
 21
21.473505892364937
 31
0.0
  0
LINE
  5
E86
330
17
100
AcDbEntity
  8
隐藏线
100
AcDbLine
 10
306.3539422446667
 20
21.473505892364937
 30
0.0
 11
306.3539422446667
 21
21.61267521418577
 31
0.0
  0
LINE
  5
E87
330
17
100
AcDbEntity
  8
隐藏线
100
AcDbLine
 10
306.3539422446667
 20
21.61267521418577
 30
0.0
 11
306.3539422446667
 21
21.837872876067436
 31
0.0
  0
LINE
  5
E88
330
17
100
AcDbEntity
  8
隐藏线
100
AcDbLine
 10
306.3539422446667
 20
22.090923598239268
 30
0.0
 11
306.3539422446667
 21
21.837872876067436
 31
0.0
  0
LINE
  5
E89
330
17
100
AcDbEntity
  8
隐藏线
100
AcDbLine
 10
306.3539422446667
 20
22.090923598239268
 30
0.0
 11
306.3539422446667
 21
22.36869526632925
 31
0.0
  0
LINE
  5
E8A
330
17
100
AcDbEntity
  8
隐藏线
100
AcDbLine
 10
306.3539422446667
 20
22.36869526632925
 30
0.0
 11
306.3539422446667
 21
22.667771116326662
 31
0.0
  0
LINE
  5
E8B
330
17
100
AcDbEntity
  8
隐藏线
100
AcDbLine
 10
306.3539422446667
 20
22.667771116326662
 30
0.0
 11
306.3539422446667
 21
22.98553064420596
 31
0.0
  0
LINE
  5
E8C
330
17
100
AcDbEntity
  8
隐藏线
100
AcDbLine
 10
306.3539422446667
 20
22.98553064420596
 30
0.0
 11
306.3539422446667
 21
23.316227980677265
 31
0.0
  0
LINE
  5
E8D
330
17
100
AcDbEntity
  8
隐藏线
100
AcDbLine
 10
306.3539422446667
 20
23.316227980677265
 30
0.0
 11
306.3539422446667
 21
23.655779594061965
 31
0.0
  0
LINE
  5
E8E
330
17
100
AcDbEntity
  8
隐藏线
100
AcDbLine
 10
306.3539422446667
 20
23.655779594061965
 30
0.0
 11
306.3539422446667
 21
24.0
 31
0.0
  0
LINE
  5
E8F
330
17
100
AcDbEntity
  8
隐藏线
100
AcDbLine
 10
314.3539422446667
 20
33.0
 30
0.0
 11
314.3539422446667
 21
33.24330112558067
 31
0.0
  0
LINE
  5
E90
330
17
100
AcDbEntity
  8
隐藏线
100
AcDbLine
 10
314.3539422446667
 20
33.24330112558067
 30
0.0
 11
314.3539422446667
 21
33.484956820326914
 31
0.0
  0
LINE
  5
E91
330
17
100
AcDbEntity
  8
隐藏线
100
AcDbLine
 10
314.3539422446667
 20
33.484956820326914
 30
0.0
 11
314.3539422446667
 21
33.72348158288841
 31
0.0
  0
LINE
  5
E92
330
17
100
AcDbEntity
  8
隐藏线
100
AcDbLine
 10
314.3539422446667
 20
33.72348158288841
 30
0.0
 11
314.3539422446667
 21
33.95740788280684
 31
0.0
  0
LINE
  5
E93
330
17
100
AcDbEntity
  8
隐藏线
100
AcDbLine
 10
314.3539422446667
 20
33.95740788280684
 30
0.0
 11
314.3539422446667
 21
34.184638887432
 31
0.0
  0
LINE
  5
E94
330
17
100
AcDbEntity
  8
隐藏线
100
AcDbLine
 10
314.3539422446667
 20
34.184638887432
 30
0.0
 11
314.3539422446667
 21
34.40415265038417
 31
0.0
  0
LINE
  5
E95
330
17
100
AcDbEntity
  8
隐藏线
100
AcDbLine
 10
314.3539422446667
 20
34.40415265038417
 30
0.0
 11
314.3539422446667
 21
34.61460105629607
 31
0.0
  0
LINE
  5
E96
330
17
100
AcDbEntity
  8
隐藏线
100
AcDbLine
 10
314.3539422446667
 20
34.61460105629607
 30
0.0
 11
314.3539422446667
 21
34.81468802304244
 31
0.0
  0
LINE
  5
E97
330
17
100
AcDbEntity
  8
隐藏线
100
AcDbLine
 10
314.3539422446667
 20
34.81468802304244
 30
0.0
 11
314.3539422446667
 21
34.85494918033511
 31
0.0
  0
LINE
  5
E98
330
17
100
AcDbEntity
  8
隐藏线
100
AcDbLine
 10
314.3539422446667
 20
34.85494918033511
 30
0.0
 11
314.3539422446667
 21
34.89468650098445
 31
0.0
  0
LINE
  5
E99
330
17
100
AcDbEntity
  8
隐藏线
100
AcDbLine
 10
314.3539422446667
 20
34.93388931324957
 30
0.0
 11
314.3539422446667
 21
34.97254707942596
 31
0.0
  0
LINE
  5
E9A
330
17
100
AcDbEntity
  8
隐藏线
100
AcDbLine
 10
314.3539422446667
 20
34.97254707942596
 30
0.0
 11
314.3539422446667
 21
35.01060200287406
 31
0.0
  0
LINE
  5
E9B
330
17
100
AcDbEntity
  8
隐藏线
100
AcDbLine
 10
314.3539422446667
 20
35.048089208429474
 30
0.0
 11
314.3539422446667
 21
35.08499862929441
 31
0.0
  0
LINE
  5
E9C
330
17
100
AcDbEntity
  8
隐藏线
100
AcDbLine
 10
314.3539422446667
 20
35.08499862929441
 30
0.0
 11
314.3539422446667
 21
35.121320343559645
 31
0.0
  0
LINE
  5
E9D
330
17
100
AcDbEntity
  8
隐藏线
100
AcDbLine
 10
314.3539422446667
 20
35.121320343559645
 30
0.0
 11
314.3539422446667
 21
35.31835245921545
 31
0.0
  0
LINE
  5
E9E
330
17
100
AcDbEntity
  8
隐藏线
100
AcDbLine
 10
314.3539422446667
 20
35.31835245921545
 30
0.0
 11
314.3539422446667
 21
35.49342760228132
 31
0.0
  0
LINE
  5
E9F
330
17
100
AcDbEntity
  8
隐藏线
100
AcDbLine
 10
314.3539422446667
 20
35.49342760228132
 30
0.0
 11
314.3539422446667
 21
35.64497935022152
 31
0.0
  0
LINE
  5
EA0
330
17
100
AcDbEntity
  8
隐藏线
100
AcDbLine
 10
314.3539422446667
 20
35.64497935022152
 30
0.0
 11
314.3539422446667
 21
35.771638597533865
 31
0.0
  0
LINE
  5
EA1
330
17
100
AcDbEntity
  8
隐藏线
100
AcDbLine
 10
314.3539422446667
 20
35.771638597533865
 30
0.0
 11
314.3539422446667
 21
35.869976472107766
 31
0.0
  0
LINE
  5
EA2
330
17
100
AcDbEntity
  8
隐藏线
100
AcDbLine
 10
314.3539422446667
 20
35.869976472107766
 30
0.0
 11
314.3539422446667
 21
35.9411983960501
 31
0.0
  0
LINE
  5
EA3
330
17
100
AcDbEntity
  8
隐藏线
100
AcDbLine
 10
314.3539422446667
 20
35.9411983960501
 30
0.0
 11
314.3539422446667
 21
35.98467258352317
 31
0.0
  0
LINE
  5
EA4
330
17
100
AcDbEntity
  8
隐藏线
100
AcDbLine
 10
314.3539422446667
 20
35.98467258352317
 30
0.0
 11
314.3539422446667
 21
36.00000000000001
 31
0.0
  0
LINE
  5
EA5
330
17
100
AcDbEntity
  8
隐藏线
100
AcDbLine
 10
308.3539422446667
 20
33.0
 30
0.0
 11
308.3539422446667
 21
33.293972906660336
 31
0.0
  0
LINE
  5
EA6
330
17
100
AcDbEntity
  8
隐藏线
100
AcDbLine
 10
308.3539422446667
 20
33.293972906660336
 30
0.0
 11
308.3539422446667
 21
33.585040735891575
 31
0.0
  0
LINE
  5
EA7
330
17
100
AcDbEntity
  8
隐藏线
100
AcDbLine
 10
308.3539422446667
 20
33.585040735891575
 30
0.0
 11
308.3539422446667
 21
33.87058919717229
 31
0.0
  0
LINE
  5
EA8
330
17
100
AcDbEntity
  8
隐藏线
100
AcDbLine
 10
308.3539422446667
 20
33.87058919717229
 30
0.0
 11
308.3539422446667
 21
34.14805029709527
 31
0.0
  0
LINE
  5
EA9
330
17
100
AcDbEntity
  8
隐藏线
100
AcDbLine
 10
308.3539422446667
 20
34.14805029709527
 30
0.0
 11
308.3539422446667
 21
34.41378030032496
 31
0.0
  0
LINE
  5
EAA
330
17
100
AcDbEntity
  8
隐藏线
100
AcDbLine
 10
308.3539422446667
 20
34.41378030032496
 30
0.0
 11
308.3539422446667
 21
34.66605505904271
 31
0.0
  0
LINE
  5
EAB
330
17
100
AcDbEntity
  8
隐藏线
100
AcDbLine
 10
308.3539422446667
 20
34.66605505904271
 30
0.0
 11
308.3539422446667
 21
34.902611987646154
 31
0.0
  0
LINE
  5
EAC
330
17
100
AcDbEntity
  8
隐藏线
100
AcDbLine
 10
308.3539422446667
 20
34.902611987646154
 30
0.0
 11
308.3539422446667
 21
35.121320343559645
 31
0.0
  0
LINE
  5
EAD
330
17
100
AcDbEntity
  8
隐藏线
100
AcDbLine
 10
308.3539422446667
 20
35.121320343559645
 30
0.0
 11
308.3539422446667
 21
35.31835245921545
 31
0.0
  0
LINE
  5
EAE
330
17
100
AcDbEntity
  8
隐藏线
100
AcDbLine
 10
308.3539422446667
 20
35.31835245921545
 30
0.0
 11
308.3539422446667
 21
35.493427602281315
 31
0.0
  0
LINE
  5
EAF
330
17
100
AcDbEntity
  8
隐藏线
100
AcDbLine
 10
308.3539422446667
 20
35.493427602281315
 30
0.0
 11
308.3539422446667
 21
35.64497935022151
 31
0.0
  0
LINE
  5
EB0
330
17
100
AcDbEntity
  8
隐藏线
100
AcDbLine
 10
308.3539422446667
 20
35.64497935022151
 30
0.0
 11
308.3539422446667
 21
35.77163859753386
 31
0.0
  0
LINE
  5
EB1
330
17
100
AcDbEntity
  8
隐藏线
100
AcDbLine
 10
308.3539422446667
 20
35.77163859753386
 30
0.0
 11
308.3539422446667
 21
35.86997647210775
 31
0.0
  0
LINE
  5
EB2
330
17
100
AcDbEntity
  8
隐藏线
100
AcDbLine
 10
308.3539422446667
 20
35.86997647210775
 30
0.0
 11
308.3539422446667
 21
35.94119839605009
 31
0.0
  0
LINE
  5
EB3
330
17
100
AcDbEntity
  8
隐藏线
100
AcDbLine
 10
308.3539422446667
 20
35.94119839605009
 30
0.0
 11
308.3539422446667
 21
35.98467258352316
 31
0.0
  0
LINE
  5
EB4
330
17
100
AcDbEntity
  8
隐藏线
100
AcDbLine
 10
308.3539422446667
 20
35.98467258352316
 30
0.0
 11
308.3539422446667
 21
36.0
 31
0.0
  0
LINE
  5
EB5
330
17
100
AcDbEntity
  8
隐藏线
100
AcDbLine
 10
327.3539422446667
 20
21.4612501221796
 30
0.0
 11
327.3539859704978
 21
21.4468181827187
 31
0.0
  0
LINE
  5
EB6
330
17
100
AcDbEntity
  8
隐藏线
100
AcDbLine
 10
327.3539859704978
 20
21.4468181827187
 30
0.0
 11
327.35411714671636
 21
21.432386663956837
 31
0.0
  0
LINE
  5
EB7
330
17
100
AcDbEntity
  8
隐藏线
100
AcDbLine
 10
327.3560845605724
 20
21.360250103553895
 30
0.0
 11
327.3567402696041
 21
21.345829942120734
 31
0.0
  0
LINE
  5
EB8
330
17
100
AcDbEntity
  8
隐藏线
100
AcDbLine
 10
327.3567402696041
 20
21.345829942120734
 30
0.0
 11
327.3574833487339
 21
21.33141314524977
 31
0.0
  0
LINE
  5
EB9
330
17
100
AcDbEntity
  8
隐藏线
100
AcDbLine
 10
327.36250844861115
 20
21.259394334225785
 30
0.0
 11
327.3637752043528
 21
21.24500654584783
 31
0.0
  0
LINE
  5
EBA
330
17
100
AcDbEntity
  8
隐藏线
100
AcDbLine
 10
327.3637752043528
 20
21.24500654584783
 30
0.0
 11
327.3651291251204
 21
21.23062506108993
 31
0.0
  0
LINE
  5
EBB
330
17
100
AcDbEntity
  8
隐藏线
100
AcDbLine
 10
327.35722502507133
 20
21.14419730014875
 30
0.0
 11
327.3587159079238
 21
21.15860894355757
 31
0.0
  0
LINE
  5
EBC
330
17
100
AcDbEntity
  8
隐藏线
100
AcDbLine
 10
327.35566476201404
 20
21.129783434886367
 30
0.0
 11
327.35722502507133
 21
21.14419730014875
 31
0.0
  0
LINE
  5
EBD
330
17
100
AcDbEntity
  8
隐藏线
100
AcDbLine
 10
327.3448469897566
 20
21.043267619120662
 30
0.0
 11
327.3468232376474
 21
21.057689552479395
 31
0.0
  0
LINE
  5
EBE
330
17
100
AcDbEntity
  8
隐藏线
100
AcDbLine
 10
327.34280146045944
 20
21.02884521825004
 30
0.0
 11
327.3448469897566
 21
21.043267619120662
 31
0.0
  0
LINE
  5
EBF
330
17
100
AcDbEntity
  8
隐藏线
100
AcDbLine
 10
327.3500809885179
 20
21.230735196781186
 30
0.0
 11
327.35098584137916
 21
21.25956686977259
 31
0.0
  0
LINE
  5
EC0
330
17
100
AcDbEntity
  8
隐藏线
100
AcDbLine
 10
327.3529767620762
 20
21.34603622898503
 30
0.0
 11
327.35339913700676
 21
21.37484912466699
 31
0.0
  0
LINE
  5
EC1
330
17
100
AcDbEntity
  8
隐藏线
100
AcDbLine
 10
327.3538818941039
 20
21.43245657250475
 30
0.0
 11
327.3539422446667
 21
21.4612501221796
 31
0.0
  0
LINE
  5
EC2
330
17
100
AcDbEntity
  8
隐藏线
100
AcDbLine
 10
328.3321855275278
 20
23.214984998783795
 30
0.0
 11
328.3465137859986
 21
23.228004029559987
 31
0.0
  0
LINE
  5
EC3
330
17
100
AcDbEntity
  8
隐藏线
100
AcDbLine
 10
328.3037772837395
 20
23.188676219629652
 30
0.0
 11
328.3179398421661
 21
23.20187555885088
 31
0.0
  0
LINE
  5
EC4
330
17
100
AcDbEntity
  8
隐藏线
100
AcDbLine
 10
328.2896984030577
 20
23.17538749425115
 30
0.0
 11
328.3037772837395
 21
23.188676219629652
 31
0.0
  0
LINE
  5
EC5
330
17
100
AcDbEntity
  8
隐藏线
100
AcDbLine
 10
328.2618081264046
 20
23.14852935979905
 30
0.0
 11
328.2757108256198
 21
23.162002549651348
 31
0.0
  0
LINE
  5
EC6
330
17
100
AcDbEntity
  8
隐藏线
100
AcDbLine
 10
328.2479908458988
 20
23.13496844870402
 30
0.0
 11
328.2618081264046
 21
23.14852935979905
 31
0.0
  0
LINE
  5
EC7
330
17
100
AcDbEntity
  8
隐藏线
100
AcDbLine
 10
328.1491700424708
 20
23.032372288015424
 30
0.0
 11
328.23425952148875
 21
23.1213203435596
 31
0.0
  0
LINE
  5
EC8
330
17
100
AcDbEntity
  8
隐藏线
100
AcDbLine
 10
328.0677260969339
 20
22.9400769139133
 30
0.0
 11
328.1491700424708
 21
23.032372288015424
 31
0.0
  0
LINE
  5
EC9
330
17
100
AcDbEntity
  8
隐藏线
100
AcDbLine
 10
327.9900555142293
 20
22.84457947419453
 30
0.0
 11
328.0677260969339
 21
22.9400769139133
 31
0.0
  0
LINE
  5
ECA
330
17
100
AcDbEntity
  8
隐藏线
100
AcDbLine
 10
327.9162805875662
 20
22.746029919755898
 30
0.0
 11
327.9900555142293
 21
22.84457947419453
 31
0.0
  0
LINE
  5
ECB
330
17
100
AcDbEntity
  8
隐藏线
100
AcDbLine
 10
327.8468641051279
 20
22.64435853173634
 30
0.0
 11
327.9162805875662
 21
22.746029919755898
 31
0.0
  0
LINE
  5
ECC
330
17
100
AcDbEntity
  8
隐藏线
100
AcDbLine
 10
327.7815908622895
 20
22.539981218853605
 30
0.0
 11
327.8468641051279
 21
22.64435853173634
 31
0.0
  0
LINE
  5
ECD
330
17
100
AcDbEntity
  8
隐藏线
100
AcDbLine
 10
327.7205632438675
 20
22.43306219183789
 30
0.0
 11
327.7815908622895
 21
22.539981218853605
 31
0.0
  0
LINE
  5
ECE
330
17
100
AcDbEntity
  8
隐藏线
100
AcDbLine
 10
327.663877405651
 20
22.323769390530916
 30
0.0
 11
327.7205632438675
 21
22.43306219183789
 31
0.0
  0
LINE
  5
ECF
330
17
100
AcDbEntity
  8
隐藏线
100
AcDbLine
 10
327.6042872110942
 20
22.194347896643638
 30
0.0
 11
327.663877405651
 21
22.323769390530916
 31
0.0
  0
LINE
  5
ED0
330
17
100
AcDbEntity
  8
隐藏线
100
AcDbLine
 10
327.5507807709139
 20
22.062300193840247
 30
0.0
 11
327.6042872110942
 21
22.194347896643638
 31
0.0
  0
LINE
  5
ED1
330
17
100
AcDbEntity
  8
隐藏线
100
AcDbLine
 10
327.5034702936638
 20
21.927904437710847
 30
0.0
 11
327.5507807709139
 21
22.062300193840247
 31
0.0
  0
LINE
  5
ED2
330
17
100
AcDbEntity
  8
隐藏线
100
AcDbLine
 10
327.46245581360733
 20
21.791443397475902
 30
0.0
 11
327.5034702936638
 21
21.927904437710847
 31
0.0
  0
LINE
  5
ED3
330
17
100
AcDbEntity
  8
隐藏线
100
AcDbLine
 10
327.42836479762326
 20
21.65308730081983
 30
0.0
 11
327.46245581360733
 21
21.791443397475902
 31
0.0
  0
LINE
  5
ED4
330
17
100
AcDbEntity
  8
隐藏线
100
AcDbLine
 10
327.400743688065
 20
21.513302268125692
 30
0.0
 11
327.42836479762326
 21
21.65308730081983
 31
0.0
  0
LINE
  5
ED5
330
17
100
AcDbEntity
  8
隐藏线
100
AcDbLine
 10
327.3651291251204
 20
21.230625061089818
 30
0.0
 11
327.3796501756336
 21
21.372382658684874
 31
0.0
  0
LINE
  5
ED6
330
17
100
AcDbEntity
  8
隐藏线
100
AcDbLine
 10
327.35394224466665
 20
21.461250122179734
 30
0.0
 11
327.35394224466665
 21
21.744765317369854
 31
0.0
  0
LINE
  5
ED7
330
17
100
AcDbEntity
  8
隐藏线
100
AcDbLine
 10
327.35394224466665
 20
21.744765317369854
 30
0.0
 11
327.35394224466665
 21
22.02660453625148
 31
0.0
  0
LINE
  5
ED8
330
17
100
AcDbEntity
  8
隐藏线
100
AcDbLine
 10
327.35394224466665
 20
22.02660453625148
 30
0.0
 11
327.35394224466665
 21
22.306174601639757
 31
0.0
  0
LINE
  5
ED9
330
17
100
AcDbEntity
  8
隐藏线
100
AcDbLine
 10
327.35394224466665
 20
22.306174601639757
 30
0.0
 11
327.35394224466665
 21
22.5828867949519
 31
0.0
  0
LINE
  5
EDA
330
17
100
AcDbEntity
  8
隐藏线
100
AcDbLine
 10
327.35394224466665
 20
22.5828867949519
 30
0.0
 11
327.35394224466665
 21
22.85580887542179
 31
0.0
  0
LINE
  5
EDB
330
17
100
AcDbEntity
  8
隐藏线
100
AcDbLine
 10
327.35394224466665
 20
22.85580887542179
 30
0.0
 11
327.35394224466665
 21
23.124600387680587
 31
0.0
  0
LINE
  5
EDC
330
17
100
AcDbEntity
  8
隐藏线
100
AcDbLine
 10
327.35394224466665
 20
23.124600387680587
 30
0.0
 11
327.35394224466665
 21
23.388695793287365
 31
0.0
  0
LINE
  5
EDD
330
17
100
AcDbEntity
  8
隐藏线
100
AcDbLine
 10
327.35394224466665
 20
23.388695793287365
 30
0.0
 11
327.35394224466665
 21
23.647538781061918
 31
0.0
  0
LINE
  5
EDE
330
17
100
AcDbEntity
  8
隐藏线
100
AcDbLine
 10
327.35394224466665
 20
23.647538781061918
 30
0.0
 11
327.35394224466665
 21
23.73376158956657
 31
0.0
  0
LINE
  5
EDF
330
17
100
AcDbEntity
  8
隐藏线
100
AcDbLine
 10
327.35394224466665
 20
23.73376158956657
 30
0.0
 11
327.35394224466665
 21
23.819290763524368
 31
0.0
  0
LINE
  5
EE0
330
17
100
AcDbEntity
  8
隐藏线
100
AcDbLine
 10
327.35394224466665
 20
23.819290763524368
 30
0.0
 11
327.35394224466665
 21
23.90410567160016
 31
0.0
  0
LINE
  5
EE1
330
17
100
AcDbEntity
  8
隐藏线
100
AcDbLine
 10
327.35394224466665
 20
23.90410567160016
 30
0.0
 11
327.35394224466665
 21
23.988185843312262
 31
0.0
  0
LINE
  5
EE2
330
17
100
AcDbEntity
  8
隐藏线
100
AcDbLine
 10
327.35394224466665
 20
23.988185843312262
 30
0.0
 11
327.35394224466665
 21
24.071445876152616
 31
0.0
  0
LINE
  5
EE3
330
17
100
AcDbEntity
  8
隐藏线
100
AcDbLine
 10
327.35394224466665
 20
24.071445876152616
 30
0.0
 11
327.35394224466665
 21
24.153926758391776
 31
0.0
  0
LINE
  5
EE4
330
17
100
AcDbEntity
  8
隐藏线
100
AcDbLine
 10
327.35394224466665
 20
24.153926758391776
 30
0.0
 11
327.35394224466665
 21
24.23560859488971
 31
0.0
  0
LINE
  5
EE5
330
17
100
AcDbEntity
  8
隐藏线
100
AcDbLine
 10
327.35394224466665
 20
24.23560859488971
 30
0.0
 11
327.35394224466665
 21
24.316471670452387
 31
0.0
  0
LINE
  5
EE6
330
17
100
AcDbEntity
  8
隐藏线
100
AcDbLine
 10
327.35394224466665
 20
24.316471670452387
 30
0.0
 11
327.35394224466665
 21
24.471826451848283
 31
0.0
  0
LINE
  5
EE7
330
17
100
AcDbEntity
  8
隐藏线
100
AcDbLine
 10
327.35394224466665
 20
24.471826451848283
 30
0.0
 11
327.35394224466665
 21
24.62381608049203
 31
0.0
  0
LINE
  5
EE8
330
17
100
AcDbEntity
  8
隐藏线
100
AcDbLine
 10
327.35394224466665
 20
24.62381608049203
 30
0.0
 11
327.35394224466665
 21
24.772300651784658
 31
0.0
  0
LINE
  5
EE9
330
17
100
AcDbEntity
  8
隐藏线
100
AcDbLine
 10
327.35394224466665
 20
24.772300651784658
 30
0.0
 11
327.35394224466665
 21
24.917143274710856
 31
0.0
  0
LINE
  5
EEA
330
17
100
AcDbEntity
  8
隐藏线
100
AcDbLine
 10
327.35394224466665
 20
24.917143274710856
 30
0.0
 11
327.35394224466665
 21
25.057881479794467
 31
0.0
  0
LINE
  5
EEB
330
17
100
AcDbEntity
  8
隐藏线
100
AcDbLine
 10
327.35394224466665
 20
25.057881479794467
 30
0.0
 11
327.35394224466665
 21
25.194688365077848
 31
0.0
  0
LINE
  5
EEC
330
17
100
AcDbEntity
  8
隐藏线
100
AcDbLine
 10
327.35394224466665
 20
25.194688365077848
 30
0.0
 11
327.35394224466665
 21
25.32743802919903
 31
0.0
  0
LINE
  5
EED
330
17
100
AcDbEntity
  8
隐藏线
100
AcDbLine
 10
327.35394224466665
 20
25.32743802919903
 30
0.0
 11
327.35394224466665
 21
25.45600805911998
 31
0.0
  0
LINE
  5
EEE
330
17
100
AcDbEntity
  8
隐藏线
100
AcDbLine
 10
327.34146941269705
 20
25.498000660728724
 30
0.0
 11
327.3539422446667
 21
25.45600805912
 31
0.0
  0
LINE
  5
EEF
330
17
100
AcDbEntity
  8
隐藏线
100
AcDbLine
 10
327.3041759639012
 20
25.564005575371972
 30
0.0
 11
327.34146941269705
 21
25.498000660728724
 31
0.0
  0
LINE
  5
EF0
330
17
100
AcDbEntity
  8
隐藏线
100
AcDbLine
 10
327.2422494689487
 20
25.650590268511564
 30
0.0
 11
327.3041759639012
 21
25.564005575371972
 31
0.0
  0
LINE
  5
EF1
330
17
100
AcDbEntity
  8
隐藏线
100
AcDbLine
 10
327.1558774985095
 20
25.754322205609316
 30
0.0
 11
327.2422494689487
 21
25.650590268511564
 31
0.0
  0
LINE
  5
EF2
330
17
100
AcDbEntity
  8
隐藏线
100
AcDbLine
 10
327.04524762325303
 20
25.871768852127055
 30
0.0
 11
327.1558774985095
 21
25.754322205609316
 31
0.0
  0
LINE
  5
EF3
330
17
100
AcDbEntity
  8
隐藏线
100
AcDbLine
 10
326.91054741384914
 20
25.999497673526587
 30
0.0
 11
327.04524762325303
 21
25.871768852127055
 31
0.0
  0
LINE
  5
EF4
330
17
100
AcDbEntity
  8
隐藏线
100
AcDbLine
 10
326.7519644238745
 20
26.134075802826857
 30
0.0
 11
326.91054741384914
 21
25.999497673526587
 31
0.0
  0
LINE
  5
EF5
330
17
100
AcDbEntity
  8
隐藏线
100
AcDbLine
 10
326.56967752369354
 20
26.271901492061264
 30
0.0
 11
326.7519644238745
 21
26.134075802826857
 31
0.0
  0
LINE
  5
EF6
330
17
100
AcDbEntity
  8
隐藏线
100
AcDbLine
 10
326.3638427987845
 20
26.408929846897625
 30
0.0
 11
326.56967752369354
 21
26.271901492061264
 31
0.0
  0
LINE
  5
EF7
330
17
100
AcDbEntity
  8
隐藏线
100
AcDbLine
 10
326.1346126425512
 20
26.54104416534062
 30
0.0
 11
326.3638427987845
 21
26.408929846897625
 31
0.0
  0
LINE
  5
EF8
330
17
100
AcDbEntity
  8
隐藏线
100
AcDbLine
 10
325.8821394483974
 20
26.66412774539493
 30
0.0
 11
326.1346126425512
 21
26.54104416534062
 31
0.0
  0
LINE
  5
EF9
330
17
100
AcDbEntity
  8
隐藏线
100
AcDbLine
 10
325.60657560972686
 20
26.774063885065235
 30
0.0
 11
325.8821394483974
 21
26.66412774539493
 31
0.0
  0
LINE
  5
EFA
330
17
100
AcDbEntity
  8
隐藏线
100
AcDbLine
 10
325.3080735199433
 20
26.866735882356213
 30
0.0
 11
325.60657560972686
 21
26.774063885065235
 31
0.0
  0
LINE
  5
EFB
330
17
100
AcDbEntity
  8
隐藏线
100
AcDbLine
 10
324.9867855724506
 20
26.938027035272547
 30
0.0
 11
325.3080735199433
 21
26.866735882356213
 31
0.0
  0
LINE
  5
EFC
330
17
100
AcDbEntity
  8
隐藏线
100
AcDbLine
 10
324.6428641606524
 20
26.983820641818916
 30
0.0
 11
324.9867855724506
 21
26.938027035272547
 31
0.0
  0
LINE
  5
EFD
330
17
100
AcDbEntity
  8
隐藏线
100
AcDbLine
 10
324.2764616779525
 20
27.0
 30
0.0
 11
324.6428641606524
 21
26.983820641818916
 31
0.0
  0
LINE
  5
EFE
330
17
100
AcDbEntity
  8
隐藏线
100
AcDbLine
 10
324.2764616779525
 20
27.0
 30
0.0
 11
324.2886846614225
 21
26.705948579011316
 31
0.0
  0
LINE
  5
EFF
330
17
100
AcDbEntity
  8
隐藏线
100
AcDbLine
 10
324.2886846614225
 20
26.705948579011316
 30
0.0
 11
324.32523589781977
 21
26.414729033951616
 31
0.0
  0
LINE
  5
F00
330
17
100
AcDbEntity
  8
隐藏线
100
AcDbLine
 10
324.32523589781977
 20
26.414729033951616
 30
0.0
 11
324.3857633787569
 21
26.129145968236614
 31
0.0
  0
LINE
  5
F01
330
17
100
AcDbEntity
  8
隐藏线
100
AcDbLine
 10
324.3857633787569
 20
26.129145968236614
 30
0.0
 11
324.4696841915048
 21
25.85194970290473
 31
0.0
  0
LINE
  5
F02
330
17
100
AcDbEntity
  8
隐藏线
100
AcDbLine
 10
324.4696841915048
 20
25.85194970290473
 30
0.0
 11
324.5761901327609
 21
25.585809789522006
 31
0.0
  0
LINE
  5
F03
330
17
100
AcDbEntity
  8
隐藏线
100
AcDbLine
 10
324.5761901327609
 20
25.585809789522006
 30
0.0
 11
324.7042554920889
 21
25.333289300941193
 31
0.0
  0
LINE
  5
F04
330
17
100
AcDbEntity
  8
隐藏线
100
AcDbLine
 10
324.7042554920889
 20
25.333289300941193
 30
0.0
 11
324.8526469300708
 21
25.096820147509064
 31
0.0
  0
LINE
  5
F05
330
17
100
AcDbEntity
  8
隐藏线
100
AcDbLine
 10
324.8526469300708
 20
25.096820147509064
 30
0.0
 11
325.01993535603975
 21
24.878679656440358
 31
0.0
  0
LINE
  5
F06
330
17
100
AcDbEntity
  8
隐藏线
100
AcDbLine
 10
325.01993535603975
 20
24.878679656440355
 30
0.0
 11
325.2045096910046
 21
24.680968639911786
 31
0.0
  0
LINE
  5
F07
330
17
100
AcDbEntity
  8
隐藏线
100
AcDbLine
 10
325.2045096910046
 20
24.680968639911786
 30
0.0
 11
325.40459238322103
 21
24.50559116309236
 31
0.0
  0
LINE
  5
F08
330
17
100
AcDbEntity
  8
隐藏线
100
AcDbLine
 10
325.40459238322103
 20
24.50559116309236
 30
0.0
 11
325.6182565269866
 21
24.354236206954933
 31
0.0
  0
LINE
  5
F09
330
17
100
AcDbEntity
  8
隐藏线
100
AcDbLine
 10
325.6182565269866
 20
24.354236206954933
 30
0.0
 11
325.8434444197962
 21
24.22836140246614
 31
0.0
  0
LINE
  5
F0A
330
17
100
AcDbEntity
  8
隐藏线
100
AcDbLine
 10
325.8434444197962
 20
24.22836140246614
 30
0.0
 11
326.07798737914186
 21
24.129178992803375
 31
0.0
  0
LINE
  5
F0B
330
17
100
AcDbEntity
  8
隐藏线
100
AcDbLine
 10
326.07798737914186
 20
24.129178992803375
 30
0.0
 11
326.3196266281108
 21
24.057644158790307
 31
0.0
  0
LINE
  5
F0C
330
17
100
AcDbEntity
  8
隐藏线
100
AcDbLine
 10
326.3196266281108
 20
24.057644158790307
 30
0.0
 11
326.5660350486421
 21
24.014445819983408
 31
0.0
  0
LINE
  5
F0D
330
17
100
AcDbEntity
  8
隐藏线
100
AcDbLine
 10
326.5660350486421
 20
24.014445819983408
 30
0.0
 11
326.8148395929454
 21
24.0
 31
0.0
  0
LINE
  5
F0E
330
17
100
AcDbEntity
  8
隐藏线
100
AcDbLine
 10
327.012186798688
 20
23.991910320909458
 30
0.0
 11
327.19633892890494
 21
23.969013517636274
 31
0.0
  0
LINE
  5
F0F
330
17
100
AcDbEntity
  8
隐藏线
100
AcDbLine
 10
327.19633892890494
 20
23.969013517636274
 30
0.0
 11
327.36722228791444
 21
23.933367941178105
 31
0.0
  0
LINE
  5
F10
330
17
100
AcDbEntity
  8
隐藏线
100
AcDbLine
 10
327.36722228791444
 20
23.933367941178105
 30
0.0
 11
327.52476318003465
 21
23.887031942532616
 31
0.0
  0
LINE
  5
F11
330
17
100
AcDbEntity
  8
隐藏线
100
AcDbLine
 10
327.52476318003465
 20
23.887031942532616
 30
0.0
 11
327.6688879095837
 21
23.83206387269746
 31
0.0
  0
LINE
  5
F12
330
17
100
AcDbEntity
  8
隐藏线
100
AcDbLine
 10
327.6688879095837
 20
23.83206387269746
 30
0.0
 11
327.79952278087984
 21
23.770522082670304
 31
0.0
  0
LINE
  5
F13
330
17
100
AcDbEntity
  8
隐藏线
100
AcDbLine
 10
327.79952278087984
 20
23.770522082670304
 30
0.0
 11
327.9165940982412
 21
23.704464923448803
 31
0.0
  0
LINE
  5
F14
330
17
100
AcDbEntity
  8
隐藏线
100
AcDbLine
 10
327.9165940982412
 20
23.704464923448803
 30
0.0
 11
328.02002816598593
 21
23.63595074603062
 31
0.0
  0
LINE
  5
F15
330
17
100
AcDbEntity
  8
隐藏线
100
AcDbLine
 10
328.02002816598593
 20
23.63595074603062
 30
0.0
 11
328.1097512884323
 21
23.567037901413414
 31
0.0
  0
LINE
  5
F16
330
17
100
AcDbEntity
  8
隐藏线
100
AcDbLine
 10
328.1097512884323
 20
23.567037901413414
 30
0.0
 11
328.1856874213555
 21
23.499748836763274
 31
0.0
  0
LINE
  5
F17
330
17
100
AcDbEntity
  8
隐藏线
100
AcDbLine
 10
328.1856874213555
 20
23.499748836763274
 30
0.0
 11
328.2477460269773
 21
23.435884426063502
 31
0.0
  0
LINE
  5
F18
330
17
100
AcDbEntity
  8
隐藏线
100
AcDbLine
 10
328.2477460269773
 20
23.435884426063502
 30
0.0
 11
328.2958310440946
 21
23.377161102804628
 31
0.0
  0
LINE
  5
F19
330
17
100
AcDbEntity
  8
隐藏线
100
AcDbLine
 10
328.2958310440946
 20
23.377161102804628
 30
0.0
 11
328.32984640063137
 21
23.32529513425575
 31
0.0
  0
LINE
  5
F1A
330
17
100
AcDbEntity
  8
隐藏线
100
AcDbLine
 10
328.32984640063137
 20
23.32529513425575
 30
0.0
 11
328.3496960245116
 21
23.28200278768596
 31
0.0
  0
LINE
  5
F1B
330
17
100
AcDbEntity
  8
隐藏线
100
AcDbLine
 10
328.3496960245116
 20
23.28200278768596
 30
0.0
 11
328.3552838436594
 21
23.249000330364346
 31
0.0
  0
LINE
  5
F1C
330
17
100
AcDbEntity
  8
隐藏线
100
AcDbLine
 10
290.41919982791103
 20
26.70594857901132
 30
0.0
 11
290.43142281138097
 21
27.0
 31
0.0
  0
LINE
  5
F1D
330
17
100
AcDbEntity
  8
隐藏线
100
AcDbLine
 10
290.38264859151377
 20
26.414729033951616
 30
0.0
 11
290.41919982791103
 21
26.70594857901132
 31
0.0
  0
LINE
  5
F1E
330
17
100
AcDbEntity
  8
隐藏线
100
AcDbLine
 10
290.32212111057663
 20
26.129145968236614
 30
0.0
 11
290.38264859151377
 21
26.414729033951616
 31
0.0
  0
LINE
  5
F1F
330
17
100
AcDbEntity
  8
隐藏线
100
AcDbLine
 10
290.2382002978287
 20
25.851949702904733
 30
0.0
 11
290.32212111057663
 21
26.129145968236614
 31
0.0
  0
LINE
  5
F20
330
17
100
AcDbEntity
  8
隐藏线
100
AcDbLine
 10
290.13169435657255
 20
25.58580978952201
 30
0.0
 11
290.2382002978287
 21
25.851949702904733
 31
0.0
  0
LINE
  5
F21
330
17
100
AcDbEntity
  8
隐藏线
100
AcDbLine
 10
290.00362899724456
 20
25.333289300941193
 30
0.0
 11
290.13169435657255
 21
25.58580978952201
 31
0.0
  0
LINE
  5
F22
330
17
100
AcDbEntity
  8
隐藏线
100
AcDbLine
 10
289.8552375592627
 20
25.096820147509064
 30
0.0
 11
290.00362899724456
 21
25.333289300941193
 31
0.0
  0
LINE
  5
F23
330
17
100
AcDbEntity
  8
隐藏线
100
AcDbLine
 10
289.6879491332937
 20
24.878679656440358
 30
0.0
 11
289.8552375592627
 21
25.096820147509064
 31
0.0
  0
LINE
  5
F24
330
17
100
AcDbEntity
  8
隐藏线
100
AcDbLine
 10
289.5033747983289
 20
24.68096863991179
 30
0.0
 11
289.6879491332937
 21
24.878679656440358
 31
0.0
  0
LINE
  5
F25
330
17
100
AcDbEntity
  8
隐藏线
100
AcDbLine
 10
289.3032921061125
 20
24.505591163092365
 30
0.0
 11
289.5033747983289
 21
24.68096863991179
 31
0.0
  0
LINE
  5
F26
330
17
100
AcDbEntity
  8
隐藏线
100
AcDbLine
 10
289.0896279623469
 20
24.354236206954933
 30
0.0
 11
289.3032921061125
 21
24.505591163092365
 31
0.0
  0
LINE
  5
F27
330
17
100
AcDbEntity
  8
隐藏线
100
AcDbLine
 10
288.8644400695373
 20
24.22836140246614
 30
0.0
 11
289.0896279623469
 21
24.354236206954933
 31
0.0
  0
LINE
  5
F28
330
17
100
AcDbEntity
  8
隐藏线
100
AcDbLine
 10
288.6298971101917
 20
24.129178992803375
 30
0.0
 11
288.8644400695373
 21
24.22836140246614
 31
0.0
  0
LINE
  5
F29
330
17
100
AcDbEntity
  8
隐藏线
100
AcDbLine
 10
288.3882578612227
 20
24.05764415879031
 30
0.0
 11
288.6298971101917
 21
24.129178992803375
 31
0.0
  0
LINE
  5
F2A
330
17
100
AcDbEntity
  8
隐藏线
100
AcDbLine
 10
288.14184944069143
 20
24.014445819983408
 30
0.0
 11
288.3882578612227
 21
24.05764415879031
 31
0.0
  0
LINE
  5
F2B
330
17
100
AcDbEntity
  8
隐藏线
100
AcDbLine
 10
287.8930448963881
 20
24.0
 30
0.0
 11
288.14184944069143
 21
24.014445819983408
 31
0.0
  0
LINE
  5
F2C
330
17
100
AcDbEntity
  8
隐藏线
100
AcDbLine
 10
286.35258887493586
 20
23.2490813455769
 30
0.0
 11
286.36137070333484
 21
23.22800402956
 31
0.0
  0
LINE
  5
F2D
330
17
100
AcDbEntity
  8
隐藏线
100
AcDbLine
 10
286.35258887493586
 20
23.2490813455769
 30
0.0
 11
286.3581465931243
 21
23.28227928428683
 31
0.0
  0
LINE
  5
F2E
330
17
100
AcDbEntity
  8
隐藏线
100
AcDbLine
 10
286.3581465931243
 20
23.28227928428683
 30
0.0
 11
286.37795578610013
 21
23.325810066554045
 31
0.0
  0
LINE
  5
F2F
330
17
100
AcDbEntity
  8
隐藏线
100
AcDbLine
 10
286.37795578610013
 20
23.325810066554045
 30
0.0
 11
286.4119283820636
 21
23.37788591324279
 31
0.0
  0
LINE
  5
F30
330
17
100
AcDbEntity
  8
隐藏线
100
AcDbLine
 10
286.4119283820636
 20
23.37788591324279
 30
0.0
 11
286.4599763092149
 21
23.436719045217316
 31
0.0
  0
LINE
  5
F31
330
17
100
AcDbEntity
  8
隐藏线
100
AcDbLine
 10
286.4599763092149
 20
23.436719045217316
 30
0.0
 11
286.5220114957541
 21
23.50052168334188
 31
0.0
  0
LINE
  5
F32
330
17
100
AcDbEntity
  8
隐藏线
100
AcDbLine
 10
286.5220114957541
 20
23.50052168334188
 30
0.0
 11
286.59794586988147
 21
23.567506048480727
 31
0.0
  0
LINE
  5
F33
330
17
100
AcDbEntity
  8
隐藏线
100
AcDbLine
 10
286.59794586988147
 20
23.567506048480727
 30
0.0
 11
286.6876913597971
 21
23.635884361498114
 31
0.0
  0
LINE
  5
F34
330
17
100
AcDbEntity
  8
隐藏线
100
AcDbLine
 10
286.6876913597971
 20
23.635884361498114
 30
0.0
 11
286.7911598937012
 21
23.703868843258288
 31
0.0
  0
LINE
  5
F35
330
17
100
AcDbEntity
  8
隐藏线
100
AcDbLine
 10
286.7911598937012
 20
23.703868843258288
 30
0.0
 11
286.9082648803893
 21
23.76963546561578
 31
0.0
  0
LINE
  5
F36
330
17
100
AcDbEntity
  8
隐藏线
100
AcDbLine
 10
286.9082648803893
 20
23.76963546561578
 30
0.0
 11
287.03892886585027
 21
23.83113649704573
 31
0.0
  0
LINE
  5
F37
330
17
100
AcDbEntity
  8
隐藏线
100
AcDbLine
 10
287.03892886585027
 20
23.83113649704573
 30
0.0
 11
287.1830778782141
 21
23.886238953722632
 31
0.0
  0
LINE
  5
F38
330
17
100
AcDbEntity
  8
隐藏线
100
AcDbLine
 10
287.1830778782141
 20
23.886238953722632
 30
0.0
 11
287.34063795246516
 21
23.932809684001498
 31
0.0
  0
LINE
  5
F39
330
17
100
AcDbEntity
  8
隐藏线
100
AcDbLine
 10
287.34063795246516
 20
23.932809684001498
 30
0.0
 11
287.51153512358815
 21
23.96871553623734
 31
0.0
  0
LINE
  5
F3A
330
17
100
AcDbEntity
  8
隐藏线
100
AcDbLine
 10
287.51153512358815
 20
23.96871553623734
 30
0.0
 11
287.6956954265676
 21
23.99182335878517
 31
0.0
  0
LINE
  5
F3B
330
17
100
AcDbEntity
  8
隐藏线
100
AcDbLine
 10
290.06501364967136
 20
26.983646717570338
 30
0.0
 11
290.4314228113809
 21
27.0
 31
0.0
  0
LINE
  5
F3C
330
17
100
AcDbEntity
  8
隐藏线
100
AcDbLine
 10
289.72107091148706
 20
26.93743107247467
 30
0.0
 11
290.06501364967136
 21
26.983646717570338
 31
0.0
  0
LINE
  5
F3D
330
17
100
AcDbEntity
  8
隐藏线
100
AcDbLine
 10
289.39974938933193
 20
26.865619368002978
 30
0.0
 11
289.72107091148706
 21
26.93743107247467
 31
0.0
  0
LINE
  5
F3E
330
17
100
AcDbEntity
  8
隐藏线
100
AcDbLine
 10
289.1012038757097
 20
26.77247790744524
 30
0.0
 11
289.39974938933193
 21
26.865619368002978
 31
0.0
  0
LINE
  5
F3F
330
17
100
AcDbEntity
  8
隐藏线
100
AcDbLine
 10
288.82558916312416
 20
26.662272994091428
 30
0.0
 11
289.1012038757097
 21
26.77247790744524
 31
0.0
  0
LINE
  5
F40
330
17
100
AcDbEntity
  8
隐藏线
100
AcDbLine
 10
288.57306004407906
 20
26.53927093123153
 30
0.0
 11
288.82558916312416
 21
26.662272994091428
 31
0.0
  0
LINE
  5
F41
330
17
100
AcDbEntity
  8
隐藏线
100
AcDbLine
 10
288.34377132027697
 20
26.40773768651654
 30
0.0
 11
288.57306004407906
 21
26.53927093123153
 31
0.0
  0
LINE
  5
F42
330
17
100
AcDbEntity
  8
隐藏线
100
AcDbLine
 10
288.1378824663823
 20
26.271768722996207
 30
0.0
 11
288.34377132027697
 21
26.40773768651654
 31
0.0
  0
LINE
  5
F43
330
17
100
AcDbEntity
  8
隐藏线
100
AcDbLine
 10
287.95556521898465
 20
26.135012096961447
 30
0.0
 11
288.1378824663823
 21
26.271768722996207
 31
0.0
  0
LINE
  5
F44
330
17
100
AcDbEntity
  8
隐藏线
100
AcDbLine
 10
287.7969933016026
 20
26.001043366683763
 30
0.0
 11
287.95556521898465
 21
26.135012096961447
 31
0.0
  0
LINE
  5
F45
330
17
100
AcDbEntity
  8
隐藏线
100
AcDbLine
 10
287.66234043775444
 20
25.873438090434654
 30
0.0
 11
287.7969933016026
 21
26.001043366683763
 31
0.0
  0
LINE
  5
F46
330
17
100
AcDbEntity
  8
隐藏线
100
AcDbLine
 10
287.5517803509586
 20
25.755771826485606
 30
0.0
 11
287.66234043775444
 21
25.873438090434654
 31
0.0
  0
LINE
  5
F47
330
17
100
AcDbEntity
  8
隐藏线
100
AcDbLine
 10
287.4654867647335
 20
25.651620133108125
 30
0.0
 11
287.5517803509586
 21
25.755771826485606
 31
0.0
  0
LINE
  5
F48
330
17
100
AcDbEntity
  8
隐藏线
100
AcDbLine
 10
287.40363340259756
 20
25.5645585685737
 30
0.0
 11
287.4654867647335
 21
25.651620133108125
 31
0.0
  0
LINE
  5
F49
330
17
100
AcDbEntity
  8
隐藏线
100
AcDbLine
 10
287.36639398806915
 20
25.498162691153823
 30
0.0
 11
287.40363340259756
 21
25.5645585685737
 31
0.0
  0
LINE
  5
F4A
330
17
100
AcDbEntity
  8
隐藏线
100
AcDbLine
 10
287.3539422446667
 20
25.45600805912
 30
0.0
 11
287.36639398806915
 21
25.498162691153823
 31
0.0
  0
LINE
  5
F4B
330
17
100
AcDbEntity
  8
隐藏线
100
AcDbLine
 10
287.35389851883565
 20
21.44681818271851
 30
0.0
 11
287.3539422446667
 21
21.461250122179404
 31
0.0
  0
LINE
  5
F4C
330
17
100
AcDbEntity
  8
隐藏线
100
AcDbLine
 10
287.35376734261706
 20
21.432386663956645
 30
0.0
 11
287.35389851883565
 21
21.44681818271851
 31
0.0
  0
LINE
  5
F4D
330
17
100
AcDbEntity
  8
隐藏线
100
AcDbLine
 10
287.35114421972935
 20
21.345829942120567
 30
0.0
 11
287.351799928761
 21
21.360250103553724
 31
0.0
  0
LINE
  5
F4E
330
17
100
AcDbEntity
  8
隐藏线
100
AcDbLine
 10
287.3504011405995
 20
21.331413145249595
 30
0.0
 11
287.35114421972935
 21
21.345829942120567
 31
0.0
  0
LINE
  5
F4F
330
17
100
AcDbEntity
  8
隐藏线
100
AcDbLine
 10
287.3441092849806
 20
21.2450065458476
 30
0.0
 11
287.3453760407223
 21
21.259394334225565
 31
0.0
  0
LINE
  5
F50
330
17
100
AcDbEntity
  8
隐藏线
100
AcDbLine
 10
287.342755364213
 20
21.230625061089693
 30
0.0
 11
287.3441092849806
 21
21.2450065458476
 31
0.0
  0
LINE
  5
F51
330
17
100
AcDbEntity
  8
隐藏线
100
AcDbLine
 10
287.32823431369974
 20
21.372382658684835
 30
0.0
 11
287.342755364213
 21
21.23062506108977
 31
0.0
  0
LINE
  5
F52
330
17
100
AcDbEntity
  8
隐藏线
100
AcDbLine
 10
287.30714080126836
 20
21.513302268125656
 30
0.0
 11
287.32823431369974
 21
21.372382658684835
 31
0.0
  0
LINE
  5
F53
330
17
100
AcDbEntity
  8
隐藏线
100
AcDbLine
 10
287.2795196917101
 20
21.653087300819795
 30
0.0
 11
287.30714080126836
 21
21.513302268125656
 31
0.0
  0
LINE
  5
F54
330
17
100
AcDbEntity
  8
隐藏线
100
AcDbLine
 10
287.24542867572603
 20
21.791443397475874
 30
0.0
 11
287.2795196917101
 21
21.653087300819795
 31
0.0
  0
LINE
  5
F55
330
17
100
AcDbEntity
  8
隐藏线
100
AcDbLine
 10
287.2044141956696
 20
21.927904437710826
 30
0.0
 11
287.24542867572603
 21
21.791443397475874
 31
0.0
  0
LINE
  5
F56
330
17
100
AcDbEntity
  8
隐藏线
100
AcDbLine
 10
287.1571037184195
 20
22.062300193840226
 30
0.0
 11
287.2044141956696
 21
21.927904437710826
 31
0.0
  0
LINE
  5
F57
330
17
100
AcDbEntity
  8
隐藏线
100
AcDbLine
 10
287.1035972782392
 20
22.19434789664362
 30
0.0
 11
287.1571037184195
 21
22.062300193840226
 31
0.0
  0
LINE
  5
F58
330
17
100
AcDbEntity
  8
隐藏线
100
AcDbLine
 10
287.04400708368235
 20
22.323769390530902
 30
0.0
 11
287.1035972782392
 21
22.19434789664362
 31
0.0
  0
LINE
  5
F59
330
17
100
AcDbEntity
  8
隐藏线
100
AcDbLine
 10
286.98732124546586
 20
22.433062191837887
 30
0.0
 11
287.04400708368235
 21
22.323769390530902
 31
0.0
  0
LINE
  5
F5A
330
17
100
AcDbEntity
  8
隐藏线
100
AcDbLine
 10
286.9262936270439
 20
22.53998121885361
 30
0.0
 11
286.98732124546586
 21
22.433062191837887
 31
0.0
  0
LINE
  5
F5B
330
17
100
AcDbEntity
  8
隐藏线
100
AcDbLine
 10
286.86102038420546
 20
22.644358531736355
 30
0.0
 11
286.9262936270439
 21
22.53998121885361
 31
0.0
  0
LINE
  5
F5C
330
17
100
AcDbEntity
  8
隐藏线
100
AcDbLine
 10
286.7916039017672
 20
22.746029919755927
 30
0.0
 11
286.86102038420546
 21
22.644358531736355
 31
0.0
  0
LINE
  5
F5D
330
17
100
AcDbEntity
  8
隐藏线
100
AcDbLine
 10
286.71782897510406
 20
22.844579474194564
 30
0.0
 11
286.7916039017672
 21
22.746029919755927
 31
0.0
  0
LINE
  5
F5E
330
17
100
AcDbEntity
  8
隐藏线
100
AcDbLine
 10
286.6401583923995
 20
22.940076913913337
 30
0.0
 11
286.71782897510406
 21
22.844579474194564
 31
0.0
  0
LINE
  5
F5F
330
17
100
AcDbEntity
  8
隐藏线
100
AcDbLine
 10
286.55871444686255
 20
23.032372288015473
 30
0.0
 11
286.6401583923995
 21
22.940076913913337
 31
0.0
  0
LINE
  5
F60
330
17
100
AcDbEntity
  8
隐藏线
100
AcDbLine
 10
286.47362496784456
 20
23.121320343559653
 30
0.0
 11
286.55871444686255
 21
23.032372288015473
 31
0.0
  0
LINE
  5
F61
330
17
100
AcDbEntity
  8
隐藏线
100
AcDbLine
 10
286.45989364343455
 20
23.134968448704065
 30
0.0
 11
286.47362496784456
 21
23.121320343559653
 31
0.0
  0
LINE
  5
F62
330
17
100
AcDbEntity
  8
隐藏线
100
AcDbLine
 10
286.43217366371357
 20
23.16200254965138
 30
0.0
 11
286.4460763629287
 21
23.14852935979909
 31
0.0
  0
LINE
  5
F63
330
17
100
AcDbEntity
  8
隐藏线
100
AcDbLine
 10
286.4181860862757
 20
23.175387494251176
 30
0.0
 11
286.43217366371357
 21
23.16200254965138
 31
0.0
  0
LINE
  5
F64
330
17
100
AcDbEntity
  8
隐藏线
100
AcDbLine
 10
286.3899446471673
 20
23.201875558850894
 30
0.0
 11
286.40410720559385
 21
23.188676219629674
 31
0.0
  0
LINE
  5
F65
330
17
100
AcDbEntity
  8
隐藏线
100
AcDbLine
 10
287.3539422446667
 20
25.327438029199016
 30
0.0
 11
287.3539422446667
 21
25.45600805911997
 31
0.0
  0
LINE
  5
F66
330
17
100
AcDbEntity
  8
隐藏线
100
AcDbLine
 10
287.3539422446667
 20
25.194688365077834
 30
0.0
 11
287.3539422446667
 21
25.327438029199016
 31
0.0
  0
LINE
  5
F67
330
17
100
AcDbEntity
  8
隐藏线
100
AcDbLine
 10
287.3539422446667
 20
25.057881479794446
 30
0.0
 11
287.3539422446667
 21
25.194688365077834
 31
0.0
  0
LINE
  5
F68
330
17
100
AcDbEntity
  8
隐藏线
100
AcDbLine
 10
287.3539422446667
 20
24.91714327471084
 30
0.0
 11
287.3539422446667
 21
25.057881479794446
 31
0.0
  0
LINE
  5
F69
330
17
100
AcDbEntity
  8
隐藏线
100
AcDbLine
 10
287.3539422446667
 20
24.772300651784633
 30
0.0
 11
287.3539422446667
 21
24.91714327471084
 31
0.0
  0
LINE
  5
F6A
330
17
100
AcDbEntity
  8
隐藏线
100
AcDbLine
 10
287.3539422446667
 20
24.623816080492002
 30
0.0
 11
287.3539422446667
 21
24.772300651784633
 31
0.0
  0
LINE
  5
F6B
330
17
100
AcDbEntity
  8
隐藏线
100
AcDbLine
 10
287.3539422446667
 20
24.47182645184825
 30
0.0
 11
287.3539422446667
 21
24.623816080492002
 31
0.0
  0
LINE
  5
F6C
330
17
100
AcDbEntity
  8
隐藏线
100
AcDbLine
 10
287.3539422446667
 20
24.31647167045235
 30
0.0
 11
287.3539422446667
 21
24.47182645184825
 31
0.0
  0
LINE
  5
F6D
330
17
100
AcDbEntity
  8
隐藏线
100
AcDbLine
 10
287.3539422446667
 20
24.235608594889655
 30
0.0
 11
287.3539422446667
 21
24.31647167045235
 31
0.0
  0
LINE
  5
F6E
330
17
100
AcDbEntity
  8
隐藏线
100
AcDbLine
 10
287.3539422446667
 20
24.153926758391698
 30
0.0
 11
287.3539422446667
 21
24.235608594889655
 31
0.0
  0
LINE
  5
F6F
330
17
100
AcDbEntity
  8
隐藏线
100
AcDbLine
 10
287.3539422446667
 20
24.07144587615251
 30
0.0
 11
287.3539422446667
 21
24.153926758391698
 31
0.0
  0
LINE
  5
F70
330
17
100
AcDbEntity
  8
隐藏线
100
AcDbLine
 10
287.3539422446667
 20
23.988185843312138
 30
0.0
 11
287.3539422446667
 21
24.07144587615251
 31
0.0
  0
LINE
  5
F71
330
17
100
AcDbEntity
  8
隐藏线
100
AcDbLine
 10
287.3539422446667
 20
23.904105671600004
 30
0.0
 11
287.3539422446667
 21
23.988185843312138
 31
0.0
  0
LINE
  5
F72
330
17
100
AcDbEntity
  8
隐藏线
100
AcDbLine
 10
287.3539422446667
 20
23.81929076352419
 30
0.0
 11
287.3539422446667
 21
23.904105671600004
 31
0.0
  0
LINE
  5
F73
330
17
100
AcDbEntity
  8
隐藏线
100
AcDbLine
 10
287.3539422446667
 20
23.733761589566367
 30
0.0
 11
287.3539422446667
 21
23.81929076352419
 31
0.0
  0
LINE
  5
F74
330
17
100
AcDbEntity
  8
隐藏线
100
AcDbLine
 10
287.3539422446667
 20
23.64753878106169
 30
0.0
 11
287.3539422446667
 21
23.733761589566367
 31
0.0
  0
LINE
  5
F75
330
17
100
AcDbEntity
  8
隐藏线
100
AcDbLine
 10
287.3539422446667
 20
23.388695793287106
 30
0.0
 11
287.3539422446667
 21
23.64753878106169
 31
0.0
  0
LINE
  5
F76
330
17
100
AcDbEntity
  8
隐藏线
100
AcDbLine
 10
287.3539422446667
 20
23.1246003876803
 30
0.0
 11
287.3539422446667
 21
23.388695793287106
 31
0.0
  0
LINE
  5
F77
330
17
100
AcDbEntity
  8
隐藏线
100
AcDbLine
 10
287.3539422446667
 20
22.855808875421474
 30
0.0
 11
287.3539422446667
 21
23.1246003876803
 31
0.0
  0
LINE
  5
F78
330
17
100
AcDbEntity
  8
隐藏线
100
AcDbLine
 10
287.3539422446667
 20
22.58288679495155
 30
0.0
 11
287.3539422446667
 21
22.855808875421474
 31
0.0
  0
LINE
  5
F79
330
17
100
AcDbEntity
  8
隐藏线
100
AcDbLine
 10
287.3539422446667
 20
22.306174601639377
 30
0.0
 11
287.3539422446667
 21
22.58288679495155
 31
0.0
  0
LINE
  5
F7A
330
17
100
AcDbEntity
  8
隐藏线
100
AcDbLine
 10
287.3539422446667
 20
22.02660453625107
 30
0.0
 11
287.3539422446667
 21
22.306174601639377
 31
0.0
  0
LINE
  5
F7B
330
17
100
AcDbEntity
  8
隐藏线
100
AcDbLine
 10
287.3539422446667
 20
21.744765317369414
 30
0.0
 11
287.3539422446667
 21
22.02660453625107
 31
0.0
  0
LINE
  5
F7C
330
17
100
AcDbEntity
  8
隐藏线
100
AcDbLine
 10
287.3539422446667
 20
21.461250122179262
 30
0.0
 11
287.3539422446667
 21
21.744765317369414
 31
0.0
  0
LINE
  5
F7D
330
17
100
AcDbEntity
  8
隐藏线
100
AcDbLine
 10
287.35448535234616
 20
21.3748491231186
 30
0.0
 11
287.354907727289
 21
21.34603622708662
 31
0.0
  0
LINE
  5
F7E
330
17
100
AcDbEntity
  8
隐藏线
100
AcDbLine
 10
287.35689864802583
 20
21.25956686732491
 30
0.0
 11
287.3578035008978
 21
21.230735194317955
 31
0.0
  0
LINE
  5
F7F
330
17
100
AcDbEntity
  8
隐藏线
100
AcDbLine
 10
287.35997493076366
 20
21.173062026118444
 30
0.0
 11
287.3612414761517
 21
21.14422153340721
 31
0.0
  0
LINE
  5
F80
330
17
100
AcDbEntity
  8
隐藏线
100
AcDbLine
 10
287.3612414761517
 20
21.14422153340721
 30
0.0
 11
287.3626285541059
 21
21.115379103275874
 31
0.0
  0
LINE
  5
F81
330
17
100
AcDbEntity
  8
隐藏线
100
AcDbLine
 10
287.3657642445013
 20
21.057690435715543
 30
0.0
 11
287.3675128253366
 21
21.02884520076787
 31
0.0
  0
LINE
  5
F82
330
17
100
AcDbEntity
  8
隐藏线
100
AcDbLine
 10
287.3675128253366
 20
21.02884520076787
 30
0.0
 11
287.36938187769283
 21
21.0
 31
0.0
  0
LINE
  5
F83
330
17
100
AcDbEntity
  8
隐藏线
100
AcDbLine
 10
287.3539422446667
 20
25.45600805912
 30
0.0
 11
287.3539422446667
 21
25.730625061089633
 31
0.0
  0
LINE
  5
F84
330
17
100
AcDbEntity
  8
隐藏线
100
AcDbLine
 10
287.3539422446667
 20
25.730625061089633
 30
0.0
 11
287.3539422446667
 21
27.728004029559997
 31
0.0
  0
LINE
  5
F85
330
17
100
AcDbEntity
  8
隐藏线
100
AcDbLine
 10
287.3539422446667
 20
27.728004029559997
 30
0.0
 11
287.3539422446667
 21
30.0
 31
0.0
  0
LINE
  5
F86
330
17
100
AcDbEntity
  8
隐藏线
100
AcDbLine
 10
287.3539422446667
 20
21.4612501221794
 30
0.0
 11
287.3539422446667
 21
25.730625061089633
 31
0.0
  0
LINE
  5
F87
330
17
100
AcDbEntity
  8
隐藏线
100
AcDbLine
 10
287.3539422446667
 20
25.730625061089633
 30
0.0
 11
287.3539422446667
 21
30.0
 31
0.0
  0
LINE
  5
F88
330
17
100
AcDbEntity
  8
隐藏线
100
AcDbLine
 10
327.3539422446667
 20
25.45600805912
 30
0.0
 11
327.3539422446667
 21
25.7306250610898
 31
0.0
  0
LINE
  5
F89
330
17
100
AcDbEntity
  8
隐藏线
100
AcDbLine
 10
327.3539422446667
 20
25.7306250610898
 30
0.0
 11
327.3539422446667
 21
27.728004029559997
 31
0.0
  0
LINE
  5
F8A
330
17
100
AcDbEntity
  8
隐藏线
100
AcDbLine
 10
327.3539422446667
 20
27.728004029559997
 30
0.0
 11
327.3539422446667
 21
30.0
 31
0.0
  0
LINE
  5
F8B
330
17
100
AcDbEntity
  8
隐藏线
100
AcDbLine
 10
287.3539422446667
 20
30.0
 30
0.0
 11
287.76146251247314
 21
30.0
 31
0.0
  0
LINE
  5
F8C
330
17
100
AcDbEntity
  8
隐藏线
100
AcDbLine
 10
287.76146251247314
 20
30.0
 30
0.0
 11
288.90542026255883
 21
30.0
 31
0.0
  0
LINE
  5
F8D
330
17
100
AcDbEntity
  8
隐藏线
100
AcDbLine
 10
288.90542026255883
 20
30.0
 30
0.0
 11
290.7439218439023
 21
30.0
 31
0.0
  0
LINE
  5
F8E
330
17
100
AcDbEntity
  8
隐藏线
100
AcDbLine
 10
290.7439218439023
 20
30.0
 30
0.0
 11
293.21180662093576
 21
30.0
 31
0.0
  0
LINE
  5
F8F
330
17
100
AcDbEntity
  8
隐藏线
100
AcDbLine
 10
293.21180662093576
 20
30.0
 30
0.0
 11
296.256012087643
 21
30.0
 31
0.0
  0
LINE
  5
F90
330
17
100
AcDbEntity
  8
隐藏线
100
AcDbLine
 10
296.256012087643
 20
30.0
 30
0.0
 11
299.7123142339395
 21
30.0
 31
0.0
  0
LINE
  5
F91
330
17
100
AcDbEntity
  8
隐藏线
100
AcDbLine
 10
299.7123142339395
 20
30.0
 30
0.0
 11
303.45630585480546
 21
30.0
 31
0.0
  0
LINE
  5
F92
330
17
100
AcDbEntity
  8
隐藏线
100
AcDbLine
 10
303.45630585480546
 20
30.0
 30
0.0
 11
307.3539422446667
 21
30.0
 31
0.0
  0
LINE
  5
F93
330
17
100
AcDbEntity
  8
隐藏线
100
AcDbLine
 10
307.3539422446667
 20
30.0
 30
0.0
 11
311.25157863452796
 21
30.0
 31
0.0
  0
LINE
  5
F94
330
17
100
AcDbEntity
  8
隐藏线
100
AcDbLine
 10
311.25157863452796
 20
30.0
 30
0.0
 11
314.99557025539394
 21
30.0
 31
0.0
  0
LINE
  5
F95
330
17
100
AcDbEntity
  8
隐藏线
100
AcDbLine
 10
314.99557025539394
 20
30.0
 30
0.0
 11
318.4518724016904
 21
30.0
 31
0.0
  0
LINE
  5
F96
330
17
100
AcDbEntity
  8
隐藏线
100
AcDbLine
 10
318.4518724016904
 20
30.0
 30
0.0
 11
321.49607786839766
 21
30.0
 31
0.0
  0
LINE
  5
F97
330
17
100
AcDbEntity
  8
隐藏线
100
AcDbLine
 10
321.49607786839766
 20
30.0
 30
0.0
 11
323.96396264543114
 21
30.0
 31
0.0
  0
LINE
  5
F98
330
17
100
AcDbEntity
  8
隐藏线
100
AcDbLine
 10
323.96396264543114
 20
30.0
 30
0.0
 11
325.8024642267746
 21
30.0
 31
0.0
  0
LINE
  5
F99
330
17
100
AcDbEntity
  8
隐藏线
100
AcDbLine
 10
325.8024642267746
 20
30.0
 30
0.0
 11
326.9464219768603
 21
30.0
 31
0.0
  0
LINE
  5
F9A
330
17
100
AcDbEntity
  8
隐藏线
100
AcDbLine
 10
326.9464219768603
 20
30.0
 30
0.0
 11
327.3539422446667
 21
30.0
 31
0.0
  0
LINE
  5
F9B
330
17
100
AcDbEntity
  8
隐藏线
100
AcDbLine
 10
327.3539422446667
 20
21.4612501221796
 30
0.0
 11
327.3539422446667
 21
25.7306250610898
 31
0.0
  0
LINE
  5
F9C
330
17
100
AcDbEntity
  8
隐藏线
100
AcDbLine
 10
327.3539422446667
 20
25.7306250610898
 30
0.0
 11
327.3539422446667
 21
30.0
 31
0.0
  0
LINE
  5
F9D
330
17
100
AcDbEntity
  8
隐藏线
100
AcDbLine
 10
297.3539422446667
 20
15.0
 30
0.0
 11
297.3539422446667
 21
18.0
 31
0.0
  0
LINE
  5
F9E
330
17
100
AcDbEntity
  8
隐藏线
100
AcDbLine
 10
297.3539422446667
 20
18.0
 30
0.0
 11
297.3539422446667
 21
21.0
 31
0.0
  0
LINE
  5
F9F
330
17
100
AcDbEntity
  8
隐藏线
100
AcDbLine
 10
297.3539422446667
 20
24.0
 30
0.0
 11
297.3539422446667
 21
24.584645458479187
 31
0.0
  0
LINE
  5
FA0
330
17
100
AcDbEntity
  8
隐藏线
100
AcDbLine
 10
297.3539422446667
 20
24.584645458479187
 30
0.0
 11
297.3539422446667
 21
25.14624420160909
 31
0.0
  0
LINE
  5
FA1
330
17
100
AcDbEntity
  8
隐藏线
100
AcDbLine
 10
297.3539422446667
 20
25.14624420160909
 30
0.0
 11
297.3539422446667
 21
25.66468952355356
 31
0.0
  0
LINE
  5
FA2
330
17
100
AcDbEntity
  8
隐藏线
100
AcDbLine
 10
297.3539422446667
 20
25.66468952355356
 30
0.0
 11
297.3539422446667
 21
26.121320343559642
 31
0.0
  0
LINE
  5
FA3
330
17
100
AcDbEntity
  8
隐藏线
100
AcDbLine
 10
297.3539422446667
 20
26.121320343559642
 30
0.0
 11
297.3539422446667
 21
26.49150306011466
 31
0.0
  0
LINE
  5
FA4
330
17
100
AcDbEntity
  8
隐藏线
100
AcDbLine
 10
297.3539422446667
 20
26.49150306011466
 30
0.0
 11
297.3539422446667
 21
26.767278297316178
 31
0.0
  0
LINE
  5
FA5
330
17
100
AcDbEntity
  8
隐藏线
100
AcDbLine
 10
297.3539422446667
 20
26.767278297316178
 30
0.0
 11
297.3539422446667
 21
26.938871959829036
 31
0.0
  0
LINE
  5
FA6
330
17
100
AcDbEntity
  8
隐藏线
100
AcDbLine
 10
297.3539422446667
 20
26.938871959829036
 30
0.0
 11
297.3539422446667
 21
27.0
 31
0.0
  0
LINE
  5
FA7
330
17
100
AcDbEntity
  8
隐藏线
100
AcDbLine
 10
297.3539422446667
 20
26.992875634655565
 30
0.0
 11
297.3539422446667
 21
27.0
 31
0.0
  0
LINE
  5
FA8
330
17
100
AcDbEntity
  8
隐藏线
100
AcDbLine
 10
297.3539422446667
 20
26.893177189727947
 30
0.0
 11
297.3539422446667
 21
26.93935246292971
 31
0.0
  0
LINE
  5
FA9
330
17
100
AcDbEntity
  8
隐藏线
100
AcDbLine
 10
297.3539422446667
 20
26.760934469356947
 30
0.0
 11
297.3539422446667
 21
26.833260548988978
 31
0.0
  0
LINE
  5
FAA
330
17
100
AcDbEntity
  8
隐藏线
100
AcDbLine
 10
297.3539422446667
 20
26.676502697557034
 30
0.0
 11
297.3539422446667
 21
26.760934469356947
 31
0.0
  0
LINE
  5
FAB
330
17
100
AcDbEntity
  8
隐藏线
100
AcDbLine
 10
297.3539422446667
 20
26.580316167441403
 30
0.0
 11
297.3539422446667
 21
26.676502697557034
 31
0.0
  0
LINE
  5
FAC
330
17
100
AcDbEntity
  8
隐藏线
100
AcDbLine
 10
297.3539422446667
 20
26.35998210961033
 30
0.0
 11
297.3539422446667
 21
26.580316167441403
 31
0.0
  0
LINE
  5
FAD
330
17
100
AcDbEntity
  8
隐藏线
100
AcDbLine
 10
297.3539422446667
 20
26.101152510442283
 30
0.0
 11
297.3539422446667
 21
26.35998210961033
 31
0.0
  0
LINE
  5
FAE
330
17
100
AcDbEntity
  8
隐藏线
100
AcDbLine
 10
297.3539422446667
 20
25.807887198688572
 30
0.0
 11
297.3539422446667
 21
26.101152510442283
 31
0.0
  0
LINE
  5
FAF
330
17
100
AcDbEntity
  8
隐藏线
100
AcDbLine
 10
297.3539422446667
 20
25.484747890043202
 30
0.0
 11
297.3539422446667
 21
25.807887198688572
 31
0.0
  0
LINE
  5
FB0
330
17
100
AcDbEntity
  8
隐藏线
100
AcDbLine
 10
297.3539422446667
 20
25.13525656024857
 30
0.0
 11
297.3539422446667
 21
25.484747890043202
 31
0.0
  0
LINE
  5
FB1
330
17
100
AcDbEntity
  8
隐藏线
100
AcDbLine
 10
297.3539422446667
 20
24.767437293096084
 30
0.0
 11
297.3539422446667
 21
25.13525656024857
 31
0.0
  0
LINE
  5
FB2
330
17
100
AcDbEntity
  8
隐藏线
100
AcDbLine
 10
297.3539422446667
 20
24.387040523872113
 30
0.0
 11
297.3539422446667
 21
24.767437293096084
 31
0.0
  0
LINE
  5
FB3
330
17
100
AcDbEntity
  8
隐藏线
100
AcDbLine
 10
297.3539422446667
 20
24.0
 30
0.0
 11
297.3539422446667
 21
24.387040523872113
 31
0.0
  0
LINE
  5
FB4
330
17
100
AcDbEntity
  8
隐藏线
100
AcDbLine
 10
297.3539422446667
 20
23.612959476127887
 30
0.0
 11
297.3539422446667
 21
24.0
 31
0.0
  0
LINE
  5
FB5
330
17
100
AcDbEntity
  8
隐藏线
100
AcDbLine
 10
297.3539422446667
 20
23.23256270690392
 30
0.0
 11
297.3539422446667
 21
23.612959476127887
 31
0.0
  0
LINE
  5
FB6
330
17
100
AcDbEntity
  8
隐藏线
100
AcDbLine
 10
297.3539422446667
 20
22.864743439751432
 30
0.0
 11
297.3539422446667
 21
23.23256270690392
 31
0.0
  0
LINE
  5
FB7
330
17
100
AcDbEntity
  8
隐藏线
100
AcDbLine
 10
297.3539422446667
 20
22.515252109956798
 30
0.0
 11
297.3539422446667
 21
22.864743439751432
 31
0.0
  0
LINE
  5
FB8
330
17
100
AcDbEntity
  8
隐藏线
100
AcDbLine
 10
297.3539422446667
 20
22.192112801311428
 30
0.0
 11
297.3539422446667
 21
22.515252109956798
 31
0.0
  0
LINE
  5
FB9
330
17
100
AcDbEntity
  8
隐藏线
100
AcDbLine
 10
297.3539422446667
 20
21.898847489557717
 30
0.0
 11
297.3539422446667
 21
22.192112801311428
 31
0.0
  0
LINE
  5
FBA
330
17
100
AcDbEntity
  8
隐藏线
100
AcDbLine
 10
297.3539422446667
 20
21.64001789038967
 30
0.0
 11
297.3539422446667
 21
21.898847489557717
 31
0.0
  0
LINE
  5
FBB
330
17
100
AcDbEntity
  8
隐藏线
100
AcDbLine
 10
297.3539422446667
 20
21.419683832558597
 30
0.0
 11
297.3539422446667
 21
21.64001789038967
 31
0.0
  0
LINE
  5
FBC
330
17
100
AcDbEntity
  8
隐藏线
100
AcDbLine
 10
297.3539422446667
 20
21.166739451011022
 30
0.0
 11
297.3539422446667
 21
21.239065530643053
 31
0.0
  0
LINE
  5
FBD
330
17
100
AcDbEntity
  8
隐藏线
100
AcDbLine
 10
297.3539422446667
 20
21.007124365344435
 30
0.0
 11
297.3539422446667
 21
21.027368999025796
 31
0.0
  0
LINE
  5
FBE
330
17
100
AcDbEntity
  8
隐藏线
100
AcDbLine
 10
297.3539422446667
 20
21.232721702683822
 30
0.0
 11
297.3539422446667
 21
21.508496939885337
 31
0.0
  0
LINE
  5
FBF
330
17
100
AcDbEntity
  8
隐藏线
100
AcDbLine
 10
297.3539422446667
 20
21.508496939885337
 30
0.0
 11
297.3539422446667
 21
21.878679656440355
 31
0.0
  0
LINE
  5
FC0
330
17
100
AcDbEntity
  8
隐藏线
100
AcDbLine
 10
297.3539422446667
 20
21.878679656440355
 30
0.0
 11
297.3539422446667
 21
22.33531047644644
 31
0.0
  0
LINE
  5
FC1
330
17
100
AcDbEntity
  8
隐藏线
100
AcDbLine
 10
297.3539422446667
 20
22.33531047644644
 30
0.0
 11
297.3539422446667
 21
22.85375579839091
 31
0.0
  0
LINE
  5
FC2
330
17
100
AcDbEntity
  8
隐藏线
100
AcDbLine
 10
297.3539422446667
 20
22.85375579839091
 30
0.0
 11
297.3539422446667
 21
23.415354541520813
 31
0.0
  0
LINE
  5
FC3
330
17
100
AcDbEntity
  8
隐藏线
100
AcDbLine
 10
297.3539422446667
 20
23.415354541520813
 30
0.0
 11
297.3539422446667
 21
24.0
 31
0.0
  0
LINE
  5
FC4
330
17
100
AcDbEntity
  8
隐藏线
100
AcDbLine
 10
330.22925197607816
 20
2.0
 30
0.0
 11
332.8342567125584
 21
2.0
 31
0.0
  0
LINE
  5
FC5
330
17
100
AcDbEntity
  8
隐藏线
100
AcDbLine
 10
330.0863796620995
 20
2.0
 30
0.0
 11
330.22925197607816
 21
2.0
 31
0.0
  0
LINE
  5
FC6
330
17
100
AcDbEntity
  8
隐藏线
100
AcDbLine
 10
327.3385026116406
 20
2.0
 30
0.0
 11
330.0863796620995
 21
2.0
 31
0.0
  0
LINE
  5
FC7
330
17
100
AcDbEntity
  8
隐藏线
100
AcDbLine
 10
332.85361578520576
 20
2.0
 30
0.0
 11
332.8539422446667
 21
2.0
 31
0.0
  0
LINE
  5
FC8
330
17
100
AcDbEntity
  8
隐藏线
100
AcDbLine
 10
284.62150482723393
 20
2.0
 30
0.0
 11
287.36938187769283
 21
2.0
 31
0.0
  0
LINE
  5
FC9
330
17
100
AcDbEntity
  8
隐藏线
100
AcDbLine
 10
284.47863251325526
 20
2.0
 30
0.0
 11
284.62150482723393
 21
2.0
 31
0.0
  0
LINE
  5
FCA
330
17
100
AcDbEntity
  8
隐藏线
100
AcDbLine
 10
281.873627776775
 20
2.0
 30
0.0
 11
284.47863251325526
 21
2.0
 31
0.0
  0
LINE
  5
FCB
330
17
100
AcDbEntity
  8
隐藏线
100
AcDbLine
 10
317.3539422446667
 20
23.415354541520813
 30
0.0
 11
317.3539422446667
 21
24.0
 31
0.0
  0
LINE
  5
FCC
330
17
100
AcDbEntity
  8
隐藏线
100
AcDbLine
 10
317.3539422446667
 20
22.85375579839091
 30
0.0
 11
317.3539422446667
 21
23.415354541520813
 31
0.0
  0
LINE
  5
FCD
330
17
100
AcDbEntity
  8
隐藏线
100
AcDbLine
 10
317.3539422446667
 20
22.33531047644644
 30
0.0
 11
317.3539422446667
 21
22.85375579839091
 31
0.0
  0
LINE
  5
FCE
330
17
100
AcDbEntity
  8
隐藏线
100
AcDbLine
 10
317.3539422446667
 20
21.878679656440358
 30
0.0
 11
317.3539422446667
 21
22.33531047644644
 31
0.0
  0
LINE
  5
FCF
330
17
100
AcDbEntity
  8
隐藏线
100
AcDbLine
 10
317.3539422446667
 20
21.50849693988534
 30
0.0
 11
317.3539422446667
 21
21.878679656440358
 31
0.0
  0
LINE
  5
FD0
330
17
100
AcDbEntity
  8
隐藏线
100
AcDbLine
 10
317.3539422446667
 20
21.232721702683822
 30
0.0
 11
317.3539422446667
 21
21.50849693988534
 31
0.0
  0
LINE
  5
FD1
330
17
100
AcDbEntity
  8
隐藏线
100
AcDbLine
 10
317.3539422446667
 20
21.061128040170964
 30
0.0
 11
317.3539422446667
 21
21.232721702683822
 31
0.0
  0
LINE
  5
FD2
330
17
100
AcDbEntity
  8
隐藏线
100
AcDbLine
 10
317.3539422446667
 20
21.0
 30
0.0
 11
317.3539422446667
 21
21.061128040170964
 31
0.0
  0
LINE
  5
FD3
330
17
100
AcDbEntity
  8
隐藏线
100
AcDbLine
 10
317.3539422446667
 20
21.0
 30
0.0
 11
317.3539422446667
 21
21.014201146577463
 31
0.0
  0
LINE
  5
FD4
330
17
100
AcDbEntity
  8
隐藏线
100
AcDbLine
 10
317.3539422446667
 20
21.05449103115142
 30
0.0
 11
317.3539422446667
 21
21.120527024128442
 31
0.0
  0
LINE
  5
FD5
330
17
100
AcDbEntity
  8
隐藏线
100
AcDbLine
 10
317.3539422446667
 20
21.211766410330625
 30
0.0
 11
317.3539422446667
 21
21.32940320579888
 31
0.0
  0
LINE
  5
FD6
330
17
100
AcDbEntity
  8
隐藏线
100
AcDbLine
 10
317.3539422446667
 20
21.32940320579888
 30
0.0
 11
317.3539422446667
 21
21.470330938437908
 31
0.0
  0
LINE
  5
FD7
330
17
100
AcDbEntity
  8
隐藏线
100
AcDbLine
 10
317.3539422446667
 20
21.470330938437908
 30
0.0
 11
317.3539422446667
 21
21.633370005508997
 31
0.0
  0
LINE
  5
FD8
330
17
100
AcDbEntity
  8
隐藏线
100
AcDbLine
 10
317.3539422446667
 20
21.633370005508997
 30
0.0
 11
317.3539422446667
 21
21.81716896629296
 31
0.0
  0
LINE
  5
FD9
330
17
100
AcDbEntity
  8
隐藏线
100
AcDbLine
 10
317.3539422446667
 20
21.81716896629296
 30
0.0
 11
317.3539422446667
 21
22.038362302273168
 31
0.0
  0
LINE
  5
FDA
330
17
100
AcDbEntity
  8
隐藏线
100
AcDbLine
 10
317.3539422446667
 20
22.038362302273168
 30
0.0
 11
317.3539422446667
 21
22.279363741145335
 31
0.0
  0
LINE
  5
FDB
330
17
100
AcDbEntity
  8
隐藏线
100
AcDbLine
 10
317.3539422446667
 20
22.279363741145335
 30
0.0
 11
317.3539422446667
 21
22.537836373824508
 31
0.0
  0
LINE
  5
FDC
330
17
100
AcDbEntity
  8
隐藏线
100
AcDbLine
 10
317.3539422446667
 20
22.537836373824508
 30
0.0
 11
317.3539422446667
 21
22.811285556935562
 31
0.0
  0
LINE
  5
FDD
330
17
100
AcDbEntity
  8
隐藏线
100
AcDbLine
 10
317.3539422446667
 20
22.811285556935562
 30
0.0
 11
317.3539422446667
 21
23.097807846981002
 31
0.0
  0
LINE
  5
FDE
330
17
100
AcDbEntity
  8
隐藏线
100
AcDbLine
 10
317.3539422446667
 20
23.097807846981002
 30
0.0
 11
317.3539422446667
 21
23.393350857565924
 31
0.0
  0
LINE
  5
FDF
330
17
100
AcDbEntity
  8
隐藏线
100
AcDbLine
 10
317.3539422446667
 20
23.393350857565924
 30
0.0
 11
317.3539422446667
 21
23.69505373179767
 31
0.0
  0
LINE
  5
FE0
330
17
100
AcDbEntity
  8
隐藏线
100
AcDbLine
 10
317.3539422446667
 20
24.0
 30
0.0
 11
317.3539422446667
 21
24.30494626820233
 31
0.0
  0
LINE
  5
FE1
330
17
100
AcDbEntity
  8
隐藏线
100
AcDbLine
 10
317.3539422446667
 20
24.30494626820233
 30
0.0
 11
317.3539422446667
 21
24.606649142434073
 31
0.0
  0
LINE
  5
FE2
330
17
100
AcDbEntity
  8
隐藏线
100
AcDbLine
 10
317.3539422446667
 20
24.606649142434073
 30
0.0
 11
317.3539422446667
 21
24.902192153018998
 31
0.0
  0
LINE
  5
FE3
330
17
100
AcDbEntity
  8
隐藏线
100
AcDbLine
 10
317.3539422446667
 20
24.902192153018998
 30
0.0
 11
317.3539422446667
 21
25.188714443064434
 31
0.0
  0
LINE
  5
FE4
330
17
100
AcDbEntity
  8
隐藏线
100
AcDbLine
 10
317.3539422446667
 20
25.188714443064434
 30
0.0
 11
317.3539422446667
 21
25.46216362617549
 31
0.0
  0
LINE
  5
FE5
330
17
100
AcDbEntity
  8
隐藏线
100
AcDbLine
 10
317.3539422446667
 20
25.46216362617549
 30
0.0
 11
317.3539422446667
 21
25.720636258854665
 31
0.0
  0
LINE
  5
FE6
330
17
100
AcDbEntity
  8
隐藏线
100
AcDbLine
 10
317.3539422446667
 20
25.720636258854665
 30
0.0
 11
317.3539422446667
 21
25.96163769772683
 31
0.0
  0
LINE
  5
FE7
330
17
100
AcDbEntity
  8
隐藏线
100
AcDbLine
 10
317.3539422446667
 20
25.96163769772683
 30
0.0
 11
317.3539422446667
 21
26.18283103370704
 31
0.0
  0
LINE
  5
FE8
330
17
100
AcDbEntity
  8
隐藏线
100
AcDbLine
 10
317.3539422446667
 20
26.18283103370704
 30
0.0
 11
317.3539422446667
 21
26.366629994491003
 31
0.0
  0
LINE
  5
FE9
330
17
100
AcDbEntity
  8
隐藏线
100
AcDbLine
 10
317.3539422446667
 20
26.366629994491003
 30
0.0
 11
317.3539422446667
 21
26.529669061562092
 31
0.0
  0
LINE
  5
FEA
330
17
100
AcDbEntity
  8
隐藏线
100
AcDbLine
 10
317.3539422446667
 20
26.529669061562092
 30
0.0
 11
317.3539422446667
 21
26.67059679420112
 31
0.0
  0
LINE
  5
FEB
330
17
100
AcDbEntity
  8
隐藏线
100
AcDbLine
 10
317.3539422446667
 20
26.67059679420112
 30
0.0
 11
317.3539422446667
 21
26.788233589669375
 31
0.0
  0
LINE
  5
FEC
330
17
100
AcDbEntity
  8
隐藏线
100
AcDbLine
 10
317.3539422446667
 20
26.788233589669375
 30
0.0
 11
317.3539422446667
 21
26.879472975871558
 31
0.0
  0
LINE
  5
FED
330
17
100
AcDbEntity
  8
隐藏线
100
AcDbLine
 10
317.3539422446667
 20
26.879472975871558
 30
0.0
 11
317.3539422446667
 21
26.945508968848582
 31
0.0
  0
LINE
  5
FEE
330
17
100
AcDbEntity
  8
隐藏线
100
AcDbLine
 10
317.3539422446667
 20
26.945508968848582
 30
0.0
 11
317.3539422446667
 21
26.985798853422537
 31
0.0
  0
LINE
  5
FEF
330
17
100
AcDbEntity
  8
隐藏线
100
AcDbLine
 10
317.3539422446667
 20
26.985798853422537
 30
0.0
 11
317.3539422446667
 21
27.0
 31
0.0
  0
LINE
  5
FF0
330
17
100
AcDbEntity
  8
隐藏线
100
AcDbLine
 10
317.3539422446667
 20
26.491503060114663
 30
0.0
 11
317.3539422446667
 21
26.767278297316178
 31
0.0
  0
LINE
  5
FF1
330
17
100
AcDbEntity
  8
隐藏线
100
AcDbLine
 10
317.3539422446667
 20
26.121320343559645
 30
0.0
 11
317.3539422446667
 21
26.491503060114663
 31
0.0
  0
LINE
  5
FF2
330
17
100
AcDbEntity
  8
隐藏线
100
AcDbLine
 10
317.3539422446667
 20
25.66468952355356
 30
0.0
 11
317.3539422446667
 21
26.121320343559645
 31
0.0
  0
LINE
  5
FF3
330
17
100
AcDbEntity
  8
隐藏线
100
AcDbLine
 10
317.3539422446667
 20
25.14624420160909
 30
0.0
 11
317.3539422446667
 21
25.66468952355356
 31
0.0
  0
LINE
  5
FF4
330
17
100
AcDbEntity
  8
隐藏线
100
AcDbLine
 10
317.3539422446667
 20
24.584645458479187
 30
0.0
 11
317.3539422446667
 21
25.14624420160909
 31
0.0
  0
LINE
  5
FF5
330
17
100
AcDbEntity
  8
隐藏线
100
AcDbLine
 10
317.3539422446667
 20
24.0
 30
0.0
 11
317.3539422446667
 21
24.584645458479187
 31
0.0
  0
LINE
  5
FF6
330
17
100
AcDbEntity
  8
隐藏线
100
AcDbLine
 10
301.3539422446667
 20
30.0
 30
0.0
 11
301.4761983250086
 21
30.0
 31
0.0
  0
LINE
  5
FF7
330
17
100
AcDbEntity
  8
隐藏线
100
AcDbLine
 10
301.4761983250086
 20
30.0
 30
0.0
 11
301.81938565003435
 21
30.0
 31
0.0
  0
LINE
  5
FF8
330
17
100
AcDbEntity
  8
隐藏线
100
AcDbLine
 10
301.81938565003435
 20
30.0
 30
0.0
 11
302.3709361244374
 21
30.0
 31
0.0
  0
LINE
  5
FF9
330
17
100
AcDbEntity
  8
隐藏线
100
AcDbLine
 10
302.3709361244374
 20
30.0
 30
0.0
 11
303.11130155754745
 21
30.0
 31
0.0
  0
LINE
  5
FFA
330
17
100
AcDbEntity
  8
隐藏线
100
AcDbLine
 10
303.11130155754745
 20
30.0
 30
0.0
 11
304.0245631975596
 21
30.0
 31
0.0
  0
LINE
  5
FFB
330
17
100
AcDbEntity
  8
隐藏线
100
AcDbLine
 10
304.0245631975596
 20
30.0
 30
0.0
 11
305.06145384144855
 21
30.0
 31
0.0
  0
LINE
  5
FFC
330
17
100
AcDbEntity
  8
隐藏线
100
AcDbLine
 10
305.06145384144855
 20
30.0
 30
0.0
 11
306.1846513277083
 21
30.0
 31
0.0
  0
LINE
  5
FFD
330
17
100
AcDbEntity
  8
隐藏线
100
AcDbLine
 10
306.1846513277083
 20
30.0
 30
0.0
 11
307.3539422446667
 21
30.0
 31
0.0
  0
LINE
  5
FFE
330
17
100
AcDbEntity
  8
隐藏线
100
AcDbLine
 10
307.3539422446667
 20
30.0
 30
0.0
 11
308.5232331616251
 21
30.0
 31
0.0
  0
LINE
  5
FFF
330
17
100
AcDbEntity
  8
隐藏线
100
AcDbLine
 10
308.5232331616251
 20
30.0
 30
0.0
 11
309.64643064788487
 21
30.0
 31
0.0
  0
LINE
  5
1000
330
17
100
AcDbEntity
  8
隐藏线
100
AcDbLine
 10
309.64643064788487
 20
30.0
 30
0.0
 11
310.68332129177384
 21
30.0
 31
0.0
  0
LINE
  5
1001
330
17
100
AcDbEntity
  8
隐藏线
100
AcDbLine
 10
310.68332129177384
 20
30.0
 30
0.0
 11
311.596582931786
 21
30.0
 31
0.0
  0
LINE
  5
1002
330
17
100
AcDbEntity
  8
隐藏线
100
AcDbLine
 10
311.596582931786
 20
30.0
 30
0.0
 11
312.33694836489605
 21
30.0
 31
0.0
  0
LINE
  5
1003
330
17
100
AcDbEntity
  8
隐藏线
100
AcDbLine
 10
312.33694836489605
 20
30.0
 30
0.0
 11
312.8884988392991
 21
30.0
 31
0.0
  0
LINE
  5
1004
330
17
100
AcDbEntity
  8
隐藏线
100
AcDbLine
 10
312.8884988392991
 20
30.0
 30
0.0
 11
313.2316861643248
 21
30.0
 31
0.0
  0
LINE
  5
1005
330
17
100
AcDbEntity
  8
隐藏线
100
AcDbLine
 10
313.2316861643248
 20
30.0
 30
0.0
 11
313.3539422446667
 21
30.0
 31
0.0
  0
LINE
  5
1006
330
17
100
AcDbEntity
  8
隐藏线
100
AcDbLine
 10
308.3539422446667
 20
2.0
 30
0.0
 11
308.3539422446667
 21
13.0
 31
0.0
  0
LINE
  5
1007
330
17
100
AcDbEntity
  8
隐藏线
100
AcDbLine
 10
308.3539422446667
 20
13.0
 30
0.0
 11
308.3539422446667
 21
19.000000000000004
 31
0.0
  0
LINE
  5
1008
330
17
100
AcDbEntity
  8
隐藏线
100
AcDbLine
 10
308.3539422446667
 20
19.000000000000004
 30
0.0
 11
308.3539422446667
 21
24.0
 31
0.0
  0
LINE
  5
1009
330
17
100
AcDbEntity
  8
隐藏线
100
AcDbLine
 10
308.3539422446667
 20
23.655779594061965
 30
0.0
 11
308.3539422446667
 21
24.0
 31
0.0
  0
LINE
  5
100A
330
17
100
AcDbEntity
  8
隐藏线
100
AcDbLine
 10
308.3539422446667
 20
23.316227980677265
 30
0.0
 11
308.3539422446667
 21
23.655779594061965
 31
0.0
  0
LINE
  5
100B
330
17
100
AcDbEntity
  8
隐藏线
100
AcDbLine
 10
308.3539422446667
 20
22.98553064420596
 30
0.0
 11
308.3539422446667
 21
23.316227980677265
 31
0.0
  0
LINE
  5
100C
330
17
100
AcDbEntity
  8
隐藏线
100
AcDbLine
 10
308.3539422446667
 20
22.66777111632667
 30
0.0
 11
308.3539422446667
 21
22.98553064420596
 31
0.0
  0
LINE
  5
100D
330
17
100
AcDbEntity
  8
隐藏线
100
AcDbLine
 10
308.3539422446667
 20
22.36869526632925
 30
0.0
 11
308.3539422446667
 21
22.66777111632667
 31
0.0
  0
LINE
  5
100E
330
17
100
AcDbEntity
  8
隐藏线
100
AcDbLine
 10
308.3539422446667
 20
22.36869526632925
 30
0.0
 11
308.3539422446667
 21
22.090923598239275
 31
0.0
  0
LINE
  5
100F
330
17
100
AcDbEntity
  8
隐藏线
100
AcDbLine
 10
308.3539422446667
 20
21.837872876067436
 30
0.0
 11
308.3539422446667
 21
22.090923598239275
 31
0.0
  0
LINE
  5
1010
330
17
100
AcDbEntity
  8
隐藏线
100
AcDbLine
 10
308.3539422446667
 20
21.612675214185774
 30
0.0
 11
308.3539422446667
 21
21.837872876067436
 31
0.0
  0
LINE
  5
1011
330
17
100
AcDbEntity
  8
隐藏线
100
AcDbLine
 10
308.3539422446667
 20
21.473505892364937
 30
0.0
 11
308.3539422446667
 21
21.612675214185774
 31
0.0
  0
LINE
  5
1012
330
17
100
AcDbEntity
  8
隐藏线
100
AcDbLine
 10
308.3539422446667
 20
21.35073305205945
 30
0.0
 11
308.3539422446667
 21
21.473505892364937
 31
0.0
  0
LINE
  5
1013
330
17
100
AcDbEntity
  8
隐藏线
100
AcDbLine
 10
308.3539422446667
 20
21.245110235076446
 30
0.0
 11
308.3539422446667
 21
21.35073305205945
 31
0.0
  0
LINE
  5
1014
330
17
100
AcDbEntity
  8
隐藏线
100
AcDbLine
 10
308.3539422446667
 20
21.15729228046193
 30
0.0
 11
308.3539422446667
 21
21.245110235076446
 31
0.0
  0
LINE
  5
1015
330
17
100
AcDbEntity
  8
隐藏线
100
AcDbLine
 10
308.3539422446667
 20
21.15729228046193
 30
0.0
 11
308.3539422446667
 21
21.089407349801082
 31
0.0
  0
LINE
  5
1016
330
17
100
AcDbEntity
  8
隐藏线
100
AcDbLine
 10
308.3539422446667
 20
21.040383127254263
 30
0.0
 11
308.3539422446667
 21
21.089407349801082
 31
0.0
  0
LINE
  5
1017
330
17
100
AcDbEntity
  8
隐藏线
100
AcDbLine
 10
308.3539422446667
 20
21.010517977534235
 30
0.0
 11
308.3539422446667
 21
21.040383127254263
 31
0.0
  0
LINE
  5
1018
330
17
100
AcDbEntity
  8
隐藏线
100
AcDbLine
 10
308.3539422446667
 20
21.061128040170964
 30
0.0
 11
308.3539422446667
 21
21.232721702683822
 31
0.0
  0
LINE
  5
1019
330
17
100
AcDbEntity
  8
隐藏线
100
AcDbLine
 10
308.3539422446667
 20
21.232721702683822
 30
0.0
 11
308.3539422446667
 21
21.50849693988534
 31
0.0
  0
LINE
  5
101A
330
17
100
AcDbEntity
  8
隐藏线
100
AcDbLine
 10
308.3539422446667
 20
21.50849693988534
 30
0.0
 11
308.3539422446667
 21
21.878679656440358
 31
0.0
  0
LINE
  5
101B
330
17
100
AcDbEntity
  8
隐藏线
100
AcDbLine
 10
308.3539422446667
 20
21.878679656440358
 30
0.0
 11
308.3539422446667
 21
22.33531047644644
 31
0.0
  0
LINE
  5
101C
330
17
100
AcDbEntity
  8
隐藏线
100
AcDbLine
 10
308.3539422446667
 20
22.33531047644644
 30
0.0
 11
308.3539422446667
 21
22.85375579839091
 31
0.0
  0
LINE
  5
101D
330
17
100
AcDbEntity
  8
隐藏线
100
AcDbLine
 10
308.3539422446667
 20
22.85375579839091
 30
0.0
 11
308.3539422446667
 21
23.415354541520813
 31
0.0
  0
LINE
  5
101E
330
17
100
AcDbEntity
  8
隐藏线
100
AcDbLine
 10
308.3539422446667
 20
23.415354541520813
 30
0.0
 11
308.3539422446667
 21
24.0
 31
0.0
  0
LINE
  5
101F
330
17
100
AcDbEntity
  8
隐藏线
100
AcDbLine
 10
308.3539422446667
 20
24.0
 30
0.0
 11
308.3539422446667
 21
24.584645458479187
 31
0.0
  0
LINE
  5
1020
330
17
100
AcDbEntity
  8
隐藏线
100
AcDbLine
 10
308.3539422446667
 20
24.584645458479187
 30
0.0
 11
308.3539422446667
 21
25.14624420160909
 31
0.0
  0
LINE
  5
1021
330
17
100
AcDbEntity
  8
隐藏线
100
AcDbLine
 10
308.3539422446667
 20
25.14624420160909
 30
0.0
 11
308.3539422446667
 21
25.66468952355356
 31
0.0
  0
LINE
  5
1022
330
17
100
AcDbEntity
  8
隐藏线
100
AcDbLine
 10
308.3539422446667
 20
26.121320343559642
 30
0.0
 11
308.3539422446667
 21
25.66468952355356
 31
0.0
  0
LINE
  5
1023
330
17
100
AcDbEntity
  8
隐藏线
100
AcDbLine
 10
308.3539422446667
 20
26.121320343559642
 30
0.0
 11
308.3539422446667
 21
26.49150306011466
 31
0.0
  0
LINE
  5
1024
330
17
100
AcDbEntity
  8
隐藏线
100
AcDbLine
 10
308.3539422446667
 20
26.49150306011466
 30
0.0
 11
308.3539422446667
 21
26.767278297316178
 31
0.0
  0
LINE
  5
1025
330
17
100
AcDbEntity
  8
隐藏线
100
AcDbLine
 10
308.3539422446667
 20
26.938871959829036
 30
0.0
 11
308.3539422446667
 21
26.767278297316178
 31
0.0
  0
LINE
  5
1026
330
17
100
AcDbEntity
  8
隐藏线
100
AcDbLine
 10
308.3539422446667
 20
26.938871959829036
 30
0.0
 11
308.3539422446667
 21
27.0
 31
0.0
  0
LINE
  5
1027
330
17
100
AcDbEntity
  8
隐藏线
100
AcDbLine
 10
308.3539422446667
 20
26.989482022465765
 30
0.0
 11
308.3539422446667
 21
27.0
 31
0.0
  0
LINE
  5
1028
330
17
100
AcDbEntity
  8
隐藏线
100
AcDbLine
 10
308.3539422446667
 20
26.842707719538073
 30
0.0
 11
308.3539422446667
 21
26.91059265019892
 31
0.0
  0
LINE
  5
1029
330
17
100
AcDbEntity
  8
隐藏线
100
AcDbLine
 10
308.3539422446667
 20
26.754889764923558
 30
0.0
 11
308.3539422446667
 21
26.842707719538073
 31
0.0
  0
LINE
  5
102A
330
17
100
AcDbEntity
  8
隐藏线
100
AcDbLine
 10
308.3539422446667
 20
26.64926694794055
 30
0.0
 11
308.3539422446667
 21
26.754889764923558
 31
0.0
  0
LINE
  5
102B
330
17
100
AcDbEntity
  8
隐藏线
100
AcDbLine
 10
308.3539422446667
 20
26.526494107635063
 30
0.0
 11
308.3539422446667
 21
26.64926694794055
 31
0.0
  0
LINE
  5
102C
330
17
100
AcDbEntity
  8
隐藏线
100
AcDbLine
 10
308.3539422446667
 20
26.38732478581423
 30
0.0
 11
308.3539422446667
 21
26.526494107635063
 31
0.0
  0
LINE
  5
102D
330
17
100
AcDbEntity
  8
隐藏线
100
AcDbLine
 10
308.3539422446667
 20
26.162127123932564
 30
0.0
 11
308.3539422446667
 21
26.38732478581423
 31
0.0
  0
LINE
  5
102E
330
17
100
AcDbEntity
  8
隐藏线
100
AcDbLine
 10
308.3539422446667
 20
25.909076401760732
 30
0.0
 11
308.3539422446667
 21
26.162127123932564
 31
0.0
  0
LINE
  5
102F
330
17
100
AcDbEntity
  8
隐藏线
100
AcDbLine
 10
308.3539422446667
 20
25.01446935579404
 30
0.0
 11
308.3539422446667
 21
25.332228883673338
 31
0.0
  0
LINE
  5
1030
330
17
100
AcDbEntity
  8
隐藏线
100
AcDbLine
 10
308.3539422446667
 20
24.683772019322735
 30
0.0
 11
308.3539422446667
 21
25.01446935579404
 31
0.0
  0
LINE
  5
1031
330
17
100
AcDbEntity
  8
隐藏线
100
AcDbLine
 10
308.3539422446667
 20
24.344220405938035
 30
0.0
 11
308.3539422446667
 21
24.683772019322735
 31
0.0
  0
LINE
  5
1032
330
17
100
AcDbEntity
  8
隐藏线
100
AcDbLine
 10
308.3539422446667
 20
24.0
 30
0.0
 11
308.3539422446667
 21
24.344220405938035
 31
0.0
  0
LINE
  5
1033
330
17
100
AcDbEntity
  8
隐藏线
100
AcDbLine
 10
301.3539422446667
 20
2.0
 30
0.0
 11
301.3539422446667
 21
16.0
 31
0.0
  0
LINE
  5
1034
330
17
100
AcDbEntity
  8
隐藏线
100
AcDbLine
 10
301.3539422446667
 20
16.0
 30
0.0
 11
301.3539422446667
 21
30.0
 31
0.0
  0
LINE
  5
1035
330
17
100
AcDbEntity
  8
隐藏线
100
AcDbLine
 10
313.3539422446667
 20
2.0
 30
0.0
 11
313.3539422446667
 21
16.0
 31
0.0
  0
LINE
  5
1036
330
17
100
AcDbEntity
  8
隐藏线
100
AcDbLine
 10
313.3539422446667
 20
16.0
 30
0.0
 11
313.3539422446667
 21
30.0
 31
0.0
  0
LINE
  5
1037
330
17
100
AcDbEntity
  8
隐藏线
100
AcDbLine
 10
313.2316861643248
 20
2.0
 30
0.0
 11
313.3539422446667
 21
2.0
 31
0.0
  0
LINE
  5
1038
330
17
100
AcDbEntity
  8
隐藏线
100
AcDbLine
 10
312.8884988392991
 20
2.0
 30
0.0
 11
313.2316861643248
 21
2.0
 31
0.0
  0
LINE
  5
1039
330
17
100
AcDbEntity
  8
隐藏线
100
AcDbLine
 10
312.33694836489605
 20
2.0
 30
0.0
 11
312.8884988392991
 21
2.0
 31
0.0
  0
LINE
  5
103A
330
17
100
AcDbEntity
  8
隐藏线
100
AcDbLine
 10
311.596582931786
 20
2.0
 30
0.0
 11
312.33694836489605
 21
2.0
 31
0.0
  0
LINE
  5
103B
330
17
100
AcDbEntity
  8
隐藏线
100
AcDbLine
 10
310.68332129177384
 20
2.0
 30
0.0
 11
311.596582931786
 21
2.0
 31
0.0
  0
LINE
  5
103C
330
17
100
AcDbEntity
  8
隐藏线
100
AcDbLine
 10
309.64643064788487
 20
2.0
 30
0.0
 11
310.68332129177384
 21
2.0
 31
0.0
  0
LINE
  5
103D
330
17
100
AcDbEntity
  8
隐藏线
100
AcDbLine
 10
308.5232331616251
 20
2.0
 30
0.0
 11
309.64643064788487
 21
2.0
 31
0.0
  0
LINE
  5
103E
330
17
100
AcDbEntity
  8
隐藏线
100
AcDbLine
 10
307.3539422446667
 20
2.0
 30
0.0
 11
308.5232331616251
 21
2.0
 31
0.0
  0
LINE
  5
103F
330
17
100
AcDbEntity
  8
隐藏线
100
AcDbLine
 10
306.1846513277083
 20
2.0
 30
0.0
 11
307.3539422446667
 21
2.0
 31
0.0
  0
LINE
  5
1040
330
17
100
AcDbEntity
  8
隐藏线
100
AcDbLine
 10
305.06145384144855
 20
2.0
 30
0.0
 11
306.1846513277083
 21
2.0
 31
0.0
  0
LINE
  5
1041
330
17
100
AcDbEntity
  8
隐藏线
100
AcDbLine
 10
304.0245631975596
 20
2.0
 30
0.0
 11
305.06145384144855
 21
2.0
 31
0.0
  0
LINE
  5
1042
330
17
100
AcDbEntity
  8
隐藏线
100
AcDbLine
 10
303.11130155754745
 20
2.0
 30
0.0
 11
304.0245631975596
 21
2.0
 31
0.0
  0
LINE
  5
1043
330
17
100
AcDbEntity
  8
隐藏线
100
AcDbLine
 10
302.3709361244374
 20
2.0
 30
0.0
 11
303.11130155754745
 21
2.0
 31
0.0
  0
LINE
  5
1044
330
17
100
AcDbEntity
  8
隐藏线
100
AcDbLine
 10
301.81938565003435
 20
2.0
 30
0.0
 11
302.3709361244374
 21
2.0
 31
0.0
  0
LINE
  5
1045
330
17
100
AcDbEntity
  8
隐藏线
100
AcDbLine
 10
301.4761983250086
 20
2.0
 30
0.0
 11
301.81938565003435
 21
2.0
 31
0.0
  0
LINE
  5
1046
330
17
100
AcDbEntity
  8
隐藏线
100
AcDbLine
 10
301.3539422446667
 20
2.0
 30
0.0
 11
301.4761983250086
 21
2.0
 31
0.0
  0
LINE
  5
1047
330
17
100
AcDbEntity
  8
隐藏线
100
AcDbLine
 10
308.35394224466665
 20
2.0
 30
0.0
 11
311.26646485155527
 21
2.0
 31
0.0
  0
LINE
  5
1048
330
17
100
AcDbEntity
  8
隐藏线
100
AcDbLine
 10
311.26646485155527
 20
2.0
 30
0.0
 11
314.0386293514229
 21
2.0
 31
0.0
  0
LINE
  5
1049
330
17
100
AcDbEntity
  8
隐藏线
100
AcDbLine
 10
314.0386293514229
 20
2.0
 30
0.0
 11
316.57908183983335
 21
2.0
 31
0.0
  0
LINE
  5
104A
330
17
100
AcDbEntity
  8
隐藏线
100
AcDbLine
 10
316.57908183983335
 20
2.0
 30
0.0
 11
318.80361472906554
 21
2.0
 31
0.0
  0
LINE
  5
104B
330
17
100
AcDbEntity
  8
隐藏线
100
AcDbLine
 10
318.80361472906554
 20
2.0
 30
0.0
 11
320.59851266938296
 21
2.0
 31
0.0
  0
LINE
  5
104C
330
17
100
AcDbEntity
  8
隐藏线
100
AcDbLine
 10
320.59851266938296
 20
2.0
 30
0.0
 11
321.93160007755694
 21
2.0
 31
0.0
  0
LINE
  5
104D
330
17
100
AcDbEntity
  8
隐藏线
100
AcDbLine
 10
321.93160007755694
 20
2.0
 30
0.0
 11
322.75938060077897
 21
2.0
 31
0.0
  0
LINE
  5
104E
330
17
100
AcDbEntity
  8
隐藏线
100
AcDbLine
 10
322.75938060077897
 20
2.0
 30
0.0
 11
323.0539422446667
 21
2.0
 31
0.0
  0
LINE
  5
104F
330
17
100
AcDbEntity
  8
隐藏线
100
AcDbLine
 10
303.4414196377781
 20
2.0
 30
0.0
 11
306.3539422446667
 21
2.0
 31
0.0
  0
LINE
  5
1050
330
17
100
AcDbEntity
  8
隐藏线
100
AcDbLine
 10
300.6692551379105
 20
2.0
 30
0.0
 11
303.4414196377781
 21
2.0
 31
0.0
  0
LINE
  5
1051
330
17
100
AcDbEntity
  8
隐藏线
100
AcDbLine
 10
298.1288026495001
 20
2.0
 30
0.0
 11
300.6692551379105
 21
2.0
 31
0.0
  0
LINE
  5
1052
330
17
100
AcDbEntity
  8
隐藏线
100
AcDbLine
 10
295.9042697602679
 20
2.0
 30
0.0
 11
298.1288026495001
 21
2.0
 31
0.0
  0
LINE
  5
1053
330
17
100
AcDbEntity
  8
隐藏线
100
AcDbLine
 10
294.10937181995047
 20
2.0
 30
0.0
 11
295.9042697602679
 21
2.0
 31
0.0
  0
LINE
  5
1054
330
17
100
AcDbEntity
  8
隐藏线
100
AcDbLine
 10
292.7762844117765
 20
2.0
 30
0.0
 11
294.10937181995047
 21
2.0
 31
0.0
  0
LINE
  5
1055
330
17
100
AcDbEntity
  8
隐藏线
100
AcDbLine
 10
291.94850388855446
 20
2.0
 30
0.0
 11
292.7762844117765
 21
2.0
 31
0.0
  0
LINE
  5
1056
330
17
100
AcDbEntity
  8
隐藏线
100
AcDbLine
 10
291.6539422446667
 20
2.0
 30
0.0
 11
291.94850388855446
 21
2.0
 31
0.0
  0
LINE
  5
1057
330
17
100
AcDbEntity
  8
隐藏线
100
AcDbLine
 10
326.80199385585786
 20
2.0
 30
0.0
 11
327.33850261164065
 21
2.0
 31
0.0
  0
LINE
  5
1058
330
17
100
AcDbEntity
  8
隐藏线
100
AcDbLine
 10
325.57068992305875
 20
2.0
 30
0.0
 11
326.80199385585786
 21
2.0
 31
0.0
  0
LINE
  5
1059
330
17
100
AcDbEntity
  8
隐藏线
100
AcDbLine
 10
323.68735086800365
 20
2.0
 30
0.0
 11
325.57068992305875
 21
2.0
 31
0.0
  0
LINE
  5
105A
330
17
100
AcDbEntity
  8
隐藏线
100
AcDbLine
 10
321.2155026598168
 20
2.0
 30
0.0
 11
323.68735086800365
 21
2.0
 31
0.0
  0
LINE
  5
105B
330
17
100
AcDbEntity
  8
隐藏线
100
AcDbLine
 10
318.2065722427618
 20
2.0
 30
0.0
 11
321.2155026598168
 21
2.0
 31
0.0
  0
LINE
  5
105C
330
17
100
AcDbEntity
  8
隐藏线
100
AcDbLine
 10
314.8145475570765
 20
2.0
 30
0.0
 11
318.2065722427618
 21
2.0
 31
0.0
  0
LINE
  5
105D
330
17
100
AcDbEntity
  8
隐藏线
100
AcDbLine
 10
311.15548416707014
 20
2.0
 30
0.0
 11
314.8145475570765
 21
2.0
 31
0.0
  0
LINE
  5
105E
330
17
100
AcDbEntity
  8
隐藏线
100
AcDbLine
 10
307.3539422446667
 20
2.0
 30
0.0
 11
311.15548416707014
 21
2.0
 31
0.0
  0
LINE
  5
105F
330
17
100
AcDbEntity
  8
隐藏线
100
AcDbLine
 10
303.5524003222633
 20
2.0
 30
0.0
 11
307.3539422446667
 21
2.0
 31
0.0
  0
LINE
  5
1060
330
17
100
AcDbEntity
  8
隐藏线
100
AcDbLine
 10
299.89333693225694
 20
2.0
 30
0.0
 11
303.5524003222633
 21
2.0
 31
0.0
  0
LINE
  5
1061
330
17
100
AcDbEntity
  8
隐藏线
100
AcDbLine
 10
296.5013122465716
 20
2.0
 30
0.0
 11
299.89333693225694
 21
2.0
 31
0.0
  0
LINE
  5
1062
330
17
100
AcDbEntity
  8
隐藏线
100
AcDbLine
 10
293.4923818295166
 20
2.0
 30
0.0
 11
296.5013122465716
 21
2.0
 31
0.0
  0
LINE
  5
1063
330
17
100
AcDbEntity
  8
隐藏线
100
AcDbLine
 10
291.0205336213298
 20
2.0
 30
0.0
 11
293.4923818295166
 21
2.0
 31
0.0
  0
LINE
  5
1064
330
17
100
AcDbEntity
  8
隐藏线
100
AcDbLine
 10
289.1371945662747
 20
2.0
 30
0.0
 11
291.0205336213298
 21
2.0
 31
0.0
  0
LINE
  5
1065
330
17
100
AcDbEntity
  8
隐藏线
100
AcDbLine
 10
287.90589063347556
 20
2.0
 30
0.0
 11
289.1371945662747
 21
2.0
 31
0.0
  0
LINE
  5
1066
330
17
100
AcDbEntity
  8
隐藏线
100
AcDbLine
 10
287.3693818776928
 20
2.0
 30
0.0
 11
287.90589063347556
 21
2.0
 31
0.0
  0
LINE
  5
1067
330
17
100
AcDbEntity
  8
隐藏线
100
AcDbLine
 10
301.3539422446667
 20
2.0
 30
0.0
 11
301.3539422446667
 21
13.0
 31
0.0
  0
LINE
  5
1068
330
17
100
AcDbEntity
  8
隐藏线
100
AcDbLine
 10
301.3539422446667
 20
13.0
 30
0.0
 11
301.3539422446667
 21
24.0
 31
0.0
  0
LINE
  5
1069
330
17
100
AcDbEntity
  8
隐藏线
100
AcDbLine
 10
301.3539422446667
 20
24.0
 30
0.0
 11
301.4761983250086
 21
24.0
 31
0.0
  0
LINE
  5
106A
330
17
100
AcDbEntity
  8
隐藏线
100
AcDbLine
 10
301.4761983250086
 20
24.0
 30
0.0
 11
301.81938565003435
 21
24.0
 31
0.0
  0
LINE
  5
106B
330
17
100
AcDbEntity
  8
隐藏线
100
AcDbLine
 10
301.81938565003435
 20
24.0
 30
0.0
 11
302.3709361244374
 21
24.0
 31
0.0
  0
LINE
  5
106C
330
17
100
AcDbEntity
  8
隐藏线
100
AcDbLine
 10
302.3709361244374
 20
24.0
 30
0.0
 11
303.11130155754745
 21
24.0
 31
0.0
  0
LINE
  5
106D
330
17
100
AcDbEntity
  8
隐藏线
100
AcDbLine
 10
303.11130155754745
 20
24.0
 30
0.0
 11
304.0245631975596
 21
24.0
 31
0.0
  0
LINE
  5
106E
330
17
100
AcDbEntity
  8
隐藏线
100
AcDbLine
 10
304.0245631975596
 20
24.0
 30
0.0
 11
305.06145384144855
 21
24.0
 31
0.0
  0
LINE
  5
106F
330
17
100
AcDbEntity
  8
隐藏线
100
AcDbLine
 10
305.06145384144855
 20
24.0
 30
0.0
 11
306.1846513277083
 21
24.0
 31
0.0
  0
LINE
  5
1070
330
17
100
AcDbEntity
  8
隐藏线
100
AcDbLine
 10
306.1846513277083
 20
24.0
 30
0.0
 11
307.3539422446667
 21
24.0
 31
0.0
  0
LINE
  5
1071
330
17
100
AcDbEntity
  8
隐藏线
100
AcDbLine
 10
307.3539422446667
 20
24.0
 30
0.0
 11
308.5232331616251
 21
24.0
 31
0.0
  0
LINE
  5
1072
330
17
100
AcDbEntity
  8
隐藏线
100
AcDbLine
 10
308.5232331616251
 20
24.0
 30
0.0
 11
309.64643064788487
 21
24.0
 31
0.0
  0
LINE
  5
1073
330
17
100
AcDbEntity
  8
隐藏线
100
AcDbLine
 10
309.64643064788487
 20
24.0
 30
0.0
 11
310.68332129177384
 21
24.0
 31
0.0
  0
LINE
  5
1074
330
17
100
AcDbEntity
  8
隐藏线
100
AcDbLine
 10
310.68332129177384
 20
24.0
 30
0.0
 11
311.596582931786
 21
24.0
 31
0.0
  0
LINE
  5
1075
330
17
100
AcDbEntity
  8
隐藏线
100
AcDbLine
 10
311.596582931786
 20
24.0
 30
0.0
 11
312.33694836489605
 21
24.0
 31
0.0
  0
LINE
  5
1076
330
17
100
AcDbEntity
  8
隐藏线
100
AcDbLine
 10
312.33694836489605
 20
24.0
 30
0.0
 11
312.8884988392991
 21
24.0
 31
0.0
  0
LINE
  5
1077
330
17
100
AcDbEntity
  8
隐藏线
100
AcDbLine
 10
312.8884988392991
 20
24.0
 30
0.0
 11
313.2316861643248
 21
24.0
 31
0.0
  0
LINE
  5
1078
330
17
100
AcDbEntity
  8
隐藏线
100
AcDbLine
 10
313.2316861643248
 20
24.0
 30
0.0
 11
313.3539422446667
 21
24.0
 31
0.0
  0
LINE
  5
1079
330
17
100
AcDbEntity
  8
隐藏线
100
AcDbLine
 10
313.3539422446667
 20
2.0
 30
0.0
 11
313.3539422446667
 21
13.0
 31
0.0
  0
LINE
  5
107A
330
17
100
AcDbEntity
  8
隐藏线
100
AcDbLine
 10
313.3539422446667
 20
13.0
 30
0.0
 11
313.3539422446667
 21
24.0
 31
0.0
  0
LINE
  5
107B
330
17
100
AcDbEntity
  8
隐藏线
100
AcDbLine
 10
327.3539422446667
 20
2.0
 30
0.0
 11
327.3539422446667
 21
13.0
 31
0.0
  0
LINE
  5
107C
330
17
100
AcDbEntity
  8
隐藏线
100
AcDbLine
 10
327.3539422446667
 20
13.0
 30
0.0
 11
327.3539422446667
 21
24.0
 31
0.0
  0
LINE
  5
107D
330
17
100
AcDbEntity
  8
隐藏线
100
AcDbLine
 10
287.3539422446667
 20
2.0
 30
0.0
 11
287.76146251247314
 21
2.0
 31
0.0
  0
LINE
  5
107E
330
17
100
AcDbEntity
  8
隐藏线
100
AcDbLine
 10
287.76146251247314
 20
2.0
 30
0.0
 11
288.90542026255883
 21
2.0
 31
0.0
  0
LINE
  5
107F
330
17
100
AcDbEntity
  8
隐藏线
100
AcDbLine
 10
288.90542026255883
 20
2.0
 30
0.0
 11
290.7439218439023
 21
2.0
 31
0.0
  0
LINE
  5
1080
330
17
100
AcDbEntity
  8
隐藏线
100
AcDbLine
 10
290.7439218439023
 20
2.0
 30
0.0
 11
293.21180662093576
 21
2.0
 31
0.0
  0
LINE
  5
1081
330
17
100
AcDbEntity
  8
隐藏线
100
AcDbLine
 10
293.21180662093576
 20
2.0
 30
0.0
 11
296.256012087643
 21
2.0
 31
0.0
  0
LINE
  5
1082
330
17
100
AcDbEntity
  8
隐藏线
100
AcDbLine
 10
296.256012087643
 20
2.0
 30
0.0
 11
299.7123142339395
 21
2.0
 31
0.0
  0
LINE
  5
1083
330
17
100
AcDbEntity
  8
隐藏线
100
AcDbLine
 10
299.7123142339395
 20
2.0
 30
0.0
 11
303.45630585480546
 21
2.0
 31
0.0
  0
LINE
  5
1084
330
17
100
AcDbEntity
  8
隐藏线
100
AcDbLine
 10
303.45630585480546
 20
2.0
 30
0.0
 11
307.3539422446667
 21
2.0
 31
0.0
  0
LINE
  5
1085
330
17
100
AcDbEntity
  8
隐藏线
100
AcDbLine
 10
307.3539422446667
 20
2.0
 30
0.0
 11
311.25157863452796
 21
2.0
 31
0.0
  0
LINE
  5
1086
330
17
100
AcDbEntity
  8
隐藏线
100
AcDbLine
 10
311.25157863452796
 20
2.0
 30
0.0
 11
314.99557025539394
 21
2.0
 31
0.0
  0
LINE
  5
1087
330
17
100
AcDbEntity
  8
隐藏线
100
AcDbLine
 10
314.99557025539394
 20
2.0
 30
0.0
 11
318.4518724016904
 21
2.0
 31
0.0
  0
LINE
  5
1088
330
17
100
AcDbEntity
  8
隐藏线
100
AcDbLine
 10
318.4518724016904
 20
2.0
 30
0.0
 11
321.49607786839766
 21
2.0
 31
0.0
  0
LINE
  5
1089
330
17
100
AcDbEntity
  8
隐藏线
100
AcDbLine
 10
321.49607786839766
 20
2.0
 30
0.0
 11
323.96396264543114
 21
2.0
 31
0.0
  0
LINE
  5
108A
330
17
100
AcDbEntity
  8
隐藏线
100
AcDbLine
 10
323.96396264543114
 20
2.0
 30
0.0
 11
325.8024642267746
 21
2.0
 31
0.0
  0
LINE
  5
108B
330
17
100
AcDbEntity
  8
隐藏线
100
AcDbLine
 10
325.8024642267746
 20
2.0
 30
0.0
 11
326.9464219768603
 21
2.0
 31
0.0
  0
LINE
  5
108C
330
17
100
AcDbEntity
  8
隐藏线
100
AcDbLine
 10
326.9464219768603
 20
2.0
 30
0.0
 11
327.3539422446667
 21
2.0
 31
0.0
  0
LINE
  5
108D
330
17
100
AcDbEntity
  8
隐藏线
100
AcDbLine
 10
287.3539422446667
 20
24.0
 30
0.0
 11
287.76146251247314
 21
24.0
 31
0.0
  0
LINE
  5
108E
330
17
100
AcDbEntity
  8
隐藏线
100
AcDbLine
 10
287.76146251247314
 20
24.0
 30
0.0
 11
288.90542026255883
 21
24.0
 31
0.0
  0
LINE
  5
108F
330
17
100
AcDbEntity
  8
隐藏线
100
AcDbLine
 10
288.90542026255883
 20
24.0
 30
0.0
 11
290.7439218439023
 21
24.0
 31
0.0
  0
LINE
  5
1090
330
17
100
AcDbEntity
  8
隐藏线
100
AcDbLine
 10
290.7439218439023
 20
24.0
 30
0.0
 11
293.21180662093576
 21
24.0
 31
0.0
  0
LINE
  5
1091
330
17
100
AcDbEntity
  8
隐藏线
100
AcDbLine
 10
293.21180662093576
 20
24.0
 30
0.0
 11
296.256012087643
 21
24.0
 31
0.0
  0
LINE
  5
1092
330
17
100
AcDbEntity
  8
隐藏线
100
AcDbLine
 10
296.256012087643
 20
24.0
 30
0.0
 11
299.7123142339395
 21
24.0
 31
0.0
  0
LINE
  5
1093
330
17
100
AcDbEntity
  8
隐藏线
100
AcDbLine
 10
299.7123142339395
 20
24.0
 30
0.0
 11
303.45630585480546
 21
24.0
 31
0.0
  0
LINE
  5
1094
330
17
100
AcDbEntity
  8
隐藏线
100
AcDbLine
 10
303.45630585480546
 20
24.0
 30
0.0
 11
307.3539422446667
 21
24.0
 31
0.0
  0
LINE
  5
1095
330
17
100
AcDbEntity
  8
隐藏线
100
AcDbLine
 10
307.3539422446667
 20
24.0
 30
0.0
 11
311.25157863452796
 21
24.0
 31
0.0
  0
LINE
  5
1096
330
17
100
AcDbEntity
  8
隐藏线
100
AcDbLine
 10
311.25157863452796
 20
24.0
 30
0.0
 11
314.99557025539394
 21
24.0
 31
0.0
  0
LINE
  5
1097
330
17
100
AcDbEntity
  8
隐藏线
100
AcDbLine
 10
314.99557025539394
 20
24.0
 30
0.0
 11
318.4518724016904
 21
24.0
 31
0.0
  0
LINE
  5
1098
330
17
100
AcDbEntity
  8
隐藏线
100
AcDbLine
 10
318.4518724016904
 20
24.0
 30
0.0
 11
321.49607786839766
 21
24.0
 31
0.0
  0
LINE
  5
1099
330
17
100
AcDbEntity
  8
隐藏线
100
AcDbLine
 10
321.49607786839766
 20
24.0
 30
0.0
 11
323.96396264543114
 21
24.0
 31
0.0
  0
LINE
  5
109A
330
17
100
AcDbEntity
  8
隐藏线
100
AcDbLine
 10
323.96396264543114
 20
24.0
 30
0.0
 11
325.8024642267746
 21
24.0
 31
0.0
  0
LINE
  5
109B
330
17
100
AcDbEntity
  8
隐藏线
100
AcDbLine
 10
325.8024642267746
 20
24.0
 30
0.0
 11
326.9464219768603
 21
24.0
 31
0.0
  0
LINE
  5
109C
330
17
100
AcDbEntity
  8
隐藏线
100
AcDbLine
 10
326.9464219768603
 20
24.0
 30
0.0
 11
327.3539422446667
 21
24.0
 31
0.0
  0
LINE
  5
109D
330
17
100
AcDbEntity
  8
隐藏线
100
AcDbLine
 10
287.3539422446667
 20
2.0
 30
0.0
 11
287.3539422446667
 21
13.0
 31
0.0
  0
LINE
  5
109E
330
17
100
AcDbEntity
  8
隐藏线
100
AcDbLine
 10
287.3539422446667
 20
13.0
 30
0.0
 11
287.3539422446667
 21
24.0
 31
0.0
  0
LINE
  5
109F
330
17
100
AcDbEntity
  8
隐藏线
100
AcDbLine
 10
306.3539422446667
 20
24.0
 30
0.0
 11
306.3539422446667
 21
46.0
 31
0.0
  0
LINE
  5
10A0
330
17
100
AcDbEntity
  8
隐藏线
100
AcDbLine
 10
306.3539422446667
 20
2.0
 30
0.0
 11
306.3539422446667
 21
24.0
 31
0.0
  0
LINE
  5
10A1
330
17
100
AcDbEntity
  8
隐藏线
100
AcDbLine
 10
306.3539422446667
 20
12.0
 30
0.0
 11
306.3539422446667
 21
24.0
 31
0.0
  0
LINE
  5
10A2
330
17
100
AcDbEntity
  8
隐藏线
100
AcDbLine
 10
306.3539422446667
 20
24.0
 30
0.0
 11
306.3539422446667
 21
36.0
 31
0.0
  0
LINE
  5
10A3
330
17
100
AcDbEntity
  8
隐藏线
100
AcDbLine
 10
308.3539422446667
 20
2.0
 30
0.0
 11
308.3539422446667
 21
24.0
 31
0.0
  0
LINE
  5
10A4
330
17
100
AcDbEntity
  8
隐藏线
100
AcDbLine
 10
308.3539422446667
 20
24.0
 30
0.0
 11
308.3539422446667
 21
46.0
 31
0.0
  0
LINE
  5
10A5
330
17
100
AcDbEntity
  8
隐藏线
100
AcDbLine
 10
308.3539422446667
 20
24.0
 30
0.0
 11
308.3539422446667
 21
36.0
 31
0.0
  0
LINE
  5
10A6
330
17
100
AcDbEntity
  8
隐藏线
100
AcDbLine
 10
308.3539422446667
 20
12.0
 30
0.0
 11
308.3539422446667
 21
24.0
 31
0.0
  0
LINE
  5
10A7
330
17
100
AcDbEntity
  8
隐藏线
100
AcDbLine
 10
332.3326945843435
 20
2.0
 30
0.0
 11
332.85394035857144
 21
2.0
 31
0.0
  0
LINE
  5
10A8
330
17
100
AcDbEntity
  8
隐藏线
100
AcDbLine
 10
330.8730144308355
 20
2.0
 30
0.0
 11
332.3326945843435
 21
2.0
 31
0.0
  0
LINE
  5
10A9
330
17
100
AcDbEntity
  8
隐藏线
100
AcDbLine
 10
328.5283282440897
 20
2.0
 30
0.0
 11
330.8730144308355
 21
2.0
 31
0.0
  0
LINE
  5
10AA
330
17
100
AcDbEntity
  8
隐藏线
100
AcDbLine
 10
325.38169728805946
 20
2.0
 30
0.0
 11
328.5283282440897
 21
2.0
 31
0.0
  0
LINE
  5
10AB
330
17
100
AcDbEntity
  8
隐藏线
100
AcDbLine
 10
321.50075708129384
 20
2.0
 30
0.0
 11
325.38169728805946
 21
2.0
 31
0.0
  0
LINE
  5
10AC
330
17
100
AcDbEntity
  8
隐藏线
100
AcDbLine
 10
317.0947637083411
 20
2.0
 30
0.0
 11
321.50075708129384
 21
2.0
 31
0.0
  0
LINE
  5
10AD
330
17
100
AcDbEntity
  8
隐藏线
100
AcDbLine
 10
312.32223012088474
 20
2.0
 30
0.0
 11
317.0947637083411
 21
2.0
 31
0.0
  0
LINE
  5
10AE
330
17
100
AcDbEntity
  8
隐藏线
100
AcDbLine
 10
307.3539422446667
 20
2.0
 30
0.0
 11
312.32223012088474
 21
2.0
 31
0.0
  0
LINE
  5
10AF
330
17
100
AcDbEntity
  8
隐藏线
100
AcDbLine
 10
302.38565436844874
 20
2.0
 30
0.0
 11
307.3539422446667
 21
2.0
 31
0.0
  0
LINE
  5
10B0
330
17
100
AcDbEntity
  8
隐藏线
100
AcDbLine
 10
297.61312078099235
 20
2.0
 30
0.0
 11
302.38565436844874
 21
2.0
 31
0.0
  0
LINE
  5
10B1
330
17
100
AcDbEntity
  8
隐藏线
100
AcDbLine
 10
293.2071274080396
 20
2.0
 30
0.0
 11
297.61312078099235
 21
2.0
 31
0.0
  0
LINE
  5
10B2
330
17
100
AcDbEntity
  8
隐藏线
100
AcDbLine
 10
289.32618720127397
 20
2.0
 30
0.0
 11
293.2071274080396
 21
2.0
 31
0.0
  0
LINE
  5
10B3
330
17
100
AcDbEntity
  8
隐藏线
100
AcDbLine
 10
286.1795562452437
 20
2.0
 30
0.0
 11
289.32618720127397
 21
2.0
 31
0.0
  0
LINE
  5
10B4
330
17
100
AcDbEntity
  8
隐藏线
100
AcDbLine
 10
283.8348700584979
 20
2.0
 30
0.0
 11
286.1795562452437
 21
2.0
 31
0.0
  0
LINE
  5
10B5
330
17
100
AcDbEntity
  8
隐藏线
100
AcDbLine
 10
282.3751899049899
 20
2.0
 30
0.0
 11
283.8348700584979
 21
2.0
 31
0.0
  0
LINE
  5
10B6
330
17
100
AcDbEntity
  8
隐藏线
100
AcDbLine
 10
281.853944130762
 20
2.0
 30
0.0
 11
282.3751899049899
 21
2.0
 31
0.0
  0
LINE
  5
10B7
330
17
100
AcDbEntity
  8
隐藏线
100
AcDbLine
 10
323.05394219387045
 20
2.0
 30
0.0
 11
323.0539422446667
 21
2.0
 31
0.0
  0
LINE
  5
10B8
330
17
100
AcDbEntity
  8
隐藏线
100
AcDbLine
 10
291.6539445930155
 20
2.0
 30
0.0
 11
291.6539453080701
 21
2.0
 31
0.0
  0
LINE
  5
10B9
330
17
100
AcDbEntity
  8
隐藏线
100
AcDbLine
 10
332.3326945843435
 20
46.0
 30
0.0
 11
332.85394035857144
 21
46.0
 31
0.0
  0
LINE
  5
10BA
330
17
100
AcDbEntity
  8
隐藏线
100
AcDbLine
 10
330.8730144308355
 20
46.0
 30
0.0
 11
332.3326945843435
 21
46.0
 31
0.0
  0
LINE
  5
10BB
330
17
100
AcDbEntity
  8
隐藏线
100
AcDbLine
 10
328.5283282440897
 20
46.0
 30
0.0
 11
330.8730144308355
 21
46.0
 31
0.0
  0
LINE
  5
10BC
330
17
100
AcDbEntity
  8
隐藏线
100
AcDbLine
 10
325.38169728805946
 20
46.0
 30
0.0
 11
328.5283282440897
 21
46.0
 31
0.0
  0
LINE
  5
10BD
330
17
100
AcDbEntity
  8
隐藏线
100
AcDbLine
 10
321.50075708129384
 20
46.0
 30
0.0
 11
325.38169728805946
 21
46.0
 31
0.0
  0
LINE
  5
10BE
330
17
100
AcDbEntity
  8
隐藏线
100
AcDbLine
 10
317.0947637083411
 20
46.0
 30
0.0
 11
321.50075708129384
 21
46.0
 31
0.0
  0
LINE
  5
10BF
330
17
100
AcDbEntity
  8
隐藏线
100
AcDbLine
 10
312.32223012088474
 20
46.0
 30
0.0
 11
317.0947637083411
 21
46.0
 31
0.0
  0
LINE
  5
10C0
330
17
100
AcDbEntity
  8
隐藏线
100
AcDbLine
 10
307.3539422446667
 20
46.0
 30
0.0
 11
312.32223012088474
 21
46.0
 31
0.0
  0
LINE
  5
10C1
330
17
100
AcDbEntity
  8
隐藏线
100
AcDbLine
 10
302.38565436844874
 20
46.0
 30
0.0
 11
307.3539422446667
 21
46.0
 31
0.0
  0
LINE
  5
10C2
330
17
100
AcDbEntity
  8
隐藏线
100
AcDbLine
 10
297.61312078099235
 20
46.0
 30
0.0
 11
302.38565436844874
 21
46.0
 31
0.0
  0
LINE
  5
10C3
330
17
100
AcDbEntity
  8
隐藏线
100
AcDbLine
 10
293.2071274080396
 20
46.0
 30
0.0
 11
297.61312078099235
 21
46.0
 31
0.0
  0
LINE
  5
10C4
330
17
100
AcDbEntity
  8
隐藏线
100
AcDbLine
 10
289.32618720127397
 20
46.0
 30
0.0
 11
293.2071274080396
 21
46.0
 31
0.0
  0
LINE
  5
10C5
330
17
100
AcDbEntity
  8
隐藏线
100
AcDbLine
 10
286.1795562452437
 20
46.0
 30
0.0
 11
289.32618720127397
 21
46.0
 31
0.0
  0
LINE
  5
10C6
330
17
100
AcDbEntity
  8
隐藏线
100
AcDbLine
 10
283.8348700584979
 20
46.0
 30
0.0
 11
286.1795562452437
 21
46.0
 31
0.0
  0
LINE
  5
10C7
330
17
100
AcDbEntity
  8
隐藏线
100
AcDbLine
 10
282.3751899049899
 20
46.0
 30
0.0
 11
283.8348700584979
 21
46.0
 31
0.0
  0
LINE
  5
10C8
330
17
100
AcDbEntity
  8
隐藏线
100
AcDbLine
 10
281.853944130762
 20
46.0
 30
0.0
 11
282.3751899049899
 21
46.0
 31
0.0
  0
LINE
  5
10C9
330
17
100
AcDbEntity
  8
隐藏线
100
AcDbLine
 10
303.44141963777815
 20
46.0
 30
0.0
 11
306.35394224466677
 21
46.0
 31
0.0
  0
LINE
  5
10CA
330
17
100
AcDbEntity
  8
隐藏线
100
AcDbLine
 10
300.6692551379105
 20
46.0
 30
0.0
 11
303.44141963777815
 21
46.0
 31
0.0
  0
LINE
  5
10CB
330
17
100
AcDbEntity
  8
隐藏线
100
AcDbLine
 10
298.1288026495001
 20
46.0
 30
0.0
 11
300.6692551379105
 21
46.0
 31
0.0
  0
LINE
  5
10CC
330
17
100
AcDbEntity
  8
隐藏线
100
AcDbLine
 10
295.9042697602679
 20
46.0
 30
0.0
 11
298.1288026495001
 21
46.0
 31
0.0
  0
LINE
  5
10CD
330
17
100
AcDbEntity
  8
隐藏线
100
AcDbLine
 10
294.10937181995047
 20
46.0
 30
0.0
 11
295.9042697602679
 21
46.0
 31
0.0
  0
LINE
  5
10CE
330
17
100
AcDbEntity
  8
隐藏线
100
AcDbLine
 10
292.7762844117765
 20
46.0
 30
0.0
 11
294.10937181995047
 21
46.0
 31
0.0
  0
LINE
  5
10CF
330
17
100
AcDbEntity
  8
隐藏线
100
AcDbLine
 10
291.94850388855446
 20
46.0
 30
0.0
 11
292.7762844117765
 21
46.0
 31
0.0
  0
LINE
  5
10D0
330
17
100
AcDbEntity
  8
隐藏线
100
AcDbLine
 10
291.6539422446667
 20
46.0
 30
0.0
 11
291.94850388855446
 21
46.0
 31
0.0
  0
LINE
  5
10D1
330
17
100
AcDbEntity
  8
隐藏线
100
AcDbLine
 10
291.6539422446667
 20
46.0
 30
0.0
 11
291.65394229546297
 21
46.0
 31
0.0
  0
LINE
  5
10D2
330
17
100
AcDbEntity
  8
隐藏线
100
AcDbLine
 10
308.3539422446667
 20
46.0
 30
0.0
 11
311.26528208513906
 21
46.0
 31
0.0
  0
LINE
  5
10D3
330
17
100
AcDbEntity
  8
隐藏线
100
AcDbLine
 10
311.26528208513906
 20
46.0
 30
0.0
 11
314.03642265502634
 21
46.0
 31
0.0
  0
LINE
  5
10D4
330
17
100
AcDbEntity
  8
隐藏线
100
AcDbLine
 10
314.03642265502634
 20
46.0
 30
0.0
 11
316.5761191402133
 21
46.0
 31
0.0
  0
LINE
  5
10D5
330
17
100
AcDbEntity
  8
隐藏线
100
AcDbLine
 10
316.5761191402133
 20
46.0
 30
0.0
 11
318.800258875115
 21
46.0
 31
0.0
  0
LINE
  5
10D6
330
17
100
AcDbEntity
  8
隐藏线
100
AcDbLine
 10
318.800258875115
 20
46.0
 30
0.0
 11
320.59524428938994
 21
46.0
 31
0.0
  0
LINE
  5
10D7
330
17
100
AcDbEntity
  8
隐藏线
100
AcDbLine
 10
320.59524428938994
 20
46.0
 30
0.0
 11
321.92891362065393
 21
46.0
 31
0.0
  0
LINE
  5
10D8
330
17
100
AcDbEntity
  8
隐藏线
100
AcDbLine
 10
321.92891362065393
 20
46.0
 30
0.0
 11
322.75778672319734
 21
46.0
 31
0.0
  0
LINE
  5
10D9
330
17
100
AcDbEntity
  8
隐藏线
100
AcDbLine
 10
322.75778672319734
 20
46.0
 30
0.0
 11
323.05393918126333
 21
46.0
 31
0.0
  0
LINE
  5
10DA
330
17
100
AcDbEntity
  8
隐藏线
100
AcDbLine
 10
323.05393918126333
 20
46.0
 30
0.0
 11
323.0539398963179
 21
46.0
 31
0.0
  0
LINE
  5
10DB
330
17
100
AcDbEntity
  8
隐藏线
100
AcDbLine
 10
316.1724710156167
 20
24.0
 30
0.0
 11
316.37131437675896
 21
23.99777010495555
 31
0.0
  0
LINE
  5
10DC
330
17
100
AcDbEntity
  8
隐藏线
100
AcDbLine
 10
316.37131437675896
 20
23.99777010495555
 30
0.0
 11
316.5598094590364
 21
23.990588184838977
 31
0.0
  0
LINE
  5
10DD
330
17
100
AcDbEntity
  8
隐藏线
100
AcDbLine
 10
316.5598094590364
 20
23.990588184838977
 30
0.0
 11
316.7327061702379
 21
23.978040652381775
 31
0.0
  0
LINE
  5
10DE
330
17
100
AcDbEntity
  8
隐藏线
100
AcDbLine
 10
316.7327061702379
 20
23.978040652381775
 30
0.0
 11
316.8821210053288
 21
23.96061955292718
 31
0.0
  0
LINE
  5
10DF
330
17
100
AcDbEntity
  8
隐藏线
100
AcDbLine
 10
316.8821210053288
 20
23.96061955292718
 30
0.0
 11
316.987157941549
 21
23.942866607534583
 31
0.0
  0
LINE
  5
10E0
330
17
100
AcDbEntity
  8
隐藏线
100
AcDbLine
 10
316.987157941549
 20
23.942866607534583
 30
0.0
 11
317.0624123784431
 21
23.925767144086798
 31
0.0
  0
LINE
  5
10E1
330
17
100
AcDbEntity
  8
隐藏线
100
AcDbLine
 10
317.0624123784431
 20
23.925767144086798
 30
0.0
 11
317.10442563312847
 21
23.91340000845856
 31
0.0
  0
LINE
  5
10E2
330
17
100
AcDbEntity
  8
隐藏线
100
AcDbLine
 10
317.10442563312847
 20
23.91340000845856
 30
0.0
 11
317.1165614967415
 21
23.90894846648728
 31
0.0
  0
LINE
  5
10E3
330
17
100
AcDbEntity
  8
隐藏线
100
AcDbLine
 10
317.0800235416512
 20
23.929628588317097
 30
0.0
 11
317.09864727791927
 21
23.91819179512451
 31
0.0
  0
LINE
  5
10E4
330
17
100
AcDbEntity
  8
隐藏线
100
AcDbLine
 10
317.0281492190987
 20
23.9689406729994
 30
0.0
 11
317.0571616303016
 21
23.945613285275815
 31
0.0
  0
LINE
  5
10E5
330
17
100
AcDbEntity
  8
隐藏线
100
AcDbLine
 10
316.99880813435396
 20
23.99650632192648
 30
0.0
 11
317.0281492190987
 21
23.9689406729994
 31
0.0
  0
LINE
  5
10E6
330
17
100
AcDbEntity
  8
隐藏线
100
AcDbLine
 10
316.97647456569064
 20
24.02122064294613
 30
0.0
 11
316.99880813435396
 21
23.99650632192648
 31
0.0
  0
LINE
  5
10E7
330
17
100
AcDbEntity
  8
隐藏线
100
AcDbLine
 10
316.9836840308056
 20
23.993694570708268
 30
0.0
 11
317.01208696977403
 21
23.918596870826697
 31
0.0
  0
LINE
  5
10E8
330
17
100
AcDbEntity
  8
隐藏线
100
AcDbLine
 10
317.01208696977403
 20
23.918596870826697
 30
0.0
 11
317.0583953379149
 21
23.76120422993295
 31
0.0
  0
LINE
  5
10E9
330
17
100
AcDbEntity
  8
隐藏线
100
AcDbLine
 10
317.0583953379149
 20
23.76120422993295
 30
0.0
 11
317.10650548457073
 21
23.54450762279073
 31
0.0
  0
LINE
  5
10EA
330
17
100
AcDbEntity
  8
隐藏线
100
AcDbLine
 10
317.10650548457073
 20
23.54450762279073
 30
0.0
 11
317.14880795878764
 21
23.290677593204965
 31
0.0
  0
LINE
  5
10EB
330
17
100
AcDbEntity
  8
隐藏线
100
AcDbLine
 10
317.14880795878764
 20
23.290677593204965
 30
0.0
 11
317.21979182089484
 21
22.599280706850298
 31
0.0
  0
LINE
  5
10EC
330
17
100
AcDbEntity
  8
隐藏线
100
AcDbLine
 10
317.21979182089484
 20
22.599280706850298
 30
0.0
 11
317.2572344505596
 21
21.81365355603589
 31
0.0
  0
LINE
  5
10ED
330
17
100
AcDbEntity
  8
隐藏线
100
AcDbLine
 10
317.2572344505596
 20
21.81365355603589
 30
0.0
 11
317.26828622743636
 21
21.000000000000004
 31
0.0
  0
LINE
  5
10EE
330
17
100
AcDbEntity
  8
隐藏线
100
AcDbLine
 10
317.268080568191
 20
14.287400651581141
 30
0.0
 11
317.268080568191
 21
21.000000000000004
 31
0.0
  0
LINE
  5
10EF
330
17
100
AcDbEntity
  8
隐藏线
100
AcDbLine
 10
332.83949657546765
 20
21.29404990855285
 30
0.0
 11
332.8539422446667
 21
21.0
 31
0.0
  0
LINE
  5
10F0
330
17
100
AcDbEntity
  8
隐藏线
100
AcDbLine
 10
332.7962986902481
 20
21.585268015554522
 30
0.0
 11
332.83949657546765
 21
21.29404990855285
 31
0.0
  0
LINE
  5
10F1
330
17
100
AcDbEntity
  8
隐藏线
100
AcDbLine
 10
332.7247644101992
 20
21.8708502513564
 30
0.0
 11
332.7962986902481
 21
21.585268015554522
 31
0.0
  0
LINE
  5
10F2
330
17
100
AcDbEntity
  8
隐藏线
100
AcDbLine
 10
332.62558282128447
 20
22.148045775703416
 30
0.0
 11
332.7247644101992
 21
21.8708502513564
 31
0.0
  0
LINE
  5
10F3
330
17
100
AcDbEntity
  8
隐藏线
100
AcDbLine
 10
332.4997081036693
 20
22.414186483245405
 30
0.0
 11
332.62558282128447
 21
22.148045775703416
 31
0.0
  0
LINE
  5
10F4
330
17
100
AcDbEntity
  8
隐藏线
100
AcDbLine
 10
332.3483523793635
 20
22.666708822698006
 30
0.0
 11
332.4997081036693
 21
22.414186483245405
 31
0.0
  0
LINE
  5
10F5
330
17
100
AcDbEntity
  8
隐藏线
100
AcDbLine
 10
332.17297419377564
 20
22.903179163606723
 30
0.0
 11
332.3483523793635
 21
22.666708822698006
 31
0.0
  0
LINE
  5
10F6
330
17
100
AcDbEntity
  8
隐藏线
100
AcDbLine
 10
331.97526195795575
 20
23.12132117215511
 30
0.0
 11
332.17297419377564
 21
22.903179163606723
 31
0.0
  0
LINE
  5
10F7
330
17
100
AcDbEntity
  8
隐藏线
100
AcDbLine
 10
331.75713432094784
 20
23.319021456594484
 30
0.0
 11
331.97526195795575
 21
23.12132117215511
 31
0.0
  0
LINE
  5
10F8
330
17
100
AcDbEntity
  8
隐藏线
100
AcDbLine
 10
331.52068074817714
 20
23.49439197171942
 30
0.0
 11
331.75713432094784
 21
23.319021456594484
 31
0.0
  0
LINE
  5
10F9
330
17
100
AcDbEntity
  8
隐藏线
100
AcDbLine
 10
331.26816049081856
 20
23.645749819179002
 30
0.0
 11
331.52068074817714
 21
23.49439197171942
 31
0.0
  0
LINE
  5
10FA
330
17
100
AcDbEntity
  8
隐藏线
100
AcDbLine
 10
331.0020106562773
 20
23.771631196164602
 30
0.0
 11
331.26816049081856
 21
23.645749819179002
 31
0.0
  0
LINE
  5
10FB
330
17
100
AcDbEntity
  8
隐藏线
100
AcDbLine
 10
330.7248126263096
 20
23.87081649553076
 30
0.0
 11
331.0020106562773
 21
23.771631196164602
 31
0.0
  0
LINE
  5
10FC
330
17
100
AcDbEntity
  8
隐藏线
100
AcDbLine
 10
330.4392278004255
 20
23.942352762455535
 30
0.0
 11
330.7248126263096
 21
23.87081649553076
 31
0.0
  0
LINE
  5
10FD
330
17
100
AcDbEntity
  8
隐藏线
100
AcDbLine
 10
330.14799735527873
 20
23.985553766178352
 30
0.0
 11
330.4392278004255
 21
23.942352762455535
 31
0.0
  0
LINE
  5
10FE
330
17
100
AcDbEntity
  8
隐藏线
100
AcDbLine
 10
329.8539422446667
 20
24.0
 30
0.0
 11
330.14799735527873
 21
23.985553766178352
 31
0.0
  0
LINE
  5
10FF
330
17
100
AcDbEntity
  8
隐藏线
100
AcDbLine
 10
327.3539422446667
 20
25.45600805912
 30
0.0
 11
327.37308580195827
 21
25.12151626816237
 31
0.0
  0
LINE
  5
1100
330
17
100
AcDbEntity
  8
隐藏线
100
AcDbLine
 10
327.37308580195827
 20
25.12151626816237
 30
0.0
 11
327.4279454511416
 21
24.80006806196976
 31
0.0
  0
LINE
  5
1101
330
17
100
AcDbEntity
  8
隐藏线
100
AcDbLine
 10
327.4279454511416
 20
24.80006806196976
 30
0.0
 11
327.4806678556385
 21
24.600915646539303
 31
0.0
  0
LINE
  5
1102
330
17
100
AcDbEntity
  8
隐藏线
100
AcDbLine
 10
327.4806678556385
 20
24.600915646539303
 30
0.0
 11
327.50431302932884
 21
24.526343423572495
 31
0.0
  0
LINE
  5
1103
330
17
100
AcDbEntity
  8
隐藏线
100
AcDbLine
 10
327.50431302932884
 20
24.526343423572495
 30
0.0
 11
327.5292702474988
 21
24.454300281562123
 31
0.0
  0
LINE
  5
1104
330
17
100
AcDbEntity
  8
隐藏线
100
AcDbLine
 10
327.5292702474988
 20
24.454300281562123
 30
0.0
 11
327.55527810945637
 21
24.38507548075882
 31
0.0
  0
LINE
  5
1105
330
17
100
AcDbEntity
  8
隐藏线
100
AcDbLine
 10
327.55527810945637
 20
24.38507548075882
 30
0.0
 11
327.5820430859321
 21
24.31896023079443
 31
0.0
  0
LINE
  5
1106
330
17
100
AcDbEntity
  8
隐藏线
100
AcDbLine
 10
327.5820430859321
 20
24.31896023079443
 30
0.0
 11
327.609251493676
 21
24.256224625147905
 31
0.0
  0
LINE
  5
1107
330
17
100
AcDbEntity
  8
隐藏线
100
AcDbLine
 10
327.609251493676
 20
24.256224625147905
 30
0.0
 11
327.631078499865
 21
24.2087175277666
 31
0.0
  0
LINE
  5
1108
330
17
100
AcDbEntity
  8
隐藏线
100
AcDbLine
 10
327.631078499865
 20
24.2087175277666
 30
0.0
 11
327.6608311673245
 21
24.147494547514157
 31
0.0
  0
LINE
  5
1109
330
17
100
AcDbEntity
  8
隐藏线
100
AcDbLine
 10
327.6608311673245
 20
24.147494547514157
 30
0.0
 11
327.7038425507251
 21
24.065263176225248
 31
0.0
  0
LINE
  5
110A
330
17
100
AcDbEntity
  8
隐藏线
100
AcDbLine
 10
327.7038425507251
 20
24.065263176225248
 30
0.0
 11
327.74478786197517
 21
23.9928983423557
 31
0.0
  0
LINE
  5
110B
330
17
100
AcDbEntity
  8
隐藏线
100
AcDbLine
 10
327.74478786197517
 20
23.9928983423557
 30
0.0
 11
327.8100515464618
 21
23.887695883163428
 31
0.0
  0
LINE
  5
110C
330
17
100
AcDbEntity
  8
隐藏线
100
AcDbLine
 10
327.8100515464618
 20
23.887695883163428
 30
0.0
 11
327.9450845019523
 21
23.702418026043603
 31
0.0
  0
LINE
  5
110D
330
17
100
AcDbEntity
  8
隐藏线
100
AcDbLine
 10
328.01044212323677
 20
23.62777278168062
 30
0.0
 11
328.02900294086606
 21
23.609144795161175
 31
0.0
  0
LINE
  5
110E
330
17
100
AcDbEntity
  8
隐藏线
100
AcDbLine
 10
327.9877454454584
 20
23.642711642828992
 30
0.0
 11
328.0052735803559
 21
23.629069901820756
 31
0.0
  0
LINE
  5
110F
330
17
100
AcDbEntity
  8
隐藏线
100
AcDbLine
 10
327.9659149392263
 20
23.658900700800046
 30
0.0
 11
327.9877454454584
 21
23.642711642828992
 31
0.0
  0
LINE
  5
1110
330
17
100
AcDbEntity
  8
隐藏线
100
AcDbLine
 10
327.94006902602104
 20
23.67712742249799
 30
0.0
 11
327.9659149392263
 21
23.658900700800046
 31
0.0
  0
LINE
  5
1111
330
17
100
AcDbEntity
  8
隐藏线
100
AcDbLine
 10
327.8774217786171
 20
23.71786180487382
 30
0.0
 11
327.9104832587001
 21
23.69692346683549
 31
0.0
  0
LINE
  5
1112
330
17
100
AcDbEntity
  8
隐藏线
100
AcDbLine
 10
327.8047430827948
 20
23.760092423964352
 30
0.0
 11
327.8774217786171
 21
23.71786180487382
 31
0.0
  0
LINE
  5
1113
330
17
100
AcDbEntity
  8
隐藏线
100
AcDbLine
 10
327.720516753933
 20
23.803454743085666
 30
0.0
 11
327.8047430827948
 21
23.760092423964352
 31
0.0
  0
LINE
  5
1114
330
17
100
AcDbEntity
  8
隐藏线
100
AcDbLine
 10
327.60923662450836
 20
23.852608925675625
 30
0.0
 11
327.720516753933
 21
23.803454743085666
 31
0.0
  0
LINE
  5
1115
330
17
100
AcDbEntity
  8
隐藏线
100
AcDbLine
 10
327.48457351413504
 20
23.897858619818123
 30
0.0
 11
327.60923662450836
 21
23.852608925675625
 31
0.0
  0
LINE
  5
1116
330
17
100
AcDbEntity
  8
隐藏线
100
AcDbLine
 10
327.3455053881918
 20
23.93761394782989
 30
0.0
 11
327.48457351413504
 21
23.897858619818123
 31
0.0
  0
LINE
  5
1117
330
17
100
AcDbEntity
  8
隐藏线
100
AcDbLine
 10
287.3453824713775
 20
25.231303526597213
 30
0.0
 11
287.3539422446667
 21
25.45600805912
 31
0.0
  0
LINE
  5
1118
330
17
100
AcDbEntity
  8
隐藏线
100
AcDbLine
 10
287.32028082587203
 20
25.010806446379103
 30
0.0
 11
287.3453824713775
 21
25.231303526597213
 31
0.0
  0
LINE
  5
1119
330
17
100
AcDbEntity
  8
隐藏线
100
AcDbLine
 10
287.27973393552645
 20
24.797280352725096
 30
0.0
 11
287.32028082587203
 21
25.010806446379103
 31
0.0
  0
LINE
  5
111A
330
17
100
AcDbEntity
  8
隐藏线
100
AcDbLine
 10
287.22578643730486
 20
24.594445648748263
 30
0.0
 11
287.27973393552645
 21
24.797280352725096
 31
0.0
  0
LINE
  5
111B
330
17
100
AcDbEntity
  8
隐藏线
100
AcDbLine
 10
287.1661848263912
 20
24.41943889604148
 30
0.0
 11
287.22578643730486
 21
24.594445648748263
 31
0.0
  0
LINE
  5
111C
330
17
100
AcDbEntity
  8
隐藏线
100
AcDbLine
 10
287.144085238543
 20
24.362685495417896
 30
0.0
 11
287.1661848263912
 21
24.41943889604148
 31
0.0
  0
LINE
  5
111D
330
17
100
AcDbEntity
  8
隐藏线
100
AcDbLine
 10
287.12148987607907
 20
24.308112414107296
 30
0.0
 11
287.144085238543
 21
24.362685495417896
 31
0.0
  0
LINE
  5
111E
330
17
100
AcDbEntity
  8
隐藏线
100
AcDbLine
 10
287.0985872074164
 20
24.255865841784498
 30
0.0
 11
287.12148987607907
 21
24.308112414107296
 31
0.0
  0
LINE
  5
111F
330
17
100
AcDbEntity
  8
隐藏线
100
AcDbLine
 10
287.0652528696465
 20
24.18456259419536
 30
0.0
 11
287.0985872074164
 21
24.255865841784498
 31
0.0
  0
LINE
  5
1120
330
17
100
AcDbEntity
  8
隐藏线
100
AcDbLine
 10
287.02218784872787
 20
24.09948319831037
 30
0.0
 11
287.0652528696465
 21
24.18456259419536
 31
0.0
  0
LINE
  5
1121
330
17
100
AcDbEntity
  8
隐藏线
100
AcDbLine
 10
286.9778130615657
 20
24.018786008942637
 30
0.0
 11
287.02218784872787
 21
24.09948319831037
 31
0.0
  0
LINE
  5
1122
330
17
100
AcDbEntity
  8
隐藏线
100
AcDbLine
 10
286.9363895521784
 20
23.948915350929628
 30
0.0
 11
286.9778130615657
 21
24.018786008942637
 31
0.0
  0
LINE
  5
1123
330
17
100
AcDbEntity
  8
隐藏线
100
AcDbLine
 10
286.8530074360032
 20
23.82191933074895
 30
0.0
 11
286.9363895521784
 21
23.948915350929628
 31
0.0
  0
LINE
  5
1124
330
17
100
AcDbEntity
  8
隐藏线
100
AcDbLine
 10
286.74767702736983
 20
23.68436706522608
 30
0.0
 11
286.8530074360032
 21
23.82191933074895
 31
0.0
  0
LINE
  5
1125
330
17
100
AcDbEntity
  8
隐藏线
100
AcDbLine
 10
286.6821585106296
 20
23.612720636704598
 30
0.0
 11
286.6967084941107
 21
23.62724124897411
 31
0.0
  0
LINE
  5
1126
330
17
100
AcDbEntity
  8
隐藏线
100
AcDbLine
 10
286.6923368639246
 20
23.62157536583433
 30
0.0
 11
286.7044274144852
 21
23.631468887353535
 31
0.0
  0
LINE
  5
1127
330
17
100
AcDbEntity
  8
隐藏线
100
AcDbLine
 10
286.7044274144852
 20
23.631468887353535
 30
0.0
 11
286.72071054266326
 21
23.64419000752232
 31
0.0
  0
LINE
  5
1128
330
17
100
AcDbEntity
  8
隐藏线
100
AcDbLine
 10
286.72071054266326
 20
23.64419000752232
 30
0.0
 11
286.74094788537997
 21
23.65925177429961
 31
0.0
  0
LINE
  5
1129
330
17
100
AcDbEntity
  8
隐藏线
100
AcDbLine
 10
286.74094788537997
 20
23.65925177429961
 30
0.0
 11
286.7649720472312
 21
23.67624671620206
 31
0.0
  0
LINE
  5
112A
330
17
100
AcDbEntity
  8
隐藏线
100
AcDbLine
 10
286.79266714643904
 20
23.694829457802886
 30
0.0
 11
286.8239493608044
 21
23.71469933523071
 31
0.0
  0
LINE
  5
112B
330
17
100
AcDbEntity
  8
隐藏线
100
AcDbLine
 10
286.8239493608044
 20
23.71469933523071
 30
0.0
 11
286.91394118081575
 21
23.766407726384582
 31
0.0
  0
LINE
  5
112C
330
17
100
AcDbEntity
  8
隐藏线
100
AcDbLine
 10
287.1372562001336
 20
23.867472958288833
 30
0.0
 11
287.2584588081368
 21
23.908630864999804
 31
0.0
  0
LINE
  5
112D
330
17
100
AcDbEntity
  8
隐藏线
100
AcDbLine
 10
287.2584588081368
 20
23.908630864999804
 30
0.0
 11
287.3925917927257
 21
23.944497415163852
 31
0.0
  0
LINE
  5
112E
330
17
100
AcDbEntity
  8
隐藏线
100
AcDbLine
 10
287.54127590851607
 20
23.97326859901651
 30
0.0
 11
287.7069847789685
 21
23.992678641047352
 31
0.0
  0
LINE
  5
112F
330
17
100
AcDbEntity
  8
隐藏线
100
AcDbLine
 10
287.7069847789685
 20
23.992678641047352
 30
0.0
 11
287.8930448963881
 21
24.0
 31
0.0
  0
LINE
  5
1130
330
17
100
AcDbEntity
  8
隐藏线
100
AcDbLine
 10
281.8539422446667
 20
21.0
 30
0.0
 11
281.86838795796973
 21
21.29405035164072
 31
0.0
  0
LINE
  5
1131
330
17
100
AcDbEntity
  8
隐藏线
100
AcDbLine
 10
281.86838795796973
 20
21.29405035164072
 30
0.0
 11
281.9115859748228
 21
21.585268866937657
 31
0.0
  0
LINE
  5
1132
330
17
100
AcDbEntity
  8
隐藏线
100
AcDbLine
 10
281.9115859748228
 20
21.585268866937657
 30
0.0
 11
281.98312026550775
 21
21.870850835998336
 31
0.0
  0
LINE
  5
1133
330
17
100
AcDbEntity
  8
隐藏线
100
AcDbLine
 10
281.98312026550775
 20
21.870850835998336
 30
0.0
 11
282.0823019015398
 21
22.14804609071379
 31
0.0
  0
LINE
  5
1134
330
17
100
AcDbEntity
  8
隐藏线
100
AcDbLine
 10
282.0823019015398
 20
22.14804609071379
 30
0.0
 11
282.2081756376978
 21
22.41418495167667
 31
0.0
  0
LINE
  5
1135
330
17
100
AcDbEntity
  8
隐藏线
100
AcDbLine
 10
282.2081756376978
 20
22.41418495167667
 30
0.0
 11
282.359529352097
 21
22.66670471016682
 31
0.0
  0
LINE
  5
1136
330
17
100
AcDbEntity
  8
隐藏线
100
AcDbLine
 10
282.359529352097
 20
22.66670471016682
 30
0.0
 11
282.5349065362496
 21
22.903174796708903
 31
0.0
  0
LINE
  5
1137
330
17
100
AcDbEntity
  8
隐藏线
100
AcDbLine
 10
282.5349065362496
 20
22.903174796708903
 30
0.0
 11
282.73261614970255
 21
23.121316818475904
 31
0.0
  0
LINE
  5
1138
330
17
100
AcDbEntity
  8
隐藏线
100
AcDbLine
 10
282.73261614970255
 20
23.121316818475904
 30
0.0
 11
282.9507227974478
 21
23.319007439564942
 31
0.0
  0
LINE
  5
1139
330
17
100
AcDbEntity
  8
隐藏线
100
AcDbLine
 10
282.9507227974478
 20
23.319007439564942
 30
0.0
 11
283.1871951174782
 21
23.494388241627398
 31
0.0
  0
LINE
  5
113A
330
17
100
AcDbEntity
  8
隐藏线
100
AcDbLine
 10
283.1871951174782
 20
23.494388241627398
 30
0.0
 11
283.43973251687237
 21
23.645753838241745
 31
0.0
  0
LINE
  5
113B
330
17
100
AcDbEntity
  8
隐藏线
100
AcDbLine
 10
283.43973251687237
 20
23.645753838241745
 30
0.0
 11
283.70587448129226
 21
23.77163270213717
 31
0.0
  0
LINE
  5
113C
330
17
100
AcDbEntity
  8
隐藏线
100
AcDbLine
 10
283.70587448129226
 20
23.77163270213717
 30
0.0
 11
283.9830651976056
 21
23.870814726468193
 31
0.0
  0
LINE
  5
113D
330
17
100
AcDbEntity
  8
隐藏线
100
AcDbLine
 10
283.9830651976056
 20
23.870814726468193
 30
0.0
 11
284.26865355388554
 21
23.94235122481466
 31
0.0
  0
LINE
  5
113E
330
17
100
AcDbEntity
  8
隐藏线
100
AcDbLine
 10
284.26865355388554
 20
23.94235122481466
 30
0.0
 11
284.5598931394111
 21
23.98555493118176
 31
0.0
  0
LINE
  5
113F
330
17
100
AcDbEntity
  8
隐藏线
100
AcDbLine
 10
284.5598931394111
 20
23.98555493118176
 30
0.0
 11
284.8539422446667
 21
24.0
 31
0.0
  0
LINE
  5
1140
330
17
100
AcDbEntity
  8
隐藏线
100
AcDbLine
 10
308.3539422446667
 20
21.0
 30
0.0
 11
312.8539422446667
 21
21.0
 31
0.0
  0
LINE
  5
1141
330
17
100
AcDbEntity
  8
隐藏线
100
AcDbLine
 10
312.8539422446667
 20
21.0
 30
0.0
 11
317.3539422446667
 21
21.0
 31
0.0
  0
LINE
  5
1142
330
17
100
AcDbEntity
  8
隐藏线
100
AcDbLine
 10
308.3539422446667
 20
27.0
 30
0.0
 11
317.3539422446667
 21
27.0
 31
0.0
  0
LINE
  5
1143
330
17
100
AcDbEntity
  8
隐藏线
100
AcDbLine
 10
297.3539422446667
 20
21.0
 30
0.0
 11
301.8539422446667
 21
21.0
 31
0.0
  0
LINE
  5
1144
330
17
100
AcDbEntity
  8
隐藏线
100
AcDbLine
 10
301.8539422446667
 20
21.0
 30
0.0
 11
306.3539422446667
 21
21.0
 31
0.0
  0
LINE
  5
1145
330
17
100
AcDbEntity
  8
隐藏线
100
AcDbLine
 10
297.3539422446667
 20
27.0
 30
0.0
 11
301.8539422446667
 21
27.0
 31
0.0
  0
LINE
  5
1146
330
17
100
AcDbEntity
  8
隐藏线
100
AcDbLine
 10
301.8539422446667
 20
27.0
 30
0.0
 11
306.3539422446667
 21
27.0
 31
0.0
  0
LINE
  5
1147
330
17
100
AcDbEntity
  8
隐藏线
100
AcDbLine
 10
323.0539422446667
 20
2.0
 30
0.0
 11
323.0539422446667
 21
24.0
 31
0.0
  0
LINE
  5
1148
330
17
100
AcDbEntity
  8
隐藏线
100
AcDbLine
 10
291.6539422446667
 20
2.0
 30
0.0
 11
291.6539422446667
 21
13.0
 31
0.0
  0
LINE
  5
1149
330
17
100
AcDbEntity
  8
隐藏线
100
AcDbLine
 10
291.6539422446667
 20
13.0
 30
0.0
 11
291.6539422446667
 21
24.0
 31
0.0
  0
LINE
  5
114A
330
17
100
AcDbEntity
  8
隐藏线
100
AcDbLine
 10
323.0539422446667
 20
2.0
 30
0.0
 11
323.0539422446667
 21
46.0
 31
0.0
  0
LINE
  5
114B
330
17
100
AcDbEntity
  8
隐藏线
100
AcDbLine
 10
291.6539422446667
 20
2.0
 30
0.0
 11
291.6539422446667
 21
24.0
 31
0.0
  0
LINE
  5
114C
330
17
100
AcDbEntity
  8
隐藏线
100
AcDbLine
 10
291.6539422446667
 20
24.0
 30
0.0
 11
291.6539422446667
 21
46.0
 31
0.0
  0
ARC
  5
114D
330
17
100
AcDbEntity
  8
隐藏线
100
AcDbCircle
 10
300.3539422446667
 20
33.0
 30
0.0
 40
3.0
100
AcDbArc
 50
142.77864096189523
 51
180.0
  0
ARC
  5
114E
330
17
100
AcDbEntity
  8
隐藏线
100
AcDbCircle
 10
300.3539422446667
 20
33.0
 30
0.0
 40
3.0
100
AcDbArc
 50
134.99999999999994
 51
142.77864096189523
  0
ARC
  5
114F
330
17
100
AcDbEntity
  8
隐藏线
100
AcDbCircle
 10
300.3539422446667
 20
33.0
 30
0.0
 40
3.0
100
AcDbArc
 50
90.0
 51
134.99999999999994
  0
ARC
  5
1150
330
17
100
AcDbEntity
  8
隐藏线
100
AcDbCircle
 10
314.3539422446667
 20
33.0
 30
0.0
 40
3.0
100
AcDbArc
 50
44.99999999999993
 51
90.00000000000003
  0
ARC
  5
1151
330
17
100
AcDbEntity
  8
隐藏线
100
AcDbCircle
 10
314.3539422446667
 20
33.0
 30
0.0
 40
3.0
100
AcDbArc
 50
37.22135903810455
 51
44.99999999999991
  0
ARC
  5
1152
330
17
100
AcDbEntity
  8
隐藏线
100
AcDbCircle
 10
314.3539422446667
 20
33.0
 30
0.0
 40
3.0
100
AcDbArc
 50
0.0
 51
37.22135903810455
  0
ARC
  5
1153
330
17
100
AcDbEntity
  8
隐藏线
100
AcDbCircle
 10
300.3539422446667
 20
21.0
 30
0.0
 40
3.0
100
AcDbArc
 50
169.70284876245876
 51
180.0
  0
ARC
  5
1154
330
17
100
AcDbEntity
  8
隐藏线
100
AcDbCircle
 10
300.3539422446667
 20
21.0
 30
0.0
 40
3.0
100
AcDbArc
 50
159.4056975249175
 51
169.70284876245876
  0
ENDSEC
  0
SECTION
  2
OBJECTS
  0
DICTIONARY
  5
A
330
0
100
AcDbDictionary
281
1
  3
ACAD_COLOR
350
B
  3
ACAD_GROUP
350
C
  3
ACAD_LAYOUT
350
D
  3
ACAD_MATERIAL
350
E
  3
ACAD_MLEADERSTYLE
350
F
  3
ACAD_MLINESTYLE
350
10
  3
ACAD_PLOTSETTINGS
350
11
  3
ACAD_PLOTSTYLENAME
350
12
  3
ACAD_SCALELIST
350
14
  3
ACAD_TABLESTYLE
350
15
  3
ACAD_VISUALSTYLE
350
16
  3
EZDXF_META
350
2D
  0
DICTIONARY
  5
B
330
A
100
AcDbDictionary
281
1
  0
DICTIONARY
  5
C
330
A
100
AcDbDictionary
281
1
  0
DICTIONARY
  5
D
330
A
100
AcDbDictionary
281
1
  3
Model
350
1A
  3
Layout1
350
1E
  0
DICTIONARY
  5
E
330
A
100
AcDbDictionary
281
1
  3
ByBlock
350
1F
  3
ByLayer
350
20
  3
Global
350
21
  0
DICTIONARY
  5
F
330
A
100
AcDbDictionary
281
1
  3
Standard
350
2C
  0
DICTIONARY
  5
10
330
A
100
AcDbDictionary
281
1
  3
Standard
350
22
  0
DICTIONARY
  5
11
330
A
100
AcDbDictionary
281
1
  0
ACDBDICTIONARYWDFLT
  5
12
330
A
100
AcDbDictionary
281
1
  3
Normal
350
13
100
AcDbDictionaryWithDefault
340
13
  0
ACDBPLACEHOLDER
  5
13
330
12
  0
DICTIONARY
  5
14
330
A
100
AcDbDictionary
281
1
  0
DICTIONARY
  5
15
330
A
100
AcDbDictionary
281
1
  0
DICTIONARY
  5
16
330
A
100
AcDbDictionary
281
1
  0
LAYOUT
  5
1A
330
D
100
AcDbPlotSettings
  1

  4
A3
  6

 40
7.5
 41
20.0
 42
7.5
 43
20.0
 44
420.0
 45
297.0
 46
0.0
 47
0.0
 48
0.0
 49
0.0
140
0.0
141
0.0
142
1.0
143
1.0
 70
1024
 72
1
 73
0
 74
5
  7

 75
16
 76
0
 77
2
 78
300
147
1.0
148
0.0
149
0.0
100
AcDbLayout
  1
Model
 70
1
 71
0
 10
0.0
 20
0.0
 11
420.0
 21
297.0
 12
0.0
 22
0.0
 32
0.0
 14
1e+20
 24
1e+20
 34
1e+20
 15
-1e+20
 25
-1e+20
 35
-1e+20
146
0.0
 13
0.0
 23
0.0
 33
0.0
 16
1.0
 26
0.0
 36
0.0
 17
0.0
 27
1.0
 37
0.0
 76
1
330
17
  0
LAYOUT
  5
1E
330
D
100
AcDbPlotSettings
  1

  4
A3
  6

 40
7.5
 41
20.0
 42
7.5
 43
20.0
 44
420.0
 45
297.0
 46
0.0
 47
0.0
 48
0.0
 49
0.0
140
0.0
141
0.0
142
1.0
143
1.0
 70
0
 72
1
 73
0
 74
5
  7

 75
16
 76
0
 77
2
 78
300
147
1.0
148
0.0
149
0.0
100
AcDbLayout
  1
Layout1
 70
1
 71
1
 10
0.0
 20
0.0
 11
420.0
 21
297.0
 12
0.0
 22
0.0
 32
0.0
 14
1e+20
 24
1e+20
 34
1e+20
 15
-1e+20
 25
-1e+20
 35
-1e+20
146
0.0
 13
0.0
 23
0.0
 33
0.0
 16
1.0
 26
0.0
 36
0.0
 17
0.0
 27
1.0
 37
0.0
 76
1
330
1B
  0
MATERIAL
  5
1F
102
{ACAD_REACTORS
330
E
102
}
330
E
100
AcDbMaterial
  1
ByBlock
  2

 70
0
 40
1.0
 71
1
 41
1.0
 91
-1023410177
 42
1.0
 72
1
  3

 73
1
 74
1
 75
1
 44
0.5
 73
0
 45
1.0
 46
1.0
 77
1
  4

 78
1
 79
1
170
1
 48
1.0
171
1
  6

172
1
173
1
174
1
140
1.0
141
1.0
175
1
  7

176
1
177
1
178
1
143
1.0
179
1
  8

270
1
271
1
272
1
145
1.0
146
1.0
273
1
  9

274
1
275
1
276
1
 42
1.0
 72
1
  3

 73
1
 74
1
 75
1
 94
63
  0
MATERIAL
  5
20
102
{ACAD_REACTORS
330
E
102
}
330
E
100
AcDbMaterial
  1
ByLayer
  2

 70
0
 40
1.0
 71
1
 41
1.0
 91
-1023410177
 42
1.0
 72
1
  3

 73
1
 74
1
 75
1
 44
0.5
 73
0
 45
1.0
 46
1.0
 77
1
  4

 78
1
 79
1
170
1
 48
1.0
171
1
  6

172
1
173
1
174
1
140
1.0
141
1.0
175
1
  7

176
1
177
1
178
1
143
1.0
179
1
  8

270
1
271
1
272
1
145
1.0
146
1.0
273
1
  9

274
1
275
1
276
1
 42
1.0
 72
1
  3

 73
1
 74
1
 75
1
 94
63
  0
MATERIAL
  5
21
102
{ACAD_REACTORS
330
E
102
}
330
E
100
AcDbMaterial
  1
Global
  2

 70
0
 40
1.0
 71
1
 41
1.0
 91
-1023410177
 42
1.0
 72
1
  3

 73
1
 74
1
 75
1
 44
0.5
 73
0
 45
1.0
 46
1.0
 77
1
  4

 78
1
 79
1
170
1
 48
1.0
171
1
  6

172
1
173
1
174
1
140
1.0
141
1.0
175
1
  7

176
1
177
1
178
1
143
1.0
179
1
  8

270
1
271
1
272
1
145
1.0
146
1.0
273
1
  9

274
1
275
1
276
1
 42
1.0
 72
1
  3

 73
1
 74
1
 75
1
 94
63
  0
MLINESTYLE
  5
22
102
{ACAD_REACTORS
330
10
102
}
330
10
100
AcDbMlineStyle
  2
Standard
 70
0
  3

 62
256
 51
90.0
 52
90.0
 71
2
 49
0.5
 62
256
  6
BYLAYER
 49
-0.5
 62
256
  6
BYLAYER
  0
MLEADERSTYLE
  5
2C
102
{ACAD_REACTORS
330
F
102
}
330
F
100
AcDbMLeaderStyle
179
2
170
2
171
1
172
0
 90
2
 40
0.0
 41
0.0
173
1
 91
-1056964608
 92
-2
290
1
 42
2.0
291
1
 43
8.0
  3
Standard
 44
4.0
300

342
29
174
1
175
1
176
0
178
1
 93
-1056964608
 45
4.0
292
0
297
0
 46
4.0
 94
-1056964608
 47
1.0
 49
1.0
140
1.0
294
1
141
0.0
177
0
142
1.0
295
0
296
0
143
3.75
271
0
272
9
273
9
  0
DICTIONARY
  5
2D
330
A
100
AcDbDictionary
280
1
281
1
  3
CREATED_BY_EZDXF
350
2E
  3
WRITTEN_BY_EZDXF
350
1157
  0
DICTIONARYVAR
  5
2E
330
2D
100
DictionaryVariables
280
0
  1
1.4.2 @ 2026-08-20T12:50:18.262163+00:00
  0
DICTIONARYVAR
  5
1157
330
2D
100
DictionaryVariables
280
0
  1
1.4.2 @ 2026-08-20T12:50:18.349913+00:00
  0
ENDSEC
  0
EOF
