  0
SECTION
  2
HEADER
  9
$ACADVER
  1
AC1027
  9
$ACADMAINTVER
 70
105
  9
$DWGCODEPAGE
  3
ANSI_1252
  9
$LASTSAVEDBY
  1
ezdxf
  9
$REQUIREDVERSIONS
160
0
  9
$INSBASE
 10
0.0
 20
0.0
 30
0.0
  9
$EXTMIN
 10
1e+20
 20
1e+20
 30
1e+20
  9
$EXTMAX
 10
-1e+20
 20
-1e+20
 30
-1e+20
  9
$LIMMIN
 10
0.0
 20
0.0
  9
$LIMMAX
 10
420.0
 20
297.0
  9
$ORTHOMODE
 70
0
  9
$REGENMODE
 70
1
  9
$FILLMODE
 70
1
  9
$QTEXTMODE
 70
0
  9
$MIRRTEXT
 70
1
  9
$LTSCALE
 40
1.0
  9
$ATTMODE
 70
1
  9
$TEXTSIZE
 40
2.5
  9
$TRACEWID
 40
1.0
  9
$TEXTSTYLE
  7
Standard
  9
$CLAYER
  8
0
  9
$CELTYPE
  6
ByLayer
  9
$CECOLOR
 62
256
  9
$CELTSCALE
 40
1.0
  9
$DISPSILH
 70
0
  9
$DIMSCALE
 40
1.0
  9
$DIMASZ
 40
2.5
  9
$DIMEXO
 40
0.625
  9
$DIMDLI
 40
3.75
  9
$DIMRND
 40
0.0
  9
$DIMDLE
 40
0.0
  9
$DIMEXE
 40
1.25
  9
$DIMTP
 40
0.0
  9
$DIMTM
 40
0.0
  9
$DIMTXT
 40
2.5
  9
$DIMCEN
 40
2.5
  9
$DIMTSZ
 40
0.0
  9
$DIMTOL
 70
0
  9
$DIMLIM
 70
0
  9
$DIMTIH
 70
0
  9
$DIMTOH
 70
0
  9
$DIMSE1
 70
0
  9
$DIMSE2
 70
0
  9
$DIMTAD
 70
1
  9
$DIMZIN
 70
8
  9
$DIMBLK
  1

  9
$DIMASO
 70
1
  9
$DIMSHO
 70
1
  9
$DIMPOST
  1

  9
$DIMAPOST
  1

  9
$DIMALT
 70
0
  9
$DIMALTD
 70
3
  9
$DIMALTF
 40
0.03937007874
  9
$DIMLFAC
 40
1.0
  9
$DIMTOFL
 70
1
  9
$DIMTVP
 40
0.0
  9
$DIMTIX
 70
0
  9
$DIMSOXD
 70
0
  9
$DIMSAH
 70
0
  9
$DIMBLK1
  1

  9
$DIMBLK2
  1

  9
$DIMSTYLE
  2
ISO-25
  9
$DIMCLRD
 70
0
  9
$DIMCLRE
 70
0
  9
$DIMCLRT
 70
0
  9
$DIMTFAC
 40
1.0
  9
$DIMGAP
 40
0.625
  9
$DIMJUST
 70
0
  9
$DIMSD1
 70
0
  9
$DIMSD2
 70
0
  9
$DIMTOLJ
 70
0
  9
$DIMTZIN
 70
8
  9
$DIMALTZ
 70
0
  9
$DIMALTTZ
 70
0
  9
$DIMUPT
 70
0
  9
$DIMDEC
 70
2
  9
$DIMTDEC
 70
2
  9
$DIMALTU
 70
2
  9
$DIMALTTD
 70
3
  9
$DIMTXSTY
  7
Standard
  9
$DIMAUNIT
 70
0
  9
$DIMADEC
 70
0
  9
$DIMALTRND
 40
0.0
  9
$DIMAZIN
 70
0
  9
$DIMDSEP
 70
44
  9
$DIMATFIT
 70
3
  9
$DIMFRAC
 70
0
  9
$DIMLDRBLK
  1

  9
$DIMLUNIT
 70
2
  9
$DIMLWD
 70
-2
  9
$DIMLWE
 70
-2
  9
$DIMTMOVE
 70
0
  9
$DIMFXL
 40
1.0
  9
$DIMFXLON
 70
0
  9
$DIMJOGANG
 40
0.785398163397
  9
$DIMTFILL
 70
0
  9
$DIMTFILLCLR
 70
0
  9
$DIMARCSYM
 70
0
  9
$DIMLTYPE
  6

  9
$DIMLTEX1
  6

  9
$DIMLTEX2
  6

  9
$DIMTXTDIRECTION
 70
0
  9
$LUNITS
 70
2
  9
$LUPREC
 70
4
  9
$SKETCHINC
 40
1.0
  9
$FILLETRAD
 40
10.0
  9
$AUNITS
 70
0
  9
$AUPREC
 70
2
  9
$MENU
  1
.
  9
$ELEVATION
 40
0.0
  9
$PELEVATION
 40
0.0
  9
$THICKNESS
 40
0.0
  9
$LIMCHECK
 70
0
  9
$CHAMFERA
 40
0.0
  9
$CHAMFERB
 40
0.0
  9
$CHAMFERC
 40
0.0
  9
$CHAMFERD
 40
0.0
  9
$SKPOLY
 70
0
  9
$TDCREATE
 40
2461270.8664930556
  9
$TDUCREATE
 40
2458532.153996898
  9
$TDUPDATE
 40
2461270.8664930556
  9
$TDUUPDATE
 40
2458532.1544311
  9
$TDINDWG
 40
0.0
  9
$TDUSRTIMER
 40
0.0
  9
$USRTIMER
 70
1
  9
$ANGBASE
 50
0.0
  9
$ANGDIR
 70
0
  9
$PDMODE
 70
0
  9
$PDSIZE
 40
0.0
  9
$PLINEWID
 40
0.0
  9
$SPLFRAME
 70
0
  9
$SPLINETYPE
 70
6
  9
$SPLINESEGS
 70
8
  9
$HANDSEED
  5
1158
  9
$SURFTAB1
 70
6
  9
$SURFTAB2
 70
6
  9
$SURFTYPE
 70
6
  9
$SURFU
 70
6
  9
$SURFV
 70
6
  9
$UCSBASE
  2

  9
$UCSNAME
  2

  9
$UCSORG
 10
0.0
 20
0.0
 30
0.0
  9
$UCSXDIR
 10
1.0
 20
0.0
 30
0.0
  9
$UCSYDIR
 10
0.0
 20
1.0
 30
0.0
  9
$UCSORTHOREF
  2

  9
$UCSORTHOVIEW
 70
0
  9
$UCSORGTOP
 10
0.0
 20
0.0
 30
0.0
  9
$UCSORGBOTTOM
 10
0.0
 20
0.0
 30
0.0
  9
$UCSORGLEFT
 10
0.0
 20
0.0
 30
0.0
  9
$UCSORGRIGHT
 10
0.0
 20
0.0
 30
0.0
  9
$UCSORGFRONT
 10
0.0
 20
0.0
 30
0.0
  9
$UCSORGBACK
 10
0.0
 20
0.0
 30
0.0
  9
$PUCSBASE
  2

  9
$PUCSNAME
  2

  9
$PUCSORG
 10
0.0
 20
0.0
 30
0.0
  9
$PUCSXDIR
 10
1.0
 20
0.0
 30
0.0
  9
$PUCSYDIR
 10
0.0
 20
1.0
 30
0.0
  9
$PUCSORTHOREF
  2

  9
$PUCSORTHOVIEW
 70
0
  9
$PUCSORGTOP
 10
0.0
 20
0.0
 30
0.0
  9
$PUCSORGBOTTOM
 10
0.0
 20
0.0
 30
0.0
  9
$PUCSORGLEFT
 10
0.0
 20
0.0
 30
0.0
  9
$PUCSORGRIGHT
 10
0.0
 20
0.0
 30
0.0
  9
$PUCSORGFRONT
 10
0.0
 20
0.0
 30
0.0
  9
$PUCSORGBACK
 10
0.0
 20
0.0
 30
0.0
  9
$USERI1
 70
0
  9
$USERI2
 70
0
  9
$USERI3
 70
0
  9
$USERI4
 70
0
  9
$USERI5
 70
0
  9
$USERR1
 40
0.0
  9
$USERR2
 40
0.0
  9
$USERR3
 40
0.0
  9
$USERR4
 40
0.0
  9
$USERR5
 40
0.0
  9
$WORLDVIEW
 70
1
  9
$SHADEDGE
 70
3
  9
$SHADEDIF
 70
70
  9
$TILEMODE
 70
1
  9
$MAXACTVP
 70
64
  9
$PINSBASE
 10
0.0
 20
0.0
 30
0.0
  9
$PLIMCHECK
 70
0
  9
$PEXTMIN
 10
1e+20
 20
1e+20
 30
1e+20
  9
$PEXTMAX
 10
-1e+20
 20
-1e+20
 30
-1e+20
  9
$PLIMMIN
 10
0.0
 20
0.0
  9
$PLIMMAX
 10
420.0
 20
297.0
  9
$UNITMODE
 70
0
  9
$VISRETAIN
 70
1
  9
$PLINEGEN
 70
0
  9
$PSLTSCALE
 70
1
  9
$TREEDEPTH
 70
3020
  9
$CMLSTYLE
  2
Standard
  9
$CMLJUST
 70
0
  9
$CMLSCALE
 40
20.0
  9
$PROXYGRAPHICS
 70
1
  9
$MEASUREMENT
 70
1
  9
$CELWEIGHT
370
-1
  9
$ENDCAPS
280
0
  9
$JOINSTYLE
280
0
  9
$LWDISPLAY
290
0
  9
$INSUNITS
 70
4
  9
$HYPERLINKBASE
  1

  9
$STYLESHEET
  1

  9
$XEDIT
290
1
  9
$CEPSNTYPE
380
0
  9
$PSTYLEMODE
290
1
  9
$FINGERPRINTGUID
  2
{DC03C37E-48A4-433F-B23B-6400EF29BD47}
  9
$VERSIONGUID
  2
{2FF65E71-4095-4F95-81DB-8C0F1A69FA1A}
  9
$EXTNAMES
290
1
  9
$PSVPSCALE
 40
0.0
  9
$OLESTARTUP
290
0
  9
$SORTENTS
280
127
  9
$INDEXCTL
280
0
  9
$HIDETEXT
280
1
  9
$XCLIPFRAME
280
1
  9
$HALOGAP
280
0
  9
$OBSCOLOR
 70
257
  9
$OBSLTYPE
280
0
  9
$INTERSECTIONDISPLAY
280
0
  9
$INTERSECTIONCOLOR
 70
257
  9
$DIMASSOC
280
2
  9
$PROJECTNAME
  1

  9
$CAMERADISPLAY
290
0
  9
$LENSLENGTH
 40
50.0
  9
$CAMERAHEIGHT
 40
0.0
  9
$STEPSPERSEC
 40
24.0
  9
$STEPSIZE
 40
100.0
  9
$3DDWFPREC
 40
2.0
  9
$PSOLWIDTH
 40
0.005
  9
$PSOLHEIGHT
 40
0.08
  9
$LOFTANG1
 40
1.570796326795
  9
$LOFTANG2
 40
1.570796326795
  9
$LOFTMAG1
 40
0.0
  9
$LOFTMAG2
 40
0.0
  9
$LOFTPARAM
 70
7
  9
$LOFTNORMALS
280
1
  9
$LATITUDE
 40
37.795
  9
$LONGITUDE
 40
-122.394
  9
$NORTHDIRECTION
 40
0.0
  9
$TIMEZONE
 70
-8000
  9
$LIGHTGLYPHDISPLAY
280
1
  9
$TILEMODELIGHTSYNCH
280
1
  9
$CMATERIAL
347
20
  9
$SOLIDHIST
280
0
  9
$SHOWHIST
280
1
  9
$DWFFRAME
280
2
  9
$DGNFRAME
280
2
  9
$REALWORLDSCALE
290
1
  9
$INTERFERECOLOR
 62
256
  9
$CSHADOW
280
0
  9
$SHADOWPLANELOCATION
 40
0.0
  0
ENDSEC
  0
SECTION
  2
CLASSES
  0
CLASS
  1
ACDBDICTIONARYWDFLT
  2
AcDbDictionaryWithDefault
  3
ObjectDBX Classes
 90
0
 91
0
280
0
281
0
  0
CLASS
  1
SUN
  2
AcDbSun
  3
SCENEOE
 90
1153
 91
0
280
0
281
0
  0
CLASS
  1
VISUALSTYLE
  2
AcDbVisualStyle
  3
ObjectDBX Classes
 90
4095
 91
0
280
0
281
0
  0
CLASS
  1
MATERIAL
  2
AcDbMaterial
  3
ObjectDBX Classes
 90
1153
 91
0
280
0
281
0
  0
CLASS
  1
SCALE
  2
AcDbScale
  3
ObjectDBX Classes
 90
1153
 91
0
280
0
281
0
  0
CLASS
  1
TABLESTYLE
  2
AcDbTableStyle
  3
ObjectDBX Classes
 90
4095
 91
0
280
0
281
0
  0
CLASS
  1
MLEADERSTYLE
  2
AcDbMLeaderStyle
  3
ACDB_MLEADERSTYLE_CLASS
 90
4095
 91
0
280
0
281
0
  0
CLASS
  1
DICTIONARYVAR
  2
AcDbDictionaryVar
  3
ObjectDBX Classes
 90
0
 91
0
280
0
281
0
  0
CLASS
  1
CELLSTYLEMAP
  2
AcDbCellStyleMap
  3
ObjectDBX Classes
 90
1152
 91
0
280
0
281
0
  0
CLASS
  1
MENTALRAYRENDERSETTINGS
  2
AcDbMentalRayRenderSettings
  3
SCENEOE
 90
1024
 91
0
280
0
281
0
  0
CLASS
  1
ACDBDETAILVIEWSTYLE
  2
AcDbDetailViewStyle
  3
ObjectDBX Classes
 90
1025
 91
0
280
0
281
0
  0
CLASS
  1
ACDBSECTIONVIEWSTYLE
  2
AcDbSectionViewStyle
  3
ObjectDBX Classes
 90
1025
 91
0
280
0
281
0
  0
CLASS
  1
RASTERVARIABLES
  2
AcDbRasterVariables
  3
ISM
 90
0
 91
0
280
0
281
0
  0
CLASS
  1
ACDBPLACEHOLDER
  2
AcDbPlaceHolder
  3
ObjectDBX Classes
 90
0
 91
0
280
0
281
0
  0
CLASS
  1
LAYOUT
  2
AcDbLayout
  3
ObjectDBX Classes
 90
0
 91
0
280
0
281
0
  0
ENDSEC
  0
SECTION
  2
TABLES
  0
TABLE
  2
VPORT
  5
8
330
0
100
AcDbSymbolTable
 70
1
  0
VPORT
  5
23
330
8
100
AcDbSymbolTableRecord
100
AcDbViewportTableRecord
  2
*Active
 70
0
 10
0.0
 20
0.0
 11
1.0
 21
1.0
 12
0.0
 22
0.0
 13
0.0
 23
0.0
 14
0.5
 24
0.5
 15
0.5
 25
0.5
 16
0.0
 26
0.0
 36
1.0
 17
0.0
 27
0.0
 37
0.0
 40
1000.0
 41
1.34
 42
50.0
 43
0.0
 44
0.0
 50
0.0
 51
0.0
 71
0
 72
1000
 73
1
 74
3
 75
0
 76
0
 77
0
 78
0
281
0
 65
0
146
0.0
  0
ENDTAB
  0
TABLE
  2
LTYPE
  5
2
330
0
100
AcDbSymbolTable
 70
3
  0
LTYPE
  5
24
330
2
100
AcDbSymbolTableRecord
100
AcDbLinetypeTableRecord
  2
ByBlock
 70
0
  3

 72
65
 73
0
 40
0.0
  0
LTYPE
  5
25
330
2
100
AcDbSymbolTableRecord
100
AcDbLinetypeTableRecord
  2
ByLayer
 70
0
  3

 72
65
 73
0
 40
0.0
  0
LTYPE
  5
26
330
2
100
AcDbSymbolTableRecord
100
AcDbLinetypeTableRecord
  2
Continuous
 70
0
  3

 72
65
 73
0
 40
0.0
  0
ENDTAB
  0
TABLE
  2
LAYER
  5
1
330
0
100
AcDbSymbolTable
 70
4
  0
LAYER
  5
27
330
1
100
AcDbSymbolTableRecord
100
AcDbLayerTableRecord
  2
0
 70
0
 62
7
  6
Continuous
370
-3
390
13
347
21
  0
LAYER
  5
28
330
1
100
AcDbSymbolTableRecord
100
AcDbLayerTableRecord
  2
Defpoints
 70
0
 62
7
  6
Continuous
290
0
370
-3
390
13
347
21
  0
LAYER
  5
2F
330
1
100
AcDbSymbolTableRecord
100
AcDbLayerTableRecord
  2
可见轮廓
 70
0
 62
7
  6
Continuous
370
-3
390
13
347
21
  0
LAYER
  5
30
330
1
100
AcDbSymbolTableRecord
100
AcDbLayerTableRecord
  2
隐藏线
 70
0
 62
5
  6
Continuous
370
-3
390
13
347
21
  0
ENDTAB
  0
TABLE
  2
STYLE
  5
5
330
0
100
AcDbSymbolTable
 70
1
  0
STYLE
  5
29
330
5
100
AcDbSymbolTableRecord
100
AcDbTextStyleTableRecord
  2
Standard
 70
0
 40
0.0
 41
1.0
 50
0.0
 71
0
 42
2.5
  3
txt
  4

  0
ENDTAB
  0
TABLE
  2
VIEW
  5
7
330
0
100
AcDbSymbolTable
 70
0
  0
ENDTAB
  0
TABLE
  2
UCS
  5
6
330
0
100
AcDbSymbolTable
 70
0
  0
ENDTAB
  0
TABLE
  2
APPID
  5
3
330
0
100
AcDbSymbolTable
 70
3
  0
APPID
  5
2A
330
3
100
AcDbSymbolTableRecord
100
AcDbRegAppTableRecord
  2
ACAD
 70
0
  0
APPID
  5
1155
330
3
100
AcDbSymbolTableRecord
100
AcDbRegAppTableRecord
  2
HATCHBACKGROUNDCOLOR
 70
0
  0
APPID
  5
1156
330
3
100
AcDbSymbolTableRecord
100
AcDbRegAppTableRecord
  2
EZDXF
 70
0
  0
ENDTAB
  0
TABLE
  2
DIMSTYLE
  5
4
330
0
100
AcDbSymbolTable
 70
1
100
AcDbDimStyleTable
  0
DIMSTYLE
105
2B
330
4
100
AcDbSymbolTableRecord
100
AcDbDimStyleTableRecord
  2
Standard
 70
0
 40
1.0
 41
2.5
 42
0.625
 43
3.75
 44
1.25
 45
0.0
 46
0.0
 47
0.0
 48
0.0
 49
2.5
140
2.5
141
2.5
142
0.0
143
0.03937007874
144
1.0
145
0.0
146
1.0
147
0.625
148
0.0
 69
0
 70
0
 71
0
 72
0
 73
0
 74
0
 75
0
 76
0
 77
1
 78
8
 79
3
170
0
171
3
172
1
173
0
174
0
175
0
176
0
177
0
178
0
179
2
271
2
272
2
273
2
274
3
275
0
276
0
277
2
278
44
279
0
280
0
281
0
282
0
283
0
284
8
285
0
286
0
288
0
289
3
290
0
371
-2
372
-2
  0
ENDTAB
  0
TABLE
  2
BLOCK_RECORD
  5
9
330
0
100
AcDbSymbolTable
 70
2
  0
BLOCK_RECORD
  5
17
330
9
100
AcDbSymbolTableRecord
100
AcDbBlockTableRecord
  2
*Model_Space
340
1A
 70
0
280
1
281
0
  0
BLOCK_RECORD
  5
1B
330
9
100
AcDbSymbolTableRecord
100
AcDbBlockTableRecord
  2
*Paper_Space
340
1E
 70
0
280
1
281
0
  0
ENDTAB
  0
ENDSEC
  0
SECTION
  2
BLOCKS
  0
BLOCK
  5
18
330
17
100
AcDbEntity
  8
0
100
AcDbBlockBegin
  2
*Model_Space
 70
0
 10
0.0
 20
0.0
 30
0.0
  3
*Model_Space
  1

  0
ENDBLK
  5
19
330
17
100
AcDbEntity
  8
0
100
AcDbBlockEnd
  0
BLOCK
  5
1C
330
1B
100
AcDbEntity
  8
0
100
AcDbBlockBegin
  2
*Paper_Space
 70
0
 10
0.0
 20
0.0
 30
0.0
  3
*Paper_Space
  1

  0
ENDBLK
  5
1D
330
1B
100
AcDbEntity
  8
0
100
AcDbBlockEnd
  0
ENDSEC
  0
SECTION
  2
ENTITIES
  0
LINE
  5
31
330
17
100
AcDbEntity
  8
可见轮廓
100
AcDbLine
 10
187.4803846124819
 20
9.00000000000001
 30
0.0
 11
187.49615811702
 21
9.28751636704683
 31
0.0
  0
LINE
  5
32
330
17
100
AcDbEntity
  8
可见轮廓
100
AcDbLine
 10
187.49615811702
 20
9.28751636704683
 30
0.0
 11
187.5414952098925
 21
9.584668863805756
 31
0.0
  0
LINE
  5
33
330
17
100
AcDbEntity
  8
可见轮廓
100
AcDbLine
 10
187.5414952098925
 20
9.584668863805756
 30
0.0
 11
187.61342075998687
 21
9.876523253668248
 31
0.0
  0
LINE
  5
34
330
17
100
AcDbEntity
  8
可见轮廓
100
AcDbLine
 10
187.61342075998687
 20
9.876523253668248
 30
0.0
 11
187.70895964215975
 21
10.148145314431781
 31
0.0
  0
LINE
  5
35
330
17
100
AcDbEntity
  8
可见轮廓
100
AcDbLine
 10
187.70895964215975
 20
10.148145314431781
 30
0.0
 11
187.83363989198045
 21
10.40771464386933
 31
0.0
  0
LINE
  5
36
330
17
100
AcDbEntity
  8
可见轮廓
100
AcDbLine
 10
187.83363989198045
 20
10.40771464386933
 30
0.0
 11
187.98930184553143
 21
10.664864627413873
 31
0.0
  0
LINE
  5
37
330
17
100
AcDbEntity
  8
可见轮廓
100
AcDbLine
 10
187.98930184553143
 20
10.664864627413873
 30
0.0
 11
188.16748374796046
 21
10.906950136838208
 31
0.0
  0
LINE
  5
38
330
17
100
AcDbEntity
  8
可见轮廓
100
AcDbLine
 10
188.16748374796046
 20
10.906950136838208
 30
0.0
 11
188.35972384443
 21
11.121326043929782
 31
0.0
  0
LINE
  5
39
330
17
100
AcDbEntity
  8
可见轮廓
100
AcDbLine
 10
188.35972384443
 20
11.121326043929782
 30
0.0
 11
188.57432784789293
 21
11.313486695849603
 31
0.0
  0
LINE
  5
3A
330
17
100
AcDbEntity
  8
可见轮廓
100
AcDbLine
 10
188.57432784789293
 20
11.313486695849603
 30
0.0
 11
188.81664206345732
 21
11.491565715431433
 31
0.0
  0
LINE
  5
3B
330
17
100
AcDbEntity
  8
可见轮廓
100
AcDbLine
 10
188.81664206345732
 20
11.491565715431433
 30
0.0
 11
189.07399893106867
 21
11.647110025743428
 31
0.0
  0
LINE
  5
3C
330
17
100
AcDbEntity
  8
可见轮廓
100
AcDbLine
 10
189.07399893106867
 20
11.647110025743428
 30
0.0
 11
189.33373089747687
 21
11.771666552671036
 31
0.0
  0
LINE
  5
3D
330
17
100
AcDbEntity
  8
可见轮廓
100
AcDbLine
 10
189.33373089747687
 20
11.771666552671036
 30
0.0
 11
189.60553152414596
 21
11.867112222704222
 31
0.0
  0
LINE
  5
3E
330
17
100
AcDbEntity
  8
可见轮廓
100
AcDbLine
 10
189.60553152414596
 20
11.867112222704222
 30
0.0
 11
189.89753737273602
 21
11.938960893124882
 31
0.0
  0
LINE
  5
3F
330
17
100
AcDbEntity
  8
可见轮廓
100
AcDbLine
 10
189.89753737273602
 20
11.938960893124882
 30
0.0
 11
190.19481994364025
 21
11.98424575515086
 31
0.0
  0
LINE
  5
40
330
17
100
AcDbEntity
  8
可见轮廓
100
AcDbLine
 10
190.19481994364025
 20
11.98424575515086
 30
0.0
 11
190.4824507372519
 21
12.0
 31
0.0
  0
LINE
  5
41
330
17
100
AcDbEntity
  8
可见轮廓
100
AcDbLine
 10
189.3419356162294
 20
11.985554180016592
 30
0.0
 11
189.62697956708294
 21
12.0
 31
0.0
  0
LINE
  5
42
330
17
100
AcDbEntity
  8
可见轮廓
100
AcDbLine
 10
189.05963679444343
 20
11.942355841209693
 30
0.0
 11
189.3419356162294
 21
11.985554180016592
 31
0.0
  0
LINE
  5
43
330
17
100
AcDbEntity
  8
可见轮廓
100
AcDbLine
 10
188.78280179369912
 20
11.87082100719663
 30
0.0
 11
189.05963679444343
 21
11.942355841209693
 31
0.0
  0
LINE
  5
44
330
17
100
AcDbEntity
  8
可见轮廓
100
AcDbLine
 10
188.51409668638698
 20
11.771638597533865
 30
0.0
 11
188.78280179369912
 21
11.87082100719663
 31
0.0
  0
LINE
  5
45
330
17
100
AcDbEntity
  8
可见轮廓
100
AcDbLine
 10
188.25610924957962
 20
11.64576379304507
 30
0.0
 11
188.51409668638698
 21
11.771638597533865
 31
0.0
  0
LINE
  5
46
330
17
100
AcDbEntity
  8
可见轮廓
100
AcDbLine
 10
188.01132404332378
 20
11.494408836907642
 30
0.0
 11
188.25610924957962
 21
11.64576379304507
 31
0.0
  0
LINE
  5
47
330
17
100
AcDbEntity
  8
可见轮廓
100
AcDbLine
 10
187.78209848296888
 20
11.319031360088216
 30
0.0
 11
188.01132404332378
 21
11.494408836907642
 31
0.0
  0
LINE
  5
48
330
17
100
AcDbEntity
  8
可见轮廓
100
AcDbLine
 10
187.57064013596857
 20
11.121320343559647
 30
0.0
 11
187.78209848296888
 21
11.319031360088216
 31
0.0
  0
LINE
  5
49
330
17
100
AcDbEntity
  8
可见轮廓
100
AcDbLine
 10
187.3789854617993
 20
10.903179852490808
 30
0.0
 11
187.57064013596843
 21
11.121320343559507
 31
0.0
  0
LINE
  5
4A
330
17
100
AcDbEntity
  8
可见轮廓
100
AcDbLine
 10
187.20898019974257
 20
10.66671069905869
 30
0.0
 11
187.3789854617993
 21
10.903179852490808
 31
0.0
  0
LINE
  5
4B
330
17
100
AcDbEntity
  8
可见轮廓
100
AcDbLine
 10
187.06226159340628
 20
10.41419021047789
 30
0.0
 11
187.20898019974257
 21
10.66671069905869
 31
0.0
  0
LINE
  5
4C
330
17
100
AcDbEntity
  8
可见轮廓
100
AcDbLine
 10
186.94024262317393
 20
10.148050297095185
 30
0.0
 11
187.06226159340628
 21
10.41419021047789
 31
0.0
  0
LINE
  5
4D
330
17
100
AcDbEntity
  8
可见轮廓
100
AcDbLine
 10
186.8440983984312
 20
9.870854031763324
 30
0.0
 11
186.94024262317393
 21
10.148050297095185
 31
0.0
  0
LINE
  5
4E
330
17
100
AcDbEntity
  8
可见轮廓
100
AcDbLine
 10
186.77475484062023
 20
9.585270966048345
 30
0.0
 11
186.8440983984312
 21
9.870854031763324
 31
0.0
  0
LINE
  5
4F
330
17
100
AcDbEntity
  8
可见轮廓
100
AcDbLine
 10
186.7328797661097
 20
9.294051420988666
 30
0.0
 11
186.77475484062023
 21
9.585270966048345
 31
0.0
  0
LINE
  5
50
330
17
100
AcDbEntity
  8
可见轮廓
100
AcDbLine
 10
186.71887645475843
 20
9.00000000000001
 30
0.0
 11
186.7328797661097
 21
9.294051420988666
 31
0.0
  0
LINE
  5
51
330
17
100
AcDbEntity
  8
可见轮廓
100
AcDbLine
 10
189.4711494662849
 20
12.014552215683144
 30
0.0
 11
189.6269795670829
 21
12.0
 31
0.0
  0
LINE
  5
52
330
17
100
AcDbEntity
  8
可见轮廓
100
AcDbLine
 10
189.30408018149103
 20
12.057556274242684
 30
0.0
 11
189.4711494662849
 21
12.014552215683144
 31
0.0
  0
LINE
  5
53
330
17
100
AcDbEntity
  8
可见轮廓
100
AcDbLine
 10
189.12829777269187
 20
12.128033292943787
 30
0.0
 11
189.30408018149103
 21
12.057556274242684
 31
0.0
  0
LINE
  5
54
330
17
100
AcDbEntity
  8
可见轮廓
100
AcDbLine
 10
188.94632829987808
 20
12.225004389051614
 30
0.0
 11
189.12829777269187
 21
12.128033292943787
 31
0.0
  0
LINE
  5
55
330
17
100
AcDbEntity
  8
可见轮廓
100
AcDbLine
 10
188.7606978230403
 20
12.347490679831331
 30
0.0
 11
188.94632829987808
 21
12.225004389051614
 31
0.0
  0
LINE
  5
56
330
17
100
AcDbEntity
  8
可见轮廓
100
AcDbLine
 10
188.57393240216913
 20
12.494513282548102
 30
0.0
 11
188.7606978230403
 21
12.347490679831331
 31
0.0
  0
LINE
  5
57
330
17
100
AcDbEntity
  8
可见轮廓
100
AcDbLine
 10
188.38855880119914
 20
12.665093042705848
 30
0.0
 11
188.57393240216913
 21
12.494513282548102
 31
0.0
  0
LINE
  5
58
330
17
100
AcDbEntity
  8
可见轮廓
100
AcDbLine
 10
188.20746138758287
 20
12.85811275109728
 30
0.0
 11
188.38855880119914
 21
12.665093042705848
 31
0.0
  0
LINE
  5
59
330
17
100
AcDbEntity
  8
可见轮廓
100
AcDbLine
 10
188.20516250316317
 20
12.860751101788793
 30
0.0
 11
188.20746138758287
 21
12.85811275109728
 31
0.0
  0
LINE
  5
5A
330
17
100
AcDbEntity
  8
可见轮廓
100
AcDbLine
 10
188.019329574895
 20
13.092457531690135
 30
0.0
 11
188.18910900645687
 21
12.879317547472127
 31
0.0
  0
LINE
  5
5B
330
17
100
AcDbEntity
  8
可见轮廓
100
AcDbLine
 10
187.8616641643148
 20
13.324384690183265
 30
0.0
 11
188.019329574895
 21
13.092457531690135
 31
0.0
  0
LINE
  5
5C
330
17
100
AcDbEntity
  8
可见轮廓
100
AcDbLine
 10
187.71993523911775
 20
13.57361979767482
 30
0.0
 11
187.8616641643148
 21
13.324384690183265
 31
0.0
  0
LINE
  5
5D
330
17
100
AcDbEntity
  8
可见轮廓
100
AcDbLine
 10
187.5979101613336
 20
13.838613601693904
 30
0.0
 11
187.71993523911775
 21
13.57361979767482
 31
0.0
  0
LINE
  5
5E
330
17
100
AcDbEntity
  8
可见轮廓
100
AcDbLine
 10
187.49862611756586
 20
14.116888901755958
 30
0.0
 11
187.5979101613336
 21
13.838613601693904
 31
0.0
  0
LINE
  5
5F
330
17
100
AcDbEntity
  8
可见轮廓
100
AcDbLine
 10
187.42460284687195
 20
14.405310895921573
 30
0.0
 11
187.49862611756586
 21
14.116888901755958
 31
0.0
  0
LINE
  5
60
330
17
100
AcDbEntity
  8
可见轮廓
100
AcDbLine
 10
187.37834911956168
 20
14.700730842549877
 30
0.0
 11
187.42460284687195
 21
14.405310895921573
 31
0.0
  0
LINE
  5
61
330
17
100
AcDbEntity
  8
可见轮廓
100
AcDbLine
 10
187.36237370594492
 20
15.0
 30
0.0
 11
187.37834911956168
 21
14.700730842549877
 31
0.0
  0
LINE
  5
62
330
17
100
AcDbEntity
  8
可见轮廓
100
AcDbLine
 10
160.99821428571389
 20
2.0
 30
0.0
 11
163.5002846868864
 21
2.0
 31
0.0
  0
LINE
  5
63
330
17
100
AcDbEntity
  8
可见轮廓
100
AcDbLine
 10
163.5002846868864
 20
2.0
 30
0.0
 11
165.98707754046399
 21
2.0
 31
0.0
  0
LINE
  5
64
330
17
100
AcDbEntity
  8
可见轮廓
100
AcDbLine
 10
165.98707754046399
 20
2.0
 30
0.0
 11
168.436252312468
 21
2.0
 31
0.0
  0
LINE
  5
65
330
17
100
AcDbEntity
  8
可见轮廓
100
AcDbLine
 10
168.436252312468
 20
2.0
 30
0.0
 11
170.82578404200058
 21
2.0
 31
0.0
  0
LINE
  5
66
330
17
100
AcDbEntity
  8
可见轮廓
100
AcDbLine
 10
170.82578404200058
 20
2.0
 30
0.0
 11
173.12512342022595
 21
2.0
 31
0.0
  0
LINE
  5
67
330
17
100
AcDbEntity
  8
可见轮廓
100
AcDbLine
 10
173.12512342022595
 20
2.0
 30
0.0
 11
175.31847960798171
 21
2.0
 31
0.0
  0
LINE
  5
68
330
17
100
AcDbEntity
  8
可见轮廓
100
AcDbLine
 10
175.31847960798171
 20
2.0
 30
0.0
 11
177.38617592400334
 21
2.0
 31
0.0
  0
LINE
  5
69
330
17
100
AcDbEntity
  8
可见轮廓
100
AcDbLine
 10
177.38617592400334
 20
2.0
 30
0.0
 11
179.3095898309695
 21
2.0
 31
0.0
  0
LINE
  5
6A
330
17
100
AcDbEntity
  8
可见轮廓
100
AcDbLine
 10
179.3095898309695
 20
2.0
 30
0.0
 11
181.05611377557213
 21
2.0
 31
0.0
  0
LINE
  5
6B
330
17
100
AcDbEntity
  8
可见轮廓
100
AcDbLine
 10
181.05611377557213
 20
2.0
 30
0.0
 11
182.62208528806312
 21
2.0
 31
0.0
  0
LINE
  5
6C
330
17
100
AcDbEntity
  8
可见轮廓
100
AcDbLine
 10
182.62208528806312
 20
2.0
 30
0.0
 11
183.99348740010728
 21
2.0
 31
0.0
  0
LINE
  5
6D
330
17
100
AcDbEntity
  8
可见轮廓
100
AcDbLine
 10
183.99348740010728
 20
2.0
 30
0.0
 11
185.15793536017952
 21
2.0
 31
0.0
  0
LINE
  5
6E
330
17
100
AcDbEntity
  8
可见轮廓
100
AcDbLine
 10
185.15793536017952
 20
2.0
 30
0.0
 11
186.0857280121665
 21
2.0
 31
0.0
  0
LINE
  5
6F
330
17
100
AcDbEntity
  8
可见轮廓
100
AcDbLine
 10
186.0857280121665
 20
2.0
 30
0.0
 11
186.78588888266643
 21
2.0
 31
0.0
  0
LINE
  5
70
330
17
100
AcDbEntity
  8
可见轮廓
100
AcDbLine
 10
186.78588888266643
 20
2.0
 30
0.0
 11
187.25219486060445
 21
2.0
 31
0.0
  0
LINE
  5
71
330
17
100
AcDbEntity
  8
可见轮廓
100
AcDbLine
 10
187.25219486060445
 20
2.0
 30
0.0
 11
187.4803846124817
 21
2.0
 31
0.0
  0
LINE
  5
72
330
17
100
AcDbEntity
  8
可见轮廓
100
AcDbLine
 10
187.4803846124819
 20
2.0
 30
0.0
 11
187.4803846124819
 21
9.00000000000001
 31
0.0
  0
LINE
  5
73
330
17
100
AcDbEntity
  8
可见轮廓
100
AcDbLine
 10
94.94915616303757
 20
24.0
 30
0.0
 11
95.0
 21
24.0
 31
0.0
  0
LINE
  5
74
330
17
100
AcDbEntity
  8
可见轮廓
100
AcDbLine
 10
94.80466206123297
 20
24.0
 30
0.0
 11
94.94915616303757
 21
24.0
 31
0.0
  0
LINE
  5
75
330
17
100
AcDbEntity
  8
可见轮廓
100
AcDbLine
 10
94.56709148905169
 20
24.0
 30
0.0
 11
94.80466206123297
 21
24.0
 31
0.0
  0
LINE
  5
76
330
17
100
AcDbEntity
  8
可见轮廓
100
AcDbLine
 10
94.23735595793707
 20
24.0
 30
0.0
 11
94.56709148905169
 21
24.0
 31
0.0
  0
LINE
  5
77
330
17
100
AcDbEntity
  8
可见轮廓
100
AcDbLine
 10
93.80930455718763
 20
24.0
 30
0.0
 11
94.23735595793707
 21
24.0
 31
0.0
  0
LINE
  5
78
330
17
100
AcDbEntity
  8
可见轮廓
100
AcDbLine
 10
93.29232817842797
 20
24.0
 30
0.0
 11
93.80930455718763
 21
24.0
 31
0.0
  0
LINE
  5
79
330
17
100
AcDbEntity
  8
可见轮廓
100
AcDbLine
 10
92.68844786977765
 20
24.0
 30
0.0
 11
93.29232817842797
 21
24.0
 31
0.0
  0
LINE
  5
7A
330
17
100
AcDbEntity
  8
可见轮廓
100
AcDbLine
 10
92.0
 20
24.0
 30
0.0
 11
92.68844786977765
 21
24.0
 31
0.0
  0
LINE
  5
7B
330
17
100
AcDbEntity
  8
可见轮廓
100
AcDbLine
 10
134.84657247081265
 20
24.0
 30
0.0
 11
161.1160714285719
 21
24.0
 31
0.0
  0
LINE
  5
7C
330
17
100
AcDbEntity
  8
可见轮廓
100
AcDbLine
 10
91.22410714285735
 20
24.0
 30
0.0
 11
134.84657247081265
 21
24.0
 31
0.0
  0
LINE
  5
7D
330
17
100
AcDbEntity
  8
可见轮廓
100
AcDbLine
 10
84.25860817547249
 20
24.0
 30
0.0
 11
91.22410714285735
 21
24.0
 31
0.0
  0
LINE
  5
7E
330
17
100
AcDbEntity
  8
可见轮廓
100
AcDbLine
 10
186.29629905550226
 20
33.0
 30
0.0
 11
186.51500741141575
 21
33.0
 31
0.0
  0
LINE
  5
7F
330
17
100
AcDbEntity
  8
可见轮廓
100
AcDbLine
 10
186.51500741141575
 20
33.0
 30
0.0
 11
186.7515643400192
 21
33.0
 31
0.0
  0
LINE
  5
80
330
17
100
AcDbEntity
  8
可见轮廓
100
AcDbLine
 10
186.7515643400192
 20
33.0
 30
0.0
 11
187.00383909873693
 21
33.0
 31
0.0
  0
LINE
  5
81
330
17
100
AcDbEntity
  8
可见轮廓
100
AcDbLine
 10
187.00383909873693
 20
33.0
 30
0.0
 11
187.26956910196665
 21
33.0
 31
0.0
  0
LINE
  5
82
330
17
100
AcDbEntity
  8
可见轮廓
100
AcDbLine
 10
187.26956910196665
 20
33.0
 30
0.0
 11
187.54703020188964
 21
33.0
 31
0.0
  0
LINE
  5
83
330
17
100
AcDbEntity
  8
可见轮廓
100
AcDbLine
 10
187.54703020188964
 20
33.0
 30
0.0
 11
187.83257866317032
 21
33.0
 31
0.0
  0
LINE
  5
84
330
17
100
AcDbEntity
  8
可见轮廓
100
AcDbLine
 10
187.83257866317032
 20
33.0
 30
0.0
 11
188.12364649240158
 21
33.0
 31
0.0
  0
LINE
  5
85
330
17
100
AcDbEntity
  8
可见轮廓
100
AcDbLine
 10
188.12364649240158
 20
33.0
 30
0.0
 11
188.41761939906192
 21
33.0
 31
0.0
  0
LINE
  5
86
330
17
100
AcDbEntity
  8
可见轮廓
100
AcDbLine
 10
188.41761939906192
 20
33.0
 30
0.0
 11
188.41761939906192
 21
33.24330112558067
 31
0.0
  0
LINE
  5
87
330
17
100
AcDbEntity
  8
可见轮廓
100
AcDbLine
 10
188.41761939906192
 20
33.24330112558067
 30
0.0
 11
188.41761939906192
 21
33.484956820326914
 31
0.0
  0
LINE
  5
88
330
17
100
AcDbEntity
  8
可见轮廓
100
AcDbLine
 10
188.41761939906192
 20
33.484956820326914
 30
0.0
 11
188.41761939906192
 21
33.723481582888425
 31
0.0
  0
LINE
  5
89
330
17
100
AcDbEntity
  8
可见轮廓
100
AcDbLine
 10
188.41761939906192
 20
33.723481582888425
 30
0.0
 11
188.41761939906192
 21
33.95740788280685
 31
0.0
  0
LINE
  5
8A
330
17
100
AcDbEntity
  8
可见轮廓
100
AcDbLine
 10
188.41761939906192
 20
33.95740788280685
 30
0.0
 11
188.41761939906192
 21
34.184638887432016
 31
0.0
  0
LINE
  5
8B
330
17
100
AcDbEntity
  8
可见轮廓
100
AcDbLine
 10
188.41761939906192
 20
34.184638887432016
 30
0.0
 11
188.41761939906192
 21
34.404152650384184
 31
0.0
  0
LINE
  5
8C
330
17
100
AcDbEntity
  8
可见轮廓
100
AcDbLine
 10
188.41761939906192
 20
34.404152650384184
 30
0.0
 11
188.41761939906192
 21
34.61460105629608
 31
0.0
  0
LINE
  5
8D
330
17
100
AcDbEntity
  8
可见轮廓
100
AcDbLine
 10
188.41761939906192
 20
34.61460105629608
 30
0.0
 11
188.41761939906192
 21
34.81468802304246
 31
0.0
  0
LINE
  5
8E
330
17
100
AcDbEntity
  8
可见轮廓
100
AcDbLine
 10
188.41761939906192
 20
34.81468802304246
 30
0.0
 11
188.41761939906192
 21
34.854949180335126
 31
0.0
  0
LINE
  5
8F
330
17
100
AcDbEntity
  8
可见轮廓
100
AcDbLine
 10
188.41761939906192
 20
34.854949180335126
 30
0.0
 11
188.41761939906192
 21
34.894686500984456
 31
0.0
  0
LINE
  5
90
330
17
100
AcDbEntity
  8
可见轮廓
100
AcDbLine
 10
188.41761939906192
 20
34.93388931324959
 30
0.0
 11
188.41761939906192
 21
34.972547079425965
 31
0.0
  0
LINE
  5
91
330
17
100
AcDbEntity
  8
可见轮廓
100
AcDbLine
 10
188.41761939906192
 20
34.972547079425965
 30
0.0
 11
188.41761939906192
 21
35.01060200287406
 31
0.0
  0
LINE
  5
92
330
17
100
AcDbEntity
  8
可见轮廓
100
AcDbLine
 10
188.41761939906192
 20
35.048089208429474
 30
0.0
 11
188.41761939906192
 21
35.084998629294404
 31
0.0
  0
LINE
  5
93
330
17
100
AcDbEntity
  8
可见轮廓
100
AcDbLine
 10
188.41761939906192
 20
35.084998629294404
 30
0.0
 11
188.41761939906192
 21
35.121320343559645
 31
0.0
  0
LINE
  5
94
330
17
100
AcDbEntity
  8
可见轮廓
100
AcDbLine
 10
188.41761939906192
 20
35.121320343559645
 30
0.0
 11
188.41761939906192
 21
35.31835245921544
 31
0.0
  0
LINE
  5
95
330
17
100
AcDbEntity
  8
可见轮廓
100
AcDbLine
 10
188.41761939906192
 20
35.31835245921544
 30
0.0
 11
188.41761939906192
 21
35.493427602281315
 31
0.0
  0
LINE
  5
96
330
17
100
AcDbEntity
  8
可见轮廓
100
AcDbLine
 10
188.41761939906192
 20
35.493427602281315
 30
0.0
 11
188.41761939906192
 21
35.64497935022151
 31
0.0
  0
LINE
  5
97
330
17
100
AcDbEntity
  8
可见轮廓
100
AcDbLine
 10
188.41761939906192
 20
35.64497935022151
 30
0.0
 11
188.41761939906192
 21
35.77163859753386
 31
0.0
  0
LINE
  5
98
330
17
100
AcDbEntity
  8
可见轮廓
100
AcDbLine
 10
188.41761939906192
 20
35.77163859753386
 30
0.0
 11
188.41761939906192
 21
35.86997647210775
 31
0.0
  0
LINE
  5
99
330
17
100
AcDbEntity
  8
可见轮廓
100
AcDbLine
 10
188.41761939906192
 20
35.86997647210775
 30
0.0
 11
188.41761939906192
 21
35.94119839605009
 31
0.0
  0
LINE
  5
9A
330
17
100
AcDbEntity
  8
可见轮廓
100
AcDbLine
 10
188.41761939906192
 20
35.94119839605009
 30
0.0
 11
188.41761939906192
 21
35.98467258352316
 31
0.0
  0
LINE
  5
9B
330
17
100
AcDbEntity
  8
可见轮廓
100
AcDbLine
 10
188.41761939906192
 20
35.98467258352316
 30
0.0
 11
188.41761939906192
 21
36.0
 31
0.0
  0
LINE
  5
9C
330
17
100
AcDbEntity
  8
可见轮廓
100
AcDbLine
 10
185.8568646055169
 20
23.6967253982338
 30
0.0
 11
185.9071552930686
 21
23.650196216328826
 31
0.0
  0
LINE
  5
9D
330
17
100
AcDbEntity
  8
可见轮廓
100
AcDbLine
 10
185.9071552930686
 20
23.650196216328826
 30
0.0
 11
185.95912858900166
 21
23.60088343253429
 31
0.0
  0
LINE
  5
9E
330
17
100
AcDbEntity
  8
可见轮廓
100
AcDbLine
 10
185.95912858900166
 20
23.60088343253429
 30
0.0
 11
186.01265175467768
 21
23.54889578650895
 31
0.0
  0
LINE
  5
9F
330
17
100
AcDbEntity
  8
可见轮廓
100
AcDbLine
 10
186.01265175467768
 20
23.54889578650895
 30
0.0
 11
186.06749737302664
 21
23.494415866550145
 31
0.0
  0
LINE
  5
A0
330
17
100
AcDbEntity
  8
可见轮廓
100
AcDbLine
 10
186.06749737302664
 20
23.494415866550145
 30
0.0
 11
186.12335485790308
 21
23.437727728278322
 31
0.0
  0
LINE
  5
A1
330
17
100
AcDbEntity
  8
可见轮廓
100
AcDbLine
 10
186.12335485790308
 20
23.437727728278322
 30
0.0
 11
186.1801355702315
 21
23.37897407010988
 31
0.0
  0
LINE
  5
A2
330
17
100
AcDbEntity
  8
可见轮廓
100
AcDbLine
 10
186.1801355702315
 20
23.37897407010988
 30
0.0
 11
186.23775833740592
 21
23.31829229550707
 31
0.0
  0
LINE
  5
A3
330
17
100
AcDbEntity
  8
可见轮廓
100
AcDbLine
 10
186.23775833740592
 20
23.31829229550707
 30
0.0
 11
186.29614198682052
 21
23.255819807932156
 31
0.0
  0
LINE
  5
A4
330
17
100
AcDbEntity
  8
可见轮廓
100
AcDbLine
 10
186.29614198682052
 20
23.255819807932156
 30
0.0
 11
186.35626083149904
 21
23.190540077681955
 31
0.0
  0
LINE
  5
A5
330
17
100
AcDbEntity
  8
可见轮廓
100
AcDbLine
 10
186.35626083149904
 20
23.190540077681955
 30
0.0
 11
186.41699818533192
 21
23.123692602907248
 31
0.0
  0
LINE
  5
A6
330
17
100
AcDbEntity
  8
可见轮廓
100
AcDbLine
 10
186.41699818533192
 20
23.123692602907248
 30
0.0
 11
186.47826846987354
 21
23.0554222449757
 31
0.0
  0
LINE
  5
A7
330
17
100
AcDbEntity
  8
可见轮廓
100
AcDbLine
 10
186.47826846987354
 20
23.0554222449757
 30
0.0
 11
186.53998610667844
 21
22.985873865254987
 31
0.0
  0
LINE
  5
A8
330
17
100
AcDbEntity
  8
可见轮廓
100
AcDbLine
 10
186.53998610667844
 20
22.985873865254987
 30
0.0
 11
186.60206551730107
 21
22.91519232511278
 31
0.0
  0
LINE
  5
A9
330
17
100
AcDbEntity
  8
可见轮廓
100
AcDbLine
 10
186.60206551730107
 20
22.91519232511278
 30
0.0
 11
186.66439940276868
 21
22.843548204288194
 31
0.0
  0
LINE
  5
AA
330
17
100
AcDbEntity
  8
可见轮廓
100
AcDbLine
 10
186.66439940276868
 20
22.843548204288194
 30
0.0
 11
186.72642876707144
 21
22.771687215734474
 31
0.0
  0
LINE
  5
AB
330
17
100
AcDbEntity
  8
可见轮廓
100
AcDbLine
 10
186.72642876707144
 20
22.771687215734474
 30
0.0
 11
186.78788226572826
 21
22.700114308070994
 31
0.0
  0
LINE
  5
AC
330
17
100
AcDbEntity
  8
可见轮廓
100
AcDbLine
 10
186.78788226572826
 20
22.700114308070994
 30
0.0
 11
186.7997527838947
 21
22.686261636787986
 31
0.0
  0
LINE
  5
AD
330
17
100
AcDbEntity
  8
可见轮廓
100
AcDbLine
 10
186.82341769384192
 20
22.658630079841654
 30
0.0
 11
186.83521096725732
 21
22.644855427606274
 31
0.0
  0
LINE
  5
AE
330
17
100
AcDbEntity
  8
可见轮廓
100
AcDbLine
 10
186.83521096725732
 20
22.644855427606274
 30
0.0
 11
186.84697737405702
 21
22.63111101514805
 31
0.0
  0
LINE
  5
AF
330
17
100
AcDbEntity
  8
可见轮廓
100
AcDbLine
 10
186.85871635505828
 20
22.61739895918096
 30
0.0
 11
186.8704273510784
 21
22.603721376418974
 31
0.0
  0
LINE
  5
B0
330
17
100
AcDbEntity
  8
可见轮廓
100
AcDbLine
 10
186.8704273510784
 20
22.603721376418974
 30
0.0
 11
186.8821098029347
 21
22.590080383576062
 31
0.0
  0
LINE
  5
B1
330
17
100
AcDbEntity
  8
可见轮廓
100
AcDbLine
 10
186.8821098029347
 20
22.590080383576062
 30
0.0
 11
186.94626391645662
 21
22.515296559783675
 31
0.0
  0
LINE
  5
B2
330
17
100
AcDbEntity
  8
可见轮廓
100
AcDbLine
 10
186.94626391645662
 20
22.515296559783675
 30
0.0
 11
187.00943050698226
 21
22.442059304891583
 31
0.0
  0
LINE
  5
B3
330
17
100
AcDbEntity
  8
可见轮廓
100
AcDbLine
 10
187.00943050698226
 20
22.442059304891583
 30
0.0
 11
187.0715146037747
 21
22.370728118376064
 31
0.0
  0
LINE
  5
B4
330
17
100
AcDbEntity
  8
可见轮廓
100
AcDbLine
 10
187.0715146037747
 20
22.370728118376064
 30
0.0
 11
187.13242123609695
 21
22.301662499713412
 31
0.0
  0
LINE
  5
B5
330
17
100
AcDbEntity
  8
可见轮廓
100
AcDbLine
 10
187.13242123609695
 20
22.301662499713412
 30
0.0
 11
187.19205543321206
 21
22.235221948379913
 31
0.0
  0
LINE
  5
B6
330
17
100
AcDbEntity
  8
可见轮廓
100
AcDbLine
 10
187.19205543321206
 20
22.235221948379913
 30
0.0
 11
187.2503222243831
 21
22.17176596385185
 31
0.0
  0
LINE
  5
B7
330
17
100
AcDbEntity
  8
可见轮廓
100
AcDbLine
 10
187.2503222243831
 20
22.17176596385185
 30
0.0
 11
187.30712663887303
 21
22.11165404560552
 31
0.0
  0
LINE
  5
B8
330
17
100
AcDbEntity
  8
可见轮廓
100
AcDbLine
 10
187.30712663887303
 20
22.11165404560552
 30
0.0
 11
187.36237370594492
 21
22.0552456931172
 31
0.0
  0
LINE
  5
B9
330
17
100
AcDbEntity
  8
可见轮廓
100
AcDbLine
 10
187.3623737059448
 20
22.05524569311711
 30
0.0
 11
187.42573788886503
 21
21.99188151019687
 31
0.0
  0
LINE
  5
BA
330
17
100
AcDbEntity
  8
可见轮廓
100
AcDbLine
 10
187.42573788886503
 20
21.99188151019687
 30
0.0
 11
187.48959091479645
 21
21.928028484265468
 31
0.0
  0
LINE
  5
BB
330
17
100
AcDbEntity
  8
可见轮廓
100
AcDbLine
 10
187.48959091479645
 20
21.928028484265468
 30
0.0
 11
187.55390271337416
 21
21.86371668568776
 31
0.0
  0
LINE
  5
BC
330
17
100
AcDbEntity
  8
可见轮廓
100
AcDbLine
 10
187.55390271337416
 20
21.86371668568776
 30
0.0
 11
187.6186430126349
 21
21.79897638642703
 31
0.0
  0
LINE
  5
BD
330
17
100
AcDbEntity
  8
可见轮廓
100
AcDbLine
 10
187.6186430126349
 20
21.79897638642703
 30
0.0
 11
187.6838111974965
 21
21.733808201565413
 31
0.0
  0
LINE
  5
BE
330
17
100
AcDbEntity
  8
可见轮廓
100
AcDbLine
 10
187.6838111974965
 20
21.733808201565413
 30
0.0
 11
187.74934060487155
 21
21.66827879419037
 31
0.0
  0
LINE
  5
BF
330
17
100
AcDbEntity
  8
可见轮廓
100
AcDbLine
 10
187.74934060487155
 20
21.66827879419037
 30
0.0
 11
187.81520037713955
 21
21.602419021922355
 31
0.0
  0
LINE
  5
C0
330
17
100
AcDbEntity
  8
可见轮廓
100
AcDbLine
 10
187.81520037713955
 20
21.602419021922355
 30
0.0
 11
187.88135951150787
 21
21.53625988755404
 31
0.0
  0
LINE
  5
C1
330
17
100
AcDbEntity
  8
可见轮廓
100
AcDbLine
 10
187.88135951150787
 20
21.53625988755404
 30
0.0
 11
187.94780583569573
 21
21.46981356336619
 31
0.0
  0
LINE
  5
C2
330
17
100
AcDbEntity
  8
可见轮廓
100
AcDbLine
 10
187.94780583569573
 20
21.46981356336619
 30
0.0
 11
188.01448284708098
 21
21.40313655198092
 31
0.0
  0
LINE
  5
C3
330
17
100
AcDbEntity
  8
可见轮廓
100
AcDbLine
 10
188.01448284708098
 20
21.40313655198092
 30
0.0
 11
188.08135914978752
 21
21.336260249274414
 31
0.0
  0
LINE
  5
C4
330
17
100
AcDbEntity
  8
可见轮廓
100
AcDbLine
 10
188.08135914978752
 20
21.336260249274414
 30
0.0
 11
188.1484032603645
 21
21.269216138697423
 31
0.0
  0
LINE
  5
C5
330
17
100
AcDbEntity
  8
可见轮廓
100
AcDbLine
 10
188.1484032603645
 20
21.269216138697423
 30
0.0
 11
188.2155915475545
 21
21.202027851507424
 31
0.0
  0
LINE
  5
C6
330
17
100
AcDbEntity
  8
可见轮廓
100
AcDbLine
 10
188.2155915475545
 20
21.202027851507424
 30
0.0
 11
188.28287812513824
 21
21.13474127392367
 31
0.0
  0
LINE
  5
C7
330
17
100
AcDbEntity
  8
可见轮廓
100
AcDbLine
 10
188.28287812513824
 20
21.13474127392367
 30
0.0
 11
188.35023131232703
 21
21.067388086734876
 31
0.0
  0
LINE
  5
C8
330
17
100
AcDbEntity
  8
可见轮廓
100
AcDbLine
 10
188.35023131232703
 20
21.067388086734876
 30
0.0
 11
188.41761939906192
 21
21.0
 31
0.0
  0
LINE
  5
C9
330
17
100
AcDbEntity
  8
可见轮廓
100
AcDbLine
 10
78.47227091481577
 20
23.63946782691615
 30
0.0
 11
78.47785974907774
 21
23.63997016673542
 31
0.0
  0
LINE
  5
CA
330
17
100
AcDbEntity
  8
可见轮廓
100
AcDbLine
 10
78.45550180567858
 20
23.63796065065214
 30
0.0
 11
78.46109194284159
 21
23.638463068081343
 31
0.0
  0
LINE
  5
CB
330
17
100
AcDbEntity
  8
可见轮廓
100
AcDbLine
 10
78.44991123476443
 20
23.637458208939297
 30
0.0
 11
78.45550180567858
 21
23.63796065065214
 31
0.0
  0
LINE
  5
CC
330
17
100
AcDbEntity
  8
可见轮廓
100
AcDbLine
 10
82.65965928301958
 20
27.0
 30
0.0
 11
82.66735865897391
 21
26.70594857901132
 31
0.0
  0
LINE
  5
CD
330
17
100
AcDbEntity
  8
可见轮廓
100
AcDbLine
 10
82.66735865897391
 20
26.70594857901132
 30
0.0
 11
82.69038263763761
 21
26.414729033951616
 31
0.0
  0
LINE
  5
CE
330
17
100
AcDbEntity
  8
可见轮廓
100
AcDbLine
 10
82.69038263763761
 20
26.414729033951616
 30
0.0
 11
82.72850948550996
 21
26.129145968236614
 31
0.0
  0
LINE
  5
CF
330
17
100
AcDbEntity
  8
可见轮廓
100
AcDbLine
 10
82.72850948550996
 20
26.129145968236614
 30
0.0
 11
82.78137202020365
 21
25.851949702904733
 31
0.0
  0
LINE
  5
D0
330
17
100
AcDbEntity
  8
可见轮廓
100
AcDbLine
 10
82.78137202020365
 20
25.851949702904733
 30
0.0
 11
82.84846114661201
 21
25.58580978952201
 31
0.0
  0
LINE
  5
D1
330
17
100
AcDbEntity
  8
可见轮廓
100
AcDbLine
 10
82.84846114661201
 20
25.58580978952201
 30
0.0
 11
82.92913075977307
 21
25.333289300941193
 31
0.0
  0
LINE
  5
D2
330
17
100
AcDbEntity
  8
可见轮廓
100
AcDbLine
 10
82.92913075977307
 20
25.333289300941193
 30
0.0
 11
83.02260396721361
 21
25.096820147509064
 31
0.0
  0
LINE
  5
D3
330
17
100
AcDbEntity
  8
可见轮廓
100
AcDbLine
 10
83.02260396721361
 20
25.096820147509064
 30
0.0
 11
83.12798057084831
 21
24.878679656440358
 31
0.0
  0
LINE
  5
D4
330
17
100
AcDbEntity
  8
可见轮廓
100
AcDbLine
 10
83.12798057084831
 20
24.878679656440358
 30
0.0
 11
83.24424573637947
 21
24.68096863991179
 31
0.0
  0
LINE
  5
D5
330
17
100
AcDbEntity
  8
可见轮廓
100
AcDbLine
 10
83.24424573637947
 20
24.68096863991179
 30
0.0
 11
83.37027976670599
 21
24.505591163092365
 31
0.0
  0
LINE
  5
D6
330
17
100
AcDbEntity
  8
可见轮廓
100
AcDbLine
 10
83.37027976670599
 20
24.505591163092365
 30
0.0
 11
83.50486888521866
 21
24.354236206954933
 31
0.0
  0
LINE
  5
D7
330
17
100
AcDbEntity
  8
可见轮廓
100
AcDbLine
 10
83.50486888521866
 20
24.354236206954933
 30
0.0
 11
83.64671692513227
 21
24.22836140246614
 31
0.0
  0
LINE
  5
D8
330
17
100
AcDbEntity
  8
可见轮廓
100
AcDbLine
 10
83.64671692513227
 20
24.22836140246614
 30
0.0
 11
83.79445781228043
 21
24.129178992803375
 31
0.0
  0
LINE
  5
D9
330
17
100
AcDbEntity
  8
可见轮廓
100
AcDbLine
 10
83.79445781228043
 20
24.129178992803375
 30
0.0
 11
83.94666872115653
 21
24.05764415879031
 31
0.0
  0
LINE
  5
DA
330
17
100
AcDbEntity
  8
可见轮廓
100
AcDbLine
 10
83.94666872115653
 20
24.05764415879031
 30
0.0
 11
84.10188377750114
 21
24.014445819983408
 31
0.0
  0
LINE
  5
DB
330
17
100
AcDbEntity
  8
可见轮廓
100
AcDbLine
 10
84.10188377750114
 20
24.014445819983408
 30
0.0
 11
84.2586081754725
 21
24.0
 31
0.0
  0
LINE
  5
DC
330
17
100
AcDbEntity
  8
可见轮廓
100
AcDbLine
 10
72.0789241889017
 20
23.22800402956
 30
0.0
 11
72.89077731321575
 21
23.2490813455769
 31
0.0
  0
LINE
  5
DD
330
17
100
AcDbEntity
  8
可见轮廓
100
AcDbLine
 10
72.89077731321575
 20
23.2490813455769
 30
0.0
 11
73.69878026038114
 21
23.28227928428683
 31
0.0
  0
LINE
  5
DE
330
17
100
AcDbEntity
  8
可见轮廓
100
AcDbLine
 10
73.69878026038114
 20
23.28227928428683
 30
0.0
 11
74.5023273969858
 21
23.325810066554045
 31
0.0
  0
LINE
  5
DF
330
17
100
AcDbEntity
  8
可见轮廓
100
AcDbLine
 10
74.5023273969858
 20
23.325810066554045
 30
0.0
 11
75.30081308961775
 21
23.37788591324279
 31
0.0
  0
LINE
  5
E0
330
17
100
AcDbEntity
  8
可见轮廓
100
AcDbLine
 10
75.30081308961775
 20
23.37788591324279
 30
0.0
 11
76.09363170486498
 21
23.436719045217316
 31
0.0
  0
LINE
  5
E1
330
17
100
AcDbEntity
  8
可见轮廓
100
AcDbLine
 10
76.09363170486498
 20
23.436719045217316
 30
0.0
 11
76.88017760931544
 21
23.50052168334188
 31
0.0
  0
LINE
  5
E2
330
17
100
AcDbEntity
  8
可见轮廓
100
AcDbLine
 10
76.88017760931544
 20
23.50052168334188
 30
0.0
 11
77.65984516955714
 21
23.567506048480727
 31
0.0
  0
LINE
  5
E3
330
17
100
AcDbEntity
  8
可见轮廓
100
AcDbLine
 10
77.65984516955714
 20
23.567506048480727
 30
0.0
 11
78.43202875217804
 21
23.635884361498114
 31
0.0
  0
LINE
  5
E4
330
17
100
AcDbEntity
  8
可见轮廓
100
AcDbLine
 10
78.43202875217804
 20
23.635884361498114
 30
0.0
 11
79.19612272376617
 21
23.703868843258288
 31
0.0
  0
LINE
  5
E5
330
17
100
AcDbEntity
  8
可见轮廓
100
AcDbLine
 10
79.19612272376617
 20
23.703868843258288
 30
0.0
 11
79.95150428287454
 21
23.76963546561578
 31
0.0
  0
LINE
  5
E6
330
17
100
AcDbEntity
  8
可见轮廓
100
AcDbLine
 10
79.95150428287454
 20
23.76963546561578
 30
0.0
 11
80.69744467902586
 21
23.83113649704573
 31
0.0
  0
LINE
  5
E7
330
17
100
AcDbEntity
  8
可见轮廓
100
AcDbLine
 10
80.69744467902586
 20
23.83113649704573
 30
0.0
 11
81.43317478506809
 21
23.886238953722632
 31
0.0
  0
LINE
  5
E8
330
17
100
AcDbEntity
  8
可见轮廓
100
AcDbLine
 10
81.43317478506809
 20
23.886238953722632
 30
0.0
 11
82.15792539436755
 21
23.932809684001498
 31
0.0
  0
LINE
  5
E9
330
17
100
AcDbEntity
  8
可见轮廓
100
AcDbLine
 10
82.15792539436755
 20
23.932809684001498
 30
0.0
 11
82.87092730029056
 21
23.96871553623734
 31
0.0
  0
LINE
  5
EA
330
17
100
AcDbEntity
  8
可见轮廓
100
AcDbLine
 10
82.87092730029056
 20
23.96871553623734
 30
0.0
 11
83.57141129620345
 21
23.99182335878517
 31
0.0
  0
LINE
  5
EB
330
17
100
AcDbEntity
  8
可见轮廓
100
AcDbLine
 10
83.57141129620345
 20
23.99182335878517
 30
0.0
 11
84.2586081754725
 21
24.0
 31
0.0
  0
LINE
  5
EC
330
17
100
AcDbEntity
  8
可见轮廓
100
AcDbLine
 10
82.05443797328567
 20
26.983646717570338
 30
0.0
 11
82.65965928301961
 21
27.0
 31
0.0
  0
LINE
  5
ED
330
17
100
AcDbEntity
  8
可见轮廓
100
AcDbLine
 10
81.43809503076508
 20
26.93743107247467
 30
0.0
 11
82.05443797328567
 21
26.983646717570338
 31
0.0
  0
LINE
  5
EE
330
17
100
AcDbEntity
  8
可见轮廓
100
AcDbLine
 10
80.81130288791636
 20
26.865619368002978
 30
0.0
 11
81.43809503076508
 21
26.93743107247467
 31
0.0
  0
LINE
  5
EF
330
17
100
AcDbEntity
  8
可见轮廓
100
AcDbLine
 10
80.17473397719809
 20
26.77247790744524
 30
0.0
 11
80.81130288791636
 21
26.865619368002978
 31
0.0
  0
LINE
  5
F0
330
17
100
AcDbEntity
  8
可见轮廓
100
AcDbLine
 10
79.52906073106882
 20
26.662272994091428
 30
0.0
 11
80.17473397719809
 21
26.77247790744524
 31
0.0
  0
LINE
  5
F1
330
17
100
AcDbEntity
  8
可见轮廓
100
AcDbLine
 10
78.87495558198714
 20
26.53927093123153
 30
0.0
 11
79.52906073106882
 21
26.662272994091428
 31
0.0
  0
LINE
  5
F2
330
17
100
AcDbEntity
  8
可见轮廓
100
AcDbLine
 10
78.21309089342444
 20
26.40773768651654
 30
0.0
 11
78.87495558198714
 21
26.53927093123153
 31
0.0
  0
LINE
  5
F3
330
17
100
AcDbEntity
  8
可见轮廓
100
AcDbLine
 10
77.54410398337563
 20
26.271768722996207
 30
0.0
 11
78.21309089342444
 21
26.40773768651654
 31
0.0
  0
LINE
  5
F4
330
17
100
AcDbEntity
  8
可见轮廓
100
AcDbLine
 10
76.86854020995335
 20
26.135012096961447
 30
0.0
 11
77.54410398337563
 21
26.271768722996207
 31
0.0
  0
LINE
  5
F5
330
17
100
AcDbEntity
  8
可见轮廓
100
AcDbLine
 10
76.18693003004404
 20
26.001043366683763
 30
0.0
 11
76.86854020995335
 21
26.135012096961447
 31
0.0
  0
LINE
  5
F6
330
17
100
AcDbEntity
  8
可见轮廓
100
AcDbLine
 10
75.4998039005341
 20
25.873438090434654
 30
0.0
 11
76.18693003004404
 21
26.001043366683763
 31
0.0
  0
LINE
  5
F7
330
17
100
AcDbEntity
  8
可见轮廓
100
AcDbLine
 10
74.80769227830996
 20
25.755771826485606
 30
0.0
 11
75.4998039005341
 21
25.873438090434654
 31
0.0
  0
LINE
  5
F8
330
17
100
AcDbEntity
  8
可见轮廓
100
AcDbLine
 10
74.11112562025804
 20
25.651620133108125
 30
0.0
 11
74.80769227830996
 21
25.755771826485606
 31
0.0
  0
LINE
  5
F9
330
17
100
AcDbEntity
  8
可见轮廓
100
AcDbLine
 10
73.41063438326476
 20
25.5645585685737
 30
0.0
 11
74.11112562025804
 21
25.651620133108125
 31
0.0
  0
LINE
  5
FA
330
17
100
AcDbEntity
  8
可见轮廓
100
AcDbLine
 10
72.70674902421655
 20
25.498162691153823
 30
0.0
 11
73.41063438326476
 21
25.5645585685737
 31
0.0
  0
LINE
  5
FB
330
17
100
AcDbEntity
  8
可见轮廓
100
AcDbLine
 10
71.9999999999998
 20
25.45600805912
 30
0.0
 11
72.70674902421655
 21
25.498162691153823
 31
0.0
  0
LINE
  5
FC
330
17
100
AcDbEntity
  8
可见轮廓
100
AcDbLine
 10
22.000000000000018
 20
21.461250122179404
 30
0.0
 11
22.00735337409531
 21
21.44681819437056
 31
0.0
  0
LINE
  5
FD
330
17
100
AcDbEntity
  8
可见轮廓
100
AcDbLine
 10
22.00735337409531
 20
21.44681819437056
 30
0.0
 11
22.014706528211278
 21
21.432386698299
 31
0.0
  0
LINE
  5
FE
330
17
100
AcDbEntity
  8
可见轮廓
100
AcDbLine
 10
22.0514616105803
 20
21.360250194908343
 30
0.0
 11
22.058809036004106
 21
21.345829942120567
 31
0.0
  0
LINE
  5
FF
330
17
100
AcDbEntity
  8
可见轮廓
100
AcDbLine
 10
22.058809036004106
 20
21.345829942120567
 30
0.0
 11
22.06615464215483
 21
21.331413259886578
 31
0.0
  0
LINE
  5
100
330
17
100
AcDbEntity
  8
可见轮廓
100
AcDbLine
 10
22.06615464215483
 20
21.331413259886578
 30
0.0
 11
22.073498349229347
 21
21.31700030483013
 31
0.0
  0
LINE
  5
101
330
17
100
AcDbEntity
  8
可见轮廓
100
AcDbLine
 10
22.102849693797573
 20
21.259394574397856
 30
0.0
 11
22.11018060134277
 21
21.24500674003848
 31
0.0
  0
LINE
  5
102
330
17
100
AcDbEntity
  8
可见轮廓
100
AcDbLine
 10
22.11018060134277
 20
21.24500674003848
 30
0.0
 11
22.117508372575386
 21
21.230625061089693
 31
0.0
  0
LINE
  5
103
330
17
100
AcDbEntity
  8
可见轮廓
100
AcDbLine
 10
22.117508372575337
 20
21.23062506108977
 30
0.0
 11
22.85676207370166
 21
21.372382658684835
 31
0.0
  0
LINE
  5
104
330
17
100
AcDbEntity
  8
可见轮廓
100
AcDbLine
 10
22.85676207370166
 20
21.372382658684835
 30
0.0
 11
23.93061393589418
 21
21.513302268125656
 31
0.0
  0
LINE
  5
105
330
17
100
AcDbEntity
  8
可见轮廓
100
AcDbLine
 10
23.93061393589418
 20
21.513302268125656
 30
0.0
 11
25.33677993273553
 21
21.653087300819795
 31
0.0
  0
LINE
  5
106
330
17
100
AcDbEntity
  8
可见轮廓
100
AcDbLine
 10
25.33677993273553
 20
21.653087300819795
 30
0.0
 11
27.07232308220346
 21
21.791443397475874
 31
0.0
  0
LINE
  5
107
330
17
100
AcDbEntity
  8
可见轮廓
100
AcDbLine
 10
27.07232308220346
 20
21.791443397475874
 30
0.0
 11
29.160333598648663
 21
21.927904437710826
 31
0.0
  0
LINE
  5
108
330
17
100
AcDbEntity
  8
可见轮廓
100
AcDbLine
 10
29.160333598648663
 20
21.927904437710826
 30
0.0
 11
31.56886770416995
 21
22.062300193840226
 31
0.0
  0
LINE
  5
109
330
17
100
AcDbEntity
  8
可见轮廓
100
AcDbLine
 10
31.56886770416995
 20
22.062300193840226
 30
0.0
 11
34.29283274383849
 21
22.19434789664362
 31
0.0
  0
LINE
  5
10A
330
17
100
AcDbEntity
  8
可见轮廓
100
AcDbLine
 10
34.29283274383849
 20
22.19434789664362
 30
0.0
 11
37.32651628049242
 21
22.323769390530902
 31
0.0
  0
LINE
  5
10B
330
17
100
AcDbEntity
  8
可见轮廓
100
AcDbLine
 10
37.32651628049242
 20
22.323769390530902
 30
0.0
 11
40.212341632087806
 21
22.433062191837887
 31
0.0
  0
LINE
  5
10C
330
17
100
AcDbEntity
  8
可见轮廓
100
AcDbLine
 10
40.212341632087806
 20
22.433062191837887
 30
0.0
 11
43.319203132789696
 21
22.53998121885361
 31
0.0
  0
LINE
  5
10D
330
17
100
AcDbEntity
  8
可见轮廓
100
AcDbLine
 10
43.319203132789696
 20
22.53998121885361
 30
0.0
 11
46.64220557732777
 21
22.644358531736355
 31
0.0
  0
LINE
  5
10E
330
17
100
AcDbEntity
  8
可见轮廓
100
AcDbLine
 10
46.64220557732777
 20
22.644358531736355
 30
0.0
 11
50.17613664621467
 21
22.746029919755927
 31
0.0
  0
LINE
  5
10F
330
17
100
AcDbEntity
  8
可见轮廓
100
AcDbLine
 10
50.17613664621467
 20
22.746029919755927
 30
0.0
 11
53.931952214531776
 21
22.844579474194564
 31
0.0
  0
LINE
  5
110
330
17
100
AcDbEntity
  8
可见轮廓
100
AcDbLine
 10
53.931952214531776
 20
22.844579474194564
 30
0.0
 11
57.88609214955781
 21
22.940076913913337
 31
0.0
  0
LINE
  5
111
330
17
100
AcDbEntity
  8
可见轮廓
100
AcDbLine
 10
57.88609214955781
 20
22.940076913913337
 30
0.0
 11
62.03233061333455
 21
23.032372288015473
 31
0.0
  0
LINE
  5
112
330
17
100
AcDbEntity
  8
可见轮廓
100
AcDbLine
 10
62.03233061333455
 20
23.032372288015473
 30
0.0
 11
66.3641599278532
 21
23.121320343559653
 31
0.0
  0
LINE
  5
113
330
17
100
AcDbEntity
  8
可见轮廓
100
AcDbLine
 10
66.3641599278532
 20
23.121320343559653
 30
0.0
 11
67.06320937900716
 21
23.134968448704065
 31
0.0
  0
LINE
  5
114
330
17
100
AcDbEntity
  8
可见轮廓
100
AcDbLine
 10
67.06320937900716
 20
23.134968448704065
 30
0.0
 11
67.76663477816234
 21
23.14852935979909
 31
0.0
  0
LINE
  5
115
330
17
100
AcDbEntity
  8
可见轮廓
100
AcDbLine
 10
67.76663477816234
 20
23.14852935979909
 30
0.0
 11
68.47440876745168
 21
23.16200254965138
 31
0.0
  0
LINE
  5
116
330
17
100
AcDbEntity
  8
可见轮廓
100
AcDbLine
 10
68.47440876745168
 20
23.16200254965138
 30
0.0
 11
69.18650383118884
 21
23.175387494251176
 31
0.0
  0
LINE
  5
117
330
17
100
AcDbEntity
  8
可见轮廓
100
AcDbLine
 10
69.18650383118884
 20
23.175387494251176
 30
0.0
 11
69.90324706145724
 21
23.188676219629674
 31
0.0
  0
LINE
  5
118
330
17
100
AcDbEntity
  8
可见轮廓
100
AcDbLine
 10
69.90324706145724
 20
23.188676219629674
 30
0.0
 11
70.6242502509074
 21
23.201875558850894
 31
0.0
  0
LINE
  5
119
330
17
100
AcDbEntity
  8
可见轮廓
100
AcDbLine
 10
70.6242502509074
 20
23.201875558850894
 30
0.0
 11
71.34948535832271
 21
23.214984998783805
 31
0.0
  0
LINE
  5
11A
330
17
100
AcDbEntity
  8
可见轮廓
100
AcDbLine
 10
71.34948535832271
 20
23.214984998783805
 30
0.0
 11
72.07892418890168
 21
23.22800402955999
 31
0.0
  0
LINE
  5
11B
330
17
100
AcDbEntity
  8
可见轮廓
100
AcDbLine
 10
21.95086733490055
 20
21.4324565719057
 30
0.0
 11
22.0
 21
21.4612501221795
 31
0.0
  0
LINE
  5
11C
330
17
100
AcDbEntity
  8
可见轮廓
100
AcDbLine
 10
21.901737036601624
 20
21.40365607180518
 30
0.0
 11
21.95086733490055
 21
21.4324565719057
 31
0.0
  0
LINE
  5
11D
330
17
100
AcDbEntity
  8
可见轮廓
100
AcDbLine
 10
21.852609327237385
 20
21.3748491231186
 30
0.0
 11
21.901737036601624
 21
21.40365607180518
 31
0.0
  0
LINE
  5
11E
330
17
100
AcDbEntity
  8
可见轮廓
100
AcDbLine
 10
21.803484428941996
 20
21.34603622708662
 30
0.0
 11
21.852609327237385
 21
21.3748491231186
 31
0.0
  0
LINE
  5
11F
330
17
100
AcDbEntity
  8
可见轮廓
100
AcDbLine
 10
21.754362563849618
 20
21.317217884949905
 30
0.0
 11
21.803484428941996
 21
21.34603622708662
 31
0.0
  0
LINE
  5
120
330
17
100
AcDbEntity
  8
可见轮廓
100
AcDbLine
 10
21.705243954094417
 20
21.288394597949114
 30
0.0
 11
21.754362563849618
 21
21.317217884949905
 31
0.0
  0
LINE
  5
121
330
17
100
AcDbEntity
  8
可见轮廓
100
AcDbLine
 10
21.65612882181055
 20
21.25956686732491
 30
0.0
 11
21.705243954094417
 21
21.288394597949114
 31
0.0
  0
LINE
  5
122
330
17
100
AcDbEntity
  8
可见轮廓
100
AcDbLine
 10
21.607017389132185
 20
21.230735194317955
 30
0.0
 11
21.65612882181055
 21
21.25956686732491
 31
0.0
  0
LINE
  5
123
330
17
100
AcDbEntity
  8
可见轮廓
100
AcDbLine
 10
21.55790987819348
 20
21.201900080168915
 30
0.0
 11
21.607017389132185
 21
21.230735194317955
 31
0.0
  0
LINE
  5
124
330
17
100
AcDbEntity
  8
可见轮廓
100
AcDbLine
 10
21.508806511128604
 20
21.173062026118444
 30
0.0
 11
21.55790987819348
 21
21.201900080168915
 31
0.0
  0
LINE
  5
125
330
17
100
AcDbEntity
  8
可见轮廓
100
AcDbLine
 10
21.459707510071716
 20
21.14422153340721
 30
0.0
 11
21.508806511128604
 21
21.173062026118444
 31
0.0
  0
LINE
  5
126
330
17
100
AcDbEntity
  8
可见轮廓
100
AcDbLine
 10
21.410613097156975
 20
21.115379103275874
 30
0.0
 11
21.459707510071716
 21
21.14422153340721
 31
0.0
  0
LINE
  5
127
330
17
100
AcDbEntity
  8
可见轮廓
100
AcDbLine
 10
21.36152349451855
 20
21.086535236965098
 30
0.0
 11
21.410613097156975
 21
21.115379103275874
 31
0.0
  0
LINE
  5
128
330
17
100
AcDbEntity
  8
可见轮廓
100
AcDbLine
 10
21.312438924290603
 20
21.057690435715543
 30
0.0
 11
21.36152349451855
 21
21.086535236965098
 31
0.0
  0
LINE
  5
129
330
17
100
AcDbEntity
  8
可见轮廓
100
AcDbLine
 10
21.263359608607292
 20
21.02884520076787
 30
0.0
 11
21.312438924290603
 21
21.057690435715543
 31
0.0
  0
LINE
  5
12A
330
17
100
AcDbEntity
  8
可见轮廓
100
AcDbLine
 10
21.2142857142857
 20
21.0
 30
0.0
 11
21.263359608607292
 21
21.02884520076787
 31
0.0
  0
LINE
  5
12B
330
17
100
AcDbEntity
  8
可见轮廓
100
AcDbLine
 10
21.27071933076824
 20
21.014422600383984
 30
0.0
 11
21.327156457740873
 21
21.02884521785782
 31
0.0
  0
LINE
  5
12C
330
17
100
AcDbEntity
  8
可见轮廓
100
AcDbLine
 10
21.327156457740873
 20
21.02884521785782
 30
0.0
 11
21.3835969032042
 21
21.043267618482595
 31
0.0
  0
LINE
  5
12D
330
17
100
AcDbEntity
  8
可见轮廓
100
AcDbLine
 10
21.3835969032042
 20
21.043267618482595
 30
0.0
 11
21.440040411544363
 21
21.05768955163798
 31
0.0
  0
LINE
  5
12E
330
17
100
AcDbEntity
  8
可见轮廓
100
AcDbLine
 10
21.49648672714751
 20
21.07211076670365
 30
0.0
 11
21.552935594399774
 21
21.08653101305926
 31
0.0
  0
LINE
  5
12F
330
17
100
AcDbEntity
  8
可见轮廓
100
AcDbLine
 10
21.552935594399774
 20
21.08653101305926
 30
0.0
 11
21.6093867576873
 21
21.100950040084495
 31
0.0
  0
LINE
  5
130
330
17
100
AcDbEntity
  8
可见轮廓
100
AcDbLine
 10
21.6093867576873
 20
21.100950040084495
 30
0.0
 11
21.665839961396234
 21
21.115367597159008
 31
0.0
  0
LINE
  5
131
330
17
100
AcDbEntity
  8
可见轮廓
100
AcDbLine
 10
21.665839961396234
 20
21.115367597159008
 30
0.0
 11
21.722294949912715
 21
21.129783433662485
 31
0.0
  0
LINE
  5
132
330
17
100
AcDbEntity
  8
可见轮廓
100
AcDbLine
 10
21.722294949912715
 20
21.129783433662485
 30
0.0
 11
21.778751467622882
 21
21.144197298974586
 31
0.0
  0
LINE
  5
133
330
17
100
AcDbEntity
  8
可见轮廓
100
AcDbLine
 10
21.778751467622882
 20
21.144197298974586
 30
0.0
 11
21.835209258912883
 21
21.15860894247498
 31
0.0
  0
LINE
  5
134
330
17
100
AcDbEntity
  8
可见轮廓
100
AcDbLine
 10
21.835209258912883
 20
21.15860894247498
 30
0.0
 11
21.89166806816885
 21
21.17301811354334
 31
0.0
  0
LINE
  5
135
330
17
100
AcDbEntity
  8
可见轮廓
100
AcDbLine
 10
21.89166806816885
 20
21.17301811354334
 30
0.0
 11
21.94812763977694
 21
21.187424561559332
 31
0.0
  0
LINE
  5
136
330
17
100
AcDbEntity
  8
可见轮廓
100
AcDbLine
 10
21.94812763977694
 20
21.187424561559332
 30
0.0
 11
22.00458771812328
 21
21.201828035902626
 31
0.0
  0
LINE
  5
137
330
17
100
AcDbEntity
  8
可见轮廓
100
AcDbLine
 10
22.00458771812328
 20
21.201828035902626
 30
0.0
 11
22.06104804759402
 21
21.216228285952894
 31
0.0
  0
LINE
  5
138
330
17
100
AcDbEntity
  8
可见轮廓
100
AcDbLine
 10
22.0
 20
30.0
 30
0.0
 11
47.0
 21
30.0
 31
0.0
  0
LINE
  5
139
330
17
100
AcDbEntity
  8
可见轮廓
100
AcDbLine
 10
47.0
 20
30.0
 30
0.0
 11
72.0
 21
30.0
 31
0.0
  0
LINE
  5
13A
330
17
100
AcDbEntity
  8
可见轮廓
100
AcDbLine
 10
72.0
 20
30.0
 30
0.0
 11
75.89763638986125
 21
30.0
 31
0.0
  0
LINE
  5
13B
330
17
100
AcDbEntity
  8
可见轮廓
100
AcDbLine
 10
75.89763638986125
 20
30.0
 30
0.0
 11
79.64162801072726
 21
30.0
 31
0.0
  0
LINE
  5
13C
330
17
100
AcDbEntity
  8
可见轮廓
100
AcDbLine
 10
79.64162801072726
 20
30.0
 30
0.0
 11
83.09793015702371
 21
30.0
 31
0.0
  0
LINE
  5
13D
330
17
100
AcDbEntity
  8
可见轮廓
100
AcDbLine
 10
83.09793015702371
 20
30.0
 30
0.0
 11
86.14213562373095
 21
30.0
 31
0.0
  0
LINE
  5
13E
330
17
100
AcDbEntity
  8
可见轮廓
100
AcDbLine
 10
86.14213562373095
 20
30.0
 30
0.0
 11
88.6100204007644
 21
30.0
 31
0.0
  0
LINE
  5
13F
330
17
100
AcDbEntity
  8
可见轮廓
100
AcDbLine
 10
88.6100204007644
 20
30.0
 30
0.0
 11
90.44852198210788
 21
30.0
 31
0.0
  0
LINE
  5
140
330
17
100
AcDbEntity
  8
可见轮廓
100
AcDbLine
 10
90.44852198210788
 20
30.0
 30
0.0
 11
91.59247973219357
 21
30.0
 31
0.0
  0
LINE
  5
141
330
17
100
AcDbEntity
  8
可见轮廓
100
AcDbLine
 10
91.59247973219357
 20
30.0
 30
0.0
 11
92.0
 21
30.0
 31
0.0
  0
LINE
  5
142
330
17
100
AcDbEntity
  8
可见轮廓
100
AcDbLine
 10
189.6269795670829
 20
12.0
 30
0.0
 11
190.3320245706039
 21
12.0
 31
0.0
  0
LINE
  5
143
330
17
100
AcDbEntity
  8
可见轮廓
100
AcDbLine
 10
190.3320245706039
 20
12.0
 30
0.0
 11
191.46432750117273
 21
12.0
 31
0.0
  0
LINE
  5
144
330
17
100
AcDbEntity
  8
可见轮廓
100
AcDbLine
 10
191.46432750117273
 20
12.0
 30
0.0
 11
193.3016754352629
 21
12.0
 31
0.0
  0
LINE
  5
145
330
17
100
AcDbEntity
  8
可见轮廓
100
AcDbLine
 10
190.8596474171624
 20
36.0
 30
0.0
 11
193.3016754352629
 21
36.0
 31
0.0
  0
LINE
  5
146
330
17
100
AcDbEntity
  8
可见轮廓
100
AcDbLine
 10
188.41761939906192
 20
36.0
 30
0.0
 11
190.8596474171624
 21
36.0
 31
0.0
  0
LINE
  5
147
330
17
100
AcDbEntity
  8
可见轮廓
100
AcDbLine
 10
21.2142857142857
 20
2.0
 30
0.0
 11
91.10624999999982
 21
2.0
 31
0.0
  0
LINE
  5
148
330
17
100
AcDbEntity
  8
可见轮廓
100
AcDbLine
 10
91.10624999999982
 20
2.0
 30
0.0
 11
94.74019230624094
 21
2.0
 31
0.0
  0
LINE
  5
149
330
17
100
AcDbEntity
  8
可见轮廓
100
AcDbLine
 10
94.74019230624094
 20
2.0
 30
0.0
 11
160.99821428571389
 21
2.0
 31
0.0
  0
LINE
  5
14A
330
17
100
AcDbEntity
  8
可见轮廓
100
AcDbLine
 10
2.0
 20
30.0
 30
0.0
 11
2.407520267806433
 21
30.0
 31
0.0
  0
LINE
  5
14B
330
17
100
AcDbEntity
  8
可见轮廓
100
AcDbLine
 10
2.407520267806433
 20
30.0
 30
0.0
 11
3.551478017892137
 21
30.0
 31
0.0
  0
LINE
  5
14C
330
17
100
AcDbEntity
  8
可见轮廓
100
AcDbLine
 10
3.551478017892137
 20
30.0
 30
0.0
 11
5.389979599235588
 21
30.0
 31
0.0
  0
LINE
  5
14D
330
17
100
AcDbEntity
  8
可见轮廓
100
AcDbLine
 10
5.389979599235588
 20
30.0
 30
0.0
 11
7.857864376269056
 21
30.0
 31
0.0
  0
LINE
  5
14E
330
17
100
AcDbEntity
  8
可见轮廓
100
AcDbLine
 10
7.857864376269056
 20
30.0
 30
0.0
 11
10.902069842976289
 21
30.0
 31
0.0
  0
LINE
  5
14F
330
17
100
AcDbEntity
  8
可见轮廓
100
AcDbLine
 10
10.902069842976289
 20
30.0
 30
0.0
 11
14.358371989272747
 21
30.0
 31
0.0
  0
LINE
  5
150
330
17
100
AcDbEntity
  8
可见轮廓
100
AcDbLine
 10
14.358371989272747
 20
30.0
 30
0.0
 11
18.10236361013874
 21
30.0
 31
0.0
  0
LINE
  5
151
330
17
100
AcDbEntity
  8
可见轮廓
100
AcDbLine
 10
18.10236361013874
 20
30.0
 30
0.0
 11
22.000000000000004
 21
30.0
 31
0.0
  0
LINE
  5
152
330
17
100
AcDbEntity
  8
可见轮廓
100
AcDbLine
 10
2.0
 20
2.0
 30
0.0
 11
2.387461579203766
 21
2.0
 31
0.0
  0
LINE
  5
153
330
17
100
AcDbEntity
  8
可见轮廓
100
AcDbLine
 10
2.387461579203766
 20
2.0
 30
0.0
 11
3.4758568142606023
 21
2.0
 31
0.0
  0
LINE
  5
154
330
17
100
AcDbEntity
  8
可见轮廓
100
AcDbLine
 10
3.4758568142606023
 20
2.0
 30
0.0
 11
5.227289830816083
 21
2.0
 31
0.0
  0
LINE
  5
155
330
17
100
AcDbEntity
  8
可见轮廓
100
AcDbLine
 10
5.227289830816083
 20
2.0
 30
0.0
 11
7.582748429151167
 21
2.0
 31
0.0
  0
LINE
  5
156
330
17
100
AcDbEntity
  8
可见轮廓
100
AcDbLine
 10
7.582748429151167
 20
2.0
 30
0.0
 11
10.496820133628159
 21
2.0
 31
0.0
  0
LINE
  5
157
330
17
100
AcDbEntity
  8
可见轮廓
100
AcDbLine
 10
10.496820133628159
 20
2.0
 30
0.0
 11
13.817419941416397
 21
2.0
 31
0.0
  0
LINE
  5
158
330
17
100
AcDbEntity
  8
可见轮廓
100
AcDbLine
 10
13.817419941416397
 20
2.0
 30
0.0
 11
17.430900217390338
 21
2.0
 31
0.0
  0
LINE
  5
159
330
17
100
AcDbEntity
  8
可见轮廓
100
AcDbLine
 10
17.430900217390338
 20
2.0
 30
0.0
 11
21.214285714285694
 21
2.0
 31
0.0
  0
LINE
  5
15A
330
17
100
AcDbEntity
  8
可见轮廓
100
AcDbLine
 10
84.25860817466156
 20
24.0
 30
0.0
 11
85.96943452204815
 21
24.0
 31
0.0
  0
LINE
  5
15B
330
17
100
AcDbEntity
  8
可见轮廓
100
AcDbLine
 10
85.96943452204815
 20
24.0
 30
0.0
 11
87.50198558936586
 21
24.0
 31
0.0
  0
LINE
  5
15C
330
17
100
AcDbEntity
  8
可见轮廓
100
AcDbLine
 10
87.50198558936586
 20
24.0
 30
0.0
 11
88.8378113175483
 21
24.0
 31
0.0
  0
LINE
  5
15D
330
17
100
AcDbEntity
  8
可见轮廓
100
AcDbLine
 10
88.8378113175483
 20
24.0
 30
0.0
 11
89.96068155016997
 21
24.0
 31
0.0
  0
LINE
  5
15E
330
17
100
AcDbEntity
  8
可见轮廓
100
AcDbLine
 10
89.96068155016997
 20
24.0
 30
0.0
 11
90.83669790904685
 21
24.0
 31
0.0
  0
LINE
  5
15F
330
17
100
AcDbEntity
  8
可见轮廓
100
AcDbLine
 10
90.83669790904685
 20
24.0
 30
0.0
 11
91.47318893698855
 21
24.0
 31
0.0
  0
LINE
  5
160
330
17
100
AcDbEntity
  8
可见轮廓
100
AcDbLine
 10
91.47318893698855
 20
24.0
 30
0.0
 11
91.86255873806613
 21
24.0
 31
0.0
  0
LINE
  5
161
330
17
100
AcDbEntity
  8
可见轮廓
100
AcDbLine
 10
91.86255873806613
 20
24.0
 30
0.0
 11
92.0
 21
24.0
 31
0.0
  0
LINE
  5
162
330
17
100
AcDbEntity
  8
可见轮廓
100
AcDbLine
 10
22.0
 20
24.0
 30
0.0
 11
47.0
 21
24.0
 31
0.0
  0
LINE
  5
163
330
17
100
AcDbEntity
  8
可见轮廓
100
AcDbLine
 10
3.55147801789213
 20
2.0
 30
0.0
 11
5.389979599235588
 21
2.0
 31
0.0
  0
LINE
  5
164
330
17
100
AcDbEntity
  8
可见轮廓
100
AcDbLine
 10
5.389979599235588
 20
2.0
 30
0.0
 11
7.857864376269056
 21
2.0
 31
0.0
  0
LINE
  5
165
330
17
100
AcDbEntity
  8
可见轮廓
100
AcDbLine
 10
7.857864376269056
 20
2.0
 30
0.0
 11
10.902069842976282
 21
2.0
 31
0.0
  0
LINE
  5
166
330
17
100
AcDbEntity
  8
可见轮廓
100
AcDbLine
 10
10.902069842976282
 20
2.0
 30
0.0
 11
14.358371989272747
 21
2.0
 31
0.0
  0
LINE
  5
167
330
17
100
AcDbEntity
  8
可见轮廓
100
AcDbLine
 10
14.358371989272747
 20
2.0
 30
0.0
 11
18.10236361013874
 21
2.0
 31
0.0
  0
LINE
  5
168
330
17
100
AcDbEntity
  8
可见轮廓
100
AcDbLine
 10
18.10236361013874
 20
2.0
 30
0.0
 11
22.000000000000004
 21
2.0
 31
0.0
  0
LINE
  5
169
330
17
100
AcDbEntity
  8
可见轮廓
100
AcDbLine
 10
2.0
 20
24.0
 30
0.0
 11
2.407520267806433
 21
24.0
 31
0.0
  0
LINE
  5
16A
330
17
100
AcDbEntity
  8
可见轮廓
100
AcDbLine
 10
2.407520267806433
 20
24.0
 30
0.0
 11
3.55147801789213
 21
24.0
 31
0.0
  0
LINE
  5
16B
330
17
100
AcDbEntity
  8
可见轮廓
100
AcDbLine
 10
3.55147801789213
 20
24.0
 30
0.0
 11
5.389979599235588
 21
24.0
 31
0.0
  0
LINE
  5
16C
330
17
100
AcDbEntity
  8
可见轮廓
100
AcDbLine
 10
5.389979599235588
 20
24.0
 30
0.0
 11
7.857864376269056
 21
24.0
 31
0.0
  0
LINE
  5
16D
330
17
100
AcDbEntity
  8
可见轮廓
100
AcDbLine
 10
7.857864376269056
 20
24.0
 30
0.0
 11
10.902069842976282
 21
24.0
 31
0.0
  0
LINE
  5
16E
330
17
100
AcDbEntity
  8
可见轮廓
100
AcDbLine
 10
10.902069842976282
 20
24.0
 30
0.0
 11
14.358371989272747
 21
24.0
 31
0.0
  0
LINE
  5
16F
330
17
100
AcDbEntity
  8
可见轮廓
100
AcDbLine
 10
14.358371989272747
 20
24.0
 30
0.0
 11
18.10236361013874
 21
24.0
 31
0.0
  0
LINE
  5
170
330
17
100
AcDbEntity
  8
可见轮廓
100
AcDbLine
 10
18.10236361013874
 20
24.0
 30
0.0
 11
22.000000000000004
 21
24.0
 31
0.0
  0
LINE
  5
171
330
17
100
AcDbEntity
  8
可见轮廓
100
AcDbLine
 10
187.4803846124819
 20
2.0
 30
0.0
 11
187.4803846124819
 21
11.023933985464582
 31
0.0
  0
LINE
  5
172
330
17
100
AcDbEntity
  8
可见轮廓
100
AcDbLine
 10
187.4803846124819
 20
33.0
 30
0.0
 11
187.4803846124819
 21
46.0
 31
0.0
  0
LINE
  5
173
330
17
100
AcDbEntity
  8
可见轮廓
100
AcDbLine
 10
136.4999999999999
 20
2.0
 30
0.0
 11
137.019334932405
 21
2.0
 31
0.0
  0
LINE
  5
174
330
17
100
AcDbEntity
  8
可见轮廓
100
AcDbLine
 10
137.019334932405
 20
2.0
 30
0.0
 11
138.47717960362885
 21
2.0
 31
0.0
  0
LINE
  5
175
330
17
100
AcDbEntity
  8
可见轮廓
100
AcDbLine
 10
138.47717960362885
 20
2.0
 30
0.0
 11
140.82017135058638
 21
2.0
 31
0.0
  0
LINE
  5
176
330
17
100
AcDbEntity
  8
可见轮廓
100
AcDbLine
 10
140.82017135058638
 20
2.0
 30
0.0
 11
143.9653098697141
 21
2.0
 31
0.0
  0
LINE
  5
177
330
17
100
AcDbEntity
  8
可见轮廓
100
AcDbLine
 10
143.9653098697141
 20
2.0
 30
0.0
 11
147.84504012058764
 21
2.0
 31
0.0
  0
LINE
  5
178
330
17
100
AcDbEntity
  8
可见轮廓
100
AcDbLine
 10
147.84504012058764
 20
2.0
 30
0.0
 11
152.25013201684797
 21
2.0
 31
0.0
  0
LINE
  5
179
330
17
100
AcDbEntity
  8
可见轮廓
100
AcDbLine
 10
152.25013201684797
 20
2.0
 30
0.0
 11
157.02210454173425
 21
2.0
 31
0.0
  0
LINE
  5
17A
330
17
100
AcDbEntity
  8
可见轮廓
100
AcDbLine
 10
157.02210454173425
 20
2.0
 30
0.0
 11
161.99019230624089
 21
2.0
 31
0.0
  0
LINE
  5
17B
330
17
100
AcDbEntity
  8
可见轮廓
100
AcDbLine
 10
161.99019230624089
 20
2.0
 30
0.0
 11
166.83876650349112
 21
2.0
 31
0.0
  0
LINE
  5
17C
330
17
100
AcDbEntity
  8
可见轮廓
100
AcDbLine
 10
166.83876650349112
 20
2.0
 30
0.0
 11
171.50586380812732
 21
2.0
 31
0.0
  0
LINE
  5
17D
330
17
100
AcDbEntity
  8
可见轮廓
100
AcDbLine
 10
171.50586380812732
 20
2.0
 30
0.0
 11
175.83251466582084
 21
2.0
 31
0.0
  0
LINE
  5
17E
330
17
100
AcDbEntity
  8
可见轮廓
100
AcDbLine
 10
175.83251466582084
 20
2.0
 30
0.0
 11
179.67059843464486
 21
2.0
 31
0.0
  0
LINE
  5
17F
330
17
100
AcDbEntity
  8
可见轮廓
100
AcDbLine
 10
179.67059843464486
 20
2.0
 30
0.0
 11
182.82360932460358
 21
2.0
 31
0.0
  0
LINE
  5
180
330
17
100
AcDbEntity
  8
可见轮廓
100
AcDbLine
 10
182.82360932460358
 20
2.0
 30
0.0
 11
185.2258778245522
 21
2.0
 31
0.0
  0
LINE
  5
181
330
17
100
AcDbEntity
  8
可见轮廓
100
AcDbLine
 10
185.2258778245522
 20
2.0
 30
0.0
 11
186.79632632980108
 21
2.0
 31
0.0
  0
LINE
  5
182
330
17
100
AcDbEntity
  8
可见轮廓
100
AcDbLine
 10
186.79632632980108
 20
2.0
 30
0.0
 11
187.4803846124817
 21
2.0
 31
0.0
  0
LINE
  5
183
330
17
100
AcDbEntity
  8
可见轮廓
100
AcDbLine
 10
136.4999999999999
 20
46.0
 30
0.0
 11
137.019334932405
 21
46.0
 31
0.0
  0
LINE
  5
184
330
17
100
AcDbEntity
  8
可见轮廓
100
AcDbLine
 10
137.019334932405
 20
46.0
 30
0.0
 11
138.47717960362885
 21
46.0
 31
0.0
  0
LINE
  5
185
330
17
100
AcDbEntity
  8
可见轮廓
100
AcDbLine
 10
138.47717960362885
 20
46.0
 30
0.0
 11
140.82017135058638
 21
46.0
 31
0.0
  0
LINE
  5
186
330
17
100
AcDbEntity
  8
可见轮廓
100
AcDbLine
 10
140.82017135058638
 20
46.0
 30
0.0
 11
143.9653098697141
 21
46.0
 31
0.0
  0
LINE
  5
187
330
17
100
AcDbEntity
  8
可见轮廓
100
AcDbLine
 10
143.9653098697141
 20
46.0
 30
0.0
 11
147.84504012058764
 21
46.0
 31
0.0
  0
LINE
  5
188
330
17
100
AcDbEntity
  8
可见轮廓
100
AcDbLine
 10
147.84504012058764
 20
46.0
 30
0.0
 11
152.25013201684797
 21
46.0
 31
0.0
  0
LINE
  5
189
330
17
100
AcDbEntity
  8
可见轮廓
100
AcDbLine
 10
152.25013201684797
 20
46.0
 30
0.0
 11
157.02210454173425
 21
46.0
 31
0.0
  0
LINE
  5
18A
330
17
100
AcDbEntity
  8
可见轮廓
100
AcDbLine
 10
157.02210454173425
 20
46.0
 30
0.0
 11
161.99019230624089
 21
46.0
 31
0.0
  0
LINE
  5
18B
330
17
100
AcDbEntity
  8
可见轮廓
100
AcDbLine
 10
161.99019230624089
 20
46.0
 30
0.0
 11
166.83876650349112
 21
46.0
 31
0.0
  0
LINE
  5
18C
330
17
100
AcDbEntity
  8
可见轮廓
100
AcDbLine
 10
166.83876650349112
 20
46.0
 30
0.0
 11
171.50586380812732
 21
46.0
 31
0.0
  0
LINE
  5
18D
330
17
100
AcDbEntity
  8
可见轮廓
100
AcDbLine
 10
171.50586380812732
 20
46.0
 30
0.0
 11
175.83251466582084
 21
46.0
 31
0.0
  0
LINE
  5
18E
330
17
100
AcDbEntity
  8
可见轮廓
100
AcDbLine
 10
175.83251466582084
 20
46.0
 30
0.0
 11
179.67059843464486
 21
46.0
 31
0.0
  0
LINE
  5
18F
330
17
100
AcDbEntity
  8
可见轮廓
100
AcDbLine
 10
179.67059843464486
 20
46.0
 30
0.0
 11
182.82360932460358
 21
46.0
 31
0.0
  0
LINE
  5
190
330
17
100
AcDbEntity
  8
可见轮廓
100
AcDbLine
 10
182.82360932460358
 20
46.0
 30
0.0
 11
185.2258778245522
 21
46.0
 31
0.0
  0
LINE
  5
191
330
17
100
AcDbEntity
  8
可见轮廓
100
AcDbLine
 10
185.2258778245522
 20
46.0
 30
0.0
 11
186.79632632980108
 21
46.0
 31
0.0
  0
LINE
  5
192
330
17
100
AcDbEntity
  8
可见轮廓
100
AcDbLine
 10
186.79632632980108
 20
46.0
 30
0.0
 11
187.4803846124817
 21
46.0
 31
0.0
  0
LINE
  5
193
330
17
100
AcDbEntity
  8
可见轮廓
100
AcDbLine
 10
92.0
 20
26.999999999999993
 30
0.0
 11
92.01444579838132
 21
26.70594878510528
 31
0.0
  0
LINE
  5
194
330
17
100
AcDbEntity
  8
可见轮廓
100
AcDbLine
 10
92.01444579838132
 20
26.70594878510528
 30
0.0
 11
92.05764406699569
 21
26.41472944761799
 31
0.0
  0
LINE
  5
195
330
17
100
AcDbEntity
  8
可见轮廓
100
AcDbLine
 10
92.05764406699569
 20
26.41472944761799
 30
0.0
 11
92.1291787476263
 21
26.129146766417783
 31
0.0
  0
LINE
  5
196
330
17
100
AcDbEntity
  8
可见轮廓
100
AcDbLine
 10
92.1291787476263
 20
26.129146766417783
 30
0.0
 11
92.22836089311362
 21
25.85195091207658
 31
0.0
  0
LINE
  5
197
330
17
100
AcDbEntity
  8
可见轮廓
100
AcDbLine
 10
92.22836089311362
 20
25.85195091207658
 30
0.0
 11
92.35423544886265
 21
25.585811201772664
 31
0.0
  0
LINE
  5
198
330
17
100
AcDbEntity
  8
可见轮廓
100
AcDbLine
 10
92.35423544886265
 20
25.585811201772664
 30
0.0
 11
92.50559011480235
 21
25.33329086071818
 31
0.0
  0
LINE
  5
199
330
17
100
AcDbEntity
  8
可见轮廓
100
AcDbLine
 10
92.50559011480235
 20
25.33329086071818
 30
0.0
 11
92.6809672907062
 21
25.096821768780462
 31
0.0
  0
LINE
  5
19A
330
17
100
AcDbEntity
  8
可见轮廓
100
AcDbLine
 10
92.6809672907062
 20
25.096821768780462
 30
0.0
 11
92.87867766541848
 21
24.87868089961236
 31
0.0
  0
LINE
  5
19B
330
17
100
AcDbEntity
  8
可见轮廓
100
AcDbLine
 10
92.87867766541848
 20
24.87868089961236
 30
0.0
 11
93.09678516784146
 21
24.680991180047116
 31
0.0
  0
LINE
  5
19C
330
17
100
AcDbEntity
  8
可见轮廓
100
AcDbLine
 10
93.09678516784146
 20
24.680991180047116
 30
0.0
 11
93.333253530029
 21
24.505611847128673
 31
0.0
  0
LINE
  5
19D
330
17
100
AcDbEntity
  8
可见轮廓
100
AcDbLine
 10
93.333253530029
 20
24.505611847128673
 30
0.0
 11
93.58579053017093
 21
24.354246350874405
 31
0.0
  0
LINE
  5
19E
330
17
100
AcDbEntity
  8
可见轮廓
100
AcDbLine
 10
93.58579053017093
 20
24.354246350874405
 30
0.0
 11
93.85193314748092
 21
24.228367160016624
 31
0.0
  0
LINE
  5
19F
330
17
100
AcDbEntity
  8
可见轮廓
100
AcDbLine
 10
93.85193314748092
 20
24.228367160016624
 30
0.0
 11
94.12912409338189
 21
24.129184948282035
 31
0.0
  0
LINE
  5
1A0
330
17
100
AcDbEntity
  8
可见轮廓
100
AcDbLine
 10
94.12912409338189
 20
24.129184948282035
 30
0.0
 11
94.41471181150611
 21
24.057648594391697
 31
0.0
  0
LINE
  5
1A1
330
17
100
AcDbEntity
  8
可见轮廓
100
AcDbLine
 10
94.41471181150611
 20
24.057648594391697
 30
0.0
 11
94.70595047769518
 21
24.014445182061078
 31
0.0
  0
LINE
  5
1A2
330
17
100
AcDbEntity
  8
可见轮廓
100
AcDbLine
 10
94.70595047769518
 20
24.014445182061078
 30
0.0
 11
95.0
 21
24.0
 31
0.0
  0
LINE
  5
1A3
330
17
100
AcDbEntity
  8
可见轮廓
100
AcDbLine
 10
92.0
 20
27.0
 30
0.0
 11
92.0
 21
27.728004029559997
 31
0.0
  0
LINE
  5
1A4
330
17
100
AcDbEntity
  8
可见轮廓
100
AcDbLine
 10
92.0
 20
27.728004029559997
 30
0.0
 11
92.0
 21
30.0
 31
0.0
  0
LINE
  5
1A5
330
17
100
AcDbEntity
  8
可见轮廓
100
AcDbLine
 10
2.0
 20
2.0
 30
0.0
 11
2.0
 21
16.0
 31
0.0
  0
LINE
  5
1A6
330
17
100
AcDbEntity
  8
可见轮廓
100
AcDbLine
 10
2.0
 20
16.0
 30
0.0
 11
2.0
 21
30.0
 31
0.0
  0
LINE
  5
1A7
330
17
100
AcDbEntity
  8
可见轮廓
100
AcDbLine
 10
2.0
 20
2.0
 30
0.0
 11
2.0
 21
13.0
 31
0.0
  0
LINE
  5
1A8
330
17
100
AcDbEntity
  8
可见轮廓
100
AcDbLine
 10
2.0
 20
13.0
 30
0.0
 11
2.0
 21
24.0
 31
0.0
  0
LINE
  5
1A9
330
17
100
AcDbEntity
  8
可见轮廓
100
AcDbLine
 10
136.4999999999999
 20
24.0
 30
0.0
 11
136.4999999999999
 21
46.0
 31
0.0
  0
LINE
  5
1AA
330
17
100
AcDbEntity
  8
可见轮廓
100
AcDbLine
 10
186.71887645475803
 20
9.000000000000014
 30
0.0
 11
186.79994893137334
 21
9.000000000000014
 31
0.0
  0
LINE
  5
1AB
330
17
100
AcDbEntity
  8
可见轮廓
100
AcDbLine
 10
186.79994893137334
 20
9.000000000000014
 30
0.0
 11
186.87671304357062
 21
9.000000000000014
 31
0.0
  0
LINE
  5
1AC
330
17
100
AcDbEntity
  8
可见轮廓
100
AcDbLine
 10
186.87671304357062
 20
9.000000000000014
 30
0.0
 11
186.94915611626894
 21
9.000000000000014
 31
0.0
  0
LINE
  5
1AD
330
17
100
AcDbEntity
  8
可见轮廓
100
AcDbLine
 10
186.94915611626894
 20
9.000000000000014
 30
0.0
 11
187.0172661415521
 21
9.000000000000014
 31
0.0
  0
LINE
  5
1AE
330
17
100
AcDbEntity
  8
可见轮廓
100
AcDbLine
 10
187.0172661415521
 20
9.000000000000014
 30
0.0
 11
187.0806686098836
 21
9.000000000000014
 31
0.0
  0
LINE
  5
1AF
330
17
100
AcDbEntity
  8
可见轮廓
100
AcDbLine
 10
187.0806686098836
 20
9.000000000000014
 30
0.0
 11
187.13971409959285
 21
9.000000000000014
 31
0.0
  0
LINE
  5
1B0
330
17
100
AcDbEntity
  8
可见轮廓
100
AcDbLine
 10
187.13971409959285
 20
9.000000000000014
 30
0.0
 11
187.1943928670014
 21
9.000000000000014
 31
0.0
  0
LINE
  5
1B1
330
17
100
AcDbEntity
  8
可见轮廓
100
AcDbLine
 10
187.1943928670014
 20
9.000000000000014
 30
0.0
 11
187.2446958426487
 21
9.000000000000014
 31
0.0
  0
LINE
  5
1B2
330
17
100
AcDbEntity
  8
可见轮廓
100
AcDbLine
 10
187.2446958426487
 20
9.000000000000014
 30
0.0
 11
187.28857074275933
 21
9.000000000000014
 31
0.0
  0
LINE
  5
1B3
330
17
100
AcDbEntity
  8
可见轮廓
100
AcDbLine
 10
187.28857074275933
 20
9.000000000000014
 30
0.0
 11
187.32838678763744
 21
9.000000000000014
 31
0.0
  0
LINE
  5
1B4
330
17
100
AcDbEntity
  8
可见轮廓
100
AcDbLine
 10
187.32838678763744
 20
9.000000000000014
 30
0.0
 11
187.36413791222577
 21
9.000000000000014
 31
0.0
  0
LINE
  5
1B5
330
17
100
AcDbEntity
  8
可见轮廓
100
AcDbLine
 10
187.36413791222577
 20
9.000000000000014
 30
0.0
 11
187.3958186313576
 21
9.000000000000014
 31
0.0
  0
LINE
  5
1B6
330
17
100
AcDbEntity
  8
可见轮廓
100
AcDbLine
 10
187.44626900873723
 20
9.000000000000014
 30
0.0
 11
187.46537020032198
 21
9.000000000000014
 31
0.0
  0
LINE
  5
1B7
330
17
100
AcDbEntity
  8
可见轮廓
100
AcDbLine
 10
187.46537020032198
 20
9.000000000000014
 30
0.0
 11
187.4803846124817
 21
9.000000000000014
 31
0.0
  0
LINE
  5
1B8
330
17
100
AcDbEntity
  8
可见轮廓
100
AcDbLine
 10
187.15684732080442
 20
15.0
 30
0.0
 11
187.36237370594492
 21
15.0
 31
0.0
  0
LINE
  5
1B9
330
17
100
AcDbEntity
  8
可见轮廓
100
AcDbLine
 10
186.95231224362618
 20
15.0
 30
0.0
 11
187.15684732080442
 21
15.0
 31
0.0
  0
LINE
  5
1BA
330
17
100
AcDbEntity
  8
可见轮廓
100
AcDbLine
 10
186.74966521868416
 20
15.0
 30
0.0
 11
186.95231224362618
 21
15.0
 31
0.0
  0
LINE
  5
1BB
330
17
100
AcDbEntity
  8
可见轮廓
100
AcDbLine
 10
186.54979526198574
 20
15.0
 30
0.0
 11
186.74966521868416
 21
15.0
 31
0.0
  0
LINE
  5
1BC
330
17
100
AcDbEntity
  8
可见轮廓
100
AcDbLine
 10
186.35397805423693
 20
15.0
 30
0.0
 11
186.54979526198574
 21
15.0
 31
0.0
  0
LINE
  5
1BD
330
17
100
AcDbEntity
  8
可见轮廓
100
AcDbLine
 10
186.16284641828673
 20
15.0
 30
0.0
 11
186.35397805423693
 21
15.0
 31
0.0
  0
LINE
  5
1BE
330
17
100
AcDbEntity
  8
可见轮廓
100
AcDbLine
 10
185.9772377840959
 20
15.0
 30
0.0
 11
186.16284641828673
 21
15.0
 31
0.0
  0
LINE
  5
1BF
330
17
100
AcDbEntity
  8
可见轮廓
100
AcDbLine
 10
185.79796697460793
 20
15.0
 30
0.0
 11
185.9772377840959
 21
15.0
 31
0.0
  0
LINE
  5
1C0
330
17
100
AcDbEntity
  8
可见轮廓
100
AcDbLine
 10
185.6264986705696
 20
15.0
 30
0.0
 11
185.79796697460793
 21
15.0
 31
0.0
  0
LINE
  5
1C1
330
17
100
AcDbEntity
  8
可见轮廓
100
AcDbLine
 10
185.46305989848466
 20
15.0
 30
0.0
 11
185.6264986705696
 21
15.0
 31
0.0
  0
LINE
  5
1C2
330
17
100
AcDbEntity
  8
可见轮廓
100
AcDbLine
 10
185.30836616588996
 20
15.0
 30
0.0
 11
185.46305989848466
 21
15.0
 31
0.0
  0
LINE
  5
1C3
330
17
100
AcDbEntity
  8
可见轮廓
100
AcDbLine
 10
185.16309718470478
 20
15.0
 30
0.0
 11
185.30836616588996
 21
15.0
 31
0.0
  0
LINE
  5
1C4
330
17
100
AcDbEntity
  8
可见轮廓
100
AcDbLine
 10
185.02879713295366
 20
15.0
 30
0.0
 11
185.16309718470478
 21
15.0
 31
0.0
  0
LINE
  5
1C5
330
17
100
AcDbEntity
  8
可见轮廓
100
AcDbLine
 10
184.90527026779313
 20
15.0
 30
0.0
 11
185.02879713295366
 21
15.0
 31
0.0
  0
LINE
  5
1C6
330
17
100
AcDbEntity
  8
可见轮廓
100
AcDbLine
 10
184.79305668141453
 20
15.0
 30
0.0
 11
184.90527026779313
 21
15.0
 31
0.0
  0
LINE
  5
1C7
330
17
100
AcDbEntity
  8
可见轮廓
100
AcDbLine
 10
184.69265015795077
 20
15.0
 30
0.0
 11
184.79305668141453
 21
15.0
 31
0.0
  0
LINE
  5
1C8
330
17
100
AcDbEntity
  8
可见轮廓
100
AcDbLine
 10
184.6926501579509
 20
18.0
 30
0.0
 11
184.6926501579509
 21
21.0
 31
0.0
  0
LINE
  5
1C9
330
17
100
AcDbEntity
  8
可见轮廓
100
AcDbLine
 10
184.6926501579509
 20
15.0
 30
0.0
 11
184.6926501579509
 21
18.0
 31
0.0
  0
LINE
  5
1CA
330
17
100
AcDbEntity
  8
可见轮廓
100
AcDbLine
 10
160.9982142857139
 20
21.0
 30
0.0
 11
162.80892187831853
 21
21.0
 31
0.0
  0
LINE
  5
1CB
330
17
100
AcDbEntity
  8
可见轮廓
100
AcDbLine
 10
162.80892187831853
 20
21.0
 30
0.0
 11
164.61520778168122
 21
21.0
 31
0.0
  0
LINE
  5
1CC
330
17
100
AcDbEntity
  8
可见轮廓
100
AcDbLine
 10
164.61520778168122
 20
21.0
 30
0.0
 11
166.40857480861084
 21
21.0
 31
0.0
  0
LINE
  5
1CD
330
17
100
AcDbEntity
  8
可见轮廓
100
AcDbLine
 10
166.40857480861084
 20
21.0
 30
0.0
 11
168.18058250682654
 21
21.0
 31
0.0
  0
LINE
  5
1CE
330
17
100
AcDbEntity
  8
可见轮廓
100
AcDbLine
 10
168.18058250682654
 20
21.0
 30
0.0
 11
169.91951792093045
 21
21.0
 31
0.0
  0
LINE
  5
1CF
330
17
100
AcDbEntity
  8
可见轮廓
100
AcDbLine
 10
169.91951792093045
 20
21.0
 30
0.0
 11
171.61892562240484
 21
21.0
 31
0.0
  0
LINE
  5
1D0
330
17
100
AcDbEntity
  8
可见轮廓
100
AcDbLine
 10
171.61892562240484
 20
21.0
 30
0.0
 11
173.27081675085392
 21
21.0
 31
0.0
  0
LINE
  5
1D1
330
17
100
AcDbEntity
  8
可见轮廓
100
AcDbLine
 10
173.27081675085392
 20
21.0
 30
0.0
 11
174.86741112103405
 21
21.0
 31
0.0
  0
LINE
  5
1D2
330
17
100
AcDbEntity
  8
可见轮廓
100
AcDbLine
 10
174.86741112103405
 20
21.0
 30
0.0
 11
175.4600495182282
 21
21.0
 31
0.0
  0
LINE
  5
1D3
330
17
100
AcDbEntity
  8
可见轮廓
100
AcDbLine
 10
175.4600495182282
 20
21.0
 30
0.0
 11
176.04294778122917
 21
21.0
 31
0.0
  0
LINE
  5
1D4
330
17
100
AcDbEntity
  8
可见轮廓
100
AcDbLine
 10
176.04294778122917
 20
21.0
 30
0.0
 11
176.6157052515299
 21
21.0
 31
0.0
  0
LINE
  5
1D5
330
17
100
AcDbEntity
  8
可见轮廓
100
AcDbLine
 10
176.6157052515299
 20
21.0
 30
0.0
 11
177.17792778003474
 21
21.0
 31
0.0
  0
LINE
  5
1D6
330
17
100
AcDbEntity
  8
可见轮廓
100
AcDbLine
 10
177.17792778003474
 20
21.0
 30
0.0
 11
177.72827673324878
 21
21.0
 31
0.0
  0
LINE
  5
1D7
330
17
100
AcDbEntity
  8
可见轮廓
100
AcDbLine
 10
177.72827673324878
 20
21.0
 30
0.0
 11
178.26724907701896
 21
21.0
 31
0.0
  0
LINE
  5
1D8
330
17
100
AcDbEntity
  8
可见轮廓
100
AcDbLine
 10
178.26724907701896
 20
21.0
 30
0.0
 11
178.79447439991696
 21
21.0
 31
0.0
  0
LINE
  5
1D9
330
17
100
AcDbEntity
  8
可见轮廓
100
AcDbLine
 10
178.79447439991696
 20
21.0
 30
0.0
 11
179.3095898309695
 21
21.0
 31
0.0
  0
LINE
  5
1DA
330
17
100
AcDbEntity
  8
可见轮廓
100
AcDbLine
 10
179.3095898309695
 20
21.0
 30
0.0
 11
180.11318040890055
 21
21.0
 31
0.0
  0
LINE
  5
1DB
330
17
100
AcDbEntity
  8
可见轮廓
100
AcDbLine
 10
180.11318040890055
 20
21.0
 30
0.0
 11
180.88254754611222
 21
21.0
 31
0.0
  0
LINE
  5
1DC
330
17
100
AcDbEntity
  8
可见轮廓
100
AcDbLine
 10
180.88254754611222
 20
21.0
 30
0.0
 11
181.61631173762768
 21
21.0
 31
0.0
  0
LINE
  5
1DD
330
17
100
AcDbEntity
  8
可见轮廓
100
AcDbLine
 10
181.61631173762768
 20
21.0
 30
0.0
 11
182.31315315196895
 21
21.0
 31
0.0
  0
LINE
  5
1DE
330
17
100
AcDbEntity
  8
可见轮廓
100
AcDbLine
 10
182.31315315196895
 20
21.0
 30
0.0
 11
182.9685041977122
 21
21.0
 31
0.0
  0
LINE
  5
1DF
330
17
100
AcDbEntity
  8
可见轮廓
100
AcDbLine
 10
182.9685041977122
 20
21.0
 30
0.0
 11
183.5842615762112
 21
21.0
 31
0.0
  0
LINE
  5
1E0
330
17
100
AcDbEntity
  8
可见轮廓
100
AcDbLine
 10
183.5842615762112
 20
21.0
 30
0.0
 11
184.1593219411894
 21
21.0
 31
0.0
  0
LINE
  5
1E1
330
17
100
AcDbEntity
  8
可见轮廓
100
AcDbLine
 10
184.1593219411894
 20
21.0
 30
0.0
 11
184.6926501579506
 21
21.0
 31
0.0
  0
LINE
  5
1E2
330
17
100
AcDbEntity
  8
可见轮廓
100
AcDbLine
 10
160.9982142857139
 20
2.0
 30
0.0
 11
160.9982142857139
 21
11.5
 31
0.0
  0
LINE
  5
1E3
330
17
100
AcDbEntity
  8
可见轮廓
100
AcDbLine
 10
160.9982142857139
 20
11.5
 30
0.0
 11
160.9982142857139
 21
21.0
 31
0.0
  0
LINE
  5
1E4
330
17
100
AcDbEntity
  8
可见轮廓
100
AcDbLine
 10
188.41761939906192
 20
27.0
 30
0.0
 11
188.41761939906192
 21
33.0
 31
0.0
  0
LINE
  5
1E5
330
17
100
AcDbEntity
  8
可见轮廓
100
AcDbLine
 10
188.41761939906192
 20
24.0
 30
0.0
 11
188.41761939906192
 21
27.0
 31
0.0
  0
LINE
  5
1E6
330
17
100
AcDbEntity
  8
可见轮廓
100
AcDbLine
 10
188.41761939906192
 20
21.0
 30
0.0
 11
188.41761939906192
 21
24.0
 31
0.0
  0
LINE
  5
1E7
330
17
100
AcDbEntity
  8
可见轮廓
100
AcDbLine
 10
91.8315694262444
 20
27.0
 30
0.0
 11
92.0
 21
27.0
 31
0.0
  0
LINE
  5
1E8
330
17
100
AcDbEntity
  8
可见轮廓
100
AcDbLine
 10
91.35490713539856
 20
27.0
 30
0.0
 11
91.8315694262444
 21
27.0
 31
0.0
  0
LINE
  5
1E9
330
17
100
AcDbEntity
  8
可见轮廓
100
AcDbLine
 10
90.57722542578229
 20
27.0
 30
0.0
 11
91.35490713539856
 21
27.0
 31
0.0
  0
LINE
  5
1EA
330
17
100
AcDbEntity
  8
可见轮廓
100
AcDbLine
 10
89.50989985208926
 20
27.0
 30
0.0
 11
90.57722542578229
 21
27.0
 31
0.0
  0
LINE
  5
1EB
330
17
100
AcDbEntity
  8
可见轮廓
100
AcDbLine
 10
88.1476540305472
 20
27.0
 30
0.0
 11
89.50989985208926
 21
27.0
 31
0.0
  0
LINE
  5
1EC
330
17
100
AcDbEntity
  8
可见轮廓
100
AcDbLine
 10
86.53534142333314
 20
27.0
 30
0.0
 11
88.1476540305472
 21
27.0
 31
0.0
  0
LINE
  5
1ED
330
17
100
AcDbEntity
  8
可见轮廓
100
AcDbLine
 10
84.69696624726905
 20
27.0
 30
0.0
 11
86.53534142333314
 21
27.0
 31
0.0
  0
LINE
  5
1EE
330
17
100
AcDbEntity
  8
可见轮廓
100
AcDbLine
 10
82.6596592830196
 20
27.0
 30
0.0
 11
84.69696624726905
 21
27.0
 31
0.0
  0
LINE
  5
1EF
330
17
100
AcDbEntity
  8
可见轮廓
100
AcDbLine
 10
71.99999999999991
 20
25.45600805912
 30
0.0
 11
72.00555778533594
 21
25.299113597530994
 31
0.0
  0
LINE
  5
1F0
330
17
100
AcDbEntity
  8
可见轮廓
100
AcDbLine
 10
72.00555778533594
 20
25.299113597530994
 30
0.0
 11
72.01109993857156
 21
25.14266042502212
 31
0.0
  0
LINE
  5
1F1
330
17
100
AcDbEntity
  8
可见轮廓
100
AcDbLine
 10
72.01109993857156
 20
25.14266042502212
 30
0.0
 11
72.01661228957826
 21
24.98704855968397
 31
0.0
  0
LINE
  5
1F2
330
17
100
AcDbEntity
  8
可见轮廓
100
AcDbLine
 10
72.01661228957826
 20
24.98704855968397
 30
0.0
 11
72.02208073935827
 21
24.83267601161209
 31
0.0
  0
LINE
  5
1F3
330
17
100
AcDbEntity
  8
可见轮廓
100
AcDbLine
 10
72.02208073935827
 20
24.83267601161209
 30
0.0
 11
72.02748496785716
 21
24.680116409293245
 31
0.0
  0
LINE
  5
1F4
330
17
100
AcDbEntity
  8
可见轮廓
100
AcDbLine
 10
72.02748496785716
 20
24.680116409293245
 30
0.0
 11
72.0328147140996
 21
24.529659416704522
 31
0.0
  0
LINE
  5
1F5
330
17
100
AcDbEntity
  8
可见轮廓
100
AcDbLine
 10
72.0328147140996
 20
24.529659416704522
 30
0.0
 11
72.03805635610485
 21
24.381689577904886
 31
0.0
  0
LINE
  5
1F6
330
17
100
AcDbEntity
  8
可见轮廓
100
AcDbLine
 10
72.03805635610485
 20
24.381689577904886
 30
0.0
 11
72.04319648217549
 21
24.236585500723812
 31
0.0
  0
LINE
  5
1F7
330
17
100
AcDbEntity
  8
可见轮廓
100
AcDbLine
 10
72.0431964821755
 20
24.236585500723628
 30
0.0
 11
72.04821097235238
 21
24.095028083717104
 31
0.0
  0
LINE
  5
1F8
330
17
100
AcDbEntity
  8
可见轮廓
100
AcDbLine
 10
72.04821097235238
 20
24.095028083717104
 30
0.0
 11
72.05309538522151
 21
23.95714270654826
 31
0.0
  0
LINE
  5
1F9
330
17
100
AcDbEntity
  8
可见轮廓
100
AcDbLine
 10
72.05309538522151
 20
23.95714270654826
 30
0.0
 11
72.05783724227258
 21
23.82328163348079
 31
0.0
  0
LINE
  5
1FA
330
17
100
AcDbEntity
  8
可见轮廓
100
AcDbLine
 10
72.05783724227258
 20
23.82328163348079
 30
0.0
 11
72.06242440524122
 21
23.69378752374602
 31
0.0
  0
LINE
  5
1FB
330
17
100
AcDbEntity
  8
可见轮廓
100
AcDbLine
 10
72.06242440524122
 20
23.69378752374602
 30
0.0
 11
72.0668300083802
 21
23.569418788598178
 31
0.0
  0
LINE
  5
1FC
330
17
100
AcDbEntity
  8
可见轮廓
100
AcDbLine
 10
72.0668300083802
 20
23.569418788598178
 30
0.0
 11
72.07105562394045
 21
23.450131043907785
 31
0.0
  0
LINE
  5
1FD
330
17
100
AcDbEntity
  8
可见轮廓
100
AcDbLine
 10
72.07105562394045
 20
23.450131043907785
 30
0.0
 11
72.07509046223151
 21
23.336228879106425
 31
0.0
  0
LINE
  5
1FE
330
17
100
AcDbEntity
  8
可见轮廓
100
AcDbLine
 10
72.07509046223151
 20
23.336228879106425
 30
0.0
 11
72.07892418890172
 21
23.22800402956
 31
0.0
  0
LINE
  5
1FF
330
17
100
AcDbEntity
  8
可见轮廓
100
AcDbLine
 10
68.48680761996701
 20
25.327569218777917
 30
0.0
 11
71.99999999999991
 21
25.45600805911997
 31
0.0
  0
LINE
  5
200
330
17
100
AcDbEntity
  8
可见轮廓
100
AcDbLine
 10
65.07806839754156
 20
25.19485743526571
 30
0.0
 11
68.48680761996701
 21
25.327569218777917
 31
0.0
  0
LINE
  5
201
330
17
100
AcDbEntity
  8
可见轮廓
100
AcDbLine
 10
61.77714804410625
 20
25.05800374517232
 30
0.0
 11
65.07806839754156
 21
25.19485743526571
 31
0.0
  0
LINE
  5
202
330
17
100
AcDbEntity
  8
可见轮廓
100
AcDbLine
 10
58.58730581315121
 20
24.91714327471084
 30
0.0
 11
61.77714804410625
 21
25.05800374517232
 31
0.0
  0
LINE
  5
203
330
17
100
AcDbEntity
  8
可见轮廓
100
AcDbLine
 10
55.511691282161
 20
24.772415106297913
 30
0.0
 11
58.58730581315121
 21
24.91714327471084
 31
0.0
  0
LINE
  5
204
330
17
100
AcDbEntity
  8
可见轮廓
100
AcDbLine
 10
52.55334124279383
 20
24.62396214122697
 30
0.0
 11
55.511691282161
 21
24.772415106297913
 31
0.0
  0
LINE
  5
205
330
17
100
AcDbEntity
  8
可见轮廓
100
AcDbLine
 10
49.715176702422916
 20
24.471930958570727
 30
0.0
 11
52.55334124279383
 21
24.62396214122697
 31
0.0
  0
LINE
  5
206
330
17
100
AcDbEntity
  8
可见轮廓
100
AcDbLine
 10
47.000000000000036
 20
24.31647167045235
 30
0.0
 11
49.715176702422916
 21
24.471930958570727
 31
0.0
  0
LINE
  5
207
330
17
100
AcDbEntity
  8
可见轮廓
100
AcDbLine
 10
45.65887997685723
 20
24.235634273695453
 30
0.0
 11
47.000000000000036
 21
24.31647167045235
 31
0.0
  0
LINE
  5
208
330
17
100
AcDbEntity
  8
可见轮廓
100
AcDbLine
 10
44.351023699152954
 20
24.153960052960073
 30
0.0
 11
45.65887997685723
 21
24.235634273695453
 31
0.0
  0
LINE
  5
209
330
17
100
AcDbEntity
  8
可见轮廓
100
AcDbLine
 10
43.07676941447664
 20
24.07147013144512
 30
0.0
 11
44.351023699152954
 21
24.153960052960073
 31
0.0
  0
LINE
  5
20A
330
17
100
AcDbEntity
  8
可见轮廓
100
AcDbLine
 10
41.83644668001863
 20
23.988185843312138
 30
0.0
 11
43.07676941447664
 21
24.07147013144512
 31
0.0
  0
LINE
  5
20B
330
17
100
AcDbEntity
  8
可见轮廓
100
AcDbLine
 10
40.630376277337454
 20
23.904128728167716
 30
0.0
 11
41.83644668001863
 21
23.988185843312138
 31
0.0
  0
LINE
  5
20C
330
17
100
AcDbEntity
  8
可见轮廓
100
AcDbLine
 10
39.45887012939709
 20
23.819320525492774
 30
0.0
 11
40.630376277337454
 21
23.904128728167716
 31
0.0
  0
LINE
  5
20D
330
17
100
AcDbEntity
  8
可见轮廓
100
AcDbLine
 10
38.322231219894796
 20
23.733783169020096
 30
0.0
 11
39.45887012939709
 21
23.819320525492774
 31
0.0
  0
LINE
  5
20E
330
17
100
AcDbEntity
  8
可见轮廓
100
AcDbLine
 10
37.22075351490158
 20
23.64753878106169
 30
0.0
 11
38.322231219894796
 21
23.733783169020096
 31
0.0
  0
LINE
  5
20F
330
17
100
AcDbEntity
  8
可见轮廓
100
AcDbLine
 10
34.17506741184919
 20
23.388862546402805
 30
0.0
 11
37.22075351490158
 21
23.64753878106169
 31
0.0
  0
LINE
  5
210
330
17
100
AcDbEntity
  8
可见轮廓
100
AcDbLine
 10
31.445501884901283
 20
23.124796109866676
 30
0.0
 11
34.17506741184919
 21
23.388862546402805
 31
0.0
  0
LINE
  5
211
330
17
100
AcDbEntity
  8
可见轮廓
100
AcDbLine
 10
29.03821589420786
 20
22.85593530791282
 30
0.0
 11
31.445501884901283
 21
23.124796109866676
 31
0.0
  0
LINE
  5
212
330
17
100
AcDbEntity
  8
可见轮廓
100
AcDbLine
 10
26.958641212093305
 20
22.58288679495155
 30
0.0
 11
29.03821589420786
 21
22.85593530791282
 31
0.0
  0
LINE
  5
213
330
17
100
AcDbEntity
  8
可见轮廓
100
AcDbLine
 10
25.211470166867734
 20
22.306266674495973
 30
0.0
 11
26.958641212093305
 21
22.58288679495155
 31
0.0
  0
LINE
  5
214
330
17
100
AcDbEntity
  8
可见轮廓
100
AcDbLine
 10
23.80064505511148
 20
22.026699108993096
 30
0.0
 11
25.211470166867734
 21
22.306266674495973
 31
0.0
  0
LINE
  5
215
330
17
100
AcDbEntity
  8
可见轮廓
100
AcDbLine
 10
22.729349246322947
 20
21.744814911470947
 30
0.0
 11
23.80064505511148
 21
22.026699108993096
 31
0.0
  0
LINE
  5
216
330
17
100
AcDbEntity
  8
可见轮廓
100
AcDbLine
 10
22.00000000000005
 20
21.461250122179262
 30
0.0
 11
22.729349246322947
 21
21.744814911470947
 31
0.0
  0
LINE
  5
217
330
17
100
AcDbEntity
  8
可见轮廓
100
AcDbLine
 10
72.0
 20
25.45600805912
 30
0.0
 11
72.0
 21
25.730625061089633
 31
0.0
  0
LINE
  5
218
330
17
100
AcDbEntity
  8
可见轮廓
100
AcDbLine
 10
72.0
 20
25.730625061089633
 30
0.0
 11
72.0
 21
27.728004029559997
 31
0.0
  0
LINE
  5
219
330
17
100
AcDbEntity
  8
可见轮廓
100
AcDbLine
 10
72.0
 20
27.728004029559997
 30
0.0
 11
72.0
 21
30.0
 31
0.0
  0
LINE
  5
21A
330
17
100
AcDbEntity
  8
可见轮廓
100
AcDbLine
 10
22.0
 20
21.4612501221794
 30
0.0
 11
22.0
 21
25.730625061089633
 31
0.0
  0
LINE
  5
21B
330
17
100
AcDbEntity
  8
可见轮廓
100
AcDbLine
 10
22.0
 20
25.730625061089633
 30
0.0
 11
22.0
 21
30.0
 31
0.0
  0
LINE
  5
21C
330
17
100
AcDbEntity
  8
可见轮廓
100
AcDbLine
 10
193.3016754352629
 20
12.0
 30
0.0
 11
193.3016754352629
 21
12.015327416476842
 31
0.0
  0
LINE
  5
21D
330
17
100
AcDbEntity
  8
可见轮廓
100
AcDbLine
 10
193.3016754352629
 20
12.015327416476842
 30
0.0
 11
193.3016754352629
 21
12.05880160394991
 31
0.0
  0
LINE
  5
21E
330
17
100
AcDbEntity
  8
可见轮廓
100
AcDbLine
 10
193.3016754352629
 20
12.05880160394991
 30
0.0
 11
193.3016754352629
 21
12.13002352789225
 31
0.0
  0
LINE
  5
21F
330
17
100
AcDbEntity
  8
可见轮廓
100
AcDbLine
 10
193.3016754352629
 20
12.13002352789225
 30
0.0
 11
193.3016754352629
 21
12.228361402466138
 31
0.0
  0
LINE
  5
220
330
17
100
AcDbEntity
  8
可见轮廓
100
AcDbLine
 10
193.3016754352629
 20
12.228361402466138
 30
0.0
 11
193.3016754352629
 21
12.355020649778488
 31
0.0
  0
LINE
  5
221
330
17
100
AcDbEntity
  8
可见轮廓
100
AcDbLine
 10
193.3016754352629
 20
12.355020649778488
 30
0.0
 11
193.3016754352629
 21
12.506572397718681
 31
0.0
  0
LINE
  5
222
330
17
100
AcDbEntity
  8
可见轮廓
100
AcDbLine
 10
193.3016754352629
 20
12.506572397718681
 30
0.0
 11
193.3016754352629
 21
12.681647540784557
 31
0.0
  0
LINE
  5
223
330
17
100
AcDbEntity
  8
可见轮廓
100
AcDbLine
 10
193.3016754352629
 20
12.681647540784557
 30
0.0
 11
193.3016754352629
 21
12.878679656440355
 31
0.0
  0
LINE
  5
224
330
17
100
AcDbEntity
  8
可见轮廓
100
AcDbLine
 10
193.3016754352629
 20
12.878679656440355
 30
0.0
 11
193.3016754352629
 21
13.097388012353843
 31
0.0
  0
LINE
  5
225
330
17
100
AcDbEntity
  8
可见轮廓
100
AcDbLine
 10
193.3016754352629
 20
13.097388012353843
 30
0.0
 11
193.3016754352629
 21
13.333944940957284
 31
0.0
  0
LINE
  5
226
330
17
100
AcDbEntity
  8
可见轮廓
100
AcDbLine
 10
193.3016754352629
 20
13.333944940957284
 30
0.0
 11
193.3016754352629
 21
13.58621969967504
 31
0.0
  0
LINE
  5
227
330
17
100
AcDbEntity
  8
可见轮廓
100
AcDbLine
 10
193.3016754352629
 20
13.58621969967504
 30
0.0
 11
193.3016754352629
 21
13.851949702904728
 31
0.0
  0
LINE
  5
228
330
17
100
AcDbEntity
  8
可见轮廓
100
AcDbLine
 10
193.3016754352629
 20
13.851949702904728
 30
0.0
 11
193.3016754352629
 21
14.129410802827712
 31
0.0
  0
LINE
  5
229
330
17
100
AcDbEntity
  8
可见轮廓
100
AcDbLine
 10
193.3016754352629
 20
14.129410802827712
 30
0.0
 11
193.3016754352629
 21
14.414959264108422
 31
0.0
  0
LINE
  5
22A
330
17
100
AcDbEntity
  8
可见轮廓
100
AcDbLine
 10
193.3016754352629
 20
14.414959264108422
 30
0.0
 11
193.3016754352629
 21
14.706027093339664
 31
0.0
  0
LINE
  5
22B
330
17
100
AcDbEntity
  8
可见轮廓
100
AcDbLine
 10
193.3016754352629
 20
14.706027093339664
 30
0.0
 11
193.3016754352629
 21
15.0
 31
0.0
  0
LINE
  5
22C
330
17
100
AcDbEntity
  8
可见轮廓
100
AcDbLine
 10
190.3320245706039
 20
15.0
 30
0.0
 11
193.3016754352629
 21
15.0
 31
0.0
  0
LINE
  5
22D
330
17
100
AcDbEntity
  8
可见轮廓
100
AcDbLine
 10
187.36237370594492
 20
15.0
 30
0.0
 11
190.3320245706039
 21
15.0
 31
0.0
  0
LINE
  5
22E
330
17
100
AcDbEntity
  8
可见轮廓
100
AcDbLine
 10
193.3016754352629
 20
35.98467258352313
 30
0.0
 11
193.3016754352629
 21
35.99999999999997
 31
0.0
  0
LINE
  5
22F
330
17
100
AcDbEntity
  8
可见轮廓
100
AcDbLine
 10
193.3016754352629
 20
35.94119839605006
 30
0.0
 11
193.3016754352629
 21
35.98467258352313
 31
0.0
  0
LINE
  5
230
330
17
100
AcDbEntity
  8
可见轮廓
100
AcDbLine
 10
193.3016754352629
 20
35.869976472107716
 30
0.0
 11
193.3016754352629
 21
35.94119839605006
 31
0.0
  0
LINE
  5
231
330
17
100
AcDbEntity
  8
可见轮廓
100
AcDbLine
 10
193.3016754352629
 20
35.77163859753383
 30
0.0
 11
193.3016754352629
 21
35.869976472107716
 31
0.0
  0
LINE
  5
232
330
17
100
AcDbEntity
  8
可见轮廓
100
AcDbLine
 10
193.3016754352629
 20
35.64497935022148
 30
0.0
 11
193.3016754352629
 21
35.77163859753383
 31
0.0
  0
LINE
  5
233
330
17
100
AcDbEntity
  8
可见轮廓
100
AcDbLine
 10
193.3016754352629
 20
35.493427602281294
 30
0.0
 11
193.3016754352629
 21
35.64497935022148
 31
0.0
  0
LINE
  5
234
330
17
100
AcDbEntity
  8
可见轮廓
100
AcDbLine
 10
193.3016754352629
 20
35.31835245921542
 30
0.0
 11
193.3016754352629
 21
35.493427602281294
 31
0.0
  0
LINE
  5
235
330
17
100
AcDbEntity
  8
可见轮廓
100
AcDbLine
 10
193.3016754352629
 20
35.121320343559624
 30
0.0
 11
193.3016754352629
 21
35.31835245921542
 31
0.0
  0
LINE
  5
236
330
17
100
AcDbEntity
  8
可见轮廓
100
AcDbLine
 10
193.3016754352629
 20
34.90261198764613
 30
0.0
 11
193.3016754352629
 21
35.121320343559624
 31
0.0
  0
LINE
  5
237
330
17
100
AcDbEntity
  8
可见轮廓
100
AcDbLine
 10
193.3016754352629
 20
34.66605505904269
 30
0.0
 11
193.3016754352629
 21
34.90261198764613
 31
0.0
  0
LINE
  5
238
330
17
100
AcDbEntity
  8
可见轮廓
100
AcDbLine
 10
193.3016754352629
 20
34.413780300324945
 30
0.0
 11
193.3016754352629
 21
34.66605505904269
 31
0.0
  0
LINE
  5
239
330
17
100
AcDbEntity
  8
可见轮廓
100
AcDbLine
 10
193.3016754352629
 20
34.14805029709526
 30
0.0
 11
193.3016754352629
 21
34.413780300324945
 31
0.0
  0
LINE
  5
23A
330
17
100
AcDbEntity
  8
可见轮廓
100
AcDbLine
 10
193.3016754352629
 20
33.87058919717228
 30
0.0
 11
193.3016754352629
 21
34.14805029709526
 31
0.0
  0
LINE
  5
23B
330
17
100
AcDbEntity
  8
可见轮廓
100
AcDbLine
 10
193.3016754352629
 20
33.58504073589157
 30
0.0
 11
193.3016754352629
 21
33.87058919717228
 31
0.0
  0
LINE
  5
23C
330
17
100
AcDbEntity
  8
可见轮廓
100
AcDbLine
 10
193.3016754352629
 20
33.29397290666033
 30
0.0
 11
193.3016754352629
 21
33.58504073589157
 31
0.0
  0
LINE
  5
23D
330
17
100
AcDbEntity
  8
可见轮廓
100
AcDbLine
 10
193.3016754352629
 20
33.0
 30
0.0
 11
193.3016754352629
 21
33.29397290666033
 31
0.0
  0
LINE
  5
23E
330
17
100
AcDbEntity
  8
可见轮廓
100
AcDbLine
 10
188.41761939906192
 20
33.0
 30
0.0
 11
190.8596474171624
 21
33.0
 31
0.0
  0
LINE
  5
23F
330
17
100
AcDbEntity
  8
可见轮廓
100
AcDbLine
 10
190.8596474171624
 20
33.0
 30
0.0
 11
193.3016754352629
 21
33.0
 31
0.0
  0
LINE
  5
240
330
17
100
AcDbEntity
  8
可见轮廓
100
AcDbLine
 10
184.69265015795077
 20
21.0
 30
0.0
 11
184.76175909600457
 21
21.0
 31
0.0
  0
LINE
  5
241
330
17
100
AcDbEntity
  8
可见轮廓
100
AcDbLine
 10
184.76175909600457
 20
21.0
 30
0.0
 11
184.83675991536072
 21
21.0
 31
0.0
  0
LINE
  5
242
330
17
100
AcDbEntity
  8
可见轮廓
100
AcDbLine
 10
184.83675991536072
 20
21.0
 30
0.0
 11
184.91749015327642
 21
21.0
 31
0.0
  0
LINE
  5
243
330
17
100
AcDbEntity
  8
可见轮廓
100
AcDbLine
 10
184.91749015327642
 20
21.0
 30
0.0
 11
185.00377579309807
 21
21.0
 31
0.0
  0
LINE
  5
244
330
17
100
AcDbEntity
  8
可见轮廓
100
AcDbLine
 10
185.00377579309807
 20
21.0
 30
0.0
 11
185.09585756894646
 21
21.0
 31
0.0
  0
LINE
  5
245
330
17
100
AcDbEntity
  8
可见轮廓
100
AcDbLine
 10
185.09585756894646
 20
21.0
 30
0.0
 11
185.1930708607648
 21
21.0
 31
0.0
  0
LINE
  5
246
330
17
100
AcDbEntity
  8
可见轮廓
100
AcDbLine
 10
185.1930708607648
 20
21.0
 30
0.0
 11
185.29520527077977
 21
21.0
 31
0.0
  0
LINE
  5
247
330
17
100
AcDbEntity
  8
可见轮廓
100
AcDbLine
 10
185.29520527077977
 20
21.0
 30
0.0
 11
185.40204047732078
 21
21.0
 31
0.0
  0
LINE
  5
248
330
17
100
AcDbEntity
  8
可见轮廓
100
AcDbLine
 10
185.40204047732078
 20
21.0
 30
0.0
 11
185.4488988415107
 21
21.0
 31
0.0
  0
LINE
  5
249
330
17
100
AcDbEntity
  8
可见轮廓
100
AcDbLine
 10
185.4488988415107
 20
21.0
 30
0.0
 11
185.4965397106882
 21
21.0
 31
0.0
  0
LINE
  5
24A
330
17
100
AcDbEntity
  8
可见轮廓
100
AcDbLine
 10
185.4965397106882
 20
21.0
 30
0.0
 11
185.54494449818324
 21
21.0
 31
0.0
  0
LINE
  5
24B
330
17
100
AcDbEntity
  8
可见轮廓
100
AcDbLine
 10
185.54494449818324
 20
21.0
 30
0.0
 11
185.5940943393074
 21
21.0
 31
0.0
  0
LINE
  5
24C
330
17
100
AcDbEntity
  8
可见轮廓
100
AcDbLine
 10
185.5940943393074
 20
21.0
 30
0.0
 11
185.6440284820447
 21
21.0
 31
0.0
  0
LINE
  5
24D
330
17
100
AcDbEntity
  8
可见轮廓
100
AcDbLine
 10
185.6440284820447
 20
21.0
 30
0.0
 11
185.69466517944838
 21
21.0
 31
0.0
  0
LINE
  5
24E
330
17
100
AcDbEntity
  8
可见轮廓
100
AcDbLine
 10
185.69466517944838
 20
21.0
 30
0.0
 11
185.74598467773086
 21
21.0
 31
0.0
  0
LINE
  5
24F
330
17
100
AcDbEntity
  8
可见轮廓
100
AcDbLine
 10
185.74598467773086
 20
21.0
 30
0.0
 11
185.79796697460793
 21
21.0
 31
0.0
  0
LINE
  5
250
330
17
100
AcDbEntity
  8
可见轮廓
100
AcDbLine
 10
185.79796697460793
 20
21.0
 30
0.0
 11
185.86945545998026
 21
21.0
 31
0.0
  0
LINE
  5
251
330
17
100
AcDbEntity
  8
可见轮廓
100
AcDbLine
 10
185.86945545998026
 20
21.0
 30
0.0
 11
185.94206204403054
 21
21.0
 31
0.0
  0
LINE
  5
252
330
17
100
AcDbEntity
  8
可见轮廓
100
AcDbLine
 10
185.94206204403054
 20
21.0
 30
0.0
 11
186.01573479302454
 21
21.0
 31
0.0
  0
LINE
  5
253
330
17
100
AcDbEntity
  8
可见轮廓
100
AcDbLine
 10
186.01573479302454
 20
21.0
 30
0.0
 11
186.09042106181525
 21
21.0
 31
0.0
  0
LINE
  5
254
330
17
100
AcDbEntity
  8
可见轮廓
100
AcDbLine
 10
186.09042106181525
 20
21.0
 30
0.0
 11
186.16614167895995
 21
21.0
 31
0.0
  0
LINE
  5
255
330
17
100
AcDbEntity
  8
可见轮廓
100
AcDbLine
 10
186.16614167895995
 20
21.0
 30
0.0
 11
186.24275753697282
 21
21.0
 31
0.0
  0
LINE
  5
256
330
17
100
AcDbEntity
  8
可见轮廓
100
AcDbLine
 10
186.24275753697282
 20
21.0
 30
0.0
 11
186.32021384116504
 21
21.0
 31
0.0
  0
LINE
  5
257
330
17
100
AcDbEntity
  8
可见轮廓
100
AcDbLine
 10
186.32021384116504
 20
21.0
 30
0.0
 11
186.3984552360489
 21
21.0
 31
0.0
  0
LINE
  5
258
330
17
100
AcDbEntity
  8
可见轮廓
100
AcDbLine
 10
186.3984552360489
 20
21.0
 30
0.0
 11
186.45674497081765
 21
21.0
 31
0.0
  0
LINE
  5
259
330
17
100
AcDbEntity
  8
可见轮廓
100
AcDbLine
 10
186.45674497081765
 20
21.0
 30
0.0
 11
186.51540435339444
 21
21.0
 31
0.0
  0
LINE
  5
25A
330
17
100
AcDbEntity
  8
可见轮廓
100
AcDbLine
 10
186.51540435339444
 20
21.0
 30
0.0
 11
186.57441050605067
 21
21.0
 31
0.0
  0
LINE
  5
25B
330
17
100
AcDbEntity
  8
可见轮廓
100
AcDbLine
 10
186.57441050605067
 20
21.0
 30
0.0
 11
186.63374042485526
 21
21.0
 31
0.0
  0
LINE
  5
25C
330
17
100
AcDbEntity
  8
可见轮廓
100
AcDbLine
 10
186.63374042485526
 20
21.0
 30
0.0
 11
186.6933935212462
 21
21.0
 31
0.0
  0
LINE
  5
25D
330
17
100
AcDbEntity
  8
可见轮廓
100
AcDbLine
 10
186.6933935212462
 20
21.0
 30
0.0
 11
186.75331934975827
 21
21.0
 31
0.0
  0
LINE
  5
25E
330
17
100
AcDbEntity
  8
可见轮廓
100
AcDbLine
 10
186.75331934975827
 20
21.0
 30
0.0
 11
186.81349454010007
 21
21.0
 31
0.0
  0
LINE
  5
25F
330
17
100
AcDbEntity
  8
可见轮廓
100
AcDbLine
 10
186.81349454010007
 20
21.0
 30
0.0
 11
186.8738956312282
 21
21.0
 31
0.0
  0
LINE
  5
260
330
17
100
AcDbEntity
  8
可见轮廓
100
AcDbLine
 10
186.8738956312282
 20
21.0
 30
0.0
 11
186.9345133816406
 21
21.0
 31
0.0
  0
LINE
  5
261
330
17
100
AcDbEntity
  8
可见轮廓
100
AcDbLine
 10
186.9345133816406
 20
21.0
 30
0.0
 11
186.99530512560838
 21
21.0
 31
0.0
  0
LINE
  5
262
330
17
100
AcDbEntity
  8
可见轮廓
100
AcDbLine
 10
186.99530512560838
 20
21.0
 30
0.0
 11
187.05624715647895
 21
21.0
 31
0.0
  0
LINE
  5
263
330
17
100
AcDbEntity
  8
可见轮廓
100
AcDbLine
 10
187.05624715647895
 20
21.0
 30
0.0
 11
187.1173157129048
 21
21.0
 31
0.0
  0
LINE
  5
264
330
17
100
AcDbEntity
  8
可见轮廓
100
AcDbLine
 10
187.1173157129048
 20
21.0
 30
0.0
 11
187.17849296221192
 21
21.0
 31
0.0
  0
LINE
  5
265
330
17
100
AcDbEntity
  8
可见轮廓
100
AcDbLine
 10
187.17849296221192
 20
21.0
 30
0.0
 11
187.2397443035756
 21
21.0
 31
0.0
  0
LINE
  5
266
330
17
100
AcDbEntity
  8
可见轮廓
100
AcDbLine
 10
187.2397443035756
 20
21.0
 30
0.0
 11
187.301045852432
 21
21.0
 31
0.0
  0
LINE
  5
267
330
17
100
AcDbEntity
  8
可见轮廓
100
AcDbLine
 10
187.301045852432
 20
21.0
 30
0.0
 11
187.36237370594492
 21
21.0
 31
0.0
  0
LINE
  5
268
330
17
100
AcDbEntity
  8
可见轮廓
100
AcDbLine
 10
187.36237370594492
 20
15.0
 30
0.0
 11
187.36237370594492
 21
18.0
 31
0.0
  0
LINE
  5
269
330
17
100
AcDbEntity
  8
可见轮廓
100
AcDbLine
 10
187.36237370594492
 20
18.0
 30
0.0
 11
187.36237370594492
 21
21.0
 31
0.0
  0
LINE
  5
26A
330
17
100
AcDbEntity
  8
可见轮廓
100
AcDbLine
 10
187.36237370594492
 20
21.0
 30
0.0
 11
187.88999655250336
 21
21.0
 31
0.0
  0
LINE
  5
26B
330
17
100
AcDbEntity
  8
可见轮廓
100
AcDbLine
 10
187.88999655250336
 20
21.0
 30
0.0
 11
188.41761939906192
 21
21.0
 31
0.0
  0
LINE
  5
26C
330
17
100
AcDbEntity
  8
可见轮廓
100
AcDbLine
 10
21.214285714285694
 20
21.0
 30
0.0
 11
91.10625000000026
 21
21.0
 31
0.0
  0
LINE
  5
26D
330
17
100
AcDbEntity
  8
可见轮廓
100
AcDbLine
 10
91.10625000000026
 20
21.0
 30
0.0
 11
160.9982142857139
 21
21.0
 31
0.0
  0
LINE
  5
26E
330
17
100
AcDbEntity
  8
可见轮廓
100
AcDbLine
 10
187.36237370594492
 20
21.0
 30
0.0
 11
187.36237370594492
 21
21.067388086734876
 31
0.0
  0
LINE
  5
26F
330
17
100
AcDbEntity
  8
可见轮廓
100
AcDbLine
 10
187.36237370594492
 20
21.067388086734876
 30
0.0
 11
187.36237370594492
 21
21.13474127392367
 31
0.0
  0
LINE
  5
270
330
17
100
AcDbEntity
  8
可见轮廓
100
AcDbLine
 10
187.36237370594492
 20
21.13474127392367
 30
0.0
 11
187.36237370594492
 21
21.20202785150742
 31
0.0
  0
LINE
  5
271
330
17
100
AcDbEntity
  8
可见轮廓
100
AcDbLine
 10
187.36237370594492
 20
21.20202785150742
 30
0.0
 11
187.36237370594492
 21
21.269216138697427
 31
0.0
  0
LINE
  5
272
330
17
100
AcDbEntity
  8
可见轮廓
100
AcDbLine
 10
187.36237370594492
 20
21.269216138697427
 30
0.0
 11
187.36237370594492
 21
21.336260249274417
 31
0.0
  0
LINE
  5
273
330
17
100
AcDbEntity
  8
可见轮廓
100
AcDbLine
 10
187.36237370594492
 20
21.336260249274417
 30
0.0
 11
187.36237370594492
 21
21.40313655198092
 31
0.0
  0
LINE
  5
274
330
17
100
AcDbEntity
  8
可见轮廓
100
AcDbLine
 10
187.36237370594492
 20
21.40313655198092
 30
0.0
 11
187.36237370594492
 21
21.46981356336619
 31
0.0
  0
LINE
  5
275
330
17
100
AcDbEntity
  8
可见轮廓
100
AcDbLine
 10
187.36237370594492
 20
21.46981356336619
 30
0.0
 11
187.36237370594492
 21
21.536259887554042
 31
0.0
  0
LINE
  5
276
330
17
100
AcDbEntity
  8
可见轮廓
100
AcDbLine
 10
187.36237370594492
 20
21.536259887554042
 30
0.0
 11
187.36237370594492
 21
21.602419021922366
 31
0.0
  0
LINE
  5
277
330
17
100
AcDbEntity
  8
可见轮廓
100
AcDbLine
 10
187.36237370594492
 20
21.602419021922366
 30
0.0
 11
187.36237370594492
 21
21.668278794190392
 31
0.0
  0
LINE
  5
278
330
17
100
AcDbEntity
  8
可见轮廓
100
AcDbLine
 10
187.36237370594492
 20
21.668278794190392
 30
0.0
 11
187.36237370594492
 21
21.733808201565445
 31
0.0
  0
LINE
  5
279
330
17
100
AcDbEntity
  8
可见轮廓
100
AcDbLine
 10
187.36237370594492
 20
21.733808201565445
 30
0.0
 11
187.36237370594492
 21
21.798976386427075
 31
0.0
  0
LINE
  5
27A
330
17
100
AcDbEntity
  8
可见轮廓
100
AcDbLine
 10
187.36237370594492
 20
21.798976386427075
 30
0.0
 11
187.36237370594492
 21
21.863716685687812
 31
0.0
  0
LINE
  5
27B
330
17
100
AcDbEntity
  8
可见轮廓
100
AcDbLine
 10
187.36237370594492
 20
21.863716685687812
 30
0.0
 11
187.36237370594492
 21
21.928028484265532
 31
0.0
  0
LINE
  5
27C
330
17
100
AcDbEntity
  8
可见轮廓
100
AcDbLine
 10
187.36237370594492
 20
21.928028484265532
 30
0.0
 11
187.36237370594492
 21
21.991881510196944
 31
0.0
  0
LINE
  5
27D
330
17
100
AcDbEntity
  8
可见轮廓
100
AcDbLine
 10
187.36237370594492
 20
21.991881510196944
 30
0.0
 11
187.36237370594492
 21
22.0552456931172
 31
0.0
  0
LINE
  5
27E
330
17
100
AcDbEntity
  8
可见轮廓
100
AcDbLine
 10
21.2142857142857
 20
2.0
 30
0.0
 11
21.2142857142857
 21
11.5
 31
0.0
  0
LINE
  5
27F
330
17
100
AcDbEntity
  8
可见轮廓
100
AcDbLine
 10
21.2142857142857
 20
11.5
 30
0.0
 11
21.2142857142857
 21
16.0
 31
0.0
  0
LINE
  5
280
330
17
100
AcDbEntity
  8
可见轮廓
100
AcDbLine
 10
21.2142857142857
 20
16.0
 30
0.0
 11
21.2142857142857
 21
21.0
 31
0.0
  0
LINE
  5
281
330
17
100
AcDbEntity
  8
可见轮廓
100
AcDbLine
 10
22.0
 20
21.20065778795122
 30
0.0
 11
22.0
 21
24.0
 31
0.0
  0
LINE
  5
282
330
17
100
AcDbEntity
  8
可见轮廓
100
AcDbLine
 10
189.62697956708254
 20
12.000000000000005
 30
0.0
 11
190.48245073725212
 21
12.000000000000005
 31
0.0
  0
LINE
  5
283
330
17
100
AcDbEntity
  8
可见轮廓
100
AcDbLine
 10
186.71887645475803
 20
9.000000000000014
 30
0.0
 11
187.4803846124817
 21
9.000000000000014
 31
0.0
  0
LINE
  5
284
330
17
100
AcDbEntity
  8
可见轮廓
100
AcDbLine
 10
160.9982142857139
 20
21.0
 30
0.0
 11
184.6926501579506
 21
21.0
 31
0.0
  0
LINE
  5
285
330
17
100
AcDbEntity
  8
可见轮廓
100
AcDbLine
 10
160.99821428571389
 20
2.0
 30
0.0
 11
187.4803846124817
 21
2.0
 31
0.0
  0
LINE
  5
286
330
17
100
AcDbEntity
  8
可见轮廓
100
AcDbLine
 10
184.73186373758648
 20
21.000000000000007
 30
0.0
 11
187.91191002347657
 21
21.000000000000004
 31
0.0
  0
LINE
  5
287
330
17
100
AcDbEntity
  8
可见轮廓
100
AcDbLine
 10
182.41761939906192
 20
24.0
 30
0.0
 11
182.69984421027704
 21
24.0
 31
0.0
  0
LINE
  5
288
330
17
100
AcDbEntity
  8
可见轮廓
100
AcDbLine
 10
185.41761939906192
 20
27.0
 30
0.0
 11
185.55873180469248
 21
27.0
 31
0.0
  0
LINE
  5
289
330
17
100
AcDbEntity
  8
可见轮廓
100
AcDbLine
 10
185.41761939906192
 20
33.0
 30
0.0
 11
188.41761939906192
 21
33.0
 31
0.0
  0
LINE
  5
28A
330
17
100
AcDbEntity
  8
可见轮廓
100
AcDbLine
 10
84.2586081754724
 20
24.0
 30
0.0
 11
95.0
 21
24.0
 31
0.0
  0
LINE
  5
28B
330
17
100
AcDbEntity
  8
可见轮廓
100
AcDbLine
 10
188.41761939906192
 20
33.0
 30
0.0
 11
188.41761939906192
 21
36.0
 31
0.0
  0
LINE
  5
28C
330
17
100
AcDbEntity
  8
可见轮廓
100
AcDbLine
 10
193.3016754352629
 20
33.0
 30
0.0
 11
193.3016754352629
 21
36.0
 31
0.0
  0
LINE
  5
28D
330
17
100
AcDbEntity
  8
可见轮廓
100
AcDbLine
 10
22.000000000000142
 20
21.4612501221796
 30
0.0
 11
22.117508372575664
 21
21.23062506108993
 31
0.0
  0
LINE
  5
28E
330
17
100
AcDbEntity
  8
可见轮廓
100
AcDbLine
 10
71.99999999999999
 20
25.45600805912
 30
0.0
 11
72.07892418890192
 21
23.22800402956
 31
0.0
  0
LINE
  5
28F
330
17
100
AcDbEntity
  8
可见轮廓
100
AcDbLine
 10
82.6596592830195
 20
27.0
 30
0.0
 11
92.0
 21
27.0
 31
0.0
  0
LINE
  5
290
330
17
100
AcDbEntity
  8
可见轮廓
100
AcDbLine
 10
72.0
 20
30.0
 30
0.0
 11
72.0
 21
30.0
 31
0.0
  0
LINE
  5
291
330
17
100
AcDbEntity
  8
可见轮廓
100
AcDbLine
 10
193.3016754352619
 20
15.0
 30
0.0
 11
193.30167543526193
 21
12.0
 31
0.0
  0
LINE
  5
292
330
17
100
AcDbEntity
  8
可见轮廓
100
AcDbLine
 10
21.999999999999996
 20
30.0
 30
0.0
 11
22.000000000000004
 21
30.0
 31
0.0
  0
LINE
  5
293
330
17
100
AcDbEntity
  8
可见轮廓
100
AcDbLine
 10
22.0
 20
2.0
 30
0.0
 11
22.0
 21
2.0
 31
0.0
  0
LINE
  5
294
330
17
100
AcDbEntity
  8
可见轮廓
100
AcDbLine
 10
72.0
 20
2.0
 30
0.0
 11
72.0
 21
2.0
 31
0.0
  0
LINE
  5
295
330
17
100
AcDbEntity
  8
可见轮廓
100
AcDbLine
 10
146.2999999999999
 20
2.0
 30
0.0
 11
177.66812049991947
 21
2.0
 31
0.0
  0
LINE
  5
296
330
17
100
AcDbEntity
  8
可见轮廓
100
AcDbLine
 10
21.214285714285694
 20
2.0
 30
0.0
 11
21.2142857142857
 21
2.0
 31
0.0
  0
LINE
  5
297
330
17
100
AcDbEntity
  8
可见轮廓
100
AcDbLine
 10
21.999999999999996
 20
24.0
 30
0.0
 11
22.000000000000004
 21
24.0
 31
0.0
  0
LINE
  5
298
330
17
100
AcDbEntity
  8
可见轮廓
100
AcDbLine
 10
136.4999999999999
 20
2.0
 30
0.0
 11
187.4803846124817
 21
2.0
 31
0.0
  0
LINE
  5
299
330
17
100
AcDbEntity
  8
可见轮廓
100
AcDbLine
 10
136.4999999999999
 20
46.0
 30
0.0
 11
187.4803846124817
 21
46.0
 31
0.0
  0
LINE
  5
29A
330
17
100
AcDbEntity
  8
可见轮廓
100
AcDbLine
 10
146.2999999999999
 20
46.0
 30
0.0
 11
177.66812049991947
 21
46.0
 31
0.0
  0
LINE
  5
29B
330
17
100
AcDbEntity
  8
可见轮廓
100
AcDbLine
 10
160.99821428571389
 20
2.0
 30
0.0
 11
160.99821428571389
 21
21.0
 31
0.0
  0
LINE
  5
29C
330
17
100
AcDbEntity
  8
可见轮廓
100
AcDbLine
 10
160.99821428571389
 20
21.0
 30
0.0
 11
187.4803846124817
 21
21.0
 31
0.0
  0
LINE
  5
29D
330
17
100
AcDbEntity
  8
可见轮廓
100
AcDbLine
 10
187.91191002347657
 20
13.9885812488287
 30
0.0
 11
187.91191002347657
 21
21.000000000000007
 31
0.0
  0
LINE
  5
29E
330
17
100
AcDbEntity
  8
可见轮廓
100
AcDbLine
 10
184.73186373758645
 20
13.9885812488287
 30
0.0
 11
187.91191002347657
 21
13.9885812488287
 31
0.0
  0
LINE
  5
29F
330
17
100
AcDbEntity
  8
可见轮廓
100
AcDbLine
 10
188.41761939906192
 20
14.494290624414196
 30
0.0
 11
188.41761939906192
 21
33.0
 31
0.0
  0
LINE
  5
2A0
330
17
100
AcDbEntity
  8
可见轮廓
100
AcDbLine
 10
185.41761939906192
 20
14.494290624414196
 30
0.0
 11
188.41761939906192
 21
14.494290624414196
 31
0.0
  0
LINE
  5
2A1
330
17
100
AcDbEntity
  8
可见轮廓
100
AcDbLine
 10
188.41761939906192
 20
36.0
 30
0.0
 11
193.3016754352629
 21
36.0
 31
0.0
  0
LINE
  5
2A2
330
17
100
AcDbEntity
  8
可见轮廓
100
AcDbLine
 10
188.41761939906192
 20
33.0
 30
0.0
 11
193.3016754352629
 21
33.0
 31
0.0
  0
LINE
  5
2A3
330
17
100
AcDbEntity
  8
可见轮廓
100
AcDbLine
 10
92.0
 20
25.45600805912
 30
0.0
 11
92.0
 21
30.0
 31
0.0
  0
LINE
  5
2A4
330
17
100
AcDbEntity
  8
可见轮廓
100
AcDbLine
 10
72.0
 20
25.45600805912
 30
0.0
 11
72.0
 21
30.0
 31
0.0
  0
LINE
  5
2A5
330
17
100
AcDbEntity
  8
可见轮廓
100
AcDbLine
 10
72.0
 20
25.45600805912
 30
0.0
 11
72.0
 21
25.45600805912
 31
0.0
  0
LINE
  5
2A6
330
17
100
AcDbEntity
  8
可见轮廓
100
AcDbLine
 10
187.36237370594492
 20
12.0
 30
0.0
 11
193.3016754352629
 21
12.0
 31
0.0
  0
LINE
  5
2A7
330
17
100
AcDbEntity
  8
可见轮廓
100
AcDbLine
 10
187.4493495857429
 20
15.0
 30
0.0
 11
193.3016754352629
 21
15.000000000000002
 31
0.0
  0
LINE
  5
2A8
330
17
100
AcDbEntity
  8
可见轮廓
100
AcDbLine
 10
193.3016754352629
 20
12.0
 30
0.0
 11
193.3016754352629
 21
15.000000000000002
 31
0.0
  0
LINE
  5
2A9
330
17
100
AcDbEntity
  8
可见轮廓
100
AcDbLine
 10
187.4493495857429
 20
12.0
 30
0.0
 11
187.4493495857429
 21
15.0
 31
0.0
  0
LINE
  5
2AA
330
17
100
AcDbEntity
  8
可见轮廓
100
AcDbLine
 10
187.4803846124817
 20
2.0
 30
0.0
 11
187.4803846124817
 21
21.0
 31
0.0
  0
LINE
  5
2AB
330
17
100
AcDbEntity
  8
可见轮廓
100
AcDbLine
 10
16.0
 20
2.0
 30
0.0
 11
16.0
 21
30.0
 31
0.0
  0
LINE
  5
2AC
330
17
100
AcDbEntity
  8
可见轮廓
100
AcDbLine
 10
22.0
 20
2.0
 30
0.0
 11
22.0
 21
30.0
 31
0.0
  0
LINE
  5
2AD
330
17
100
AcDbEntity
  8
可见轮廓
100
AcDbLine
 10
78.0
 20
2.0
 30
0.0
 11
78.0
 21
30.0
 31
0.0
  0
LINE
  5
2AE
330
17
100
AcDbEntity
  8
可见轮廓
100
AcDbLine
 10
72.0
 20
2.0
 30
0.0
 11
72.0
 21
30.0
 31
0.0
  0
LINE
  5
2AF
330
17
100
AcDbEntity
  8
可见轮廓
100
AcDbLine
 10
146.2999999999999
 20
2.0
 30
0.0
 11
146.2999999999999
 21
24.0
 31
0.0
  0
LINE
  5
2B0
330
17
100
AcDbEntity
  8
可见轮廓
100
AcDbLine
 10
177.66812049991947
 20
2.0
 30
0.0
 11
177.66812049991947
 21
24.0
 31
0.0
  0
LINE
  5
2B1
330
17
100
AcDbEntity
  8
可见轮廓
100
AcDbLine
 10
2.0
 20
2.0
 30
0.0
 11
2.0
 21
30.0
 31
0.0
  0
LINE
  5
2B2
330
17
100
AcDbEntity
  8
可见轮廓
100
AcDbLine
 10
16.0
 20
2.0
 30
0.0
 11
16.0
 21
24.0
 31
0.0
  0
LINE
  5
2B3
330
17
100
AcDbEntity
  8
可见轮廓
100
AcDbLine
 10
22.0
 20
2.0
 30
0.0
 11
22.0
 21
24.0
 31
0.0
  0
LINE
  5
2B4
330
17
100
AcDbEntity
  8
可见轮廓
100
AcDbLine
 10
78.0
 20
2.0
 30
0.0
 11
78.0
 21
24.0
 31
0.0
  0
LINE
  5
2B5
330
17
100
AcDbEntity
  8
可见轮廓
100
AcDbLine
 10
72.0
 20
2.0
 30
0.0
 11
72.0
 21
24.0
 31
0.0
  0
LINE
  5
2B6
330
17
100
AcDbEntity
  8
可见轮廓
100
AcDbLine
 10
92.0
 20
2.0
 30
0.0
 11
92.0
 21
24.0
 31
0.0
  0
LINE
  5
2B7
330
17
100
AcDbEntity
  8
可见轮廓
100
AcDbLine
 10
2.0
 20
2.0
 30
0.0
 11
2.0
 21
24.0
 31
0.0
  0
LINE
  5
2B8
330
17
100
AcDbEntity
  8
可见轮廓
100
AcDbLine
 10
136.4999999999999
 20
2.0
 30
0.0
 11
136.4999999999999
 21
46.0
 31
0.0
  0
LINE
  5
2B9
330
17
100
AcDbEntity
  8
可见轮廓
100
AcDbLine
 10
187.4803846124817
 20
2.0
 30
0.0
 11
187.4803846124817
 21
46.0
 31
0.0
  0
LINE
  5
2BA
330
17
100
AcDbEntity
  8
可见轮廓
100
AcDbLine
 10
146.2999999999999
 20
2.0
 30
0.0
 11
146.2999999999999
 21
46.0
 31
0.0
  0
LINE
  5
2BB
330
17
100
AcDbEntity
  8
可见轮廓
100
AcDbLine
 10
177.66812049991947
 20
2.0
 30
0.0
 11
177.66812049991947
 21
46.0
 31
0.0
  0
LINE
  5
2BC
330
17
100
AcDbEntity
  8
可见轮廓
100
AcDbLine
 10
187.4803846124819
 20
9.00000000000001
 30
0.0
 11
187.54151831500022
 21
9.584784908862755
 31
0.0
  0
LINE
  5
2BD
330
17
100
AcDbEntity
  8
可见轮廓
100
AcDbLine
 10
187.54151831500022
 20
9.584784908862755
 30
0.0
 11
187.70904277831374
 21
10.148345814770162
 31
0.0
  0
LINE
  5
2BE
330
17
100
AcDbEntity
  8
可见轮廓
100
AcDbLine
 10
187.70904277831374
 20
10.148345814770162
 30
0.0
 11
187.9894991810482
 21
10.665159690942337
 31
0.0
  0
LINE
  5
2BF
330
17
100
AcDbEntity
  8
可见轮廓
100
AcDbLine
 10
187.9894991810482
 20
10.665159690942337
 30
0.0
 11
188.36003093294062
 21
11.121632853504249
 31
0.0
  0
LINE
  5
2C0
330
17
100
AcDbEntity
  8
可见轮廓
100
AcDbLine
 10
188.36003093294062
 20
11.121632853504249
 30
0.0
 11
188.8169372919933
 21
11.491762812041173
 31
0.0
  0
LINE
  5
2C1
330
17
100
AcDbEntity
  8
可见轮廓
100
AcDbLine
 10
188.8169372919933
 20
11.491762812041173
 30
0.0
 11
189.33393145043937
 21
11.771749549295842
 31
0.0
  0
LINE
  5
2C2
330
17
100
AcDbEntity
  8
可见轮廓
100
AcDbLine
 10
189.33393145043937
 20
11.771749549295842
 30
0.0
 11
189.8976534278821
 21
11.93898395939709
 31
0.0
  0
LINE
  5
2C3
330
17
100
AcDbEntity
  8
可见轮廓
100
AcDbLine
 10
189.8976534278821
 20
11.93898395939709
 30
0.0
 11
190.4824507372519
 21
12.0
 31
0.0
  0
LINE
  5
2C4
330
17
100
AcDbEntity
  8
可见轮廓
100
AcDbLine
 10
185.30049149350884
 20
11.123385247558092
 30
0.0
 11
185.58357004570044
 21
10.390355331177895
 31
0.0
  0
LINE
  5
2C5
330
17
100
AcDbEntity
  8
可见轮廓
100
AcDbLine
 10
185.05184658536444
 20
11.982475277244239
 30
0.0
 11
185.30049149350884
 21
11.123385247558092
 31
0.0
  0
LINE
  5
2C6
330
17
100
AcDbEntity
  8
可见轮廓
100
AcDbLine
 10
184.8563967048774
 20
12.947208306002087
 30
0.0
 11
185.05184658536444
 21
11.982475277244239
 31
0.0
  0
LINE
  5
2C7
330
17
100
AcDbEntity
  8
可见轮廓
100
AcDbLine
 10
184.7318637375859
 20
13.9885812488287
 30
0.0
 11
184.8563967048774
 21
12.947208306002087
 31
0.0
  0
LINE
  5
2C8
330
17
100
AcDbEntity
  8
可见轮廓
100
AcDbLine
 10
184.7318637375859
 20
13.9885812488287
 30
0.0
 11
184.94664125855047
 21
14.029045604403866
 31
0.0
  0
LINE
  5
2C9
330
17
100
AcDbEntity
  8
可见轮廓
100
AcDbLine
 10
184.94664125855047
 20
14.029045604403866
 30
0.0
 11
185.20863882973154
 21
14.070333986828832
 31
0.0
  0
LINE
  5
2CA
330
17
100
AcDbEntity
  8
可见轮廓
100
AcDbLine
 10
185.20863882973154
 20
14.070333986828832
 30
0.0
 11
185.51383649193994
 21
14.111885422846774
 31
0.0
  0
LINE
  5
2CB
330
17
100
AcDbEntity
  8
可见轮廓
100
AcDbLine
 10
185.51383649193994
 20
14.111885422846774
 30
0.0
 11
185.8551209732506
 21
14.152699206517447
 31
0.0
  0
LINE
  5
2CC
330
17
100
AcDbEntity
  8
可见轮廓
100
AcDbLine
 10
185.8551209732506
 20
14.152699206517447
 30
0.0
 11
186.22667405668363
 21
14.19187766094143
 31
0.0
  0
LINE
  5
2CD
330
17
100
AcDbEntity
  8
可见轮廓
100
AcDbLine
 10
186.22667405668363
 20
14.19187766094143
 30
0.0
 11
186.62179775360013
 21
14.22843648963535
 31
0.0
  0
LINE
  5
2CE
330
17
100
AcDbEntity
  8
可见轮廓
100
AcDbLine
 10
186.62179775360013
 20
14.22843648963535
 30
0.0
 11
187.03139732394655
 21
14.26105630819423
 31
0.0
  0
LINE
  5
2CF
330
17
100
AcDbEntity
  8
可见轮廓
100
AcDbLine
 10
187.03139732394655
 20
14.26105630819423
 30
0.0
 11
187.4493495857429
 21
14.2886708938011
 31
0.0
  0
LINE
  5
2D0
330
17
100
AcDbEntity
  8
可见轮廓
100
AcDbLine
 10
187.44951811631233
 20
14.28874614978419
 30
0.0
 11
187.45588753893728
 21
14.263478731248183
 31
0.0
  0
LINE
  5
2D1
330
17
100
AcDbEntity
  8
可见轮廓
100
AcDbLine
 10
187.45588753893728
 20
14.263478731248183
 30
0.0
 11
187.46246710057733
 21
14.238280835202989
 31
0.0
  0
LINE
  5
2D2
330
17
100
AcDbEntity
  8
可见轮廓
100
AcDbLine
 10
187.46246710057733
 20
14.238280835202989
 30
0.0
 11
187.46925459328833
 21
14.21315413690859
 31
0.0
  0
LINE
  5
2D3
330
17
100
AcDbEntity
  8
可见轮廓
100
AcDbLine
 10
187.48344454014668
 20
14.163121034612173
 30
0.0
 11
187.49084257840576
 21
14.13821798113014
 31
0.0
  0
LINE
  5
2D4
330
17
100
AcDbEntity
  8
可见轮廓
100
AcDbLine
 10
187.49084257840576
 20
14.13821798113014
 30
0.0
 11
187.4984397159592
 21
14.113392826438888
 31
0.0
  0
LINE
  5
2D5
330
17
100
AcDbEntity
  8
可见轮廓
100
AcDbLine
 10
186.98500776922228
 20
25.419904328961227
 30
0.0
 11
187.35952819088615
 21
24.490289690836875
 31
0.0
  0
LINE
  5
2D6
330
17
100
AcDbEntity
  8
可见轮廓
100
AcDbLine
 10
187.35952819088615
 20
24.490289690836875
 30
0.0
 11
187.655434208903
 21
23.414365384577128
 31
0.0
  0
LINE
  5
2D7
330
17
100
AcDbEntity
  8
可见轮廓
100
AcDbLine
 10
187.655434208903
 20
23.414365384577128
 30
0.0
 11
187.84590176567758
 21
22.235039959399614
 31
0.0
  0
LINE
  5
2D8
330
17
100
AcDbEntity
  8
可见轮廓
100
AcDbLine
 10
187.84590176567758
 20
22.235039959399614
 30
0.0
 11
187.9119100234759
 21
21.0
 31
0.0
  0
LINE
  5
2D9
330
17
100
AcDbEntity
  8
可见轮廓
100
AcDbLine
 10
187.86333069571276
 20
14.450356545333827
 30
0.0
 11
187.9119100234759
 21
14.4942906244144
 31
0.0
  0
LINE
  5
2DA
330
17
100
AcDbEntity
  8
可见轮廓
100
AcDbLine
 10
187.81071845114076
 20
14.410824053407296
 30
0.0
 11
187.86333069571276
 21
14.450356545333827
 31
0.0
  0
LINE
  5
2DB
330
17
100
AcDbEntity
  8
可见轮廓
100
AcDbLine
 10
187.75745682251042
 20
14.377822970353579
 30
0.0
 11
187.81071845114076
 21
14.410824053407296
 31
0.0
  0
LINE
  5
2DC
330
17
100
AcDbEntity
  8
可见轮廓
100
AcDbLine
 10
187.70133226331762
 20
14.349882566960574
 30
0.0
 11
187.75745682251042
 21
14.377822970353579
 31
0.0
  0
LINE
  5
2DD
330
17
100
AcDbEntity
  8
可见轮廓
100
AcDbLine
 10
187.64094899676098
 20
14.326187905311514
 30
0.0
 11
187.70133226331762
 21
14.349882566960574
 31
0.0
  0
LINE
  5
2DE
330
17
100
AcDbEntity
  8
可见轮廓
100
AcDbLine
 10
187.57775084428118
 20
14.307787911560515
 30
0.0
 11
187.64094899676098
 21
14.326187905311514
 31
0.0
  0
LINE
  5
2DF
330
17
100
AcDbEntity
  8
可见轮廓
100
AcDbLine
 10
187.5132937168439
 20
14.295295382597832
 30
0.0
 11
187.57775084428118
 21
14.307787911560515
 31
0.0
  0
LINE
  5
2E0
330
17
100
AcDbEntity
  8
可见轮廓
100
AcDbLine
 10
187.4493495857429
 20
14.2886708938011
 30
0.0
 11
187.5132937168439
 21
14.295295382597832
 31
0.0
  0
LINE
  5
2E1
330
17
100
AcDbEntity
  8
可见轮廓
100
AcDbLine
 10
21.77875147221693
 20
21.14419730014875
 30
0.0
 11
21.8916680718858
 21
21.173018114492592
 31
0.0
  0
LINE
  5
2E2
330
17
100
AcDbEntity
  8
可见轮廓
100
AcDbLine
 10
21.552935598779936
 20
21.086531014180242
 30
0.0
 11
21.665839966211728
 21
21.115367598390662
 31
0.0
  0
LINE
  5
2E3
330
17
100
AcDbEntity
  8
可见轮廓
100
AcDbLine
 10
21.327156459275546
 20
21.02884521825004
 30
0.0
 11
21.440040414831298
 21
21.057689552479395
 31
0.0
  0
LINE
  5
2E4
330
17
100
AcDbEntity
  8
可见轮廓
100
AcDbLine
 10
21.2142857142857
 20
21.0
 30
0.0
 11
21.31243892562528
 21
21.057690436500025
 31
0.0
  0
LINE
  5
2E5
330
17
100
AcDbEntity
  8
可见轮廓
100
AcDbLine
 10
21.410613100015762
 20
21.11537910495869
 30
0.0
 11
21.50880651493857
 21
21.173062028360356
 31
0.0
  0
LINE
  5
2E6
330
17
100
AcDbEntity
  8
可见轮廓
100
AcDbLine
 10
21.60701739332121
 20
21.230735196781186
 30
0.0
 11
21.70524395809119
 21
21.288394600297355
 31
0.0
  0
LINE
  5
2E7
330
17
100
AcDbEntity
  8
可见轮廓
100
AcDbLine
 10
21.803484432176027
 20
21.34603622898503
 30
0.0
 11
21.901737038503228
 21
21.40365607292039
 31
0.0
  0
LINE
  5
2E8
330
17
100
AcDbEntity
  8
可见轮廓
100
AcDbLine
 10
78.4331369222613
 20
23.635950746030623
 30
0.0
 11
79.95277968545982
 21
23.770522082670304
 31
0.0
  0
LINE
  5
2E9
330
17
100
AcDbEntity
  8
可见轮廓
100
AcDbLine
 10
76.88080126697318
 20
23.499748836763274
 30
0.0
 11
78.4331369222613
 21
23.635950746030623
 31
0.0
  0
LINE
  5
2EA
330
17
100
AcDbEntity
  8
可见轮廓
100
AcDbLine
 10
75.30108572769441
 20
23.377161102804628
 30
0.0
 11
76.88080126697318
 21
23.499748836763274
 31
0.0
  0
LINE
  5
2EB
330
17
100
AcDbEntity
  8
可见轮廓
100
AcDbLine
 10
73.69884935887862
 20
23.28200278768596
 30
0.0
 11
75.30108572769441
 21
23.377161102804628
 31
0.0
  0
LINE
  5
2EC
330
17
100
AcDbEntity
  8
可见轮廓
100
AcDbLine
 10
72.07892418890191
 20
23.22800402956
 30
0.0
 11
73.69884935887862
 21
23.28200278768596
 31
0.0
  0
ARC
  5
2ED
330
17
100
AcDbEntity
  8
可见轮廓
100
AcDbCircle
 10
188.4192164775309
 20
33.0
 30
0.0
 40
3.0
100
AcDbArc
 50
90.0
 51
135.0000000000002
  0
ARC
  5
2EE
330
17
100
AcDbEntity
  8
可见轮廓
100
AcDbCircle
 10
188.4192164775309
 20
33.0
 30
0.0
 40
3.0
100
AcDbArc
 50
90.0
 51
108.20462469143791
  0
ARC
  5
2EF
330
17
100
AcDbEntity
  8
可见轮廓
100
AcDbCircle
 10
193.2992164775309
 20
24.0
 30
0.0
 40
12.0
100
AcDbArc
 50
-89.99999999999525
 51
2.3239252872560095e-12
  0
ARC
  5
2F0
330
17
100
AcDbEntity
  8
可见轮廓
100
AcDbCircle
 10
193.2992164775309
 20
24.0
 30
0.0
 40
12.0
100
AcDbArc
 50
2.3408882455571482e-12
 51
89.99999999999525
  0
ARC
  5
2F1
330
17
100
AcDbEntity
  8
可见轮廓
100
AcDbCircle
 10
193.2992164775309
 20
24.0
 30
0.0
 40
12.0
100
AcDbArc
 50
-24.624318352164067
 51
-8.481479150569379e-14
  0
ARC
  5
2F2
330
17
100
AcDbEntity
  8
可见轮廓
100
AcDbCircle
 10
193.2992164775309
 20
24.0
 30
0.0
 40
9.0
100
AcDbArc
 50
80.20992544015903
 51
89.99999999999366
  0
ARC
  5
2F3
330
17
100
AcDbEntity
  8
可见轮廓
100
AcDbCircle
 10
193.2992164775309
 20
24.0
 30
0.0
 40
9.0
100
AcDbArc
 50
-2.3295796066897227e-12
 51
80.20992544015903
  0
ARC
  5
2F4
330
17
100
AcDbEntity
  8
可见轮廓
100
AcDbCircle
 10
193.2992164775309
 20
24.0
 30
0.0
 40
9.0
100
AcDbArc
 50
-80.20992544015903
 51
-2.3521968844245742e-12
  0
ARC
  5
2F5
330
17
100
AcDbEntity
  8
可见轮廓
100
AcDbCircle
 10
193.2992164775309
 20
24.0
 30
0.0
 40
9.0
100
AcDbArc
 50
-89.99999999999366
 51
-80.20992544015903
  0
LINE
  5
2F6
330
17
100
AcDbEntity
  8
隐藏线
100
AcDbLine
 10
190.46659678007083
 20
12.000000000000005
 30
0.0
 11
190.48245073725212
 21
12.000000000000005
 31
0.0
  0
LINE
  5
2F7
330
17
100
AcDbEntity
  8
隐藏线
100
AcDbLine
 10
190.44587311082623
 20
12.000000000000005
 30
0.0
 11
190.46659678007083
 21
12.000000000000005
 31
0.0
  0
LINE
  5
2F8
330
17
100
AcDbEntity
  8
隐藏线
100
AcDbLine
 10
190.42028313239408
 20
12.000000000000005
 30
0.0
 11
190.44587311082623
 21
12.000000000000005
 31
0.0
  0
LINE
  5
2F9
330
17
100
AcDbEntity
  8
隐藏线
100
AcDbLine
 10
190.35411741338964
 20
12.000000000000005
 30
0.0
 11
190.38983098764672
 21
12.000000000000005
 31
0.0
  0
LINE
  5
2FA
330
17
100
AcDbEntity
  8
隐藏线
100
AcDbLine
 10
190.31355353093718
 20
12.000000000000005
 30
0.0
 11
190.35411741338964
 21
12.000000000000005
 31
0.0
  0
LINE
  5
2FB
330
17
100
AcDbEntity
  8
隐藏线
100
AcDbLine
 10
190.21790211904482
 20
12.000000000000005
 30
0.0
 11
190.26814597555042
 21
12.000000000000005
 31
0.0
  0
LINE
  5
2FC
330
17
100
AcDbEntity
  8
隐藏线
100
AcDbLine
 10
190.21749786073755
 20
12.000000000000005
 30
0.0
 11
190.21790211904482
 21
12.000000000000005
 31
0.0
  0
LINE
  5
2FD
330
17
100
AcDbEntity
  8
隐藏线
100
AcDbLine
 10
190.1584390866486
 20
12.000000000000005
 30
0.0
 11
190.2146600594309
 21
12.000000000000005
 31
0.0
  0
LINE
  5
2FE
330
17
100
AcDbEntity
  8
隐藏线
100
AcDbLine
 10
190.09732752307437
 20
12.000000000000005
 30
0.0
 11
190.1584390866486
 21
12.000000000000005
 31
0.0
  0
LINE
  5
2FF
330
17
100
AcDbEntity
  8
隐藏线
100
AcDbLine
 10
190.03133550516404
 20
12.000000000000005
 30
0.0
 11
190.09732752307437
 21
12.000000000000005
 31
0.0
  0
LINE
  5
300
330
17
100
AcDbEntity
  8
隐藏线
100
AcDbLine
 10
189.96047392291123
 20
12.000000000000005
 30
0.0
 11
190.03133550516404
 21
12.000000000000005
 31
0.0
  0
LINE
  5
301
330
17
100
AcDbEntity
  8
隐藏线
100
AcDbLine
 10
189.88435095347708
 20
12.000000000000005
 30
0.0
 11
189.96047392291123
 21
12.000000000000005
 31
0.0
  0
LINE
  5
302
330
17
100
AcDbEntity
  8
隐藏线
100
AcDbLine
 10
189.80338516634365
 20
12.000000000000005
 30
0.0
 11
189.88435095347708
 21
12.000000000000005
 31
0.0
  0
LINE
  5
303
330
17
100
AcDbEntity
  8
隐藏线
100
AcDbLine
 10
189.71758998212317
 20
12.000000000000005
 30
0.0
 11
189.80338516634365
 21
12.000000000000005
 31
0.0
  0
LINE
  5
304
330
17
100
AcDbEntity
  8
隐藏线
100
AcDbLine
 10
189.62697956708254
 20
12.000000000000005
 30
0.0
 11
189.71758998212317
 21
12.000000000000005
 31
0.0
  0
LINE
  5
305
330
17
100
AcDbEntity
  8
隐藏线
100
AcDbLine
 10
184.6926501579509
 20
15.0
 30
0.0
 11
184.70159863710782
 21
14.52729337539719
 31
0.0
  0
LINE
  5
306
330
17
100
AcDbEntity
  8
隐藏线
100
AcDbLine
 10
184.70159863710782
 20
14.52729337539719
 30
0.0
 11
184.72770891637464
 21
14.058552711200678
 31
0.0
  0
LINE
  5
307
330
17
100
AcDbEntity
  8
隐藏线
100
AcDbLine
 10
184.72770891637464
 20
14.058552711200678
 30
0.0
 11
184.76987825844554
 21
13.596871740686115
 31
0.0
  0
LINE
  5
308
330
17
100
AcDbEntity
  8
隐藏线
100
AcDbLine
 10
184.76987825844554
 20
13.596871740686115
 30
0.0
 11
184.82700392601467
 21
13.145344197129148
 31
0.0
  0
LINE
  5
309
330
17
100
AcDbEntity
  8
隐藏线
100
AcDbLine
 10
184.82700392601467
 20
13.145344197129148
 30
0.0
 11
184.89798318177614
 21
12.707063813805428
 31
0.0
  0
LINE
  5
30A
330
17
100
AcDbEntity
  8
隐藏线
100
AcDbLine
 10
184.89798318177614
 20
12.707063813805428
 30
0.0
 11
184.98171307466768
 21
12.285123716764643
 31
0.0
  0
LINE
  5
30B
330
17
100
AcDbEntity
  8
隐藏线
100
AcDbLine
 10
184.98171307466768
 20
12.285123716764643
 30
0.0
 11
185.07695247014317
 21
11.882224489048035
 31
0.0
  0
LINE
  5
30C
330
17
100
AcDbEntity
  8
隐藏线
100
AcDbLine
 10
185.07695247014317
 20
11.882224489048035
 30
0.0
 11
185.18208446356726
 21
11.499999249502189
 31
0.0
  0
LINE
  5
30D
330
17
100
AcDbEntity
  8
隐藏线
100
AcDbLine
 10
185.18208446356726
 20
11.499999249502189
 30
0.0
 11
185.21350783093283
 21
11.395433456985712
 31
0.0
  0
LINE
  5
30E
330
17
100
AcDbEntity
  8
隐藏线
100
AcDbLine
 10
185.21350783093283
 20
11.395433456985712
 30
0.0
 11
185.2455549181173
 21
11.292685131221878
 31
0.0
  0
LINE
  5
30F
330
17
100
AcDbEntity
  8
隐藏线
100
AcDbLine
 10
185.2455549181173
 20
11.292685131221878
 30
0.0
 11
185.27818725519396
 21
11.19178754942051
 31
0.0
  0
LINE
  5
310
330
17
100
AcDbEntity
  8
隐藏线
100
AcDbLine
 10
185.27818725519396
 20
11.19178754942051
 30
0.0
 11
185.311366372236
 21
11.092773988791437
 31
0.0
  0
LINE
  5
311
330
17
100
AcDbEntity
  8
隐藏线
100
AcDbLine
 10
185.311366372236
 20
11.092773988791437
 30
0.0
 11
185.34505379931656
 21
10.99567772654448
 31
0.0
  0
LINE
  5
312
330
17
100
AcDbEntity
  8
隐藏线
100
AcDbLine
 10
185.34505379931656
 20
10.99567772654448
 30
0.0
 11
185.37921106650884
 21
10.900532039889471
 31
0.0
  0
LINE
  5
313
330
17
100
AcDbEntity
  8
隐藏线
100
AcDbLine
 10
185.37921106650884
 20
10.900532039889471
 30
0.0
 11
185.41379970388607
 21
10.807370206036232
 31
0.0
  0
LINE
  5
314
330
17
100
AcDbEntity
  8
隐藏线
100
AcDbLine
 10
185.41379970388607
 20
10.807370206036232
 30
0.0
 11
185.4487812415214
 21
10.716225502194595
 31
0.0
  0
LINE
  5
315
330
17
100
AcDbEntity
  8
隐藏线
100
AcDbLine
 10
185.4487812415214
 20
10.716225502194595
 30
0.0
 11
185.61081576949383
 21
10.330186085411736
 31
0.0
  0
LINE
  5
316
330
17
100
AcDbEntity
  8
隐藏线
100
AcDbLine
 10
185.61081576949383
 20
10.330186085411736
 30
0.0
 11
185.77667635983534
 21
9.989026565096246
 31
0.0
  0
LINE
  5
317
330
17
100
AcDbEntity
  8
隐藏线
100
AcDbLine
 10
185.77667635983534
 20
9.989026565096246
 30
0.0
 11
185.9437822627201
 21
9.694981359662698
 31
0.0
  0
LINE
  5
318
330
17
100
AcDbEntity
  8
隐藏线
100
AcDbLine
 10
185.9437822627201
 20
9.694981359662698
 30
0.0
 11
186.1098726893645
 21
9.450008778103257
 31
0.0
  0
LINE
  5
319
330
17
100
AcDbEntity
  8
隐藏线
100
AcDbLine
 10
186.1098726893645
 20
9.450008778103257
 30
0.0
 11
186.27268748082946
 21
9.256066585887593
 31
0.0
  0
LINE
  5
31A
330
17
100
AcDbEntity
  8
隐藏线
100
AcDbLine
 10
186.27268748082946
 20
9.256066585887593
 30
0.0
 11
186.42996647817603
 21
9.115112548485381
 31
0.0
  0
LINE
  5
31B
330
17
100
AcDbEntity
  8
隐藏线
100
AcDbLine
 10
186.42996647817603
 20
9.115112548485381
 30
0.0
 11
186.57944952246518
 21
9.029104431366296
 31
0.0
  0
LINE
  5
31C
330
17
100
AcDbEntity
  8
隐藏线
100
AcDbLine
 10
186.57944952246518
 20
9.029104431366296
 30
0.0
 11
186.71887645475792
 21
9.00000000000001
 31
0.0
  0
LINE
  5
31D
330
17
100
AcDbEntity
  8
隐藏线
100
AcDbLine
 10
190.19482427070247
 20
11.984246007041579
 30
0.0
 11
190.4824507372519
 21
12.0
 31
0.0
  0
LINE
  5
31E
330
17
100
AcDbEntity
  8
隐藏线
100
AcDbLine
 10
189.89754659119205
 20
11.938961558106692
 30
0.0
 11
190.19482427070247
 21
11.984246007041579
 31
0.0
  0
LINE
  5
31F
330
17
100
AcDbEntity
  8
隐藏线
100
AcDbLine
 10
189.60554097896832
 20
11.867112948105904
 30
0.0
 11
189.89754659119205
 21
11.938961558106692
 31
0.0
  0
LINE
  5
320
330
17
100
AcDbEntity
  8
隐藏线
100
AcDbLine
 10
189.33373071427891
 20
11.77166647194978
 30
0.0
 11
189.60554097896832
 21
11.867112948105904
 31
0.0
  0
LINE
  5
321
330
17
100
AcDbEntity
  8
隐藏线
100
AcDbLine
 10
189.07401392269873
 20
11.647119963720064
 30
0.0
 11
189.33373071427891
 21
11.77166647194978
 31
0.0
  0
LINE
  5
322
330
17
100
AcDbEntity
  8
隐藏线
100
AcDbLine
 10
188.81666557779414
 20
11.491580042057771
 30
0.0
 11
189.07401392269873
 21
11.647119963720064
 31
0.0
  0
LINE
  5
323
330
17
100
AcDbEntity
  8
隐藏线
100
AcDbLine
 10
188.57434800589587
 20
11.313498153377077
 30
0.0
 11
188.81666557779414
 21
11.491580042057771
 31
0.0
  0
LINE
  5
324
330
17
100
AcDbEntity
  8
隐藏线
100
AcDbLine
 10
188.3597235703625
 20
11.12132575942746
 30
0.0
 11
188.57434800589587
 21
11.313498153377077
 31
0.0
  0
LINE
  5
325
330
17
100
AcDbEntity
  8
隐藏线
100
AcDbLine
 10
188.16749520107234
 20
10.906970267096966
 30
0.0
 11
188.3597235703625
 21
11.12132575942746
 31
0.0
  0
LINE
  5
326
330
17
100
AcDbEntity
  8
隐藏线
100
AcDbLine
 10
187.98931618174686
 20
10.664888134181776
 30
0.0
 11
188.16749520107234
 21
10.906970267096966
 31
0.0
  0
LINE
  5
327
330
17
100
AcDbEntity
  8
隐藏线
100
AcDbLine
 10
187.83364984879208
 20
10.407729650024974
 30
0.0
 11
187.98931618174686
 21
10.664888134181776
 31
0.0
  0
LINE
  5
328
330
17
100
AcDbEntity
  8
隐藏线
100
AcDbLine
 10
187.70895957709254
 20
10.14814514244202
 30
0.0
 11
187.83364984879208
 21
10.407729650024974
 31
0.0
  0
LINE
  5
329
330
17
100
AcDbEntity
  8
隐藏线
100
AcDbLine
 10
187.6134214858006
 20
9.876532698868033
 30
0.0
 11
187.70895957709254
 21
10.14814514244202
 31
0.0
  0
LINE
  5
32A
330
17
100
AcDbEntity
  8
隐藏线
100
AcDbLine
 10
187.54149587530947
 20
9.584678080365975
 30
0.0
 11
187.6134214858006
 21
9.876532698868033
 31
0.0
  0
LINE
  5
32B
330
17
100
AcDbEntity
  8
隐藏线
100
AcDbLine
 10
187.4961583690825
 20
9.287520694075264
 30
0.0
 11
187.54149587530947
 21
9.584678080365975
 31
0.0
  0
LINE
  5
32C
330
17
100
AcDbEntity
  8
隐藏线
100
AcDbLine
 10
187.4803846124819
 20
9.00000000000001
 30
0.0
 11
187.4961583690825
 21
9.287520694075264
 31
0.0
  0
LINE
  5
32D
330
17
100
AcDbEntity
  8
隐藏线
100
AcDbLine
 10
186.71887645475843
 20
9.000000000000007
 30
0.0
 11
186.7328797661097
 21
9.29405142098869
 31
0.0
  0
LINE
  5
32E
330
17
100
AcDbEntity
  8
隐藏线
100
AcDbLine
 10
186.7328797661097
 20
9.29405142098869
 30
0.0
 11
186.77475484062023
 21
9.585270966048393
 31
0.0
  0
LINE
  5
32F
330
17
100
AcDbEntity
  8
隐藏线
100
AcDbLine
 10
186.77475484062023
 20
9.585270966048393
 30
0.0
 11
186.84409839843124
 21
9.870854031763397
 31
0.0
  0
LINE
  5
330
330
17
100
AcDbEntity
  8
隐藏线
100
AcDbLine
 10
186.84409839843124
 20
9.870854031763397
 30
0.0
 11
186.94024262317396
 21
10.148050297095281
 31
0.0
  0
LINE
  5
331
330
17
100
AcDbEntity
  8
隐藏线
100
AcDbLine
 10
186.94024262317396
 20
10.148050297095281
 30
0.0
 11
187.0622615934063
 21
10.414190210478003
 31
0.0
  0
LINE
  5
332
330
17
100
AcDbEntity
  8
隐藏线
100
AcDbLine
 10
187.0622615934063
 20
10.414190210478003
 30
0.0
 11
187.20898019974265
 21
10.666710699058818
 31
0.0
  0
LINE
  5
333
330
17
100
AcDbEntity
  8
隐藏线
100
AcDbLine
 10
187.20898019974265
 20
10.666710699058818
 30
0.0
 11
187.37898546179937
 21
10.903179852490947
 31
0.0
  0
LINE
  5
334
330
17
100
AcDbEntity
  8
隐藏线
100
AcDbLine
 10
187.37898546179937
 20
10.903179852490947
 30
0.0
 11
187.57064013596857
 21
11.121320343559654
 31
0.0
  0
LINE
  5
335
330
17
100
AcDbEntity
  8
隐藏线
100
AcDbLine
 10
187.57064013596857
 20
11.121320343559658
 30
0.0
 11
187.78209848296888
 21
11.319031360088225
 31
0.0
  0
LINE
  5
336
330
17
100
AcDbEntity
  8
隐藏线
100
AcDbLine
 10
187.78209848296888
 20
11.319031360088225
 30
0.0
 11
188.01132404332378
 21
11.494408836907649
 31
0.0
  0
LINE
  5
337
330
17
100
AcDbEntity
  8
隐藏线
100
AcDbLine
 10
188.01132404332378
 20
11.494408836907649
 30
0.0
 11
188.25610924957962
 21
11.645763793045077
 31
0.0
  0
LINE
  5
338
330
17
100
AcDbEntity
  8
隐藏线
100
AcDbLine
 10
188.25610924957962
 20
11.645763793045077
 30
0.0
 11
188.51409668638698
 21
11.771638597533872
 31
0.0
  0
LINE
  5
339
330
17
100
AcDbEntity
  8
隐藏线
100
AcDbLine
 10
188.51409668638698
 20
11.771638597533872
 30
0.0
 11
188.7828017936991
 21
11.870821007196637
 31
0.0
  0
LINE
  5
33A
330
17
100
AcDbEntity
  8
隐藏线
100
AcDbLine
 10
188.7828017936991
 20
11.870821007196637
 30
0.0
 11
189.05963679444343
 21
11.942355841209702
 31
0.0
  0
LINE
  5
33B
330
17
100
AcDbEntity
  8
隐藏线
100
AcDbLine
 10
189.05963679444343
 20
11.942355841209702
 30
0.0
 11
189.34193561622936
 21
11.9855541800166
 31
0.0
  0
LINE
  5
33C
330
17
100
AcDbEntity
  8
隐藏线
100
AcDbLine
 10
189.34193561622936
 20
11.9855541800166
 30
0.0
 11
189.6269795670829
 21
12.00000000000001
 31
0.0
  0
LINE
  5
33D
330
17
100
AcDbEntity
  8
隐藏线
100
AcDbLine
 10
187.5063004393219
 20
14.0884384822099
 30
0.0
 11
187.5662191094377
 21
13.917535974391892
 31
0.0
  0
LINE
  5
33E
330
17
100
AcDbEntity
  8
隐藏线
100
AcDbLine
 10
187.5662191094377
 20
13.917535974391892
 30
0.0
 11
187.63492474664315
 21
13.751193287804027
 31
0.0
  0
LINE
  5
33F
330
17
100
AcDbEntity
  8
隐藏线
100
AcDbLine
 10
187.63492474664315
 20
13.751193287804027
 30
0.0
 11
187.71165925272484
 21
13.589985623409806
 31
0.0
  0
LINE
  5
340
330
17
100
AcDbEntity
  8
隐藏线
100
AcDbLine
 10
187.71165925272484
 20
13.589985623409806
 30
0.0
 11
187.79566452946926
 21
13.434488182172743
 31
0.0
  0
LINE
  5
341
330
17
100
AcDbEntity
  8
隐藏线
100
AcDbLine
 10
187.79566452946926
 20
13.434488182172743
 30
0.0
 11
187.88618068755744
 21
13.28526954666853
 31
0.0
  0
LINE
  5
342
330
17
100
AcDbEntity
  8
隐藏线
100
AcDbLine
 10
187.88618068755744
 20
13.28526954666853
 30
0.0
 11
187.9824108310269
 21
13.142761554698614
 31
0.0
  0
LINE
  5
343
330
17
100
AcDbEntity
  8
隐藏线
100
AcDbLine
 10
187.9824108310269
 20
13.142761554698614
 30
0.0
 11
188.08352324482817
 21
13.00726738262049
 31
0.0
  0
LINE
  5
344
330
17
100
AcDbEntity
  8
隐藏线
100
AcDbLine
 10
188.08352324482817
 20
13.00726738262049
 30
0.0
 11
188.1886848608269
 21
12.879085206951672
 31
0.0
  0
LINE
  5
345
330
17
100
AcDbEntity
  8
隐藏线
100
AcDbLine
 10
188.1886848608269
 20
12.879085206951672
 30
0.0
 11
188.20950237554987
 21
12.85506968151384
 31
0.0
  0
LINE
  5
346
330
17
100
AcDbEntity
  8
隐藏线
100
AcDbLine
 10
188.20950237554987
 20
12.85506968151384
 30
0.0
 11
188.23043504073055
 21
12.831343242965486
 31
0.0
  0
LINE
  5
347
330
17
100
AcDbEntity
  8
隐藏线
100
AcDbLine
 10
188.23043504073055
 20
12.831343242965486
 30
0.0
 11
188.25147675827452
 21
12.80790807397152
 31
0.0
  0
LINE
  5
348
330
17
100
AcDbEntity
  8
隐藏线
100
AcDbLine
 10
188.25147675827452
 20
12.80790807397152
 30
0.0
 11
188.2726214300872
 21
12.784766357196839
 31
0.0
  0
LINE
  5
349
330
17
100
AcDbEntity
  8
隐藏线
100
AcDbLine
 10
188.2726214300872
 20
12.784766357196839
 30
0.0
 11
188.2938629580742
 21
12.761920275306347
 31
0.0
  0
LINE
  5
34A
330
17
100
AcDbEntity
  8
隐藏线
100
AcDbLine
 10
188.2938629580742
 20
12.761920275306347
 30
0.0
 11
188.31519524414094
 21
12.73937201096494
 31
0.0
  0
LINE
  5
34B
330
17
100
AcDbEntity
  8
隐藏线
100
AcDbLine
 10
188.31519524414094
 20
12.73937201096494
 30
0.0
 11
188.336612190193
 21
12.717123746837524
 31
0.0
  0
LINE
  5
34C
330
17
100
AcDbEntity
  8
隐藏线
100
AcDbLine
 10
188.35810769813588
 20
12.695177665589002
 30
0.0
 11
188.52397211649375
 21
12.537986925497247
 31
0.0
  0
LINE
  5
34D
330
17
100
AcDbEntity
  8
隐藏线
100
AcDbLine
 10
188.52397211649375
 20
12.537986925497247
 30
0.0
 11
188.69144611493533
 21
12.399436197113229
 31
0.0
  0
LINE
  5
34E
330
17
100
AcDbEntity
  8
隐藏线
100
AcDbLine
 10
188.69144611493533
 20
12.399436197113229
 30
0.0
 11
188.8585414468532
 21
12.28028930348846
 31
0.0
  0
LINE
  5
34F
330
17
100
AcDbEntity
  8
隐藏线
100
AcDbLine
 10
188.8585414468532
 20
12.28028930348846
 30
0.0
 11
189.02350474685315
 21
12.18124310974824
 31
0.0
  0
LINE
  5
350
330
17
100
AcDbEntity
  8
隐藏线
100
AcDbLine
 10
189.02350474685315
 20
12.18124310974824
 30
0.0
 11
189.18458311190568
 21
12.102994349210922
 31
0.0
  0
LINE
  5
351
330
17
100
AcDbEntity
  8
隐藏线
100
AcDbLine
 10
189.18458311190568
 20
12.102994349210922
 30
0.0
 11
189.34002363898117
 21
12.046239755194872
 31
0.0
  0
LINE
  5
352
330
17
100
AcDbEntity
  8
隐藏线
100
AcDbLine
 10
189.34002363898117
 20
12.046239755194872
 30
0.0
 11
189.48807342505012
 21
12.011676061018443
 31
0.0
  0
LINE
  5
353
330
17
100
AcDbEntity
  8
隐藏线
100
AcDbLine
 10
189.48807342505012
 20
12.011676061018443
 30
0.0
 11
189.6269795670829
 21
12.0
 31
0.0
  0
LINE
  5
354
330
17
100
AcDbEntity
  8
隐藏线
100
AcDbLine
 10
186.4621264138252
 20
9.09247951038974
 30
0.0
 11
186.5945920118867
 21
9.023352122036894
 31
0.0
  0
LINE
  5
355
330
17
100
AcDbEntity
  8
隐藏线
100
AcDbLine
 10
186.32304804749458
 20
9.205988698421834
 30
0.0
 11
186.4621264138252
 21
9.09247951038974
 31
0.0
  0
LINE
  5
356
330
17
100
AcDbEntity
  8
隐藏线
100
AcDbLine
 10
186.1789252998161
 20
9.362486219496454
 30
0.0
 11
186.32304804749458
 21
9.205988698421834
 31
0.0
  0
LINE
  5
357
330
17
100
AcDbEntity
  8
隐藏线
100
AcDbLine
 10
186.03132655771088
 20
9.560578606976879
 30
0.0
 11
186.1789252998161
 21
9.362486219496454
 31
0.0
  0
LINE
  5
358
330
17
100
AcDbEntity
  8
隐藏线
100
AcDbLine
 10
185.88182020810015
 20
9.7988723942264
 30
0.0
 11
186.03132655771088
 21
9.560578606976879
 31
0.0
  0
LINE
  5
359
330
17
100
AcDbEntity
  8
隐藏线
100
AcDbLine
 10
185.7319750515997
 20
10.07597385099441
 30
0.0
 11
185.88182020810015
 21
9.7988723942264
 31
0.0
  0
LINE
  5
35A
330
17
100
AcDbEntity
  8
隐藏线
100
AcDbLine
 10
185.58357004570047
 20
10.390355331177897
 30
0.0
 11
185.7319750515997
 21
10.07597385099441
 31
0.0
  0
LINE
  5
35B
330
17
100
AcDbEntity
  8
隐藏线
100
AcDbLine
 10
185.53037826820614
 20
10.513635291495182
 30
0.0
 11
185.58357004570047
 21
10.390355331177897
 31
0.0
  0
LINE
  5
35C
330
17
100
AcDbEntity
  8
隐藏线
100
AcDbLine
 10
185.4778022939804
 20
10.64150911061311
 30
0.0
 11
185.53037826820614
 21
10.513635291495182
 31
0.0
  0
LINE
  5
35D
330
17
100
AcDbEntity
  8
隐藏线
100
AcDbLine
 10
185.42595869965223
 20
10.773883519152982
 30
0.0
 11
185.4778022939804
 21
10.64150911061311
 31
0.0
  0
LINE
  5
35E
330
17
100
AcDbEntity
  8
隐藏线
100
AcDbLine
 10
185.32493495720482
 20
11.05176102698377
 30
0.0
 11
185.3749640618507
 21
10.9106652477361
 31
0.0
  0
LINE
  5
35F
330
17
100
AcDbEntity
  8
隐藏线
100
AcDbLine
 10
185.18180660849143
 20
11.499999974927112
 30
0.0
 11
185.22823965389614
 21
11.346521659957974
 31
0.0
  0
LINE
  5
360
330
17
100
AcDbEntity
  8
隐藏线
100
AcDbLine
 10
185.10414010251628
 20
11.777727447601203
 30
0.0
 11
185.18180660849143
 21
11.499999974927112
 31
0.0
  0
LINE
  5
361
330
17
100
AcDbEntity
  8
隐藏线
100
AcDbLine
 10
185.03145719123103
 20
12.06687365792893
 30
0.0
 11
185.10414010251628
 21
11.777727447601203
 31
0.0
  0
LINE
  5
362
330
17
100
AcDbEntity
  8
隐藏线
100
AcDbLine
 10
184.9643297440922
 20
12.366518818494873
 30
0.0
 11
185.03145719123103
 21
12.06687365792893
 31
0.0
  0
LINE
  5
363
330
17
100
AcDbEntity
  8
隐藏线
100
AcDbLine
 10
184.90332459729953
 20
12.675701568554185
 30
0.0
 11
184.9643297440922
 21
12.366518818494873
 31
0.0
  0
LINE
  5
364
330
17
100
AcDbEntity
  8
隐藏线
100
AcDbLine
 10
184.84900858705282
 20
12.993460547362057
 30
0.0
 11
184.90332459729953
 21
12.675701568554185
 31
0.0
  0
LINE
  5
365
330
17
100
AcDbEntity
  8
隐藏线
100
AcDbLine
 10
184.80194854955178
 20
13.318834394173653
 30
0.0
 11
184.84900858705282
 21
12.993460547362057
 31
0.0
  0
LINE
  5
366
330
17
100
AcDbEntity
  8
隐藏线
100
AcDbLine
 10
184.76271132099623
 20
13.650861748244138
 30
0.0
 11
184.80194854955178
 21
13.318834394173653
 31
0.0
  0
LINE
  5
367
330
17
100
AcDbEntity
  8
隐藏线
100
AcDbLine
 10
184.7318637375859
 20
13.9885812488287
 30
0.0
 11
184.76271132099623
 21
13.650861748244138
 31
0.0
  0
LINE
  5
368
330
17
100
AcDbEntity
  8
隐藏线
100
AcDbLine
 10
184.7318637375859
 20
13.9885812488287
 30
0.0
 11
184.8326440946151
 21
14.00858865327199
 31
0.0
  0
LINE
  5
369
330
17
100
AcDbEntity
  8
隐藏线
100
AcDbLine
 10
184.8326440946151
 20
14.00858865327199
 30
0.0
 11
184.9455897264592
 21
14.028865312946369
 31
0.0
  0
LINE
  5
36A
330
17
100
AcDbEntity
  8
隐藏线
100
AcDbLine
 10
184.9455897264592
 20
14.028865312946369
 30
0.0
 11
185.0702406915052
 21
14.049346730618208
 31
0.0
  0
LINE
  5
36B
330
17
100
AcDbEntity
  8
隐藏线
100
AcDbLine
 10
185.0702406915052
 20
14.049346730618208
 30
0.0
 11
185.20613726639553
 21
14.069968446136414
 31
0.0
  0
LINE
  5
36C
330
17
100
AcDbEntity
  8
隐藏线
100
AcDbLine
 10
185.20613726639553
 20
14.069968446136414
 30
0.0
 11
185.3528197277725
 21
14.090665999349895
 31
0.0
  0
LINE
  5
36D
330
17
100
AcDbEntity
  8
隐藏线
100
AcDbLine
 10
185.3528197277725
 20
14.090665999349895
 30
0.0
 11
185.50955564114867
 21
14.111339230562765
 31
0.0
  0
LINE
  5
36E
330
17
100
AcDbEntity
  8
隐藏线
100
AcDbLine
 10
185.50955564114867
 20
14.111339230562765
 30
0.0
 11
185.67511619116982
 21
14.131816239793098
 31
0.0
  0
LINE
  5
36F
330
17
100
AcDbEntity
  8
隐藏线
100
AcDbLine
 10
185.67511619116982
 20
14.131816239793098
 30
0.0
 11
185.84883548676407
 21
14.151992389120991
 31
0.0
  0
LINE
  5
370
330
17
100
AcDbEntity
  8
隐藏线
100
AcDbLine
 10
185.84883548676407
 20
14.151992389120991
 30
0.0
 11
185.87462375668014
 21
14.15488244446105
 31
0.0
  0
LINE
  5
371
330
17
100
AcDbEntity
  8
隐藏线
100
AcDbLine
 10
185.87462375668014
 20
14.15488244446105
 30
0.0
 11
185.90056777738738
 21
14.157763775098518
 31
0.0
  0
LINE
  5
372
330
17
100
AcDbEntity
  8
隐藏线
100
AcDbLine
 10
185.95291535692738
 20
14.163499038635498
 30
0.0
 11
185.97931505863627
 21
14.166352359719916
 31
0.0
  0
LINE
  5
373
330
17
100
AcDbEntity
  8
隐藏线
100
AcDbLine
 10
185.97931505863627
 20
14.166352359719916
 30
0.0
 11
186.0058627968885
 21
14.169195732471557
 31
0.0
  0
LINE
  5
374
330
17
100
AcDbEntity
  8
隐藏线
100
AcDbLine
 10
186.0325566431221
 20
14.172028850982874
 30
0.0
 11
186.0593946687751
 21
14.174851409346322
 31
0.0
  0
LINE
  5
375
330
17
100
AcDbEntity
  8
隐藏线
100
AcDbLine
 10
186.0593946687751
 20
14.174851409346322
 30
0.0
 11
186.22246770534005
 21
14.191461195747078
 31
0.0
  0
LINE
  5
376
330
17
100
AcDbEntity
  8
隐藏线
100
AcDbLine
 10
186.22246770534005
 20
14.191461195747078
 30
0.0
 11
186.39010584352692
 21
14.207609424612807
 31
0.0
  0
LINE
  5
377
330
17
100
AcDbEntity
  8
隐藏线
100
AcDbLine
 10
186.39010584352692
 20
14.207609424612807
 30
0.0
 11
186.56118228148955
 21
14.223153458720573
 31
0.0
  0
LINE
  5
378
330
17
100
AcDbEntity
  8
隐藏线
100
AcDbLine
 10
186.56118228148955
 20
14.223153458720573
 30
0.0
 11
186.73508065842495
 21
14.237995790849117
 31
0.0
  0
LINE
  5
379
330
17
100
AcDbEntity
  8
隐藏线
100
AcDbLine
 10
186.73508065842495
 20
14.237995790849117
 30
0.0
 11
186.91132377582557
 21
14.252052560709943
 31
0.0
  0
LINE
  5
37A
330
17
100
AcDbEntity
  8
隐藏线
100
AcDbLine
 10
186.91132377582557
 20
14.252052560709943
 30
0.0
 11
187.0894344351838
 21
14.26523990801455
 31
0.0
  0
LINE
  5
37B
330
17
100
AcDbEntity
  8
隐藏线
100
AcDbLine
 10
187.0894344351838
 20
14.26523990801455
 30
0.0
 11
187.2689354379921
 21
14.277473972474436
 31
0.0
  0
LINE
  5
37C
330
17
100
AcDbEntity
  8
隐藏线
100
AcDbLine
 10
187.2689354379921
 20
14.277473972474436
 30
0.0
 11
187.4493495857429
 21
14.2886708938011
 31
0.0
  0
LINE
  5
37D
330
17
100
AcDbEntity
  8
隐藏线
100
AcDbLine
 10
187.44951811631233
 20
14.28874614978419
 30
0.0
 11
187.45588753893728
 21
14.263478731248183
 31
0.0
  0
LINE
  5
37E
330
17
100
AcDbEntity
  8
隐藏线
100
AcDbLine
 10
187.45588753893728
 20
14.263478731248183
 30
0.0
 11
187.46246710057733
 21
14.238280835202989
 31
0.0
  0
LINE
  5
37F
330
17
100
AcDbEntity
  8
隐藏线
100
AcDbLine
 10
187.46246710057733
 20
14.238280835202989
 30
0.0
 11
187.46925459328833
 21
14.21315413690859
 31
0.0
  0
LINE
  5
380
330
17
100
AcDbEntity
  8
隐藏线
100
AcDbLine
 10
187.48344454014668
 20
14.163121034612173
 30
0.0
 11
187.49084257840576
 21
14.13821798113014
 31
0.0
  0
LINE
  5
381
330
17
100
AcDbEntity
  8
隐藏线
100
AcDbLine
 10
187.49084257840576
 20
14.13821798113014
 30
0.0
 11
187.4984397159592
 21
14.113392826438888
 31
0.0
  0
LINE
  5
382
330
17
100
AcDbEntity
  8
隐藏线
100
AcDbLine
 10
182.69984421005478
 20
24.0
 30
0.0
 11
182.98006419659364
 21
24.014445819961985
 31
0.0
  0
LINE
  5
383
330
17
100
AcDbEntity
  8
隐藏线
100
AcDbLine
 10
182.98006419659364
 20
24.014445819961985
 30
0.0
 11
183.25758551148064
 21
24.05764415875051
 31
0.0
  0
LINE
  5
384
330
17
100
AcDbEntity
  8
隐藏线
100
AcDbLine
 10
183.25758551148064
 20
24.05764415875051
 30
0.0
 11
183.52973547274453
 21
24.129178992748386
 31
0.0
  0
LINE
  5
385
330
17
100
AcDbEntity
  8
隐藏线
100
AcDbLine
 10
183.52973547274453
 20
24.129178992748386
 30
0.0
 11
183.7938931274858
 21
24.228361402399226
 31
0.0
  0
LINE
  5
386
330
17
100
AcDbEntity
  8
隐藏线
100
AcDbLine
 10
183.7938931274858
 20
24.228361402399226
 30
0.0
 11
184.0475144930858
 21
24.354236206879378
 31
0.0
  0
LINE
  5
387
330
17
100
AcDbEntity
  8
隐藏线
100
AcDbLine
 10
184.0475144930858
 20
24.354236206879378
 30
0.0
 11
184.28815705714996
 21
24.505591163011413
 31
0.0
  0
LINE
  5
388
330
17
100
AcDbEntity
  8
隐藏线
100
AcDbLine
 10
184.28815705714996
 20
24.505591163011413
 30
0.0
 11
184.51350330023757
 21
24.6809686398286
 31
0.0
  0
LINE
  5
389
330
17
100
AcDbEntity
  8
隐藏线
100
AcDbLine
 10
184.51350330023757
 20
24.6809686398286
 30
0.0
 11
184.72138301484065
 21
24.87867965635794
 31
0.0
  0
LINE
  5
38A
330
17
100
AcDbEntity
  8
隐藏线
100
AcDbLine
 10
184.72138301487394
 20
24.87867965639287
 30
0.0
 11
184.9097942056949
 21
25.096820147463635
 31
0.0
  0
LINE
  5
38B
330
17
100
AcDbEntity
  8
隐藏线
100
AcDbLine
 10
184.9097942056949
 20
25.096820147463635
 30
0.0
 11
185.07692236997767
 21
25.33328930089931
 31
0.0
  0
LINE
  5
38C
330
17
100
AcDbEntity
  8
隐藏线
100
AcDbLine
 10
185.07692236997767
 20
25.33328930089931
 30
0.0
 11
185.22115797213857
 21
25.585809789484987
 31
0.0
  0
LINE
  5
38D
330
17
100
AcDbEntity
  8
隐藏线
100
AcDbLine
 10
185.22115797213857
 20
25.585809789484987
 30
0.0
 11
185.3411119444815
 21
25.851949702873707
 31
0.0
  0
LINE
  5
38E
330
17
100
AcDbEntity
  8
隐藏线
100
AcDbLine
 10
185.3411119444815
 20
25.851949702873707
 30
0.0
 11
185.4356290646792
 21
26.129145968212512
 31
0.0
  0
LINE
  5
38F
330
17
100
AcDbEntity
  8
隐藏线
100
AcDbLine
 10
185.4356290646792
 20
26.129145968212512
 30
0.0
 11
185.5037990811958
 21
26.41472903393515
 31
0.0
  0
LINE
  5
390
330
17
100
AcDbEntity
  8
隐藏线
100
AcDbLine
 10
185.5037990811958
 20
26.41472903393515
 30
0.0
 11
185.54496547950674
 21
26.705948579002964
 31
0.0
  0
LINE
  5
391
330
17
100
AcDbEntity
  8
隐藏线
100
AcDbLine
 10
185.54496547950674
 20
26.705948579002964
 30
0.0
 11
185.5587318046924
 21
27.0
 31
0.0
  0
LINE
  5
392
330
17
100
AcDbEntity
  8
隐藏线
100
AcDbLine
 10
185.55873180468592
 20
27.0
 30
0.0
 11
185.6194325384576
 21
26.994796863194093
 31
0.0
  0
LINE
  5
393
330
17
100
AcDbEntity
  8
隐藏线
100
AcDbLine
 10
185.6194325384576
 20
26.994796863194093
 30
0.0
 11
185.69042033433897
 21
26.977736178440843
 31
0.0
  0
LINE
  5
394
330
17
100
AcDbEntity
  8
隐藏线
100
AcDbLine
 10
185.69042033433897
 20
26.977736178440843
 30
0.0
 11
185.7711959268576
 21
26.946640999877385
 31
0.0
  0
LINE
  5
395
330
17
100
AcDbEntity
  8
隐藏线
100
AcDbLine
 10
185.7711959268576
 20
26.946640999877385
 30
0.0
 11
185.86126889294565
 21
26.89925371608996
 31
0.0
  0
LINE
  5
396
330
17
100
AcDbEntity
  8
隐藏线
100
AcDbLine
 10
185.86126889294565
 20
26.89925371608996
 30
0.0
 11
185.96000010753767
 21
26.83344243564632
 31
0.0
  0
LINE
  5
397
330
17
100
AcDbEntity
  8
隐藏线
100
AcDbLine
 10
185.96000010753767
 20
26.83344243564632
 30
0.0
 11
186.0662425272521
 21
26.748128327183675
 31
0.0
  0
LINE
  5
398
330
17
100
AcDbEntity
  8
隐藏线
100
AcDbLine
 10
186.0662425272521
 20
26.748128327183675
 30
0.0
 11
186.1787565273759
 21
26.642431419447178
 31
0.0
  0
LINE
  5
399
330
17
100
AcDbEntity
  8
隐藏线
100
AcDbLine
 10
186.1787565273759
 20
26.642431419447178
 30
0.0
 11
186.29630209559656
 21
26.515474535169584
 31
0.0
  0
LINE
  5
39A
330
17
100
AcDbEntity
  8
隐藏线
100
AcDbLine
 10
186.29630209559656
 20
26.515474535169584
 30
0.0
 11
186.3812100721045
 21
26.413282290853402
 31
0.0
  0
LINE
  5
39B
330
17
100
AcDbEntity
  8
隐藏线
100
AcDbLine
 10
186.3812100721045
 20
26.413282290853402
 30
0.0
 11
186.46745625395658
 21
26.300602790370476
 31
0.0
  0
LINE
  5
39C
330
17
100
AcDbEntity
  8
隐藏线
100
AcDbLine
 10
186.46745625395658
 20
26.300602790370476
 30
0.0
 11
186.55453095819945
 21
26.17770468296092
 31
0.0
  0
LINE
  5
39D
330
17
100
AcDbEntity
  8
隐藏线
100
AcDbLine
 10
186.55453095819945
 20
26.17770468296092
 30
0.0
 11
186.64192450187969
 21
26.04485661786484
 31
0.0
  0
LINE
  5
39E
330
17
100
AcDbEntity
  8
隐藏线
100
AcDbLine
 10
186.64192450187969
 20
26.04485661786484
 30
0.0
 11
186.72912720204383
 21
25.902327244322354
 31
0.0
  0
LINE
  5
39F
330
17
100
AcDbEntity
  8
隐藏线
100
AcDbLine
 10
186.72912720204383
 20
25.902327244322354
 30
0.0
 11
186.81564040304085
 21
25.750397358124772
 31
0.0
  0
LINE
  5
3A0
330
17
100
AcDbEntity
  8
隐藏线
100
AcDbLine
 10
186.81564040304085
 20
25.750397358124772
 30
0.0
 11
186.90105548215516
 21
25.589446926159827
 31
0.0
  0
LINE
  5
3A1
330
17
100
AcDbEntity
  8
隐藏线
100
AcDbLine
 10
186.90105548215516
 20
25.589446926159827
 30
0.0
 11
186.98500776922225
 21
25.419904328961238
 31
0.0
  0
LINE
  5
3A2
330
17
100
AcDbEntity
  8
隐藏线
100
AcDbLine
 10
186.98500776922225
 20
25.419904328961238
 30
0.0
 11
187.0696792578126
 21
25.236488075246275
 31
0.0
  0
LINE
  5
3A3
330
17
100
AcDbEntity
  8
隐藏线
100
AcDbLine
 10
187.0696792578126
 20
25.236488075246275
 30
0.0
 11
187.15200717386037
 21
25.044857790944313
 31
0.0
  0
LINE
  5
3A4
330
17
100
AcDbEntity
  8
隐藏线
100
AcDbLine
 10
187.15200717386037
 20
25.044857790944313
 30
0.0
 11
187.23159234180875
 21
24.845483500059196
 31
0.0
  0
LINE
  5
3A5
330
17
100
AcDbEntity
  8
隐藏线
100
AcDbLine
 10
187.23159234180875
 20
24.845483500059196
 30
0.0
 11
187.30807874136568
 21
24.638809778625138
 31
0.0
  0
LINE
  5
3A6
330
17
100
AcDbEntity
  8
隐藏线
100
AcDbLine
 10
187.30807874136568
 20
24.638809778625138
 30
0.0
 11
187.3811806039606
 21
24.42523977635924
 31
0.0
  0
LINE
  5
3A7
330
17
100
AcDbEntity
  8
隐藏线
100
AcDbLine
 10
187.3811806039606
 20
24.42523977635924
 30
0.0
 11
187.45061861483498
 21
24.20517283726891
 31
0.0
  0
LINE
  5
3A8
330
17
100
AcDbEntity
  8
隐藏线
100
AcDbLine
 10
187.45061861483498
 20
24.20517283726891
 30
0.0
 11
187.51611345923027
 21
23.979008305361543
 31
0.0
  0
LINE
  5
3A9
330
17
100
AcDbEntity
  8
隐藏线
100
AcDbLine
 10
187.51611345923027
 20
23.979008305361543
 30
0.0
 11
187.57738582238798
 21
23.74714552464453
 31
0.0
  0
LINE
  5
3AA
330
17
100
AcDbEntity
  8
隐藏线
100
AcDbLine
 10
187.57738582238798
 20
23.74714552464453
 30
0.0
 11
187.65290244590338
 21
23.425968397211705
 31
0.0
  0
LINE
  5
3AB
330
17
100
AcDbEntity
  8
隐藏线
100
AcDbLine
 10
187.65290244590338
 20
23.425968397211705
 30
0.0
 11
187.7197042545176
 21
23.09620710793866
 31
0.0
  0
LINE
  5
3AC
330
17
100
AcDbEntity
  8
隐藏线
100
AcDbLine
 10
187.7197042545176
 20
23.09620710793866
 30
0.0
 11
187.77728020766378
 21
22.758928985898862
 31
0.0
  0
LINE
  5
3AD
330
17
100
AcDbEntity
  8
隐藏线
100
AcDbLine
 10
187.77728020766378
 20
22.758928985898862
 30
0.0
 11
187.82511926674385
 21
22.415201361134567
 31
0.0
  0
LINE
  5
3AE
330
17
100
AcDbEntity
  8
隐藏线
100
AcDbLine
 10
187.82511926674385
 20
22.415201361134567
 30
0.0
 11
187.86275550521555
 21
22.06613418957032
 31
0.0
  0
LINE
  5
3AF
330
17
100
AcDbEntity
  8
隐藏线
100
AcDbLine
 10
187.86275550521555
 20
22.06613418957032
 30
0.0
 11
187.88991480763968
 21
21.71301866731895
 31
0.0
  0
LINE
  5
3B0
330
17
100
AcDbEntity
  8
隐藏线
100
AcDbLine
 10
187.88991480763968
 20
21.71301866731895
 30
0.0
 11
187.90637402869783
 21
21.35719415159621
 31
0.0
  0
LINE
  5
3B1
330
17
100
AcDbEntity
  8
隐藏线
100
AcDbLine
 10
187.90637402869783
 20
21.35719415159621
 30
0.0
 11
187.9119100234759
 21
21.0
 31
0.0
  0
LINE
  5
3B2
330
17
100
AcDbEntity
  8
隐藏线
100
AcDbLine
 10
184.71520175222867
 20
21.29462714441686
 30
0.0
 11
184.7318637375859
 21
21.0
 31
0.0
  0
LINE
  5
3B3
330
17
100
AcDbEntity
  8
隐藏线
100
AcDbLine
 10
184.66615914746208
 20
21.586196484978355
 30
0.0
 11
184.71520175222867
 21
21.29462714441686
 31
0.0
  0
LINE
  5
3B4
330
17
100
AcDbEntity
  8
隐藏线
100
AcDbLine
 10
184.5862176830955
 20
21.871712511277867
 30
0.0
 11
184.66615914746208
 21
21.586196484978355
 31
0.0
  0
LINE
  5
3B5
330
17
100
AcDbEntity
  8
隐藏线
100
AcDbLine
 10
184.47789708425532
 20
22.148506378724182
 30
0.0
 11
184.5862176830955
 21
21.871712511277867
 31
0.0
  0
LINE
  5
3B6
330
17
100
AcDbEntity
  8
隐藏线
100
AcDbLine
 10
184.3445380602431
 20
22.414167405421008
 30
0.0
 11
184.47789708425532
 21
22.148506378724182
 31
0.0
  0
LINE
  5
3B7
330
17
100
AcDbEntity
  8
隐藏线
100
AcDbLine
 10
184.1898588965186
 20
22.666344416120452
 30
0.0
 11
184.3445380602431
 21
22.414167405421008
 31
0.0
  0
LINE
  5
3B8
330
17
100
AcDbEntity
  8
隐藏线
100
AcDbLine
 10
184.01841506524477
 20
22.902809915702928
 30
0.0
 11
184.1898588965186
 21
22.666344416120452
 31
0.0
  0
LINE
  5
3B9
330
17
100
AcDbEntity
  8
隐藏线
100
AcDbLine
 10
183.83501673647604
 20
23.121324199475588
 30
0.0
 11
184.01841506524477
 21
22.902809915702928
 31
0.0
  0
LINE
  5
3BA
330
17
100
AcDbEntity
  8
隐藏线
100
AcDbLine
 10
183.82483646576398
 20
23.132617537433315
 30
0.0
 11
183.83501673647604
 21
23.121324199475588
 31
0.0
  0
LINE
  5
3BB
330
17
100
AcDbEntity
  8
隐藏线
100
AcDbLine
 10
183.80442654823602
 20
23.155022140554923
 30
0.0
 11
183.81463939396903
 21
23.143850322978192
 31
0.0
  0
LINE
  5
3BC
330
17
100
AcDbEntity
  8
隐藏线
100
AcDbLine
 10
183.7941989557098
 20
23.166132574608195
 30
0.0
 11
183.80442654823602
 21
23.155022140554923
 31
0.0
  0
LINE
  5
3BD
330
17
100
AcDbEntity
  8
隐藏线
100
AcDbLine
 10
183.75316166056948
 20
23.20995216448061
 30
0.0
 11
183.76343796882017
 21
23.19909142007422
 31
0.0
  0
LINE
  5
3BE
330
17
100
AcDbEntity
  8
隐藏线
100
AcDbLine
 10
183.55280273588187
 20
23.407906601378805
 30
0.0
 11
183.75316166056948
 21
23.20995216448061
 31
0.0
  0
LINE
  5
3BF
330
17
100
AcDbEntity
  8
隐藏线
100
AcDbLine
 10
183.35651707168313
 20
23.578964070322748
 30
0.0
 11
183.55280273588187
 21
23.407906601378805
 31
0.0
  0
LINE
  5
3C0
330
17
100
AcDbEntity
  8
隐藏线
100
AcDbLine
 10
183.17302314511355
 20
23.72093177529307
 30
0.0
 11
183.35651707168313
 21
23.578964070322748
 31
0.0
  0
LINE
  5
3C1
330
17
100
AcDbEntity
  8
隐藏线
100
AcDbLine
 10
183.01132017123092
 20
23.832024962621528
 30
0.0
 11
183.17302314511355
 21
23.72093177529307
 31
0.0
  0
LINE
  5
3C2
330
17
100
AcDbEntity
  8
隐藏线
100
AcDbLine
 10
182.87862306959516
 20
23.91259219359601
 30
0.0
 11
183.01132017123092
 21
23.832024962621528
 31
0.0
  0
LINE
  5
3C3
330
17
100
AcDbEntity
  8
隐藏线
100
AcDbLine
 10
182.78064159653158
 20
23.96476786538626
 30
0.0
 11
182.87862306959516
 21
23.91259219359601
 31
0.0
  0
LINE
  5
3C4
330
17
100
AcDbEntity
  8
隐藏线
100
AcDbLine
 10
182.72098009141735
 20
23.992088349693066
 30
0.0
 11
182.78064159653158
 21
23.96476786538626
 31
0.0
  0
LINE
  5
3C5
330
17
100
AcDbEntity
  8
隐藏线
100
AcDbLine
 10
182.6998442101489
 20
24.0
 30
0.0
 11
182.72098009141735
 21
23.992088349693066
 31
0.0
  0
LINE
  5
3C6
330
17
100
AcDbEntity
  8
隐藏线
100
AcDbLine
 10
187.86333069571276
 20
14.450356545333827
 30
0.0
 11
187.9119100234759
 21
14.4942906244144
 31
0.0
  0
LINE
  5
3C7
330
17
100
AcDbEntity
  8
隐藏线
100
AcDbLine
 10
187.81071845114076
 20
14.410824053407296
 30
0.0
 11
187.86333069571276
 21
14.450356545333827
 31
0.0
  0
LINE
  5
3C8
330
17
100
AcDbEntity
  8
隐藏线
100
AcDbLine
 10
187.75745682251042
 20
14.377822970353579
 30
0.0
 11
187.81071845114076
 21
14.410824053407296
 31
0.0
  0
LINE
  5
3C9
330
17
100
AcDbEntity
  8
隐藏线
100
AcDbLine
 10
187.70133226331762
 20
14.349882566960574
 30
0.0
 11
187.75745682251042
 21
14.377822970353579
 31
0.0
  0
LINE
  5
3CA
330
17
100
AcDbEntity
  8
隐藏线
100
AcDbLine
 10
187.64094899676098
 20
14.326187905311514
 30
0.0
 11
187.70133226331762
 21
14.349882566960574
 31
0.0
  0
LINE
  5
3CB
330
17
100
AcDbEntity
  8
隐藏线
100
AcDbLine
 10
187.57775084428118
 20
14.307787911560515
 30
0.0
 11
187.64094899676098
 21
14.326187905311514
 31
0.0
  0
LINE
  5
3CC
330
17
100
AcDbEntity
  8
隐藏线
100
AcDbLine
 10
187.5132937168439
 20
14.295295382597832
 30
0.0
 11
187.57775084428118
 21
14.307787911560515
 31
0.0
  0
LINE
  5
3CD
330
17
100
AcDbEntity
  8
隐藏线
100
AcDbLine
 10
187.4493495857429
 20
14.2886708938011
 30
0.0
 11
187.5132937168439
 21
14.295295382597832
 31
0.0
  0
LINE
  5
3CE
330
17
100
AcDbEntity
  8
隐藏线
100
AcDbLine
 10
182.63418630884817
 20
24.0
 30
0.0
 11
182.66597154424954
 21
24.0
 31
0.0
  0
LINE
  5
3CF
330
17
100
AcDbEntity
  8
隐藏线
100
AcDbLine
 10
182.60449946341492
 20
24.0
 30
0.0
 11
182.63418630884817
 21
24.0
 31
0.0
  0
LINE
  5
3D0
330
17
100
AcDbEntity
  8
隐藏线
100
AcDbLine
 10
182.55163886441844
 20
24.0
 30
0.0
 11
182.57692129052583
 21
24.0
 31
0.0
  0
LINE
  5
3D1
330
17
100
AcDbEntity
  8
隐藏线
100
AcDbLine
 10
182.52848520334658
 20
24.0
 30
0.0
 11
182.55163886441844
 21
24.0
 31
0.0
  0
LINE
  5
3D2
330
17
100
AcDbEntity
  8
隐藏线
100
AcDbLine
 10
182.45766803080664
 20
24.0
 30
0.0
 11
182.47205296680585
 21
24.0
 31
0.0
  0
LINE
  5
3D3
330
17
100
AcDbEntity
  8
隐藏线
100
AcDbLine
 10
182.44544552994242
 20
24.0
 30
0.0
 11
182.45766803080664
 21
24.0
 31
0.0
  0
LINE
  5
3D4
330
17
100
AcDbEntity
  8
隐藏线
100
AcDbLine
 10
185.41761939906192
 20
27.0
 30
0.0
 11
185.41761939906192
 21
30.0
 31
0.0
  0
LINE
  5
3D5
330
17
100
AcDbEntity
  8
隐藏线
100
AcDbLine
 10
185.41761939906192
 20
30.0
 30
0.0
 11
185.41761939906192
 21
33.0
 31
0.0
  0
LINE
  5
3D6
330
17
100
AcDbEntity
  8
隐藏线
100
AcDbLine
 10
188.1236464886707
 20
33.0
 30
0.0
 11
188.41761939906192
 21
33.0
 31
0.0
  0
LINE
  5
3D7
330
17
100
AcDbEntity
  8
隐藏线
100
AcDbLine
 10
187.8325786558194
 20
33.0
 30
0.0
 11
188.1236464886707
 21
33.0
 31
0.0
  0
LINE
  5
3D8
330
17
100
AcDbEntity
  8
隐藏线
100
AcDbLine
 10
187.5470301911285
 20
33.0
 30
0.0
 11
187.8325786558194
 21
33.0
 31
0.0
  0
LINE
  5
3D9
330
17
100
AcDbEntity
  8
隐藏线
100
AcDbLine
 10
187.26956908810126
 20
33.0
 30
0.0
 11
187.5470301911285
 21
33.0
 31
0.0
  0
LINE
  5
3DA
330
17
100
AcDbEntity
  8
隐藏线
100
AcDbLine
 10
187.00383908220763
 20
33.0
 30
0.0
 11
187.26956908810126
 21
33.0
 31
0.0
  0
LINE
  5
3DB
330
17
100
AcDbEntity
  8
隐藏线
100
AcDbLine
 10
186.7515643213255
 20
33.0
 30
0.0
 11
187.00383908220763
 21
33.0
 31
0.0
  0
LINE
  5
3DC
330
17
100
AcDbEntity
  8
隐藏线
100
AcDbLine
 10
186.51500739113422
 20
33.0
 30
0.0
 11
186.7515643213255
 21
33.0
 31
0.0
  0
LINE
  5
3DD
330
17
100
AcDbEntity
  8
隐藏线
100
AcDbLine
 10
186.29629903427806
 20
33.0
 30
0.0
 11
186.51500739113422
 21
33.0
 31
0.0
  0
LINE
  5
3DE
330
17
100
AcDbEntity
  8
隐藏线
100
AcDbLine
 10
186.09926692317276
 20
33.0
 30
0.0
 11
186.29629903427806
 21
33.0
 31
0.0
  0
LINE
  5
3DF
330
17
100
AcDbEntity
  8
隐藏线
100
AcDbLine
 10
185.9241917842537
 20
33.0
 30
0.0
 11
186.09926692317276
 21
33.0
 31
0.0
  0
LINE
  5
3E0
330
17
100
AcDbEntity
  8
隐藏线
100
AcDbLine
 10
185.77264003997968
 20
33.0
 30
0.0
 11
185.9241917842537
 21
33.0
 31
0.0
  0
LINE
  5
3E1
330
17
100
AcDbEntity
  8
隐藏线
100
AcDbLine
 10
185.64598079578482
 20
33.0
 30
0.0
 11
185.77264003997968
 21
33.0
 31
0.0
  0
LINE
  5
3E2
330
17
100
AcDbEntity
  8
隐藏线
100
AcDbLine
 10
185.5476429236663
 20
33.0
 30
0.0
 11
185.64598079578482
 21
33.0
 31
0.0
  0
LINE
  5
3E3
330
17
100
AcDbEntity
  8
隐藏线
100
AcDbLine
 10
185.476421001519
 20
33.0
 30
0.0
 11
185.5476429236663
 21
33.0
 31
0.0
  0
LINE
  5
3E4
330
17
100
AcDbEntity
  8
隐藏线
100
AcDbLine
 10
185.43294681514863
 20
33.0
 30
0.0
 11
185.476421001519
 21
33.0
 31
0.0
  0
LINE
  5
3E5
330
17
100
AcDbEntity
  8
隐藏线
100
AcDbLine
 10
185.41761939906192
 20
33.0
 30
0.0
 11
185.43294681514863
 21
33.0
 31
0.0
  0
LINE
  5
3E6
330
17
100
AcDbEntity
  8
隐藏线
100
AcDbLine
 10
187.9119100234761
 20
14.494290624414196
 30
0.0
 11
187.97463284774798
 21
14.55701344868606
 31
0.0
  0
LINE
  5
3E7
330
17
100
AcDbEntity
  8
隐藏线
100
AcDbLine
 10
187.97463284774798
 20
14.55701344868606
 30
0.0
 11
188.03754887565006
 21
14.619929476588126
 31
0.0
  0
LINE
  5
3E8
330
17
100
AcDbEntity
  8
隐藏线
100
AcDbLine
 10
188.03754887565006
 20
14.619929476588126
 30
0.0
 11
188.10063179348123
 21
14.68301239441929
 31
0.0
  0
LINE
  5
3E9
330
17
100
AcDbEntity
  8
隐藏线
100
AcDbLine
 10
188.10063179348123
 20
14.68301239441929
 30
0.0
 11
188.1638552224002
 21
14.746235823338285
 31
0.0
  0
LINE
  5
3EA
330
17
100
AcDbEntity
  8
隐藏线
100
AcDbLine
 10
188.1638552224002
 20
14.746235823338285
 30
0.0
 11
188.2271993643867
 21
14.809579965324783
 31
0.0
  0
LINE
  5
3EB
330
17
100
AcDbEntity
  8
隐藏线
100
AcDbLine
 10
188.2271993643867
 20
14.809579965324783
 30
0.0
 11
188.2906257951878
 21
14.873006396125867
 31
0.0
  0
LINE
  5
3EC
330
17
100
AcDbEntity
  8
隐藏线
100
AcDbLine
 10
188.2906257951878
 20
14.873006396125867
 30
0.0
 11
188.35410798920185
 21
14.93648859013994
 31
0.0
  0
LINE
  5
3ED
330
17
100
AcDbEntity
  8
隐藏线
100
AcDbLine
 10
188.35410798920185
 20
14.93648859013994
 30
0.0
 11
188.41761939906192
 21
15.0
 31
0.0
  0
LINE
  5
3EE
330
17
100
AcDbEntity
  8
隐藏线
100
AcDbLine
 10
161.1160714285719
 20
24.0
 30
0.0
 11
162.81340101295044
 21
24.0
 31
0.0
  0
LINE
  5
3EF
330
17
100
AcDbEntity
  8
隐藏线
100
AcDbLine
 10
162.81340101295044
 20
24.0
 30
0.0
 11
164.5057452515704
 21
24.0
 31
0.0
  0
LINE
  5
3F0
330
17
100
AcDbEntity
  8
隐藏线
100
AcDbLine
 10
164.5057452515704
 20
24.0
 30
0.0
 11
166.18411896202295
 21
24.0
 31
0.0
  0
LINE
  5
3F1
330
17
100
AcDbEntity
  8
隐藏线
100
AcDbLine
 10
166.18411896202295
 20
24.0
 30
0.0
 11
167.83960620930185
 21
24.0
 31
0.0
  0
LINE
  5
3F2
330
17
100
AcDbEntity
  8
隐藏线
100
AcDbLine
 10
167.83960620930185
 20
24.0
 30
0.0
 11
169.45982635217925
 21
24.0
 31
0.0
  0
LINE
  5
3F3
330
17
100
AcDbEntity
  8
隐藏线
100
AcDbLine
 10
169.45982635217925
 20
24.0
 30
0.0
 11
171.03802843667037
 21
24.0
 31
0.0
  0
LINE
  5
3F4
330
17
100
AcDbEntity
  8
隐藏线
100
AcDbLine
 10
171.03802843667037
 20
24.0
 30
0.0
 11
172.56583991151234
 21
24.0
 31
0.0
  0
LINE
  5
3F5
330
17
100
AcDbEntity
  8
隐藏线
100
AcDbLine
 10
172.56583991151234
 20
24.0
 30
0.0
 11
174.03513799544294
 21
24.0
 31
0.0
  0
LINE
  5
3F6
330
17
100
AcDbEntity
  8
隐藏线
100
AcDbLine
 10
174.03513799544294
 20
24.0
 30
0.0
 11
175.43175233101792
 21
24.0
 31
0.0
  0
LINE
  5
3F7
330
17
100
AcDbEntity
  8
隐藏线
100
AcDbLine
 10
175.43175233101792
 20
24.0
 30
0.0
 11
176.7531150662533
 21
24.0
 31
0.0
  0
LINE
  5
3F8
330
17
100
AcDbEntity
  8
隐藏线
100
AcDbLine
 10
176.7531150662533
 20
24.0
 30
0.0
 11
177.9922233067595
 21
24.0
 31
0.0
  0
LINE
  5
3F9
330
17
100
AcDbEntity
  8
隐藏线
100
AcDbLine
 10
177.9922233067595
 20
24.0
 30
0.0
 11
179.14248186715008
 21
24.0
 31
0.0
  0
LINE
  5
3FA
330
17
100
AcDbEntity
  8
隐藏线
100
AcDbLine
 10
179.14248186715008
 20
24.0
 30
0.0
 11
180.189211923043
 21
24.0
 31
0.0
  0
LINE
  5
3FB
330
17
100
AcDbEntity
  8
隐藏线
100
AcDbLine
 10
180.189211923043
 20
24.0
 30
0.0
 11
181.13426090337285
 21
24.0
 31
0.0
  0
LINE
  5
3FC
330
17
100
AcDbEntity
  8
隐藏线
100
AcDbLine
 10
181.13426090337285
 20
24.0
 30
0.0
 11
181.97262875530683
 21
24.0
 31
0.0
  0
LINE
  5
3FD
330
17
100
AcDbEntity
  8
隐藏线
100
AcDbLine
 10
181.97262875530683
 20
24.0
 30
0.0
 11
182.69984420996045
 21
24.0
 31
0.0
  0
LINE
  5
3FE
330
17
100
AcDbEntity
  8
隐藏线
100
AcDbLine
 10
84.2586081754724
 20
24.0
 30
0.0
 11
91.22410714285738
 21
24.0
 31
0.0
  0
LINE
  5
3FF
330
17
100
AcDbEntity
  8
隐藏线
100
AcDbLine
 10
91.22410714285738
 20
24.0
 30
0.0
 11
134.84657247081265
 21
24.0
 31
0.0
  0
LINE
  5
400
330
17
100
AcDbEntity
  8
隐藏线
100
AcDbLine
 10
134.84657247081265
 20
24.0
 30
0.0
 11
161.1160714285719
 21
24.0
 31
0.0
  0
LINE
  5
401
330
17
100
AcDbEntity
  8
隐藏线
100
AcDbLine
 10
84.25860817547252
 20
24.0
 30
0.0
 11
86.6015111843594
 21
24.0
 31
0.0
  0
LINE
  5
402
330
17
100
AcDbEntity
  8
隐藏线
100
AcDbLine
 10
86.6015111843594
 20
24.0
 30
0.0
 11
88.71564263683308
 21
24.0
 31
0.0
  0
LINE
  5
403
330
17
100
AcDbEntity
  8
隐藏线
100
AcDbLine
 10
88.71564263683308
 20
24.0
 30
0.0
 11
90.56980213512927
 21
24.0
 31
0.0
  0
LINE
  5
404
330
17
100
AcDbEntity
  8
隐藏线
100
AcDbLine
 10
90.56980213512927
 20
24.0
 30
0.0
 11
92.13638482990265
 21
24.0
 31
0.0
  0
LINE
  5
405
330
17
100
AcDbEntity
  8
隐藏线
100
AcDbLine
 10
92.13638482990265
 20
24.0
 30
0.0
 11
93.36380923964964
 21
24.0
 31
0.0
  0
LINE
  5
406
330
17
100
AcDbEntity
  8
隐藏线
100
AcDbLine
 10
93.36380923964964
 20
24.0
 30
0.0
 11
94.25814320570834
 21
24.0
 31
0.0
  0
LINE
  5
407
330
17
100
AcDbEntity
  8
隐藏线
100
AcDbLine
 10
94.25814320570834
 20
24.0
 30
0.0
 11
94.80630484018106
 21
24.0
 31
0.0
  0
LINE
  5
408
330
17
100
AcDbEntity
  8
隐藏线
100
AcDbLine
 10
94.80630484018106
 20
24.0
 30
0.0
 11
95.0
 21
24.0
 31
0.0
  0
LINE
  5
409
330
17
100
AcDbEntity
  8
隐藏线
100
AcDbLine
 10
91.26157056593458
 20
24.0
 30
0.0
 11
92.0
 21
24.0
 31
0.0
  0
LINE
  5
40A
330
17
100
AcDbEntity
  8
隐藏线
100
AcDbLine
 10
90.45187469983212
 20
24.0
 30
0.0
 11
91.26157056593458
 21
24.0
 31
0.0
  0
LINE
  5
40B
330
17
100
AcDbEntity
  8
隐藏线
100
AcDbLine
 10
89.57377930982594
 20
24.0
 30
0.0
 11
90.45187469983212
 21
24.0
 31
0.0
  0
LINE
  5
40C
330
17
100
AcDbEntity
  8
隐藏线
100
AcDbLine
 10
88.63037670610083
 20
24.0
 30
0.0
 11
89.57377930982594
 21
24.0
 31
0.0
  0
LINE
  5
40D
330
17
100
AcDbEntity
  8
隐藏线
100
AcDbLine
 10
87.62019472583023
 20
24.0
 30
0.0
 11
88.63037670610083
 21
24.0
 31
0.0
  0
LINE
  5
40E
330
17
100
AcDbEntity
  8
隐藏线
100
AcDbLine
 10
86.55229176366493
 20
24.0
 30
0.0
 11
87.62019472583023
 21
24.0
 31
0.0
  0
LINE
  5
40F
330
17
100
AcDbEntity
  8
隐藏线
100
AcDbLine
 10
85.4304446985542
 20
24.0
 30
0.0
 11
86.55229176366493
 21
24.0
 31
0.0
  0
LINE
  5
410
330
17
100
AcDbEntity
  8
隐藏线
100
AcDbLine
 10
84.2586081754724
 20
24.0
 30
0.0
 11
85.4304446985542
 21
24.0
 31
0.0
  0
LINE
  5
411
330
17
100
AcDbEntity
  8
隐藏线
100
AcDbLine
 10
181.2411040814879
 20
24.0
 30
0.0
 11
182.02292660995647
 21
24.0
 31
0.0
  0
LINE
  5
412
330
17
100
AcDbEntity
  8
隐藏线
100
AcDbLine
 10
180.36442373412845
 20
24.0
 30
0.0
 11
181.2411040814879
 21
24.0
 31
0.0
  0
LINE
  5
413
330
17
100
AcDbEntity
  8
隐藏线
100
AcDbLine
 10
179.39702488912326
 20
24.0
 30
0.0
 11
180.36442373412845
 21
24.0
 31
0.0
  0
LINE
  5
414
330
17
100
AcDbEntity
  8
隐藏线
100
AcDbLine
 10
178.34344526968758
 20
24.0
 30
0.0
 11
179.39702488912326
 21
24.0
 31
0.0
  0
LINE
  5
415
330
17
100
AcDbEntity
  8
隐藏线
100
AcDbLine
 10
177.20241190867844
 20
24.0
 30
0.0
 11
178.34344526968758
 21
24.0
 31
0.0
  0
LINE
  5
416
330
17
100
AcDbEntity
  8
隐藏线
100
AcDbLine
 10
175.98655442867278
 20
24.0
 30
0.0
 11
177.20241190867844
 21
24.0
 31
0.0
  0
LINE
  5
417
330
17
100
AcDbEntity
  8
隐藏线
100
AcDbLine
 10
174.7016047068751
 20
24.0
 30
0.0
 11
175.98655442867278
 21
24.0
 31
0.0
  0
LINE
  5
418
330
17
100
AcDbEntity
  8
隐藏线
100
AcDbLine
 10
173.35359804797122
 20
24.0
 30
0.0
 11
174.7016047068751
 21
24.0
 31
0.0
  0
LINE
  5
419
330
17
100
AcDbEntity
  8
隐藏线
100
AcDbLine
 10
171.94483830957708
 20
24.0
 30
0.0
 11
173.35359804797122
 21
24.0
 31
0.0
  0
LINE
  5
41A
330
17
100
AcDbEntity
  8
隐藏线
100
AcDbLine
 10
170.4872873138868
 20
24.0
 30
0.0
 11
171.94483830957708
 21
24.0
 31
0.0
  0
LINE
  5
41B
330
17
100
AcDbEntity
  8
隐藏线
100
AcDbLine
 10
168.98780993023303
 20
24.0
 30
0.0
 11
170.4872873138868
 21
24.0
 31
0.0
  0
LINE
  5
41C
330
17
100
AcDbEntity
  8
隐藏线
100
AcDbLine
 10
167.45345515308264
 20
24.0
 30
0.0
 11
168.98780993023303
 21
24.0
 31
0.0
  0
LINE
  5
41D
330
17
100
AcDbEntity
  8
隐藏线
100
AcDbLine
 10
165.88991894877478
 20
24.0
 30
0.0
 11
167.45345515308264
 21
24.0
 31
0.0
  0
LINE
  5
41E
330
17
100
AcDbEntity
  8
隐藏线
100
AcDbLine
 10
164.30753627795463
 20
24.0
 30
0.0
 11
165.88991894877478
 21
24.0
 31
0.0
  0
LINE
  5
41F
330
17
100
AcDbEntity
  8
隐藏线
100
AcDbLine
 10
162.71375459851708
 20
24.0
 30
0.0
 11
164.30753627795463
 21
24.0
 31
0.0
  0
LINE
  5
420
330
17
100
AcDbEntity
  8
隐藏线
100
AcDbLine
 10
161.1160714285719
 20
24.0
 30
0.0
 11
162.71375459851708
 21
24.0
 31
0.0
  0
LINE
  5
421
330
17
100
AcDbEntity
  8
隐藏线
100
AcDbLine
 10
185.16357719150872
 20
24.0
 30
0.0
 11
185.43453676615292
 21
24.0
 31
0.0
  0
LINE
  5
422
330
17
100
AcDbEntity
  8
隐藏线
100
AcDbLine
 10
184.89763473506616
 20
24.0
 30
0.0
 11
185.16357719150872
 21
24.0
 31
0.0
  0
LINE
  5
423
330
17
100
AcDbEntity
  8
隐藏线
100
AcDbLine
 10
184.6372836011198
 20
24.0
 30
0.0
 11
184.89763473506616
 21
24.0
 31
0.0
  0
LINE
  5
424
330
17
100
AcDbEntity
  8
隐藏线
100
AcDbLine
 10
184.38308671853736
 20
24.0
 30
0.0
 11
184.6372836011198
 21
24.0
 31
0.0
  0
LINE
  5
425
330
17
100
AcDbEntity
  8
隐藏线
100
AcDbLine
 10
184.13621128423893
 20
24.0
 30
0.0
 11
184.38308671853736
 21
24.0
 31
0.0
  0
LINE
  5
426
330
17
100
AcDbEntity
  8
隐藏线
100
AcDbLine
 10
183.89668088778987
 20
24.0
 30
0.0
 11
184.13621128423893
 21
24.0
 31
0.0
  0
LINE
  5
427
330
17
100
AcDbEntity
  8
隐藏线
100
AcDbLine
 10
183.66501250287558
 20
24.0
 30
0.0
 11
183.89668088778987
 21
24.0
 31
0.0
  0
LINE
  5
428
330
17
100
AcDbEntity
  8
隐藏线
100
AcDbLine
 10
183.44170724869664
 20
24.0
 30
0.0
 11
183.66501250287558
 21
24.0
 31
0.0
  0
LINE
  5
429
330
17
100
AcDbEntity
  8
隐藏线
100
AcDbLine
 10
183.2280368356146
 20
24.0
 30
0.0
 11
183.44170724869664
 21
24.0
 31
0.0
  0
LINE
  5
42A
330
17
100
AcDbEntity
  8
隐藏线
100
AcDbLine
 10
183.02376801558466
 20
24.0
 30
0.0
 11
183.2280368356146
 21
24.0
 31
0.0
  0
LINE
  5
42B
330
17
100
AcDbEntity
  8
隐藏线
100
AcDbLine
 10
182.82934143194794
 20
24.0
 30
0.0
 11
183.02376801558466
 21
24.0
 31
0.0
  0
LINE
  5
42C
330
17
100
AcDbEntity
  8
隐藏线
100
AcDbLine
 10
182.6451778802512
 20
24.0
 30
0.0
 11
182.82934143194794
 21
24.0
 31
0.0
  0
LINE
  5
42D
330
17
100
AcDbEntity
  8
隐藏线
100
AcDbLine
 10
182.31114612477654
 20
24.0
 30
0.0
 11
182.47260660060792
 21
24.0
 31
0.0
  0
LINE
  5
42E
330
17
100
AcDbEntity
  8
隐藏线
100
AcDbLine
 10
182.16114448606425
 20
24.0
 30
0.0
 11
182.31114612477654
 21
24.0
 31
0.0
  0
LINE
  5
42F
330
17
100
AcDbEntity
  8
隐藏线
100
AcDbLine
 10
182.02292660995664
 20
24.0
 30
0.0
 11
182.16114448606425
 21
24.0
 31
0.0
  0
LINE
  5
430
330
17
100
AcDbEntity
  8
隐藏线
100
AcDbLine
 10
185.43059074188773
 20
24.0
 30
0.0
 11
185.4345367661526
 21
24.0
 31
0.0
  0
LINE
  5
431
330
17
100
AcDbEntity
  8
隐藏线
100
AcDbLine
 10
177.6681204999199
 20
24.0
 30
0.0
 11
185.41761939906192
 21
24.0
 31
0.0
  0
LINE
  5
432
330
17
100
AcDbEntity
  8
隐藏线
100
AcDbLine
 10
176.71270897410628
 20
24.0
 30
0.0
 11
177.66812049991947
 21
24.0
 31
0.0
  0
LINE
  5
433
330
17
100
AcDbEntity
  8
隐藏线
100
AcDbLine
 10
174.67062005532037
 20
24.0
 30
0.0
 11
176.71270897410628
 21
24.0
 31
0.0
  0
LINE
  5
434
330
17
100
AcDbEntity
  8
隐藏线
100
AcDbLine
 10
171.6835276391785
 20
24.0
 30
0.0
 11
174.67062005532037
 21
24.0
 31
0.0
  0
LINE
  5
435
330
17
100
AcDbEntity
  8
隐藏线
100
AcDbLine
 10
167.92747584216184
 20
24.0
 30
0.0
 11
171.6835276391785
 21
24.0
 31
0.0
  0
LINE
  5
436
330
17
100
AcDbEntity
  8
隐藏线
100
AcDbLine
 10
163.68512052432368
 20
24.0
 30
0.0
 11
167.92747584216184
 21
24.0
 31
0.0
  0
LINE
  5
437
330
17
100
AcDbEntity
  8
隐藏线
100
AcDbLine
 10
159.3296959537575
 20
24.0
 30
0.0
 11
163.68512052432368
 21
24.0
 31
0.0
  0
LINE
  5
438
330
17
100
AcDbEntity
  8
隐藏线
100
AcDbLine
 10
155.1607200734106
 20
24.0
 30
0.0
 11
159.3296959537575
 21
24.0
 31
0.0
  0
LINE
  5
439
330
17
100
AcDbEntity
  8
隐藏线
100
AcDbLine
 10
151.55356570852396
 20
24.0
 30
0.0
 11
155.1607200734106
 21
24.0
 31
0.0
  0
LINE
  5
43A
330
17
100
AcDbEntity
  8
隐藏线
100
AcDbLine
 10
148.77481352386715
 20
24.0
 30
0.0
 11
151.55356570852396
 21
24.0
 31
0.0
  0
LINE
  5
43B
330
17
100
AcDbEntity
  8
隐藏线
100
AcDbLine
 10
146.98210314364158
 20
24.0
 30
0.0
 11
148.77481352386715
 21
24.0
 31
0.0
  0
LINE
  5
43C
330
17
100
AcDbEntity
  8
隐藏线
100
AcDbLine
 10
146.2999999999999
 20
24.0
 30
0.0
 11
146.98210314364158
 21
24.0
 31
0.0
  0
LINE
  5
43D
330
17
100
AcDbEntity
  8
隐藏线
100
AcDbLine
 10
177.6681204999199
 20
24.0
 30
0.0
 11
182.41761939906192
 21
24.0
 31
0.0
  0
LINE
  5
43E
330
17
100
AcDbEntity
  8
隐藏线
100
AcDbLine
 10
185.41761939906192
 20
28.5
 30
0.0
 11
185.41761939906192
 21
33.0
 31
0.0
  0
LINE
  5
43F
330
17
100
AcDbEntity
  8
隐藏线
100
AcDbLine
 10
185.41761939906192
 20
27.0
 30
0.0
 11
185.41761939906192
 21
28.5
 31
0.0
  0
LINE
  5
440
330
17
100
AcDbEntity
  8
隐藏线
100
AcDbLine
 10
185.41761939906192
 20
24.0
 30
0.0
 11
185.41761939906192
 21
27.0
 31
0.0
  0
LINE
  5
441
330
17
100
AcDbEntity
  8
隐藏线
100
AcDbLine
 10
185.45778488923133
 20
23.995213922509556
 30
0.0
 11
185.49068851942675
 21
23.980709177253456
 31
0.0
  0
LINE
  5
442
330
17
100
AcDbEntity
  8
隐藏线
100
AcDbLine
 10
185.49068851942675
 20
23.980709177253456
 30
0.0
 11
185.53299489829323
 21
23.95629507717865
 31
0.0
  0
LINE
  5
443
330
17
100
AcDbEntity
  8
隐藏线
100
AcDbLine
 10
185.53299489829323
 20
23.95629507717865
 30
0.0
 11
185.58370688365872
 21
23.92229396449734
 31
0.0
  0
LINE
  5
444
330
17
100
AcDbEntity
  8
隐藏线
100
AcDbLine
 10
185.58370688365872
 20
23.92229396449734
 30
0.0
 11
185.64204795006842
 21
23.879061848530736
 31
0.0
  0
LINE
  5
445
330
17
100
AcDbEntity
  8
隐藏线
100
AcDbLine
 10
185.64204795006842
 20
23.879061848530736
 30
0.0
 11
185.70742939233637
 21
23.826864070319218
 31
0.0
  0
LINE
  5
446
330
17
100
AcDbEntity
  8
隐藏线
100
AcDbLine
 10
185.70742939233637
 20
23.826864070319218
 30
0.0
 11
185.77926250527673
 21
23.765965970903164
 31
0.0
  0
LINE
  5
447
330
17
100
AcDbEntity
  8
隐藏线
100
AcDbLine
 10
185.77926250527673
 20
23.765965970903164
 30
0.0
 11
185.8568646055169
 21
23.6967253982338
 31
0.0
  0
LINE
  5
448
330
17
100
AcDbEntity
  8
隐藏线
100
AcDbLine
 10
185.41761939906192
 20
24.0
 30
0.0
 11
185.41761939906192
 21
28.5
 31
0.0
  0
LINE
  5
449
330
17
100
AcDbEntity
  8
隐藏线
100
AcDbLine
 10
191.4848979675909
 20
36.0
 30
0.0
 11
193.3016754352629
 21
36.0
 31
0.0
  0
LINE
  5
44A
330
17
100
AcDbEntity
  8
隐藏线
100
AcDbLine
 10
190.8596474171624
 20
36.0
 30
0.0
 11
191.4848979675909
 21
36.0
 31
0.0
  0
LINE
  5
44B
330
17
100
AcDbEntity
  8
隐藏线
100
AcDbLine
 10
188.41761939906192
 20
36.0
 30
0.0
 11
190.8596474171624
 21
36.0
 31
0.0
  0
LINE
  5
44C
330
17
100
AcDbEntity
  8
隐藏线
100
AcDbLine
 10
190.4824507372519
 20
12.000000000000004
 30
0.0
 11
191.46432750117273
 21
12.000000000000004
 31
0.0
  0
LINE
  5
44D
330
17
100
AcDbEntity
  8
隐藏线
100
AcDbLine
 10
191.46432750117273
 20
12.000000000000004
 30
0.0
 11
191.4848979675909
 21
12.000000000000004
 31
0.0
  0
LINE
  5
44E
330
17
100
AcDbEntity
  8
隐藏线
100
AcDbLine
 10
191.4848979675909
 20
12.000000000000004
 30
0.0
 11
193.3016754352629
 21
12.000000000000004
 31
0.0
  0
LINE
  5
44F
330
17
100
AcDbEntity
  8
隐藏线
100
AcDbLine
 10
177.6681204999199
 20
2.0
 30
0.0
 11
187.4803846124819
 21
2.0
 31
0.0
  0
LINE
  5
450
330
17
100
AcDbEntity
  8
隐藏线
100
AcDbLine
 10
177.6681204999199
 20
19.000000000000004
 30
0.0
 11
177.6681204999199
 21
24.0
 31
0.0
  0
LINE
  5
451
330
17
100
AcDbEntity
  8
隐藏线
100
AcDbLine
 10
177.6681204999199
 20
13.0
 30
0.0
 11
177.6681204999199
 21
19.000000000000004
 31
0.0
  0
LINE
  5
452
330
17
100
AcDbEntity
  8
隐藏线
100
AcDbLine
 10
177.6681204999199
 20
2.0
 30
0.0
 11
177.6681204999199
 21
13.0
 31
0.0
  0
LINE
  5
453
330
17
100
AcDbEntity
  8
隐藏线
100
AcDbLine
 10
188.41761939906192
 20
35.98467258352316
 30
0.0
 11
188.41761939906192
 21
36.0
 31
0.0
  0
LINE
  5
454
330
17
100
AcDbEntity
  8
隐藏线
100
AcDbLine
 10
188.41761939906192
 20
35.94119839605009
 30
0.0
 11
188.41761939906192
 21
35.98467258352316
 31
0.0
  0
LINE
  5
455
330
17
100
AcDbEntity
  8
隐藏线
100
AcDbLine
 10
188.41761939906192
 20
35.86997647210775
 30
0.0
 11
188.41761939906192
 21
35.94119839605009
 31
0.0
  0
LINE
  5
456
330
17
100
AcDbEntity
  8
隐藏线
100
AcDbLine
 10
188.41761939906192
 20
35.77163859753386
 30
0.0
 11
188.41761939906192
 21
35.86997647210775
 31
0.0
  0
LINE
  5
457
330
17
100
AcDbEntity
  8
隐藏线
100
AcDbLine
 10
188.41761939906192
 20
35.64497935022151
 30
0.0
 11
188.41761939906192
 21
35.77163859753386
 31
0.0
  0
LINE
  5
458
330
17
100
AcDbEntity
  8
隐藏线
100
AcDbLine
 10
188.41761939906192
 20
35.493427602281315
 30
0.0
 11
188.41761939906192
 21
35.64497935022151
 31
0.0
  0
LINE
  5
459
330
17
100
AcDbEntity
  8
隐藏线
100
AcDbLine
 10
188.41761939906192
 20
35.31835245921544
 30
0.0
 11
188.41761939906192
 21
35.493427602281315
 31
0.0
  0
LINE
  5
45A
330
17
100
AcDbEntity
  8
隐藏线
100
AcDbLine
 10
188.41761939906192
 20
35.12132034355964
 30
0.0
 11
188.41761939906192
 21
35.31835245921544
 31
0.0
  0
LINE
  5
45B
330
17
100
AcDbEntity
  8
隐藏线
100
AcDbLine
 10
188.41761939906192
 20
35.084998629294404
 30
0.0
 11
188.41761939906192
 21
35.12132034355964
 31
0.0
  0
LINE
  5
45C
330
17
100
AcDbEntity
  8
隐藏线
100
AcDbLine
 10
188.41761939906192
 20
35.04808920842947
 30
0.0
 11
188.41761939906192
 21
35.084998629294404
 31
0.0
  0
LINE
  5
45D
330
17
100
AcDbEntity
  8
隐藏线
100
AcDbLine
 10
188.41761939906192
 20
35.01060200287406
 30
0.0
 11
188.41761939906192
 21
35.04808920842947
 31
0.0
  0
LINE
  5
45E
330
17
100
AcDbEntity
  8
隐藏线
100
AcDbLine
 10
188.41761939906192
 20
34.93388931324957
 30
0.0
 11
188.41761939906192
 21
34.97254707942595
 31
0.0
  0
LINE
  5
45F
330
17
100
AcDbEntity
  8
隐藏线
100
AcDbLine
 10
188.41761939906192
 20
34.89468650098445
 30
0.0
 11
188.41761939906192
 21
34.93388931324957
 31
0.0
  0
LINE
  5
460
330
17
100
AcDbEntity
  8
隐藏线
100
AcDbLine
 10
188.41761939906192
 20
34.81468802304245
 30
0.0
 11
188.41761939906192
 21
34.85494918033511
 31
0.0
  0
LINE
  5
461
330
17
100
AcDbEntity
  8
隐藏线
100
AcDbLine
 10
188.41761939906192
 20
34.614601056296074
 30
0.0
 11
188.41761939906192
 21
34.81468802304245
 31
0.0
  0
LINE
  5
462
330
17
100
AcDbEntity
  8
隐藏线
100
AcDbLine
 10
188.41761939906192
 20
34.40415265038418
 30
0.0
 11
188.41761939906192
 21
34.614601056296074
 31
0.0
  0
LINE
  5
463
330
17
100
AcDbEntity
  8
隐藏线
100
AcDbLine
 10
188.41761939906192
 20
34.18463888743201
 30
0.0
 11
188.41761939906192
 21
34.40415265038418
 31
0.0
  0
LINE
  5
464
330
17
100
AcDbEntity
  8
隐藏线
100
AcDbLine
 10
188.41761939906192
 20
33.95740788280685
 30
0.0
 11
188.41761939906192
 21
34.18463888743201
 31
0.0
  0
LINE
  5
465
330
17
100
AcDbEntity
  8
隐藏线
100
AcDbLine
 10
188.41761939906192
 20
33.72348158288842
 30
0.0
 11
188.41761939906192
 21
33.95740788280685
 31
0.0
  0
LINE
  5
466
330
17
100
AcDbEntity
  8
隐藏线
100
AcDbLine
 10
188.41761939906192
 20
33.484956820326914
 30
0.0
 11
188.41761939906192
 21
33.72348158288842
 31
0.0
  0
LINE
  5
467
330
17
100
AcDbEntity
  8
隐藏线
100
AcDbLine
 10
188.41761939906192
 20
33.24330112558067
 30
0.0
 11
188.41761939906192
 21
33.484956820326914
 31
0.0
  0
LINE
  5
468
330
17
100
AcDbEntity
  8
隐藏线
100
AcDbLine
 10
188.41761939906192
 20
33.0
 30
0.0
 11
188.41761939906192
 21
33.24330112558067
 31
0.0
  0
LINE
  5
469
330
17
100
AcDbEntity
  8
隐藏线
100
AcDbLine
 10
190.8596474171624
 20
36.0
 30
0.0
 11
193.3016754352629
 21
36.0
 31
0.0
  0
LINE
  5
46A
330
17
100
AcDbEntity
  8
隐藏线
100
AcDbLine
 10
22.000000000000142
 20
21.4612501221796
 30
0.0
 11
22.007353374095448
 21
21.446818194370753
 31
0.0
  0
LINE
  5
46B
330
17
100
AcDbEntity
  8
隐藏线
100
AcDbLine
 10
22.007353374095448
 20
21.446818194370753
 30
0.0
 11
22.014706528211427
 21
21.43238669829919
 31
0.0
  0
LINE
  5
46C
330
17
100
AcDbEntity
  8
隐藏线
100
AcDbLine
 10
22.051461610580517
 20
21.360250194908513
 30
0.0
 11
22.058809036004334
 21
21.345829942120734
 31
0.0
  0
LINE
  5
46D
330
17
100
AcDbEntity
  8
隐藏线
100
AcDbLine
 10
22.058809036004334
 20
21.345829942120734
 30
0.0
 11
22.066154642155066
 21
21.33141325988675
 31
0.0
  0
LINE
  5
46E
330
17
100
AcDbEntity
  8
隐藏线
100
AcDbLine
 10
22.066154642155066
 20
21.33141325988675
 30
0.0
 11
22.073498349229588
 21
21.317000304830316
 31
0.0
  0
LINE
  5
46F
330
17
100
AcDbEntity
  8
隐藏线
100
AcDbLine
 10
22.10284969379784
 20
21.259394574398076
 30
0.0
 11
22.110180601343043
 21
21.245006740038708
 31
0.0
  0
LINE
  5
470
330
17
100
AcDbEntity
  8
隐藏线
100
AcDbLine
 10
22.110180601343043
 20
21.245006740038708
 30
0.0
 11
22.117508372575664
 21
21.23062506108993
 31
0.0
  0
LINE
  5
471
330
17
100
AcDbEntity
  8
隐藏线
100
AcDbLine
 10
22.004587720308603
 20
21.20182803646028
 30
0.0
 11
22.061048048768438
 21
21.216228286252466
 31
0.0
  0
LINE
  5
472
330
17
100
AcDbEntity
  8
隐藏线
100
AcDbLine
 10
21.94812764280982
 20
21.187424562333575
 30
0.0
 11
22.004587720308603
 21
21.20182803646028
 31
0.0
  0
LINE
  5
473
330
17
100
AcDbEntity
  8
隐藏线
100
AcDbLine
 10
21.8916680718858
 20
21.173018114492592
 30
0.0
 11
21.94812764280982
 21
21.187424562333575
 31
0.0
  0
LINE
  5
474
330
17
100
AcDbEntity
  8
隐藏线
100
AcDbLine
 10
21.835209263150265
 20
21.15860894355757
 30
0.0
 11
21.8916680718858
 21
21.173018114492592
 31
0.0
  0
LINE
  5
475
330
17
100
AcDbEntity
  8
隐藏线
100
AcDbLine
 10
21.77875147221693
 20
21.14419730014875
 30
0.0
 11
21.835209263150265
 21
21.15860894355757
 31
0.0
  0
LINE
  5
476
330
17
100
AcDbEntity
  8
隐藏线
100
AcDbLine
 10
21.72229495469951
 20
21.129783434886367
 30
0.0
 11
21.77875147221693
 21
21.14419730014875
 31
0.0
  0
LINE
  5
477
330
17
100
AcDbEntity
  8
隐藏线
100
AcDbLine
 10
21.665839966211728
 20
21.115367598390662
 30
0.0
 11
21.72229495469951
 21
21.129783434886367
 31
0.0
  0
LINE
  5
478
330
17
100
AcDbEntity
  8
隐藏线
100
AcDbLine
 10
21.609386762367297
 20
21.100950041281873
 30
0.0
 11
21.665839966211728
 21
21.115367598390662
 31
0.0
  0
LINE
  5
479
330
17
100
AcDbEntity
  8
隐藏线
100
AcDbLine
 10
21.552935598779936
 20
21.08653101418024
 30
0.0
 11
21.609386762367297
 21
21.100950041281873
 31
0.0
  0
LINE
  5
47A
330
17
100
AcDbEntity
  8
隐藏线
100
AcDbLine
 10
21.496486731063364
 20
21.072110767706
 30
0.0
 11
21.552935598779936
 21
21.08653101418024
 31
0.0
  0
LINE
  5
47B
330
17
100
AcDbEntity
  8
隐藏线
100
AcDbLine
 10
21.440040414831294
 20
21.057689552479395
 30
0.0
 11
21.496486731063364
 21
21.072110767706
 31
0.0
  0
LINE
  5
47C
330
17
100
AcDbEntity
  8
隐藏线
100
AcDbLine
 10
21.383596905697452
 20
21.043267619120662
 30
0.0
 11
21.440040414831294
 21
21.057689552479395
 31
0.0
  0
LINE
  5
47D
330
17
100
AcDbEntity
  8
隐藏线
100
AcDbLine
 10
21.327156459275546
 20
21.02884521825004
 30
0.0
 11
21.383596905697452
 21
21.043267619120662
 31
0.0
  0
LINE
  5
47E
330
17
100
AcDbEntity
  8
隐藏线
100
AcDbLine
 10
21.2707193311793
 20
21.01442260048777
 30
0.0
 11
21.327156459275546
 21
21.02884521825004
 31
0.0
  0
LINE
  5
47F
330
17
100
AcDbEntity
  8
隐藏线
100
AcDbLine
 10
21.2142857142857
 20
21.0
 30
0.0
 11
21.2707193311793
 21
21.01442260048777
 31
0.0
  0
LINE
  5
480
330
17
100
AcDbEntity
  8
隐藏线
100
AcDbLine
 10
21.263359608964812
 20
21.028845200975514
 30
0.0
 11
21.31243892562528
 21
21.057690436500025
 31
0.0
  0
LINE
  5
481
330
17
100
AcDbEntity
  8
隐藏线
100
AcDbLine
 10
21.31243892562528
 20
21.057690436500025
 30
0.0
 11
21.36152349668695
 21
21.086535238241247
 31
0.0
  0
LINE
  5
482
330
17
100
AcDbEntity
  8
隐藏线
100
AcDbLine
 10
21.36152349668695
 20
21.086535238241247
 30
0.0
 11
21.410613100015762
 21
21.11537910495869
 31
0.0
  0
LINE
  5
483
330
17
100
AcDbEntity
  8
隐藏线
100
AcDbLine
 10
21.459707513477657
 20
21.144221535411887
 30
0.0
 11
21.50880651493857
 21
21.173062028360356
 31
0.0
  0
LINE
  5
484
330
17
100
AcDbEntity
  8
隐藏线
100
AcDbLine
 10
21.50880651493857
 20
21.173062028360356
 30
0.0
 11
21.55790988226444
 21
21.201900082563615
 31
0.0
  0
LINE
  5
485
330
17
100
AcDbEntity
  8
隐藏线
100
AcDbLine
 10
21.55790988226444
 20
21.201900082563615
 30
0.0
 11
21.607017393321208
 21
21.230735196781186
 31
0.0
  0
LINE
  5
486
330
17
100
AcDbEntity
  8
隐藏线
100
AcDbLine
 10
21.607017393321208
 20
21.230735196781186
 30
0.0
 11
21.656128825974815
 21
21.25956686977259
 31
0.0
  0
LINE
  5
487
330
17
100
AcDbEntity
  8
隐藏线
100
AcDbLine
 10
21.656128825974815
 20
21.25956686977259
 30
0.0
 11
21.70524395809119
 21
21.288394600297355
 31
0.0
  0
LINE
  5
488
330
17
100
AcDbEntity
  8
隐藏线
100
AcDbLine
 10
21.70524395809119
 20
21.288394600297355
 30
0.0
 11
21.754362567536283
 21
21.317217887114992
 31
0.0
  0
LINE
  5
489
330
17
100
AcDbEntity
  8
隐藏线
100
AcDbLine
 10
21.754362567536283
 20
21.317217887114992
 30
0.0
 11
21.803484432176027
 21
21.34603622898503
 31
0.0
  0
LINE
  5
48A
330
17
100
AcDbEntity
  8
隐藏线
100
AcDbLine
 10
21.803484432176027
 20
21.34603622898503
 30
0.0
 11
21.852609329876362
 21
21.37484912466699
 31
0.0
  0
LINE
  5
48B
330
17
100
AcDbEntity
  8
隐藏线
100
AcDbLine
 10
21.852609329876362
 20
21.37484912466699
 30
0.0
 11
21.901737038503228
 21
21.40365607292039
 31
0.0
  0
LINE
  5
48C
330
17
100
AcDbEntity
  8
隐藏线
100
AcDbLine
 10
21.901737038503228
 20
21.40365607292039
 30
0.0
 11
21.95086733592256
 21
21.43245657250475
 31
0.0
  0
LINE
  5
48D
330
17
100
AcDbEntity
  8
隐藏线
100
AcDbLine
 10
21.95086733592256
 20
21.43245657250475
 30
0.0
 11
22.0000000000003
 21
21.4612501221796
 31
0.0
  0
LINE
  5
48E
330
17
100
AcDbEntity
  8
隐藏线
100
AcDbLine
 10
71.34948535832255
 20
23.214984998783795
 30
0.0
 11
72.07892418890185
 21
23.228004029559987
 31
0.0
  0
LINE
  5
48F
330
17
100
AcDbEntity
  8
隐藏线
100
AcDbLine
 10
70.62425025090687
 20
23.20187555885088
 30
0.0
 11
71.34948535832255
 21
23.214984998783795
 31
0.0
  0
LINE
  5
490
330
17
100
AcDbEntity
  8
隐藏线
100
AcDbLine
 10
69.9032470614564
 20
23.188676219629652
 30
0.0
 11
70.62425025090687
 21
23.20187555885088
 31
0.0
  0
LINE
  5
491
330
17
100
AcDbEntity
  8
隐藏线
100
AcDbLine
 10
69.18650383118775
 20
23.17538749425115
 30
0.0
 11
69.9032470614564
 21
23.188676219629652
 31
0.0
  0
LINE
  5
492
330
17
100
AcDbEntity
  8
隐藏线
100
AcDbLine
 10
68.47440876745024
 20
23.162002549651348
 30
0.0
 11
69.18650383118775
 21
23.17538749425115
 31
0.0
  0
LINE
  5
493
330
17
100
AcDbEntity
  8
隐藏线
100
AcDbLine
 10
67.76663477816058
 20
23.14852935979905
 30
0.0
 11
68.47440876745024
 21
23.162002549651348
 31
0.0
  0
LINE
  5
494
330
17
100
AcDbEntity
  8
隐藏线
100
AcDbLine
 10
67.06320937900509
 20
23.13496844870402
 30
0.0
 11
67.76663477816058
 21
23.14852935979905
 31
0.0
  0
LINE
  5
495
330
17
100
AcDbEntity
  8
隐藏线
100
AcDbLine
 10
66.3641599278508
 20
23.1213203435596
 30
0.0
 11
67.06320937900509
 21
23.13496844870402
 31
0.0
  0
LINE
  5
496
330
17
100
AcDbEntity
  8
隐藏线
100
AcDbLine
 10
62.03233061333263
 20
23.032372288015424
 30
0.0
 11
66.3641599278508
 21
23.1213203435596
 31
0.0
  0
LINE
  5
497
330
17
100
AcDbEntity
  8
隐藏线
100
AcDbLine
 10
57.88609214955633
 20
22.9400769139133
 30
0.0
 11
62.03233061333263
 21
23.032372288015424
 31
0.0
  0
LINE
  5
498
330
17
100
AcDbEntity
  8
隐藏线
100
AcDbLine
 10
53.931952214530696
 20
22.84457947419453
 30
0.0
 11
57.88609214955633
 21
22.9400769139133
 31
0.0
  0
LINE
  5
499
330
17
100
AcDbEntity
  8
隐藏线
100
AcDbLine
 10
50.176136646213976
 20
22.746029919755898
 30
0.0
 11
53.931952214530696
 21
22.84457947419453
 31
0.0
  0
LINE
  5
49A
330
17
100
AcDbEntity
  8
隐藏线
100
AcDbLine
 10
46.64220557732742
 20
22.64435853173634
 30
0.0
 11
50.176136646213976
 21
22.746029919755898
 31
0.0
  0
LINE
  5
49B
330
17
100
AcDbEntity
  8
隐藏线
100
AcDbLine
 10
43.31920313278964
 20
22.539981218853605
 30
0.0
 11
46.64220557732742
 21
22.64435853173634
 31
0.0
  0
LINE
  5
49C
330
17
100
AcDbEntity
  8
隐藏线
100
AcDbLine
 10
40.21234163208801
 20
22.43306219183789
 30
0.0
 11
43.31920313278964
 21
22.539981218853605
 31
0.0
  0
LINE
  5
49D
330
17
100
AcDbEntity
  8
隐藏线
100
AcDbLine
 10
37.326516280492875
 20
22.323769390530916
 30
0.0
 11
40.21234163208801
 21
22.43306219183789
 31
0.0
  0
LINE
  5
49E
330
17
100
AcDbEntity
  8
隐藏线
100
AcDbLine
 10
34.292832743838986
 20
22.194347896643638
 30
0.0
 11
37.326516280492875
 21
22.323769390530916
 31
0.0
  0
LINE
  5
49F
330
17
100
AcDbEntity
  8
隐藏线
100
AcDbLine
 10
31.568867704170437
 20
22.062300193840247
 30
0.0
 11
34.292832743838986
 21
22.194347896643638
 31
0.0
  0
LINE
  5
4A0
330
17
100
AcDbEntity
  8
隐藏线
100
AcDbLine
 10
29.160333598649117
 20
21.927904437710847
 30
0.0
 11
31.568867704170437
 21
22.062300193840247
 31
0.0
  0
LINE
  5
4A1
330
17
100
AcDbEntity
  8
隐藏线
100
AcDbLine
 10
27.07232308220393
 20
21.791443397475902
 30
0.0
 11
29.160333598649117
 21
21.927904437710847
 31
0.0
  0
LINE
  5
4A2
330
17
100
AcDbEntity
  8
隐藏线
100
AcDbLine
 10
25.33677993273598
 20
21.65308730081983
 30
0.0
 11
27.07232308220393
 21
21.791443397475902
 31
0.0
  0
LINE
  5
4A3
330
17
100
AcDbEntity
  8
隐藏线
100
AcDbLine
 10
23.93061393589456
 20
21.513302268125692
 30
0.0
 11
25.33677993273598
 21
21.65308730081983
 31
0.0
  0
LINE
  5
4A4
330
17
100
AcDbEntity
  8
隐藏线
100
AcDbLine
 10
22.85676207370195
 20
21.372382658684874
 30
0.0
 11
23.93061393589456
 21
21.513302268125692
 31
0.0
  0
LINE
  5
4A5
330
17
100
AcDbEntity
  8
隐藏线
100
AcDbLine
 10
22.117508372575536
 20
21.230625061089818
 30
0.0
 11
22.85676207370195
 21
21.372382658684874
 31
0.0
  0
LINE
  5
4A6
330
17
100
AcDbEntity
  8
隐藏线
100
AcDbLine
 10
72.0
 20
25.45600805912
 30
0.0
 11
72.7067655892204
 21
25.498000660728724
 31
0.0
  0
LINE
  5
4A7
330
17
100
AcDbEntity
  8
隐藏线
100
AcDbLine
 10
72.7067655892204
 20
25.498000660728724
 30
0.0
 11
73.41069599094439
 21
25.564005575371972
 31
0.0
  0
LINE
  5
4A8
330
17
100
AcDbEntity
  8
隐藏线
100
AcDbLine
 10
73.41069599094439
 20
25.564005575371972
 30
0.0
 11
74.11126189465642
 21
25.650590268511564
 31
0.0
  0
LINE
  5
4A9
330
17
100
AcDbEntity
  8
隐藏线
100
AcDbLine
 10
74.11126189465642
 20
25.650590268511564
 30
0.0
 11
74.807933989841
 21
25.754322205609316
 31
0.0
  0
LINE
  5
4AA
330
17
100
AcDbEntity
  8
隐藏线
100
AcDbLine
 10
74.807933989841
 20
25.754322205609316
 30
0.0
 11
75.50018296598262
 21
25.871768852127055
 31
0.0
  0
LINE
  5
4AB
330
17
100
AcDbEntity
  8
隐藏线
100
AcDbLine
 10
75.50018296598262
 20
25.871768852127055
 30
0.0
 11
76.18747951256579
 21
25.999497673526587
 31
0.0
  0
LINE
  5
4AC
330
17
100
AcDbEntity
  8
隐藏线
100
AcDbLine
 10
76.18747951256579
 20
25.999497673526587
 30
0.0
 11
76.86929427347499
 21
26.134075802826857
 31
0.0
  0
LINE
  5
4AD
330
17
100
AcDbEntity
  8
隐藏线
100
AcDbLine
 10
76.86929427347499
 20
26.134075802826857
 30
0.0
 11
77.54507472781447
 21
26.271901492061264
 31
0.0
  0
LINE
  5
4AE
330
17
100
AcDbEntity
  8
隐藏线
100
AcDbLine
 10
77.54507472781447
 20
26.271901492061264
 30
0.0
 11
78.21420756994002
 21
26.408929846897625
 31
0.0
  0
LINE
  5
4AF
330
17
100
AcDbEntity
  8
隐藏线
100
AcDbLine
 10
78.21420756994002
 20
26.408929846897625
 30
0.0
 11
78.87606964461582
 21
26.54104416534062
 31
0.0
  0
LINE
  5
4B0
330
17
100
AcDbEntity
  8
隐藏线
100
AcDbLine
 10
78.87606964461582
 20
26.54104416534062
 30
0.0
 11
79.53003779660602
 21
26.66412774539493
 31
0.0
  0
LINE
  5
4B1
330
17
100
AcDbEntity
  8
隐藏线
100
AcDbLine
 10
79.53003779660602
 20
26.66412774539493
 30
0.0
 11
80.17548887067483
 21
26.774063885065235
 31
0.0
  0
LINE
  5
4B2
330
17
100
AcDbEntity
  8
隐藏线
100
AcDbLine
 10
80.17548887067483
 20
26.774063885065235
 30
0.0
 11
80.81179971158642
 21
26.866735882356213
 31
0.0
  0
LINE
  5
4B3
330
17
100
AcDbEntity
  8
隐藏线
100
AcDbLine
 10
80.81179971158642
 20
26.866735882356213
 30
0.0
 11
81.43834716410493
 21
26.938027035272547
 31
0.0
  0
LINE
  5
4B4
330
17
100
AcDbEntity
  8
隐藏线
100
AcDbLine
 10
81.43834716410493
 20
26.938027035272547
 30
0.0
 11
82.05450807299457
 21
26.983820641818916
 31
0.0
  0
LINE
  5
4B5
330
17
100
AcDbEntity
  8
隐藏线
100
AcDbLine
 10
82.05450807299457
 20
26.983820641818916
 30
0.0
 11
82.6596592830195
 21
27.0
 31
0.0
  0
LINE
  5
4B6
330
17
100
AcDbEntity
  8
隐藏线
100
AcDbLine
 10
82.65965928301948
 20
27.0
 30
0.0
 11
82.66735865897382
 21
26.70594857901132
 31
0.0
  0
LINE
  5
4B7
330
17
100
AcDbEntity
  8
隐藏线
100
AcDbLine
 10
82.66735865897382
 20
26.70594857901132
 30
0.0
 11
82.69038263763753
 21
26.414729033951616
 31
0.0
  0
LINE
  5
4B8
330
17
100
AcDbEntity
  8
隐藏线
100
AcDbLine
 10
82.69038263763753
 20
26.414729033951616
 30
0.0
 11
82.72850948550986
 21
26.129145968236614
 31
0.0
  0
LINE
  5
4B9
330
17
100
AcDbEntity
  8
隐藏线
100
AcDbLine
 10
82.72850948550986
 20
26.129145968236614
 30
0.0
 11
82.78137202020356
 21
25.85194970290473
 31
0.0
  0
LINE
  5
4BA
330
17
100
AcDbEntity
  8
隐藏线
100
AcDbLine
 10
82.78137202020356
 20
25.85194970290473
 30
0.0
 11
82.84846114661192
 21
25.585809789522006
 31
0.0
  0
LINE
  5
4BB
330
17
100
AcDbEntity
  8
隐藏线
100
AcDbLine
 10
82.84846114661192
 20
25.585809789522006
 30
0.0
 11
82.92913075977299
 21
25.333289300941196
 31
0.0
  0
LINE
  5
4BC
330
17
100
AcDbEntity
  8
隐藏线
100
AcDbLine
 10
82.92913075977299
 20
25.333289300941196
 30
0.0
 11
83.02260396721353
 21
25.096820147509064
 31
0.0
  0
LINE
  5
4BD
330
17
100
AcDbEntity
  8
隐藏线
100
AcDbLine
 10
83.02260396721353
 20
25.096820147509064
 30
0.0
 11
83.12798057084822
 21
24.878679656440358
 31
0.0
  0
LINE
  5
4BE
330
17
100
AcDbEntity
  8
隐藏线
100
AcDbLine
 10
83.12798057084822
 20
24.878679656440358
 30
0.0
 11
83.24424573637938
 21
24.68096863991179
 31
0.0
  0
LINE
  5
4BF
330
17
100
AcDbEntity
  8
隐藏线
100
AcDbLine
 10
83.24424573637938
 20
24.68096863991179
 30
0.0
 11
83.3702797667059
 21
24.505591163092365
 31
0.0
  0
LINE
  5
4C0
330
17
100
AcDbEntity
  8
隐藏线
100
AcDbLine
 10
83.3702797667059
 20
24.505591163092365
 30
0.0
 11
83.50486888521856
 21
24.354236206954933
 31
0.0
  0
LINE
  5
4C1
330
17
100
AcDbEntity
  8
隐藏线
100
AcDbLine
 10
83.50486888521856
 20
24.354236206954933
 30
0.0
 11
83.64671692513217
 21
24.22836140246614
 31
0.0
  0
LINE
  5
4C2
330
17
100
AcDbEntity
  8
隐藏线
100
AcDbLine
 10
83.64671692513217
 20
24.22836140246614
 30
0.0
 11
83.79445781228034
 21
24.129178992803375
 31
0.0
  0
LINE
  5
4C3
330
17
100
AcDbEntity
  8
隐藏线
100
AcDbLine
 10
83.79445781228034
 20
24.129178992803375
 30
0.0
 11
83.94666872115644
 21
24.05764415879031
 31
0.0
  0
LINE
  5
4C4
330
17
100
AcDbEntity
  8
隐藏线
100
AcDbLine
 10
83.94666872115644
 20
24.05764415879031
 30
0.0
 11
84.10188377750106
 21
24.014445819983408
 31
0.0
  0
LINE
  5
4C5
330
17
100
AcDbEntity
  8
隐藏线
100
AcDbLine
 10
84.10188377750106
 20
24.014445819983408
 30
0.0
 11
84.2586081754724
 21
24.0
 31
0.0
  0
LINE
  5
4C6
330
17
100
AcDbEntity
  8
隐藏线
100
AcDbLine
 10
83.57654019690739
 20
23.992025168528027
 30
0.0
 11
84.2586081754724
 21
24.0
 31
0.0
  0
LINE
  5
4C7
330
17
100
AcDbEntity
  8
隐藏线
100
AcDbLine
 10
82.88149910025483
 20
23.9694431685848
 30
0.0
 11
83.57654019690739
 21
23.992025168528027
 31
0.0
  0
LINE
  5
4C8
330
17
100
AcDbEntity
  8
隐藏线
100
AcDbLine
 10
82.17418207673931
 20
23.93426774187936
 30
0.0
 11
82.88149910025483
 21
23.9694431685848
 31
0.0
  0
LINE
  5
4C9
330
17
100
AcDbEntity
  8
隐藏线
100
AcDbLine
 10
81.45528631758542
 20
23.888512630120747
 30
0.0
 11
82.17418207673931
 21
23.93426774187936
 31
0.0
  0
LINE
  5
4CA
330
17
100
AcDbEntity
  8
隐藏线
100
AcDbLine
 10
80.72550901401773
 20
23.834191575018007
 30
0.0
 11
81.45528631758542
 21
23.888512630120747
 31
0.0
  0
LINE
  5
4CB
330
17
100
AcDbEntity
  8
隐藏线
100
AcDbLine
 10
79.98554735726083
 20
23.77331831828018
 30
0.0
 11
80.72550901401773
 21
23.834191575018007
 31
0.0
  0
LINE
  5
4CC
330
17
100
AcDbEntity
  8
隐藏线
100
AcDbLine
 10
79.23609853853931
 20
23.7079066016163
 30
0.0
 11
79.98554735726083
 21
23.77331831828018
 31
0.0
  0
LINE
  5
4CD
330
17
100
AcDbEntity
  8
隐藏线
100
AcDbLine
 10
78.47785974907774
 20
23.63997016673542
 30
0.0
 11
79.23609853853931
 21
23.7079066016163
 31
0.0
  0
LINE
  5
4CE
330
17
100
AcDbEntity
  8
隐藏线
100
AcDbLine
 10
77.66070366388333
 20
23.567037901413414
 30
0.0
 11
78.4331369222613
 21
23.63595074603062
 31
0.0
  0
LINE
  5
4CF
330
17
100
AcDbEntity
  8
隐藏线
100
AcDbLine
 10
76.88080126697318
 20
23.499748836763274
 30
0.0
 11
77.66070366388333
 21
23.567037901413414
 31
0.0
  0
LINE
  5
4D0
330
17
100
AcDbEntity
  8
隐藏线
100
AcDbLine
 10
76.09406060279943
 20
23.435884426063502
 30
0.0
 11
76.88080126697318
 21
23.499748836763274
 31
0.0
  0
LINE
  5
4D1
330
17
100
AcDbEntity
  8
隐藏线
100
AcDbLine
 10
75.30108572769441
 20
23.377161102804628
 30
0.0
 11
76.09406060279943
 21
23.435884426063502
 31
0.0
  0
LINE
  5
4D2
330
17
100
AcDbEntity
  8
隐藏线
100
AcDbLine
 10
74.50248064520514
 20
23.32529513425575
 30
0.0
 11
75.30108572769441
 21
23.377161102804628
 31
0.0
  0
LINE
  5
4D3
330
17
100
AcDbEntity
  8
隐藏线
100
AcDbLine
 10
73.69884935887862
 20
23.28200278768596
 30
0.0
 11
74.50248064520514
 21
23.32529513425575
 31
0.0
  0
LINE
  5
4D4
330
17
100
AcDbEntity
  8
隐藏线
100
AcDbLine
 10
72.89079587226186
 20
23.249000330364346
 30
0.0
 11
73.69884935887862
 21
23.28200278768596
 31
0.0
  0
LINE
  5
4D5
330
17
100
AcDbEntity
  8
隐藏线
100
AcDbLine
 10
72.07892418890191
 20
23.22800402956
 30
0.0
 11
72.89079587226186
 21
23.249000330364346
 31
0.0
  0
LINE
  5
4D6
330
17
100
AcDbEntity
  8
隐藏线
100
AcDbLine
 10
91.59247973219357
 20
30.0
 30
0.0
 11
92.0
 21
30.0
 31
0.0
  0
LINE
  5
4D7
330
17
100
AcDbEntity
  8
隐藏线
100
AcDbLine
 10
90.44852198210786
 20
30.0
 30
0.0
 11
91.59247973219357
 21
30.0
 31
0.0
  0
LINE
  5
4D8
330
17
100
AcDbEntity
  8
隐藏线
100
AcDbLine
 10
88.61002040076441
 20
30.0
 30
0.0
 11
90.44852198210786
 21
30.0
 31
0.0
  0
LINE
  5
4D9
330
17
100
AcDbEntity
  8
隐藏线
100
AcDbLine
 10
86.14213562373095
 20
30.0
 30
0.0
 11
88.61002040076441
 21
30.0
 31
0.0
  0
LINE
  5
4DA
330
17
100
AcDbEntity
  8
隐藏线
100
AcDbLine
 10
83.09793015702371
 20
30.0
 30
0.0
 11
86.14213562373095
 21
30.0
 31
0.0
  0
LINE
  5
4DB
330
17
100
AcDbEntity
  8
隐藏线
100
AcDbLine
 10
79.64162801072726
 20
30.0
 30
0.0
 11
83.09793015702371
 21
30.0
 31
0.0
  0
LINE
  5
4DC
330
17
100
AcDbEntity
  8
隐藏线
100
AcDbLine
 10
75.89763638986126
 20
30.0
 30
0.0
 11
79.64162801072726
 21
30.0
 31
0.0
  0
LINE
  5
4DD
330
17
100
AcDbEntity
  8
隐藏线
100
AcDbLine
 10
72.0
 20
30.0
 30
0.0
 11
75.89763638986126
 21
30.0
 31
0.0
  0
LINE
  5
4DE
330
17
100
AcDbEntity
  8
隐藏线
100
AcDbLine
 10
47.0
 20
30.0
 30
0.0
 11
72.0
 21
30.0
 31
0.0
  0
LINE
  5
4DF
330
17
100
AcDbEntity
  8
隐藏线
100
AcDbLine
 10
22.0
 20
30.0
 30
0.0
 11
47.0
 21
30.0
 31
0.0
  0
LINE
  5
4E0
330
17
100
AcDbEntity
  8
隐藏线
100
AcDbLine
 10
190.3755125105029
 20
12.0
 30
0.0
 11
191.4643275011727
 21
12.0
 31
0.0
  0
LINE
  5
4E1
330
17
100
AcDbEntity
  8
隐藏线
100
AcDbLine
 10
189.6269795670829
 20
12.0
 30
0.0
 11
190.3755125105029
 21
12.0
 31
0.0
  0
LINE
  5
4E2
330
17
100
AcDbEntity
  8
隐藏线
100
AcDbLine
 10
94.74019230624094
 20
2.0
 30
0.0
 11
160.9982142857139
 21
2.0
 31
0.0
  0
LINE
  5
4E3
330
17
100
AcDbEntity
  8
隐藏线
100
AcDbLine
 10
91.10624999999979
 20
2.0
 30
0.0
 11
94.74019230624094
 21
2.0
 31
0.0
  0
LINE
  5
4E4
330
17
100
AcDbEntity
  8
隐藏线
100
AcDbLine
 10
21.214285714285715
 20
2.0
 30
0.0
 11
91.10624999999979
 21
2.0
 31
0.0
  0
LINE
  5
4E5
330
17
100
AcDbEntity
  8
隐藏线
100
AcDbLine
 10
187.4803846124819
 20
2.0
 30
0.0
 11
187.4803846124819
 21
9.00000000000001
 31
0.0
  0
LINE
  5
4E6
330
17
100
AcDbEntity
  8
隐藏线
100
AcDbLine
 10
187.25219486060445
 20
2.0
 30
0.0
 11
187.4803846124817
 21
2.0
 31
0.0
  0
LINE
  5
4E7
330
17
100
AcDbEntity
  8
隐藏线
100
AcDbLine
 10
186.78588888266643
 20
2.0
 30
0.0
 11
187.25219486060445
 21
2.0
 31
0.0
  0
LINE
  5
4E8
330
17
100
AcDbEntity
  8
隐藏线
100
AcDbLine
 10
186.08572801216653
 20
2.0
 30
0.0
 11
186.78588888266643
 21
2.0
 31
0.0
  0
LINE
  5
4E9
330
17
100
AcDbEntity
  8
隐藏线
100
AcDbLine
 10
185.15793536017955
 20
2.0
 30
0.0
 11
186.08572801216653
 21
2.0
 31
0.0
  0
LINE
  5
4EA
330
17
100
AcDbEntity
  8
隐藏线
100
AcDbLine
 10
183.99348740010726
 20
2.0
 30
0.0
 11
185.15793536017955
 21
2.0
 31
0.0
  0
LINE
  5
4EB
330
17
100
AcDbEntity
  8
隐藏线
100
AcDbLine
 10
182.62208528806312
 20
2.0
 30
0.0
 11
183.99348740010726
 21
2.0
 31
0.0
  0
LINE
  5
4EC
330
17
100
AcDbEntity
  8
隐藏线
100
AcDbLine
 10
181.05611377557213
 20
2.0
 30
0.0
 11
182.62208528806312
 21
2.0
 31
0.0
  0
LINE
  5
4ED
330
17
100
AcDbEntity
  8
隐藏线
100
AcDbLine
 10
179.3095898309695
 20
2.0
 30
0.0
 11
181.05611377557213
 21
2.0
 31
0.0
  0
LINE
  5
4EE
330
17
100
AcDbEntity
  8
隐藏线
100
AcDbLine
 10
177.38617592400337
 20
2.0
 30
0.0
 11
179.3095898309695
 21
2.0
 31
0.0
  0
LINE
  5
4EF
330
17
100
AcDbEntity
  8
隐藏线
100
AcDbLine
 10
175.31847960798174
 20
2.0
 30
0.0
 11
177.38617592400337
 21
2.0
 31
0.0
  0
LINE
  5
4F0
330
17
100
AcDbEntity
  8
隐藏线
100
AcDbLine
 10
173.12512342022598
 20
2.0
 30
0.0
 11
175.31847960798174
 21
2.0
 31
0.0
  0
LINE
  5
4F1
330
17
100
AcDbEntity
  8
隐藏线
100
AcDbLine
 10
170.82578404200058
 20
2.0
 30
0.0
 11
173.12512342022598
 21
2.0
 31
0.0
  0
LINE
  5
4F2
330
17
100
AcDbEntity
  8
隐藏线
100
AcDbLine
 10
168.436252312468
 20
2.0
 30
0.0
 11
170.82578404200058
 21
2.0
 31
0.0
  0
LINE
  5
4F3
330
17
100
AcDbEntity
  8
隐藏线
100
AcDbLine
 10
165.98707754046399
 20
2.0
 30
0.0
 11
168.436252312468
 21
2.0
 31
0.0
  0
LINE
  5
4F4
330
17
100
AcDbEntity
  8
隐藏线
100
AcDbLine
 10
163.50028468688643
 20
2.0
 30
0.0
 11
165.98707754046399
 21
2.0
 31
0.0
  0
LINE
  5
4F5
330
17
100
AcDbEntity
  8
隐藏线
100
AcDbLine
 10
160.9982142857139
 20
2.0
 30
0.0
 11
163.50028468688643
 21
2.0
 31
0.0
  0
LINE
  5
4F6
330
17
100
AcDbEntity
  8
隐藏线
100
AcDbLine
 10
18.102363610138738
 20
30.0
 30
0.0
 11
21.999999999999996
 21
30.0
 31
0.0
  0
LINE
  5
4F7
330
17
100
AcDbEntity
  8
隐藏线
100
AcDbLine
 10
14.35837198927274
 20
30.0
 30
0.0
 11
18.102363610138738
 21
30.0
 31
0.0
  0
LINE
  5
4F8
330
17
100
AcDbEntity
  8
隐藏线
100
AcDbLine
 10
10.902069842976282
 20
30.0
 30
0.0
 11
14.35837198927274
 21
30.0
 31
0.0
  0
LINE
  5
4F9
330
17
100
AcDbEntity
  8
隐藏线
100
AcDbLine
 10
7.857864376269042
 20
30.0
 30
0.0
 11
10.902069842976282
 21
30.0
 31
0.0
  0
LINE
  5
4FA
330
17
100
AcDbEntity
  8
隐藏线
100
AcDbLine
 10
5.389979599235588
 20
30.0
 30
0.0
 11
7.857864376269042
 21
30.0
 31
0.0
  0
LINE
  5
4FB
330
17
100
AcDbEntity
  8
隐藏线
100
AcDbLine
 10
3.55147801789213
 20
30.0
 30
0.0
 11
5.389979599235588
 21
30.0
 31
0.0
  0
LINE
  5
4FC
330
17
100
AcDbEntity
  8
隐藏线
100
AcDbLine
 10
2.407520267806433
 20
30.0
 30
0.0
 11
3.55147801789213
 21
30.0
 31
0.0
  0
LINE
  5
4FD
330
17
100
AcDbEntity
  8
隐藏线
100
AcDbLine
 10
2.0
 20
30.0
 30
0.0
 11
2.407520267806433
 21
30.0
 31
0.0
  0
LINE
  5
4FE
330
17
100
AcDbEntity
  8
隐藏线
100
AcDbLine
 10
20.830709083041626
 20
30.0
 30
0.0
 11
22.0
 21
30.0
 31
0.0
  0
LINE
  5
4FF
330
17
100
AcDbEntity
  8
隐藏线
100
AcDbLine
 10
19.707511596781824
 20
30.0
 30
0.0
 11
20.830709083041626
 21
30.0
 31
0.0
  0
LINE
  5
500
330
17
100
AcDbEntity
  8
隐藏线
100
AcDbLine
 10
18.670620952892886
 20
30.0
 30
0.0
 11
19.707511596781824
 21
30.0
 31
0.0
  0
LINE
  5
501
330
17
100
AcDbEntity
  8
隐藏线
100
AcDbLine
 10
17.757359312880716
 20
30.0
 30
0.0
 11
18.670620952892886
 21
30.0
 31
0.0
  0
LINE
  5
502
330
17
100
AcDbEntity
  8
隐藏线
100
AcDbLine
 10
17.016993879770677
 20
30.0
 30
0.0
 11
17.757359312880716
 21
30.0
 31
0.0
  0
LINE
  5
503
330
17
100
AcDbEntity
  8
隐藏线
100
AcDbLine
 10
16.46544340536764
 20
30.0
 30
0.0
 11
17.016993879770677
 21
30.0
 31
0.0
  0
LINE
  5
504
330
17
100
AcDbEntity
  8
隐藏线
100
AcDbLine
 10
16.122256080341927
 20
30.0
 30
0.0
 11
16.46544340536764
 21
30.0
 31
0.0
  0
LINE
  5
505
330
17
100
AcDbEntity
  8
隐藏线
100
AcDbLine
 10
16.0
 20
30.0
 30
0.0
 11
16.122256080341927
 21
30.0
 31
0.0
  0
LINE
  5
506
330
17
100
AcDbEntity
  8
隐藏线
100
AcDbLine
 10
72.0
 20
30.0
 30
0.0
 11
73.16929091695837
 21
30.0
 31
0.0
  0
LINE
  5
507
330
17
100
AcDbEntity
  8
隐藏线
100
AcDbLine
 10
73.16929091695837
 20
30.0
 30
0.0
 11
74.29248840321819
 21
30.0
 31
0.0
  0
LINE
  5
508
330
17
100
AcDbEntity
  8
隐藏线
100
AcDbLine
 10
74.29248840321819
 20
30.0
 30
0.0
 11
75.32937904710712
 21
30.0
 31
0.0
  0
LINE
  5
509
330
17
100
AcDbEntity
  8
隐藏线
100
AcDbLine
 10
75.32937904710712
 20
30.0
 30
0.0
 11
76.24264068711929
 21
30.0
 31
0.0
  0
LINE
  5
50A
330
17
100
AcDbEntity
  8
隐藏线
100
AcDbLine
 10
76.24264068711929
 20
30.0
 30
0.0
 11
76.98300612022932
 21
30.0
 31
0.0
  0
LINE
  5
50B
330
17
100
AcDbEntity
  8
隐藏线
100
AcDbLine
 10
76.98300612022932
 20
30.0
 30
0.0
 11
77.53455659463236
 21
30.0
 31
0.0
  0
LINE
  5
50C
330
17
100
AcDbEntity
  8
隐藏线
100
AcDbLine
 10
77.53455659463236
 20
30.0
 30
0.0
 11
77.87774391965807
 21
30.0
 31
0.0
  0
LINE
  5
50D
330
17
100
AcDbEntity
  8
隐藏线
100
AcDbLine
 10
77.87774391965807
 20
30.0
 30
0.0
 11
78.0
 21
30.0
 31
0.0
  0
LINE
  5
50E
330
17
100
AcDbEntity
  8
隐藏线
100
AcDbLine
 10
20.830709083041626
 20
2.0
 30
0.0
 11
22.0
 21
2.0
 31
0.0
  0
LINE
  5
50F
330
17
100
AcDbEntity
  8
隐藏线
100
AcDbLine
 10
19.707511596781824
 20
2.0
 30
0.0
 11
20.830709083041626
 21
2.0
 31
0.0
  0
LINE
  5
510
330
17
100
AcDbEntity
  8
隐藏线
100
AcDbLine
 10
18.670620952892886
 20
2.0
 30
0.0
 11
19.707511596781824
 21
2.0
 31
0.0
  0
LINE
  5
511
330
17
100
AcDbEntity
  8
隐藏线
100
AcDbLine
 10
17.757359312880716
 20
2.0
 30
0.0
 11
18.670620952892886
 21
2.0
 31
0.0
  0
LINE
  5
512
330
17
100
AcDbEntity
  8
隐藏线
100
AcDbLine
 10
17.016993879770677
 20
2.0
 30
0.0
 11
17.757359312880716
 21
2.0
 31
0.0
  0
LINE
  5
513
330
17
100
AcDbEntity
  8
隐藏线
100
AcDbLine
 10
16.46544340536764
 20
2.0
 30
0.0
 11
17.016993879770677
 21
2.0
 31
0.0
  0
LINE
  5
514
330
17
100
AcDbEntity
  8
隐藏线
100
AcDbLine
 10
16.122256080341927
 20
2.0
 30
0.0
 11
16.46544340536764
 21
2.0
 31
0.0
  0
LINE
  5
515
330
17
100
AcDbEntity
  8
隐藏线
100
AcDbLine
 10
16.0
 20
2.0
 30
0.0
 11
16.122256080341927
 21
2.0
 31
0.0
  0
LINE
  5
516
330
17
100
AcDbEntity
  8
隐藏线
100
AcDbLine
 10
46.99999999999999
 20
2.0
 30
0.0
 11
72.0
 21
2.0
 31
0.0
  0
LINE
  5
517
330
17
100
AcDbEntity
  8
隐藏线
100
AcDbLine
 10
21.999999999999993
 20
2.0
 30
0.0
 11
46.99999999999999
 21
2.0
 31
0.0
  0
LINE
  5
518
330
17
100
AcDbEntity
  8
隐藏线
100
AcDbLine
 10
72.0
 20
2.0
 30
0.0
 11
73.16929091695837
 21
2.0
 31
0.0
  0
LINE
  5
519
330
17
100
AcDbEntity
  8
隐藏线
100
AcDbLine
 10
73.16929091695837
 20
2.0
 30
0.0
 11
74.29248840321819
 21
2.0
 31
0.0
  0
LINE
  5
51A
330
17
100
AcDbEntity
  8
隐藏线
100
AcDbLine
 10
74.29248840321819
 20
2.0
 30
0.0
 11
75.32937904710712
 21
2.0
 31
0.0
  0
LINE
  5
51B
330
17
100
AcDbEntity
  8
隐藏线
100
AcDbLine
 10
75.32937904710712
 20
2.0
 30
0.0
 11
76.24264068711929
 21
2.0
 31
0.0
  0
LINE
  5
51C
330
17
100
AcDbEntity
  8
隐藏线
100
AcDbLine
 10
76.24264068711929
 20
2.0
 30
0.0
 11
76.98300612022932
 21
2.0
 31
0.0
  0
LINE
  5
51D
330
17
100
AcDbEntity
  8
隐藏线
100
AcDbLine
 10
76.98300612022932
 20
2.0
 30
0.0
 11
77.53455659463236
 21
2.0
 31
0.0
  0
LINE
  5
51E
330
17
100
AcDbEntity
  8
隐藏线
100
AcDbLine
 10
77.53455659463236
 20
2.0
 30
0.0
 11
77.87774391965807
 21
2.0
 31
0.0
  0
LINE
  5
51F
330
17
100
AcDbEntity
  8
隐藏线
100
AcDbLine
 10
77.87774391965807
 20
2.0
 30
0.0
 11
78.0
 21
2.0
 31
0.0
  0
LINE
  5
520
330
17
100
AcDbEntity
  8
隐藏线
100
AcDbLine
 10
176.71270897410628
 20
2.0
 30
0.0
 11
177.66812049991947
 21
2.0
 31
0.0
  0
LINE
  5
521
330
17
100
AcDbEntity
  8
隐藏线
100
AcDbLine
 10
174.67062005532037
 20
2.0
 30
0.0
 11
176.71270897410628
 21
2.0
 31
0.0
  0
LINE
  5
522
330
17
100
AcDbEntity
  8
隐藏线
100
AcDbLine
 10
171.6835276391785
 20
2.0
 30
0.0
 11
174.67062005532037
 21
2.0
 31
0.0
  0
LINE
  5
523
330
17
100
AcDbEntity
  8
隐藏线
100
AcDbLine
 10
167.92747584216184
 20
2.0
 30
0.0
 11
171.6835276391785
 21
2.0
 31
0.0
  0
LINE
  5
524
330
17
100
AcDbEntity
  8
隐藏线
100
AcDbLine
 10
163.68512052432368
 20
2.0
 30
0.0
 11
167.92747584216184
 21
2.0
 31
0.0
  0
LINE
  5
525
330
17
100
AcDbEntity
  8
隐藏线
100
AcDbLine
 10
159.3296959537575
 20
2.0
 30
0.0
 11
163.68512052432368
 21
2.0
 31
0.0
  0
LINE
  5
526
330
17
100
AcDbEntity
  8
隐藏线
100
AcDbLine
 10
155.1607200734106
 20
2.0
 30
0.0
 11
159.3296959537575
 21
2.0
 31
0.0
  0
LINE
  5
527
330
17
100
AcDbEntity
  8
隐藏线
100
AcDbLine
 10
151.55356570852396
 20
2.0
 30
0.0
 11
155.1607200734106
 21
2.0
 31
0.0
  0
LINE
  5
528
330
17
100
AcDbEntity
  8
隐藏线
100
AcDbLine
 10
148.77481352386715
 20
2.0
 30
0.0
 11
151.55356570852396
 21
2.0
 31
0.0
  0
LINE
  5
529
330
17
100
AcDbEntity
  8
隐藏线
100
AcDbLine
 10
146.98210314364158
 20
2.0
 30
0.0
 11
148.77481352386715
 21
2.0
 31
0.0
  0
LINE
  5
52A
330
17
100
AcDbEntity
  8
隐藏线
100
AcDbLine
 10
146.2999999999999
 20
2.0
 30
0.0
 11
146.98210314364158
 21
2.0
 31
0.0
  0
LINE
  5
52B
330
17
100
AcDbEntity
  8
隐藏线
100
AcDbLine
 10
17.430900217390345
 20
2.0
 30
0.0
 11
21.2142857142857
 21
2.0
 31
0.0
  0
LINE
  5
52C
330
17
100
AcDbEntity
  8
隐藏线
100
AcDbLine
 10
13.817419941416407
 20
2.0
 30
0.0
 11
17.430900217390345
 21
2.0
 31
0.0
  0
LINE
  5
52D
330
17
100
AcDbEntity
  8
隐藏线
100
AcDbLine
 10
10.496820133628162
 20
2.0
 30
0.0
 11
13.817419941416407
 21
2.0
 31
0.0
  0
LINE
  5
52E
330
17
100
AcDbEntity
  8
隐藏线
100
AcDbLine
 10
7.582748429151174
 20
2.0
 30
0.0
 11
10.496820133628162
 21
2.0
 31
0.0
  0
LINE
  5
52F
330
17
100
AcDbEntity
  8
隐藏线
100
AcDbLine
 10
5.227289830816083
 20
2.0
 30
0.0
 11
7.582748429151174
 21
2.0
 31
0.0
  0
LINE
  5
530
330
17
100
AcDbEntity
  8
隐藏线
100
AcDbLine
 10
3.4758568142606023
 20
2.0
 30
0.0
 11
5.227289830816083
 21
2.0
 31
0.0
  0
LINE
  5
531
330
17
100
AcDbEntity
  8
隐藏线
100
AcDbLine
 10
2.387461579203766
 20
2.0
 30
0.0
 11
3.4758568142606023
 21
2.0
 31
0.0
  0
LINE
  5
532
330
17
100
AcDbEntity
  8
隐藏线
100
AcDbLine
 10
2.0
 20
2.0
 30
0.0
 11
2.387461579203766
 21
2.0
 31
0.0
  0
LINE
  5
533
330
17
100
AcDbEntity
  8
隐藏线
100
AcDbLine
 10
20.830709083041622
 20
24.0
 30
0.0
 11
22.0
 21
24.0
 31
0.0
  0
LINE
  5
534
330
17
100
AcDbEntity
  8
隐藏线
100
AcDbLine
 10
19.707511596781824
 20
24.0
 30
0.0
 11
20.830709083041622
 21
24.0
 31
0.0
  0
LINE
  5
535
330
17
100
AcDbEntity
  8
隐藏线
100
AcDbLine
 10
18.670620952892886
 20
24.0
 30
0.0
 11
19.707511596781824
 21
24.0
 31
0.0
  0
LINE
  5
536
330
17
100
AcDbEntity
  8
隐藏线
100
AcDbLine
 10
17.757359312880716
 20
24.0
 30
0.0
 11
18.670620952892886
 21
24.0
 31
0.0
  0
LINE
  5
537
330
17
100
AcDbEntity
  8
隐藏线
100
AcDbLine
 10
17.016993879770677
 20
24.0
 30
0.0
 11
17.757359312880716
 21
24.0
 31
0.0
  0
LINE
  5
538
330
17
100
AcDbEntity
  8
隐藏线
100
AcDbLine
 10
16.46544340536764
 20
24.0
 30
0.0
 11
17.016993879770677
 21
24.0
 31
0.0
  0
LINE
  5
539
330
17
100
AcDbEntity
  8
隐藏线
100
AcDbLine
 10
16.12225608034193
 20
24.0
 30
0.0
 11
16.46544340536764
 21
24.0
 31
0.0
  0
LINE
  5
53A
330
17
100
AcDbEntity
  8
隐藏线
100
AcDbLine
 10
16.0
 20
24.0
 30
0.0
 11
16.12225608034193
 21
24.0
 31
0.0
  0
LINE
  5
53B
330
17
100
AcDbEntity
  8
隐藏线
100
AcDbLine
 10
22.0
 20
24.0
 30
0.0
 11
47.0
 21
24.0
 31
0.0
  0
LINE
  5
53C
330
17
100
AcDbEntity
  8
隐藏线
100
AcDbLine
 10
47.0
 20
24.0
 30
0.0
 11
72.0
 21
24.0
 31
0.0
  0
LINE
  5
53D
330
17
100
AcDbEntity
  8
隐藏线
100
AcDbLine
 10
72.0
 20
24.0
 30
0.0
 11
73.16929091695837
 21
24.0
 31
0.0
  0
LINE
  5
53E
330
17
100
AcDbEntity
  8
隐藏线
100
AcDbLine
 10
73.16929091695837
 20
24.0
 30
0.0
 11
74.29248840321819
 21
24.0
 31
0.0
  0
LINE
  5
53F
330
17
100
AcDbEntity
  8
隐藏线
100
AcDbLine
 10
74.29248840321819
 20
24.0
 30
0.0
 11
75.32937904710711
 21
24.0
 31
0.0
  0
LINE
  5
540
330
17
100
AcDbEntity
  8
隐藏线
100
AcDbLine
 10
75.32937904710711
 20
24.0
 30
0.0
 11
76.24264068711929
 21
24.0
 31
0.0
  0
LINE
  5
541
330
17
100
AcDbEntity
  8
隐藏线
100
AcDbLine
 10
76.24264068711929
 20
24.0
 30
0.0
 11
76.98300612022932
 21
24.0
 31
0.0
  0
LINE
  5
542
330
17
100
AcDbEntity
  8
隐藏线
100
AcDbLine
 10
76.98300612022932
 20
24.0
 30
0.0
 11
77.53455659463236
 21
24.0
 31
0.0
  0
LINE
  5
543
330
17
100
AcDbEntity
  8
隐藏线
100
AcDbLine
 10
77.53455659463236
 20
24.0
 30
0.0
 11
77.87774391965807
 21
24.0
 31
0.0
  0
LINE
  5
544
330
17
100
AcDbEntity
  8
隐藏线
100
AcDbLine
 10
77.87774391965807
 20
24.0
 30
0.0
 11
78.0
 21
24.0
 31
0.0
  0
LINE
  5
545
330
17
100
AcDbEntity
  8
隐藏线
100
AcDbLine
 10
72.0
 20
2.0
 30
0.0
 11
75.89763638986125
 21
2.0
 31
0.0
  0
LINE
  5
546
330
17
100
AcDbEntity
  8
隐藏线
100
AcDbLine
 10
75.89763638986125
 20
2.0
 30
0.0
 11
79.64162801072726
 21
2.0
 31
0.0
  0
LINE
  5
547
330
17
100
AcDbEntity
  8
隐藏线
100
AcDbLine
 10
79.64162801072726
 20
2.0
 30
0.0
 11
83.09793015702371
 21
2.0
 31
0.0
  0
LINE
  5
548
330
17
100
AcDbEntity
  8
隐藏线
100
AcDbLine
 10
83.09793015702371
 20
2.0
 30
0.0
 11
86.14213562373095
 21
2.0
 31
0.0
  0
LINE
  5
549
330
17
100
AcDbEntity
  8
隐藏线
100
AcDbLine
 10
86.14213562373095
 20
2.0
 30
0.0
 11
88.6100204007644
 21
2.0
 31
0.0
  0
LINE
  5
54A
330
17
100
AcDbEntity
  8
隐藏线
100
AcDbLine
 10
88.6100204007644
 20
2.0
 30
0.0
 11
90.44852198210788
 21
2.0
 31
0.0
  0
LINE
  5
54B
330
17
100
AcDbEntity
  8
隐藏线
100
AcDbLine
 10
90.44852198210788
 20
2.0
 30
0.0
 11
91.59247973219357
 21
2.0
 31
0.0
  0
LINE
  5
54C
330
17
100
AcDbEntity
  8
隐藏线
100
AcDbLine
 10
91.59247973219357
 20
2.0
 30
0.0
 11
92.0
 21
2.0
 31
0.0
  0
LINE
  5
54D
330
17
100
AcDbEntity
  8
隐藏线
100
AcDbLine
 10
72.0
 20
24.0
 30
0.0
 11
73.64723055532482
 21
24.0
 31
0.0
  0
LINE
  5
54E
330
17
100
AcDbEntity
  8
隐藏线
100
AcDbLine
 10
73.64723055532482
 20
24.0
 30
0.0
 11
75.28297112704689
 21
24.0
 31
0.0
  0
LINE
  5
54F
330
17
100
AcDbEntity
  8
隐藏线
100
AcDbLine
 10
75.28297112704689
 20
24.0
 30
0.0
 11
76.8968507821653
 21
24.0
 31
0.0
  0
LINE
  5
550
330
17
100
AcDbEntity
  8
隐藏线
100
AcDbLine
 10
76.8968507821653
 20
24.0
 30
0.0
 11
78.47862800651914
 21
24.0
 31
0.0
  0
LINE
  5
551
330
17
100
AcDbEntity
  8
隐藏线
100
AcDbLine
 10
78.47862800651914
 20
24.0
 30
0.0
 11
80.01367643271017
 21
24.0
 31
0.0
  0
LINE
  5
552
330
17
100
AcDbEntity
  8
隐藏线
100
AcDbLine
 10
80.01367643271017
 20
24.0
 30
0.0
 11
81.49488152762837
 21
24.0
 31
0.0
  0
LINE
  5
553
330
17
100
AcDbEntity
  8
隐藏线
100
AcDbLine
 10
81.49488152762837
 20
24.0
 30
0.0
 11
82.91286132899256
 21
24.0
 31
0.0
  0
LINE
  5
554
330
17
100
AcDbEntity
  8
隐藏线
100
AcDbLine
 10
82.91286132899256
 20
24.0
 30
0.0
 11
84.25860817466156
 21
24.0
 31
0.0
  0
LINE
  5
555
330
17
100
AcDbEntity
  8
隐藏线
100
AcDbLine
 10
91.59247973219357
 20
24.0
 30
0.0
 11
92.0
 21
24.0
 31
0.0
  0
LINE
  5
556
330
17
100
AcDbEntity
  8
隐藏线
100
AcDbLine
 10
90.44852198210786
 20
24.0
 30
0.0
 11
91.59247973219357
 21
24.0
 31
0.0
  0
LINE
  5
557
330
17
100
AcDbEntity
  8
隐藏线
100
AcDbLine
 10
88.61002040076441
 20
24.0
 30
0.0
 11
90.44852198210786
 21
24.0
 31
0.0
  0
LINE
  5
558
330
17
100
AcDbEntity
  8
隐藏线
100
AcDbLine
 10
86.14213562373095
 20
24.0
 30
0.0
 11
88.61002040076441
 21
24.0
 31
0.0
  0
LINE
  5
559
330
17
100
AcDbEntity
  8
隐藏线
100
AcDbLine
 10
83.09793015702371
 20
24.0
 30
0.0
 11
86.14213562373095
 21
24.0
 31
0.0
  0
LINE
  5
55A
330
17
100
AcDbEntity
  8
隐藏线
100
AcDbLine
 10
79.64162801072726
 20
24.0
 30
0.0
 11
83.09793015702371
 21
24.0
 31
0.0
  0
LINE
  5
55B
330
17
100
AcDbEntity
  8
隐藏线
100
AcDbLine
 10
75.89763638986126
 20
24.0
 30
0.0
 11
79.64162801072726
 21
24.0
 31
0.0
  0
LINE
  5
55C
330
17
100
AcDbEntity
  8
隐藏线
100
AcDbLine
 10
72.0
 20
24.0
 30
0.0
 11
75.89763638986126
 21
24.0
 31
0.0
  0
LINE
  5
55D
330
17
100
AcDbEntity
  8
隐藏线
100
AcDbLine
 10
18.102363610138738
 20
2.0
 30
0.0
 11
21.999999999999996
 21
2.0
 31
0.0
  0
LINE
  5
55E
330
17
100
AcDbEntity
  8
隐藏线
100
AcDbLine
 10
14.358371989272747
 20
2.0
 30
0.0
 11
18.102363610138738
 21
2.0
 31
0.0
  0
LINE
  5
55F
330
17
100
AcDbEntity
  8
隐藏线
100
AcDbLine
 10
10.902069842976282
 20
2.0
 30
0.0
 11
14.358371989272747
 21
2.0
 31
0.0
  0
LINE
  5
560
330
17
100
AcDbEntity
  8
隐藏线
100
AcDbLine
 10
7.857864376269049
 20
2.0
 30
0.0
 11
10.902069842976282
 21
2.0
 31
0.0
  0
LINE
  5
561
330
17
100
AcDbEntity
  8
隐藏线
100
AcDbLine
 10
5.389979599235588
 20
2.0
 30
0.0
 11
7.857864376269049
 21
2.0
 31
0.0
  0
LINE
  5
562
330
17
100
AcDbEntity
  8
隐藏线
100
AcDbLine
 10
3.551478017892137
 20
2.0
 30
0.0
 11
5.389979599235588
 21
2.0
 31
0.0
  0
LINE
  5
563
330
17
100
AcDbEntity
  8
隐藏线
100
AcDbLine
 10
18.102363610138738
 20
24.0
 30
0.0
 11
21.999999999999996
 21
24.0
 31
0.0
  0
LINE
  5
564
330
17
100
AcDbEntity
  8
隐藏线
100
AcDbLine
 10
14.358371989272747
 20
24.0
 30
0.0
 11
18.102363610138738
 21
24.0
 31
0.0
  0
LINE
  5
565
330
17
100
AcDbEntity
  8
隐藏线
100
AcDbLine
 10
10.902069842976282
 20
24.0
 30
0.0
 11
14.358371989272747
 21
24.0
 31
0.0
  0
LINE
  5
566
330
17
100
AcDbEntity
  8
隐藏线
100
AcDbLine
 10
7.857864376269049
 20
24.0
 30
0.0
 11
10.902069842976282
 21
24.0
 31
0.0
  0
LINE
  5
567
330
17
100
AcDbEntity
  8
隐藏线
100
AcDbLine
 10
5.389979599235588
 20
24.0
 30
0.0
 11
7.857864376269049
 21
24.0
 31
0.0
  0
LINE
  5
568
330
17
100
AcDbEntity
  8
隐藏线
100
AcDbLine
 10
3.551478017892137
 20
24.0
 30
0.0
 11
5.389979599235588
 21
24.0
 31
0.0
  0
LINE
  5
569
330
17
100
AcDbEntity
  8
隐藏线
100
AcDbLine
 10
2.407520267806433
 20
24.0
 30
0.0
 11
3.551478017892137
 21
24.0
 31
0.0
  0
LINE
  5
56A
330
17
100
AcDbEntity
  8
隐藏线
100
AcDbLine
 10
2.0
 20
24.0
 30
0.0
 11
2.407520267806433
 21
24.0
 31
0.0
  0
LINE
  5
56B
330
17
100
AcDbEntity
  8
隐藏线
100
AcDbLine
 10
177.6681204999199
 20
24.0
 30
0.0
 11
177.6681204999199
 21
46.0
 31
0.0
  0
LINE
  5
56C
330
17
100
AcDbEntity
  8
隐藏线
100
AcDbLine
 10
177.6681204999199
 20
2.0
 30
0.0
 11
177.6681204999199
 21
24.0
 31
0.0
  0
LINE
  5
56D
330
17
100
AcDbEntity
  8
隐藏线
100
AcDbLine
 10
182.5742525562009
 20
46.0
 30
0.0
 11
187.4803846124819
 21
46.0
 31
0.0
  0
LINE
  5
56E
330
17
100
AcDbEntity
  8
隐藏线
100
AcDbLine
 10
177.6681204999199
 20
46.0
 30
0.0
 11
182.5742525562009
 21
46.0
 31
0.0
  0
LINE
  5
56F
330
17
100
AcDbEntity
  8
隐藏线
100
AcDbLine
 10
187.4803846124819
 20
11.023933985464582
 30
0.0
 11
187.4803846124819
 21
24.0
 31
0.0
  0
LINE
  5
570
330
17
100
AcDbEntity
  8
隐藏线
100
AcDbLine
 10
187.4803846124819
 20
24.0
 30
0.0
 11
187.4803846124819
 21
33.0
 31
0.0
  0
LINE
  5
571
330
17
100
AcDbEntity
  8
隐藏线
100
AcDbLine
 10
177.6681204999199
 20
2.0
 30
0.0
 11
182.5742525562009
 21
2.0
 31
0.0
  0
LINE
  5
572
330
17
100
AcDbEntity
  8
隐藏线
100
AcDbLine
 10
182.5742525562009
 20
2.0
 30
0.0
 11
187.4803846124819
 21
2.0
 31
0.0
  0
LINE
  5
573
330
17
100
AcDbEntity
  8
隐藏线
100
AcDbLine
 10
187.4803846124819
 20
24.0
 30
0.0
 11
187.4803846124819
 21
46.0
 31
0.0
  0
LINE
  5
574
330
17
100
AcDbEntity
  8
隐藏线
100
AcDbLine
 10
187.4803846124819
 20
2.0
 30
0.0
 11
187.4803846124819
 21
24.0
 31
0.0
  0
LINE
  5
575
330
17
100
AcDbEntity
  8
隐藏线
100
AcDbLine
 10
186.79632632980108
 20
2.0
 30
0.0
 11
187.4803846124817
 21
2.0
 31
0.0
  0
LINE
  5
576
330
17
100
AcDbEntity
  8
隐藏线
100
AcDbLine
 10
185.2258778245522
 20
2.0
 30
0.0
 11
186.79632632980108
 21
2.0
 31
0.0
  0
LINE
  5
577
330
17
100
AcDbEntity
  8
隐藏线
100
AcDbLine
 10
182.82360932460358
 20
2.0
 30
0.0
 11
185.2258778245522
 21
2.0
 31
0.0
  0
LINE
  5
578
330
17
100
AcDbEntity
  8
隐藏线
100
AcDbLine
 10
179.6705984346449
 20
2.0
 30
0.0
 11
182.82360932460358
 21
2.0
 31
0.0
  0
LINE
  5
579
330
17
100
AcDbEntity
  8
隐藏线
100
AcDbLine
 10
175.83251466582084
 20
2.0
 30
0.0
 11
179.6705984346449
 21
2.0
 31
0.0
  0
LINE
  5
57A
330
17
100
AcDbEntity
  8
隐藏线
100
AcDbLine
 10
171.50586380812732
 20
2.0
 30
0.0
 11
175.83251466582084
 21
2.0
 31
0.0
  0
LINE
  5
57B
330
17
100
AcDbEntity
  8
隐藏线
100
AcDbLine
 10
166.83876650349114
 20
2.0
 30
0.0
 11
171.50586380812732
 21
2.0
 31
0.0
  0
LINE
  5
57C
330
17
100
AcDbEntity
  8
隐藏线
100
AcDbLine
 10
161.99019230624089
 20
2.0
 30
0.0
 11
166.83876650349114
 21
2.0
 31
0.0
  0
LINE
  5
57D
330
17
100
AcDbEntity
  8
隐藏线
100
AcDbLine
 10
157.02210454173425
 20
2.0
 30
0.0
 11
161.99019230624089
 21
2.0
 31
0.0
  0
LINE
  5
57E
330
17
100
AcDbEntity
  8
隐藏线
100
AcDbLine
 10
152.25013201684797
 20
2.0
 30
0.0
 11
157.02210454173425
 21
2.0
 31
0.0
  0
LINE
  5
57F
330
17
100
AcDbEntity
  8
隐藏线
100
AcDbLine
 10
147.84504012058764
 20
2.0
 30
0.0
 11
152.25013201684797
 21
2.0
 31
0.0
  0
LINE
  5
580
330
17
100
AcDbEntity
  8
隐藏线
100
AcDbLine
 10
143.9653098697141
 20
2.0
 30
0.0
 11
147.84504012058764
 21
2.0
 31
0.0
  0
LINE
  5
581
330
17
100
AcDbEntity
  8
隐藏线
100
AcDbLine
 10
140.82017135058638
 20
2.0
 30
0.0
 11
143.9653098697141
 21
2.0
 31
0.0
  0
LINE
  5
582
330
17
100
AcDbEntity
  8
隐藏线
100
AcDbLine
 10
138.47717960362885
 20
2.0
 30
0.0
 11
140.82017135058638
 21
2.0
 31
0.0
  0
LINE
  5
583
330
17
100
AcDbEntity
  8
隐藏线
100
AcDbLine
 10
137.019334932405
 20
2.0
 30
0.0
 11
138.47717960362885
 21
2.0
 31
0.0
  0
LINE
  5
584
330
17
100
AcDbEntity
  8
隐藏线
100
AcDbLine
 10
136.4999999999999
 20
2.0
 30
0.0
 11
137.019334932405
 21
2.0
 31
0.0
  0
LINE
  5
585
330
17
100
AcDbEntity
  8
隐藏线
100
AcDbLine
 10
177.1867517300682
 20
2.0
 30
0.0
 11
177.66812049991947
 21
2.0
 31
0.0
  0
LINE
  5
586
330
17
100
AcDbEntity
  8
隐藏线
100
AcDbLine
 10
176.1796148428325
 20
2.0
 30
0.0
 11
177.1867517300682
 21
2.0
 31
0.0
  0
LINE
  5
587
330
17
100
AcDbEntity
  8
隐藏线
100
AcDbLine
 10
174.68056210081818
 20
2.0
 30
0.0
 11
176.1796148428325
 21
2.0
 31
0.0
  0
LINE
  5
588
330
17
100
AcDbEntity
  8
隐藏线
100
AcDbLine
 10
172.738629682966
 20
2.0
 30
0.0
 11
174.68056210081818
 21
2.0
 31
0.0
  0
LINE
  5
589
330
17
100
AcDbEntity
  8
隐藏线
100
AcDbLine
 10
170.3934104174299
 20
2.0
 30
0.0
 11
172.738629682966
 21
2.0
 31
0.0
  0
LINE
  5
58A
330
17
100
AcDbEntity
  8
隐藏线
100
AcDbLine
 10
167.76104831039996
 20
2.0
 30
0.0
 11
170.3934104174299
 21
2.0
 31
0.0
  0
LINE
  5
58B
330
17
100
AcDbEntity
  8
隐藏线
100
AcDbLine
 10
164.92882527375784
 20
2.0
 30
0.0
 11
167.76104831039996
 21
2.0
 31
0.0
  0
LINE
  5
58C
330
17
100
AcDbEntity
  8
隐藏线
100
AcDbLine
 10
161.99019230624089
 20
2.0
 30
0.0
 11
164.92882527375784
 21
2.0
 31
0.0
  0
LINE
  5
58D
330
17
100
AcDbEntity
  8
隐藏线
100
AcDbLine
 10
158.93194654545636
 20
2.0
 30
0.0
 11
161.99019230624089
 21
2.0
 31
0.0
  0
LINE
  5
58E
330
17
100
AcDbEntity
  8
隐藏线
100
AcDbLine
 10
155.99452999232028
 20
2.0
 30
0.0
 11
158.93194654545636
 21
2.0
 31
0.0
  0
LINE
  5
58F
330
17
100
AcDbEntity
  8
隐藏线
100
AcDbLine
 10
153.2830261514676
 20
2.0
 30
0.0
 11
155.99452999232028
 21
2.0
 31
0.0
  0
LINE
  5
590
330
17
100
AcDbEntity
  8
隐藏线
100
AcDbLine
 10
150.89495653335788
 20
2.0
 30
0.0
 11
153.2830261514676
 21
2.0
 31
0.0
  0
LINE
  5
591
330
17
100
AcDbEntity
  8
隐藏线
100
AcDbLine
 10
148.95908148451838
 20
2.0
 30
0.0
 11
150.89495653335788
 21
2.0
 31
0.0
  0
LINE
  5
592
330
17
100
AcDbEntity
  8
隐藏线
100
AcDbLine
 10
147.5169554436336
 20
2.0
 30
0.0
 11
148.95908148451838
 21
2.0
 31
0.0
  0
LINE
  5
593
330
17
100
AcDbEntity
  8
隐藏线
100
AcDbLine
 10
146.61965002023027
 20
2.0
 30
0.0
 11
147.5169554436336
 21
2.0
 31
0.0
  0
LINE
  5
594
330
17
100
AcDbEntity
  8
隐藏线
100
AcDbLine
 10
146.2999999999999
 20
2.0
 30
0.0
 11
146.61965002023027
 21
2.0
 31
0.0
  0
LINE
  5
595
330
17
100
AcDbEntity
  8
隐藏线
100
AcDbLine
 10
186.79632632980108
 20
46.0
 30
0.0
 11
187.4803846124817
 21
46.0
 31
0.0
  0
LINE
  5
596
330
17
100
AcDbEntity
  8
隐藏线
100
AcDbLine
 10
185.2258778245522
 20
46.0
 30
0.0
 11
186.79632632980108
 21
46.0
 31
0.0
  0
LINE
  5
597
330
17
100
AcDbEntity
  8
隐藏线
100
AcDbLine
 10
182.82360932460358
 20
46.0
 30
0.0
 11
185.2258778245522
 21
46.0
 31
0.0
  0
LINE
  5
598
330
17
100
AcDbEntity
  8
隐藏线
100
AcDbLine
 10
179.6705984346449
 20
46.0
 30
0.0
 11
182.82360932460358
 21
46.0
 31
0.0
  0
LINE
  5
599
330
17
100
AcDbEntity
  8
隐藏线
100
AcDbLine
 10
175.83251466582084
 20
46.0
 30
0.0
 11
179.6705984346449
 21
46.0
 31
0.0
  0
LINE
  5
59A
330
17
100
AcDbEntity
  8
隐藏线
100
AcDbLine
 10
171.50586380812732
 20
46.0
 30
0.0
 11
175.83251466582084
 21
46.0
 31
0.0
  0
LINE
  5
59B
330
17
100
AcDbEntity
  8
隐藏线
100
AcDbLine
 10
166.83876650349114
 20
46.0
 30
0.0
 11
171.50586380812732
 21
46.0
 31
0.0
  0
LINE
  5
59C
330
17
100
AcDbEntity
  8
隐藏线
100
AcDbLine
 10
161.99019230624089
 20
46.0
 30
0.0
 11
166.83876650349114
 21
46.0
 31
0.0
  0
LINE
  5
59D
330
17
100
AcDbEntity
  8
隐藏线
100
AcDbLine
 10
157.02210454173425
 20
46.0
 30
0.0
 11
161.99019230624089
 21
46.0
 31
0.0
  0
LINE
  5
59E
330
17
100
AcDbEntity
  8
隐藏线
100
AcDbLine
 10
152.25013201684797
 20
46.0
 30
0.0
 11
157.02210454173425
 21
46.0
 31
0.0
  0
LINE
  5
59F
330
17
100
AcDbEntity
  8
隐藏线
100
AcDbLine
 10
147.84504012058764
 20
46.0
 30
0.0
 11
152.25013201684797
 21
46.0
 31
0.0
  0
LINE
  5
5A0
330
17
100
AcDbEntity
  8
隐藏线
100
AcDbLine
 10
143.9653098697141
 20
46.0
 30
0.0
 11
147.84504012058764
 21
46.0
 31
0.0
  0
LINE
  5
5A1
330
17
100
AcDbEntity
  8
隐藏线
100
AcDbLine
 10
140.82017135058638
 20
46.0
 30
0.0
 11
143.9653098697141
 21
46.0
 31
0.0
  0
LINE
  5
5A2
330
17
100
AcDbEntity
  8
隐藏线
100
AcDbLine
 10
138.47717960362885
 20
46.0
 30
0.0
 11
140.82017135058638
 21
46.0
 31
0.0
  0
LINE
  5
5A3
330
17
100
AcDbEntity
  8
隐藏线
100
AcDbLine
 10
137.019334932405
 20
46.0
 30
0.0
 11
138.47717960362885
 21
46.0
 31
0.0
  0
LINE
  5
5A4
330
17
100
AcDbEntity
  8
隐藏线
100
AcDbLine
 10
136.4999999999999
 20
46.0
 30
0.0
 11
137.019334932405
 21
46.0
 31
0.0
  0
LINE
  5
5A5
330
17
100
AcDbEntity
  8
隐藏线
100
AcDbLine
 10
177.1867517300682
 20
46.0
 30
0.0
 11
177.66812049991947
 21
46.0
 31
0.0
  0
LINE
  5
5A6
330
17
100
AcDbEntity
  8
隐藏线
100
AcDbLine
 10
176.1796148428325
 20
46.0
 30
0.0
 11
177.1867517300682
 21
46.0
 31
0.0
  0
LINE
  5
5A7
330
17
100
AcDbEntity
  8
隐藏线
100
AcDbLine
 10
174.68056210081818
 20
46.0
 30
0.0
 11
176.1796148428325
 21
46.0
 31
0.0
  0
LINE
  5
5A8
330
17
100
AcDbEntity
  8
隐藏线
100
AcDbLine
 10
172.738629682966
 20
46.0
 30
0.0
 11
174.68056210081818
 21
46.0
 31
0.0
  0
LINE
  5
5A9
330
17
100
AcDbEntity
  8
隐藏线
100
AcDbLine
 10
170.3934104174299
 20
46.0
 30
0.0
 11
172.738629682966
 21
46.0
 31
0.0
  0
LINE
  5
5AA
330
17
100
AcDbEntity
  8
隐藏线
100
AcDbLine
 10
167.76104831039996
 20
46.0
 30
0.0
 11
170.3934104174299
 21
46.0
 31
0.0
  0
LINE
  5
5AB
330
17
100
AcDbEntity
  8
隐藏线
100
AcDbLine
 10
164.92882527375784
 20
46.0
 30
0.0
 11
167.76104831039996
 21
46.0
 31
0.0
  0
LINE
  5
5AC
330
17
100
AcDbEntity
  8
隐藏线
100
AcDbLine
 10
161.99019230624089
 20
46.0
 30
0.0
 11
164.92882527375784
 21
46.0
 31
0.0
  0
LINE
  5
5AD
330
17
100
AcDbEntity
  8
隐藏线
100
AcDbLine
 10
158.93194654545636
 20
46.0
 30
0.0
 11
161.99019230624089
 21
46.0
 31
0.0
  0
LINE
  5
5AE
330
17
100
AcDbEntity
  8
隐藏线
100
AcDbLine
 10
155.99452999232028
 20
46.0
 30
0.0
 11
158.93194654545636
 21
46.0
 31
0.0
  0
LINE
  5
5AF
330
17
100
AcDbEntity
  8
隐藏线
100
AcDbLine
 10
153.2830261514676
 20
46.0
 30
0.0
 11
155.99452999232028
 21
46.0
 31
0.0
  0
LINE
  5
5B0
330
17
100
AcDbEntity
  8
隐藏线
100
AcDbLine
 10
150.89495653335788
 20
46.0
 30
0.0
 11
153.2830261514676
 21
46.0
 31
0.0
  0
LINE
  5
5B1
330
17
100
AcDbEntity
  8
隐藏线
100
AcDbLine
 10
148.95908148451838
 20
46.0
 30
0.0
 11
150.89495653335788
 21
46.0
 31
0.0
  0
LINE
  5
5B2
330
17
100
AcDbEntity
  8
隐藏线
100
AcDbLine
 10
147.5169554436336
 20
46.0
 30
0.0
 11
148.95908148451838
 21
46.0
 31
0.0
  0
LINE
  5
5B3
330
17
100
AcDbEntity
  8
隐藏线
100
AcDbLine
 10
146.61965002023027
 20
46.0
 30
0.0
 11
147.5169554436336
 21
46.0
 31
0.0
  0
LINE
  5
5B4
330
17
100
AcDbEntity
  8
隐藏线
100
AcDbLine
 10
146.2999999999999
 20
46.0
 30
0.0
 11
146.61965002023027
 21
46.0
 31
0.0
  0
LINE
  5
5B5
330
17
100
AcDbEntity
  8
隐藏线
100
AcDbLine
 10
16.0
 20
2.0
 30
0.0
 11
16.0
 21
16.0
 31
0.0
  0
LINE
  5
5B6
330
17
100
AcDbEntity
  8
隐藏线
100
AcDbLine
 10
16.0
 20
16.0
 30
0.0
 11
16.0
 21
30.0
 31
0.0
  0
LINE
  5
5B7
330
17
100
AcDbEntity
  8
隐藏线
100
AcDbLine
 10
78.0
 20
2.0
 30
0.0
 11
78.0
 21
16.0
 31
0.0
  0
LINE
  5
5B8
330
17
100
AcDbEntity
  8
隐藏线
100
AcDbLine
 10
78.0
 20
16.0
 30
0.0
 11
78.0
 21
30.0
 31
0.0
  0
LINE
  5
5B9
330
17
100
AcDbEntity
  8
隐藏线
100
AcDbLine
 10
146.2999999999999
 20
2.0
 30
0.0
 11
146.2999999999999
 21
13.0
 31
0.0
  0
LINE
  5
5BA
330
17
100
AcDbEntity
  8
隐藏线
100
AcDbLine
 10
146.2999999999999
 20
13.0
 30
0.0
 11
146.2999999999999
 21
24.0
 31
0.0
  0
LINE
  5
5BB
330
17
100
AcDbEntity
  8
隐藏线
100
AcDbLine
 10
16.0
 20
2.0
 30
0.0
 11
16.0
 21
13.0
 31
0.0
  0
LINE
  5
5BC
330
17
100
AcDbEntity
  8
隐藏线
100
AcDbLine
 10
16.0
 20
13.0
 30
0.0
 11
16.0
 21
24.0
 31
0.0
  0
LINE
  5
5BD
330
17
100
AcDbEntity
  8
隐藏线
100
AcDbLine
 10
78.0
 20
2.0
 30
0.0
 11
78.0
 21
13.0
 31
0.0
  0
LINE
  5
5BE
330
17
100
AcDbEntity
  8
隐藏线
100
AcDbLine
 10
78.0
 20
13.0
 30
0.0
 11
78.0
 21
24.0
 31
0.0
  0
LINE
  5
5BF
330
17
100
AcDbEntity
  8
隐藏线
100
AcDbLine
 10
92.0
 20
2.0
 30
0.0
 11
92.0
 21
13.0
 31
0.0
  0
LINE
  5
5C0
330
17
100
AcDbEntity
  8
隐藏线
100
AcDbLine
 10
92.0
 20
13.0
 30
0.0
 11
92.0
 21
24.0
 31
0.0
  0
LINE
  5
5C1
330
17
100
AcDbEntity
  8
隐藏线
100
AcDbLine
 10
136.4999999999999
 20
2.0
 30
0.0
 11
136.4999999999999
 21
24.0
 31
0.0
  0
LINE
  5
5C2
330
17
100
AcDbEntity
  8
隐藏线
100
AcDbLine
 10
146.2999999999999
 20
2.0
 30
0.0
 11
146.2999999999999
 21
24.0
 31
0.0
  0
LINE
  5
5C3
330
17
100
AcDbEntity
  8
隐藏线
100
AcDbLine
 10
146.2999999999999
 20
24.0
 30
0.0
 11
146.2999999999999
 21
46.0
 31
0.0
  0
ARC
  5
5C4
330
17
100
AcDbEntity
  8
隐藏线
100
AcDbCircle
 10
182.4192164775309
 20
27.0
 30
0.0
 40
3.0
100
AcDbArc
 50
-90.0
 51
-45.00000000222707
  0
ARC
  5
5C5
330
17
100
AcDbEntity
  8
隐藏线
100
AcDbCircle
 10
182.4192164775309
 20
27.0
 30
0.0
 40
3.0
100
AcDbArc
 50
-45.00000000222707
 51
0.0
  0
ARC
  5
5C6
330
17
100
AcDbEntity
  8
隐藏线
100
AcDbCircle
 10
182.4192164775309
 20
27.0
 30
0.0
 40
3.0
100
AcDbArc
 50
-90.0
 51
-44.999999999999716
  0
ARC
  5
5C7
330
17
100
AcDbEntity
  8
隐藏线
100
AcDbCircle
 10
182.4192164775309
 20
27.0
 30
0.0
 40
3.0
100
AcDbArc
 50
-44.999999999999666
 51
0.0
  0
ARC
  5
5C8
330
17
100
AcDbEntity
  8
隐藏线
100
AcDbCircle
 10
188.4192164775309
 20
33.0
 30
0.0
 40
3.0
100
AcDbArc
 50
90.0
 51
134.99999999999972
  0
ARC
  5
5C9
330
17
100
AcDbEntity
  8
隐藏线
100
AcDbCircle
 10
188.4192164775309
 20
33.0
 30
0.0
 40
3.0
100
AcDbArc
 50
134.99999999999983
 51
180.0
  0
ARC
  5
5CA
330
17
100
AcDbEntity
  8
隐藏线
100
AcDbCircle
 10
188.4192164775309
 20
33.0
 30
0.0
 40
3.0
100
AcDbArc
 50
142.77864096189566
 51
180.0
  0
ARC
  5
5CB
330
17
100
AcDbEntity
  8
隐藏线
100
AcDbCircle
 10
188.4192164775309
 20
33.0
 30
0.0
 40
3.0
100
AcDbArc
 50
135.0000000000002
 51
142.77864096189566
  0
ARC
  5
5CC
330
17
100
AcDbEntity
  8
隐藏线
100
AcDbCircle
 10
188.4192164775309
 20
33.0
 30
0.0
 40
3.0
100
AcDbArc
 50
142.77864096189566
 51
180.0
  0
ARC
  5
5CD
330
17
100
AcDbEntity
  8
隐藏线
100
AcDbCircle
 10
188.4192164775309
 20
33.0
 30
0.0
 40
3.0
100
AcDbArc
 50
135.0000000000002
 51
142.77864096189566
  0
ARC
  5
5CE
330
17
100
AcDbEntity
  8
隐藏线
100
AcDbCircle
 10
188.4192164775309
 20
33.0
 30
0.0
 40
3.0
100
AcDbArc
 50
90.0
 51
135.0000000000002
  0
ARC
  5
5CF
330
17
100
AcDbEntity
  8
隐藏线
100
AcDbCircle
 10
188.4192164775309
 20
33.0
 30
0.0
 40
3.0
100
AcDbArc
 50
134.99999999999983
 51
-179.99999999999994
  0
ARC
  5
5D0
330
17
100
AcDbEntity
  8
隐藏线
100
AcDbCircle
 10
188.4192164775309
 20
33.0
 30
0.0
 40
3.0
100
AcDbArc
 50
108.20462469143791
 51
134.99999999999983
  0
CIRCLE
  5
5D1
330
17
100
AcDbEntity
  8
隐藏线
100
AcDbCircle
 10
193.2992164775309
 20
24.0
 30
0.0
 40
12.0
  0
LINE
  5
5D2
330
17
100
AcDbEntity
  8
可见轮廓
100
AcDbLine
 10
19.803896078141833
 20
127.5
 30
0.0
 11
19.81966958267992
 21
127.5
 31
0.0
  0
LINE
  5
5D3
330
17
100
AcDbEntity
  8
可见轮廓
100
AcDbLine
 10
19.68663343517497
 20
127.5
 30
0.0
 11
19.75855898526933
 21
127.5
 31
0.0
  0
LINE
  5
5D4
330
17
100
AcDbEntity
  8
可见轮廓
100
AcDbLine
 10
19.59109455300208
 20
127.5
 30
0.0
 11
19.68663343517497
 21
127.5
 31
0.0
  0
LINE
  5
5D5
330
17
100
AcDbEntity
  8
可见轮廓
100
AcDbLine
 10
19.46641430318138
 20
127.5
 30
0.0
 11
19.59109455300208
 21
127.5
 31
0.0
  0
LINE
  5
5D6
330
17
100
AcDbEntity
  8
可见轮廓
100
AcDbLine
 10
19.310752349630405
 20
127.5
 30
0.0
 11
19.46641430318138
 21
127.5
 31
0.0
  0
LINE
  5
5D7
330
17
100
AcDbEntity
  8
可见轮廓
100
AcDbLine
 10
19.132570447201374
 20
127.5
 30
0.0
 11
19.310752349630405
 21
127.5
 31
0.0
  0
LINE
  5
5D8
330
17
100
AcDbEntity
  8
可见轮廓
100
AcDbLine
 10
18.94033035073184
 20
127.5
 30
0.0
 11
19.132570447201374
 21
127.5
 31
0.0
  0
LINE
  5
5D9
330
17
100
AcDbEntity
  8
可见轮廓
100
AcDbLine
 10
18.725726347268903
 20
127.5
 30
0.0
 11
18.94033035073184
 21
127.5
 31
0.0
  0
LINE
  5
5DA
330
17
100
AcDbEntity
  8
可见轮廓
100
AcDbLine
 10
18.48341213170451
 20
127.5
 30
0.0
 11
18.725726347268903
 21
127.5
 31
0.0
  0
LINE
  5
5DB
330
17
100
AcDbEntity
  8
可见轮廓
100
AcDbLine
 10
18.226055264093162
 20
127.5
 30
0.0
 11
18.48341213170451
 21
127.5
 31
0.0
  0
LINE
  5
5DC
330
17
100
AcDbEntity
  8
可见轮廓
100
AcDbLine
 10
17.966323297684966
 20
127.5
 30
0.0
 11
18.226055264093162
 21
127.5
 31
0.0
  0
LINE
  5
5DD
330
17
100
AcDbEntity
  8
可见轮廓
100
AcDbLine
 10
17.694522671015875
 20
127.5
 30
0.0
 11
17.966323297684966
 21
127.5
 31
0.0
  0
LINE
  5
5DE
330
17
100
AcDbEntity
  8
可见轮廓
100
AcDbLine
 10
17.40251682242581
 20
127.5
 30
0.0
 11
17.694522671015875
 21
127.5
 31
0.0
  0
LINE
  5
5DF
330
17
100
AcDbEntity
  8
可见轮廓
100
AcDbLine
 10
17.10523425152158
 20
127.5
 30
0.0
 11
17.40251682242581
 21
127.5
 31
0.0
  0
LINE
  5
5E0
330
17
100
AcDbEntity
  8
可见轮廓
100
AcDbLine
 10
16.81760345790994
 20
127.5
 30
0.0
 11
17.10523425152158
 21
127.5
 31
0.0
  0
LINE
  5
5E1
330
17
100
AcDbEntity
  8
可见轮廓
100
AcDbLine
 10
17.673074628078894
 20
121.5
 30
0.0
 11
17.958042469678247
 21
121.57220387181131
 31
0.0
  0
LINE
  5
5E2
330
17
100
AcDbEntity
  8
可见轮廓
100
AcDbLine
 10
17.958042469678247
 20
121.57220387181131
 30
0.0
 11
18.24019422303988
 21
121.64369421583302
 31
0.0
  0
LINE
  5
5E3
330
17
100
AcDbEntity
  8
可见轮廓
100
AcDbLine
 10
18.24019422303988
 20
121.64369421583302
 30
0.0
 11
18.516995679363163
 21
121.71382892562126
 31
0.0
  0
LINE
  5
5E4
330
17
100
AcDbEntity
  8
可见轮廓
100
AcDbLine
 10
18.516995679363163
 20
121.71382892562126
 30
0.0
 11
18.78595750877483
 21
121.78197726595323
 31
0.0
  0
LINE
  5
5E5
330
17
100
AcDbEntity
  8
可见轮廓
100
AcDbLine
 10
18.78595750877483
 20
121.78197726595323
 30
0.0
 11
19.04354759191827
 21
121.84724428429034
 31
0.0
  0
LINE
  5
5E6
330
17
100
AcDbEntity
  8
可见轮廓
100
AcDbLine
 10
19.04354759191827
 20
121.84724428429034
 30
0.0
 11
19.28809459558093
 21
121.90920650572978
 31
0.0
  0
LINE
  5
5E7
330
17
100
AcDbEntity
  8
可见轮廓
100
AcDbLine
 10
19.28809459558093
 20
121.90920650572978
 30
0.0
 11
19.51740524235214
 21
121.96730820749204
 31
0.0
  0
LINE
  5
5E8
330
17
100
AcDbEntity
  8
可见轮廓
100
AcDbLine
 10
19.51740524235214
 20
121.96730820749204
 30
0.0
 11
19.72941405919326
 21
122.02102604929536
 31
0.0
  0
LINE
  5
5E9
330
17
100
AcDbEntity
  8
可见轮廓
100
AcDbLine
 10
19.729414059193402
 20
122.02102604929539
 30
0.0
 11
19.920410628782207
 21
122.06941990226346
 31
0.0
  0
LINE
  5
5EA
330
17
100
AcDbEntity
  8
可见轮廓
100
AcDbLine
 10
19.920410628782207
 20
122.06941990226346
 30
0.0
 11
20.09012281826236
 21
122.11242081459542
 31
0.0
  0
LINE
  5
5EB
330
17
100
AcDbEntity
  8
可见轮廓
100
AcDbLine
 10
20.09012281826236
 20
122.11242081459542
 30
0.0
 11
20.237032188216688
 21
122.14964405093161
 31
0.0
  0
LINE
  5
5EC
330
17
100
AcDbEntity
  8
可见轮廓
100
AcDbLine
 10
20.237032188216688
 20
122.14964405093161
 30
0.0
 11
20.359811571987905
 21
122.18075333974517
 31
0.0
  0
LINE
  5
5ED
330
17
100
AcDbEntity
  8
可见轮廓
100
AcDbLine
 10
20.359811571987905
 20
122.18075333974517
 30
0.0
 11
20.455137131690464
 21
122.2049065019212
 31
0.0
  0
LINE
  5
5EE
330
17
100
AcDbEntity
  8
可见轮廓
100
AcDbLine
 10
20.455137131690464
 20
122.2049065019212
 30
0.0
 11
20.524177364584602
 21
122.22239960604739
 31
0.0
  0
LINE
  5
5EF
330
17
100
AcDbEntity
  8
可见轮廓
100
AcDbLine
 10
20.524177364584602
 20
122.22239960604739
 30
0.0
 11
20.566319837883327
 21
122.23307747665481
 31
0.0
  0
LINE
  5
5F0
330
17
100
AcDbEntity
  8
可见轮廓
100
AcDbLine
 10
20.566319837883327
 20
122.23307747665481
 30
0.0
 11
20.581177740403405
 21
122.23684210526315
 31
0.0
  0
LINE
  5
5F1
330
17
100
AcDbEntity
  8
可见轮廓
100
AcDbLine
 10
22.606686183307175
 20
116.86979595286684
 30
0.0
 11
22.607404037210927
 21
116.8684210526316
 31
0.0
  0
LINE
  5
5F2
330
17
100
AcDbEntity
  8
可见轮廓
100
AcDbLine
 10
22.563291515828382
 20
116.95435209134439
 30
0.0
 11
22.573430217727292
 21
116.93443759843358
 31
0.0
  0
LINE
  5
5F3
330
17
100
AcDbEntity
  8
可见轮廓
100
AcDbLine
 10
22.55464495944784
 20
116.97139386962849
 30
0.0
 11
22.563291515828382
 21
116.95435209134439
 31
0.0
  0
LINE
  5
5F4
330
17
100
AcDbEntity
  8
可见轮廓
100
AcDbLine
 10
22.535182798206534
 20
117.00992972104899
 30
0.0
 11
22.54527167158767
 21
116.9899239334056
 31
0.0
  0
LINE
  5
5F5
330
17
100
AcDbEntity
  8
可见轮廓
100
AcDbLine
 10
22.524389485263043
 20
117.03139867093185
 30
0.0
 11
22.535182798206534
 21
117.00992972104899
 31
0.0
  0
LINE
  5
5F6
330
17
100
AcDbEntity
  8
可见轮廓
100
AcDbLine
 10
22.51290287871589
 20
117.05431822142741
 30
0.0
 11
22.524389485263043
 21
117.03139867093185
 31
0.0
  0
LINE
  5
5F7
330
17
100
AcDbEntity
  8
可见轮廓
100
AcDbLine
 10
22.500734124523717
 20
117.07867581090888
 30
0.0
 11
22.51290287871589
 21
117.05431822142741
 31
0.0
  0
LINE
  5
5F8
330
17
100
AcDbEntity
  8
可见轮廓
100
AcDbLine
 10
21.68923842566801
 20
118.86859552381998
 30
0.0
 11
21.851272953640432
 21
118.48025132207773
 31
0.0
  0
LINE
  5
5F9
330
17
100
AcDbEntity
  8
可见轮廓
100
AcDbLine
 10
21.5233778353265
 20
119.28758043755887
 30
0.0
 11
21.68923842566801
 21
118.86859552381998
 31
0.0
  0
LINE
  5
5FA
330
17
100
AcDbEntity
  8
可见轮廓
100
AcDbLine
 10
21.35627193244173
 20
119.73355264190441
 30
0.0
 11
21.5233778353265
 21
119.28758043755887
 31
0.0
  0
LINE
  5
5FB
330
17
100
AcDbEntity
  8
可见轮廓
100
AcDbLine
 10
21.19018150579734
 20
120.20275850907558
 30
0.0
 11
21.35627193244173
 21
119.73355264190441
 31
0.0
  0
LINE
  5
5FC
330
17
100
AcDbEntity
  8
可见轮廓
100
AcDbLine
 10
21.027366714332373
 20
120.69144421403472
 30
0.0
 11
21.19018150579734
 21
120.20275850907558
 31
0.0
  0
LINE
  5
5FD
330
17
100
AcDbEntity
  8
可见轮廓
100
AcDbLine
 10
20.870087716985807
 20
121.19585593174415
 30
0.0
 11
21.027366714332373
 21
120.69144421403472
 31
0.0
  0
LINE
  5
5FE
330
17
100
AcDbEntity
  8
可见轮廓
100
AcDbLine
 10
20.720604672696652
 20
121.7122398371662
 30
0.0
 11
20.870087716985807
 21
121.19585593174415
 31
0.0
  0
LINE
  5
5FF
330
17
100
AcDbEntity
  8
可见轮廓
100
AcDbLine
 10
20.581177740403916
 20
122.23684210526318
 30
0.0
 11
20.720604672696652
 21
121.7122398371662
 31
0.0
  0
LINE
  5
600
330
17
100
AcDbEntity
  8
可见轮廓
100
AcDbLine
 10
17.673074628078922
 20
121.50000000000001
 30
0.0
 11
17.82890472887692
 21
121.20683990900459
 31
0.0
  0
LINE
  5
601
330
17
100
AcDbEntity
  8
可见轮廓
100
AcDbLine
 10
17.82890472887692
 20
121.20683990900459
 30
0.0
 11
17.995974013670804
 21
120.91827243244519
 31
0.0
  0
LINE
  5
602
330
17
100
AcDbEntity
  8
可见轮廓
100
AcDbLine
 10
17.995974013670804
 20
120.91827243244519
 30
0.0
 11
18.17175642246997
 21
120.63639529607815
 31
0.0
  0
LINE
  5
603
330
17
100
AcDbEntity
  8
可见轮廓
100
AcDbLine
 10
18.17175642246997
 20
120.63639529607815
 30
0.0
 11
18.35372589528376
 21
120.36330622565981
 31
0.0
  0
LINE
  5
604
330
17
100
AcDbEntity
  8
可见轮廓
100
AcDbLine
 10
18.35372589528376
 20
120.36330622565981
 30
0.0
 11
18.539356372121546
 21
120.10110294694653
 31
0.0
  0
LINE
  5
605
330
17
100
AcDbEntity
  8
可见轮廓
100
AcDbLine
 10
18.539356372121546
 20
120.10110294694653
 30
0.0
 11
18.7261217929927
 21
119.85188318569462
 31
0.0
  0
LINE
  5
606
330
17
100
AcDbEntity
  8
可见轮廓
100
AcDbLine
 10
18.7261217929927
 20
119.85188318569462
 30
0.0
 11
18.911495393962696
 21
119.61774455742878
 31
0.0
  0
LINE
  5
607
330
17
100
AcDbEntity
  8
可见轮廓
100
AcDbLine
 10
18.911495393962696
 20
119.61774455742878
 30
0.0
 11
19.092592807578967
 21
119.4007286799846
 31
0.0
  0
LINE
  5
608
330
17
100
AcDbEntity
  8
可见轮廓
100
AcDbLine
 10
19.092592807578967
 20
119.4007286799846
 30
0.0
 11
19.09489169199867
 21
119.39804110574514
 31
0.0
  0
LINE
  5
609
330
17
100
AcDbEntity
  8
可见轮廓
100
AcDbLine
 10
19.11094518870496
 20
119.37931758759242
 30
0.0
 11
19.280724620266824
 21
119.18579930883377
 31
0.0
  0
LINE
  5
60A
330
17
100
AcDbEntity
  8
可见轮廓
100
AcDbLine
 10
19.280724620266824
 20
119.18579930883377
 30
0.0
 11
19.438390030847046
 21
119.01279734475489
 31
0.0
  0
LINE
  5
60B
330
17
100
AcDbEntity
  8
可见轮廓
100
AcDbLine
 10
19.438390030847046
 20
119.01279734475489
 30
0.0
 11
19.58011895604409
 21
118.86211087321506
 31
0.0
  0
LINE
  5
60C
330
17
100
AcDbEntity
  8
可见轮廓
100
AcDbLine
 10
19.58011895604409
 20
118.86211087321506
 30
0.0
 11
19.702144033828233
 21
118.73552290364685
 31
0.0
  0
LINE
  5
60D
330
17
100
AcDbEntity
  8
可见轮廓
100
AcDbLine
 10
19.702144033828233
 20
118.73552290364685
 30
0.0
 11
19.801428077595972
 21
118.63460219358264
 31
0.0
  0
LINE
  5
60E
330
17
100
AcDbEntity
  8
可见轮廓
100
AcDbLine
 10
19.801428077595972
 20
118.63460219358264
 30
0.0
 11
19.875451348289886
 21
118.56076566838397
 31
0.0
  0
LINE
  5
60F
330
17
100
AcDbEntity
  8
可见轮廓
100
AcDbLine
 10
19.875451348289886
 20
118.56076566838397
 30
0.0
 11
19.92170507560016
 21
118.51542703490502
 31
0.0
  0
LINE
  5
610
330
17
100
AcDbEntity
  8
可见轮廓
100
AcDbLine
 10
19.92170507560016
 20
118.51542703490502
 30
0.0
 11
19.937680489216916
 21
118.5
 31
0.0
  0
LINE
  5
611
330
17
100
AcDbEntity
  8
可见轮廓
100
AcDbLine
 10
16.81760345790994
 20
129.5
 30
0.0
 11
17.105229924459366
 21
129.5
 31
0.0
  0
LINE
  5
612
330
17
100
AcDbEntity
  8
可见轮廓
100
AcDbLine
 10
17.105229924459366
 20
129.5
 30
0.0
 11
17.40250760396978
 21
129.5
 31
0.0
  0
LINE
  5
613
330
17
100
AcDbEntity
  8
可见轮廓
100
AcDbLine
 10
17.40250760396978
 20
129.5
 30
0.0
 11
17.694513216193513
 21
129.5
 31
0.0
  0
LINE
  5
614
330
17
100
AcDbEntity
  8
可见轮廓
100
AcDbLine
 10
17.694513216193513
 20
129.5
 30
0.0
 11
17.96632348088292
 21
129.5
 31
0.0
  0
LINE
  5
615
330
17
100
AcDbEntity
  8
可见轮廓
100
AcDbLine
 10
17.96632348088292
 20
129.5
 30
0.0
 11
18.22604027246311
 21
129.5
 31
0.0
  0
LINE
  5
616
330
17
100
AcDbEntity
  8
可见轮廓
100
AcDbLine
 10
18.22604027246311
 20
129.5
 30
0.0
 11
18.483388617367694
 21
129.5
 31
0.0
  0
LINE
  5
617
330
17
100
AcDbEntity
  8
可见轮廓
100
AcDbLine
 10
18.483388617367694
 20
129.5
 30
0.0
 11
18.725706189265964
 21
129.5
 31
0.0
  0
LINE
  5
618
330
17
100
AcDbEntity
  8
可见轮廓
100
AcDbLine
 10
18.725706189265964
 20
129.5
 30
0.0
 11
18.940330624799344
 21
129.5
 31
0.0
  0
LINE
  5
619
330
17
100
AcDbEntity
  8
可见轮廓
100
AcDbLine
 10
18.940330624799344
 20
129.5
 30
0.0
 11
19.132558994089493
 21
129.5
 31
0.0
  0
LINE
  5
61A
330
17
100
AcDbEntity
  8
可见轮廓
100
AcDbLine
 10
19.132558994089493
 20
129.5
 30
0.0
 11
19.310738013414976
 21
129.5
 31
0.0
  0
LINE
  5
61B
330
17
100
AcDbEntity
  8
可见轮廓
100
AcDbLine
 10
19.310738013414976
 20
129.5
 30
0.0
 11
19.466404346369757
 21
129.5
 31
0.0
  0
LINE
  5
61C
330
17
100
AcDbEntity
  8
可见轮廓
100
AcDbLine
 10
19.466404346369757
 20
129.5
 30
0.0
 11
19.59109461806929
 21
129.5
 31
0.0
  0
LINE
  5
61D
330
17
100
AcDbEntity
  8
可见轮廓
100
AcDbLine
 10
19.59109461806929
 20
129.5
 30
0.0
 11
19.68663270936125
 21
129.5
 31
0.0
  0
LINE
  5
61E
330
17
100
AcDbEntity
  8
可见轮廓
100
AcDbLine
 10
19.68663270936125
 20
129.5
 30
0.0
 11
19.75855831985237
 21
129.5
 31
0.0
  0
LINE
  5
61F
330
17
100
AcDbEntity
  8
可见轮廓
100
AcDbLine
 10
19.75855831985237
 20
129.5
 30
0.0
 11
19.803895826079327
 21
129.5
 31
0.0
  0
LINE
  5
620
330
17
100
AcDbEntity
  8
可见轮廓
100
AcDbLine
 10
20.566319837883327
 20
134.7669225233452
 30
0.0
 11
20.581177740403405
 21
134.76315789473685
 31
0.0
  0
LINE
  5
621
330
17
100
AcDbEntity
  8
可见轮廓
100
AcDbLine
 10
20.524177364584602
 20
134.7776003939526
 30
0.0
 11
20.566319837883327
 21
134.7669225233452
 31
0.0
  0
LINE
  5
622
330
17
100
AcDbEntity
  8
可见轮廓
100
AcDbLine
 10
20.455137131690464
 20
134.79509349807878
 30
0.0
 11
20.524177364584602
 21
134.7776003939526
 31
0.0
  0
LINE
  5
623
330
17
100
AcDbEntity
  8
可见轮廓
100
AcDbLine
 10
20.359811571987876
 20
134.81924666025483
 30
0.0
 11
20.455137131690464
 21
134.79509349807878
 31
0.0
  0
LINE
  5
624
330
17
100
AcDbEntity
  8
可见轮廓
100
AcDbLine
 10
20.23703218821663
 20
134.8503559490684
 30
0.0
 11
20.359811571987876
 21
134.81924666025483
 31
0.0
  0
LINE
  5
625
330
17
100
AcDbEntity
  8
可见轮廓
100
AcDbLine
 10
20.0901228182623
 20
134.88757918540458
 30
0.0
 11
20.23703218821663
 21
134.8503559490684
 31
0.0
  0
LINE
  5
626
330
17
100
AcDbEntity
  8
可见轮廓
100
AcDbLine
 10
19.920410628782122
 20
134.93058009773657
 30
0.0
 11
20.0901228182623
 21
134.88757918540458
 31
0.0
  0
LINE
  5
627
330
17
100
AcDbEntity
  8
可见轮廓
100
AcDbLine
 10
19.72941405919326
 20
134.97897395070464
 30
0.0
 11
19.920410628782122
 21
134.93058009773657
 31
0.0
  0
LINE
  5
628
330
17
100
AcDbEntity
  8
可见轮廓
100
AcDbLine
 10
19.51740524235214
 20
135.03269179250796
 30
0.0
 11
19.72941405919326
 21
134.97897395070464
 31
0.0
  0
LINE
  5
629
330
17
100
AcDbEntity
  8
可见轮廓
100
AcDbLine
 10
19.28809459558093
 20
135.0907934942702
 30
0.0
 11
19.51740524235214
 21
135.03269179250796
 31
0.0
  0
LINE
  5
62A
330
17
100
AcDbEntity
  8
可见轮廓
100
AcDbLine
 10
19.04354759191827
 20
135.15275571570967
 30
0.0
 11
19.28809459558093
 21
135.0907934942702
 31
0.0
  0
LINE
  5
62B
330
17
100
AcDbEntity
  8
可见轮廓
100
AcDbLine
 10
18.785957508774857
 20
135.21802273404677
 30
0.0
 11
19.04354759191827
 21
135.15275571570967
 31
0.0
  0
LINE
  5
62C
330
17
100
AcDbEntity
  8
可见轮廓
100
AcDbLine
 10
18.51699567936319
 20
135.28617107437873
 30
0.0
 11
18.785957508774857
 21
135.21802273404677
 31
0.0
  0
LINE
  5
62D
330
17
100
AcDbEntity
  8
可见轮廓
100
AcDbLine
 10
18.24019422303988
 20
135.35630578416698
 30
0.0
 11
18.51699567936319
 21
135.28617107437873
 31
0.0
  0
LINE
  5
62E
330
17
100
AcDbEntity
  8
可见轮廓
100
AcDbLine
 10
17.958042469678247
 20
135.4277961281887
 30
0.0
 11
18.24019422303988
 21
135.35630578416698
 31
0.0
  0
LINE
  5
62F
330
17
100
AcDbEntity
  8
可见轮廓
100
AcDbLine
 10
17.673074628078922
 20
135.5
 30
0.0
 11
17.958042469678247
 21
135.4277961281887
 31
0.0
  0
LINE
  5
630
330
17
100
AcDbEntity
  8
可见轮廓
100
AcDbLine
 10
19.733835085724138
 20
138.29715788236382
 30
0.0
 11
19.79375375583993
 21
138.35768234427883
 31
0.0
  0
LINE
  5
631
330
17
100
AcDbEntity
  8
可见轮廓
100
AcDbLine
 10
19.665129448518684
 20
138.22679326109446
 30
0.0
 11
19.733835085724138
 21
138.29715788236382
 31
0.0
  0
LINE
  5
632
330
17
100
AcDbEntity
  8
可见轮廓
100
AcDbLine
 10
19.58839494243699
 20
138.14699974592995
 30
0.0
 11
19.665129448518684
 21
138.22679326109446
 31
0.0
  0
LINE
  5
633
330
17
100
AcDbEntity
  8
可见轮廓
100
AcDbLine
 10
19.50438966569257
 20
138.05818860232944
 30
0.0
 11
19.58839494243699
 21
138.14699974592995
 31
0.0
  0
LINE
  5
634
330
17
100
AcDbEntity
  8
可见轮廓
100
AcDbLine
 10
19.413873507604393
 20
137.96077083921824
 30
0.0
 11
19.50438966569257
 21
138.05818860232944
 31
0.0
  0
LINE
  5
635
330
17
100
AcDbEntity
  8
可见轮廓
100
AcDbLine
 10
19.317643364134938
 20
137.855152165187
 30
0.0
 11
19.413873507604393
 21
137.96077083921824
 31
0.0
  0
LINE
  5
636
330
17
100
AcDbEntity
  8
可见轮廓
100
AcDbLine
 10
19.216530950333663
 20
137.74173330180804
 30
0.0
 11
19.317643364134938
 21
137.855152165187
 31
0.0
  0
LINE
  5
637
330
17
100
AcDbEntity
  8
可见轮廓
100
AcDbLine
 10
19.11136933433494
 20
137.62091477685598
 30
0.0
 11
19.216530950333663
 21
137.74173330180804
 31
0.0
  0
LINE
  5
638
330
17
100
AcDbEntity
  8
可见轮廓
100
AcDbLine
 10
19.09055181961196
 20
137.5966321332329
 30
0.0
 11
19.11136933433494
 21
137.62091477685598
 31
0.0
  0
LINE
  5
639
330
17
100
AcDbEntity
  8
可见轮廓
100
AcDbLine
 10
19.048577436887314
 20
137.5472869695303
 30
0.0
 11
19.06961915443128
 21
137.5720885534975
 31
0.0
  0
LINE
  5
63A
330
17
100
AcDbEntity
  8
可见轮廓
100
AcDbLine
 10
19.02743276507462
 20
137.5222303132117
 30
0.0
 11
19.048577436887314
 21
137.5472869695303
 31
0.0
  0
LINE
  5
63B
330
17
100
AcDbEntity
  8
可见轮廓
100
AcDbLine
 10
19.00619123708765
 20
137.4969215164223
 30
0.0
 11
19.02743276507462
 21
137.5222303132117
 31
0.0
  0
LINE
  5
63C
330
17
100
AcDbEntity
  8
可见轮廓
100
AcDbLine
 10
18.96344200496884
 20
137.44555922895296
 30
0.0
 11
18.984858951020897
 21
137.47136351104257
 31
0.0
  0
LINE
  5
63D
330
17
100
AcDbEntity
  8
可见轮廓
100
AcDbLine
 10
18.941946497025953
 20
137.41951160203402
 30
0.0
 11
18.96344200496884
 21
137.44555922895296
 31
0.0
  0
LINE
  5
63E
330
17
100
AcDbEntity
  8
可见轮廓
100
AcDbLine
 10
18.776082078668082
 20
137.21317890959614
 30
0.0
 11
18.941946497025953
 21
137.41951160203402
 31
0.0
  0
LINE
  5
63F
330
17
100
AcDbEntity
  8
可见轮廓
100
AcDbLine
 10
18.608608080226503
 20
136.99419135656638
 30
0.0
 11
18.776082078668082
 21
137.21317890959614
 31
0.0
  0
LINE
  5
640
330
17
100
AcDbEntity
  8
可见轮廓
100
AcDbLine
 10
18.44151274830864
 20
136.76403695311834
 30
0.0
 11
18.608608080226503
 21
136.99419135656638
 31
0.0
  0
LINE
  5
641
330
17
100
AcDbEntity
  8
可见轮廓
100
AcDbLine
 10
18.276549448308685
 20
136.52426528200283
 30
0.0
 11
18.44151274830864
 21
136.76403695311834
 31
0.0
  0
LINE
  5
642
330
17
100
AcDbEntity
  8
可见轮廓
100
AcDbLine
 10
18.115471083256153
 20
136.27642604717656
 30
0.0
 11
18.276549448308685
 21
136.52426528200283
 31
0.0
  0
LINE
  5
643
330
17
100
AcDbEntity
  8
可见轮廓
100
AcDbLine
 10
17.96003055618067
 20
136.0220689525962
 30
0.0
 11
18.115471083256153
 21
136.27642604717656
 31
0.0
  0
LINE
  5
644
330
17
100
AcDbEntity
  8
可见轮廓
100
AcDbLine
 10
17.811980770111717
 20
135.76274370221842
 30
0.0
 11
17.96003055618067
 21
136.0220689525962
 31
0.0
  0
LINE
  5
645
330
17
100
AcDbEntity
  8
可见轮廓
100
AcDbLine
 10
17.673074628078922
 20
135.49999999999997
 30
0.0
 11
17.811980770111717
 21
135.76274370221842
 31
0.0
  0
LINE
  5
646
330
17
100
AcDbEntity
  8
可见轮廓
100
AcDbLine
 10
20.581177740403916
 20
134.76315789473682
 30
0.0
 11
20.70546218327513
 21
135.23333083554886
 31
0.0
  0
LINE
  5
647
330
17
100
AcDbEntity
  8
可见轮廓
100
AcDbLine
 10
20.70546218327513
 20
135.23333083554886
 30
0.0
 11
20.837927781336646
 21
135.6973865467512
 31
0.0
  0
LINE
  5
648
330
17
100
AcDbEntity
  8
可见轮廓
100
AcDbLine
 10
20.837927781336646
 20
135.6973865467512
 30
0.0
 11
20.977006147667254
 21
136.15255187389502
 31
0.0
  0
LINE
  5
649
330
17
100
AcDbEntity
  8
可见轮廓
100
AcDbLine
 10
20.977006147667254
 20
136.15255187389502
 30
0.0
 11
21.12112889534575
 21
136.59605366253152
 31
0.0
  0
LINE
  5
64A
330
17
100
AcDbEntity
  8
可见轮廓
100
AcDbLine
 10
21.12112889534575
 20
136.59605366253152
 30
0.0
 11
21.26872763745095
 21
137.02511875821185
 31
0.0
  0
LINE
  5
64B
330
17
100
AcDbEntity
  8
可见轮廓
100
AcDbLine
 10
21.26872763745095
 20
137.02511875821185
 30
0.0
 11
21.418233987061683
 21
137.43697400648725
 31
0.0
  0
LINE
  5
64C
330
17
100
AcDbEntity
  8
可见轮廓
100
AcDbLine
 10
21.418233987061683
 20
137.43697400648725
 30
0.0
 11
21.56807914356213
 21
137.8288464698036
 31
0.0
  0
LINE
  5
64D
330
17
100
AcDbEntity
  8
可见轮廓
100
AcDbLine
 10
21.56807914356213
 20
137.8288464698036
 30
0.0
 11
21.716484149461365
 21
138.1980733931135
 31
0.0
  0
LINE
  5
64E
330
17
100
AcDbEntity
  8
可见轮廓
100
AcDbLine
 10
22.44433761357223
 20
139.8077946365348
 30
0.0
 11
22.464025896456803
 21
139.84754667541574
 31
0.0
  0
LINE
  5
64F
330
17
100
AcDbEntity
  8
可见轮廓
100
AcDbLine
 10
22.464025896456803
 20
139.84754667541574
 30
0.0
 11
22.48258022536342
 21
139.8848347435181
 31
0.0
  0
LINE
  5
650
330
17
100
AcDbEntity
  8
可见轮廓
100
AcDbLine
 10
22.48258022536342
 20
139.8848347435181
 30
0.0
 11
22.499966623369062
 21
139.91962197613324
 31
0.0
  0
LINE
  5
651
330
17
100
AcDbEntity
  8
可见轮廓
100
AcDbLine
 10
22.499966623369062
 20
139.91962197613324
 30
0.0
 11
22.516151113550706
 21
139.95187150855259
 31
0.0
  0
LINE
  5
652
330
17
100
AcDbEntity
  8
可见轮廓
100
AcDbLine
 10
22.516151113550706
 20
139.95187150855259
 30
0.0
 11
22.531099718985246
 21
139.98154647606762
 31
0.0
  0
LINE
  5
653
330
17
100
AcDbEntity
  8
可见轮廓
100
AcDbLine
 10
22.531099718985246
 20
139.98154647606762
 30
0.0
 11
22.54477846274966
 21
140.0086100139697
 31
0.0
  0
LINE
  5
654
330
17
100
AcDbEntity
  8
可见轮廓
100
AcDbLine
 10
22.54477846274966
 20
140.0086100139697
 30
0.0
 11
22.557153367920904
 21
140.03302525755024
 31
0.0
  0
LINE
  5
655
330
17
100
AcDbEntity
  8
可见轮廓
100
AcDbLine
 10
22.557153367920904
 20
140.03302525755024
 30
0.0
 11
22.568190457575923
 21
140.0547553421007
 31
0.0
  0
LINE
  5
656
330
17
100
AcDbEntity
  8
可见轮廓
100
AcDbLine
 10
22.467409491846183
 20
139.8724480123569
 30
0.0
 11
22.56818984262199
 21
140.05475413229226
 31
0.0
  0
LINE
  5
657
330
17
100
AcDbEntity
  8
可见轮廓
100
AcDbLine
 10
22.35446388872927
 20
139.69792355718934
 30
0.0
 11
22.467409491846183
 21
139.8724480123569
 31
0.0
  0
LINE
  5
658
330
17
100
AcDbEntity
  8
可见轮廓
100
AcDbLine
 10
22.229812973689576
 20
139.53177568055128
 30
0.0
 11
22.35446388872927
 21
139.69792355718934
 31
0.0
  0
LINE
  5
659
330
17
100
AcDbEntity
  8
可见轮廓
100
AcDbLine
 10
22.093916468963215
 20
139.37459886737253
 30
0.0
 11
22.229812973689576
 21
139.53177568055128
 31
0.0
  0
LINE
  5
65A
330
17
100
AcDbEntity
  8
可见轮廓
100
AcDbLine
 10
21.94723409678636
 20
139.22698760258288
 30
0.0
 11
22.093916468963215
 21
139.37459886737253
 31
0.0
  0
LINE
  5
65B
330
17
100
AcDbEntity
  8
可见轮廓
100
AcDbLine
 10
21.790498291743404
 20
139.08975924644824
 30
0.0
 11
21.94723409678636
 21
139.22698760258288
 31
0.0
  0
LINE
  5
65C
330
17
100
AcDbEntity
  8
可见轮廓
100
AcDbLine
 10
21.624937865964483
 20
138.96396611021294
 30
0.0
 11
21.790498291743404
 21
139.08975924644824
 31
0.0
  0
LINE
  5
65D
330
17
100
AcDbEntity
  8
可见轮廓
100
AcDbLine
 10
21.45121870839776
 20
138.8500381436534
 30
0.0
 11
21.624937865964483
 21
138.96396611021294
 31
0.0
  0
LINE
  5
65E
330
17
100
AcDbEntity
  8
可见轮廓
100
AcDbLine
 10
21.425430438481698
 20
138.834551458543
 30
0.0
 11
21.45121870839776
 21
138.8500381436534
 31
0.0
  0
LINE
  5
65F
330
17
100
AcDbEntity
  8
可见轮廓
100
AcDbLine
 10
21.399486417774455
 20
138.81932309171282
 30
0.0
 11
21.425430438481698
 21
138.834551458543
 31
0.0
  0
LINE
  5
660
330
17
100
AcDbEntity
  8
可见轮廓
100
AcDbLine
 10
21.32073913652556
 20
138.7752000839808
 30
0.0
 11
21.347138838234457
 21
138.78964618612395
 31
0.0
  0
LINE
  5
661
330
17
100
AcDbEntity
  8
可见轮廓
100
AcDbLine
 10
21.29419139827334
 20
138.7610171733488
 30
0.0
 11
21.32073913652556
 21
138.7752000839808
 31
0.0
  0
LINE
  5
662
330
17
100
AcDbEntity
  8
可见轮廓
100
AcDbLine
 10
21.267497552039742
 20
138.74709867253569
 30
0.0
 11
21.29419139827334
 21
138.7610171733488
 31
0.0
  0
LINE
  5
663
330
17
100
AcDbEntity
  8
可见轮廓
100
AcDbLine
 10
21.240659526386736
 20
138.73344579984922
 30
0.0
 11
21.267497552039742
 21
138.74709867253569
 31
0.0
  0
LINE
  5
664
330
17
100
AcDbEntity
  8
可见轮廓
100
AcDbLine
 10
21.077586489821783
 20
138.65755050845436
 30
0.0
 11
21.240659526386736
 21
138.73344579984922
 31
0.0
  0
LINE
  5
665
330
17
100
AcDbEntity
  8
可见轮廓
100
AcDbLine
 10
20.90994835163491
 20
138.59145325921924
 30
0.0
 11
21.077586489821783
 21
138.65755050845436
 31
0.0
  0
LINE
  5
666
330
17
100
AcDbEntity
  8
可见轮廓
100
AcDbLine
 10
20.738871913672284
 20
138.5356073790474
 30
0.0
 11
20.90994835163491
 21
138.59145325921924
 31
0.0
  0
LINE
  5
667
330
17
100
AcDbEntity
  8
可见轮廓
100
AcDbLine
 10
20.564973536736886
 20
138.4901699228725
 30
0.0
 11
20.738871913672284
 21
138.5356073790474
 31
0.0
  0
LINE
  5
668
330
17
100
AcDbEntity
  8
可见轮廓
100
AcDbLine
 10
20.38873041933627
 20
138.45523810602307
 30
0.0
 11
20.564973536736886
 21
138.4901699228725
 31
0.0
  0
LINE
  5
669
330
17
100
AcDbEntity
  8
可见轮廓
100
AcDbLine
 10
20.210619759978044
 20
138.43090914382776
 30
0.0
 11
20.38873041933627
 21
138.45523810602307
 31
0.0
  0
LINE
  5
66A
330
17
100
AcDbEntity
  8
可见轮廓
100
AcDbLine
 10
20.031118757169736
 20
138.41728025161515
 30
0.0
 11
20.210619759978044
 21
138.43090914382776
 31
0.0
  0
LINE
  5
66B
330
17
100
AcDbEntity
  8
可见轮廓
100
AcDbLine
 10
19.850704609418926
 20
138.41444864471384
 30
0.0
 11
20.031118757169736
 21
138.41728025161515
 31
0.0
  0
LINE
  5
66C
330
17
100
AcDbEntity
  8
可见轮廓
100
AcDbLine
 10
19.84416665622456
 20
138.4079943837842
 30
0.0
 11
19.8505360788495
 21
138.4143119784203
 31
0.0
  0
LINE
  5
66D
330
17
100
AcDbEntity
  8
可见轮廓
100
AcDbLine
 10
19.837587094584507
 20
138.40145932397297
 30
0.0
 11
19.84416665622456
 21
138.4079943837842
 31
0.0
  0
LINE
  5
66E
330
17
100
AcDbEntity
  8
可见轮廓
100
AcDbLine
 10
19.830799601873508
 20
138.39470799678804
 30
0.0
 11
19.837587094584507
 21
138.40145932397297
 31
0.0
  0
LINE
  5
66F
330
17
100
AcDbEntity
  8
可见轮廓
100
AcDbLine
 10
19.400447564219746
 20
138.45502512570795
 30
0.0
 11
19.404190802717608
 21
138.45437693457217
 31
0.0
  0
LINE
  5
670
330
17
100
AcDbEntity
  8
可见轮廓
100
AcDbLine
 10
19.388144171685923
 20
138.45706916176215
 30
0.0
 11
19.436723499449073
 21
138.44920495984724
 31
0.0
  0
LINE
  5
671
330
17
100
AcDbEntity
  8
可见轮廓
100
AcDbLine
 10
19.436723499449073
 20
138.44920495984724
 30
0.0
 11
19.489335744021076
 21
138.4415655121048
 31
0.0
  0
LINE
  5
672
330
17
100
AcDbEntity
  8
可见轮廓
100
AcDbLine
 10
19.489335744021076
 20
138.4415655121048
 30
0.0
 11
19.542597372651414
 21
138.43477341223954
 31
0.0
  0
LINE
  5
673
330
17
100
AcDbEntity
  8
可见轮廓
100
AcDbLine
 10
19.542597372651414
 20
138.43477341223954
 30
0.0
 11
19.59872193184421
 21
138.4287080429412
 31
0.0
  0
LINE
  5
674
330
17
100
AcDbEntity
  8
可见轮廓
100
AcDbLine
 10
19.59872193184421
 20
138.4287080429412
 30
0.0
 11
19.65910519840085
 21
138.42334886551285
 31
0.0
  0
LINE
  5
675
330
17
100
AcDbEntity
  8
可见轮廓
100
AcDbLine
 10
19.65910519840085
 20
138.42334886551285
 30
0.0
 11
19.72230335088065
 21
138.4190485290728
 31
0.0
  0
LINE
  5
676
330
17
100
AcDbEntity
  8
可见轮廓
100
AcDbLine
 10
19.72230335088065
 20
138.4190485290728
 30
0.0
 11
19.786760478317944
 21
138.41605991081295
 31
0.0
  0
LINE
  5
677
330
17
100
AcDbEntity
  8
可见轮廓
100
AcDbLine
 10
19.32542134741385
 20
138.46707194286813
 30
0.0
 11
19.388144171685724
 21
138.45706916176215
 31
0.0
  0
LINE
  5
678
330
17
100
AcDbEntity
  8
可见轮廓
100
AcDbLine
 10
19.262505319511774
 20
138.47577167509544
 30
0.0
 11
19.32542134741385
 21
138.46707194286813
 31
0.0
  0
LINE
  5
679
330
17
100
AcDbEntity
  8
可见轮廓
100
AcDbLine
 10
19.199422401680607
 20
138.48316473844613
 30
0.0
 11
19.262505319511774
 21
138.47577167509544
 31
0.0
  0
LINE
  5
67A
330
17
100
AcDbEntity
  8
可见轮廓
100
AcDbLine
 10
19.136198972761633
 20
138.48924802293874
 30
0.0
 11
19.199422401680607
 21
138.48316473844613
 31
0.0
  0
LINE
  5
67B
330
17
100
AcDbEntity
  8
可见轮廓
100
AcDbLine
 10
19.072854830775128
 20
138.49390935220066
 30
0.0
 11
19.136198972761633
 21
138.48924802293874
 31
0.0
  0
LINE
  5
67C
330
17
100
AcDbEntity
  8
可见轮廓
100
AcDbLine
 10
19.00942839997404
 20
138.49725595998106
 30
0.0
 11
19.072854830775128
 21
138.49390935220066
 31
0.0
  0
LINE
  5
67D
330
17
100
AcDbEntity
  8
可见轮廓
100
AcDbLine
 10
18.945946205959984
 20
138.49928646508096
 30
0.0
 11
19.00942839997404
 21
138.49725595998106
 31
0.0
  0
LINE
  5
67E
330
17
100
AcDbEntity
  8
可见轮廓
100
AcDbLine
 10
18.882434796099915
 20
138.5
 30
0.0
 11
18.945946205959984
 21
138.49928646508096
 31
0.0
  0
LINE
  5
67F
330
17
100
AcDbEntity
  8
可见轮廓
100
AcDbLine
 10
12.29360586563385
 20
127.49999999999999
 30
0.0
 11
13.99837875989894
 21
127.49999999999999
 31
0.0
  0
LINE
  5
680
330
17
100
AcDbEntity
  8
可见轮廓
100
AcDbLine
 10
10.624353743564313
 20
127.49999999999999
 30
0.0
 11
12.29360586563385
 21
127.49999999999999
 31
0.0
  0
LINE
  5
681
330
17
100
AcDbEntity
  8
可见轮廓
100
AcDbLine
 10
9.02222587428406
 20
127.49999999999999
 30
0.0
 11
10.624353743564313
 21
127.49999999999999
 31
0.0
  0
LINE
  5
682
330
17
100
AcDbEntity
  8
可见轮廓
100
AcDbLine
 10
7.5176380614916525
 20
127.49999999999999
 30
0.0
 11
9.02222587428406
 21
127.49999999999999
 31
0.0
  0
LINE
  5
683
330
17
100
AcDbEntity
  8
可见轮廓
100
AcDbLine
 10
6.152665496881411
 20
127.49999999999999
 30
0.0
 11
7.5176380614916525
 21
127.49999999999999
 31
0.0
  0
LINE
  5
684
330
17
100
AcDbEntity
  8
可见轮廓
100
AcDbLine
 10
4.945023357792934
 20
127.49999999999999
 30
0.0
 11
6.152665496881411
 21
127.49999999999999
 31
0.0
  0
LINE
  5
685
330
17
100
AcDbEntity
  8
可见轮廓
100
AcDbLine
 10
3.917492425248554
 20
127.49999999999999
 30
0.0
 11
4.945023357792934
 21
127.49999999999999
 31
0.0
  0
LINE
  5
686
330
17
100
AcDbEntity
  8
可见轮廓
100
AcDbLine
 10
3.0896666452642307
 20
127.49999999999999
 30
0.0
 11
3.917492425248554
 21
127.49999999999999
 31
0.0
  0
LINE
  5
687
330
17
100
AcDbEntity
  8
可见轮廓
100
AcDbLine
 10
2.8379079904213995
 20
127.5
 30
0.0
 11
3.0896666452642307
 21
127.49999999999999
 31
0.0
  0
LINE
  5
688
330
17
100
AcDbEntity
  8
可见轮廓
100
AcDbLine
 10
2.6177266643040866
 20
127.5
 30
0.0
 11
2.8379079904213995
 21
127.5
 31
0.0
  0
LINE
  5
689
330
17
100
AcDbEntity
  8
可见轮廓
100
AcDbLine
 10
2.429712532472365
 20
127.5
 30
0.0
 11
2.6177266643040866
 21
127.5
 31
0.0
  0
LINE
  5
68A
330
17
100
AcDbEntity
  8
可见轮廓
100
AcDbLine
 10
2.274374636401234
 20
127.5
 30
0.0
 11
2.429712532472365
 21
127.5
 31
0.0
  0
LINE
  5
68B
330
17
100
AcDbEntity
  8
可见轮廓
100
AcDbLine
 10
2.154933716395931
 20
127.5
 30
0.0
 11
2.274374636401234
 21
127.5
 31
0.0
  0
LINE
  5
68C
330
17
100
AcDbEntity
  8
可见轮廓
100
AcDbLine
 10
2.06898264132451
 20
127.5
 30
0.0
 11
2.154933716395931
 21
127.5
 31
0.0
  0
LINE
  5
68D
330
17
100
AcDbEntity
  8
可见轮廓
100
AcDbLine
 10
2.0167497749666268
 20
127.5
 30
0.0
 11
2.06898264132451
 21
127.5
 31
0.0
  0
LINE
  5
68E
330
17
100
AcDbEntity
  8
可见轮廓
100
AcDbLine
 10
1.9983787598999356
 20
127.5
 30
0.0
 11
2.0167497749666268
 21
127.5
 31
0.0
  0
LINE
  5
68F
330
17
100
AcDbEntity
  8
可见轮廓
100
AcDbLine
 10
15.835726693989102
 20
127.5
 30
0.0
 11
16.81760345790994
 21
127.5
 31
0.0
  0
LINE
  5
690
330
17
100
AcDbEntity
  8
可见轮廓
100
AcDbLine
 10
15.815156227570924
 20
127.5
 30
0.0
 11
15.835726693989102
 21
127.5
 31
0.0
  0
LINE
  5
691
330
17
100
AcDbEntity
  8
可见轮廓
100
AcDbLine
 10
13.99837875989894
 20
127.5
 30
0.0
 11
15.815156227570924
 21
127.5
 31
0.0
  0
LINE
  5
692
330
17
100
AcDbEntity
  8
可见轮廓
100
AcDbLine
 10
19.81966958267992
 20
127.5
 30
0.0
 11
29.63193369524194
 21
127.5
 31
0.0
  0
LINE
  5
693
330
17
100
AcDbEntity
  8
可见轮廓
100
AcDbLine
 10
13.99837875989894
 20
118.5
 30
0.0
 11
16.968029624557943
 21
118.5
 31
0.0
  0
LINE
  5
694
330
17
100
AcDbEntity
  8
可见轮廓
100
AcDbLine
 10
16.968029624557943
 20
118.5
 30
0.0
 11
19.937680489216916
 21
118.5
 31
0.0
  0
LINE
  5
695
330
17
100
AcDbEntity
  8
可见轮廓
100
AcDbLine
 10
4.998378759899936
 20
118.5
 30
0.0
 11
5.144154892385728
 21
118.5
 31
0.0
  0
LINE
  5
696
330
17
100
AcDbEntity
  8
可见轮廓
100
AcDbLine
 10
5.144154892385728
 20
118.5
 30
0.0
 11
5.554532964214104
 21
118.5
 31
0.0
  0
LINE
  5
697
330
17
100
AcDbEntity
  8
可见轮廓
100
AcDbLine
 10
5.554532964214104
 20
118.5
 30
0.0
 11
6.217567715336628
 21
118.5
 31
0.0
  0
LINE
  5
698
330
17
100
AcDbEntity
  8
可见轮廓
100
AcDbLine
 10
6.217567715336628
 20
118.5
 30
0.0
 11
7.114588299039212
 21
118.5
 31
0.0
  0
LINE
  5
699
330
17
100
AcDbEntity
  8
可见轮廓
100
AcDbLine
 10
7.114588299039212
 20
118.5
 30
0.0
 11
8.234607182792246
 21
118.5
 31
0.0
  0
LINE
  5
69A
330
17
100
AcDbEntity
  8
可见轮廓
100
AcDbLine
 10
8.234607182792246
 20
118.5
 30
0.0
 11
9.525410079736673
 21
118.5
 31
0.0
  0
LINE
  5
69B
330
17
100
AcDbEntity
  8
可见轮廓
100
AcDbLine
 10
9.525410079736673
 20
118.5
 30
0.0
 11
10.95005310600871
 21
118.5
 31
0.0
  0
LINE
  5
69C
330
17
100
AcDbEntity
  8
可见轮廓
100
AcDbLine
 10
10.95005310600871
 20
118.5
 30
0.0
 11
12.468029624558426
 21
118.5
 31
0.0
  0
LINE
  5
69D
330
17
100
AcDbEntity
  8
可见轮廓
100
AcDbLine
 10
12.468029624558426
 20
118.5
 30
0.0
 11
12.657811572853461
 21
118.5
 31
0.0
  0
LINE
  5
69E
330
17
100
AcDbEntity
  8
可见轮廓
100
AcDbLine
 10
12.657811572853461
 20
118.5
 30
0.0
 11
12.848188530156392
 21
118.5
 31
0.0
  0
LINE
  5
69F
330
17
100
AcDbEntity
  8
可见轮廓
100
AcDbLine
 10
12.848188530156392
 20
118.5
 30
0.0
 11
13.039079466510373
 21
118.5
 31
0.0
  0
LINE
  5
6A0
330
17
100
AcDbEntity
  8
可见轮廓
100
AcDbLine
 10
13.039079466510373
 20
118.5
 30
0.0
 11
13.230403147797034
 21
118.5
 31
0.0
  0
LINE
  5
6A1
330
17
100
AcDbEntity
  8
可见轮廓
100
AcDbLine
 10
13.230403147797034
 20
118.5
 30
0.0
 11
13.42209860489669
 21
118.5
 31
0.0
  0
LINE
  5
6A2
330
17
100
AcDbEntity
  8
可见轮廓
100
AcDbLine
 10
13.42209860489669
 20
118.5
 30
0.0
 11
13.614047500052777
 21
118.5
 31
0.0
  0
LINE
  5
6A3
330
17
100
AcDbEntity
  8
可见轮廓
100
AcDbLine
 10
13.614047500052777
 20
118.5
 30
0.0
 11
13.8061681391614
 21
118.5
 31
0.0
  0
LINE
  5
6A4
330
17
100
AcDbEntity
  8
可见轮廓
100
AcDbLine
 10
13.8061681391614
 20
118.5
 30
0.0
 11
13.99837875989894
 21
118.5
 31
0.0
  0
LINE
  5
6A5
330
17
100
AcDbEntity
  8
可见轮廓
100
AcDbLine
 10
13.738877987283615
 20
138.5
 30
0.0
 11
13.998378759899936
 21
138.5
 31
0.0
  0
LINE
  5
6A6
330
17
100
AcDbEntity
  8
可见轮廓
100
AcDbLine
 10
13.479598669702142
 20
138.5
 30
0.0
 11
13.738877987283615
 21
138.5
 31
0.0
  0
LINE
  5
6A7
330
17
100
AcDbEntity
  8
可见轮廓
100
AcDbLine
 10
13.220741954237155
 20
138.5
 30
0.0
 11
13.479598669702142
 21
138.5
 31
0.0
  0
LINE
  5
6A8
330
17
100
AcDbEntity
  8
可见轮廓
100
AcDbLine
 10
12.962508681959065
 20
138.5
 30
0.0
 11
13.220741954237155
 21
138.5
 31
0.0
  0
LINE
  5
6A9
330
17
100
AcDbEntity
  8
可见轮廓
100
AcDbLine
 10
12.705189540186012
 20
138.5
 30
0.0
 11
12.962508681959065
 21
138.5
 31
0.0
  0
LINE
  5
6AA
330
17
100
AcDbEntity
  8
可见轮廓
100
AcDbLine
 10
12.448933808219806
 20
138.5
 30
0.0
 11
12.705189540186012
 21
138.5
 31
0.0
  0
LINE
  5
6AB
330
17
100
AcDbEntity
  8
可见轮廓
100
AcDbLine
 10
12.19394026562506
 20
138.5
 30
0.0
 11
12.448933808219806
 21
138.5
 31
0.0
  0
LINE
  5
6AC
330
17
100
AcDbEntity
  8
可见轮廓
100
AcDbLine
 10
11.940406777999925
 20
138.5
 30
0.0
 11
12.19394026562506
 21
138.5
 31
0.0
  0
LINE
  5
6AD
330
17
100
AcDbEntity
  8
可见轮廓
100
AcDbLine
 10
10.51129012149076
 20
138.5
 30
0.0
 11
11.940406777999925
 21
138.5
 31
0.0
  0
LINE
  5
6AE
330
17
100
AcDbEntity
  8
可见轮廓
100
AcDbLine
 10
9.179631495598016
 20
138.5
 30
0.0
 11
10.51129012149076
 21
138.5
 31
0.0
  0
LINE
  5
6AF
330
17
100
AcDbEntity
  8
可见轮廓
100
AcDbLine
 10
7.98012480517923
 20
138.5
 30
0.0
 11
9.179631495598016
 21
138.5
 31
0.0
  0
LINE
  5
6B0
330
17
100
AcDbEntity
  8
可见轮廓
100
AcDbLine
 10
6.944239980534292
 20
138.5
 30
0.0
 11
7.98012480517923
 21
138.5
 31
0.0
  0
LINE
  5
6B1
330
17
100
AcDbEntity
  8
可见轮廓
100
AcDbLine
 10
6.117809869064644
 20
138.5
 30
0.0
 11
6.944239980534292
 21
138.5
 31
0.0
  0
LINE
  5
6B2
330
17
100
AcDbEntity
  8
可见轮廓
100
AcDbLine
 10
5.508486642626508
 20
138.5
 30
0.0
 11
6.117809869064644
 21
138.5
 31
0.0
  0
LINE
  5
6B3
330
17
100
AcDbEntity
  8
可见轮廓
100
AcDbLine
 10
5.131994816908303
 20
138.5
 30
0.0
 11
5.508486642626508
 21
138.5
 31
0.0
  0
LINE
  5
6B4
330
17
100
AcDbEntity
  8
可见轮廓
100
AcDbLine
 10
4.998378759899936
 20
138.5
 30
0.0
 11
5.131994816908303
 21
138.5
 31
0.0
  0
LINE
  5
6B5
330
17
100
AcDbEntity
  8
可见轮廓
100
AcDbLine
 10
16.924541684658948
 20
138.5
 30
0.0
 11
18.882434796099915
 21
138.5
 31
0.0
  0
LINE
  5
6B6
330
17
100
AcDbEntity
  8
可见轮廓
100
AcDbLine
 10
13.998378759899936
 20
138.5
 30
0.0
 11
16.924541684658948
 21
138.5
 31
0.0
  0
LINE
  5
6B7
330
17
100
AcDbEntity
  8
可见轮廓
100
AcDbLine
 10
13.99837875989894
 20
129.5
 30
0.0
 11
15.815156227570924
 21
129.5
 31
0.0
  0
LINE
  5
6B8
330
17
100
AcDbEntity
  8
可见轮廓
100
AcDbLine
 10
15.815156227570924
 20
129.5
 30
0.0
 11
15.835726693989102
 21
129.5
 31
0.0
  0
LINE
  5
6B9
330
17
100
AcDbEntity
  8
可见轮廓
100
AcDbLine
 10
15.835726693989102
 20
129.5
 30
0.0
 11
16.81760345790994
 21
129.5
 31
0.0
  0
LINE
  5
6BA
330
17
100
AcDbEntity
  8
可见轮廓
100
AcDbLine
 10
1.9983787598999356
 20
129.5
 30
0.0
 11
2.016749774966655
 21
129.5
 31
0.0
  0
LINE
  5
6BB
330
17
100
AcDbEntity
  8
可见轮廓
100
AcDbLine
 10
2.016749774966655
 20
129.5
 30
0.0
 11
2.06898264132451
 21
129.5
 31
0.0
  0
LINE
  5
6BC
330
17
100
AcDbEntity
  8
可见轮廓
100
AcDbLine
 10
2.06898264132451
 20
129.5
 30
0.0
 11
2.154933716395931
 21
129.5
 31
0.0
  0
LINE
  5
6BD
330
17
100
AcDbEntity
  8
可见轮廓
100
AcDbLine
 10
2.154933716395931
 20
129.5
 30
0.0
 11
2.2743746364012623
 21
129.5
 31
0.0
  0
LINE
  5
6BE
330
17
100
AcDbEntity
  8
可见轮廓
100
AcDbLine
 10
2.2743746364012623
 20
129.5
 30
0.0
 11
2.4297125324723936
 21
129.5
 31
0.0
  0
LINE
  5
6BF
330
17
100
AcDbEntity
  8
可见轮廓
100
AcDbLine
 10
2.4297125324723936
 20
129.5
 30
0.0
 11
2.617726664304115
 21
129.5
 31
0.0
  0
LINE
  5
6C0
330
17
100
AcDbEntity
  8
可见轮廓
100
AcDbLine
 10
2.617726664304115
 20
129.5
 30
0.0
 11
2.8379079904213995
 21
129.5
 31
0.0
  0
LINE
  5
6C1
330
17
100
AcDbEntity
  8
可见轮廓
100
AcDbLine
 10
2.8379079904213995
 20
129.5
 30
0.0
 11
3.0896666452642307
 21
129.5
 31
0.0
  0
LINE
  5
6C2
330
17
100
AcDbEntity
  8
可见轮廓
100
AcDbLine
 10
3.0896666452642307
 20
129.5
 30
0.0
 11
3.917492425248554
 21
129.5
 31
0.0
  0
LINE
  5
6C3
330
17
100
AcDbEntity
  8
可见轮廓
100
AcDbLine
 10
3.917492425248554
 20
129.5
 30
0.0
 11
4.945023357792934
 21
129.5
 31
0.0
  0
LINE
  5
6C4
330
17
100
AcDbEntity
  8
可见轮廓
100
AcDbLine
 10
4.945023357792934
 20
129.5
 30
0.0
 11
6.15266549688144
 21
129.5
 31
0.0
  0
LINE
  5
6C5
330
17
100
AcDbEntity
  8
可见轮廓
100
AcDbLine
 10
6.15266549688144
 20
129.5
 30
0.0
 11
7.5176380614916525
 21
129.5
 31
0.0
  0
LINE
  5
6C6
330
17
100
AcDbEntity
  8
可见轮廓
100
AcDbLine
 10
7.5176380614916525
 20
129.5
 30
0.0
 11
9.02222587428406
 21
129.5
 31
0.0
  0
LINE
  5
6C7
330
17
100
AcDbEntity
  8
可见轮廓
100
AcDbLine
 10
9.02222587428406
 20
129.5
 30
0.0
 11
10.624353743564313
 21
129.5
 31
0.0
  0
LINE
  5
6C8
330
17
100
AcDbEntity
  8
可见轮廓
100
AcDbLine
 10
10.624353743564313
 20
129.5
 30
0.0
 11
12.29360586563385
 21
129.5
 31
0.0
  0
LINE
  5
6C9
330
17
100
AcDbEntity
  8
可见轮廓
100
AcDbLine
 10
12.29360586563385
 20
129.5
 30
0.0
 11
13.99837875989894
 21
129.5
 31
0.0
  0
LINE
  5
6CA
330
17
100
AcDbEntity
  8
可见轮廓
100
AcDbLine
 10
46.30183990944792
 20
153.9803144678917
 30
0.0
 11
112.55986188892088
 21
151.37530973141142
 31
0.0
  0
LINE
  5
6CB
330
17
100
AcDbEntity
  8
可见轮廓
100
AcDbLine
 10
112.55986188892088
 20
151.37530973141142
 30
0.0
 11
116.19380419516203
 21
151.23243741743278
 31
0.0
  0
LINE
  5
6CC
330
17
100
AcDbEntity
  8
可见轮廓
100
AcDbLine
 10
116.19380419516203
 20
151.23243741743278
 30
0.0
 11
186.0857684808761
 21
148.48456036697388
 31
0.0
  0
LINE
  5
6CD
330
17
100
AcDbEntity
  8
可见轮廓
100
AcDbLine
 10
116.19380419516202
 20
105.7675625825672
 30
0.0
 11
186.08576848087614
 21
108.5154396330261
 31
0.0
  0
LINE
  5
6CE
330
17
100
AcDbEntity
  8
可见轮廓
100
AcDbLine
 10
112.55986188892088
 20
105.62469026858857
 30
0.0
 11
116.19380419516202
 21
105.7675625825672
 31
0.0
  0
LINE
  5
6CF
330
17
100
AcDbEntity
  8
可见轮廓
100
AcDbLine
 10
46.301839909447935
 20
103.0196855321083
 30
0.0
 11
112.55986188892088
 21
105.62469026858857
 31
0.0
  0
LINE
  5
6D0
330
17
100
AcDbEntity
  8
可见轮廓
100
AcDbLine
 10
19.81966958267992
 20
129.5
 30
0.0
 11
29.63193369524194
 21
129.5
 31
0.0
  0
LINE
  5
6D1
330
17
100
AcDbEntity
  8
可见轮廓
100
AcDbLine
 10
16.977342196914208
 20
129.5
 30
0.0
 11
16.998378759899936
 21
129.5
 31
0.0
  0
LINE
  5
6D2
330
17
100
AcDbEntity
  8
可见轮廓
100
AcDbLine
 10
16.91775145875735
 20
129.5
 30
0.0
 11
16.977342196914208
 21
129.5
 31
0.0
  0
LINE
  5
6D3
330
17
100
AcDbEntity
  8
可见轮廓
100
AcDbLine
 10
16.820357280917904
 20
129.5
 30
0.0
 11
16.91775145875735
 21
129.5
 31
0.0
  0
LINE
  5
6D4
330
17
100
AcDbEntity
  8
可见轮廓
100
AcDbLine
 10
16.686345687060026
 20
129.5
 30
0.0
 11
16.820357280917904
 21
129.5
 31
0.0
  0
LINE
  5
6D5
330
17
100
AcDbEntity
  8
可见轮廓
100
AcDbLine
 10
16.514637036157637
 20
129.5
 30
0.0
 11
16.686345687060026
 21
129.5
 31
0.0
  0
LINE
  5
6D6
330
17
100
AcDbEntity
  8
可见轮廓
100
AcDbLine
 10
16.310457569431065
 20
129.5
 30
0.0
 11
16.514637036157637
 21
129.5
 31
0.0
  0
LINE
  5
6D7
330
17
100
AcDbEntity
  8
可见轮廓
100
AcDbLine
 10
16.076338611987325
 20
129.5
 30
0.0
 11
16.310457569431065
 21
129.5
 31
0.0
  0
LINE
  5
6D8
330
17
100
AcDbEntity
  8
可见轮廓
100
AcDbLine
 10
15.815156227570952
 20
129.5
 30
0.0
 11
16.076338611987325
 21
129.5
 31
0.0
  0
LINE
  5
6D9
330
17
100
AcDbEntity
  8
可见轮廓
100
AcDbLine
 10
135.30005419516183
 20
134.5
 30
0.0
 11
160.30005419516183
 21
134.5
 31
0.0
  0
LINE
  5
6DA
330
17
100
AcDbEntity
  8
可见轮廓
100
AcDbLine
 10
160.30005419516183
 20
134.5
 30
0.0
 11
185.30005419516183
 21
134.5
 31
0.0
  0
LINE
  5
6DB
330
17
100
AcDbEntity
  8
可见轮廓
100
AcDbLine
 10
160.30005419516183
 20
122.5
 30
0.0
 11
185.30005419516183
 21
122.5
 31
0.0
  0
LINE
  5
6DC
330
17
100
AcDbEntity
  8
可见轮廓
100
AcDbLine
 10
135.30005419516183
 20
122.5
 30
0.0
 11
160.30005419516183
 21
122.5
 31
0.0
  0
LINE
  5
6DD
330
17
100
AcDbEntity
  8
可见轮廓
100
AcDbLine
 10
135.30005419516183
 20
148.5
 30
0.0
 11
160.30005419516183
 21
148.5
 31
0.0
  0
LINE
  5
6DE
330
17
100
AcDbEntity
  8
可见轮廓
100
AcDbLine
 10
160.30005419516183
 20
148.5
 30
0.0
 11
185.30005419516183
 21
148.49999999999997
 31
0.0
  0
LINE
  5
6DF
330
17
100
AcDbEntity
  8
可见轮廓
100
AcDbLine
 10
160.30005419516183
 20
108.5
 30
0.0
 11
185.30005419516183
 21
108.5
 31
0.0
  0
LINE
  5
6E0
330
17
100
AcDbEntity
  8
可见轮廓
100
AcDbLine
 10
135.30005419516183
 20
108.5
 30
0.0
 11
160.30005419516183
 21
108.5
 31
0.0
  0
LINE
  5
6E1
330
17
100
AcDbEntity
  8
可见轮廓
100
AcDbLine
 10
24.725801638960945
 20
127.5
 30
0.0
 11
29.63193369524194
 21
127.5
 31
0.0
  0
LINE
  5
6E2
330
17
100
AcDbEntity
  8
可见轮廓
100
AcDbLine
 10
19.81966958267992
 20
127.5
 30
0.0
 11
24.725801638960945
 21
127.5
 31
0.0
  0
LINE
  5
6E3
330
17
100
AcDbEntity
  8
可见轮廓
100
AcDbLine
 10
19.81966958267992
 20
129.5
 30
0.0
 11
24.725801638960945
 21
129.5
 31
0.0
  0
LINE
  5
6E4
330
17
100
AcDbEntity
  8
可见轮廓
100
AcDbLine
 10
24.725801638960945
 20
129.5
 30
0.0
 11
29.63193369524194
 21
129.5
 31
0.0
  0
LINE
  5
6E5
330
17
100
AcDbEntity
  8
可见轮廓
100
AcDbLine
 10
1.9983787598999356
 20
121.5
 30
0.0
 11
2.01282457189987
 21
121.20594864428548
 31
0.0
  0
LINE
  5
6E6
330
17
100
AcDbEntity
  8
可见轮廓
100
AcDbLine
 10
2.01282457189987
 20
121.20594864428548
 30
0.0
 11
2.05602287815924
 21
120.91472916925551
 31
0.0
  0
LINE
  5
6E7
330
17
100
AcDbEntity
  8
可见轮廓
100
AcDbLine
 10
2.05602287815924
 20
120.91472916925551
 30
0.0
 11
2.127557680765335
 21
120.62914618931259
 31
0.0
  0
LINE
  5
6E8
330
17
100
AcDbEntity
  8
可见轮廓
100
AcDbLine
 10
2.127557680765335
 20
120.62914618931259
 30
0.0
 11
2.226740017085092
 21
120.35195004032245
 31
0.0
  0
LINE
  5
6E9
330
17
100
AcDbEntity
  8
可见轮廓
100
AcDbLine
 10
2.226740017085092
 20
120.35195004032245
 30
0.0
 11
2.3526147412964633
 21
120.08581018630005
 31
0.0
  0
LINE
  5
6EA
330
17
100
AcDbEntity
  8
可见轮廓
100
AcDbLine
 10
2.3526147412964633
 20
120.08581018630005
 30
0.0
 11
2.5039696190180507
 21
119.83328974930991
 31
0.0
  0
LINE
  5
6EB
330
17
100
AcDbEntity
  8
可见轮廓
100
AcDbLine
 10
2.5039696190180507
 20
119.83328974930991
 30
0.0
 11
2.6793469889056496
 21
119.59682061600344
 31
0.0
  0
LINE
  5
6EC
330
17
100
AcDbEntity
  8
可见轮廓
100
AcDbLine
 10
2.6793469889056496
 20
119.59682061600344
 30
0.0
 11
2.8770577755893214
 21
119.37868005580444
 31
0.0
  0
LINE
  5
6ED
330
17
100
AcDbEntity
  8
可见轮廓
100
AcDbLine
 10
2.8770577755893214
 20
119.37868005580444
 30
0.0
 11
3.0951712266826803
 21
119.18098811450344
 31
0.0
  0
LINE
  5
6EE
330
17
100
AcDbEntity
  8
可见轮廓
100
AcDbLine
 10
3.0951712266826803
 20
119.18098811450344
 30
0.0
 11
3.331629773387732
 21
119.00561312350276
 31
0.0
  0
LINE
  5
6EF
330
17
100
AcDbEntity
  8
可见轮廓
100
AcDbLine
 10
3.331629773387732
 20
119.00561312350276
 30
0.0
 11
3.5841658482428045
 21
118.85424814072812
 31
0.0
  0
LINE
  5
6F0
330
17
100
AcDbEntity
  8
可见轮廓
100
AcDbLine
 10
3.5841658482428045
 20
118.85424814072812
 30
0.0
 11
3.85031110744265
 21
118.72836781702095
 31
0.0
  0
LINE
  5
6F1
330
17
100
AcDbEntity
  8
可见轮廓
100
AcDbLine
 10
3.85031110744265
 20
118.72836781702095
 30
0.0
 11
4.127503680188738
 21
118.62918468795701
 31
0.0
  0
LINE
  5
6F2
330
17
100
AcDbEntity
  8
可见轮廓
100
AcDbLine
 10
4.127503680188738
 20
118.62918468795701
 30
0.0
 11
4.413090508227924
 21
118.55764836748656
 31
0.0
  0
LINE
  5
6F3
330
17
100
AcDbEntity
  8
可见轮廓
100
AcDbLine
 10
4.413090508227924
 20
118.55764836748656
 30
0.0
 11
4.704327345852477
 21
118.51444554793443
 31
0.0
  0
LINE
  5
6F4
330
17
100
AcDbEntity
  8
可见轮廓
100
AcDbLine
 10
4.704327345852477
 20
118.51444554793443
 30
0.0
 11
4.998378759899936
 21
118.5
 31
0.0
  0
LINE
  5
6F5
330
17
100
AcDbEntity
  8
可见轮廓
100
AcDbLine
 10
1.9983787598999356
 20
135.5
 30
0.0
 11
2.01282457189987
 21
135.79405135571452
 31
0.0
  0
LINE
  5
6F6
330
17
100
AcDbEntity
  8
可见轮廓
100
AcDbLine
 10
2.01282457189987
 20
135.79405135571452
 30
0.0
 11
2.0560228781592684
 21
136.08527083074452
 31
0.0
  0
LINE
  5
6F7
330
17
100
AcDbEntity
  8
可见轮廓
100
AcDbLine
 10
2.0560228781592684
 20
136.08527083074452
 30
0.0
 11
2.1275576807653636
 21
136.37085381068744
 31
0.0
  0
LINE
  5
6F8
330
17
100
AcDbEntity
  8
可见轮廓
100
AcDbLine
 10
2.1275576807653636
 20
136.37085381068744
 30
0.0
 11
2.2267400170851204
 21
136.6480499596776
 31
0.0
  0
LINE
  5
6F9
330
17
100
AcDbEntity
  8
可见轮廓
100
AcDbLine
 10
2.2267400170851204
 20
136.6480499596776
 30
0.0
 11
2.3526147412964633
 21
136.91418981369998
 31
0.0
  0
LINE
  5
6FA
330
17
100
AcDbEntity
  8
可见轮廓
100
AcDbLine
 10
2.3526147412964633
 20
136.91418981369998
 30
0.0
 11
2.5039696190180507
 21
137.16671025069013
 31
0.0
  0
LINE
  5
6FB
330
17
100
AcDbEntity
  8
可见轮廓
100
AcDbLine
 10
2.5039696190180507
 20
137.16671025069013
 30
0.0
 11
2.679346988905678
 21
137.4031793839966
 31
0.0
  0
LINE
  5
6FC
330
17
100
AcDbEntity
  8
可见轮廓
100
AcDbLine
 10
2.679346988905678
 20
137.4031793839966
 30
0.0
 11
2.8770577755893214
 21
137.62131994419556
 31
0.0
  0
LINE
  5
6FD
330
17
100
AcDbEntity
  8
可见轮廓
100
AcDbLine
 10
2.8770577755893214
 20
137.62131994419556
 30
0.0
 11
3.0951712266827087
 21
137.8190118854966
 31
0.0
  0
LINE
  5
6FE
330
17
100
AcDbEntity
  8
可见轮廓
100
AcDbLine
 10
3.0951712266827087
 20
137.8190118854966
 30
0.0
 11
3.331629773387732
 21
137.99438687649726
 31
0.0
  0
LINE
  5
6FF
330
17
100
AcDbEntity
  8
可见轮廓
100
AcDbLine
 10
3.331629773387732
 20
137.99438687649726
 30
0.0
 11
3.584165848242776
 21
138.14575185927188
 31
0.0
  0
LINE
  5
700
330
17
100
AcDbEntity
  8
可见轮廓
100
AcDbLine
 10
3.584165848242776
 20
138.14575185927188
 30
0.0
 11
3.8503111074426215
 21
138.27163218297903
 31
0.0
  0
LINE
  5
701
330
17
100
AcDbEntity
  8
可见轮廓
100
AcDbLine
 10
3.8503111074426215
 20
138.27163218297903
 30
0.0
 11
4.12750368018871
 21
138.370815312043
 31
0.0
  0
LINE
  5
702
330
17
100
AcDbEntity
  8
可见轮廓
100
AcDbLine
 10
4.12750368018871
 20
138.370815312043
 30
0.0
 11
4.413090508227924
 21
138.44235163251344
 31
0.0
  0
LINE
  5
703
330
17
100
AcDbEntity
  8
可见轮廓
100
AcDbLine
 10
4.413090508227924
 20
138.44235163251344
 30
0.0
 11
4.704327345852448
 21
138.48555445206557
 31
0.0
  0
LINE
  5
704
330
17
100
AcDbEntity
  8
可见轮廓
100
AcDbLine
 10
4.704327345852448
 20
138.48555445206557
 30
0.0
 11
4.998378759899936
 21
138.5
 31
0.0
  0
LINE
  5
705
330
17
100
AcDbEntity
  8
可见轮廓
100
AcDbLine
 10
1.9983787598999356
 20
129.5
 30
0.0
 11
1.9983787598999356
 21
132.5
 31
0.0
  0
LINE
  5
706
330
17
100
AcDbEntity
  8
可见轮廓
100
AcDbLine
 10
1.9983787598999356
 20
132.5
 30
0.0
 11
1.9983787598999356
 21
135.5
 31
0.0
  0
LINE
  5
707
330
17
100
AcDbEntity
  8
可见轮廓
100
AcDbLine
 10
1.9983787598999356
 20
121.5
 30
0.0
 11
1.9983787598999356
 21
124.5
 31
0.0
  0
LINE
  5
708
330
17
100
AcDbEntity
  8
可见轮廓
100
AcDbLine
 10
1.9983787598999356
 20
124.5
 30
0.0
 11
1.9983787598999356
 21
127.49999999999999
 31
0.0
  0
LINE
  5
709
330
17
100
AcDbEntity
  8
可见轮廓
100
AcDbLine
 10
16.968029624557943
 20
121.5
 30
0.0
 11
17.673074628078922
 21
121.5
 31
0.0
  0
LINE
  5
70A
330
17
100
AcDbEntity
  8
可见轮廓
100
AcDbLine
 10
15.835726693989102
 20
121.5
 30
0.0
 11
16.968029624557943
 21
121.5
 31
0.0
  0
LINE
  5
70B
330
17
100
AcDbEntity
  8
可见轮廓
100
AcDbLine
 10
13.99837875989894
 20
121.5
 30
0.0
 11
15.835726693989102
 21
121.5
 31
0.0
  0
LINE
  5
70C
330
17
100
AcDbEntity
  8
可见轮廓
100
AcDbLine
 10
13.99837875989894
 20
121.20602709333966
 30
0.0
 11
13.99837875989894
 21
121.5
 31
0.0
  0
LINE
  5
70D
330
17
100
AcDbEntity
  8
可见轮廓
100
AcDbLine
 10
13.99837875989894
 20
120.91495926410843
 30
0.0
 11
13.99837875989894
 21
121.20602709333966
 31
0.0
  0
LINE
  5
70E
330
17
100
AcDbEntity
  8
可见轮廓
100
AcDbLine
 10
13.99837875989894
 20
120.62941080282772
 30
0.0
 11
13.99837875989894
 21
120.91495926410843
 31
0.0
  0
LINE
  5
70F
330
17
100
AcDbEntity
  8
可见轮廓
100
AcDbLine
 10
13.99837875989894
 20
120.35194970290473
 30
0.0
 11
13.99837875989894
 21
120.62941080282772
 31
0.0
  0
LINE
  5
710
330
17
100
AcDbEntity
  8
可见轮廓
100
AcDbLine
 10
13.99837875989894
 20
120.08621969967504
 30
0.0
 11
13.99837875989894
 21
120.35194970290473
 31
0.0
  0
LINE
  5
711
330
17
100
AcDbEntity
  8
可见轮廓
100
AcDbLine
 10
13.99837875989894
 20
119.8339449409573
 30
0.0
 11
13.99837875989894
 21
120.08621969967504
 31
0.0
  0
LINE
  5
712
330
17
100
AcDbEntity
  8
可见轮廓
100
AcDbLine
 10
13.99837875989894
 20
119.59738801235385
 30
0.0
 11
13.99837875989894
 21
119.8339449409573
 31
0.0
  0
LINE
  5
713
330
17
100
AcDbEntity
  8
可见轮廓
100
AcDbLine
 10
13.99837875989894
 20
119.37867965644037
 30
0.0
 11
13.99837875989894
 21
119.59738801235385
 31
0.0
  0
LINE
  5
714
330
17
100
AcDbEntity
  8
可见轮廓
100
AcDbLine
 10
13.99837875989894
 20
119.18164754078457
 30
0.0
 11
13.99837875989894
 21
119.37867965644037
 31
0.0
  0
LINE
  5
715
330
17
100
AcDbEntity
  8
可见轮廓
100
AcDbLine
 10
13.99837875989894
 20
119.00657239771868
 30
0.0
 11
13.99837875989894
 21
119.18164754078457
 31
0.0
  0
LINE
  5
716
330
17
100
AcDbEntity
  8
可见轮廓
100
AcDbLine
 10
13.99837875989894
 20
118.8550206497785
 30
0.0
 11
13.99837875989894
 21
119.00657239771868
 31
0.0
  0
LINE
  5
717
330
17
100
AcDbEntity
  8
可见轮廓
100
AcDbLine
 10
13.99837875989894
 20
118.72836140246613
 30
0.0
 11
13.99837875989894
 21
118.8550206497785
 31
0.0
  0
LINE
  5
718
330
17
100
AcDbEntity
  8
可见轮廓
100
AcDbLine
 10
13.99837875989894
 20
118.63002352789225
 30
0.0
 11
13.99837875989894
 21
118.72836140246613
 31
0.0
  0
LINE
  5
719
330
17
100
AcDbEntity
  8
可见轮廓
100
AcDbLine
 10
13.99837875989894
 20
118.55880160394992
 30
0.0
 11
13.99837875989894
 21
118.63002352789225
 31
0.0
  0
LINE
  5
71A
330
17
100
AcDbEntity
  8
可见轮廓
100
AcDbLine
 10
13.99837875989894
 20
118.51532741647684
 30
0.0
 11
13.99837875989894
 21
118.55880160394992
 31
0.0
  0
LINE
  5
71B
330
17
100
AcDbEntity
  8
可见轮廓
100
AcDbLine
 10
13.99837875989894
 20
118.5
 30
0.0
 11
13.99837875989894
 21
118.51532741647684
 31
0.0
  0
LINE
  5
71C
330
17
100
AcDbEntity
  8
可见轮廓
100
AcDbLine
 10
11.65979692598222
 20
121.5
 30
0.0
 11
13.99837875989894
 21
121.5
 31
0.0
  0
LINE
  5
71D
330
17
100
AcDbEntity
  8
可见轮廓
100
AcDbLine
 10
9.413401953462682
 20
121.5
 30
0.0
 11
11.65979692598222
 21
121.5
 31
0.0
  0
LINE
  5
71E
330
17
100
AcDbEntity
  8
可见轮廓
100
AcDbLine
 10
7.33962066568489
 20
121.5
 30
0.0
 11
9.413401953462682
 21
121.5
 31
0.0
  0
LINE
  5
71F
330
17
100
AcDbEntity
  8
可见轮廓
100
AcDbLine
 10
5.5130973856606715
 20
121.5
 30
0.0
 11
7.33962066568489
 21
121.5
 31
0.0
  0
LINE
  5
720
330
17
100
AcDbEntity
  8
可见轮廓
100
AcDbLine
 10
4.032366519440728
 20
121.5
 30
0.0
 11
5.5130973856606715
 21
121.5
 31
0.0
  0
LINE
  5
721
330
17
100
AcDbEntity
  8
可见轮廓
100
AcDbLine
 10
2.92926557063484
 20
121.5
 30
0.0
 11
4.032366519440728
 21
121.5
 31
0.0
  0
LINE
  5
722
330
17
100
AcDbEntity
  8
可见轮廓
100
AcDbLine
 10
2.2428909205835907
 20
121.5
 30
0.0
 11
2.92926557063484
 21
121.5
 31
0.0
  0
LINE
  5
723
330
17
100
AcDbEntity
  8
可见轮廓
100
AcDbLine
 10
1.9983787598999356
 20
121.5
 30
0.0
 11
2.2428909205835907
 21
121.5
 31
0.0
  0
LINE
  5
724
330
17
100
AcDbEntity
  8
可见轮廓
100
AcDbLine
 10
13.998378759899907
 20
135.5
 30
0.0
 11
13.998378759899907
 21
135.79397290666034
 31
0.0
  0
LINE
  5
725
330
17
100
AcDbEntity
  8
可见轮廓
100
AcDbLine
 10
13.998378759899907
 20
135.79397290666034
 30
0.0
 11
13.998378759899907
 21
136.08504073589157
 31
0.0
  0
LINE
  5
726
330
17
100
AcDbEntity
  8
可见轮廓
100
AcDbLine
 10
13.998378759899907
 20
136.08504073589157
 30
0.0
 11
13.998378759899907
 21
136.37058919717228
 31
0.0
  0
LINE
  5
727
330
17
100
AcDbEntity
  8
可见轮廓
100
AcDbLine
 10
13.998378759899907
 20
136.37058919717228
 30
0.0
 11
13.998378759899907
 21
136.64805029709527
 31
0.0
  0
LINE
  5
728
330
17
100
AcDbEntity
  8
可见轮廓
100
AcDbLine
 10
13.998378759899907
 20
136.64805029709527
 30
0.0
 11
13.998378759899907
 21
136.91378030032496
 31
0.0
  0
LINE
  5
729
330
17
100
AcDbEntity
  8
可见轮廓
100
AcDbLine
 10
13.998378759899907
 20
136.91378030032496
 30
0.0
 11
13.998378759899907
 21
137.16605505904272
 31
0.0
  0
LINE
  5
72A
330
17
100
AcDbEntity
  8
可见轮廓
100
AcDbLine
 10
13.998378759899907
 20
137.16605505904272
 30
0.0
 11
13.998378759899936
 21
137.40261198764614
 31
0.0
  0
LINE
  5
72B
330
17
100
AcDbEntity
  8
可见轮廓
100
AcDbLine
 10
13.998378759899936
 20
137.40261198764614
 30
0.0
 11
13.998378759899936
 21
137.62132034355963
 31
0.0
  0
LINE
  5
72C
330
17
100
AcDbEntity
  8
可见轮廓
100
AcDbLine
 10
13.998378759899936
 20
137.62132034355963
 30
0.0
 11
13.998378759899936
 21
137.81835245921545
 31
0.0
  0
LINE
  5
72D
330
17
100
AcDbEntity
  8
可见轮廓
100
AcDbLine
 10
13.998378759899936
 20
137.81835245921545
 30
0.0
 11
13.998378759899936
 21
137.99342760228132
 31
0.0
  0
LINE
  5
72E
330
17
100
AcDbEntity
  8
可见轮廓
100
AcDbLine
 10
13.998378759899936
 20
137.99342760228132
 30
0.0
 11
13.998378759899936
 21
138.14497935022152
 31
0.0
  0
LINE
  5
72F
330
17
100
AcDbEntity
  8
可见轮廓
100
AcDbLine
 10
13.998378759899936
 20
138.14497935022152
 30
0.0
 11
13.998378759899936
 21
138.27163859753387
 31
0.0
  0
LINE
  5
730
330
17
100
AcDbEntity
  8
可见轮廓
100
AcDbLine
 10
13.998378759899936
 20
138.27163859753387
 30
0.0
 11
13.998378759899936
 21
138.36997647210774
 31
0.0
  0
LINE
  5
731
330
17
100
AcDbEntity
  8
可见轮廓
100
AcDbLine
 10
13.998378759899936
 20
138.36997647210774
 30
0.0
 11
13.998378759899936
 21
138.44119839605008
 31
0.0
  0
LINE
  5
732
330
17
100
AcDbEntity
  8
可见轮廓
100
AcDbLine
 10
13.998378759899936
 20
138.44119839605008
 30
0.0
 11
13.998378759899936
 21
138.48467258352315
 31
0.0
  0
LINE
  5
733
330
17
100
AcDbEntity
  8
可见轮廓
100
AcDbLine
 10
13.998378759899936
 20
138.48467258352315
 30
0.0
 11
13.998378759899936
 21
138.5
 31
0.0
  0
LINE
  5
734
330
17
100
AcDbEntity
  8
可见轮廓
100
AcDbLine
 10
1.9983787598999356
 20
135.5
 30
0.0
 11
2.242890920583932
 21
135.5
 31
0.0
  0
LINE
  5
735
330
17
100
AcDbEntity
  8
可见轮廓
100
AcDbLine
 10
2.242890920583932
 20
135.5
 30
0.0
 11
2.92926557063538
 21
135.5
 31
0.0
  0
LINE
  5
736
330
17
100
AcDbEntity
  8
可见轮廓
100
AcDbLine
 10
2.92926557063538
 20
135.5
 30
0.0
 11
4.0323665194414104
 21
135.5
 31
0.0
  0
LINE
  5
737
330
17
100
AcDbEntity
  8
可见轮廓
100
AcDbLine
 10
4.0323665194414104
 20
135.5
 30
0.0
 11
5.513097385661354
 21
135.5
 31
0.0
  0
LINE
  5
738
330
17
100
AcDbEntity
  8
可见轮廓
100
AcDbLine
 10
5.513097385661354
 20
135.5
 30
0.0
 11
7.339620665685487
 21
135.5
 31
0.0
  0
LINE
  5
739
330
17
100
AcDbEntity
  8
可见轮廓
100
AcDbLine
 10
7.339620665685487
 20
135.5
 30
0.0
 11
9.413401953463108
 21
135.5
 31
0.0
  0
LINE
  5
73A
330
17
100
AcDbEntity
  8
可见轮廓
100
AcDbLine
 10
9.413401953463108
 20
135.5
 30
0.0
 11
11.659796925982477
 21
135.5
 31
0.0
  0
LINE
  5
73B
330
17
100
AcDbEntity
  8
可见轮廓
100
AcDbLine
 10
11.659796925982477
 20
135.5
 30
0.0
 11
13.99837875989894
 21
135.5
 31
0.0
  0
LINE
  5
73C
330
17
100
AcDbEntity
  8
可见轮廓
100
AcDbLine
 10
13.99837875989894
 20
135.5
 30
0.0
 11
15.83572669398913
 21
135.5
 31
0.0
  0
LINE
  5
73D
330
17
100
AcDbEntity
  8
可见轮廓
100
AcDbLine
 10
15.83572669398913
 20
135.5
 30
0.0
 11
16.924541684658948
 21
135.5
 31
0.0
  0
LINE
  5
73E
330
17
100
AcDbEntity
  8
可见轮廓
100
AcDbLine
 10
16.924541684658948
 20
135.5
 30
0.0
 11
17.673074628078922
 21
135.5
 31
0.0
  0
LINE
  5
73F
330
17
100
AcDbEntity
  8
可见轮廓
100
AcDbLine
 10
13.99837875989894
 20
129.5
 30
0.0
 11
13.99837875989894
 21
132.5
 31
0.0
  0
LINE
  5
740
330
17
100
AcDbEntity
  8
可见轮廓
100
AcDbLine
 10
13.99837875989894
 20
132.5
 30
0.0
 11
13.99837875989894
 21
135.5
 31
0.0
  0
LINE
  5
741
330
17
100
AcDbEntity
  8
可见轮廓
100
AcDbLine
 10
13.99837875989894
 20
121.5
 30
0.0
 11
13.99837875989894
 21
124.5
 31
0.0
  0
LINE
  5
742
330
17
100
AcDbEntity
  8
可见轮廓
100
AcDbLine
 10
13.99837875989894
 20
124.5
 30
0.0
 11
13.99837875989894
 21
127.5
 31
0.0
  0
LINE
  5
743
330
17
100
AcDbEntity
  8
可见轮廓
100
AcDbLine
 10
21.882434796099915
 20
129.5
 30
0.0
 11
24.882434796099915
 21
129.5
 31
0.0
  0
LINE
  5
744
330
17
100
AcDbEntity
  8
可见轮廓
100
AcDbLine
 10
18.882434796099915
 20
127.49999999999999
 30
0.0
 11
21.882434796099915
 21
127.49999999999999
 31
0.0
  0
LINE
  5
745
330
17
100
AcDbEntity
  8
可见轮廓
100
AcDbLine
 10
18.882434796099915
 20
121.5
 30
0.0
 11
21.882434796099915
 21
121.5
 31
0.0
  0
LINE
  5
746
330
17
100
AcDbEntity
  8
可见轮廓
100
AcDbLine
 10
18.882434796099915
 20
118.5
 30
0.0
 11
18.882434796099915
 21
121.5
 31
0.0
  0
LINE
  5
747
330
17
100
AcDbEntity
  8
可见轮廓
100
AcDbLine
 10
1.9983787598999356
 20
127.5
 30
0.0
 11
13.99837875989894
 21
127.49999999999999
 31
0.0
  0
LINE
  5
748
330
17
100
AcDbEntity
  8
可见轮廓
100
AcDbLine
 10
10.998378759899936
 20
127.49999999999999
 30
0.0
 11
16.998378759899936
 21
127.49999999999999
 31
0.0
  0
LINE
  5
749
330
17
100
AcDbEntity
  8
可见轮廓
100
AcDbLine
 10
18.882434796099915
 20
135.5
 30
0.0
 11
21.882434796099915
 21
135.5
 31
0.0
  0
LINE
  5
74A
330
17
100
AcDbEntity
  8
可见轮廓
100
AcDbLine
 10
18.882434796099915
 20
135.5
 30
0.0
 11
18.882434796099915
 21
138.5
 31
0.0
  0
LINE
  5
74B
330
17
100
AcDbEntity
  8
可见轮廓
100
AcDbLine
 10
18.882434796099915
 20
129.5
 30
0.0
 11
21.882434796099915
 21
129.5
 31
0.0
  0
LINE
  5
74C
330
17
100
AcDbEntity
  8
可见轮廓
100
AcDbLine
 10
13.99837875989894
 20
135.5
 30
0.0
 11
13.99837875989894
 21
138.5
 31
0.0
  0
LINE
  5
74D
330
17
100
AcDbEntity
  8
可见轮廓
100
AcDbLine
 10
123.04144601968942
 20
147.9608973482787
 30
0.0
 11
124.64039491214234
 21
145.42251943328583
 31
0.0
  0
LINE
  5
74E
330
17
100
AcDbEntity
  8
可见轮廓
100
AcDbLine
 10
123.04144601968932
 20
109.03910265172141
 30
0.0
 11
124.64039491214226
 21
111.57748056671427
 31
0.0
  0
LINE
  5
74F
330
17
100
AcDbEntity
  8
可见轮廓
100
AcDbLine
 10
13.99837875989894
 20
118.50000000000003
 30
0.0
 11
13.99837875989894
 21
121.5
 31
0.0
  0
LINE
  5
750
330
17
100
AcDbEntity
  8
可见轮廓
100
AcDbLine
 10
4.998378759899936
 20
118.5
 30
0.0
 11
13.99837875989894
 21
118.5
 31
0.0
  0
LINE
  5
751
330
17
100
AcDbEntity
  8
可见轮廓
100
AcDbLine
 10
1.9983787598999356
 20
121.5
 30
0.0
 11
13.99837875989894
 21
121.5
 31
0.0
  0
LINE
  5
752
330
17
100
AcDbEntity
  8
可见轮廓
100
AcDbLine
 10
10.998378759899936
 20
118.5
 30
0.0
 11
16.998378759899936
 21
118.5
 31
0.0
  0
LINE
  5
753
330
17
100
AcDbEntity
  8
可见轮廓
100
AcDbLine
 10
4.998378759899936
 20
138.5
 30
0.0
 11
13.998378759899936
 21
138.5
 31
0.0
  0
LINE
  5
754
330
17
100
AcDbEntity
  8
可见轮廓
100
AcDbLine
 10
1.9983787598999356
 20
135.5
 30
0.0
 11
13.99837875989894
 21
135.5
 31
0.0
  0
LINE
  5
755
330
17
100
AcDbEntity
  8
可见轮廓
100
AcDbLine
 10
1.9983787598999356
 20
129.5
 30
0.0
 11
13.99837875989894
 21
129.5
 31
0.0
  0
LINE
  5
756
330
17
100
AcDbEntity
  8
可见轮廓
100
AcDbLine
 10
10.998378759899936
 20
138.5
 30
0.0
 11
16.998378759899936
 21
138.5
 31
0.0
  0
LINE
  5
757
330
17
100
AcDbEntity
  8
可见轮廓
100
AcDbLine
 10
10.998378759899936
 20
129.5
 30
0.0
 11
16.998378759899936
 21
129.5
 31
0.0
  0
LINE
  5
758
330
17
100
AcDbEntity
  8
可见轮廓
100
AcDbLine
 10
24.882434796099943
 20
129.5
 30
0.0
 11
24.882434796099943
 21
135.5
 31
0.0
  0
LINE
  5
759
330
17
100
AcDbEntity
  8
可见轮廓
100
AcDbLine
 10
21.882434796099915
 20
121.5
 30
0.0
 11
21.882434796099915
 21
127.5
 31
0.0
  0
LINE
  5
75A
330
17
100
AcDbEntity
  8
可见轮廓
100
AcDbLine
 10
18.882434796099915
 20
121.5
 30
0.0
 11
18.882434796099915
 21
127.5
 31
0.0
  0
LINE
  5
75B
330
17
100
AcDbEntity
  8
可见轮廓
100
AcDbLine
 10
18.882434796099915
 20
129.5
 30
0.0
 11
18.882434796099915
 21
135.5
 31
0.0
  0
LINE
  5
75C
330
17
100
AcDbEntity
  8
可见轮廓
100
AcDbLine
 10
13.99837875989894
 20
138.5
 30
0.0
 11
18.882434796099915
 21
138.5
 31
0.0
  0
LINE
  5
75D
330
17
100
AcDbEntity
  8
可见轮廓
100
AcDbLine
 10
13.99837875989894
 20
118.5
 30
0.0
 11
19.937680489216916
 21
118.5
 31
0.0
  0
LINE
  5
75E
330
17
100
AcDbEntity
  8
可见轮廓
100
AcDbLine
 10
13.99837875989894
 20
118.5
 30
0.0
 11
18.882434796099915
 21
118.5
 31
0.0
  0
LINE
  5
75F
330
17
100
AcDbEntity
  8
可见轮廓
100
AcDbLine
 10
13.99837875989894
 20
138.5
 30
0.0
 11
19.850704609418926
 21
138.5
 31
0.0
  0
LINE
  5
760
330
17
100
AcDbEntity
  8
可见轮廓
100
AcDbLine
 10
1.9983787598999356
 20
129.5
 30
0.0
 11
1.9983787598999356
 21
135.5
 31
0.0
  0
LINE
  5
761
330
17
100
AcDbEntity
  8
可见轮廓
100
AcDbLine
 10
13.99837875989897
 20
129.5
 30
0.0
 11
13.99837875989897
 21
135.5
 31
0.0
  0
LINE
  5
762
330
17
100
AcDbEntity
  8
可见轮廓
100
AcDbLine
 10
13.99837875989894
 20
129.5
 30
0.0
 11
13.99837875989897
 21
129.5
 31
0.0
  0
LINE
  5
763
330
17
100
AcDbEntity
  8
可见轮廓
100
AcDbLine
 10
13.99837875989894
 20
135.5
 30
0.0
 11
13.99837875989897
 21
135.5
 31
0.0
  0
LINE
  5
764
330
17
100
AcDbEntity
  8
可见轮廓
100
AcDbLine
 10
18.882434796099915
 20
118.5
 30
0.0
 11
19.93768048921703
 21
118.5
 31
0.0
  0
LINE
  5
765
330
17
100
AcDbEntity
  8
可见轮廓
100
AcDbLine
 10
18.882434796099915
 20
118.69171644466631
 30
0.0
 11
19.93768048921703
 21
118.69171644466631
 31
0.0
  0
LINE
  5
766
330
17
100
AcDbEntity
  8
可见轮廓
100
AcDbLine
 10
1.9983787598999356
 20
121.5
 30
0.0
 11
1.9983787598999356
 21
127.5
 31
0.0
  0
LINE
  5
767
330
17
100
AcDbEntity
  8
可见轮廓
100
AcDbLine
 10
13.99837875989897
 20
121.5
 30
0.0
 11
13.99837875989897
 21
127.5
 31
0.0
  0
LINE
  5
768
330
17
100
AcDbEntity
  8
可见轮廓
100
AcDbLine
 10
13.99837875989894
 20
121.5
 30
0.0
 11
13.99837875989897
 21
121.5
 31
0.0
  0
LINE
  5
769
330
17
100
AcDbEntity
  8
可见轮廓
100
AcDbLine
 10
13.99837875989894
 20
127.5
 30
0.0
 11
13.99837875989897
 21
127.5
 31
0.0
  0
LINE
  5
76A
330
17
100
AcDbEntity
  8
可见轮廓
100
AcDbLine
 10
16.998378759899936
 20
129.5
 30
0.0
 11
16.998378759899936
 21
138.5
 31
0.0
  0
LINE
  5
76B
330
17
100
AcDbEntity
  8
可见轮廓
100
AcDbLine
 10
10.998378759899936
 20
129.5
 30
0.0
 11
10.998378759899936
 21
138.5
 31
0.0
  0
LINE
  5
76C
330
17
100
AcDbEntity
  8
可见轮廓
100
AcDbLine
 10
16.998378759899936
 20
118.5
 30
0.0
 11
16.998378759899936
 21
127.49999999999999
 31
0.0
  0
LINE
  5
76D
330
17
100
AcDbEntity
  8
可见轮廓
100
AcDbLine
 10
10.998378759899936
 20
118.5
 30
0.0
 11
10.998378759899936
 21
127.49999999999999
 31
0.0
  0
LINE
  5
76E
330
17
100
AcDbEntity
  8
可见轮廓
100
AcDbLine
 10
19.59101141684809
 20
127.5
 30
0.0
 11
19.758535880161617
 21
127.5
 31
0.0
  0
LINE
  5
76F
330
17
100
AcDbEntity
  8
可见轮廓
100
AcDbLine
 10
19.310555014113646
 20
127.5
 30
0.0
 11
19.59101141684809
 21
127.5
 31
0.0
  0
LINE
  5
770
330
17
100
AcDbEntity
  8
可见轮廓
100
AcDbLine
 10
18.940023262221217
 20
127.5
 30
0.0
 11
19.310555014113646
 21
127.5
 31
0.0
  0
LINE
  5
771
330
17
100
AcDbEntity
  8
可见轮廓
100
AcDbLine
 10
18.483116903168536
 20
127.5
 30
0.0
 11
18.940023262221217
 21
127.5
 31
0.0
  0
LINE
  5
772
330
17
100
AcDbEntity
  8
可见轮廓
100
AcDbLine
 10
17.96612274472247
 20
127.5
 30
0.0
 11
18.483116903168536
 21
127.5
 31
0.0
  0
LINE
  5
773
330
17
100
AcDbEntity
  8
可见轮廓
100
AcDbLine
 10
17.402400767279744
 20
127.5
 30
0.0
 11
17.96612274472247
 21
127.5
 31
0.0
  0
LINE
  5
774
330
17
100
AcDbEntity
  8
可见轮廓
100
AcDbLine
 10
16.81760345790994
 20
127.5
 30
0.0
 11
17.402400767279744
 21
127.5
 31
0.0
  0
LINE
  5
775
330
17
100
AcDbEntity
  8
可见轮廓
100
AcDbLine
 10
16.81760345790994
 20
129.5
 30
0.0
 11
17.40239647926043
 21
129.5
 31
0.0
  0
LINE
  5
776
330
17
100
AcDbEntity
  8
可见轮廓
100
AcDbLine
 10
17.40239647926043
 20
129.5
 30
0.0
 11
17.96613143411446
 21
129.5
 31
0.0
  0
LINE
  5
777
330
17
100
AcDbEntity
  8
可见轮廓
100
AcDbLine
 10
17.96613143411446
 20
129.5
 30
0.0
 11
18.483105932181246
 21
129.5
 31
0.0
  0
LINE
  5
778
330
17
100
AcDbEntity
  8
可见轮廓
100
AcDbLine
 10
18.483105932181246
 20
129.5
 30
0.0
 11
18.94003653516083
 21
129.5
 31
0.0
  0
LINE
  5
779
330
17
100
AcDbEntity
  8
可见轮廓
100
AcDbLine
 10
18.94003653516083
 20
129.5
 30
0.0
 11
19.310549061829903
 21
129.5
 31
0.0
  0
LINE
  5
77A
330
17
100
AcDbEntity
  8
可见轮廓
100
AcDbLine
 10
19.310549061829903
 20
129.5
 30
0.0
 11
19.591015005509973
 21
129.5
 31
0.0
  0
LINE
  5
77B
330
17
100
AcDbEntity
  8
可见轮廓
100
AcDbLine
 10
19.591015005509973
 20
129.5
 30
0.0
 11
19.75853619640216
 21
129.5
 31
0.0
  0
LINE
  5
77C
330
17
100
AcDbEntity
  8
可见轮廓
100
AcDbLine
 10
22.353412936611363
 20
139.6964177511894
 30
0.0
 11
22.568190457575923
 21
140.0547553421007
 31
0.0
  0
LINE
  5
77D
330
17
100
AcDbEntity
  8
可见轮廓
100
AcDbLine
 10
22.091415365430294
 20
139.37190421322978
 30
0.0
 11
22.353412936611363
 21
139.6964177511894
 31
0.0
  0
LINE
  5
77E
330
17
100
AcDbEntity
  8
可见轮廓
100
AcDbLine
 10
21.786217703221894
 20
139.0862729429036
 30
0.0
 11
22.091415365430294
 21
139.37190421322978
 31
0.0
  0
LINE
  5
77F
330
17
100
AcDbEntity
  8
可见轮廓
100
AcDbLine
 10
21.444933221911242
 20
138.84623103159086
 30
0.0
 11
21.786217703221894
 21
139.0862729429036
 31
0.0
  0
LINE
  5
780
330
17
100
AcDbEntity
  8
可见轮廓
100
AcDbLine
 10
21.0733801384782
 20
138.65574801656177
 30
0.0
 11
21.444933221911242
 21
138.84623103159086
 31
0.0
  0
LINE
  5
781
330
17
100
AcDbEntity
  8
可见轮廓
100
AcDbLine
 10
20.6782564415617
 20
138.51850243779248
 30
0.0
 11
21.0733801384782
 21
138.65574801656177
 31
0.0
  0
LINE
  5
782
330
17
100
AcDbEntity
  8
可见轮廓
100
AcDbLine
 10
20.268656871215285
 20
138.4376440202083
 30
0.0
 11
20.6782564415617
 21
138.51850243779248
 31
0.0
  0
LINE
  5
783
330
17
100
AcDbEntity
  8
可见轮廓
100
AcDbLine
 10
19.850704609418926
 20
138.41444864471384
 30
0.0
 11
20.268656871215285
 21
138.4376440202083
 31
0.0
  0
LINE
  5
784
330
17
100
AcDbEntity
  8
可见轮廓
100
AcDbLine
 10
185.18254582258623
 20
148.5111868804537
 30
0.0
 11
185.2954664748532
 21
148.50882988944446
 31
0.0
  0
LINE
  5
785
330
17
100
AcDbEntity
  8
可见轮廓
100
AcDbLine
 10
185.2954664748532
 20
148.50882988944446
 30
0.0
 11
185.40838612327602
 21
148.50619515179056
 31
0.0
  0
LINE
  5
786
330
17
100
AcDbEntity
  8
可见轮廓
100
AcDbLine
 10
185.40838612327602
 20
148.50619515179056
 30
0.0
 11
185.5213027229449
 21
148.50328278040465
 31
0.0
  0
LINE
  5
787
330
17
100
AcDbEntity
  8
可见轮廓
100
AcDbLine
 10
185.5213027229449
 20
148.50328278040465
 30
0.0
 11
185.6342142289501
 21
148.50009288819928
 31
0.0
  0
LINE
  5
788
330
17
100
AcDbEntity
  8
可见轮廓
100
AcDbLine
 10
185.6342142289501
 20
148.50009288819928
 30
0.0
 11
185.74711859638188
 21
148.4966255880871
 31
0.0
  0
LINE
  5
789
330
17
100
AcDbEntity
  8
可见轮廓
100
AcDbLine
 10
185.74711859638188
 20
148.4966255880871
 30
0.0
 11
185.86001378033052
 21
148.49288099298073
 31
0.0
  0
LINE
  5
78A
330
17
100
AcDbEntity
  8
可见轮廓
100
AcDbLine
 10
185.86001378033052
 20
148.49288099298073
 30
0.0
 11
185.97289773588628
 21
148.48885921579273
 31
0.0
  0
LINE
  5
78B
330
17
100
AcDbEntity
  8
可见轮廓
100
AcDbLine
 10
185.97289773588628
 20
148.48885921579273
 30
0.0
 11
186.08576848087614
 21
148.4845603669739
 31
0.0
  0
LINE
  5
78C
330
17
100
AcDbEntity
  8
可见轮廓
100
AcDbLine
 10
123.04144601968943
 20
147.9608973482787
 30
0.0
 11
124.42883779741605
 21
148.34239668423825
 31
0.0
  0
LINE
  5
78D
330
17
100
AcDbEntity
  8
可见轮廓
100
AcDbLine
 10
124.42883779741605
 20
148.34239668423825
 30
0.0
 11
125.86601432264705
 21
148.67082093536794
 31
0.0
  0
LINE
  5
78E
330
17
100
AcDbEntity
  8
可见轮廓
100
AcDbLine
 10
125.86601432264705
 20
148.67082093536794
 30
0.0
 11
127.347274509702
 21
148.94558053621313
 31
0.0
  0
LINE
  5
78F
330
17
100
AcDbEntity
  8
可见轮廓
100
AcDbLine
 10
127.347274509702
 20
148.94558053621313
 30
0.0
 11
128.86691727290054
 21
149.16608592131922
 31
0.0
  0
LINE
  5
790
330
17
100
AcDbEntity
  8
可见轮廓
100
AcDbLine
 10
128.86691727290054
 20
149.16608592131922
 30
0.0
 11
130.41925292818866
 21
149.33174517668877
 31
0.0
  0
LINE
  5
791
330
17
100
AcDbEntity
  8
可见轮廓
100
AcDbLine
 10
130.41925292818866
 20
149.33174517668877
 30
0.0
 11
131.99896846746742
 21
149.4418887994279
 31
0.0
  0
LINE
  5
792
330
17
100
AcDbEntity
  8
可见轮廓
100
AcDbLine
 10
131.99896846746742
 20
149.4418887994279
 30
0.0
 11
133.60120483628322
 21
149.4957537798449
 31
0.0
  0
LINE
  5
793
330
17
100
AcDbEntity
  8
可见轮廓
100
AcDbLine
 10
133.60120483628322
 20
149.4957537798449
 30
0.0
 11
135.22113000625993
 21
149.4925715413319
 31
0.0
  0
LINE
  5
794
330
17
100
AcDbEntity
  8
可见轮廓
100
AcDbLine
 10
133.6012739347807
 20
107.50420434845753
 30
0.0
 11
135.22113000626013
 21
107.5074284586681
 31
0.0
  0
LINE
  5
795
330
17
100
AcDbEntity
  8
可见轮廓
100
AcDbLine
 10
131.9992411055441
 20
107.55798613739688
 30
0.0
 11
133.6012739347807
 21
107.50420434845753
 31
0.0
  0
LINE
  5
796
330
17
100
AcDbEntity
  8
可见轮廓
100
AcDbLine
 10
130.4198765858464
 20
107.66806925108742
 30
0.0
 11
131.9992411055441
 21
107.55798613739688
 31
0.0
  0
LINE
  5
797
330
17
100
AcDbEntity
  8
可见轮廓
100
AcDbLine
 10
128.8680254429838
 20
107.83374911513042
 30
0.0
 11
130.4198765858464
 21
107.66806925108742
 31
0.0
  0
LINE
  5
798
330
17
100
AcDbEntity
  8
可见轮廓
100
AcDbLine
 10
127.34854991228731
 20
108.05432263572261
 30
0.0
 11
128.8680254429838
 21
107.83374911513042
 31
0.0
  0
LINE
  5
799
330
17
100
AcDbEntity
  8
可见轮廓
100
AcDbLine
 10
125.86687941009374
 20
108.32913563354734
 30
0.0
 11
127.34854991228731
 21
108.05432263572261
 31
0.0
  0
LINE
  5
79A
330
17
100
AcDbEntity
  8
可见轮廓
100
AcDbLine
 10
124.42912689487126
 20
108.65759287892146
 30
0.0
 11
125.86687941009374
 21
108.32913563354734
 31
0.0
  0
LINE
  5
79B
330
17
100
AcDbEntity
  8
可见轮廓
100
AcDbLine
 10
123.04144601968932
 20
109.03910265172141
 30
0.0
 11
124.42912689487126
 21
108.65759287892146
 31
0.0
  0
LINE
  5
79C
330
17
100
AcDbEntity
  8
可见轮廓
100
AcDbLine
 10
185.97289773742096
 20
108.51114078426382
 30
0.0
 11
186.08576848087614
 21
108.5154396330261
 31
0.0
  0
LINE
  5
79D
330
17
100
AcDbEntity
  8
可见轮廓
100
AcDbLine
 10
185.86001378361746
 20
108.5071190071323
 30
0.0
 11
185.97289773742096
 21
108.51114078426382
 31
0.0
  0
LINE
  5
79E
330
17
100
AcDbEntity
  8
可见轮廓
100
AcDbLine
 10
185.74711860076206
 20
108.50337441205276
 30
0.0
 11
185.86001378361746
 21
108.5071190071323
 31
0.0
  0
LINE
  5
79F
330
17
100
AcDbEntity
  8
可见轮廓
100
AcDbLine
 10
185.6342142337656
 20
108.49990711194269
 30
0.0
 11
185.74711860076206
 21
108.50337441205276
 31
0.0
  0
LINE
  5
7A0
330
17
100
AcDbEntity
  8
可见轮廓
100
AcDbLine
 10
185.52130272753894
 20
108.49671721971953
 30
0.0
 11
185.6342142337656
 21
108.49990711194269
 31
0.0
  0
LINE
  5
7A1
330
17
100
AcDbEntity
  8
可见轮廓
100
AcDbLine
 10
185.40838612699298
 20
108.49380484830077
 30
0.0
 11
185.52130272753894
 21
108.49671721971953
 31
0.0
  0
LINE
  5
7A2
330
17
100
AcDbEntity
  8
可见轮廓
100
AcDbLine
 10
185.29546647703856
 20
108.49117011060386
 30
0.0
 11
185.40838612699298
 21
108.49380484830077
 31
0.0
  0
LINE
  5
7A3
330
17
100
AcDbEntity
  8
可见轮廓
100
AcDbLine
 10
185.18254582258652
 20
108.48881311954631
 30
0.0
 11
185.29546647703856
 21
108.49117011060386
 31
0.0
  0
ARC
  5
7A4
330
17
100
AcDbEntity
  8
可见轮廓
100
AcDbCircle
 10
19.940837717630927
 20
115.5
 30
0.0
 40
3.0
100
AcDbArc
 50
58.5691652213993
 51
90.0
  0
ARC
  5
7A5
330
17
100
AcDbEntity
  8
可见轮廓
100
AcDbCircle
 10
19.940837717630927
 20
115.5
 30
0.0
 40
3.0
100
AcDbArc
 50
27.571682901780324
 51
58.569165221399174
  0
ARC
  5
7A6
330
17
100
AcDbEntity
  8
可见轮廓
100
AcDbCircle
 10
19.940837717630927
 20
115.5
 30
0.0
 40
3.0
100
AcDbArc
 50
27.1383304427981
 51
27.571682901780324
  0
ARC
  5
7A7
330
17
100
AcDbEntity
  8
可见轮廓
100
AcDbCircle
 10
19.940837717630927
 20
115.5
 30
0.0
 40
3.0
100
AcDbArc
 50
27.1383304427981
 51
27.647478957895686
  0
ARC
  5
7A8
330
17
100
AcDbEntity
  8
可见轮廓
100
AcDbCircle
 10
19.940837717630927
 20
115.5
 30
0.0
 40
3.0
100
AcDbArc
 50
49.1981981703585
 51
58.569165221399174
  0
ARC
  5
7A9
330
17
100
AcDbEntity
  8
可见轮廓
100
AcDbCircle
 10
19.940837717630927
 20
115.5
 30
0.0
 40
3.0
100
AcDbArc
 50
27.1383304427981
 51
27.647478957895686
  0
ARC
  5
7AA
330
17
100
AcDbEntity
  8
可见轮廓
100
AcDbCircle
 10
19.940837717630927
 20
115.5
 30
0.0
 40
3.0
100
AcDbArc
 50
49.1981981703585
 51
58.569165221399174
  0
CIRCLE
  5
7AB
330
17
100
AcDbEntity
  8
可见轮廓
100
AcDbCircle
 10
45.30083771763093
 20
128.5
 30
0.0
 40
25.5
  0
ARC
  5
7AC
330
17
100
AcDbEntity
  8
可见轮廓
100
AcDbCircle
 10
19.890837717630916
 20
141.41
 30
0.0
 40
3.0
100
AcDbArc
 50
-93.55291052200319
 51
-87.76976444725233
  0
ARC
  5
7AD
330
17
100
AcDbEntity
  8
可见轮廓
100
AcDbCircle
 10
19.890837717630916
 20
141.41
 30
0.0
 40
3.0
100
AcDbArc
 50
-63.324601659029526
 51
-26.944529176703725
  0
ARC
  5
7AE
330
17
100
AcDbEntity
  8
可见轮廓
100
AcDbCircle
 10
18.880837717630925
 20
135.5
 30
0.0
 40
3.0
100
AcDbArc
 50
72.30728854043191
 51
90.0
  0
CIRCLE
  5
7AF
330
17
100
AcDbEntity
  8
可见轮廓
100
AcDbCircle
 10
185.30083771763094
 20
128.5
 30
0.0
 40
6.0
  0
CIRCLE
  5
7B0
330
17
100
AcDbEntity
  8
可见轮廓
100
AcDbCircle
 10
135.30083771763094
 20
128.5
 30
0.0
 40
6.0
  0
CIRCLE
  5
7B1
330
17
100
AcDbEntity
  8
可见轮廓
100
AcDbCircle
 10
45.30083771763093
 20
128.5
 30
0.0
 40
15.7
  0
CIRCLE
  5
7B2
330
17
100
AcDbEntity
  8
可见轮廓
100
AcDbCircle
 10
185.30083771763094
 20
128.5
 30
0.0
 40
20.0
  0
ARC
  5
7B3
330
17
100
AcDbEntity
  8
可见轮廓
100
AcDbCircle
 10
135.30083771763094
 20
128.5
 30
0.0
 40
20.0
100
AcDbArc
 50
-180.0
 51
-90.0
  0
ARC
  5
7B4
330
17
100
AcDbEntity
  8
可见轮廓
100
AcDbCircle
 10
135.30083771763094
 20
128.5
 30
0.0
 40
20.0
100
AcDbArc
 50
90.00000000000001
 51
-180.0
  0
ARC
  5
7B5
330
17
100
AcDbEntity
  8
可见轮廓
100
AcDbCircle
 10
45.30083771763093
 20
128.5
 30
0.0
 40
28.5
100
AcDbArc
 50
-177.98920903056006
 51
-171.93184949994767
  0
ARC
  5
7B6
330
17
100
AcDbEntity
  8
可见轮廓
100
AcDbCircle
 10
45.30083771763093
 20
128.5
 30
0.0
 40
28.5
100
AcDbArc
 50
-171.93184949994767
 51
-171.88554242170727
  0
ARC
  5
7B7
330
17
100
AcDbEntity
  8
可见轮廓
100
AcDbCircle
 10
45.30083771763093
 20
128.5
 30
0.0
 40
28.5
100
AcDbArc
 50
-171.88554242170727
 51
-165.7818758128547
  0
ARC
  5
7B8
330
17
100
AcDbEntity
  8
可见轮廓
100
AcDbCircle
 10
45.30083771763093
 20
128.5
 30
0.0
 40
28.5
100
AcDbArc
 50
165.7818758128547
 51
171.8855424217072
  0
ARC
  5
7B9
330
17
100
AcDbEntity
  8
可见轮廓
100
AcDbCircle
 10
45.30083771763093
 20
128.5
 30
0.0
 40
28.5
100
AcDbArc
 50
171.88554242170724
 51
171.9318494999477
  0
ARC
  5
7BA
330
17
100
AcDbEntity
  8
可见轮廓
100
AcDbCircle
 10
45.30083771763093
 20
128.5
 30
0.0
 40
28.5
100
AcDbArc
 50
171.9318494999477
 51
177.9892090305601
  0
LINE
  5
7BB
330
17
100
AcDbEntity
  8
隐藏线
100
AcDbLine
 10
22.44052488761261
 20
117.20026637743288
 30
0.0
 11
22.474394757039022
 21
117.13165486032244
 31
0.0
  0
LINE
  5
7BC
330
17
100
AcDbEntity
  8
隐藏线
100
AcDbLine
 10
22.403289376782283
 20
117.27628767928124
 30
0.0
 11
22.44052488761261
 21
117.20026637743288
 31
0.0
  0
LINE
  5
7BD
330
17
100
AcDbEntity
  8
隐藏线
100
AcDbLine
 10
22.362828246828172
 20
117.35956095910745
 30
0.0
 11
22.403289376782283
 21
117.27628767928124
 31
0.0
  0
LINE
  5
7BE
330
17
100
AcDbEntity
  8
隐藏线
100
AcDbLine
 10
22.319281686267686
 20
117.44992831259505
 30
0.0
 11
22.362828246828172
 21
117.35956095910745
 31
0.0
  0
LINE
  5
7BF
330
17
100
AcDbEntity
  8
隐藏线
100
AcDbLine
 10
22.272812445789327
 20
117.54721859480658
 30
0.0
 11
22.319281686267686
 21
117.44992831259505
 31
0.0
  0
LINE
  5
7C0
330
17
100
AcDbEntity
  8
隐藏线
100
AcDbLine
 10
22.223628477426644
 20
117.65123413437351
 30
0.0
 11
22.272812445789327
 21
117.54721859480658
 31
0.0
  0
LINE
  5
7C1
330
17
100
AcDbEntity
  8
隐藏线
100
AcDbLine
 10
22.17194312481621
 20
117.76177409586245
 30
0.0
 11
22.223628477426644
 21
117.65123413437351
 31
0.0
  0
LINE
  5
7C2
330
17
100
AcDbEntity
  8
隐藏线
100
AcDbLine
 10
22.11796973159457
 20
117.87863764384002
 30
0.0
 11
22.17194312481621
 21
117.76177409586245
 31
0.0
  0
LINE
  5
7C3
330
17
100
AcDbEntity
  8
隐藏线
100
AcDbLine
 10
22.086546364229008
 20
117.94737982086068
 30
0.0
 11
22.11796973159457
 21
117.87863764384002
 31
0.0
  0
LINE
  5
7C4
330
17
100
AcDbEntity
  8
隐藏线
100
AcDbLine
 10
22.054499277044528
 20
118.01804000758804
 30
0.0
 11
22.086546364229008
 21
117.94737982086068
 31
0.0
  0
LINE
  5
7C5
330
17
100
AcDbEntity
  8
隐藏线
100
AcDbLine
 10
22.02186693996788
 20
118.09058198956292
 30
0.0
 11
22.054499277044528
 21
118.01804000758804
 31
0.0
  0
LINE
  5
7C6
330
17
100
AcDbEntity
  8
隐藏线
100
AcDbLine
 10
21.98868782292584
 20
118.16496955232611
 30
0.0
 11
22.02186693996788
 21
118.09058198956292
 31
0.0
  0
LINE
  5
7C7
330
17
100
AcDbEntity
  8
隐藏线
100
AcDbLine
 10
21.955000395845275
 20
118.24116648141839
 30
0.0
 11
21.98868782292584
 21
118.16496955232611
 31
0.0
  0
LINE
  5
7C8
330
17
100
AcDbEntity
  8
隐藏线
100
AcDbLine
 10
21.92084312865299
 20
118.31913656238055
 30
0.0
 11
21.955000395845275
 21
118.24116648141839
 31
0.0
  0
LINE
  5
7C9
330
17
100
AcDbEntity
  8
隐藏线
100
AcDbLine
 10
21.886254491275764
 20
118.39884358075341
 30
0.0
 11
21.92084312865299
 21
118.31913656238055
 31
0.0
  0
LINE
  5
7CA
330
17
100
AcDbEntity
  8
隐藏线
100
AcDbLine
 10
21.851272953640432
 20
118.48025132207773
 30
0.0
 11
21.886254491275764
 21
118.39884358075341
 31
0.0
  0
LINE
  5
7CB
330
17
100
AcDbEntity
  8
隐藏线
100
AcDbLine
 10
21.716484149461365
 20
138.1980733931135
 30
0.0
 11
21.7696759269557
 21
138.32633812933415
 31
0.0
  0
LINE
  5
7CC
330
17
100
AcDbEntity
  8
隐藏线
100
AcDbLine
 10
21.7696759269557
 20
138.32633812933415
 30
0.0
 11
21.82225190118143
 21
138.45117820280376
 31
0.0
  0
LINE
  5
7CD
330
17
100
AcDbEntity
  8
隐藏线
100
AcDbLine
 10
21.82225190118143
 20
138.45117820280376
 30
0.0
 11
21.874095495509607
 21
138.57248151662208
 31
0.0
  0
LINE
  5
7CE
330
17
100
AcDbEntity
  8
隐藏线
100
AcDbLine
 10
21.874095495509607
 20
138.57248151662208
 30
0.0
 11
21.92509013331113
 21
138.6901359738888
 31
0.0
  0
LINE
  5
7CF
330
17
100
AcDbEntity
  8
隐藏线
100
AcDbLine
 10
21.92509013331113
 20
138.6901359738888
 30
0.0
 11
21.975119237957017
 21
138.80402947770364
 31
0.0
  0
LINE
  5
7D0
330
17
100
AcDbEntity
  8
隐藏线
100
AcDbLine
 10
21.975119237957017
 20
138.80402947770364
 30
0.0
 11
22.024066232818228
 21
138.91404993116632
 31
0.0
  0
LINE
  5
7D1
330
17
100
AcDbEntity
  8
隐藏线
100
AcDbLine
 10
22.024066232818228
 20
138.91404993116632
 30
0.0
 11
22.071814541265695
 21
139.02008523737655
 31
0.0
  0
LINE
  5
7D2
330
17
100
AcDbEntity
  8
隐藏线
100
AcDbLine
 10
22.071814541265695
 20
139.02008523737655
 30
0.0
 11
22.118247586670407
 21
139.12202329943406
 31
0.0
  0
LINE
  5
7D3
330
17
100
AcDbEntity
  8
隐藏线
100
AcDbLine
 10
22.118247586670407
 20
139.12202329943406
 30
0.0
 11
22.166079534378923
 21
139.22586534803452
 31
0.0
  0
LINE
  5
7D4
330
17
100
AcDbEntity
  8
隐藏线
100
AcDbLine
 10
22.166079534378923
 20
139.22586534803452
 30
0.0
 11
22.21215052645985
 21
139.32480636206662
 31
0.0
  0
LINE
  5
7D5
330
17
100
AcDbEntity
  8
隐藏线
100
AcDbLine
 10
22.21215052645985
 20
139.32480636206662
 30
0.0
 11
22.256327968353645
 21
139.41870904885408
 31
0.0
  0
LINE
  5
7D6
330
17
100
AcDbEntity
  8
隐藏线
100
AcDbLine
 10
22.256327968353645
 20
139.41870904885408
 30
0.0
 11
22.298483976562665
 21
139.50743476622205
 31
0.0
  0
LINE
  5
7D7
330
17
100
AcDbEntity
  8
隐藏线
100
AcDbLine
 10
22.298483976562665
 20
139.50743476622205
 30
0.0
 11
22.338490748137957
 21
139.59084484892233
 31
0.0
  0
LINE
  5
7D8
330
17
100
AcDbEntity
  8
隐藏线
100
AcDbLine
 10
22.338490748137957
 20
139.59084484892233
 30
0.0
 11
22.3762204801306
 21
139.66880063170672
 31
0.0
  0
LINE
  5
7D9
330
17
100
AcDbEntity
  8
隐藏线
100
AcDbLine
 10
22.3762204801306
 20
139.66880063170672
 30
0.0
 11
22.411545369591664
 21
139.74116344932693
 31
0.0
  0
LINE
  5
7DA
330
17
100
AcDbEntity
  8
隐藏线
100
AcDbLine
 10
22.411545369591664
 20
139.74116344932693
 30
0.0
 11
22.44433761357223
 21
139.8077946365348
 31
0.0
  0
LINE
  5
7DB
330
17
100
AcDbEntity
  8
隐藏线
100
AcDbLine
 10
24.31998999856819
 20
137.22940527607452
 30
0.0
 11
24.600209985107057
 21
137.31852877094994
 31
0.0
  0
LINE
  5
7DC
330
17
100
AcDbEntity
  8
隐藏线
100
AcDbLine
 10
24.042468683681193
 20
137.1411400891754
 30
0.0
 11
24.31998999856819
 21
137.22940527607452
 31
0.0
  0
LINE
  5
7DD
330
17
100
AcDbEntity
  8
隐藏线
100
AcDbLine
 10
23.7703187224173
 20
137.05458325225317
 30
0.0
 11
24.042468683681193
 21
137.1411400891754
 31
0.0
  0
LINE
  5
7DE
330
17
100
AcDbEntity
  8
隐藏线
100
AcDbLine
 10
23.506161067676032
 20
136.97056835496423
 30
0.0
 11
23.7703187224173
 21
137.05458325225317
 31
0.0
  0
LINE
  5
7DF
330
17
100
AcDbEntity
  8
隐藏线
100
AcDbLine
 10
23.252539702076035
 20
136.8899045066968
 30
0.0
 11
23.506161067676032
 21
136.97056835496423
 31
0.0
  0
LINE
  5
7E0
330
17
100
AcDbEntity
  8
隐藏线
100
AcDbLine
 10
23.011897138011875
 20
136.8133685444051
 30
0.0
 11
23.252539702076035
 21
136.8899045066968
 31
0.0
  0
LINE
  5
7E1
330
17
100
AcDbEntity
  8
隐藏线
100
AcDbLine
 10
22.78655089492426
 20
136.7416975512449
 30
0.0
 11
23.011897138011875
 21
136.8133685444051
 31
0.0
  0
LINE
  5
7E2
330
17
100
AcDbEntity
  8
隐藏线
100
AcDbLine
 10
22.57867118032118
 20
136.6755817580597
 30
0.0
 11
22.78655089492426
 21
136.7416975512449
 31
0.0
  0
LINE
  5
7E3
330
17
100
AcDbEntity
  8
隐藏线
100
AcDbLine
 10
22.390259989466927
 20
136.6156578960723
 30
0.0
 11
22.5786711802879
 21
136.67558175804913
 31
0.0
  0
LINE
  5
7E4
330
17
100
AcDbEntity
  8
隐藏线
100
AcDbLine
 10
22.22313182518417
 20
136.5625030648499
 30
0.0
 11
22.390259989466927
 21
136.6156578960723
 31
0.0
  0
LINE
  5
7E5
330
17
100
AcDbEntity
  8
隐藏线
100
AcDbLine
 10
22.078896223023264
 20
136.51662917446407
 30
0.0
 11
22.22313182518417
 21
136.5625030648499
 31
0.0
  0
LINE
  5
7E6
330
17
100
AcDbEntity
  8
隐藏线
100
AcDbLine
 10
21.958942250680366
 20
136.47847801555648
 30
0.0
 11
22.078896223023264
 21
136.51662917446407
 31
0.0
  0
LINE
  5
7E7
330
17
100
AcDbEntity
  8
隐藏线
100
AcDbLine
 10
21.86442513048263
 20
136.44841700464295
 30
0.0
 11
21.958942250680366
 21
136.47847801555648
 31
0.0
  0
LINE
  5
7E8
330
17
100
AcDbEntity
  8
隐藏线
100
AcDbLine
 10
21.796255113966026
 20
136.42673564569162
 30
0.0
 11
21.86442513048263
 21
136.44841700464295
 31
0.0
  0
LINE
  5
7E9
330
17
100
AcDbEntity
  8
隐藏线
100
AcDbLine
 10
21.75508871565509
 20
136.41364274204142
 30
0.0
 11
21.796255113966026
 21
136.42673564569162
 31
0.0
  0
LINE
  5
7EA
330
17
100
AcDbEntity
  8
隐藏线
100
AcDbLine
 10
21.680621656704233
 20
136.58162172523677
 30
0.0
 11
21.741322390475915
 21
136.409264385491
 31
0.0
  0
LINE
  5
7EB
330
17
100
AcDbEntity
  8
隐藏线
100
AcDbLine
 10
21.609633860822868
 20
136.749796472737
 30
0.0
 11
21.680621656704233
 21
136.58162172523677
 31
0.0
  0
LINE
  5
7EC
330
17
100
AcDbEntity
  8
隐藏线
100
AcDbLine
 10
21.528858268304248
 20
136.9129178471171
 30
0.0
 11
21.609633860822868
 21
136.749796472737
 31
0.0
  0
LINE
  5
7ED
330
17
100
AcDbEntity
  8
隐藏线
100
AcDbLine
 10
21.43878530221619
 20
137.0700812086643
 30
0.0
 11
21.528858268304248
 21
136.9129178471171
 31
0.0
  0
LINE
  5
7EE
330
17
100
AcDbEntity
  8
隐藏线
100
AcDbLine
 10
21.340054087624168
 20
137.22032616837365
 30
0.0
 11
21.43878530221619
 21
137.0700812086643
 31
0.0
  0
LINE
  5
7EF
330
17
100
AcDbEntity
  8
隐藏线
100
AcDbLine
 10
21.233811667909748
 20
137.362818669917
 30
0.0
 11
21.340054087624168
 21
137.22032616837365
 31
0.0
  0
LINE
  5
7F0
330
17
100
AcDbEntity
  8
隐藏线
100
AcDbLine
 10
21.12129766778594
 20
137.49675119532455
 30
0.0
 11
21.233811667909748
 21
137.362818669917
 31
0.0
  0
LINE
  5
7F1
330
17
100
AcDbEntity
  8
隐藏线
100
AcDbLine
 10
21.003752099565276
 20
137.62131755404215
 30
0.0
 11
21.12129766778594
 21
137.49675119532455
 31
0.0
  0
LINE
  5
7F2
330
17
100
AcDbEntity
  8
隐藏线
100
AcDbLine
 10
20.91884412305734
 20
137.70290637180017
 30
0.0
 11
21.003752099565276
 21
137.62131755404215
 31
0.0
  0
LINE
  5
7F3
330
17
100
AcDbEntity
  8
隐藏线
100
AcDbLine
 10
20.83259794120525
 20
137.77954792345696
 30
0.0
 11
20.91884412305734
 21
137.70290637180017
 31
0.0
  0
LINE
  5
7F4
330
17
100
AcDbEntity
  8
隐藏线
100
AcDbLine
 10
20.745523236962384
 20
137.8512347330535
 30
0.0
 11
20.83259794120525
 21
137.77954792345696
 31
0.0
  0
LINE
  5
7F5
330
17
100
AcDbEntity
  8
隐藏线
100
AcDbLine
 10
20.65812969328215
 20
137.91795932463089
 30
0.0
 11
20.745523236962384
 21
137.8512347330535
 31
0.0
  0
LINE
  5
7F6
330
17
100
AcDbEntity
  8
隐藏线
100
AcDbLine
 10
20.570926993118007
 20
137.97971422223014
 30
0.0
 11
20.65812969328215
 21
137.91795932463089
 31
0.0
  0
LINE
  5
7F7
330
17
100
AcDbEntity
  8
隐藏线
100
AcDbLine
 10
20.48441379212099
 20
138.036508710534
 30
0.0
 11
20.570926993118007
 21
137.97971422223014
 31
0.0
  0
LINE
  5
7F8
330
17
100
AcDbEntity
  8
隐藏线
100
AcDbLine
 10
20.398998713006677
 20
138.08848891728385
 30
0.0
 11
20.48441379212099
 21
138.036508710534
 31
0.0
  0
LINE
  5
7F9
330
17
100
AcDbEntity
  8
隐藏线
100
AcDbLine
 10
20.315046425939585
 20
138.13586777467938
 30
0.0
 11
20.398998713006677
 21
138.08848891728385
 31
0.0
  0
LINE
  5
7FA
330
17
100
AcDbEntity
  8
隐藏线
100
AcDbLine
 10
20.23037493734924
 20
138.1801404797341
 30
0.0
 11
20.315046425939585
 21
138.13586777467938
 31
0.0
  0
LINE
  5
7FB
330
17
100
AcDbEntity
  8
隐藏线
100
AcDbLine
 10
20.148047021301466
 20
138.21997932542004
 30
0.0
 11
20.23037493734924
 21
138.1801404797341
 31
0.0
  0
LINE
  5
7FC
330
17
100
AcDbEntity
  8
隐藏线
100
AcDbLine
 10
20.068461853353085
 20
138.2556186408869
 30
0.0
 11
20.148047021301466
 21
138.21997932542004
 31
0.0
  0
LINE
  5
7FD
330
17
100
AcDbEntity
  8
隐藏线
100
AcDbLine
 10
19.991975453796158
 20
138.28730624921812
 30
0.0
 11
20.068461853353085
 21
138.2556186408869
 31
0.0
  0
LINE
  5
7FE
330
17
100
AcDbEntity
  8
隐藏线
100
AcDbLine
 10
19.918873591201248
 20
138.31531194004256
 30
0.0
 11
19.991975453796158
 21
138.28730624921812
 31
0.0
  0
LINE
  5
7FF
330
17
100
AcDbEntity
  8
隐藏线
100
AcDbLine
 10
19.849435580326855
 20
138.3399075209888
 30
0.0
 11
19.918873591201248
 21
138.31531194004256
 31
0.0
  0
LINE
  5
800
330
17
100
AcDbEntity
  8
隐藏线
100
AcDbLine
 10
19.783940735931566
 20
138.3613647996854
 30
0.0
 11
19.849435580326855
 21
138.3399075209888
 31
0.0
  0
LINE
  5
801
330
17
100
AcDbEntity
  8
隐藏线
100
AcDbLine
 10
19.722668372773853
 20
138.37995558376088
 30
0.0
 11
19.783940735931566
 21
138.3613647996854
 31
0.0
  0
LINE
  5
802
330
17
100
AcDbEntity
  8
隐藏线
100
AcDbLine
 10
19.667370641387578
 20
138.3955413489647
 30
0.0
 11
19.722668372773853
 21
138.37995558376088
 31
0.0
  0
LINE
  5
803
330
17
100
AcDbEntity
  8
隐藏线
100
AcDbLine
 10
19.61652835888242
 20
138.40887307527288
 30
0.0
 11
19.667370641387578
 21
138.3955413489647
 31
0.0
  0
LINE
  5
804
330
17
100
AcDbEntity
  8
隐藏线
100
AcDbLine
 10
19.570333019931297
 20
138.42014927617726
 30
0.0
 11
19.61652835888242
 21
138.40887307527288
 31
0.0
  0
LINE
  5
805
330
17
100
AcDbEntity
  8
隐藏线
100
AcDbLine
 10
19.528976117238187
 20
138.42956846361886
 30
0.0
 11
19.570333019931297
 21
138.42014927617726
 31
0.0
  0
LINE
  5
806
330
17
100
AcDbEntity
  8
隐藏线
100
AcDbLine
 10
19.492649143507208
 20
138.43732914953867
 30
0.0
 11
19.528976117238187
 21
138.42956846361886
 31
0.0
  0
LINE
  5
807
330
17
100
AcDbEntity
  8
隐藏线
100
AcDbLine
 10
19.435799095280686
 20
138.44861271791402
 30
0.0
 11
19.461542226131428
 21
138.4436283624031
 31
0.0
  0
LINE
  5
808
330
17
100
AcDbEntity
  8
隐藏线
100
AcDbLine
 10
19.41550681174624
 20
138.45236725782888
 30
0.0
 11
19.435799095280686
 21
138.44861271791402
 31
0.0
  0
LINE
  5
809
330
17
100
AcDbEntity
  8
隐藏线
100
AcDbLine
 10
19.413930596028877
 20
138.4526512413556
 30
0.0
 11
19.415506811746184
 21
138.45236725782888
 31
0.0
  0
LINE
  5
80A
330
17
100
AcDbEntity
  8
隐藏线
100
AcDbLine
 10
22.568190457575923
 20
140.0547553421007
 30
0.0
 11
22.58485244293317
 21
140.05544815495347
 31
0.0
  0
LINE
  5
80B
330
17
100
AcDbEntity
  8
隐藏线
100
AcDbLine
 10
22.633895047699752
 20
140.05631174208062
 30
0.0
 11
22.713836512066337
 21
140.05543253451555
 31
0.0
  0
LINE
  5
80C
330
17
100
AcDbEntity
  8
隐藏线
100
AcDbLine
 10
22.713836512066337
 20
140.05543253451555
 30
0.0
 11
22.822157110906517
 21
140.0494770068463
 31
0.0
  0
LINE
  5
80D
330
17
100
AcDbEntity
  8
隐藏线
100
AcDbLine
 10
22.822157110906517
 20
140.0494770068463
 30
0.0
 11
22.955516134918724
 21
140.03398877274364
 31
0.0
  0
LINE
  5
80E
330
17
100
AcDbEntity
  8
隐藏线
100
AcDbLine
 10
22.955516134918724
 20
140.03398877274364
 30
0.0
 11
23.110195298643248
 21
140.00406685408254
 31
0.0
  0
LINE
  5
80F
330
17
100
AcDbEntity
  8
隐藏线
100
AcDbLine
 10
23.110195298643248
 20
140.00406685408254
 30
0.0
 11
23.281639129917068
 21
139.9538345135738
 31
0.0
  0
LINE
  5
810
330
17
100
AcDbEntity
  8
隐藏线
100
AcDbLine
 10
23.281639129917068
 20
139.9538345135738
 30
0.0
 11
23.4650374586858
 21
139.87724264824138
 31
0.0
  0
LINE
  5
811
330
17
100
AcDbEntity
  8
隐藏线
100
AcDbLine
 10
23.4650374586858
 20
139.87724264824138
 30
0.0
 11
23.475217729397855
 21
139.87221141074866
 31
0.0
  0
LINE
  5
812
330
17
100
AcDbEntity
  8
隐藏线
100
AcDbLine
 10
23.516096551626646
 20
139.8511045301944
 30
0.0
 11
23.526350556304806
 21
139.84557719049727
 31
0.0
  0
LINE
  5
813
330
17
100
AcDbEntity
  8
隐藏线
100
AcDbLine
 10
23.526350556304806
 20
139.84557719049727
 30
0.0
 11
23.536616226341664
 21
139.8399475482116
 31
0.0
  0
LINE
  5
814
330
17
100
AcDbEntity
  8
隐藏线
100
AcDbLine
 10
23.536616226341664
 20
139.8399475482116
 30
0.0
 11
23.54689253459236
 21
139.83421457595483
 31
0.0
  0
LINE
  5
815
330
17
100
AcDbEntity
  8
隐藏线
100
AcDbLine
 10
23.54689253459236
 20
139.83421457595483
 30
0.0
 11
23.747251459279966
 21
139.7008302993781
 31
0.0
  0
LINE
  5
816
330
17
100
AcDbEntity
  8
隐藏线
100
AcDbLine
 10
23.747251459279966
 20
139.7008302993781
 30
0.0
 11
23.943537123478706
 21
139.52083657231205
 31
0.0
  0
LINE
  5
817
330
17
100
AcDbEntity
  8
隐藏线
100
AcDbLine
 10
23.943537123478706
 20
139.52083657231205
 30
0.0
 11
24.127031050048288
 21
139.2891461350128
 31
0.0
  0
LINE
  5
818
330
17
100
AcDbEntity
  8
隐藏线
100
AcDbLine
 10
24.127031050048288
 20
139.2891461350128
 30
0.0
 11
24.288734023930914
 21
139.00168244250622
 31
0.0
  0
LINE
  5
819
330
17
100
AcDbEntity
  8
隐藏线
100
AcDbLine
 10
24.288734023930914
 20
139.00168244250622
 30
0.0
 11
24.42143112556667
 21
138.65783544648
 31
0.0
  0
LINE
  5
81A
330
17
100
AcDbEntity
  8
隐藏线
100
AcDbLine
 10
24.42143112556667
 20
138.65783544648
 30
0.0
 11
24.519412598630254
 21
138.25988636293891
 31
0.0
  0
LINE
  5
81B
330
17
100
AcDbEntity
  8
隐藏线
100
AcDbLine
 10
24.519412598630254
 20
138.25988636293891
 30
0.0
 11
24.57907410374449
 21
137.81155959225538
 31
0.0
  0
LINE
  5
81C
330
17
100
AcDbEntity
  8
隐藏线
100
AcDbLine
 10
24.57907410374449
 20
137.81155959225538
 30
0.0
 11
24.600209985012924
 21
137.3185287709135
 31
0.0
  0
LINE
  5
81D
330
17
100
AcDbEntity
  8
隐藏线
100
AcDbLine
 10
21.882434796099915
 20
129.5
 30
0.0
 11
21.882434796099915
 21
132.5
 31
0.0
  0
LINE
  5
81E
330
17
100
AcDbEntity
  8
隐藏线
100
AcDbLine
 10
21.882434796099915
 20
132.5
 30
0.0
 11
21.882434796099915
 21
135.5
 31
0.0
  0
LINE
  5
81F
330
17
100
AcDbEntity
  8
隐藏线
100
AcDbLine
 10
24.58846188943957
 20
129.5
 30
0.0
 11
24.882434796099915
 21
129.5
 31
0.0
  0
LINE
  5
820
330
17
100
AcDbEntity
  8
隐藏线
100
AcDbLine
 10
24.297394060208347
 20
129.5
 30
0.0
 11
24.58846188943957
 21
129.5
 31
0.0
  0
LINE
  5
821
330
17
100
AcDbEntity
  8
隐藏线
100
AcDbLine
 10
24.011845598927636
 20
129.5
 30
0.0
 11
24.297394060208347
 21
129.5
 31
0.0
  0
LINE
  5
822
330
17
100
AcDbEntity
  8
隐藏线
100
AcDbLine
 10
23.734384499004648
 20
129.5
 30
0.0
 11
24.011845598927636
 21
129.5
 31
0.0
  0
LINE
  5
823
330
17
100
AcDbEntity
  8
隐藏线
100
AcDbLine
 10
23.468654495774956
 20
129.5
 30
0.0
 11
23.734384499004648
 21
129.5
 31
0.0
  0
LINE
  5
824
330
17
100
AcDbEntity
  8
隐藏线
100
AcDbLine
 10
23.216379737057196
 20
129.5
 30
0.0
 11
23.468654495774956
 21
129.5
 31
0.0
  0
LINE
  5
825
330
17
100
AcDbEntity
  8
隐藏线
100
AcDbLine
 10
22.979822808453747
 20
129.5
 30
0.0
 11
23.216379737057196
 21
129.5
 31
0.0
  0
LINE
  5
826
330
17
100
AcDbEntity
  8
隐藏线
100
AcDbLine
 10
22.761114452540255
 20
129.5
 30
0.0
 11
22.979822808453747
 21
129.5
 31
0.0
  0
LINE
  5
827
330
17
100
AcDbEntity
  8
隐藏线
100
AcDbLine
 10
22.564082336884468
 20
129.5
 30
0.0
 11
22.761114452540255
 21
129.5
 31
0.0
  0
LINE
  5
828
330
17
100
AcDbEntity
  8
隐藏线
100
AcDbLine
 10
22.3890071938186
 20
129.5
 30
0.0
 11
22.564082336884468
 21
129.5
 31
0.0
  0
LINE
  5
829
330
17
100
AcDbEntity
  8
隐藏线
100
AcDbLine
 10
22.237455445878396
 20
129.5
 30
0.0
 11
22.3890071938186
 21
129.5
 31
0.0
  0
LINE
  5
82A
330
17
100
AcDbEntity
  8
隐藏线
100
AcDbLine
 10
22.11079619856605
 20
129.5
 30
0.0
 11
22.237455445878396
 21
129.5
 31
0.0
  0
LINE
  5
82B
330
17
100
AcDbEntity
  8
隐藏线
100
AcDbLine
 10
22.01245832399215
 20
129.5
 30
0.0
 11
22.11079619856605
 21
129.5
 31
0.0
  0
LINE
  5
82C
330
17
100
AcDbEntity
  8
隐藏线
100
AcDbLine
 10
21.94123640004983
 20
129.5
 30
0.0
 11
22.01245832399215
 21
129.5
 31
0.0
  0
LINE
  5
82D
330
17
100
AcDbEntity
  8
隐藏线
100
AcDbLine
 10
21.897762212576765
 20
129.5
 30
0.0
 11
21.94123640004983
 21
129.5
 31
0.0
  0
LINE
  5
82E
330
17
100
AcDbEntity
  8
隐藏线
100
AcDbLine
 10
21.882434796099915
 20
129.5
 30
0.0
 11
21.897762212576765
 21
129.5
 31
0.0
  0
LINE
  5
82F
330
17
100
AcDbEntity
  8
隐藏线
100
AcDbLine
 10
21.882434796099915
 20
121.5
 30
0.0
 11
21.882434796099915
 21
124.5
 31
0.0
  0
LINE
  5
830
330
17
100
AcDbEntity
  8
隐藏线
100
AcDbLine
 10
21.882434796099915
 20
124.5
 30
0.0
 11
21.882434796099915
 21
127.5
 31
0.0
  0
LINE
  5
831
330
17
100
AcDbEntity
  8
隐藏线
100
AcDbLine
 10
21.882434796099915
 20
127.5
 30
0.0
 11
29.63193369524194
 21
127.5
 31
0.0
  0
LINE
  5
832
330
17
100
AcDbEntity
  8
隐藏线
100
AcDbLine
 10
24.882434796099915
 20
129.5
 30
0.0
 11
29.63193369524194
 21
129.5
 31
0.0
  0
LINE
  5
833
330
17
100
AcDbEntity
  8
隐藏线
100
AcDbLine
 10
18.882434796099915
 20
127.49999999999999
 30
0.0
 11
19.176407702760258
 21
127.49999999999999
 31
0.0
  0
LINE
  5
834
330
17
100
AcDbEntity
  8
隐藏线
100
AcDbLine
 10
19.176407702760258
 20
127.49999999999999
 30
0.0
 11
19.467475531991482
 21
127.49999999999999
 31
0.0
  0
LINE
  5
835
330
17
100
AcDbEntity
  8
隐藏线
100
AcDbLine
 10
19.467475531991482
 20
127.49999999999999
 30
0.0
 11
19.753023993272194
 21
127.49999999999999
 31
0.0
  0
LINE
  5
836
330
17
100
AcDbEntity
  8
隐藏线
100
AcDbLine
 10
19.753023993272194
 20
127.49999999999999
 30
0.0
 11
20.030485093195182
 21
127.49999999999999
 31
0.0
  0
LINE
  5
837
330
17
100
AcDbEntity
  8
隐藏线
100
AcDbLine
 10
20.030485093195182
 20
127.49999999999999
 30
0.0
 11
20.296215096424874
 21
127.49999999999999
 31
0.0
  0
LINE
  5
838
330
17
100
AcDbEntity
  8
隐藏线
100
AcDbLine
 10
20.296215096424874
 20
127.49999999999999
 30
0.0
 11
20.548489855142634
 21
127.49999999999999
 31
0.0
  0
LINE
  5
839
330
17
100
AcDbEntity
  8
隐藏线
100
AcDbLine
 10
20.548489855142634
 20
127.49999999999999
 30
0.0
 11
20.785046783746054
 21
127.49999999999999
 31
0.0
  0
LINE
  5
83A
330
17
100
AcDbEntity
  8
隐藏线
100
AcDbLine
 10
20.785046783746054
 20
127.49999999999999
 30
0.0
 11
21.003755139659546
 21
127.49999999999999
 31
0.0
  0
LINE
  5
83B
330
17
100
AcDbEntity
  8
隐藏线
100
AcDbLine
 10
21.003755139659546
 20
127.49999999999999
 30
0.0
 11
21.200787255315362
 21
127.49999999999999
 31
0.0
  0
LINE
  5
83C
330
17
100
AcDbEntity
  8
隐藏线
100
AcDbLine
 10
21.200787255315362
 20
127.49999999999999
 30
0.0
 11
21.37586239838123
 21
127.49999999999999
 31
0.0
  0
LINE
  5
83D
330
17
100
AcDbEntity
  8
隐藏线
100
AcDbLine
 10
21.37586239838123
 20
127.49999999999999
 30
0.0
 11
21.527414146321405
 21
127.49999999999999
 31
0.0
  0
LINE
  5
83E
330
17
100
AcDbEntity
  8
隐藏线
100
AcDbLine
 10
21.527414146321405
 20
127.49999999999999
 30
0.0
 11
21.65407339363378
 21
127.49999999999999
 31
0.0
  0
LINE
  5
83F
330
17
100
AcDbEntity
  8
隐藏线
100
AcDbLine
 10
21.65407339363378
 20
127.49999999999999
 30
0.0
 11
21.752411268207652
 21
127.49999999999999
 31
0.0
  0
LINE
  5
840
330
17
100
AcDbEntity
  8
隐藏线
100
AcDbLine
 10
21.752411268207652
 20
127.49999999999999
 30
0.0
 11
21.823633192149998
 21
127.49999999999999
 31
0.0
  0
LINE
  5
841
330
17
100
AcDbEntity
  8
隐藏线
100
AcDbLine
 10
21.823633192149998
 20
127.49999999999999
 30
0.0
 11
21.867107379623064
 21
127.49999999999999
 31
0.0
  0
LINE
  5
842
330
17
100
AcDbEntity
  8
隐藏线
100
AcDbLine
 10
21.867107379623064
 20
127.49999999999999
 30
0.0
 11
21.882434796099915
 21
127.49999999999999
 31
0.0
  0
LINE
  5
843
330
17
100
AcDbEntity
  8
隐藏线
100
AcDbLine
 10
21.871945073673118
 20
121.5
 30
0.0
 11
21.882434796099915
 21
121.5
 31
0.0
  0
LINE
  5
844
330
17
100
AcDbEntity
  8
隐藏线
100
AcDbLine
 10
21.79326655637837
 20
121.5
 30
0.0
 11
21.842159963349587
 21
121.5
 31
0.0
  0
LINE
  5
845
330
17
100
AcDbEntity
  8
隐藏线
100
AcDbLine
 10
21.72556162161075
 20
121.5
 30
0.0
 11
21.79326655637837
 21
121.5
 31
0.0
  0
LINE
  5
846
330
17
100
AcDbEntity
  8
隐藏线
100
AcDbLine
 10
21.637974279360577
 20
121.5
 30
0.0
 11
21.72556162161075
 21
121.5
 31
0.0
  0
LINE
  5
847
330
17
100
AcDbEntity
  8
隐藏线
100
AcDbLine
 10
21.532625641615
 20
121.5
 30
0.0
 11
21.637974279360577
 21
121.5
 31
0.0
  0
LINE
  5
848
330
17
100
AcDbEntity
  8
隐藏线
100
AcDbLine
 10
21.410167093324503
 20
121.5
 30
0.0
 11
21.532625641615
 21
121.5
 31
0.0
  0
LINE
  5
849
330
17
100
AcDbEntity
  8
隐藏线
100
AcDbLine
 10
21.271348226726133
 20
121.5
 30
0.0
 11
21.410167093324503
 21
121.5
 31
0.0
  0
LINE
  5
84A
330
17
100
AcDbEntity
  8
隐藏线
100
AcDbLine
 10
21.240188992256577
 20
121.5
 30
0.0
 11
21.271348226726133
 21
121.5
 31
0.0
  0
LINE
  5
84B
330
17
100
AcDbEntity
  8
隐藏线
100
AcDbLine
 10
21.20836503534062
 20
121.5
 30
0.0
 11
21.240188992256577
 21
121.5
 31
0.0
  0
LINE
  5
84C
330
17
100
AcDbEntity
  8
隐藏线
100
AcDbLine
 10
21.108938983645743
 20
121.5
 30
0.0
 11
21.142757343757268
 21
121.5
 31
0.0
  0
LINE
  5
84D
330
17
100
AcDbEntity
  8
隐藏线
100
AcDbLine
 10
21.074492963471783
 20
121.5
 30
0.0
 11
21.108938983645743
 21
121.5
 31
0.0
  0
LINE
  5
84E
330
17
100
AcDbEntity
  8
隐藏线
100
AcDbLine
 10
21.0394285436478
 20
121.5
 30
0.0
 11
21.074492963471783
 21
121.5
 31
0.0
  0
LINE
  5
84F
330
17
100
AcDbEntity
  8
隐藏线
100
AcDbLine
 10
21.003755139659575
 20
121.5
 30
0.0
 11
21.0394285436478
 21
121.5
 31
0.0
  0
LINE
  5
850
330
17
100
AcDbEntity
  8
隐藏线
100
AcDbLine
 10
20.785046783746083
 20
121.5
 30
0.0
 11
21.003755139659575
 21
121.5
 31
0.0
  0
LINE
  5
851
330
17
100
AcDbEntity
  8
隐藏线
100
AcDbLine
 10
20.548489855142634
 20
121.5
 30
0.0
 11
20.785046783746083
 21
121.5
 31
0.0
  0
LINE
  5
852
330
17
100
AcDbEntity
  8
隐藏线
100
AcDbLine
 10
20.296215096424902
 20
121.5
 30
0.0
 11
20.548489855142634
 21
121.5
 31
0.0
  0
LINE
  5
853
330
17
100
AcDbEntity
  8
隐藏线
100
AcDbLine
 10
20.030485093195182
 20
121.5
 30
0.0
 11
20.296215096424902
 21
121.5
 31
0.0
  0
LINE
  5
854
330
17
100
AcDbEntity
  8
隐藏线
100
AcDbLine
 10
19.753023993272194
 20
121.5
 30
0.0
 11
20.030485093195182
 21
121.5
 31
0.0
  0
LINE
  5
855
330
17
100
AcDbEntity
  8
隐藏线
100
AcDbLine
 10
19.46747553199151
 20
121.5
 30
0.0
 11
19.753023993272194
 21
121.5
 31
0.0
  0
LINE
  5
856
330
17
100
AcDbEntity
  8
隐藏线
100
AcDbLine
 10
19.176407702760258
 20
121.5
 30
0.0
 11
19.46747553199151
 21
121.5
 31
0.0
  0
LINE
  5
857
330
17
100
AcDbEntity
  8
隐藏线
100
AcDbLine
 10
18.882434796099915
 20
121.5
 30
0.0
 11
19.176407702760258
 21
121.5
 31
0.0
  0
LINE
  5
858
330
17
100
AcDbEntity
  8
隐藏线
100
AcDbLine
 10
18.882434796099915
 20
118.5
 30
0.0
 11
18.882434796099915
 21
118.51048972242683
 31
0.0
  0
LINE
  5
859
330
17
100
AcDbEntity
  8
隐藏线
100
AcDbLine
 10
18.882434796099915
 20
118.54027483275033
 30
0.0
 11
18.882434796099915
 21
118.58916823972154
 31
0.0
  0
LINE
  5
85A
330
17
100
AcDbEntity
  8
隐藏线
100
AcDbLine
 10
18.882434796099915
 20
118.58916823972154
 30
0.0
 11
18.882434796099915
 21
118.65687317448916
 31
0.0
  0
LINE
  5
85B
330
17
100
AcDbEntity
  8
隐藏线
100
AcDbLine
 10
18.882434796099915
 20
118.65687317448916
 30
0.0
 11
18.882434796099915
 21
118.74446051673935
 31
0.0
  0
LINE
  5
85C
330
17
100
AcDbEntity
  8
隐藏线
100
AcDbLine
 10
18.882434796099915
 20
118.74446051673935
 30
0.0
 11
18.882434796099915
 21
118.84980915448496
 31
0.0
  0
LINE
  5
85D
330
17
100
AcDbEntity
  8
隐藏线
100
AcDbLine
 10
18.882434796099915
 20
118.84980915448496
 30
0.0
 11
18.882434796099915
 21
118.97226770277545
 31
0.0
  0
LINE
  5
85E
330
17
100
AcDbEntity
  8
隐藏线
100
AcDbLine
 10
18.882434796099915
 20
118.97226770277545
 30
0.0
 11
18.882434796099915
 21
119.1110865693738
 31
0.0
  0
LINE
  5
85F
330
17
100
AcDbEntity
  8
隐藏线
100
AcDbLine
 10
18.882434796099915
 20
119.1110865693738
 30
0.0
 11
18.882434796099915
 21
119.14224580384337
 31
0.0
  0
LINE
  5
860
330
17
100
AcDbEntity
  8
隐藏线
100
AcDbLine
 10
18.882434796099915
 20
119.14224580384337
 30
0.0
 11
18.882434796099915
 21
119.17406976075932
 31
0.0
  0
LINE
  5
861
330
17
100
AcDbEntity
  8
隐藏线
100
AcDbLine
 10
18.882434796099915
 20
119.17406976075932
 30
0.0
 11
18.882434796099915
 21
119.20654988386073
 31
0.0
  0
LINE
  5
862
330
17
100
AcDbEntity
  8
隐藏线
100
AcDbLine
 10
18.882434796099915
 20
119.23967745234268
 30
0.0
 11
18.882434796099915
 21
119.2734958124542
 31
0.0
  0
LINE
  5
863
330
17
100
AcDbEntity
  8
隐藏线
100
AcDbLine
 10
18.882434796099915
 20
119.2734958124542
 30
0.0
 11
18.882434796099915
 21
119.30794183262815
 31
0.0
  0
LINE
  5
864
330
17
100
AcDbEntity
  8
隐藏线
100
AcDbLine
 10
18.882434796099915
 20
119.34300625245213
 30
0.0
 11
18.882434796099915
 21
119.37867965644035
 31
0.0
  0
LINE
  5
865
330
17
100
AcDbEntity
  8
隐藏线
100
AcDbLine
 10
18.882434796099915
 20
119.37867965644035
 30
0.0
 11
18.882434796099915
 21
119.59738801235385
 31
0.0
  0
LINE
  5
866
330
17
100
AcDbEntity
  8
隐藏线
100
AcDbLine
 10
18.882434796099915
 20
119.59738801235385
 30
0.0
 11
18.882434796099915
 21
119.83394494095728
 31
0.0
  0
LINE
  5
867
330
17
100
AcDbEntity
  8
隐藏线
100
AcDbLine
 10
18.882434796099915
 20
119.83394494095728
 30
0.0
 11
18.882434796099915
 21
120.08621969967504
 31
0.0
  0
LINE
  5
868
330
17
100
AcDbEntity
  8
隐藏线
100
AcDbLine
 10
18.882434796099915
 20
120.08621969967504
 30
0.0
 11
18.882434796099915
 21
120.35194970290473
 31
0.0
  0
LINE
  5
869
330
17
100
AcDbEntity
  8
隐藏线
100
AcDbLine
 10
18.882434796099915
 20
120.35194970290473
 30
0.0
 11
18.882434796099915
 21
120.6294108028277
 31
0.0
  0
LINE
  5
86A
330
17
100
AcDbEntity
  8
隐藏线
100
AcDbLine
 10
18.882434796099915
 20
120.6294108028277
 30
0.0
 11
18.882434796099915
 21
120.91495926410842
 31
0.0
  0
LINE
  5
86B
330
17
100
AcDbEntity
  8
隐藏线
100
AcDbLine
 10
18.882434796099915
 20
120.91495926410842
 30
0.0
 11
18.882434796099915
 21
121.20602709333966
 31
0.0
  0
LINE
  5
86C
330
17
100
AcDbEntity
  8
隐藏线
100
AcDbLine
 10
18.882434796099915
 20
121.20602709333966
 30
0.0
 11
18.882434796099915
 21
121.5
 31
0.0
  0
LINE
  5
86D
330
17
100
AcDbEntity
  8
隐藏线
100
AcDbLine
 10
21.8422693059305
 20
121.01074894422891
 30
0.0
 11
21.865517429008918
 21
121.18185222736147
 31
0.0
  0
LINE
  5
86E
330
17
100
AcDbEntity
  8
隐藏线
100
AcDbLine
 10
21.80936567573508
 20
120.84192183835279
 30
0.0
 11
21.8422693059305
 21
121.01074894422891
 31
0.0
  0
LINE
  5
86F
330
17
100
AcDbEntity
  8
隐藏线
100
AcDbLine
 10
21.76705929686861
 20
120.67600995628845
 30
0.0
 11
21.80936567573508
 21
120.84192183835279
 31
0.0
  0
LINE
  5
870
330
17
100
AcDbEntity
  8
隐藏线
100
AcDbLine
 10
21.716347311503114
 20
120.51556589180454
 30
0.0
 11
21.76705929686861
 21
120.67600995628845
 31
0.0
  0
LINE
  5
871
330
17
100
AcDbEntity
  8
隐藏线
100
AcDbLine
 10
21.658006245093418
 20
120.36138111016679
 30
0.0
 11
21.716347311503114
 21
120.51556589180454
 31
0.0
  0
LINE
  5
872
330
17
100
AcDbEntity
  8
隐藏线
100
AcDbLine
 10
21.59262480282547
 20
120.21351495030927
 30
0.0
 11
21.658006245093418
 21
120.36138111016679
 31
0.0
  0
LINE
  5
873
330
17
100
AcDbEntity
  8
隐藏线
100
AcDbLine
 10
21.5207916898851
 20
120.07202675116605
 30
0.0
 11
21.59262480282547
 21
120.21351495030927
 31
0.0
  0
LINE
  5
874
330
17
100
AcDbEntity
  8
隐藏线
100
AcDbLine
 10
21.44318958964493
 20
119.93713887778314
 30
0.0
 11
21.5207916898851
 21
120.07202675116605
 31
0.0
  0
LINE
  5
875
330
17
100
AcDbEntity
  8
隐藏线
100
AcDbLine
 10
21.392898902093236
 20
119.85757051787165
 30
0.0
 11
21.44318958964493
 21
119.93713887778314
 31
0.0
  0
LINE
  5
876
330
17
100
AcDbEntity
  8
隐藏线
100
AcDbLine
 10
21.34092560616017
 20
119.78074777183929
 30
0.0
 11
21.392898902093236
 21
119.85757051787165
 31
0.0
  0
LINE
  5
877
330
17
100
AcDbEntity
  8
隐藏线
100
AcDbLine
 10
21.287402440484158
 20
119.70664253945685
 30
0.0
 11
21.34092560616017
 21
119.78074777183929
 31
0.0
  0
LINE
  5
878
330
17
100
AcDbEntity
  8
隐藏线
100
AcDbLine
 10
21.232556822135194
 20
119.63531805968681
 30
0.0
 11
21.287402440484158
 21
119.70664253945685
 31
0.0
  0
LINE
  5
879
330
17
100
AcDbEntity
  8
隐藏线
100
AcDbLine
 10
21.176699337258754
 20
119.56691764893073
 30
0.0
 11
21.232556822135194
 21
119.63531805968681
 31
0.0
  0
LINE
  5
87A
330
17
100
AcDbEntity
  8
隐藏线
100
AcDbLine
 10
21.119918624930335
 20
119.50137036702998
 30
0.0
 11
21.176699337258754
 21
119.56691764893073
 31
0.0
  0
LINE
  5
87B
330
17
100
AcDbEntity
  8
隐藏线
100
AcDbLine
 10
21.062295857755913
 20
119.43859806840535
 30
0.0
 11
21.119918624930335
 21
119.50137036702998
 31
0.0
  0
LINE
  5
87C
330
17
100
AcDbEntity
  8
隐藏线
100
AcDbLine
 10
21.00391220834132
 20
119.37852260747766
 30
0.0
 11
21.062295857755913
 21
119.43859806840535
 31
0.0
  0
LINE
  5
87D
330
17
100
AcDbEntity
  8
隐藏线
100
AcDbLine
 10
20.94379336366279
 20
119.32006777541444
 30
0.0
 11
21.00391220834132
 21
119.37852260747766
 31
0.0
  0
LINE
  5
87E
330
17
100
AcDbEntity
  8
隐藏线
100
AcDbLine
 10
20.883056009829915
 20
119.26424316843392
 30
0.0
 11
20.94379336366279
 21
119.32006777541444
 31
0.0
  0
LINE
  5
87F
330
17
100
AcDbEntity
  8
隐藏线
100
AcDbLine
 10
20.821785725288294
 20
119.21096639941646
 30
0.0
 11
20.883056009829915
 21
119.26424316843392
 31
0.0
  0
LINE
  5
880
330
17
100
AcDbEntity
  8
隐藏线
100
AcDbLine
 10
20.760068088483393
 20
119.16015508124246
 30
0.0
 11
20.821785725288294
 21
119.21096639941646
 31
0.0
  0
LINE
  5
881
330
17
100
AcDbEntity
  8
隐藏线
100
AcDbLine
 10
20.697988677860764
 20
119.11172682679226
 30
0.0
 11
20.760068088483393
 21
119.16015508124246
 31
0.0
  0
LINE
  5
882
330
17
100
AcDbEntity
  8
隐藏线
100
AcDbLine
 10
20.635654792393154
 20
119.06561514293662
 30
0.0
 11
20.697988677860764
 21
119.11172682679226
 31
0.0
  0
LINE
  5
883
330
17
100
AcDbEntity
  8
隐藏线
100
AcDbLine
 10
20.573625428090395
 20
119.0220818297413
 30
0.0
 11
20.635654792393154
 21
119.06561514293662
 31
0.0
  0
LINE
  5
884
330
17
100
AcDbEntity
  8
隐藏线
100
AcDbLine
 10
20.512171929433578
 20
118.98117265894996
 30
0.0
 11
20.573625428090395
 21
119.0220818297413
 31
0.0
  0
LINE
  5
885
330
17
100
AcDbEntity
  8
隐藏线
100
AcDbLine
 10
20.500301411267145
 20
118.97351800198796
 30
0.0
 11
20.512171929433578
 21
118.98117265894996
 31
0.0
  0
LINE
  5
886
330
17
100
AcDbEntity
  8
隐藏线
100
AcDbLine
 10
20.453076821104816
 20
118.94383928788454
 30
0.0
 11
20.46484322790451
 21
118.95111941613823
 31
0.0
  0
LINE
  5
887
330
17
100
AcDbEntity
  8
隐藏线
100
AcDbLine
 10
20.441337840103557
 20
118.93665099582108
 30
0.0
 11
20.453076821104816
 21
118.94383928788454
 31
0.0
  0
LINE
  5
888
330
17
100
AcDbEntity
  8
隐藏线
100
AcDbLine
 10
20.42962684408343
 20
118.92955382155304
 30
0.0
 11
20.441337840103557
 21
118.93665099582108
 31
0.0
  0
LINE
  5
889
330
17
100
AcDbEntity
  8
隐藏线
100
AcDbLine
 10
20.417944392227128
 20
118.92254704668571
 30
0.0
 11
20.42962684408343
 21
118.92955382155304
 31
0.0
  0
LINE
  5
88A
330
17
100
AcDbEntity
  8
隐藏线
100
AcDbLine
 10
20.29062368817958
 20
118.85077739484372
 30
0.0
 11
20.35379027870522
 21
118.88534804107108
 31
0.0
  0
LINE
  5
88B
330
17
100
AcDbEntity
  8
隐藏线
100
AcDbLine
 10
20.228539591387147
 20
118.81871309693318
 30
0.0
 11
20.29062368817958
 21
118.85077739484372
 31
0.0
  0
LINE
  5
88C
330
17
100
AcDbEntity
  8
隐藏线
100
AcDbLine
 10
20.16763295906489
 20
118.78903313626897
 30
0.0
 11
20.228539591387147
 21
118.81871309693318
 31
0.0
  0
LINE
  5
88D
330
17
100
AcDbEntity
  8
隐藏线
100
AcDbLine
 10
20.107998761949773
 20
118.76161550178065
 30
0.0
 11
20.16763295906489
 21
118.78903313626897
 31
0.0
  0
LINE
  5
88E
330
17
100
AcDbEntity
  8
隐藏线
100
AcDbLine
 10
20.049731970778737
 20
118.73633818239774
 30
0.0
 11
20.107998761949773
 21
118.76161550178065
 31
0.0
  0
LINE
  5
88F
330
17
100
AcDbEntity
  8
隐藏线
100
AcDbLine
 10
19.992927556288805
 20
118.71307916704978
 30
0.0
 11
20.049731970778737
 21
118.73633818239774
 31
0.0
  0
LINE
  5
890
330
17
100
AcDbEntity
  8
隐藏线
100
AcDbLine
 10
19.937680489216916
 20
118.6917164446663
 30
0.0
 11
19.992927556288805
 21
118.71307916704978
 31
0.0
  0
LINE
  5
891
330
17
100
AcDbEntity
  8
隐藏线
100
AcDbLine
 10
19.874316306296805
 20
118.66876475912946
 30
0.0
 11
19.93768048921703
 21
118.69171644466628
 31
0.0
  0
LINE
  5
892
330
17
100
AcDbEntity
  8
隐藏线
100
AcDbLine
 10
19.810463280365383
 20
118.64721322943998
 30
0.0
 11
19.874316306296805
 21
118.66876475912946
 31
0.0
  0
LINE
  5
893
330
17
100
AcDbEntity
  8
隐藏线
100
AcDbLine
 10
19.746151481787678
 20
118.62707198031654
 30
0.0
 11
19.810463280365383
 21
118.64721322943998
 31
0.0
  0
LINE
  5
894
330
17
100
AcDbEntity
  8
隐藏线
100
AcDbLine
 10
19.681411182526944
 20
118.60835051675829
 30
0.0
 11
19.746151481787678
 21
118.62707198031654
 31
0.0
  0
LINE
  5
895
330
17
100
AcDbEntity
  8
隐藏线
100
AcDbLine
 10
19.616242997665324
 20
118.59117765363145
 30
0.0
 11
19.681411182526944
 21
118.60835051675829
 31
0.0
  0
LINE
  5
896
330
17
100
AcDbEntity
  8
隐藏线
100
AcDbLine
 10
19.550713590290286
 20
118.57544316534526
 30
0.0
 11
19.616242997665324
 21
118.59117765363145
 31
0.0
  0
LINE
  5
897
330
17
100
AcDbEntity
  8
隐藏线
100
AcDbLine
 10
19.484853818022287
 20
118.5611544372928
 30
0.0
 11
19.550713590290286
 21
118.57544316534526
 31
0.0
  0
LINE
  5
898
330
17
100
AcDbEntity
  8
隐藏线
100
AcDbLine
 10
19.418694683653968
 20
118.54831821955676
 30
0.0
 11
19.484853818022287
 21
118.5611544372928
 31
0.0
  0
LINE
  5
899
330
17
100
AcDbEntity
  8
隐藏线
100
AcDbLine
 10
19.352248359466103
 20
118.53706275208285
 30
0.0
 11
19.418694683653968
 21
118.54831821955676
 31
0.0
  0
LINE
  5
89A
330
17
100
AcDbEntity
  8
隐藏线
100
AcDbLine
 10
19.28557134808085
 20
118.52727227174313
 30
0.0
 11
19.352248359466103
 21
118.53706275208285
 31
0.0
  0
LINE
  5
89B
330
17
100
AcDbEntity
  8
隐藏线
100
AcDbLine
 10
19.218695045374318
 20
118.51895136501003
 30
0.0
 11
19.28557134808085
 21
118.52727227174313
 31
0.0
  0
LINE
  5
89C
330
17
100
AcDbEntity
  8
隐藏线
100
AcDbLine
 10
19.151650934797345
 20
118.51210397258123
 30
0.0
 11
19.218695045374318
 21
118.51895136501003
 31
0.0
  0
LINE
  5
89D
330
17
100
AcDbEntity
  8
隐藏线
100
AcDbLine
 10
19.084462647607324
 20
118.50685672467337
 30
0.0
 11
19.151650934797345
 21
118.51210397258123
 31
0.0
  0
LINE
  5
89E
330
17
100
AcDbEntity
  8
隐藏线
100
AcDbLine
 10
19.017176070023595
 20
118.50308925475053
 30
0.0
 11
19.084462647607324
 21
118.50685672467337
 31
0.0
  0
LINE
  5
89F
330
17
100
AcDbEntity
  8
隐藏线
100
AcDbLine
 10
18.94982288283481
 20
118.50080331335474
 30
0.0
 11
19.017176070023595
 21
118.50308925475053
 31
0.0
  0
LINE
  5
8A0
330
17
100
AcDbEntity
  8
隐藏线
100
AcDbLine
 10
18.882434796099915
 20
118.5
 30
0.0
 11
18.94982288283481
 21
118.50080331335474
 31
0.0
  0
LINE
  5
8A1
330
17
100
AcDbEntity
  8
隐藏线
100
AcDbLine
 10
13.99837875989894
 20
127.5
 30
0.0
 11
15.815156227570924
 21
127.5
 31
0.0
  0
LINE
  5
8A2
330
17
100
AcDbEntity
  8
隐藏线
100
AcDbLine
 10
15.815156227570924
 20
127.5
 30
0.0
 11
16.440406777999442
 21
127.5
 31
0.0
  0
LINE
  5
8A3
330
17
100
AcDbEntity
  8
隐藏线
100
AcDbLine
 10
16.440406777999442
 20
127.5
 30
0.0
 11
18.882434796099915
 21
127.5
 31
0.0
  0
LINE
  5
8A4
330
17
100
AcDbEntity
  8
隐藏线
100
AcDbLine
 10
1.9983787598999356
 20
127.5
 30
0.0
 11
2.2428909205837613
 21
127.5
 31
0.0
  0
LINE
  5
8A5
330
17
100
AcDbEntity
  8
隐藏线
100
AcDbLine
 10
2.2428909205837613
 20
127.5
 30
0.0
 11
2.929265570635124
 21
127.49999999999999
 31
0.0
  0
LINE
  5
8A6
330
17
100
AcDbEntity
  8
隐藏线
100
AcDbLine
 10
2.929265570635124
 20
127.49999999999999
 30
0.0
 11
4.032366519441098
 21
127.49999999999999
 31
0.0
  0
LINE
  5
8A7
330
17
100
AcDbEntity
  8
隐藏线
100
AcDbLine
 10
4.032366519441098
 20
127.49999999999999
 30
0.0
 11
5.513097385661013
 21
127.49999999999999
 31
0.0
  0
LINE
  5
8A8
330
17
100
AcDbEntity
  8
隐藏线
100
AcDbLine
 10
5.513097385661013
 20
127.49999999999999
 30
0.0
 11
7.339620665685175
 21
127.49999999999999
 31
0.0
  0
LINE
  5
8A9
330
17
100
AcDbEntity
  8
隐藏线
100
AcDbLine
 10
7.339620665685175
 20
127.49999999999999
 30
0.0
 11
9.41340195346288
 21
127.49999999999999
 31
0.0
  0
LINE
  5
8AA
330
17
100
AcDbEntity
  8
隐藏线
100
AcDbLine
 10
9.41340195346288
 20
127.49999999999999
 30
0.0
 11
11.659796925982306
 21
127.49999999999999
 31
0.0
  0
LINE
  5
8AB
330
17
100
AcDbEntity
  8
隐藏线
100
AcDbLine
 10
11.659796925982306
 20
127.49999999999999
 30
0.0
 11
13.99837875989894
 21
127.49999999999999
 31
0.0
  0
LINE
  5
8AC
330
17
100
AcDbEntity
  8
隐藏线
100
AcDbLine
 10
16.977342196914208
 20
127.49999999999999
 30
0.0
 11
16.998378759899936
 21
127.49999999999999
 31
0.0
  0
LINE
  5
8AD
330
17
100
AcDbEntity
  8
隐藏线
100
AcDbLine
 10
16.91775145875735
 20
127.49999999999999
 30
0.0
 11
16.977342196914208
 21
127.49999999999999
 31
0.0
  0
LINE
  5
8AE
330
17
100
AcDbEntity
  8
隐藏线
100
AcDbLine
 10
16.820357280917904
 20
127.49999999999999
 30
0.0
 11
16.91775145875735
 21
127.49999999999999
 31
0.0
  0
LINE
  5
8AF
330
17
100
AcDbEntity
  8
隐藏线
100
AcDbLine
 10
16.686345687060026
 20
127.49999999999999
 30
0.0
 11
16.820357280917904
 21
127.49999999999999
 31
0.0
  0
LINE
  5
8B0
330
17
100
AcDbEntity
  8
隐藏线
100
AcDbLine
 10
16.514637036157637
 20
127.49999999999999
 30
0.0
 11
16.686345687060026
 21
127.49999999999999
 31
0.0
  0
LINE
  5
8B1
330
17
100
AcDbEntity
  8
隐藏线
100
AcDbLine
 10
16.310457569431065
 20
127.49999999999999
 30
0.0
 11
16.514637036157637
 21
127.49999999999999
 31
0.0
  0
LINE
  5
8B2
330
17
100
AcDbEntity
  8
隐藏线
100
AcDbLine
 10
16.076338611987325
 20
127.49999999999999
 30
0.0
 11
16.310457569431065
 21
127.49999999999999
 31
0.0
  0
LINE
  5
8B3
330
17
100
AcDbEntity
  8
隐藏线
100
AcDbLine
 10
15.815156227570952
 20
127.49999999999999
 30
0.0
 11
16.076338611987325
 21
127.49999999999999
 31
0.0
  0
LINE
  5
8B4
330
17
100
AcDbEntity
  8
隐藏线
100
AcDbLine
 10
15.088432329109793
 20
127.49999999999999
 30
0.0
 11
15.815156227570952
 21
127.49999999999999
 31
0.0
  0
LINE
  5
8B5
330
17
100
AcDbEntity
  8
隐藏线
100
AcDbLine
 10
14.282601735644533
 20
127.49999999999999
 30
0.0
 11
15.088432329109793
 21
127.49999999999999
 31
0.0
  0
LINE
  5
8B6
330
17
100
AcDbEntity
  8
隐藏线
100
AcDbLine
 10
13.45544030626644
 20
127.49999999999999
 30
0.0
 11
14.282601735644533
 21
127.49999999999999
 31
0.0
  0
LINE
  5
8B7
330
17
100
AcDbEntity
  8
隐藏线
100
AcDbLine
 10
12.666149876226598
 20
127.49999999999999
 30
0.0
 11
13.45544030626644
 21
127.49999999999999
 31
0.0
  0
LINE
  5
8B8
330
17
100
AcDbEntity
  8
隐藏线
100
AcDbLine
 10
11.984999544858283
 20
127.49999999999999
 30
0.0
 11
12.666149876226598
 21
127.49999999999999
 31
0.0
  0
LINE
  5
8B9
330
17
100
AcDbEntity
  8
隐藏线
100
AcDbLine
 10
11.457211525924123
 20
127.49999999999999
 30
0.0
 11
11.984999544858283
 21
127.49999999999999
 31
0.0
  0
LINE
  5
8BA
330
17
100
AcDbEntity
  8
隐藏线
100
AcDbLine
 10
11.120137227979399
 20
127.49999999999999
 30
0.0
 11
11.457211525924123
 21
127.49999999999999
 31
0.0
  0
LINE
  5
8BB
330
17
100
AcDbEntity
  8
隐藏线
100
AcDbLine
 10
10.998378759899936
 20
127.49999999999999
 30
0.0
 11
11.120137227979399
 21
127.49999999999999
 31
0.0
  0
LINE
  5
8BC
330
17
100
AcDbEntity
  8
隐藏线
100
AcDbLine
 10
21.871945073673118
 20
135.5
 30
0.0
 11
21.882434796099915
 21
135.5
 31
0.0
  0
LINE
  5
8BD
330
17
100
AcDbEntity
  8
隐藏线
100
AcDbLine
 10
21.79326655637837
 20
135.5
 30
0.0
 11
21.842159963349616
 21
135.5
 31
0.0
  0
LINE
  5
8BE
330
17
100
AcDbEntity
  8
隐藏线
100
AcDbLine
 10
21.72556162161075
 20
135.5
 30
0.0
 11
21.79326655637837
 21
135.5
 31
0.0
  0
LINE
  5
8BF
330
17
100
AcDbEntity
  8
隐藏线
100
AcDbLine
 10
21.637974279360577
 20
135.5
 30
0.0
 11
21.72556162161075
 21
135.5
 31
0.0
  0
LINE
  5
8C0
330
17
100
AcDbEntity
  8
隐藏线
100
AcDbLine
 10
21.532625641615
 20
135.5
 30
0.0
 11
21.637974279360577
 21
135.5
 31
0.0
  0
LINE
  5
8C1
330
17
100
AcDbEntity
  8
隐藏线
100
AcDbLine
 10
21.410167093324503
 20
135.5
 30
0.0
 11
21.532625641615
 21
135.5
 31
0.0
  0
LINE
  5
8C2
330
17
100
AcDbEntity
  8
隐藏线
100
AcDbLine
 10
21.271348226726133
 20
135.5
 30
0.0
 11
21.410167093324503
 21
135.5
 31
0.0
  0
LINE
  5
8C3
330
17
100
AcDbEntity
  8
隐藏线
100
AcDbLine
 10
21.240188992256577
 20
135.5
 30
0.0
 11
21.271348226726133
 21
135.5
 31
0.0
  0
LINE
  5
8C4
330
17
100
AcDbEntity
  8
隐藏线
100
AcDbLine
 10
21.20836503534062
 20
135.5
 30
0.0
 11
21.240188992256577
 21
135.5
 31
0.0
  0
LINE
  5
8C5
330
17
100
AcDbEntity
  8
隐藏线
100
AcDbLine
 10
21.108938983645743
 20
135.5
 30
0.0
 11
21.142757343757268
 21
135.5
 31
0.0
  0
LINE
  5
8C6
330
17
100
AcDbEntity
  8
隐藏线
100
AcDbLine
 10
21.074492963471783
 20
135.5
 30
0.0
 11
21.108938983645743
 21
135.5
 31
0.0
  0
LINE
  5
8C7
330
17
100
AcDbEntity
  8
隐藏线
100
AcDbLine
 10
21.0394285436478
 20
135.5
 30
0.0
 11
21.074492963471783
 21
135.5
 31
0.0
  0
LINE
  5
8C8
330
17
100
AcDbEntity
  8
隐藏线
100
AcDbLine
 10
21.003755139659575
 20
135.5
 30
0.0
 11
21.0394285436478
 21
135.5
 31
0.0
  0
LINE
  5
8C9
330
17
100
AcDbEntity
  8
隐藏线
100
AcDbLine
 10
20.785046783746083
 20
135.5
 30
0.0
 11
21.003755139659575
 21
135.5
 31
0.0
  0
LINE
  5
8CA
330
17
100
AcDbEntity
  8
隐藏线
100
AcDbLine
 10
20.548489855142634
 20
135.5
 30
0.0
 11
20.785046783746083
 21
135.5
 31
0.0
  0
LINE
  5
8CB
330
17
100
AcDbEntity
  8
隐藏线
100
AcDbLine
 10
20.296215096424902
 20
135.5
 30
0.0
 11
20.548489855142634
 21
135.5
 31
0.0
  0
LINE
  5
8CC
330
17
100
AcDbEntity
  8
隐藏线
100
AcDbLine
 10
20.030485093195182
 20
135.5
 30
0.0
 11
20.296215096424902
 21
135.5
 31
0.0
  0
LINE
  5
8CD
330
17
100
AcDbEntity
  8
隐藏线
100
AcDbLine
 10
19.753023993272194
 20
135.5
 30
0.0
 11
20.030485093195182
 21
135.5
 31
0.0
  0
LINE
  5
8CE
330
17
100
AcDbEntity
  8
隐藏线
100
AcDbLine
 10
19.467475531991482
 20
135.5
 30
0.0
 11
19.753023993272194
 21
135.5
 31
0.0
  0
LINE
  5
8CF
330
17
100
AcDbEntity
  8
隐藏线
100
AcDbLine
 10
19.176407702760258
 20
135.5
 30
0.0
 11
19.467475531991482
 21
135.5
 31
0.0
  0
LINE
  5
8D0
330
17
100
AcDbEntity
  8
隐藏线
100
AcDbLine
 10
18.882434796099915
 20
135.5
 30
0.0
 11
19.176407702760258
 21
135.5
 31
0.0
  0
LINE
  5
8D1
330
17
100
AcDbEntity
  8
隐藏线
100
AcDbLine
 10
18.882434796099915
 20
135.5
 30
0.0
 11
18.882434796099915
 21
135.79397290666034
 31
0.0
  0
LINE
  5
8D2
330
17
100
AcDbEntity
  8
隐藏线
100
AcDbLine
 10
18.882434796099915
 20
135.79397290666034
 30
0.0
 11
18.882434796099915
 21
136.08504073589157
 31
0.0
  0
LINE
  5
8D3
330
17
100
AcDbEntity
  8
隐藏线
100
AcDbLine
 10
18.882434796099915
 20
136.08504073589157
 30
0.0
 11
18.882434796099915
 21
136.37058919717228
 31
0.0
  0
LINE
  5
8D4
330
17
100
AcDbEntity
  8
隐藏线
100
AcDbLine
 10
18.882434796099915
 20
136.37058919717228
 30
0.0
 11
18.882434796099915
 21
136.64805029709527
 31
0.0
  0
LINE
  5
8D5
330
17
100
AcDbEntity
  8
隐藏线
100
AcDbLine
 10
18.882434796099915
 20
136.64805029709527
 30
0.0
 11
18.882434796099915
 21
136.91378030032496
 31
0.0
  0
LINE
  5
8D6
330
17
100
AcDbEntity
  8
隐藏线
100
AcDbLine
 10
18.882434796099915
 20
136.91378030032496
 30
0.0
 11
18.882434796099915
 21
137.16605505904272
 31
0.0
  0
LINE
  5
8D7
330
17
100
AcDbEntity
  8
隐藏线
100
AcDbLine
 10
18.882434796099915
 20
137.16605505904272
 30
0.0
 11
18.882434796099915
 21
137.40261198764614
 31
0.0
  0
LINE
  5
8D8
330
17
100
AcDbEntity
  8
隐藏线
100
AcDbLine
 10
18.882434796099915
 20
137.40261198764614
 30
0.0
 11
18.882434796099915
 21
137.62132034355963
 31
0.0
  0
LINE
  5
8D9
330
17
100
AcDbEntity
  8
隐藏线
100
AcDbLine
 10
18.882434796099915
 20
137.62132034355963
 30
0.0
 11
18.882434796099915
 21
137.6569937475479
 31
0.0
  0
LINE
  5
8DA
330
17
100
AcDbEntity
  8
隐藏线
100
AcDbLine
 10
18.882434796099915
 20
137.6569937475479
 30
0.0
 11
18.882434796099915
 21
137.69205816737187
 31
0.0
  0
LINE
  5
8DB
330
17
100
AcDbEntity
  8
隐藏线
100
AcDbLine
 10
18.882434796099915
 20
137.7265041875458
 30
0.0
 11
18.882434796099915
 21
137.76032254765732
 31
0.0
  0
LINE
  5
8DC
330
17
100
AcDbEntity
  8
隐藏线
100
AcDbLine
 10
18.882434796099915
 20
137.76032254765732
 30
0.0
 11
18.882434796099915
 21
137.79345011613927
 31
0.0
  0
LINE
  5
8DD
330
17
100
AcDbEntity
  8
隐藏线
100
AcDbLine
 10
18.882434796099915
 20
137.82593023924068
 30
0.0
 11
18.882434796099915
 21
137.85775419615663
 31
0.0
  0
LINE
  5
8DE
330
17
100
AcDbEntity
  8
隐藏线
100
AcDbLine
 10
18.882434796099915
 20
137.85775419615663
 30
0.0
 11
18.882434796099915
 21
137.88891343062622
 31
0.0
  0
LINE
  5
8DF
330
17
100
AcDbEntity
  8
隐藏线
100
AcDbLine
 10
18.882434796099915
 20
137.88891343062622
 30
0.0
 11
18.882434796099915
 21
138.02773229722456
 31
0.0
  0
LINE
  5
8E0
330
17
100
AcDbEntity
  8
隐藏线
100
AcDbLine
 10
18.882434796099915
 20
138.02773229722456
 30
0.0
 11
18.882434796099915
 21
138.15019084551506
 31
0.0
  0
LINE
  5
8E1
330
17
100
AcDbEntity
  8
隐藏线
100
AcDbLine
 10
18.882434796099915
 20
138.15019084551506
 30
0.0
 11
18.882434796099915
 21
138.25553948326063
 31
0.0
  0
LINE
  5
8E2
330
17
100
AcDbEntity
  8
隐藏线
100
AcDbLine
 10
18.882434796099915
 20
138.25553948326063
 30
0.0
 11
18.882434796099915
 21
138.34312682551084
 31
0.0
  0
LINE
  5
8E3
330
17
100
AcDbEntity
  8
隐藏线
100
AcDbLine
 10
18.882434796099915
 20
138.34312682551084
 30
0.0
 11
18.882434796099915
 21
138.41083176027846
 31
0.0
  0
LINE
  5
8E4
330
17
100
AcDbEntity
  8
隐藏线
100
AcDbLine
 10
18.882434796099915
 20
138.41083176027846
 30
0.0
 11
18.882434796099915
 21
138.45972516724967
 31
0.0
  0
LINE
  5
8E5
330
17
100
AcDbEntity
  8
隐藏线
100
AcDbLine
 10
18.882434796099915
 20
138.45972516724967
 30
0.0
 11
18.882434796099915
 21
138.48951027757317
 31
0.0
  0
LINE
  5
8E6
330
17
100
AcDbEntity
  8
隐藏线
100
AcDbLine
 10
21.823633192149998
 20
129.5
 30
0.0
 11
21.867107379623064
 21
129.5
 31
0.0
  0
LINE
  5
8E7
330
17
100
AcDbEntity
  8
隐藏线
100
AcDbLine
 10
21.752411268207652
 20
129.5
 30
0.0
 11
21.823633192149998
 21
129.5
 31
0.0
  0
LINE
  5
8E8
330
17
100
AcDbEntity
  8
隐藏线
100
AcDbLine
 10
21.65407339363378
 20
129.5
 30
0.0
 11
21.752411268207652
 21
129.5
 31
0.0
  0
LINE
  5
8E9
330
17
100
AcDbEntity
  8
隐藏线
100
AcDbLine
 10
21.527414146321433
 20
129.5
 30
0.0
 11
21.65407339363378
 21
129.5
 31
0.0
  0
LINE
  5
8EA
330
17
100
AcDbEntity
  8
隐藏线
100
AcDbLine
 10
21.37586239838123
 20
129.5
 30
0.0
 11
21.527414146321433
 21
129.5
 31
0.0
  0
LINE
  5
8EB
330
17
100
AcDbEntity
  8
隐藏线
100
AcDbLine
 10
21.200787255315362
 20
129.5
 30
0.0
 11
21.37586239838123
 21
129.5
 31
0.0
  0
LINE
  5
8EC
330
17
100
AcDbEntity
  8
隐藏线
100
AcDbLine
 10
21.003755139659546
 20
129.5
 30
0.0
 11
21.200787255315362
 21
129.5
 31
0.0
  0
LINE
  5
8ED
330
17
100
AcDbEntity
  8
隐藏线
100
AcDbLine
 10
20.785046783746054
 20
129.5
 30
0.0
 11
21.003755139659546
 21
129.5
 31
0.0
  0
LINE
  5
8EE
330
17
100
AcDbEntity
  8
隐藏线
100
AcDbLine
 10
20.548489855142634
 20
129.5
 30
0.0
 11
20.785046783746054
 21
129.5
 31
0.0
  0
LINE
  5
8EF
330
17
100
AcDbEntity
  8
隐藏线
100
AcDbLine
 10
20.296215096424874
 20
129.5
 30
0.0
 11
20.548489855142634
 21
129.5
 31
0.0
  0
LINE
  5
8F0
330
17
100
AcDbEntity
  8
隐藏线
100
AcDbLine
 10
20.030485093195182
 20
129.5
 30
0.0
 11
20.296215096424874
 21
129.5
 31
0.0
  0
LINE
  5
8F1
330
17
100
AcDbEntity
  8
隐藏线
100
AcDbLine
 10
19.753023993272194
 20
129.5
 30
0.0
 11
20.030485093195182
 21
129.5
 31
0.0
  0
LINE
  5
8F2
330
17
100
AcDbEntity
  8
隐藏线
100
AcDbLine
 10
19.467475531991482
 20
129.5
 30
0.0
 11
19.753023993272194
 21
129.5
 31
0.0
  0
LINE
  5
8F3
330
17
100
AcDbEntity
  8
隐藏线
100
AcDbLine
 10
19.176407702760258
 20
129.5
 30
0.0
 11
19.467475531991482
 21
129.5
 31
0.0
  0
LINE
  5
8F4
330
17
100
AcDbEntity
  8
隐藏线
100
AcDbLine
 10
18.882434796099915
 20
129.5
 30
0.0
 11
19.176407702760258
 21
129.5
 31
0.0
  0
LINE
  5
8F5
330
17
100
AcDbEntity
  8
隐藏线
100
AcDbLine
 10
13.99837875989894
 20
138.5
 30
0.0
 11
16.440406777999442
 21
138.5
 31
0.0
  0
LINE
  5
8F6
330
17
100
AcDbEntity
  8
隐藏线
100
AcDbLine
 10
16.440406777999442
 20
138.5
 30
0.0
 11
18.882434796099915
 21
138.5
 31
0.0
  0
LINE
  5
8F7
330
17
100
AcDbEntity
  8
隐藏线
100
AcDbLine
 10
185.29270081512942
 20
148.50004372583106
 30
0.0
 11
185.3000541951617
 21
148.5
 31
0.0
  0
LINE
  5
8F8
330
17
100
AcDbEntity
  8
隐藏线
100
AcDbLine
 10
185.23389949459678
 20
148.50354110406718
 30
0.0
 11
185.2412451591575
 21
148.50279802493736
 31
0.0
  0
LINE
  5
8F9
330
17
100
AcDbEntity
  8
隐藏线
100
AcDbLine
 10
185.22655575848225
 20
148.50437153163404
 30
0.0
 11
185.23389949459678
 21
148.50354110406718
 31
0.0
  0
LINE
  5
8FA
330
17
100
AcDbEntity
  8
隐藏线
100
AcDbLine
 10
185.2954664748532
 20
148.50882988944446
 30
0.0
 11
185.351926552352
 21
148.50754723189104
 31
0.0
  0
LINE
  5
8FB
330
17
100
AcDbEntity
  8
隐藏线
100
AcDbLine
 10
185.351926552352
 20
148.50754723189104
 30
0.0
 11
185.40838612327602
 21
148.50619515179056
 31
0.0
  0
LINE
  5
8FC
330
17
100
AcDbEntity
  8
隐藏线
100
AcDbLine
 10
185.40838612327602
 20
148.50619515179056
 30
0.0
 11
185.46484493201157
 21
148.50477366325705
 31
0.0
  0
LINE
  5
8FD
330
17
100
AcDbEntity
  8
隐藏线
100
AcDbLine
 10
185.46484493201157
 20
148.50477366325705
 30
0.0
 11
185.5213027229449
 21
148.50328278040465
 31
0.0
  0
LINE
  5
8FE
330
17
100
AcDbEntity
  8
隐藏线
100
AcDbLine
 10
185.5213027229449
 20
148.50328278040465
 30
0.0
 11
185.5777592404623
 21
148.50172251734736
 31
0.0
  0
LINE
  5
8FF
330
17
100
AcDbEntity
  8
隐藏线
100
AcDbLine
 10
185.5777592404623
 20
148.50172251734736
 30
0.0
 11
185.6342142289501
 21
148.50009288819928
 31
0.0
  0
LINE
  5
900
330
17
100
AcDbEntity
  8
隐藏线
100
AcDbLine
 10
185.6342142289501
 20
148.50009288819928
 30
0.0
 11
185.69066743279453
 21
148.4983939070745
 31
0.0
  0
LINE
  5
901
330
17
100
AcDbEntity
  8
隐藏线
100
AcDbLine
 10
185.69066743279453
 20
148.4983939070745
 30
0.0
 11
185.74711859638188
 21
148.4966255880871
 31
0.0
  0
LINE
  5
902
330
17
100
AcDbEntity
  8
隐藏线
100
AcDbLine
 10
185.74711859638188
 20
148.4966255880871
 30
0.0
 11
185.80356746409848
 21
148.49478794535116
 31
0.0
  0
LINE
  5
903
330
17
100
AcDbEntity
  8
隐藏线
100
AcDbLine
 10
185.80356746409848
 20
148.49478794535116
 30
0.0
 11
185.86001378033052
 21
148.49288099298073
 31
0.0
  0
LINE
  5
904
330
17
100
AcDbEntity
  8
隐藏线
100
AcDbLine
 10
185.86001378033052
 20
148.49288099298073
 30
0.0
 11
185.91645728946438
 21
148.4909047450899
 31
0.0
  0
LINE
  5
905
330
17
100
AcDbEntity
  8
隐藏线
100
AcDbLine
 10
185.91645728946438
 20
148.4909047450899
 30
0.0
 11
185.97289773588628
 21
148.48885921579273
 31
0.0
  0
LINE
  5
906
330
17
100
AcDbEntity
  8
隐藏线
100
AcDbLine
 10
185.97289773588628
 20
148.48885921579273
 30
0.0
 11
186.0293348639825
 21
148.4867444192033
 31
0.0
  0
LINE
  5
907
330
17
100
AcDbEntity
  8
隐藏线
100
AcDbLine
 10
186.0293348639825
 20
148.4867444192033
 30
0.0
 11
186.08576848087614
 21
148.4845603669739
 31
0.0
  0
LINE
  5
908
330
17
100
AcDbEntity
  8
隐藏线
100
AcDbLine
 10
185.643925369187
 20
148.49704359671247
 30
0.0
 11
185.6930368018406
 21
148.49613874385122
 31
0.0
  0
LINE
  5
909
330
17
100
AcDbEntity
  8
隐藏线
100
AcDbLine
 10
135.22113000625998
 20
149.49257154133187
 30
0.0
 11
135.95056883683927
 21
149.47824328286114
 31
0.0
  0
LINE
  5
90A
330
17
100
AcDbEntity
  8
隐藏线
100
AcDbLine
 10
135.95056883683927
 20
149.47824328286114
 30
0.0
 11
136.67580394425494
 21
149.46399759749937
 31
0.0
  0
LINE
  5
90B
330
17
100
AcDbEntity
  8
隐藏线
100
AcDbLine
 10
136.67580394425494
 20
149.46399759749937
 30
0.0
 11
137.39680713370544
 21
149.44983503907284
 31
0.0
  0
LINE
  5
90C
330
17
100
AcDbEntity
  8
隐藏线
100
AcDbLine
 10
137.39680713370544
 20
149.44983503907284
 30
0.0
 11
138.11355036397407
 21
149.435756158391
 31
0.0
  0
LINE
  5
90D
330
17
100
AcDbEntity
  8
隐藏线
100
AcDbLine
 10
138.11355036397407
 20
149.435756158391
 30
0.0
 11
138.82564542771158
 21
149.42176858095306
 31
0.0
  0
LINE
  5
90E
330
17
100
AcDbEntity
  8
隐藏线
100
AcDbLine
 10
138.82564542771158
 20
149.42176858095306
 30
0.0
 11
139.53341941700126
 21
149.4078658817379
 31
0.0
  0
LINE
  5
90F
330
17
100
AcDbEntity
  8
隐藏线
100
AcDbLine
 10
139.53341941700126
 20
149.4078658817379
 30
0.0
 11
140.23684481615675
 21
149.39404860123207
 31
0.0
  0
LINE
  5
910
330
17
100
AcDbEntity
  8
隐藏线
100
AcDbLine
 10
140.23684481615675
 20
149.39404860123207
 30
0.0
 11
140.93589426731103
 21
149.38031727682204
 31
0.0
  0
LINE
  5
911
330
17
100
AcDbEntity
  8
隐藏线
100
AcDbLine
 10
140.93589426731103
 20
149.38031727682204
 30
0.0
 11
145.2677235818292
 21
149.2952277978041
 31
0.0
  0
LINE
  5
912
330
17
100
AcDbEntity
  8
隐藏线
100
AcDbLine
 10
145.2677235818292
 20
149.2952277978041
 30
0.0
 11
149.4139620456055
 21
149.21378385226717
 31
0.0
  0
LINE
  5
913
330
17
100
AcDbEntity
  8
隐藏线
100
AcDbLine
 10
149.4139620456055
 20
149.21378385226717
 30
0.0
 11
153.36810198063114
 21
149.13611326956257
 31
0.0
  0
LINE
  5
914
330
17
100
AcDbEntity
  8
隐藏线
100
AcDbLine
 10
153.36810198063114
 20
149.13611326956257
 30
0.0
 11
157.12391754894784
 21
149.0623383428995
 31
0.0
  0
LINE
  5
915
330
17
100
AcDbEntity
  8
隐藏线
100
AcDbLine
 10
157.12391754894784
 20
149.0623383428995
 30
0.0
 11
160.65784861783442
 21
148.9929218604612
 31
0.0
  0
LINE
  5
916
330
17
100
AcDbEntity
  8
隐藏线
100
AcDbLine
 10
160.65784861783442
 20
148.9929218604612
 30
0.0
 11
163.98085106237218
 21
148.92764861762276
 31
0.0
  0
LINE
  5
917
330
17
100
AcDbEntity
  8
隐藏线
100
AcDbLine
 10
163.98085106237218
 20
148.92764861762276
 30
0.0
 11
167.0877125630738
 21
148.8666209992008
 31
0.0
  0
LINE
  5
918
330
17
100
AcDbEntity
  8
隐藏线
100
AcDbLine
 10
167.0877125630738
 20
148.8666209992008
 30
0.0
 11
169.97353791466895
 21
148.80993516098434
 31
0.0
  0
LINE
  5
919
330
17
100
AcDbEntity
  8
隐藏线
100
AcDbLine
 10
169.97353791466895
 20
148.80993516098434
 30
0.0
 11
173.00722145132283
 21
148.7503449664275
 31
0.0
  0
LINE
  5
91A
330
17
100
AcDbEntity
  8
隐藏线
100
AcDbLine
 10
173.00722145132283
 20
148.7503449664275
 30
0.0
 11
175.73118649099138
 21
148.69683852624718
 31
0.0
  0
LINE
  5
91B
330
17
100
AcDbEntity
  8
隐藏线
100
AcDbLine
 10
175.73118649099138
 20
148.69683852624718
 30
0.0
 11
178.13972059651272
 21
148.6495280489971
 31
0.0
  0
LINE
  5
91C
330
17
100
AcDbEntity
  8
隐藏线
100
AcDbLine
 10
178.13972059651272
 20
148.6495280489971
 30
0.0
 11
180.2277311129579
 21
148.60851356894062
 31
0.0
  0
LINE
  5
91D
330
17
100
AcDbEntity
  8
隐藏线
100
AcDbLine
 10
180.2277311129579
 20
148.60851356894062
 30
0.0
 11
181.96327426242584
 21
148.57442255295658
 31
0.0
  0
LINE
  5
91E
330
17
100
AcDbEntity
  8
隐藏线
100
AcDbLine
 10
181.96327426242584
 20
148.57442255295658
 30
0.0
 11
183.36944025926726
 21
148.54680144339832
 31
0.0
  0
LINE
  5
91F
330
17
100
AcDbEntity
  8
隐藏线
100
AcDbLine
 10
183.36944025926726
 20
148.54680144339832
 30
0.0
 11
184.44329212145988
 21
148.52570793096692
 31
0.0
  0
LINE
  5
920
330
17
100
AcDbEntity
  8
隐藏线
100
AcDbLine
 10
184.44329212145988
 20
148.52570793096692
 30
0.0
 11
185.1825458225863
 21
148.51118688045366
 31
0.0
  0
LINE
  5
921
330
17
100
AcDbEntity
  8
隐藏线
100
AcDbLine
 10
184.5602295834612
 20
148.49999999999994
 30
0.0
 11
185.3000541951618
 21
148.49999999999994
 31
0.0
  0
LINE
  5
922
330
17
100
AcDbEntity
  8
隐藏线
100
AcDbLine
 10
183.48554840735068
 20
148.49999999999994
 30
0.0
 11
184.5602295834612
 21
148.49999999999994
 31
0.0
  0
LINE
  5
923
330
17
100
AcDbEntity
  8
隐藏线
100
AcDbLine
 10
182.07829645715472
 20
148.49999999999994
 30
0.0
 11
183.48554840735068
 21
148.49999999999994
 31
0.0
  0
LINE
  5
924
330
17
100
AcDbEntity
  8
隐藏线
100
AcDbLine
 10
180.34141298306696
 20
148.49999999999994
 30
0.0
 11
182.07829645715472
 21
148.49999999999994
 31
0.0
  0
LINE
  5
925
330
17
100
AcDbEntity
  8
隐藏线
100
AcDbLine
 10
178.25178993863454
 20
148.49999999999994
 30
0.0
 11
180.34141298306696
 21
148.49999999999994
 31
0.0
  0
LINE
  5
926
330
17
100
AcDbEntity
  8
隐藏线
100
AcDbLine
 10
175.84139577128755
 20
148.49999999999994
 30
0.0
 11
178.25178993863454
 21
148.49999999999994
 31
0.0
  0
LINE
  5
927
330
17
100
AcDbEntity
  8
隐藏线
100
AcDbLine
 10
173.11532706890856
 20
148.49999999999994
 30
0.0
 11
175.84139577128755
 21
148.49999999999994
 31
0.0
  0
LINE
  5
928
330
17
100
AcDbEntity
  8
隐藏线
100
AcDbLine
 10
170.07930068025817
 20
148.49999999999994
 30
0.0
 11
173.11532706890856
 21
148.49999999999994
 31
0.0
  0
LINE
  5
929
330
17
100
AcDbEntity
  8
隐藏线
100
AcDbLine
 10
168.9767457481368
 20
148.49999999999994
 30
0.0
 11
170.07930068025817
 21
148.49999999999994
 31
0.0
  0
LINE
  5
92A
330
17
100
AcDbEntity
  8
隐藏线
100
AcDbLine
 10
167.83976088500444
 20
148.49999999999994
 30
0.0
 11
168.9767457481368
 21
148.49999999999994
 31
0.0
  0
LINE
  5
92B
330
17
100
AcDbEntity
  8
隐藏线
100
AcDbLine
 10
166.6686207052659
 20
148.49999999999994
 30
0.0
 11
167.83976088500444
 21
148.49999999999994
 31
0.0
  0
LINE
  5
92C
330
17
100
AcDbEntity
  8
隐藏线
100
AcDbLine
 10
165.46360751514203
 20
148.49999999999994
 30
0.0
 11
166.6686207052659
 21
148.49999999999994
 31
0.0
  0
LINE
  5
92D
330
17
100
AcDbEntity
  8
隐藏线
100
AcDbLine
 10
164.22224509249548
 20
148.49999999999994
 30
0.0
 11
165.46360751514203
 21
148.49999999999994
 31
0.0
  0
LINE
  5
92E
330
17
100
AcDbEntity
  8
隐藏线
100
AcDbLine
 10
162.9476589589417
 20
148.49999999999994
 30
0.0
 11
164.22224509249548
 21
148.49999999999994
 31
0.0
  0
LINE
  5
92F
330
17
100
AcDbEntity
  8
隐藏线
100
AcDbLine
 10
161.64015692031825
 20
148.49999999999994
 30
0.0
 11
162.9476589589417
 21
148.49999999999994
 31
0.0
  0
LINE
  5
930
330
17
100
AcDbEntity
  8
隐藏线
100
AcDbLine
 10
160.30005419516183
 20
148.49999999999994
 30
0.0
 11
161.64015692031825
 21
148.49999999999994
 31
0.0
  0
LINE
  5
931
330
17
100
AcDbEntity
  8
隐藏线
100
AcDbLine
 10
157.5811042984033
 20
148.49999999999994
 30
0.0
 11
160.30005419516183
 21
148.49999999999994
 31
0.0
  0
LINE
  5
932
330
17
100
AcDbEntity
  8
隐藏线
100
AcDbLine
 10
154.7418070510645
 20
148.49999999999994
 30
0.0
 11
157.5811042984033
 21
148.49999999999994
 31
0.0
  0
LINE
  5
933
330
17
100
AcDbEntity
  8
隐藏线
100
AcDbLine
 10
151.7847816173556
 20
148.49999999999994
 30
0.0
 11
154.7418070510645
 21
148.49999999999994
 31
0.0
  0
LINE
  5
934
330
17
100
AcDbEntity
  8
隐藏线
100
AcDbLine
 10
148.7127483820106
 20
148.49999999999994
 30
0.0
 11
151.7847816173556
 21
148.49999999999994
 31
0.0
  0
LINE
  5
935
330
17
100
AcDbEntity
  8
隐藏线
100
AcDbLine
 10
145.51949621598885
 20
148.49999999999997
 30
0.0
 11
148.7127483820106
 21
148.49999999999994
 31
0.0
  0
LINE
  5
936
330
17
100
AcDbEntity
  8
隐藏线
100
AcDbLine
 10
142.21758469487216
 20
148.49999999999997
 30
0.0
 11
145.51949621598885
 21
148.49999999999997
 31
0.0
  0
LINE
  5
937
330
17
100
AcDbEntity
  8
隐藏线
100
AcDbLine
 10
138.8100587692831
 20
148.49999999999997
 30
0.0
 11
142.21758469487216
 21
148.49999999999997
 31
0.0
  0
LINE
  5
938
330
17
100
AcDbEntity
  8
隐藏线
100
AcDbLine
 10
135.30005419516186
 20
148.49999999999997
 30
0.0
 11
138.8100587692831
 21
148.49999999999997
 31
0.0
  0
LINE
  5
939
330
17
100
AcDbEntity
  8
隐藏线
100
AcDbLine
 10
134.59328860594144
 20
148.48752716803034
 30
0.0
 11
135.30005419516183
 21
148.5
 31
0.0
  0
LINE
  5
93A
330
17
100
AcDbEntity
  8
隐藏线
100
AcDbLine
 10
133.88935820421744
 20
148.45023371923443
 30
0.0
 11
134.59328860594144
 21
148.48752716803034
 31
0.0
  0
LINE
  5
93B
330
17
100
AcDbEntity
  8
隐藏线
100
AcDbLine
 10
133.1887923005054
 20
148.38830722428202
 30
0.0
 11
133.88935820421744
 21
148.45023371923443
 31
0.0
  0
LINE
  5
93C
330
17
100
AcDbEntity
  8
隐藏线
100
AcDbLine
 10
132.49212020532082
 20
148.30193525384274
 30
0.0
 11
133.1887923005054
 21
148.38830722428202
 31
0.0
  0
LINE
  5
93D
330
17
100
AcDbEntity
  8
隐藏线
100
AcDbLine
 10
131.7998712291792
 20
148.19130537858632
 30
0.0
 11
132.49212020532082
 21
148.30193525384274
 31
0.0
  0
LINE
  5
93E
330
17
100
AcDbEntity
  8
隐藏线
100
AcDbLine
 10
131.11257468259603
 20
148.05660516918243
 30
0.0
 11
131.7998712291792
 21
148.19130537858632
 31
0.0
  0
LINE
  5
93F
330
17
100
AcDbEntity
  8
隐藏线
100
AcDbLine
 10
130.43075992168684
 20
147.8980221792078
 30
0.0
 11
131.11257468259603
 21
148.05660516918243
 31
0.0
  0
LINE
  5
940
330
17
100
AcDbEntity
  8
隐藏线
100
AcDbLine
 10
129.75497946734737
 20
147.7157352790268
 30
0.0
 11
130.43075992168684
 21
147.8980221792078
 31
0.0
  0
LINE
  5
941
330
17
100
AcDbEntity
  8
隐藏线
100
AcDbLine
 10
129.0858466252218
 20
147.5099005541178
 30
0.0
 11
129.75497946734737
 21
147.7157352790268
 31
0.0
  0
LINE
  5
942
330
17
100
AcDbEntity
  8
隐藏线
100
AcDbLine
 10
128.423984550546
 20
147.28067039788448
 30
0.0
 11
129.0858466252218
 21
147.5099005541178
 31
0.0
  0
LINE
  5
943
330
17
100
AcDbEntity
  8
隐藏线
100
AcDbLine
 10
127.7700163985558
 20
147.02819720373068
 30
0.0
 11
128.423984550546
 21
147.28067039788448
 31
0.0
  0
LINE
  5
944
330
17
100
AcDbEntity
  8
隐藏线
100
AcDbLine
 10
127.124565324487
 20
146.75263336506015
 30
0.0
 11
127.7700163985558
 21
147.02819720373068
 31
0.0
  0
LINE
  5
945
330
17
100
AcDbEntity
  8
隐藏线
100
AcDbLine
 10
126.48825448357542
 20
146.4541312752766
 30
0.0
 11
127.124565324487
 21
146.75263336506015
 31
0.0
  0
LINE
  5
946
330
17
100
AcDbEntity
  8
隐藏线
100
AcDbLine
 10
125.8617070310569
 20
146.13284332778386
 30
0.0
 11
126.48825448357542
 21
146.4541312752766
 31
0.0
  0
LINE
  5
947
330
17
100
AcDbEntity
  8
隐藏线
100
AcDbLine
 10
125.24554612216727
 20
145.78892191598567
 30
0.0
 11
125.8617070310569
 21
146.13284332778386
 31
0.0
  0
LINE
  5
948
330
17
100
AcDbEntity
  8
隐藏线
100
AcDbLine
 10
124.64039491214233
 20
145.4225194332858
 30
0.0
 11
125.24554612216727
 21
145.78892191598567
 31
0.0
  0
LINE
  5
949
330
17
100
AcDbEntity
  8
隐藏线
100
AcDbLine
 10
124.63222566027574
 20
145.4354883584454
 30
0.0
 11
124.64039491214234
 21
145.42251943328583
 31
0.0
  0
LINE
  5
94A
330
17
100
AcDbEntity
  8
隐藏线
100
AcDbLine
 10
124.6090546589723
 20
145.47227299756335
 30
0.0
 11
124.63222566027574
 21
145.4354883584454
 31
0.0
  0
LINE
  5
94B
330
17
100
AcDbEntity
  8
隐藏线
100
AcDbLine
 10
124.57109458683696
 20
145.5325357171629
 30
0.0
 11
124.6090546589723
 21
145.47227299756335
 31
0.0
  0
LINE
  5
94C
330
17
100
AcDbEntity
  8
隐藏线
100
AcDbLine
 10
124.51868217495826
 20
145.6157419468381
 30
0.0
 11
124.57109458683696
 21
145.5325357171629
 31
0.0
  0
LINE
  5
94D
330
17
100
AcDbEntity
  8
隐藏线
100
AcDbLine
 10
124.4511749538886
 20
145.72291162554055
 30
0.0
 11
124.51868217495826
 21
145.6157419468381
 31
0.0
  0
LINE
  5
94E
330
17
100
AcDbEntity
  8
隐藏线
100
AcDbLine
 10
124.37040045404916
 20
145.85114349552384
 30
0.0
 11
124.4511749538886
 21
145.72291162554055
 31
0.0
  0
LINE
  5
94F
330
17
100
AcDbEntity
  8
隐藏线
100
AcDbLine
 10
124.27708838534876
 20
145.99927912106472
 30
0.0
 11
124.37040045404916
 21
145.85114349552384
 31
0.0
  0
LINE
  5
950
330
17
100
AcDbEntity
  8
隐藏线
100
AcDbLine
 10
124.1720736243136
 20
146.16599311137307
 30
0.0
 11
124.27708838534876
 21
145.99927912106472
 31
0.0
  0
LINE
  5
951
330
17
100
AcDbEntity
  8
隐藏线
100
AcDbLine
 10
124.05550579649423
 20
146.35104793153147
 30
0.0
 11
124.1720736243136
 21
146.16599311137307
 31
0.0
  0
LINE
  5
952
330
17
100
AcDbEntity
  8
隐藏线
100
AcDbLine
 10
123.92942498349673
 20
146.55120489259997
 30
0.0
 11
124.05550579649423
 21
146.35104793153147
 31
0.0
  0
LINE
  5
953
330
17
100
AcDbEntity
  8
隐藏线
100
AcDbLine
 10
123.79496683481487
 20
146.76466111794642
 30
0.0
 11
123.92942498349673
 21
146.55120489259997
 31
0.0
  0
LINE
  5
954
330
17
100
AcDbEntity
  8
隐藏线
100
AcDbLine
 10
123.65333727002965
 20
146.98950217512947
 30
0.0
 11
123.79496683481487
 21
146.76466111794642
 31
0.0
  0
LINE
  5
955
330
17
100
AcDbEntity
  8
隐藏线
100
AcDbLine
 10
123.50545523055612
 20
147.22426921790085
 30
0.0
 11
123.65333727002965
 21
146.98950217512947
 31
0.0
  0
LINE
  5
956
330
17
100
AcDbEntity
  8
隐藏线
100
AcDbLine
 10
123.35326276525399
 20
147.46587918715923
 30
0.0
 11
123.50545523055612
 21
147.22426921790085
 31
0.0
  0
LINE
  5
957
330
17
100
AcDbEntity
  8
隐藏线
100
AcDbLine
 10
123.19812857086131
 20
147.71215923698776
 30
0.0
 11
123.35326276525399
 21
147.46587918715923
 31
0.0
  0
LINE
  5
958
330
17
100
AcDbEntity
  8
隐藏线
100
AcDbLine
 10
123.04144601968942
 20
147.9608973482787
 30
0.0
 11
123.19812857086131
 21
147.71215923698776
 31
0.0
  0
LINE
  5
959
330
17
100
AcDbEntity
  8
隐藏线
100
AcDbLine
 10
123.04144601968943
 20
147.9608973482787
 30
0.0
 11
123.72856249725967
 21
148.15824455402128
 31
0.0
  0
LINE
  5
95A
330
17
100
AcDbEntity
  8
隐藏线
100
AcDbLine
 10
123.72856249725967
 20
148.15824455402128
 30
0.0
 11
124.42883779741605
 21
148.34239668423825
 31
0.0
  0
LINE
  5
95B
330
17
100
AcDbEntity
  8
隐藏线
100
AcDbLine
 10
124.42883779741605
 20
148.34239668423825
 30
0.0
 11
125.14155928444853
 21
148.51328004324773
 31
0.0
  0
LINE
  5
95C
330
17
100
AcDbEntity
  8
隐藏线
100
AcDbLine
 10
125.14155928444853
 20
148.51328004324773
 30
0.0
 11
125.86601432264705
 21
148.67082093536794
 31
0.0
  0
LINE
  5
95D
330
17
100
AcDbEntity
  8
隐藏线
100
AcDbLine
 10
125.86601432264705
 20
148.67082093536794
 30
0.0
 11
126.60149027630156
 21
148.81494566491702
 31
0.0
  0
LINE
  5
95E
330
17
100
AcDbEntity
  8
隐藏线
100
AcDbLine
 10
126.60149027630156
 20
148.81494566491702
 30
0.0
 11
127.347274509702
 21
148.94558053621313
 31
0.0
  0
LINE
  5
95F
330
17
100
AcDbEntity
  8
隐藏线
100
AcDbLine
 10
127.347274509702
 20
148.94558053621313
 30
0.0
 11
128.10265438713836
 21
149.0626518535745
 31
0.0
  0
LINE
  5
960
330
17
100
AcDbEntity
  8
隐藏线
100
AcDbLine
 10
128.10265438713836
 20
149.0626518535745
 30
0.0
 11
128.86691727290054
 21
149.16608592131925
 31
0.0
  0
LINE
  5
961
330
17
100
AcDbEntity
  8
隐藏线
100
AcDbLine
 10
128.86691727290054
 20
149.16608592131925
 30
0.0
 11
129.6393505312785
 21
149.25580904376554
 31
0.0
  0
LINE
  5
962
330
17
100
AcDbEntity
  8
隐藏线
100
AcDbLine
 10
129.6393505312785
 20
149.25580904376554
 30
0.0
 11
130.41925292818866
 21
149.33174517668877
 31
0.0
  0
LINE
  5
963
330
17
100
AcDbEntity
  8
隐藏线
100
AcDbLine
 10
130.41925292818866
 20
149.33174517668877
 30
0.0
 11
131.2059935923624
 21
149.39380378231058
 31
0.0
  0
LINE
  5
964
330
17
100
AcDbEntity
  8
隐藏线
100
AcDbLine
 10
131.2059935923624
 20
149.39380378231058
 30
0.0
 11
131.99896846746742
 21
149.4418887994279
 31
0.0
  0
LINE
  5
965
330
17
100
AcDbEntity
  8
隐藏线
100
AcDbLine
 10
131.99896846746742
 20
149.4418887994279
 30
0.0
 11
132.7975735499567
 21
149.47590415596466
 31
0.0
  0
LINE
  5
966
330
17
100
AcDbEntity
  8
隐藏线
100
AcDbLine
 10
132.7975735499567
 20
149.47590415596466
 30
0.0
 11
133.60120483628322
 21
149.4957537798449
 31
0.0
  0
LINE
  5
967
330
17
100
AcDbEntity
  8
隐藏线
100
AcDbLine
 10
133.60120483628322
 20
149.4957537798449
 30
0.0
 11
134.40925832289997
 21
149.50134159899267
 31
0.0
  0
LINE
  5
968
330
17
100
AcDbEntity
  8
隐藏线
100
AcDbLine
 10
134.40925832289997
 20
149.50134159899267
 30
0.0
 11
135.22113000625993
 21
149.4925715413319
 31
0.0
  0
LINE
  5
969
330
17
100
AcDbEntity
  8
隐藏线
100
AcDbLine
 10
124.63222566027565
 20
111.5645116415547
 30
0.0
 11
124.64039491214226
 21
111.57748056671427
 31
0.0
  0
LINE
  5
96A
330
17
100
AcDbEntity
  8
隐藏线
100
AcDbLine
 10
124.6090546589722
 20
111.52772700243673
 30
0.0
 11
124.63222566027565
 21
111.5645116415547
 31
0.0
  0
LINE
  5
96B
330
17
100
AcDbEntity
  8
隐藏线
100
AcDbLine
 10
124.57109458683688
 20
111.46746428283723
 30
0.0
 11
124.6090546589722
 21
111.52772700243673
 31
0.0
  0
LINE
  5
96C
330
17
100
AcDbEntity
  8
隐藏线
100
AcDbLine
 10
124.51868217495817
 20
111.38425805316199
 30
0.0
 11
124.57109458683688
 21
111.46746428283723
 31
0.0
  0
LINE
  5
96D
330
17
100
AcDbEntity
  8
隐藏线
100
AcDbLine
 10
124.45117495388851
 20
111.27708837445955
 30
0.0
 11
124.51868217495817
 21
111.38425805316199
 31
0.0
  0
LINE
  5
96E
330
17
100
AcDbEntity
  8
隐藏线
100
AcDbLine
 10
124.37040045404908
 20
111.14885650447624
 30
0.0
 11
124.45117495388851
 21
111.27708837445955
 31
0.0
  0
LINE
  5
96F
330
17
100
AcDbEntity
  8
隐藏线
100
AcDbLine
 10
124.27708838534868
 20
111.00072087893537
 30
0.0
 11
124.37040045404908
 21
111.14885650447624
 31
0.0
  0
LINE
  5
970
330
17
100
AcDbEntity
  8
隐藏线
100
AcDbLine
 10
124.17207362431351
 20
110.83400688862703
 30
0.0
 11
124.27708838534868
 21
111.00072087893537
 31
0.0
  0
LINE
  5
971
330
17
100
AcDbEntity
  8
隐藏线
100
AcDbLine
 10
124.05550579649415
 20
110.64895206846863
 30
0.0
 11
124.17207362431351
 21
110.83400688862703
 31
0.0
  0
LINE
  5
972
330
17
100
AcDbEntity
  8
隐藏线
100
AcDbLine
 10
123.92942498349663
 20
110.44879510740012
 30
0.0
 11
124.05550579649415
 21
110.64895206846863
 31
0.0
  0
LINE
  5
973
330
17
100
AcDbEntity
  8
隐藏线
100
AcDbLine
 10
123.79496683481477
 20
110.23533888205368
 30
0.0
 11
123.92942498349663
 21
110.44879510740012
 31
0.0
  0
LINE
  5
974
330
17
100
AcDbEntity
  8
隐藏线
100
AcDbLine
 10
123.65333727002957
 20
110.01049782487061
 30
0.0
 11
123.79496683481477
 21
110.23533888205368
 31
0.0
  0
LINE
  5
975
330
17
100
AcDbEntity
  8
隐藏线
100
AcDbLine
 10
123.50545523055604
 20
109.77573078209923
 30
0.0
 11
123.65333727002957
 21
110.01049782487061
 31
0.0
  0
LINE
  5
976
330
17
100
AcDbEntity
  8
隐藏线
100
AcDbLine
 10
123.35326276525389
 20
109.53412081284085
 30
0.0
 11
123.50545523055604
 21
109.77573078209923
 31
0.0
  0
LINE
  5
977
330
17
100
AcDbEntity
  8
隐藏线
100
AcDbLine
 10
123.19812857086123
 20
109.28784076301235
 30
0.0
 11
123.35326276525389
 21
109.53412081284085
 31
0.0
  0
LINE
  5
978
330
17
100
AcDbEntity
  8
隐藏线
100
AcDbLine
 10
123.04144601968932
 20
109.03910265172141
 30
0.0
 11
123.19812857086123
 21
109.28784076301235
 31
0.0
  0
LINE
  5
979
330
17
100
AcDbEntity
  8
隐藏线
100
AcDbLine
 10
134.40927688194608
 20
107.49864663026916
 30
0.0
 11
135.22113000626013
 21
107.5074284586681
 31
0.0
  0
LINE
  5
97A
330
17
100
AcDbEntity
  8
隐藏线
100
AcDbLine
 10
133.6012739347807
 20
107.50420434845753
 30
0.0
 11
134.40927688194608
 21
107.49864663026916
 31
0.0
  0
LINE
  5
97B
330
17
100
AcDbEntity
  8
隐藏线
100
AcDbLine
 10
132.79772679817603
 20
107.52401354143339
 30
0.0
 11
133.6012739347807
 21
107.50420434845753
 31
0.0
  0
LINE
  5
97C
330
17
100
AcDbEntity
  8
隐藏线
100
AcDbLine
 10
131.99924110554406
 20
107.55798613739688
 30
0.0
 11
132.79772679817603
 21
107.52401354143339
 31
0.0
  0
LINE
  5
97D
330
17
100
AcDbEntity
  8
隐藏线
100
AcDbLine
 10
131.20642249029686
 20
107.60603406454817
 30
0.0
 11
131.99924110554406
 21
107.55798613739688
 31
0.0
  0
LINE
  5
97E
330
17
100
AcDbEntity
  8
隐藏线
100
AcDbLine
 10
130.4198765858464
 20
107.66806925108742
 30
0.0
 11
131.20642249029686
 21
107.60603406454817
 31
0.0
  0
LINE
  5
97F
330
17
100
AcDbEntity
  8
隐藏线
100
AcDbLine
 10
129.6402090256047
 20
107.74400362521477
 30
0.0
 11
130.4198765858464
 21
107.66806925108742
 31
0.0
  0
LINE
  5
980
330
17
100
AcDbEntity
  8
隐藏线
100
AcDbLine
 10
128.86802544298376
 20
107.83374911513042
 30
0.0
 11
129.6402090256047
 21
107.74400362521477
 31
0.0
  0
LINE
  5
981
330
17
100
AcDbEntity
  8
隐藏线
100
AcDbLine
 10
128.10393147139567
 20
107.9372176490345
 30
0.0
 11
128.86802544298376
 21
107.83374911513042
 31
0.0
  0
LINE
  5
982
330
17
100
AcDbEntity
  8
隐藏线
100
AcDbLine
 10
127.3485499122873
 20
108.05432263572261
 30
0.0
 11
128.10393147139567
 21
107.9372176490345
 31
0.0
  0
LINE
  5
983
330
17
100
AcDbEntity
  8
隐藏线
100
AcDbLine
 10
126.60260951613597
 20
108.18498662118358
 30
0.0
 11
127.3485499122873
 21
108.05432263572261
 31
0.0
  0
LINE
  5
984
330
17
100
AcDbEntity
  8
隐藏线
100
AcDbLine
 10
125.86687941009373
 20
108.32913563354734
 30
0.0
 11
126.60260951613597
 21
108.18498662118358
 31
0.0
  0
LINE
  5
985
330
17
100
AcDbEntity
  8
隐藏线
100
AcDbLine
 10
125.14212880079427
 20
108.48669570779845
 30
0.0
 11
125.86687941009373
 21
108.32913563354734
 31
0.0
  0
LINE
  5
986
330
17
100
AcDbEntity
  8
隐藏线
100
AcDbLine
 10
124.42912689487126
 20
108.65759287892146
 30
0.0
 11
125.14212880079427
 21
108.48669570779845
 31
0.0
  0
LINE
  5
987
330
17
100
AcDbEntity
  8
隐藏线
100
AcDbLine
 10
123.72864289895838
 20
108.84175318190093
 30
0.0
 11
124.42912689487126
 21
108.65759287892146
 31
0.0
  0
LINE
  5
988
330
17
100
AcDbEntity
  8
隐藏线
100
AcDbLine
 10
123.04144601968932
 20
109.03910265172141
 30
0.0
 11
123.72864289895838
 21
108.84175318190093
 31
0.0
  0
LINE
  5
989
330
17
100
AcDbEntity
  8
隐藏线
100
AcDbLine
 10
124.64039491214223
 20
111.5774805667142
 30
0.0
 11
125.24561622187615
 21
111.21107140500462
 31
0.0
  0
LINE
  5
98A
330
17
100
AcDbEntity
  8
隐藏线
100
AcDbLine
 10
125.24561622187615
 20
111.21107140500462
 30
0.0
 11
125.86195916439675
 21
110.86712866682038
 31
0.0
  0
LINE
  5
98B
330
17
100
AcDbEntity
  8
隐藏线
100
AcDbLine
 10
125.86195916439675
 20
110.86712866682038
 30
0.0
 11
126.48875130724548
 21
110.54580714466523
 31
0.0
  0
LINE
  5
98C
330
17
100
AcDbEntity
  8
隐藏线
100
AcDbLine
 10
126.48875130724548
 20
110.54580714466523
 30
0.0
 11
127.12532021796375
 21
110.24726163104299
 31
0.0
  0
LINE
  5
98D
330
17
100
AcDbEntity
  8
隐藏线
100
AcDbLine
 10
127.12532021796375
 20
110.24726163104299
 30
0.0
 11
127.77099346409301
 21
109.97164691845744
 31
0.0
  0
LINE
  5
98E
330
17
100
AcDbEntity
  8
隐藏线
100
AcDbLine
 10
127.77099346409301
 20
109.97164691845744
 30
0.0
 11
128.4250986131747
 21
109.71911779941236
 31
0.0
  0
LINE
  5
98F
330
17
100
AcDbEntity
  8
隐藏线
100
AcDbLine
 10
128.4250986131747
 20
109.71911779941236
 30
0.0
 11
129.0869633017374
 21
109.48982907561029
 31
0.0
  0
LINE
  5
990
330
17
100
AcDbEntity
  8
隐藏线
100
AcDbLine
 10
129.0869633017374
 20
109.48982907561029
 30
0.0
 11
129.75595021178617
 21
109.28394022171557
 31
0.0
  0
LINE
  5
991
330
17
100
AcDbEntity
  8
隐藏线
100
AcDbLine
 10
129.75595021178617
 20
109.28394022171557
 30
0.0
 11
130.43151398520848
 21
109.10162297431796
 31
0.0
  0
LINE
  5
992
330
17
100
AcDbEntity
  8
隐藏线
100
AcDbLine
 10
130.43151398520848
 20
109.10162297431796
 30
0.0
 11
131.1131241651178
 21
108.94305105693587
 31
0.0
  0
LINE
  5
993
330
17
100
AcDbEntity
  8
隐藏线
100
AcDbLine
 10
131.1131241651178
 20
108.94305105693587
 30
0.0
 11
131.80025029462772
 21
108.80839819308771
 31
0.0
  0
LINE
  5
994
330
17
100
AcDbEntity
  8
隐藏线
100
AcDbLine
 10
131.80025029462772
 20
108.80839819308771
 30
0.0
 11
132.49236191685185
 21
108.69783810629188
 31
0.0
  0
LINE
  5
995
330
17
100
AcDbEntity
  8
隐藏线
100
AcDbLine
 10
132.49236191685185
 20
108.69783810629188
 30
0.0
 11
133.1889285749038
 21
108.61154452006679
 31
0.0
  0
LINE
  5
996
330
17
100
AcDbEntity
  8
隐藏线
100
AcDbLine
 10
133.1889285749038
 20
108.61154452006679
 30
0.0
 11
133.88941981189706
 21
108.54969115793085
 31
0.0
  0
LINE
  5
997
330
17
100
AcDbEntity
  8
隐藏线
100
AcDbLine
 10
133.88941981189706
 20
108.54969115793085
 30
0.0
 11
134.59330517094529
 21
108.51245174340245
 31
0.0
  0
LINE
  5
998
330
17
100
AcDbEntity
  8
隐藏线
100
AcDbLine
 10
134.59330517094529
 20
108.51245174340245
 30
0.0
 11
135.30005419516203
 21
108.5
 31
0.0
  0
LINE
  5
999
330
17
100
AcDbEntity
  8
隐藏线
100
AcDbLine
 10
185.29270081512954
 20
108.49995627416892
 30
0.0
 11
185.3000541951618
 21
108.5
 31
0.0
  0
LINE
  5
99A
330
17
100
AcDbEntity
  8
隐藏线
100
AcDbLine
 10
185.233899494597
 20
108.49645889593282
 30
0.0
 11
185.24124515915773
 21
108.49720197506265
 31
0.0
  0
LINE
  5
99B
330
17
100
AcDbEntity
  8
隐藏线
100
AcDbLine
 10
185.22655575848248
 20
108.49562846836598
 30
0.0
 11
185.233899494597
 21
108.49645889593282
 31
0.0
  0
LINE
  5
99C
330
17
100
AcDbEntity
  8
隐藏线
100
AcDbLine
 10
184.44329212146016
 20
108.47429206903303
 30
0.0
 11
185.1825458225865
 21
108.48881311954628
 31
0.0
  0
LINE
  5
99D
330
17
100
AcDbEntity
  8
隐藏线
100
AcDbLine
 10
183.36944025926766
 20
108.45319855660165
 30
0.0
 11
184.44329212146016
 21
108.47429206903303
 31
0.0
  0
LINE
  5
99E
330
17
100
AcDbEntity
  8
隐藏线
100
AcDbLine
 10
181.9632742624263
 20
108.42557744704338
 30
0.0
 11
183.36944025926766
 21
108.45319855660165
 31
0.0
  0
LINE
  5
99F
330
17
100
AcDbEntity
  8
隐藏线
100
AcDbLine
 10
180.22773111295837
 20
108.39148643105933
 30
0.0
 11
181.9632742624263
 21
108.42557744704338
 31
0.0
  0
LINE
  5
9A0
330
17
100
AcDbEntity
  8
隐藏线
100
AcDbLine
 10
178.13972059651317
 20
108.35047195100287
 30
0.0
 11
180.22773111295837
 21
108.39148643105933
 31
0.0
  0
LINE
  5
9A1
330
17
100
AcDbEntity
  8
隐藏线
100
AcDbLine
 10
175.7311864909919
 20
108.30316147375278
 30
0.0
 11
178.13972059651317
 21
108.35047195100287
 31
0.0
  0
LINE
  5
9A2
330
17
100
AcDbEntity
  8
隐藏线
100
AcDbLine
 10
173.00722145132335
 20
108.24965503357248
 30
0.0
 11
175.7311864909919
 21
108.30316147375278
 31
0.0
  0
LINE
  5
9A3
330
17
100
AcDbEntity
  8
隐藏线
100
AcDbLine
 10
169.9735379146694
 20
108.19006483901563
 30
0.0
 11
173.00722145132335
 21
108.24965503357248
 31
0.0
  0
LINE
  5
9A4
330
17
100
AcDbEntity
  8
隐藏线
100
AcDbLine
 10
167.08771256307404
 20
108.13337900079918
 30
0.0
 11
169.9735379146694
 21
108.19006483901563
 31
0.0
  0
LINE
  5
9A5
330
17
100
AcDbEntity
  8
隐藏线
100
AcDbLine
 10
163.98085106237212
 20
108.07235138237718
 30
0.0
 11
167.08771256307404
 21
108.13337900079918
 31
0.0
  0
LINE
  5
9A6
330
17
100
AcDbEntity
  8
隐藏线
100
AcDbLine
 10
160.65784861783405
 20
108.00707813953875
 30
0.0
 11
163.98085106237212
 21
108.07235138237718
 31
0.0
  0
LINE
  5
9A7
330
17
100
AcDbEntity
  8
隐藏线
100
AcDbLine
 10
157.12391754894716
 20
107.93766165710045
 30
0.0
 11
160.65784861783405
 21
108.00707813953875
 31
0.0
  0
LINE
  5
9A8
330
17
100
AcDbEntity
  8
隐藏线
100
AcDbLine
 10
153.36810198063006
 20
107.86388673043737
 30
0.0
 11
157.12391754894716
 21
107.93766165710045
 31
0.0
  0
LINE
  5
9A9
330
17
100
AcDbEntity
  8
隐藏线
100
AcDbLine
 10
149.41396204560402
 20
107.78621614773277
 30
0.0
 11
153.36810198063006
 21
107.86388673043737
 31
0.0
  0
LINE
  5
9AA
330
17
100
AcDbEntity
  8
隐藏线
100
AcDbLine
 10
145.26772358182728
 20
107.70477220219583
 30
0.0
 11
149.41396204560402
 21
107.78621614773277
 31
0.0
  0
LINE
  5
9AB
330
17
100
AcDbEntity
  8
隐藏线
100
AcDbLine
 10
140.93589426730864
 20
107.61968272317786
 30
0.0
 11
145.26772358182728
 21
107.70477220219583
 31
0.0
  0
LINE
  5
9AC
330
17
100
AcDbEntity
  8
隐藏线
100
AcDbLine
 10
140.23684481615467
 20
107.60595139876784
 30
0.0
 11
140.93589426730864
 21
107.61968272317786
 31
0.0
  0
LINE
  5
9AD
330
17
100
AcDbEntity
  8
隐藏线
100
AcDbLine
 10
139.5334194169995
 20
107.59213411826201
 30
0.0
 11
140.23684481615467
 21
107.60595139876784
 31
0.0
  0
LINE
  5
9AE
330
17
100
AcDbEntity
  8
隐藏线
100
AcDbLine
 10
138.82564542771016
 20
107.57823141904686
 30
0.0
 11
139.5334194169995
 21
107.59213411826201
 31
0.0
  0
LINE
  5
9AF
330
17
100
AcDbEntity
  8
隐藏线
100
AcDbLine
 10
138.113550363973
 20
107.56424384160894
 30
0.0
 11
138.82564542771016
 21
107.57823141904686
 31
0.0
  0
LINE
  5
9B0
330
17
100
AcDbEntity
  8
隐藏线
100
AcDbLine
 10
137.39680713370458
 20
107.5501649609271
 30
0.0
 11
138.113550363973
 21
107.56424384160894
 31
0.0
  0
LINE
  5
9B1
330
17
100
AcDbEntity
  8
隐藏线
100
AcDbLine
 10
136.67580394425443
 20
107.53600240250059
 30
0.0
 11
137.39680713370458
 21
107.5501649609271
 31
0.0
  0
LINE
  5
9B2
330
17
100
AcDbEntity
  8
隐藏线
100
AcDbLine
 10
135.95056883683912
 20
107.52175671713883
 30
0.0
 11
136.67580394425443
 21
107.53600240250059
 31
0.0
  0
LINE
  5
9B3
330
17
100
AcDbEntity
  8
隐藏线
100
AcDbLine
 10
135.22113000626015
 20
107.5074284586681
 30
0.0
 11
135.95056883683912
 21
107.52175671713883
 31
0.0
  0
LINE
  5
9B4
330
17
100
AcDbEntity
  8
隐藏线
100
AcDbLine
 10
135.30005419516192
 20
108.49999999999999
 30
0.0
 11
138.81005876928313
 21
108.49999999999999
 31
0.0
  0
LINE
  5
9B5
330
17
100
AcDbEntity
  8
隐藏线
100
AcDbLine
 10
138.81005876928313
 20
108.49999999999999
 30
0.0
 11
142.21758469487216
 21
108.49999999999999
 31
0.0
  0
LINE
  5
9B6
330
17
100
AcDbEntity
  8
隐藏线
100
AcDbLine
 10
142.21758469487216
 20
108.49999999999999
 30
0.0
 11
145.5194962159889
 21
108.49999999999999
 31
0.0
  0
LINE
  5
9B7
330
17
100
AcDbEntity
  8
隐藏线
100
AcDbLine
 10
145.5194962159889
 20
108.49999999999999
 30
0.0
 11
148.7127483820106
 21
108.49999999999999
 31
0.0
  0
LINE
  5
9B8
330
17
100
AcDbEntity
  8
隐藏线
100
AcDbLine
 10
148.7127483820106
 20
108.49999999999999
 30
0.0
 11
151.7847816173556
 21
108.49999999999999
 31
0.0
  0
LINE
  5
9B9
330
17
100
AcDbEntity
  8
隐藏线
100
AcDbLine
 10
151.7847816173556
 20
108.49999999999999
 30
0.0
 11
154.74180705106457
 21
108.49999999999999
 31
0.0
  0
LINE
  5
9BA
330
17
100
AcDbEntity
  8
隐藏线
100
AcDbLine
 10
154.74180705106457
 20
108.49999999999999
 30
0.0
 11
157.58110429840332
 21
108.49999999999999
 31
0.0
  0
LINE
  5
9BB
330
17
100
AcDbEntity
  8
隐藏线
100
AcDbLine
 10
157.58110429840332
 20
108.49999999999999
 30
0.0
 11
160.3000541951618
 21
108.49999999999999
 31
0.0
  0
LINE
  5
9BC
330
17
100
AcDbEntity
  8
隐藏线
100
AcDbLine
 10
160.3000541951618
 20
108.49999999999999
 30
0.0
 11
161.64015692031853
 21
108.49999999999999
 31
0.0
  0
LINE
  5
9BD
330
17
100
AcDbEntity
  8
隐藏线
100
AcDbLine
 10
161.64015692031853
 20
108.49999999999999
 30
0.0
 11
162.94765895894227
 21
108.49999999999999
 31
0.0
  0
LINE
  5
9BE
330
17
100
AcDbEntity
  8
隐藏线
100
AcDbLine
 10
162.94765895894227
 20
108.49999999999999
 30
0.0
 11
164.22224509249634
 21
108.49999999999999
 31
0.0
  0
LINE
  5
9BF
330
17
100
AcDbEntity
  8
隐藏线
100
AcDbLine
 10
164.22224509249634
 20
108.49999999999999
 30
0.0
 11
165.46360751514317
 21
108.49999999999999
 31
0.0
  0
LINE
  5
9C0
330
17
100
AcDbEntity
  8
隐藏线
100
AcDbLine
 10
165.46360751514317
 20
108.49999999999999
 30
0.0
 11
166.6686207052674
 21
108.49999999999999
 31
0.0
  0
LINE
  5
9C1
330
17
100
AcDbEntity
  8
隐藏线
100
AcDbLine
 10
166.6686207052674
 20
108.49999999999999
 30
0.0
 11
167.83976088500614
 21
108.49999999999999
 31
0.0
  0
LINE
  5
9C2
330
17
100
AcDbEntity
  8
隐藏线
100
AcDbLine
 10
167.83976088500614
 20
108.49999999999999
 30
0.0
 11
168.9767457481387
 21
108.49999999999999
 31
0.0
  0
LINE
  5
9C3
330
17
100
AcDbEntity
  8
隐藏线
100
AcDbLine
 10
168.9767457481387
 20
108.49999999999999
 30
0.0
 11
170.07930068026025
 21
108.49999999999999
 31
0.0
  0
LINE
  5
9C4
330
17
100
AcDbEntity
  8
隐藏线
100
AcDbLine
 10
170.07930068026025
 20
108.49999999999999
 30
0.0
 11
173.1153270689106
 21
108.49999999999999
 31
0.0
  0
LINE
  5
9C5
330
17
100
AcDbEntity
  8
隐藏线
100
AcDbLine
 10
173.1153270689106
 20
108.49999999999999
 30
0.0
 11
175.84139577128948
 21
108.49999999999999
 31
0.0
  0
LINE
  5
9C6
330
17
100
AcDbEntity
  8
隐藏线
100
AcDbLine
 10
175.84139577128948
 20
108.49999999999999
 30
0.0
 11
178.2517899386363
 21
108.49999999999999
 31
0.0
  0
LINE
  5
9C7
330
17
100
AcDbEntity
  8
隐藏线
100
AcDbLine
 10
178.2517899386363
 20
108.49999999999999
 30
0.0
 11
180.34141298306852
 21
108.49999999999999
 31
0.0
  0
LINE
  5
9C8
330
17
100
AcDbEntity
  8
隐藏线
100
AcDbLine
 10
180.34141298306852
 20
108.49999999999999
 30
0.0
 11
182.07829645715597
 21
108.49999999999999
 31
0.0
  0
LINE
  5
9C9
330
17
100
AcDbEntity
  8
隐藏线
100
AcDbLine
 10
182.07829645715597
 20
108.49999999999999
 30
0.0
 11
183.48554840735156
 21
108.49999999999999
 31
0.0
  0
LINE
  5
9CA
330
17
100
AcDbEntity
  8
隐藏线
100
AcDbLine
 10
183.48554840735156
 20
108.49999999999999
 30
0.0
 11
184.56022958346162
 21
108.49999999999999
 31
0.0
  0
LINE
  5
9CB
330
17
100
AcDbEntity
  8
隐藏线
100
AcDbLine
 10
184.56022958346162
 20
108.49999999999999
 30
0.0
 11
185.30005419516178
 21
108.49999999999999
 31
0.0
  0
LINE
  5
9CC
330
17
100
AcDbEntity
  8
隐藏线
100
AcDbLine
 10
185.30005419516183
 20
108.5
 30
0.0
 11
185.34918686026128
 21
108.50006035056535
 31
0.0
  0
LINE
  5
9CD
330
17
100
AcDbEntity
  8
隐藏线
100
AcDbLine
 10
185.34918686026128
 20
108.50006035056535
 30
0.0
 11
185.3983171585602
 21
108.50024139172614
 31
0.0
  0
LINE
  5
9CE
330
17
100
AcDbEntity
  8
隐藏线
100
AcDbLine
 10
185.3983171585602
 20
108.50024139172614
 30
0.0
 11
185.44744486792445
 21
108.50054310767942
 31
0.0
  0
LINE
  5
9CF
330
17
100
AcDbEntity
  8
隐藏线
100
AcDbLine
 10
185.44744486792445
 20
108.50054310767942
 30
0.0
 11
185.49656976621984
 21
108.50096548262229
 31
0.0
  0
LINE
  5
9D0
330
17
100
AcDbEntity
  8
隐藏线
100
AcDbLine
 10
185.49656976621984
 20
108.50096548262229
 30
0.0
 11
185.5456916313122
 21
108.50150850075181
 31
0.0
  0
LINE
  5
9D1
330
17
100
AcDbEntity
  8
隐藏线
100
AcDbLine
 10
185.5456916313122
 20
108.50150850075181
 30
0.0
 11
185.59481024106742
 21
108.50217214626507
 31
0.0
  0
LINE
  5
9D2
330
17
100
AcDbEntity
  8
隐藏线
100
AcDbLine
 10
185.59481024106742
 20
108.50217214626507
 30
0.0
 11
185.64392537335127
 21
108.50295640335912
 31
0.0
  0
LINE
  5
9D3
330
17
100
AcDbEntity
  8
隐藏线
100
AcDbLine
 10
185.64392537335127
 20
108.50295640335912
 30
0.0
 11
185.69303680602965
 21
108.50386125623106
 31
0.0
  0
LINE
  5
9D4
330
17
100
AcDbEntity
  8
隐藏线
100
AcDbLine
 10
185.69303680602965
 20
108.50386125623106
 30
0.0
 11
185.74214431696834
 21
108.50488668907798
 31
0.0
  0
LINE
  5
9D5
330
17
100
AcDbEntity
  8
隐藏线
100
AcDbLine
 10
185.74214431696834
 20
108.50488668907798
 30
0.0
 11
185.79124768403324
 21
108.50603268609692
 31
0.0
  0
LINE
  5
9D6
330
17
100
AcDbEntity
  8
隐藏线
100
AcDbLine
 10
185.8403466850901
 20
108.50729923148498
 30
0.0
 11
185.88944109800485
 21
108.50868630943923
 31
0.0
  0
LINE
  5
9D7
330
17
100
AcDbEntity
  8
隐藏线
100
AcDbLine
 10
185.88944109800485
 20
108.50868630943923
 30
0.0
 11
185.93853070064327
 21
108.51019390415674
 31
0.0
  0
LINE
  5
9D8
330
17
100
AcDbEntity
  8
隐藏线
100
AcDbLine
 10
185.93853070064327
 20
108.51019390415674
 30
0.0
 11
185.98761527087123
 21
108.51182199983458
 31
0.0
  0
LINE
  5
9D9
330
17
100
AcDbEntity
  8
隐藏线
100
AcDbLine
 10
185.98761527087123
 20
108.51182199983458
 30
0.0
 11
186.03669458655455
 21
108.51357058066986
 31
0.0
  0
LINE
  5
9DA
330
17
100
AcDbEntity
  8
隐藏线
100
AcDbLine
 10
186.03669458655455
 20
108.51357058066986
 30
0.0
 11
186.08576848087614
 21
108.5154396330261
 31
0.0
  0
LINE
  5
9DB
330
17
100
AcDbEntity
  8
隐藏线
100
AcDbLine
 10
160.30005419516183
 20
108.5
 30
0.0
 11
185.30005419516183
 21
108.5
 31
0.0
  0
LINE
  5
9DC
330
17
100
AcDbEntity
  8
隐藏线
100
AcDbLine
 10
135.30005419516183
 20
108.5
 30
0.0
 11
160.30005419516183
 21
108.5
 31
0.0
  0
LINE
  5
9DD
330
17
100
AcDbEntity
  8
隐藏线
100
AcDbLine
 10
135.30005419516183
 20
148.5
 30
0.0
 11
160.30005419516183
 21
148.5
 31
0.0
  0
LINE
  5
9DE
330
17
100
AcDbEntity
  8
隐藏线
100
AcDbLine
 10
160.30005419516183
 20
148.5
 30
0.0
 11
185.30005419516183
 21
148.49999999999997
 31
0.0
  0
LINE
  5
9DF
330
17
100
AcDbEntity
  8
隐藏线
100
AcDbLine
 10
13.8061681391614
 20
118.5
 30
0.0
 11
13.99837875989894
 21
118.5
 31
0.0
  0
LINE
  5
9E0
330
17
100
AcDbEntity
  8
隐藏线
100
AcDbLine
 10
13.614047500052777
 20
118.5
 30
0.0
 11
13.8061681391614
 21
118.5
 31
0.0
  0
LINE
  5
9E1
330
17
100
AcDbEntity
  8
隐藏线
100
AcDbLine
 10
13.42209860489669
 20
118.5
 30
0.0
 11
13.614047500052777
 21
118.5
 31
0.0
  0
LINE
  5
9E2
330
17
100
AcDbEntity
  8
隐藏线
100
AcDbLine
 10
13.230403147797034
 20
118.5
 30
0.0
 11
13.42209860489669
 21
118.5
 31
0.0
  0
LINE
  5
9E3
330
17
100
AcDbEntity
  8
隐藏线
100
AcDbLine
 10
13.039079466510373
 20
118.5
 30
0.0
 11
13.230403147797034
 21
118.5
 31
0.0
  0
LINE
  5
9E4
330
17
100
AcDbEntity
  8
隐藏线
100
AcDbLine
 10
12.848188530156392
 20
118.5
 30
0.0
 11
13.039079466510373
 21
118.5
 31
0.0
  0
LINE
  5
9E5
330
17
100
AcDbEntity
  8
隐藏线
100
AcDbLine
 10
12.657811572853433
 20
118.5
 30
0.0
 11
12.848188530156392
 21
118.5
 31
0.0
  0
LINE
  5
9E6
330
17
100
AcDbEntity
  8
隐藏线
100
AcDbLine
 10
12.468029624558426
 20
118.5
 30
0.0
 11
12.657811572853433
 21
118.5
 31
0.0
  0
LINE
  5
9E7
330
17
100
AcDbEntity
  8
隐藏线
100
AcDbLine
 10
10.95005310600871
 20
118.5
 30
0.0
 11
12.468029624558426
 21
118.5
 31
0.0
  0
LINE
  5
9E8
330
17
100
AcDbEntity
  8
隐藏线
100
AcDbLine
 10
9.525410079736673
 20
118.5
 30
0.0
 11
10.95005310600871
 21
118.5
 31
0.0
  0
LINE
  5
9E9
330
17
100
AcDbEntity
  8
隐藏线
100
AcDbLine
 10
8.234607182792246
 20
118.5
 30
0.0
 11
9.525410079736673
 21
118.5
 31
0.0
  0
LINE
  5
9EA
330
17
100
AcDbEntity
  8
隐藏线
100
AcDbLine
 10
7.114588299039212
 20
118.5
 30
0.0
 11
8.234607182792246
 21
118.5
 31
0.0
  0
LINE
  5
9EB
330
17
100
AcDbEntity
  8
隐藏线
100
AcDbLine
 10
6.217567715336628
 20
118.5
 30
0.0
 11
7.114588299039212
 21
118.5
 31
0.0
  0
LINE
  5
9EC
330
17
100
AcDbEntity
  8
隐藏线
100
AcDbLine
 10
5.554532964214104
 20
118.5
 30
0.0
 11
6.217567715336628
 21
118.5
 31
0.0
  0
LINE
  5
9ED
330
17
100
AcDbEntity
  8
隐藏线
100
AcDbLine
 10
5.144154892385728
 20
118.5
 30
0.0
 11
5.554532964214104
 21
118.5
 31
0.0
  0
LINE
  5
9EE
330
17
100
AcDbEntity
  8
隐藏线
100
AcDbLine
 10
4.998378759899936
 20
118.5
 30
0.0
 11
5.144154892385728
 21
118.5
 31
0.0
  0
LINE
  5
9EF
330
17
100
AcDbEntity
  8
隐藏线
100
AcDbLine
 10
16.440406777999442
 20
118.5
 30
0.0
 11
18.882434796099915
 21
118.5
 31
0.0
  0
LINE
  5
9F0
330
17
100
AcDbEntity
  8
隐藏线
100
AcDbLine
 10
13.99837875989894
 20
118.5
 30
0.0
 11
16.440406777999442
 21
118.5
 31
0.0
  0
LINE
  5
9F1
330
17
100
AcDbEntity
  8
隐藏线
100
AcDbLine
 10
19.410057642658472
 20
118.5
 30
0.0
 11
19.937680489216916
 21
118.5
 31
0.0
  0
LINE
  5
9F2
330
17
100
AcDbEntity
  8
隐藏线
100
AcDbLine
 10
18.882434796099915
 20
118.5
 30
0.0
 11
19.410057642658472
 21
118.5
 31
0.0
  0
LINE
  5
9F3
330
17
100
AcDbEntity
  8
隐藏线
100
AcDbLine
 10
16.88883332164977
 20
118.5
 30
0.0
 11
16.998378759899936
 21
118.5
 31
0.0
  0
LINE
  5
9F4
330
17
100
AcDbEntity
  8
隐藏线
100
AcDbLine
 10
16.58471453769451
 20
118.5
 30
0.0
 11
16.88883332164977
 21
118.5
 31
0.0
  0
LINE
  5
9F5
330
17
100
AcDbEntity
  8
隐藏线
100
AcDbLine
 10
16.105990411158814
 20
118.5
 30
0.0
 11
16.58471453769451
 21
118.5
 31
0.0
  0
LINE
  5
9F6
330
17
100
AcDbEntity
  8
隐藏线
100
AcDbLine
 10
15.48312664994313
 20
118.5
 30
0.0
 11
16.105990411158814
 21
118.5
 31
0.0
  0
LINE
  5
9F7
330
17
100
AcDbEntity
  8
隐藏线
100
AcDbLine
 10
14.751831316523578
 20
118.5
 30
0.0
 11
15.48312664994313
 21
118.5
 31
0.0
  0
LINE
  5
9F8
330
17
100
AcDbEntity
  8
隐藏线
100
AcDbLine
 10
13.972080708121183
 20
118.5
 30
0.0
 11
14.751831316523578
 21
118.5
 31
0.0
  0
LINE
  5
9F9
330
17
100
AcDbEntity
  8
隐藏线
100
AcDbLine
 10
13.194105499641495
 20
118.5
 30
0.0
 11
13.972080708121183
 21
118.5
 31
0.0
  0
LINE
  5
9FA
330
17
100
AcDbEntity
  8
隐藏线
100
AcDbLine
 10
12.468029624558426
 20
118.5
 30
0.0
 11
13.194105499641495
 21
118.5
 31
0.0
  0
LINE
  5
9FB
330
17
100
AcDbEntity
  8
隐藏线
100
AcDbLine
 10
12.1487146711722
 20
118.5
 30
0.0
 11
12.468029624558426
 21
118.5
 31
0.0
  0
LINE
  5
9FC
330
17
100
AcDbEntity
  8
隐藏线
100
AcDbLine
 10
11.859955230067328
 20
118.5
 30
0.0
 11
12.1487146711722
 21
118.5
 31
0.0
  0
LINE
  5
9FD
330
17
100
AcDbEntity
  8
隐藏线
100
AcDbLine
 10
11.6062423349384
 20
118.5
 30
0.0
 11
11.859955230067328
 21
118.5
 31
0.0
  0
LINE
  5
9FE
330
17
100
AcDbEntity
  8
隐藏线
100
AcDbLine
 10
11.391556229881388
 20
118.5
 30
0.0
 11
11.6062423349384
 21
118.5
 31
0.0
  0
LINE
  5
9FF
330
17
100
AcDbEntity
  8
隐藏线
100
AcDbLine
 10
11.223137267484844
 20
118.5
 30
0.0
 11
11.391556229881388
 21
118.5
 31
0.0
  0
LINE
  5
A00
330
17
100
AcDbEntity
  8
隐藏线
100
AcDbLine
 10
11.10032129562407
 20
118.5
 30
0.0
 11
11.223137267484844
 21
118.5
 31
0.0
  0
LINE
  5
A01
330
17
100
AcDbEntity
  8
隐藏线
100
AcDbLine
 10
11.0250014828477
 20
118.5
 30
0.0
 11
11.10032129562407
 21
118.5
 31
0.0
  0
LINE
  5
A02
330
17
100
AcDbEntity
  8
隐藏线
100
AcDbLine
 10
10.998378759899936
 20
118.5
 30
0.0
 11
11.0250014828477
 21
118.5
 31
0.0
  0
LINE
  5
A03
330
17
100
AcDbEntity
  8
隐藏线
100
AcDbLine
 10
4.998378759899936
 20
138.5
 30
0.0
 11
5.131994816908303
 21
138.5
 31
0.0
  0
LINE
  5
A04
330
17
100
AcDbEntity
  8
隐藏线
100
AcDbLine
 10
5.131994816908303
 20
138.5
 30
0.0
 11
5.508486642626508
 21
138.5
 31
0.0
  0
LINE
  5
A05
330
17
100
AcDbEntity
  8
隐藏线
100
AcDbLine
 10
5.508486642626508
 20
138.5
 30
0.0
 11
6.117809869064644
 21
138.5
 31
0.0
  0
LINE
  5
A06
330
17
100
AcDbEntity
  8
隐藏线
100
AcDbLine
 10
6.117809869064644
 20
138.5
 30
0.0
 11
6.94423998053432
 21
138.5
 31
0.0
  0
LINE
  5
A07
330
17
100
AcDbEntity
  8
隐藏线
100
AcDbLine
 10
6.94423998053432
 20
138.5
 30
0.0
 11
7.98012480517923
 21
138.5
 31
0.0
  0
LINE
  5
A08
330
17
100
AcDbEntity
  8
隐藏线
100
AcDbLine
 10
7.98012480517923
 20
138.5
 30
0.0
 11
9.179631495598016
 21
138.5
 31
0.0
  0
LINE
  5
A09
330
17
100
AcDbEntity
  8
隐藏线
100
AcDbLine
 10
9.179631495598016
 20
138.5
 30
0.0
 11
10.51129012149076
 21
138.5
 31
0.0
  0
LINE
  5
A0A
330
17
100
AcDbEntity
  8
隐藏线
100
AcDbLine
 10
10.51129012149076
 20
138.5
 30
0.0
 11
11.940406777999925
 21
138.5
 31
0.0
  0
LINE
  5
A0B
330
17
100
AcDbEntity
  8
隐藏线
100
AcDbLine
 10
11.940406777999925
 20
138.5
 30
0.0
 11
12.193940265624946
 21
138.5
 31
0.0
  0
LINE
  5
A0C
330
17
100
AcDbEntity
  8
隐藏线
100
AcDbLine
 10
12.193940265624946
 20
138.5
 30
0.0
 11
12.448933808219579
 21
138.5
 31
0.0
  0
LINE
  5
A0D
330
17
100
AcDbEntity
  8
隐藏线
100
AcDbLine
 10
12.448933808219579
 20
138.5
 30
0.0
 11
12.705189540185614
 21
138.5
 31
0.0
  0
LINE
  5
A0E
330
17
100
AcDbEntity
  8
隐藏线
100
AcDbLine
 10
12.705189540185614
 20
138.5
 30
0.0
 11
12.962508681958582
 21
138.5
 31
0.0
  0
LINE
  5
A0F
330
17
100
AcDbEntity
  8
隐藏线
100
AcDbLine
 10
12.962508681958582
 20
138.5
 30
0.0
 11
13.22074195423653
 21
138.5
 31
0.0
  0
LINE
  5
A10
330
17
100
AcDbEntity
  8
隐藏线
100
AcDbLine
 10
13.22074195423653
 20
138.5
 30
0.0
 11
13.479598669701403
 21
138.5
 31
0.0
  0
LINE
  5
A11
330
17
100
AcDbEntity
  8
隐藏线
100
AcDbLine
 10
13.479598669701403
 20
138.5
 30
0.0
 11
13.738877987282763
 21
138.5
 31
0.0
  0
LINE
  5
A12
330
17
100
AcDbEntity
  8
隐藏线
100
AcDbLine
 10
13.738877987282763
 20
138.5
 30
0.0
 11
13.99837875989894
 21
138.5
 31
0.0
  0
LINE
  5
A13
330
17
100
AcDbEntity
  8
隐藏线
100
AcDbLine
 10
11.659796925982334
 20
129.5
 30
0.0
 11
13.99837875989894
 21
129.5
 31
0.0
  0
LINE
  5
A14
330
17
100
AcDbEntity
  8
隐藏线
100
AcDbLine
 10
9.41340195346288
 20
129.5
 30
0.0
 11
11.659796925982334
 21
129.5
 31
0.0
  0
LINE
  5
A15
330
17
100
AcDbEntity
  8
隐藏线
100
AcDbLine
 10
7.339620665685175
 20
129.5
 30
0.0
 11
9.41340195346288
 21
129.5
 31
0.0
  0
LINE
  5
A16
330
17
100
AcDbEntity
  8
隐藏线
100
AcDbLine
 10
5.513097385661013
 20
129.5
 30
0.0
 11
7.339620665685175
 21
129.5
 31
0.0
  0
LINE
  5
A17
330
17
100
AcDbEntity
  8
隐藏线
100
AcDbLine
 10
4.032366519441069
 20
129.5
 30
0.0
 11
5.513097385661013
 21
129.5
 31
0.0
  0
LINE
  5
A18
330
17
100
AcDbEntity
  8
隐藏线
100
AcDbLine
 10
2.929265570635124
 20
129.5
 30
0.0
 11
4.032366519441069
 21
129.5
 31
0.0
  0
LINE
  5
A19
330
17
100
AcDbEntity
  8
隐藏线
100
AcDbLine
 10
2.2428909205837613
 20
129.5
 30
0.0
 11
2.929265570635124
 21
129.5
 31
0.0
  0
LINE
  5
A1A
330
17
100
AcDbEntity
  8
隐藏线
100
AcDbLine
 10
1.9983787598999356
 20
129.5
 30
0.0
 11
2.2428909205837613
 21
129.5
 31
0.0
  0
LINE
  5
A1B
330
17
100
AcDbEntity
  8
隐藏线
100
AcDbLine
 10
16.440406777999442
 20
129.5
 30
0.0
 11
18.882434796099915
 21
129.5
 31
0.0
  0
LINE
  5
A1C
330
17
100
AcDbEntity
  8
隐藏线
100
AcDbLine
 10
15.815156227570924
 20
129.5
 30
0.0
 11
16.440406777999442
 21
129.5
 31
0.0
  0
LINE
  5
A1D
330
17
100
AcDbEntity
  8
隐藏线
100
AcDbLine
 10
13.99837875989894
 20
129.5
 30
0.0
 11
15.815156227570924
 21
129.5
 31
0.0
  0
LINE
  5
A1E
330
17
100
AcDbEntity
  8
隐藏线
100
AcDbLine
 10
46.30183990944792
 20
153.9803144678918
 30
0.0
 11
116.1938041951616
 21
151.2324374174329
 31
0.0
  0
LINE
  5
A1F
330
17
100
AcDbEntity
  8
隐藏线
100
AcDbLine
 10
116.1938041951616
 20
151.2324374174329
 30
0.0
 11
186.08576848087614
 21
148.48456036697397
 31
0.0
  0
LINE
  5
A20
330
17
100
AcDbEntity
  8
隐藏线
100
AcDbLine
 10
116.19380419516156
 20
105.76756258256721
 30
0.0
 11
186.08576848087614
 21
108.51543963302613
 31
0.0
  0
LINE
  5
A21
330
17
100
AcDbEntity
  8
隐藏线
100
AcDbLine
 10
46.30183990944792
 20
103.01968553210833
 30
0.0
 11
116.19380419516156
 21
105.76756258256721
 31
0.0
  0
LINE
  5
A22
330
17
100
AcDbEntity
  8
隐藏线
100
AcDbLine
 10
16.864887951203656
 20
138.5
 30
0.0
 11
16.998378759899936
 21
138.5
 31
0.0
  0
LINE
  5
A23
330
17
100
AcDbEntity
  8
隐藏线
100
AcDbLine
 10
16.496334817239415
 20
138.5
 30
0.0
 11
16.864887951203656
 21
138.5
 31
0.0
  0
LINE
  5
A24
330
17
100
AcDbEntity
  8
隐藏线
100
AcDbLine
 10
15.922214296428535
 20
138.5
 30
0.0
 11
16.496334817239415
 21
138.5
 31
0.0
  0
LINE
  5
A25
330
17
100
AcDbEntity
  8
隐藏线
100
AcDbLine
 10
15.187093202964377
 20
138.5
 30
0.0
 11
15.922214296428535
 21
138.5
 31
0.0
  0
LINE
  5
A26
330
17
100
AcDbEntity
  8
隐藏线
100
AcDbLine
 10
14.346183807957772
 20
138.5
 30
0.0
 11
15.187093202964377
 21
138.5
 31
0.0
  0
LINE
  5
A27
330
17
100
AcDbEntity
  8
隐藏线
100
AcDbLine
 10
13.479993664893613
 20
138.5
 30
0.0
 11
14.346183807957772
 21
138.5
 31
0.0
  0
LINE
  5
A28
330
17
100
AcDbEntity
  8
隐藏线
100
AcDbLine
 10
12.656463627497686
 20
138.5
 30
0.0
 11
13.479993664893613
 21
138.5
 31
0.0
  0
LINE
  5
A29
330
17
100
AcDbEntity
  8
隐藏线
100
AcDbLine
 10
11.940406777999925
 20
138.5
 30
0.0
 11
12.656463627497686
 21
138.5
 31
0.0
  0
LINE
  5
A2A
330
17
100
AcDbEntity
  8
隐藏线
100
AcDbLine
 10
11.729841182459467
 20
138.5
 30
0.0
 11
11.940406777999925
 21
138.5
 31
0.0
  0
LINE
  5
A2B
330
17
100
AcDbEntity
  8
隐藏线
100
AcDbLine
 10
11.542408253579055
 20
138.5
 30
0.0
 11
11.729841182459467
 21
138.5
 31
0.0
  0
LINE
  5
A2C
330
17
100
AcDbEntity
  8
隐藏线
100
AcDbLine
 10
11.379913039732514
 20
138.5
 30
0.0
 11
11.542408253579055
 21
138.5
 31
0.0
  0
LINE
  5
A2D
330
17
100
AcDbEntity
  8
隐藏线
100
AcDbLine
 10
11.243935445389724
 20
138.5
 30
0.0
 11
11.379913039732514
 21
138.5
 31
0.0
  0
LINE
  5
A2E
330
17
100
AcDbEntity
  8
隐藏线
100
AcDbLine
 10
11.138250350818709
 20
138.5
 30
0.0
 11
11.243935445389724
 21
138.5
 31
0.0
  0
LINE
  5
A2F
330
17
100
AcDbEntity
  8
隐藏线
100
AcDbLine
 10
11.061653188589702
 20
138.5
 30
0.0
 11
11.138250350818709
 21
138.5
 31
0.0
  0
LINE
  5
A30
330
17
100
AcDbEntity
  8
隐藏线
100
AcDbLine
 10
11.014875287317409
 20
138.5
 30
0.0
 11
11.061653188589702
 21
138.5
 31
0.0
  0
LINE
  5
A31
330
17
100
AcDbEntity
  8
隐藏线
100
AcDbLine
 10
10.998378759899936
 20
138.5
 30
0.0
 11
11.014875287317409
 21
138.5
 31
0.0
  0
LINE
  5
A32
330
17
100
AcDbEntity
  8
隐藏线
100
AcDbLine
 10
160.30005419516183
 20
134.5
 30
0.0
 11
185.30005419516183
 21
134.5
 31
0.0
  0
LINE
  5
A33
330
17
100
AcDbEntity
  8
隐藏线
100
AcDbLine
 10
135.30005419516183
 20
134.5
 30
0.0
 11
160.30005419516183
 21
134.5
 31
0.0
  0
LINE
  5
A34
330
17
100
AcDbEntity
  8
隐藏线
100
AcDbLine
 10
135.30005419516183
 20
122.5
 30
0.0
 11
160.30005419516183
 21
122.5
 31
0.0
  0
LINE
  5
A35
330
17
100
AcDbEntity
  8
隐藏线
100
AcDbLine
 10
160.30005419516183
 20
122.5
 30
0.0
 11
185.30005419516183
 21
122.5
 31
0.0
  0
LINE
  5
A36
330
17
100
AcDbEntity
  8
隐藏线
100
AcDbLine
 10
15.088432329109793
 20
129.5
 30
0.0
 11
15.815156227570952
 21
129.5
 31
0.0
  0
LINE
  5
A37
330
17
100
AcDbEntity
  8
隐藏线
100
AcDbLine
 10
14.282601735644533
 20
129.5
 30
0.0
 11
15.088432329109793
 21
129.5
 31
0.0
  0
LINE
  5
A38
330
17
100
AcDbEntity
  8
隐藏线
100
AcDbLine
 10
13.45544030626644
 20
129.5
 30
0.0
 11
14.282601735644533
 21
129.5
 31
0.0
  0
LINE
  5
A39
330
17
100
AcDbEntity
  8
隐藏线
100
AcDbLine
 10
12.666149876226598
 20
129.5
 30
0.0
 11
13.45544030626644
 21
129.5
 31
0.0
  0
LINE
  5
A3A
330
17
100
AcDbEntity
  8
隐藏线
100
AcDbLine
 10
11.984999544858283
 20
129.5
 30
0.0
 11
12.666149876226598
 21
129.5
 31
0.0
  0
LINE
  5
A3B
330
17
100
AcDbEntity
  8
隐藏线
100
AcDbLine
 10
11.457211525924123
 20
129.5
 30
0.0
 11
11.984999544858283
 21
129.5
 31
0.0
  0
LINE
  5
A3C
330
17
100
AcDbEntity
  8
隐藏线
100
AcDbLine
 10
11.120137227979399
 20
129.5
 30
0.0
 11
11.457211525924123
 21
129.5
 31
0.0
  0
LINE
  5
A3D
330
17
100
AcDbEntity
  8
隐藏线
100
AcDbLine
 10
10.998378759899936
 20
129.5
 30
0.0
 11
11.120137227979399
 21
129.5
 31
0.0
  0
LINE
  5
A3E
330
17
100
AcDbEntity
  8
隐藏线
100
AcDbLine
 10
15.815156227570924
 20
129.5
 30
0.0
 11
16.076338611987325
 21
129.5
 31
0.0
  0
LINE
  5
A3F
330
17
100
AcDbEntity
  8
隐藏线
100
AcDbLine
 10
16.076338611987325
 20
129.5
 30
0.0
 11
16.310457569431065
 21
129.5
 31
0.0
  0
LINE
  5
A40
330
17
100
AcDbEntity
  8
隐藏线
100
AcDbLine
 10
16.310457569431065
 20
129.5
 30
0.0
 11
16.514637036157637
 21
129.5
 31
0.0
  0
LINE
  5
A41
330
17
100
AcDbEntity
  8
隐藏线
100
AcDbLine
 10
16.514637036157637
 20
129.5
 30
0.0
 11
16.686345687060026
 21
129.5
 31
0.0
  0
LINE
  5
A42
330
17
100
AcDbEntity
  8
隐藏线
100
AcDbLine
 10
16.686345687060026
 20
129.5
 30
0.0
 11
16.820357280917904
 21
129.5
 31
0.0
  0
LINE
  5
A43
330
17
100
AcDbEntity
  8
隐藏线
100
AcDbLine
 10
16.820357280917904
 20
129.5
 30
0.0
 11
16.917751458757323
 21
129.5
 31
0.0
  0
LINE
  5
A44
330
17
100
AcDbEntity
  8
隐藏线
100
AcDbLine
 10
16.917751458757323
 20
129.5
 30
0.0
 11
16.97734219691418
 21
129.5
 31
0.0
  0
LINE
  5
A45
330
17
100
AcDbEntity
  8
隐藏线
100
AcDbLine
 10
16.97734219691418
 20
129.5
 30
0.0
 11
16.998378759899936
 21
129.5
 31
0.0
  0
LINE
  5
A46
330
17
100
AcDbEntity
  8
隐藏线
100
AcDbLine
 10
16.998378759899936
 20
129.5
 30
0.0
 11
16.998378759899936
 21
134.0
 31
0.0
  0
LINE
  5
A47
330
17
100
AcDbEntity
  8
隐藏线
100
AcDbLine
 10
16.998378759899936
 20
134.0
 30
0.0
 11
16.998378759899936
 21
138.5
 31
0.0
  0
LINE
  5
A48
330
17
100
AcDbEntity
  8
隐藏线
100
AcDbLine
 10
16.998378759899936
 20
118.5
 30
0.0
 11
16.998378759899936
 21
123.0
 31
0.0
  0
LINE
  5
A49
330
17
100
AcDbEntity
  8
隐藏线
100
AcDbLine
 10
16.998378759899936
 20
123.0
 30
0.0
 11
16.998378759899936
 21
127.49999999999999
 31
0.0
  0
LINE
  5
A4A
330
17
100
AcDbEntity
  8
隐藏线
100
AcDbLine
 10
19.81966958267992
 20
127.5
 30
0.0
 11
24.725801638960945
 21
127.5
 31
0.0
  0
LINE
  5
A4B
330
17
100
AcDbEntity
  8
隐藏线
100
AcDbLine
 10
24.725801638960945
 20
127.5
 30
0.0
 11
29.63193369524194
 21
127.5
 31
0.0
  0
LINE
  5
A4C
330
17
100
AcDbEntity
  8
隐藏线
100
AcDbLine
 10
24.725801638960945
 20
129.5
 30
0.0
 11
29.63193369524194
 21
129.5
 31
0.0
  0
LINE
  5
A4D
330
17
100
AcDbEntity
  8
隐藏线
100
AcDbLine
 10
19.81966958267992
 20
129.5
 30
0.0
 11
24.725801638960945
 21
129.5
 31
0.0
  0
LINE
  5
A4E
330
17
100
AcDbEntity
  8
隐藏线
100
AcDbLine
 10
10.998378759899936
 20
129.5
 30
0.0
 11
10.998378759899936
 21
134.0
 31
0.0
  0
LINE
  5
A4F
330
17
100
AcDbEntity
  8
隐藏线
100
AcDbLine
 10
10.998378759899936
 20
134.0
 30
0.0
 11
10.998378759899936
 21
138.5
 31
0.0
  0
LINE
  5
A50
330
17
100
AcDbEntity
  8
隐藏线
100
AcDbLine
 10
10.998378759899936
 20
118.5
 30
0.0
 11
10.998378759899936
 21
123.0
 31
0.0
  0
LINE
  5
A51
330
17
100
AcDbEntity
  8
隐藏线
100
AcDbLine
 10
10.998378759899936
 20
123.0
 30
0.0
 11
10.998378759899936
 21
127.49999999999999
 31
0.0
  0
CIRCLE
  5
A52
330
17
100
AcDbEntity
  8
隐藏线
100
AcDbCircle
 10
45.30083771763093
 20
128.5
 30
0.0
 40
25.5
  0
ARC
  5
A53
330
17
100
AcDbEntity
  8
隐藏线
100
AcDbCircle
 10
19.890837717630916
 20
141.41
 30
0.0
 40
3.0
100
AcDbArc
 50
-99.70467414136776
 51
-99.2528525515577
  0
ARC
  5
A54
330
17
100
AcDbEntity
  8
隐藏线
100
AcDbCircle
 10
19.890837717630916
 20
141.41
 30
0.0
 40
3.0
100
AcDbArc
 50
-99.2528525515577
 51
-93.55291052200319
  0
ARC
  5
A55
330
17
100
AcDbEntity
  8
隐藏线
100
AcDbCircle
 10
19.890837717630916
 20
141.41
 30
0.0
 40
3.0
100
AcDbArc
 50
-87.76976444725233
 51
-63.324601659035615
  0
ARC
  5
A56
330
17
100
AcDbEntity
  8
隐藏线
100
AcDbCircle
 10
18.880837717630925
 20
135.5
 30
0.0
 40
3.0
100
AcDbArc
 50
-1.1465096260970835e-06
 51
8.821588452241212
  0
ARC
  5
A57
330
17
100
AcDbEntity
  8
隐藏线
100
AcDbCircle
 10
18.880837717630925
 20
135.5
 30
0.0
 40
3.0
100
AcDbArc
 50
8.821588452241212
 51
17.64317805099209
  0
ARC
  5
A58
330
17
100
AcDbEntity
  8
隐藏线
100
AcDbCircle
 10
18.880837717630925
 20
135.5
 30
0.0
 40
3.0
100
AcDbArc
 50
44.99999942674505
 51
72.30728854043191
  0
ARC
  5
A59
330
17
100
AcDbEntity
  8
隐藏线
100
AcDbCircle
 10
18.880837717630925
 20
135.5
 30
0.0
 40
3.0
100
AcDbArc
 50
-1.6962958301138754e-14
 51
44.99999942674502
  0
ARC
  5
A5A
330
17
100
AcDbEntity
  8
隐藏线
100
AcDbCircle
 10
18.880837717630925
 20
121.5
 30
0.0
 40
3.0
100
AcDbArc
 50
-6.087622134263052
 51
0.0
  0
ARC
  5
A5B
330
17
100
AcDbEntity
  8
隐藏线
100
AcDbCircle
 10
18.880837717630925
 20
121.5
 30
0.0
 40
3.0
100
AcDbArc
 50
-44.999999999999616
 51
3.392591660227751e-14
  0
ARC
  5
A5C
330
17
100
AcDbEntity
  8
隐藏线
100
AcDbCircle
 10
18.880837717630925
 20
121.5
 30
0.0
 40
3.0
100
AcDbArc
 50
-90.0
 51
-44.999999999999616
  0
CIRCLE
  5
A5D
330
17
100
AcDbEntity
  8
隐藏线
100
AcDbCircle
 10
45.30083771763093
 20
128.5
 30
0.0
 40
15.7
  0
CIRCLE
  5
A5E
330
17
100
AcDbEntity
  8
隐藏线
100
AcDbCircle
 10
135.30083771763094
 20
128.5
 30
0.0
 40
20.0
  0
ARC
  5
A5F
330
17
100
AcDbEntity
  8
隐藏线
100
AcDbCircle
 10
19.940837717630927
 20
115.5
 30
0.0
 40
3.0
100
AcDbArc
 50
27.647478957895686
 51
49.1981981703585
  0
ARC
  5
A60
330
17
100
AcDbEntity
  8
隐藏线
100
AcDbCircle
 10
19.940837717630927
 20
115.5
 30
0.0
 40
3.0
100
AcDbArc
 50
58.569165221399174
 51
71.25806589791758
  0
ARC
  5
A61
330
17
100
AcDbEntity
  8
隐藏线
100
AcDbCircle
 10
19.940837717630927
 20
115.5
 30
0.0
 40
3.0
100
AcDbArc
 50
71.25806589791758
 51
80.6290329489568
  0
ARC
  5
A62
330
17
100
AcDbEntity
  8
隐藏线
100
AcDbCircle
 10
19.940837717630927
 20
115.5
 30
0.0
 40
3.0
100
AcDbArc
 50
80.6290329489568
 51
90.0
  0
CIRCLE
  5
A63
330
17
100
AcDbEntity
  8
隐藏线
100
AcDbCircle
 10
185.30083771763094
 20
128.5
 30
0.0
 40
20.0
  0
CIRCLE
  5
A64
330
17
100
AcDbEntity
  8
隐藏线
100
AcDbCircle
 10
185.30083771763094
 20
128.5
 30
0.0
 40
6.0
  0
CIRCLE
  5
A65
330
17
100
AcDbEntity
  8
隐藏线
100
AcDbCircle
 10
135.30083771763094
 20
128.5
 30
0.0
 40
6.0
  0
LINE
  5
A66
330
17
100
AcDbEntity
  8
可见轮廓
100
AcDbLine
 10
283.7992164775309
 20
9.00000000000001
 30
0.0
 11
283.7992164775309
 21
9.28751636704683
 31
0.0
  0
LINE
  5
A67
330
17
100
AcDbEntity
  8
可见轮廓
100
AcDbLine
 10
283.7992164775309
 20
9.28751636704683
 30
0.0
 11
283.7992164775309
 21
9.584668863805756
 31
0.0
  0
LINE
  5
A68
330
17
100
AcDbEntity
  8
可见轮廓
100
AcDbLine
 10
283.7992164775309
 20
9.584668863805756
 30
0.0
 11
283.7992164775309
 21
9.876523253668248
 31
0.0
  0
LINE
  5
A69
330
17
100
AcDbEntity
  8
可见轮廓
100
AcDbLine
 10
283.7992164775309
 20
9.876523253668248
 30
0.0
 11
283.7992164775309
 21
10.148145314431781
 31
0.0
  0
LINE
  5
A6A
330
17
100
AcDbEntity
  8
可见轮廓
100
AcDbLine
 10
283.7992164775309
 20
10.148145314431781
 30
0.0
 11
283.7992164775309
 21
10.40771464386933
 31
0.0
  0
LINE
  5
A6B
330
17
100
AcDbEntity
  8
可见轮廓
100
AcDbLine
 10
283.7992164775309
 20
10.40771464386933
 30
0.0
 11
283.7992164775309
 21
10.664864627413873
 31
0.0
  0
LINE
  5
A6C
330
17
100
AcDbEntity
  8
可见轮廓
100
AcDbLine
 10
283.7992164775309
 20
10.664864627413873
 30
0.0
 11
283.7992164775309
 21
10.906950136838208
 31
0.0
  0
LINE
  5
A6D
330
17
100
AcDbEntity
  8
可见轮廓
100
AcDbLine
 10
283.7992164775309
 20
10.906950136838208
 30
0.0
 11
283.7992164775309
 21
11.121326043929782
 31
0.0
  0
LINE
  5
A6E
330
17
100
AcDbEntity
  8
可见轮廓
100
AcDbLine
 10
283.7992164775309
 20
11.121326043929782
 30
0.0
 11
283.7992164775309
 21
11.313486695849603
 31
0.0
  0
LINE
  5
A6F
330
17
100
AcDbEntity
  8
可见轮廓
100
AcDbLine
 10
283.7992164775309
 20
11.313486695849603
 30
0.0
 11
283.7992164775309
 21
11.491565715431433
 31
0.0
  0
LINE
  5
A70
330
17
100
AcDbEntity
  8
可见轮廓
100
AcDbLine
 10
283.7992164775309
 20
11.491565715431433
 30
0.0
 11
283.7992164775309
 21
11.647110025743428
 31
0.0
  0
LINE
  5
A71
330
17
100
AcDbEntity
  8
可见轮廓
100
AcDbLine
 10
283.7992164775309
 20
11.647110025743428
 30
0.0
 11
283.7992164775309
 21
11.771666552671036
 31
0.0
  0
LINE
  5
A72
330
17
100
AcDbEntity
  8
可见轮廓
100
AcDbLine
 10
283.7992164775309
 20
11.771666552671036
 30
0.0
 11
283.7992164775309
 21
11.867112222704222
 31
0.0
  0
LINE
  5
A73
330
17
100
AcDbEntity
  8
可见轮廓
100
AcDbLine
 10
283.7992164775309
 20
11.867112222704222
 30
0.0
 11
283.7992164775309
 21
11.938960893124882
 31
0.0
  0
LINE
  5
A74
330
17
100
AcDbEntity
  8
可见轮廓
100
AcDbLine
 10
283.7992164775309
 20
11.938960893124882
 30
0.0
 11
283.7992164775309
 21
11.98424575515086
 31
0.0
  0
LINE
  5
A75
330
17
100
AcDbEntity
  8
可见轮廓
100
AcDbLine
 10
283.7992164775309
 20
11.98424575515086
 30
0.0
 11
283.7992164775309
 21
12.0
 31
0.0
  0
LINE
  5
A76
330
17
100
AcDbEntity
  8
可见轮廓
100
AcDbLine
 10
277.7992164775309
 20
12.0
 30
0.0
 11
277.87143963356317
 21
11.985554180016592
 31
0.0
  0
LINE
  5
A77
330
17
100
AcDbEntity
  8
可见轮廓
100
AcDbLine
 10
277.87143963356317
 20
11.985554180016592
 30
0.0
 11
277.9429672411217
 21
11.942355841209693
 31
0.0
  0
LINE
  5
A78
330
17
100
AcDbEntity
  8
可见轮廓
100
AcDbLine
 10
277.9429672411217
 20
11.942355841209693
 30
0.0
 11
278.0131104502447
 21
11.87082100719663
 31
0.0
  0
LINE
  5
A79
330
17
100
AcDbEntity
  8
可见轮廓
100
AcDbLine
 10
278.0131104502447
 20
11.87082100719663
 30
0.0
 11
278.0811937434841
 21
11.771638597533865
 31
0.0
  0
LINE
  5
A7A
330
17
100
AcDbEntity
  8
可见轮廓
100
AcDbLine
 10
278.0811937434841
 20
11.771638597533865
 30
0.0
 11
278.1465614415079
 21
11.64576379304507
 31
0.0
  0
LINE
  5
A7B
330
17
100
AcDbEntity
  8
可见轮廓
100
AcDbLine
 10
278.1465614415079
 20
11.64576379304507
 30
0.0
 11
278.2085840176506
 21
11.494408836907642
 31
0.0
  0
LINE
  5
A7C
330
17
100
AcDbEntity
  8
可见轮廓
100
AcDbLine
 10
278.2085840176506
 20
11.494408836907642
 30
0.0
 11
278.26666416059885
 21
11.319031360088216
 31
0.0
  0
LINE
  5
A7D
330
17
100
AcDbEntity
  8
可见轮廓
100
AcDbLine
 10
278.26666416059885
 20
11.319031360088216
 30
0.0
 11
278.32024252682623
 21
11.121320343559647
 31
0.0
  0
LINE
  5
A7E
330
17
100
AcDbEntity
  8
可见轮廓
100
AcDbLine
 10
278.32024252682623
 20
11.121320343559507
 30
0.0
 11
278.36880312737713
 21
10.903179852490808
 31
0.0
  0
LINE
  5
A7F
330
17
100
AcDbEntity
  8
可见轮廓
100
AcDbLine
 10
278.36880312737713
 20
10.903179852490808
 30
0.0
 11
278.41187829712226
 21
10.66671069905869
 31
0.0
  0
LINE
  5
A80
330
17
100
AcDbEntity
  8
可见轮廓
100
AcDbLine
 10
278.41187829712226
 20
10.66671069905869
 30
0.0
 11
278.44905319862966
 21
10.41419021047789
 31
0.0
  0
LINE
  5
A81
330
17
100
AcDbEntity
  8
可见轮廓
100
AcDbLine
 10
278.44905319862966
 20
10.41419021047789
 30
0.0
 11
278.47996981727607
 21
10.148050297095185
 31
0.0
  0
LINE
  5
A82
330
17
100
AcDbEntity
  8
可见轮廓
100
AcDbLine
 10
278.47996981727607
 20
10.148050297095185
 30
0.0
 11
278.50433040912304
 21
9.870854031763324
 31
0.0
  0
LINE
  5
A83
330
17
100
AcDbEntity
  8
可见轮廓
100
AcDbLine
 10
278.50433040912304
 20
9.870854031763324
 30
0.0
 11
278.5219003683543
 21
9.585270966048345
 31
0.0
  0
LINE
  5
A84
330
17
100
AcDbEntity
  8
可见轮廓
100
AcDbLine
 10
278.5219003683543
 20
9.585270966048345
 30
0.0
 11
278.53251048665777
 21
9.294051420988666
 31
0.0
  0
LINE
  5
A85
330
17
100
AcDbEntity
  8
可见轮廓
100
AcDbLine
 10
278.53251048665777
 20
9.294051420988666
 30
0.0
 11
278.53605858279406
 21
9.00000000000001
 31
0.0
  0
LINE
  5
A86
330
17
100
AcDbEntity
  8
可见轮廓
100
AcDbLine
 10
259.2992164775309
 20
2.0
 30
0.0
 11
259.41681112911976
 21
2.0
 31
0.0
  0
LINE
  5
A87
330
17
100
AcDbEntity
  8
可见轮廓
100
AcDbLine
 10
259.41681112911976
 20
2.0
 30
0.0
 11
259.75046487253724
 21
2.0
 31
0.0
  0
LINE
  5
A88
330
17
100
AcDbEntity
  8
可见轮廓
100
AcDbLine
 10
259.75046487253724
 20
2.0
 30
0.0
 11
260.2974135133693
 21
2.0
 31
0.0
  0
LINE
  5
A89
330
17
100
AcDbEntity
  8
可见轮廓
100
AcDbLine
 10
260.2974135133693
 20
2.0
 30
0.0
 11
261.05327803361206
 21
2.0
 31
0.0
  0
LINE
  5
A8A
330
17
100
AcDbEntity
  8
可见轮廓
100
AcDbLine
 10
261.05327803361206
 20
2.0
 30
0.0
 11
262.0281539544795
 21
2.0
 31
0.0
  0
LINE
  5
A8B
330
17
100
AcDbEntity
  8
可见轮廓
100
AcDbLine
 10
262.0281539544795
 20
2.0
 30
0.0
 11
263.1965081837645
 21
2.0
 31
0.0
  0
LINE
  5
A8C
330
17
100
AcDbEntity
  8
可见轮廓
100
AcDbLine
 10
263.1965081837645
 20
2.0
 30
0.0
 11
264.54881359441197
 21
2.0
 31
0.0
  0
LINE
  5
A8D
330
17
100
AcDbEntity
  8
可见轮廓
100
AcDbLine
 10
264.54881359441197
 20
2.0
 30
0.0
 11
266.0741503926383
 21
2.0
 31
0.0
  0
LINE
  5
A8E
330
17
100
AcDbEntity
  8
可见轮廓
100
AcDbLine
 10
266.0741503926383
 20
2.0
 30
0.0
 11
267.8660867542616
 21
2.0
 31
0.0
  0
LINE
  5
A8F
330
17
100
AcDbEntity
  8
可见轮廓
100
AcDbLine
 10
267.8660867542616
 20
2.0
 30
0.0
 11
269.8169579369991
 21
2.0
 31
0.0
  0
LINE
  5
A90
330
17
100
AcDbEntity
  8
可见轮廓
100
AcDbLine
 10
269.8169579369991
 20
2.0
 30
0.0
 11
271.909186747777
 21
2.0
 31
0.0
  0
LINE
  5
A91
330
17
100
AcDbEntity
  8
可见轮廓
100
AcDbLine
 10
271.909186747777
 20
2.0
 30
0.0
 11
274.12401016319006
 21
2.0
 31
0.0
  0
LINE
  5
A92
330
17
100
AcDbEntity
  8
可见轮廓
100
AcDbLine
 10
274.12401016319006
 20
2.0
 30
0.0
 11
276.4479255248367
 21
2.0
 31
0.0
  0
LINE
  5
A93
330
17
100
AcDbEntity
  8
可见轮廓
100
AcDbLine
 10
276.4479255248367
 20
2.0
 30
0.0
 11
278.84957910206003
 21
2.0
 31
0.0
  0
LINE
  5
A94
330
17
100
AcDbEntity
  8
可见轮廓
100
AcDbLine
 10
278.84957910206003
 20
2.0
 30
0.0
 11
281.30736751535113
 21
2.0
 31
0.0
  0
LINE
  5
A95
330
17
100
AcDbEntity
  8
可见轮廓
100
AcDbLine
 10
281.30736751535113
 20
2.0
 30
0.0
 11
283.7992164775309
 21
2.0
 31
0.0
  0
LINE
  5
A96
330
17
100
AcDbEntity
  8
可见轮廓
100
AcDbLine
 10
283.7992164775309
 20
2.0
 30
0.0
 11
283.7992164775309
 21
9.00000000000001
 31
0.0
  0
LINE
  5
A97
330
17
100
AcDbEntity
  8
可见轮廓
100
AcDbLine
 10
285.7992164775309
 20
11.984246007041579
 30
0.0
 11
285.7992164775309
 21
12.0
 31
0.0
  0
LINE
  5
A98
330
17
100
AcDbEntity
  8
可见轮廓
100
AcDbLine
 10
285.7992164775309
 20
11.938961558106692
 30
0.0
 11
285.7992164775309
 21
11.984246007041579
 31
0.0
  0
LINE
  5
A99
330
17
100
AcDbEntity
  8
可见轮廓
100
AcDbLine
 10
285.7992164775309
 20
11.867112948105904
 30
0.0
 11
285.7992164775309
 21
11.938961558106692
 31
0.0
  0
LINE
  5
A9A
330
17
100
AcDbEntity
  8
可见轮廓
100
AcDbLine
 10
285.7992164775309
 20
11.77166647194978
 30
0.0
 11
285.7992164775309
 21
11.867112948105904
 31
0.0
  0
LINE
  5
A9B
330
17
100
AcDbEntity
  8
可见轮廓
100
AcDbLine
 10
285.7992164775309
 20
11.647119963720064
 30
0.0
 11
285.7992164775309
 21
11.77166647194978
 31
0.0
  0
LINE
  5
A9C
330
17
100
AcDbEntity
  8
可见轮廓
100
AcDbLine
 10
285.7992164775309
 20
11.491580042057771
 30
0.0
 11
285.7992164775309
 21
11.647119963720064
 31
0.0
  0
LINE
  5
A9D
330
17
100
AcDbEntity
  8
可见轮廓
100
AcDbLine
 10
285.7992164775309
 20
11.313498153377077
 30
0.0
 11
285.7992164775309
 21
11.491580042057771
 31
0.0
  0
LINE
  5
A9E
330
17
100
AcDbEntity
  8
可见轮廓
100
AcDbLine
 10
285.7992164775309
 20
11.12132575942746
 30
0.0
 11
285.7992164775309
 21
11.313498153377077
 31
0.0
  0
LINE
  5
A9F
330
17
100
AcDbEntity
  8
可见轮廓
100
AcDbLine
 10
285.7992164775309
 20
10.906970267096966
 30
0.0
 11
285.7992164775309
 21
11.12132575942746
 31
0.0
  0
LINE
  5
AA0
330
17
100
AcDbEntity
  8
可见轮廓
100
AcDbLine
 10
285.7992164775309
 20
10.664888134181776
 30
0.0
 11
285.7992164775309
 21
10.906970267096966
 31
0.0
  0
LINE
  5
AA1
330
17
100
AcDbEntity
  8
可见轮廓
100
AcDbLine
 10
285.7992164775309
 20
10.407729650024974
 30
0.0
 11
285.7992164775309
 21
10.664888134181776
 31
0.0
  0
LINE
  5
AA2
330
17
100
AcDbEntity
  8
可见轮廓
100
AcDbLine
 10
285.7992164775309
 20
10.14814514244202
 30
0.0
 11
285.7992164775309
 21
10.407729650024974
 31
0.0
  0
LINE
  5
AA3
330
17
100
AcDbEntity
  8
可见轮廓
100
AcDbLine
 10
285.7992164775309
 20
9.876532698868033
 30
0.0
 11
285.7992164775309
 21
10.14814514244202
 31
0.0
  0
LINE
  5
AA4
330
17
100
AcDbEntity
  8
可见轮廓
100
AcDbLine
 10
285.7992164775309
 20
9.584678080365975
 30
0.0
 11
285.7992164775309
 21
9.876532698868033
 31
0.0
  0
LINE
  5
AA5
330
17
100
AcDbEntity
  8
可见轮廓
100
AcDbLine
 10
285.7992164775309
 20
9.287520694075264
 30
0.0
 11
285.7992164775309
 21
9.584678080365975
 31
0.0
  0
LINE
  5
AA6
330
17
100
AcDbEntity
  8
可见轮廓
100
AcDbLine
 10
285.7992164775309
 20
9.00000000000001
 30
0.0
 11
285.7992164775309
 21
9.287520694075264
 31
0.0
  0
LINE
  5
AA7
330
17
100
AcDbEntity
  8
可见轮廓
100
AcDbLine
 10
291.0623743722677
 20
9.000000000000009
 30
0.0
 11
291.065922468404
 21
9.29405142098869
 31
0.0
  0
LINE
  5
AA8
330
17
100
AcDbEntity
  8
可见轮廓
100
AcDbLine
 10
291.065922468404
 20
9.29405142098869
 30
0.0
 11
291.07653258670746
 21
9.585270966048395
 31
0.0
  0
LINE
  5
AA9
330
17
100
AcDbEntity
  8
可见轮廓
100
AcDbLine
 10
291.07653258670746
 20
9.585270966048395
 30
0.0
 11
291.0941025459387
 21
9.870854031763397
 31
0.0
  0
LINE
  5
AAA
330
17
100
AcDbEntity
  8
可见轮廓
100
AcDbLine
 10
291.0941025459387
 20
9.870854031763397
 30
0.0
 11
291.11846313778574
 21
10.14805029709528
 31
0.0
  0
LINE
  5
AAB
330
17
100
AcDbEntity
  8
可见轮廓
100
AcDbLine
 10
291.11846313778574
 20
10.14805029709528
 30
0.0
 11
291.1493797564321
 21
10.414190210478004
 31
0.0
  0
LINE
  5
AAC
330
17
100
AcDbEntity
  8
可见轮廓
100
AcDbLine
 10
291.1493797564321
 20
10.414190210478004
 30
0.0
 11
291.18655465793955
 21
10.666710699058818
 31
0.0
  0
LINE
  5
AAD
330
17
100
AcDbEntity
  8
可见轮廓
100
AcDbLine
 10
291.18655465793955
 20
10.666710699058818
 30
0.0
 11
291.2296298276847
 21
10.903179852490949
 31
0.0
  0
LINE
  5
AAE
330
17
100
AcDbEntity
  8
可见轮廓
100
AcDbLine
 10
291.2296298276847
 20
10.903179852490949
 30
0.0
 11
291.2781904282355
 21
11.121320343559654
 31
0.0
  0
LINE
  5
AAF
330
17
100
AcDbEntity
  8
可见轮廓
100
AcDbLine
 10
291.2781904282355
 20
11.121320343559658
 30
0.0
 11
291.3317687944629
 21
11.319031360088225
 31
0.0
  0
LINE
  5
AB0
330
17
100
AcDbEntity
  8
可见轮廓
100
AcDbLine
 10
291.3317687944629
 20
11.319031360088225
 30
0.0
 11
291.38984893741116
 21
11.494408836907649
 31
0.0
  0
LINE
  5
AB1
330
17
100
AcDbEntity
  8
可见轮廓
100
AcDbLine
 10
291.38984893741116
 20
11.494408836907649
 30
0.0
 11
291.45187151355384
 21
11.645763793045077
 31
0.0
  0
LINE
  5
AB2
330
17
100
AcDbEntity
  8
可见轮廓
100
AcDbLine
 10
291.45187151355384
 20
11.645763793045077
 30
0.0
 11
291.51723921157765
 21
11.771638597533872
 31
0.0
  0
LINE
  5
AB3
330
17
100
AcDbEntity
  8
可见轮廓
100
AcDbLine
 10
291.51723921157765
 20
11.771638597533872
 30
0.0
 11
291.58532250481704
 21
11.870821007196637
 31
0.0
  0
LINE
  5
AB4
330
17
100
AcDbEntity
  8
可见轮廓
100
AcDbLine
 10
291.58532250481704
 20
11.870821007196637
 30
0.0
 11
291.65546571394003
 21
11.942355841209702
 31
0.0
  0
LINE
  5
AB5
330
17
100
AcDbEntity
  8
可见轮廓
100
AcDbLine
 10
291.65546571394003
 20
11.942355841209702
 30
0.0
 11
291.7269933214986
 21
11.9855541800166
 31
0.0
  0
LINE
  5
AB6
330
17
100
AcDbEntity
  8
可见轮廓
100
AcDbLine
 10
291.7269933214986
 20
11.9855541800166
 30
0.0
 11
291.7992164775309
 21
12.00000000000001
 31
0.0
  0
LINE
  5
AB7
330
17
100
AcDbEntity
  8
可见轮廓
100
AcDbLine
 10
295.4212397769649
 20
11.499999974927112
 30
0.0
 11
295.58927247772436
 21
11.777727447601203
 31
0.0
  0
LINE
  5
AB8
330
17
100
AcDbEntity
  8
可见轮廓
100
AcDbLine
 10
295.58927247772436
 20
11.777727447601203
 30
0.0
 11
295.74383663884663
 21
12.06687365792893
 31
0.0
  0
LINE
  5
AB9
330
17
100
AcDbEntity
  8
可见轮廓
100
AcDbLine
 10
295.74383663884663
 20
12.06687365792893
 30
0.0
 11
295.88431868906673
 21
12.366518818494873
 31
0.0
  0
LINE
  5
ABA
330
17
100
AcDbEntity
  8
可见轮廓
100
AcDbLine
 10
295.88431868906673
 20
12.366518818494873
 30
0.0
 11
296.0101036153274
 21
12.675701568554185
 31
0.0
  0
LINE
  5
ABB
330
17
100
AcDbEntity
  8
可见轮廓
100
AcDbLine
 10
296.0101036153274
 20
12.675701568554185
 30
0.0
 11
296.12057640457147
 21
12.993460547362057
 31
0.0
  0
LINE
  5
ABC
330
17
100
AcDbEntity
  8
可见轮廓
100
AcDbLine
 10
296.12057640457147
 20
12.993460547362057
 30
0.0
 11
296.21512204374164
 21
13.318834394173653
 31
0.0
  0
LINE
  5
ABD
330
17
100
AcDbEntity
  8
可见轮廓
100
AcDbLine
 10
296.21512204374164
 20
13.318834394173653
 30
0.0
 11
296.29312551978074
 21
13.650861748244138
 31
0.0
  0
LINE
  5
ABE
330
17
100
AcDbEntity
  8
可见轮廓
100
AcDbLine
 10
296.29312551978074
 20
13.650861748244138
 30
0.0
 11
296.35397181963157
 21
13.9885812488287
 31
0.0
  0
LINE
  5
ABF
330
17
100
AcDbEntity
  8
可见轮廓
100
AcDbLine
 10
296.1716655059928
 20
14.00858865327199
 30
0.0
 11
296.35397181963157
 21
13.9885812488287
 31
0.0
  0
LINE
  5
AC0
330
17
100
AcDbEntity
  8
可见轮廓
100
AcDbLine
 10
295.9971408662495
 20
14.028865312946369
 30
0.0
 11
296.1716655059928
 21
14.00858865327199
 31
0.0
  0
LINE
  5
AC1
330
17
100
AcDbEntity
  8
可见轮廓
100
AcDbLine
 10
295.8309928157579
 20
14.049346730618208
 30
0.0
 11
295.9971408662495
 21
14.028865312946369
 31
0.0
  0
LINE
  5
AC2
330
17
100
AcDbEntity
  8
可见轮廓
100
AcDbLine
 10
295.67381584089816
 20
14.069968446136414
 30
0.0
 11
295.8309928157579
 21
14.049346730618208
 31
0.0
  0
LINE
  5
AC3
330
17
100
AcDbEntity
  8
可见轮廓
100
AcDbLine
 10
295.5262044280502
 20
14.090665999349895
 30
0.0
 11
295.67381584089816
 21
14.069968446136414
 31
0.0
  0
LINE
  5
AC4
330
17
100
AcDbEntity
  8
可见轮廓
100
AcDbLine
 10
295.38897593798515
 20
14.111339230562765
 30
0.0
 11
295.5262044280502
 21
14.090665999349895
 31
0.0
  0
LINE
  5
AC5
330
17
100
AcDbEntity
  8
可见轮廓
100
AcDbLine
 10
295.263182685262
 20
14.131816239793098
 30
0.0
 11
295.38897593798515
 21
14.111339230562765
 31
0.0
  0
LINE
  5
AC6
330
17
100
AcDbEntity
  8
可见轮廓
100
AcDbLine
 10
295.1492546211843
 20
14.151992389120991
 30
0.0
 11
295.263182685262
 21
14.131816239793098
 31
0.0
  0
LINE
  5
AC7
330
17
100
AcDbEntity
  8
可见轮廓
100
AcDbLine
 10
295.13376793607387
 20
14.15488244446105
 30
0.0
 11
295.1492546211843
 21
14.151992389120991
 31
0.0
  0
LINE
  5
AC8
330
17
100
AcDbEntity
  8
可见轮廓
100
AcDbLine
 10
295.1185395692437
 20
14.157763775098518
 30
0.0
 11
295.13376793607387
 21
14.15488244446105
 31
0.0
  0
LINE
  5
AC9
330
17
100
AcDbEntity
  8
可见轮廓
100
AcDbLine
 10
295.04631515006656
 20
14.172028850982874
 30
0.0
 11
295.06023365087964
 21
14.169195732471557
 31
0.0
  0
LINE
  5
ACA
330
17
100
AcDbEntity
  8
可见轮廓
100
AcDbLine
 10
295.0326622773801
 20
14.174851409346322
 30
0.0
 11
295.04631515006656
 21
14.172028850982874
 31
0.0
  0
LINE
  5
ACB
330
17
100
AcDbEntity
  8
可见轮廓
100
AcDbLine
 10
294.894331605051
 20
14.206660879592013
 30
0.0
 11
294.9588927885641
 21
14.190971518105098
 31
0.0
  0
LINE
  5
ACC
330
17
100
AcDbEntity
  8
可见轮廓
100
AcDbLine
 10
294.83940292101073
 20
14.221788578751207
 30
0.0
 11
294.894331605051
 21
14.206660879592013
 31
0.0
  0
LINE
  5
ACD
330
17
100
AcDbEntity
  8
可见轮廓
100
AcDbLine
 10
294.7942622356151
 20
14.236262919876477
 30
0.0
 11
294.83940292101073
 21
14.221788578751207
 31
0.0
  0
LINE
  5
ACE
330
17
100
AcDbEntity
  8
可见轮廓
100
AcDbLine
 10
294.7589983141879
 20
14.25000733185738
 30
0.0
 11
294.7942622356151
 21
14.236262919876477
 31
0.0
  0
LINE
  5
ACF
330
17
100
AcDbEntity
  8
可见轮廓
100
AcDbLine
 10
294.733699922053
 20
14.262945243583475
 30
0.0
 11
294.7589983141879
 21
14.25000733185738
 31
0.0
  0
LINE
  5
AD0
330
17
100
AcDbEntity
  8
可见轮廓
100
AcDbLine
 10
294.7184558245341
 20
14.275000083944319
 30
0.0
 11
294.733699922053
 21
14.262945243583475
 31
0.0
  0
LINE
  5
AD1
330
17
100
AcDbEntity
  8
可见轮廓
100
AcDbLine
 10
277.7992164775309
 20
36.0
 30
0.0
 11
280.7992164775309
 21
36.0
 31
0.0
  0
LINE
  5
AD2
330
17
100
AcDbEntity
  8
可见轮廓
100
AcDbLine
 10
280.7992164775309
 20
36.0
 30
0.0
 11
283.7992164775309
 21
36.0
 31
0.0
  0
LINE
  5
AD3
330
17
100
AcDbEntity
  8
可见轮廓
100
AcDbLine
 10
283.7992164775309
 20
12.0
 30
0.0
 11
283.7992164775309
 21
12.129258603001938
 31
0.0
  0
LINE
  5
AD4
330
17
100
AcDbEntity
  8
可见轮廓
100
AcDbLine
 10
283.7992164775309
 20
12.129258603001938
 30
0.0
 11
283.7992164775309
 21
12.494481421087016
 31
0.0
  0
LINE
  5
AD5
330
17
100
AcDbEntity
  8
可见轮廓
100
AcDbLine
 10
283.7992164775309
 20
12.494481421087016
 30
0.0
 11
283.7992164775309
 21
13.088599796799464
 31
0.0
  0
LINE
  5
AD6
330
17
100
AcDbEntity
  8
可见轮廓
100
AcDbLine
 10
283.7992164775309
 20
13.088599796799464
 30
0.0
 11
283.7992164775309
 21
13.900495061638194
 31
0.0
  0
LINE
  5
AD7
330
17
100
AcDbEntity
  8
可见轮廓
100
AcDbLine
 10
283.7992164775309
 20
13.900495061638194
 30
0.0
 11
283.7992164775309
 21
14.929964976367321
 31
0.0
  0
LINE
  5
AD8
330
17
100
AcDbEntity
  8
可见轮廓
100
AcDbLine
 10
283.7992164775309
 20
14.929964976367321
 30
0.0
 11
283.7992164775309
 21
16.138844961221643
 31
0.0
  0
LINE
  5
AD9
330
17
100
AcDbEntity
  8
可见轮廓
100
AcDbLine
 10
283.7992164775309
 20
16.138844961221643
 30
0.0
 11
283.7992164775309
 21
17.50411802421973
 31
0.0
  0
LINE
  5
ADA
330
17
100
AcDbEntity
  8
可见轮廓
100
AcDbLine
 10
283.7992164775309
 20
17.50411802421973
 30
0.0
 11
283.7992164775309
 21
19.000000000000004
 31
0.0
  0
LINE
  5
ADB
330
17
100
AcDbEntity
  8
可见轮廓
100
AcDbLine
 10
283.7992164775309
 20
19.000000000000004
 30
0.0
 11
283.7992164775309
 21
19.59336297376978
 31
0.0
  0
LINE
  5
ADC
330
17
100
AcDbEntity
  8
可见轮廓
100
AcDbLine
 10
283.7992164775309
 20
19.59336297376978
 30
0.0
 11
283.7992164775309
 21
20.199100792955104
 31
0.0
  0
LINE
  5
ADD
330
17
100
AcDbEntity
  8
可见轮廓
100
AcDbLine
 10
283.7992164775309
 20
20.199100792955104
 30
0.0
 11
283.7992164775309
 21
20.815581780653616
 31
0.0
  0
LINE
  5
ADE
330
17
100
AcDbEntity
  8
可见轮廓
100
AcDbLine
 10
283.7992164775309
 20
20.815581780653616
 30
0.0
 11
283.7992164775309
 21
21.441147266413
 31
0.0
  0
LINE
  5
ADF
330
17
100
AcDbEntity
  8
可见轮廓
100
AcDbLine
 10
283.7992164775309
 20
21.441147266413
 30
0.0
 11
283.7992164775309
 21
22.074547539192757
 31
0.0
  0
LINE
  5
AE0
330
17
100
AcDbEntity
  8
可见轮廓
100
AcDbLine
 10
283.7992164775309
 20
22.074547539192757
 30
0.0
 11
283.7992164775309
 21
22.713304562368425
 31
0.0
  0
LINE
  5
AE1
330
17
100
AcDbEntity
  8
可见轮廓
100
AcDbLine
 10
283.7992164775309
 20
22.713304562368425
 30
0.0
 11
283.7992164775309
 21
23.355698405453957
 31
0.0
  0
LINE
  5
AE2
330
17
100
AcDbEntity
  8
可见轮廓
100
AcDbLine
 10
283.7992164775309
 20
23.355698405453957
 30
0.0
 11
283.7992164775309
 21
24.00000000000002
 31
0.0
  0
LINE
  5
AE3
330
17
100
AcDbEntity
  8
可见轮廓
100
AcDbLine
 10
283.7992164775309
 20
26.338581833916653
 30
0.0
 11
283.7992164775309
 21
24.00000000000002
 31
0.0
  0
LINE
  5
AE4
330
17
100
AcDbEntity
  8
可见轮廓
100
AcDbLine
 10
283.7992164775309
 20
28.584976806436142
 30
0.0
 11
283.7992164775309
 21
26.338581833916653
 31
0.0
  0
LINE
  5
AE5
330
17
100
AcDbEntity
  8
可见轮廓
100
AcDbLine
 10
283.7992164775309
 20
28.584976806436142
 30
0.0
 11
283.7992164775309
 21
30.658758094213926
 31
0.0
  0
LINE
  5
AE6
330
17
100
AcDbEntity
  8
可见轮廓
100
AcDbLine
 10
283.7992164775309
 20
32.48528137423823
 30
0.0
 11
283.7992164775309
 21
30.658758094213926
 31
0.0
  0
LINE
  5
AE7
330
17
100
AcDbEntity
  8
可见轮廓
100
AcDbLine
 10
283.7992164775309
 20
33.966012240458305
 30
0.0
 11
283.7992164775309
 21
32.48528137423823
 31
0.0
  0
LINE
  5
AE8
330
17
100
AcDbEntity
  8
可见轮廓
100
AcDbLine
 10
283.7992164775309
 20
35.069113189264435
 30
0.0
 11
283.7992164775309
 21
33.966012240458305
 31
0.0
  0
LINE
  5
AE9
330
17
100
AcDbEntity
  8
可见轮廓
100
AcDbLine
 10
283.7992164775309
 20
35.75548783931597
 30
0.0
 11
283.7992164775309
 21
35.069113189264435
 31
0.0
  0
LINE
  5
AEA
330
17
100
AcDbEntity
  8
可见轮廓
100
AcDbLine
 10
283.7992164775309
 20
36.0
 30
0.0
 11
283.7992164775309
 21
35.75548783931597
 31
0.0
  0
LINE
  5
AEB
330
17
100
AcDbEntity
  8
可见轮廓
100
AcDbLine
 10
285.7992164775309
 20
36.0
 30
0.0
 11
288.7992164775309
 21
36.0
 31
0.0
  0
LINE
  5
AEC
330
17
100
AcDbEntity
  8
可见轮廓
100
AcDbLine
 10
288.7992164775309
 20
36.0
 30
0.0
 11
291.7992164775309
 21
36.0
 31
0.0
  0
LINE
  5
AED
330
17
100
AcDbEntity
  8
可见轮廓
100
AcDbLine
 10
274.7992164775309
 20
32.99782155691894
 30
0.0
 11
274.7992164775309
 21
33.000000000000014
 31
0.0
  0
LINE
  5
AEE
330
17
100
AcDbEntity
  8
可见轮廓
100
AcDbLine
 10
274.7992164775309
 20
32.94860226843177
 30
0.0
 11
274.7992164775309
 21
32.9671742181813
 31
0.0
  0
LINE
  5
AEF
330
17
100
AcDbEntity
  8
可见轮廓
100
AcDbLine
 10
274.7992164775309
 20
32.926031930589815
 30
0.0
 11
274.7992164775309
 21
32.94860226843177
 31
0.0
  0
LINE
  5
AF0
330
17
100
AcDbEntity
  8
可见轮廓
100
AcDbLine
 10
274.7992164775309
 20
32.45907666217563
 30
0.0
 11
274.7992164775309
 21
32.868936324270216
 31
0.0
  0
LINE
  5
AF1
330
17
100
AcDbEntity
  8
可见轮廓
100
AcDbLine
 10
274.7992164775309
 20
31.796809660234505
 30
0.0
 11
274.7992164775309
 21
32.45907666217563
 31
0.0
  0
LINE
  5
AF2
330
17
100
AcDbEntity
  8
可见轮廓
100
AcDbLine
 10
274.7992164775309
 20
30.90124658852737
 30
0.0
 11
274.7992164775309
 21
31.796809660234505
 31
0.0
  0
LINE
  5
AF3
330
17
100
AcDbEntity
  8
可见轮廓
100
AcDbLine
 10
274.7992164775309
 20
29.79770893465356
 30
0.0
 11
274.7992164775309
 21
30.90124658852737
 31
0.0
  0
LINE
  5
AF4
330
17
100
AcDbEntity
  8
可见轮廓
100
AcDbLine
 10
274.7992164775309
 20
28.506356261719237
 30
0.0
 11
274.7992164775309
 21
29.79770893465356
 31
0.0
  0
LINE
  5
AF5
330
17
100
AcDbEntity
  8
可见轮廓
100
AcDbLine
 10
274.7992164775309
 20
27.08207038698425
 30
0.0
 11
274.7992164775309
 21
28.506356261719237
 31
0.0
  0
LINE
  5
AF6
330
17
100
AcDbEntity
  8
可见轮廓
100
AcDbLine
 10
274.7992164775309
 20
25.56556282936109
 30
0.0
 11
274.7992164775309
 21
27.08207038698425
 31
0.0
  0
LINE
  5
AF7
330
17
100
AcDbEntity
  8
可见轮廓
100
AcDbLine
 10
274.7992164775309
 20
23.999999999999634
 30
0.0
 11
274.7992164775309
 21
25.56556282936109
 31
0.0
  0
LINE
  5
AF8
330
17
100
AcDbEntity
  8
可见轮廓
100
AcDbLine
 10
274.7992164775309
 20
22.434437170638283
 30
0.0
 11
274.7992164775309
 21
23.999999999999634
 31
0.0
  0
LINE
  5
AF9
330
17
100
AcDbEntity
  8
可见轮廓
100
AcDbLine
 10
274.7992164775309
 20
20.917929613015232
 30
0.0
 11
274.7992164775309
 21
22.434437170638283
 31
0.0
  0
LINE
  5
AFA
330
17
100
AcDbEntity
  8
可见轮廓
100
AcDbLine
 10
274.7992164775309
 20
19.493643738280372
 30
0.0
 11
274.7992164775309
 21
20.917929613015232
 31
0.0
  0
LINE
  5
AFB
330
17
100
AcDbEntity
  8
可见轮廓
100
AcDbLine
 10
274.7992164775309
 20
18.20229106534616
 30
0.0
 11
274.7992164775309
 21
19.493643738280372
 31
0.0
  0
LINE
  5
AFC
330
17
100
AcDbEntity
  8
可见轮廓
100
AcDbLine
 10
274.7992164775309
 20
17.09875341147245
 30
0.0
 11
274.7992164775309
 21
18.20229106534616
 31
0.0
  0
LINE
  5
AFD
330
17
100
AcDbEntity
  8
可见轮廓
100
AcDbLine
 10
274.7992164775309
 20
16.203190339765406
 30
0.0
 11
274.7992164775309
 21
17.09875341147245
 31
0.0
  0
LINE
  5
AFE
330
17
100
AcDbEntity
  8
可见轮廓
100
AcDbLine
 10
274.7992164775309
 20
15.540923337824333
 30
0.0
 11
274.7992164775309
 21
16.203190339765406
 31
0.0
  0
LINE
  5
AFF
330
17
100
AcDbEntity
  8
可见轮廓
100
AcDbLine
 10
274.7992164775309
 20
15.131063675729784
 30
0.0
 11
274.7992164775309
 21
15.540923337824333
 31
0.0
  0
LINE
  5
B00
330
17
100
AcDbEntity
  8
可见轮廓
100
AcDbLine
 10
274.7992164775309
 20
15.100527133032308
 30
0.0
 11
274.7992164775309
 21
15.131063675729784
 31
0.0
  0
LINE
  5
B01
330
17
100
AcDbEntity
  8
可见轮廓
100
AcDbLine
 10
274.7992164775309
 20
15.032825781818701
 30
0.0
 11
274.7992164775309
 21
15.05139773156823
 31
0.0
  0
LINE
  5
B02
330
17
100
AcDbEntity
  8
可见轮廓
100
AcDbLine
 10
274.7992164775309
 20
15.018594827320763
 30
0.0
 11
274.7992164775309
 21
15.032825781818701
 31
0.0
  0
LINE
  5
B03
330
17
100
AcDbEntity
  8
可见轮廓
100
AcDbLine
 10
294.7992164775309
 20
14.99999999999999
 30
0.0
 11
294.7992164775309
 21
15.003971142095947
 31
0.0
  0
LINE
  5
B04
330
17
100
AcDbEntity
  8
可见轮廓
100
AcDbLine
 10
294.7992164775309
 20
15.033888420184056
 30
0.0
 11
294.7992164775309
 21
15.059811345299977
 31
0.0
  0
LINE
  5
B05
330
17
100
AcDbEntity
  8
可见轮廓
100
AcDbLine
 10
294.7992164775309
 20
15.059811345299977
 30
0.0
 11
294.7992164775309
 21
15.093623772529785
 31
0.0
  0
LINE
  5
B06
330
17
100
AcDbEntity
  8
可见轮廓
100
AcDbLine
 10
294.7992164775309
 20
15.1346899945525
 30
0.0
 11
294.7992164775309
 21
15.182977963982964
 31
0.0
  0
LINE
  5
B07
330
17
100
AcDbEntity
  8
可见轮廓
100
AcDbLine
 10
294.7992164775309
 20
15.182977963982964
 30
0.0
 11
294.7992164775309
 21
15.23845040408292
 31
0.0
  0
LINE
  5
B08
330
17
100
AcDbEntity
  8
可见轮廓
100
AcDbLine
 10
294.7992164775309
 20
15.23845040408292
 30
0.0
 11
294.7992164775309
 21
15.711383474389212
 31
0.0
  0
LINE
  5
B09
330
17
100
AcDbEntity
  8
可见轮廓
100
AcDbLine
 10
294.7992164775309
 20
15.711383474389212
 30
0.0
 11
294.7992164775309
 21
16.410910710514507
 31
0.0
  0
LINE
  5
B0A
330
17
100
AcDbEntity
  8
可见轮廓
100
AcDbLine
 10
294.7992164775309
 20
16.410910710514507
 30
0.0
 11
294.7992164775309
 21
17.318565242611495
 31
0.0
  0
LINE
  5
B0B
330
17
100
AcDbEntity
  8
可见轮廓
100
AcDbLine
 10
294.7992164775309
 20
17.318565242611495
 30
0.0
 11
294.7992164775309
 21
18.410802733714796
 31
0.0
  0
LINE
  5
B0C
330
17
100
AcDbEntity
  8
可见轮廓
100
AcDbLine
 10
294.7992164775309
 20
18.410802733714796
 30
0.0
 11
294.7992164775309
 21
19.66899722494321
 31
0.0
  0
LINE
  5
B0D
330
17
100
AcDbEntity
  8
可见轮廓
100
AcDbLine
 10
294.7992164775309
 20
19.66899722494321
 30
0.0
 11
294.7992164775309
 21
21.044271108836394
 31
0.0
  0
LINE
  5
B0E
330
17
100
AcDbEntity
  8
可见轮廓
100
AcDbLine
 10
294.7992164775309
 20
21.044271108836394
 30
0.0
 11
294.7992164775309
 21
22.50060450307105
 31
0.0
  0
LINE
  5
B0F
330
17
100
AcDbEntity
  8
可见轮廓
100
AcDbLine
 10
294.7992164775309
 20
22.50060450307105
 30
0.0
 11
294.7992164775309
 21
24.0
 31
0.0
  0
LINE
  5
B10
330
17
100
AcDbEntity
  8
可见轮廓
100
AcDbLine
 10
294.7992164775309
 20
24.0
 30
0.0
 11
294.7992164775309
 21
25.49939549692895
 31
0.0
  0
LINE
  5
B11
330
17
100
AcDbEntity
  8
可见轮廓
100
AcDbLine
 10
294.7992164775309
 20
25.49939549692895
 30
0.0
 11
294.7992164775309
 21
26.955728891163606
 31
0.0
  0
LINE
  5
B12
330
17
100
AcDbEntity
  8
可见轮廓
100
AcDbLine
 10
294.7992164775309
 20
26.955728891163606
 30
0.0
 11
294.7992164775309
 21
28.331002775056792
 31
0.0
  0
LINE
  5
B13
330
17
100
AcDbEntity
  8
可见轮廓
100
AcDbLine
 10
294.7992164775309
 20
28.331002775056792
 30
0.0
 11
294.7992164775309
 21
29.589197266285204
 31
0.0
  0
LINE
  5
B14
330
17
100
AcDbEntity
  8
可见轮廓
100
AcDbLine
 10
294.7992164775309
 20
29.589197266285204
 30
0.0
 11
294.7992164775309
 21
30.681434757388505
 31
0.0
  0
LINE
  5
B15
330
17
100
AcDbEntity
  8
可见轮廓
100
AcDbLine
 10
294.7992164775309
 20
30.681434757388505
 30
0.0
 11
294.7992164775309
 21
31.589089289485496
 31
0.0
  0
LINE
  5
B16
330
17
100
AcDbEntity
  8
可见轮廓
100
AcDbLine
 10
294.7992164775309
 20
31.589089289485496
 30
0.0
 11
294.7992164775309
 21
32.28861652561079
 31
0.0
  0
LINE
  5
B17
330
17
100
AcDbEntity
  8
可见轮廓
100
AcDbLine
 10
294.7992164775309
 20
32.28861652561079
 30
0.0
 11
294.7992164775309
 21
32.761549595917074
 31
0.0
  0
LINE
  5
B18
330
17
100
AcDbEntity
  8
可见轮廓
100
AcDbLine
 10
294.7992164775309
 20
32.761549595917074
 30
0.0
 11
294.7992164775309
 21
32.817022036017015
 31
0.0
  0
LINE
  5
B19
330
17
100
AcDbEntity
  8
可见轮廓
100
AcDbLine
 10
294.7992164775309
 20
32.817022036017015
 30
0.0
 11
294.7992164775309
 21
32.865310005447455
 31
0.0
  0
LINE
  5
B1A
330
17
100
AcDbEntity
  8
可见轮廓
100
AcDbLine
 10
294.7992164775309
 20
32.865310005447455
 30
0.0
 11
294.7992164775309
 21
32.90637622747016
 31
0.0
  0
LINE
  5
B1B
330
17
100
AcDbEntity
  8
可见轮廓
100
AcDbLine
 10
294.7992164775309
 20
32.940188654699966
 30
0.0
 11
294.7992164775309
 21
32.96611157981589
 31
0.0
  0
LINE
  5
B1C
330
17
100
AcDbEntity
  8
可见轮廓
100
AcDbLine
 10
294.7992164775309
 20
32.96611157981589
 30
0.0
 11
294.7992164775309
 21
32.98472973266242
 31
0.0
  0
LINE
  5
B1D
330
17
100
AcDbEntity
  8
可见轮廓
100
AcDbLine
 10
285.7992164775309
 20
12.0
 30
0.0
 11
288.7992164775309
 21
12.0
 31
0.0
  0
LINE
  5
B1E
330
17
100
AcDbEntity
  8
可见轮廓
100
AcDbLine
 10
288.7992164775309
 20
12.0
 30
0.0
 11
291.7992164775309
 21
12.0
 31
0.0
  0
LINE
  5
B1F
330
17
100
AcDbEntity
  8
可见轮廓
100
AcDbLine
 10
285.7992164775309
 20
36.0
 30
0.0
 11
285.7992164775309
 21
35.75548783931597
 31
0.0
  0
LINE
  5
B20
330
17
100
AcDbEntity
  8
可见轮廓
100
AcDbLine
 10
285.7992164775309
 20
35.75548783931597
 30
0.0
 11
285.7992164775309
 21
35.069113189264435
 31
0.0
  0
LINE
  5
B21
330
17
100
AcDbEntity
  8
可见轮廓
100
AcDbLine
 10
285.7992164775309
 20
35.069113189264435
 30
0.0
 11
285.7992164775309
 21
33.9660122404583
 31
0.0
  0
LINE
  5
B22
330
17
100
AcDbEntity
  8
可见轮廓
100
AcDbLine
 10
285.7992164775309
 20
33.9660122404583
 30
0.0
 11
285.7992164775309
 21
32.48528137423821
 31
0.0
  0
LINE
  5
B23
330
17
100
AcDbEntity
  8
可见轮廓
100
AcDbLine
 10
285.7992164775309
 20
32.48528137423821
 30
0.0
 11
285.7992164775309
 21
30.658758094213916
 31
0.0
  0
LINE
  5
B24
330
17
100
AcDbEntity
  8
可见轮廓
100
AcDbLine
 10
285.7992164775309
 20
30.658758094213916
 30
0.0
 11
285.7992164775309
 21
28.584976806436107
 31
0.0
  0
LINE
  5
B25
330
17
100
AcDbEntity
  8
可见轮廓
100
AcDbLine
 10
285.7992164775309
 20
26.338581833916617
 30
0.0
 11
285.7992164775309
 21
28.584976806436107
 31
0.0
  0
LINE
  5
B26
330
17
100
AcDbEntity
  8
可见轮廓
100
AcDbLine
 10
285.7992164775309
 20
23.999999999999986
 30
0.0
 11
285.7992164775309
 21
26.338581833916617
 31
0.0
  0
LINE
  5
B27
330
17
100
AcDbEntity
  8
可见轮廓
100
AcDbLine
 10
285.7992164775309
 20
23.35569840545392
 30
0.0
 11
285.7992164775309
 21
23.999999999999986
 31
0.0
  0
LINE
  5
B28
330
17
100
AcDbEntity
  8
可见轮廓
100
AcDbLine
 10
285.7992164775309
 20
22.713304562368386
 30
0.0
 11
285.7992164775309
 21
23.35569840545392
 31
0.0
  0
LINE
  5
B29
330
17
100
AcDbEntity
  8
可见轮廓
100
AcDbLine
 10
285.7992164775309
 20
22.074547539192743
 30
0.0
 11
285.7992164775309
 21
22.713304562368386
 31
0.0
  0
LINE
  5
B2A
330
17
100
AcDbEntity
  8
可见轮廓
100
AcDbLine
 10
285.7992164775309
 20
21.441147266412987
 30
0.0
 11
285.7992164775309
 21
22.074547539192743
 31
0.0
  0
LINE
  5
B2B
330
17
100
AcDbEntity
  8
可见轮廓
100
AcDbLine
 10
285.7992164775309
 20
20.815581780653602
 30
0.0
 11
285.7992164775309
 21
21.441147266412987
 31
0.0
  0
LINE
  5
B2C
330
17
100
AcDbEntity
  8
可见轮廓
100
AcDbLine
 10
285.7992164775309
 20
20.199100792955107
 30
0.0
 11
285.7992164775309
 21
20.815581780653602
 31
0.0
  0
LINE
  5
B2D
330
17
100
AcDbEntity
  8
可见轮廓
100
AcDbLine
 10
285.7992164775309
 20
19.593362973769782
 30
0.0
 11
285.7992164775309
 21
20.199100792955107
 31
0.0
  0
LINE
  5
B2E
330
17
100
AcDbEntity
  8
可见轮廓
100
AcDbLine
 10
285.7992164775309
 20
19.000000000000007
 30
0.0
 11
285.7992164775309
 21
19.593362973769782
 31
0.0
  0
LINE
  5
B2F
330
17
100
AcDbEntity
  8
可见轮廓
100
AcDbLine
 10
285.7992164775309
 20
17.504118024219732
 30
0.0
 11
285.7992164775309
 21
19.000000000000007
 31
0.0
  0
LINE
  5
B30
330
17
100
AcDbEntity
  8
可见轮廓
100
AcDbLine
 10
285.7992164775309
 20
16.13884496122165
 30
0.0
 11
285.7992164775309
 21
17.504118024219732
 31
0.0
  0
LINE
  5
B31
330
17
100
AcDbEntity
  8
可见轮廓
100
AcDbLine
 10
285.7992164775309
 20
14.929964976367327
 30
0.0
 11
285.7992164775309
 21
16.13884496122165
 31
0.0
  0
LINE
  5
B32
330
17
100
AcDbEntity
  8
可见轮廓
100
AcDbLine
 10
285.7992164775309
 20
13.900495061638198
 30
0.0
 11
285.7992164775309
 21
14.929964976367327
 31
0.0
  0
LINE
  5
B33
330
17
100
AcDbEntity
  8
可见轮廓
100
AcDbLine
 10
285.7992164775309
 20
13.088599796799464
 30
0.0
 11
285.7992164775309
 21
13.900495061638198
 31
0.0
  0
LINE
  5
B34
330
17
100
AcDbEntity
  8
可见轮廓
100
AcDbLine
 10
285.7992164775309
 20
12.494481421087018
 30
0.0
 11
285.7992164775309
 21
13.088599796799464
 31
0.0
  0
LINE
  5
B35
330
17
100
AcDbEntity
  8
可见轮廓
100
AcDbLine
 10
285.7992164775309
 20
12.12925860300194
 30
0.0
 11
285.7992164775309
 21
12.494481421087018
 31
0.0
  0
LINE
  5
B36
330
17
100
AcDbEntity
  8
可见轮廓
100
AcDbLine
 10
285.7992164775309
 20
12.0
 30
0.0
 11
285.7992164775309
 21
12.12925860300194
 31
0.0
  0
LINE
  5
B37
330
17
100
AcDbEntity
  8
可见轮廓
100
AcDbLine
 10
285.7992164775309
 20
2.0
 30
0.0
 11
285.7992164775309
 21
9.00000000000001
 31
0.0
  0
LINE
  5
B38
330
17
100
AcDbEntity
  8
可见轮廓
100
AcDbLine
 10
285.7992164775309
 20
2.0
 30
0.0
 11
288.2910654397106
 21
2.0
 31
0.0
  0
LINE
  5
B39
330
17
100
AcDbEntity
  8
可见轮廓
100
AcDbLine
 10
288.2910654397106
 20
2.0
 30
0.0
 11
290.7488538530017
 21
2.0
 31
0.0
  0
LINE
  5
B3A
330
17
100
AcDbEntity
  8
可见轮廓
100
AcDbLine
 10
290.7488538530017
 20
2.0
 30
0.0
 11
293.15050743022505
 21
2.0
 31
0.0
  0
LINE
  5
B3B
330
17
100
AcDbEntity
  8
可见轮廓
100
AcDbLine
 10
293.15050743022505
 20
2.0
 30
0.0
 11
295.4744227918717
 21
2.0
 31
0.0
  0
LINE
  5
B3C
330
17
100
AcDbEntity
  8
可见轮廓
100
AcDbLine
 10
295.4744227918717
 20
2.0
 30
0.0
 11
297.68924620728467
 21
2.0
 31
0.0
  0
LINE
  5
B3D
330
17
100
AcDbEntity
  8
可见轮廓
100
AcDbLine
 10
297.68924620728467
 20
2.0
 30
0.0
 11
299.7814750180627
 21
2.0
 31
0.0
  0
LINE
  5
B3E
330
17
100
AcDbEntity
  8
可见轮廓
100
AcDbLine
 10
299.7814750180627
 20
2.0
 30
0.0
 11
301.7323462008001
 21
2.0
 31
0.0
  0
LINE
  5
B3F
330
17
100
AcDbEntity
  8
可见轮廓
100
AcDbLine
 10
301.7323462008001
 20
2.0
 30
0.0
 11
303.5242825624234
 21
2.0
 31
0.0
  0
LINE
  5
B40
330
17
100
AcDbEntity
  8
可见轮廓
100
AcDbLine
 10
303.5242825624234
 20
2.0
 30
0.0
 11
305.0496193606498
 21
2.0
 31
0.0
  0
LINE
  5
B41
330
17
100
AcDbEntity
  8
可见轮廓
100
AcDbLine
 10
305.0496193606498
 20
2.0
 30
0.0
 11
306.4019247712973
 21
2.0
 31
0.0
  0
LINE
  5
B42
330
17
100
AcDbEntity
  8
可见轮廓
100
AcDbLine
 10
306.4019247712973
 20
2.0
 30
0.0
 11
307.5702790005823
 21
2.0
 31
0.0
  0
LINE
  5
B43
330
17
100
AcDbEntity
  8
可见轮廓
100
AcDbLine
 10
307.5702790005823
 20
2.0
 30
0.0
 11
308.5451549214497
 21
2.0
 31
0.0
  0
LINE
  5
B44
330
17
100
AcDbEntity
  8
可见轮廓
100
AcDbLine
 10
308.5451549214497
 20
2.0
 30
0.0
 11
309.30101944169246
 21
2.0
 31
0.0
  0
LINE
  5
B45
330
17
100
AcDbEntity
  8
可见轮廓
100
AcDbLine
 10
309.30101944169246
 20
2.0
 30
0.0
 11
309.8479680825245
 21
2.0
 31
0.0
  0
LINE
  5
B46
330
17
100
AcDbEntity
  8
可见轮廓
100
AcDbLine
 10
309.8479680825245
 20
2.0
 30
0.0
 11
310.181621825942
 21
2.0
 31
0.0
  0
LINE
  5
B47
330
17
100
AcDbEntity
  8
可见轮廓
100
AcDbLine
 10
310.181621825942
 20
2.0
 30
0.0
 11
310.2992164775309
 21
2.0
 31
0.0
  0
LINE
  5
B48
330
17
100
AcDbEntity
  8
可见轮廓
100
AcDbLine
 10
277.7992164775309
 20
12.0
 30
0.0
 11
280.7992164775309
 21
12.0
 31
0.0
  0
LINE
  5
B49
330
17
100
AcDbEntity
  8
可见轮廓
100
AcDbLine
 10
280.7992164775309
 20
12.0
 30
0.0
 11
283.7992164775309
 21
12.0
 31
0.0
  0
LINE
  5
B4A
330
17
100
AcDbEntity
  8
可见轮廓
100
AcDbLine
 10
285.67435365167825
 20
2.0
 30
0.0
 11
285.7992164775309
 21
2.0
 31
0.0
  0
LINE
  5
B4B
330
17
100
AcDbEntity
  8
可见轮廓
100
AcDbLine
 10
285.5494367794277
 20
2.0
 30
0.0
 11
285.67435365167825
 21
2.0
 31
0.0
  0
LINE
  5
B4C
330
17
100
AcDbEntity
  8
可见轮廓
100
AcDbLine
 10
285.42447325836156
 20
2.0
 30
0.0
 11
285.5494367794277
 21
2.0
 31
0.0
  0
LINE
  5
B4D
330
17
100
AcDbEntity
  8
可见轮廓
100
AcDbLine
 10
285.29947048864057
 20
2.0
 30
0.0
 11
285.42447325836156
 21
2.0
 31
0.0
  0
LINE
  5
B4E
330
17
100
AcDbEntity
  8
可见轮廓
100
AcDbLine
 10
285.17443402093573
 20
2.0
 30
0.0
 11
285.29947048864057
 21
2.0
 31
0.0
  0
LINE
  5
B4F
330
17
100
AcDbEntity
  8
可见轮廓
100
AcDbLine
 10
285.0493745923972
 20
2.0
 30
0.0
 11
285.17443402093573
 21
2.0
 31
0.0
  0
LINE
  5
B50
330
17
100
AcDbEntity
  8
可见轮廓
100
AcDbLine
 10
284.92429960898795
 20
2.0
 30
0.0
 11
285.0493745923972
 21
2.0
 31
0.0
  0
LINE
  5
B51
330
17
100
AcDbEntity
  8
可见轮廓
100
AcDbLine
 10
284.7992164775309
 20
2.0
 30
0.0
 11
284.92429960898795
 21
2.0
 31
0.0
  0
LINE
  5
B52
330
17
100
AcDbEntity
  8
可见轮廓
100
AcDbLine
 10
284.6741333460738
 20
2.0
 30
0.0
 11
284.7992164775309
 21
2.0
 31
0.0
  0
LINE
  5
B53
330
17
100
AcDbEntity
  8
可见轮廓
100
AcDbLine
 10
284.5490583626646
 20
2.0
 30
0.0
 11
284.6741333460738
 21
2.0
 31
0.0
  0
LINE
  5
B54
330
17
100
AcDbEntity
  8
可见轮廓
100
AcDbLine
 10
284.423998934126
 20
2.0
 30
0.0
 11
284.5490583626646
 21
2.0
 31
0.0
  0
LINE
  5
B55
330
17
100
AcDbEntity
  8
可见轮廓
100
AcDbLine
 10
284.2989624664212
 20
2.0
 30
0.0
 11
284.423998934126
 21
2.0
 31
0.0
  0
LINE
  5
B56
330
17
100
AcDbEntity
  8
可见轮廓
100
AcDbLine
 10
284.1739596967002
 20
2.0
 30
0.0
 11
284.2989624664212
 21
2.0
 31
0.0
  0
LINE
  5
B57
330
17
100
AcDbEntity
  8
可见轮廓
100
AcDbLine
 10
284.04899617563404
 20
2.0
 30
0.0
 11
284.1739596967002
 21
2.0
 31
0.0
  0
LINE
  5
B58
330
17
100
AcDbEntity
  8
可见轮廓
100
AcDbLine
 10
283.9240793033835
 20
2.0
 30
0.0
 11
284.04899617563404
 21
2.0
 31
0.0
  0
LINE
  5
B59
330
17
100
AcDbEntity
  8
可见轮廓
100
AcDbLine
 10
283.7992164775309
 20
2.0
 30
0.0
 11
283.9240793033835
 21
2.0
 31
0.0
  0
LINE
  5
B5A
330
17
100
AcDbEntity
  8
可见轮廓
100
AcDbLine
 10
283.7992164775309
 20
2.0
 30
0.0
 11
283.7992164775309
 21
12.0
 31
0.0
  0
LINE
  5
B5B
330
17
100
AcDbEntity
  8
可见轮廓
100
AcDbLine
 10
283.7992164775309
 20
36.0
 30
0.0
 11
283.7992164775309
 21
46.0
 31
0.0
  0
LINE
  5
B5C
330
17
100
AcDbEntity
  8
可见轮廓
100
AcDbLine
 10
285.7992164775309
 20
36.0
 30
0.0
 11
285.7992164775309
 21
46.0
 31
0.0
  0
LINE
  5
B5D
330
17
100
AcDbEntity
  8
可见轮廓
100
AcDbLine
 10
285.7992164775309
 20
2.0
 30
0.0
 11
285.7992164775309
 21
12.0
 31
0.0
  0
LINE
  5
B5E
330
17
100
AcDbEntity
  8
可见轮廓
100
AcDbLine
 10
285.7992164775309
 20
2.0
 30
0.0
 11
290.62329761019174
 21
2.0
 31
0.0
  0
LINE
  5
B5F
330
17
100
AcDbEntity
  8
可见轮廓
100
AcDbLine
 10
290.62329761019174
 20
2.0
 30
0.0
 11
295.23078379599855
 21
2.0
 31
0.0
  0
LINE
  5
B60
330
17
100
AcDbEntity
  8
可见轮廓
100
AcDbLine
 10
295.23078379599855
 20
2.0
 30
0.0
 11
299.4648570628582
 21
2.0
 31
0.0
  0
LINE
  5
B61
330
17
100
AcDbEntity
  8
可见轮廓
100
AcDbLine
 10
299.4648570628582
 20
2.0
 30
0.0
 11
303.18059292218265
 21
2.0
 31
0.0
  0
LINE
  5
B62
330
17
100
AcDbEntity
  8
可见轮廓
100
AcDbLine
 10
303.18059292218265
 20
2.0
 30
0.0
 11
306.18405612891684
 21
2.0
 31
0.0
  0
LINE
  5
B63
330
17
100
AcDbEntity
  8
可见轮廓
100
AcDbLine
 10
306.18405612891684
 20
2.0
 30
0.0
 11
308.4173291392722
 21
2.0
 31
0.0
  0
LINE
  5
B64
330
17
100
AcDbEntity
  8
可见轮廓
100
AcDbLine
 10
308.4173291392722
 20
2.0
 30
0.0
 11
309.8051579206066
 21
2.0
 31
0.0
  0
LINE
  5
B65
330
17
100
AcDbEntity
  8
可见轮廓
100
AcDbLine
 10
309.8051579206066
 20
2.0
 30
0.0
 11
310.2992164775309
 21
2.0
 31
0.0
  0
LINE
  5
B66
330
17
100
AcDbEntity
  8
可见轮廓
100
AcDbLine
 10
310.29921647598644
 20
2.0
 30
0.0
 11
310.2992164775309
 21
2.0
 31
0.0
  0
LINE
  5
B67
330
17
100
AcDbEntity
  8
可见轮廓
100
AcDbLine
 10
259.2992165489307
 20
2.0
 30
0.0
 11
259.2992165706714
 21
2.0
 31
0.0
  0
LINE
  5
B68
330
17
100
AcDbEntity
  8
可见轮廓
100
AcDbLine
 10
259.2992164775309
 20
2.0
 30
0.0
 11
259.7932750344552
 21
2.0
 31
0.0
  0
LINE
  5
B69
330
17
100
AcDbEntity
  8
可见轮廓
100
AcDbLine
 10
259.7932750344552
 20
2.0
 30
0.0
 11
261.1811038157895
 21
2.0
 31
0.0
  0
LINE
  5
B6A
330
17
100
AcDbEntity
  8
可见轮廓
100
AcDbLine
 10
261.1811038157895
 20
2.0
 30
0.0
 11
263.4143768261449
 21
2.0
 31
0.0
  0
LINE
  5
B6B
330
17
100
AcDbEntity
  8
可见轮廓
100
AcDbLine
 10
263.4143768261449
 20
2.0
 30
0.0
 11
266.4178400328791
 21
2.0
 31
0.0
  0
LINE
  5
B6C
330
17
100
AcDbEntity
  8
可见轮廓
100
AcDbLine
 10
266.4178400328791
 20
2.0
 30
0.0
 11
270.13357589220357
 21
2.0
 31
0.0
  0
LINE
  5
B6D
330
17
100
AcDbEntity
  8
可见轮廓
100
AcDbLine
 10
270.13357589220357
 20
2.0
 30
0.0
 11
274.3676491590632
 21
2.0
 31
0.0
  0
LINE
  5
B6E
330
17
100
AcDbEntity
  8
可见轮廓
100
AcDbLine
 10
274.3676491590632
 20
2.0
 30
0.0
 11
278.97513534487
 21
2.0
 31
0.0
  0
LINE
  5
B6F
330
17
100
AcDbEntity
  8
可见轮廓
100
AcDbLine
 10
278.97513534487
 20
2.0
 30
0.0
 11
283.7992164775309
 21
2.0
 31
0.0
  0
LINE
  5
B70
330
17
100
AcDbEntity
  8
可见轮廓
100
AcDbLine
 10
285.7992164775309
 20
46.0
 30
0.0
 11
290.62329761019174
 21
46.0
 31
0.0
  0
LINE
  5
B71
330
17
100
AcDbEntity
  8
可见轮廓
100
AcDbLine
 10
290.62329761019174
 20
46.0
 30
0.0
 11
295.23078379599855
 21
46.0
 31
0.0
  0
LINE
  5
B72
330
17
100
AcDbEntity
  8
可见轮廓
100
AcDbLine
 10
295.23078379599855
 20
46.0
 30
0.0
 11
299.4648570628582
 21
46.0
 31
0.0
  0
LINE
  5
B73
330
17
100
AcDbEntity
  8
可见轮廓
100
AcDbLine
 10
299.4648570628582
 20
46.0
 30
0.0
 11
303.18059292218265
 21
46.0
 31
0.0
  0
LINE
  5
B74
330
17
100
AcDbEntity
  8
可见轮廓
100
AcDbLine
 10
303.18059292218265
 20
46.0
 30
0.0
 11
306.18405612891684
 21
46.0
 31
0.0
  0
LINE
  5
B75
330
17
100
AcDbEntity
  8
可见轮廓
100
AcDbLine
 10
306.18405612891684
 20
46.0
 30
0.0
 11
308.4173291392722
 21
46.0
 31
0.0
  0
LINE
  5
B76
330
17
100
AcDbEntity
  8
可见轮廓
100
AcDbLine
 10
308.4173291392722
 20
46.0
 30
0.0
 11
309.8051579206066
 21
46.0
 31
0.0
  0
LINE
  5
B77
330
17
100
AcDbEntity
  8
可见轮廓
100
AcDbLine
 10
309.8051579206066
 20
46.0
 30
0.0
 11
310.2992164775309
 21
46.0
 31
0.0
  0
LINE
  5
B78
330
17
100
AcDbEntity
  8
可见轮廓
100
AcDbLine
 10
310.2992164462563
 20
46.0
 30
0.0
 11
310.2992164775309
 21
46.0
 31
0.0
  0
LINE
  5
B79
330
17
100
AcDbEntity
  8
可见轮廓
100
AcDbLine
 10
259.2992179233769
 20
46.0
 30
0.0
 11
259.29921836362615
 21
46.0
 31
0.0
  0
LINE
  5
B7A
330
17
100
AcDbEntity
  8
可见轮廓
100
AcDbLine
 10
259.2992164775309
 20
46.0
 30
0.0
 11
259.7932750344552
 21
46.0
 31
0.0
  0
LINE
  5
B7B
330
17
100
AcDbEntity
  8
可见轮廓
100
AcDbLine
 10
259.7932750344552
 20
46.0
 30
0.0
 11
261.1811038157895
 21
46.0
 31
0.0
  0
LINE
  5
B7C
330
17
100
AcDbEntity
  8
可见轮廓
100
AcDbLine
 10
261.1811038157895
 20
46.0
 30
0.0
 11
263.4143768261449
 21
46.0
 31
0.0
  0
LINE
  5
B7D
330
17
100
AcDbEntity
  8
可见轮廓
100
AcDbLine
 10
263.4143768261449
 20
46.0
 30
0.0
 11
266.4178400328791
 21
46.0
 31
0.0
  0
LINE
  5
B7E
330
17
100
AcDbEntity
  8
可见轮廓
100
AcDbLine
 10
266.4178400328791
 20
46.0
 30
0.0
 11
270.13357589220357
 21
46.0
 31
0.0
  0
LINE
  5
B7F
330
17
100
AcDbEntity
  8
可见轮廓
100
AcDbLine
 10
270.13357589220357
 20
46.0
 30
0.0
 11
274.3676491590632
 21
46.0
 31
0.0
  0
LINE
  5
B80
330
17
100
AcDbEntity
  8
可见轮廓
100
AcDbLine
 10
274.3676491590632
 20
46.0
 30
0.0
 11
278.97513534487
 21
46.0
 31
0.0
  0
LINE
  5
B81
330
17
100
AcDbEntity
  8
可见轮廓
100
AcDbLine
 10
278.97513534487
 20
46.0
 30
0.0
 11
283.7992164775309
 21
46.0
 31
0.0
  0
LINE
  5
B82
330
17
100
AcDbEntity
  8
可见轮廓
100
AcDbLine
 10
283.7992164775309
 20
46.0
 30
0.0
 11
283.9240793033835
 21
46.0
 31
0.0
  0
LINE
  5
B83
330
17
100
AcDbEntity
  8
可见轮廓
100
AcDbLine
 10
283.9240793033835
 20
46.0
 30
0.0
 11
284.04899617563404
 21
46.0
 31
0.0
  0
LINE
  5
B84
330
17
100
AcDbEntity
  8
可见轮廓
100
AcDbLine
 10
284.04899617563404
 20
46.0
 30
0.0
 11
284.1739596967002
 21
46.0
 31
0.0
  0
LINE
  5
B85
330
17
100
AcDbEntity
  8
可见轮廓
100
AcDbLine
 10
284.1739596967002
 20
46.0
 30
0.0
 11
284.2989624664212
 21
46.0
 31
0.0
  0
LINE
  5
B86
330
17
100
AcDbEntity
  8
可见轮廓
100
AcDbLine
 10
284.2989624664212
 20
46.0
 30
0.0
 11
284.423998934126
 21
46.0
 31
0.0
  0
LINE
  5
B87
330
17
100
AcDbEntity
  8
可见轮廓
100
AcDbLine
 10
284.423998934126
 20
46.0
 30
0.0
 11
284.54905836266454
 21
46.0
 31
0.0
  0
LINE
  5
B88
330
17
100
AcDbEntity
  8
可见轮廓
100
AcDbLine
 10
284.54905836266454
 20
46.0
 30
0.0
 11
284.6741333460738
 21
46.0
 31
0.0
  0
LINE
  5
B89
330
17
100
AcDbEntity
  8
可见轮廓
100
AcDbLine
 10
284.6741333460738
 20
46.0
 30
0.0
 11
284.7992164775309
 21
46.0
 31
0.0
  0
LINE
  5
B8A
330
17
100
AcDbEntity
  8
可见轮廓
100
AcDbLine
 10
284.7992164775309
 20
46.0
 30
0.0
 11
284.92429960898795
 21
46.0
 31
0.0
  0
LINE
  5
B8B
330
17
100
AcDbEntity
  8
可见轮廓
100
AcDbLine
 10
284.92429960898795
 20
46.0
 30
0.0
 11
285.04937459239716
 21
46.0
 31
0.0
  0
LINE
  5
B8C
330
17
100
AcDbEntity
  8
可见轮廓
100
AcDbLine
 10
285.04937459239716
 20
46.0
 30
0.0
 11
285.17443402093573
 21
46.0
 31
0.0
  0
LINE
  5
B8D
330
17
100
AcDbEntity
  8
可见轮廓
100
AcDbLine
 10
285.17443402093573
 20
46.0
 30
0.0
 11
285.29947048864057
 21
46.0
 31
0.0
  0
LINE
  5
B8E
330
17
100
AcDbEntity
  8
可见轮廓
100
AcDbLine
 10
285.29947048864057
 20
46.0
 30
0.0
 11
285.42447325836156
 21
46.0
 31
0.0
  0
LINE
  5
B8F
330
17
100
AcDbEntity
  8
可见轮廓
100
AcDbLine
 10
285.42447325836156
 20
46.0
 30
0.0
 11
285.5494367794277
 21
46.0
 31
0.0
  0
LINE
  5
B90
330
17
100
AcDbEntity
  8
可见轮廓
100
AcDbLine
 10
285.5494367794277
 20
46.0
 30
0.0
 11
285.67435365167825
 21
46.0
 31
0.0
  0
LINE
  5
B91
330
17
100
AcDbEntity
  8
可见轮廓
100
AcDbLine
 10
285.67435365167825
 20
46.0
 30
0.0
 11
285.7992164775309
 21
46.0
 31
0.0
  0
LINE
  5
B92
330
17
100
AcDbEntity
  8
可见轮廓
100
AcDbLine
 10
259.2992164775309
 20
2.0
 30
0.0
 11
259.2992164775309
 21
11.5
 31
0.0
  0
LINE
  5
B93
330
17
100
AcDbEntity
  8
可见轮廓
100
AcDbLine
 10
259.2992164775309
 20
11.5
 30
0.0
 11
259.2992164775309
 21
21.0
 31
0.0
  0
LINE
  5
B94
330
17
100
AcDbEntity
  8
可见轮廓
100
AcDbLine
 10
310.2992164775309
 20
2.0
 30
0.0
 11
310.2992164775309
 21
11.5
 31
0.0
  0
LINE
  5
B95
330
17
100
AcDbEntity
  8
可见轮廓
100
AcDbLine
 10
310.2992164775309
 20
11.5
 30
0.0
 11
310.2992164775309
 21
21.0
 31
0.0
  0
LINE
  5
B96
330
17
100
AcDbEntity
  8
可见轮廓
100
AcDbLine
 10
310.2992164775309
 20
2.0
 30
0.0
 11
310.2992164775309
 21
46.0
 31
0.0
  0
LINE
  5
B97
330
17
100
AcDbEntity
  8
可见轮廓
100
AcDbLine
 10
259.2992164775309
 20
2.0
 30
0.0
 11
259.2992164775309
 21
24.0
 31
0.0
  0
LINE
  5
B98
330
17
100
AcDbEntity
  8
可见轮廓
100
AcDbLine
 10
259.2992164775309
 20
24.0
 30
0.0
 11
259.2992164775309
 21
46.0
 31
0.0
  0
LINE
  5
B99
330
17
100
AcDbEntity
  8
可见轮廓
100
AcDbLine
 10
278.536058582794
 20
9.000000000000014
 30
0.0
 11
278.8657964071995
 21
9.000000000000014
 31
0.0
  0
LINE
  5
B9A
330
17
100
AcDbEntity
  8
可见轮廓
100
AcDbLine
 10
278.8657964071995
 20
9.000000000000014
 30
0.0
 11
279.1965621255747
 21
9.000000000000014
 31
0.0
  0
LINE
  5
B9B
330
17
100
AcDbEntity
  8
可见轮廓
100
AcDbLine
 10
279.1965621255747
 20
9.000000000000014
 30
0.0
 11
279.5283010147506
 21
9.000000000000014
 31
0.0
  0
LINE
  5
B9C
330
17
100
AcDbEntity
  8
可见轮廓
100
AcDbLine
 10
279.5283010147506
 20
9.000000000000014
 30
0.0
 11
279.8609582013018
 21
9.000000000000014
 31
0.0
  0
LINE
  5
B9D
330
17
100
AcDbEntity
  8
可见轮廓
100
AcDbLine
 10
279.8609582013018
 20
9.000000000000014
 30
0.0
 11
280.1945446313581
 21
9.000000000000014
 31
0.0
  0
LINE
  5
B9E
330
17
100
AcDbEntity
  8
可见轮廓
100
AcDbLine
 10
280.1945446313581
 20
9.000000000000014
 30
0.0
 11
280.5289281230539
 21
9.000000000000014
 31
0.0
  0
LINE
  5
B9F
330
17
100
AcDbEntity
  8
可见轮廓
100
AcDbLine
 10
280.5289281230539
 20
9.000000000000014
 30
0.0
 11
280.8640533560166
 21
9.000000000000014
 31
0.0
  0
LINE
  5
BA0
330
17
100
AcDbEntity
  8
可见轮廓
100
AcDbLine
 10
280.8640533560166
 20
9.000000000000014
 30
0.0
 11
281.1998648953497
 21
9.000000000000014
 31
0.0
  0
LINE
  5
BA1
330
17
100
AcDbEntity
  8
可见轮廓
100
AcDbLine
 10
281.1998648953497
 20
9.000000000000014
 30
0.0
 11
281.5232941084037
 21
9.000000000000014
 31
0.0
  0
LINE
  5
BA2
330
17
100
AcDbEntity
  8
可见轮廓
100
AcDbLine
 10
281.5232941084037
 20
9.000000000000014
 30
0.0
 11
281.8472465969331
 21
9.000000000000014
 31
0.0
  0
LINE
  5
BA3
330
17
100
AcDbEntity
  8
可见轮廓
100
AcDbLine
 10
281.8472465969331
 20
9.000000000000014
 30
0.0
 11
282.1716728433201
 21
9.000000000000014
 31
0.0
  0
LINE
  5
BA4
330
17
100
AcDbEntity
  8
可见轮廓
100
AcDbLine
 10
282.1716728433201
 20
9.000000000000014
 30
0.0
 11
282.4965232623621
 21
9.000000000000014
 31
0.0
  0
LINE
  5
BA5
330
17
100
AcDbEntity
  8
可见轮廓
100
AcDbLine
 10
282.4965232623621
 20
9.000000000000014
 30
0.0
 11
282.82177403266655
 21
9.000000000000014
 31
0.0
  0
LINE
  5
BA6
330
17
100
AcDbEntity
  8
可见轮廓
100
AcDbLine
 10
282.82177403266655
 20
9.000000000000014
 30
0.0
 11
283.1473396736797
 21
9.000000000000014
 31
0.0
  0
LINE
  5
BA7
330
17
100
AcDbEntity
  8
可见轮廓
100
AcDbLine
 10
283.1473396736797
 20
9.000000000000014
 30
0.0
 11
283.4731704222811
 21
9.000000000000014
 31
0.0
  0
LINE
  5
BA8
330
17
100
AcDbEntity
  8
可见轮廓
100
AcDbLine
 10
283.4731704222811
 20
9.000000000000014
 30
0.0
 11
283.7992164775309
 21
9.000000000000014
 31
0.0
  0
LINE
  5
BA9
330
17
100
AcDbEntity
  8
可见轮廓
100
AcDbLine
 10
274.7355403219819
 20
15.0
 30
0.0
 11
274.7704780743824
 21
15.0
 31
0.0
  0
LINE
  5
BAA
330
17
100
AcDbEntity
  8
可见轮廓
100
AcDbLine
 10
274.6870731693376
 20
15.0
 30
0.0
 11
274.7355403219819
 21
15.0
 31
0.0
  0
LINE
  5
BAB
330
17
100
AcDbEntity
  8
可见轮廓
100
AcDbLine
 10
274.6242027818285
 20
15.0
 30
0.0
 11
274.6870731693376
 21
15.0
 31
0.0
  0
LINE
  5
BAC
330
17
100
AcDbEntity
  8
可见轮廓
100
AcDbLine
 10
274.54834000439666
 20
15.0
 30
0.0
 11
274.6242027818285
 21
15.0
 31
0.0
  0
LINE
  5
BAD
330
17
100
AcDbEntity
  8
可见轮廓
100
AcDbLine
 10
274.45981939564103
 20
15.0
 30
0.0
 11
274.54834000439666
 21
15.0
 31
0.0
  0
LINE
  5
BAE
330
17
100
AcDbEntity
  8
可见轮廓
100
AcDbLine
 10
274.3590273258061
 20
15.0
 30
0.0
 11
274.45981939564103
 21
15.0
 31
0.0
  0
LINE
  5
BAF
330
17
100
AcDbEntity
  8
可见轮廓
100
AcDbLine
 10
274.2454681553869
 20
15.0
 30
0.0
 11
274.3590273258061
 21
15.0
 31
0.0
  0
LINE
  5
BB0
330
17
100
AcDbEntity
  8
可见轮廓
100
AcDbLine
 10
274.1206713964545
 20
15.0
 30
0.0
 11
274.2454681553869
 21
15.0
 31
0.0
  0
LINE
  5
BB1
330
17
100
AcDbEntity
  8
可见轮廓
100
AcDbLine
 10
273.9851859272831
 20
15.0
 30
0.0
 11
274.1206713964545
 21
15.0
 31
0.0
  0
LINE
  5
BB2
330
17
100
AcDbEntity
  8
可见轮廓
100
AcDbLine
 10
273.8396043776915
 20
15.0
 30
0.0
 11
273.9851859272831
 21
15.0
 31
0.0
  0
LINE
  5
BB3
330
17
100
AcDbEntity
  8
可见轮廓
100
AcDbLine
 10
273.6838463583932
 20
15.0
 30
0.0
 11
273.8396043776915
 21
15.0
 31
0.0
  0
LINE
  5
BB4
330
17
100
AcDbEntity
  8
可见轮廓
100
AcDbLine
 10
273.51944569889247
 20
15.0
 30
0.0
 11
273.6838463583932
 21
15.0
 31
0.0
  0
LINE
  5
BB5
330
17
100
AcDbEntity
  8
可见轮廓
100
AcDbLine
 10
273.3471245617888
 20
15.0
 30
0.0
 11
273.51944569889247
 21
15.0
 31
0.0
  0
LINE
  5
BB6
330
17
100
AcDbEntity
  8
可见轮廓
100
AcDbLine
 10
273.16763753016255
 20
15.0
 30
0.0
 11
273.3471245617888
 21
15.0
 31
0.0
  0
LINE
  5
BB7
330
17
100
AcDbEntity
  8
可见轮廓
100
AcDbLine
 10
273.1676375301625
 20
18.0
 30
0.0
 11
273.1676375301625
 21
21.0
 31
0.0
  0
LINE
  5
BB8
330
17
100
AcDbEntity
  8
可见轮廓
100
AcDbLine
 10
273.1676375301625
 20
15.0
 30
0.0
 11
273.1676375301625
 21
18.0
 31
0.0
  0
LINE
  5
BB9
330
17
100
AcDbEntity
  8
可见轮廓
100
AcDbLine
 10
259.2992164775309
 20
21.0
 30
0.0
 11
259.3583357001597
 21
21.0
 31
0.0
  0
LINE
  5
BBA
330
17
100
AcDbEntity
  8
可见轮廓
100
AcDbLine
 10
259.3583357001597
 20
21.0
 30
0.0
 11
259.52633557645925
 21
21.0
 31
0.0
  0
LINE
  5
BBB
330
17
100
AcDbEntity
  8
可见轮廓
100
AcDbLine
 10
259.52633557645925
 20
21.0
 30
0.0
 11
259.802516434305
 21
21.0
 31
0.0
  0
LINE
  5
BBC
330
17
100
AcDbEntity
  8
可见轮廓
100
AcDbLine
 10
259.802516434305
 20
21.0
 30
0.0
 11
260.18576693442515
 21
21.0
 31
0.0
  0
LINE
  5
BBD
330
17
100
AcDbEntity
  8
可见轮廓
100
AcDbLine
 10
260.18576693442515
 20
21.0
 30
0.0
 11
260.68314512107105
 21
21.0
 31
0.0
  0
LINE
  5
BBE
330
17
100
AcDbEntity
  8
可见轮廓
100
AcDbLine
 10
260.68314512107105
 20
21.0
 30
0.0
 11
261.28364413409685
 21
21.0
 31
0.0
  0
LINE
  5
BBF
330
17
100
AcDbEntity
  8
可见轮廓
100
AcDbLine
 10
261.28364413409685
 20
21.0
 30
0.0
 11
261.9848019405421
 21
21.0
 31
0.0
  0
LINE
  5
BC0
330
17
100
AcDbEntity
  8
可见轮廓
100
AcDbLine
 10
261.9848019405421
 20
21.0
 30
0.0
 11
262.78377346490254
 21
21.0
 31
0.0
  0
LINE
  5
BC1
330
17
100
AcDbEntity
  8
可见轮廓
100
AcDbLine
 10
262.78377346490254
 20
21.0
 30
0.0
 11
263.14170696941756
 21
21.0
 31
0.0
  0
LINE
  5
BC2
330
17
100
AcDbEntity
  8
可见轮廓
100
AcDbLine
 10
263.14170696941756
 20
21.0
 30
0.0
 11
263.51526745994397
 21
21.0
 31
0.0
  0
LINE
  5
BC3
330
17
100
AcDbEntity
  8
可见轮廓
100
AcDbLine
 10
263.51526745994397
 20
21.0
 30
0.0
 11
263.90419766615923
 21
21.0
 31
0.0
  0
LINE
  5
BC4
330
17
100
AcDbEntity
  8
可见轮廓
100
AcDbLine
 10
263.90419766615923
 20
21.0
 30
0.0
 11
264.3082304518647
 21
21.0
 31
0.0
  0
LINE
  5
BC5
330
17
100
AcDbEntity
  8
可见轮廓
100
AcDbLine
 10
264.3082304518647
 20
21.0
 30
0.0
 11
264.7282931771563
 21
21.0
 31
0.0
  0
LINE
  5
BC6
330
17
100
AcDbEntity
  8
可见轮廓
100
AcDbLine
 10
264.7282931771563
 20
21.0
 30
0.0
 11
265.16283504826055
 21
21.0
 31
0.0
  0
LINE
  5
BC7
330
17
100
AcDbEntity
  8
可见轮廓
100
AcDbLine
 10
265.16283504826055
 20
21.0
 30
0.0
 11
265.6115568819025
 21
21.0
 31
0.0
  0
LINE
  5
BC8
330
17
100
AcDbEntity
  8
可见轮廓
100
AcDbLine
 10
265.6115568819025
 20
21.0
 30
0.0
 11
266.0741503926383
 21
21.0
 31
0.0
  0
LINE
  5
BC9
330
17
100
AcDbEntity
  8
可见轮廓
100
AcDbLine
 10
266.0741503926383
 20
21.0
 30
0.0
 11
266.85246023139956
 21
21.0
 31
0.0
  0
LINE
  5
BCA
330
17
100
AcDbEntity
  8
可见轮廓
100
AcDbLine
 10
266.85246023139956
 20
21.0
 30
0.0
 11
267.66453768820463
 21
21.0
 31
0.0
  0
LINE
  5
BCB
330
17
100
AcDbEntity
  8
可见轮廓
100
AcDbLine
 10
267.66453768820463
 20
21.0
 30
0.0
 11
268.5089224932088
 21
21.0
 31
0.0
  0
LINE
  5
BCC
330
17
100
AcDbEntity
  8
可见轮廓
100
AcDbLine
 10
268.5089224932088
 20
21.0
 30
0.0
 11
269.3841002267642
 21
21.0
 31
0.0
  0
LINE
  5
BCD
330
17
100
AcDbEntity
  8
可见轮廓
100
AcDbLine
 10
269.3841002267642
 20
21.0
 30
0.0
 11
270.29076390690994
 21
21.0
 31
0.0
  0
LINE
  5
BCE
330
17
100
AcDbEntity
  8
可见轮廓
100
AcDbLine
 10
270.29076390690994
 20
21.0
 30
0.0
 11
271.2247009703657
 21
21.0
 31
0.0
  0
LINE
  5
BCF
330
17
100
AcDbEntity
  8
可见轮廓
100
AcDbLine
 10
271.2247009703657
 20
21.0
 30
0.0
 11
272.18423271257296
 21
21.0
 31
0.0
  0
LINE
  5
BD0
330
17
100
AcDbEntity
  8
可见轮廓
100
AcDbLine
 10
272.18423271257296
 20
21.0
 30
0.0
 11
273.1676375301626
 21
21.0
 31
0.0
  0
LINE
  5
BD1
330
17
100
AcDbEntity
  8
可见轮廓
100
AcDbLine
 10
285.7992164775309
 20
9.000000000000014
 30
0.0
 11
286.12526253278065
 21
9.000000000000014
 31
0.0
  0
LINE
  5
BD2
330
17
100
AcDbEntity
  8
可见轮廓
100
AcDbLine
 10
286.12526253278065
 20
9.000000000000014
 30
0.0
 11
286.45109328138204
 21
9.000000000000014
 31
0.0
  0
LINE
  5
BD3
330
17
100
AcDbEntity
  8
可见轮廓
100
AcDbLine
 10
286.45109328138204
 20
9.000000000000014
 30
0.0
 11
286.7766589223952
 21
9.000000000000014
 31
0.0
  0
LINE
  5
BD4
330
17
100
AcDbEntity
  8
可见轮廓
100
AcDbLine
 10
286.7766589223952
 20
9.000000000000014
 30
0.0
 11
287.1019096926997
 21
9.000000000000014
 31
0.0
  0
LINE
  5
BD5
330
17
100
AcDbEntity
  8
可见轮廓
100
AcDbLine
 10
287.1019096926997
 20
9.000000000000014
 30
0.0
 11
287.42676011174166
 21
9.000000000000014
 31
0.0
  0
LINE
  5
BD6
330
17
100
AcDbEntity
  8
可见轮廓
100
AcDbLine
 10
287.42676011174166
 20
9.000000000000014
 30
0.0
 11
287.7511863581287
 21
9.000000000000014
 31
0.0
  0
LINE
  5
BD7
330
17
100
AcDbEntity
  8
可见轮廓
100
AcDbLine
 10
287.7511863581287
 20
9.000000000000014
 30
0.0
 11
288.07513884665804
 21
9.000000000000014
 31
0.0
  0
LINE
  5
BD8
330
17
100
AcDbEntity
  8
可见轮廓
100
AcDbLine
 10
288.07513884665804
 20
9.000000000000014
 30
0.0
 11
288.39856805971203
 21
9.000000000000014
 31
0.0
  0
LINE
  5
BD9
330
17
100
AcDbEntity
  8
可见轮廓
100
AcDbLine
 10
288.39856805971203
 20
9.000000000000014
 30
0.0
 11
288.7343795990451
 21
9.000000000000014
 31
0.0
  0
LINE
  5
BDA
330
17
100
AcDbEntity
  8
可见轮廓
100
AcDbLine
 10
288.7343795990451
 20
9.000000000000014
 30
0.0
 11
289.06950483200785
 21
9.000000000000014
 31
0.0
  0
LINE
  5
BDB
330
17
100
AcDbEntity
  8
可见轮廓
100
AcDbLine
 10
289.06950483200785
 20
9.000000000000014
 30
0.0
 11
289.40388832370365
 21
9.000000000000014
 31
0.0
  0
LINE
  5
BDC
330
17
100
AcDbEntity
  8
可见轮廓
100
AcDbLine
 10
289.40388832370365
 20
9.000000000000014
 30
0.0
 11
289.73747475375995
 21
9.000000000000014
 31
0.0
  0
LINE
  5
BDD
330
17
100
AcDbEntity
  8
可见轮廓
100
AcDbLine
 10
289.73747475375995
 20
9.000000000000014
 30
0.0
 11
290.07013194031117
 21
9.000000000000014
 31
0.0
  0
LINE
  5
BDE
330
17
100
AcDbEntity
  8
可见轮廓
100
AcDbLine
 10
290.07013194031117
 20
9.000000000000014
 30
0.0
 11
290.40187082948705
 21
9.000000000000014
 31
0.0
  0
LINE
  5
BDF
330
17
100
AcDbEntity
  8
可见轮廓
100
AcDbLine
 10
290.40187082948705
 20
9.000000000000014
 30
0.0
 11
290.7326365478622
 21
9.000000000000014
 31
0.0
  0
LINE
  5
BE0
330
17
100
AcDbEntity
  8
可见轮廓
100
AcDbLine
 10
290.7326365478622
 20
9.000000000000014
 30
0.0
 11
291.06237437226775
 21
9.000000000000014
 31
0.0
  0
LINE
  5
BE1
330
17
100
AcDbEntity
  8
可见轮廓
100
AcDbLine
 10
294.7992164775309
 20
21.000000000000004
 30
0.0
 11
294.8205530291777
 21
21.000000000000004
 31
0.0
  0
LINE
  5
BE2
330
17
100
AcDbEntity
  8
可见轮廓
100
AcDbLine
 10
294.8441450954869
 20
21.000000000000004
 30
0.0
 11
294.86997509549616
 21
21.000000000000004
 31
0.0
  0
LINE
  5
BE3
330
17
100
AcDbEntity
  8
可见轮廓
100
AcDbLine
 10
294.86997509549616
 20
21.000000000000004
 30
0.0
 11
294.89802389661
 21
21.000000000000004
 31
0.0
  0
LINE
  5
BE4
330
17
100
AcDbEntity
  8
可见轮廓
100
AcDbLine
 10
294.9284515596756
 20
21.000000000000004
 30
0.0
 11
294.9610502417965
 21
21.000000000000004
 31
0.0
  0
LINE
  5
BE5
330
17
100
AcDbEntity
  8
可见轮廓
100
AcDbLine
 10
294.9610502417965
 20
21.000000000000004
 30
0.0
 11
294.9957956736353
 21
21.000000000000007
 31
0.0
  0
LINE
  5
BE6
330
17
100
AcDbEntity
  8
可见轮廓
100
AcDbLine
 10
295.0326620974424
 20
21.000000000000007
 30
0.0
 11
295.14838051711155
 21
21.000000000000007
 31
0.0
  0
LINE
  5
BE7
330
17
100
AcDbEntity
  8
可见轮廓
100
AcDbLine
 10
295.14838051711155
 20
21.000000000000007
 30
0.0
 11
295.27988340278444
 21
21.000000000000007
 31
0.0
  0
LINE
  5
BE8
330
17
100
AcDbEntity
  8
可见轮廓
100
AcDbLine
 10
295.27988340278444
 20
21.000000000000007
 30
0.0
 11
295.4263952260516
 21
21.000000000000007
 31
0.0
  0
LINE
  5
BE9
330
17
100
AcDbEntity
  8
可见轮廓
100
AcDbLine
 10
295.4263952260516
 20
21.000000000000007
 30
0.0
 11
295.58705815931376
 21
21.000000000000007
 31
0.0
  0
LINE
  5
BEA
330
17
100
AcDbEntity
  8
可见轮廓
100
AcDbLine
 10
295.58705815931376
 20
21.000000000000007
 30
0.0
 11
295.7619264572471
 21
21.000000000000007
 31
0.0
  0
LINE
  5
BEB
330
17
100
AcDbEntity
  8
可见轮廓
100
AcDbLine
 10
295.7619264572471
 20
21.000000000000007
 30
0.0
 11
295.9487780447733
 21
21.000000000000007
 31
0.0
  0
LINE
  5
BEC
330
17
100
AcDbEntity
  8
可见轮廓
100
AcDbLine
 10
295.9487780447733
 20
21.000000000000007
 30
0.0
 11
296.14651302399835
 21
21.000000000000007
 31
0.0
  0
LINE
  5
BED
330
17
100
AcDbEntity
  8
可见轮廓
100
AcDbLine
 10
296.14651302399835
 20
21.000000000000007
 30
0.0
 11
296.35397181963185
 21
21.000000000000007
 31
0.0
  0
LINE
  5
BEE
330
17
100
AcDbEntity
  8
可见轮廓
100
AcDbLine
 10
296.35397181963157
 20
13.9885812488287
 30
0.0
 11
296.35397181963157
 21
17.494290624414354
 31
0.0
  0
LINE
  5
BEF
330
17
100
AcDbEntity
  8
可见轮廓
100
AcDbLine
 10
296.35397181963157
 20
17.494290624414354
 30
0.0
 11
296.35397181963157
 21
21.0
 31
0.0
  0
LINE
  5
BF0
330
17
100
AcDbEntity
  8
可见轮廓
100
AcDbLine
 10
296.35397181963174
 20
21.0
 30
0.0
 11
297.34854683451454
 21
21.0
 31
0.0
  0
LINE
  5
BF1
330
17
100
AcDbEntity
  8
可见轮廓
100
AcDbLine
 10
297.34854683451454
 20
21.0
 30
0.0
 11
298.3189116986726
 21
21.0
 31
0.0
  0
LINE
  5
BF2
330
17
100
AcDbEntity
  8
可见轮廓
100
AcDbLine
 10
298.3189116986726
 20
21.0
 30
0.0
 11
299.26329166471663
 21
21.0
 31
0.0
  0
LINE
  5
BF3
330
17
100
AcDbEntity
  8
可见轮廓
100
AcDbLine
 10
299.26329166471663
 20
21.0
 30
0.0
 11
300.17995638145766
 21
21.0
 31
0.0
  0
LINE
  5
BF4
330
17
100
AcDbEntity
  8
可见轮廓
100
AcDbLine
 10
300.17995638145766
 20
21.0
 30
0.0
 11
301.06459709566946
 21
21.0
 31
0.0
  0
LINE
  5
BF5
330
17
100
AcDbEntity
  8
可见轮廓
100
AcDbLine
 10
301.06459709566946
 20
21.0
 30
0.0
 11
301.9178956786578
 21
21.0
 31
0.0
  0
LINE
  5
BF6
330
17
100
AcDbEntity
  8
可见轮廓
100
AcDbLine
 10
301.9178956786578
 20
21.0
 30
0.0
 11
302.7382921046367
 21
21.0
 31
0.0
  0
LINE
  5
BF7
330
17
100
AcDbEntity
  8
可见轮廓
100
AcDbLine
 10
302.7382921046367
 20
21.0
 30
0.0
 11
303.5242825624234
 21
21.0
 31
0.0
  0
LINE
  5
BF8
330
17
100
AcDbEntity
  8
可见轮廓
100
AcDbLine
 10
303.5242825624234
 20
21.0
 30
0.0
 11
303.9123755522364
 21
21.0
 31
0.0
  0
LINE
  5
BF9
330
17
100
AcDbEntity
  8
可见轮廓
100
AcDbLine
 10
303.9123755522364
 20
21.0
 30
0.0
 11
304.2907955018746
 21
21.0
 31
0.0
  0
LINE
  5
BFA
330
17
100
AcDbEntity
  8
可见轮廓
100
AcDbLine
 10
304.2907955018746
 20
21.0
 30
0.0
 11
304.659360345581
 21
21.0
 31
0.0
  0
LINE
  5
BFB
330
17
100
AcDbEntity
  8
可见轮廓
100
AcDbLine
 10
304.659360345581
 20
21.0
 30
0.0
 11
305.01789244683823
 21
21.0
 31
0.0
  0
LINE
  5
BFC
330
17
100
AcDbEntity
  8
可见轮廓
100
AcDbLine
 10
305.01789244683823
 20
21.0
 30
0.0
 11
305.3653500411449
 21
21.0
 31
0.0
  0
LINE
  5
BFD
330
17
100
AcDbEntity
  8
可见轮廓
100
AcDbLine
 10
305.3653500411449
 20
21.0
 30
0.0
 11
305.70240094345496
 21
21.0
 31
0.0
  0
LINE
  5
BFE
330
17
100
AcDbEntity
  8
可见轮廓
100
AcDbLine
 10
305.70240094345496
 20
21.0
 30
0.0
 11
306.02888302027566
 21
21.0
 31
0.0
  0
LINE
  5
BFF
330
17
100
AcDbEntity
  8
可见轮廓
100
AcDbLine
 10
306.02888302027566
 20
21.0
 30
0.0
 11
306.3446388881246
 21
21.0
 31
0.0
  0
LINE
  5
C00
330
17
100
AcDbEntity
  8
可见轮廓
100
AcDbLine
 10
306.3446388881246
 20
21.0
 30
0.0
 11
307.2491002420168
 21
21.0
 31
0.0
  0
LINE
  5
C01
330
17
100
AcDbEntity
  8
可见轮廓
100
AcDbLine
 10
307.2491002420168
 20
21.0
 30
0.0
 11
308.04395153734527
 21
21.0
 31
0.0
  0
LINE
  5
C02
330
17
100
AcDbEntity
  8
可见轮廓
100
AcDbLine
 10
308.04395153734527
 20
21.0
 30
0.0
 11
308.7255205619492
 21
21.0
 31
0.0
  0
LINE
  5
C03
330
17
100
AcDbEntity
  8
可见轮廓
100
AcDbLine
 10
308.7255205619492
 20
21.0
 30
0.0
 11
309.29062590481925
 21
21.0
 31
0.0
  0
LINE
  5
C04
330
17
100
AcDbEntity
  8
可见轮廓
100
AcDbLine
 10
309.29062590481925
 20
21.0
 30
0.0
 11
309.7264403417665
 21
21.0
 31
0.0
  0
LINE
  5
C05
330
17
100
AcDbEntity
  8
可见轮廓
100
AcDbLine
 10
309.7264403417665
 20
21.0
 30
0.0
 11
310.04068121376895
 21
21.0
 31
0.0
  0
LINE
  5
C06
330
17
100
AcDbEntity
  8
可见轮廓
100
AcDbLine
 10
310.04068121376895
 20
21.0
 30
0.0
 11
310.23190883419534
 21
21.0
 31
0.0
  0
LINE
  5
C07
330
17
100
AcDbEntity
  8
可见轮廓
100
AcDbLine
 10
310.23190883419534
 20
21.0
 30
0.0
 11
310.2992164775309
 21
21.0
 31
0.0
  0
LINE
  5
C08
330
17
100
AcDbEntity
  8
可见轮廓
100
AcDbLine
 10
277.7992164775309
 20
12.0
 30
0.0
 11
277.7992164775309
 21
12.244512160684039
 31
0.0
  0
LINE
  5
C09
330
17
100
AcDbEntity
  8
可见轮廓
100
AcDbLine
 10
277.7992164775309
 20
12.244512160684039
 30
0.0
 11
277.7992164775309
 21
12.93088681073561
 31
0.0
  0
LINE
  5
C0A
330
17
100
AcDbEntity
  8
可见轮廓
100
AcDbLine
 10
277.7992164775309
 20
12.93088681073561
 30
0.0
 11
277.7992164775309
 21
14.033987759541798
 31
0.0
  0
LINE
  5
C0B
330
17
100
AcDbEntity
  8
可见轮廓
100
AcDbLine
 10
277.7992164775309
 20
14.033987759541798
 30
0.0
 11
277.7992164775309
 21
15.51471862576195
 31
0.0
  0
LINE
  5
C0C
330
17
100
AcDbEntity
  8
可见轮廓
100
AcDbLine
 10
277.7992164775309
 20
15.51471862576195
 30
0.0
 11
277.7992164775309
 21
17.341241905786326
 31
0.0
  0
LINE
  5
C0D
330
17
100
AcDbEntity
  8
可见轮廓
100
AcDbLine
 10
277.7992164775309
 20
17.341241905786326
 30
0.0
 11
277.7992164775309
 21
19.41502319356421
 31
0.0
  0
LINE
  5
C0E
330
17
100
AcDbEntity
  8
可见轮廓
100
AcDbLine
 10
277.7992164775309
 20
19.41502319356421
 30
0.0
 11
277.7992164775309
 21
21.66141816608378
 31
0.0
  0
LINE
  5
C0F
330
17
100
AcDbEntity
  8
可见轮廓
100
AcDbLine
 10
277.7992164775309
 20
21.66141816608378
 30
0.0
 11
277.7992164775309
 21
24.000000000000487
 31
0.0
  0
LINE
  5
C10
330
17
100
AcDbEntity
  8
可见轮廓
100
AcDbLine
 10
277.7992164775309
 20
24.000000000000487
 30
0.0
 11
277.7992164775309
 21
26.338581833917043
 31
0.0
  0
LINE
  5
C11
330
17
100
AcDbEntity
  8
可见轮廓
100
AcDbLine
 10
277.7992164775309
 20
26.338581833917043
 30
0.0
 11
277.7992164775309
 21
28.58497680643646
 31
0.0
  0
LINE
  5
C12
330
17
100
AcDbEntity
  8
可见轮廓
100
AcDbLine
 10
277.7992164775309
 20
28.58497680643646
 30
0.0
 11
277.7992164775309
 21
30.65875809421417
 31
0.0
  0
LINE
  5
C13
330
17
100
AcDbEntity
  8
可见轮廓
100
AcDbLine
 10
277.7992164775309
 20
30.65875809421417
 30
0.0
 11
277.7992164775309
 21
32.48528137423839
 31
0.0
  0
LINE
  5
C14
330
17
100
AcDbEntity
  8
可见轮廓
100
AcDbLine
 10
277.7992164775309
 20
32.48528137423839
 30
0.0
 11
277.7992164775309
 21
33.966012240458404
 31
0.0
  0
LINE
  5
C15
330
17
100
AcDbEntity
  8
可见轮廓
100
AcDbLine
 10
277.7992164775309
 20
33.966012240458404
 30
0.0
 11
277.7992164775309
 21
35.069113189264485
 31
0.0
  0
LINE
  5
C16
330
17
100
AcDbEntity
  8
可见轮廓
100
AcDbLine
 10
277.7992164775309
 20
35.069113189264485
 30
0.0
 11
277.7992164775309
 21
35.75548783931599
 31
0.0
  0
LINE
  5
C17
330
17
100
AcDbEntity
  8
可见轮廓
100
AcDbLine
 10
277.7992164775309
 20
35.75548783931599
 30
0.0
 11
277.7992164775309
 21
36.0
 31
0.0
  0
LINE
  5
C18
330
17
100
AcDbEntity
  8
可见轮廓
100
AcDbLine
 10
273.16763753016255
 20
21.0
 30
0.0
 11
273.2943845096509
 21
21.0
 31
0.0
  0
LINE
  5
C19
330
17
100
AcDbEntity
  8
可见轮廓
100
AcDbLine
 10
273.2943845096509
 20
21.0
 30
0.0
 11
273.41772609209073
 21
21.0
 31
0.0
  0
LINE
  5
C1A
330
17
100
AcDbEntity
  8
可见轮廓
100
AcDbLine
 10
273.41772609209073
 20
21.0
 30
0.0
 11
273.5373960446642
 21
21.0
 31
0.0
  0
LINE
  5
C1B
330
17
100
AcDbEntity
  8
可见轮廓
100
AcDbLine
 10
273.5373960446642
 20
21.0
 30
0.0
 11
273.65313553874
 21
21.0
 31
0.0
  0
LINE
  5
C1C
330
17
100
AcDbEntity
  8
可见轮廓
100
AcDbLine
 10
273.65313553874
 20
21.0
 30
0.0
 11
273.7643191197443
 21
21.0
 31
0.0
  0
LINE
  5
C1D
330
17
100
AcDbEntity
  8
可见轮廓
100
AcDbLine
 10
273.7643191197443
 20
21.0
 30
0.0
 11
273.87103296494115
 21
21.0
 31
0.0
  0
LINE
  5
C1E
330
17
100
AcDbEntity
  8
可见轮廓
100
AcDbLine
 10
273.87103296494115
 20
21.0
 30
0.0
 11
273.9730468422019
 21
21.0
 31
0.0
  0
LINE
  5
C1F
330
17
100
AcDbEntity
  8
可见轮廓
100
AcDbLine
 10
273.9730468422019
 20
21.0
 30
0.0
 11
274.07013999732453
 21
21.0
 31
0.0
  0
LINE
  5
C20
330
17
100
AcDbEntity
  8
可见轮廓
100
AcDbLine
 10
274.07013999732453
 20
21.0
 30
0.0
 11
274.1097107182959
 21
21.0
 31
0.0
  0
LINE
  5
C21
330
17
100
AcDbEntity
  8
可见轮廓
100
AcDbLine
 10
274.14833470076223
 20
21.0
 30
0.0
 11
274.1859968964644
 21
21.0
 31
0.0
  0
LINE
  5
C22
330
17
100
AcDbEntity
  8
可见轮廓
100
AcDbLine
 10
274.1859968964644
 20
21.0
 30
0.0
 11
274.2226826071733
 21
21.0
 31
0.0
  0
LINE
  5
C23
330
17
100
AcDbEntity
  8
可见轮廓
100
AcDbLine
 10
274.2226826071733
 20
21.0
 30
0.0
 11
274.2582934151091
 21
21.0
 31
0.0
  0
LINE
  5
C24
330
17
100
AcDbEntity
  8
可见轮廓
100
AcDbLine
 10
274.2582934151091
 20
21.0
 30
0.0
 11
274.2928967287307
 21
21.0
 31
0.0
  0
LINE
  5
C25
330
17
100
AcDbEntity
  8
可见轮廓
100
AcDbLine
 10
274.32647906833915
 20
21.0
 30
0.0
 11
274.3590273258061
 21
21.0
 31
0.0
  0
LINE
  5
C26
330
17
100
AcDbEntity
  8
可见轮廓
100
AcDbLine
 10
274.3590273258061
 20
21.0
 30
0.0
 11
274.40128735463327
 21
21.0
 31
0.0
  0
LINE
  5
C27
330
17
100
AcDbEntity
  8
可见轮廓
100
AcDbLine
 10
274.4415926369427
 20
21.0
 30
0.0
 11
274.4799144047146
 21
21.0
 31
0.0
  0
LINE
  5
C28
330
17
100
AcDbEntity
  8
可见轮廓
100
AcDbLine
 10
274.4799144047146
 20
21.0
 30
0.0
 11
274.51622521345564
 21
21.0
 31
0.0
  0
LINE
  5
C29
330
17
100
AcDbEntity
  8
可见轮廓
100
AcDbLine
 10
274.51622521345564
 20
21.0
 30
0.0
 11
274.5503265582463
 21
21.0
 31
0.0
  0
LINE
  5
C2A
330
17
100
AcDbEntity
  8
可见轮廓
100
AcDbLine
 10
274.5503265582463
 20
21.0
 30
0.0
 11
274.58236157237843
 21
21.0
 31
0.0
  0
LINE
  5
C2B
330
17
100
AcDbEntity
  8
可见轮廓
100
AcDbLine
 10
274.64014259121166
 20
21.0
 30
0.0
 11
274.65921757675125
 21
21.0
 31
0.0
  0
LINE
  5
C2C
330
17
100
AcDbEntity
  8
可见轮廓
100
AcDbLine
 10
274.65921757675125
 20
21.0
 30
0.0
 11
274.67712124322645
 21
21.0
 31
0.0
  0
LINE
  5
C2D
330
17
100
AcDbEntity
  8
可见轮廓
100
AcDbLine
 10
274.74853866317477
 20
21.0
 30
0.0
 11
274.759180864229
 21
21.0
 31
0.0
  0
LINE
  5
C2E
330
17
100
AcDbEntity
  8
可见轮廓
100
AcDbLine
 10
274.759180864229
 20
21.0
 30
0.0
 11
274.76851020438176
 21
21.0
 31
0.0
  0
LINE
  5
C2F
330
17
100
AcDbEntity
  8
可见轮廓
100
AcDbLine
 10
291.7992164775309
 20
35.75548783931594
 30
0.0
 11
291.7992164775309
 21
36.0
 31
0.0
  0
LINE
  5
C30
330
17
100
AcDbEntity
  8
可见轮廓
100
AcDbLine
 10
291.7992164775309
 20
35.069113189264336
 30
0.0
 11
291.7992164775309
 21
35.75548783931594
 31
0.0
  0
LINE
  5
C31
330
17
100
AcDbEntity
  8
可见轮廓
100
AcDbLine
 10
291.7992164775309
 20
33.9660122404581
 30
0.0
 11
291.7992164775309
 21
35.069113189264336
 31
0.0
  0
LINE
  5
C32
330
17
100
AcDbEntity
  8
可见轮廓
100
AcDbLine
 10
291.7992164775309
 20
32.485281374237864
 30
0.0
 11
291.7992164775309
 21
33.9660122404581
 31
0.0
  0
LINE
  5
C33
330
17
100
AcDbEntity
  8
可见轮廓
100
AcDbLine
 10
291.7992164775309
 20
30.6587580942134
 30
0.0
 11
291.7992164775309
 21
32.485281374237864
 31
0.0
  0
LINE
  5
C34
330
17
100
AcDbEntity
  8
可见轮廓
100
AcDbLine
 10
291.7992164775309
 20
28.58497680643544
 30
0.0
 11
291.7992164775309
 21
30.6587580942134
 31
0.0
  0
LINE
  5
C35
330
17
100
AcDbEntity
  8
可见轮廓
100
AcDbLine
 10
291.7992164775309
 20
26.33858183391578
 30
0.0
 11
291.7992164775309
 21
28.58497680643544
 31
0.0
  0
LINE
  5
C36
330
17
100
AcDbEntity
  8
可见轮廓
100
AcDbLine
 10
291.7992164775309
 20
23.999999999999005
 30
0.0
 11
291.7992164775309
 21
26.33858183391578
 31
0.0
  0
LINE
  5
C37
330
17
100
AcDbEntity
  8
可见轮廓
100
AcDbLine
 10
291.7992164775309
 20
21.66141816608252
 30
0.0
 11
291.7992164775309
 21
23.999999999999005
 31
0.0
  0
LINE
  5
C38
330
17
100
AcDbEntity
  8
可见轮廓
100
AcDbLine
 10
291.7992164775309
 20
19.415023193563187
 30
0.0
 11
291.7992164775309
 21
21.66141816608252
 31
0.0
  0
LINE
  5
C39
330
17
100
AcDbEntity
  8
可见轮廓
100
AcDbLine
 10
291.7992164775309
 20
17.341241905785562
 30
0.0
 11
291.7992164775309
 21
19.415023193563187
 31
0.0
  0
LINE
  5
C3A
330
17
100
AcDbEntity
  8
可见轮廓
100
AcDbLine
 10
291.7992164775309
 20
15.514718625761429
 30
0.0
 11
291.7992164775309
 21
17.341241905785562
 31
0.0
  0
LINE
  5
C3B
330
17
100
AcDbEntity
  8
可见轮廓
100
AcDbLine
 10
291.7992164775309
 20
14.033987759541489
 30
0.0
 11
291.7992164775309
 21
15.514718625761429
 31
0.0
  0
LINE
  5
C3C
330
17
100
AcDbEntity
  8
可见轮廓
100
AcDbLine
 10
291.7992164775309
 20
12.930886810735469
 30
0.0
 11
291.7992164775309
 21
14.033987759541489
 31
0.0
  0
LINE
  5
C3D
330
17
100
AcDbEntity
  8
可见轮廓
100
AcDbLine
 10
291.7992164775309
 20
12.244512160684002
 30
0.0
 11
291.7992164775309
 21
12.930886810735469
 31
0.0
  0
LINE
  5
C3E
330
17
100
AcDbEntity
  8
可见轮廓
100
AcDbLine
 10
291.7992164775309
 20
12.0
 30
0.0
 11
291.7992164775309
 21
12.244512160684002
 31
0.0
  0
LINE
  5
C3F
330
17
100
AcDbEntity
  8
可见轮廓
100
AcDbLine
 10
259.31890200963915
 20
2.0
 30
0.0
 11
283.7992164775309
 21
2.0
 31
0.0
  0
LINE
  5
C40
330
17
100
AcDbEntity
  8
可见轮廓
100
AcDbLine
 10
285.7992164775309
 20
24.0
 30
0.0
 11
285.7992164775309
 21
27.0
 31
0.0
  0
LINE
  5
C41
330
17
100
AcDbEntity
  8
可见轮廓
100
AcDbLine
 10
265.3383191292522
 20
24.0
 30
0.0
 11
304.2601138258096
 21
24.0
 31
0.0
  0
LINE
  5
C42
330
17
100
AcDbEntity
  8
可见轮廓
100
AcDbLine
 10
283.7992164775309
 20
33.0
 30
0.0
 11
283.7992164775309
 21
36.0
 31
0.0
  0
LINE
  5
C43
330
17
100
AcDbEntity
  8
可见轮廓
100
AcDbLine
 10
283.7992164775309
 20
12.0
 30
0.0
 11
283.7992164775309
 21
36.0
 31
0.0
  0
LINE
  5
C44
330
17
100
AcDbEntity
  8
可见轮廓
100
AcDbLine
 10
285.7992164775309
 20
33.0
 30
0.0
 11
285.7992164775309
 21
36.0
 31
0.0
  0
LINE
  5
C45
330
17
100
AcDbEntity
  8
可见轮廓
100
AcDbLine
 10
267.87669704424513
 20
27.0
 30
0.0
 11
301.7217359108167
 21
27.0
 31
0.0
  0
LINE
  5
C46
330
17
100
AcDbEntity
  8
可见轮廓
100
AcDbLine
 10
264.7992164775309
 20
30.0
 30
0.0
 11
304.7992164775309
 21
30.0
 31
0.0
  0
LINE
  5
C47
330
17
100
AcDbEntity
  8
可见轮廓
100
AcDbLine
 10
285.7992164775309
 20
12.0
 30
0.0
 11
285.7992164775309
 21
36.0
 31
0.0
  0
LINE
  5
C48
330
17
100
AcDbEntity
  8
可见轮廓
100
AcDbLine
 10
285.7992164775309
 20
2.0
 30
0.0
 11
310.2795309454226
 21
2.0
 31
0.0
  0
LINE
  5
C49
330
17
100
AcDbEntity
  8
可见轮廓
100
AcDbLine
 10
278.7992164775309
 20
30.0
 30
0.0
 11
290.7992164775309
 21
30.0
 31
0.0
  0
LINE
  5
C4A
330
17
100
AcDbEntity
  8
可见轮廓
100
AcDbLine
 10
278.7992164775309
 20
2.0
 30
0.0
 11
290.7992164775309
 21
2.0
 31
0.0
  0
LINE
  5
C4B
330
17
100
AcDbEntity
  8
可见轮廓
100
AcDbLine
 10
283.7992164775309
 20
2.0
 30
0.0
 11
285.7992164775308
 21
2.0
 31
0.0
  0
LINE
  5
C4C
330
17
100
AcDbEntity
  8
可见轮廓
100
AcDbLine
 10
264.81465611055694
 20
2.0
 30
0.0
 11
304.7837768445048
 21
2.0
 31
0.0
  0
LINE
  5
C4D
330
17
100
AcDbEntity
  8
可见轮廓
100
AcDbLine
 10
278.7992164775309
 20
24.0
 30
0.0
 11
290.7992164775309
 21
24.0
 31
0.0
  0
LINE
  5
C4E
330
17
100
AcDbEntity
  8
可见轮廓
100
AcDbLine
 10
264.7992164775309
 20
24.0
 30
0.0
 11
304.7992164775309
 21
24.0
 31
0.0
  0
LINE
  5
C4F
330
17
100
AcDbEntity
  8
可见轮廓
100
AcDbLine
 10
283.7992164775309
 20
46.0
 30
0.0
 11
285.7992164775309
 21
46.0
 31
0.0
  0
LINE
  5
C50
330
17
100
AcDbEntity
  8
可见轮廓
100
AcDbLine
 10
259.2992164775309
 20
2.0
 30
0.0
 11
259.2992164775309
 21
21.0
 31
0.0
  0
LINE
  5
C51
330
17
100
AcDbEntity
  8
可见轮廓
100
AcDbLine
 10
285.7992164775309
 20
24.0
 30
0.0
 11
291.7992164775309
 21
24.0
 31
0.0
  0
LINE
  5
C52
330
17
100
AcDbEntity
  8
可见轮廓
100
AcDbLine
 10
264.7992164775309
 20
25.45600805912
 30
0.0
 11
264.7992164775309
 21
30.0
 31
0.0
  0
LINE
  5
C53
330
17
100
AcDbEntity
  8
可见轮廓
100
AcDbLine
 10
264.7992164775309
 20
25.45600805912
 30
0.0
 11
304.7992164775309
 21
25.45600805912
 31
0.0
  0
LINE
  5
C54
330
17
100
AcDbEntity
  8
可见轮廓
100
AcDbLine
 10
310.2992164775309
 20
2.0
 30
0.0
 11
310.2992164775309
 21
21.0
 31
0.0
  0
LINE
  5
C55
330
17
100
AcDbEntity
  8
可见轮廓
100
AcDbLine
 10
285.7992164775309
 20
2.0
 30
0.0
 11
285.7992164775309
 21
21.0
 31
0.0
  0
LINE
  5
C56
330
17
100
AcDbEntity
  8
可见轮廓
100
AcDbLine
 10
290.7992164775309
 20
2.0
 30
0.0
 11
290.7992164775309
 21
30.0
 31
0.0
  0
LINE
  5
C57
330
17
100
AcDbEntity
  8
可见轮廓
100
AcDbLine
 10
278.7992164775309
 20
2.0
 30
0.0
 11
278.7992164775309
 21
30.0
 31
0.0
  0
LINE
  5
C58
330
17
100
AcDbEntity
  8
可见轮廓
100
AcDbLine
 10
300.49921647753087
 20
2.0
 30
0.0
 11
300.49921647753087
 21
24.0
 31
0.0
  0
LINE
  5
C59
330
17
100
AcDbEntity
  8
可见轮廓
100
AcDbLine
 10
269.0992164775309
 20
2.0
 30
0.0
 11
269.0992164775309
 21
24.0
 31
0.0
  0
LINE
  5
C5A
330
17
100
AcDbEntity
  8
可见轮廓
100
AcDbLine
 10
285.7992164775309
 20
2.0
 30
0.0
 11
285.7992164775309
 21
24.0
 31
0.0
  0
LINE
  5
C5B
330
17
100
AcDbEntity
  8
可见轮廓
100
AcDbLine
 10
269.0992164775309
 20
2.0
 30
0.0
 11
300.49921647753087
 21
2.0
 31
0.0
  0
LINE
  5
C5C
330
17
100
AcDbEntity
  8
可见轮廓
100
AcDbLine
 10
304.7992164775309
 20
2.0
 30
0.0
 11
304.7992164775309
 21
30.0
 31
0.0
  0
LINE
  5
C5D
330
17
100
AcDbEntity
  8
可见轮廓
100
AcDbLine
 10
290.7992164775309
 20
2.0
 30
0.0
 11
290.7992164775309
 21
24.0
 31
0.0
  0
LINE
  5
C5E
330
17
100
AcDbEntity
  8
可见轮廓
100
AcDbLine
 10
278.7992164775309
 20
2.0
 30
0.0
 11
278.7992164775309
 21
24.0
 31
0.0
  0
LINE
  5
C5F
330
17
100
AcDbEntity
  8
可见轮廓
100
AcDbLine
 10
264.7992164775309
 20
2.0
 30
0.0
 11
264.7992164775309
 21
24.0
 31
0.0
  0
LINE
  5
C60
330
17
100
AcDbEntity
  8
可见轮廓
100
AcDbLine
 10
304.7992164775309
 20
2.0
 30
0.0
 11
304.7992164775309
 21
24.0
 31
0.0
  0
LINE
  5
C61
330
17
100
AcDbEntity
  8
可见轮廓
100
AcDbLine
 10
259.2992164775309
 20
2.0
 30
0.0
 11
259.2992164775309
 21
46.0
 31
0.0
  0
LINE
  5
C62
330
17
100
AcDbEntity
  8
可见轮廓
100
AcDbLine
 10
285.7992164775309
 20
2.0
 30
0.0
 11
285.7992164775309
 21
46.0
 31
0.0
  0
LINE
  5
C63
330
17
100
AcDbEntity
  8
可见轮廓
100
AcDbLine
 10
259.2992164775309
 20
2.0
 30
0.0
 11
310.2992164775309
 21
2.0
 31
0.0
  0
LINE
  5
C64
330
17
100
AcDbEntity
  8
可见轮廓
100
AcDbLine
 10
259.2992164775309
 20
46.0
 30
0.0
 11
310.2992164775309
 21
46.0
 31
0.0
  0
LINE
  5
C65
330
17
100
AcDbEntity
  8
可见轮廓
100
AcDbLine
 10
300.49921647753087
 20
2.0
 30
0.0
 11
300.49921647753087
 21
46.0
 31
0.0
  0
LINE
  5
C66
330
17
100
AcDbEntity
  8
可见轮廓
100
AcDbLine
 10
269.0992164775309
 20
2.0
 30
0.0
 11
269.0992164775309
 21
46.0
 31
0.0
  0
LINE
  5
C67
330
17
100
AcDbEntity
  8
可见轮廓
100
AcDbLine
 10
269.0992164775309
 20
46.0
 30
0.0
 11
300.49921647753087
 21
46.0
 31
0.0
  0
LINE
  5
C68
330
17
100
AcDbEntity
  8
可见轮廓
100
AcDbLine
 10
304.8080463669753
 20
21.20182803646028
 30
0.0
 11
304.81040335798457
 21
21.2306250610899
 31
0.0
  0
LINE
  5
C69
330
17
100
AcDbEntity
  8
可见轮廓
100
AcDbLine
 10
304.8024992579355
 20
21.14419730014875
 30
0.0
 11
304.80541162932144
 21
21.173018114492592
 31
0.0
  0
LINE
  5
C6A
330
17
100
AcDbEntity
  8
可见轮廓
100
AcDbLine
 10
304.79930936573015
 20
21.115367598390662
 30
0.0
 11
304.8024992579355
 21
21.14419730014875
 31
0.0
  0
LINE
  5
C6B
330
17
100
AcDbEntity
  8
可见轮廓
100
AcDbLine
 10
304.7880756933236
 20
21.02884521825004
 30
0.0
 11
304.7920974705116
 21
21.057689552479395
 31
0.0
  0
LINE
  5
C6C
330
17
100
AcDbEntity
  8
可见轮廓
100
AcDbLine
 10
304.78377684450476
 20
21.0
 30
0.0
 11
304.7880756933236
 21
21.02884521825004
 31
0.0
  0
LINE
  5
C6D
330
17
100
AcDbEntity
  8
可见轮廓
100
AcDbLine
 10
304.79535522138207
 20
21.230735196781186
 30
0.0
 11
304.79704433132474
 21
21.288394600297355
 31
0.0
  0
LINE
  5
C6E
330
17
100
AcDbEntity
  8
可见轮廓
100
AcDbLine
 10
304.79704433132474
 20
21.288394600297355
 30
0.0
 11
304.79825099494036
 21
21.34603622898503
 31
0.0
  0
LINE
  5
C6F
330
17
100
AcDbEntity
  8
可见轮廓
100
AcDbLine
 10
304.79825099494036
 20
21.34603622898503
 30
0.0
 11
304.7989750858141
 21
21.40365607292039
 31
0.0
  0
LINE
  5
C70
330
17
100
AcDbEntity
  8
可见轮廓
100
AcDbLine
 10
305.7917880188628
 20
23.22800402956
 30
0.0
 11
305.7949702573758
 21
23.28200278768596
 31
0.0
  0
LINE
  5
C71
330
17
100
AcDbEntity
  8
可见轮廓
100
AcDbLine
 10
263.80342082598844
 20
23.28227928428683
 30
0.0
 11
263.80664493619895
 21
23.22800402956
 31
0.0
  0
LINE
  5
C72
330
17
100
AcDbEntity
  8
可见轮廓
100
AcDbLine
 10
264.799457869257
 20
21.40365607180518
 30
0.0
 11
264.80018196015317
 21
21.34603622708662
 31
0.0
  0
LINE
  5
C73
330
17
100
AcDbEntity
  8
可见轮廓
100
AcDbLine
 10
264.80018196015317
 20
21.34603622708662
 30
0.0
 11
264.80138862379596
 21
21.288394597949114
 31
0.0
  0
LINE
  5
C74
330
17
100
AcDbEntity
  8
可见轮廓
100
AcDbLine
 10
264.80138862379596
 20
21.288394597949114
 30
0.0
 11
264.80307773376194
 21
21.23073519431796
 31
0.0
  0
LINE
  5
C75
330
17
100
AcDbEntity
  8
可见轮廓
100
AcDbLine
 10
264.80307773376194
 20
21.23073519431796
 30
0.0
 11
264.8052491636278
 21
21.173062026118444
 31
0.0
  0
LINE
  5
C76
330
17
100
AcDbEntity
  8
可见轮廓
100
AcDbLine
 10
264.8052491636278
 20
21.173062026118444
 30
0.0
 11
264.8079027869701
 21
21.115379103275874
 31
0.0
  0
LINE
  5
C77
330
17
100
AcDbEntity
  8
可见轮廓
100
AcDbLine
 10
264.8079027869701
 20
21.115379103275874
 30
0.0
 11
264.81103847736546
 21
21.057690435715543
 31
0.0
  0
LINE
  5
C78
330
17
100
AcDbEntity
  8
可见轮廓
100
AcDbLine
 10
264.81103847736546
 20
21.057690435715543
 30
0.0
 11
264.814656110557
 21
21.0
 31
0.0
  0
LINE
  5
C79
330
17
100
AcDbEntity
  8
可见轮廓
100
AcDbLine
 10
264.8103572617947
 20
21.02884521785782
 30
0.0
 11
264.814656110557
 21
21.0
 31
0.0
  0
ARC
  5
C7A
330
17
100
AcDbEntity
  8
可见轮廓
100
AcDbCircle
 10
277.7992164775309
 20
33.0
 30
0.0
 40
3.0
100
AcDbArc
 50
90.0
 51
134.99999999999994
  0
ARC
  5
C7B
330
17
100
AcDbEntity
  8
可见轮廓
100
AcDbCircle
 10
277.7992164775309
 20
33.0
 30
0.0
 40
3.0
100
AcDbArc
 50
134.99999999999994
 51
180.0
  0
ARC
  5
C7C
330
17
100
AcDbEntity
  8
可见轮廓
100
AcDbCircle
 10
277.7992164775309
 20
15.0
 30
0.0
 40
3.0
100
AcDbArc
 50
-134.9999999999999
 51
-90.0
  0
ARC
  5
C7D
330
17
100
AcDbEntity
  8
可见轮廓
100
AcDbCircle
 10
277.7992164775309
 20
15.0
 30
0.0
 40
3.0
100
AcDbArc
 50
180.0
 51
-134.9999999999999
  0
ARC
  5
C7E
330
17
100
AcDbEntity
  8
可见轮廓
100
AcDbCircle
 10
277.7992164775309
 20
15.0
 30
0.0
 40
3.0
100
AcDbArc
 50
-134.9999999999999
 51
-90.0
  0
ARC
  5
C7F
330
17
100
AcDbEntity
  8
可见轮廓
100
AcDbCircle
 10
277.7992164775309
 20
15.0
 30
0.0
 40
3.0
100
AcDbArc
 50
180.0
 51
-134.9999999999999
  0
ARC
  5
C80
330
17
100
AcDbEntity
  8
可见轮廓
100
AcDbCircle
 10
291.7992164775309
 20
15.0
 30
0.0
 40
3.0
100
AcDbArc
 50
-90.0
 51
-45.0
  0
ARC
  5
C81
330
17
100
AcDbEntity
  8
可见轮廓
100
AcDbCircle
 10
291.7992164775309
 20
15.0
 30
0.0
 40
3.0
100
AcDbArc
 50
-45.0
 51
0.0
  0
ARC
  5
C82
330
17
100
AcDbEntity
  8
可见轮廓
100
AcDbCircle
 10
291.7992164775309
 20
33.0
 30
0.0
 40
3.0
100
AcDbArc
 50
44.99999999999991
 51
90.0
  0
ARC
  5
C83
330
17
100
AcDbEntity
  8
可见轮廓
100
AcDbCircle
 10
291.7992164775309
 20
33.0
 30
0.0
 40
3.0
100
AcDbArc
 50
0.0
 51
44.99999999999991
  0
ARC
  5
C84
330
17
100
AcDbEntity
  8
可见轮廓
100
AcDbCircle
 10
291.7992164775309
 20
33.0
 30
0.0
 40
3.0
100
AcDbArc
 50
44.99999999999991
 51
90.0
  0
ARC
  5
C85
330
17
100
AcDbEntity
  8
可见轮廓
100
AcDbCircle
 10
291.7992164775309
 20
33.0
 30
0.0
 40
3.0
100
AcDbArc
 50
0.0
 51
44.99999999999991
  0
LINE
  5
C86
330
17
100
AcDbEntity
  8
隐藏线
100
AcDbLine
 10
283.4229232415654
 20
12.000000000000005
 30
0.0
 11
283.7992164775309
 21
12.000000000000005
 31
0.0
  0
LINE
  5
C87
330
17
100
AcDbEntity
  8
隐藏线
100
AcDbLine
 10
283.04686851642845
 20
12.000000000000005
 30
0.0
 11
283.4229232415654
 21
12.000000000000005
 31
0.0
  0
LINE
  5
C88
330
17
100
AcDbEntity
  8
隐藏线
100
AcDbLine
 10
282.67111356999584
 20
12.000000000000005
 30
0.0
 11
283.04686851642845
 21
12.000000000000005
 31
0.0
  0
LINE
  5
C89
330
17
100
AcDbEntity
  8
隐藏线
100
AcDbLine
 10
282.29571962455725
 20
12.000000000000005
 30
0.0
 11
282.67111356999584
 21
12.000000000000005
 31
0.0
  0
LINE
  5
C8A
330
17
100
AcDbEntity
  8
隐藏线
100
AcDbLine
 10
281.92078964708753
 20
12.000000000000005
 30
0.0
 11
282.29571962455725
 21
12.000000000000005
 31
0.0
  0
LINE
  5
C8B
330
17
100
AcDbEntity
  8
隐藏线
100
AcDbLine
 10
281.54635514252743
 20
12.000000000000005
 30
0.0
 11
281.92078964708753
 21
12.000000000000005
 31
0.0
  0
LINE
  5
C8C
330
17
100
AcDbEntity
  8
隐藏线
100
AcDbLine
 10
281.1724771133808
 20
12.000000000000005
 30
0.0
 11
281.54635514252743
 21
12.000000000000005
 31
0.0
  0
LINE
  5
C8D
330
17
100
AcDbEntity
  8
隐藏线
100
AcDbLine
 10
280.7992164775309
 20
12.000000000000005
 30
0.0
 11
281.1724771133808
 21
12.000000000000005
 31
0.0
  0
LINE
  5
C8E
330
17
100
AcDbEntity
  8
隐藏线
100
AcDbLine
 10
280.7963657469003
 20
12.000000000000005
 30
0.0
 11
280.7992164775309
 21
12.000000000000005
 31
0.0
  0
LINE
  5
C8F
330
17
100
AcDbEntity
  8
隐藏线
100
AcDbLine
 10
280.4010929887797
 20
12.000000000000005
 30
0.0
 11
280.7764117680343
 21
12.000000000000005
 31
0.0
  0
LINE
  5
C90
330
17
100
AcDbEntity
  8
隐藏线
100
AcDbLine
 10
280.02654125782135
 20
12.000000000000005
 30
0.0
 11
280.4010929887797
 21
12.000000000000005
 31
0.0
  0
LINE
  5
C91
330
17
100
AcDbEntity
  8
隐藏线
100
AcDbLine
 10
279.6528185318084
 20
12.000000000000005
 30
0.0
 11
280.02654125782135
 21
12.000000000000005
 31
0.0
  0
LINE
  5
C92
330
17
100
AcDbEntity
  8
隐藏线
100
AcDbLine
 10
279.2799866393926
 20
12.000000000000005
 30
0.0
 11
279.6528185318084
 21
12.000000000000005
 31
0.0
  0
LINE
  5
C93
330
17
100
AcDbEntity
  8
隐藏线
100
AcDbLine
 10
278.9081933132471
 20
12.000000000000005
 30
0.0
 11
279.2799866393926
 21
12.000000000000005
 31
0.0
  0
LINE
  5
C94
330
17
100
AcDbEntity
  8
隐藏线
100
AcDbLine
 10
278.53742631946227
 20
12.000000000000005
 30
0.0
 11
278.9081933132471
 21
12.000000000000005
 31
0.0
  0
LINE
  5
C95
330
17
100
AcDbEntity
  8
隐藏线
100
AcDbLine
 10
278.1677469871607
 20
12.000000000000005
 30
0.0
 11
278.53742631946227
 21
12.000000000000005
 31
0.0
  0
LINE
  5
C96
330
17
100
AcDbEntity
  8
隐藏线
100
AcDbLine
 10
277.799216477531
 20
12.000000000000005
 30
0.0
 11
278.1677469871607
 21
12.000000000000005
 31
0.0
  0
LINE
  5
C97
330
17
100
AcDbEntity
  8
隐藏线
100
AcDbLine
 10
273.1676375301625
 20
15.0
 30
0.0
 11
273.1848806288853
 21
14.52729337539719
 31
0.0
  0
LINE
  5
C98
330
17
100
AcDbEntity
  8
隐藏线
100
AcDbLine
 10
273.1848806288853
 20
14.52729337539719
 30
0.0
 11
273.23578139309313
 21
14.058552711200678
 31
0.0
  0
LINE
  5
C99
330
17
100
AcDbEntity
  8
隐藏线
100
AcDbLine
 10
273.23578139309313
 20
14.058552711200678
 30
0.0
 11
273.31909702484506
 21
13.596871740686115
 31
0.0
  0
LINE
  5
C9A
330
17
100
AcDbEntity
  8
隐藏线
100
AcDbLine
 10
273.31909702484506
 20
13.596871740686115
 30
0.0
 11
273.43358472620025
 21
13.145344197129148
 31
0.0
  0
LINE
  5
C9B
330
17
100
AcDbEntity
  8
隐藏线
100
AcDbLine
 10
273.43358472620025
 20
13.145344197129148
 30
0.0
 11
273.57800169921774
 21
12.707063813805428
 31
0.0
  0
LINE
  5
C9C
330
17
100
AcDbEntity
  8
隐藏线
100
AcDbLine
 10
273.57800169921774
 20
12.707063813805428
 30
0.0
 11
273.75110502051365
 21
12.285123716764643
 31
0.0
  0
LINE
  5
C9D
330
17
100
AcDbEntity
  8
隐藏线
100
AcDbLine
 10
273.75110502051365
 20
12.285123716764643
 30
0.0
 11
273.95157067365994
 21
11.882224489048035
 31
0.0
  0
LINE
  5
C9E
330
17
100
AcDbEntity
  8
隐藏线
100
AcDbLine
 10
273.95157067365994
 20
11.882224489048035
 30
0.0
 11
274.1778541213709
 21
11.499999249502189
 31
0.0
  0
LINE
  5
C9F
330
17
100
AcDbEntity
  8
隐藏线
100
AcDbLine
 10
274.1778541213709
 20
11.499999249502189
 30
0.0
 11
274.2465962983916
 21
11.395433456985712
 31
0.0
  0
LINE
  5
CA0
330
17
100
AcDbEntity
  8
隐藏线
100
AcDbLine
 10
274.2465962983916
 20
11.395433456985712
 30
0.0
 11
274.31725648511895
 21
11.292685131221878
 31
0.0
  0
LINE
  5
CA1
330
17
100
AcDbEntity
  8
隐藏线
100
AcDbLine
 10
274.31725648511895
 20
11.292685131221878
 30
0.0
 11
274.3897984670938
 21
11.19178754942051
 31
0.0
  0
LINE
  5
CA2
330
17
100
AcDbEntity
  8
隐藏线
100
AcDbLine
 10
274.3897984670938
 20
11.19178754942051
 30
0.0
 11
274.464186029857
 21
11.092773988791437
 31
0.0
  0
LINE
  5
CA3
330
17
100
AcDbEntity
  8
隐藏线
100
AcDbLine
 10
274.464186029857
 20
11.092773988791437
 30
0.0
 11
274.54038295894924
 21
10.99567772654448
 31
0.0
  0
LINE
  5
CA4
330
17
100
AcDbEntity
  8
隐藏线
100
AcDbLine
 10
274.54038295894924
 20
10.99567772654448
 30
0.0
 11
274.6183530399114
 21
10.900532039889471
 31
0.0
  0
LINE
  5
CA5
330
17
100
AcDbEntity
  8
隐藏线
100
AcDbLine
 10
274.6183530399114
 20
10.900532039889471
 30
0.0
 11
274.6980600582843
 21
10.807370206036232
 31
0.0
  0
LINE
  5
CA6
330
17
100
AcDbEntity
  8
隐藏线
100
AcDbLine
 10
274.6980600582843
 20
10.807370206036232
 30
0.0
 11
274.7794677996086
 21
10.716225502194595
 31
0.0
  0
LINE
  5
CA7
330
17
100
AcDbEntity
  8
隐藏线
100
AcDbLine
 10
274.7794677996086
 20
10.716225502194595
 30
0.0
 11
275.16781200135085
 21
10.330186085411736
 31
0.0
  0
LINE
  5
CA8
330
17
100
AcDbEntity
  8
隐藏线
100
AcDbLine
 10
275.16781200135085
 20
10.330186085411736
 30
0.0
 11
275.58679691508974
 21
9.989026565096246
 31
0.0
  0
LINE
  5
CA9
330
17
100
AcDbEntity
  8
隐藏线
100
AcDbLine
 10
275.58679691508974
 20
9.989026565096246
 30
0.0
 11
276.0327691194353
 21
9.694981359662698
 31
0.0
  0
LINE
  5
CAA
330
17
100
AcDbEntity
  8
隐藏线
100
AcDbLine
 10
276.0327691194353
 20
9.694981359662698
 30
0.0
 11
276.50197498660646
 21
9.450008778103257
 31
0.0
  0
LINE
  5
CAB
330
17
100
AcDbEntity
  8
隐藏线
100
AcDbLine
 10
276.50197498660646
 20
9.450008778103257
 30
0.0
 11
276.9906606915656
 21
9.256066585887593
 31
0.0
  0
LINE
  5
CAC
330
17
100
AcDbEntity
  8
隐藏线
100
AcDbLine
 10
276.9906606915656
 20
9.256066585887593
 30
0.0
 11
277.49507240927505
 21
9.115112548485381
 31
0.0
  0
LINE
  5
CAD
330
17
100
AcDbEntity
  8
隐藏线
100
AcDbLine
 10
277.49507240927505
 20
9.115112548485381
 30
0.0
 11
278.01145631469706
 21
9.029104431366296
 31
0.0
  0
LINE
  5
CAE
330
17
100
AcDbEntity
  8
隐藏线
100
AcDbLine
 10
278.01145631469706
 20
9.029104431366296
 30
0.0
 11
278.53605858279406
 21
9.00000000000001
 31
0.0
  0
LINE
  5
CAF
330
17
100
AcDbEntity
  8
隐藏线
100
AcDbLine
 10
277.5060563865355
 20
12.014552215683144
 30
0.0
 11
277.7992164775309
 21
12.0
 31
0.0
  0
LINE
  5
CB0
330
17
100
AcDbEntity
  8
隐藏线
100
AcDbLine
 10
277.21748890997605
 20
12.057556274242684
 30
0.0
 11
277.5060563865355
 21
12.014552215683144
 31
0.0
  0
LINE
  5
CB1
330
17
100
AcDbEntity
  8
隐藏线
100
AcDbLine
 10
276.935611773609
 20
12.128033292943787
 30
0.0
 11
277.21748890997605
 21
12.057556274242684
 31
0.0
  0
LINE
  5
CB2
330
17
100
AcDbEntity
  8
隐藏线
100
AcDbLine
 10
276.6625227031907
 20
12.225004389051614
 30
0.0
 11
276.935611773609
 21
12.128033292943787
 31
0.0
  0
LINE
  5
CB3
330
17
100
AcDbEntity
  8
隐藏线
100
AcDbLine
 10
276.4003194244774
 20
12.347490679831331
 30
0.0
 11
276.6625227031907
 21
12.225004389051614
 31
0.0
  0
LINE
  5
CB4
330
17
100
AcDbEntity
  8
隐藏线
100
AcDbLine
 10
276.1510996632255
 20
12.494513282548102
 30
0.0
 11
276.4003194244774
 21
12.347490679831331
 31
0.0
  0
LINE
  5
CB5
330
17
100
AcDbEntity
  8
隐藏线
100
AcDbLine
 10
275.9169610349597
 20
12.665093042705848
 30
0.0
 11
276.1510996632255
 21
12.494513282548102
 31
0.0
  0
LINE
  5
CB6
330
17
100
AcDbEntity
  8
隐藏线
100
AcDbLine
 10
275.69994515751546
 20
12.85811275109728
 30
0.0
 11
275.9169610349597
 21
12.665093042705848
 31
0.0
  0
LINE
  5
CB7
330
17
100
AcDbEntity
  8
隐藏线
100
AcDbLine
 10
275.69725758327604
 20
12.860751101788793
 30
0.0
 11
275.69994515751546
 21
12.85811275109728
 31
0.0
  0
LINE
  5
CB8
330
17
100
AcDbEntity
  8
隐藏线
100
AcDbLine
 10
275.48501578636467
 20
13.092457531690135
 30
0.0
 11
275.6785340651233
 21
12.879317547472127
 31
0.0
  0
LINE
  5
CB9
330
17
100
AcDbEntity
  8
隐藏线
100
AcDbLine
 10
275.3120138222858
 20
13.324384690183265
 30
0.0
 11
275.48501578636467
 21
13.092457531690135
 31
0.0
  0
LINE
  5
CBA
330
17
100
AcDbEntity
  8
隐藏线
100
AcDbLine
 10
275.1613273507459
 20
13.57361979767482
 30
0.0
 11
275.3120138222858
 21
13.324384690183265
 31
0.0
  0
LINE
  5
CBB
330
17
100
AcDbEntity
  8
隐藏线
100
AcDbLine
 10
275.0347393811777
 20
13.838613601693904
 30
0.0
 11
275.1613273507459
 21
13.57361979767482
 31
0.0
  0
LINE
  5
CBC
330
17
100
AcDbEntity
  8
隐藏线
100
AcDbLine
 10
274.9338186711135
 20
14.116888901755958
 30
0.0
 11
275.0347393811777
 21
13.838613601693904
 31
0.0
  0
LINE
  5
CBD
330
17
100
AcDbEntity
  8
隐藏线
100
AcDbLine
 10
274.85998214591484
 20
14.405310895921573
 30
0.0
 11
274.9338186711135
 21
14.116888901755958
 31
0.0
  0
LINE
  5
CBE
330
17
100
AcDbEntity
  8
隐藏线
100
AcDbLine
 10
274.8146435124359
 20
14.700730842549877
 30
0.0
 11
274.85998214591484
 21
14.405310895921573
 31
0.0
  0
LINE
  5
CBF
330
17
100
AcDbEntity
  8
隐藏线
100
AcDbLine
 10
274.7992164775309
 20
15.0
 30
0.0
 11
274.8146435124359
 21
14.700730842549877
 31
0.0
  0
LINE
  5
CC0
330
17
100
AcDbEntity
  8
隐藏线
100
AcDbLine
 10
259.31430749042886
 20
2.0
 30
0.0
 11
259.31890200963915
 21
2.0
 31
0.0
  0
LINE
  5
CC1
330
17
100
AcDbEntity
  8
隐藏线
100
AcDbLine
 10
291.43068596790107
 20
12.000000000000005
 30
0.0
 11
291.79921647753076
 21
12.000000000000005
 31
0.0
  0
LINE
  5
CC2
330
17
100
AcDbEntity
  8
隐藏线
100
AcDbLine
 10
291.0610066355995
 20
12.000000000000005
 30
0.0
 11
291.43068596790107
 21
12.000000000000005
 31
0.0
  0
LINE
  5
CC3
330
17
100
AcDbEntity
  8
隐藏线
100
AcDbLine
 10
290.6902396418146
 20
12.000000000000005
 30
0.0
 11
291.0610066355995
 21
12.000000000000005
 31
0.0
  0
LINE
  5
CC4
330
17
100
AcDbEntity
  8
隐藏线
100
AcDbLine
 10
290.3184463156692
 20
12.000000000000005
 30
0.0
 11
290.6902396418146
 21
12.000000000000005
 31
0.0
  0
LINE
  5
CC5
330
17
100
AcDbEntity
  8
隐藏线
100
AcDbLine
 10
289.94561442325335
 20
12.000000000000005
 30
0.0
 11
290.3184463156692
 21
12.000000000000005
 31
0.0
  0
LINE
  5
CC6
330
17
100
AcDbEntity
  8
隐藏线
100
AcDbLine
 10
289.57189169724046
 20
12.000000000000005
 30
0.0
 11
289.94561442325335
 21
12.000000000000005
 31
0.0
  0
LINE
  5
CC7
330
17
100
AcDbEntity
  8
隐藏线
100
AcDbLine
 10
289.19733996628213
 20
12.000000000000005
 30
0.0
 11
289.57189169724046
 21
12.000000000000005
 31
0.0
  0
LINE
  5
CC8
330
17
100
AcDbEntity
  8
隐藏线
100
AcDbLine
 10
288.8220211870275
 20
12.000000000000005
 30
0.0
 11
289.19733996628213
 21
12.000000000000005
 31
0.0
  0
LINE
  5
CC9
330
17
100
AcDbEntity
  8
隐藏线
100
AcDbLine
 10
288.8191707404821
 20
12.000000000000005
 30
0.0
 11
288.8220211870275
 21
12.000000000000005
 31
0.0
  0
LINE
  5
CCA
330
17
100
AcDbEntity
  8
隐藏线
100
AcDbLine
 10
288.4259558416809
 20
12.000000000000005
 30
0.0
 11
288.7992164775309
 21
12.000000000000005
 31
0.0
  0
LINE
  5
CCB
330
17
100
AcDbEntity
  8
隐藏线
100
AcDbLine
 10
288.05207781253426
 20
12.000000000000005
 30
0.0
 11
288.4259558416809
 21
12.000000000000005
 31
0.0
  0
LINE
  5
CCC
330
17
100
AcDbEntity
  8
隐藏线
100
AcDbLine
 10
287.6776433079742
 20
12.000000000000005
 30
0.0
 11
288.05207781253426
 21
12.000000000000005
 31
0.0
  0
LINE
  5
CCD
330
17
100
AcDbEntity
  8
隐藏线
100
AcDbLine
 10
287.3027133305045
 20
12.000000000000005
 30
0.0
 11
287.6776433079742
 21
12.000000000000005
 31
0.0
  0
LINE
  5
CCE
330
17
100
AcDbEntity
  8
隐藏线
100
AcDbLine
 10
286.9273193850659
 20
12.000000000000005
 30
0.0
 11
287.3027133305045
 21
12.000000000000005
 31
0.0
  0
LINE
  5
CCF
330
17
100
AcDbEntity
  8
隐藏线
100
AcDbLine
 10
286.55156443863325
 20
12.000000000000005
 30
0.0
 11
286.9273193850659
 21
12.000000000000005
 31
0.0
  0
LINE
  5
CD0
330
17
100
AcDbEntity
  8
隐藏线
100
AcDbLine
 10
286.17550971349635
 20
12.000000000000005
 30
0.0
 11
286.55156443863325
 21
12.000000000000005
 31
0.0
  0
LINE
  5
CD1
330
17
100
AcDbEntity
  8
隐藏线
100
AcDbLine
 10
285.7992164775309
 20
12.000000000000005
 30
0.0
 11
286.17550971349635
 21
12.000000000000005
 31
0.0
  0
LINE
  5
CD2
330
17
100
AcDbEntity
  8
隐藏线
100
AcDbLine
 10
294.5963743598947
 20
13.917535974391892
 30
0.0
 11
294.6568988218097
 21
14.0884384822099
 31
0.0
  0
LINE
  5
CD3
330
17
100
AcDbEntity
  8
隐藏线
100
AcDbLine
 10
294.52600973862536
 20
13.751193287804027
 30
0.0
 11
294.5963743598947
 21
13.917535974391892
 31
0.0
  0
LINE
  5
CD4
330
17
100
AcDbEntity
  8
隐藏线
100
AcDbLine
 10
294.44621622346085
 20
13.589985623409806
 30
0.0
 11
294.52600973862536
 21
13.751193287804027
 31
0.0
  0
LINE
  5
CD5
330
17
100
AcDbEntity
  8
隐藏线
100
AcDbLine
 10
294.3574050798603
 20
13.434488182172743
 30
0.0
 11
294.44621622346085
 21
13.589985623409806
 31
0.0
  0
LINE
  5
CD6
330
17
100
AcDbEntity
  8
隐藏线
100
AcDbLine
 10
294.2599873167491
 20
13.28526954666853
 30
0.0
 11
294.3574050798603
 21
13.434488182172743
 31
0.0
  0
LINE
  5
CD7
330
17
100
AcDbEntity
  8
隐藏线
100
AcDbLine
 10
294.1543686427179
 20
13.142761554698614
 30
0.0
 11
294.2599873167491
 21
13.28526954666853
 31
0.0
  0
LINE
  5
CD8
330
17
100
AcDbEntity
  8
隐藏线
100
AcDbLine
 10
294.0409497793389
 20
13.00726738262049
 30
0.0
 11
294.1543686427179
 21
13.142761554698614
 31
0.0
  0
LINE
  5
CD9
330
17
100
AcDbEntity
  8
隐藏线
100
AcDbLine
 10
293.9201312543869
 20
12.879085206951672
 30
0.0
 11
294.0409497793389
 21
13.00726738262049
 31
0.0
  0
LINE
  5
CDA
330
17
100
AcDbEntity
  8
隐藏线
100
AcDbLine
 10
293.8958486107638
 20
12.85506968151384
 30
0.0
 11
293.9201312543869
 21
12.879085206951672
 31
0.0
  0
LINE
  5
CDB
330
17
100
AcDbEntity
  8
隐藏线
100
AcDbLine
 10
293.8713050310284
 20
12.831343242965486
 30
0.0
 11
293.8958486107638
 21
12.85506968151384
 31
0.0
  0
LINE
  5
CDC
330
17
100
AcDbEntity
  8
隐藏线
100
AcDbLine
 10
293.84650344706114
 20
12.80790807397152
 30
0.0
 11
293.8713050310284
 21
12.831343242965486
 31
0.0
  0
LINE
  5
CDD
330
17
100
AcDbEntity
  8
隐藏线
100
AcDbLine
 10
293.8214467907426
 20
12.784766357196839
 30
0.0
 11
293.84650344706114
 21
12.80790807397152
 31
0.0
  0
LINE
  5
CDE
330
17
100
AcDbEntity
  8
隐藏线
100
AcDbLine
 10
293.77057998857345
 20
12.73937201096494
 30
0.0
 11
293.7961379939532
 21
12.761920275306347
 31
0.0
  0
LINE
  5
CDF
330
17
100
AcDbEntity
  8
隐藏线
100
AcDbLine
 10
293.74477570648384
 20
12.717123746837524
 30
0.0
 11
293.77057998857345
 21
12.73937201096494
 31
0.0
  0
LINE
  5
CE0
330
17
100
AcDbEntity
  8
隐藏线
100
AcDbLine
 10
293.7187280795649
 20
12.695177665589002
 30
0.0
 11
293.74477570648384
 21
12.717123746837524
 31
0.0
  0
LINE
  5
CE1
330
17
100
AcDbEntity
  8
隐藏线
100
AcDbLine
 10
293.512395387127
 20
12.537986925497247
 30
0.0
 11
293.7187280795649
 21
12.695177665589002
 31
0.0
  0
LINE
  5
CE2
330
17
100
AcDbEntity
  8
隐藏线
100
AcDbLine
 10
293.29340783409725
 20
12.399436197113229
 30
0.0
 11
293.512395387127
 21
12.537986925497247
 31
0.0
  0
LINE
  5
CE3
330
17
100
AcDbEntity
  8
隐藏线
100
AcDbLine
 10
293.06325343064924
 20
12.28028930348846
 30
0.0
 11
293.29340783409725
 21
12.399436197113229
 31
0.0
  0
LINE
  5
CE4
330
17
100
AcDbEntity
  8
隐藏线
100
AcDbLine
 10
292.8234817595337
 20
12.18124310974824
 30
0.0
 11
293.06325343064924
 21
12.28028930348846
 31
0.0
  0
LINE
  5
CE5
330
17
100
AcDbEntity
  8
隐藏线
100
AcDbLine
 10
292.5756425247074
 20
12.102994349210922
 30
0.0
 11
292.8234817595337
 21
12.18124310974824
 31
0.0
  0
LINE
  5
CE6
330
17
100
AcDbEntity
  8
隐藏线
100
AcDbLine
 10
292.32128543012703
 20
12.046239755194872
 30
0.0
 11
292.5756425247074
 21
12.102994349210922
 31
0.0
  0
LINE
  5
CE7
330
17
100
AcDbEntity
  8
隐藏线
100
AcDbLine
 10
292.0619601797493
 20
12.011676061018443
 30
0.0
 11
292.32128543012703
 21
12.046239755194872
 31
0.0
  0
LINE
  5
CE8
330
17
100
AcDbEntity
  8
隐藏线
100
AcDbLine
 10
291.7992164775309
 20
12.0
 30
0.0
 11
292.0619601797493
 21
12.011676061018443
 31
0.0
  0
LINE
  5
CE9
330
17
100
AcDbEntity
  8
隐藏线
100
AcDbLine
 10
291.0623743722677
 20
9.00000000000001
 30
0.0
 11
291.53254731307976
 21
9.023352122036894
 31
0.0
  0
LINE
  5
CEA
330
17
100
AcDbEntity
  8
隐藏线
100
AcDbLine
 10
291.53254731307976
 20
9.023352122036894
 30
0.0
 11
291.9966030242821
 21
9.09247951038974
 31
0.0
  0
LINE
  5
CEB
330
17
100
AcDbEntity
  8
隐藏线
100
AcDbLine
 10
291.9966030242821
 20
9.09247951038974
 30
0.0
 11
292.4517683514259
 21
9.205988698421834
 31
0.0
  0
LINE
  5
CEC
330
17
100
AcDbEntity
  8
隐藏线
100
AcDbLine
 10
292.4517683514259
 20
9.205988698421834
 30
0.0
 11
292.8952701400624
 21
9.362486219496454
 31
0.0
  0
LINE
  5
CED
330
17
100
AcDbEntity
  8
隐藏线
100
AcDbLine
 10
292.8952701400624
 20
9.362486219496454
 30
0.0
 11
293.32433523574275
 21
9.560578606976879
 31
0.0
  0
LINE
  5
CEE
330
17
100
AcDbEntity
  8
隐藏线
100
AcDbLine
 10
293.32433523574275
 20
9.560578606976879
 30
0.0
 11
293.73619048401815
 21
9.7988723942264
 31
0.0
  0
LINE
  5
CEF
330
17
100
AcDbEntity
  8
隐藏线
100
AcDbLine
 10
293.73619048401815
 20
9.7988723942264
 30
0.0
 11
294.1280629473345
 21
10.07597385099441
 31
0.0
  0
LINE
  5
CF0
330
17
100
AcDbEntity
  8
隐藏线
100
AcDbLine
 10
294.1280629473345
 20
10.07597385099441
 30
0.0
 11
294.4972898706444
 21
10.390355331177897
 31
0.0
  0
LINE
  5
CF1
330
17
100
AcDbEntity
  8
隐藏线
100
AcDbLine
 10
294.4972898706444
 20
10.390355331177897
 30
0.0
 11
294.625554606865
 21
10.513635291495182
 31
0.0
  0
LINE
  5
CF2
330
17
100
AcDbEntity
  8
隐藏线
100
AcDbLine
 10
294.625554606865
 20
10.513635291495182
 30
0.0
 11
294.75039468033464
 21
10.64150911061311
 31
0.0
  0
LINE
  5
CF3
330
17
100
AcDbEntity
  8
隐藏线
100
AcDbLine
 10
294.75039468033464
 20
10.64150911061311
 30
0.0
 11
294.87169799415295
 21
10.773883519152982
 31
0.0
  0
LINE
  5
CF4
330
17
100
AcDbEntity
  8
隐藏线
100
AcDbLine
 10
294.87169799415295
 20
10.773883519152982
 30
0.0
 11
294.9893524514197
 21
10.9106652477361
 31
0.0
  0
LINE
  5
CF5
330
17
100
AcDbEntity
  8
隐藏线
100
AcDbLine
 10
294.9893524514197
 20
10.9106652477361
 30
0.0
 11
295.1032459552345
 21
11.05176102698377
 31
0.0
  0
LINE
  5
CF6
330
17
100
AcDbEntity
  8
隐藏线
100
AcDbLine
 10
295.1032459552345
 20
11.05176102698377
 30
0.0
 11
295.2132664086972
 21
11.197077587517294
 31
0.0
  0
LINE
  5
CF7
330
17
100
AcDbEntity
  8
隐藏线
100
AcDbLine
 10
295.2132664086972
 20
11.197077587517294
 30
0.0
 11
295.31930171490745
 21
11.346521659957974
 31
0.0
  0
LINE
  5
CF8
330
17
100
AcDbEntity
  8
隐藏线
100
AcDbLine
 10
295.31930171490745
 20
11.346521659957974
 30
0.0
 11
295.4212397769649
 21
11.499999974927112
 31
0.0
  0
LINE
  5
CF9
330
17
100
AcDbEntity
  8
隐藏线
100
AcDbLine
 10
294.7072108613151
 20
14.263478731248183
 30
0.0
 11
294.7135284559512
 21
14.28874614978419
 31
0.0
  0
LINE
  5
CFA
330
17
100
AcDbEntity
  8
隐藏线
100
AcDbLine
 10
294.70067580150385
 20
14.238280835202989
 30
0.0
 11
294.7072108613151
 21
14.263478731248183
 31
0.0
  0
LINE
  5
CFB
330
17
100
AcDbEntity
  8
隐藏线
100
AcDbLine
 10
294.6939244743189
 20
14.21315413690859
 30
0.0
 11
294.70067580150385
 21
14.238280835202989
 31
0.0
  0
LINE
  5
CFC
330
17
100
AcDbEntity
  8
隐藏线
100
AcDbLine
 10
294.6723848665371
 20
14.13821798113014
 30
0.0
 11
294.6797778090341
 21
14.163121034612173
 31
0.0
  0
LINE
  5
CFD
330
17
100
AcDbEntity
  8
隐藏线
100
AcDbLine
 10
294.6647804478724
 20
14.113392826438888
 30
0.0
 11
294.6723848665371
 21
14.13821798113014
 31
0.0
  0
LINE
  5
CFE
330
17
100
AcDbEntity
  8
隐藏线
100
AcDbLine
 10
293.5286217536054
 20
24.014445819961985
 30
0.0
 11
293.61774524848084
 21
24.0
 31
0.0
  0
LINE
  5
CFF
330
17
100
AcDbEntity
  8
隐藏线
100
AcDbLine
 10
293.44035656670627
 20
24.05764415875051
 30
0.0
 11
293.5286217536054
 21
24.014445819961985
 31
0.0
  0
LINE
  5
D00
330
17
100
AcDbEntity
  8
隐藏线
100
AcDbLine
 10
293.35379972978404
 20
24.129178992748386
 30
0.0
 11
293.44035656670627
 21
24.05764415875051
 31
0.0
  0
LINE
  5
D01
330
17
100
AcDbEntity
  8
隐藏线
100
AcDbLine
 10
293.26978483249513
 20
24.228361402399226
 30
0.0
 11
293.35379972978404
 21
24.129178992748386
 31
0.0
  0
LINE
  5
D02
330
17
100
AcDbEntity
  8
隐藏线
100
AcDbLine
 10
293.18912098422766
 20
24.354236206879378
 30
0.0
 11
293.26978483249513
 21
24.228361402399226
 31
0.0
  0
LINE
  5
D03
330
17
100
AcDbEntity
  8
隐藏线
100
AcDbLine
 10
293.11258502193596
 20
24.505591163011413
 30
0.0
 11
293.18912098422766
 21
24.354236206879378
 31
0.0
  0
LINE
  5
D04
330
17
100
AcDbEntity
  8
隐藏线
100
AcDbLine
 10
293.0409140287758
 20
24.6809686398286
 30
0.0
 11
293.11258502193596
 21
24.505591163011413
 31
0.0
  0
LINE
  5
D05
330
17
100
AcDbEntity
  8
隐藏线
100
AcDbLine
 10
292.9747982355906
 20
24.87867965635794
 30
0.0
 11
293.0409140287758
 21
24.6809686398286
 31
0.0
  0
LINE
  5
D06
330
17
100
AcDbEntity
  8
隐藏线
100
AcDbLine
 10
292.91487437360314
 20
25.09682014746364
 30
0.0
 11
292.97479823558
 21
24.87867965639287
 31
0.0
  0
LINE
  5
D07
330
17
100
AcDbEntity
  8
隐藏线
100
AcDbLine
 10
292.8617195423808
 20
25.333289300899313
 30
0.0
 11
292.91487437360314
 21
25.09682014746364
 31
0.0
  0
LINE
  5
D08
330
17
100
AcDbEntity
  8
隐藏线
100
AcDbLine
 10
292.81584565199495
 20
25.585809789484987
 30
0.0
 11
292.8617195423808
 21
25.333289300899313
 31
0.0
  0
LINE
  5
D09
330
17
100
AcDbEntity
  8
隐藏线
100
AcDbLine
 10
292.7776944930874
 20
25.851949702873707
 30
0.0
 11
292.81584565199495
 21
25.585809789484987
 31
0.0
  0
LINE
  5
D0A
330
17
100
AcDbEntity
  8
隐藏线
100
AcDbLine
 10
292.74763348217385
 20
26.129145968212512
 30
0.0
 11
292.7776944930874
 21
25.851949702873707
 31
0.0
  0
LINE
  5
D0B
330
17
100
AcDbEntity
  8
隐藏线
100
AcDbLine
 10
292.7259521232225
 20
26.41472903393515
 30
0.0
 11
292.74763348217385
 21
26.129145968212512
 31
0.0
  0
LINE
  5
D0C
330
17
100
AcDbEntity
  8
隐藏线
100
AcDbLine
 10
292.7128592195723
 20
26.705948579002964
 30
0.0
 11
292.7259521232225
 21
26.41472903393515
 31
0.0
  0
LINE
  5
D0D
330
17
100
AcDbEntity
  8
隐藏线
100
AcDbLine
 10
292.7084808630427
 20
27.0
 30
0.0
 11
292.7128592195723
 21
26.705948579002964
 31
0.0
  0
LINE
  5
D0E
330
17
100
AcDbEntity
  8
隐藏线
100
AcDbLine
 10
292.70848086302186
 20
27.0
 30
0.0
 11
292.8808382027677
 21
26.994796863194093
 31
0.0
  0
LINE
  5
D0F
330
17
100
AcDbEntity
  8
隐藏线
100
AcDbLine
 10
292.8808382027677
 20
26.994796863194093
 30
0.0
 11
293.04901295026787
 21
26.977736178440843
 31
0.0
  0
LINE
  5
D10
330
17
100
AcDbEntity
  8
隐藏线
100
AcDbLine
 10
293.04901295026787
 20
26.977736178440843
 30
0.0
 11
293.21213432464793
 21
26.946640999877385
 31
0.0
  0
LINE
  5
D11
330
17
100
AcDbEntity
  8
隐藏线
100
AcDbLine
 10
293.21213432464793
 20
26.946640999877385
 30
0.0
 11
293.3692976861952
 21
26.89925371608996
 31
0.0
  0
LINE
  5
D12
330
17
100
AcDbEntity
  8
隐藏线
100
AcDbLine
 10
293.3692976861952
 20
26.89925371608996
 30
0.0
 11
293.51954264590455
 21
26.83344243564632
 31
0.0
  0
LINE
  5
D13
330
17
100
AcDbEntity
  8
隐藏线
100
AcDbLine
 10
293.51954264590455
 20
26.83344243564632
 30
0.0
 11
293.66203514744785
 21
26.748128327183675
 31
0.0
  0
LINE
  5
D14
330
17
100
AcDbEntity
  8
隐藏线
100
AcDbLine
 10
293.66203514744785
 20
26.748128327183675
 30
0.0
 11
293.7959676728554
 21
26.642431419447178
 31
0.0
  0
LINE
  5
D15
330
17
100
AcDbEntity
  8
隐藏线
100
AcDbLine
 10
293.7959676728554
 20
26.642431419447178
 30
0.0
 11
293.920534031573
 21
26.515474535169584
 31
0.0
  0
LINE
  5
D16
330
17
100
AcDbEntity
  8
隐藏线
100
AcDbLine
 10
293.920534031573
 20
26.515474535169584
 30
0.0
 11
294.00212284933104
 21
26.413282290853402
 31
0.0
  0
LINE
  5
D17
330
17
100
AcDbEntity
  8
隐藏线
100
AcDbLine
 10
294.00212284933104
 20
26.413282290853402
 30
0.0
 11
294.07876440098784
 21
26.300602790370476
 31
0.0
  0
LINE
  5
D18
330
17
100
AcDbEntity
  8
隐藏线
100
AcDbLine
 10
294.07876440098784
 20
26.300602790370476
 30
0.0
 11
294.1504512105844
 21
26.17770468296092
 31
0.0
  0
LINE
  5
D19
330
17
100
AcDbEntity
  8
隐藏线
100
AcDbLine
 10
294.1504512105844
 20
26.17770468296092
 30
0.0
 11
294.21717580216176
 21
26.04485661786484
 31
0.0
  0
LINE
  5
D1A
330
17
100
AcDbEntity
  8
隐藏线
100
AcDbLine
 10
294.21717580216176
 20
26.04485661786484
 30
0.0
 11
294.278930699761
 21
25.902327244322354
 31
0.0
  0
LINE
  5
D1B
330
17
100
AcDbEntity
  8
隐藏线
100
AcDbLine
 10
294.278930699761
 20
25.902327244322354
 30
0.0
 11
294.3357251880649
 21
25.750397358124772
 31
0.0
  0
LINE
  5
D1C
330
17
100
AcDbEntity
  8
隐藏线
100
AcDbLine
 10
294.3357251880649
 20
25.750397358124772
 30
0.0
 11
294.3877053948147
 21
25.589446926159827
 31
0.0
  0
LINE
  5
D1D
330
17
100
AcDbEntity
  8
隐藏线
100
AcDbLine
 10
294.3877053948147
 20
25.589446926159827
 30
0.0
 11
294.43508425221023
 21
25.419904328961238
 31
0.0
  0
LINE
  5
D1E
330
17
100
AcDbEntity
  8
隐藏线
100
AcDbLine
 10
294.43508425221023
 20
25.419904328961238
 30
0.0
 11
294.47935695726494
 21
25.236488075246275
 31
0.0
  0
LINE
  5
D1F
330
17
100
AcDbEntity
  8
隐藏线
100
AcDbLine
 10
294.47935695726494
 20
25.236488075246275
 30
0.0
 11
294.5191958029509
 21
25.044857790944313
 31
0.0
  0
LINE
  5
D20
330
17
100
AcDbEntity
  8
隐藏线
100
AcDbLine
 10
294.5191958029509
 20
25.044857790944313
 30
0.0
 11
294.55483511841777
 21
24.845483500059196
 31
0.0
  0
LINE
  5
D21
330
17
100
AcDbEntity
  8
隐藏线
100
AcDbLine
 10
294.55483511841777
 20
24.845483500059196
 30
0.0
 11
294.58652272674897
 21
24.638809778625138
 31
0.0
  0
LINE
  5
D22
330
17
100
AcDbEntity
  8
隐藏线
100
AcDbLine
 10
294.58652272674897
 20
24.638809778625138
 30
0.0
 11
294.6145284175734
 21
24.42523977635924
 31
0.0
  0
LINE
  5
D23
330
17
100
AcDbEntity
  8
隐藏线
100
AcDbLine
 10
294.6145284175734
 20
24.42523977635924
 30
0.0
 11
294.63912399851966
 21
24.20517283726891
 31
0.0
  0
LINE
  5
D24
330
17
100
AcDbEntity
  8
隐藏线
100
AcDbLine
 10
294.63912399851966
 20
24.20517283726891
 30
0.0
 11
294.66058127721624
 21
23.979008305361543
 31
0.0
  0
LINE
  5
D25
330
17
100
AcDbEntity
  8
隐藏线
100
AcDbLine
 10
294.66058127721624
 20
23.979008305361543
 30
0.0
 11
294.67917206129175
 21
23.74714552464453
 31
0.0
  0
LINE
  5
D26
330
17
100
AcDbEntity
  8
隐藏线
100
AcDbLine
 10
294.67917206129175
 20
23.74714552464453
 30
0.0
 11
294.7001747232451
 21
23.425968397211705
 31
0.0
  0
LINE
  5
D27
330
17
100
AcDbEntity
  8
隐藏线
100
AcDbLine
 10
294.7001747232451
 20
23.425968397211705
 30
0.0
 11
294.71698849413593
 21
23.09620710793866
 31
0.0
  0
LINE
  5
D28
330
17
100
AcDbEntity
  8
隐藏线
100
AcDbLine
 10
294.71698849413593
 20
23.09620710793866
 30
0.0
 11
294.7301431464249
 21
22.758928985898862
 31
0.0
  0
LINE
  5
D29
330
17
100
AcDbEntity
  8
隐藏线
100
AcDbLine
 10
294.7301431464249
 20
22.758928985898862
 30
0.0
 11
294.7401684510217
 21
22.415201361134567
 31
0.0
  0
LINE
  5
D2A
330
17
100
AcDbEntity
  8
隐藏线
100
AcDbLine
 10
294.7401684510217
 20
22.415201361134567
 30
0.0
 11
294.7475451624661
 21
22.06613418957032
 31
0.0
  0
LINE
  5
D2B
330
17
100
AcDbEntity
  8
隐藏线
100
AcDbLine
 10
294.7475451624661
 20
22.06613418957032
 30
0.0
 11
294.75254562351597
 21
21.71301866731895
 31
0.0
  0
LINE
  5
D2C
330
17
100
AcDbEntity
  8
隐藏线
100
AcDbLine
 10
294.75254562351597
 20
21.71301866731895
 30
0.0
 11
294.7553867954964
 21
21.35719415159621
 31
0.0
  0
LINE
  5
D2D
330
17
100
AcDbEntity
  8
隐藏线
100
AcDbLine
 10
294.7553867954964
 20
21.35719415159621
 30
0.0
 11
294.756285639293
 21
21.0
 31
0.0
  0
LINE
  5
D2E
330
17
100
AcDbEntity
  8
隐藏线
100
AcDbLine
 10
296.35397181963157
 20
21.0
 30
0.0
 11
296.35466463248434
 21
21.29462714441686
 31
0.0
  0
LINE
  5
D2F
330
17
100
AcDbEntity
  8
隐藏线
100
AcDbLine
 10
296.35466463248434
 20
21.29462714441686
 30
0.0
 11
296.3555282196115
 21
21.586196484978355
 31
0.0
  0
LINE
  5
D30
330
17
100
AcDbEntity
  8
隐藏线
100
AcDbLine
 10
296.3546490120464
 20
21.871712511277867
 30
0.0
 11
296.3555282196115
 21
21.586196484978355
 31
0.0
  0
LINE
  5
D31
330
17
100
AcDbEntity
  8
隐藏线
100
AcDbLine
 10
296.3486934843772
 20
22.148506378724182
 30
0.0
 11
296.3546490120464
 21
21.871712511277867
 31
0.0
  0
LINE
  5
D32
330
17
100
AcDbEntity
  8
隐藏线
100
AcDbLine
 10
296.33320525027455
 20
22.414167405421008
 30
0.0
 11
296.3486934843772
 21
22.148506378724182
 31
0.0
  0
LINE
  5
D33
330
17
100
AcDbEntity
  8
隐藏线
100
AcDbLine
 10
296.30328333161344
 20
22.666344416120452
 30
0.0
 11
296.33320525027455
 21
22.414167405421008
 31
0.0
  0
LINE
  5
D34
330
17
100
AcDbEntity
  8
隐藏线
100
AcDbLine
 10
296.2530509911047
 20
22.902809915702928
 30
0.0
 11
296.30328333161344
 21
22.666344416120452
 31
0.0
  0
LINE
  5
D35
330
17
100
AcDbEntity
  8
隐藏线
100
AcDbLine
 10
296.1764591257723
 20
23.121324199475588
 30
0.0
 11
296.2530509911047
 21
22.902809915702928
 31
0.0
  0
LINE
  5
D36
330
17
100
AcDbEntity
  8
隐藏线
100
AcDbLine
 10
296.17142788827954
 20
23.132617537433315
 30
0.0
 11
296.1764591257723
 21
23.121324199475588
 31
0.0
  0
LINE
  5
D37
330
17
100
AcDbEntity
  8
隐藏线
100
AcDbLine
 10
296.1610728888842
 20
23.155022140554923
 30
0.0
 11
296.166299485111
 21
23.143850322978192
 31
0.0
  0
LINE
  5
D38
330
17
100
AcDbEntity
  8
隐藏线
100
AcDbLine
 10
296.15574707221646
 20
23.166132574608195
 30
0.0
 11
296.1610728888842
 21
23.155022140554923
 31
0.0
  0
LINE
  5
D39
330
17
100
AcDbEntity
  8
隐藏线
100
AcDbLine
 10
296.1447936680281
 20
23.18816762992315
 30
0.0
 11
296.15032100772527
 21
23.177181209582706
 31
0.0
  0
LINE
  5
D3A
330
17
100
AcDbEntity
  8
隐藏线
100
AcDbLine
 10
296.13916402574245
 20
23.19909142007422
 30
0.0
 11
296.1447936680281
 21
23.18816762992315
 31
0.0
  0
LINE
  5
D3B
330
17
100
AcDbEntity
  8
隐藏线
100
AcDbLine
 10
296.000046776909
 20
23.407906601378805
 30
0.0
 11
296.1334310534857
 21
23.20995216448061
 31
0.0
  0
LINE
  5
D3C
330
17
100
AcDbEntity
  8
隐藏线
100
AcDbLine
 10
295.8200530498429
 20
23.578964070322748
 30
0.0
 11
296.000046776909
 21
23.407906601378805
 31
0.0
  0
LINE
  5
D3D
330
17
100
AcDbEntity
  8
隐藏线
100
AcDbLine
 10
295.5883626125437
 20
23.72093177529307
 30
0.0
 11
295.8200530498429
 21
23.578964070322748
 31
0.0
  0
LINE
  5
D3E
330
17
100
AcDbEntity
  8
隐藏线
100
AcDbLine
 10
295.30089892003707
 20
23.832024962621528
 30
0.0
 11
295.5883626125437
 21
23.72093177529307
 31
0.0
  0
LINE
  5
D3F
330
17
100
AcDbEntity
  8
隐藏线
100
AcDbLine
 10
294.9570519240109
 20
23.91259219359601
 30
0.0
 11
295.30089892003707
 21
23.832024962621528
 31
0.0
  0
LINE
  5
D40
330
17
100
AcDbEntity
  8
隐藏线
100
AcDbLine
 10
294.5591028404698
 20
23.96476786538626
 30
0.0
 11
294.9570519240109
 21
23.91259219359601
 31
0.0
  0
LINE
  5
D41
330
17
100
AcDbEntity
  8
隐藏线
100
AcDbLine
 10
294.11077606978625
 20
23.992088349693066
 30
0.0
 11
294.5591028404698
 21
23.96476786538626
 31
0.0
  0
LINE
  5
D42
330
17
100
AcDbEntity
  8
隐藏线
100
AcDbLine
 10
293.6177452484444
 20
24.0
 30
0.0
 11
294.11077606978625
 21
23.992088349693066
 31
0.0
  0
LINE
  5
D43
330
17
100
AcDbEntity
  8
隐藏线
100
AcDbLine
 10
294.7506150560951
 20
14.462237387045308
 30
0.0
 11
294.756285639293
 21
14.4942906244144
 31
0.0
  0
LINE
  5
D44
330
17
100
AcDbEntity
  8
隐藏线
100
AcDbLine
 10
294.7449696048444
 20
14.432159447149397
 30
0.0
 11
294.7506150560951
 21
14.462237387045308
 31
0.0
  0
LINE
  5
D45
330
17
100
AcDbEntity
  8
隐藏线
100
AcDbLine
 10
294.73958757070227
 20
14.404878398899633
 30
0.0
 11
294.7449696048444
 21
14.432159447149397
 31
0.0
  0
LINE
  5
D46
330
17
100
AcDbEntity
  8
隐藏线
100
AcDbLine
 10
294.726061379947
 20
14.341545751413348
 30
0.0
 11
294.7302362440664
 21
14.360381647492828
 31
0.0
  0
LINE
  5
D47
330
17
100
AcDbEntity
  8
隐藏线
100
AcDbLine
 10
293.39634301786936
 20
24.0
 30
0.0
 11
293.5073530573619
 21
24.0
 31
0.0
  0
LINE
  5
D48
330
17
100
AcDbEntity
  8
隐藏线
100
AcDbLine
 10
293.2847534965608
 20
24.0
 30
0.0
 11
293.39634301786936
 21
24.0
 31
0.0
  0
LINE
  5
D49
330
17
100
AcDbEntity
  8
隐藏线
100
AcDbLine
 10
293.172623046957
 20
24.0
 30
0.0
 11
293.2847534965608
 21
24.0
 31
0.0
  0
LINE
  5
D4A
330
17
100
AcDbEntity
  8
隐藏线
100
AcDbLine
 10
293.05995276570076
 20
24.0
 30
0.0
 11
293.172623046957
 21
24.0
 31
0.0
  0
LINE
  5
D4B
330
17
100
AcDbEntity
  8
隐藏线
100
AcDbLine
 10
292.946827003663
 20
24.0
 30
0.0
 11
293.05995276570076
 21
24.0
 31
0.0
  0
LINE
  5
D4C
330
17
100
AcDbEntity
  8
隐藏线
100
AcDbLine
 10
292.8332848566895
 20
24.0
 30
0.0
 11
292.946827003663
 21
24.0
 31
0.0
  0
LINE
  5
D4D
330
17
100
AcDbEntity
  8
隐藏线
100
AcDbLine
 10
292.71936555491726
 20
24.0
 30
0.0
 11
292.8332848566895
 21
24.0
 31
0.0
  0
LINE
  5
D4E
330
17
100
AcDbEntity
  8
隐藏线
100
AcDbLine
 10
292.6050845938915
 20
24.0
 30
0.0
 11
292.71936555491726
 21
24.0
 31
0.0
  0
LINE
  5
D4F
330
17
100
AcDbEntity
  8
隐藏线
100
AcDbLine
 10
292.4905132178296
 20
24.0
 30
0.0
 11
292.6050845938915
 21
24.0
 31
0.0
  0
LINE
  5
D50
330
17
100
AcDbEntity
  8
隐藏线
100
AcDbLine
 10
292.37569102019756
 20
24.0
 30
0.0
 11
292.4905132178296
 21
24.0
 31
0.0
  0
LINE
  5
D51
330
17
100
AcDbEntity
  8
隐藏线
100
AcDbLine
 10
292.2606576753556
 20
24.0
 30
0.0
 11
292.37569102019756
 21
24.0
 31
0.0
  0
LINE
  5
D52
330
17
100
AcDbEntity
  8
隐藏线
100
AcDbLine
 10
292.14544295632686
 20
24.0
 30
0.0
 11
292.2606576753556
 21
24.0
 31
0.0
  0
LINE
  5
D53
330
17
100
AcDbEntity
  8
隐藏线
100
AcDbLine
 10
292.0301046081288
 20
24.0
 30
0.0
 11
292.14544295632686
 21
24.0
 31
0.0
  0
LINE
  5
D54
330
17
100
AcDbEntity
  8
隐藏线
100
AcDbLine
 10
291.91468248733344
 20
24.0
 30
0.0
 11
292.0301046081288
 21
24.0
 31
0.0
  0
LINE
  5
D55
330
17
100
AcDbEntity
  8
隐藏线
100
AcDbLine
 10
291.7992164775309
 20
24.0
 30
0.0
 11
291.91468248733344
 21
24.0
 31
0.0
  0
LINE
  5
D56
330
17
100
AcDbEntity
  8
隐藏线
100
AcDbLine
 10
288.7992164775309
 20
24.0
 30
0.0
 11
291.7992164775309
 21
24.0
 31
0.0
  0
LINE
  5
D57
330
17
100
AcDbEntity
  8
隐藏线
100
AcDbLine
 10
285.7992164775309
 20
24.0
 30
0.0
 11
288.7992164775309
 21
24.0
 31
0.0
  0
LINE
  5
D58
330
17
100
AcDbEntity
  8
隐藏线
100
AcDbLine
 10
285.7992164775309
 20
24.0
 30
0.0
 11
285.7992164775309
 21
24.01532741647684
 31
0.0
  0
LINE
  5
D59
330
17
100
AcDbEntity
  8
隐藏线
100
AcDbLine
 10
285.7992164775309
 20
24.01532741647684
 30
0.0
 11
285.7992164775309
 21
24.05880160394991
 31
0.0
  0
LINE
  5
D5A
330
17
100
AcDbEntity
  8
隐藏线
100
AcDbLine
 10
285.7992164775309
 20
24.05880160394991
 30
0.0
 11
285.7992164775309
 21
24.130023527892252
 31
0.0
  0
LINE
  5
D5B
330
17
100
AcDbEntity
  8
隐藏线
100
AcDbLine
 10
285.7992164775309
 20
24.130023527892252
 30
0.0
 11
285.7992164775309
 21
24.22836140246614
 31
0.0
  0
LINE
  5
D5C
330
17
100
AcDbEntity
  8
隐藏线
100
AcDbLine
 10
285.7992164775309
 20
24.22836140246614
 30
0.0
 11
285.7992164775309
 21
24.355020649778492
 31
0.0
  0
LINE
  5
D5D
330
17
100
AcDbEntity
  8
隐藏线
100
AcDbLine
 10
285.7992164775309
 20
24.355020649778492
 30
0.0
 11
285.7992164775309
 21
24.50657239771869
 31
0.0
  0
LINE
  5
D5E
330
17
100
AcDbEntity
  8
隐藏线
100
AcDbLine
 10
285.7992164775309
 20
24.50657239771869
 30
0.0
 11
285.7992164775309
 21
24.681647540784564
 31
0.0
  0
LINE
  5
D5F
330
17
100
AcDbEntity
  8
隐藏线
100
AcDbLine
 10
285.7992164775309
 20
24.681647540784564
 30
0.0
 11
285.7992164775309
 21
24.87867965644036
 31
0.0
  0
LINE
  5
D60
330
17
100
AcDbEntity
  8
隐藏线
100
AcDbLine
 10
285.7992164775309
 20
24.87867965644036
 30
0.0
 11
285.7992164775309
 21
25.097388012353854
 31
0.0
  0
LINE
  5
D61
330
17
100
AcDbEntity
  8
隐藏线
100
AcDbLine
 10
285.7992164775309
 20
25.097388012353854
 30
0.0
 11
285.7992164775309
 21
25.33394494095729
 31
0.0
  0
LINE
  5
D62
330
17
100
AcDbEntity
  8
隐藏线
100
AcDbLine
 10
285.7992164775309
 20
25.33394494095729
 30
0.0
 11
285.7992164775309
 21
25.58621969967505
 31
0.0
  0
LINE
  5
D63
330
17
100
AcDbEntity
  8
隐藏线
100
AcDbLine
 10
285.7992164775309
 20
25.58621969967505
 30
0.0
 11
285.7992164775309
 21
25.851949702904733
 31
0.0
  0
LINE
  5
D64
330
17
100
AcDbEntity
  8
隐藏线
100
AcDbLine
 10
285.7992164775309
 20
25.851949702904733
 30
0.0
 11
285.7992164775309
 21
26.129410802827717
 31
0.0
  0
LINE
  5
D65
330
17
100
AcDbEntity
  8
隐藏线
100
AcDbLine
 10
285.7992164775309
 20
26.129410802827717
 30
0.0
 11
285.7992164775309
 21
26.414959264108425
 31
0.0
  0
LINE
  5
D66
330
17
100
AcDbEntity
  8
隐藏线
100
AcDbLine
 10
285.7992164775309
 20
26.414959264108425
 30
0.0
 11
285.7992164775309
 21
26.706027093339667
 31
0.0
  0
LINE
  5
D67
330
17
100
AcDbEntity
  8
隐藏线
100
AcDbLine
 10
285.7992164775309
 20
26.706027093339667
 30
0.0
 11
285.7992164775309
 21
27.0
 31
0.0
  0
LINE
  5
D68
330
17
100
AcDbEntity
  8
隐藏线
100
AcDbLine
 10
294.7838890606639
 20
33.0
 30
0.0
 11
294.7992164775309
 21
33.0
 31
0.0
  0
LINE
  5
D69
330
17
100
AcDbEntity
  8
隐藏线
100
AcDbLine
 10
294.74041487208814
 20
33.0
 30
0.0
 11
294.7838890606639
 21
33.0
 31
0.0
  0
LINE
  5
D6A
330
17
100
AcDbEntity
  8
隐藏线
100
AcDbLine
 10
294.66919294635073
 20
33.0
 30
0.0
 11
294.74041487208814
 21
33.0
 31
0.0
  0
LINE
  5
D6B
330
17
100
AcDbEntity
  8
隐藏线
100
AcDbLine
 10
294.5708550693215
 20
33.0
 30
0.0
 11
294.66919294635073
 21
33.0
 31
0.0
  0
LINE
  5
D6C
330
17
100
AcDbEntity
  8
隐藏线
100
AcDbLine
 10
294.44419581889167
 20
33.0
 30
0.0
 11
294.5708550693215
 21
33.0
 31
0.0
  0
LINE
  5
D6D
330
17
100
AcDbEntity
  8
隐藏线
100
AcDbLine
 10
294.2926440672853
 20
33.0
 30
0.0
 11
294.44419581889167
 21
33.0
 31
0.0
  0
LINE
  5
D6E
330
17
100
AcDbEntity
  8
隐藏线
100
AcDbLine
 10
294.1175689200726
 20
33.0
 30
0.0
 11
294.2926440672853
 21
33.0
 31
0.0
  0
LINE
  5
D6F
330
17
100
AcDbEntity
  8
隐藏线
100
AcDbLine
 10
293.92053679986634
 20
33.0
 30
0.0
 11
294.1175689200726
 21
33.0
 31
0.0
  0
LINE
  5
D70
330
17
100
AcDbEntity
  8
隐藏线
100
AcDbLine
 10
293.70182844489545
 20
33.0
 30
0.0
 11
293.92053679986634
 21
33.0
 31
0.0
  0
LINE
  5
D71
330
17
100
AcDbEntity
  8
隐藏线
100
AcDbLine
 10
293.4652715178799
 20
33.0
 30
0.0
 11
293.70182844489545
 21
33.0
 31
0.0
  0
LINE
  5
D72
330
17
100
AcDbEntity
  8
隐藏线
100
AcDbLine
 10
293.2129967613265
 20
33.0
 30
0.0
 11
293.4652715178799
 21
33.0
 31
0.0
  0
LINE
  5
D73
330
17
100
AcDbEntity
  8
隐藏线
100
AcDbLine
 10
292.9472667607608
 20
33.0
 30
0.0
 11
293.2129967613265
 21
33.0
 31
0.0
  0
LINE
  5
D74
330
17
100
AcDbEntity
  8
隐藏线
100
AcDbLine
 10
292.66980566394204
 20
33.0
 30
0.0
 11
292.9472667607608
 21
33.0
 31
0.0
  0
LINE
  5
D75
330
17
100
AcDbEntity
  8
隐藏线
100
AcDbLine
 10
292.38425720607154
 20
33.0
 30
0.0
 11
292.66980566394204
 21
33.0
 31
0.0
  0
LINE
  5
D76
330
17
100
AcDbEntity
  8
隐藏线
100
AcDbLine
 10
292.09318938046033
 20
33.0
 30
0.0
 11
292.38425720607154
 21
33.0
 31
0.0
  0
LINE
  5
D77
330
17
100
AcDbEntity
  8
隐藏线
100
AcDbLine
 10
291.7992164775309
 20
33.0
 30
0.0
 11
292.09318938046033
 21
33.0
 31
0.0
  0
LINE
  5
D78
330
17
100
AcDbEntity
  8
隐藏线
100
AcDbLine
 10
294.7992164775309
 20
24.0
 30
0.0
 11
294.7992164775309
 21
33.0
 31
0.0
  0
LINE
  5
D79
330
17
100
AcDbEntity
  8
隐藏线
100
AcDbLine
 10
294.7992164775309
 20
23.747145312207095
 30
0.0
 11
294.7992164775309
 21
24.0
 31
0.0
  0
LINE
  5
D7A
330
17
100
AcDbEntity
  8
隐藏线
100
AcDbLine
 10
294.7992164775309
 20
15.0
 30
0.0
 11
294.7992164775309
 21
23.747145312207095
 31
0.0
  0
LINE
  5
D7B
330
17
100
AcDbEntity
  8
隐藏线
100
AcDbLine
 10
294.756285639293
 20
14.494290624414196
 30
0.0
 11
294.766288420399
 21
14.55701344868606
 31
0.0
  0
LINE
  5
D7C
330
17
100
AcDbEntity
  8
隐藏线
100
AcDbLine
 10
294.766288420399
 20
14.55701344868606
 30
0.0
 11
294.77498815262635
 21
14.619929476588126
 31
0.0
  0
LINE
  5
D7D
330
17
100
AcDbEntity
  8
隐藏线
100
AcDbLine
 10
294.77498815262635
 20
14.619929476588126
 30
0.0
 11
294.782381215977
 21
14.68301239441929
 31
0.0
  0
LINE
  5
D7E
330
17
100
AcDbEntity
  8
隐藏线
100
AcDbLine
 10
294.782381215977
 20
14.68301239441929
 30
0.0
 11
294.7884645004696
 21
14.746235823338285
 31
0.0
  0
LINE
  5
D7F
330
17
100
AcDbEntity
  8
隐藏线
100
AcDbLine
 10
294.7884645004696
 20
14.746235823338285
 30
0.0
 11
294.79312582973154
 21
14.809579965324783
 31
0.0
  0
LINE
  5
D80
330
17
100
AcDbEntity
  8
隐藏线
100
AcDbLine
 10
294.79312582973154
 20
14.809579965324783
 30
0.0
 11
294.79647243751197
 21
14.873006396125867
 31
0.0
  0
LINE
  5
D81
330
17
100
AcDbEntity
  8
隐藏线
100
AcDbLine
 10
294.79647243751197
 20
14.873006396125867
 30
0.0
 11
294.79850294261183
 21
14.93648859013994
 31
0.0
  0
LINE
  5
D82
330
17
100
AcDbEntity
  8
隐藏线
100
AcDbLine
 10
294.79850294261183
 20
14.93648859013994
 30
0.0
 11
294.7992164775309
 21
15.0
 31
0.0
  0
LINE
  5
D83
330
17
100
AcDbEntity
  8
隐藏线
100
AcDbLine
 10
285.7992164775309
 20
27.0
 30
0.0
 11
285.7992164775309
 21
30.0
 31
0.0
  0
LINE
  5
D84
330
17
100
AcDbEntity
  8
隐藏线
100
AcDbLine
 10
285.7992164775309
 20
30.0
 30
0.0
 11
285.7992164775309
 21
33.0
 31
0.0
  0
LINE
  5
D85
330
17
100
AcDbEntity
  8
隐藏线
100
AcDbLine
 10
307.2818468903765
 20
24.0
 30
0.0
 11
307.285900877915
 21
24.0
 31
0.0
  0
LINE
  5
D86
330
17
100
AcDbEntity
  8
隐藏线
100
AcDbLine
 10
307.2398273804701
 20
24.0
 30
0.0
 11
307.2992164775309
 21
24.0
 31
0.0
  0
LINE
  5
D87
330
17
100
AcDbEntity
  8
隐藏线
100
AcDbLine
 10
307.0710971271527
 20
24.0
 30
0.0
 11
307.2398273804701
 21
24.0
 31
0.0
  0
LINE
  5
D88
330
17
100
AcDbEntity
  8
隐藏线
100
AcDbLine
 10
306.7938257695035
 20
24.0
 30
0.0
 11
307.0710971271527
 21
24.0
 31
0.0
  0
LINE
  5
D89
330
17
100
AcDbEntity
  8
隐藏线
100
AcDbLine
 10
306.4092836192559
 20
24.0
 30
0.0
 11
306.7938257695035
 21
24.0
 31
0.0
  0
LINE
  5
D8A
330
17
100
AcDbEntity
  8
隐藏线
100
AcDbLine
 10
305.91066125789996
 20
24.0
 30
0.0
 11
306.4092836192559
 21
24.0
 31
0.0
  0
LINE
  5
D8B
330
17
100
AcDbEntity
  8
隐藏线
100
AcDbLine
 10
305.30927682442587
 20
24.0
 30
0.0
 11
305.91066125789996
 21
24.0
 31
0.0
  0
LINE
  5
D8C
330
17
100
AcDbEntity
  8
隐藏线
100
AcDbLine
 10
304.6079374461949
 20
24.0
 30
0.0
 11
305.30927682442587
 21
24.0
 31
0.0
  0
LINE
  5
D8D
330
17
100
AcDbEntity
  8
隐藏线
100
AcDbLine
 10
303.8098833104077
 20
24.0
 30
0.0
 11
304.6079374461949
 21
24.0
 31
0.0
  0
LINE
  5
D8E
330
17
100
AcDbEntity
  8
隐藏线
100
AcDbLine
 10
302.84531205389646
 20
24.0
 30
0.0
 11
303.8098833104077
 21
24.0
 31
0.0
  0
LINE
  5
D8F
330
17
100
AcDbEntity
  8
隐藏线
100
AcDbLine
 10
301.78039166711636
 20
24.0
 30
0.0
 11
302.84531205389646
 21
24.0
 31
0.0
  0
LINE
  5
D90
330
17
100
AcDbEntity
  8
隐藏线
100
AcDbLine
 10
300.6207944626708
 20
24.0
 30
0.0
 11
301.78039166711636
 21
24.0
 31
0.0
  0
LINE
  5
D91
330
17
100
AcDbEntity
  8
隐藏线
100
AcDbLine
 10
299.3726620356145
 20
24.0
 30
0.0
 11
300.6207944626708
 21
24.0
 31
0.0
  0
LINE
  5
D92
330
17
100
AcDbEntity
  8
隐藏线
100
AcDbLine
 10
298.0365162721173
 20
24.0
 30
0.0
 11
299.3726620356145
 21
24.0
 31
0.0
  0
LINE
  5
D93
330
17
100
AcDbEntity
  8
隐藏线
100
AcDbLine
 10
296.6269286256667
 20
24.0
 30
0.0
 11
298.0365162721173
 21
24.0
 31
0.0
  0
LINE
  5
D94
330
17
100
AcDbEntity
  8
隐藏线
100
AcDbLine
 10
295.1513967713538
 20
24.0
 30
0.0
 11
296.6269286256667
 21
24.0
 31
0.0
  0
LINE
  5
D95
330
17
100
AcDbEntity
  8
隐藏线
100
AcDbLine
 10
293.6177452484406
 20
24.0
 30
0.0
 11
295.1513967713538
 21
24.0
 31
0.0
  0
LINE
  5
D96
330
17
100
AcDbEntity
  8
隐藏线
100
AcDbLine
 10
304.2601138258095
 20
24.0
 30
0.0
 11
304.5339698399177
 21
24.0
 31
0.0
  0
LINE
  5
D97
330
17
100
AcDbEntity
  8
隐藏线
100
AcDbLine
 10
304.5339698399177
 20
24.0
 30
0.0
 11
306.2490335469428
 21
24.0
 31
0.0
  0
LINE
  5
D98
330
17
100
AcDbEntity
  8
隐藏线
100
AcDbLine
 10
306.2490335469428
 20
24.0
 30
0.0
 11
307.2818468903766
 21
24.0
 31
0.0
  0
LINE
  5
D99
330
17
100
AcDbEntity
  8
隐藏线
100
AcDbLine
 10
265.3383191292522
 20
24.0
 30
0.0
 11
267.0430564834036
 21
24.0
 31
0.0
  0
LINE
  5
D9A
330
17
100
AcDbEntity
  8
隐藏线
100
AcDbLine
 10
267.0430564834036
 20
24.0
 30
0.0
 11
269.02261713832877
 21
24.0
 31
0.0
  0
LINE
  5
D9B
330
17
100
AcDbEntity
  8
隐藏线
100
AcDbLine
 10
269.02261713832877
 20
24.0
 30
0.0
 11
271.247545168568
 21
24.0
 31
0.0
  0
LINE
  5
D9C
330
17
100
AcDbEntity
  8
隐藏线
100
AcDbLine
 10
271.247545168568
 20
24.0
 30
0.0
 11
273.68499108922487
 21
24.0
 31
0.0
  0
LINE
  5
D9D
330
17
100
AcDbEntity
  8
隐藏线
100
AcDbLine
 10
273.68499108922487
 20
24.0
 30
0.0
 11
276.3096345457818
 21
24.0
 31
0.0
  0
LINE
  5
D9E
330
17
100
AcDbEntity
  8
隐藏线
100
AcDbLine
 10
276.3096345457818
 20
24.0
 30
0.0
 11
279.0643357894778
 21
24.0
 31
0.0
  0
LINE
  5
D9F
330
17
100
AcDbEntity
  8
隐藏线
100
AcDbLine
 10
279.0643357894778
 20
24.0
 30
0.0
 11
281.9082294245068
 21
24.0
 31
0.0
  0
LINE
  5
DA0
330
17
100
AcDbEntity
  8
隐藏线
100
AcDbLine
 10
281.9082294245068
 20
24.0
 30
0.0
 11
284.7992164775309
 21
24.0
 31
0.0
  0
LINE
  5
DA1
330
17
100
AcDbEntity
  8
隐藏线
100
AcDbLine
 10
284.7992164775309
 20
24.0
 30
0.0
 11
287.690203530555
 21
24.0
 31
0.0
  0
LINE
  5
DA2
330
17
100
AcDbEntity
  8
隐藏线
100
AcDbLine
 10
287.690203530555
 20
24.0
 30
0.0
 11
290.534097165584
 21
24.0
 31
0.0
  0
LINE
  5
DA3
330
17
100
AcDbEntity
  8
隐藏线
100
AcDbLine
 10
290.534097165584
 20
24.0
 30
0.0
 11
293.28879840927993
 21
24.0
 31
0.0
  0
LINE
  5
DA4
330
17
100
AcDbEntity
  8
隐藏线
100
AcDbLine
 10
293.28879840927993
 20
24.0
 30
0.0
 11
295.91344186583694
 21
24.0
 31
0.0
  0
LINE
  5
DA5
330
17
100
AcDbEntity
  8
隐藏线
100
AcDbLine
 10
295.91344186583694
 20
24.0
 30
0.0
 11
298.3508877864938
 21
24.0
 31
0.0
  0
LINE
  5
DA6
330
17
100
AcDbEntity
  8
隐藏线
100
AcDbLine
 10
298.3508877864938
 20
24.0
 30
0.0
 11
300.57581581673304
 21
24.0
 31
0.0
  0
LINE
  5
DA7
330
17
100
AcDbEntity
  8
隐藏线
100
AcDbLine
 10
300.57581581673304
 20
24.0
 30
0.0
 11
302.55537647165824
 21
24.0
 31
0.0
  0
LINE
  5
DA8
330
17
100
AcDbEntity
  8
隐藏线
100
AcDbLine
 10
302.55537647165824
 20
24.0
 30
0.0
 11
304.2601138258096
 21
24.0
 31
0.0
  0
LINE
  5
DA9
330
17
100
AcDbEntity
  8
隐藏线
100
AcDbLine
 10
262.31658606468517
 20
24.0
 30
0.0
 11
263.3493994081189
 21
24.0
 31
0.0
  0
LINE
  5
DAA
330
17
100
AcDbEntity
  8
隐藏线
100
AcDbLine
 10
263.3493994081189
 20
24.0
 30
0.0
 11
265.06446311514406
 21
24.0
 31
0.0
  0
LINE
  5
DAB
330
17
100
AcDbEntity
  8
隐藏线
100
AcDbLine
 10
265.06446311514406
 20
24.0
 30
0.0
 11
265.3383191292522
 21
24.0
 31
0.0
  0
LINE
  5
DAC
330
17
100
AcDbEntity
  8
隐藏线
100
AcDbLine
 10
273.1427346264846
 20
24.0
 30
0.0
 11
274.5360585827943
 21
24.0
 31
0.0
  0
LINE
  5
DAD
330
17
100
AcDbEntity
  8
隐藏线
100
AcDbLine
 10
271.80731586710147
 20
24.0
 30
0.0
 11
273.1427346264846
 21
24.0
 31
0.0
  0
LINE
  5
DAE
330
17
100
AcDbEntity
  8
隐藏线
100
AcDbLine
 10
270.5360758547351
 20
24.0
 30
0.0
 11
271.80731586710147
 21
24.0
 31
0.0
  0
LINE
  5
DAF
330
17
100
AcDbEntity
  8
隐藏线
100
AcDbLine
 10
269.33500629023956
 20
24.0
 30
0.0
 11
270.5360758547351
 21
24.0
 31
0.0
  0
LINE
  5
DB0
330
17
100
AcDbEntity
  8
隐藏线
100
AcDbLine
 10
268.21668568222424
 20
24.0
 30
0.0
 11
269.33500629023956
 21
24.0
 31
0.0
  0
LINE
  5
DB1
330
17
100
AcDbEntity
  8
隐藏线
100
AcDbLine
 10
267.1805378729456
 20
24.0
 30
0.0
 11
268.21668568222424
 21
24.0
 31
0.0
  0
LINE
  5
DB2
330
17
100
AcDbEntity
  8
隐藏线
100
AcDbLine
 10
266.2314246516645
 20
24.0
 30
0.0
 11
267.1805378729456
 21
24.0
 31
0.0
  0
LINE
  5
DB3
330
17
100
AcDbEntity
  8
隐藏线
100
AcDbLine
 10
265.3738255840353
 20
24.0
 30
0.0
 11
266.2314246516645
 21
24.0
 31
0.0
  0
LINE
  5
DB4
330
17
100
AcDbEntity
  8
隐藏线
100
AcDbLine
 10
264.6688507095996
 20
24.0
 30
0.0
 11
265.3738255840353
 21
24.0
 31
0.0
  0
LINE
  5
DB5
330
17
100
AcDbEntity
  8
隐藏线
100
AcDbLine
 10
264.0501820568538
 20
24.0
 30
0.0
 11
264.6688507095996
 21
24.0
 31
0.0
  0
LINE
  5
DB6
330
17
100
AcDbEntity
  8
隐藏线
100
AcDbLine
 10
263.5203299865369
 20
24.0
 30
0.0
 11
264.0501820568538
 21
24.0
 31
0.0
  0
LINE
  5
DB7
330
17
100
AcDbEntity
  8
隐藏线
100
AcDbLine
 10
263.0814668806729
 20
24.0
 30
0.0
 11
263.5203299865369
 21
24.0
 31
0.0
  0
LINE
  5
DB8
330
17
100
AcDbEntity
  8
隐藏线
100
AcDbLine
 10
262.7433046746845
 20
24.0
 30
0.0
 11
263.0814668806729
 21
24.0
 31
0.0
  0
LINE
  5
DB9
330
17
100
AcDbEntity
  8
隐藏线
100
AcDbLine
 10
262.49961568246766
 20
24.0
 30
0.0
 11
262.7433046746845
 21
24.0
 31
0.0
  0
LINE
  5
DBA
330
17
100
AcDbEntity
  8
隐藏线
100
AcDbLine
 10
262.35138049749753
 20
24.0
 30
0.0
 11
262.49961568246766
 21
24.0
 31
0.0
  0
LINE
  5
DBB
330
17
100
AcDbEntity
  8
隐藏线
100
AcDbLine
 10
262.2992164775309
 20
24.0
 30
0.0
 11
262.35138049749753
 21
24.0
 31
0.0
  0
LINE
  5
DBC
330
17
100
AcDbEntity
  8
隐藏线
100
AcDbLine
 10
262.2992164775309
 20
24.0
 30
0.0
 11
262.2995045299964
 21
24.0
 31
0.0
  0
LINE
  5
DBD
330
17
100
AcDbEntity
  8
隐藏线
100
AcDbLine
 10
277.3813477069932
 20
24.0
 30
0.0
 11
277.48106870489244
 21
24.0
 31
0.0
  0
LINE
  5
DBE
330
17
100
AcDbEntity
  8
隐藏线
100
AcDbLine
 10
277.26897473287255
 20
24.0
 30
0.0
 11
277.3813477069932
 21
24.0
 31
0.0
  0
LINE
  5
DBF
330
17
100
AcDbEntity
  8
隐藏线
100
AcDbLine
 10
277.14419347424655
 20
24.0
 30
0.0
 11
277.26897473287255
 21
24.0
 31
0.0
  0
LINE
  5
DC0
330
17
100
AcDbEntity
  8
隐藏线
100
AcDbLine
 10
277.0072726453025
 20
24.0
 30
0.0
 11
277.14419347424655
 21
24.0
 31
0.0
  0
LINE
  5
DC1
330
17
100
AcDbEntity
  8
隐藏线
100
AcDbLine
 10
276.8575532796435
 20
24.0
 30
0.0
 11
277.0072726453025
 21
24.0
 31
0.0
  0
LINE
  5
DC2
330
17
100
AcDbEntity
  8
隐藏线
100
AcDbLine
 10
276.6963755372956
 20
24.0
 30
0.0
 11
276.8575532796435
 21
24.0
 31
0.0
  0
LINE
  5
DC3
330
17
100
AcDbEntity
  8
隐藏线
100
AcDbLine
 10
276.5240884661537
 20
24.0
 30
0.0
 11
276.6963755372956
 21
24.0
 31
0.0
  0
LINE
  5
DC4
330
17
100
AcDbEntity
  8
隐藏线
100
AcDbLine
 10
276.3410635171182
 20
24.0
 30
0.0
 11
276.5240884661537
 21
24.0
 31
0.0
  0
LINE
  5
DC5
330
17
100
AcDbEntity
  8
隐藏线
100
AcDbLine
 10
276.14687720687283
 20
24.0
 30
0.0
 11
276.3410635171182
 21
24.0
 31
0.0
  0
LINE
  5
DC6
330
17
100
AcDbEntity
  8
隐藏线
100
AcDbLine
 10
275.9428494523515
 20
24.0
 30
0.0
 11
276.14687720687283
 21
24.0
 31
0.0
  0
LINE
  5
DC7
330
17
100
AcDbEntity
  8
隐藏线
100
AcDbLine
 10
275.7294217619578
 20
24.0
 30
0.0
 11
275.9428494523515
 21
24.0
 31
0.0
  0
LINE
  5
DC8
330
17
100
AcDbEntity
  8
隐藏线
100
AcDbLine
 10
275.5070545999491
 20
24.0
 30
0.0
 11
275.7294217619578
 21
24.0
 31
0.0
  0
LINE
  5
DC9
330
17
100
AcDbEntity
  8
隐藏线
100
AcDbLine
 10
275.27557561179754
 20
24.0
 30
0.0
 11
275.5070545999491
 21
24.0
 31
0.0
  0
LINE
  5
DCA
330
17
100
AcDbEntity
  8
隐藏线
100
AcDbLine
 10
275.0362357066506
 20
24.0
 30
0.0
 11
275.27557561179754
 21
24.0
 31
0.0
  0
LINE
  5
DCB
330
17
100
AcDbEntity
  8
隐藏线
100
AcDbLine
 10
274.7895525417709
 20
24.0
 30
0.0
 11
275.0362357066506
 21
24.0
 31
0.0
  0
LINE
  5
DCC
330
17
100
AcDbEntity
  8
隐藏线
100
AcDbLine
 10
274.5360585827942
 20
24.0
 30
0.0
 11
274.7895525417709
 21
24.0
 31
0.0
  0
LINE
  5
DCD
330
17
100
AcDbEntity
  8
隐藏线
100
AcDbLine
 10
277.4810687048923
 20
24.0
 30
0.0
 11
277.52071583470826
 21
24.0
 31
0.0
  0
LINE
  5
DCE
330
17
100
AcDbEntity
  8
隐藏线
100
AcDbLine
 10
277.52071583470826
 20
24.0
 30
0.0
 11
277.56041075924355
 21
24.0
 31
0.0
  0
LINE
  5
DCF
330
17
100
AcDbEntity
  8
隐藏线
100
AcDbLine
 10
277.56041075924355
 20
24.0
 30
0.0
 11
277.6001469461101
 21
24.0
 31
0.0
  0
LINE
  5
DD0
330
17
100
AcDbEntity
  8
隐藏线
100
AcDbLine
 10
277.63991785658254
 20
24.0
 30
0.0
 11
277.6797185852643
 21
24.0
 31
0.0
  0
LINE
  5
DD1
330
17
100
AcDbEntity
  8
隐藏线
100
AcDbLine
 10
277.6797185852643
 20
24.0
 30
0.0
 11
277.71953963399676
 21
24.0
 31
0.0
  0
LINE
  5
DD2
330
17
100
AcDbEntity
  8
隐藏线
100
AcDbLine
 10
277.71953963399676
 20
24.0
 30
0.0
 11
277.7593744497878
 21
24.0
 31
0.0
  0
LINE
  5
DD3
330
17
100
AcDbEntity
  8
隐藏线
100
AcDbLine
 10
277.7593744497878
 20
24.0
 30
0.0
 11
277.7992164775309
 21
24.0
 31
0.0
  0
LINE
  5
DD4
330
17
100
AcDbEntity
  8
隐藏线
100
AcDbLine
 10
277.7992164775309
 20
24.0
 30
0.0
 11
280.7992164775309
 21
24.0
 31
0.0
  0
LINE
  5
DD5
330
17
100
AcDbEntity
  8
隐藏线
100
AcDbLine
 10
280.7992164775309
 20
24.0
 30
0.0
 11
283.7992164775309
 21
24.0
 31
0.0
  0
LINE
  5
DD6
330
17
100
AcDbEntity
  8
隐藏线
100
AcDbLine
 10
280.8866938706423
 20
24.0
 30
0.0
 11
283.79921647753093
 21
24.0
 31
0.0
  0
LINE
  5
DD7
330
17
100
AcDbEntity
  8
隐藏线
100
AcDbLine
 10
278.1145293707747
 20
24.0
 30
0.0
 11
280.8866938706423
 21
24.0
 31
0.0
  0
LINE
  5
DD8
330
17
100
AcDbEntity
  8
隐藏线
100
AcDbLine
 10
275.57407688236424
 20
24.0
 30
0.0
 11
278.1145293707747
 21
24.0
 31
0.0
  0
LINE
  5
DD9
330
17
100
AcDbEntity
  8
隐藏线
100
AcDbLine
 10
273.34954399313204
 20
24.0
 30
0.0
 11
275.57407688236424
 21
24.0
 31
0.0
  0
LINE
  5
DDA
330
17
100
AcDbEntity
  8
隐藏线
100
AcDbLine
 10
271.55464605281463
 20
24.0
 30
0.0
 11
273.34954399313204
 21
24.0
 31
0.0
  0
LINE
  5
DDB
330
17
100
AcDbEntity
  8
隐藏线
100
AcDbLine
 10
270.22155864464065
 20
24.0
 30
0.0
 11
271.55464605281463
 21
24.0
 31
0.0
  0
LINE
  5
DDC
330
17
100
AcDbEntity
  8
隐藏线
100
AcDbLine
 10
269.3937781214187
 20
24.0
 30
0.0
 11
270.22155864464065
 21
24.0
 31
0.0
  0
LINE
  5
DDD
330
17
100
AcDbEntity
  8
隐藏线
100
AcDbLine
 10
269.0992164775309
 20
24.0
 30
0.0
 11
269.3937781214187
 21
24.0
 31
0.0
  0
LINE
  5
DDE
330
17
100
AcDbEntity
  8
隐藏线
100
AcDbLine
 10
269.41911988775894
 20
24.0
 30
0.0
 11
270.3171267215762
 21
24.0
 31
0.0
  0
LINE
  5
DDF
330
17
100
AcDbEntity
  8
隐藏线
100
AcDbLine
 10
270.3171267215762
 20
24.0
 30
0.0
 11
271.76035046293083
 21
24.0
 31
0.0
  0
LINE
  5
DE0
330
17
100
AcDbEntity
  8
隐藏线
100
AcDbLine
 10
271.76035046293083
 20
24.0
 30
0.0
 11
273.69764001290207
 21
24.0
 31
0.0
  0
LINE
  5
DE1
330
17
100
AcDbEntity
  8
隐藏线
100
AcDbLine
 10
273.69764001290207
 20
24.0
 30
0.0
 11
276.0873413042673
 21
24.0
 31
0.0
  0
LINE
  5
DE2
330
17
100
AcDbEntity
  8
隐藏线
100
AcDbLine
 10
276.0873413042673
 20
24.0
 30
0.0
 11
278.80053848910995
 21
24.0
 31
0.0
  0
LINE
  5
DE3
330
17
100
AcDbEntity
  8
隐藏线
100
AcDbLine
 10
278.80053848910995
 20
24.0
 30
0.0
 11
281.7395719114898
 21
24.0
 31
0.0
  0
LINE
  5
DE4
330
17
100
AcDbEntity
  8
隐藏线
100
AcDbLine
 10
281.7395719114898
 20
24.0
 30
0.0
 11
284.7992164775309
 21
24.0
 31
0.0
  0
LINE
  5
DE5
330
17
100
AcDbEntity
  8
隐藏线
100
AcDbLine
 10
284.7992164775309
 20
24.0
 30
0.0
 11
287.85886104357195
 21
24.0
 31
0.0
  0
LINE
  5
DE6
330
17
100
AcDbEntity
  8
隐藏线
100
AcDbLine
 10
287.85886104357195
 20
24.0
 30
0.0
 11
290.7978944659518
 21
24.0
 31
0.0
  0
LINE
  5
DE7
330
17
100
AcDbEntity
  8
隐藏线
100
AcDbLine
 10
290.7978944659518
 20
24.0
 30
0.0
 11
293.51109165079447
 21
24.0
 31
0.0
  0
LINE
  5
DE8
330
17
100
AcDbEntity
  8
隐藏线
100
AcDbLine
 10
293.51109165079447
 20
24.0
 30
0.0
 11
295.9007929421597
 21
24.0
 31
0.0
  0
LINE
  5
DE9
330
17
100
AcDbEntity
  8
隐藏线
100
AcDbLine
 10
295.9007929421597
 20
24.0
 30
0.0
 11
297.8380824921309
 21
24.0
 31
0.0
  0
LINE
  5
DEA
330
17
100
AcDbEntity
  8
隐藏线
100
AcDbLine
 10
297.8380824921309
 20
24.0
 30
0.0
 11
299.28130623348557
 21
24.0
 31
0.0
  0
LINE
  5
DEB
330
17
100
AcDbEntity
  8
隐藏线
100
AcDbLine
 10
299.28130623348557
 20
24.0
 30
0.0
 11
300.1793130673028
 21
24.0
 31
0.0
  0
LINE
  5
DEC
330
17
100
AcDbEntity
  8
隐藏线
100
AcDbLine
 10
300.1793130673028
 20
24.0
 30
0.0
 11
300.49921647753087
 21
24.0
 31
0.0
  0
LINE
  5
DED
330
17
100
AcDbEntity
  8
隐藏线
100
AcDbLine
 10
299.3768743104211
 20
24.0
 30
0.0
 11
300.20465483364313
 21
24.0
 31
0.0
  0
LINE
  5
DEE
330
17
100
AcDbEntity
  8
隐藏线
100
AcDbLine
 10
296.2488889619297
 20
24.0
 30
0.0
 11
298.0437869022471
 21
24.0
 31
0.0
  0
LINE
  5
DEF
330
17
100
AcDbEntity
  8
隐藏线
100
AcDbLine
 10
294.0243560726975
 20
24.0
 30
0.0
 11
296.2488889619297
 21
24.0
 31
0.0
  0
LINE
  5
DF0
330
17
100
AcDbEntity
  8
隐藏线
100
AcDbLine
 10
291.4839035842871
 20
24.0
 30
0.0
 11
294.0243560726975
 21
24.0
 31
0.0
  0
LINE
  5
DF1
330
17
100
AcDbEntity
  8
隐藏线
100
AcDbLine
 10
288.71173908441943
 20
24.0
 30
0.0
 11
291.4839035842871
 21
24.0
 31
0.0
  0
LINE
  5
DF2
330
17
100
AcDbEntity
  8
隐藏线
100
AcDbLine
 10
285.7992164775309
 20
24.0
 30
0.0
 11
288.71173908441943
 21
24.0
 31
0.0
  0
LINE
  5
DF3
330
17
100
AcDbEntity
  8
隐藏线
100
AcDbLine
 10
283.7992164775309
 20
35.98467258352316
 30
0.0
 11
283.7992164775309
 21
36.0
 31
0.0
  0
LINE
  5
DF4
330
17
100
AcDbEntity
  8
隐藏线
100
AcDbLine
 10
283.7992164775309
 20
35.94119839605009
 30
0.0
 11
283.7992164775309
 21
35.98467258352316
 31
0.0
  0
LINE
  5
DF5
330
17
100
AcDbEntity
  8
隐藏线
100
AcDbLine
 10
283.7992164775309
 20
35.86997647210775
 30
0.0
 11
283.7992164775309
 21
35.94119839605009
 31
0.0
  0
LINE
  5
DF6
330
17
100
AcDbEntity
  8
隐藏线
100
AcDbLine
 10
283.7992164775309
 20
35.771638597533865
 30
0.0
 11
283.7992164775309
 21
35.86997647210775
 31
0.0
  0
LINE
  5
DF7
330
17
100
AcDbEntity
  8
隐藏线
100
AcDbLine
 10
283.7992164775309
 20
35.64497935022151
 30
0.0
 11
283.7992164775309
 21
35.771638597533865
 31
0.0
  0
LINE
  5
DF8
330
17
100
AcDbEntity
  8
隐藏线
100
AcDbLine
 10
283.7992164775309
 20
35.49342760228132
 30
0.0
 11
283.7992164775309
 21
35.64497935022151
 31
0.0
  0
LINE
  5
DF9
330
17
100
AcDbEntity
  8
隐藏线
100
AcDbLine
 10
283.7992164775309
 20
35.31835245921545
 30
0.0
 11
283.7992164775309
 21
35.49342760228132
 31
0.0
  0
LINE
  5
DFA
330
17
100
AcDbEntity
  8
隐藏线
100
AcDbLine
 10
283.7992164775309
 20
35.12132034355965
 30
0.0
 11
283.7992164775309
 21
35.31835245921545
 31
0.0
  0
LINE
  5
DFB
330
17
100
AcDbEntity
  8
隐藏线
100
AcDbLine
 10
283.7992164775309
 20
34.90261198764616
 30
0.0
 11
283.7992164775309
 21
35.12132034355965
 31
0.0
  0
LINE
  5
DFC
330
17
100
AcDbEntity
  8
隐藏线
100
AcDbLine
 10
283.7992164775309
 20
34.66605505904272
 30
0.0
 11
283.7992164775309
 21
34.90261198764616
 31
0.0
  0
LINE
  5
DFD
330
17
100
AcDbEntity
  8
隐藏线
100
AcDbLine
 10
283.7992164775309
 20
34.41378030032496
 30
0.0
 11
283.7992164775309
 21
34.66605505904272
 31
0.0
  0
LINE
  5
DFE
330
17
100
AcDbEntity
  8
隐藏线
100
AcDbLine
 10
283.7992164775309
 20
34.14805029709527
 30
0.0
 11
283.7992164775309
 21
34.41378030032496
 31
0.0
  0
LINE
  5
DFF
330
17
100
AcDbEntity
  8
隐藏线
100
AcDbLine
 10
283.7992164775309
 20
33.87058919717229
 30
0.0
 11
283.7992164775309
 21
34.14805029709527
 31
0.0
  0
LINE
  5
E00
330
17
100
AcDbEntity
  8
隐藏线
100
AcDbLine
 10
283.7992164775309
 20
33.58504073589158
 30
0.0
 11
283.7992164775309
 21
33.87058919717229
 31
0.0
  0
LINE
  5
E01
330
17
100
AcDbEntity
  8
隐藏线
100
AcDbLine
 10
283.7992164775309
 20
33.293972906660336
 30
0.0
 11
283.7992164775309
 21
33.58504073589158
 31
0.0
  0
LINE
  5
E02
330
17
100
AcDbEntity
  8
隐藏线
100
AcDbLine
 10
283.7992164775309
 20
33.0
 30
0.0
 11
283.7992164775309
 21
33.293972906660336
 31
0.0
  0
LINE
  5
E03
330
17
100
AcDbEntity
  8
隐藏线
100
AcDbLine
 10
277.7992164775309
 20
33.0
 30
0.0
 11
277.7992164775309
 21
33.24330112558067
 31
0.0
  0
LINE
  5
E04
330
17
100
AcDbEntity
  8
隐藏线
100
AcDbLine
 10
277.7992164775309
 20
33.24330112558067
 30
0.0
 11
277.7992164775309
 21
33.484956820326914
 31
0.0
  0
LINE
  5
E05
330
17
100
AcDbEntity
  8
隐藏线
100
AcDbLine
 10
277.7992164775309
 20
33.484956820326914
 30
0.0
 11
277.7992164775309
 21
33.72348158288841
 31
0.0
  0
LINE
  5
E06
330
17
100
AcDbEntity
  8
隐藏线
100
AcDbLine
 10
277.7992164775309
 20
33.72348158288841
 30
0.0
 11
277.7992164775309
 21
33.95740788280684
 31
0.0
  0
LINE
  5
E07
330
17
100
AcDbEntity
  8
隐藏线
100
AcDbLine
 10
277.7992164775309
 20
33.95740788280684
 30
0.0
 11
277.7992164775309
 21
34.184638887432
 31
0.0
  0
LINE
  5
E08
330
17
100
AcDbEntity
  8
隐藏线
100
AcDbLine
 10
277.7992164775309
 20
34.184638887432
 30
0.0
 11
277.7992164775309
 21
34.40415265038417
 31
0.0
  0
LINE
  5
E09
330
17
100
AcDbEntity
  8
隐藏线
100
AcDbLine
 10
277.7992164775309
 20
34.40415265038417
 30
0.0
 11
277.7992164775309
 21
34.61460105629607
 31
0.0
  0
LINE
  5
E0A
330
17
100
AcDbEntity
  8
隐藏线
100
AcDbLine
 10
277.7992164775309
 20
34.61460105629607
 30
0.0
 11
277.7992164775309
 21
34.81468802304244
 31
0.0
  0
LINE
  5
E0B
330
17
100
AcDbEntity
  8
隐藏线
100
AcDbLine
 10
277.7992164775309
 20
34.81468802304244
 30
0.0
 11
277.7992164775309
 21
34.85494918033511
 31
0.0
  0
LINE
  5
E0C
330
17
100
AcDbEntity
  8
隐藏线
100
AcDbLine
 10
277.7992164775309
 20
34.85494918033511
 30
0.0
 11
277.7992164775309
 21
34.89468650098445
 31
0.0
  0
LINE
  5
E0D
330
17
100
AcDbEntity
  8
隐藏线
100
AcDbLine
 10
277.7992164775309
 20
34.93388931324957
 30
0.0
 11
277.7992164775309
 21
34.97254707942595
 31
0.0
  0
LINE
  5
E0E
330
17
100
AcDbEntity
  8
隐藏线
100
AcDbLine
 10
277.7992164775309
 20
34.97254707942595
 30
0.0
 11
277.7992164775309
 21
35.01060200287406
 31
0.0
  0
LINE
  5
E0F
330
17
100
AcDbEntity
  8
隐藏线
100
AcDbLine
 10
277.7992164775309
 20
35.04808920842946
 30
0.0
 11
277.7992164775309
 21
35.084998629294404
 31
0.0
  0
LINE
  5
E10
330
17
100
AcDbEntity
  8
隐藏线
100
AcDbLine
 10
277.7992164775309
 20
35.084998629294404
 30
0.0
 11
277.7992164775309
 21
35.121320343559645
 31
0.0
  0
LINE
  5
E11
330
17
100
AcDbEntity
  8
隐藏线
100
AcDbLine
 10
277.7992164775309
 20
35.121320343559645
 30
0.0
 11
277.7992164775309
 21
35.31835245921545
 31
0.0
  0
LINE
  5
E12
330
17
100
AcDbEntity
  8
隐藏线
100
AcDbLine
 10
277.7992164775309
 20
35.31835245921545
 30
0.0
 11
277.7992164775309
 21
35.49342760228132
 31
0.0
  0
LINE
  5
E13
330
17
100
AcDbEntity
  8
隐藏线
100
AcDbLine
 10
277.7992164775309
 20
35.49342760228132
 30
0.0
 11
277.7992164775309
 21
35.64497935022152
 31
0.0
  0
LINE
  5
E14
330
17
100
AcDbEntity
  8
隐藏线
100
AcDbLine
 10
277.7992164775309
 20
35.64497935022152
 30
0.0
 11
277.7992164775309
 21
35.771638597533865
 31
0.0
  0
LINE
  5
E15
330
17
100
AcDbEntity
  8
隐藏线
100
AcDbLine
 10
277.7992164775309
 20
35.771638597533865
 30
0.0
 11
277.7992164775309
 21
35.86997647210776
 31
0.0
  0
LINE
  5
E16
330
17
100
AcDbEntity
  8
隐藏线
100
AcDbLine
 10
277.7992164775309
 20
35.86997647210776
 30
0.0
 11
277.7992164775309
 21
35.9411983960501
 31
0.0
  0
LINE
  5
E17
330
17
100
AcDbEntity
  8
隐藏线
100
AcDbLine
 10
277.7992164775309
 20
35.9411983960501
 30
0.0
 11
277.7992164775309
 21
35.98467258352317
 31
0.0
  0
LINE
  5
E18
330
17
100
AcDbEntity
  8
隐藏线
100
AcDbLine
 10
277.7992164775309
 20
35.98467258352317
 30
0.0
 11
277.7992164775309
 21
36.00000000000001
 31
0.0
  0
LINE
  5
E19
330
17
100
AcDbEntity
  8
隐藏线
100
AcDbLine
 10
277.50524357087056
 20
33.0
 30
0.0
 11
277.7992164775309
 21
33.0
 31
0.0
  0
LINE
  5
E1A
330
17
100
AcDbEntity
  8
隐藏线
100
AcDbLine
 10
277.2141757416393
 20
33.0
 30
0.0
 11
277.50524357087056
 21
33.0
 31
0.0
  0
LINE
  5
E1B
330
17
100
AcDbEntity
  8
隐藏线
100
AcDbLine
 10
276.92862728035857
 20
33.0
 30
0.0
 11
277.2141757416393
 21
33.0
 31
0.0
  0
LINE
  5
E1C
330
17
100
AcDbEntity
  8
隐藏线
100
AcDbLine
 10
276.6511661804356
 20
33.0
 30
0.0
 11
276.92862728035857
 21
33.0
 31
0.0
  0
LINE
  5
E1D
330
17
100
AcDbEntity
  8
隐藏线
100
AcDbLine
 10
276.3854361772059
 20
33.0
 30
0.0
 11
276.6511661804356
 21
33.0
 31
0.0
  0
LINE
  5
E1E
330
17
100
AcDbEntity
  8
隐藏线
100
AcDbLine
 10
276.13316141848816
 20
33.0
 30
0.0
 11
276.3854361772059
 21
33.0
 31
0.0
  0
LINE
  5
E1F
330
17
100
AcDbEntity
  8
隐藏线
100
AcDbLine
 10
275.89660448988474
 20
33.0
 30
0.0
 11
276.13316141848816
 21
33.0
 31
0.0
  0
LINE
  5
E20
330
17
100
AcDbEntity
  8
隐藏线
100
AcDbLine
 10
275.6778961339712
 20
33.0
 30
0.0
 11
275.89660448988474
 21
33.0
 31
0.0
  0
LINE
  5
E21
330
17
100
AcDbEntity
  8
隐藏线
100
AcDbLine
 10
275.48086401831546
 20
33.0
 30
0.0
 11
275.6778961339712
 21
33.0
 31
0.0
  0
LINE
  5
E22
330
17
100
AcDbEntity
  8
隐藏线
100
AcDbLine
 10
275.30578887524956
 20
33.0
 30
0.0
 11
275.48086401831546
 21
33.0
 31
0.0
  0
LINE
  5
E23
330
17
100
AcDbEntity
  8
隐藏线
100
AcDbLine
 10
275.1542371273094
 20
33.0
 30
0.0
 11
275.30578887524956
 21
33.0
 31
0.0
  0
LINE
  5
E24
330
17
100
AcDbEntity
  8
隐藏线
100
AcDbLine
 10
275.027577879997
 20
33.0
 30
0.0
 11
275.1542371273094
 21
33.0
 31
0.0
  0
LINE
  5
E25
330
17
100
AcDbEntity
  8
隐藏线
100
AcDbLine
 10
274.92924000542314
 20
33.0
 30
0.0
 11
275.027577879997
 21
33.0
 31
0.0
  0
LINE
  5
E26
330
17
100
AcDbEntity
  8
隐藏线
100
AcDbLine
 10
274.8580180814808
 20
33.0
 30
0.0
 11
274.92924000542314
 21
33.0
 31
0.0
  0
LINE
  5
E27
330
17
100
AcDbEntity
  8
隐藏线
100
AcDbLine
 10
274.8145438940077
 20
33.0
 30
0.0
 11
274.8580180814808
 21
33.0
 31
0.0
  0
LINE
  5
E28
330
17
100
AcDbEntity
  8
隐藏线
100
AcDbLine
 10
274.7992164775309
 20
33.0
 30
0.0
 11
274.8145438940077
 21
33.0
 31
0.0
  0
LINE
  5
E29
330
17
100
AcDbEntity
  8
隐藏线
100
AcDbLine
 10
277.3099654217598
 20
23.995213922509556
 30
0.0
 11
277.4810687048924
 21
24.0
 31
0.0
  0
LINE
  5
E2A
330
17
100
AcDbEntity
  8
隐藏线
100
AcDbLine
 10
276.81478236933543
 20
23.92229396449734
 30
0.0
 11
276.97522643381933
 21
23.95629507717865
 31
0.0
  0
LINE
  5
E2B
330
17
100
AcDbEntity
  8
隐藏线
100
AcDbLine
 10
276.6605975876977
 20
23.879061848530736
 30
0.0
 11
276.81478236933543
 21
23.92229396449734
 31
0.0
  0
LINE
  5
E2C
330
17
100
AcDbEntity
  8
隐藏线
100
AcDbLine
 10
276.51273142784015
 20
23.826864070319218
 30
0.0
 11
276.6605975876977
 21
23.879061848530736
 31
0.0
  0
LINE
  5
E2D
330
17
100
AcDbEntity
  8
隐藏线
100
AcDbLine
 10
276.3712432286969
 20
23.765965970903164
 30
0.0
 11
276.51273142784015
 21
23.826864070319218
 31
0.0
  0
LINE
  5
E2E
330
17
100
AcDbEntity
  8
隐藏线
100
AcDbLine
 10
276.236355355314
 20
23.6967253982338
 30
0.0
 11
276.3712432286969
 21
23.765965970903164
 31
0.0
  0
LINE
  5
E2F
330
17
100
AcDbEntity
  8
隐藏线
100
AcDbLine
 10
276.1567869954025
 20
23.650196216328826
 30
0.0
 11
276.236355355314
 21
23.6967253982338
 31
0.0
  0
LINE
  5
E30
330
17
100
AcDbEntity
  8
隐藏线
100
AcDbLine
 10
276.07996424937016
 20
23.60088343253429
 30
0.0
 11
276.1567869954025
 21
23.650196216328826
 31
0.0
  0
LINE
  5
E31
330
17
100
AcDbEntity
  8
隐藏线
100
AcDbLine
 10
276.00585901698776
 20
23.54889578650895
 30
0.0
 11
276.07996424937016
 21
23.60088343253429
 31
0.0
  0
LINE
  5
E32
330
17
100
AcDbEntity
  8
隐藏线
100
AcDbLine
 10
275.9345345372177
 20
23.494415866550145
 30
0.0
 11
276.00585901698776
 21
23.54889578650895
 31
0.0
  0
LINE
  5
E33
330
17
100
AcDbEntity
  8
隐藏线
100
AcDbLine
 10
275.8661341264616
 20
23.437727728278322
 30
0.0
 11
275.9345345372177
 21
23.494415866550145
 31
0.0
  0
LINE
  5
E34
330
17
100
AcDbEntity
  8
隐藏线
100
AcDbLine
 10
275.8005868445608
 20
23.37897407010988
 30
0.0
 11
275.8661341264616
 21
23.437727728278322
 31
0.0
  0
LINE
  5
E35
330
17
100
AcDbEntity
  8
隐藏线
100
AcDbLine
 10
275.7378145459362
 20
23.31829229550707
 30
0.0
 11
275.8005868445608
 21
23.37897407010988
 31
0.0
  0
LINE
  5
E36
330
17
100
AcDbEntity
  8
隐藏线
100
AcDbLine
 10
275.6777390850085
 20
23.255819807932156
 30
0.0
 11
275.7378145459362
 21
23.31829229550707
 31
0.0
  0
LINE
  5
E37
330
17
100
AcDbEntity
  8
隐藏线
100
AcDbLine
 10
275.6192842529453
 20
23.190540077681955
 30
0.0
 11
275.6777390850085
 21
23.255819807932156
 31
0.0
  0
LINE
  5
E38
330
17
100
AcDbEntity
  8
隐藏线
100
AcDbLine
 10
275.5634596459648
 20
23.123692602907248
 30
0.0
 11
275.6192842529453
 21
23.190540077681955
 31
0.0
  0
LINE
  5
E39
330
17
100
AcDbEntity
  8
隐藏线
100
AcDbLine
 10
275.51018287694734
 20
23.0554222449757
 30
0.0
 11
275.5634596459648
 21
23.123692602907248
 31
0.0
  0
LINE
  5
E3A
330
17
100
AcDbEntity
  8
隐藏线
100
AcDbLine
 10
275.45937155877334
 20
22.985873865254987
 30
0.0
 11
275.51018287694734
 21
23.0554222449757
 31
0.0
  0
LINE
  5
E3B
330
17
100
AcDbEntity
  8
隐藏线
100
AcDbLine
 10
275.41094330432315
 20
22.91519232511278
 30
0.0
 11
275.45937155877334
 21
22.985873865254987
 31
0.0
  0
LINE
  5
E3C
330
17
100
AcDbEntity
  8
隐藏线
100
AcDbLine
 10
275.3648316204675
 20
22.843548204288194
 30
0.0
 11
275.41094330432315
 21
22.91519232511278
 31
0.0
  0
LINE
  5
E3D
330
17
100
AcDbEntity
  8
隐藏线
100
AcDbLine
 10
275.3212983072722
 20
22.771687215734474
 30
0.0
 11
275.3648316204675
 21
22.843548204288194
 31
0.0
  0
LINE
  5
E3E
330
17
100
AcDbEntity
  8
隐藏线
100
AcDbLine
 10
275.28038913648084
 20
22.700114308070994
 30
0.0
 11
275.3212983072722
 21
22.771687215734474
 31
0.0
  0
LINE
  5
E3F
330
17
100
AcDbEntity
  8
隐藏线
100
AcDbLine
 10
275.2727344795188
 20
22.686261636787986
 30
0.0
 11
275.28038913648084
 21
22.700114308070994
 31
0.0
  0
LINE
  5
E40
330
17
100
AcDbEntity
  8
隐藏线
100
AcDbLine
 10
275.2503358936691
 20
22.644855427606274
 30
0.0
 11
275.2577085765077
 21
22.658630079841654
 31
0.0
  0
LINE
  5
E41
330
17
100
AcDbEntity
  8
隐藏线
100
AcDbLine
 10
275.2430557654154
 20
22.63111101514805
 30
0.0
 11
275.2503358936691
 21
22.644855427606274
 31
0.0
  0
LINE
  5
E42
330
17
100
AcDbEntity
  8
隐藏线
100
AcDbLine
 10
275.23586747335196
 20
22.61739895918096
 30
0.0
 11
275.2430557654154
 21
22.63111101514805
 31
0.0
  0
LINE
  5
E43
330
17
100
AcDbEntity
  8
隐藏线
100
AcDbLine
 10
275.184564518602
 20
22.515296559783675
 30
0.0
 11
275.2217635242166
 21
22.590080383576062
 31
0.0
  0
LINE
  5
E44
330
17
100
AcDbEntity
  8
隐藏线
100
AcDbLine
 10
275.1499938723746
 20
22.442059304891583
 30
0.0
 11
275.184564518602
 21
22.515296559783675
 31
0.0
  0
LINE
  5
E45
330
17
100
AcDbEntity
  8
隐藏线
100
AcDbLine
 10
275.11792957446403
 20
22.370728118376064
 30
0.0
 11
275.1499938723746
 21
22.442059304891583
 31
0.0
  0
LINE
  5
E46
330
17
100
AcDbEntity
  8
隐藏线
100
AcDbLine
 10
275.08824961379986
 20
22.301662499713412
 30
0.0
 11
275.11792957446403
 21
22.370728118376064
 31
0.0
  0
LINE
  5
E47
330
17
100
AcDbEntity
  8
隐藏线
100
AcDbLine
 10
275.0608319793115
 20
22.235221948379913
 30
0.0
 11
275.08824961379986
 21
22.301662499713412
 31
0.0
  0
LINE
  5
E48
330
17
100
AcDbEntity
  8
隐藏线
100
AcDbLine
 10
275.0355546599286
 20
22.17176596385185
 30
0.0
 11
275.0608319793115
 21
22.235221948379913
 31
0.0
  0
LINE
  5
E49
330
17
100
AcDbEntity
  8
隐藏线
100
AcDbLine
 10
275.01229564458066
 20
22.11165404560552
 30
0.0
 11
275.0355546599286
 21
22.17176596385185
 31
0.0
  0
LINE
  5
E4A
330
17
100
AcDbEntity
  8
隐藏线
100
AcDbLine
 10
274.9909329221972
 20
22.0552456931172
 30
0.0
 11
275.01229564458066
 21
22.11165404560552
 31
0.0
  0
LINE
  5
E4B
330
17
100
AcDbEntity
  8
隐藏线
100
AcDbLine
 10
274.9679812366603
 20
21.99188151019687
 30
0.0
 11
274.99093292219715
 21
22.05524569311711
 31
0.0
  0
LINE
  5
E4C
330
17
100
AcDbEntity
  8
隐藏线
100
AcDbLine
 10
274.9464297069709
 20
21.928028484265468
 30
0.0
 11
274.9679812366603
 21
21.99188151019687
 31
0.0
  0
LINE
  5
E4D
330
17
100
AcDbEntity
  8
隐藏线
100
AcDbLine
 10
274.9262884578474
 20
21.86371668568776
 30
0.0
 11
274.9464297069709
 21
21.928028484265468
 31
0.0
  0
LINE
  5
E4E
330
17
100
AcDbEntity
  8
隐藏线
100
AcDbLine
 10
274.9075669942892
 20
21.79897638642703
 30
0.0
 11
274.9262884578474
 21
21.86371668568776
 31
0.0
  0
LINE
  5
E4F
330
17
100
AcDbEntity
  8
隐藏线
100
AcDbLine
 10
274.89039413116234
 20
21.733808201565413
 30
0.0
 11
274.9075669942892
 21
21.79897638642703
 31
0.0
  0
LINE
  5
E50
330
17
100
AcDbEntity
  8
隐藏线
100
AcDbLine
 10
274.8746596428761
 20
21.66827879419037
 30
0.0
 11
274.89039413116234
 21
21.733808201565413
 31
0.0
  0
LINE
  5
E51
330
17
100
AcDbEntity
  8
隐藏线
100
AcDbLine
 10
274.86037091482365
 20
21.602419021922355
 30
0.0
 11
274.8746596428761
 21
21.66827879419037
 31
0.0
  0
LINE
  5
E52
330
17
100
AcDbEntity
  8
隐藏线
100
AcDbLine
 10
274.84753469708767
 20
21.53625988755404
 30
0.0
 11
274.86037091482365
 21
21.602419021922355
 31
0.0
  0
LINE
  5
E53
330
17
100
AcDbEntity
  8
隐藏线
100
AcDbLine
 10
274.83627922961375
 20
21.46981356336619
 30
0.0
 11
274.84753469708767
 21
21.53625988755404
 31
0.0
  0
LINE
  5
E54
330
17
100
AcDbEntity
  8
隐藏线
100
AcDbLine
 10
274.826488749274
 20
21.40313655198092
 30
0.0
 11
274.83627922961375
 21
21.46981356336619
 31
0.0
  0
LINE
  5
E55
330
17
100
AcDbEntity
  8
隐藏线
100
AcDbLine
 10
274.8181678425409
 20
21.336260249274414
 30
0.0
 11
274.826488749274
 21
21.40313655198092
 31
0.0
  0
LINE
  5
E56
330
17
100
AcDbEntity
  8
隐藏线
100
AcDbLine
 10
274.81132045011213
 20
21.269216138697423
 30
0.0
 11
274.8181678425409
 21
21.336260249274414
 31
0.0
  0
LINE
  5
E57
330
17
100
AcDbEntity
  8
隐藏线
100
AcDbLine
 10
274.80607320220423
 20
21.202027851507424
 30
0.0
 11
274.81132045011213
 21
21.269216138697423
 31
0.0
  0
LINE
  5
E58
330
17
100
AcDbEntity
  8
隐藏线
100
AcDbLine
 10
274.8023057322814
 20
21.13474127392367
 30
0.0
 11
274.80607320220423
 21
21.202027851507424
 31
0.0
  0
LINE
  5
E59
330
17
100
AcDbEntity
  8
隐藏线
100
AcDbLine
 10
274.8000197908856
 20
21.067388086734876
 30
0.0
 11
274.8023057322814
 21
21.13474127392367
 31
0.0
  0
LINE
  5
E5A
330
17
100
AcDbEntity
  8
隐藏线
100
AcDbLine
 10
274.7992164775309
 20
21.0
 30
0.0
 11
274.8000197908856
 21
21.067388086734876
 31
0.0
  0
LINE
  5
E5B
330
17
100
AcDbEntity
  8
隐藏线
100
AcDbLine
 10
274.7992164775309
 20
27.0
 30
0.0
 11
274.7992164775309
 21
33.0
 31
0.0
  0
LINE
  5
E5C
330
17
100
AcDbEntity
  8
隐藏线
100
AcDbLine
 10
274.7992164775309
 20
24.0
 30
0.0
 11
274.7992164775309
 21
27.0
 31
0.0
  0
LINE
  5
E5D
330
17
100
AcDbEntity
  8
隐藏线
100
AcDbLine
 10
274.7992164775309
 20
21.0
 30
0.0
 11
274.7992164775309
 21
24.0
 31
0.0
  0
LINE
  5
E5E
330
17
100
AcDbEntity
  8
隐藏线
100
AcDbLine
 10
283.7992164775309
 20
28.5
 30
0.0
 11
283.7992164775309
 21
33.0
 31
0.0
  0
LINE
  5
E5F
330
17
100
AcDbEntity
  8
隐藏线
100
AcDbLine
 10
283.7992164775309
 20
24.0
 30
0.0
 11
283.7992164775309
 21
28.5
 31
0.0
  0
LINE
  5
E60
330
17
100
AcDbEntity
  8
隐藏线
100
AcDbLine
 10
283.7992164775309
 20
19.000000000000004
 30
0.0
 11
283.7992164775309
 21
24.0
 31
0.0
  0
LINE
  5
E61
330
17
100
AcDbEntity
  8
隐藏线
100
AcDbLine
 10
283.7992164775309
 20
13.0
 30
0.0
 11
283.7992164775309
 21
19.000000000000004
 31
0.0
  0
LINE
  5
E62
330
17
100
AcDbEntity
  8
隐藏线
100
AcDbLine
 10
283.7992164775309
 20
2.0
 30
0.0
 11
283.7992164775309
 21
13.0
 31
0.0
  0
LINE
  5
E63
330
17
100
AcDbEntity
  8
隐藏线
100
AcDbLine
 10
283.7992164775309
 20
24.0
 30
0.0
 11
283.7992164775309
 21
24.344220405938035
 31
0.0
  0
LINE
  5
E64
330
17
100
AcDbEntity
  8
隐藏线
100
AcDbLine
 10
283.7992164775309
 20
24.344220405938035
 30
0.0
 11
283.7992164775309
 21
24.683772019322735
 31
0.0
  0
LINE
  5
E65
330
17
100
AcDbEntity
  8
隐藏线
100
AcDbLine
 10
283.7992164775309
 20
24.683772019322735
 30
0.0
 11
283.7992164775309
 21
25.01446935579404
 31
0.0
  0
LINE
  5
E66
330
17
100
AcDbEntity
  8
隐藏线
100
AcDbLine
 10
283.7992164775309
 20
25.01446935579404
 30
0.0
 11
283.7992164775309
 21
25.33222888367333
 31
0.0
  0
LINE
  5
E67
330
17
100
AcDbEntity
  8
隐藏线
100
AcDbLine
 10
283.7992164775309
 20
25.33222888367333
 30
0.0
 11
283.7992164775309
 21
25.63130473367075
 31
0.0
  0
LINE
  5
E68
330
17
100
AcDbEntity
  8
隐藏线
100
AcDbLine
 10
283.7992164775309
 20
25.63130473367075
 30
0.0
 11
283.7992164775309
 21
25.909076401760725
 31
0.0
  0
LINE
  5
E69
330
17
100
AcDbEntity
  8
隐藏线
100
AcDbLine
 10
283.7992164775309
 20
25.909076401760725
 30
0.0
 11
283.7992164775309
 21
26.162127123932564
 31
0.0
  0
LINE
  5
E6A
330
17
100
AcDbEntity
  8
隐藏线
100
AcDbLine
 10
283.7992164775309
 20
26.162127123932564
 30
0.0
 11
283.7992164775309
 21
26.387324785814226
 31
0.0
  0
LINE
  5
E6B
330
17
100
AcDbEntity
  8
隐藏线
100
AcDbLine
 10
283.7992164775309
 20
26.387324785814226
 30
0.0
 11
283.7992164775309
 21
26.526494107635063
 31
0.0
  0
LINE
  5
E6C
330
17
100
AcDbEntity
  8
隐藏线
100
AcDbLine
 10
283.7992164775309
 20
26.526494107635063
 30
0.0
 11
283.7992164775309
 21
26.64926694794055
 31
0.0
  0
LINE
  5
E6D
330
17
100
AcDbEntity
  8
隐藏线
100
AcDbLine
 10
283.7992164775309
 20
26.64926694794055
 30
0.0
 11
283.7992164775309
 21
26.754889764923554
 31
0.0
  0
LINE
  5
E6E
330
17
100
AcDbEntity
  8
隐藏线
100
AcDbLine
 10
283.7992164775309
 20
26.754889764923554
 30
0.0
 11
283.7992164775309
 21
26.84270771953807
 31
0.0
  0
LINE
  5
E6F
330
17
100
AcDbEntity
  8
隐藏线
100
AcDbLine
 10
283.7992164775309
 20
26.84270771953807
 30
0.0
 11
283.7992164775309
 21
26.910592650198918
 31
0.0
  0
LINE
  5
E70
330
17
100
AcDbEntity
  8
隐藏线
100
AcDbLine
 10
283.7992164775309
 20
26.910592650198918
 30
0.0
 11
283.7992164775309
 21
26.959616872745737
 31
0.0
  0
LINE
  5
E71
330
17
100
AcDbEntity
  8
隐藏线
100
AcDbLine
 10
283.7992164775309
 20
26.959616872745737
 30
0.0
 11
283.7992164775309
 21
26.989482022465765
 31
0.0
  0
LINE
  5
E72
330
17
100
AcDbEntity
  8
隐藏线
100
AcDbLine
 10
283.7992164775309
 20
27.0
 30
0.0
 11
283.7992164775309
 21
26.938871959829036
 31
0.0
  0
LINE
  5
E73
330
17
100
AcDbEntity
  8
隐藏线
100
AcDbLine
 10
283.7992164775309
 20
26.767278297316178
 30
0.0
 11
283.7992164775309
 21
26.49150306011466
 31
0.0
  0
LINE
  5
E74
330
17
100
AcDbEntity
  8
隐藏线
100
AcDbLine
 10
283.7992164775309
 20
26.121320343559642
 30
0.0
 11
283.7992164775309
 21
26.49150306011466
 31
0.0
  0
LINE
  5
E75
330
17
100
AcDbEntity
  8
隐藏线
100
AcDbLine
 10
283.7992164775309
 20
26.121320343559642
 30
0.0
 11
283.7992164775309
 21
25.66468952355356
 31
0.0
  0
LINE
  5
E76
330
17
100
AcDbEntity
  8
隐藏线
100
AcDbLine
 10
283.7992164775309
 20
25.14624420160909
 30
0.0
 11
283.7992164775309
 21
25.66468952355356
 31
0.0
  0
LINE
  5
E77
330
17
100
AcDbEntity
  8
隐藏线
100
AcDbLine
 10
283.7992164775309
 20
24.584645458479187
 30
0.0
 11
283.7992164775309
 21
25.14624420160909
 31
0.0
  0
LINE
  5
E78
330
17
100
AcDbEntity
  8
隐藏线
100
AcDbLine
 10
283.7992164775309
 20
24.0
 30
0.0
 11
283.7992164775309
 21
24.584645458479187
 31
0.0
  0
LINE
  5
E79
330
17
100
AcDbEntity
  8
隐藏线
100
AcDbLine
 10
283.7992164775309
 20
23.415354541520813
 30
0.0
 11
283.7992164775309
 21
24.0
 31
0.0
  0
LINE
  5
E7A
330
17
100
AcDbEntity
  8
隐藏线
100
AcDbLine
 10
283.7992164775309
 20
22.85375579839091
 30
0.0
 11
283.7992164775309
 21
23.415354541520813
 31
0.0
  0
LINE
  5
E7B
330
17
100
AcDbEntity
  8
隐藏线
100
AcDbLine
 10
283.7992164775309
 20
22.33531047644644
 30
0.0
 11
283.7992164775309
 21
22.85375579839091
 31
0.0
  0
LINE
  5
E7C
330
17
100
AcDbEntity
  8
隐藏线
100
AcDbLine
 10
283.7992164775309
 20
21.878679656440358
 30
0.0
 11
283.7992164775309
 21
22.33531047644644
 31
0.0
  0
LINE
  5
E7D
330
17
100
AcDbEntity
  8
隐藏线
100
AcDbLine
 10
283.7992164775309
 20
21.50849693988534
 30
0.0
 11
283.7992164775309
 21
21.878679656440358
 31
0.0
  0
LINE
  5
E7E
330
17
100
AcDbEntity
  8
隐藏线
100
AcDbLine
 10
283.7992164775309
 20
21.232721702683822
 30
0.0
 11
283.7992164775309
 21
21.50849693988534
 31
0.0
  0
LINE
  5
E7F
330
17
100
AcDbEntity
  8
隐藏线
100
AcDbLine
 10
283.7992164775309
 20
21.061128040170964
 30
0.0
 11
283.7992164775309
 21
21.232721702683822
 31
0.0
  0
LINE
  5
E80
330
17
100
AcDbEntity
  8
隐藏线
100
AcDbLine
 10
283.7992164775309
 20
21.0
 30
0.0
 11
283.7992164775309
 21
21.061128040170964
 31
0.0
  0
LINE
  5
E81
330
17
100
AcDbEntity
  8
隐藏线
100
AcDbLine
 10
283.7992164775309
 20
21.0
 30
0.0
 11
283.7992164775309
 21
21.010517977534235
 31
0.0
  0
LINE
  5
E82
330
17
100
AcDbEntity
  8
隐藏线
100
AcDbLine
 10
283.7992164775309
 20
21.08940734980108
 30
0.0
 11
283.7992164775309
 21
21.040383127254263
 31
0.0
  0
LINE
  5
E83
330
17
100
AcDbEntity
  8
隐藏线
100
AcDbLine
 10
283.7992164775309
 20
21.157292280461927
 30
0.0
 11
283.7992164775309
 21
21.245110235076442
 31
0.0
  0
LINE
  5
E84
330
17
100
AcDbEntity
  8
隐藏线
100
AcDbLine
 10
283.7992164775309
 20
21.35073305205945
 30
0.0
 11
283.7992164775309
 21
21.245110235076442
 31
0.0
  0
LINE
  5
E85
330
17
100
AcDbEntity
  8
隐藏线
100
AcDbLine
 10
283.7992164775309
 20
21.35073305205945
 30
0.0
 11
283.7992164775309
 21
21.473505892364937
 31
0.0
  0
LINE
  5
E86
330
17
100
AcDbEntity
  8
隐藏线
100
AcDbLine
 10
283.7992164775309
 20
21.473505892364937
 30
0.0
 11
283.7992164775309
 21
21.61267521418577
 31
0.0
  0
LINE
  5
E87
330
17
100
AcDbEntity
  8
隐藏线
100
AcDbLine
 10
283.7992164775309
 20
21.61267521418577
 30
0.0
 11
283.7992164775309
 21
21.837872876067436
 31
0.0
  0
LINE
  5
E88
330
17
100
AcDbEntity
  8
隐藏线
100
AcDbLine
 10
283.7992164775309
 20
22.090923598239268
 30
0.0
 11
283.7992164775309
 21
21.837872876067436
 31
0.0
  0
LINE
  5
E89
330
17
100
AcDbEntity
  8
隐藏线
100
AcDbLine
 10
283.7992164775309
 20
22.090923598239268
 30
0.0
 11
283.7992164775309
 21
22.36869526632925
 31
0.0
  0
LINE
  5
E8A
330
17
100
AcDbEntity
  8
隐藏线
100
AcDbLine
 10
283.7992164775309
 20
22.36869526632925
 30
0.0
 11
283.7992164775309
 21
22.667771116326662
 31
0.0
  0
LINE
  5
E8B
330
17
100
AcDbEntity
  8
隐藏线
100
AcDbLine
 10
283.7992164775309
 20
22.667771116326662
 30
0.0
 11
283.7992164775309
 21
22.98553064420596
 31
0.0
  0
LINE
  5
E8C
330
17
100
AcDbEntity
  8
隐藏线
100
AcDbLine
 10
283.7992164775309
 20
22.98553064420596
 30
0.0
 11
283.7992164775309
 21
23.316227980677265
 31
0.0
  0
LINE
  5
E8D
330
17
100
AcDbEntity
  8
隐藏线
100
AcDbLine
 10
283.7992164775309
 20
23.316227980677265
 30
0.0
 11
283.7992164775309
 21
23.655779594061965
 31
0.0
  0
LINE
  5
E8E
330
17
100
AcDbEntity
  8
隐藏线
100
AcDbLine
 10
283.7992164775309
 20
23.655779594061965
 30
0.0
 11
283.7992164775309
 21
24.0
 31
0.0
  0
LINE
  5
E8F
330
17
100
AcDbEntity
  8
隐藏线
100
AcDbLine
 10
291.7992164775309
 20
33.0
 30
0.0
 11
291.7992164775309
 21
33.24330112558067
 31
0.0
  0
LINE
  5
E90
330
17
100
AcDbEntity
  8
隐藏线
100
AcDbLine
 10
291.7992164775309
 20
33.24330112558067
 30
0.0
 11
291.7992164775309
 21
33.484956820326914
 31
0.0
  0
LINE
  5
E91
330
17
100
AcDbEntity
  8
隐藏线
100
AcDbLine
 10
291.7992164775309
 20
33.484956820326914
 30
0.0
 11
291.7992164775309
 21
33.72348158288841
 31
0.0
  0
LINE
  5
E92
330
17
100
AcDbEntity
  8
隐藏线
100
AcDbLine
 10
291.7992164775309
 20
33.72348158288841
 30
0.0
 11
291.7992164775309
 21
33.95740788280684
 31
0.0
  0
LINE
  5
E93
330
17
100
AcDbEntity
  8
隐藏线
100
AcDbLine
 10
291.7992164775309
 20
33.95740788280684
 30
0.0
 11
291.7992164775309
 21
34.184638887432
 31
0.0
  0
LINE
  5
E94
330
17
100
AcDbEntity
  8
隐藏线
100
AcDbLine
 10
291.7992164775309
 20
34.184638887432
 30
0.0
 11
291.7992164775309
 21
34.40415265038417
 31
0.0
  0
LINE
  5
E95
330
17
100
AcDbEntity
  8
隐藏线
100
AcDbLine
 10
291.7992164775309
 20
34.40415265038417
 30
0.0
 11
291.7992164775309
 21
34.61460105629607
 31
0.0
  0
LINE
  5
E96
330
17
100
AcDbEntity
  8
隐藏线
100
AcDbLine
 10
291.7992164775309
 20
34.61460105629607
 30
0.0
 11
291.7992164775309
 21
34.81468802304244
 31
0.0
  0
LINE
  5
E97
330
17
100
AcDbEntity
  8
隐藏线
100
AcDbLine
 10
291.7992164775309
 20
34.81468802304244
 30
0.0
 11
291.7992164775309
 21
34.85494918033511
 31
0.0
  0
LINE
  5
E98
330
17
100
AcDbEntity
  8
隐藏线
100
AcDbLine
 10
291.7992164775309
 20
34.85494918033511
 30
0.0
 11
291.7992164775309
 21
34.89468650098445
 31
0.0
  0
LINE
  5
E99
330
17
100
AcDbEntity
  8
隐藏线
100
AcDbLine
 10
291.7992164775309
 20
34.93388931324957
 30
0.0
 11
291.7992164775309
 21
34.97254707942596
 31
0.0
  0
LINE
  5
E9A
330
17
100
AcDbEntity
  8
隐藏线
100
AcDbLine
 10
291.7992164775309
 20
34.97254707942596
 30
0.0
 11
291.7992164775309
 21
35.01060200287406
 31
0.0
  0
LINE
  5
E9B
330
17
100
AcDbEntity
  8
隐藏线
100
AcDbLine
 10
291.7992164775309
 20
35.048089208429474
 30
0.0
 11
291.7992164775309
 21
35.08499862929441
 31
0.0
  0
LINE
  5
E9C
330
17
100
AcDbEntity
  8
隐藏线
100
AcDbLine
 10
291.7992164775309
 20
35.08499862929441
 30
0.0
 11
291.7992164775309
 21
35.121320343559645
 31
0.0
  0
LINE
  5
E9D
330
17
100
AcDbEntity
  8
隐藏线
100
AcDbLine
 10
291.7992164775309
 20
35.121320343559645
 30
0.0
 11
291.7992164775309
 21
35.31835245921545
 31
0.0
  0
LINE
  5
E9E
330
17
100
AcDbEntity
  8
隐藏线
100
AcDbLine
 10
291.7992164775309
 20
35.31835245921545
 30
0.0
 11
291.7992164775309
 21
35.49342760228132
 31
0.0
  0
LINE
  5
E9F
330
17
100
AcDbEntity
  8
隐藏线
100
AcDbLine
 10
291.7992164775309
 20
35.49342760228132
 30
0.0
 11
291.7992164775309
 21
35.64497935022152
 31
0.0
  0
LINE
  5
EA0
330
17
100
AcDbEntity
  8
隐藏线
100
AcDbLine
 10
291.7992164775309
 20
35.64497935022152
 30
0.0
 11
291.7992164775309
 21
35.771638597533865
 31
0.0
  0
LINE
  5
EA1
330
17
100
AcDbEntity
  8
隐藏线
100
AcDbLine
 10
291.7992164775309
 20
35.771638597533865
 30
0.0
 11
291.7992164775309
 21
35.869976472107766
 31
0.0
  0
LINE
  5
EA2
330
17
100
AcDbEntity
  8
隐藏线
100
AcDbLine
 10
291.7992164775309
 20
35.869976472107766
 30
0.0
 11
291.7992164775309
 21
35.9411983960501
 31
0.0
  0
LINE
  5
EA3
330
17
100
AcDbEntity
  8
隐藏线
100
AcDbLine
 10
291.7992164775309
 20
35.9411983960501
 30
0.0
 11
291.7992164775309
 21
35.98467258352317
 31
0.0
  0
LINE
  5
EA4
330
17
100
AcDbEntity
  8
隐藏线
100
AcDbLine
 10
291.7992164775309
 20
35.98467258352317
 30
0.0
 11
291.7992164775309
 21
36.00000000000001
 31
0.0
  0
LINE
  5
EA5
330
17
100
AcDbEntity
  8
隐藏线
100
AcDbLine
 10
285.7992164775309
 20
33.0
 30
0.0
 11
285.7992164775309
 21
33.293972906660336
 31
0.0
  0
LINE
  5
EA6
330
17
100
AcDbEntity
  8
隐藏线
100
AcDbLine
 10
285.7992164775309
 20
33.293972906660336
 30
0.0
 11
285.7992164775309
 21
33.585040735891575
 31
0.0
  0
LINE
  5
EA7
330
17
100
AcDbEntity
  8
隐藏线
100
AcDbLine
 10
285.7992164775309
 20
33.585040735891575
 30
0.0
 11
285.7992164775309
 21
33.87058919717229
 31
0.0
  0
LINE
  5
EA8
330
17
100
AcDbEntity
  8
隐藏线
100
AcDbLine
 10
285.7992164775309
 20
33.87058919717229
 30
0.0
 11
285.7992164775309
 21
34.14805029709527
 31
0.0
  0
LINE
  5
EA9
330
17
100
AcDbEntity
  8
隐藏线
100
AcDbLine
 10
285.7992164775309
 20
34.14805029709527
 30
0.0
 11
285.7992164775309
 21
34.41378030032496
 31
0.0
  0
LINE
  5
EAA
330
17
100
AcDbEntity
  8
隐藏线
100
AcDbLine
 10
285.7992164775309
 20
34.41378030032496
 30
0.0
 11
285.7992164775309
 21
34.66605505904271
 31
0.0
  0
LINE
  5
EAB
330
17
100
AcDbEntity
  8
隐藏线
100
AcDbLine
 10
285.7992164775309
 20
34.66605505904271
 30
0.0
 11
285.7992164775309
 21
34.902611987646154
 31
0.0
  0
LINE
  5
EAC
330
17
100
AcDbEntity
  8
隐藏线
100
AcDbLine
 10
285.7992164775309
 20
34.902611987646154
 30
0.0
 11
285.7992164775309
 21
35.121320343559645
 31
0.0
  0
LINE
  5
EAD
330
17
100
AcDbEntity
  8
隐藏线
100
AcDbLine
 10
285.7992164775309
 20
35.121320343559645
 30
0.0
 11
285.7992164775309
 21
35.31835245921545
 31
0.0
  0
LINE
  5
EAE
330
17
100
AcDbEntity
  8
隐藏线
100
AcDbLine
 10
285.7992164775309
 20
35.31835245921545
 30
0.0
 11
285.7992164775309
 21
35.493427602281315
 31
0.0
  0
LINE
  5
EAF
330
17
100
AcDbEntity
  8
隐藏线
100
AcDbLine
 10
285.7992164775309
 20
35.493427602281315
 30
0.0
 11
285.7992164775309
 21
35.64497935022151
 31
0.0
  0
LINE
  5
EB0
330
17
100
AcDbEntity
  8
隐藏线
100
AcDbLine
 10
285.7992164775309
 20
35.64497935022151
 30
0.0
 11
285.7992164775309
 21
35.77163859753386
 31
0.0
  0
LINE
  5
EB1
330
17
100
AcDbEntity
  8
隐藏线
100
AcDbLine
 10
285.7992164775309
 20
35.77163859753386
 30
0.0
 11
285.7992164775309
 21
35.86997647210775
 31
0.0
  0
LINE
  5
EB2
330
17
100
AcDbEntity
  8
隐藏线
100
AcDbLine
 10
285.7992164775309
 20
35.86997647210775
 30
0.0
 11
285.7992164775309
 21
35.94119839605009
 31
0.0
  0
LINE
  5
EB3
330
17
100
AcDbEntity
  8
隐藏线
100
AcDbLine
 10
285.7992164775309
 20
35.94119839605009
 30
0.0
 11
285.7992164775309
 21
35.98467258352316
 31
0.0
  0
LINE
  5
EB4
330
17
100
AcDbEntity
  8
隐藏线
100
AcDbLine
 10
285.7992164775309
 20
35.98467258352316
 30
0.0
 11
285.7992164775309
 21
36.0
 31
0.0
  0
LINE
  5
EB5
330
17
100
AcDbEntity
  8
隐藏线
100
AcDbLine
 10
304.7992164775309
 20
21.4612501221796
 30
0.0
 11
304.79926020336194
 21
21.4468181827187
 31
0.0
  0
LINE
  5
EB6
330
17
100
AcDbEntity
  8
隐藏线
100
AcDbLine
 10
304.79926020336194
 20
21.4468181827187
 30
0.0
 11
304.7993913795805
 21
21.432386663956837
 31
0.0
  0
LINE
  5
EB7
330
17
100
AcDbEntity
  8
隐藏线
100
AcDbLine
 10
304.8013587934366
 20
21.360250103553895
 30
0.0
 11
304.80201450246824
 21
21.345829942120734
 31
0.0
  0
LINE
  5
EB8
330
17
100
AcDbEntity
  8
隐藏线
100
AcDbLine
 10
304.80201450246824
 20
21.345829942120734
 30
0.0
 11
304.8027575815981
 21
21.33141314524977
 31
0.0
  0
LINE
  5
EB9
330
17
100
AcDbEntity
  8
隐藏线
100
AcDbLine
 10
304.8077826814753
 20
21.259394334225785
 30
0.0
 11
304.80904943721697
 21
21.24500654584783
 31
0.0
  0
LINE
  5
EBA
330
17
100
AcDbEntity
  8
隐藏线
100
AcDbLine
 10
304.80904943721697
 20
21.24500654584783
 30
0.0
 11
304.81040335798457
 21
21.23062506108993
 31
0.0
  0
LINE
  5
EBB
330
17
100
AcDbEntity
  8
隐藏线
100
AcDbLine
 10
304.8024992579355
 20
21.14419730014875
 30
0.0
 11
304.80399014078796
 21
21.15860894355757
 31
0.0
  0
LINE
  5
EBC
330
17
100
AcDbEntity
  8
隐藏线
100
AcDbLine
 10
304.8009389948782
 20
21.129783434886367
 30
0.0
 11
304.8024992579355
 21
21.14419730014875
 31
0.0
  0
LINE
  5
EBD
330
17
100
AcDbEntity
  8
隐藏线
100
AcDbLine
 10
304.79012122262077
 20
21.043267619120662
 30
0.0
 11
304.7920974705116
 21
21.057689552479395
 31
0.0
  0
LINE
  5
EBE
330
17
100
AcDbEntity
  8
隐藏线
100
AcDbLine
 10
304.7880756933236
 20
21.02884521825004
 30
0.0
 11
304.79012122262077
 21
21.043267619120662
 31
0.0
  0
LINE
  5
EBF
330
17
100
AcDbEntity
  8
隐藏线
100
AcDbLine
 10
304.7953552213821
 20
21.230735196781186
 30
0.0
 11
304.7962600742433
 21
21.25956686977259
 31
0.0
  0
LINE
  5
EC0
330
17
100
AcDbEntity
  8
隐藏线
100
AcDbLine
 10
304.79825099494036
 20
21.34603622898503
 30
0.0
 11
304.7986733698709
 21
21.37484912466699
 31
0.0
  0
LINE
  5
EC1
330
17
100
AcDbEntity
  8
隐藏线
100
AcDbLine
 10
304.79915612696806
 20
21.43245657250475
 30
0.0
 11
304.7992164775309
 21
21.4612501221796
 31
0.0
  0
LINE
  5
EC2
330
17
100
AcDbEntity
  8
隐藏线
100
AcDbLine
 10
305.777459760392
 20
23.214984998783795
 30
0.0
 11
305.79178801886275
 21
23.228004029559987
 31
0.0
  0
LINE
  5
EC3
330
17
100
AcDbEntity
  8
隐藏线
100
AcDbLine
 10
305.7490515166037
 20
23.188676219629652
 30
0.0
 11
305.76321407503025
 21
23.20187555885088
 31
0.0
  0
LINE
  5
EC4
330
17
100
AcDbEntity
  8
隐藏线
100
AcDbLine
 10
305.73497263592185
 20
23.17538749425115
 30
0.0
 11
305.7490515166037
 21
23.188676219629652
 31
0.0
  0
LINE
  5
EC5
330
17
100
AcDbEntity
  8
隐藏线
100
AcDbLine
 10
305.7070823592688
 20
23.14852935979905
 30
0.0
 11
305.72098505848396
 21
23.162002549651348
 31
0.0
  0
LINE
  5
EC6
330
17
100
AcDbEntity
  8
隐藏线
100
AcDbLine
 10
305.6932650787629
 20
23.13496844870402
 30
0.0
 11
305.7070823592688
 21
23.14852935979905
 31
0.0
  0
LINE
  5
EC7
330
17
100
AcDbEntity
  8
隐藏线
100
AcDbLine
 10
305.594444275335
 20
23.032372288015424
 30
0.0
 11
305.6795337543529
 21
23.1213203435596
 31
0.0
  0
LINE
  5
EC8
330
17
100
AcDbEntity
  8
隐藏线
100
AcDbLine
 10
305.51300032979805
 20
22.9400769139133
 30
0.0
 11
305.594444275335
 21
23.032372288015424
 31
0.0
  0
LINE
  5
EC9
330
17
100
AcDbEntity
  8
隐藏线
100
AcDbLine
 10
305.4353297470934
 20
22.84457947419453
 30
0.0
 11
305.51300032979805
 21
22.9400769139133
 31
0.0
  0
LINE
  5
ECA
330
17
100
AcDbEntity
  8
隐藏线
100
AcDbLine
 10
305.36155482043034
 20
22.746029919755898
 30
0.0
 11
305.4353297470934
 21
22.84457947419453
 31
0.0
  0
LINE
  5
ECB
330
17
100
AcDbEntity
  8
隐藏线
100
AcDbLine
 10
305.29213833799207
 20
22.64435853173634
 30
0.0
 11
305.36155482043034
 21
22.746029919755898
 31
0.0
  0
LINE
  5
ECC
330
17
100
AcDbEntity
  8
隐藏线
100
AcDbLine
 10
305.22686509515364
 20
22.539981218853605
 30
0.0
 11
305.29213833799207
 21
22.64435853173634
 31
0.0
  0
LINE
  5
ECD
330
17
100
AcDbEntity
  8
隐藏线
100
AcDbLine
 10
305.16583747673167
 20
22.43306219183789
 30
0.0
 11
305.22686509515364
 21
22.539981218853605
 31
0.0
  0
LINE
  5
ECE
330
17
100
AcDbEntity
  8
隐藏线
100
AcDbLine
 10
305.1091516385152
 20
22.323769390530916
 30
0.0
 11
305.16583747673167
 21
22.43306219183789
 31
0.0
  0
LINE
  5
ECF
330
17
100
AcDbEntity
  8
隐藏线
100
AcDbLine
 10
305.04956144395834
 20
22.194347896643638
 30
0.0
 11
305.1091516385152
 21
22.323769390530916
 31
0.0
  0
LINE
  5
ED0
330
17
100
AcDbEntity
  8
隐藏线
100
AcDbLine
 10
304.99605500377805
 20
22.062300193840247
 30
0.0
 11
305.04956144395834
 21
22.194347896643638
 31
0.0
  0
LINE
  5
ED1
330
17
100
AcDbEntity
  8
隐藏线
100
AcDbLine
 10
304.94874452652795
 20
21.927904437710847
 30
0.0
 11
304.99605500377805
 21
22.062300193840247
 31
0.0
  0
LINE
  5
ED2
330
17
100
AcDbEntity
  8
隐藏线
100
AcDbLine
 10
304.9077300464715
 20
21.791443397475902
 30
0.0
 11
304.94874452652795
 21
21.927904437710847
 31
0.0
  0
LINE
  5
ED3
330
17
100
AcDbEntity
  8
隐藏线
100
AcDbLine
 10
304.8736390304874
 20
21.65308730081983
 30
0.0
 11
304.9077300464715
 21
21.791443397475902
 31
0.0
  0
LINE
  5
ED4
330
17
100
AcDbEntity
  8
隐藏线
100
AcDbLine
 10
304.84601792092917
 20
21.513302268125692
 30
0.0
 11
304.8736390304874
 21
21.65308730081983
 31
0.0
  0
LINE
  5
ED5
330
17
100
AcDbEntity
  8
隐藏线
100
AcDbLine
 10
304.81040335798457
 20
21.230625061089818
 30
0.0
 11
304.8249244084978
 21
21.372382658684874
 31
0.0
  0
LINE
  5
ED6
330
17
100
AcDbEntity
  8
隐藏线
100
AcDbLine
 10
304.7992164775308
 20
21.461250122179734
 30
0.0
 11
304.7992164775308
 21
21.744765317369854
 31
0.0
  0
LINE
  5
ED7
330
17
100
AcDbEntity
  8
隐藏线
100
AcDbLine
 10
304.7992164775308
 20
21.744765317369854
 30
0.0
 11
304.7992164775308
 21
22.02660453625148
 31
0.0
  0
LINE
  5
ED8
330
17
100
AcDbEntity
  8
隐藏线
100
AcDbLine
 10
304.7992164775308
 20
22.02660453625148
 30
0.0
 11
304.7992164775308
 21
22.306174601639757
 31
0.0
  0
LINE
  5
ED9
330
17
100
AcDbEntity
  8
隐藏线
100
AcDbLine
 10
304.7992164775308
 20
22.306174601639757
 30
0.0
 11
304.7992164775308
 21
22.5828867949519
 31
0.0
  0
LINE
  5
EDA
330
17
100
AcDbEntity
  8
隐藏线
100
AcDbLine
 10
304.7992164775308
 20
22.5828867949519
 30
0.0
 11
304.7992164775308
 21
22.85580887542179
 31
0.0
  0
LINE
  5
EDB
330
17
100
AcDbEntity
  8
隐藏线
100
AcDbLine
 10
304.7992164775308
 20
22.85580887542179
 30
0.0
 11
304.7992164775308
 21
23.124600387680587
 31
0.0
  0
LINE
  5
EDC
330
17
100
AcDbEntity
  8
隐藏线
100
AcDbLine
 10
304.7992164775308
 20
23.124600387680587
 30
0.0
 11
304.7992164775308
 21
23.388695793287365
 31
0.0
  0
LINE
  5
EDD
330
17
100
AcDbEntity
  8
隐藏线
100
AcDbLine
 10
304.7992164775308
 20
23.388695793287365
 30
0.0
 11
304.7992164775308
 21
23.647538781061918
 31
0.0
  0
LINE
  5
EDE
330
17
100
AcDbEntity
  8
隐藏线
100
AcDbLine
 10
304.7992164775308
 20
23.647538781061918
 30
0.0
 11
304.7992164775308
 21
23.73376158956657
 31
0.0
  0
LINE
  5
EDF
330
17
100
AcDbEntity
  8
隐藏线
100
AcDbLine
 10
304.7992164775308
 20
23.73376158956657
 30
0.0
 11
304.7992164775308
 21
23.819290763524368
 31
0.0
  0
LINE
  5
EE0
330
17
100
AcDbEntity
  8
隐藏线
100
AcDbLine
 10
304.7992164775308
 20
23.819290763524368
 30
0.0
 11
304.7992164775308
 21
23.90410567160016
 31
0.0
  0
LINE
  5
EE1
330
17
100
AcDbEntity
  8
隐藏线
100
AcDbLine
 10
304.7992164775308
 20
23.90410567160016
 30
0.0
 11
304.7992164775308
 21
23.988185843312262
 31
0.0
  0
LINE
  5
EE2
330
17
100
AcDbEntity
  8
隐藏线
100
AcDbLine
 10
304.7992164775308
 20
23.988185843312262
 30
0.0
 11
304.7992164775308
 21
24.071445876152616
 31
0.0
  0
LINE
  5
EE3
330
17
100
AcDbEntity
  8
隐藏线
100
AcDbLine
 10
304.7992164775308
 20
24.071445876152616
 30
0.0
 11
304.7992164775308
 21
24.153926758391776
 31
0.0
  0
LINE
  5
EE4
330
17
100
AcDbEntity
  8
隐藏线
100
AcDbLine
 10
304.7992164775308
 20
24.153926758391776
 30
0.0
 11
304.7992164775308
 21
24.23560859488971
 31
0.0
  0
LINE
  5
EE5
330
17
100
AcDbEntity
  8
隐藏线
100
AcDbLine
 10
304.7992164775308
 20
24.23560859488971
 30
0.0
 11
304.7992164775308
 21
24.316471670452387
 31
0.0
  0
LINE
  5
EE6
330
17
100
AcDbEntity
  8
隐藏线
100
AcDbLine
 10
304.7992164775308
 20
24.316471670452387
 30
0.0
 11
304.7992164775308
 21
24.471826451848283
 31
0.0
  0
LINE
  5
EE7
330
17
100
AcDbEntity
  8
隐藏线
100
AcDbLine
 10
304.7992164775308
 20
24.471826451848283
 30
0.0
 11
304.7992164775308
 21
24.62381608049203
 31
0.0
  0
LINE
  5
EE8
330
17
100
AcDbEntity
  8
隐藏线
100
AcDbLine
 10
304.7992164775308
 20
24.62381608049203
 30
0.0
 11
304.7992164775308
 21
24.772300651784658
 31
0.0
  0
LINE
  5
EE9
330
17
100
AcDbEntity
  8
隐藏线
100
AcDbLine
 10
304.7992164775308
 20
24.772300651784658
 30
0.0
 11
304.7992164775308
 21
24.917143274710856
 31
0.0
  0
LINE
  5
EEA
330
17
100
AcDbEntity
  8
隐藏线
100
AcDbLine
 10
304.7992164775308
 20
24.917143274710856
 30
0.0
 11
304.7992164775308
 21
25.057881479794467
 31
0.0
  0
LINE
  5
EEB
330
17
100
AcDbEntity
  8
隐藏线
100
AcDbLine
 10
304.7992164775308
 20
25.057881479794467
 30
0.0
 11
304.7992164775308
 21
25.194688365077848
 31
0.0
  0
LINE
  5
EEC
330
17
100
AcDbEntity
  8
隐藏线
100
AcDbLine
 10
304.7992164775308
 20
25.194688365077848
 30
0.0
 11
304.7992164775308
 21
25.32743802919903
 31
0.0
  0
LINE
  5
EED
330
17
100
AcDbEntity
  8
隐藏线
100
AcDbLine
 10
304.7992164775308
 20
25.32743802919903
 30
0.0
 11
304.7992164775308
 21
25.45600805911998
 31
0.0
  0
LINE
  5
EEE
330
17
100
AcDbEntity
  8
隐藏线
100
AcDbLine
 10
304.7867436455612
 20
25.498000660728724
 30
0.0
 11
304.7992164775309
 21
25.45600805912
 31
0.0
  0
LINE
  5
EEF
330
17
100
AcDbEntity
  8
隐藏线
100
AcDbLine
 10
304.74945019676534
 20
25.564005575371972
 30
0.0
 11
304.7867436455612
 21
25.498000660728724
 31
0.0
  0
LINE
  5
EF0
330
17
100
AcDbEntity
  8
隐藏线
100
AcDbLine
 10
304.6875237018129
 20
25.650590268511564
 30
0.0
 11
304.74945019676534
 21
25.564005575371972
 31
0.0
  0
LINE
  5
EF1
330
17
100
AcDbEntity
  8
隐藏线
100
AcDbLine
 10
304.60115173137365
 20
25.754322205609316
 30
0.0
 11
304.6875237018129
 21
25.650590268511564
 31
0.0
  0
LINE
  5
EF2
330
17
100
AcDbEntity
  8
隐藏线
100
AcDbLine
 10
304.4905218561172
 20
25.871768852127055
 30
0.0
 11
304.60115173137365
 21
25.754322205609316
 31
0.0
  0
LINE
  5
EF3
330
17
100
AcDbEntity
  8
隐藏线
100
AcDbLine
 10
304.3558216467133
 20
25.999497673526587
 30
0.0
 11
304.4905218561172
 21
25.871768852127055
 31
0.0
  0
LINE
  5
EF4
330
17
100
AcDbEntity
  8
隐藏线
100
AcDbLine
 10
304.19723865673865
 20
26.134075802826857
 30
0.0
 11
304.3558216467133
 21
25.999497673526587
 31
0.0
  0
LINE
  5
EF5
330
17
100
AcDbEntity
  8
隐藏线
100
AcDbLine
 10
304.0149517565577
 20
26.271901492061264
 30
0.0
 11
304.19723865673865
 21
26.134075802826857
 31
0.0
  0
LINE
  5
EF6
330
17
100
AcDbEntity
  8
隐藏线
100
AcDbLine
 10
303.80911703164867
 20
26.408929846897625
 30
0.0
 11
304.0149517565577
 21
26.271901492061264
 31
0.0
  0
LINE
  5
EF7
330
17
100
AcDbEntity
  8
隐藏线
100
AcDbLine
 10
303.57988687541535
 20
26.54104416534062
 30
0.0
 11
303.80911703164867
 21
26.408929846897625
 31
0.0
  0
LINE
  5
EF8
330
17
100
AcDbEntity
  8
隐藏线
100
AcDbLine
 10
303.3274136812616
 20
26.66412774539493
 30
0.0
 11
303.57988687541535
 21
26.54104416534062
 31
0.0
  0
LINE
  5
EF9
330
17
100
AcDbEntity
  8
隐藏线
100
AcDbLine
 10
303.051849842591
 20
26.774063885065235
 30
0.0
 11
303.3274136812616
 21
26.66412774539493
 31
0.0
  0
LINE
  5
EFA
330
17
100
AcDbEntity
  8
隐藏线
100
AcDbLine
 10
302.7533477528075
 20
26.866735882356213
 30
0.0
 11
303.051849842591
 21
26.774063885065235
 31
0.0
  0
LINE
  5
EFB
330
17
100
AcDbEntity
  8
隐藏线
100
AcDbLine
 10
302.43205980531474
 20
26.938027035272547
 30
0.0
 11
302.7533477528075
 21
26.866735882356213
 31
0.0
  0
LINE
  5
EFC
330
17
100
AcDbEntity
  8
隐藏线
100
AcDbLine
 10
302.08813839351654
 20
26.983820641818916
 30
0.0
 11
302.43205980531474
 21
26.938027035272547
 31
0.0
  0
LINE
  5
EFD
330
17
100
AcDbEntity
  8
隐藏线
100
AcDbLine
 10
301.7217359108167
 20
27.0
 30
0.0
 11
302.08813839351654
 21
26.983820641818916
 31
0.0
  0
LINE
  5
EFE
330
17
100
AcDbEntity
  8
隐藏线
100
AcDbLine
 10
301.7217359108167
 20
27.0
 30
0.0
 11
301.7339588942867
 21
26.705948579011316
 31
0.0
  0
LINE
  5
EFF
330
17
100
AcDbEntity
  8
隐藏线
100
AcDbLine
 10
301.7339588942867
 20
26.705948579011316
 30
0.0
 11
301.77051013068393
 21
26.414729033951616
 31
0.0
  0
LINE
  5
F00
330
17
100
AcDbEntity
  8
隐藏线
100
AcDbLine
 10
301.77051013068393
 20
26.414729033951616
 30
0.0
 11
301.83103761162107
 21
26.129145968236614
 31
0.0
  0
LINE
  5
F01
330
17
100
AcDbEntity
  8
隐藏线
100
AcDbLine
 10
301.83103761162107
 20
26.129145968236614
 30
0.0
 11
301.914958424369
 21
25.85194970290473
 31
0.0
  0
LINE
  5
F02
330
17
100
AcDbEntity
  8
隐藏线
100
AcDbLine
 10
301.914958424369
 20
25.85194970290473
 30
0.0
 11
302.0214643656251
 21
25.585809789522006
 31
0.0
  0
LINE
  5
F03
330
17
100
AcDbEntity
  8
隐藏线
100
AcDbLine
 10
302.0214643656251
 20
25.585809789522006
 30
0.0
 11
302.1495297249531
 21
25.333289300941193
 31
0.0
  0
LINE
  5
F04
330
17
100
AcDbEntity
  8
隐藏线
100
AcDbLine
 10
302.1495297249531
 20
25.333289300941193
 30
0.0
 11
302.297921162935
 21
25.096820147509064
 31
0.0
  0
LINE
  5
F05
330
17
100
AcDbEntity
  8
隐藏线
100
AcDbLine
 10
302.297921162935
 20
25.096820147509064
 30
0.0
 11
302.4652095889039
 21
24.878679656440358
 31
0.0
  0
LINE
  5
F06
330
17
100
AcDbEntity
  8
隐藏线
100
AcDbLine
 10
302.4652095889039
 20
24.878679656440355
 30
0.0
 11
302.64978392386877
 21
24.680968639911786
 31
0.0
  0
LINE
  5
F07
330
17
100
AcDbEntity
  8
隐藏线
100
AcDbLine
 10
302.64978392386877
 20
24.680968639911786
 30
0.0
 11
302.8498666160852
 21
24.50559116309236
 31
0.0
  0
LINE
  5
F08
330
17
100
AcDbEntity
  8
隐藏线
100
AcDbLine
 10
302.8498666160852
 20
24.50559116309236
 30
0.0
 11
303.0635307598508
 21
24.354236206954933
 31
0.0
  0
LINE
  5
F09
330
17
100
AcDbEntity
  8
隐藏线
100
AcDbLine
 10
303.0635307598508
 20
24.354236206954933
 30
0.0
 11
303.28871865266035
 21
24.22836140246614
 31
0.0
  0
LINE
  5
F0A
330
17
100
AcDbEntity
  8
隐藏线
100
AcDbLine
 10
303.28871865266035
 20
24.22836140246614
 30
0.0
 11
303.523261612006
 21
24.129178992803375
 31
0.0
  0
LINE
  5
F0B
330
17
100
AcDbEntity
  8
隐藏线
100
AcDbLine
 10
303.523261612006
 20
24.129178992803375
 30
0.0
 11
303.764900860975
 21
24.057644158790307
 31
0.0
  0
LINE
  5
F0C
330
17
100
AcDbEntity
  8
隐藏线
100
AcDbLine
 10
303.764900860975
 20
24.057644158790307
 30
0.0
 11
304.01130928150627
 21
24.014445819983408
 31
0.0
  0
LINE
  5
F0D
330
17
100
AcDbEntity
  8
隐藏线
100
AcDbLine
 10
304.01130928150627
 20
24.014445819983408
 30
0.0
 11
304.2601138258096
 21
24.0
 31
0.0
  0
LINE
  5
F0E
330
17
100
AcDbEntity
  8
隐藏线
100
AcDbLine
 10
304.45746103155216
 20
23.991910320909458
 30
0.0
 11
304.6416131617691
 21
23.969013517636274
 31
0.0
  0
LINE
  5
F0F
330
17
100
AcDbEntity
  8
隐藏线
100
AcDbLine
 10
304.6416131617691
 20
23.969013517636274
 30
0.0
 11
304.8124965207786
 21
23.933367941178105
 31
0.0
  0
LINE
  5
F10
330
17
100
AcDbEntity
  8
隐藏线
100
AcDbLine
 10
304.8124965207786
 20
23.933367941178105
 30
0.0
 11
304.9700374128988
 21
23.887031942532616
 31
0.0
  0
LINE
  5
F11
330
17
100
AcDbEntity
  8
隐藏线
100
AcDbLine
 10
304.9700374128988
 20
23.887031942532616
 30
0.0
 11
305.11416214244787
 21
23.83206387269746
 31
0.0
  0
LINE
  5
F12
330
17
100
AcDbEntity
  8
隐藏线
100
AcDbLine
 10
305.11416214244787
 20
23.83206387269746
 30
0.0
 11
305.244797013744
 21
23.770522082670304
 31
0.0
  0
LINE
  5
F13
330
17
100
AcDbEntity
  8
隐藏线
100
AcDbLine
 10
305.244797013744
 20
23.770522082670304
 30
0.0
 11
305.36186833110537
 21
23.704464923448803
 31
0.0
  0
LINE
  5
F14
330
17
100
AcDbEntity
  8
隐藏线
100
AcDbLine
 10
305.36186833110537
 20
23.704464923448803
 30
0.0
 11
305.4653023988501
 21
23.63595074603062
 31
0.0
  0
LINE
  5
F15
330
17
100
AcDbEntity
  8
隐藏线
100
AcDbLine
 10
305.4653023988501
 20
23.63595074603062
 30
0.0
 11
305.55502552129644
 21
23.567037901413414
 31
0.0
  0
LINE
  5
F16
330
17
100
AcDbEntity
  8
隐藏线
100
AcDbLine
 10
305.55502552129644
 20
23.567037901413414
 30
0.0
 11
305.6309616542196
 21
23.499748836763274
 31
0.0
  0
LINE
  5
F17
330
17
100
AcDbEntity
  8
隐藏线
100
AcDbLine
 10
305.6309616542196
 20
23.499748836763274
 30
0.0
 11
305.69302025984143
 21
23.435884426063502
 31
0.0
  0
LINE
  5
F18
330
17
100
AcDbEntity
  8
隐藏线
100
AcDbLine
 10
305.69302025984143
 20
23.435884426063502
 30
0.0
 11
305.74110527695876
 21
23.377161102804628
 31
0.0
  0
LINE
  5
F19
330
17
100
AcDbEntity
  8
隐藏线
100
AcDbLine
 10
305.74110527695876
 20
23.377161102804628
 30
0.0
 11
305.77512063349553
 21
23.32529513425575
 31
0.0
  0
LINE
  5
F1A
330
17
100
AcDbEntity
  8
隐藏线
100
AcDbLine
 10
305.77512063349553
 20
23.32529513425575
 30
0.0
 11
305.7949702573758
 21
23.28200278768596
 31
0.0
  0
LINE
  5
F1B
330
17
100
AcDbEntity
  8
隐藏线
100
AcDbLine
 10
305.7949702573758
 20
23.28200278768596
 30
0.0
 11
305.80055807652354
 21
23.249000330364346
 31
0.0
  0
LINE
  5
F1C
330
17
100
AcDbEntity
  8
隐藏线
100
AcDbLine
 10
267.8644740607752
 20
26.70594857901132
 30
0.0
 11
267.87669704424513
 21
27.0
 31
0.0
  0
LINE
  5
F1D
330
17
100
AcDbEntity
  8
隐藏线
100
AcDbLine
 10
267.82792282437794
 20
26.414729033951616
 30
0.0
 11
267.8644740607752
 21
26.70594857901132
 31
0.0
  0
LINE
  5
F1E
330
17
100
AcDbEntity
  8
隐藏线
100
AcDbLine
 10
267.7673953434408
 20
26.129145968236614
 30
0.0
 11
267.82792282437794
 21
26.414729033951616
 31
0.0
  0
LINE
  5
F1F
330
17
100
AcDbEntity
  8
隐藏线
100
AcDbLine
 10
267.6834745306929
 20
25.851949702904733
 30
0.0
 11
267.7673953434408
 21
26.129145968236614
 31
0.0
  0
LINE
  5
F20
330
17
100
AcDbEntity
  8
隐藏线
100
AcDbLine
 10
267.5769685894367
 20
25.58580978952201
 30
0.0
 11
267.6834745306929
 21
25.851949702904733
 31
0.0
  0
LINE
  5
F21
330
17
100
AcDbEntity
  8
隐藏线
100
AcDbLine
 10
267.4489032301087
 20
25.333289300941193
 30
0.0
 11
267.5769685894367
 21
25.58580978952201
 31
0.0
  0
LINE
  5
F22
330
17
100
AcDbEntity
  8
隐藏线
100
AcDbLine
 10
267.3005117921269
 20
25.096820147509064
 30
0.0
 11
267.4489032301087
 21
25.333289300941193
 31
0.0
  0
LINE
  5
F23
330
17
100
AcDbEntity
  8
隐藏线
100
AcDbLine
 10
267.1332233661579
 20
24.878679656440358
 30
0.0
 11
267.3005117921269
 21
25.096820147509064
 31
0.0
  0
LINE
  5
F24
330
17
100
AcDbEntity
  8
隐藏线
100
AcDbLine
 10
266.94864903119304
 20
24.68096863991179
 30
0.0
 11
267.1332233661579
 21
24.878679656440358
 31
0.0
  0
LINE
  5
F25
330
17
100
AcDbEntity
  8
隐藏线
100
AcDbLine
 10
266.7485663389767
 20
24.505591163092365
 30
0.0
 11
266.94864903119304
 21
24.68096863991179
 31
0.0
  0
LINE
  5
F26
330
17
100
AcDbEntity
  8
隐藏线
100
AcDbLine
 10
266.5349021952111
 20
24.354236206954933
 30
0.0
 11
266.7485663389767
 21
24.505591163092365
 31
0.0
  0
LINE
  5
F27
330
17
100
AcDbEntity
  8
隐藏线
100
AcDbLine
 10
266.3097143024015
 20
24.22836140246614
 30
0.0
 11
266.5349021952111
 21
24.354236206954933
 31
0.0
  0
LINE
  5
F28
330
17
100
AcDbEntity
  8
隐藏线
100
AcDbLine
 10
266.07517134305584
 20
24.129178992803375
 30
0.0
 11
266.3097143024015
 21
24.22836140246614
 31
0.0
  0
LINE
  5
F29
330
17
100
AcDbEntity
  8
隐藏线
100
AcDbLine
 10
265.8335320940869
 20
24.05764415879031
 30
0.0
 11
266.07517134305584
 21
24.129178992803375
 31
0.0
  0
LINE
  5
F2A
330
17
100
AcDbEntity
  8
隐藏线
100
AcDbLine
 10
265.5871236735556
 20
24.014445819983408
 30
0.0
 11
265.8335320940869
 21
24.05764415879031
 31
0.0
  0
LINE
  5
F2B
330
17
100
AcDbEntity
  8
隐藏线
100
AcDbLine
 10
265.3383191292523
 20
24.0
 30
0.0
 11
265.5871236735556
 21
24.014445819983408
 31
0.0
  0
LINE
  5
F2C
330
17
100
AcDbEntity
  8
隐藏线
100
AcDbLine
 10
263.7978631078
 20
23.2490813455769
 30
0.0
 11
263.80664493619895
 21
23.22800402956
 31
0.0
  0
LINE
  5
F2D
330
17
100
AcDbEntity
  8
隐藏线
100
AcDbLine
 10
263.7978631078
 20
23.2490813455769
 30
0.0
 11
263.80342082598844
 21
23.28227928428683
 31
0.0
  0
LINE
  5
F2E
330
17
100
AcDbEntity
  8
隐藏线
100
AcDbLine
 10
263.80342082598844
 20
23.28227928428683
 30
0.0
 11
263.8232300189643
 21
23.325810066554045
 31
0.0
  0
LINE
  5
F2F
330
17
100
AcDbEntity
  8
隐藏线
100
AcDbLine
 10
263.8232300189643
 20
23.325810066554045
 30
0.0
 11
263.85720261492776
 21
23.37788591324279
 31
0.0
  0
LINE
  5
F30
330
17
100
AcDbEntity
  8
隐藏线
100
AcDbLine
 10
263.85720261492776
 20
23.37788591324279
 30
0.0
 11
263.90525054207905
 21
23.436719045217316
 31
0.0
  0
LINE
  5
F31
330
17
100
AcDbEntity
  8
隐藏线
100
AcDbLine
 10
263.90525054207905
 20
23.436719045217316
 30
0.0
 11
263.9672857286183
 21
23.50052168334188
 31
0.0
  0
LINE
  5
F32
330
17
100
AcDbEntity
  8
隐藏线
100
AcDbLine
 10
263.9672857286183
 20
23.50052168334188
 30
0.0
 11
264.04322010274564
 21
23.567506048480727
 31
0.0
  0
LINE
  5
F33
330
17
100
AcDbEntity
  8
隐藏线
100
AcDbLine
 10
264.04322010274564
 20
23.567506048480727
 30
0.0
 11
264.1329655926613
 21
23.635884361498114
 31
0.0
  0
LINE
  5
F34
330
17
100
AcDbEntity
  8
隐藏线
100
AcDbLine
 10
264.1329655926613
 20
23.635884361498114
 30
0.0
 11
264.23643412656537
 21
23.703868843258288
 31
0.0
  0
LINE
  5
F35
330
17
100
AcDbEntity
  8
隐藏线
100
AcDbLine
 10
264.23643412656537
 20
23.703868843258288
 30
0.0
 11
264.3535391132535
 21
23.76963546561578
 31
0.0
  0
LINE
  5
F36
330
17
100
AcDbEntity
  8
隐藏线
100
AcDbLine
 10
264.3535391132535
 20
23.76963546561578
 30
0.0
 11
264.48420309871443
 21
23.83113649704573
 31
0.0
  0
LINE
  5
F37
330
17
100
AcDbEntity
  8
隐藏线
100
AcDbLine
 10
264.48420309871443
 20
23.83113649704573
 30
0.0
 11
264.62835211107824
 21
23.886238953722632
 31
0.0
  0
LINE
  5
F38
330
17
100
AcDbEntity
  8
隐藏线
100
AcDbLine
 10
264.62835211107824
 20
23.886238953722632
 30
0.0
 11
264.7859121853293
 21
23.932809684001498
 31
0.0
  0
LINE
  5
F39
330
17
100
AcDbEntity
  8
隐藏线
100
AcDbLine
 10
264.7859121853293
 20
23.932809684001498
 30
0.0
 11
264.9568093564523
 21
23.96871553623734
 31
0.0
  0
LINE
  5
F3A
330
17
100
AcDbEntity
  8
隐藏线
100
AcDbLine
 10
264.9568093564523
 20
23.96871553623734
 30
0.0
 11
265.1409696594318
 21
23.99182335878517
 31
0.0
  0
LINE
  5
F3B
330
17
100
AcDbEntity
  8
隐藏线
100
AcDbLine
 10
267.5102878825355
 20
26.983646717570338
 30
0.0
 11
267.8766970442451
 21
27.0
 31
0.0
  0
LINE
  5
F3C
330
17
100
AcDbEntity
  8
隐藏线
100
AcDbLine
 10
267.1663451443512
 20
26.93743107247467
 30
0.0
 11
267.5102878825355
 21
26.983646717570338
 31
0.0
  0
LINE
  5
F3D
330
17
100
AcDbEntity
  8
隐藏线
100
AcDbLine
 10
266.8450236221961
 20
26.865619368002978
 30
0.0
 11
267.1663451443512
 21
26.93743107247467
 31
0.0
  0
LINE
  5
F3E
330
17
100
AcDbEntity
  8
隐藏线
100
AcDbLine
 10
266.54647810857387
 20
26.77247790744524
 30
0.0
 11
266.8450236221961
 21
26.865619368002978
 31
0.0
  0
LINE
  5
F3F
330
17
100
AcDbEntity
  8
隐藏线
100
AcDbLine
 10
266.27086339598833
 20
26.662272994091428
 30
0.0
 11
266.54647810857387
 21
26.77247790744524
 31
0.0
  0
LINE
  5
F40
330
17
100
AcDbEntity
  8
隐藏线
100
AcDbLine
 10
266.0183342769432
 20
26.53927093123153
 30
0.0
 11
266.27086339598833
 21
26.662272994091428
 31
0.0
  0
LINE
  5
F41
330
17
100
AcDbEntity
  8
隐藏线
100
AcDbLine
 10
265.78904555314114
 20
26.40773768651654
 30
0.0
 11
266.0183342769432
 21
26.53927093123153
 31
0.0
  0
LINE
  5
F42
330
17
100
AcDbEntity
  8
隐藏线
100
AcDbLine
 10
265.58315669924644
 20
26.271768722996207
 30
0.0
 11
265.78904555314114
 21
26.40773768651654
 31
0.0
  0
LINE
  5
F43
330
17
100
AcDbEntity
  8
隐藏线
100
AcDbLine
 10
265.4008394518488
 20
26.135012096961447
 30
0.0
 11
265.58315669924644
 21
26.271768722996207
 31
0.0
  0
LINE
  5
F44
330
17
100
AcDbEntity
  8
隐藏线
100
AcDbLine
 10
265.24226753446675
 20
26.001043366683763
 30
0.0
 11
265.4008394518488
 21
26.135012096961447
 31
0.0
  0
LINE
  5
F45
330
17
100
AcDbEntity
  8
隐藏线
100
AcDbLine
 10
265.1076146706186
 20
25.873438090434654
 30
0.0
 11
265.24226753446675
 21
26.001043366683763
 31
0.0
  0
LINE
  5
F46
330
17
100
AcDbEntity
  8
隐藏线
100
AcDbLine
 10
264.9970545838228
 20
25.755771826485606
 30
0.0
 11
265.1076146706186
 21
25.873438090434654
 31
0.0
  0
LINE
  5
F47
330
17
100
AcDbEntity
  8
隐藏线
100
AcDbLine
 10
264.91076099759766
 20
25.651620133108125
 30
0.0
 11
264.9970545838228
 21
25.755771826485606
 31
0.0
  0
LINE
  5
F48
330
17
100
AcDbEntity
  8
隐藏线
100
AcDbLine
 10
264.8489076354617
 20
25.5645585685737
 30
0.0
 11
264.91076099759766
 21
25.651620133108125
 31
0.0
  0
LINE
  5
F49
330
17
100
AcDbEntity
  8
隐藏线
100
AcDbLine
 10
264.8116682209333
 20
25.498162691153823
 30
0.0
 11
264.8489076354617
 21
25.5645585685737
 31
0.0
  0
LINE
  5
F4A
330
17
100
AcDbEntity
  8
隐藏线
100
AcDbLine
 10
264.7992164775309
 20
25.45600805912
 30
0.0
 11
264.8116682209333
 21
25.498162691153823
 31
0.0
  0
LINE
  5
F4B
330
17
100
AcDbEntity
  8
隐藏线
100
AcDbLine
 10
264.7991727516998
 20
21.44681818271851
 30
0.0
 11
264.7992164775309
 21
21.461250122179404
 31
0.0
  0
LINE
  5
F4C
330
17
100
AcDbEntity
  8
隐藏线
100
AcDbLine
 10
264.7990415754812
 20
21.432386663956645
 30
0.0
 11
264.7991727516998
 21
21.44681818271851
 31
0.0
  0
LINE
  5
F4D
330
17
100
AcDbEntity
  8
隐藏线
100
AcDbLine
 10
264.7964184525935
 20
21.345829942120567
 30
0.0
 11
264.7970741616252
 21
21.360250103553724
 31
0.0
  0
LINE
  5
F4E
330
17
100
AcDbEntity
  8
隐藏线
100
AcDbLine
 10
264.79567537346367
 20
21.331413145249595
 30
0.0
 11
264.7964184525935
 21
21.345829942120567
 31
0.0
  0
LINE
  5
F4F
330
17
100
AcDbEntity
  8
隐藏线
100
AcDbLine
 10
264.7893835178447
 20
21.2450065458476
 30
0.0
 11
264.79065027358644
 21
21.259394334225565
 31
0.0
  0
LINE
  5
F50
330
17
100
AcDbEntity
  8
隐藏线
100
AcDbLine
 10
264.7880295970772
 20
21.230625061089693
 30
0.0
 11
264.7893835178447
 21
21.2450065458476
 31
0.0
  0
LINE
  5
F51
330
17
100
AcDbEntity
  8
隐藏线
100
AcDbLine
 10
264.7735085465639
 20
21.372382658684835
 30
0.0
 11
264.7880295970772
 21
21.23062506108977
 31
0.0
  0
LINE
  5
F52
330
17
100
AcDbEntity
  8
隐藏线
100
AcDbLine
 10
264.7524150341325
 20
21.513302268125656
 30
0.0
 11
264.7735085465639
 21
21.372382658684835
 31
0.0
  0
LINE
  5
F53
330
17
100
AcDbEntity
  8
隐藏线
100
AcDbLine
 10
264.72479392457427
 20
21.653087300819795
 30
0.0
 11
264.7524150341325
 21
21.513302268125656
 31
0.0
  0
LINE
  5
F54
330
17
100
AcDbEntity
  8
隐藏线
100
AcDbLine
 10
264.6907029085902
 20
21.791443397475874
 30
0.0
 11
264.72479392457427
 21
21.653087300819795
 31
0.0
  0
LINE
  5
F55
330
17
100
AcDbEntity
  8
隐藏线
100
AcDbLine
 10
264.64968842853375
 20
21.927904437710826
 30
0.0
 11
264.6907029085902
 21
21.791443397475874
 31
0.0
  0
LINE
  5
F56
330
17
100
AcDbEntity
  8
隐藏线
100
AcDbLine
 10
264.60237795128364
 20
22.062300193840226
 30
0.0
 11
264.64968842853375
 21
21.927904437710826
 31
0.0
  0
LINE
  5
F57
330
17
100
AcDbEntity
  8
隐藏线
100
AcDbLine
 10
264.54887151110336
 20
22.19434789664362
 30
0.0
 11
264.60237795128364
 21
22.062300193840226
 31
0.0
  0
LINE
  5
F58
330
17
100
AcDbEntity
  8
隐藏线
100
AcDbLine
 10
264.4892813165465
 20
22.323769390530902
 30
0.0
 11
264.54887151110336
 21
22.19434789664362
 31
0.0
  0
LINE
  5
F59
330
17
100
AcDbEntity
  8
隐藏线
100
AcDbLine
 10
264.43259547833003
 20
22.433062191837887
 30
0.0
 11
264.4892813165465
 21
22.323769390530902
 31
0.0
  0
LINE
  5
F5A
330
17
100
AcDbEntity
  8
隐藏线
100
AcDbLine
 10
264.37156785990805
 20
22.53998121885361
 30
0.0
 11
264.43259547833003
 21
22.433062191837887
 31
0.0
  0
LINE
  5
F5B
330
17
100
AcDbEntity
  8
隐藏线
100
AcDbLine
 10
264.3062946170696
 20
22.644358531736355
 30
0.0
 11
264.37156785990805
 21
22.53998121885361
 31
0.0
  0
LINE
  5
F5C
330
17
100
AcDbEntity
  8
隐藏线
100
AcDbLine
 10
264.23687813463135
 20
22.746029919755927
 30
0.0
 11
264.3062946170696
 21
22.644358531736355
 31
0.0
  0
LINE
  5
F5D
330
17
100
AcDbEntity
  8
隐藏线
100
AcDbLine
 10
264.1631032079682
 20
22.844579474194564
 30
0.0
 11
264.23687813463135
 21
22.746029919755927
 31
0.0
  0
LINE
  5
F5E
330
17
100
AcDbEntity
  8
隐藏线
100
AcDbLine
 10
264.08543262526365
 20
22.940076913913337
 30
0.0
 11
264.1631032079682
 21
22.844579474194564
 31
0.0
  0
LINE
  5
F5F
330
17
100
AcDbEntity
  8
隐藏线
100
AcDbLine
 10
264.0039886797267
 20
23.032372288015473
 30
0.0
 11
264.08543262526365
 21
22.940076913913337
 31
0.0
  0
LINE
  5
F60
330
17
100
AcDbEntity
  8
隐藏线
100
AcDbLine
 10
263.9188992007087
 20
23.121320343559653
 30
0.0
 11
264.0039886797267
 21
23.032372288015473
 31
0.0
  0
LINE
  5
F61
330
17
100
AcDbEntity
  8
隐藏线
100
AcDbLine
 10
263.9051678762987
 20
23.134968448704065
 30
0.0
 11
263.9188992007087
 21
23.121320343559653
 31
0.0
  0
LINE
  5
F62
330
17
100
AcDbEntity
  8
隐藏线
100
AcDbLine
 10
263.87744789657773
 20
23.16200254965138
 30
0.0
 11
263.89135059579286
 21
23.14852935979909
 31
0.0
  0
LINE
  5
F63
330
17
100
AcDbEntity
  8
隐藏线
100
AcDbLine
 10
263.86346031913985
 20
23.175387494251176
 30
0.0
 11
263.87744789657773
 21
23.16200254965138
 31
0.0
  0
LINE
  5
F64
330
17
100
AcDbEntity
  8
隐藏线
100
AcDbLine
 10
263.83521888003145
 20
23.201875558850894
 30
0.0
 11
263.849381438458
 21
23.188676219629674
 31
0.0
  0
LINE
  5
F65
330
17
100
AcDbEntity
  8
隐藏线
100
AcDbLine
 10
264.7992164775309
 20
25.327438029199016
 30
0.0
 11
264.7992164775309
 21
25.45600805911997
 31
0.0
  0
LINE
  5
F66
330
17
100
AcDbEntity
  8
隐藏线
100
AcDbLine
 10
264.7992164775309
 20
25.194688365077834
 30
0.0
 11
264.7992164775309
 21
25.327438029199016
 31
0.0
  0
LINE
  5
F67
330
17
100
AcDbEntity
  8
隐藏线
100
AcDbLine
 10
264.7992164775309
 20
25.057881479794446
 30
0.0
 11
264.7992164775309
 21
25.194688365077834
 31
0.0
  0
LINE
  5
F68
330
17
100
AcDbEntity
  8
隐藏线
100
AcDbLine
 10
264.7992164775309
 20
24.91714327471084
 30
0.0
 11
264.7992164775309
 21
25.057881479794446
 31
0.0
  0
LINE
  5
F69
330
17
100
AcDbEntity
  8
隐藏线
100
AcDbLine
 10
264.7992164775309
 20
24.772300651784633
 30
0.0
 11
264.7992164775309
 21
24.91714327471084
 31
0.0
  0
LINE
  5
F6A
330
17
100
AcDbEntity
  8
隐藏线
100
AcDbLine
 10
264.7992164775309
 20
24.623816080492002
 30
0.0
 11
264.7992164775309
 21
24.772300651784633
 31
0.0
  0
LINE
  5
F6B
330
17
100
AcDbEntity
  8
隐藏线
100
AcDbLine
 10
264.7992164775309
 20
24.47182645184825
 30
0.0
 11
264.7992164775309
 21
24.623816080492002
 31
0.0
  0
LINE
  5
F6C
330
17
100
AcDbEntity
  8
隐藏线
100
AcDbLine
 10
264.7992164775309
 20
24.31647167045235
 30
0.0
 11
264.7992164775309
 21
24.47182645184825
 31
0.0
  0
LINE
  5
F6D
330
17
100
AcDbEntity
  8
隐藏线
100
AcDbLine
 10
264.7992164775309
 20
24.235608594889655
 30
0.0
 11
264.7992164775309
 21
24.31647167045235
 31
0.0
  0
LINE
  5
F6E
330
17
100
AcDbEntity
  8
隐藏线
100
AcDbLine
 10
264.7992164775309
 20
24.153926758391698
 30
0.0
 11
264.7992164775309
 21
24.235608594889655
 31
0.0
  0
LINE
  5
F6F
330
17
100
AcDbEntity
  8
隐藏线
100
AcDbLine
 10
264.7992164775309
 20
24.07144587615251
 30
0.0
 11
264.7992164775309
 21
24.153926758391698
 31
0.0
  0
LINE
  5
F70
330
17
100
AcDbEntity
  8
隐藏线
100
AcDbLine
 10
264.7992164775309
 20
23.988185843312138
 30
0.0
 11
264.7992164775309
 21
24.07144587615251
 31
0.0
  0
LINE
  5
F71
330
17
100
AcDbEntity
  8
隐藏线
100
AcDbLine
 10
264.7992164775309
 20
23.904105671600004
 30
0.0
 11
264.7992164775309
 21
23.988185843312138
 31
0.0
  0
LINE
  5
F72
330
17
100
AcDbEntity
  8
隐藏线
100
AcDbLine
 10
264.7992164775309
 20
23.81929076352419
 30
0.0
 11
264.7992164775309
 21
23.904105671600004
 31
0.0
  0
LINE
  5
F73
330
17
100
AcDbEntity
  8
隐藏线
100
AcDbLine
 10
264.7992164775309
 20
23.733761589566367
 30
0.0
 11
264.7992164775309
 21
23.81929076352419
 31
0.0
  0
LINE
  5
F74
330
17
100
AcDbEntity
  8
隐藏线
100
AcDbLine
 10
264.7992164775309
 20
23.64753878106169
 30
0.0
 11
264.7992164775309
 21
23.733761589566367
 31
0.0
  0
LINE
  5
F75
330
17
100
AcDbEntity
  8
隐藏线
100
AcDbLine
 10
264.7992164775309
 20
23.388695793287106
 30
0.0
 11
264.7992164775309
 21
23.64753878106169
 31
0.0
  0
LINE
  5
F76
330
17
100
AcDbEntity
  8
隐藏线
100
AcDbLine
 10
264.7992164775309
 20
23.1246003876803
 30
0.0
 11
264.7992164775309
 21
23.388695793287106
 31
0.0
  0
LINE
  5
F77
330
17
100
AcDbEntity
  8
隐藏线
100
AcDbLine
 10
264.7992164775309
 20
22.855808875421474
 30
0.0
 11
264.7992164775309
 21
23.1246003876803
 31
0.0
  0
LINE
  5
F78
330
17
100
AcDbEntity
  8
隐藏线
100
AcDbLine
 10
264.7992164775309
 20
22.58288679495155
 30
0.0
 11
264.7992164775309
 21
22.855808875421474
 31
0.0
  0
LINE
  5
F79
330
17
100
AcDbEntity
  8
隐藏线
100
AcDbLine
 10
264.7992164775309
 20
22.306174601639377
 30
0.0
 11
264.7992164775309
 21
22.58288679495155
 31
0.0
  0
LINE
  5
F7A
330
17
100
AcDbEntity
  8
隐藏线
100
AcDbLine
 10
264.7992164775309
 20
22.02660453625107
 30
0.0
 11
264.7992164775309
 21
22.306174601639377
 31
0.0
  0
LINE
  5
F7B
330
17
100
AcDbEntity
  8
隐藏线
100
AcDbLine
 10
264.7992164775309
 20
21.744765317369414
 30
0.0
 11
264.7992164775309
 21
22.02660453625107
 31
0.0
  0
LINE
  5
F7C
330
17
100
AcDbEntity
  8
隐藏线
100
AcDbLine
 10
264.7992164775309
 20
21.461250122179262
 30
0.0
 11
264.7992164775309
 21
21.744765317369414
 31
0.0
  0
LINE
  5
F7D
330
17
100
AcDbEntity
  8
隐藏线
100
AcDbLine
 10
264.7997595852103
 20
21.3748491231186
 30
0.0
 11
264.80018196015317
 21
21.34603622708662
 31
0.0
  0
LINE
  5
F7E
330
17
100
AcDbEntity
  8
隐藏线
100
AcDbLine
 10
264.80217288089
 20
21.25956686732491
 30
0.0
 11
264.80307773376194
 21
21.230735194317955
 31
0.0
  0
LINE
  5
F7F
330
17
100
AcDbEntity
  8
隐藏线
100
AcDbLine
 10
264.8052491636278
 20
21.173062026118444
 30
0.0
 11
264.80651570901586
 21
21.14422153340721
 31
0.0
  0
LINE
  5
F80
330
17
100
AcDbEntity
  8
隐藏线
100
AcDbLine
 10
264.80651570901586
 20
21.14422153340721
 30
0.0
 11
264.8079027869701
 21
21.115379103275874
 31
0.0
  0
LINE
  5
F81
330
17
100
AcDbEntity
  8
隐藏线
100
AcDbLine
 10
264.81103847736546
 20
21.057690435715543
 30
0.0
 11
264.81278705820074
 21
21.02884520076787
 31
0.0
  0
LINE
  5
F82
330
17
100
AcDbEntity
  8
隐藏线
100
AcDbLine
 10
264.81278705820074
 20
21.02884520076787
 30
0.0
 11
264.814656110557
 21
21.0
 31
0.0
  0
LINE
  5
F83
330
17
100
AcDbEntity
  8
隐藏线
100
AcDbLine
 10
264.7992164775309
 20
25.45600805912
 30
0.0
 11
264.7992164775309
 21
25.730625061089633
 31
0.0
  0
LINE
  5
F84
330
17
100
AcDbEntity
  8
隐藏线
100
AcDbLine
 10
264.7992164775309
 20
25.730625061089633
 30
0.0
 11
264.7992164775309
 21
27.728004029559997
 31
0.0
  0
LINE
  5
F85
330
17
100
AcDbEntity
  8
隐藏线
100
AcDbLine
 10
264.7992164775309
 20
27.728004029559997
 30
0.0
 11
264.7992164775309
 21
30.0
 31
0.0
  0
LINE
  5
F86
330
17
100
AcDbEntity
  8
隐藏线
100
AcDbLine
 10
264.7992164775309
 20
21.4612501221794
 30
0.0
 11
264.7992164775309
 21
25.730625061089633
 31
0.0
  0
LINE
  5
F87
330
17
100
AcDbEntity
  8
隐藏线
100
AcDbLine
 10
264.7992164775309
 20
25.730625061089633
 30
0.0
 11
264.7992164775309
 21
30.0
 31
0.0
  0
LINE
  5
F88
330
17
100
AcDbEntity
  8
隐藏线
100
AcDbLine
 10
304.7992164775309
 20
25.45600805912
 30
0.0
 11
304.7992164775309
 21
25.7306250610898
 31
0.0
  0
LINE
  5
F89
330
17
100
AcDbEntity
  8
隐藏线
100
AcDbLine
 10
304.7992164775309
 20
25.7306250610898
 30
0.0
 11
304.7992164775309
 21
27.728004029559997
 31
0.0
  0
LINE
  5
F8A
330
17
100
AcDbEntity
  8
隐藏线
100
AcDbLine
 10
304.7992164775309
 20
27.728004029559997
 30
0.0
 11
304.7992164775309
 21
30.0
 31
0.0
  0
LINE
  5
F8B
330
17
100
AcDbEntity
  8
隐藏线
100
AcDbLine
 10
264.7992164775309
 20
30.0
 30
0.0
 11
265.2067367453373
 21
30.0
 31
0.0
  0
LINE
  5
F8C
330
17
100
AcDbEntity
  8
隐藏线
100
AcDbLine
 10
265.2067367453373
 20
30.0
 30
0.0
 11
266.350694495423
 21
30.0
 31
0.0
  0
LINE
  5
F8D
330
17
100
AcDbEntity
  8
隐藏线
100
AcDbLine
 10
266.350694495423
 20
30.0
 30
0.0
 11
268.18919607676645
 21
30.0
 31
0.0
  0
LINE
  5
F8E
330
17
100
AcDbEntity
  8
隐藏线
100
AcDbLine
 10
268.18919607676645
 20
30.0
 30
0.0
 11
270.6570808537999
 21
30.0
 31
0.0
  0
LINE
  5
F8F
330
17
100
AcDbEntity
  8
隐藏线
100
AcDbLine
 10
270.6570808537999
 20
30.0
 30
0.0
 11
273.70128632050717
 21
30.0
 31
0.0
  0
LINE
  5
F90
330
17
100
AcDbEntity
  8
隐藏线
100
AcDbLine
 10
273.70128632050717
 20
30.0
 30
0.0
 11
277.15758846680365
 21
30.0
 31
0.0
  0
LINE
  5
F91
330
17
100
AcDbEntity
  8
隐藏线
100
AcDbLine
 10
277.15758846680365
 20
30.0
 30
0.0
 11
280.90158008766963
 21
30.0
 31
0.0
  0
LINE
  5
F92
330
17
100
AcDbEntity
  8
隐藏线
100
AcDbLine
 10
280.90158008766963
 20
30.0
 30
0.0
 11
284.7992164775309
 21
30.0
 31
0.0
  0
LINE
  5
F93
330
17
100
AcDbEntity
  8
隐藏线
100
AcDbLine
 10
284.7992164775309
 20
30.0
 30
0.0
 11
288.6968528673921
 21
30.0
 31
0.0
  0
LINE
  5
F94
330
17
100
AcDbEntity
  8
隐藏线
100
AcDbLine
 10
288.6968528673921
 20
30.0
 30
0.0
 11
292.4408444882581
 21
30.0
 31
0.0
  0
LINE
  5
F95
330
17
100
AcDbEntity
  8
隐藏线
100
AcDbLine
 10
292.4408444882581
 20
30.0
 30
0.0
 11
295.8971466345546
 21
30.0
 31
0.0
  0
LINE
  5
F96
330
17
100
AcDbEntity
  8
隐藏线
100
AcDbLine
 10
295.8971466345546
 20
30.0
 30
0.0
 11
298.9413521012618
 21
30.0
 31
0.0
  0
LINE
  5
F97
330
17
100
AcDbEntity
  8
隐藏线
100
AcDbLine
 10
298.9413521012618
 20
30.0
 30
0.0
 11
301.4092368782953
 21
30.0
 31
0.0
  0
LINE
  5
F98
330
17
100
AcDbEntity
  8
隐藏线
100
AcDbLine
 10
301.4092368782953
 20
30.0
 30
0.0
 11
303.24773845963875
 21
30.0
 31
0.0
  0
LINE
  5
F99
330
17
100
AcDbEntity
  8
隐藏线
100
AcDbLine
 10
303.24773845963875
 20
30.0
 30
0.0
 11
304.39169620972444
 21
30.0
 31
0.0
  0
LINE
  5
F9A
330
17
100
AcDbEntity
  8
隐藏线
100
AcDbLine
 10
304.39169620972444
 20
30.0
 30
0.0
 11
304.7992164775309
 21
30.0
 31
0.0
  0
LINE
  5
F9B
330
17
100
AcDbEntity
  8
隐藏线
100
AcDbLine
 10
304.7992164775309
 20
21.4612501221796
 30
0.0
 11
304.7992164775309
 21
25.7306250610898
 31
0.0
  0
LINE
  5
F9C
330
17
100
AcDbEntity
  8
隐藏线
100
AcDbLine
 10
304.7992164775309
 20
25.7306250610898
 30
0.0
 11
304.7992164775309
 21
30.0
 31
0.0
  0
LINE
  5
F9D
330
17
100
AcDbEntity
  8
隐藏线
100
AcDbLine
 10
274.7992164775309
 20
15.0
 30
0.0
 11
274.7992164775309
 21
18.0
 31
0.0
  0
LINE
  5
F9E
330
17
100
AcDbEntity
  8
隐藏线
100
AcDbLine
 10
274.7992164775309
 20
18.0
 30
0.0
 11
274.7992164775309
 21
21.0
 31
0.0
  0
LINE
  5
F9F
330
17
100
AcDbEntity
  8
隐藏线
100
AcDbLine
 10
274.7992164775309
 20
24.0
 30
0.0
 11
274.7992164775309
 21
24.584645458479187
 31
0.0
  0
LINE
  5
FA0
330
17
100
AcDbEntity
  8
隐藏线
100
AcDbLine
 10
274.7992164775309
 20
24.584645458479187
 30
0.0
 11
274.7992164775309
 21
25.14624420160909
 31
0.0
  0
LINE
  5
FA1
330
17
100
AcDbEntity
  8
隐藏线
100
AcDbLine
 10
274.7992164775309
 20
25.14624420160909
 30
0.0
 11
274.7992164775309
 21
25.66468952355356
 31
0.0
  0
LINE
  5
FA2
330
17
100
AcDbEntity
  8
隐藏线
100
AcDbLine
 10
274.7992164775309
 20
25.66468952355356
 30
0.0
 11
274.7992164775309
 21
26.121320343559642
 31
0.0
  0
LINE
  5
FA3
330
17
100
AcDbEntity
  8
隐藏线
100
AcDbLine
 10
274.7992164775309
 20
26.121320343559642
 30
0.0
 11
274.7992164775309
 21
26.49150306011466
 31
0.0
  0
LINE
  5
FA4
330
17
100
AcDbEntity
  8
隐藏线
100
AcDbLine
 10
274.7992164775309
 20
26.49150306011466
 30
0.0
 11
274.7992164775309
 21
26.767278297316178
 31
0.0
  0
LINE
  5
FA5
330
17
100
AcDbEntity
  8
隐藏线
100
AcDbLine
 10
274.7992164775309
 20
26.767278297316178
 30
0.0
 11
274.7992164775309
 21
26.938871959829036
 31
0.0
  0
LINE
  5
FA6
330
17
100
AcDbEntity
  8
隐藏线
100
AcDbLine
 10
274.7992164775309
 20
26.938871959829036
 30
0.0
 11
274.7992164775309
 21
27.0
 31
0.0
  0
LINE
  5
FA7
330
17
100
AcDbEntity
  8
隐藏线
100
AcDbLine
 10
274.7992164775309
 20
26.992875634655565
 30
0.0
 11
274.7992164775309
 21
27.0
 31
0.0
  0
LINE
  5
FA8
330
17
100
AcDbEntity
  8
隐藏线
100
AcDbLine
 10
274.7992164775309
 20
26.893177189727947
 30
0.0
 11
274.7992164775309
 21
26.93935246292971
 31
0.0
  0
LINE
  5
FA9
330
17
100
AcDbEntity
  8
隐藏线
100
AcDbLine
 10
274.7992164775309
 20
26.760934469356947
 30
0.0
 11
274.7992164775309
 21
26.833260548988978
 31
0.0
  0
LINE
  5
FAA
330
17
100
AcDbEntity
  8
隐藏线
100
AcDbLine
 10
274.7992164775309
 20
26.676502697557034
 30
0.0
 11
274.7992164775309
 21
26.760934469356947
 31
0.0
  0
LINE
  5
FAB
330
17
100
AcDbEntity
  8
隐藏线
100
AcDbLine
 10
274.7992164775309
 20
26.580316167441403
 30
0.0
 11
274.7992164775309
 21
26.676502697557034
 31
0.0
  0
LINE
  5
FAC
330
17
100
AcDbEntity
  8
隐藏线
100
AcDbLine
 10
274.7992164775309
 20
26.35998210961033
 30
0.0
 11
274.7992164775309
 21
26.580316167441403
 31
0.0
  0
LINE
  5
FAD
330
17
100
AcDbEntity
  8
隐藏线
100
AcDbLine
 10
274.7992164775309
 20
26.101152510442283
 30
0.0
 11
274.7992164775309
 21
26.35998210961033
 31
0.0
  0
LINE
  5
FAE
330
17
100
AcDbEntity
  8
隐藏线
100
AcDbLine
 10
274.7992164775309
 20
25.807887198688572
 30
0.0
 11
274.7992164775309
 21
26.101152510442283
 31
0.0
  0
LINE
  5
FAF
330
17
100
AcDbEntity
  8
隐藏线
100
AcDbLine
 10
274.7992164775309
 20
25.484747890043202
 30
0.0
 11
274.7992164775309
 21
25.807887198688572
 31
0.0
  0
LINE
  5
FB0
330
17
100
AcDbEntity
  8
隐藏线
100
AcDbLine
 10
274.7992164775309
 20
25.13525656024857
 30
0.0
 11
274.7992164775309
 21
25.484747890043202
 31
0.0
  0
LINE
  5
FB1
330
17
100
AcDbEntity
  8
隐藏线
100
AcDbLine
 10
274.7992164775309
 20
24.767437293096084
 30
0.0
 11
274.7992164775309
 21
25.13525656024857
 31
0.0
  0
LINE
  5
FB2
330
17
100
AcDbEntity
  8
隐藏线
100
AcDbLine
 10
274.7992164775309
 20
24.387040523872113
 30
0.0
 11
274.7992164775309
 21
24.767437293096084
 31
0.0
  0
LINE
  5
FB3
330
17
100
AcDbEntity
  8
隐藏线
100
AcDbLine
 10
274.7992164775309
 20
24.0
 30
0.0
 11
274.7992164775309
 21
24.387040523872113
 31
0.0
  0
LINE
  5
FB4
330
17
100
AcDbEntity
  8
隐藏线
100
AcDbLine
 10
274.7992164775309
 20
23.612959476127887
 30
0.0
 11
274.7992164775309
 21
24.0
 31
0.0
  0
LINE
  5
FB5
330
17
100
AcDbEntity
  8
隐藏线
100
AcDbLine
 10
274.7992164775309
 20
23.23256270690392
 30
0.0
 11
274.7992164775309
 21
23.612959476127887
 31
0.0
  0
LINE
  5
FB6
330
17
100
AcDbEntity
  8
隐藏线
100
AcDbLine
 10
274.7992164775309
 20
22.864743439751432
 30
0.0
 11
274.7992164775309
 21
23.23256270690392
 31
0.0
  0
LINE
  5
FB7
330
17
100
AcDbEntity
  8
隐藏线
100
AcDbLine
 10
274.7992164775309
 20
22.515252109956798
 30
0.0
 11
274.7992164775309
 21
22.864743439751432
 31
0.0
  0
LINE
  5
FB8
330
17
100
AcDbEntity
  8
隐藏线
100
AcDbLine
 10
274.7992164775309
 20
22.192112801311428
 30
0.0
 11
274.7992164775309
 21
22.515252109956798
 31
0.0
  0
LINE
  5
FB9
330
17
100
AcDbEntity
  8
隐藏线
100
AcDbLine
 10
274.7992164775309
 20
21.898847489557717
 30
0.0
 11
274.7992164775309
 21
22.192112801311428
 31
0.0
  0
LINE
  5
FBA
330
17
100
AcDbEntity
  8
隐藏线
100
AcDbLine
 10
274.7992164775309
 20
21.64001789038967
 30
0.0
 11
274.7992164775309
 21
21.898847489557717
 31
0.0
  0
LINE
  5
FBB
330
17
100
AcDbEntity
  8
隐藏线
100
AcDbLine
 10
274.7992164775309
 20
21.419683832558597
 30
0.0
 11
274.7992164775309
 21
21.64001789038967
 31
0.0
  0
LINE
  5
FBC
330
17
100
AcDbEntity
  8
隐藏线
100
AcDbLine
 10
274.7992164775309
 20
21.166739451011022
 30
0.0
 11
274.7992164775309
 21
21.239065530643053
 31
0.0
  0
LINE
  5
FBD
330
17
100
AcDbEntity
  8
隐藏线
100
AcDbLine
 10
274.7992164775309
 20
21.007124365344435
 30
0.0
 11
274.7992164775309
 21
21.027368999025796
 31
0.0
  0
LINE
  5
FBE
330
17
100
AcDbEntity
  8
隐藏线
100
AcDbLine
 10
274.7992164775309
 20
21.232721702683822
 30
0.0
 11
274.7992164775309
 21
21.508496939885337
 31
0.0
  0
LINE
  5
FBF
330
17
100
AcDbEntity
  8
隐藏线
100
AcDbLine
 10
274.7992164775309
 20
21.508496939885337
 30
0.0
 11
274.7992164775309
 21
21.878679656440355
 31
0.0
  0
LINE
  5
FC0
330
17
100
AcDbEntity
  8
隐藏线
100
AcDbLine
 10
274.7992164775309
 20
21.878679656440355
 30
0.0
 11
274.7992164775309
 21
22.33531047644644
 31
0.0
  0
LINE
  5
FC1
330
17
100
AcDbEntity
  8
隐藏线
100
AcDbLine
 10
274.7992164775309
 20
22.33531047644644
 30
0.0
 11
274.7992164775309
 21
22.85375579839091
 31
0.0
  0
LINE
  5
FC2
330
17
100
AcDbEntity
  8
隐藏线
100
AcDbLine
 10
274.7992164775309
 20
22.85375579839091
 30
0.0
 11
274.7992164775309
 21
23.415354541520813
 31
0.0
  0
LINE
  5
FC3
330
17
100
AcDbEntity
  8
隐藏线
100
AcDbLine
 10
274.7992164775309
 20
23.415354541520813
 30
0.0
 11
274.7992164775309
 21
24.0
 31
0.0
  0
LINE
  5
FC4
330
17
100
AcDbEntity
  8
隐藏线
100
AcDbLine
 10
307.6745262089423
 20
2.0
 30
0.0
 11
310.27953094542255
 21
2.0
 31
0.0
  0
LINE
  5
FC5
330
17
100
AcDbEntity
  8
隐藏线
100
AcDbLine
 10
307.53165389496365
 20
2.0
 30
0.0
 11
307.6745262089423
 21
2.0
 31
0.0
  0
LINE
  5
FC6
330
17
100
AcDbEntity
  8
隐藏线
100
AcDbLine
 10
304.78377684450476
 20
2.0
 30
0.0
 11
307.53165389496365
 21
2.0
 31
0.0
  0
LINE
  5
FC7
330
17
100
AcDbEntity
  8
隐藏线
100
AcDbLine
 10
310.2988900180699
 20
2.0
 30
0.0
 11
310.2992164775309
 21
2.0
 31
0.0
  0
LINE
  5
FC8
330
17
100
AcDbEntity
  8
隐藏线
100
AcDbLine
 10
262.06677906009804
 20
2.0
 30
0.0
 11
264.814656110557
 21
2.0
 31
0.0
  0
LINE
  5
FC9
330
17
100
AcDbEntity
  8
隐藏线
100
AcDbLine
 10
261.9239067461194
 20
2.0
 30
0.0
 11
262.06677906009804
 21
2.0
 31
0.0
  0
LINE
  5
FCA
330
17
100
AcDbEntity
  8
隐藏线
100
AcDbLine
 10
259.31890200963915
 20
2.0
 30
0.0
 11
261.9239067461194
 21
2.0
 31
0.0
  0
LINE
  5
FCB
330
17
100
AcDbEntity
  8
隐藏线
100
AcDbLine
 10
294.7992164775309
 20
23.415354541520813
 30
0.0
 11
294.7992164775309
 21
24.0
 31
0.0
  0
LINE
  5
FCC
330
17
100
AcDbEntity
  8
隐藏线
100
AcDbLine
 10
294.7992164775309
 20
22.85375579839091
 30
0.0
 11
294.7992164775309
 21
23.415354541520813
 31
0.0
  0
LINE
  5
FCD
330
17
100
AcDbEntity
  8
隐藏线
100
AcDbLine
 10
294.7992164775309
 20
22.33531047644644
 30
0.0
 11
294.7992164775309
 21
22.85375579839091
 31
0.0
  0
LINE
  5
FCE
330
17
100
AcDbEntity
  8
隐藏线
100
AcDbLine
 10
294.7992164775309
 20
21.878679656440358
 30
0.0
 11
294.7992164775309
 21
22.33531047644644
 31
0.0
  0
LINE
  5
FCF
330
17
100
AcDbEntity
  8
隐藏线
100
AcDbLine
 10
294.7992164775309
 20
21.50849693988534
 30
0.0
 11
294.7992164775309
 21
21.878679656440358
 31
0.0
  0
LINE
  5
FD0
330
17
100
AcDbEntity
  8
隐藏线
100
AcDbLine
 10
294.7992164775309
 20
21.232721702683822
 30
0.0
 11
294.7992164775309
 21
21.50849693988534
 31
0.0
  0
LINE
  5
FD1
330
17
100
AcDbEntity
  8
隐藏线
100
AcDbLine
 10
294.7992164775309
 20
21.061128040170964
 30
0.0
 11
294.7992164775309
 21
21.232721702683822
 31
0.0
  0
LINE
  5
FD2
330
17
100
AcDbEntity
  8
隐藏线
100
AcDbLine
 10
294.7992164775309
 20
21.0
 30
0.0
 11
294.7992164775309
 21
21.061128040170964
 31
0.0
  0
LINE
  5
FD3
330
17
100
AcDbEntity
  8
隐藏线
100
AcDbLine
 10
294.7992164775309
 20
21.0
 30
0.0
 11
294.7992164775309
 21
21.014201146577463
 31
0.0
  0
LINE
  5
FD4
330
17
100
AcDbEntity
  8
隐藏线
100
AcDbLine
 10
294.7992164775309
 20
21.05449103115142
 30
0.0
 11
294.7992164775309
 21
21.120527024128442
 31
0.0
  0
LINE
  5
FD5
330
17
100
AcDbEntity
  8
隐藏线
100
AcDbLine
 10
294.7992164775309
 20
21.211766410330625
 30
0.0
 11
294.7992164775309
 21
21.32940320579888
 31
0.0
  0
LINE
  5
FD6
330
17
100
AcDbEntity
  8
隐藏线
100
AcDbLine
 10
294.7992164775309
 20
21.32940320579888
 30
0.0
 11
294.7992164775309
 21
21.470330938437908
 31
0.0
  0
LINE
  5
FD7
330
17
100
AcDbEntity
  8
隐藏线
100
AcDbLine
 10
294.7992164775309
 20
21.470330938437908
 30
0.0
 11
294.7992164775309
 21
21.633370005508997
 31
0.0
  0
LINE
  5
FD8
330
17
100
AcDbEntity
  8
隐藏线
100
AcDbLine
 10
294.7992164775309
 20
21.633370005508997
 30
0.0
 11
294.7992164775309
 21
21.81716896629296
 31
0.0
  0
LINE
  5
FD9
330
17
100
AcDbEntity
  8
隐藏线
100
AcDbLine
 10
294.7992164775309
 20
21.81716896629296
 30
0.0
 11
294.7992164775309
 21
22.038362302273168
 31
0.0
  0
LINE
  5
FDA
330
17
100
AcDbEntity
  8
隐藏线
100
AcDbLine
 10
294.7992164775309
 20
22.038362302273168
 30
0.0
 11
294.7992164775309
 21
22.279363741145335
 31
0.0
  0
LINE
  5
FDB
330
17
100
AcDbEntity
  8
隐藏线
100
AcDbLine
 10
294.7992164775309
 20
22.279363741145335
 30
0.0
 11
294.7992164775309
 21
22.537836373824508
 31
0.0
  0
LINE
  5
FDC
330
17
100
AcDbEntity
  8
隐藏线
100
AcDbLine
 10
294.7992164775309
 20
22.537836373824508
 30
0.0
 11
294.7992164775309
 21
22.811285556935562
 31
0.0
  0
LINE
  5
FDD
330
17
100
AcDbEntity
  8
隐藏线
100
AcDbLine
 10
294.7992164775309
 20
22.811285556935562
 30
0.0
 11
294.7992164775309
 21
23.097807846981002
 31
0.0
  0
LINE
  5
FDE
330
17
100
AcDbEntity
  8
隐藏线
100
AcDbLine
 10
294.7992164775309
 20
23.097807846981002
 30
0.0
 11
294.7992164775309
 21
23.393350857565924
 31
0.0
  0
LINE
  5
FDF
330
17
100
AcDbEntity
  8
隐藏线
100
AcDbLine
 10
294.7992164775309
 20
23.393350857565924
 30
0.0
 11
294.7992164775309
 21
23.69505373179767
 31
0.0
  0
LINE
  5
FE0
330
17
100
AcDbEntity
  8
隐藏线
100
AcDbLine
 10
294.7992164775309
 20
24.0
 30
0.0
 11
294.7992164775309
 21
24.30494626820233
 31
0.0
  0
LINE
  5
FE1
330
17
100
AcDbEntity
  8
隐藏线
100
AcDbLine
 10
294.7992164775309
 20
24.30494626820233
 30
0.0
 11
294.7992164775309
 21
24.606649142434073
 31
0.0
  0
LINE
  5
FE2
330
17
100
AcDbEntity
  8
隐藏线
100
AcDbLine
 10
294.7992164775309
 20
24.606649142434073
 30
0.0
 11
294.7992164775309
 21
24.902192153018998
 31
0.0
  0
LINE
  5
FE3
330
17
100
AcDbEntity
  8
隐藏线
100
AcDbLine
 10
294.7992164775309
 20
24.902192153018998
 30
0.0
 11
294.7992164775309
 21
25.188714443064434
 31
0.0
  0
LINE
  5
FE4
330
17
100
AcDbEntity
  8
隐藏线
100
AcDbLine
 10
294.7992164775309
 20
25.188714443064434
 30
0.0
 11
294.7992164775309
 21
25.46216362617549
 31
0.0
  0
LINE
  5
FE5
330
17
100
AcDbEntity
  8
隐藏线
100
AcDbLine
 10
294.7992164775309
 20
25.46216362617549
 30
0.0
 11
294.7992164775309
 21
25.720636258854665
 31
0.0
  0
LINE
  5
FE6
330
17
100
AcDbEntity
  8
隐藏线
100
AcDbLine
 10
294.7992164775309
 20
25.720636258854665
 30
0.0
 11
294.7992164775309
 21
25.96163769772683
 31
0.0
  0
LINE
  5
FE7
330
17
100
AcDbEntity
  8
隐藏线
100
AcDbLine
 10
294.7992164775309
 20
25.96163769772683
 30
0.0
 11
294.7992164775309
 21
26.18283103370704
 31
0.0
  0
LINE
  5
FE8
330
17
100
AcDbEntity
  8
隐藏线
100
AcDbLine
 10
294.7992164775309
 20
26.18283103370704
 30
0.0
 11
294.7992164775309
 21
26.366629994491003
 31
0.0
  0
LINE
  5
FE9
330
17
100
AcDbEntity
  8
隐藏线
100
AcDbLine
 10
294.7992164775309
 20
26.366629994491003
 30
0.0
 11
294.7992164775309
 21
26.529669061562092
 31
0.0
  0
LINE
  5
FEA
330
17
100
AcDbEntity
  8
隐藏线
100
AcDbLine
 10
294.7992164775309
 20
26.529669061562092
 30
0.0
 11
294.7992164775309
 21
26.67059679420112
 31
0.0
  0
LINE
  5
FEB
330
17
100
AcDbEntity
  8
隐藏线
100
AcDbLine
 10
294.7992164775309
 20
26.67059679420112
 30
0.0
 11
294.7992164775309
 21
26.788233589669375
 31
0.0
  0
LINE
  5
FEC
330
17
100
AcDbEntity
  8
隐藏线
100
AcDbLine
 10
294.7992164775309
 20
26.788233589669375
 30
0.0
 11
294.7992164775309
 21
26.879472975871558
 31
0.0
  0
LINE
  5
FED
330
17
100
AcDbEntity
  8
隐藏线
100
AcDbLine
 10
294.7992164775309
 20
26.879472975871558
 30
0.0
 11
294.7992164775309
 21
26.945508968848582
 31
0.0
  0
LINE
  5
FEE
330
17
100
AcDbEntity
  8
隐藏线
100
AcDbLine
 10
294.7992164775309
 20
26.945508968848582
 30
0.0
 11
294.7992164775309
 21
26.985798853422537
 31
0.0
  0
LINE
  5
FEF
330
17
100
AcDbEntity
  8
隐藏线
100
AcDbLine
 10
294.7992164775309
 20
26.985798853422537
 30
0.0
 11
294.7992164775309
 21
27.0
 31
0.0
  0
LINE
  5
FF0
330
17
100
AcDbEntity
  8
隐藏线
100
AcDbLine
 10
294.7992164775309
 20
26.491503060114663
 30
0.0
 11
294.7992164775309
 21
26.767278297316178
 31
0.0
  0
LINE
  5
FF1
330
17
100
AcDbEntity
  8
隐藏线
100
AcDbLine
 10
294.7992164775309
 20
26.121320343559645
 30
0.0
 11
294.7992164775309
 21
26.491503060114663
 31
0.0
  0
LINE
  5
FF2
330
17
100
AcDbEntity
  8
隐藏线
100
AcDbLine
 10
294.7992164775309
 20
25.66468952355356
 30
0.0
 11
294.7992164775309
 21
26.121320343559645
 31
0.0
  0
LINE
  5
FF3
330
17
100
AcDbEntity
  8
隐藏线
100
AcDbLine
 10
294.7992164775309
 20
25.14624420160909
 30
0.0
 11
294.7992164775309
 21
25.66468952355356
 31
0.0
  0
LINE
  5
FF4
330
17
100
AcDbEntity
  8
隐藏线
100
AcDbLine
 10
294.7992164775309
 20
24.584645458479187
 30
0.0
 11
294.7992164775309
 21
25.14624420160909
 31
0.0
  0
LINE
  5
FF5
330
17
100
AcDbEntity
  8
隐藏线
100
AcDbLine
 10
294.7992164775309
 20
24.0
 30
0.0
 11
294.7992164775309
 21
24.584645458479187
 31
0.0
  0
LINE
  5
FF6
330
17
100
AcDbEntity
  8
隐藏线
100
AcDbLine
 10
278.7992164775309
 20
30.0
 30
0.0
 11
278.9214725578728
 21
30.0
 31
0.0
  0
LINE
  5
FF7
330
17
100
AcDbEntity
  8
隐藏线
100
AcDbLine
 10
278.9214725578728
 20
30.0
 30
0.0
 11
279.2646598828985
 21
30.0
 31
0.0
  0
LINE
  5
FF8
330
17
100
AcDbEntity
  8
隐藏线
100
AcDbLine
 10
279.2646598828985
 20
30.0
 30
0.0
 11
279.81621035730154
 21
30.0
 31
0.0
  0
LINE
  5
FF9
330
17
100
AcDbEntity
  8
隐藏线
100
AcDbLine
 10
279.81621035730154
 20
30.0
 30
0.0
 11
280.5565757904116
 21
30.0
 31
0.0
  0
LINE
  5
FFA
330
17
100
AcDbEntity
  8
隐藏线
100
AcDbLine
 10
280.5565757904116
 20
30.0
 30
0.0
 11
281.46983743042375
 21
30.0
 31
0.0
  0
LINE
  5
FFB
330
17
100
AcDbEntity
  8
隐藏线
100
AcDbLine
 10
281.46983743042375
 20
30.0
 30
0.0
 11
282.5067280743127
 21
30.0
 31
0.0
  0
LINE
  5
FFC
330
17
100
AcDbEntity
  8
隐藏线
100
AcDbLine
 10
282.5067280743127
 20
30.0
 30
0.0
 11
283.6299255605725
 21
30.0
 31
0.0
  0
LINE
  5
FFD
330
17
100
AcDbEntity
  8
隐藏线
100
AcDbLine
 10
283.6299255605725
 20
30.0
 30
0.0
 11
284.7992164775309
 21
30.0
 31
0.0
  0
LINE
  5
FFE
330
17
100
AcDbEntity
  8
隐藏线
100
AcDbLine
 10
284.7992164775309
 20
30.0
 30
0.0
 11
285.9685073944893
 21
30.0
 31
0.0
  0
LINE
  5
FFF
330
17
100
AcDbEntity
  8
隐藏线
100
AcDbLine
 10
285.9685073944893
 20
30.0
 30
0.0
 11
287.09170488074903
 21
30.0
 31
0.0
  0
LINE
  5
1000
330
17
100
AcDbEntity
  8
隐藏线
100
AcDbLine
 10
287.09170488074903
 20
30.0
 30
0.0
 11
288.128595524638
 21
30.0
 31
0.0
  0
LINE
  5
1001
330
17
100
AcDbEntity
  8
隐藏线
100
AcDbLine
 10
288.128595524638
 20
30.0
 30
0.0
 11
289.04185716465014
 21
30.0
 31
0.0
  0
LINE
  5
1002
330
17
100
AcDbEntity
  8
隐藏线
100
AcDbLine
 10
289.04185716465014
 20
30.0
 30
0.0
 11
289.7822225977602
 21
30.0
 31
0.0
  0
LINE
  5
1003
330
17
100
AcDbEntity
  8
隐藏线
100
AcDbLine
 10
289.7822225977602
 20
30.0
 30
0.0
 11
290.33377307216324
 21
30.0
 31
0.0
  0
LINE
  5
1004
330
17
100
AcDbEntity
  8
隐藏线
100
AcDbLine
 10
290.33377307216324
 20
30.0
 30
0.0
 11
290.67696039718896
 21
30.0
 31
0.0
  0
LINE
  5
1005
330
17
100
AcDbEntity
  8
隐藏线
100
AcDbLine
 10
290.67696039718896
 20
30.0
 30
0.0
 11
290.7992164775309
 21
30.0
 31
0.0
  0
LINE
  5
1006
330
17
100
AcDbEntity
  8
隐藏线
100
AcDbLine
 10
285.7992164775309
 20
2.0
 30
0.0
 11
285.7992164775309
 21
13.0
 31
0.0
  0
LINE
  5
1007
330
17
100
AcDbEntity
  8
隐藏线
100
AcDbLine
 10
285.7992164775309
 20
13.0
 30
0.0
 11
285.7992164775309
 21
19.000000000000004
 31
0.0
  0
LINE
  5
1008
330
17
100
AcDbEntity
  8
隐藏线
100
AcDbLine
 10
285.7992164775309
 20
19.000000000000004
 30
0.0
 11
285.7992164775309
 21
24.0
 31
0.0
  0
LINE
  5
1009
330
17
100
AcDbEntity
  8
隐藏线
100
AcDbLine
 10
285.7992164775309
 20
23.655779594061965
 30
0.0
 11
285.7992164775309
 21
24.0
 31
0.0
  0
LINE
  5
100A
330
17
100
AcDbEntity
  8
隐藏线
100
AcDbLine
 10
285.7992164775309
 20
23.316227980677265
 30
0.0
 11
285.7992164775309
 21
23.655779594061965
 31
0.0
  0
LINE
  5
100B
330
17
100
AcDbEntity
  8
隐藏线
100
AcDbLine
 10
285.7992164775309
 20
22.98553064420596
 30
0.0
 11
285.7992164775309
 21
23.316227980677265
 31
0.0
  0
LINE
  5
100C
330
17
100
AcDbEntity
  8
隐藏线
100
AcDbLine
 10
285.7992164775309
 20
22.66777111632667
 30
0.0
 11
285.7992164775309
 21
22.98553064420596
 31
0.0
  0
LINE
  5
100D
330
17
100
AcDbEntity
  8
隐藏线
100
AcDbLine
 10
285.7992164775309
 20
22.36869526632925
 30
0.0
 11
285.7992164775309
 21
22.66777111632667
 31
0.0
  0
LINE
  5
100E
330
17
100
AcDbEntity
  8
隐藏线
100
AcDbLine
 10
285.7992164775309
 20
22.36869526632925
 30
0.0
 11
285.7992164775309
 21
22.090923598239275
 31
0.0
  0
LINE
  5
100F
330
17
100
AcDbEntity
  8
隐藏线
100
AcDbLine
 10
285.7992164775309
 20
21.837872876067436
 30
0.0
 11
285.7992164775309
 21
22.090923598239275
 31
0.0
  0
LINE
  5
1010
330
17
100
AcDbEntity
  8
隐藏线
100
AcDbLine
 10
285.7992164775309
 20
21.612675214185774
 30
0.0
 11
285.7992164775309
 21
21.837872876067436
 31
0.0
  0
LINE
  5
1011
330
17
100
AcDbEntity
  8
隐藏线
100
AcDbLine
 10
285.7992164775309
 20
21.473505892364937
 30
0.0
 11
285.7992164775309
 21
21.612675214185774
 31
0.0
  0
LINE
  5
1012
330
17
100
AcDbEntity
  8
隐藏线
100
AcDbLine
 10
285.7992164775309
 20
21.35073305205945
 30
0.0
 11
285.7992164775309
 21
21.473505892364937
 31
0.0
  0
LINE
  5
1013
330
17
100
AcDbEntity
  8
隐藏线
100
AcDbLine
 10
285.7992164775309
 20
21.245110235076446
 30
0.0
 11
285.7992164775309
 21
21.35073305205945
 31
0.0
  0
LINE
  5
1014
330
17
100
AcDbEntity
  8
隐藏线
100
AcDbLine
 10
285.7992164775309
 20
21.15729228046193
 30
0.0
 11
285.7992164775309
 21
21.245110235076446
 31
0.0
  0
LINE
  5
1015
330
17
100
AcDbEntity
  8
隐藏线
100
AcDbLine
 10
285.7992164775309
 20
21.15729228046193
 30
0.0
 11
285.7992164775309
 21
21.089407349801082
 31
0.0
  0
LINE
  5
1016
330
17
100
AcDbEntity
  8
隐藏线
100
AcDbLine
 10
285.7992164775309
 20
21.040383127254263
 30
0.0
 11
285.7992164775309
 21
21.089407349801082
 31
0.0
  0
LINE
  5
1017
330
17
100
AcDbEntity
  8
隐藏线
100
AcDbLine
 10
285.7992164775309
 20
21.010517977534235
 30
0.0
 11
285.7992164775309
 21
21.040383127254263
 31
0.0
  0
LINE
  5
1018
330
17
100
AcDbEntity
  8
隐藏线
100
AcDbLine
 10
285.7992164775309
 20
21.061128040170964
 30
0.0
 11
285.7992164775309
 21
21.232721702683822
 31
0.0
  0
LINE
  5
1019
330
17
100
AcDbEntity
  8
隐藏线
100
AcDbLine
 10
285.7992164775309
 20
21.232721702683822
 30
0.0
 11
285.7992164775309
 21
21.50849693988534
 31
0.0
  0
LINE
  5
101A
330
17
100
AcDbEntity
  8
隐藏线
100
AcDbLine
 10
285.7992164775309
 20
21.50849693988534
 30
0.0
 11
285.7992164775309
 21
21.878679656440358
 31
0.0
  0
LINE
  5
101B
330
17
100
AcDbEntity
  8
隐藏线
100
AcDbLine
 10
285.7992164775309
 20
21.878679656440358
 30
0.0
 11
285.7992164775309
 21
22.33531047644644
 31
0.0
  0
LINE
  5
101C
330
17
100
AcDbEntity
  8
隐藏线
100
AcDbLine
 10
285.7992164775309
 20
22.33531047644644
 30
0.0
 11
285.7992164775309
 21
22.85375579839091
 31
0.0
  0
LINE
  5
101D
330
17
100
AcDbEntity
  8
隐藏线
100
AcDbLine
 10
285.7992164775309
 20
22.85375579839091
 30
0.0
 11
285.7992164775309
 21
23.415354541520813
 31
0.0
  0
LINE
  5
101E
330
17
100
AcDbEntity
  8
隐藏线
100
AcDbLine
 10
285.7992164775309
 20
23.415354541520813
 30
0.0
 11
285.7992164775309
 21
24.0
 31
0.0
  0
LINE
  5
101F
330
17
100
AcDbEntity
  8
隐藏线
100
AcDbLine
 10
285.7992164775309
 20
24.0
 30
0.0
 11
285.7992164775309
 21
24.584645458479187
 31
0.0
  0
LINE
  5
1020
330
17
100
AcDbEntity
  8
隐藏线
100
AcDbLine
 10
285.7992164775309
 20
24.584645458479187
 30
0.0
 11
285.7992164775309
 21
25.14624420160909
 31
0.0
  0
LINE
  5
1021
330
17
100
AcDbEntity
  8
隐藏线
100
AcDbLine
 10
285.7992164775309
 20
25.14624420160909
 30
0.0
 11
285.7992164775309
 21
25.66468952355356
 31
0.0
  0
LINE
  5
1022
330
17
100
AcDbEntity
  8
隐藏线
100
AcDbLine
 10
285.7992164775309
 20
26.121320343559642
 30
0.0
 11
285.7992164775309
 21
25.66468952355356
 31
0.0
  0
LINE
  5
1023
330
17
100
AcDbEntity
  8
隐藏线
100
AcDbLine
 10
285.7992164775309
 20
26.121320343559642
 30
0.0
 11
285.7992164775309
 21
26.49150306011466
 31
0.0
  0
LINE
  5
1024
330
17
100
AcDbEntity
  8
隐藏线
100
AcDbLine
 10
285.7992164775309
 20
26.49150306011466
 30
0.0
 11
285.7992164775309
 21
26.767278297316178
 31
0.0
  0
LINE
  5
1025
330
17
100
AcDbEntity
  8
隐藏线
100
AcDbLine
 10
285.7992164775309
 20
26.938871959829036
 30
0.0
 11
285.7992164775309
 21
26.767278297316178
 31
0.0
  0
LINE
  5
1026
330
17
100
AcDbEntity
  8
隐藏线
100
AcDbLine
 10
285.7992164775309
 20
26.938871959829036
 30
0.0
 11
285.7992164775309
 21
27.0
 31
0.0
  0
LINE
  5
1027
330
17
100
AcDbEntity
  8
隐藏线
100
AcDbLine
 10
285.7992164775309
 20
26.989482022465765
 30
0.0
 11
285.7992164775309
 21
27.0
 31
0.0
  0
LINE
  5
1028
330
17
100
AcDbEntity
  8
隐藏线
100
AcDbLine
 10
285.7992164775309
 20
26.842707719538073
 30
0.0
 11
285.7992164775309
 21
26.91059265019892
 31
0.0
  0
LINE
  5
1029
330
17
100
AcDbEntity
  8
隐藏线
100
AcDbLine
 10
285.7992164775309
 20
26.754889764923558
 30
0.0
 11
285.7992164775309
 21
26.842707719538073
 31
0.0
  0
LINE
  5
102A
330
17
100
AcDbEntity
  8
隐藏线
100
AcDbLine
 10
285.7992164775309
 20
26.64926694794055
 30
0.0
 11
285.7992164775309
 21
26.754889764923558
 31
0.0
  0
LINE
  5
102B
330
17
100
AcDbEntity
  8
隐藏线
100
AcDbLine
 10
285.7992164775309
 20
26.526494107635063
 30
0.0
 11
285.7992164775309
 21
26.64926694794055
 31
0.0
  0
LINE
  5
102C
330
17
100
AcDbEntity
  8
隐藏线
100
AcDbLine
 10
285.7992164775309
 20
26.38732478581423
 30
0.0
 11
285.7992164775309
 21
26.526494107635063
 31
0.0
  0
LINE
  5
102D
330
17
100
AcDbEntity
  8
隐藏线
100
AcDbLine
 10
285.7992164775309
 20
26.162127123932564
 30
0.0
 11
285.7992164775309
 21
26.38732478581423
 31
0.0
  0
LINE
  5
102E
330
17
100
AcDbEntity
  8
隐藏线
100
AcDbLine
 10
285.7992164775309
 20
25.909076401760732
 30
0.0
 11
285.7992164775309
 21
26.162127123932564
 31
0.0
  0
LINE
  5
102F
330
17
100
AcDbEntity
  8
隐藏线
100
AcDbLine
 10
285.7992164775309
 20
25.01446935579404
 30
0.0
 11
285.7992164775309
 21
25.332228883673338
 31
0.0
  0
LINE
  5
1030
330
17
100
AcDbEntity
  8
隐藏线
100
AcDbLine
 10
285.7992164775309
 20
24.683772019322735
 30
0.0
 11
285.7992164775309
 21
25.01446935579404
 31
0.0
  0
LINE
  5
1031
330
17
100
AcDbEntity
  8
隐藏线
100
AcDbLine
 10
285.7992164775309
 20
24.344220405938035
 30
0.0
 11
285.7992164775309
 21
24.683772019322735
 31
0.0
  0
LINE
  5
1032
330
17
100
AcDbEntity
  8
隐藏线
100
AcDbLine
 10
285.7992164775309
 20
24.0
 30
0.0
 11
285.7992164775309
 21
24.344220405938035
 31
0.0
  0
LINE
  5
1033
330
17
100
AcDbEntity
  8
隐藏线
100
AcDbLine
 10
278.7992164775309
 20
2.0
 30
0.0
 11
278.7992164775309
 21
16.0
 31
0.0
  0
LINE
  5
1034
330
17
100
AcDbEntity
  8
隐藏线
100
AcDbLine
 10
278.7992164775309
 20
16.0
 30
0.0
 11
278.7992164775309
 21
30.0
 31
0.0
  0
LINE
  5
1035
330
17
100
AcDbEntity
  8
隐藏线
100
AcDbLine
 10
290.7992164775309
 20
2.0
 30
0.0
 11
290.7992164775309
 21
16.0
 31
0.0
  0
LINE
  5
1036
330
17
100
AcDbEntity
  8
隐藏线
100
AcDbLine
 10
290.7992164775309
 20
16.0
 30
0.0
 11
290.7992164775309
 21
30.0
 31
0.0
  0
LINE
  5
1037
330
17
100
AcDbEntity
  8
隐藏线
100
AcDbLine
 10
290.67696039718896
 20
2.0
 30
0.0
 11
290.7992164775309
 21
2.0
 31
0.0
  0
LINE
  5
1038
330
17
100
AcDbEntity
  8
隐藏线
100
AcDbLine
 10
290.33377307216324
 20
2.0
 30
0.0
 11
290.67696039718896
 21
2.0
 31
0.0
  0
LINE
  5
1039
330
17
100
AcDbEntity
  8
隐藏线
100
AcDbLine
 10
289.7822225977602
 20
2.0
 30
0.0
 11
290.33377307216324
 21
2.0
 31
0.0
  0
LINE
  5
103A
330
17
100
AcDbEntity
  8
隐藏线
100
AcDbLine
 10
289.04185716465014
 20
2.0
 30
0.0
 11
289.7822225977602
 21
2.0
 31
0.0
  0
LINE
  5
103B
330
17
100
AcDbEntity
  8
隐藏线
100
AcDbLine
 10
288.128595524638
 20
2.0
 30
0.0
 11
289.04185716465014
 21
2.0
 31
0.0
  0
LINE
  5
103C
330
17
100
AcDbEntity
  8
隐藏线
100
AcDbLine
 10
287.09170488074903
 20
2.0
 30
0.0
 11
288.128595524638
 21
2.0
 31
0.0
  0
LINE
  5
103D
330
17
100
AcDbEntity
  8
隐藏线
100
AcDbLine
 10
285.9685073944893
 20
2.0
 30
0.0
 11
287.09170488074903
 21
2.0
 31
0.0
  0
LINE
  5
103E
330
17
100
AcDbEntity
  8
隐藏线
100
AcDbLine
 10
284.7992164775309
 20
2.0
 30
0.0
 11
285.9685073944893
 21
2.0
 31
0.0
  0
LINE
  5
103F
330
17
100
AcDbEntity
  8
隐藏线
100
AcDbLine
 10
283.6299255605725
 20
2.0
 30
0.0
 11
284.7992164775309
 21
2.0
 31
0.0
  0
LINE
  5
1040
330
17
100
AcDbEntity
  8
隐藏线
100
AcDbLine
 10
282.5067280743127
 20
2.0
 30
0.0
 11
283.6299255605725
 21
2.0
 31
0.0
  0
LINE
  5
1041
330
17
100
AcDbEntity
  8
隐藏线
100
AcDbLine
 10
281.46983743042375
 20
2.0
 30
0.0
 11
282.5067280743127
 21
2.0
 31
0.0
  0
LINE
  5
1042
330
17
100
AcDbEntity
  8
隐藏线
100
AcDbLine
 10
280.5565757904116
 20
2.0
 30
0.0
 11
281.46983743042375
 21
2.0
 31
0.0
  0
LINE
  5
1043
330
17
100
AcDbEntity
  8
隐藏线
100
AcDbLine
 10
279.81621035730154
 20
2.0
 30
0.0
 11
280.5565757904116
 21
2.0
 31
0.0
  0
LINE
  5
1044
330
17
100
AcDbEntity
  8
隐藏线
100
AcDbLine
 10
279.2646598828985
 20
2.0
 30
0.0
 11
279.81621035730154
 21
2.0
 31
0.0
  0
LINE
  5
1045
330
17
100
AcDbEntity
  8
隐藏线
100
AcDbLine
 10
278.9214725578728
 20
2.0
 30
0.0
 11
279.2646598828985
 21
2.0
 31
0.0
  0
LINE
  5
1046
330
17
100
AcDbEntity
  8
隐藏线
100
AcDbLine
 10
278.7992164775309
 20
2.0
 30
0.0
 11
278.9214725578728
 21
2.0
 31
0.0
  0
LINE
  5
1047
330
17
100
AcDbEntity
  8
隐藏线
100
AcDbLine
 10
285.7992164775308
 20
2.0
 30
0.0
 11
288.71173908441943
 21
2.0
 31
0.0
  0
LINE
  5
1048
330
17
100
AcDbEntity
  8
隐藏线
100
AcDbLine
 10
288.71173908441943
 20
2.0
 30
0.0
 11
291.4839035842871
 21
2.0
 31
0.0
  0
LINE
  5
1049
330
17
100
AcDbEntity
  8
隐藏线
100
AcDbLine
 10
291.4839035842871
 20
2.0
 30
0.0
 11
294.0243560726975
 21
2.0
 31
0.0
  0
LINE
  5
104A
330
17
100
AcDbEntity
  8
隐藏线
100
AcDbLine
 10
294.0243560726975
 20
2.0
 30
0.0
 11
296.2488889619297
 21
2.0
 31
0.0
  0
LINE
  5
104B
330
17
100
AcDbEntity
  8
隐藏线
100
AcDbLine
 10
296.2488889619297
 20
2.0
 30
0.0
 11
298.0437869022471
 21
2.0
 31
0.0
  0
LINE
  5
104C
330
17
100
AcDbEntity
  8
隐藏线
100
AcDbLine
 10
298.0437869022471
 20
2.0
 30
0.0
 11
299.3768743104211
 21
2.0
 31
0.0
  0
LINE
  5
104D
330
17
100
AcDbEntity
  8
隐藏线
100
AcDbLine
 10
299.3768743104211
 20
2.0
 30
0.0
 11
300.2046548336431
 21
2.0
 31
0.0
  0
LINE
  5
104E
330
17
100
AcDbEntity
  8
隐藏线
100
AcDbLine
 10
300.2046548336431
 20
2.0
 30
0.0
 11
300.49921647753087
 21
2.0
 31
0.0
  0
LINE
  5
104F
330
17
100
AcDbEntity
  8
隐藏线
100
AcDbLine
 10
280.88669387064226
 20
2.0
 30
0.0
 11
283.7992164775309
 21
2.0
 31
0.0
  0
LINE
  5
1050
330
17
100
AcDbEntity
  8
隐藏线
100
AcDbLine
 10
278.1145293707747
 20
2.0
 30
0.0
 11
280.88669387064226
 21
2.0
 31
0.0
  0
LINE
  5
1051
330
17
100
AcDbEntity
  8
隐藏线
100
AcDbLine
 10
275.57407688236424
 20
2.0
 30
0.0
 11
278.1145293707747
 21
2.0
 31
0.0
  0
LINE
  5
1052
330
17
100
AcDbEntity
  8
隐藏线
100
AcDbLine
 10
273.34954399313204
 20
2.0
 30
0.0
 11
275.57407688236424
 21
2.0
 31
0.0
  0
LINE
  5
1053
330
17
100
AcDbEntity
  8
隐藏线
100
AcDbLine
 10
271.55464605281463
 20
2.0
 30
0.0
 11
273.34954399313204
 21
2.0
 31
0.0
  0
LINE
  5
1054
330
17
100
AcDbEntity
  8
隐藏线
100
AcDbLine
 10
270.22155864464065
 20
2.0
 30
0.0
 11
271.55464605281463
 21
2.0
 31
0.0
  0
LINE
  5
1055
330
17
100
AcDbEntity
  8
隐藏线
100
AcDbLine
 10
269.3937781214187
 20
2.0
 30
0.0
 11
270.22155864464065
 21
2.0
 31
0.0
  0
LINE
  5
1056
330
17
100
AcDbEntity
  8
隐藏线
100
AcDbLine
 10
269.0992164775309
 20
2.0
 30
0.0
 11
269.3937781214187
 21
2.0
 31
0.0
  0
LINE
  5
1057
330
17
100
AcDbEntity
  8
隐藏线
100
AcDbLine
 10
304.2472680887221
 20
2.0
 30
0.0
 11
304.7837768445048
 21
2.0
 31
0.0
  0
LINE
  5
1058
330
17
100
AcDbEntity
  8
隐藏线
100
AcDbLine
 10
303.0159641559229
 20
2.0
 30
0.0
 11
304.2472680887221
 21
2.0
 31
0.0
  0
LINE
  5
1059
330
17
100
AcDbEntity
  8
隐藏线
100
AcDbLine
 10
301.1326251008678
 20
2.0
 30
0.0
 11
303.0159641559229
 21
2.0
 31
0.0
  0
LINE
  5
105A
330
17
100
AcDbEntity
  8
隐藏线
100
AcDbLine
 10
298.660776892681
 20
2.0
 30
0.0
 11
301.1326251008678
 21
2.0
 31
0.0
  0
LINE
  5
105B
330
17
100
AcDbEntity
  8
隐藏线
100
AcDbLine
 10
295.651846475626
 20
2.0
 30
0.0
 11
298.660776892681
 21
2.0
 31
0.0
  0
LINE
  5
105C
330
17
100
AcDbEntity
  8
隐藏线
100
AcDbLine
 10
292.25982178994064
 20
2.0
 30
0.0
 11
295.651846475626
 21
2.0
 31
0.0
  0
LINE
  5
105D
330
17
100
AcDbEntity
  8
隐藏线
100
AcDbLine
 10
288.6007583999343
 20
2.0
 30
0.0
 11
292.25982178994064
 21
2.0
 31
0.0
  0
LINE
  5
105E
330
17
100
AcDbEntity
  8
隐藏线
100
AcDbLine
 10
284.7992164775309
 20
2.0
 30
0.0
 11
288.6007583999343
 21
2.0
 31
0.0
  0
LINE
  5
105F
330
17
100
AcDbEntity
  8
隐藏线
100
AcDbLine
 10
280.99767455512745
 20
2.0
 30
0.0
 11
284.7992164775309
 21
2.0
 31
0.0
  0
LINE
  5
1060
330
17
100
AcDbEntity
  8
隐藏线
100
AcDbLine
 10
277.3386111651211
 20
2.0
 30
0.0
 11
280.99767455512745
 21
2.0
 31
0.0
  0
LINE
  5
1061
330
17
100
AcDbEntity
  8
隐藏线
100
AcDbLine
 10
273.9465864794358
 20
2.0
 30
0.0
 11
277.3386111651211
 21
2.0
 31
0.0
  0
LINE
  5
1062
330
17
100
AcDbEntity
  8
隐藏线
100
AcDbLine
 10
270.93765606238077
 20
2.0
 30
0.0
 11
273.9465864794358
 21
2.0
 31
0.0
  0
LINE
  5
1063
330
17
100
AcDbEntity
  8
隐藏线
100
AcDbLine
 10
268.46580785419394
 20
2.0
 30
0.0
 11
270.93765606238077
 21
2.0
 31
0.0
  0
LINE
  5
1064
330
17
100
AcDbEntity
  8
隐藏线
100
AcDbLine
 10
266.58246879913884
 20
2.0
 30
0.0
 11
268.46580785419394
 21
2.0
 31
0.0
  0
LINE
  5
1065
330
17
100
AcDbEntity
  8
隐藏线
100
AcDbLine
 10
265.35116486633973
 20
2.0
 30
0.0
 11
266.58246879913884
 21
2.0
 31
0.0
  0
LINE
  5
1066
330
17
100
AcDbEntity
  8
隐藏线
100
AcDbLine
 10
264.81465611055694
 20
2.0
 30
0.0
 11
265.35116486633973
 21
2.0
 31
0.0
  0
LINE
  5
1067
330
17
100
AcDbEntity
  8
隐藏线
100
AcDbLine
 10
278.7992164775309
 20
2.0
 30
0.0
 11
278.7992164775309
 21
13.0
 31
0.0
  0
LINE
  5
1068
330
17
100
AcDbEntity
  8
隐藏线
100
AcDbLine
 10
278.7992164775309
 20
13.0
 30
0.0
 11
278.7992164775309
 21
24.0
 31
0.0
  0
LINE
  5
1069
330
17
100
AcDbEntity
  8
隐藏线
100
AcDbLine
 10
278.7992164775309
 20
24.0
 30
0.0
 11
278.9214725578728
 21
24.0
 31
0.0
  0
LINE
  5
106A
330
17
100
AcDbEntity
  8
隐藏线
100
AcDbLine
 10
278.9214725578728
 20
24.0
 30
0.0
 11
279.2646598828985
 21
24.0
 31
0.0
  0
LINE
  5
106B
330
17
100
AcDbEntity
  8
隐藏线
100
AcDbLine
 10
279.2646598828985
 20
24.0
 30
0.0
 11
279.81621035730154
 21
24.0
 31
0.0
  0
LINE
  5
106C
330
17
100
AcDbEntity
  8
隐藏线
100
AcDbLine
 10
279.81621035730154
 20
24.0
 30
0.0
 11
280.5565757904116
 21
24.0
 31
0.0
  0
LINE
  5
106D
330
17
100
AcDbEntity
  8
隐藏线
100
AcDbLine
 10
280.5565757904116
 20
24.0
 30
0.0
 11
281.46983743042375
 21
24.0
 31
0.0
  0
LINE
  5
106E
330
17
100
AcDbEntity
  8
隐藏线
100
AcDbLine
 10
281.46983743042375
 20
24.0
 30
0.0
 11
282.5067280743127
 21
24.0
 31
0.0
  0
LINE
  5
106F
330
17
100
AcDbEntity
  8
隐藏线
100
AcDbLine
 10
282.5067280743127
 20
24.0
 30
0.0
 11
283.6299255605725
 21
24.0
 31
0.0
  0
LINE
  5
1070
330
17
100
AcDbEntity
  8
隐藏线
100
AcDbLine
 10
283.6299255605725
 20
24.0
 30
0.0
 11
284.7992164775309
 21
24.0
 31
0.0
  0
LINE
  5
1071
330
17
100
AcDbEntity
  8
隐藏线
100
AcDbLine
 10
284.7992164775309
 20
24.0
 30
0.0
 11
285.9685073944893
 21
24.0
 31
0.0
  0
LINE
  5
1072
330
17
100
AcDbEntity
  8
隐藏线
100
AcDbLine
 10
285.9685073944893
 20
24.0
 30
0.0
 11
287.09170488074903
 21
24.0
 31
0.0
  0
LINE
  5
1073
330
17
100
AcDbEntity
  8
隐藏线
100
AcDbLine
 10
287.09170488074903
 20
24.0
 30
0.0
 11
288.128595524638
 21
24.0
 31
0.0
  0
LINE
  5
1074
330
17
100
AcDbEntity
  8
隐藏线
100
AcDbLine
 10
288.128595524638
 20
24.0
 30
0.0
 11
289.04185716465014
 21
24.0
 31
0.0
  0
LINE
  5
1075
330
17
100
AcDbEntity
  8
隐藏线
100
AcDbLine
 10
289.04185716465014
 20
24.0
 30
0.0
 11
289.7822225977602
 21
24.0
 31
0.0
  0
LINE
  5
1076
330
17
100
AcDbEntity
  8
隐藏线
100
AcDbLine
 10
289.7822225977602
 20
24.0
 30
0.0
 11
290.33377307216324
 21
24.0
 31
0.0
  0
LINE
  5
1077
330
17
100
AcDbEntity
  8
隐藏线
100
AcDbLine
 10
290.33377307216324
 20
24.0
 30
0.0
 11
290.67696039718896
 21
24.0
 31
0.0
  0
LINE
  5
1078
330
17
100
AcDbEntity
  8
隐藏线
100
AcDbLine
 10
290.67696039718896
 20
24.0
 30
0.0
 11
290.7992164775309
 21
24.0
 31
0.0
  0
LINE
  5
1079
330
17
100
AcDbEntity
  8
隐藏线
100
AcDbLine
 10
290.7992164775309
 20
2.0
 30
0.0
 11
290.7992164775309
 21
13.0
 31
0.0
  0
LINE
  5
107A
330
17
100
AcDbEntity
  8
隐藏线
100
AcDbLine
 10
290.7992164775309
 20
13.0
 30
0.0
 11
290.7992164775309
 21
24.0
 31
0.0
  0
LINE
  5
107B
330
17
100
AcDbEntity
  8
隐藏线
100
AcDbLine
 10
304.7992164775309
 20
2.0
 30
0.0
 11
304.7992164775309
 21
13.0
 31
0.0
  0
LINE
  5
107C
330
17
100
AcDbEntity
  8
隐藏线
100
AcDbLine
 10
304.7992164775309
 20
13.0
 30
0.0
 11
304.7992164775309
 21
24.0
 31
0.0
  0
LINE
  5
107D
330
17
100
AcDbEntity
  8
隐藏线
100
AcDbLine
 10
264.7992164775309
 20
2.0
 30
0.0
 11
265.2067367453373
 21
2.0
 31
0.0
  0
LINE
  5
107E
330
17
100
AcDbEntity
  8
隐藏线
100
AcDbLine
 10
265.2067367453373
 20
2.0
 30
0.0
 11
266.350694495423
 21
2.0
 31
0.0
  0
LINE
  5
107F
330
17
100
AcDbEntity
  8
隐藏线
100
AcDbLine
 10
266.350694495423
 20
2.0
 30
0.0
 11
268.18919607676645
 21
2.0
 31
0.0
  0
LINE
  5
1080
330
17
100
AcDbEntity
  8
隐藏线
100
AcDbLine
 10
268.18919607676645
 20
2.0
 30
0.0
 11
270.6570808537999
 21
2.0
 31
0.0
  0
LINE
  5
1081
330
17
100
AcDbEntity
  8
隐藏线
100
AcDbLine
 10
270.6570808537999
 20
2.0
 30
0.0
 11
273.70128632050717
 21
2.0
 31
0.0
  0
LINE
  5
1082
330
17
100
AcDbEntity
  8
隐藏线
100
AcDbLine
 10
273.70128632050717
 20
2.0
 30
0.0
 11
277.15758846680365
 21
2.0
 31
0.0
  0
LINE
  5
1083
330
17
100
AcDbEntity
  8
隐藏线
100
AcDbLine
 10
277.15758846680365
 20
2.0
 30
0.0
 11
280.90158008766963
 21
2.0
 31
0.0
  0
LINE
  5
1084
330
17
100
AcDbEntity
  8
隐藏线
100
AcDbLine
 10
280.90158008766963
 20
2.0
 30
0.0
 11
284.7992164775309
 21
2.0
 31
0.0
  0
LINE
  5
1085
330
17
100
AcDbEntity
  8
隐藏线
100
AcDbLine
 10
284.7992164775309
 20
2.0
 30
0.0
 11
288.6968528673921
 21
2.0
 31
0.0
  0
LINE
  5
1086
330
17
100
AcDbEntity
  8
隐藏线
100
AcDbLine
 10
288.6968528673921
 20
2.0
 30
0.0
 11
292.4408444882581
 21
2.0
 31
0.0
  0
LINE
  5
1087
330
17
100
AcDbEntity
  8
隐藏线
100
AcDbLine
 10
292.4408444882581
 20
2.0
 30
0.0
 11
295.8971466345546
 21
2.0
 31
0.0
  0
LINE
  5
1088
330
17
100
AcDbEntity
  8
隐藏线
100
AcDbLine
 10
295.8971466345546
 20
2.0
 30
0.0
 11
298.9413521012618
 21
2.0
 31
0.0
  0
LINE
  5
1089
330
17
100
AcDbEntity
  8
隐藏线
100
AcDbLine
 10
298.9413521012618
 20
2.0
 30
0.0
 11
301.4092368782953
 21
2.0
 31
0.0
  0
LINE
  5
108A
330
17
100
AcDbEntity
  8
隐藏线
100
AcDbLine
 10
301.4092368782953
 20
2.0
 30
0.0
 11
303.24773845963875
 21
2.0
 31
0.0
  0
LINE
  5
108B
330
17
100
AcDbEntity
  8
隐藏线
100
AcDbLine
 10
303.24773845963875
 20
2.0
 30
0.0
 11
304.39169620972444
 21
2.0
 31
0.0
  0
LINE
  5
108C
330
17
100
AcDbEntity
  8
隐藏线
100
AcDbLine
 10
304.39169620972444
 20
2.0
 30
0.0
 11
304.7992164775309
 21
2.0
 31
0.0
  0
LINE
  5
108D
330
17
100
AcDbEntity
  8
隐藏线
100
AcDbLine
 10
264.7992164775309
 20
24.0
 30
0.0
 11
265.2067367453373
 21
24.0
 31
0.0
  0
LINE
  5
108E
330
17
100
AcDbEntity
  8
隐藏线
100
AcDbLine
 10
265.2067367453373
 20
24.0
 30
0.0
 11
266.350694495423
 21
24.0
 31
0.0
  0
LINE
  5
108F
330
17
100
AcDbEntity
  8
隐藏线
100
AcDbLine
 10
266.350694495423
 20
24.0
 30
0.0
 11
268.18919607676645
 21
24.0
 31
0.0
  0
LINE
  5
1090
330
17
100
AcDbEntity
  8
隐藏线
100
AcDbLine
 10
268.18919607676645
 20
24.0
 30
0.0
 11
270.6570808537999
 21
24.0
 31
0.0
  0
LINE
  5
1091
330
17
100
AcDbEntity
  8
隐藏线
100
AcDbLine
 10
270.6570808537999
 20
24.0
 30
0.0
 11
273.70128632050717
 21
24.0
 31
0.0
  0
LINE
  5
1092
330
17
100
AcDbEntity
  8
隐藏线
100
AcDbLine
 10
273.70128632050717
 20
24.0
 30
0.0
 11
277.15758846680365
 21
24.0
 31
0.0
  0
LINE
  5
1093
330
17
100
AcDbEntity
  8
隐藏线
100
AcDbLine
 10
277.15758846680365
 20
24.0
 30
0.0
 11
280.90158008766963
 21
24.0
 31
0.0
  0
LINE
  5
1094
330
17
100
AcDbEntity
  8
隐藏线
100
AcDbLine
 10
280.90158008766963
 20
24.0
 30
0.0
 11
284.7992164775309
 21
24.0
 31
0.0
  0
LINE
  5
1095
330
17
100
AcDbEntity
  8
隐藏线
100
AcDbLine
 10
284.7992164775309
 20
24.0
 30
0.0
 11
288.6968528673921
 21
24.0
 31
0.0
  0
LINE
  5
1096
330
17
100
AcDbEntity
  8
隐藏线
100
AcDbLine
 10
288.6968528673921
 20
24.0
 30
0.0
 11
292.4408444882581
 21
24.0
 31
0.0
  0
LINE
  5
1097
330
17
100
AcDbEntity
  8
隐藏线
100
AcDbLine
 10
292.4408444882581
 20
24.0
 30
0.0
 11
295.8971466345546
 21
24.0
 31
0.0
  0
LINE
  5
1098
330
17
100
AcDbEntity
  8
隐藏线
100
AcDbLine
 10
295.8971466345546
 20
24.0
 30
0.0
 11
298.9413521012618
 21
24.0
 31
0.0
  0
LINE
  5
1099
330
17
100
AcDbEntity
  8
隐藏线
100
AcDbLine
 10
298.9413521012618
 20
24.0
 30
0.0
 11
301.4092368782953
 21
24.0
 31
0.0
  0
LINE
  5
109A
330
17
100
AcDbEntity
  8
隐藏线
100
AcDbLine
 10
301.4092368782953
 20
24.0
 30
0.0
 11
303.24773845963875
 21
24.0
 31
0.0
  0
LINE
  5
109B
330
17
100
AcDbEntity
  8
隐藏线
100
AcDbLine
 10
303.24773845963875
 20
24.0
 30
0.0
 11
304.39169620972444
 21
24.0
 31
0.0
  0
LINE
  5
109C
330
17
100
AcDbEntity
  8
隐藏线
100
AcDbLine
 10
304.39169620972444
 20
24.0
 30
0.0
 11
304.7992164775309
 21
24.0
 31
0.0
  0
LINE
  5
109D
330
17
100
AcDbEntity
  8
隐藏线
100
AcDbLine
 10
264.7992164775309
 20
2.0
 30
0.0
 11
264.7992164775309
 21
13.0
 31
0.0
  0
LINE
  5
109E
330
17
100
AcDbEntity
  8
隐藏线
100
AcDbLine
 10
264.7992164775309
 20
13.0
 30
0.0
 11
264.7992164775309
 21
24.0
 31
0.0
  0
LINE
  5
109F
330
17
100
AcDbEntity
  8
隐藏线
100
AcDbLine
 10
283.7992164775309
 20
24.0
 30
0.0
 11
283.7992164775309
 21
46.0
 31
0.0
  0
LINE
  5
10A0
330
17
100
AcDbEntity
  8
隐藏线
100
AcDbLine
 10
283.7992164775309
 20
2.0
 30
0.0
 11
283.7992164775309
 21
24.0
 31
0.0
  0
LINE
  5
10A1
330
17
100
AcDbEntity
  8
隐藏线
100
AcDbLine
 10
283.7992164775309
 20
12.0
 30
0.0
 11
283.7992164775309
 21
24.0
 31
0.0
  0
LINE
  5
10A2
330
17
100
AcDbEntity
  8
隐藏线
100
AcDbLine
 10
283.7992164775309
 20
24.0
 30
0.0
 11
283.7992164775309
 21
36.0
 31
0.0
  0
LINE
  5
10A3
330
17
100
AcDbEntity
  8
隐藏线
100
AcDbLine
 10
285.7992164775309
 20
2.0
 30
0.0
 11
285.7992164775309
 21
24.0
 31
0.0
  0
LINE
  5
10A4
330
17
100
AcDbEntity
  8
隐藏线
100
AcDbLine
 10
285.7992164775309
 20
24.0
 30
0.0
 11
285.7992164775309
 21
46.0
 31
0.0
  0
LINE
  5
10A5
330
17
100
AcDbEntity
  8
隐藏线
100
AcDbLine
 10
285.7992164775309
 20
24.0
 30
0.0
 11
285.7992164775309
 21
36.0
 31
0.0
  0
LINE
  5
10A6
330
17
100
AcDbEntity
  8
隐藏线
100
AcDbLine
 10
285.7992164775309
 20
12.0
 30
0.0
 11
285.7992164775309
 21
24.0
 31
0.0
  0
LINE
  5
10A7
330
17
100
AcDbEntity
  8
隐藏线
100
AcDbLine
 10
309.7779688172077
 20
2.0
 30
0.0
 11
310.2992145914356
 21
2.0
 31
0.0
  0
LINE
  5
10A8
330
17
100
AcDbEntity
  8
隐藏线
100
AcDbLine
 10
308.31828866369966
 20
2.0
 30
0.0
 11
309.7779688172077
 21
2.0
 31
0.0
  0
LINE
  5
10A9
330
17
100
AcDbEntity
  8
隐藏线
100
AcDbLine
 10
305.9736024769539
 20
2.0
 30
0.0
 11
308.31828866369966
 21
2.0
 31
0.0
  0
LINE
  5
10AA
330
17
100
AcDbEntity
  8
隐藏线
100
AcDbLine
 10
302.8269715209236
 20
2.0
 30
0.0
 11
305.9736024769539
 21
2.0
 31
0.0
  0
LINE
  5
10AB
330
17
100
AcDbEntity
  8
隐藏线
100
AcDbLine
 10
298.946031314158
 20
2.0
 30
0.0
 11
302.8269715209236
 21
2.0
 31
0.0
  0
LINE
  5
10AC
330
17
100
AcDbEntity
  8
隐藏线
100
AcDbLine
 10
294.54003794120524
 20
2.0
 30
0.0
 11
298.946031314158
 21
2.0
 31
0.0
  0
LINE
  5
10AD
330
17
100
AcDbEntity
  8
隐藏线
100
AcDbLine
 10
289.7675043537489
 20
2.0
 30
0.0
 11
294.54003794120524
 21
2.0
 31
0.0
  0
LINE
  5
10AE
330
17
100
AcDbEntity
  8
隐藏线
100
AcDbLine
 10
284.7992164775309
 20
2.0
 30
0.0
 11
289.7675043537489
 21
2.0
 31
0.0
  0
LINE
  5
10AF
330
17
100
AcDbEntity
  8
隐藏线
100
AcDbLine
 10
279.8309286013129
 20
2.0
 30
0.0
 11
284.7992164775309
 21
2.0
 31
0.0
  0
LINE
  5
10B0
330
17
100
AcDbEntity
  8
隐藏线
100
AcDbLine
 10
275.0583950138565
 20
2.0
 30
0.0
 11
279.8309286013129
 21
2.0
 31
0.0
  0
LINE
  5
10B1
330
17
100
AcDbEntity
  8
隐藏线
100
AcDbLine
 10
270.65240164090375
 20
2.0
 30
0.0
 11
275.0583950138565
 21
2.0
 31
0.0
  0
LINE
  5
10B2
330
17
100
AcDbEntity
  8
隐藏线
100
AcDbLine
 10
266.77146143413813
 20
2.0
 30
0.0
 11
270.65240164090375
 21
2.0
 31
0.0
  0
LINE
  5
10B3
330
17
100
AcDbEntity
  8
隐藏线
100
AcDbLine
 10
263.62483047810787
 20
2.0
 30
0.0
 11
266.77146143413813
 21
2.0
 31
0.0
  0
LINE
  5
10B4
330
17
100
AcDbEntity
  8
隐藏线
100
AcDbLine
 10
261.2801442913621
 20
2.0
 30
0.0
 11
263.62483047810787
 21
2.0
 31
0.0
  0
LINE
  5
10B5
330
17
100
AcDbEntity
  8
隐藏线
100
AcDbLine
 10
259.82046413785406
 20
2.0
 30
0.0
 11
261.2801442913621
 21
2.0
 31
0.0
  0
LINE
  5
10B6
330
17
100
AcDbEntity
  8
隐藏线
100
AcDbLine
 10
259.29921836362615
 20
2.0
 30
0.0
 11
259.82046413785406
 21
2.0
 31
0.0
  0
LINE
  5
10B7
330
17
100
AcDbEntity
  8
隐藏线
100
AcDbLine
 10
300.4992164267346
 20
2.0
 30
0.0
 11
300.49921647753087
 21
2.0
 31
0.0
  0
LINE
  5
10B8
330
17
100
AcDbEntity
  8
隐藏线
100
AcDbLine
 10
269.0992188258797
 20
2.0
 30
0.0
 11
269.09921954093426
 21
2.0
 31
0.0
  0
LINE
  5
10B9
330
17
100
AcDbEntity
  8
隐藏线
100
AcDbLine
 10
309.7779688172077
 20
46.0
 30
0.0
 11
310.2992145914356
 21
46.0
 31
0.0
  0
LINE
  5
10BA
330
17
100
AcDbEntity
  8
隐藏线
100
AcDbLine
 10
308.31828866369966
 20
46.0
 30
0.0
 11
309.7779688172077
 21
46.0
 31
0.0
  0
LINE
  5
10BB
330
17
100
AcDbEntity
  8
隐藏线
100
AcDbLine
 10
305.9736024769539
 20
46.0
 30
0.0
 11
308.31828866369966
 21
46.0
 31
0.0
  0
LINE
  5
10BC
330
17
100
AcDbEntity
  8
隐藏线
100
AcDbLine
 10
302.8269715209236
 20
46.0
 30
0.0
 11
305.9736024769539
 21
46.0
 31
0.0
  0
LINE
  5
10BD
330
17
100
AcDbEntity
  8
隐藏线
100
AcDbLine
 10
298.946031314158
 20
46.0
 30
0.0
 11
302.8269715209236
 21
46.0
 31
0.0
  0
LINE
  5
10BE
330
17
100
AcDbEntity
  8
隐藏线
100
AcDbLine
 10
294.54003794120524
 20
46.0
 30
0.0
 11
298.946031314158
 21
46.0
 31
0.0
  0
LINE
  5
10BF
330
17
100
AcDbEntity
  8
隐藏线
100
AcDbLine
 10
289.7675043537489
 20
46.0
 30
0.0
 11
294.54003794120524
 21
46.0
 31
0.0
  0
LINE
  5
10C0
330
17
100
AcDbEntity
  8
隐藏线
100
AcDbLine
 10
284.7992164775309
 20
46.0
 30
0.0
 11
289.7675043537489
 21
46.0
 31
0.0
  0
LINE
  5
10C1
330
17
100
AcDbEntity
  8
隐藏线
100
AcDbLine
 10
279.8309286013129
 20
46.0
 30
0.0
 11
284.7992164775309
 21
46.0
 31
0.0
  0
LINE
  5
10C2
330
17
100
AcDbEntity
  8
隐藏线
100
AcDbLine
 10
275.0583950138565
 20
46.0
 30
0.0
 11
279.8309286013129
 21
46.0
 31
0.0
  0
LINE
  5
10C3
330
17
100
AcDbEntity
  8
隐藏线
100
AcDbLine
 10
270.65240164090375
 20
46.0
 30
0.0
 11
275.0583950138565
 21
46.0
 31
0.0
  0
LINE
  5
10C4
330
17
100
AcDbEntity
  8
隐藏线
100
AcDbLine
 10
266.77146143413813
 20
46.0
 30
0.0
 11
270.65240164090375
 21
46.0
 31
0.0
  0
LINE
  5
10C5
330
17
100
AcDbEntity
  8
隐藏线
100
AcDbLine
 10
263.62483047810787
 20
46.0
 30
0.0
 11
266.77146143413813
 21
46.0
 31
0.0
  0
LINE
  5
10C6
330
17
100
AcDbEntity
  8
隐藏线
100
AcDbLine
 10
261.2801442913621
 20
46.0
 30
0.0
 11
263.62483047810787
 21
46.0
 31
0.0
  0
LINE
  5
10C7
330
17
100
AcDbEntity
  8
隐藏线
100
AcDbLine
 10
259.82046413785406
 20
46.0
 30
0.0
 11
261.2801442913621
 21
46.0
 31
0.0
  0
LINE
  5
10C8
330
17
100
AcDbEntity
  8
隐藏线
100
AcDbLine
 10
259.29921836362615
 20
46.0
 30
0.0
 11
259.82046413785406
 21
46.0
 31
0.0
  0
LINE
  5
10C9
330
17
100
AcDbEntity
  8
隐藏线
100
AcDbLine
 10
280.8866938706423
 20
46.0
 30
0.0
 11
283.79921647753093
 21
46.0
 31
0.0
  0
LINE
  5
10CA
330
17
100
AcDbEntity
  8
隐藏线
100
AcDbLine
 10
278.1145293707747
 20
46.0
 30
0.0
 11
280.8866938706423
 21
46.0
 31
0.0
  0
LINE
  5
10CB
330
17
100
AcDbEntity
  8
隐藏线
100
AcDbLine
 10
275.57407688236424
 20
46.0
 30
0.0
 11
278.1145293707747
 21
46.0
 31
0.0
  0
LINE
  5
10CC
330
17
100
AcDbEntity
  8
隐藏线
100
AcDbLine
 10
273.34954399313204
 20
46.0
 30
0.0
 11
275.57407688236424
 21
46.0
 31
0.0
  0
LINE
  5
10CD
330
17
100
AcDbEntity
  8
隐藏线
100
AcDbLine
 10
271.55464605281463
 20
46.0
 30
0.0
 11
273.34954399313204
 21
46.0
 31
0.0
  0
LINE
  5
10CE
330
17
100
AcDbEntity
  8
隐藏线
100
AcDbLine
 10
270.22155864464065
 20
46.0
 30
0.0
 11
271.55464605281463
 21
46.0
 31
0.0
  0
LINE
  5
10CF
330
17
100
AcDbEntity
  8
隐藏线
100
AcDbLine
 10
269.3937781214187
 20
46.0
 30
0.0
 11
270.22155864464065
 21
46.0
 31
0.0
  0
LINE
  5
10D0
330
17
100
AcDbEntity
  8
隐藏线
100
AcDbLine
 10
269.0992164775309
 20
46.0
 30
0.0
 11
269.3937781214187
 21
46.0
 31
0.0
  0
LINE
  5
10D1
330
17
100
AcDbEntity
  8
隐藏线
100
AcDbLine
 10
269.0992164775309
 20
46.0
 30
0.0
 11
269.09921652832713
 21
46.0
 31
0.0
  0
LINE
  5
10D2
330
17
100
AcDbEntity
  8
隐藏线
100
AcDbLine
 10
285.7992164775309
 20
46.0
 30
0.0
 11
288.7105563180032
 21
46.0
 31
0.0
  0
LINE
  5
10D3
330
17
100
AcDbEntity
  8
隐藏线
100
AcDbLine
 10
288.7105563180032
 20
46.0
 30
0.0
 11
291.4816968878905
 21
46.0
 31
0.0
  0
LINE
  5
10D4
330
17
100
AcDbEntity
  8
隐藏线
100
AcDbLine
 10
291.4816968878905
 20
46.0
 30
0.0
 11
294.02139337307744
 21
46.0
 31
0.0
  0
LINE
  5
10D5
330
17
100
AcDbEntity
  8
隐藏线
100
AcDbLine
 10
294.02139337307744
 20
46.0
 30
0.0
 11
296.24553310797916
 21
46.0
 31
0.0
  0
LINE
  5
10D6
330
17
100
AcDbEntity
  8
隐藏线
100
AcDbLine
 10
296.24553310797916
 20
46.0
 30
0.0
 11
298.0405185222541
 21
46.0
 31
0.0
  0
LINE
  5
10D7
330
17
100
AcDbEntity
  8
隐藏线
100
AcDbLine
 10
298.0405185222541
 20
46.0
 30
0.0
 11
299.3741878535181
 21
46.0
 31
0.0
  0
LINE
  5
10D8
330
17
100
AcDbEntity
  8
隐藏线
100
AcDbLine
 10
299.3741878535181
 20
46.0
 30
0.0
 11
300.2030609560615
 21
46.0
 31
0.0
  0
LINE
  5
10D9
330
17
100
AcDbEntity
  8
隐藏线
100
AcDbLine
 10
300.2030609560615
 20
46.0
 30
0.0
 11
300.4992134141275
 21
46.0
 31
0.0
  0
LINE
  5
10DA
330
17
100
AcDbEntity
  8
隐藏线
100
AcDbLine
 10
300.4992134141275
 20
46.0
 30
0.0
 11
300.49921412918206
 21
46.0
 31
0.0
  0
LINE
  5
10DB
330
17
100
AcDbEntity
  8
隐藏线
100
AcDbLine
 10
293.61774524848084
 20
24.0
 30
0.0
 11
293.8165886096231
 21
23.99777010495555
 31
0.0
  0
LINE
  5
10DC
330
17
100
AcDbEntity
  8
隐藏线
100
AcDbLine
 10
293.8165886096231
 20
23.99777010495555
 30
0.0
 11
294.00508369190055
 21
23.990588184838977
 31
0.0
  0
LINE
  5
10DD
330
17
100
AcDbEntity
  8
隐藏线
100
AcDbLine
 10
294.00508369190055
 20
23.990588184838977
 30
0.0
 11
294.1779804031021
 21
23.978040652381775
 31
0.0
  0
LINE
  5
10DE
330
17
100
AcDbEntity
  8
隐藏线
100
AcDbLine
 10
294.1779804031021
 20
23.978040652381775
 30
0.0
 11
294.327395238193
 21
23.96061955292718
 31
0.0
  0
LINE
  5
10DF
330
17
100
AcDbEntity
  8
隐藏线
100
AcDbLine
 10
294.327395238193
 20
23.96061955292718
 30
0.0
 11
294.4324321744132
 21
23.942866607534583
 31
0.0
  0
LINE
  5
10E0
330
17
100
AcDbEntity
  8
隐藏线
100
AcDbLine
 10
294.4324321744132
 20
23.942866607534583
 30
0.0
 11
294.5076866113073
 21
23.925767144086798
 31
0.0
  0
LINE
  5
10E1
330
17
100
AcDbEntity
  8
隐藏线
100
AcDbLine
 10
294.5076866113073
 20
23.925767144086798
 30
0.0
 11
294.54969986599264
 21
23.91340000845856
 31
0.0
  0
LINE
  5
10E2
330
17
100
AcDbEntity
  8
隐藏线
100
AcDbLine
 10
294.54969986599264
 20
23.91340000845856
 30
0.0
 11
294.56183572960566
 21
23.90894846648728
 31
0.0
  0
LINE
  5
10E3
330
17
100
AcDbEntity
  8
隐藏线
100
AcDbLine
 10
294.52529777451537
 20
23.929628588317097
 30
0.0
 11
294.54392151078343
 21
23.91819179512451
 31
0.0
  0
LINE
  5
10E4
330
17
100
AcDbEntity
  8
隐藏线
100
AcDbLine
 10
294.47342345196284
 20
23.9689406729994
 30
0.0
 11
294.5024358631658
 21
23.945613285275815
 31
0.0
  0
LINE
  5
10E5
330
17
100
AcDbEntity
  8
隐藏线
100
AcDbLine
 10
294.44408236721813
 20
23.99650632192648
 30
0.0
 11
294.47342345196284
 21
23.9689406729994
 31
0.0
  0
LINE
  5
10E6
330
17
100
AcDbEntity
  8
隐藏线
100
AcDbLine
 10
294.4217487985548
 20
24.02122064294613
 30
0.0
 11
294.44408236721813
 21
23.99650632192648
 31
0.0
  0
LINE
  5
10E7
330
17
100
AcDbEntity
  8
隐藏线
100
AcDbLine
 10
294.42895826366976
 20
23.993694570708268
 30
0.0
 11
294.4573612026382
 21
23.918596870826697
 31
0.0
  0
LINE
  5
10E8
330
17
100
AcDbEntity
  8
隐藏线
100
AcDbLine
 10
294.4573612026382
 20
23.918596870826697
 30
0.0
 11
294.50366957077904
 21
23.76120422993295
 31
0.0
  0
LINE
  5
10E9
330
17
100
AcDbEntity
  8
隐藏线
100
AcDbLine
 10
294.50366957077904
 20
23.76120422993295
 30
0.0
 11
294.5517797174349
 21
23.54450762279073
 31
0.0
  0
LINE
  5
10EA
330
17
100
AcDbEntity
  8
隐藏线
100
AcDbLine
 10
294.5517797174349
 20
23.54450762279073
 30
0.0
 11
294.5940821916518
 21
23.290677593204965
 31
0.0
  0
LINE
  5
10EB
330
17
100
AcDbEntity
  8
隐藏线
100
AcDbLine
 10
294.5940821916518
 20
23.290677593204965
 30
0.0
 11
294.665066053759
 21
22.599280706850298
 31
0.0
  0
LINE
  5
10EC
330
17
100
AcDbEntity
  8
隐藏线
100
AcDbLine
 10
294.665066053759
 20
22.599280706850298
 30
0.0
 11
294.7025086834238
 21
21.81365355603589
 31
0.0
  0
LINE
  5
10ED
330
17
100
AcDbEntity
  8
隐藏线
100
AcDbLine
 10
294.7025086834238
 20
21.81365355603589
 30
0.0
 11
294.7135604603005
 21
21.000000000000004
 31
0.0
  0
LINE
  5
10EE
330
17
100
AcDbEntity
  8
隐藏线
100
AcDbLine
 10
294.7133548010552
 20
14.287400651581141
 30
0.0
 11
294.7133548010552
 21
21.000000000000004
 31
0.0
  0
LINE
  5
10EF
330
17
100
AcDbEntity
  8
隐藏线
100
AcDbLine
 10
310.2847708083318
 20
21.29404990855285
 30
0.0
 11
310.2992164775309
 21
21.0
 31
0.0
  0
LINE
  5
10F0
330
17
100
AcDbEntity
  8
隐藏线
100
AcDbLine
 10
310.24157292311224
 20
21.585268015554522
 30
0.0
 11
310.2847708083318
 21
21.29404990855285
 31
0.0
  0
LINE
  5
10F1
330
17
100
AcDbEntity
  8
隐藏线
100
AcDbLine
 10
310.1700386430634
 20
21.8708502513564
 30
0.0
 11
310.24157292311224
 21
21.585268015554522
 31
0.0
  0
LINE
  5
10F2
330
17
100
AcDbEntity
  8
隐藏线
100
AcDbLine
 10
310.07085705414863
 20
22.148045775703416
 30
0.0
 11
310.1700386430634
 21
21.8708502513564
 31
0.0
  0
LINE
  5
10F3
330
17
100
AcDbEntity
  8
隐藏线
100
AcDbLine
 10
309.9449823365335
 20
22.414186483245405
 30
0.0
 11
310.07085705414863
 21
22.148045775703416
 31
0.0
  0
LINE
  5
10F4
330
17
100
AcDbEntity
  8
隐藏线
100
AcDbLine
 10
309.7936266122277
 20
22.666708822698006
 30
0.0
 11
309.9449823365335
 21
22.414186483245405
 31
0.0
  0
LINE
  5
10F5
330
17
100
AcDbEntity
  8
隐藏线
100
AcDbLine
 10
309.6182484266398
 20
22.903179163606723
 30
0.0
 11
309.7936266122277
 21
22.666708822698006
 31
0.0
  0
LINE
  5
10F6
330
17
100
AcDbEntity
  8
隐藏线
100
AcDbLine
 10
309.4205361908199
 20
23.12132117215511
 30
0.0
 11
309.6182484266398
 21
22.903179163606723
 31
0.0
  0
LINE
  5
10F7
330
17
100
AcDbEntity
  8
隐藏线
100
AcDbLine
 10
309.202408553812
 20
23.319021456594484
 30
0.0
 11
309.4205361908199
 21
23.12132117215511
 31
0.0
  0
LINE
  5
10F8
330
17
100
AcDbEntity
  8
隐藏线
100
AcDbLine
 10
308.9659549810413
 20
23.49439197171942
 30
0.0
 11
309.202408553812
 21
23.319021456594484
 31
0.0
  0
LINE
  5
10F9
330
17
100
AcDbEntity
  8
隐藏线
100
AcDbLine
 10
308.7134347236827
 20
23.645749819179002
 30
0.0
 11
308.9659549810413
 21
23.49439197171942
 31
0.0
  0
LINE
  5
10FA
330
17
100
AcDbEntity
  8
隐藏线
100
AcDbLine
 10
308.4472848891415
 20
23.771631196164602
 30
0.0
 11
308.7134347236827
 21
23.645749819179002
 31
0.0
  0
LINE
  5
10FB
330
17
100
AcDbEntity
  8
隐藏线
100
AcDbLine
 10
308.17008685917375
 20
23.87081649553076
 30
0.0
 11
308.4472848891415
 21
23.771631196164602
 31
0.0
  0
LINE
  5
10FC
330
17
100
AcDbEntity
  8
隐藏线
100
AcDbLine
 10
307.88450203328966
 20
23.942352762455535
 30
0.0
 11
308.17008685917375
 21
23.87081649553076
 31
0.0
  0
LINE
  5
10FD
330
17
100
AcDbEntity
  8
隐藏线
100
AcDbLine
 10
307.5932715881429
 20
23.985553766178352
 30
0.0
 11
307.88450203328966
 21
23.942352762455535
 31
0.0
  0
LINE
  5
10FE
330
17
100
AcDbEntity
  8
隐藏线
100
AcDbLine
 10
307.2992164775309
 20
24.0
 30
0.0
 11
307.5932715881429
 21
23.985553766178352
 31
0.0
  0
LINE
  5
10FF
330
17
100
AcDbEntity
  8
隐藏线
100
AcDbLine
 10
304.7992164775309
 20
25.45600805912
 30
0.0
 11
304.81836003482243
 21
25.12151626816237
 31
0.0
  0
LINE
  5
1100
330
17
100
AcDbEntity
  8
隐藏线
100
AcDbLine
 10
304.81836003482243
 20
25.12151626816237
 30
0.0
 11
304.8732196840058
 21
24.80006806196976
 31
0.0
  0
LINE
  5
1101
330
17
100
AcDbEntity
  8
隐藏线
100
AcDbLine
 10
304.8732196840058
 20
24.80006806196976
 30
0.0
 11
304.92594208850267
 21
24.600915646539303
 31
0.0
  0
LINE
  5
1102
330
17
100
AcDbEntity
  8
隐藏线
100
AcDbLine
 10
304.92594208850267
 20
24.600915646539303
 30
0.0
 11
304.949587262193
 21
24.526343423572495
 31
0.0
  0
LINE
  5
1103
330
17
100
AcDbEntity
  8
隐藏线
100
AcDbLine
 10
304.949587262193
 20
24.526343423572495
 30
0.0
 11
304.97454448036297
 21
24.454300281562123
 31
0.0
  0
LINE
  5
1104
330
17
100
AcDbEntity
  8
隐藏线
100
AcDbLine
 10
304.97454448036297
 20
24.454300281562123
 30
0.0
 11
305.00055234232053
 21
24.38507548075882
 31
0.0
  0
LINE
  5
1105
330
17
100
AcDbEntity
  8
隐藏线
100
AcDbLine
 10
305.00055234232053
 20
24.38507548075882
 30
0.0
 11
305.0273173187963
 21
24.31896023079443
 31
0.0
  0
LINE
  5
1106
330
17
100
AcDbEntity
  8
隐藏线
100
AcDbLine
 10
305.0273173187963
 20
24.31896023079443
 30
0.0
 11
305.0545257265402
 21
24.256224625147905
 31
0.0
  0
LINE
  5
1107
330
17
100
AcDbEntity
  8
隐藏线
100
AcDbLine
 10
305.0545257265402
 20
24.256224625147905
 30
0.0
 11
305.07635273272916
 21
24.2087175277666
 31
0.0
  0
LINE
  5
1108
330
17
100
AcDbEntity
  8
隐藏线
100
AcDbLine
 10
305.07635273272916
 20
24.2087175277666
 30
0.0
 11
305.10610540018865
 21
24.147494547514157
 31
0.0
  0
LINE
  5
1109
330
17
100
AcDbEntity
  8
隐藏线
100
AcDbLine
 10
305.10610540018865
 20
24.147494547514157
 30
0.0
 11
305.14911678358925
 21
24.065263176225248
 31
0.0
  0
LINE
  5
110A
330
17
100
AcDbEntity
  8
隐藏线
100
AcDbLine
 10
305.14911678358925
 20
24.065263176225248
 30
0.0
 11
305.19006209483933
 21
23.9928983423557
 31
0.0
  0
LINE
  5
110B
330
17
100
AcDbEntity
  8
隐藏线
100
AcDbLine
 10
305.19006209483933
 20
23.9928983423557
 30
0.0
 11
305.255325779326
 21
23.887695883163428
 31
0.0
  0
LINE
  5
110C
330
17
100
AcDbEntity
  8
隐藏线
100
AcDbLine
 10
305.255325779326
 20
23.887695883163428
 30
0.0
 11
305.39035873481646
 21
23.702418026043603
 31
0.0
  0
LINE
  5
110D
330
17
100
AcDbEntity
  8
隐藏线
100
AcDbLine
 10
305.45571635610094
 20
23.62777278168062
 30
0.0
 11
305.47427717373023
 21
23.609144795161175
 31
0.0
  0
LINE
  5
110E
330
17
100
AcDbEntity
  8
隐藏线
100
AcDbLine
 10
305.4330196783226
 20
23.642711642828992
 30
0.0
 11
305.45054781322006
 21
23.629069901820756
 31
0.0
  0
LINE
  5
110F
330
17
100
AcDbEntity
  8
隐藏线
100
AcDbLine
 10
305.4111891720905
 20
23.658900700800046
 30
0.0
 11
305.4330196783226
 21
23.642711642828992
 31
0.0
  0
LINE
  5
1110
330
17
100
AcDbEntity
  8
隐藏线
100
AcDbLine
 10
305.3853432588852
 20
23.67712742249799
 30
0.0
 11
305.4111891720905
 21
23.658900700800046
 31
0.0
  0
LINE
  5
1111
330
17
100
AcDbEntity
  8
隐藏线
100
AcDbLine
 10
305.32269601148124
 20
23.71786180487382
 30
0.0
 11
305.35575749156425
 21
23.69692346683549
 31
0.0
  0
LINE
  5
1112
330
17
100
AcDbEntity
  8
隐藏线
100
AcDbLine
 10
305.25001731565897
 20
23.760092423964352
 30
0.0
 11
305.32269601148124
 21
23.71786180487382
 31
0.0
  0
LINE
  5
1113
330
17
100
AcDbEntity
  8
隐藏线
100
AcDbLine
 10
305.16579098679716
 20
23.803454743085666
 30
0.0
 11
305.25001731565897
 21
23.760092423964352
 31
0.0
  0
LINE
  5
1114
330
17
100
AcDbEntity
  8
隐藏线
100
AcDbLine
 10
305.0545108573725
 20
23.852608925675625
 30
0.0
 11
305.16579098679716
 21
23.803454743085666
 31
0.0
  0
LINE
  5
1115
330
17
100
AcDbEntity
  8
隐藏线
100
AcDbLine
 10
304.9298477469992
 20
23.897858619818123
 30
0.0
 11
305.0545108573725
 21
23.852608925675625
 31
0.0
  0
LINE
  5
1116
330
17
100
AcDbEntity
  8
隐藏线
100
AcDbLine
 10
304.790779621056
 20
23.93761394782989
 30
0.0
 11
304.9298477469992
 21
23.897858619818123
 31
0.0
  0
LINE
  5
1117
330
17
100
AcDbEntity
  8
隐藏线
100
AcDbLine
 10
264.79065670424166
 20
25.231303526597213
 30
0.0
 11
264.7992164775309
 21
25.45600805912
 31
0.0
  0
LINE
  5
1118
330
17
100
AcDbEntity
  8
隐藏线
100
AcDbLine
 10
264.7655550587362
 20
25.010806446379103
 30
0.0
 11
264.79065670424166
 21
25.231303526597213
 31
0.0
  0
LINE
  5
1119
330
17
100
AcDbEntity
  8
隐藏线
100
AcDbLine
 10
264.7250081683906
 20
24.797280352725096
 30
0.0
 11
264.7655550587362
 21
25.010806446379103
 31
0.0
  0
LINE
  5
111A
330
17
100
AcDbEntity
  8
隐藏线
100
AcDbLine
 10
264.671060670169
 20
24.594445648748263
 30
0.0
 11
264.7250081683906
 21
24.797280352725096
 31
0.0
  0
LINE
  5
111B
330
17
100
AcDbEntity
  8
隐藏线
100
AcDbLine
 10
264.61145905925537
 20
24.41943889604148
 30
0.0
 11
264.671060670169
 21
24.594445648748263
 31
0.0
  0
LINE
  5
111C
330
17
100
AcDbEntity
  8
隐藏线
100
AcDbLine
 10
264.5893594714072
 20
24.362685495417896
 30
0.0
 11
264.61145905925537
 21
24.41943889604148
 31
0.0
  0
LINE
  5
111D
330
17
100
AcDbEntity
  8
隐藏线
100
AcDbLine
 10
264.56676410894323
 20
24.308112414107296
 30
0.0
 11
264.5893594714072
 21
24.362685495417896
 31
0.0
  0
LINE
  5
111E
330
17
100
AcDbEntity
  8
隐藏线
100
AcDbLine
 10
264.5438614402806
 20
24.255865841784498
 30
0.0
 11
264.56676410894323
 21
24.308112414107296
 31
0.0
  0
LINE
  5
111F
330
17
100
AcDbEntity
  8
隐藏线
100
AcDbLine
 10
264.51052710251065
 20
24.18456259419536
 30
0.0
 11
264.5438614402806
 21
24.255865841784498
 31
0.0
  0
LINE
  5
1120
330
17
100
AcDbEntity
  8
隐藏线
100
AcDbLine
 10
264.46746208159203
 20
24.09948319831037
 30
0.0
 11
264.51052710251065
 21
24.18456259419536
 31
0.0
  0
LINE
  5
1121
330
17
100
AcDbEntity
  8
隐藏线
100
AcDbLine
 10
264.4230872944298
 20
24.018786008942637
 30
0.0
 11
264.46746208159203
 21
24.09948319831037
 31
0.0
  0
LINE
  5
1122
330
17
100
AcDbEntity
  8
隐藏线
100
AcDbLine
 10
264.38166378504263
 20
23.948915350929628
 30
0.0
 11
264.4230872944298
 21
24.018786008942637
 31
0.0
  0
LINE
  5
1123
330
17
100
AcDbEntity
  8
隐藏线
100
AcDbLine
 10
264.2982816688674
 20
23.82191933074895
 30
0.0
 11
264.38166378504263
 21
23.948915350929628
 31
0.0
  0
LINE
  5
1124
330
17
100
AcDbEntity
  8
隐藏线
100
AcDbLine
 10
264.192951260234
 20
23.68436706522608
 30
0.0
 11
264.2982816688674
 21
23.82191933074895
 31
0.0
  0
LINE
  5
1125
330
17
100
AcDbEntity
  8
隐藏线
100
AcDbLine
 10
264.1274327434938
 20
23.612720636704598
 30
0.0
 11
264.1419827269748
 21
23.62724124897411
 31
0.0
  0
LINE
  5
1126
330
17
100
AcDbEntity
  8
隐藏线
100
AcDbLine
 10
264.13761109678876
 20
23.62157536583433
 30
0.0
 11
264.1497016473494
 21
23.631468887353535
 31
0.0
  0
LINE
  5
1127
330
17
100
AcDbEntity
  8
隐藏线
100
AcDbLine
 10
264.1497016473494
 20
23.631468887353535
 30
0.0
 11
264.16598477552736
 21
23.64419000752232
 31
0.0
  0
LINE
  5
1128
330
17
100
AcDbEntity
  8
隐藏线
100
AcDbLine
 10
264.16598477552736
 20
23.64419000752232
 30
0.0
 11
264.18622211824413
 21
23.65925177429961
 31
0.0
  0
LINE
  5
1129
330
17
100
AcDbEntity
  8
隐藏线
100
AcDbLine
 10
264.18622211824413
 20
23.65925177429961
 30
0.0
 11
264.21024628009536
 21
23.67624671620206
 31
0.0
  0
LINE
  5
112A
330
17
100
AcDbEntity
  8
隐藏线
100
AcDbLine
 10
264.2379413793032
 20
23.694829457802886
 30
0.0
 11
264.2692235936686
 21
23.71469933523071
 31
0.0
  0
LINE
  5
112B
330
17
100
AcDbEntity
  8
隐藏线
100
AcDbLine
 10
264.2692235936686
 20
23.71469933523071
 30
0.0
 11
264.3592154136799
 21
23.766407726384582
 31
0.0
  0
LINE
  5
112C
330
17
100
AcDbEntity
  8
隐藏线
100
AcDbLine
 10
264.58253043299777
 20
23.867472958288833
 30
0.0
 11
264.703733041001
 21
23.908630864999804
 31
0.0
  0
LINE
  5
112D
330
17
100
AcDbEntity
  8
隐藏线
100
AcDbLine
 10
264.703733041001
 20
23.908630864999804
 30
0.0
 11
264.83786602558985
 21
23.944497415163852
 31
0.0
  0
LINE
  5
112E
330
17
100
AcDbEntity
  8
隐藏线
100
AcDbLine
 10
264.98655014138023
 20
23.97326859901651
 30
0.0
 11
265.15225901183265
 21
23.992678641047352
 31
0.0
  0
LINE
  5
112F
330
17
100
AcDbEntity
  8
隐藏线
100
AcDbLine
 10
265.15225901183265
 20
23.992678641047352
 30
0.0
 11
265.3383191292523
 21
24.0
 31
0.0
  0
LINE
  5
1130
330
17
100
AcDbEntity
  8
隐藏线
100
AcDbLine
 10
259.2992164775309
 20
21.0
 30
0.0
 11
259.3136621908339
 21
21.29405035164072
 31
0.0
  0
LINE
  5
1131
330
17
100
AcDbEntity
  8
隐藏线
100
AcDbLine
 10
259.3136621908339
 20
21.29405035164072
 30
0.0
 11
259.35686020768696
 21
21.585268866937657
 31
0.0
  0
LINE
  5
1132
330
17
100
AcDbEntity
  8
隐藏线
100
AcDbLine
 10
259.35686020768696
 20
21.585268866937657
 30
0.0
 11
259.4283944983719
 21
21.870850835998336
 31
0.0
  0
LINE
  5
1133
330
17
100
AcDbEntity
  8
隐藏线
100
AcDbLine
 10
259.4283944983719
 20
21.870850835998336
 30
0.0
 11
259.52757613440394
 21
22.14804609071379
 31
0.0
  0
LINE
  5
1134
330
17
100
AcDbEntity
  8
隐藏线
100
AcDbLine
 10
259.52757613440394
 20
22.14804609071379
 30
0.0
 11
259.653449870562
 21
22.41418495167667
 31
0.0
  0
LINE
  5
1135
330
17
100
AcDbEntity
  8
隐藏线
100
AcDbLine
 10
259.653449870562
 20
22.41418495167667
 30
0.0
 11
259.8048035849612
 21
22.66670471016682
 31
0.0
  0
LINE
  5
1136
330
17
100
AcDbEntity
  8
隐藏线
100
AcDbLine
 10
259.8048035849612
 20
22.66670471016682
 30
0.0
 11
259.98018076911376
 21
22.903174796708903
 31
0.0
  0
LINE
  5
1137
330
17
100
AcDbEntity
  8
隐藏线
100
AcDbLine
 10
259.98018076911376
 20
22.903174796708903
 30
0.0
 11
260.1778903825667
 21
23.121316818475904
 31
0.0
  0
LINE
  5
1138
330
17
100
AcDbEntity
  8
隐藏线
100
AcDbLine
 10
260.1778903825667
 20
23.121316818475904
 30
0.0
 11
260.39599703031195
 21
23.319007439564942
 31
0.0
  0
LINE
  5
1139
330
17
100
AcDbEntity
  8
隐藏线
100
AcDbLine
 10
260.39599703031195
 20
23.319007439564942
 30
0.0
 11
260.6324693503424
 21
23.494388241627398
 31
0.0
  0
LINE
  5
113A
330
17
100
AcDbEntity
  8
隐藏线
100
AcDbLine
 10
260.6324693503424
 20
23.494388241627398
 30
0.0
 11
260.88500674973653
 21
23.645753838241745
 31
0.0
  0
LINE
  5
113B
330
17
100
AcDbEntity
  8
隐藏线
100
AcDbLine
 10
260.88500674973653
 20
23.645753838241745
 30
0.0
 11
261.1511487141564
 21
23.77163270213717
 31
0.0
  0
LINE
  5
113C
330
17
100
AcDbEntity
  8
隐藏线
100
AcDbLine
 10
261.1511487141564
 20
23.77163270213717
 30
0.0
 11
261.42833943046975
 21
23.870814726468193
 31
0.0
  0
LINE
  5
113D
330
17
100
AcDbEntity
  8
隐藏线
100
AcDbLine
 10
261.42833943046975
 20
23.870814726468193
 30
0.0
 11
261.7139277867497
 21
23.94235122481466
 31
0.0
  0
LINE
  5
113E
330
17
100
AcDbEntity
  8
隐藏线
100
AcDbLine
 10
261.7139277867497
 20
23.94235122481466
 30
0.0
 11
262.00516737227525
 21
23.98555493118176
 31
0.0
  0
LINE
  5
113F
330
17
100
AcDbEntity
  8
隐藏线
100
AcDbLine
 10
262.00516737227525
 20
23.98555493118176
 30
0.0
 11
262.2992164775309
 21
24.0
 31
0.0
  0
LINE
  5
1140
330
17
100
AcDbEntity
  8
隐藏线
100
AcDbLine
 10
285.7992164775309
 20
21.0
 30
0.0
 11
290.2992164775309
 21
21.0
 31
0.0
  0
LINE
  5
1141
330
17
100
AcDbEntity
  8
隐藏线
100
AcDbLine
 10
290.2992164775309
 20
21.0
 30
0.0
 11
294.7992164775309
 21
21.0
 31
0.0
  0
LINE
  5
1142
330
17
100
AcDbEntity
  8
隐藏线
100
AcDbLine
 10
285.7992164775309
 20
27.0
 30
0.0
 11
294.7992164775309
 21
27.0
 31
0.0
  0
LINE
  5
1143
330
17
100
AcDbEntity
  8
隐藏线
100
AcDbLine
 10
274.7992164775309
 20
21.0
 30
0.0
 11
279.2992164775309
 21
21.0
 31
0.0
  0
LINE
  5
1144
330
17
100
AcDbEntity
  8
隐藏线
100
AcDbLine
 10
279.2992164775309
 20
21.0
 30
0.0
 11
283.7992164775309
 21
21.0
 31
0.0
  0
LINE
  5
1145
330
17
100
AcDbEntity
  8
隐藏线
100
AcDbLine
 10
274.7992164775309
 20
27.0
 30
0.0
 11
279.2992164775309
 21
27.0
 31
0.0
  0
LINE
  5
1146
330
17
100
AcDbEntity
  8
隐藏线
100
AcDbLine
 10
279.2992164775309
 20
27.0
 30
0.0
 11
283.7992164775309
 21
27.0
 31
0.0
  0
LINE
  5
1147
330
17
100
AcDbEntity
  8
隐藏线
100
AcDbLine
 10
300.49921647753087
 20
2.0
 30
0.0
 11
300.49921647753087
 21
24.0
 31
0.0
  0
LINE
  5
1148
330
17
100
AcDbEntity
  8
隐藏线
100
AcDbLine
 10
269.0992164775309
 20
2.0
 30
0.0
 11
269.0992164775309
 21
13.0
 31
0.0
  0
LINE
  5
1149
330
17
100
AcDbEntity
  8
隐藏线
100
AcDbLine
 10
269.0992164775309
 20
13.0
 30
0.0
 11
269.0992164775309
 21
24.0
 31
0.0
  0
LINE
  5
114A
330
17
100
AcDbEntity
  8
隐藏线
100
AcDbLine
 10
300.49921647753087
 20
2.0
 30
0.0
 11
300.49921647753087
 21
46.0
 31
0.0
  0
LINE
  5
114B
330
17
100
AcDbEntity
  8
隐藏线
100
AcDbLine
 10
269.0992164775309
 20
2.0
 30
0.0
 11
269.0992164775309
 21
24.0
 31
0.0
  0
LINE
  5
114C
330
17
100
AcDbEntity
  8
隐藏线
100
AcDbLine
 10
269.0992164775309
 20
24.0
 30
0.0
 11
269.0992164775309
 21
46.0
 31
0.0
  0
ARC
  5
114D
330
17
100
AcDbEntity
  8
隐藏线
100
AcDbCircle
 10
277.7992164775309
 20
33.0
 30
0.0
 40
3.0
100
AcDbArc
 50
142.77864096189523
 51
180.0
  0
ARC
  5
114E
330
17
100
AcDbEntity
  8
隐藏线
100
AcDbCircle
 10
277.7992164775309
 20
33.0
 30
0.0
 40
3.0
100
AcDbArc
 50
134.99999999999994
 51
142.77864096189523
  0
ARC
  5
114F
330
17
100
AcDbEntity
  8
隐藏线
100
AcDbCircle
 10
277.7992164775309
 20
33.0
 30
0.0
 40
3.0
100
AcDbArc
 50
90.0
 51
134.99999999999994
  0
ARC
  5
1150
330
17
100
AcDbEntity
  8
隐藏线
100
AcDbCircle
 10
291.7992164775309
 20
33.0
 30
0.0
 40
3.0
100
AcDbArc
 50
44.99999999999993
 51
90.00000000000003
  0
ARC
  5
1151
330
17
100
AcDbEntity
  8
隐藏线
100
AcDbCircle
 10
291.7992164775309
 20
33.0
 30
0.0
 40
3.0
100
AcDbArc
 50
37.22135903810455
 51
44.99999999999991
  0
ARC
  5
1152
330
17
100
AcDbEntity
  8
隐藏线
100
AcDbCircle
 10
291.7992164775309
 20
33.0
 30
0.0
 40
3.0
100
AcDbArc
 50
0.0
 51
37.22135903810455
  0
ARC
  5
1153
330
17
100
AcDbEntity
  8
隐藏线
100
AcDbCircle
 10
277.7992164775309
 20
21.0
 30
0.0
 40
3.0
100
AcDbArc
 50
169.70284876245876
 51
180.0
  0
ARC
  5
1154
330
17
100
AcDbEntity
  8
隐藏线
100
AcDbCircle
 10
277.7992164775309
 20
21.0
 30
0.0
 40
3.0
100
AcDbArc
 50
159.4056975249175
 51
169.70284876245876
  0
ENDSEC
  0
SECTION
  2
OBJECTS
  0
DICTIONARY
  5
A
330
0
100
AcDbDictionary
281
1
  3
ACAD_COLOR
350
B
  3
ACAD_GROUP
350
C
  3
ACAD_LAYOUT
350
D
  3
ACAD_MATERIAL
350
E
  3
ACAD_MLEADERSTYLE
350
F
  3
ACAD_MLINESTYLE
350
10
  3
ACAD_PLOTSETTINGS
350
11
  3
ACAD_PLOTSTYLENAME
350
12
  3
ACAD_SCALELIST
350
14
  3
ACAD_TABLESTYLE
350
15
  3
ACAD_VISUALSTYLE
350
16
  3
EZDXF_META
350
2D
  0
DICTIONARY
  5
B
330
A
100
AcDbDictionary
281
1
  0
DICTIONARY
  5
C
330
A
100
AcDbDictionary
281
1
  0
DICTIONARY
  5
D
330
A
100
AcDbDictionary
281
1
  3
Model
350
1A
  3
Layout1
350
1E
  0
DICTIONARY
  5
E
330
A
100
AcDbDictionary
281
1
  3
ByBlock
350
1F
  3
ByLayer
350
20
  3
Global
350
21
  0
DICTIONARY
  5
F
330
A
100
AcDbDictionary
281
1
  3
Standard
350
2C
  0
DICTIONARY
  5
10
330
A
100
AcDbDictionary
281
1
  3
Standard
350
22
  0
DICTIONARY
  5
11
330
A
100
AcDbDictionary
281
1
  0
ACDBDICTIONARYWDFLT
  5
12
330
A
100
AcDbDictionary
281
1
  3
Normal
350
13
100
AcDbDictionaryWithDefault
340
13
  0
ACDBPLACEHOLDER
  5
13
330
12
  0
DICTIONARY
  5
14
330
A
100
AcDbDictionary
281
1
  0
DICTIONARY
  5
15
330
A
100
AcDbDictionary
281
1
  0
DICTIONARY
  5
16
330
A
100
AcDbDictionary
281
1
  0
LAYOUT
  5
1A
330
D
100
AcDbPlotSettings
  1

  4
A3
  6

 40
7.5
 41
20.0
 42
7.5
 43
20.0
 44
420.0
 45
297.0
 46
0.0
 47
0.0
 48
0.0
 49
0.0
140
0.0
141
0.0
142
1.0
143
1.0
 70
1024
 72
1
 73
0
 74
5
  7

 75
16
 76
0
 77
2
 78
300
147
1.0
148
0.0
149
0.0
100
AcDbLayout
  1
Model
 70
1
 71
0
 10
0.0
 20
0.0
 11
420.0
 21
297.0
 12
0.0
 22
0.0
 32
0.0
 14
1e+20
 24
1e+20
 34
1e+20
 15
-1e+20
 25
-1e+20
 35
-1e+20
146
0.0
 13
0.0
 23
0.0
 33
0.0
 16
1.0
 26
0.0
 36
0.0
 17
0.0
 27
1.0
 37
0.0
 76
1
330
17
  0
LAYOUT
  5
1E
330
D
100
AcDbPlotSettings
  1

  4
A3
  6

 40
7.5
 41
20.0
 42
7.5
 43
20.0
 44
420.0
 45
297.0
 46
0.0
 47
0.0
 48
0.0
 49
0.0
140
0.0
141
0.0
142
1.0
143
1.0
 70
0
 72
1
 73
0
 74
5
  7

 75
16
 76
0
 77
2
 78
300
147
1.0
148
0.0
149
0.0
100
AcDbLayout
  1
Layout1
 70
1
 71
1
 10
0.0
 20
0.0
 11
420.0
 21
297.0
 12
0.0
 22
0.0
 32
0.0
 14
1e+20
 24
1e+20
 34
1e+20
 15
-1e+20
 25
-1e+20
 35
-1e+20
146
0.0
 13
0.0
 23
0.0
 33
0.0
 16
1.0
 26
0.0
 36
0.0
 17
0.0
 27
1.0
 37
0.0
 76
1
330
1B
  0
MATERIAL
  5
1F
102
{ACAD_REACTORS
330
E
102
}
330
E
100
AcDbMaterial
  1
ByBlock
  2

 70
0
 40
1.0
 71
1
 41
1.0
 91
-1023410177
 42
1.0
 72
1
  3

 73
1
 74
1
 75
1
 44
0.5
 73
0
 45
1.0
 46
1.0
 77
1
  4

 78
1
 79
1
170
1
 48
1.0
171
1
  6

172
1
173
1
174
1
140
1.0
141
1.0
175
1
  7

176
1
177
1
178
1
143
1.0
179
1
  8

270
1
271
1
272
1
145
1.0
146
1.0
273
1
  9

274
1
275
1
276
1
 42
1.0
 72
1
  3

 73
1
 74
1
 75
1
 94
63
  0
MATERIAL
  5
20
102
{ACAD_REACTORS
330
E
102
}
330
E
100
AcDbMaterial
  1
ByLayer
  2

 70
0
 40
1.0
 71
1
 41
1.0
 91
-1023410177
 42
1.0
 72
1
  3

 73
1
 74
1
 75
1
 44
0.5
 73
0
 45
1.0
 46
1.0
 77
1
  4

 78
1
 79
1
170
1
 48
1.0
171
1
  6

172
1
173
1
174
1
140
1.0
141
1.0
175
1
  7

176
1
177
1
178
1
143
1.0
179
1
  8

270
1
271
1
272
1
145
1.0
146
1.0
273
1
  9

274
1
275
1
276
1
 42
1.0
 72
1
  3

 73
1
 74
1
 75
1
 94
63
  0
MATERIAL
  5
21
102
{ACAD_REACTORS
330
E
102
}
330
E
100
AcDbMaterial
  1
Global
  2

 70
0
 40
1.0
 71
1
 41
1.0
 91
-1023410177
 42
1.0
 72
1
  3

 73
1
 74
1
 75
1
 44
0.5
 73
0
 45
1.0
 46
1.0
 77
1
  4

 78
1
 79
1
170
1
 48
1.0
171
1
  6

172
1
173
1
174
1
140
1.0
141
1.0
175
1
  7

176
1
177
1
178
1
143
1.0
179
1
  8

270
1
271
1
272
1
145
1.0
146
1.0
273
1
  9

274
1
275
1
276
1
 42
1.0
 72
1
  3

 73
1
 74
1
 75
1
 94
63
  0
MLINESTYLE
  5
22
102
{ACAD_REACTORS
330
10
102
}
330
10
100
AcDbMlineStyle
  2
Standard
 70
0
  3

 62
256
 51
90.0
 52
90.0
 71
2
 49
0.5
 62
256
  6
BYLAYER
 49
-0.5
 62
256
  6
BYLAYER
  0
MLEADERSTYLE
  5
2C
102
{ACAD_REACTORS
330
F
102
}
330
F
100
AcDbMLeaderStyle
179
2
170
2
171
1
172
0
 90
2
 40
0.0
 41
0.0
173
1
 91
-1056964608
 92
-2
290
1
 42
2.0
291
1
 43
8.0
  3
Standard
 44
4.0
300

342
29
174
1
175
1
176
0
178
1
 93
-1056964608
 45
4.0
292
0
297
0
 46
4.0
 94
-1056964608
 47
1.0
 49
1.0
140
1.0
294
1
141
0.0
177
0
142
1.0
295
0
296
0
143
3.75
271
0
272
9
273
9
  0
DICTIONARY
  5
2D
330
A
100
AcDbDictionary
280
1
281
1
  3
CREATED_BY_EZDXF
350
2E
  3
WRITTEN_BY_EZDXF
350
1157
  0
DICTIONARYVAR
  5
2E
330
2D
100
DictionaryVariables
280
0
  1
1.4.2 @ 2026-08-17T12:47:45.325104+00:00
  0
DICTIONARYVAR
  5
1157
330
2D
100
DictionaryVariables
280
0
  1
1.4.2 @ 2026-08-17T12:47:45.409589+00:00
  0
ENDSEC
  0
EOF
