  0
SECTION
  2
HEADER
  9
$ACADVER
  1
AC1027
  9
$ACADMAINTVER
 70
105
  9
$DWGCODEPAGE
  3
ANSI_1252
  9
$LASTSAVEDBY
  1
ezdxf
  9
$REQUIREDVERSIONS
160
0
  9
$INSBASE
 10
0.0
 20
0.0
 30
0.0
  9
$EXTMIN
 10
1e+20
 20
1e+20
 30
1e+20
  9
$EXTMAX
 10
-1e+20
 20
-1e+20
 30
-1e+20
  9
$LIMMIN
 10
0.0
 20
0.0
  9
$LIMMAX
 10
420.0
 20
297.0
  9
$ORTHOMODE
 70
0
  9
$REGENMODE
 70
1
  9
$FILLMODE
 70
1
  9
$QTEXTMODE
 70
0
  9
$MIRRTEXT
 70
1
  9
$LTSCALE
 40
1.0
  9
$ATTMODE
 70
1
  9
$TEXTSIZE
 40
2.5
  9
$TRACEWID
 40
1.0
  9
$TEXTSTYLE
  7
Standard
  9
$CLAYER
  8
0
  9
$CELTYPE
  6
ByLayer
  9
$CECOLOR
 62
256
  9
$CELTSCALE
 40
1.0
  9
$DISPSILH
 70
0
  9
$DIMSCALE
 40
1.0
  9
$DIMASZ
 40
2.5
  9
$DIMEXO
 40
0.625
  9
$DIMDLI
 40
3.75
  9
$DIMRND
 40
0.0
  9
$DIMDLE
 40
0.0
  9
$DIMEXE
 40
1.25
  9
$DIMTP
 40
0.0
  9
$DIMTM
 40
0.0
  9
$DIMTXT
 40
2.5
  9
$DIMCEN
 40
2.5
  9
$DIMTSZ
 40
0.0
  9
$DIMTOL
 70
0
  9
$DIMLIM
 70
0
  9
$DIMTIH
 70
0
  9
$DIMTOH
 70
0
  9
$DIMSE1
 70
0
  9
$DIMSE2
 70
0
  9
$DIMTAD
 70
1
  9
$DIMZIN
 70
8
  9
$DIMBLK
  1

  9
$DIMASO
 70
1
  9
$DIMSHO
 70
1
  9
$DIMPOST
  1

  9
$DIMAPOST
  1

  9
$DIMALT
 70
0
  9
$DIMALTD
 70
3
  9
$DIMALTF
 40
0.03937007874
  9
$DIMLFAC
 40
1.0
  9
$DIMTOFL
 70
1
  9
$DIMTVP
 40
0.0
  9
$DIMTIX
 70
0
  9
$DIMSOXD
 70
0
  9
$DIMSAH
 70
0
  9
$DIMBLK1
  1

  9
$DIMBLK2
  1

  9
$DIMSTYLE
  2
ISO-25
  9
$DIMCLRD
 70
0
  9
$DIMCLRE
 70
0
  9
$DIMCLRT
 70
0
  9
$DIMTFAC
 40
1.0
  9
$DIMGAP
 40
0.625
  9
$DIMJUST
 70
0
  9
$DIMSD1
 70
0
  9
$DIMSD2
 70
0
  9
$DIMTOLJ
 70
0
  9
$DIMTZIN
 70
8
  9
$DIMALTZ
 70
0
  9
$DIMALTTZ
 70
0
  9
$DIMUPT
 70
0
  9
$DIMDEC
 70
2
  9
$DIMTDEC
 70
2
  9
$DIMALTU
 70
2
  9
$DIMALTTD
 70
3
  9
$DIMTXSTY
  7
Standard
  9
$DIMAUNIT
 70
0
  9
$DIMADEC
 70
0
  9
$DIMALTRND
 40
0.0
  9
$DIMAZIN
 70
0
  9
$DIMDSEP
 70
44
  9
$DIMATFIT
 70
3
  9
$DIMFRAC
 70
0
  9
$DIMLDRBLK
  1

  9
$DIMLUNIT
 70
2
  9
$DIMLWD
 70
-2
  9
$DIMLWE
 70
-2
  9
$DIMTMOVE
 70
0
  9
$DIMFXL
 40
1.0
  9
$DIMFXLON
 70
0
  9
$DIMJOGANG
 40
0.785398163397
  9
$DIMTFILL
 70
0
  9
$DIMTFILLCLR
 70
0
  9
$DIMARCSYM
 70
0
  9
$DIMLTYPE
  6

  9
$DIMLTEX1
  6

  9
$DIMLTEX2
  6

  9
$DIMTXTDIRECTION
 70
0
  9
$LUNITS
 70
2
  9
$LUPREC
 70
4
  9
$SKETCHINC
 40
1.0
  9
$FILLETRAD
 40
10.0
  9
$AUNITS
 70
0
  9
$AUPREC
 70
2
  9
$MENU
  1
.
  9
$ELEVATION
 40
0.0
  9
$PELEVATION
 40
0.0
  9
$THICKNESS
 40
0.0
  9
$LIMCHECK
 70
0
  9
$CHAMFERA
 40
0.0
  9
$CHAMFERB
 40
0.0
  9
$CHAMFERC
 40
0.0
  9
$CHAMFERD
 40
0.0
  9
$SKPOLY
 70
0
  9
$TDCREATE
 40
2461315.8114467594
  9
$TDUCREATE
 40
2458532.153996898
  9
$TDUPDATE
 40
2461315.8114467594
  9
$TDUUPDATE
 40
2458532.1544311
  9
$TDINDWG
 40
0.0
  9
$TDUSRTIMER
 40
0.0
  9
$USRTIMER
 70
1
  9
$ANGBASE
 50
0.0
  9
$ANGDIR
 70
0
  9
$PDMODE
 70
0
  9
$PDSIZE
 40
0.0
  9
$PLINEWID
 40
0.0
  9
$SPLFRAME
 70
0
  9
$SPLINETYPE
 70
6
  9
$SPLINESEGS
 70
8
  9
$HANDSEED
  5
A63
  9
$SURFTAB1
 70
6
  9
$SURFTAB2
 70
6
  9
$SURFTYPE
 70
6
  9
$SURFU
 70
6
  9
$SURFV
 70
6
  9
$UCSBASE
  2

  9
$UCSNAME
  2

  9
$UCSORG
 10
0.0
 20
0.0
 30
0.0
  9
$UCSXDIR
 10
1.0
 20
0.0
 30
0.0
  9
$UCSYDIR
 10
0.0
 20
1.0
 30
0.0
  9
$UCSORTHOREF
  2

  9
$UCSORTHOVIEW
 70
0
  9
$UCSORGTOP
 10
0.0
 20
0.0
 30
0.0
  9
$UCSORGBOTTOM
 10
0.0
 20
0.0
 30
0.0
  9
$UCSORGLEFT
 10
0.0
 20
0.0
 30
0.0
  9
$UCSORGRIGHT
 10
0.0
 20
0.0
 30
0.0
  9
$UCSORGFRONT
 10
0.0
 20
0.0
 30
0.0
  9
$UCSORGBACK
 10
0.0
 20
0.0
 30
0.0
  9
$PUCSBASE
  2

  9
$PUCSNAME
  2

  9
$PUCSORG
 10
0.0
 20
0.0
 30
0.0
  9
$PUCSXDIR
 10
1.0
 20
0.0
 30
0.0
  9
$PUCSYDIR
 10
0.0
 20
1.0
 30
0.0
  9
$PUCSORTHOREF
  2

  9
$PUCSORTHOVIEW
 70
0
  9
$PUCSORGTOP
 10
0.0
 20
0.0
 30
0.0
  9
$PUCSORGBOTTOM
 10
0.0
 20
0.0
 30
0.0
  9
$PUCSORGLEFT
 10
0.0
 20
0.0
 30
0.0
  9
$PUCSORGRIGHT
 10
0.0
 20
0.0
 30
0.0
  9
$PUCSORGFRONT
 10
0.0
 20
0.0
 30
0.0
  9
$PUCSORGBACK
 10
0.0
 20
0.0
 30
0.0
  9
$USERI1
 70
0
  9
$USERI2
 70
0
  9
$USERI3
 70
0
  9
$USERI4
 70
0
  9
$USERI5
 70
0
  9
$USERR1
 40
0.0
  9
$USERR2
 40
0.0
  9
$USERR3
 40
0.0
  9
$USERR4
 40
0.0
  9
$USERR5
 40
0.0
  9
$WORLDVIEW
 70
1
  9
$SHADEDGE
 70
3
  9
$SHADEDIF
 70
70
  9
$TILEMODE
 70
1
  9
$MAXACTVP
 70
64
  9
$PINSBASE
 10
0.0
 20
0.0
 30
0.0
  9
$PLIMCHECK
 70
0
  9
$PEXTMIN
 10
1e+20
 20
1e+20
 30
1e+20
  9
$PEXTMAX
 10
-1e+20
 20
-1e+20
 30
-1e+20
  9
$PLIMMIN
 10
0.0
 20
0.0
  9
$PLIMMAX
 10
420.0
 20
297.0
  9
$UNITMODE
 70
0
  9
$VISRETAIN
 70
1
  9
$PLINEGEN
 70
0
  9
$PSLTSCALE
 70
1
  9
$TREEDEPTH
 70
3020
  9
$CMLSTYLE
  2
Standard
  9
$CMLJUST
 70
0
  9
$CMLSCALE
 40
20.0
  9
$PROXYGRAPHICS
 70
1
  9
$MEASUREMENT
 70
1
  9
$CELWEIGHT
370
-1
  9
$ENDCAPS
280
0
  9
$JOINSTYLE
280
0
  9
$LWDISPLAY
290
0
  9
$INSUNITS
 70
4
  9
$HYPERLINKBASE
  1

  9
$STYLESHEET
  1

  9
$XEDIT
290
1
  9
$CEPSNTYPE
380
0
  9
$PSTYLEMODE
290
1
  9
$FINGERPRINTGUID
  2
{C9022A7B-5531-41FD-A8E4-B9FAB1C279A1}
  9
$VERSIONGUID
  2
{015BD7A7-21C2-4FF8-945B-1FC46834D50A}
  9
$EXTNAMES
290
1
  9
$PSVPSCALE
 40
0.0
  9
$OLESTARTUP
290
0
  9
$SORTENTS
280
127
  9
$INDEXCTL
280
0
  9
$HIDETEXT
280
1
  9
$XCLIPFRAME
280
1
  9
$HALOGAP
280
0
  9
$OBSCOLOR
 70
257
  9
$OBSLTYPE
280
0
  9
$INTERSECTIONDISPLAY
280
0
  9
$INTERSECTIONCOLOR
 70
257
  9
$DIMASSOC
280
2
  9
$PROJECTNAME
  1

  9
$CAMERADISPLAY
290
0
  9
$LENSLENGTH
 40
50.0
  9
$CAMERAHEIGHT
 40
0.0
  9
$STEPSPERSEC
 40
24.0
  9
$STEPSIZE
 40
100.0
  9
$3DDWFPREC
 40
2.0
  9
$PSOLWIDTH
 40
0.005
  9
$PSOLHEIGHT
 40
0.08
  9
$LOFTANG1
 40
1.570796326795
  9
$LOFTANG2
 40
1.570796326795
  9
$LOFTMAG1
 40
0.0
  9
$LOFTMAG2
 40
0.0
  9
$LOFTPARAM
 70
7
  9
$LOFTNORMALS
280
1
  9
$LATITUDE
 40
37.795
  9
$LONGITUDE
 40
-122.394
  9
$NORTHDIRECTION
 40
0.0
  9
$TIMEZONE
 70
-8000
  9
$LIGHTGLYPHDISPLAY
280
1
  9
$TILEMODELIGHTSYNCH
280
1
  9
$CMATERIAL
347
20
  9
$SOLIDHIST
280
0
  9
$SHOWHIST
280
1
  9
$DWFFRAME
280
2
  9
$DGNFRAME
280
2
  9
$REALWORLDSCALE
290
1
  9
$INTERFERECOLOR
 62
256
  9
$CSHADOW
280
0
  9
$SHADOWPLANELOCATION
 40
0.0
  0
ENDSEC
  0
SECTION
  2
CLASSES
  0
CLASS
  1
ACDBDICTIONARYWDFLT
  2
AcDbDictionaryWithDefault
  3
ObjectDBX Classes
 90
0
 91
0
280
0
281
0
  0
CLASS
  1
SUN
  2
AcDbSun
  3
SCENEOE
 90
1153
 91
0
280
0
281
0
  0
CLASS
  1
VISUALSTYLE
  2
AcDbVisualStyle
  3
ObjectDBX Classes
 90
4095
 91
0
280
0
281
0
  0
CLASS
  1
MATERIAL
  2
AcDbMaterial
  3
ObjectDBX Classes
 90
1153
 91
0
280
0
281
0
  0
CLASS
  1
SCALE
  2
AcDbScale
  3
ObjectDBX Classes
 90
1153
 91
0
280
0
281
0
  0
CLASS
  1
TABLESTYLE
  2
AcDbTableStyle
  3
ObjectDBX Classes
 90
4095
 91
0
280
0
281
0
  0
CLASS
  1
MLEADERSTYLE
  2
AcDbMLeaderStyle
  3
ACDB_MLEADERSTYLE_CLASS
 90
4095
 91
0
280
0
281
0
  0
CLASS
  1
DICTIONARYVAR
  2
AcDbDictionaryVar
  3
ObjectDBX Classes
 90
0
 91
0
280
0
281
0
  0
CLASS
  1
CELLSTYLEMAP
  2
AcDbCellStyleMap
  3
ObjectDBX Classes
 90
1152
 91
0
280
0
281
0
  0
CLASS
  1
MENTALRAYRENDERSETTINGS
  2
AcDbMentalRayRenderSettings
  3
SCENEOE
 90
1024
 91
0
280
0
281
0
  0
CLASS
  1
ACDBDETAILVIEWSTYLE
  2
AcDbDetailViewStyle
  3
ObjectDBX Classes
 90
1025
 91
0
280
0
281
0
  0
CLASS
  1
ACDBSECTIONVIEWSTYLE
  2
AcDbSectionViewStyle
  3
ObjectDBX Classes
 90
1025
 91
0
280
0
281
0
  0
CLASS
  1
RASTERVARIABLES
  2
AcDbRasterVariables
  3
ISM
 90
0
 91
0
280
0
281
0
  0
CLASS
  1
LAYOUT
  2
AcDbLayout
  3
ObjectDBX Classes
 90
0
 91
0
280
0
281
0
  0
CLASS
  1
ACDBPLACEHOLDER
  2
AcDbPlaceHolder
  3
ObjectDBX Classes
 90
0
 91
0
280
0
281
0
  0
ENDSEC
  0
SECTION
  2
TABLES
  0
TABLE
  2
VPORT
  5
8
330
0
100
AcDbSymbolTable
 70
1
  0
VPORT
  5
23
330
8
100
AcDbSymbolTableRecord
100
AcDbViewportTableRecord
  2
*Active
 70
0
 10
0.0
 20
0.0
 11
1.0
 21
1.0
 12
0.0
 22
0.0
 13
0.0
 23
0.0
 14
0.5
 24
0.5
 15
0.5
 25
0.5
 16
0.0
 26
0.0
 36
1.0
 17
0.0
 27
0.0
 37
0.0
 40
1000.0
 41
1.34
 42
50.0
 43
0.0
 44
0.0
 50
0.0
 51
0.0
 71
0
 72
1000
 73
1
 74
3
 75
0
 76
0
 77
0
 78
0
281
0
 65
0
146
0.0
  0
ENDTAB
  0
TABLE
  2
LTYPE
  5
2
330
0
100
AcDbSymbolTable
 70
3
  0
LTYPE
  5
24
330
2
100
AcDbSymbolTableRecord
100
AcDbLinetypeTableRecord
  2
ByBlock
 70
0
  3

 72
65
 73
0
 40
0.0
  0
LTYPE
  5
25
330
2
100
AcDbSymbolTableRecord
100
AcDbLinetypeTableRecord
  2
ByLayer
 70
0
  3

 72
65
 73
0
 40
0.0
  0
LTYPE
  5
26
330
2
100
AcDbSymbolTableRecord
100
AcDbLinetypeTableRecord
  2
Continuous
 70
0
  3

 72
65
 73
0
 40
0.0
  0
ENDTAB
  0
TABLE
  2
LAYER
  5
1
330
0
100
AcDbSymbolTable
 70
4
  0
LAYER
  5
27
330
1
100
AcDbSymbolTableRecord
100
AcDbLayerTableRecord
  2
0
 70
0
 62
7
  6
Continuous
370
-3
390
13
347
21
  0
LAYER
  5
28
330
1
100
AcDbSymbolTableRecord
100
AcDbLayerTableRecord
  2
Defpoints
 70
0
 62
7
  6
Continuous
290
0
370
-3
390
13
347
21
  0
LAYER
  5
2F
330
1
100
AcDbSymbolTableRecord
100
AcDbLayerTableRecord
  2
可见轮廓
 70
0
 62
7
  6
Continuous
370
-3
390
13
347
21
  0
LAYER
  5
30
330
1
100
AcDbSymbolTableRecord
100
AcDbLayerTableRecord
  2
隐藏线
 70
0
 62
5
  6
Continuous
370
-3
390
13
347
21
  0
ENDTAB
  0
TABLE
  2
STYLE
  5
5
330
0
100
AcDbSymbolTable
 70
1
  0
STYLE
  5
29
330
5
100
AcDbSymbolTableRecord
100
AcDbTextStyleTableRecord
  2
Standard
 70
0
 40
0.0
 41
1.0
 50
0.0
 71
0
 42
2.5
  3
txt
  4

  0
ENDTAB
  0
TABLE
  2
VIEW
  5
7
330
0
100
AcDbSymbolTable
 70
0
  0
ENDTAB
  0
TABLE
  2
UCS
  5
6
330
0
100
AcDbSymbolTable
 70
0
  0
ENDTAB
  0
TABLE
  2
APPID
  5
3
330
0
100
AcDbSymbolTable
 70
3
  0
APPID
  5
2A
330
3
100
AcDbSymbolTableRecord
100
AcDbRegAppTableRecord
  2
ACAD
 70
0
  0
APPID
  5
A60
330
3
100
AcDbSymbolTableRecord
100
AcDbRegAppTableRecord
  2
HATCHBACKGROUNDCOLOR
 70
0
  0
APPID
  5
A61
330
3
100
AcDbSymbolTableRecord
100
AcDbRegAppTableRecord
  2
EZDXF
 70
0
  0
ENDTAB
  0
TABLE
  2
DIMSTYLE
  5
4
330
0
100
AcDbSymbolTable
 70
1
100
AcDbDimStyleTable
  0
DIMSTYLE
105
2B
330
4
100
AcDbSymbolTableRecord
100
AcDbDimStyleTableRecord
  2
Standard
 70
0
 40
1.0
 41
2.5
 42
0.625
 43
3.75
 44
1.25
 45
0.0
 46
0.0
 47
0.0
 48
0.0
 49
2.5
140
2.5
141
2.5
142
0.0
143
0.03937007874
144
1.0
145
0.0
146
1.0
147
0.625
148
0.0
 69
0
 70
0
 71
0
 72
0
 73
0
 74
0
 75
0
 76
0
 77
1
 78
8
 79
3
170
0
171
3
172
1
173
0
174
0
175
0
176
0
177
0
178
0
179
2
271
2
272
2
273
2
274
3
275
0
276
0
277
2
278
44
279
0
280
0
281
0
282
0
283
0
284
8
285
0
286
0
288
0
289
3
290
0
371
-2
372
-2
  0
ENDTAB
  0
TABLE
  2
BLOCK_RECORD
  5
9
330
0
100
AcDbSymbolTable
 70
2
  0
BLOCK_RECORD
  5
17
330
9
100
AcDbSymbolTableRecord
100
AcDbBlockTableRecord
  2
*Model_Space
340
1A
 70
0
280
1
281
0
  0
BLOCK_RECORD
  5
1B
330
9
100
AcDbSymbolTableRecord
100
AcDbBlockTableRecord
  2
*Paper_Space
340
1E
 70
0
280
1
281
0
  0
ENDTAB
  0
ENDSEC
  0
SECTION
  2
BLOCKS
  0
BLOCK
  5
18
330
17
100
AcDbEntity
  8
0
100
AcDbBlockBegin
  2
*Model_Space
 70
0
 10
0.0
 20
0.0
 30
0.0
  3
*Model_Space
  1

  0
ENDBLK
  5
19
330
17
100
AcDbEntity
  8
0
100
AcDbBlockEnd
  0
BLOCK
  5
1C
330
1B
100
AcDbEntity
  8
0
100
AcDbBlockBegin
  2
*Paper_Space
 70
0
 10
0.0
 20
0.0
 30
0.0
  3
*Paper_Space
  1

  0
ENDBLK
  5
1D
330
1B
100
AcDbEntity
  8
0
100
AcDbBlockEnd
  0
ENDSEC
  0
SECTION
  2
ENTITIES
  0
LINE
  5
31
330
17
100
AcDbEntity
  8
可见轮廓
100
AcDbLine
 10
23.31741871779406
 20
19.5241432211844
 30
0.0
 11
23.359308085304626
 21
19.43786597044805
 31
0.0
  0
LINE
  5
32
330
17
100
AcDbEntity
  8
可见轮廓
100
AcDbLine
 10
23.359308085304626
 20
19.43786597044805
 30
0.0
 11
23.388772367449114
 21
19.347652327523214
 31
0.0
  0
LINE
  5
33
330
17
100
AcDbEntity
  8
可见轮廓
100
AcDbLine
 10
23.388772367449114
 20
19.347652327523214
 30
0.0
 11
23.40580000805444
 21
19.255332307476756
 31
0.0
  0
LINE
  5
34
330
17
100
AcDbEntity
  8
可见轮廓
100
AcDbLine
 10
23.40580000805444
 20
19.255332307476756
 30
0.0
 11
23.410379450947516
 21
19.162735925375543
 31
0.0
  0
LINE
  5
35
330
17
100
AcDbEntity
  8
可见轮廓
100
AcDbLine
 10
23.410379450947516
 20
19.162735925375543
 30
0.0
 11
23.402805429815167
 21
19.072002610502068
 31
0.0
  0
LINE
  5
36
330
17
100
AcDbEntity
  8
可见轮廓
100
AcDbLine
 10
23.402805429815167
 20
19.072002610502068
 30
0.0
 11
23.384008707120806
 21
18.984776609680544
 31
0.0
  0
LINE
  5
37
330
17
100
AcDbEntity
  8
可见轮廓
100
AcDbLine
 10
23.384008707120806
 20
18.984776609680544
 30
0.0
 11
23.354891324221484
 21
18.902035160368584
 31
0.0
  0
LINE
  5
38
330
17
100
AcDbEntity
  8
可见轮廓
100
AcDbLine
 10
23.354891324221484
 20
18.902035160368584
 30
0.0
 11
23.316355040705318
 21
18.824754751567987
 31
0.0
  0
LINE
  5
39
330
17
100
AcDbEntity
  8
可见轮廓
100
AcDbLine
 10
22.950611305255162
 20
18.518033212854334
 30
0.0
 11
22.9364564886665
 21
18.513047801994205
 31
0.0
  0
LINE
  5
3A
330
17
100
AcDbEntity
  8
可见轮廓
100
AcDbLine
 10
22.9364564886665
 20
18.513047801994205
 30
0.0
 11
22.922144511643033
 21
18.508344801449134
 31
0.0
  0
LINE
  5
3B
330
17
100
AcDbEntity
  8
可见轮廓
100
AcDbLine
 10
22.848453125505777
 20
18.489267010845587
 30
0.0
 11
22.833333729174768
 21
18.48637910662847
 31
0.0
  0
LINE
  5
3C
330
17
100
AcDbEntity
  8
可见轮廓
100
AcDbLine
 10
22.833333729174768
 20
18.48637910662847
 30
0.0
 11
22.81829558293039
 21
18.483844217587716
 31
0.0
  0
LINE
  5
3D
330
17
100
AcDbEntity
  8
可见轮廓
100
AcDbLine
 10
22.757175593426773
 20
18.476960409807823
 30
0.0
 11
22.741684808572487
 21
18.47608104181608
 31
0.0
  0
LINE
  5
3E
330
17
100
AcDbEntity
  8
可见轮廓
100
AcDbLine
 10
22.741684808572487
 20
18.47608104181608
 30
0.0
 11
22.726122134188117
 21
18.475549366148606
 31
0.0
  0
LINE
  5
3F
330
17
100
AcDbEntity
  8
可见轮廓
100
AcDbLine
 10
26.091404805519332
 20
18.486451530558774
 30
0.0
 11
26.130381994438682
 21
18.373240109248805
 31
0.0
  0
LINE
  5
40
330
17
100
AcDbEntity
  8
可见轮廓
100
AcDbLine
 10
26.130381994438682
 20
18.373240109248805
 30
0.0
 11
26.164185417241516
 21
18.27205325183268
 31
0.0
  0
LINE
  5
41
330
17
100
AcDbEntity
  8
可见轮廓
100
AcDbLine
 10
26.164185417241516
 20
18.27205325183268
 30
0.0
 11
26.193032332803227
 21
18.183330799286743
 31
0.0
  0
LINE
  5
42
330
17
100
AcDbEntity
  8
可见轮廓
100
AcDbLine
 10
26.193032332803227
 20
18.183330799286743
 30
0.0
 11
26.216595759508344
 21
18.10912361585416
 31
0.0
  0
LINE
  5
43
330
17
100
AcDbEntity
  8
可见轮廓
100
AcDbLine
 10
26.216595759508344
 20
18.10912361585416
 30
0.0
 11
26.234776664057083
 21
18.05074153041371
 31
0.0
  0
LINE
  5
44
330
17
100
AcDbEntity
  8
可见轮廓
100
AcDbLine
 10
26.234776664057083
 20
18.05074153041371
 30
0.0
 11
26.247789545145956
 21
18.00830260159168
 31
0.0
  0
LINE
  5
45
330
17
100
AcDbEntity
  8
可见轮廓
100
AcDbLine
 10
26.247789545145956
 20
18.00830260159168
 30
0.0
 11
26.25562071445392
 21
17.982516370034652
 31
0.0
  0
LINE
  5
46
330
17
100
AcDbEntity
  8
可见轮廓
100
AcDbLine
 10
47.46858121110458
 20
19.5241432211844
 30
0.0
 11
47.426691843594014
 21
19.43786597044805
 31
0.0
  0
LINE
  5
47
330
17
100
AcDbEntity
  8
可见轮廓
100
AcDbLine
 10
47.426691843594014
 20
19.43786597044805
 30
0.0
 11
47.39722756144953
 21
19.34765232752322
 31
0.0
  0
LINE
  5
48
330
17
100
AcDbEntity
  8
可见轮廓
100
AcDbLine
 10
47.39722756144953
 20
19.34765232752322
 30
0.0
 11
47.380199920844206
 21
19.255332307476763
 31
0.0
  0
LINE
  5
49
330
17
100
AcDbEntity
  8
可见轮廓
100
AcDbLine
 10
47.380199920844206
 20
19.255332307476763
 30
0.0
 11
47.37562047795113
 21
19.162735925375557
 31
0.0
  0
LINE
  5
4A
330
17
100
AcDbEntity
  8
可见轮廓
100
AcDbLine
 10
47.37562047795113
 20
19.162735925375557
 30
0.0
 11
47.38319449908348
 21
19.072002610502075
 31
0.0
  0
LINE
  5
4B
330
17
100
AcDbEntity
  8
可见轮廓
100
AcDbLine
 10
47.38319449908348
 20
19.072002610502075
 30
0.0
 11
47.40199122177784
 21
18.98477660968055
 31
0.0
  0
LINE
  5
4C
330
17
100
AcDbEntity
  8
可见轮廓
100
AcDbLine
 10
47.40199122177784
 20
18.98477660968055
 30
0.0
 11
47.43110860467716
 21
18.902035160368577
 31
0.0
  0
LINE
  5
4D
330
17
100
AcDbEntity
  8
可见轮廓
100
AcDbLine
 10
47.43110860467716
 20
18.902035160368577
 30
0.0
 11
47.46964488819332
 21
18.824754751568
 31
0.0
  0
LINE
  5
4E
330
17
100
AcDbEntity
  8
可见轮廓
100
AcDbLine
 10
47.835388623643446
 20
18.518033212854355
 30
0.0
 11
47.8495434402321
 21
18.513047801994226
 31
0.0
  0
LINE
  5
4F
330
17
100
AcDbEntity
  8
可见轮廓
100
AcDbLine
 10
47.8495434402321
 20
18.513047801994226
 30
0.0
 11
47.86385541725555
 21
18.508344801449148
 31
0.0
  0
LINE
  5
50
330
17
100
AcDbEntity
  8
可见轮廓
100
AcDbLine
 10
47.93754680339276
 20
18.48926701084561
 30
0.0
 11
47.952666199723765
 21
18.48637910662849
 31
0.0
  0
LINE
  5
51
330
17
100
AcDbEntity
  8
可见轮廓
100
AcDbLine
 10
47.952666199723765
 20
18.48637910662849
 30
0.0
 11
47.96770434596815
 21
18.483844217587738
 31
0.0
  0
LINE
  5
52
330
17
100
AcDbEntity
  8
可见轮廓
100
AcDbLine
 10
48.028824335471825
 20
18.47696040980783
 30
0.0
 11
48.044315120326125
 21
18.47608104181608
 31
0.0
  0
LINE
  5
53
330
17
100
AcDbEntity
  8
可见轮廓
100
AcDbLine
 10
48.044315120326125
 20
18.47608104181608
 30
0.0
 11
48.059877794710516
 21
18.475549366148606
 31
0.0
  0
LINE
  5
54
330
17
100
AcDbEntity
  8
可见轮廓
100
AcDbLine
 10
44.69459512337927
 20
18.486451530558767
 30
0.0
 11
44.655617934459926
 21
18.37324010924882
 31
0.0
  0
LINE
  5
55
330
17
100
AcDbEntity
  8
可见轮廓
100
AcDbLine
 10
44.655617934459926
 20
18.37324010924882
 30
0.0
 11
44.62181451165709
 21
18.27205325183271
 31
0.0
  0
LINE
  5
56
330
17
100
AcDbEntity
  8
可见轮廓
100
AcDbLine
 10
44.62181451165709
 20
18.27205325183271
 30
0.0
 11
44.59296759609538
 21
18.183330799286757
 31
0.0
  0
LINE
  5
57
330
17
100
AcDbEntity
  8
可见轮廓
100
AcDbLine
 10
44.59296759609538
 20
18.183330799286757
 30
0.0
 11
44.56940416939025
 21
18.10912361585416
 31
0.0
  0
LINE
  5
58
330
17
100
AcDbEntity
  8
可见轮廓
100
AcDbLine
 10
44.56940416939025
 20
18.10912361585416
 30
0.0
 11
44.551223264841525
 21
18.05074153041371
 31
0.0
  0
LINE
  5
59
330
17
100
AcDbEntity
  8
可见轮廓
100
AcDbLine
 10
44.551223264841525
 20
18.05074153041371
 30
0.0
 11
44.53821038375264
 21
18.008302601591666
 31
0.0
  0
LINE
  5
5A
330
17
100
AcDbEntity
  8
可见轮廓
100
AcDbLine
 10
44.53821038375264
 20
18.008302601591666
 30
0.0
 11
44.53037921444468
 21
17.982516370034638
 31
0.0
  0
LINE
  5
5B
330
17
100
AcDbEntity
  8
可见轮廓
100
AcDbLine
 10
19.642999964449302
 20
18.475370912176892
 30
0.0
 11
21.176746873726792
 21
18.475370912176892
 31
0.0
  0
LINE
  5
5C
330
17
100
AcDbEntity
  8
可见轮廓
100
AcDbLine
 10
21.176746873726792
 20
18.475370912176892
 30
0.0
 11
22.71049378300428
 21
18.475370912176892
 31
0.0
  0
LINE
  5
5D
330
17
100
AcDbEntity
  8
可见轮廓
100
AcDbLine
 10
51.1429999644493
 20
18.475370912176892
 30
0.0
 11
49.609253055171834
 21
18.475370912176892
 31
0.0
  0
LINE
  5
5E
330
17
100
AcDbEntity
  8
可见轮廓
100
AcDbLine
 10
49.609253055171834
 20
18.475370912176892
 30
0.0
 11
48.07550614589436
 21
18.475370912176892
 31
0.0
  0
LINE
  5
5F
330
17
100
AcDbEntity
  8
可见轮廓
100
AcDbLine
 10
17.892999964449306
 20
54.98044342191866
 30
0.0
 11
17.892999964449306
 21
39.996472271268026
 31
0.0
  0
LINE
  5
60
330
17
100
AcDbEntity
  8
可见轮廓
100
AcDbLine
 10
17.892999964449306
 20
39.996472271268026
 30
0.0
 11
17.892999964449306
 21
36.37790716704775
 31
0.0
  0
LINE
  5
61
330
17
100
AcDbEntity
  8
可见轮廓
100
AcDbLine
 10
17.892999964449306
 20
36.37790716704775
 30
0.0
 11
17.892999964449306
 21
25.012501120617394
 31
0.0
  0
LINE
  5
62
330
17
100
AcDbEntity
  8
可见轮廓
100
AcDbLine
 10
17.892999964449302
 20
26.031714061867063
 30
0.0
 11
17.892999964449302
 21
25.012501120617397
 31
0.0
  0
LINE
  5
63
330
17
100
AcDbEntity
  8
可见轮廓
100
AcDbLine
 10
52.892999964449345
 20
54.98044342191865
 30
0.0
 11
52.892999964449345
 21
39.996472271268026
 31
0.0
  0
LINE
  5
64
330
17
100
AcDbEntity
  8
可见轮廓
100
AcDbLine
 10
52.892999964449345
 20
39.996472271268026
 30
0.0
 11
52.892999964449345
 21
36.37790716704775
 31
0.0
  0
LINE
  5
65
330
17
100
AcDbEntity
  8
可见轮廓
100
AcDbLine
 10
52.892999964449345
 20
36.37790716704775
 30
0.0
 11
52.892999964449345
 21
25.012501120617394
 31
0.0
  0
LINE
  5
66
330
17
100
AcDbEntity
  8
可见轮廓
100
AcDbLine
 10
52.892999964449345
 20
26.031714061867078
 30
0.0
 11
52.892999964449345
 21
25.012501120617397
 31
0.0
  0
LINE
  5
67
330
17
100
AcDbEntity
  8
可见轮廓
100
AcDbLine
 10
44.694593532757736
 20
18.486446760869605
 30
0.0
 11
44.71806961275007
 21
18.552972853249045
 31
0.0
  0
LINE
  5
68
330
17
100
AcDbEntity
  8
可见轮廓
100
AcDbLine
 10
44.71806961275007
 20
18.552972853249045
 30
0.0
 11
44.74289142919148
 21
18.622032874603704
 31
0.0
  0
LINE
  5
69
330
17
100
AcDbEntity
  8
可见轮廓
100
AcDbLine
 10
44.74289142919148
 20
18.622032874603704
 30
0.0
 11
44.76905608993351
 21
18.693471911868933
 31
0.0
  0
LINE
  5
6A
330
17
100
AcDbEntity
  8
可见轮廓
100
AcDbLine
 10
44.76905608993351
 20
18.693471911868933
 30
0.0
 11
44.796591418948
 21
18.76722335202286
 31
0.0
  0
LINE
  5
6B
330
17
100
AcDbEntity
  8
可见轮廓
100
AcDbLine
 10
44.796591418948
 20
18.76722335202286
 30
0.0
 11
44.82556767157103
 21
18.843321554506595
 31
0.0
  0
LINE
  5
6C
330
17
100
AcDbEntity
  8
可见轮廓
100
AcDbLine
 10
44.82556767157103
 20
18.843321554506595
 30
0.0
 11
44.85600485484742
 21
18.92167694059966
 31
0.0
  0
LINE
  5
6D
330
17
100
AcDbEntity
  8
可见轮廓
100
AcDbLine
 10
44.85600485484742
 20
18.92167694059966
 30
0.0
 11
44.88775196434023
 21
19.001789245296237
 31
0.0
  0
LINE
  5
6E
330
17
100
AcDbEntity
  8
可见轮廓
100
AcDbLine
 10
44.88775196434023
 20
19.001789245296237
 30
0.0
 11
44.92065371962347
 21
19.083147968990858
 31
0.0
  0
LINE
  5
6F
330
17
100
AcDbEntity
  8
可见轮廓
100
AcDbLine
 10
50.79299996444935
 20
26.280443421918648
 30
0.0
 11
50.79299996444935
 21
36.37790716704775
 31
0.0
  0
LINE
  5
70
330
17
100
AcDbEntity
  8
可见轮廓
100
AcDbLine
 10
50.79299996444935
 20
36.37790716704775
 30
0.0
 11
50.79299996444935
 21
39.580443421918645
 31
0.0
  0
LINE
  5
71
330
17
100
AcDbEntity
  8
可见轮廓
100
AcDbLine
 10
50.79299996444935
 20
39.580443421918645
 30
0.0
 11
50.79299996444935
 21
52.88044342191865
 31
0.0
  0
LINE
  5
72
330
17
100
AcDbEntity
  8
可见轮廓
100
AcDbLine
 10
19.992999964449297
 20
26.280443421918648
 30
0.0
 11
19.992999964449297
 21
36.37790716704775
 31
0.0
  0
LINE
  5
73
330
17
100
AcDbEntity
  8
可见轮廓
100
AcDbLine
 10
19.992999964449297
 20
36.37790716704775
 30
0.0
 11
19.992999964449297
 21
39.580443421918645
 31
0.0
  0
LINE
  5
74
330
17
100
AcDbEntity
  8
可见轮廓
100
AcDbLine
 10
19.992999964449297
 20
39.580443421918645
 30
0.0
 11
19.9929999644493
 21
52.88044342191865
 31
0.0
  0
LINE
  5
75
330
17
100
AcDbEntity
  8
可见轮廓
100
AcDbLine
 10
26.091406396140865
 20
18.48644676086961
 30
0.0
 11
26.067930317568774
 21
18.55297284926055
 31
0.0
  0
LINE
  5
76
330
17
100
AcDbEntity
  8
可见轮廓
100
AcDbLine
 10
26.067930317568774
 20
18.55297284926055
 30
0.0
 11
26.04310850270385
 21
18.622032866343083
 31
0.0
  0
LINE
  5
77
330
17
100
AcDbEntity
  8
可见轮廓
100
AcDbLine
 10
26.04310850270385
 20
18.622032866343083
 30
0.0
 11
26.016943843699462
 21
18.693471899064313
 31
0.0
  0
LINE
  5
78
330
17
100
AcDbEntity
  8
可见轮廓
100
AcDbLine
 10
26.016943843699462
 20
18.693471899064313
 30
0.0
 11
25.98940851658866
 21
18.76722333441412
 31
0.0
  0
LINE
  5
79
330
17
100
AcDbEntity
  8
可见轮廓
100
AcDbLine
 10
25.98940851658866
 20
18.76722333441412
 30
0.0
 11
25.960432266066196
 21
18.84332153178397
 31
0.0
  0
LINE
  5
7A
330
17
100
AcDbEntity
  8
可见轮廓
100
AcDbLine
 10
25.960432266066196
 20
18.84332153178397
 30
0.0
 11
25.929995085026945
 21
18.92167691262278
 31
0.0
  0
LINE
  5
7B
330
17
100
AcDbEntity
  8
可见轮廓
100
AcDbLine
 10
25.929995085026945
 20
18.92167691262278
 30
0.0
 11
25.89824797787051
 21
19.001789212038595
 31
0.0
  0
LINE
  5
7C
330
17
100
AcDbEntity
  8
可见轮廓
100
AcDbLine
 10
25.89824797787051
 20
19.001789212038595
 30
0.0
 11
25.865346224995516
 21
19.083147930515956
 31
0.0
  0
LINE
  5
7D
330
17
100
AcDbEntity
  8
可见轮廓
100
AcDbLine
 10
19.642999964449302
 20
16.37537091217689
 30
0.0
 11
22.70891582124689
 21
16.37537091217689
 31
0.0
  0
LINE
  5
7E
330
17
100
AcDbEntity
  8
可见轮廓
100
AcDbLine
 10
22.70891582124689
 20
16.37537091217689
 30
0.0
 11
25.774831678044478
 21
16.37537091217689
 31
0.0
  0
LINE
  5
7F
330
17
100
AcDbEntity
  8
可见轮廓
100
AcDbLine
 10
19.642999964449302
 20
18.475370912176892
 30
0.0
 11
19.642999964449302
 21
17.425370912176916
 31
0.0
  0
LINE
  5
80
330
17
100
AcDbEntity
  8
可见轮廓
100
AcDbLine
 10
19.642999964449302
 20
17.425370912176916
 30
0.0
 11
19.642999964449302
 21
16.37537091217689
 31
0.0
  0
LINE
  5
81
330
17
100
AcDbEntity
  8
可见轮廓
100
AcDbLine
 10
19.29299996444935
 20
56.380443421918656
 30
0.0
 11
35.39299996444935
 21
56.380443421918656
 31
0.0
  0
LINE
  5
82
330
17
100
AcDbEntity
  8
可见轮廓
100
AcDbLine
 10
35.39299996444935
 20
56.380443421918656
 30
0.0
 11
51.49299996444935
 21
56.380443421918656
 31
0.0
  0
LINE
  5
83
330
17
100
AcDbEntity
  8
可见轮廓
100
AcDbLine
 10
51.1429999644493
 20
18.475370912176892
 30
0.0
 11
51.1429999644493
 21
17.425370912176916
 31
0.0
  0
LINE
  5
84
330
17
100
AcDbEntity
  8
可见轮廓
100
AcDbLine
 10
51.1429999644493
 20
17.425370912176916
 30
0.0
 11
51.1429999644493
 21
16.37537091217689
 31
0.0
  0
LINE
  5
85
330
17
100
AcDbEntity
  8
可见轮廓
100
AcDbLine
 10
45.011168250854155
 20
16.37537091217689
 30
0.0
 11
48.07708410765173
 21
16.37537091217689
 31
0.0
  0
LINE
  5
86
330
17
100
AcDbEntity
  8
可见轮廓
100
AcDbLine
 10
48.07708410765173
 20
16.37537091217689
 30
0.0
 11
51.1429999644493
 21
16.37537091217689
 31
0.0
  0
LINE
  5
87
330
17
100
AcDbEntity
  8
可见轮廓
100
AcDbLine
 10
49.39299996444932
 20
54.28044342191866
 30
0.0
 11
35.39299996444933
 21
54.28044342191866
 31
0.0
  0
LINE
  5
88
330
17
100
AcDbEntity
  8
可见轮廓
100
AcDbLine
 10
35.39299996444933
 20
54.28044342191866
 30
0.0
 11
21.39299996444934
 21
54.28044342191866
 31
0.0
  0
LINE
  5
89
330
17
100
AcDbEntity
  8
可见轮廓
100
AcDbLine
 10
19.642999964449302
 20
18.475370912176942
 30
0.0
 11
19.642999964449302
 21
17.97389368226395
 31
0.0
  0
LINE
  5
8A
330
17
100
AcDbEntity
  8
可见轮廓
100
AcDbLine
 10
51.1429999644493
 20
18.475370912176942
 30
0.0
 11
51.1429999644493
 21
17.97389368226395
 31
0.0
  0
LINE
  5
8B
330
17
100
AcDbEntity
  8
可见轮廓
100
AcDbLine
 10
17.892999964449302
 20
36.080443421918645
 30
0.0
 11
17.892999964449302
 21
32.339534441470185
 31
0.0
  0
LINE
  5
8C
330
17
100
AcDbEntity
  8
可见轮廓
100
AcDbLine
 10
17.892999964449302
 20
47.21044342191866
 30
0.0
 11
17.892999964449302
 21
43.08044342191866
 31
0.0
  0
LINE
  5
8D
330
17
100
AcDbEntity
  8
可见轮廓
100
AcDbLine
 10
52.892999964449345
 20
36.080443421918645
 30
0.0
 11
52.892999964449345
 21
32.339534441470185
 31
0.0
  0
LINE
  5
8E
330
17
100
AcDbEntity
  8
可见轮廓
100
AcDbLine
 10
52.892999964449345
 20
47.21044342191866
 30
0.0
 11
52.892999964449345
 21
43.08044342191866
 31
0.0
  0
LINE
  5
8F
330
17
100
AcDbEntity
  8
可见轮廓
100
AcDbLine
 10
50.7929999644493
 20
32.339534441470185
 30
0.0
 11
50.7929999644493
 21
36.080443421918645
 31
0.0
  0
LINE
  5
90
330
17
100
AcDbEntity
  8
可见轮廓
100
AcDbLine
 10
50.7929999644493
 20
43.08044342191866
 30
0.0
 11
50.7929999644493
 21
47.21044342191866
 31
0.0
  0
LINE
  5
91
330
17
100
AcDbEntity
  8
可见轮廓
100
AcDbLine
 10
19.9929999644493
 20
32.339534441470185
 30
0.0
 11
19.9929999644493
 21
36.080443421918645
 31
0.0
  0
LINE
  5
92
330
17
100
AcDbEntity
  8
可见轮廓
100
AcDbLine
 10
19.9929999644493
 20
43.08044342191866
 30
0.0
 11
19.9929999644493
 21
47.21044342191866
 31
0.0
  0
LINE
  5
93
330
17
100
AcDbEntity
  8
可见轮廓
100
AcDbLine
 10
38.893
 20
56.380443421918656
 30
0.0
 11
31.893000000000004
 21
56.380443421918656
 31
0.0
  0
LINE
  5
94
330
17
100
AcDbEntity
  8
可见轮廓
100
AcDbLine
 10
38.893
 20
54.28044342191866
 30
0.0
 11
31.893000000000004
 21
54.28044342191866
 31
0.0
  0
LINE
  5
95
330
17
100
AcDbEntity
  8
可见轮廓
100
AcDbLine
 10
19.642999964449302
 20
17.97389368226395
 30
0.0
 11
20.056451261717704
 21
17.97389368226395
 31
0.0
  0
LINE
  5
96
330
17
100
AcDbEntity
  8
可见轮廓
100
AcDbLine
 10
25.844769423475327
 20
17.97389368226395
 30
0.0
 11
26.25822072074373
 21
17.97389368226395
 31
0.0
  0
LINE
  5
97
330
17
100
AcDbEntity
  8
可见轮廓
100
AcDbLine
 10
19.642999964449302
 20
19.72389368226395
 30
0.0
 11
19.642999964449302
 21
17.97389368226395
 31
0.0
  0
LINE
  5
98
330
17
100
AcDbEntity
  8
可见轮廓
100
AcDbLine
 10
26.25822072074373
 20
19.72389368226395
 30
0.0
 11
26.25822072074373
 21
17.97389368226395
 31
0.0
  0
LINE
  5
99
330
17
100
AcDbEntity
  8
可见轮廓
100
AcDbLine
 10
44.527779208154875
 20
17.97389368226395
 30
0.0
 11
44.94123050542328
 21
17.97389368226395
 31
0.0
  0
LINE
  5
9A
330
17
100
AcDbEntity
  8
可见轮廓
100
AcDbLine
 10
50.7295486671809
 20
17.97389368226395
 30
0.0
 11
51.1429999644493
 21
17.97389368226395
 31
0.0
  0
LINE
  5
9B
330
17
100
AcDbEntity
  8
可见轮廓
100
AcDbLine
 10
44.527779208154875
 20
19.72389368226395
 30
0.0
 11
44.527779208154875
 21
17.97389368226395
 31
0.0
  0
LINE
  5
9C
330
17
100
AcDbEntity
  8
可见轮廓
100
AcDbLine
 10
51.1429999644493
 20
19.72389368226395
 30
0.0
 11
51.1429999644493
 21
17.97389368226395
 31
0.0
  0
LINE
  5
9D
330
17
100
AcDbEntity
  8
可见轮廓
100
AcDbLine
 10
44.52777920815487
 20
19.72389368226395
 30
0.0
 11
44.94123050542328
 21
19.72389368226395
 31
0.0
  0
LINE
  5
9E
330
17
100
AcDbEntity
  8
可见轮廓
100
AcDbLine
 10
47.42193828903368
 20
19.72389368226395
 30
0.0
 11
51.1429999644493
 21
19.72389368226395
 31
0.0
  0
LINE
  5
9F
330
17
100
AcDbEntity
  8
可见轮廓
100
AcDbLine
 10
50.7929999644493
 20
32.33953444147018
 30
0.0
 11
50.9242499644493
 21
32.33953444147018
 31
0.0
  0
LINE
  5
A0
330
17
100
AcDbEntity
  8
可见轮廓
100
AcDbLine
 10
52.76174996444934
 20
32.33953444147018
 30
0.0
 11
52.892999964449345
 21
32.33953444147018
 31
0.0
  0
LINE
  5
A1
330
17
100
AcDbEntity
  8
可见轮廓
100
AcDbLine
 10
50.7929999644493
 20
47.21044342191866
 30
0.0
 11
50.9242499644493
 21
47.21044342191866
 31
0.0
  0
LINE
  5
A2
330
17
100
AcDbEntity
  8
可见轮廓
100
AcDbLine
 10
52.76174996444934
 20
47.21044342191866
 30
0.0
 11
52.892999964449345
 21
47.21044342191866
 31
0.0
  0
LINE
  5
A3
330
17
100
AcDbEntity
  8
可见轮廓
100
AcDbLine
 10
50.7929999644493
 20
43.08044342191866
 30
0.0
 11
50.9242499644493
 21
43.08044342191866
 31
0.0
  0
LINE
  5
A4
330
17
100
AcDbEntity
  8
可见轮廓
100
AcDbLine
 10
52.76174996444934
 20
43.08044342191866
 30
0.0
 11
52.892999964449345
 21
43.08044342191866
 31
0.0
  0
LINE
  5
A5
330
17
100
AcDbEntity
  8
可见轮廓
100
AcDbLine
 10
50.7929999644493
 20
36.080443421918645
 30
0.0
 11
50.9242499644493
 21
36.080443421918645
 31
0.0
  0
LINE
  5
A6
330
17
100
AcDbEntity
  8
可见轮廓
100
AcDbLine
 10
52.76174996444934
 20
36.080443421918645
 30
0.0
 11
52.892999964449345
 21
36.080443421918645
 31
0.0
  0
LINE
  5
A7
330
17
100
AcDbEntity
  8
可见轮廓
100
AcDbLine
 10
17.892999964449302
 20
36.080443421918645
 30
0.0
 11
18.024249964449304
 21
36.080443421918645
 31
0.0
  0
LINE
  5
A8
330
17
100
AcDbEntity
  8
可见轮廓
100
AcDbLine
 10
19.861749964449302
 20
36.080443421918645
 30
0.0
 11
19.9929999644493
 21
36.080443421918645
 31
0.0
  0
LINE
  5
A9
330
17
100
AcDbEntity
  8
可见轮廓
100
AcDbLine
 10
17.892999964449302
 20
47.21044342191866
 30
0.0
 11
18.024249964449304
 21
47.21044342191866
 31
0.0
  0
LINE
  5
AA
330
17
100
AcDbEntity
  8
可见轮廓
100
AcDbLine
 10
19.861749964449302
 20
47.21044342191866
 30
0.0
 11
19.9929999644493
 21
47.21044342191866
 31
0.0
  0
LINE
  5
AB
330
17
100
AcDbEntity
  8
可见轮廓
100
AcDbLine
 10
17.892999964449302
 20
43.08044342191866
 30
0.0
 11
18.024249964449304
 21
43.08044342191866
 31
0.0
  0
LINE
  5
AC
330
17
100
AcDbEntity
  8
可见轮廓
100
AcDbLine
 10
19.861749964449302
 20
43.08044342191866
 30
0.0
 11
19.9929999644493
 21
43.08044342191866
 31
0.0
  0
LINE
  5
AD
330
17
100
AcDbEntity
  8
可见轮廓
100
AcDbLine
 10
17.892999964449302
 20
32.33953444147018
 30
0.0
 11
18.024249964449304
 21
32.33953444147018
 31
0.0
  0
LINE
  5
AE
330
17
100
AcDbEntity
  8
可见轮廓
100
AcDbLine
 10
19.861749964449302
 20
32.33953444147018
 30
0.0
 11
19.9929999644493
 21
32.33953444147018
 31
0.0
  0
LINE
  5
AF
330
17
100
AcDbEntity
  8
可见轮廓
100
AcDbLine
 10
19.642999964449302
 20
19.72389368226395
 30
0.0
 11
23.364061639864918
 21
19.72389368226395
 31
0.0
  0
LINE
  5
B0
330
17
100
AcDbEntity
  8
可见轮廓
100
AcDbLine
 10
25.844769423475327
 20
19.72389368226395
 30
0.0
 11
26.25822072074373
 21
19.72389368226395
 31
0.0
  0
LINE
  5
B1
330
17
100
AcDbEntity
  8
可见轮廓
100
AcDbLine
 10
31.893000000000004
 20
56.380443421918656
 30
0.0
 11
31.893000000000004
 21
56.24919342191866
 31
0.0
  0
LINE
  5
B2
330
17
100
AcDbEntity
  8
可见轮廓
100
AcDbLine
 10
31.893000000000004
 20
54.411693421918656
 30
0.0
 11
31.893000000000004
 21
54.28044342191866
 31
0.0
  0
LINE
  5
B3
330
17
100
AcDbEntity
  8
可见轮廓
100
AcDbLine
 10
38.893
 20
56.380443421918656
 30
0.0
 11
38.893
 21
56.24919342191866
 31
0.0
  0
LINE
  5
B4
330
17
100
AcDbEntity
  8
可见轮廓
100
AcDbLine
 10
38.893
 20
54.411693421918656
 30
0.0
 11
38.893
 21
54.28044342191866
 31
0.0
  0
LINE
  5
B5
330
17
100
AcDbEntity
  8
可见轮廓
100
AcDbLine
 10
23.31741871779406
 20
19.5241432211844
 30
0.0
 11
23.38923003950938
 21
19.34583958435254
 31
0.0
  0
LINE
  5
B6
330
17
100
AcDbEntity
  8
可见轮廓
100
AcDbLine
 10
23.38923003950938
 20
19.34583958435254
 30
0.0
 11
23.41030443738957
 21
19.15909061706781
 31
0.0
  0
LINE
  5
B7
330
17
100
AcDbEntity
  8
可见轮廓
100
AcDbLine
 10
23.41030443738957
 20
19.15909061706781
 30
0.0
 11
23.382559193955135
 21
18.97972904968489
 31
0.0
  0
LINE
  5
B8
330
17
100
AcDbEntity
  8
可见轮廓
100
AcDbLine
 10
23.382559193955135
 20
18.97972904968489
 30
0.0
 11
23.312928651055827
 21
18.818898992161003
 31
0.0
  0
LINE
  5
B9
330
17
100
AcDbEntity
  8
可见轮廓
100
AcDbLine
 10
23.312928651055827
 20
18.818898992161003
 30
0.0
 11
23.208015116416714
 21
18.682713144263275
 31
0.0
  0
LINE
  5
BA
330
17
100
AcDbEntity
  8
可见轮廓
100
AcDbLine
 10
23.208015116416714
 20
18.682713144263275
 30
0.0
 11
23.070279076930525
 21
18.574908971438667
 31
0.0
  0
LINE
  5
BB
330
17
100
AcDbEntity
  8
可见轮廓
100
AcDbLine
 10
23.070279076930525
 20
18.574908971438667
 30
0.0
 11
22.901378031772577
 21
18.502110214304537
 31
0.0
  0
LINE
  5
BC
330
17
100
AcDbEntity
  8
可见轮廓
100
AcDbLine
 10
22.901378031772577
 20
18.502110214304537
 30
0.0
 11
22.71049378300428
 21
18.475370912176892
 31
0.0
  0
LINE
  5
BD
330
17
100
AcDbEntity
  8
可见轮廓
100
AcDbLine
 10
23.199618237963563
 20
19.72389368226395
 30
0.0
 11
23.214695793534652
 21
19.698893090547024
 31
0.0
  0
LINE
  5
BE
330
17
100
AcDbEntity
  8
可见轮廓
100
AcDbLine
 10
23.214695793534652
 20
19.698893090547024
 30
0.0
 11
23.22967183943124
 21
19.673900966692717
 31
0.0
  0
LINE
  5
BF
330
17
100
AcDbEntity
  8
可见轮廓
100
AcDbLine
 10
23.22967183943124
 20
19.673900966692717
 30
0.0
 11
23.244546773977397
 21
19.64891761735286
 31
0.0
  0
LINE
  5
C0
330
17
100
AcDbEntity
  8
可见轮廓
100
AcDbLine
 10
23.244546773977397
 20
19.64891761735286
 30
0.0
 11
23.259320995497188
 21
19.623943349179285
 31
0.0
  0
LINE
  5
C1
330
17
100
AcDbEntity
  8
可见轮廓
100
AcDbLine
 10
23.259320995497188
 20
19.623943349179285
 30
0.0
 11
23.27399490231468
 21
19.598978468823823
 31
0.0
  0
LINE
  5
C2
330
17
100
AcDbEntity
  8
可见轮廓
100
AcDbLine
 10
23.27399490231468
 20
19.598978468823823
 30
0.0
 11
23.288568892753943
 21
19.5740232829383
 31
0.0
  0
LINE
  5
C3
330
17
100
AcDbEntity
  8
可见轮廓
100
AcDbLine
 10
47.5863816909351
 20
19.72389368226395
 30
0.0
 11
47.571304135364
 21
19.69889309054702
 31
0.0
  0
LINE
  5
C4
330
17
100
AcDbEntity
  8
可见轮廓
100
AcDbLine
 10
47.571304135364
 20
19.69889309054702
 30
0.0
 11
47.55632808946741
 21
19.673900966692717
 31
0.0
  0
LINE
  5
C5
330
17
100
AcDbEntity
  8
可见轮廓
100
AcDbLine
 10
47.55632808946741
 20
19.673900966692717
 30
0.0
 11
47.54145315492125
 21
19.64891761735286
 31
0.0
  0
LINE
  5
C6
330
17
100
AcDbEntity
  8
可见轮廓
100
AcDbLine
 10
47.54145315492125
 20
19.64891761735286
 30
0.0
 11
47.526678933401456
 21
19.62394334917929
 31
0.0
  0
LINE
  5
C7
330
17
100
AcDbEntity
  8
可见轮廓
100
AcDbLine
 10
47.526678933401456
 20
19.62394334917929
 30
0.0
 11
47.51200502658396
 21
19.598978468823827
 31
0.0
  0
LINE
  5
C8
330
17
100
AcDbEntity
  8
可见轮廓
100
AcDbLine
 10
47.51200502658396
 20
19.598978468823827
 30
0.0
 11
47.49743103614469
 21
19.574023282938306
 31
0.0
  0
LINE
  5
C9
330
17
100
AcDbEntity
  8
可见轮廓
100
AcDbLine
 10
47.46858121110458
 20
19.5241432211844
 30
0.0
 11
47.39676988938926
 21
19.345839584352532
 31
0.0
  0
LINE
  5
CA
330
17
100
AcDbEntity
  8
可见轮廓
100
AcDbLine
 10
47.39676988938926
 20
19.345839584352532
 30
0.0
 11
47.37569549150908
 21
19.15909061706781
 31
0.0
  0
LINE
  5
CB
330
17
100
AcDbEntity
  8
可见轮廓
100
AcDbLine
 10
47.37569549150908
 20
19.15909061706781
 30
0.0
 11
47.403440734943516
 21
18.979729049684885
 31
0.0
  0
LINE
  5
CC
330
17
100
AcDbEntity
  8
可见轮廓
100
AcDbLine
 10
47.403440734943516
 20
18.979729049684885
 30
0.0
 11
47.47307127784282
 21
18.818898992160996
 31
0.0
  0
LINE
  5
CD
330
17
100
AcDbEntity
  8
可见轮廓
100
AcDbLine
 10
47.47307127784282
 20
18.818898992160996
 30
0.0
 11
47.57798481248193
 21
18.682713144263275
 31
0.0
  0
LINE
  5
CE
330
17
100
AcDbEntity
  8
可见轮廓
100
AcDbLine
 10
47.57798481248193
 20
18.682713144263275
 30
0.0
 11
47.715720851968115
 21
18.574908971438667
 31
0.0
  0
LINE
  5
CF
330
17
100
AcDbEntity
  8
可见轮廓
100
AcDbLine
 10
47.715720851968115
 20
18.574908971438667
 30
0.0
 11
47.88462189712606
 21
18.502110214304537
 31
0.0
  0
LINE
  5
D0
330
17
100
AcDbEntity
  8
可见轮廓
100
AcDbLine
 10
47.88462189712606
 20
18.502110214304537
 30
0.0
 11
48.07550614589436
 21
18.475370912176892
 31
0.0
  0
ARC
  5
D1
330
17
100
AcDbEntity
  8
可见轮廓
100
AcDbCircle
 10
19.293
 20
25.012999999999998
 30
0.0
 40
1.4
100
AcDbArc
 50
-147.38741521106226
 51
-114.77483042212457
  0
ARC
  5
D2
330
17
100
AcDbEntity
  8
可见轮廓
100
AcDbCircle
 10
19.293
 20
25.012999999999998
 30
0.0
 40
1.4
100
AcDbArc
 50
-147.38741521106226
 51
-114.77483042212475
  0
ARC
  5
D3
330
17
100
AcDbEntity
  8
可见轮廓
100
AcDbCircle
 10
19.293
 20
25.012999999999998
 30
0.0
 40
1.4
100
AcDbArc
 50
180.0
 51
-147.38741521106226
  0
ARC
  5
D4
330
17
100
AcDbEntity
  8
可见轮廓
100
AcDbCircle
 10
49.393
 20
26.282999999999998
 30
0.0
 40
1.4
100
AcDbArc
 50
-10.233713901023666
 51
0.0
  0
ARC
  5
D5
330
17
100
AcDbEntity
  8
可见轮廓
100
AcDbCircle
 10
49.393
 20
26.282999999999998
 30
0.0
 40
1.4
100
AcDbArc
 50
-59.50235744501722
 51
-29.751178722508957
  0
ARC
  5
D6
330
17
100
AcDbEntity
  8
可见轮廓
100
AcDbCircle
 10
49.393
 20
26.282999999999998
 30
0.0
 40
1.4
100
AcDbArc
 50
-29.751178722508957
 51
0.0
  0
ARC
  5
D7
330
17
100
AcDbEntity
  8
可见轮廓
100
AcDbCircle
 10
21.393
 20
26.282999999999998
 30
0.0
 40
1.4
100
AcDbArc
 50
180.0
 51
-169.76628609897574
  0
ARC
  5
D8
330
17
100
AcDbEntity
  8
可见轮廓
100
AcDbCircle
 10
21.393
 20
26.282999999999998
 30
0.0
 40
1.4
100
AcDbArc
 50
-150.24882127749137
 51
-120.4976425549828
  0
ARC
  5
D9
330
17
100
AcDbEntity
  8
可见轮廓
100
AcDbCircle
 10
21.393
 20
26.282999999999998
 30
0.0
 40
1.4
100
AcDbArc
 50
180.0
 51
-150.24882127749137
  0
ARC
  5
DA
330
17
100
AcDbEntity
  8
可见轮廓
100
AcDbCircle
 10
21.393
 20
26.282999999999998
 30
0.0
 40
1.4
100
AcDbArc
 50
-150.24882127749137
 51
-120.4976425549828
  0
ARC
  5
DB
330
17
100
AcDbEntity
  8
可见轮廓
100
AcDbCircle
 10
22.713
 20
19.173000000000002
 30
0.0
 40
0.7
100
AcDbArc
 50
-90.0
 51
-30.057982863345213
  0
ARC
  5
DC
330
17
100
AcDbEntity
  8
可见轮廓
100
AcDbCircle
 10
22.713
 20
19.173000000000002
 30
0.0
 40
0.7
100
AcDbArc
 50
-30.057982863345213
 51
29.88403427330518
  0
ARC
  5
DD
330
17
100
AcDbEntity
  8
可见轮廓
100
AcDbCircle
 10
14.393
 20
14.393
 30
0.0
 40
10.293
100
AcDbArc
 50
29.884034273309272
 51
47.55460192559262
  0
ARC
  5
DE
330
17
100
AcDbEntity
  8
可见轮廓
100
AcDbCircle
 10
14.393
 20
14.393
 30
0.0
 40
10.293
100
AcDbArc
 50
47.55460192559262
 51
65.22516957787631
  0
ARC
  5
DF
330
17
100
AcDbEntity
  8
可见轮廓
100
AcDbCircle
 10
51.493
 20
25.012999999999998
 30
0.0
 40
1.4
100
AcDbArc
 50
-65.22516957787559
 51
-32.612584788937745
  0
ARC
  5
E0
330
17
100
AcDbEntity
  8
可见轮廓
100
AcDbCircle
 10
51.493
 20
25.012999999999998
 30
0.0
 40
1.4
100
AcDbArc
 50
-32.612584788937745
 51
0.0
  0
ARC
  5
E1
330
17
100
AcDbEntity
  8
可见轮廓
100
AcDbCircle
 10
56.393
 20
14.393
 30
0.0
 40
10.293
100
AcDbArc
 50
132.44539807440734
 51
150.1159657266906
  0
ARC
  5
E2
330
17
100
AcDbEntity
  8
可见轮廓
100
AcDbCircle
 10
56.393
 20
14.393
 30
0.0
 40
10.293
100
AcDbArc
 50
114.7748304221237
 51
132.44539807440734
  0
ARC
  5
E3
330
17
100
AcDbEntity
  8
可见轮廓
100
AcDbCircle
 10
48.073
 20
19.173000000000002
 30
0.0
 40
0.7
100
AcDbArc
 50
-149.94201713665538
 51
-90.0
  0
ARC
  5
E4
330
17
100
AcDbEntity
  8
可见轮廓
100
AcDbCircle
 10
48.073
 20
19.173000000000002
 30
0.0
 40
0.7
100
AcDbArc
 50
150.11596572669484
 51
-149.94201713665538
  0
ARC
  5
E5
330
17
100
AcDbEntity
  8
可见轮廓
100
AcDbCircle
 10
56.393
 20
14.393
 30
0.0
 40
12.393
100
AcDbArc
 50
143.62472299082341
 51
166.75180342666445
  0
ARC
  5
E6
330
17
100
AcDbEntity
  8
可见轮廓
100
AcDbCircle
 10
56.393
 20
14.393
 30
0.0
 40
12.393
100
AcDbArc
 50
120.49764255498233
 51
143.62472299082341
  0
ARC
  5
E7
330
17
100
AcDbEntity
  8
可见轮廓
100
AcDbCircle
 10
14.393
 20
14.393
 30
0.0
 40
12.393
100
AcDbArc
 50
13.24819657333551
 51
36.37527700917652
  0
ARC
  5
E8
330
17
100
AcDbEntity
  8
可见轮廓
100
AcDbCircle
 10
14.393
 20
14.393
 30
0.0
 40
12.393
100
AcDbArc
 50
36.37527700917652
 51
59.502357445017495
  0
ARC
  5
E9
330
17
100
AcDbEntity
  8
可见轮廓
100
AcDbCircle
 10
25.773000000000003
 20
17.073
 30
0.0
 40
0.7
100
AcDbArc
 50
-38.375901713333725
 51
13.248196573332466
  0
ARC
  5
EA
330
17
100
AcDbEntity
  8
可见轮廓
100
AcDbCircle
 10
25.773000000000003
 20
17.073
 30
0.0
 40
0.7
100
AcDbArc
 50
-89.99999999999986
 51
-38.375901713333725
  0
ARC
  5
EB
330
17
100
AcDbEntity
  8
可见轮廓
100
AcDbCircle
 10
19.293
 20
54.983
 30
0.0
 40
1.4
100
AcDbArc
 50
134.99999999999926
 51
180.0
  0
ARC
  5
EC
330
17
100
AcDbEntity
  8
可见轮廓
100
AcDbCircle
 10
19.293
 20
54.983
 30
0.0
 40
1.4
100
AcDbArc
 50
90.0
 51
134.99999999999926
  0
ARC
  5
ED
330
17
100
AcDbEntity
  8
可见轮廓
100
AcDbCircle
 10
51.493
 20
54.983
 30
0.0
 40
1.4
100
AcDbArc
 50
0.0
 51
45.00000000000077
  0
ARC
  5
EE
330
17
100
AcDbEntity
  8
可见轮廓
100
AcDbCircle
 10
51.493
 20
54.983
 30
0.0
 40
1.4
100
AcDbArc
 50
45.00000000000077
 51
90.0
  0
ARC
  5
EF
330
17
100
AcDbEntity
  8
可见轮廓
100
AcDbCircle
 10
45.013
 20
17.073
 30
0.0
 40
0.7
100
AcDbArc
 50
-141.62409828666782
 51
-90.0
  0
ARC
  5
F0
330
17
100
AcDbEntity
  8
可见轮廓
100
AcDbCircle
 10
45.013
 20
17.073
 30
0.0
 40
0.7
100
AcDbArc
 50
166.75180342666397
 51
-141.62409828666782
  0
ARC
  5
F1
330
17
100
AcDbEntity
  8
可见轮廓
100
AcDbCircle
 10
49.393
 20
52.882999999999996
 30
0.0
 40
1.4
100
AcDbArc
 50
-4.089284590453092e-13
 51
44.999999999999794
  0
ARC
  5
F2
330
17
100
AcDbEntity
  8
可见轮廓
100
AcDbCircle
 10
49.393
 20
52.882999999999996
 30
0.0
 40
1.4
100
AcDbArc
 50
44.999999999999794
 51
90.0
  0
ARC
  5
F3
330
17
100
AcDbEntity
  8
可见轮廓
100
AcDbCircle
 10
21.393
 20
52.882999999999996
 30
0.0
 40
1.4
100
AcDbArc
 50
90.0
 51
134.9999999999998
  0
ARC
  5
F4
330
17
100
AcDbEntity
  8
可见轮廓
100
AcDbCircle
 10
21.393
 20
52.882999999999996
 30
0.0
 40
1.4
100
AcDbArc
 50
134.9999999999998
 51
-179.99999999999963
  0
LINE
  5
F5
330
17
100
AcDbEntity
  8
隐藏线
100
AcDbLine
 10
23.316355040705318
 20
18.824754751567987
 30
0.0
 11
23.284355344533978
 21
18.77444120666886
 31
0.0
  0
LINE
  5
F6
330
17
100
AcDbEntity
  8
隐藏线
100
AcDbLine
 10
23.284355344533978
 20
18.77444120666886
 30
0.0
 11
23.248336903894476
 21
18.727145981473093
 31
0.0
  0
LINE
  5
F7
330
17
100
AcDbEntity
  8
隐藏线
100
AcDbLine
 10
23.248336903894476
 20
18.727145981473093
 30
0.0
 11
23.20835030868043
 21
18.683051920509847
 31
0.0
  0
LINE
  5
F8
330
17
100
AcDbEntity
  8
隐藏线
100
AcDbLine
 10
23.20835030868043
 20
18.683051920509847
 30
0.0
 11
23.16444576782909
 21
18.64234389052993
 31
0.0
  0
LINE
  5
F9
330
17
100
AcDbEntity
  8
隐藏线
100
AcDbLine
 10
23.16444576782909
 20
18.64234389052993
 30
0.0
 11
23.1166734902777
 21
18.60520675828414
 31
0.0
  0
LINE
  5
FA
330
17
100
AcDbEntity
  8
隐藏线
100
AcDbLine
 10
23.1166734902777
 20
18.60520675828414
 30
0.0
 11
23.065082122314443
 21
18.571826604234694
 31
0.0
  0
LINE
  5
FB
330
17
100
AcDbEntity
  8
隐藏线
100
AcDbLine
 10
23.065082122314443
 20
18.571826604234694
 30
0.0
 11
23.009621905480735
 21
18.54259351118808
 31
0.0
  0
LINE
  5
FC
330
17
100
AcDbEntity
  8
隐藏线
100
AcDbLine
 10
23.009621905480735
 20
18.54259351118808
 30
0.0
 11
22.950611305255162
 21
18.518033212854334
 31
0.0
  0
LINE
  5
FD
330
17
100
AcDbEntity
  8
隐藏线
100
AcDbLine
 10
25.5821566641428
 20
19.72389368226395
 30
0.0
 11
25.66006364145018
 21
19.55708593866628
 31
0.0
  0
LINE
  5
FE
330
17
100
AcDbEntity
  8
隐藏线
100
AcDbLine
 10
25.66006364145018
 20
19.55708593866628
 30
0.0
 11
25.73448033661853
 21
19.391426263093408
 31
0.0
  0
LINE
  5
FF
330
17
100
AcDbEntity
  8
隐藏线
100
AcDbLine
 10
25.73448033661853
 20
19.391426263093408
 30
0.0
 11
25.805297407752818
 21
19.22748506492502
 31
0.0
  0
LINE
  5
100
330
17
100
AcDbEntity
  8
隐藏线
100
AcDbLine
 10
25.805297407752818
 20
19.22748506492502
 30
0.0
 11
25.872395425971554
 21
19.06585823153174
 31
0.0
  0
LINE
  5
101
330
17
100
AcDbEntity
  8
隐藏线
100
AcDbLine
 10
25.872395425971554
 20
19.06585823153174
 30
0.0
 11
25.934752194806116
 21
18.9095533625594
 31
0.0
  0
LINE
  5
102
330
17
100
AcDbEntity
  8
隐藏线
100
AcDbLine
 10
25.934752194806116
 20
18.9095533625594
 30
0.0
 11
25.991958227742693
 21
18.760452305025204
 31
0.0
  0
LINE
  5
103
330
17
100
AcDbEntity
  8
隐藏线
100
AcDbLine
 10
25.991958227742693
 20
18.760452305025204
 30
0.0
 11
26.04434677726053
 21
18.618604069373397
 31
0.0
  0
LINE
  5
104
330
17
100
AcDbEntity
  8
隐藏线
100
AcDbLine
 10
26.04434677726053
 20
18.618604069373397
 30
0.0
 11
26.091404805519332
 21
18.486451530558774
 31
0.0
  0
LINE
  5
105
330
17
100
AcDbEntity
  8
隐藏线
100
AcDbLine
 10
19.642999964449302
 20
17.97389368226395
 30
0.0
 11
22.950610342596516
 21
17.97389368226395
 31
0.0
  0
LINE
  5
106
330
17
100
AcDbEntity
  8
隐藏线
100
AcDbLine
 10
22.950610342596516
 20
17.97389368226395
 30
0.0
 11
26.25822072074373
 21
17.97389368226395
 31
0.0
  0
LINE
  5
107
330
17
100
AcDbEntity
  8
隐藏线
100
AcDbLine
 10
19.642999964449302
 20
17.97389368226395
 30
0.0
 11
19.642999964449302
 21
17.982631147638642
 31
0.0
  0
LINE
  5
108
330
17
100
AcDbEntity
  8
隐藏线
100
AcDbLine
 10
19.642999964449302
 20
18.00741575785736
 30
0.0
 11
19.642999964449302
 21
18.048025202723196
 31
0.0
  0
LINE
  5
109
330
17
100
AcDbEntity
  8
隐藏线
100
AcDbLine
 10
19.642999964449302
 20
18.048025202723196
 30
0.0
 11
19.642999964449302
 21
18.10410745444679
 31
0.0
  0
LINE
  5
10A
330
17
100
AcDbEntity
  8
隐藏线
100
AcDbLine
 10
19.642999964449302
 20
18.10410745444679
 30
0.0
 11
19.642999964449302
 21
18.17636436454749
 31
0.0
  0
LINE
  5
10B
330
17
100
AcDbEntity
  8
隐藏线
100
AcDbLine
 10
19.642999964449302
 20
18.17636436454749
 30
0.0
 11
19.642999964449302
 21
18.26285468974943
 31
0.0
  0
LINE
  5
10C
330
17
100
AcDbEntity
  8
隐藏线
100
AcDbLine
 10
19.642999964449302
 20
18.26285468974943
 30
0.0
 11
19.642999964449302
 21
18.362814865125834
 31
0.0
  0
LINE
  5
10D
330
17
100
AcDbEntity
  8
隐藏线
100
AcDbLine
 10
19.642999964449302
 20
18.362814865125834
 30
0.0
 11
19.642999964449302
 21
18.475370912176942
 31
0.0
  0
LINE
  5
10E
330
17
100
AcDbEntity
  8
隐藏线
100
AcDbLine
 10
47.46964488819332
 20
18.824754751568
 30
0.0
 11
47.501644584364655
 21
18.774441206668868
 31
0.0
  0
LINE
  5
10F
330
17
100
AcDbEntity
  8
隐藏线
100
AcDbLine
 10
47.501644584364655
 20
18.774441206668868
 30
0.0
 11
47.53766302500415
 21
18.7271459814731
 31
0.0
  0
LINE
  5
110
330
17
100
AcDbEntity
  8
隐藏线
100
AcDbLine
 10
47.53766302500415
 20
18.7271459814731
 30
0.0
 11
47.577649620218196
 21
18.683051920509854
 31
0.0
  0
LINE
  5
111
330
17
100
AcDbEntity
  8
隐藏线
100
AcDbLine
 10
47.577649620218196
 20
18.683051920509854
 30
0.0
 11
47.62155416106953
 21
18.642343890529936
 31
0.0
  0
LINE
  5
112
330
17
100
AcDbEntity
  8
隐藏线
100
AcDbLine
 10
47.62155416106953
 20
18.642343890529936
 30
0.0
 11
47.669326438620914
 21
18.605206758284154
 31
0.0
  0
LINE
  5
113
330
17
100
AcDbEntity
  8
隐藏线
100
AcDbLine
 10
47.669326438620914
 20
18.605206758284154
 30
0.0
 11
47.72091780658417
 21
18.571826604234708
 31
0.0
  0
LINE
  5
114
330
17
100
AcDbEntity
  8
隐藏线
100
AcDbLine
 10
47.72091780658417
 20
18.571826604234708
 30
0.0
 11
47.77637802341788
 21
18.542593511188095
 31
0.0
  0
LINE
  5
115
330
17
100
AcDbEntity
  8
隐藏线
100
AcDbLine
 10
47.77637802341788
 20
18.542593511188095
 30
0.0
 11
47.835388623643446
 21
18.518033212854355
 31
0.0
  0
LINE
  5
116
330
17
100
AcDbEntity
  8
隐藏线
100
AcDbLine
 10
51.1429999644493
 20
17.97389368226395
 30
0.0
 11
51.1429999644493
 21
17.982631147638642
 31
0.0
  0
LINE
  5
117
330
17
100
AcDbEntity
  8
隐藏线
100
AcDbLine
 10
51.1429999644493
 20
18.00741575785736
 30
0.0
 11
51.1429999644493
 21
18.048025202723196
 31
0.0
  0
LINE
  5
118
330
17
100
AcDbEntity
  8
隐藏线
100
AcDbLine
 10
51.1429999644493
 20
18.048025202723196
 30
0.0
 11
51.1429999644493
 21
18.10410745444679
 31
0.0
  0
LINE
  5
119
330
17
100
AcDbEntity
  8
隐藏线
100
AcDbLine
 10
51.1429999644493
 20
18.10410745444679
 30
0.0
 11
51.1429999644493
 21
18.17636436454749
 31
0.0
  0
LINE
  5
11A
330
17
100
AcDbEntity
  8
隐藏线
100
AcDbLine
 10
51.1429999644493
 20
18.17636436454749
 30
0.0
 11
51.1429999644493
 21
18.26285468974943
 31
0.0
  0
LINE
  5
11B
330
17
100
AcDbEntity
  8
隐藏线
100
AcDbLine
 10
51.1429999644493
 20
18.26285468974943
 30
0.0
 11
51.1429999644493
 21
18.362814865125834
 31
0.0
  0
LINE
  5
11C
330
17
100
AcDbEntity
  8
隐藏线
100
AcDbLine
 10
51.1429999644493
 20
18.362814865125834
 30
0.0
 11
51.1429999644493
 21
18.475370912176942
 31
0.0
  0
LINE
  5
11D
330
17
100
AcDbEntity
  8
隐藏线
100
AcDbLine
 10
44.527779208154875
 20
17.97389368226395
 30
0.0
 11
47.835389586302085
 21
17.97389368226395
 31
0.0
  0
LINE
  5
11E
330
17
100
AcDbEntity
  8
隐藏线
100
AcDbLine
 10
47.835389586302085
 20
17.97389368226395
 30
0.0
 11
51.1429999644493
 21
17.97389368226395
 31
0.0
  0
LINE
  5
11F
330
17
100
AcDbEntity
  8
隐藏线
100
AcDbLine
 10
45.20384326475584
 20
19.72389368226395
 30
0.0
 11
45.12593628744846
 21
19.557085938666287
 31
0.0
  0
LINE
  5
120
330
17
100
AcDbEntity
  8
隐藏线
100
AcDbLine
 10
45.12593628744846
 20
19.557085938666287
 30
0.0
 11
45.051519592280094
 21
19.391426263093415
 31
0.0
  0
LINE
  5
121
330
17
100
AcDbEntity
  8
隐藏线
100
AcDbLine
 10
45.051519592280094
 20
19.391426263093415
 30
0.0
 11
44.980702521145794
 21
19.22748506492504
 31
0.0
  0
LINE
  5
122
330
17
100
AcDbEntity
  8
隐藏线
100
AcDbLine
 10
44.980702521145794
 20
19.22748506492504
 30
0.0
 11
44.91360450292706
 21
19.06585823153177
 31
0.0
  0
LINE
  5
123
330
17
100
AcDbEntity
  8
隐藏线
100
AcDbLine
 10
44.91360450292706
 20
19.06585823153177
 30
0.0
 11
44.85124773409249
 21
18.909553362559414
 31
0.0
  0
LINE
  5
124
330
17
100
AcDbEntity
  8
隐藏线
100
AcDbLine
 10
44.85124773409249
 20
18.909553362559414
 30
0.0
 11
44.794041701155905
 21
18.76045230502521
 31
0.0
  0
LINE
  5
125
330
17
100
AcDbEntity
  8
隐藏线
100
AcDbLine
 10
44.794041701155905
 20
18.76045230502521
 30
0.0
 11
44.74165315163807
 21
18.618604069373404
 31
0.0
  0
LINE
  5
126
330
17
100
AcDbEntity
  8
隐藏线
100
AcDbLine
 10
44.74165315163807
 20
18.618604069373404
 30
0.0
 11
44.69459512337927
 21
18.486451530558767
 31
0.0
  0
LINE
  5
127
330
17
100
AcDbEntity
  8
隐藏线
100
AcDbLine
 10
17.892999964449302
 20
32.33953444147021
 30
0.0
 11
17.892999964449302
 21
26.031714061867063
 31
0.0
  0
LINE
  5
128
330
17
100
AcDbEntity
  8
隐藏线
100
AcDbLine
 10
17.892999964449302
 20
32.339534441470185
 30
0.0
 11
17.892999964449302
 21
32.473314096276326
 31
0.0
  0
LINE
  5
129
330
17
100
AcDbEntity
  8
隐藏线
100
AcDbLine
 10
17.892999964449302
 20
32.473314096276326
 30
0.0
 11
17.892999964449302
 21
32.62477975899899
 31
0.0
  0
LINE
  5
12A
330
17
100
AcDbEntity
  8
隐藏线
100
AcDbLine
 10
17.892999964449302
 20
32.62477975899899
 30
0.0
 11
17.892999964449302
 21
32.79322009017234
 31
0.0
  0
LINE
  5
12B
330
17
100
AcDbEntity
  8
隐藏线
100
AcDbLine
 10
17.892999964449302
 20
32.79322009017234
 30
0.0
 11
17.892999964449302
 21
32.97784962308155
 31
0.0
  0
LINE
  5
12C
330
17
100
AcDbEntity
  8
隐藏线
100
AcDbLine
 10
17.892999964449302
 20
32.97784962308155
 30
0.0
 11
17.892999964449302
 21
33.17898779418641
 31
0.0
  0
LINE
  5
12D
330
17
100
AcDbEntity
  8
隐藏线
100
AcDbLine
 10
17.892999964449302
 20
33.17898779418641
 30
0.0
 11
17.892999964449302
 21
33.39433012444671
 31
0.0
  0
LINE
  5
12E
330
17
100
AcDbEntity
  8
隐藏线
100
AcDbLine
 10
17.892999964449302
 20
33.39433012444671
 30
0.0
 11
17.892999964449302
 21
33.62286699187647
 31
0.0
  0
LINE
  5
12F
330
17
100
AcDbEntity
  8
隐藏线
100
AcDbLine
 10
17.892999964449302
 20
33.62286699187647
 30
0.0
 11
17.892999964449302
 21
33.86353115482282
 31
0.0
  0
LINE
  5
130
330
17
100
AcDbEntity
  8
隐藏线
100
AcDbLine
 10
17.892999964449302
 20
33.86353115482282
 30
0.0
 11
17.892999964449302
 21
34.11599131972814
 31
0.0
  0
LINE
  5
131
330
17
100
AcDbEntity
  8
隐藏线
100
AcDbLine
 10
17.892999964449302
 20
34.11599131972814
 30
0.0
 11
17.892999964449302
 21
34.37804131322879
 31
0.0
  0
LINE
  5
132
330
17
100
AcDbEntity
  8
隐藏线
100
AcDbLine
 10
17.892999964449302
 20
34.37804131322879
 30
0.0
 11
17.892999964449302
 21
34.64845372685579
 31
0.0
  0
LINE
  5
133
330
17
100
AcDbEntity
  8
隐藏线
100
AcDbLine
 10
17.892999964449302
 20
34.64845372685579
 30
0.0
 11
17.892999964449302
 21
34.9259646340073
 31
0.0
  0
LINE
  5
134
330
17
100
AcDbEntity
  8
隐藏线
100
AcDbLine
 10
17.892999964449302
 20
34.9259646340073
 30
0.0
 11
17.892999964449302
 21
35.209618424774874
 31
0.0
  0
LINE
  5
135
330
17
100
AcDbEntity
  8
隐藏线
100
AcDbLine
 10
17.892999964449302
 20
35.209618424774874
 30
0.0
 11
17.892999964449302
 21
35.49748312721803
 31
0.0
  0
LINE
  5
136
330
17
100
AcDbEntity
  8
隐藏线
100
AcDbLine
 10
17.892999964449302
 20
35.49748312721803
 30
0.0
 11
17.892999964449302
 21
35.788211406295886
 31
0.0
  0
LINE
  5
137
330
17
100
AcDbEntity
  8
隐藏线
100
AcDbLine
 10
17.892999964449302
 20
35.788211406295886
 30
0.0
 11
17.892999964449302
 21
36.080443421918645
 31
0.0
  0
LINE
  5
138
330
17
100
AcDbEntity
  8
隐藏线
100
AcDbLine
 10
17.892999964449302
 20
43.08044342191866
 30
0.0
 11
17.892999964449302
 21
39.99647227126803
 31
0.0
  0
LINE
  5
139
330
17
100
AcDbEntity
  8
隐藏线
100
AcDbLine
 10
17.892999964449302
 20
39.99647227126803
 30
0.0
 11
17.892999964449302
 21
39.58044342191866
 31
0.0
  0
LINE
  5
13A
330
17
100
AcDbEntity
  8
隐藏线
100
AcDbLine
 10
17.892999964449302
 20
39.58044342191866
 30
0.0
 11
17.892999964449302
 21
36.080443421918645
 31
0.0
  0
LINE
  5
13B
330
17
100
AcDbEntity
  8
隐藏线
100
AcDbLine
 10
17.892999964449302
 20
43.08044342191866
 30
0.0
 11
17.892999964449302
 21
43.885305336425006
 31
0.0
  0
LINE
  5
13C
330
17
100
AcDbEntity
  8
隐藏线
100
AcDbLine
 10
17.892999964449302
 20
43.885305336425006
 30
0.0
 11
17.892999964449302
 21
44.65843960613384
 31
0.0
  0
LINE
  5
13D
330
17
100
AcDbEntity
  8
隐藏线
100
AcDbLine
 10
17.892999964449302
 20
44.65843960613384
 30
0.0
 11
17.892999964449302
 21
45.372165999344055
 31
0.0
  0
LINE
  5
13E
330
17
100
AcDbEntity
  8
隐藏线
100
AcDbLine
 10
17.892999964449302
 20
45.372165999344055
 30
0.0
 11
17.892999964449302
 21
46.0007944282191
 31
0.0
  0
LINE
  5
13F
330
17
100
AcDbEntity
  8
隐藏线
100
AcDbLine
 10
17.892999964449302
 20
46.0007944282191
 30
0.0
 11
17.892999964449302
 21
46.51041263467651
 31
0.0
  0
LINE
  5
140
330
17
100
AcDbEntity
  8
隐藏线
100
AcDbLine
 10
17.892999964449302
 20
46.51041263467651
 30
0.0
 11
17.892999964449302
 21
46.89006321122393
 31
0.0
  0
LINE
  5
141
330
17
100
AcDbEntity
  8
隐藏线
100
AcDbLine
 10
17.892999964449302
 20
46.89006321122393
 30
0.0
 11
17.892999964449302
 21
47.12629048661663
 31
0.0
  0
LINE
  5
142
330
17
100
AcDbEntity
  8
隐藏线
100
AcDbLine
 10
17.892999964449302
 20
47.12629048661663
 30
0.0
 11
17.892999964449302
 21
47.21044342191866
 31
0.0
  0
LINE
  5
143
330
17
100
AcDbEntity
  8
隐藏线
100
AcDbLine
 10
52.892999964449345
 20
32.33953444147021
 30
0.0
 11
52.892999964449345
 21
26.031714061867078
 31
0.0
  0
LINE
  5
144
330
17
100
AcDbEntity
  8
隐藏线
100
AcDbLine
 10
52.892999964449345
 20
36.080443421918645
 30
0.0
 11
52.892999964449345
 21
35.788211406295886
 31
0.0
  0
LINE
  5
145
330
17
100
AcDbEntity
  8
隐藏线
100
AcDbLine
 10
52.892999964449345
 20
35.788211406295886
 30
0.0
 11
52.892999964449345
 21
35.49748312721803
 31
0.0
  0
LINE
  5
146
330
17
100
AcDbEntity
  8
隐藏线
100
AcDbLine
 10
52.892999964449345
 20
35.49748312721803
 30
0.0
 11
52.892999964449345
 21
35.209618424774874
 31
0.0
  0
LINE
  5
147
330
17
100
AcDbEntity
  8
隐藏线
100
AcDbLine
 10
52.892999964449345
 20
35.209618424774874
 30
0.0
 11
52.892999964449345
 21
34.9259646340073
 31
0.0
  0
LINE
  5
148
330
17
100
AcDbEntity
  8
隐藏线
100
AcDbLine
 10
52.892999964449345
 20
34.9259646340073
 30
0.0
 11
52.892999964449345
 21
34.64845372685579
 31
0.0
  0
LINE
  5
149
330
17
100
AcDbEntity
  8
隐藏线
100
AcDbLine
 10
52.892999964449345
 20
34.64845372685579
 30
0.0
 11
52.892999964449345
 21
34.378041313228785
 31
0.0
  0
LINE
  5
14A
330
17
100
AcDbEntity
  8
隐藏线
100
AcDbLine
 10
52.892999964449345
 20
34.378041313228785
 30
0.0
 11
52.892999964449345
 21
34.11599131972814
 31
0.0
  0
LINE
  5
14B
330
17
100
AcDbEntity
  8
隐藏线
100
AcDbLine
 10
52.892999964449345
 20
34.11599131972814
 30
0.0
 11
52.892999964449345
 21
33.863531154822816
 31
0.0
  0
LINE
  5
14C
330
17
100
AcDbEntity
  8
隐藏线
100
AcDbLine
 10
52.892999964449345
 20
33.863531154822816
 30
0.0
 11
52.892999964449345
 21
33.622866991876464
 31
0.0
  0
LINE
  5
14D
330
17
100
AcDbEntity
  8
隐藏线
100
AcDbLine
 10
52.892999964449345
 20
33.622866991876464
 30
0.0
 11
52.892999964449345
 21
33.39433012444671
 31
0.0
  0
LINE
  5
14E
330
17
100
AcDbEntity
  8
隐藏线
100
AcDbLine
 10
52.892999964449345
 20
33.39433012444671
 30
0.0
 11
52.892999964449345
 21
33.17898779418641
 31
0.0
  0
LINE
  5
14F
330
17
100
AcDbEntity
  8
隐藏线
100
AcDbLine
 10
52.892999964449345
 20
33.17898779418641
 30
0.0
 11
52.892999964449345
 21
32.97784962308155
 31
0.0
  0
LINE
  5
150
330
17
100
AcDbEntity
  8
隐藏线
100
AcDbLine
 10
52.892999964449345
 20
32.97784962308155
 30
0.0
 11
52.892999964449345
 21
32.79322009017234
 31
0.0
  0
LINE
  5
151
330
17
100
AcDbEntity
  8
隐藏线
100
AcDbLine
 10
52.892999964449345
 20
32.79322009017234
 30
0.0
 11
52.892999964449345
 21
32.62477975899899
 31
0.0
  0
LINE
  5
152
330
17
100
AcDbEntity
  8
隐藏线
100
AcDbLine
 10
52.892999964449345
 20
32.62477975899899
 30
0.0
 11
52.892999964449345
 21
32.473314096276326
 31
0.0
  0
LINE
  5
153
330
17
100
AcDbEntity
  8
隐藏线
100
AcDbLine
 10
52.892999964449345
 20
32.473314096276326
 30
0.0
 11
52.892999964449345
 21
32.339534441470185
 31
0.0
  0
LINE
  5
154
330
17
100
AcDbEntity
  8
隐藏线
100
AcDbLine
 10
52.892999964449345
 20
43.08044342191866
 30
0.0
 11
52.892999964449345
 21
39.996472271268026
 31
0.0
  0
LINE
  5
155
330
17
100
AcDbEntity
  8
隐藏线
100
AcDbLine
 10
52.892999964449345
 20
39.996472271268026
 30
0.0
 11
52.892999964449345
 21
39.58044342191866
 31
0.0
  0
LINE
  5
156
330
17
100
AcDbEntity
  8
隐藏线
100
AcDbLine
 10
52.892999964449345
 20
39.58044342191866
 30
0.0
 11
52.892999964449345
 21
36.080443421918645
 31
0.0
  0
LINE
  5
157
330
17
100
AcDbEntity
  8
隐藏线
100
AcDbLine
 10
52.892999964449345
 20
43.08044342191866
 30
0.0
 11
52.892999964449345
 21
43.885305336425006
 31
0.0
  0
LINE
  5
158
330
17
100
AcDbEntity
  8
隐藏线
100
AcDbLine
 10
52.892999964449345
 20
43.885305336425006
 30
0.0
 11
52.892999964449345
 21
44.65843960613384
 31
0.0
  0
LINE
  5
159
330
17
100
AcDbEntity
  8
隐藏线
100
AcDbLine
 10
52.892999964449345
 20
44.65843960613384
 30
0.0
 11
52.892999964449345
 21
45.372165999344055
 31
0.0
  0
LINE
  5
15A
330
17
100
AcDbEntity
  8
隐藏线
100
AcDbLine
 10
52.892999964449345
 20
45.372165999344055
 30
0.0
 11
52.892999964449345
 21
46.0007944282191
 31
0.0
  0
LINE
  5
15B
330
17
100
AcDbEntity
  8
隐藏线
100
AcDbLine
 10
52.892999964449345
 20
46.0007944282191
 30
0.0
 11
52.892999964449345
 21
46.51041263467651
 31
0.0
  0
LINE
  5
15C
330
17
100
AcDbEntity
  8
隐藏线
100
AcDbLine
 10
52.892999964449345
 20
46.51041263467651
 30
0.0
 11
52.892999964449345
 21
46.89006321122393
 31
0.0
  0
LINE
  5
15D
330
17
100
AcDbEntity
  8
隐藏线
100
AcDbLine
 10
52.892999964449345
 20
46.89006321122393
 30
0.0
 11
52.892999964449345
 21
47.12629048661663
 31
0.0
  0
LINE
  5
15E
330
17
100
AcDbEntity
  8
隐藏线
100
AcDbLine
 10
52.892999964449345
 20
47.12629048661663
 30
0.0
 11
52.892999964449345
 21
47.21044342191866
 31
0.0
  0
LINE
  5
15F
330
17
100
AcDbEntity
  8
隐藏线
100
AcDbLine
 10
44.92065371962347
 20
19.083147968990858
 30
0.0
 11
44.952852329804585
 21
19.161172105212543
 31
0.0
  0
LINE
  5
160
330
17
100
AcDbEntity
  8
隐藏线
100
AcDbLine
 10
44.952852329804585
 20
19.161172105212543
 30
0.0
 11
44.98605223605313
 21
19.240064586147156
 31
0.0
  0
LINE
  5
161
330
17
100
AcDbEntity
  8
隐藏线
100
AcDbLine
 10
44.98605223605313
 20
19.240064586147156
 30
0.0
 11
45.02020994504403
 21
19.319686822000733
 31
0.0
  0
LINE
  5
162
330
17
100
AcDbEntity
  8
隐藏线
100
AcDbLine
 10
45.05528196345219
 20
19.399900222979298
 30
0.0
 11
45.091224797952535
 21
19.48056619928887
 31
0.0
  0
LINE
  5
163
330
17
100
AcDbEntity
  8
隐藏线
100
AcDbLine
 10
45.091224797952535
 20
19.48056619928887
 30
0.0
 11
45.12799495521998
 21
19.561546161135485
 31
0.0
  0
LINE
  5
164
330
17
100
AcDbEntity
  8
隐藏线
100
AcDbLine
 10
45.12799495521998
 20
19.561546161135485
 30
0.0
 11
45.165548941929444
 21
19.64270151872517
 31
0.0
  0
LINE
  5
165
330
17
100
AcDbEntity
  8
隐藏线
100
AcDbLine
 10
45.165548941929444
 20
19.64270151872517
 30
0.0
 11
45.20384326475584
 21
19.72389368226395
 31
0.0
  0
LINE
  5
166
330
17
100
AcDbEntity
  8
隐藏线
100
AcDbLine
 10
50.79299996444935
 20
26.280443421918648
 30
0.0
 11
50.79299996444935
 21
32.33953444147021
 31
0.0
  0
LINE
  5
167
330
17
100
AcDbEntity
  8
隐藏线
100
AcDbLine
 10
50.7929999644493
 20
36.080443421918645
 30
0.0
 11
50.7929999644493
 21
35.78821140629588
 31
0.0
  0
LINE
  5
168
330
17
100
AcDbEntity
  8
隐藏线
100
AcDbLine
 10
50.7929999644493
 20
35.78821140629588
 30
0.0
 11
50.7929999644493
 21
35.49748312721803
 31
0.0
  0
LINE
  5
169
330
17
100
AcDbEntity
  8
隐藏线
100
AcDbLine
 10
50.7929999644493
 20
35.49748312721803
 30
0.0
 11
50.7929999644493
 21
35.20961842477487
 31
0.0
  0
LINE
  5
16A
330
17
100
AcDbEntity
  8
隐藏线
100
AcDbLine
 10
50.7929999644493
 20
35.20961842477487
 30
0.0
 11
50.7929999644493
 21
34.9259646340073
 31
0.0
  0
LINE
  5
16B
330
17
100
AcDbEntity
  8
隐藏线
100
AcDbLine
 10
50.7929999644493
 20
34.9259646340073
 30
0.0
 11
50.7929999644493
 21
34.64845372685579
 31
0.0
  0
LINE
  5
16C
330
17
100
AcDbEntity
  8
隐藏线
100
AcDbLine
 10
50.7929999644493
 20
34.64845372685579
 30
0.0
 11
50.7929999644493
 21
34.37804131322878
 31
0.0
  0
LINE
  5
16D
330
17
100
AcDbEntity
  8
隐藏线
100
AcDbLine
 10
50.7929999644493
 20
34.37804131322878
 30
0.0
 11
50.7929999644493
 21
34.11599131972814
 31
0.0
  0
LINE
  5
16E
330
17
100
AcDbEntity
  8
隐藏线
100
AcDbLine
 10
50.7929999644493
 20
34.11599131972814
 30
0.0
 11
50.7929999644493
 21
33.86353115482281
 31
0.0
  0
LINE
  5
16F
330
17
100
AcDbEntity
  8
隐藏线
100
AcDbLine
 10
50.7929999644493
 20
33.86353115482281
 30
0.0
 11
50.7929999644493
 21
33.622866991876464
 31
0.0
  0
LINE
  5
170
330
17
100
AcDbEntity
  8
隐藏线
100
AcDbLine
 10
50.7929999644493
 20
33.622866991876464
 30
0.0
 11
50.7929999644493
 21
33.39433012444671
 31
0.0
  0
LINE
  5
171
330
17
100
AcDbEntity
  8
隐藏线
100
AcDbLine
 10
50.7929999644493
 20
33.39433012444671
 30
0.0
 11
50.7929999644493
 21
33.17898779418641
 31
0.0
  0
LINE
  5
172
330
17
100
AcDbEntity
  8
隐藏线
100
AcDbLine
 10
50.7929999644493
 20
33.17898779418641
 30
0.0
 11
50.7929999644493
 21
32.97784962308155
 31
0.0
  0
LINE
  5
173
330
17
100
AcDbEntity
  8
隐藏线
100
AcDbLine
 10
50.7929999644493
 20
32.97784962308155
 30
0.0
 11
50.7929999644493
 21
32.79322009017234
 31
0.0
  0
LINE
  5
174
330
17
100
AcDbEntity
  8
隐藏线
100
AcDbLine
 10
50.7929999644493
 20
32.79322009017234
 30
0.0
 11
50.7929999644493
 21
32.62477975899899
 31
0.0
  0
LINE
  5
175
330
17
100
AcDbEntity
  8
隐藏线
100
AcDbLine
 10
50.7929999644493
 20
32.62477975899899
 30
0.0
 11
50.7929999644493
 21
32.473314096276326
 31
0.0
  0
LINE
  5
176
330
17
100
AcDbEntity
  8
隐藏线
100
AcDbLine
 10
50.7929999644493
 20
32.473314096276326
 30
0.0
 11
50.7929999644493
 21
32.339534441470185
 31
0.0
  0
LINE
  5
177
330
17
100
AcDbEntity
  8
隐藏线
100
AcDbLine
 10
50.79299996444935
 20
36.080443421918645
 30
0.0
 11
50.79299996444935
 21
39.580443421918645
 31
0.0
  0
LINE
  5
178
330
17
100
AcDbEntity
  8
隐藏线
100
AcDbLine
 10
50.79299996444935
 20
39.580443421918645
 30
0.0
 11
50.79299996444935
 21
43.08044342191866
 31
0.0
  0
LINE
  5
179
330
17
100
AcDbEntity
  8
隐藏线
100
AcDbLine
 10
50.7929999644493
 20
43.08044342191866
 30
0.0
 11
50.7929999644493
 21
43.88530533642501
 31
0.0
  0
LINE
  5
17A
330
17
100
AcDbEntity
  8
隐藏线
100
AcDbLine
 10
50.7929999644493
 20
43.88530533642501
 30
0.0
 11
50.7929999644493
 21
44.65843960613384
 31
0.0
  0
LINE
  5
17B
330
17
100
AcDbEntity
  8
隐藏线
100
AcDbLine
 10
50.7929999644493
 20
44.65843960613384
 30
0.0
 11
50.7929999644493
 21
45.372165999344055
 31
0.0
  0
LINE
  5
17C
330
17
100
AcDbEntity
  8
隐藏线
100
AcDbLine
 10
50.7929999644493
 20
45.372165999344055
 30
0.0
 11
50.7929999644493
 21
46.0007944282191
 31
0.0
  0
LINE
  5
17D
330
17
100
AcDbEntity
  8
隐藏线
100
AcDbLine
 10
50.7929999644493
 20
46.0007944282191
 30
0.0
 11
50.7929999644493
 21
46.51041263467651
 31
0.0
  0
LINE
  5
17E
330
17
100
AcDbEntity
  8
隐藏线
100
AcDbLine
 10
50.7929999644493
 20
46.51041263467651
 30
0.0
 11
50.7929999644493
 21
46.89006321122393
 31
0.0
  0
LINE
  5
17F
330
17
100
AcDbEntity
  8
隐藏线
100
AcDbLine
 10
50.7929999644493
 20
46.89006321122393
 30
0.0
 11
50.7929999644493
 21
47.12629048661663
 31
0.0
  0
LINE
  5
180
330
17
100
AcDbEntity
  8
隐藏线
100
AcDbLine
 10
50.7929999644493
 20
47.12629048661663
 30
0.0
 11
50.7929999644493
 21
47.21044342191866
 31
0.0
  0
LINE
  5
181
330
17
100
AcDbEntity
  8
隐藏线
100
AcDbLine
 10
19.992999964449297
 20
26.280443421918648
 30
0.0
 11
19.992999964449297
 21
32.33953444147021
 31
0.0
  0
LINE
  5
182
330
17
100
AcDbEntity
  8
隐藏线
100
AcDbLine
 10
19.9929999644493
 20
32.339534441470185
 30
0.0
 11
19.9929999644493
 21
32.473314096276326
 31
0.0
  0
LINE
  5
183
330
17
100
AcDbEntity
  8
隐藏线
100
AcDbLine
 10
19.9929999644493
 20
32.473314096276326
 30
0.0
 11
19.9929999644493
 21
32.62477975899899
 31
0.0
  0
LINE
  5
184
330
17
100
AcDbEntity
  8
隐藏线
100
AcDbLine
 10
19.9929999644493
 20
32.62477975899899
 30
0.0
 11
19.9929999644493
 21
32.79322009017234
 31
0.0
  0
LINE
  5
185
330
17
100
AcDbEntity
  8
隐藏线
100
AcDbLine
 10
19.9929999644493
 20
32.79322009017234
 30
0.0
 11
19.9929999644493
 21
32.97784962308155
 31
0.0
  0
LINE
  5
186
330
17
100
AcDbEntity
  8
隐藏线
100
AcDbLine
 10
19.9929999644493
 20
32.97784962308155
 30
0.0
 11
19.9929999644493
 21
33.17898779418641
 31
0.0
  0
LINE
  5
187
330
17
100
AcDbEntity
  8
隐藏线
100
AcDbLine
 10
19.9929999644493
 20
33.17898779418641
 30
0.0
 11
19.9929999644493
 21
33.39433012444671
 31
0.0
  0
LINE
  5
188
330
17
100
AcDbEntity
  8
隐藏线
100
AcDbLine
 10
19.9929999644493
 20
33.39433012444671
 30
0.0
 11
19.9929999644493
 21
33.62286699187647
 31
0.0
  0
LINE
  5
189
330
17
100
AcDbEntity
  8
隐藏线
100
AcDbLine
 10
19.9929999644493
 20
33.62286699187647
 30
0.0
 11
19.9929999644493
 21
33.86353115482282
 31
0.0
  0
LINE
  5
18A
330
17
100
AcDbEntity
  8
隐藏线
100
AcDbLine
 10
19.9929999644493
 20
33.86353115482282
 30
0.0
 11
19.9929999644493
 21
34.115991319728145
 31
0.0
  0
LINE
  5
18B
330
17
100
AcDbEntity
  8
隐藏线
100
AcDbLine
 10
19.9929999644493
 20
34.115991319728145
 30
0.0
 11
19.9929999644493
 21
34.37804131322879
 31
0.0
  0
LINE
  5
18C
330
17
100
AcDbEntity
  8
隐藏线
100
AcDbLine
 10
19.9929999644493
 20
34.37804131322879
 30
0.0
 11
19.9929999644493
 21
34.6484537268558
 31
0.0
  0
LINE
  5
18D
330
17
100
AcDbEntity
  8
隐藏线
100
AcDbLine
 10
19.9929999644493
 20
34.6484537268558
 30
0.0
 11
19.9929999644493
 21
34.9259646340073
 31
0.0
  0
LINE
  5
18E
330
17
100
AcDbEntity
  8
隐藏线
100
AcDbLine
 10
19.9929999644493
 20
34.9259646340073
 30
0.0
 11
19.9929999644493
 21
35.209618424774874
 31
0.0
  0
LINE
  5
18F
330
17
100
AcDbEntity
  8
隐藏线
100
AcDbLine
 10
19.9929999644493
 20
35.209618424774874
 30
0.0
 11
19.9929999644493
 21
35.49748312721803
 31
0.0
  0
LINE
  5
190
330
17
100
AcDbEntity
  8
隐藏线
100
AcDbLine
 10
19.9929999644493
 20
35.49748312721803
 30
0.0
 11
19.9929999644493
 21
35.788211406295886
 31
0.0
  0
LINE
  5
191
330
17
100
AcDbEntity
  8
隐藏线
100
AcDbLine
 10
19.9929999644493
 20
35.788211406295886
 30
0.0
 11
19.9929999644493
 21
36.080443421918645
 31
0.0
  0
LINE
  5
192
330
17
100
AcDbEntity
  8
隐藏线
100
AcDbLine
 10
19.992999964449297
 20
36.08044342191865
 30
0.0
 11
19.992999964449297
 21
39.580443421918645
 31
0.0
  0
LINE
  5
193
330
17
100
AcDbEntity
  8
隐藏线
100
AcDbLine
 10
19.992999964449297
 20
39.580443421918645
 30
0.0
 11
19.992999964449297
 21
43.08044342191866
 31
0.0
  0
LINE
  5
194
330
17
100
AcDbEntity
  8
隐藏线
100
AcDbLine
 10
19.9929999644493
 20
43.08044342191866
 30
0.0
 11
19.9929999644493
 21
43.88530533642501
 31
0.0
  0
LINE
  5
195
330
17
100
AcDbEntity
  8
隐藏线
100
AcDbLine
 10
19.9929999644493
 20
43.88530533642501
 30
0.0
 11
19.9929999644493
 21
44.65843960613384
 31
0.0
  0
LINE
  5
196
330
17
100
AcDbEntity
  8
隐藏线
100
AcDbLine
 10
19.9929999644493
 20
44.65843960613384
 30
0.0
 11
19.9929999644493
 21
45.372165999344055
 31
0.0
  0
LINE
  5
197
330
17
100
AcDbEntity
  8
隐藏线
100
AcDbLine
 10
19.9929999644493
 20
45.372165999344055
 30
0.0
 11
19.9929999644493
 21
46.0007944282191
 31
0.0
  0
LINE
  5
198
330
17
100
AcDbEntity
  8
隐藏线
100
AcDbLine
 10
19.9929999644493
 20
46.0007944282191
 30
0.0
 11
19.9929999644493
 21
46.51041263467651
 31
0.0
  0
LINE
  5
199
330
17
100
AcDbEntity
  8
隐藏线
100
AcDbLine
 10
19.9929999644493
 20
46.51041263467651
 30
0.0
 11
19.9929999644493
 21
46.89006321122393
 31
0.0
  0
LINE
  5
19A
330
17
100
AcDbEntity
  8
隐藏线
100
AcDbLine
 10
19.9929999644493
 20
46.89006321122393
 30
0.0
 11
19.9929999644493
 21
47.12629048661663
 31
0.0
  0
LINE
  5
19B
330
17
100
AcDbEntity
  8
隐藏线
100
AcDbLine
 10
19.9929999644493
 20
47.12629048661663
 30
0.0
 11
19.9929999644493
 21
47.21044342191866
 31
0.0
  0
LINE
  5
19C
330
17
100
AcDbEntity
  8
隐藏线
100
AcDbLine
 10
25.865346224995516
 20
19.083147930515956
 30
0.0
 11
25.833147613293505
 21
19.161172071139937
 31
0.0
  0
LINE
  5
19D
330
17
100
AcDbEntity
  8
隐藏线
100
AcDbLine
 10
25.833147613293505
 20
19.161172071139937
 30
0.0
 11
25.79994770538098
 21
19.240064556644725
 31
0.0
  0
LINE
  5
19E
330
17
100
AcDbEntity
  8
隐藏线
100
AcDbLine
 10
25.79994770538098
 20
19.240064556644725
 30
0.0
 11
25.765789994591117
 21
19.319686797210558
 31
0.0
  0
LINE
  5
19F
330
17
100
AcDbEntity
  8
隐藏线
100
AcDbLine
 10
25.73071797425709
 20
19.399900203017687
 30
0.0
 11
25.694775137712067
 21
19.480566184246353
 31
0.0
  0
LINE
  5
1A0
330
17
100
AcDbEntity
  8
隐藏线
100
AcDbLine
 10
25.694775137712067
 20
19.480566184246353
 30
0.0
 11
25.658004978289227
 21
19.56154615107679
 31
0.0
  0
LINE
  5
1A1
330
17
100
AcDbEntity
  8
隐藏线
100
AcDbLine
 10
25.658004978289227
 20
19.56154615107679
 30
0.0
 11
25.62045098932175
 21
19.642701513689243
 31
0.0
  0
LINE
  5
1A2
330
17
100
AcDbEntity
  8
隐藏线
100
AcDbLine
 10
25.62045098932175
 20
19.642701513689243
 30
0.0
 11
25.5821566641428
 21
19.72389368226395
 31
0.0
  0
LINE
  5
1A3
330
17
100
AcDbEntity
  8
隐藏线
100
AcDbLine
 10
31.893000000000004
 20
56.380443421918656
 30
0.0
 11
31.96431604594747
 21
56.380443421918656
 31
0.0
  0
LINE
  5
1A4
330
17
100
AcDbEntity
  8
隐藏线
100
AcDbLine
 10
31.96431604594747
 20
56.380443421918656
 30
0.0
 11
32.16450864966954
 21
56.380443421918656
 31
0.0
  0
LINE
  5
1A5
330
17
100
AcDbEntity
  8
隐藏线
100
AcDbLine
 10
32.16450864966954
 20
56.380443421918656
 30
0.0
 11
32.48624642242508
 21
56.380443421918656
 31
0.0
  0
LINE
  5
1A6
330
17
100
AcDbEntity
  8
隐藏线
100
AcDbLine
 10
32.48624642242508
 20
56.380443421918656
 30
0.0
 11
32.91812625327803
 21
56.380443421918656
 31
0.0
  0
LINE
  5
1A7
330
17
100
AcDbEntity
  8
隐藏线
100
AcDbLine
 10
32.91812625327803
 20
56.380443421918656
 30
0.0
 11
33.45086220403692
 21
56.380443421918656
 31
0.0
  0
LINE
  5
1A8
330
17
100
AcDbEntity
  8
隐藏线
100
AcDbLine
 10
33.45086220403692
 20
56.380443421918656
 30
0.0
 11
34.055715073500856
 21
56.380443421918656
 31
0.0
  0
LINE
  5
1A9
330
17
100
AcDbEntity
  8
隐藏线
100
AcDbLine
 10
34.055715073500856
 20
56.380443421918656
 30
0.0
 11
34.710913601292354
 21
56.380443421918656
 31
0.0
  0
LINE
  5
1AA
330
17
100
AcDbEntity
  8
隐藏线
100
AcDbLine
 10
34.710913601292354
 20
56.380443421918656
 30
0.0
 11
35.39299996444935
 21
56.380443421918656
 31
0.0
  0
LINE
  5
1AB
330
17
100
AcDbEntity
  8
隐藏线
100
AcDbLine
 10
35.39299996444935
 20
56.380443421918656
 30
0.0
 11
36.07508633774379
 21
56.380443421918656
 31
0.0
  0
LINE
  5
1AC
330
17
100
AcDbEntity
  8
隐藏线
100
AcDbLine
 10
36.07508633774379
 20
56.380443421918656
 30
0.0
 11
36.73028487725539
 21
56.380443421918656
 31
0.0
  0
LINE
  5
1AD
330
17
100
AcDbEntity
  8
隐藏线
100
AcDbLine
 10
36.73028487725539
 20
56.380443421918656
 30
0.0
 11
37.335137758995224
 21
56.380443421918656
 31
0.0
  0
LINE
  5
1AE
330
17
100
AcDbEntity
  8
隐藏线
100
AcDbLine
 10
37.335137758995224
 20
56.380443421918656
 30
0.0
 11
37.86787372158386
 21
56.380443421918656
 31
0.0
  0
LINE
  5
1AF
330
17
100
AcDbEntity
  8
隐藏线
100
AcDbLine
 10
37.86787372158386
 20
56.380443421918656
 30
0.0
 11
38.29975356269263
 21
56.380443421918656
 31
0.0
  0
LINE
  5
1B0
330
17
100
AcDbEntity
  8
隐藏线
100
AcDbLine
 10
38.29975356269263
 20
56.380443421918656
 30
0.0
 11
38.62149134340729
 21
56.380443421918656
 31
0.0
  0
LINE
  5
1B1
330
17
100
AcDbEntity
  8
隐藏线
100
AcDbLine
 10
38.62149134340729
 20
56.380443421918656
 30
0.0
 11
38.82168395221522
 21
56.380443421918656
 31
0.0
  0
LINE
  5
1B2
330
17
100
AcDbEntity
  8
隐藏线
100
AcDbLine
 10
38.82168395221522
 20
56.380443421918656
 30
0.0
 11
38.893
 21
56.380443421918656
 31
0.0
  0
LINE
  5
1B3
330
17
100
AcDbEntity
  8
隐藏线
100
AcDbLine
 10
31.893000000000004
 20
54.28044342191866
 30
0.0
 11
31.964316045947466
 21
54.28044342191866
 31
0.0
  0
LINE
  5
1B4
330
17
100
AcDbEntity
  8
隐藏线
100
AcDbLine
 10
31.964316045947466
 20
54.28044342191866
 30
0.0
 11
32.16450864966954
 21
54.28044342191866
 31
0.0
  0
LINE
  5
1B5
330
17
100
AcDbEntity
  8
隐藏线
100
AcDbLine
 10
32.16450864966954
 20
54.28044342191866
 30
0.0
 11
32.48624642242508
 21
54.28044342191866
 31
0.0
  0
LINE
  5
1B6
330
17
100
AcDbEntity
  8
隐藏线
100
AcDbLine
 10
32.48624642242508
 20
54.28044342191866
 30
0.0
 11
32.918126253278025
 21
54.28044342191866
 31
0.0
  0
LINE
  5
1B7
330
17
100
AcDbEntity
  8
隐藏线
100
AcDbLine
 10
32.918126253278025
 20
54.28044342191866
 30
0.0
 11
33.45086220403691
 21
54.28044342191866
 31
0.0
  0
LINE
  5
1B8
330
17
100
AcDbEntity
  8
隐藏线
100
AcDbLine
 10
33.45086220403691
 20
54.28044342191866
 30
0.0
 11
34.05571507350084
 21
54.28044342191866
 31
0.0
  0
LINE
  5
1B9
330
17
100
AcDbEntity
  8
隐藏线
100
AcDbLine
 10
34.05571507350084
 20
54.28044342191866
 30
0.0
 11
34.71091360129233
 21
54.28044342191866
 31
0.0
  0
LINE
  5
1BA
330
17
100
AcDbEntity
  8
隐藏线
100
AcDbLine
 10
34.71091360129233
 20
54.28044342191866
 30
0.0
 11
35.39299996444933
 21
54.28044342191866
 31
0.0
  0
LINE
  5
1BB
330
17
100
AcDbEntity
  8
隐藏线
100
AcDbLine
 10
35.39299996444933
 20
54.28044342191866
 30
0.0
 11
36.07508633774378
 21
54.28044342191866
 31
0.0
  0
LINE
  5
1BC
330
17
100
AcDbEntity
  8
隐藏线
100
AcDbLine
 10
36.07508633774378
 20
54.28044342191866
 30
0.0
 11
36.73028487725538
 21
54.28044342191866
 31
0.0
  0
LINE
  5
1BD
330
17
100
AcDbEntity
  8
隐藏线
100
AcDbLine
 10
36.73028487725538
 20
54.28044342191866
 30
0.0
 11
37.33513775899521
 21
54.28044342191866
 31
0.0
  0
LINE
  5
1BE
330
17
100
AcDbEntity
  8
隐藏线
100
AcDbLine
 10
37.33513775899521
 20
54.28044342191866
 30
0.0
 11
37.867873721583855
 21
54.28044342191866
 31
0.0
  0
LINE
  5
1BF
330
17
100
AcDbEntity
  8
隐藏线
100
AcDbLine
 10
37.867873721583855
 20
54.28044342191866
 30
0.0
 11
38.29975356269262
 21
54.28044342191866
 31
0.0
  0
LINE
  5
1C0
330
17
100
AcDbEntity
  8
隐藏线
100
AcDbLine
 10
38.29975356269262
 20
54.28044342191866
 30
0.0
 11
38.62149134340729
 21
54.28044342191866
 31
0.0
  0
LINE
  5
1C1
330
17
100
AcDbEntity
  8
隐藏线
100
AcDbLine
 10
38.62149134340729
 20
54.28044342191866
 30
0.0
 11
38.82168395221522
 21
54.28044342191866
 31
0.0
  0
LINE
  5
1C2
330
17
100
AcDbEntity
  8
隐藏线
100
AcDbLine
 10
38.82168395221522
 20
54.28044342191866
 30
0.0
 11
38.893
 21
54.28044342191866
 31
0.0
  0
LINE
  5
1C3
330
17
100
AcDbEntity
  8
隐藏线
100
AcDbLine
 10
50.79299996444935
 20
32.33953444147021
 30
0.0
 11
51.84299996444932
 21
32.33953444147021
 31
0.0
  0
LINE
  5
1C4
330
17
100
AcDbEntity
  8
隐藏线
100
AcDbLine
 10
51.84299996444932
 20
32.33953444147021
 30
0.0
 11
52.892999964449345
 21
32.33953444147021
 31
0.0
  0
LINE
  5
1C5
330
17
100
AcDbEntity
  8
隐藏线
100
AcDbLine
 10
17.892999964449302
 20
32.33953444147021
 30
0.0
 11
18.9429999644493
 21
32.33953444147021
 31
0.0
  0
LINE
  5
1C6
330
17
100
AcDbEntity
  8
隐藏线
100
AcDbLine
 10
18.9429999644493
 20
32.33953444147021
 30
0.0
 11
19.9929999644493
 21
32.33953444147021
 31
0.0
  0
LINE
  5
1C7
330
17
100
AcDbEntity
  8
隐藏线
100
AcDbLine
 10
31.893000000000004
 20
56.380443421918656
 30
0.0
 11
31.893000000000004
 21
55.33044342191866
 31
0.0
  0
LINE
  5
1C8
330
17
100
AcDbEntity
  8
隐藏线
100
AcDbLine
 10
31.893000000000004
 20
55.33044342191866
 30
0.0
 11
31.893000000000004
 21
54.28044342191866
 31
0.0
  0
LINE
  5
1C9
330
17
100
AcDbEntity
  8
隐藏线
100
AcDbLine
 10
38.893
 20
56.380443421918656
 30
0.0
 11
38.893
 21
55.33044342191866
 31
0.0
  0
LINE
  5
1CA
330
17
100
AcDbEntity
  8
隐藏线
100
AcDbLine
 10
38.893
 20
55.33044342191866
 30
0.0
 11
38.893
 21
54.28044342191866
 31
0.0
  0
LINE
  5
1CB
330
17
100
AcDbEntity
  8
隐藏线
100
AcDbLine
 10
50.7929999644493
 20
47.21044342191866
 30
0.0
 11
51.84299996444932
 21
47.21044342191866
 31
0.0
  0
LINE
  5
1CC
330
17
100
AcDbEntity
  8
隐藏线
100
AcDbLine
 10
51.84299996444932
 20
47.21044342191866
 30
0.0
 11
52.892999964449345
 21
47.21044342191866
 31
0.0
  0
LINE
  5
1CD
330
17
100
AcDbEntity
  8
隐藏线
100
AcDbLine
 10
17.892999964449302
 20
47.21044342191866
 30
0.0
 11
18.9429999644493
 21
47.21044342191866
 31
0.0
  0
LINE
  5
1CE
330
17
100
AcDbEntity
  8
隐藏线
100
AcDbLine
 10
18.9429999644493
 20
47.21044342191866
 30
0.0
 11
19.9929999644493
 21
47.21044342191866
 31
0.0
  0
LINE
  5
1CF
330
17
100
AcDbEntity
  8
可见轮廓
100
AcDbLine
 10
51.14300000000003
 20
122.133
 30
0.0
 11
51.25727400752472
 21
122.133
 31
0.0
  0
LINE
  5
1D0
330
17
100
AcDbEntity
  8
可见轮廓
100
AcDbLine
 10
51.25727400752472
 20
122.133
 30
0.0
 11
51.37237857203874
 21
122.133
 31
0.0
  0
LINE
  5
1D1
330
17
100
AcDbEntity
  8
可见轮廓
100
AcDbLine
 10
51.37237857203874
 20
122.133
 30
0.0
 11
51.48829594197726
 21
122.133
 31
0.0
  0
LINE
  5
1D2
330
17
100
AcDbEntity
  8
可见轮廓
100
AcDbLine
 10
51.48829594197726
 20
122.133
 30
0.0
 11
51.60500824880796
 21
122.133
 31
0.0
  0
LINE
  5
1D3
330
17
100
AcDbEntity
  8
可见轮廓
100
AcDbLine
 10
51.60500824880796
 20
122.133
 30
0.0
 11
51.72256029230262
 21
122.133
 31
0.0
  0
LINE
  5
1D4
330
17
100
AcDbEntity
  8
可见轮廓
100
AcDbLine
 10
51.72256029230262
 20
122.133
 30
0.0
 11
51.840867540934866
 21
122.133
 31
0.0
  0
LINE
  5
1D5
330
17
100
AcDbEntity
  8
可见轮廓
100
AcDbLine
 10
51.840867540934866
 20
122.133
 30
0.0
 11
51.959911749724114
 21
122.133
 31
0.0
  0
LINE
  5
1D6
330
17
100
AcDbEntity
  8
可见轮廓
100
AcDbLine
 10
51.959911749724114
 20
122.133
 30
0.0
 11
52.07967456763684
 21
122.133
 31
0.0
  0
LINE
  5
1D7
330
17
100
AcDbEntity
  8
可见轮廓
100
AcDbLine
 10
52.07967456763685
 20
130.38299999999998
 30
0.0
 11
51.959911749724114
 21
130.38299999999998
 31
0.0
  0
LINE
  5
1D8
330
17
100
AcDbEntity
  8
可见轮廓
100
AcDbLine
 10
51.959911749724114
 20
130.38299999999998
 30
0.0
 11
51.84086754093487
 21
130.38299999999998
 31
0.0
  0
LINE
  5
1D9
330
17
100
AcDbEntity
  8
可见轮廓
100
AcDbLine
 10
51.84086754093487
 20
130.38299999999998
 30
0.0
 11
51.72256029230262
 21
130.38299999999998
 31
0.0
  0
LINE
  5
1DA
330
17
100
AcDbEntity
  8
可见轮廓
100
AcDbLine
 10
51.72256029230262
 20
130.38299999999998
 30
0.0
 11
51.60500824880796
 21
130.38299999999998
 31
0.0
  0
LINE
  5
1DB
330
17
100
AcDbEntity
  8
可见轮廓
100
AcDbLine
 10
51.60500824880796
 20
130.38299999999998
 30
0.0
 11
51.48829594197727
 21
130.38299999999998
 31
0.0
  0
LINE
  5
1DC
330
17
100
AcDbEntity
  8
可见轮廓
100
AcDbLine
 10
51.48829594197727
 20
130.38299999999998
 30
0.0
 11
51.37237857203874
 21
130.38299999999998
 31
0.0
  0
LINE
  5
1DD
330
17
100
AcDbEntity
  8
可见轮廓
100
AcDbLine
 10
51.37237857203874
 20
130.38299999999998
 30
0.0
 11
51.25727400752472
 21
130.38299999999998
 31
0.0
  0
LINE
  5
1DE
330
17
100
AcDbEntity
  8
可见轮廓
100
AcDbLine
 10
51.25727400752472
 20
130.38299999999998
 30
0.0
 11
51.14300000000003
 21
130.38299999999998
 31
0.0
  0
LINE
  5
1DF
330
17
100
AcDbEntity
  8
可见轮廓
100
AcDbLine
 10
52.89300000000003
 20
130.38299999999998
 30
0.0
 11
52.89300000000003
 21
126.258
 31
0.0
  0
LINE
  5
1E0
330
17
100
AcDbEntity
  8
可见轮廓
100
AcDbLine
 10
52.89300000000003
 20
126.258
 30
0.0
 11
52.89300000000003
 21
122.133
 31
0.0
  0
LINE
  5
1E1
330
17
100
AcDbEntity
  8
可见轮廓
100
AcDbLine
 10
52.89300000000003
 20
130.38299999999998
 30
0.0
 11
52.88924140952443
 21
130.38299999999998
 31
0.0
  0
LINE
  5
1E2
330
17
100
AcDbEntity
  8
可见轮廓
100
AcDbLine
 10
52.86101690154595
 20
130.38299999999998
 30
0.0
 11
52.836684247537484
 21
130.38299999999998
 31
0.0
  0
LINE
  5
1E3
330
17
100
AcDbEntity
  8
可见轮廓
100
AcDbLine
 10
52.836684247537484
 20
130.38299999999998
 30
0.0
 11
52.80513679522187
 21
130.38299999999998
 31
0.0
  0
LINE
  5
1E4
330
17
100
AcDbEntity
  8
可见轮廓
100
AcDbLine
 10
52.76709316077384
 20
130.38299999999998
 30
0.0
 11
52.722733963293145
 21
130.38299999999998
 31
0.0
  0
LINE
  5
1E5
330
17
100
AcDbEntity
  8
可见轮廓
100
AcDbLine
 10
52.722733963293145
 20
130.38299999999998
 30
0.0
 11
52.67226765297189
 21
130.38299999999998
 31
0.0
  0
LINE
  5
1E6
330
17
100
AcDbEntity
  8
可见轮廓
100
AcDbLine
 10
52.67226765297189
 20
130.38299999999998
 30
0.0
 11
52.615469365266875
 21
130.38299999999998
 31
0.0
  0
LINE
  5
1E7
330
17
100
AcDbEntity
  8
可见轮廓
100
AcDbLine
 10
52.615469365266875
 20
130.38299999999998
 30
0.0
 11
52.55312094671966
 21
130.38299999999998
 31
0.0
  0
LINE
  5
1E8
330
17
100
AcDbEntity
  8
可见轮廓
100
AcDbLine
 10
52.55312094671966
 20
130.38299999999998
 30
0.0
 11
52.485517605795195
 21
130.38299999999998
 31
0.0
  0
LINE
  5
1E9
330
17
100
AcDbEntity
  8
可见轮廓
100
AcDbLine
 10
52.485517605795195
 20
130.38299999999998
 30
0.0
 11
52.41297770807509
 21
130.38299999999998
 31
0.0
  0
LINE
  5
1EA
330
17
100
AcDbEntity
  8
可见轮廓
100
AcDbLine
 10
52.41297770807509
 20
130.38299999999998
 30
0.0
 11
52.33549806828166
 21
130.38299999999998
 31
0.0
  0
LINE
  5
1EB
330
17
100
AcDbEntity
  8
可见轮廓
100
AcDbLine
 10
52.33549806828166
 20
130.38299999999998
 30
0.0
 11
52.253860862928605
 21
130.38299999999998
 31
0.0
  0
LINE
  5
1EC
330
17
100
AcDbEntity
  8
可见轮廓
100
AcDbLine
 10
52.253860862928605
 20
130.38299999999998
 30
0.0
 11
52.168452140007716
 21
130.38299999999998
 31
0.0
  0
LINE
  5
1ED
330
17
100
AcDbEntity
  8
可见轮廓
100
AcDbLine
 10
52.168452140007716
 20
130.38299999999998
 30
0.0
 11
52.07967456763684
 21
130.38299999999998
 31
0.0
  0
LINE
  5
1EE
330
17
100
AcDbEntity
  8
可见轮廓
100
AcDbLine
 10
52.07967456763684
 20
122.133
 30
0.0
 11
52.168452140007716
 21
122.133
 31
0.0
  0
LINE
  5
1EF
330
17
100
AcDbEntity
  8
可见轮廓
100
AcDbLine
 10
52.168452140007716
 20
122.133
 30
0.0
 11
52.253860862928605
 21
122.133
 31
0.0
  0
LINE
  5
1F0
330
17
100
AcDbEntity
  8
可见轮廓
100
AcDbLine
 10
52.253860862928605
 20
122.133
 30
0.0
 11
52.33549806828165
 21
122.133
 31
0.0
  0
LINE
  5
1F1
330
17
100
AcDbEntity
  8
可见轮廓
100
AcDbLine
 10
52.33549806828165
 20
122.133
 30
0.0
 11
52.41297770807509
 21
122.133
 31
0.0
  0
LINE
  5
1F2
330
17
100
AcDbEntity
  8
可见轮廓
100
AcDbLine
 10
52.41297770807509
 20
122.133
 30
0.0
 11
52.485517605795195
 21
122.133
 31
0.0
  0
LINE
  5
1F3
330
17
100
AcDbEntity
  8
可见轮廓
100
AcDbLine
 10
52.485517605795195
 20
122.133
 30
0.0
 11
52.55312094671966
 21
122.133
 31
0.0
  0
LINE
  5
1F4
330
17
100
AcDbEntity
  8
可见轮廓
100
AcDbLine
 10
52.55312094671966
 20
122.133
 30
0.0
 11
52.615469365266875
 21
122.133
 31
0.0
  0
LINE
  5
1F5
330
17
100
AcDbEntity
  8
可见轮廓
100
AcDbLine
 10
52.615469365266875
 20
122.133
 30
0.0
 11
52.67226765297189
 21
122.133
 31
0.0
  0
LINE
  5
1F6
330
17
100
AcDbEntity
  8
可见轮廓
100
AcDbLine
 10
52.67226765297189
 20
122.133
 30
0.0
 11
52.722733963293145
 21
122.133
 31
0.0
  0
LINE
  5
1F7
330
17
100
AcDbEntity
  8
可见轮廓
100
AcDbLine
 10
52.722733963293145
 20
122.133
 30
0.0
 11
52.76709316077384
 21
122.133
 31
0.0
  0
LINE
  5
1F8
330
17
100
AcDbEntity
  8
可见轮廓
100
AcDbLine
 10
52.76709316077384
 20
122.133
 30
0.0
 11
52.80513679522187
 21
122.133
 31
0.0
  0
LINE
  5
1F9
330
17
100
AcDbEntity
  8
可见轮廓
100
AcDbLine
 10
52.836684247537484
 20
122.133
 30
0.0
 11
52.86101690154595
 21
122.133
 31
0.0
  0
LINE
  5
1FA
330
17
100
AcDbEntity
  8
可见轮廓
100
AcDbLine
 10
52.86101690154595
 20
122.133
 30
0.0
 11
52.8785632104618
 21
122.133
 31
0.0
  0
LINE
  5
1FB
330
17
100
AcDbEntity
  8
可见轮廓
100
AcDbLine
 10
17.893000000000033
 20
130.38299999999998
 30
0.0
 11
17.896758590475624
 21
130.38299999999998
 31
0.0
  0
LINE
  5
1FC
330
17
100
AcDbEntity
  8
可见轮廓
100
AcDbLine
 10
17.924983098454103
 20
130.38299999999998
 30
0.0
 11
17.949315752462574
 21
130.38299999999998
 31
0.0
  0
LINE
  5
1FD
330
17
100
AcDbEntity
  8
可见轮廓
100
AcDbLine
 10
17.949315752462574
 20
130.38299999999998
 30
0.0
 11
17.980863204778185
 21
130.38299999999998
 31
0.0
  0
LINE
  5
1FE
330
17
100
AcDbEntity
  8
可见轮廓
100
AcDbLine
 10
18.01890683922622
 20
130.38299999999998
 30
0.0
 11
18.063266036706914
 21
130.38299999999998
 31
0.0
  0
LINE
  5
1FF
330
17
100
AcDbEntity
  8
可见轮廓
100
AcDbLine
 10
18.063266036706914
 20
130.38299999999998
 30
0.0
 11
18.11373234702817
 21
130.38299999999998
 31
0.0
  0
LINE
  5
200
330
17
100
AcDbEntity
  8
可见轮廓
100
AcDbLine
 10
18.11373234702817
 20
130.38299999999998
 30
0.0
 11
18.170530634733183
 21
130.38299999999998
 31
0.0
  0
LINE
  5
201
330
17
100
AcDbEntity
  8
可见轮廓
100
AcDbLine
 10
18.170530634733183
 20
130.38299999999998
 30
0.0
 11
18.2328790532804
 21
130.38299999999998
 31
0.0
  0
LINE
  5
202
330
17
100
AcDbEntity
  8
可见轮廓
100
AcDbLine
 10
18.2328790532804
 20
130.38299999999998
 30
0.0
 11
18.300482394204863
 21
130.38299999999998
 31
0.0
  0
LINE
  5
203
330
17
100
AcDbEntity
  8
可见轮廓
100
AcDbLine
 10
18.300482394204863
 20
130.38299999999998
 30
0.0
 11
18.37302229192497
 21
130.38299999999998
 31
0.0
  0
LINE
  5
204
330
17
100
AcDbEntity
  8
可见轮廓
100
AcDbLine
 10
18.37302229192497
 20
130.38299999999998
 30
0.0
 11
18.450501931718403
 21
130.38299999999998
 31
0.0
  0
LINE
  5
205
330
17
100
AcDbEntity
  8
可见轮廓
100
AcDbLine
 10
18.450501931718403
 20
130.38299999999998
 30
0.0
 11
18.53213913707146
 21
130.38299999999998
 31
0.0
  0
LINE
  5
206
330
17
100
AcDbEntity
  8
可见轮廓
100
AcDbLine
 10
18.53213913707146
 20
130.38299999999998
 30
0.0
 11
18.617547859992346
 21
130.38299999999998
 31
0.0
  0
LINE
  5
207
330
17
100
AcDbEntity
  8
可见轮廓
100
AcDbLine
 10
18.617547859992346
 20
130.38299999999998
 30
0.0
 11
18.70632543236322
 21
130.38299999999998
 31
0.0
  0
LINE
  5
208
330
17
100
AcDbEntity
  8
可见轮廓
100
AcDbLine
 10
17.892999999999983
 20
130.38299999999998
 30
0.0
 11
17.892999999999983
 21
126.258
 31
0.0
  0
LINE
  5
209
330
17
100
AcDbEntity
  8
可见轮廓
100
AcDbLine
 10
17.892999999999983
 20
126.258
 30
0.0
 11
17.892999999999983
 21
122.133
 31
0.0
  0
LINE
  5
20A
330
17
100
AcDbEntity
  8
可见轮廓
100
AcDbLine
 10
18.70632543236322
 20
122.133
 30
0.0
 11
18.617547859992346
 21
122.133
 31
0.0
  0
LINE
  5
20B
330
17
100
AcDbEntity
  8
可见轮廓
100
AcDbLine
 10
18.617547859992346
 20
122.133
 30
0.0
 11
18.53213913707146
 21
122.133
 31
0.0
  0
LINE
  5
20C
330
17
100
AcDbEntity
  8
可见轮廓
100
AcDbLine
 10
18.53213913707146
 20
122.133
 30
0.0
 11
18.450501931718403
 21
122.133
 31
0.0
  0
LINE
  5
20D
330
17
100
AcDbEntity
  8
可见轮廓
100
AcDbLine
 10
18.450501931718403
 20
122.133
 30
0.0
 11
18.37302229192497
 21
122.133
 31
0.0
  0
LINE
  5
20E
330
17
100
AcDbEntity
  8
可见轮廓
100
AcDbLine
 10
18.37302229192497
 20
122.133
 30
0.0
 11
18.300482394204863
 21
122.133
 31
0.0
  0
LINE
  5
20F
330
17
100
AcDbEntity
  8
可见轮廓
100
AcDbLine
 10
18.300482394204863
 20
122.133
 30
0.0
 11
18.2328790532804
 21
122.133
 31
0.0
  0
LINE
  5
210
330
17
100
AcDbEntity
  8
可见轮廓
100
AcDbLine
 10
18.2328790532804
 20
122.133
 30
0.0
 11
18.170530634733183
 21
122.133
 31
0.0
  0
LINE
  5
211
330
17
100
AcDbEntity
  8
可见轮廓
100
AcDbLine
 10
18.170530634733183
 20
122.133
 30
0.0
 11
18.11373234702817
 21
122.133
 31
0.0
  0
LINE
  5
212
330
17
100
AcDbEntity
  8
可见轮廓
100
AcDbLine
 10
18.11373234702817
 20
122.133
 30
0.0
 11
18.063266036706914
 21
122.133
 31
0.0
  0
LINE
  5
213
330
17
100
AcDbEntity
  8
可见轮廓
100
AcDbLine
 10
18.063266036706914
 20
122.133
 30
0.0
 11
18.01890683922622
 21
122.133
 31
0.0
  0
LINE
  5
214
330
17
100
AcDbEntity
  8
可见轮廓
100
AcDbLine
 10
18.01890683922622
 20
122.133
 30
0.0
 11
17.980863204778185
 21
122.133
 31
0.0
  0
LINE
  5
215
330
17
100
AcDbEntity
  8
可见轮廓
100
AcDbLine
 10
17.949315752462574
 20
122.133
 30
0.0
 11
17.924983098454103
 21
122.133
 31
0.0
  0
LINE
  5
216
330
17
100
AcDbEntity
  8
可见轮廓
100
AcDbLine
 10
17.924983098454103
 20
122.133
 30
0.0
 11
17.907436789538263
 21
122.133
 31
0.0
  0
LINE
  5
217
330
17
100
AcDbEntity
  8
可见轮廓
100
AcDbLine
 10
19.643000000000036
 20
122.133
 30
0.0
 11
19.528725992475344
 21
122.133
 31
0.0
  0
LINE
  5
218
330
17
100
AcDbEntity
  8
可见轮廓
100
AcDbLine
 10
19.528725992475344
 20
122.133
 30
0.0
 11
19.413621427961317
 21
122.133
 31
0.0
  0
LINE
  5
219
330
17
100
AcDbEntity
  8
可见轮廓
100
AcDbLine
 10
19.413621427961317
 20
122.133
 30
0.0
 11
19.2977040580228
 21
122.133
 31
0.0
  0
LINE
  5
21A
330
17
100
AcDbEntity
  8
可见轮廓
100
AcDbLine
 10
19.2977040580228
 20
122.133
 30
0.0
 11
19.180991751192103
 21
122.133
 31
0.0
  0
LINE
  5
21B
330
17
100
AcDbEntity
  8
可见轮廓
100
AcDbLine
 10
19.180991751192103
 20
122.133
 30
0.0
 11
19.063439707697448
 21
122.133
 31
0.0
  0
LINE
  5
21C
330
17
100
AcDbEntity
  8
可见轮廓
100
AcDbLine
 10
19.063439707697448
 20
122.133
 30
0.0
 11
18.945132459065192
 21
122.133
 31
0.0
  0
LINE
  5
21D
330
17
100
AcDbEntity
  8
可见轮廓
100
AcDbLine
 10
18.945132459065192
 20
122.133
 30
0.0
 11
18.826088250275948
 21
122.133
 31
0.0
  0
LINE
  5
21E
330
17
100
AcDbEntity
  8
可见轮廓
100
AcDbLine
 10
18.826088250275948
 20
122.133
 30
0.0
 11
18.706325432363215
 21
122.133
 31
0.0
  0
LINE
  5
21F
330
17
100
AcDbEntity
  8
可见轮廓
100
AcDbLine
 10
18.706325432363215
 20
130.38299999999998
 30
0.0
 11
18.826088250275944
 21
130.38299999999998
 31
0.0
  0
LINE
  5
220
330
17
100
AcDbEntity
  8
可见轮廓
100
AcDbLine
 10
18.826088250275944
 20
130.38299999999998
 30
0.0
 11
18.945132459065192
 21
130.38299999999998
 31
0.0
  0
LINE
  5
221
330
17
100
AcDbEntity
  8
可见轮廓
100
AcDbLine
 10
18.945132459065192
 20
130.38299999999998
 30
0.0
 11
19.063439707697444
 21
130.38299999999998
 31
0.0
  0
LINE
  5
222
330
17
100
AcDbEntity
  8
可见轮廓
100
AcDbLine
 10
19.063439707697444
 20
130.38299999999998
 30
0.0
 11
19.1809917511921
 21
130.38299999999998
 31
0.0
  0
LINE
  5
223
330
17
100
AcDbEntity
  8
可见轮廓
100
AcDbLine
 10
19.1809917511921
 20
130.38299999999998
 30
0.0
 11
19.297704058022795
 21
130.38299999999998
 31
0.0
  0
LINE
  5
224
330
17
100
AcDbEntity
  8
可见轮廓
100
AcDbLine
 10
19.297704058022795
 20
130.38299999999998
 30
0.0
 11
19.413621427961317
 21
130.38299999999998
 31
0.0
  0
LINE
  5
225
330
17
100
AcDbEntity
  8
可见轮廓
100
AcDbLine
 10
19.413621427961317
 20
130.38299999999998
 30
0.0
 11
19.52872599247534
 21
130.38299999999998
 31
0.0
  0
LINE
  5
226
330
17
100
AcDbEntity
  8
可见轮廓
100
AcDbLine
 10
19.52872599247534
 20
130.38299999999998
 30
0.0
 11
19.643000000000033
 21
130.38299999999998
 31
0.0
  0
LINE
  5
227
330
17
100
AcDbEntity
  8
可见轮廓
100
AcDbLine
 10
51.14300000000003
 20
118.633
 30
0.0
 11
51.25727400752472
 21
118.633
 31
0.0
  0
LINE
  5
228
330
17
100
AcDbEntity
  8
可见轮廓
100
AcDbLine
 10
51.25727400752472
 20
118.633
 30
0.0
 11
51.37237857203874
 21
118.633
 31
0.0
  0
LINE
  5
229
330
17
100
AcDbEntity
  8
可见轮廓
100
AcDbLine
 10
51.37237857203874
 20
118.633
 30
0.0
 11
51.48829594197726
 21
118.633
 31
0.0
  0
LINE
  5
22A
330
17
100
AcDbEntity
  8
可见轮廓
100
AcDbLine
 10
51.48829594197726
 20
118.633
 30
0.0
 11
51.60500824880796
 21
118.633
 31
0.0
  0
LINE
  5
22B
330
17
100
AcDbEntity
  8
可见轮廓
100
AcDbLine
 10
51.60500824880796
 20
118.633
 30
0.0
 11
51.72256029230262
 21
118.633
 31
0.0
  0
LINE
  5
22C
330
17
100
AcDbEntity
  8
可见轮廓
100
AcDbLine
 10
51.72256029230262
 20
118.633
 30
0.0
 11
51.840867540934866
 21
118.633
 31
0.0
  0
LINE
  5
22D
330
17
100
AcDbEntity
  8
可见轮廓
100
AcDbLine
 10
51.840867540934866
 20
118.633
 30
0.0
 11
51.959911749724114
 21
118.633
 31
0.0
  0
LINE
  5
22E
330
17
100
AcDbEntity
  8
可见轮廓
100
AcDbLine
 10
51.959911749724114
 20
118.633
 30
0.0
 11
52.07967456763684
 21
118.633
 31
0.0
  0
LINE
  5
22F
330
17
100
AcDbEntity
  8
可见轮廓
100
AcDbLine
 10
51.14300000000003
 20
110.383
 30
0.0
 11
51.25727400752472
 21
110.383
 31
0.0
  0
LINE
  5
230
330
17
100
AcDbEntity
  8
可见轮廓
100
AcDbLine
 10
51.25727400752472
 20
110.383
 30
0.0
 11
51.37237857203874
 21
110.383
 31
0.0
  0
LINE
  5
231
330
17
100
AcDbEntity
  8
可见轮廓
100
AcDbLine
 10
51.37237857203874
 20
110.383
 30
0.0
 11
51.48829594197726
 21
110.383
 31
0.0
  0
LINE
  5
232
330
17
100
AcDbEntity
  8
可见轮廓
100
AcDbLine
 10
51.48829594197726
 20
110.383
 30
0.0
 11
51.60500824880796
 21
110.383
 31
0.0
  0
LINE
  5
233
330
17
100
AcDbEntity
  8
可见轮廓
100
AcDbLine
 10
51.60500824880796
 20
110.383
 30
0.0
 11
51.72256029230262
 21
110.383
 31
0.0
  0
LINE
  5
234
330
17
100
AcDbEntity
  8
可见轮廓
100
AcDbLine
 10
51.72256029230262
 20
110.383
 30
0.0
 11
51.840867540934866
 21
110.383
 31
0.0
  0
LINE
  5
235
330
17
100
AcDbEntity
  8
可见轮廓
100
AcDbLine
 10
51.840867540934866
 20
110.383
 30
0.0
 11
51.959911749724114
 21
110.383
 31
0.0
  0
LINE
  5
236
330
17
100
AcDbEntity
  8
可见轮廓
100
AcDbLine
 10
51.959911749724114
 20
110.383
 30
0.0
 11
52.07967456763684
 21
110.383
 31
0.0
  0
LINE
  5
237
330
17
100
AcDbEntity
  8
可见轮廓
100
AcDbLine
 10
52.07967456763684
 20
110.383
 30
0.0
 11
52.168452140007716
 21
110.383
 31
0.0
  0
LINE
  5
238
330
17
100
AcDbEntity
  8
可见轮廓
100
AcDbLine
 10
52.168452140007716
 20
110.383
 30
0.0
 11
52.253860862928605
 21
110.383
 31
0.0
  0
LINE
  5
239
330
17
100
AcDbEntity
  8
可见轮廓
100
AcDbLine
 10
52.253860862928605
 20
110.383
 30
0.0
 11
52.33549806828166
 21
110.383
 31
0.0
  0
LINE
  5
23A
330
17
100
AcDbEntity
  8
可见轮廓
100
AcDbLine
 10
52.33549806828166
 20
110.383
 30
0.0
 11
52.41297770807509
 21
110.383
 31
0.0
  0
LINE
  5
23B
330
17
100
AcDbEntity
  8
可见轮廓
100
AcDbLine
 10
52.41297770807509
 20
110.383
 30
0.0
 11
52.485517605795195
 21
110.383
 31
0.0
  0
LINE
  5
23C
330
17
100
AcDbEntity
  8
可见轮廓
100
AcDbLine
 10
52.485517605795195
 20
110.383
 30
0.0
 11
52.55312094671966
 21
110.383
 31
0.0
  0
LINE
  5
23D
330
17
100
AcDbEntity
  8
可见轮廓
100
AcDbLine
 10
52.55312094671966
 20
110.383
 30
0.0
 11
52.615469365266875
 21
110.383
 31
0.0
  0
LINE
  5
23E
330
17
100
AcDbEntity
  8
可见轮廓
100
AcDbLine
 10
52.615469365266875
 20
110.383
 30
0.0
 11
52.67226765297189
 21
110.383
 31
0.0
  0
LINE
  5
23F
330
17
100
AcDbEntity
  8
可见轮廓
100
AcDbLine
 10
52.67226765297189
 20
110.383
 30
0.0
 11
52.722733963293145
 21
110.383
 31
0.0
  0
LINE
  5
240
330
17
100
AcDbEntity
  8
可见轮廓
100
AcDbLine
 10
52.722733963293145
 20
110.383
 30
0.0
 11
52.76709316077384
 21
110.383
 31
0.0
  0
LINE
  5
241
330
17
100
AcDbEntity
  8
可见轮廓
100
AcDbLine
 10
52.76709316077384
 20
110.383
 30
0.0
 11
52.80513679522187
 21
110.383
 31
0.0
  0
LINE
  5
242
330
17
100
AcDbEntity
  8
可见轮廓
100
AcDbLine
 10
52.836684247537484
 20
110.383
 30
0.0
 11
52.86101690154595
 21
110.383
 31
0.0
  0
LINE
  5
243
330
17
100
AcDbEntity
  8
可见轮廓
100
AcDbLine
 10
52.86101690154595
 20
110.383
 30
0.0
 11
52.87856321046179
 21
110.383
 31
0.0
  0
LINE
  5
244
330
17
100
AcDbEntity
  8
可见轮廓
100
AcDbLine
 10
52.89300000000003
 20
118.633
 30
0.0
 11
52.89300000000003
 21
114.508
 31
0.0
  0
LINE
  5
245
330
17
100
AcDbEntity
  8
可见轮廓
100
AcDbLine
 10
52.89300000000003
 20
114.508
 30
0.0
 11
52.89300000000003
 21
110.383
 31
0.0
  0
LINE
  5
246
330
17
100
AcDbEntity
  8
可见轮廓
100
AcDbLine
 10
52.07967456763684
 20
118.633
 30
0.0
 11
52.168452140007716
 21
118.633
 31
0.0
  0
LINE
  5
247
330
17
100
AcDbEntity
  8
可见轮廓
100
AcDbLine
 10
52.168452140007716
 20
118.633
 30
0.0
 11
52.253860862928605
 21
118.633
 31
0.0
  0
LINE
  5
248
330
17
100
AcDbEntity
  8
可见轮廓
100
AcDbLine
 10
52.253860862928605
 20
118.633
 30
0.0
 11
52.33549806828165
 21
118.633
 31
0.0
  0
LINE
  5
249
330
17
100
AcDbEntity
  8
可见轮廓
100
AcDbLine
 10
52.33549806828165
 20
118.633
 30
0.0
 11
52.41297770807509
 21
118.633
 31
0.0
  0
LINE
  5
24A
330
17
100
AcDbEntity
  8
可见轮廓
100
AcDbLine
 10
52.41297770807509
 20
118.633
 30
0.0
 11
52.485517605795195
 21
118.633
 31
0.0
  0
LINE
  5
24B
330
17
100
AcDbEntity
  8
可见轮廓
100
AcDbLine
 10
52.485517605795195
 20
118.633
 30
0.0
 11
52.55312094671966
 21
118.633
 31
0.0
  0
LINE
  5
24C
330
17
100
AcDbEntity
  8
可见轮廓
100
AcDbLine
 10
52.55312094671966
 20
118.633
 30
0.0
 11
52.615469365266875
 21
118.633
 31
0.0
  0
LINE
  5
24D
330
17
100
AcDbEntity
  8
可见轮廓
100
AcDbLine
 10
52.615469365266875
 20
118.633
 30
0.0
 11
52.67226765297189
 21
118.633
 31
0.0
  0
LINE
  5
24E
330
17
100
AcDbEntity
  8
可见轮廓
100
AcDbLine
 10
52.67226765297189
 20
118.633
 30
0.0
 11
52.722733963293145
 21
118.633
 31
0.0
  0
LINE
  5
24F
330
17
100
AcDbEntity
  8
可见轮廓
100
AcDbLine
 10
52.722733963293145
 20
118.633
 30
0.0
 11
52.76709316077384
 21
118.633
 31
0.0
  0
LINE
  5
250
330
17
100
AcDbEntity
  8
可见轮廓
100
AcDbLine
 10
52.76709316077384
 20
118.633
 30
0.0
 11
52.80513679522187
 21
118.633
 31
0.0
  0
LINE
  5
251
330
17
100
AcDbEntity
  8
可见轮廓
100
AcDbLine
 10
52.836684247537484
 20
118.633
 30
0.0
 11
52.86101690154595
 21
118.633
 31
0.0
  0
LINE
  5
252
330
17
100
AcDbEntity
  8
可见轮廓
100
AcDbLine
 10
52.86101690154595
 20
118.633
 30
0.0
 11
52.8785632104618
 21
118.633
 31
0.0
  0
LINE
  5
253
330
17
100
AcDbEntity
  8
可见轮廓
100
AcDbLine
 10
18.70632543236322
 20
110.383
 30
0.0
 11
18.617547859992346
 21
110.383
 31
0.0
  0
LINE
  5
254
330
17
100
AcDbEntity
  8
可见轮廓
100
AcDbLine
 10
18.617547859992346
 20
110.383
 30
0.0
 11
18.53213913707146
 21
110.383
 31
0.0
  0
LINE
  5
255
330
17
100
AcDbEntity
  8
可见轮廓
100
AcDbLine
 10
18.53213913707146
 20
110.383
 30
0.0
 11
18.450501931718403
 21
110.383
 31
0.0
  0
LINE
  5
256
330
17
100
AcDbEntity
  8
可见轮廓
100
AcDbLine
 10
18.450501931718403
 20
110.383
 30
0.0
 11
18.37302229192497
 21
110.383
 31
0.0
  0
LINE
  5
257
330
17
100
AcDbEntity
  8
可见轮廓
100
AcDbLine
 10
18.37302229192497
 20
110.383
 30
0.0
 11
18.30048239420486
 21
110.383
 31
0.0
  0
LINE
  5
258
330
17
100
AcDbEntity
  8
可见轮廓
100
AcDbLine
 10
18.30048239420486
 20
110.383
 30
0.0
 11
18.2328790532804
 21
110.383
 31
0.0
  0
LINE
  5
259
330
17
100
AcDbEntity
  8
可见轮廓
100
AcDbLine
 10
18.2328790532804
 20
110.383
 30
0.0
 11
18.170530634733183
 21
110.383
 31
0.0
  0
LINE
  5
25A
330
17
100
AcDbEntity
  8
可见轮廓
100
AcDbLine
 10
18.170530634733183
 20
110.383
 30
0.0
 11
18.11373234702817
 21
110.383
 31
0.0
  0
LINE
  5
25B
330
17
100
AcDbEntity
  8
可见轮廓
100
AcDbLine
 10
18.11373234702817
 20
110.383
 30
0.0
 11
18.063266036706914
 21
110.383
 31
0.0
  0
LINE
  5
25C
330
17
100
AcDbEntity
  8
可见轮廓
100
AcDbLine
 10
18.063266036706914
 20
110.383
 30
0.0
 11
18.01890683922622
 21
110.383
 31
0.0
  0
LINE
  5
25D
330
17
100
AcDbEntity
  8
可见轮廓
100
AcDbLine
 10
18.01890683922622
 20
110.383
 30
0.0
 11
17.980863204778185
 21
110.383
 31
0.0
  0
LINE
  5
25E
330
17
100
AcDbEntity
  8
可见轮廓
100
AcDbLine
 10
17.949315752462574
 20
110.383
 30
0.0
 11
17.924983098454103
 21
110.383
 31
0.0
  0
LINE
  5
25F
330
17
100
AcDbEntity
  8
可见轮廓
100
AcDbLine
 10
17.924983098454103
 20
110.383
 30
0.0
 11
17.90743678953826
 21
110.383
 31
0.0
  0
LINE
  5
260
330
17
100
AcDbEntity
  8
可见轮廓
100
AcDbLine
 10
18.70632543236322
 20
118.633
 30
0.0
 11
18.617547859992346
 21
118.633
 31
0.0
  0
LINE
  5
261
330
17
100
AcDbEntity
  8
可见轮廓
100
AcDbLine
 10
18.617547859992346
 20
118.633
 30
0.0
 11
18.53213913707146
 21
118.633
 31
0.0
  0
LINE
  5
262
330
17
100
AcDbEntity
  8
可见轮廓
100
AcDbLine
 10
18.53213913707146
 20
118.633
 30
0.0
 11
18.450501931718403
 21
118.633
 31
0.0
  0
LINE
  5
263
330
17
100
AcDbEntity
  8
可见轮廓
100
AcDbLine
 10
18.450501931718403
 20
118.633
 30
0.0
 11
18.37302229192497
 21
118.633
 31
0.0
  0
LINE
  5
264
330
17
100
AcDbEntity
  8
可见轮廓
100
AcDbLine
 10
18.37302229192497
 20
118.633
 30
0.0
 11
18.300482394204863
 21
118.633
 31
0.0
  0
LINE
  5
265
330
17
100
AcDbEntity
  8
可见轮廓
100
AcDbLine
 10
18.300482394204863
 20
118.633
 30
0.0
 11
18.2328790532804
 21
118.633
 31
0.0
  0
LINE
  5
266
330
17
100
AcDbEntity
  8
可见轮廓
100
AcDbLine
 10
18.2328790532804
 20
118.633
 30
0.0
 11
18.170530634733183
 21
118.633
 31
0.0
  0
LINE
  5
267
330
17
100
AcDbEntity
  8
可见轮廓
100
AcDbLine
 10
18.170530634733183
 20
118.633
 30
0.0
 11
18.11373234702817
 21
118.633
 31
0.0
  0
LINE
  5
268
330
17
100
AcDbEntity
  8
可见轮廓
100
AcDbLine
 10
18.11373234702817
 20
118.633
 30
0.0
 11
18.063266036706914
 21
118.633
 31
0.0
  0
LINE
  5
269
330
17
100
AcDbEntity
  8
可见轮廓
100
AcDbLine
 10
18.063266036706914
 20
118.633
 30
0.0
 11
18.01890683922622
 21
118.633
 31
0.0
  0
LINE
  5
26A
330
17
100
AcDbEntity
  8
可见轮廓
100
AcDbLine
 10
18.01890683922622
 20
118.633
 30
0.0
 11
17.980863204778185
 21
118.633
 31
0.0
  0
LINE
  5
26B
330
17
100
AcDbEntity
  8
可见轮廓
100
AcDbLine
 10
17.949315752462574
 20
118.633
 30
0.0
 11
17.924983098454103
 21
118.633
 31
0.0
  0
LINE
  5
26C
330
17
100
AcDbEntity
  8
可见轮廓
100
AcDbLine
 10
17.924983098454103
 20
118.633
 30
0.0
 11
17.907436789538263
 21
118.633
 31
0.0
  0
LINE
  5
26D
330
17
100
AcDbEntity
  8
可见轮廓
100
AcDbLine
 10
17.892999999999983
 20
118.633
 30
0.0
 11
17.892999999999983
 21
114.508
 31
0.0
  0
LINE
  5
26E
330
17
100
AcDbEntity
  8
可见轮廓
100
AcDbLine
 10
17.892999999999983
 20
114.508
 30
0.0
 11
17.892999999999983
 21
110.383
 31
0.0
  0
LINE
  5
26F
330
17
100
AcDbEntity
  8
可见轮廓
100
AcDbLine
 10
19.643000000000036
 20
118.633
 30
0.0
 11
19.528725992475344
 21
118.633
 31
0.0
  0
LINE
  5
270
330
17
100
AcDbEntity
  8
可见轮廓
100
AcDbLine
 10
19.528725992475344
 20
118.633
 30
0.0
 11
19.413621427961317
 21
118.633
 31
0.0
  0
LINE
  5
271
330
17
100
AcDbEntity
  8
可见轮廓
100
AcDbLine
 10
19.413621427961317
 20
118.633
 30
0.0
 11
19.2977040580228
 21
118.633
 31
0.0
  0
LINE
  5
272
330
17
100
AcDbEntity
  8
可见轮廓
100
AcDbLine
 10
19.2977040580228
 20
118.633
 30
0.0
 11
19.180991751192103
 21
118.633
 31
0.0
  0
LINE
  5
273
330
17
100
AcDbEntity
  8
可见轮廓
100
AcDbLine
 10
19.180991751192103
 20
118.633
 30
0.0
 11
19.063439707697448
 21
118.633
 31
0.0
  0
LINE
  5
274
330
17
100
AcDbEntity
  8
可见轮廓
100
AcDbLine
 10
19.063439707697448
 20
118.633
 30
0.0
 11
18.945132459065192
 21
118.633
 31
0.0
  0
LINE
  5
275
330
17
100
AcDbEntity
  8
可见轮廓
100
AcDbLine
 10
18.945132459065192
 20
118.633
 30
0.0
 11
18.826088250275948
 21
118.633
 31
0.0
  0
LINE
  5
276
330
17
100
AcDbEntity
  8
可见轮廓
100
AcDbLine
 10
18.826088250275948
 20
118.633
 30
0.0
 11
18.706325432363215
 21
118.633
 31
0.0
  0
LINE
  5
277
330
17
100
AcDbEntity
  8
可见轮廓
100
AcDbLine
 10
19.643000000000036
 20
110.383
 30
0.0
 11
19.528725992475344
 21
110.383
 31
0.0
  0
LINE
  5
278
330
17
100
AcDbEntity
  8
可见轮廓
100
AcDbLine
 10
19.528725992475344
 20
110.383
 30
0.0
 11
19.413621427961317
 21
110.383
 31
0.0
  0
LINE
  5
279
330
17
100
AcDbEntity
  8
可见轮廓
100
AcDbLine
 10
19.413621427961317
 20
110.383
 30
0.0
 11
19.2977040580228
 21
110.383
 31
0.0
  0
LINE
  5
27A
330
17
100
AcDbEntity
  8
可见轮廓
100
AcDbLine
 10
19.2977040580228
 20
110.383
 30
0.0
 11
19.180991751192103
 21
110.383
 31
0.0
  0
LINE
  5
27B
330
17
100
AcDbEntity
  8
可见轮廓
100
AcDbLine
 10
19.180991751192103
 20
110.383
 30
0.0
 11
19.063439707697448
 21
110.383
 31
0.0
  0
LINE
  5
27C
330
17
100
AcDbEntity
  8
可见轮廓
100
AcDbLine
 10
19.063439707697448
 20
110.383
 30
0.0
 11
18.945132459065192
 21
110.383
 31
0.0
  0
LINE
  5
27D
330
17
100
AcDbEntity
  8
可见轮廓
100
AcDbLine
 10
18.945132459065192
 20
110.383
 30
0.0
 11
18.826088250275948
 21
110.383
 31
0.0
  0
LINE
  5
27E
330
17
100
AcDbEntity
  8
可见轮廓
100
AcDbLine
 10
18.826088250275948
 20
110.383
 30
0.0
 11
18.706325432363215
 21
110.383
 31
0.0
  0
LINE
  5
27F
330
17
100
AcDbEntity
  8
可见轮廓
100
AcDbLine
 10
52.89300000000003
 20
122.133
 30
0.0
 11
52.89300000000003
 21
121.92573386928056
 31
0.0
  0
LINE
  5
280
330
17
100
AcDbEntity
  8
可见轮廓
100
AcDbLine
 10
52.89300000000003
 20
121.92573386928056
 30
0.0
 11
52.89300000000003
 21
121.71397704444142
 31
0.0
  0
LINE
  5
281
330
17
100
AcDbEntity
  8
可见轮廓
100
AcDbLine
 10
52.89300000000003
 20
121.71397704444142
 30
0.0
 11
52.89300000000003
 21
121.49832079082911
 31
0.0
  0
LINE
  5
282
330
17
100
AcDbEntity
  8
可见轮廓
100
AcDbLine
 10
52.89300000000003
 20
121.49832079082911
 30
0.0
 11
52.89300000000003
 21
121.27936652959262
 31
0.0
  0
LINE
  5
283
330
17
100
AcDbEntity
  8
可见轮廓
100
AcDbLine
 10
52.89300000000003
 20
121.27936652959262
 30
0.0
 11
52.89300000000003
 21
121.05756747341233
 31
0.0
  0
LINE
  5
284
330
17
100
AcDbEntity
  8
可见轮廓
100
AcDbLine
 10
52.89300000000003
 20
121.05756747341233
 30
0.0
 11
52.89300000000003
 21
120.8338231422036
 31
0.0
  0
LINE
  5
285
330
17
100
AcDbEntity
  8
可见轮廓
100
AcDbLine
 10
52.89300000000003
 20
120.8338231422036
 30
0.0
 11
52.89300000000003
 21
120.60875801230817
 31
0.0
  0
LINE
  5
286
330
17
100
AcDbEntity
  8
可见轮廓
100
AcDbLine
 10
52.89300000000003
 20
120.60875801230817
 30
0.0
 11
52.89300000000003
 21
120.383
 31
0.0
  0
LINE
  5
287
330
17
100
AcDbEntity
  8
可见轮廓
100
AcDbLine
 10
52.89300000000003
 20
120.383
 30
0.0
 11
52.89300000000003
 21
120.15724198769182
 31
0.0
  0
LINE
  5
288
330
17
100
AcDbEntity
  8
可见轮廓
100
AcDbLine
 10
52.89300000000003
 20
120.15724198769182
 30
0.0
 11
52.89300000000003
 21
119.93217685779636
 31
0.0
  0
LINE
  5
289
330
17
100
AcDbEntity
  8
可见轮廓
100
AcDbLine
 10
52.89300000000003
 20
119.93217685779636
 30
0.0
 11
52.89300000000003
 21
119.70843252658766
 31
0.0
  0
LINE
  5
28A
330
17
100
AcDbEntity
  8
可见轮廓
100
AcDbLine
 10
52.89300000000003
 20
119.70843252658766
 30
0.0
 11
52.89300000000003
 21
119.4866334704074
 31
0.0
  0
LINE
  5
28B
330
17
100
AcDbEntity
  8
可见轮廓
100
AcDbLine
 10
52.89300000000003
 20
119.4866334704074
 30
0.0
 11
52.89300000000003
 21
119.26767920917088
 31
0.0
  0
LINE
  5
28C
330
17
100
AcDbEntity
  8
可见轮廓
100
AcDbLine
 10
52.89300000000003
 20
119.26767920917088
 30
0.0
 11
52.89300000000003
 21
119.05202295555857
 31
0.0
  0
LINE
  5
28D
330
17
100
AcDbEntity
  8
可见轮廓
100
AcDbLine
 10
52.89300000000003
 20
119.05202295555857
 30
0.0
 11
52.89300000000003
 21
118.84026613071946
 31
0.0
  0
LINE
  5
28E
330
17
100
AcDbEntity
  8
可见轮廓
100
AcDbLine
 10
52.89300000000003
 20
118.84026613071946
 30
0.0
 11
52.89300000000003
 21
118.633
 31
0.0
  0
LINE
  5
28F
330
17
100
AcDbEntity
  8
可见轮廓
100
AcDbLine
 10
17.892999999999983
 20
122.133
 30
0.0
 11
17.892999999999983
 21
121.92573386928056
 31
0.0
  0
LINE
  5
290
330
17
100
AcDbEntity
  8
可见轮廓
100
AcDbLine
 10
17.892999999999983
 20
121.92573386928056
 30
0.0
 11
17.892999999999983
 21
121.71397704444142
 31
0.0
  0
LINE
  5
291
330
17
100
AcDbEntity
  8
可见轮廓
100
AcDbLine
 10
17.892999999999983
 20
121.71397704444142
 30
0.0
 11
17.892999999999983
 21
121.49832079082911
 31
0.0
  0
LINE
  5
292
330
17
100
AcDbEntity
  8
可见轮廓
100
AcDbLine
 10
17.892999999999983
 20
121.49832079082911
 30
0.0
 11
17.892999999999983
 21
121.27936652959262
 31
0.0
  0
LINE
  5
293
330
17
100
AcDbEntity
  8
可见轮廓
100
AcDbLine
 10
17.892999999999983
 20
121.27936652959262
 30
0.0
 11
17.892999999999983
 21
121.05756747341233
 31
0.0
  0
LINE
  5
294
330
17
100
AcDbEntity
  8
可见轮廓
100
AcDbLine
 10
17.892999999999983
 20
121.05756747341233
 30
0.0
 11
17.892999999999983
 21
120.8338231422036
 31
0.0
  0
LINE
  5
295
330
17
100
AcDbEntity
  8
可见轮廓
100
AcDbLine
 10
17.892999999999983
 20
120.8338231422036
 30
0.0
 11
17.892999999999983
 21
120.60875801230817
 31
0.0
  0
LINE
  5
296
330
17
100
AcDbEntity
  8
可见轮廓
100
AcDbLine
 10
17.892999999999983
 20
120.60875801230817
 30
0.0
 11
17.892999999999983
 21
120.383
 31
0.0
  0
LINE
  5
297
330
17
100
AcDbEntity
  8
可见轮廓
100
AcDbLine
 10
17.892999999999983
 20
120.383
 30
0.0
 11
17.892999999999983
 21
120.15724198769182
 31
0.0
  0
LINE
  5
298
330
17
100
AcDbEntity
  8
可见轮廓
100
AcDbLine
 10
17.892999999999983
 20
120.15724198769182
 30
0.0
 11
17.892999999999983
 21
119.93217685779636
 31
0.0
  0
LINE
  5
299
330
17
100
AcDbEntity
  8
可见轮廓
100
AcDbLine
 10
17.892999999999983
 20
119.93217685779636
 30
0.0
 11
17.892999999999983
 21
119.70843252658766
 31
0.0
  0
LINE
  5
29A
330
17
100
AcDbEntity
  8
可见轮廓
100
AcDbLine
 10
17.892999999999983
 20
119.70843252658766
 30
0.0
 11
17.892999999999983
 21
119.4866334704074
 31
0.0
  0
LINE
  5
29B
330
17
100
AcDbEntity
  8
可见轮廓
100
AcDbLine
 10
17.892999999999983
 20
119.4866334704074
 30
0.0
 11
17.892999999999983
 21
119.26767920917088
 31
0.0
  0
LINE
  5
29C
330
17
100
AcDbEntity
  8
可见轮廓
100
AcDbLine
 10
17.892999999999983
 20
119.26767920917088
 30
0.0
 11
17.892999999999983
 21
119.05202295555857
 31
0.0
  0
LINE
  5
29D
330
17
100
AcDbEntity
  8
可见轮廓
100
AcDbLine
 10
17.892999999999983
 20
119.05202295555857
 30
0.0
 11
17.892999999999983
 21
118.84026613071946
 31
0.0
  0
LINE
  5
29E
330
17
100
AcDbEntity
  8
可见轮廓
100
AcDbLine
 10
17.892999999999983
 20
118.84026613071946
 30
0.0
 11
17.892999999999983
 21
118.633
 31
0.0
  0
LINE
  5
29F
330
17
100
AcDbEntity
  8
可见轮廓
100
AcDbLine
 10
44.31116828640485
 20
110.383
 30
0.0
 11
44.31376997317914
 21
110.383
 31
0.0
  0
LINE
  5
2A0
330
17
100
AcDbEntity
  8
可见轮廓
100
AcDbLine
 10
44.33327780757804
 20
110.383
 30
0.0
 11
44.35005643003688
 21
110.383
 31
0.0
  0
LINE
  5
2A1
330
17
100
AcDbEntity
  8
可见轮廓
100
AcDbLine
 10
44.35005643003688
 20
110.383
 30
0.0
 11
44.37174935527584
 21
110.383
 31
0.0
  0
LINE
  5
2A2
330
17
100
AcDbEntity
  8
可见轮廓
100
AcDbLine
 10
44.428105362855234
 20
110.383
 30
0.0
 11
44.4624000388897
 21
110.383
 31
0.0
  0
LINE
  5
2A3
330
17
100
AcDbEntity
  8
可见轮廓
100
AcDbLine
 10
44.4624000388897
 20
110.383
 30
0.0
 11
44.51491254805947
 21
110.383
 31
0.0
  0
LINE
  5
2A4
330
17
100
AcDbEntity
  8
可见轮廓
100
AcDbLine
 10
44.51491254805947
 20
110.383
 30
0.0
 11
44.57355279012558
 21
110.383
 31
0.0
  0
LINE
  5
2A5
330
17
100
AcDbEntity
  8
可见轮廓
100
AcDbLine
 10
44.57355279012558
 20
110.383
 30
0.0
 11
44.63762513346764
 21
110.383
 31
0.0
  0
LINE
  5
2A6
330
17
100
AcDbEntity
  8
可见轮廓
100
AcDbLine
 10
44.63762513346764
 20
110.383
 30
0.0
 11
44.70637398940568
 21
110.383
 31
0.0
  0
LINE
  5
2A7
330
17
100
AcDbEntity
  8
可见轮廓
100
AcDbLine
 10
44.70637398940568
 20
110.383
 30
0.0
 11
44.77922043764175
 21
110.383
 31
0.0
  0
LINE
  5
2A8
330
17
100
AcDbEntity
  8
可见轮廓
100
AcDbLine
 10
44.77922043764175
 20
110.383
 30
0.0
 11
44.85490240008919
 21
110.383
 31
0.0
  0
LINE
  5
2A9
330
17
100
AcDbEntity
  8
可见轮廓
100
AcDbLine
 10
44.85490240008919
 20
110.383
 30
0.0
 11
44.93252408388484
 21
110.383
 31
0.0
  0
LINE
  5
2AA
330
17
100
AcDbEntity
  8
可见轮廓
100
AcDbLine
 10
44.93252408388484
 20
110.383
 30
0.0
 11
45.01116828640485
 21
110.383
 31
0.0
  0
LINE
  5
2AB
330
17
100
AcDbEntity
  8
可见轮廓
100
AcDbLine
 10
45.01116828640485
 20
130.38299999999998
 30
0.0
 11
44.93252408388484
 21
130.38299999999998
 31
0.0
  0
LINE
  5
2AC
330
17
100
AcDbEntity
  8
可见轮廓
100
AcDbLine
 10
44.93252408388484
 20
130.38299999999998
 30
0.0
 11
44.85490240008919
 21
130.38299999999998
 31
0.0
  0
LINE
  5
2AD
330
17
100
AcDbEntity
  8
可见轮廓
100
AcDbLine
 10
44.85490240008919
 20
130.38299999999998
 30
0.0
 11
44.77922043764175
 21
130.38299999999998
 31
0.0
  0
LINE
  5
2AE
330
17
100
AcDbEntity
  8
可见轮廓
100
AcDbLine
 10
44.77922043764175
 20
130.38299999999998
 30
0.0
 11
44.706373989405684
 21
130.38299999999998
 31
0.0
  0
LINE
  5
2AF
330
17
100
AcDbEntity
  8
可见轮廓
100
AcDbLine
 10
44.706373989405684
 20
130.38299999999998
 30
0.0
 11
44.63762513346764
 21
130.38299999999998
 31
0.0
  0
LINE
  5
2B0
330
17
100
AcDbEntity
  8
可见轮廓
100
AcDbLine
 10
44.63762513346764
 20
130.38299999999998
 30
0.0
 11
44.57355279012558
 21
130.38299999999998
 31
0.0
  0
LINE
  5
2B1
330
17
100
AcDbEntity
  8
可见轮廓
100
AcDbLine
 10
44.57355279012558
 20
130.38299999999998
 30
0.0
 11
44.51491254805947
 21
130.38299999999998
 31
0.0
  0
LINE
  5
2B2
330
17
100
AcDbEntity
  8
可见轮廓
100
AcDbLine
 10
44.51491254805947
 20
130.38299999999998
 30
0.0
 11
44.4624000388897
 21
130.38299999999998
 31
0.0
  0
LINE
  5
2B3
330
17
100
AcDbEntity
  8
可见轮廓
100
AcDbLine
 10
44.4624000388897
 20
130.38299999999998
 30
0.0
 11
44.428105362855234
 21
130.38299999999998
 31
0.0
  0
LINE
  5
2B4
330
17
100
AcDbEntity
  8
可见轮廓
100
AcDbLine
 10
44.428105362855234
 20
130.38299999999998
 30
0.0
 11
44.397822787092394
 21
130.38299999999998
 31
0.0
  0
LINE
  5
2B5
330
17
100
AcDbEntity
  8
可见轮廓
100
AcDbLine
 10
44.35005643003688
 20
130.38299999999998
 30
0.0
 11
44.33327780757804
 21
130.38299999999998
 31
0.0
  0
LINE
  5
2B6
330
17
100
AcDbEntity
  8
可见轮廓
100
AcDbLine
 10
44.33327780757804
 20
130.38299999999998
 30
0.0
 11
44.32115625258041
 21
130.38299999999998
 31
0.0
  0
LINE
  5
2B7
330
17
100
AcDbEntity
  8
可见轮廓
100
AcDbLine
 10
51.14300000000003
 20
110.383
 30
0.0
 11
48.07708414320244
 21
110.383
 31
0.0
  0
LINE
  5
2B8
330
17
100
AcDbEntity
  8
可见轮廓
100
AcDbLine
 10
48.07708414320244
 20
110.383
 30
0.0
 11
45.01116828640485
 21
110.383
 31
0.0
  0
LINE
  5
2B9
330
17
100
AcDbEntity
  8
可见轮廓
100
AcDbLine
 10
51.14300000000003
 20
130.38299999999998
 30
0.0
 11
51.14300000000003
 21
120.383
 31
0.0
  0
LINE
  5
2BA
330
17
100
AcDbEntity
  8
可见轮廓
100
AcDbLine
 10
51.14300000000003
 20
120.383
 30
0.0
 11
51.14300000000003
 21
110.383
 31
0.0
  0
LINE
  5
2BB
330
17
100
AcDbEntity
  8
可见轮廓
100
AcDbLine
 10
51.14300000000003
 20
130.38299999999998
 30
0.0
 11
48.07708414320244
 21
130.38299999999998
 31
0.0
  0
LINE
  5
2BC
330
17
100
AcDbEntity
  8
可见轮廓
100
AcDbLine
 10
48.07708414320244
 20
130.38299999999998
 30
0.0
 11
45.01116828640485
 21
130.38299999999998
 31
0.0
  0
LINE
  5
2BD
330
17
100
AcDbEntity
  8
可见轮廓
100
AcDbLine
 10
19.643000000000033
 20
130.38299999999998
 30
0.0
 11
19.643000000000033
 21
120.383
 31
0.0
  0
LINE
  5
2BE
330
17
100
AcDbEntity
  8
可见轮廓
100
AcDbLine
 10
19.643000000000033
 20
120.383
 30
0.0
 11
19.643000000000033
 21
110.383
 31
0.0
  0
LINE
  5
2BF
330
17
100
AcDbEntity
  8
可见轮廓
100
AcDbLine
 10
25.774831713595173
 20
110.383
 30
0.0
 11
22.708915856797603
 21
110.383
 31
0.0
  0
LINE
  5
2C0
330
17
100
AcDbEntity
  8
可见轮廓
100
AcDbLine
 10
22.708915856797603
 20
110.383
 30
0.0
 11
19.643000000000033
 21
110.383
 31
0.0
  0
LINE
  5
2C1
330
17
100
AcDbEntity
  8
可见轮廓
100
AcDbLine
 10
25.774831713595173
 20
130.38299999999998
 30
0.0
 11
22.708915856797603
 21
130.38299999999998
 31
0.0
  0
LINE
  5
2C2
330
17
100
AcDbEntity
  8
可见轮廓
100
AcDbLine
 10
22.708915856797603
 20
130.38299999999998
 30
0.0
 11
19.643000000000033
 21
130.38299999999998
 31
0.0
  0
LINE
  5
2C3
330
17
100
AcDbEntity
  8
可见轮廓
100
AcDbLine
 10
25.77483171359517
 20
110.383
 30
0.0
 11
25.85347591611518
 21
110.383
 31
0.0
  0
LINE
  5
2C4
330
17
100
AcDbEntity
  8
可见轮廓
100
AcDbLine
 10
25.85347591611518
 20
110.383
 30
0.0
 11
25.93109759991084
 21
110.383
 31
0.0
  0
LINE
  5
2C5
330
17
100
AcDbEntity
  8
可见轮廓
100
AcDbLine
 10
25.93109759991084
 20
110.383
 30
0.0
 11
26.006779562358282
 21
110.383
 31
0.0
  0
LINE
  5
2C6
330
17
100
AcDbEntity
  8
可见轮廓
100
AcDbLine
 10
26.006779562358282
 20
110.383
 30
0.0
 11
26.07962601059435
 21
110.383
 31
0.0
  0
LINE
  5
2C7
330
17
100
AcDbEntity
  8
可见轮廓
100
AcDbLine
 10
26.07962601059435
 20
110.383
 30
0.0
 11
26.148374866532393
 21
110.383
 31
0.0
  0
LINE
  5
2C8
330
17
100
AcDbEntity
  8
可见轮廓
100
AcDbLine
 10
26.148374866532393
 20
110.383
 30
0.0
 11
26.212447209874455
 21
110.383
 31
0.0
  0
LINE
  5
2C9
330
17
100
AcDbEntity
  8
可见轮廓
100
AcDbLine
 10
26.212447209874455
 20
110.383
 30
0.0
 11
26.271087451940563
 21
110.383
 31
0.0
  0
LINE
  5
2CA
330
17
100
AcDbEntity
  8
可见轮廓
100
AcDbLine
 10
26.271087451940563
 20
110.383
 30
0.0
 11
26.32359996111034
 21
110.383
 31
0.0
  0
LINE
  5
2CB
330
17
100
AcDbEntity
  8
可见轮廓
100
AcDbLine
 10
26.32359996111034
 20
110.383
 30
0.0
 11
26.357894637144803
 21
110.383
 31
0.0
  0
LINE
  5
2CC
330
17
100
AcDbEntity
  8
可见轮廓
100
AcDbLine
 10
26.357894637144803
 20
110.383
 30
0.0
 11
26.388177212907635
 21
110.383
 31
0.0
  0
LINE
  5
2CD
330
17
100
AcDbEntity
  8
可见轮廓
100
AcDbLine
 10
26.435943569963143
 20
110.383
 30
0.0
 11
26.452722192421984
 21
110.383
 31
0.0
  0
LINE
  5
2CE
330
17
100
AcDbEntity
  8
可见轮廓
100
AcDbLine
 10
26.452722192421984
 20
110.383
 30
0.0
 11
26.464843747419614
 21
110.383
 31
0.0
  0
LINE
  5
2CF
330
17
100
AcDbEntity
  8
可见轮廓
100
AcDbLine
 10
26.474831713595172
 20
130.38299999999998
 30
0.0
 11
26.47223002682088
 21
130.38299999999998
 31
0.0
  0
LINE
  5
2D0
330
17
100
AcDbEntity
  8
可见轮廓
100
AcDbLine
 10
26.452722192421987
 20
130.38299999999998
 30
0.0
 11
26.435943569963143
 21
130.38299999999998
 31
0.0
  0
LINE
  5
2D1
330
17
100
AcDbEntity
  8
可见轮廓
100
AcDbLine
 10
26.435943569963143
 20
130.38299999999998
 30
0.0
 11
26.41425064472419
 21
130.38299999999998
 31
0.0
  0
LINE
  5
2D2
330
17
100
AcDbEntity
  8
可见轮廓
100
AcDbLine
 10
26.357894637144803
 20
130.38299999999998
 30
0.0
 11
26.323599961110336
 21
130.38299999999998
 31
0.0
  0
LINE
  5
2D3
330
17
100
AcDbEntity
  8
可见轮廓
100
AcDbLine
 10
26.323599961110336
 20
130.38299999999998
 30
0.0
 11
26.27108745194056
 21
130.38299999999998
 31
0.0
  0
LINE
  5
2D4
330
17
100
AcDbEntity
  8
可见轮廓
100
AcDbLine
 10
26.27108745194056
 20
130.38299999999998
 30
0.0
 11
26.21244720987445
 21
130.38299999999998
 31
0.0
  0
LINE
  5
2D5
330
17
100
AcDbEntity
  8
可见轮廓
100
AcDbLine
 10
26.21244720987445
 20
130.38299999999998
 30
0.0
 11
26.148374866532393
 21
130.38299999999998
 31
0.0
  0
LINE
  5
2D6
330
17
100
AcDbEntity
  8
可见轮廓
100
AcDbLine
 10
26.148374866532393
 20
130.38299999999998
 30
0.0
 11
26.079626010594346
 21
130.38299999999998
 31
0.0
  0
LINE
  5
2D7
330
17
100
AcDbEntity
  8
可见轮廓
100
AcDbLine
 10
26.079626010594346
 20
130.38299999999998
 30
0.0
 11
26.006779562358275
 21
130.38299999999998
 31
0.0
  0
LINE
  5
2D8
330
17
100
AcDbEntity
  8
可见轮廓
100
AcDbLine
 10
26.006779562358275
 20
130.38299999999998
 30
0.0
 11
25.931097599910835
 21
130.38299999999998
 31
0.0
  0
LINE
  5
2D9
330
17
100
AcDbEntity
  8
可见轮廓
100
AcDbLine
 10
25.931097599910835
 20
130.38299999999998
 30
0.0
 11
25.853475916115176
 21
130.38299999999998
 31
0.0
  0
LINE
  5
2DA
330
17
100
AcDbEntity
  8
可见轮廓
100
AcDbLine
 10
25.853475916115176
 20
130.38299999999998
 30
0.0
 11
25.774831713595166
 21
130.38299999999998
 31
0.0
  0
LINE
  5
2DB
330
17
100
AcDbEntity
  8
可见轮廓
100
AcDbLine
 10
38.89299996444933
 20
116.8830000317047
 30
0.0
 11
38.89299996444933
 21
120.383
 31
0.0
  0
LINE
  5
2DC
330
17
100
AcDbEntity
  8
可见轮廓
100
AcDbLine
 10
38.89299996444933
 20
120.383
 30
0.0
 11
38.89299996444933
 21
123.8830000317047
 31
0.0
  0
LINE
  5
2DD
330
17
100
AcDbEntity
  8
可见轮廓
100
AcDbLine
 10
31.89299996444933
 20
123.8830000317047
 30
0.0
 11
31.89299996444933
 21
120.383
 31
0.0
  0
LINE
  5
2DE
330
17
100
AcDbEntity
  8
可见轮廓
100
AcDbLine
 10
31.89299996444933
 20
120.383
 30
0.0
 11
31.892999964449334
 21
116.8830000317047
 31
0.0
  0
LINE
  5
2DF
330
17
100
AcDbEntity
  8
可见轮廓
100
AcDbLine
 10
44.31116828640485
 20
130.38299999999998
 30
0.0
 11
35.393
 21
130.38299999999998
 31
0.0
  0
LINE
  5
2E0
330
17
100
AcDbEntity
  8
可见轮廓
100
AcDbLine
 10
35.393
 20
130.38299999999998
 30
0.0
 11
26.47483171359517
 21
130.38299999999998
 31
0.0
  0
LINE
  5
2E1
330
17
100
AcDbEntity
  8
可见轮廓
100
AcDbLine
 10
26.47483171359517
 20
110.383
 30
0.0
 11
35.393
 21
110.383
 31
0.0
  0
LINE
  5
2E2
330
17
100
AcDbEntity
  8
可见轮廓
100
AcDbLine
 10
35.393
 20
110.383
 30
0.0
 11
44.31116828640485
 21
110.383
 31
0.0
  0
LINE
  5
2E3
330
17
100
AcDbEntity
  8
可见轮廓
100
AcDbLine
 10
44.31116828640485
 20
130.38299999999998
 30
0.0
 11
44.31116828640485
 21
120.383
 31
0.0
  0
LINE
  5
2E4
330
17
100
AcDbEntity
  8
可见轮廓
100
AcDbLine
 10
44.31116828640485
 20
120.383
 30
0.0
 11
44.31116828640485
 21
110.383
 31
0.0
  0
LINE
  5
2E5
330
17
100
AcDbEntity
  8
可见轮廓
100
AcDbLine
 10
26.474831713595172
 20
130.38299999999998
 30
0.0
 11
26.474831713595172
 21
120.383
 31
0.0
  0
LINE
  5
2E6
330
17
100
AcDbEntity
  8
可见轮廓
100
AcDbLine
 10
26.474831713595172
 20
120.383
 30
0.0
 11
26.474831713595172
 21
110.383
 31
0.0
  0
LINE
  5
2E7
330
17
100
AcDbEntity
  8
可见轮廓
100
AcDbLine
 10
52.07967456763683
 20
130.38299999999998
 30
0.0
 11
52.07967456763683
 21
126.258
 31
0.0
  0
LINE
  5
2E8
330
17
100
AcDbEntity
  8
可见轮廓
100
AcDbLine
 10
52.07967456763683
 20
126.258
 30
0.0
 11
52.07967456763683
 21
126.25228127687448
 31
0.0
  0
LINE
  5
2E9
330
17
100
AcDbEntity
  8
可见轮廓
100
AcDbLine
 10
52.07967456763683
 20
126.25228127687448
 30
0.0
 11
52.07967456763683
 21
122.133
 31
0.0
  0
LINE
  5
2EA
330
17
100
AcDbEntity
  8
可见轮廓
100
AcDbLine
 10
18.706325432363233
 20
130.38299999999998
 30
0.0
 11
18.706325432363233
 21
126.258
 31
0.0
  0
LINE
  5
2EB
330
17
100
AcDbEntity
  8
可见轮廓
100
AcDbLine
 10
18.706325432363233
 20
126.258
 30
0.0
 11
18.706325432363233
 21
126.25228127687448
 31
0.0
  0
LINE
  5
2EC
330
17
100
AcDbEntity
  8
可见轮廓
100
AcDbLine
 10
18.706325432363233
 20
126.25228127687448
 30
0.0
 11
18.706325432363233
 21
122.133
 31
0.0
  0
LINE
  5
2ED
330
17
100
AcDbEntity
  8
可见轮廓
100
AcDbLine
 10
52.07967456763683
 20
118.633
 30
0.0
 11
52.07967456763683
 21
114.5137187231255
 31
0.0
  0
LINE
  5
2EE
330
17
100
AcDbEntity
  8
可见轮廓
100
AcDbLine
 10
52.07967456763683
 20
114.5137187231255
 30
0.0
 11
52.07967456763683
 21
114.508
 31
0.0
  0
LINE
  5
2EF
330
17
100
AcDbEntity
  8
可见轮廓
100
AcDbLine
 10
52.07967456763683
 20
114.508
 30
0.0
 11
52.07967456763683
 21
110.383
 31
0.0
  0
LINE
  5
2F0
330
17
100
AcDbEntity
  8
可见轮廓
100
AcDbLine
 10
18.706325432363233
 20
118.633
 30
0.0
 11
18.706325432363233
 21
114.5137187231255
 31
0.0
  0
LINE
  5
2F1
330
17
100
AcDbEntity
  8
可见轮廓
100
AcDbLine
 10
18.706325432363233
 20
114.5137187231255
 30
0.0
 11
18.706325432363233
 21
114.508
 31
0.0
  0
LINE
  5
2F2
330
17
100
AcDbEntity
  8
可见轮廓
100
AcDbLine
 10
18.706325432363233
 20
114.508
 30
0.0
 11
18.706325432363233
 21
110.383
 31
0.0
  0
LINE
  5
2F3
330
17
100
AcDbEntity
  8
可见轮廓
100
AcDbLine
 10
45.01116828640485
 20
130.38299999999998
 30
0.0
 11
45.01116828640485
 21
120.383
 31
0.0
  0
LINE
  5
2F4
330
17
100
AcDbEntity
  8
可见轮廓
100
AcDbLine
 10
45.01116828640485
 20
120.383
 30
0.0
 11
45.01116828640485
 21
110.383
 31
0.0
  0
LINE
  5
2F5
330
17
100
AcDbEntity
  8
可见轮廓
100
AcDbLine
 10
25.77483171359517
 20
130.38299999999998
 30
0.0
 11
25.77483171359517
 21
120.383
 31
0.0
  0
LINE
  5
2F6
330
17
100
AcDbEntity
  8
可见轮廓
100
AcDbLine
 10
25.77483171359517
 20
120.383
 30
0.0
 11
25.77483171359517
 21
110.383
 31
0.0
  0
LINE
  5
2F7
330
17
100
AcDbEntity
  8
可见轮廓
100
AcDbLine
 10
51.14300000000003
 20
120.383
 30
0.0
 11
51.14300000000003
 21
121.60925074620742
 31
0.0
  0
LINE
  5
2F8
330
17
100
AcDbEntity
  8
可见轮廓
100
AcDbLine
 10
19.643000000000033
 20
120.383
 30
0.0
 11
19.643000000000033
 21
121.60925074620742
 31
0.0
  0
LINE
  5
2F9
330
17
100
AcDbEntity
  8
可见轮廓
100
AcDbLine
 10
47.46858124665524
 20
130.38299999999998
 30
0.0
 11
48.07550618144505
 21
130.38299999999998
 31
0.0
  0
LINE
  5
2FA
330
17
100
AcDbEntity
  8
可见轮廓
100
AcDbLine
 10
52.07967456763684
 20
122.133
 30
0.0
 11
47.5863817264858
 21
122.133
 31
0.0
  0
LINE
  5
2FB
330
17
100
AcDbEntity
  8
可见轮廓
100
AcDbLine
 10
47.46858124665529
 20
130.38299999999998
 30
0.0
 11
52.07967456763685
 21
130.38299999999998
 31
0.0
  0
LINE
  5
2FC
330
17
100
AcDbEntity
  8
可见轮廓
100
AcDbLine
 10
52.89300000000003
 20
130.38299999999998
 30
0.0
 11
52.07967456763684
 21
130.38299999999998
 31
0.0
  0
LINE
  5
2FD
330
17
100
AcDbEntity
  8
可见轮廓
100
AcDbLine
 10
52.07967456763684
 20
122.133
 30
0.0
 11
52.89300000000003
 21
122.133
 31
0.0
  0
LINE
  5
2FE
330
17
100
AcDbEntity
  8
可见轮廓
100
AcDbLine
 10
17.893000000000033
 20
130.38299999999998
 30
0.0
 11
18.70632543236322
 21
130.38299999999998
 31
0.0
  0
LINE
  5
2FF
330
17
100
AcDbEntity
  8
可见轮廓
100
AcDbLine
 10
18.70632543236322
 20
122.133
 30
0.0
 11
17.893000000000033
 21
122.133
 31
0.0
  0
LINE
  5
300
330
17
100
AcDbEntity
  8
可见轮廓
100
AcDbLine
 10
18.706325432363215
 20
122.133
 30
0.0
 11
23.19961827351424
 21
122.133
 31
0.0
  0
LINE
  5
301
330
17
100
AcDbEntity
  8
可见轮廓
100
AcDbLine
 10
23.317418753344754
 20
130.38299999999998
 30
0.0
 11
18.706325432363215
 21
130.38299999999998
 31
0.0
  0
LINE
  5
302
330
17
100
AcDbEntity
  8
可见轮廓
100
AcDbLine
 10
20.682495925095097
 20
122.133
 30
0.0
 11
19.993000000000013
 21
122.133
 31
0.0
  0
LINE
  5
303
330
17
100
AcDbEntity
  8
可见轮廓
100
AcDbLine
 10
19.993000000000013
 20
130.38299999999998
 30
0.0
 11
20.682495925095097
 21
130.38299999999998
 31
0.0
  0
LINE
  5
304
330
17
100
AcDbEntity
  8
可见轮廓
100
AcDbLine
 10
50.793000000000006
 20
122.133
 30
0.0
 11
50.103504074904926
 21
122.133
 31
0.0
  0
LINE
  5
305
330
17
100
AcDbEntity
  8
可见轮廓
100
AcDbLine
 10
50.103504074904926
 20
130.38299999999998
 30
0.0
 11
50.793000000000006
 21
130.38299999999998
 31
0.0
  0
LINE
  5
306
330
17
100
AcDbEntity
  8
可见轮廓
100
AcDbLine
 10
23.317418753344775
 20
130.38299999999998
 30
0.0
 11
22.71049381855497
 21
130.38299999999998
 31
0.0
  0
LINE
  5
307
330
17
100
AcDbEntity
  8
可见轮廓
100
AcDbLine
 10
48.07550618144505
 20
110.383
 30
0.0
 11
47.46858124665525
 21
110.383
 31
0.0
  0
LINE
  5
308
330
17
100
AcDbEntity
  8
可见轮廓
100
AcDbLine
 10
52.07967456763684
 20
118.633
 30
0.0
 11
47.5863817264858
 21
118.633
 31
0.0
  0
LINE
  5
309
330
17
100
AcDbEntity
  8
可见轮廓
100
AcDbLine
 10
52.07967456763684
 20
110.383
 30
0.0
 11
47.46858124665529
 21
110.383
 31
0.0
  0
LINE
  5
30A
330
17
100
AcDbEntity
  8
可见轮廓
100
AcDbLine
 10
52.07967456763684
 20
110.383
 30
0.0
 11
52.89300000000003
 21
110.383
 31
0.0
  0
LINE
  5
30B
330
17
100
AcDbEntity
  8
可见轮廓
100
AcDbLine
 10
52.07967456763684
 20
118.633
 30
0.0
 11
52.89300000000003
 21
118.633
 31
0.0
  0
LINE
  5
30C
330
17
100
AcDbEntity
  8
可见轮廓
100
AcDbLine
 10
18.70632543236322
 20
110.383
 30
0.0
 11
17.893000000000033
 21
110.383
 31
0.0
  0
LINE
  5
30D
330
17
100
AcDbEntity
  8
可见轮廓
100
AcDbLine
 10
18.70632543236322
 20
118.633
 30
0.0
 11
17.893000000000033
 21
118.633
 31
0.0
  0
LINE
  5
30E
330
17
100
AcDbEntity
  8
可见轮廓
100
AcDbLine
 10
18.706325432363215
 20
118.633
 30
0.0
 11
23.19961827351424
 21
118.633
 31
0.0
  0
LINE
  5
30F
330
17
100
AcDbEntity
  8
可见轮廓
100
AcDbLine
 10
18.706325432363215
 20
110.383
 30
0.0
 11
23.317418753344754
 21
110.383
 31
0.0
  0
LINE
  5
310
330
17
100
AcDbEntity
  8
可见轮廓
100
AcDbLine
 10
20.682495925095097
 20
118.633
 30
0.0
 11
19.993000000000013
 21
118.633
 31
0.0
  0
LINE
  5
311
330
17
100
AcDbEntity
  8
可见轮廓
100
AcDbLine
 10
20.682495925095097
 20
110.383
 30
0.0
 11
19.993000000000013
 21
110.383
 31
0.0
  0
LINE
  5
312
330
17
100
AcDbEntity
  8
可见轮廓
100
AcDbLine
 10
50.793000000000006
 20
118.633
 30
0.0
 11
50.103504074904926
 21
118.633
 31
0.0
  0
LINE
  5
313
330
17
100
AcDbEntity
  8
可见轮廓
100
AcDbLine
 10
50.793000000000006
 20
110.383
 30
0.0
 11
50.103504074904926
 21
110.383
 31
0.0
  0
LINE
  5
314
330
17
100
AcDbEntity
  8
可见轮廓
100
AcDbLine
 10
22.710493818554973
 20
110.383
 30
0.0
 11
23.317418753344775
 21
110.383
 31
0.0
  0
LINE
  5
315
330
17
100
AcDbEntity
  8
可见轮廓
100
AcDbLine
 10
52.89300000000003
 20
122.133
 30
0.0
 11
52.89300000000003
 21
124.51299999999999
 31
0.0
  0
LINE
  5
316
330
17
100
AcDbEntity
  8
可见轮廓
100
AcDbLine
 10
52.89300000000003
 20
116.253
 30
0.0
 11
52.89300000000003
 21
124.51299999999999
 31
0.0
  0
LINE
  5
317
330
17
100
AcDbEntity
  8
可见轮廓
100
AcDbLine
 10
52.89300000000003
 20
116.253
 30
0.0
 11
52.89300000000003
 21
118.633
 31
0.0
  0
LINE
  5
318
330
17
100
AcDbEntity
  8
可见轮廓
100
AcDbLine
 10
17.892999999999983
 20
116.253
 30
0.0
 11
17.892999999999983
 21
118.633
 31
0.0
  0
LINE
  5
319
330
17
100
AcDbEntity
  8
可见轮廓
100
AcDbLine
 10
17.892999999999983
 20
116.253
 30
0.0
 11
17.892999999999983
 21
124.51299999999999
 31
0.0
  0
LINE
  5
31A
330
17
100
AcDbEntity
  8
可见轮廓
100
AcDbLine
 10
17.892999999999983
 20
122.133
 30
0.0
 11
17.892999999999983
 21
124.51299999999999
 31
0.0
  0
LINE
  5
31B
330
17
100
AcDbEntity
  8
可见轮廓
100
AcDbLine
 10
20.68249592509509
 20
110.383
 30
0.0
 11
26.4562022441552
 21
110.383
 31
0.0
  0
LINE
  5
31C
330
17
100
AcDbEntity
  8
可见轮廓
100
AcDbLine
 10
20.68249592509509
 20
118.633
 30
0.0
 11
25.582156699693492
 21
118.633
 31
0.0
  0
LINE
  5
31D
330
17
100
AcDbEntity
  8
可见轮廓
100
AcDbLine
 10
20.68249592509509
 20
122.133
 30
0.0
 11
25.582156699693492
 21
122.133
 31
0.0
  0
LINE
  5
31E
330
17
100
AcDbEntity
  8
可见轮廓
100
AcDbLine
 10
26.456202244155207
 20
130.38299999999998
 30
0.0
 11
20.682495925095093
 21
130.38299999999998
 31
0.0
  0
LINE
  5
31F
330
17
100
AcDbEntity
  8
可见轮廓
100
AcDbLine
 10
19.99300000000003
 20
124.51299999999999
 30
0.0
 11
19.99300000000003
 21
122.133
 31
0.0
  0
LINE
  5
320
330
17
100
AcDbEntity
  8
可见轮廓
100
AcDbLine
 10
19.99300000000003
 20
124.51299999999999
 30
0.0
 11
19.99300000000003
 21
116.253
 31
0.0
  0
LINE
  5
321
330
17
100
AcDbEntity
  8
可见轮廓
100
AcDbLine
 10
19.99300000000003
 20
118.633
 30
0.0
 11
19.99300000000003
 21
116.253
 31
0.0
  0
LINE
  5
322
330
17
100
AcDbEntity
  8
可见轮廓
100
AcDbLine
 10
50.793000000000035
 20
118.633
 30
0.0
 11
50.793000000000035
 21
116.253
 31
0.0
  0
LINE
  5
323
330
17
100
AcDbEntity
  8
可见轮廓
100
AcDbLine
 10
50.793000000000035
 20
124.51299999999999
 30
0.0
 11
50.793000000000035
 21
116.253
 31
0.0
  0
LINE
  5
324
330
17
100
AcDbEntity
  8
可见轮廓
100
AcDbLine
 10
50.793000000000035
 20
124.51299999999999
 30
0.0
 11
50.793000000000035
 21
122.133
 31
0.0
  0
LINE
  5
325
330
17
100
AcDbEntity
  8
可见轮廓
100
AcDbLine
 10
50.10350407490494
 20
110.383
 30
0.0
 11
44.32979775584485
 21
110.383
 31
0.0
  0
LINE
  5
326
330
17
100
AcDbEntity
  8
可见轮廓
100
AcDbLine
 10
44.32979775584485
 20
130.38299999999998
 30
0.0
 11
50.10350407490494
 21
130.38299999999998
 31
0.0
  0
LINE
  5
327
330
17
100
AcDbEntity
  8
可见轮廓
100
AcDbLine
 10
50.10350407490494
 20
122.133
 30
0.0
 11
45.20384330030656
 21
122.133
 31
0.0
  0
LINE
  5
328
330
17
100
AcDbEntity
  8
可见轮廓
100
AcDbLine
 10
50.10350407490494
 20
118.633
 30
0.0
 11
45.20384330030656
 21
118.633
 31
0.0
  0
LINE
  5
329
330
17
100
AcDbEntity
  8
可见轮廓
100
AcDbLine
 10
44.32979775584482
 20
110.383
 30
0.0
 11
45.01116828640485
 21
110.383
 31
0.0
  0
LINE
  5
32A
330
17
100
AcDbEntity
  8
可见轮廓
100
AcDbLine
 10
45.01116828640485
 20
130.38299999999998
 30
0.0
 11
44.32979775584482
 21
130.38299999999998
 31
0.0
  0
LINE
  5
32B
330
17
100
AcDbEntity
  8
可见轮廓
100
AcDbLine
 10
51.14300000000003
 20
119.15674925379268
 30
0.0
 11
51.14300000000003
 21
120.383
 31
0.0
  0
LINE
  5
32C
330
17
100
AcDbEntity
  8
可见轮廓
100
AcDbLine
 10
51.49300000000002
 20
110.383
 30
0.0
 11
52.89300000000003
 21
110.383
 31
0.0
  0
LINE
  5
32D
330
17
100
AcDbEntity
  8
可见轮廓
100
AcDbLine
 10
52.89300000000003
 20
130.38299999999998
 30
0.0
 11
51.49300000000002
 21
130.38299999999998
 31
0.0
  0
LINE
  5
32E
330
17
100
AcDbEntity
  8
可见轮廓
100
AcDbLine
 10
19.29299999999998
 20
110.383
 30
0.0
 11
17.892999999999983
 21
110.383
 31
0.0
  0
LINE
  5
32F
330
17
100
AcDbEntity
  8
可见轮廓
100
AcDbLine
 10
17.892999999999983
 20
130.38299999999998
 30
0.0
 11
19.29299999999998
 21
130.38299999999998
 31
0.0
  0
LINE
  5
330
330
17
100
AcDbEntity
  8
可见轮廓
100
AcDbLine
 10
19.643000000000033
 20
119.15674925379268
 30
0.0
 11
19.643000000000033
 21
120.383
 31
0.0
  0
LINE
  5
331
330
17
100
AcDbEntity
  8
可见轮廓
100
AcDbLine
 10
25.77483171359517
 20
110.383
 30
0.0
 11
26.456202244155193
 21
110.383
 31
0.0
  0
LINE
  5
332
330
17
100
AcDbEntity
  8
可见轮廓
100
AcDbLine
 10
26.456202244155193
 20
130.38299999999998
 30
0.0
 11
25.774831713595166
 21
130.38299999999998
 31
0.0
  0
LINE
  5
333
330
17
100
AcDbEntity
  8
可见轮廓
100
AcDbLine
 10
19.99300000000001
 20
130.38299999999998
 30
0.0
 11
21.39300000000001
 21
130.38299999999998
 31
0.0
  0
LINE
  5
334
330
17
100
AcDbEntity
  8
可见轮廓
100
AcDbLine
 10
21.39300000000001
 20
110.383
 30
0.0
 11
19.99300000000001
 21
110.383
 31
0.0
  0
LINE
  5
335
330
17
100
AcDbEntity
  8
可见轮廓
100
AcDbLine
 10
49.39300000000001
 20
130.38299999999998
 30
0.0
 11
50.793000000000006
 21
130.38299999999998
 31
0.0
  0
LINE
  5
336
330
17
100
AcDbEntity
  8
可见轮廓
100
AcDbLine
 10
50.793000000000006
 20
110.383
 30
0.0
 11
49.39300000000001
 21
110.383
 31
0.0
  0
LINE
  5
337
330
17
100
AcDbEntity
  8
可见轮廓
100
AcDbLine
 10
51.14300000000003
 20
120.383
 30
0.0
 11
44.5277792437056
 21
120.383
 31
0.0
  0
LINE
  5
338
330
17
100
AcDbEntity
  8
可见轮廓
100
AcDbLine
 10
51.14300000000003
 20
120.383
 30
0.0
 11
51.14300000000003
 21
122.133
 31
0.0
  0
LINE
  5
339
330
17
100
AcDbEntity
  8
可见轮廓
100
AcDbLine
 10
44.5277792437056
 20
120.383
 30
0.0
 11
44.5277792437056
 21
122.133
 31
0.0
  0
LINE
  5
33A
330
17
100
AcDbEntity
  8
可见轮廓
100
AcDbLine
 10
26.258220756294456
 20
120.383
 30
0.0
 11
19.64300000000003
 21
120.383
 31
0.0
  0
LINE
  5
33B
330
17
100
AcDbEntity
  8
可见轮廓
100
AcDbLine
 10
26.258220756294456
 20
120.383
 30
0.0
 11
26.258220756294456
 21
122.133
 31
0.0
  0
LINE
  5
33C
330
17
100
AcDbEntity
  8
可见轮廓
100
AcDbLine
 10
19.64300000000003
 20
120.383
 30
0.0
 11
19.64300000000003
 21
122.133
 31
0.0
  0
LINE
  5
33D
330
17
100
AcDbEntity
  8
可见轮廓
100
AcDbLine
 10
47.37550618144505
 20
130.38299999999998
 30
0.0
 11
47.37550618144505
 21
129.83464067163794
 31
0.0
  0
LINE
  5
33E
330
17
100
AcDbEntity
  8
可见轮廓
100
AcDbLine
 10
47.37550618144505
 20
122.15761007456949
 30
0.0
 11
47.37550618144505
 21
121.60925074620745
 31
0.0
  0
LINE
  5
33F
330
17
100
AcDbEntity
  8
可见轮廓
100
AcDbLine
 10
48.07550618144505
 20
130.38299999999998
 30
0.0
 11
48.07550618144505
 21
129.83464067163794
 31
0.0
  0
LINE
  5
340
330
17
100
AcDbEntity
  8
可见轮廓
100
AcDbLine
 10
48.07550618144505
 20
122.15761007456949
 30
0.0
 11
48.07550618144505
 21
121.60925074620745
 31
0.0
  0
LINE
  5
341
330
17
100
AcDbEntity
  8
可见轮廓
100
AcDbLine
 10
48.07550618144505
 20
121.60925074620745
 30
0.0
 11
47.468581246655276
 21
121.60925074620745
 31
0.0
  0
LINE
  5
342
330
17
100
AcDbEntity
  8
可见轮廓
100
AcDbLine
 10
47.46858124665529
 20
130.38299999999998
 30
0.0
 11
47.46858124665529
 21
129.8666601596093
 31
0.0
  0
LINE
  5
343
330
17
100
AcDbEntity
  8
可见轮廓
100
AcDbLine
 10
47.46858124665529
 20
122.63790239413966
 30
0.0
 11
47.46858124665529
 21
122.12156255374897
 31
0.0
  0
LINE
  5
344
330
17
100
AcDbEntity
  8
可见轮廓
100
AcDbLine
 10
52.07967456763684
 20
122.12156255374897
 30
0.0
 11
47.46858124665529
 21
122.12156255374897
 31
0.0
  0
LINE
  5
345
330
17
100
AcDbEntity
  8
可见轮廓
100
AcDbLine
 10
52.89300000000003
 20
130.38299999999998
 30
0.0
 11
52.89300000000003
 21
122.133
 31
0.0
  0
LINE
  5
346
330
17
100
AcDbEntity
  8
可见轮廓
100
AcDbLine
 10
18.70632543236322
 20
130.38299999999998
 30
0.0
 11
18.70632543236322
 21
122.133
 31
0.0
  0
LINE
  5
347
330
17
100
AcDbEntity
  8
可见轮廓
100
AcDbLine
 10
18.70632543236321
 20
130.38299999999998
 30
0.0
 11
18.70632543236321
 21
129.8666601596093
 31
0.0
  0
LINE
  5
348
330
17
100
AcDbEntity
  8
可见轮廓
100
AcDbLine
 10
18.70632543236321
 20
122.63790239413966
 30
0.0
 11
18.70632543236321
 21
122.12156255374897
 31
0.0
  0
LINE
  5
349
330
17
100
AcDbEntity
  8
可见轮廓
100
AcDbLine
 10
23.317418753344754
 20
122.12156255374897
 30
0.0
 11
18.70632543236321
 21
122.12156255374897
 31
0.0
  0
LINE
  5
34A
330
17
100
AcDbEntity
  8
可见轮廓
100
AcDbLine
 10
19.993000000000013
 20
130.38299999999998
 30
0.0
 11
19.993000000000013
 21
122.133
 31
0.0
  0
LINE
  5
34B
330
17
100
AcDbEntity
  8
可见轮廓
100
AcDbLine
 10
20.68249592509511
 20
130.38299999999998
 30
0.0
 11
20.68249592509511
 21
122.133
 31
0.0
  0
LINE
  5
34C
330
17
100
AcDbEntity
  8
可见轮廓
100
AcDbLine
 10
50.793000000000006
 20
130.38299999999998
 30
0.0
 11
50.793000000000006
 21
122.133
 31
0.0
  0
LINE
  5
34D
330
17
100
AcDbEntity
  8
可见轮廓
100
AcDbLine
 10
23.41049381855497
 20
130.38299999999998
 30
0.0
 11
23.41049381855497
 21
129.83464067163794
 31
0.0
  0
LINE
  5
34E
330
17
100
AcDbEntity
  8
可见轮廓
100
AcDbLine
 10
23.41049381855497
 20
122.15761007456952
 30
0.0
 11
23.41049381855497
 21
121.60925074620748
 31
0.0
  0
LINE
  5
34F
330
17
100
AcDbEntity
  8
可见轮廓
100
AcDbLine
 10
23.317418753344743
 20
130.38299999999998
 30
0.0
 11
23.317418753344743
 21
129.83464067163794
 31
0.0
  0
LINE
  5
350
330
17
100
AcDbEntity
  8
可见轮廓
100
AcDbLine
 10
23.317418753344743
 20
122.15761007456952
 30
0.0
 11
23.317418753344743
 21
121.60925074620748
 31
0.0
  0
LINE
  5
351
330
17
100
AcDbEntity
  8
可见轮廓
100
AcDbLine
 10
23.41049381855497
 20
130.38299999999998
 30
0.0
 11
22.710493818554973
 21
130.38299999999998
 31
0.0
  0
LINE
  5
352
330
17
100
AcDbEntity
  8
可见轮廓
100
AcDbLine
 10
23.41049381855497
 20
121.60925074620748
 30
0.0
 11
22.710493818554973
 21
121.60925074620748
 31
0.0
  0
LINE
  5
353
330
17
100
AcDbEntity
  8
可见轮廓
100
AcDbLine
 10
47.37550618144505
 20
119.15674925379277
 30
0.0
 11
47.37550618144505
 21
118.60838992543073
 31
0.0
  0
LINE
  5
354
330
17
100
AcDbEntity
  8
可见轮廓
100
AcDbLine
 10
47.37550618144505
 20
110.93135932836203
 30
0.0
 11
47.37550618144505
 21
110.383
 31
0.0
  0
LINE
  5
355
330
17
100
AcDbEntity
  8
可见轮廓
100
AcDbLine
 10
48.07550618144505
 20
119.15674925379277
 30
0.0
 11
48.07550618144505
 21
118.60838992543073
 31
0.0
  0
LINE
  5
356
330
17
100
AcDbEntity
  8
可见轮廓
100
AcDbLine
 10
48.07550618144505
 20
110.93135932836203
 30
0.0
 11
48.07550618144505
 21
110.383
 31
0.0
  0
LINE
  5
357
330
17
100
AcDbEntity
  8
可见轮廓
100
AcDbLine
 10
48.07550618144505
 20
119.15674925379277
 30
0.0
 11
47.468581246655276
 21
119.15674925379277
 31
0.0
  0
LINE
  5
358
330
17
100
AcDbEntity
  8
可见轮廓
100
AcDbLine
 10
47.46858124665526
 20
118.64443744625099
 30
0.0
 11
47.46858124665526
 21
118.1280976058603
 31
0.0
  0
LINE
  5
359
330
17
100
AcDbEntity
  8
可见轮廓
100
AcDbLine
 10
47.46858124665526
 20
110.89933984039068
 30
0.0
 11
47.46858124665526
 21
110.383
 31
0.0
  0
LINE
  5
35A
330
17
100
AcDbEntity
  8
可见轮廓
100
AcDbLine
 10
52.07967456763685
 20
118.64443744625099
 30
0.0
 11
47.46858124665526
 21
118.64443744625099
 31
0.0
  0
LINE
  5
35B
330
17
100
AcDbEntity
  8
可见轮廓
100
AcDbLine
 10
52.89300000000003
 20
118.633
 30
0.0
 11
52.89300000000003
 21
110.383
 31
0.0
  0
LINE
  5
35C
330
17
100
AcDbEntity
  8
可见轮廓
100
AcDbLine
 10
18.70632543236322
 20
118.633
 30
0.0
 11
18.70632543236322
 21
110.383
 31
0.0
  0
LINE
  5
35D
330
17
100
AcDbEntity
  8
可见轮廓
100
AcDbLine
 10
18.70632543236321
 20
118.64443744625099
 30
0.0
 11
18.70632543236321
 21
118.1280976058603
 31
0.0
  0
LINE
  5
35E
330
17
100
AcDbEntity
  8
可见轮廓
100
AcDbLine
 10
18.70632543236321
 20
110.89933984039068
 30
0.0
 11
18.70632543236321
 21
110.383
 31
0.0
  0
LINE
  5
35F
330
17
100
AcDbEntity
  8
可见轮廓
100
AcDbLine
 10
23.317418753344782
 20
118.64443744625099
 30
0.0
 11
18.70632543236321
 21
118.64443744625099
 31
0.0
  0
LINE
  5
360
330
17
100
AcDbEntity
  8
可见轮廓
100
AcDbLine
 10
19.993000000000013
 20
118.633
 30
0.0
 11
19.993000000000013
 21
110.383
 31
0.0
  0
LINE
  5
361
330
17
100
AcDbEntity
  8
可见轮廓
100
AcDbLine
 10
20.68249592509511
 20
118.633
 30
0.0
 11
20.68249592509511
 21
110.383
 31
0.0
  0
LINE
  5
362
330
17
100
AcDbEntity
  8
可见轮廓
100
AcDbLine
 10
50.793000000000006
 20
118.633
 30
0.0
 11
50.793000000000006
 21
110.383
 31
0.0
  0
LINE
  5
363
330
17
100
AcDbEntity
  8
可见轮廓
100
AcDbLine
 10
23.41049381855497
 20
119.15674925379277
 30
0.0
 11
23.41049381855497
 21
118.60838992543073
 31
0.0
  0
LINE
  5
364
330
17
100
AcDbEntity
  8
可见轮廓
100
AcDbLine
 10
23.41049381855497
 20
110.93135932836203
 30
0.0
 11
23.41049381855497
 21
110.383
 31
0.0
  0
LINE
  5
365
330
17
100
AcDbEntity
  8
可见轮廓
100
AcDbLine
 10
23.317418753344743
 20
119.15674925379277
 30
0.0
 11
23.317418753344743
 21
118.60838992543073
 31
0.0
  0
LINE
  5
366
330
17
100
AcDbEntity
  8
可见轮廓
100
AcDbLine
 10
23.317418753344743
 20
110.93135932836203
 30
0.0
 11
23.317418753344743
 21
110.383
 31
0.0
  0
LINE
  5
367
330
17
100
AcDbEntity
  8
可见轮廓
100
AcDbLine
 10
23.41049381855497
 20
119.15674925379277
 30
0.0
 11
22.710493818554973
 21
119.15674925379277
 31
0.0
  0
LINE
  5
368
330
17
100
AcDbEntity
  8
可见轮廓
100
AcDbLine
 10
23.41049381855497
 20
110.383
 30
0.0
 11
22.710493818554973
 21
110.383
 31
0.0
  0
LINE
  5
369
330
17
100
AcDbEntity
  8
可见轮廓
100
AcDbLine
 10
20.682495925095086
 20
130.38299999999998
 30
0.0
 11
20.682495925095086
 21
110.383
 31
0.0
  0
LINE
  5
36A
330
17
100
AcDbEntity
  8
可见轮廓
100
AcDbLine
 10
44.32979775584485
 20
130.38299999999998
 30
0.0
 11
44.32979775584485
 21
110.383
 31
0.0
  0
LINE
  5
36B
330
17
100
AcDbEntity
  8
可见轮廓
100
AcDbLine
 10
45.01116828640485
 20
130.38299999999998
 30
0.0
 11
45.01116828640485
 21
110.383
 31
0.0
  0
LINE
  5
36C
330
17
100
AcDbEntity
  8
可见轮廓
100
AcDbLine
 10
52.89300000000003
 20
130.38299999999998
 30
0.0
 11
52.89300000000003
 21
110.383
 31
0.0
  0
LINE
  5
36D
330
17
100
AcDbEntity
  8
可见轮廓
100
AcDbLine
 10
51.49299999999998
 20
130.38299999999998
 30
0.0
 11
51.49299999999998
 21
110.383
 31
0.0
  0
LINE
  5
36E
330
17
100
AcDbEntity
  8
可见轮廓
100
AcDbLine
 10
17.892999999999983
 20
130.38299999999998
 30
0.0
 11
17.892999999999983
 21
110.383
 31
0.0
  0
LINE
  5
36F
330
17
100
AcDbEntity
  8
可见轮廓
100
AcDbLine
 10
26.474831713595172
 20
130.38299999999998
 30
0.0
 11
26.474831713595172
 21
110.383
 31
0.0
  0
LINE
  5
370
330
17
100
AcDbEntity
  8
可见轮廓
100
AcDbLine
 10
19.99300000000001
 20
130.38299999999998
 30
0.0
 11
19.99300000000001
 21
129.13299999999998
 31
0.0
  0
LINE
  5
371
330
17
100
AcDbEntity
  8
可见轮廓
100
AcDbLine
 10
19.99300000000001
 20
111.633
 30
0.0
 11
19.99300000000001
 21
110.383
 31
0.0
  0
LINE
  5
372
330
17
100
AcDbEntity
  8
可见轮廓
100
AcDbLine
 10
50.793000000000006
 20
130.38299999999998
 30
0.0
 11
50.793000000000006
 21
129.13299999999998
 31
0.0
  0
LINE
  5
373
330
17
100
AcDbEntity
  8
可见轮廓
100
AcDbLine
 10
50.793000000000006
 20
111.633
 30
0.0
 11
50.793000000000006
 21
110.383
 31
0.0
  0
LINE
  5
374
330
17
100
AcDbEntity
  8
可见轮廓
100
AcDbLine
 10
49.39299999999999
 20
130.38299999999998
 30
0.0
 11
49.39299999999999
 21
129.13299999999998
 31
0.0
  0
LINE
  5
375
330
17
100
AcDbEntity
  8
可见轮廓
100
AcDbLine
 10
49.39299999999999
 20
111.633
 30
0.0
 11
49.39299999999999
 21
110.383
 31
0.0
  0
LINE
  5
376
330
17
100
AcDbEntity
  8
可见轮廓
100
AcDbLine
 10
26.25822075629446
 20
118.633
 30
0.0
 11
19.64300000000003
 21
118.633
 31
0.0
  0
LINE
  5
377
330
17
100
AcDbEntity
  8
可见轮廓
100
AcDbLine
 10
26.25822075629446
 20
118.633
 30
0.0
 11
26.25822075629446
 21
120.383
 31
0.0
  0
LINE
  5
378
330
17
100
AcDbEntity
  8
可见轮廓
100
AcDbLine
 10
19.64300000000003
 20
118.633
 30
0.0
 11
19.64300000000003
 21
120.383
 31
0.0
  0
LINE
  5
379
330
17
100
AcDbEntity
  8
可见轮廓
100
AcDbLine
 10
19.99300000000003
 20
122.133
 30
0.0
 11
19.86175000000003
 21
122.133
 31
0.0
  0
LINE
  5
37A
330
17
100
AcDbEntity
  8
可见轮廓
100
AcDbLine
 10
18.024249999999988
 20
124.51299999999999
 30
0.0
 11
17.892999999999986
 21
124.51299999999999
 31
0.0
  0
LINE
  5
37B
330
17
100
AcDbEntity
  8
可见轮廓
100
AcDbLine
 10
18.024249999999988
 20
116.253
 30
0.0
 11
17.892999999999986
 21
116.253
 31
0.0
  0
LINE
  5
37C
330
17
100
AcDbEntity
  8
可见轮廓
100
AcDbLine
 10
52.89300000000003
 20
116.253
 30
0.0
 11
52.76175000000003
 21
116.253
 31
0.0
  0
LINE
  5
37D
330
17
100
AcDbEntity
  8
可见轮廓
100
AcDbLine
 10
52.89300000000003
 20
124.51299999999999
 30
0.0
 11
52.76175000000003
 21
124.51299999999999
 31
0.0
  0
LINE
  5
37E
330
17
100
AcDbEntity
  8
可见轮廓
100
AcDbLine
 10
50.92425000000003
 20
122.133
 30
0.0
 11
50.793000000000035
 21
122.133
 31
0.0
  0
LINE
  5
37F
330
17
100
AcDbEntity
  8
可见轮廓
100
AcDbLine
 10
51.14300000000003
 20
118.633
 30
0.0
 11
44.5277792437056
 21
118.633
 31
0.0
  0
LINE
  5
380
330
17
100
AcDbEntity
  8
可见轮廓
100
AcDbLine
 10
51.14300000000003
 20
118.633
 30
0.0
 11
51.14300000000003
 21
120.383
 31
0.0
  0
LINE
  5
381
330
17
100
AcDbEntity
  8
可见轮廓
100
AcDbLine
 10
44.5277792437056
 20
118.633
 30
0.0
 11
44.5277792437056
 21
120.383
 31
0.0
  0
LINE
  5
382
330
17
100
AcDbEntity
  8
可见轮廓
100
AcDbLine
 10
47.468581246655276
 20
122.12156255374897
 30
0.0
 11
47.39676992493995
 21
122.09145224752423
 31
0.0
  0
LINE
  5
383
330
17
100
AcDbEntity
  8
可见轮廓
100
AcDbLine
 10
47.39676992493995
 20
122.09145224752423
 30
0.0
 11
47.37569552705976
 21
122.03935065657761
 31
0.0
  0
LINE
  5
384
330
17
100
AcDbEntity
  8
可见轮廓
100
AcDbLine
 10
47.37569552705976
 20
122.03935065657761
 30
0.0
 11
47.4034407704942
 21
121.96672601903809
 31
0.0
  0
LINE
  5
385
330
17
100
AcDbEntity
  8
可见轮廓
100
AcDbLine
 10
47.4034407704942
 20
121.96672601903809
 30
0.0
 11
47.473071313393504
 21
121.88082662911488
 31
0.0
  0
LINE
  5
386
330
17
100
AcDbEntity
  8
可见轮廓
100
AcDbLine
 10
47.473071313393504
 20
121.88082662911488
 30
0.0
 11
47.577984848032614
 21
121.78945842277248
 31
0.0
  0
LINE
  5
387
330
17
100
AcDbEntity
  8
可见轮廓
100
AcDbLine
 10
47.577984848032614
 20
121.78945842277248
 30
0.0
 11
47.715720887518806
 21
121.7029750506316
 31
0.0
  0
LINE
  5
388
330
17
100
AcDbEntity
  8
可见轮廓
100
AcDbLine
 10
47.715720887518806
 20
121.7029750506316
 30
0.0
 11
47.88462193267675
 21
121.6360664552818
 31
0.0
  0
LINE
  5
389
330
17
100
AcDbEntity
  8
可见轮廓
100
AcDbLine
 10
47.88462193267675
 20
121.6360664552818
 30
0.0
 11
48.07550618144505
 21
121.60925074620748
 31
0.0
  0
LINE
  5
38A
330
17
100
AcDbEntity
  8
可见轮廓
100
AcDbLine
 10
47.58638172648577
 20
122.133
 30
0.0
 11
47.57130417091468
 21
122.13282182617762
 31
0.0
  0
LINE
  5
38B
330
17
100
AcDbEntity
  8
可见轮廓
100
AcDbLine
 10
47.57130417091468
 20
122.13282182617762
 30
0.0
 11
47.55632812501809
 21
122.13228699826747
 31
0.0
  0
LINE
  5
38C
330
17
100
AcDbEntity
  8
可见轮廓
100
AcDbLine
 10
47.55632812501809
 20
122.13228699826747
 30
0.0
 11
47.541453190471934
 21
122.131395056605
 31
0.0
  0
LINE
  5
38D
330
17
100
AcDbEntity
  8
可见轮廓
100
AcDbLine
 10
47.541453190471934
 20
122.131395056605
 30
0.0
 11
47.52667896895214
 21
122.13014554152569
 31
0.0
  0
LINE
  5
38E
330
17
100
AcDbEntity
  8
可见轮廓
100
AcDbLine
 10
45.20384330030653
 20
122.133
 30
0.0
 11
45.05552055739753
 21
122.1030191955568
 31
0.0
  0
LINE
  5
38F
330
17
100
AcDbEntity
  8
可见轮廓
100
AcDbLine
 10
45.05552055739753
 20
122.1030191955568
 30
0.0
 11
44.9207924216997
 21
122.01161281757801
 31
0.0
  0
LINE
  5
390
330
17
100
AcDbEntity
  8
可见轮廓
100
AcDbLine
 10
44.9207924216997
 20
122.01161281757801
 30
0.0
 11
44.8031443474553
 21
121.85953824859233
 31
0.0
  0
LINE
  5
391
330
17
100
AcDbEntity
  8
可见轮廓
100
AcDbLine
 10
44.8031443474553
 20
121.85953824859233
 30
0.0
 11
44.704448185999496
 21
121.64787688375101
 31
0.0
  0
LINE
  5
392
330
17
100
AcDbEntity
  8
可见轮廓
100
AcDbLine
 10
44.704448185999496
 20
121.64787688375101
 30
0.0
 11
44.62736030663522
 21
121.38457888714576
 31
0.0
  0
LINE
  5
393
330
17
100
AcDbEntity
  8
可见轮廓
100
AcDbLine
 10
44.62736030663522
 20
121.38457888714576
 30
0.0
 11
44.57186314858938
 21
121.07597242360963
 31
0.0
  0
LINE
  5
394
330
17
100
AcDbEntity
  8
可见轮廓
100
AcDbLine
 10
44.57186314858938
 20
121.07597242360963
 30
0.0
 11
44.5388283706256
 21
120.73824393709974
 31
0.0
  0
LINE
  5
395
330
17
100
AcDbEntity
  8
可见轮廓
100
AcDbLine
 10
44.5388283706256
 20
120.73824393709974
 30
0.0
 11
44.5277792437056
 21
120.383
 31
0.0
  0
LINE
  5
396
330
17
100
AcDbEntity
  8
可见轮廓
100
AcDbLine
 10
23.199618273514233
 20
122.133
 30
0.0
 11
23.21469582908533
 21
122.13282182617762
 31
0.0
  0
LINE
  5
397
330
17
100
AcDbEntity
  8
可见轮廓
100
AcDbLine
 10
23.21469582908533
 20
122.13282182617762
 30
0.0
 11
23.229671874981925
 21
122.13228699826747
 31
0.0
  0
LINE
  5
398
330
17
100
AcDbEntity
  8
可见轮廓
100
AcDbLine
 10
23.229671874981925
 20
122.13228699826747
 30
0.0
 11
23.24454680952808
 21
122.131395056605
 31
0.0
  0
LINE
  5
399
330
17
100
AcDbEntity
  8
可见轮廓
100
AcDbLine
 10
23.24454680952808
 20
122.131395056605
 30
0.0
 11
23.25932103104788
 21
122.13014554152569
 31
0.0
  0
LINE
  5
39A
330
17
100
AcDbEntity
  8
可见轮廓
100
AcDbLine
 10
23.31741875334475
 20
122.12156255374897
 30
0.0
 11
23.389230075060066
 21
122.09145224752423
 31
0.0
  0
LINE
  5
39B
330
17
100
AcDbEntity
  8
可见轮廓
100
AcDbLine
 10
23.389230075060066
 20
122.09145224752423
 30
0.0
 11
23.410304472940254
 21
122.03935065657761
 31
0.0
  0
LINE
  5
39C
330
17
100
AcDbEntity
  8
可见轮廓
100
AcDbLine
 10
23.410304472940254
 20
122.03935065657761
 30
0.0
 11
23.38255922950582
 21
121.96672601903809
 31
0.0
  0
LINE
  5
39D
330
17
100
AcDbEntity
  8
可见轮廓
100
AcDbLine
 10
23.38255922950582
 20
121.96672601903809
 30
0.0
 11
23.31292868660651
 21
121.88082662911488
 31
0.0
  0
LINE
  5
39E
330
17
100
AcDbEntity
  8
可见轮廓
100
AcDbLine
 10
23.31292868660651
 20
121.88082662911488
 30
0.0
 11
23.208015151967402
 21
121.78945842277248
 31
0.0
  0
LINE
  5
39F
330
17
100
AcDbEntity
  8
可见轮廓
100
AcDbLine
 10
23.208015151967402
 20
121.78945842277248
 30
0.0
 11
23.07027911248122
 21
121.70297505063157
 31
0.0
  0
LINE
  5
3A0
330
17
100
AcDbEntity
  8
可见轮廓
100
AcDbLine
 10
23.07027911248122
 20
121.70297505063157
 30
0.0
 11
22.90137806732327
 21
121.63606645528178
 31
0.0
  0
LINE
  5
3A1
330
17
100
AcDbEntity
  8
可见轮廓
100
AcDbLine
 10
22.90137806732327
 20
121.63606645528178
 30
0.0
 11
22.710493818554973
 21
121.60925074620748
 31
0.0
  0
LINE
  5
3A2
330
17
100
AcDbEntity
  8
可见轮廓
100
AcDbLine
 10
25.582156699693492
 20
122.133
 30
0.0
 11
25.730479442602505
 21
122.10301919555677
 31
0.0
  0
LINE
  5
3A3
330
17
100
AcDbEntity
  8
可见轮廓
100
AcDbLine
 10
25.730479442602505
 20
122.10301919555677
 30
0.0
 11
25.865207578300353
 21
122.01161281757798
 31
0.0
  0
LINE
  5
3A4
330
17
100
AcDbEntity
  8
可见轮廓
100
AcDbLine
 10
25.865207578300353
 20
122.01161281757798
 30
0.0
 11
25.98285565254475
 21
121.85953824859233
 31
0.0
  0
LINE
  5
3A5
330
17
100
AcDbEntity
  8
可见轮廓
100
AcDbLine
 10
25.98285565254475
 20
121.85953824859233
 30
0.0
 11
26.081551814000562
 21
121.64787688375104
 31
0.0
  0
LINE
  5
3A6
330
17
100
AcDbEntity
  8
可见轮廓
100
AcDbLine
 10
26.081551814000562
 20
121.64787688375104
 30
0.0
 11
26.158639693364837
 21
121.38457888714574
 31
0.0
  0
LINE
  5
3A7
330
17
100
AcDbEntity
  8
可见轮廓
100
AcDbLine
 10
26.158639693364837
 20
121.38457888714574
 30
0.0
 11
26.21413685141068
 21
121.07597242360963
 31
0.0
  0
LINE
  5
3A8
330
17
100
AcDbEntity
  8
可见轮廓
100
AcDbLine
 10
26.21413685141068
 20
121.07597242360963
 30
0.0
 11
26.247171629374456
 21
120.73824393709977
 31
0.0
  0
LINE
  5
3A9
330
17
100
AcDbEntity
  8
可见轮廓
100
AcDbLine
 10
26.247171629374456
 20
120.73824393709977
 30
0.0
 11
26.258220756294456
 21
120.383
 31
0.0
  0
LINE
  5
3AA
330
17
100
AcDbEntity
  8
可见轮廓
100
AcDbLine
 10
48.07550618144505
 20
119.15674925379277
 30
0.0
 11
47.88472646094453
 21
119.13001828742084
 31
0.0
  0
LINE
  5
3AB
330
17
100
AcDbEntity
  8
可见轮廓
100
AcDbLine
 10
47.88472646094453
 20
119.13001828742084
 30
0.0
 11
47.715576142251436
 21
119.06294944001822
 31
0.0
  0
LINE
  5
3AC
330
17
100
AcDbEntity
  8
可见轮廓
100
AcDbLine
 10
47.715576142251436
 20
119.06294944001822
 30
0.0
 11
47.57743200776255
 21
118.9761491290658
 31
0.0
  0
LINE
  5
3AD
330
17
100
AcDbEntity
  8
可见轮廓
100
AcDbLine
 10
47.57743200776255
 20
118.9761491290658
 30
0.0
 11
47.47266608770158
 21
118.88475927054678
 31
0.0
  0
LINE
  5
3AE
330
17
100
AcDbEntity
  8
可见轮廓
100
AcDbLine
 10
47.47266608770158
 20
118.88475927054678
 30
0.0
 11
47.40333566031434
 21
118.79905602086266
 31
0.0
  0
LINE
  5
3AF
330
17
100
AcDbEntity
  8
可见轮廓
100
AcDbLine
 10
47.40333566031434
 20
118.79905602086266
 30
0.0
 11
47.37571074109731
 21
118.72686817347191
 31
0.0
  0
LINE
  5
3B0
330
17
100
AcDbEntity
  8
可见轮廓
100
AcDbLine
 10
47.37571074109731
 20
118.72686817347191
 30
0.0
 11
47.396755567775934
 21
118.67480085169016
 31
0.0
  0
LINE
  5
3B1
330
17
100
AcDbEntity
  8
可见轮廓
100
AcDbLine
 10
47.396755567775934
 20
118.67480085169016
 30
0.0
 11
47.46858124665511
 21
118.64443744625099
 31
0.0
  0
LINE
  5
3B2
330
17
100
AcDbEntity
  8
可见轮廓
100
AcDbLine
 10
47.46858124665511
 20
118.64443744625099
 30
0.0
 11
47.48302418188514
 21
118.64174127973432
 31
0.0
  0
LINE
  5
3B3
330
17
100
AcDbEntity
  8
可见轮廓
100
AcDbLine
 10
47.54160104928995
 20
118.63459414236227
 30
0.0
 11
47.55644701987541
 21
118.63370724118174
 31
0.0
  0
LINE
  5
3B4
330
17
100
AcDbEntity
  8
可见轮廓
100
AcDbLine
 10
47.55644701987541
 20
118.63370724118174
 30
0.0
 11
47.57137388079981
 21
118.63317649366174
 31
0.0
  0
LINE
  5
3B5
330
17
100
AcDbEntity
  8
可见轮廓
100
AcDbLine
 10
23.31741875334491
 20
118.64443744625099
 30
0.0
 11
23.302975818114888
 21
118.64174127973432
 31
0.0
  0
LINE
  5
3B6
330
17
100
AcDbEntity
  8
可见轮廓
100
AcDbLine
 10
23.24439895071007
 20
118.63459414236227
 30
0.0
 11
23.229552980124602
 21
118.63370724118174
 31
0.0
  0
LINE
  5
3B7
330
17
100
AcDbEntity
  8
可见轮廓
100
AcDbLine
 10
23.229552980124602
 20
118.63370724118174
 30
0.0
 11
23.214626119200194
 21
118.63317649366174
 31
0.0
  0
LINE
  5
3B8
330
17
100
AcDbEntity
  8
可见轮廓
100
AcDbLine
 10
22.710493818554973
 20
119.15674925379277
 30
0.0
 11
22.901273539055488
 21
119.13001828742084
 31
0.0
  0
LINE
  5
3B9
330
17
100
AcDbEntity
  8
可见轮廓
100
AcDbLine
 10
22.901273539055488
 20
119.13001828742084
 30
0.0
 11
23.070423857748583
 21
119.06294944001822
 31
0.0
  0
LINE
  5
3BA
330
17
100
AcDbEntity
  8
可见轮廓
100
AcDbLine
 10
23.070423857748583
 20
119.06294944001822
 30
0.0
 11
23.20856799223747
 21
118.9761491290658
 31
0.0
  0
LINE
  5
3BB
330
17
100
AcDbEntity
  8
可见轮廓
100
AcDbLine
 10
23.20856799223747
 20
118.9761491290658
 30
0.0
 11
23.31333391229844
 21
118.88475927054681
 31
0.0
  0
LINE
  5
3BC
330
17
100
AcDbEntity
  8
可见轮廓
100
AcDbLine
 10
23.31333391229844
 20
118.88475927054681
 30
0.0
 11
23.38266433968568
 21
118.7990560208627
 31
0.0
  0
LINE
  5
3BD
330
17
100
AcDbEntity
  8
可见轮廓
100
AcDbLine
 10
23.38266433968568
 20
118.7990560208627
 30
0.0
 11
23.410289258902708
 21
118.72686817347191
 31
0.0
  0
LINE
  5
3BE
330
17
100
AcDbEntity
  8
可见轮廓
100
AcDbLine
 10
23.410289258902708
 20
118.72686817347191
 30
0.0
 11
23.38924443222409
 21
118.67480085169016
 31
0.0
  0
LINE
  5
3BF
330
17
100
AcDbEntity
  8
可见轮廓
100
AcDbLine
 10
23.38924443222409
 20
118.67480085169016
 30
0.0
 11
23.31741875334491
 21
118.64443744625099
 31
0.0
  0
LINE
  5
3C0
330
17
100
AcDbEntity
  8
可见轮廓
100
AcDbLine
 10
26.258220756294456
 20
120.383
 30
0.0
 11
26.247215620619684
 21
120.02845268800233
 31
0.0
  0
LINE
  5
3C1
330
17
100
AcDbEntity
  8
可见轮廓
100
AcDbLine
 10
26.247215620619684
 20
120.02845268800233
 30
0.0
 11
26.214284385997445
 21
119.69111546389162
 31
0.0
  0
LINE
  5
3C2
330
17
100
AcDbEntity
  8
可见轮廓
100
AcDbLine
 10
26.214284385997445
 20
119.69111546389162
 30
0.0
 11
26.15897718812152
 21
119.3828842761922
 31
0.0
  0
LINE
  5
3C3
330
17
100
AcDbEntity
  8
可见轮廓
100
AcDbLine
 10
26.15897718812152
 20
119.3828842761922
 30
0.0
 11
26.08178697433032
 21
119.11876157346124
 31
0.0
  0
LINE
  5
3C4
330
17
100
AcDbEntity
  8
可见轮廓
100
AcDbLine
 10
26.08178697433032
 20
119.11876157346124
 30
0.0
 11
25.983489262383454
 21
118.9075277486473
 31
0.0
  0
LINE
  5
3C5
330
17
100
AcDbEntity
  8
可见轮廓
100
AcDbLine
 10
25.983489262383454
 20
118.9075277486473
 30
0.0
 11
25.865347877454322
 21
118.75452224137204
 31
0.0
  0
LINE
  5
3C6
330
17
100
AcDbEntity
  8
可见轮廓
100
AcDbLine
 10
25.865347877454322
 20
118.75452224137204
 30
0.0
 11
25.73071891602177
 21
118.66325015248724
 31
0.0
  0
LINE
  5
3C7
330
17
100
AcDbEntity
  8
可见轮廓
100
AcDbLine
 10
25.73071891602177
 20
118.66325015248724
 30
0.0
 11
25.582156699693492
 21
118.633
 31
0.0
  0
LINE
  5
3C8
330
17
100
AcDbEntity
  8
可见轮廓
100
AcDbLine
 10
44.5277792437056
 20
120.383
 30
0.0
 11
44.538784379380374
 21
120.02845268800233
 31
0.0
  0
LINE
  5
3C9
330
17
100
AcDbEntity
  8
可见轮廓
100
AcDbLine
 10
44.538784379380374
 20
120.02845268800233
 30
0.0
 11
44.57171561400261
 21
119.69111546389162
 31
0.0
  0
LINE
  5
3CA
330
17
100
AcDbEntity
  8
可见轮廓
100
AcDbLine
 10
44.57171561400261
 20
119.69111546389162
 30
0.0
 11
44.62702281187853
 21
119.38288427619223
 31
0.0
  0
LINE
  5
3CB
330
17
100
AcDbEntity
  8
可见轮廓
100
AcDbLine
 10
44.62702281187853
 20
119.38288427619223
 30
0.0
 11
44.70421302566973
 21
119.11876157346124
 31
0.0
  0
LINE
  5
3CC
330
17
100
AcDbEntity
  8
可见轮廓
100
AcDbLine
 10
44.70421302566973
 20
119.11876157346124
 30
0.0
 11
44.8025107376166
 21
118.90752774864727
 31
0.0
  0
LINE
  5
3CD
330
17
100
AcDbEntity
  8
可见轮廓
100
AcDbLine
 10
44.8025107376166
 20
118.90752774864727
 30
0.0
 11
44.92065212254573
 21
118.75452224137204
 31
0.0
  0
LINE
  5
3CE
330
17
100
AcDbEntity
  8
可见轮廓
100
AcDbLine
 10
44.92065212254573
 20
118.75452224137204
 30
0.0
 11
45.055281083978265
 21
118.66325015248724
 31
0.0
  0
LINE
  5
3CF
330
17
100
AcDbEntity
  8
可见轮廓
100
AcDbLine
 10
45.055281083978265
 20
118.66325015248724
 30
0.0
 11
45.20384330030653
 21
118.633
 31
0.0
  0
ARC
  5
3D0
330
17
100
AcDbEntity
  8
可见轮廓
100
AcDbCircle
 10
35.39299996444933
 20
123.88272858199097
 30
0.0
 40
3.5
100
AcDbArc
 50
0.0
 51
89.9999994180276
  0
ARC
  5
3D1
330
17
100
AcDbEntity
  8
可见轮廓
100
AcDbCircle
 10
35.39299996444933
 20
123.88272858199097
 30
0.0
 40
3.5
100
AcDbArc
 50
89.9999994180276
 51
180.0
  0
ARC
  5
3D2
330
17
100
AcDbEntity
  8
可见轮廓
100
AcDbCircle
 10
35.39299996444933
 20
116.88272858199097
 30
0.0
 40
3.5
100
AcDbArc
 50
180.0
 51
-89.99999941802767
  0
ARC
  5
3D3
330
17
100
AcDbEntity
  8
可见轮廓
100
AcDbCircle
 10
35.39299996444933
 20
116.88272858199097
 30
0.0
 40
3.5
100
AcDbArc
 50
-89.99999941802767
 51
0.0
  0
LINE
  5
3D4
330
17
100
AcDbEntity
  8
隐藏线
100
AcDbLine
 10
48.07550618144505
 20
121.60925074620748
 30
0.0
 11
49.60925309072254
 21
121.60925074620748
 31
0.0
  0
LINE
  5
3D5
330
17
100
AcDbEntity
  8
隐藏线
100
AcDbLine
 10
49.60925309072254
 20
121.60925074620748
 30
0.0
 11
51.14300000000003
 21
121.60925074620748
 31
0.0
  0
LINE
  5
3D6
330
17
100
AcDbEntity
  8
隐藏线
100
AcDbLine
 10
47.468581246655276
 20
122.12156255374897
 30
0.0
 11
47.44680341997252
 21
122.11631489855002
 31
0.0
  0
LINE
  5
3D7
330
17
100
AcDbEntity
  8
隐藏线
100
AcDbLine
 10
47.44680341997252
 20
122.11631489855002
 30
0.0
 11
47.42792131105155
 21
122.10985061292756
 31
0.0
  0
LINE
  5
3D8
330
17
100
AcDbEntity
  8
隐藏线
100
AcDbLine
 10
47.42792131105155
 20
122.10985061292756
 30
0.0
 11
47.41193622099843
 21
122.10215704249622
 31
0.0
  0
LINE
  5
3D9
330
17
100
AcDbEntity
  8
隐藏线
100
AcDbLine
 10
47.37551159246351
 20
122.04480701471432
 30
0.0
 11
47.37711979024084
 21
122.02836815531076
 31
0.0
  0
LINE
  5
3DA
330
17
100
AcDbEntity
  8
隐藏线
100
AcDbLine
 10
47.37711979024084
 20
122.02836815531076
 30
0.0
 11
47.38188353548179
 21
122.01063078277214
 31
0.0
  0
LINE
  5
3DB
330
17
100
AcDbEntity
  8
隐藏线
100
AcDbLine
 10
47.413831260800706
 20
121.95096501482332
 30
0.0
 11
47.42995031707876
 21
121.92935843511985
 31
0.0
  0
LINE
  5
3DC
330
17
100
AcDbEntity
  8
隐藏线
100
AcDbLine
 10
47.42995031707876
 20
121.92935843511985
 30
0.0
 11
47.44859643959589
 21
121.90710947341798
 31
0.0
  0
LINE
  5
3DD
330
17
100
AcDbEntity
  8
隐藏线
100
AcDbLine
 10
47.44859643959589
 20
121.90710947341798
 30
0.0
 11
47.46964492374401
 21
121.88434809763491
 31
0.0
  0
LINE
  5
3DE
330
17
100
AcDbEntity
  8
隐藏线
100
AcDbLine
 10
47.50164461991535
 20
121.85301677278385
 30
0.0
 11
47.537663060554856
 21
121.82131178744156
 31
0.0
  0
LINE
  5
3DF
330
17
100
AcDbEntity
  8
隐藏线
100
AcDbLine
 10
47.537663060554856
 20
121.82131178744156
 30
0.0
 11
47.5776496557689
 21
121.78970912240784
 31
0.0
  0
LINE
  5
3E0
330
17
100
AcDbEntity
  8
隐藏线
100
AcDbLine
 10
47.5776496557689
 20
121.78970912240784
 30
0.0
 11
47.62155419662024
 21
121.75868568012298
 31
0.0
  0
LINE
  5
3E1
330
17
100
AcDbEntity
  8
隐藏线
100
AcDbLine
 10
47.62155419662024
 20
121.75868568012298
 30
0.0
 11
47.669326474171626
 21
121.72871836302728
 31
0.0
  0
LINE
  5
3E2
330
17
100
AcDbEntity
  8
隐藏线
100
AcDbLine
 10
47.669326474171626
 20
121.72871836302728
 30
0.0
 11
47.72091784213489
 21
121.70028602017014
 31
0.0
  0
LINE
  5
3E3
330
17
100
AcDbEntity
  8
隐藏线
100
AcDbLine
 10
47.72091784213489
 20
121.70028602017014
 30
0.0
 11
47.7763780589686
 21
121.67417882923705
 31
0.0
  0
LINE
  5
3E4
330
17
100
AcDbEntity
  8
隐藏线
100
AcDbLine
 10
47.7763780589686
 20
121.67417882923705
 30
0.0
 11
47.835388659194166
 21
121.65135210999888
 31
0.0
  0
LINE
  5
3E5
330
17
100
AcDbEntity
  8
隐藏线
100
AcDbLine
 10
47.835388659194166
 20
121.65135210999888
 30
0.0
 11
47.84954347578283
 21
121.64661033451655
 31
0.0
  0
LINE
  5
3E6
330
17
100
AcDbEntity
  8
隐藏线
100
AcDbLine
 10
47.84954347578283
 20
121.64661033451655
 30
0.0
 11
47.8638554528063
 21
121.64210104879517
 31
0.0
  0
LINE
  5
3E7
330
17
100
AcDbEntity
  8
隐藏线
100
AcDbLine
 10
47.89292507038597
 20
121.63382187707977
 30
0.0
 11
47.90766980205633
 21
121.63007295630787
 31
0.0
  0
LINE
  5
3E8
330
17
100
AcDbEntity
  8
隐藏线
100
AcDbLine
 10
47.90766980205633
 20
121.63007295630787
 30
0.0
 11
47.92254587638984
 21
121.6265984557413
 31
0.0
  0
LINE
  5
3E9
330
17
100
AcDbEntity
  8
隐藏线
100
AcDbLine
 10
47.937546838943554
 20
121.62340885799115
 30
0.0
 11
47.95266623527456
 21
121.62051464566842
 31
0.0
  0
LINE
  5
3EA
330
17
100
AcDbEntity
  8
隐藏线
100
AcDbLine
 10
47.95266623527456
 20
121.62051464566842
 30
0.0
 11
47.96770438151894
 21
121.61795707129112
 31
0.0
  0
LINE
  5
3EB
330
17
100
AcDbEntity
  8
隐藏线
100
AcDbLine
 10
48.02882437102256
 20
121.61091040742933
 30
0.0
 11
48.044315155876845
 21
121.60999510011588
 31
0.0
  0
LINE
  5
3EC
330
17
100
AcDbEntity
  8
隐藏线
100
AcDbLine
 10
48.044315155876845
 20
121.60999510011588
 30
0.0
 11
48.059877830261215
 21
121.60943851635925
 31
0.0
  0
LINE
  5
3ED
330
17
100
AcDbEntity
  8
隐藏线
100
AcDbLine
 10
47.58638172648577
 20
122.133
 30
0.0
 11
45.20384330030653
 21
122.133
 31
0.0
  0
LINE
  5
3EE
330
17
100
AcDbEntity
  8
隐藏线
100
AcDbLine
 10
45.20384330030653
 20
122.133
 30
0.0
 11
45.12593632299915
 21
122.12512185518811
 31
0.0
  0
LINE
  5
3EF
330
17
100
AcDbEntity
  8
隐藏线
100
AcDbLine
 10
45.12593632299915
 20
122.12512185518811
 30
0.0
 11
45.0515196278308
 21
122.10128845565531
 31
0.0
  0
LINE
  5
3F0
330
17
100
AcDbEntity
  8
隐藏线
100
AcDbLine
 10
45.0515196278308
 20
122.10128845565531
 30
0.0
 11
44.980702556696514
 21
122.06120135375575
 31
0.0
  0
LINE
  5
3F1
330
17
100
AcDbEntity
  8
隐藏线
100
AcDbLine
 10
44.980702556696514
 20
122.06120135375575
 30
0.0
 11
44.91360453847778
 21
122.00457085550765
 31
0.0
  0
LINE
  5
3F2
330
17
100
AcDbEntity
  8
隐藏线
100
AcDbLine
 10
44.91360453847778
 20
122.00457085550765
 30
0.0
 11
44.851247769643216
 21
121.93200195498703
 31
0.0
  0
LINE
  5
3F3
330
17
100
AcDbEntity
  8
隐藏线
100
AcDbLine
 10
44.851247769643216
 20
121.93200195498703
 30
0.0
 11
44.79404173670664
 21
121.84391400520438
 31
0.0
  0
LINE
  5
3F4
330
17
100
AcDbEntity
  8
隐藏线
100
AcDbLine
 10
44.79404173670664
 20
121.84391400520438
 30
0.0
 11
44.7416531871888
 21
121.73973512999989
 31
0.0
  0
LINE
  5
3F5
330
17
100
AcDbEntity
  8
隐藏线
100
AcDbLine
 10
44.7416531871888
 20
121.73973512999989
 30
0.0
 11
44.69459515893
 21
121.62043610282241
 31
0.0
  0
LINE
  5
3F6
330
17
100
AcDbEntity
  8
隐藏线
100
AcDbLine
 10
44.69459515893
 20
121.62043610282241
 30
0.0
 11
44.65561797001065
 21
121.49578907252142
 31
0.0
  0
LINE
  5
3F7
330
17
100
AcDbEntity
  8
隐藏线
100
AcDbLine
 10
44.65561797001065
 20
121.49578907252142
 30
0.0
 11
44.62181454720782
 21
121.36005630332987
 31
0.0
  0
LINE
  5
3F8
330
17
100
AcDbEntity
  8
隐藏线
100
AcDbLine
 10
44.62181454720782
 20
121.36005630332987
 30
0.0
 11
44.592967631646104
 21
121.21303800396164
 31
0.0
  0
LINE
  5
3F9
330
17
100
AcDbEntity
  8
隐藏线
100
AcDbLine
 10
44.592967631646104
 20
121.21303800396164
 30
0.0
 11
44.56940420494099
 21
121.05755265361218
 31
0.0
  0
LINE
  5
3FA
330
17
100
AcDbEntity
  8
隐藏线
100
AcDbLine
 10
44.56940420494099
 20
121.05755265361218
 30
0.0
 11
44.55122330039225
 21
120.89597344568467
 31
0.0
  0
LINE
  5
3FB
330
17
100
AcDbEntity
  8
隐藏线
100
AcDbLine
 10
44.55122330039225
 20
120.89597344568467
 30
0.0
 11
44.538210419303375
 21
120.72832026883275
 31
0.0
  0
LINE
  5
3FC
330
17
100
AcDbEntity
  8
隐藏线
100
AcDbLine
 10
44.538210419303375
 20
120.72832026883275
 30
0.0
 11
44.53037924999541
 21
120.55623133854839
 31
0.0
  0
LINE
  5
3FD
330
17
100
AcDbEntity
  8
隐藏线
100
AcDbLine
 10
44.53037924999541
 20
120.55623133854839
 30
0.0
 11
44.5277792437056
 21
120.383
 31
0.0
  0
LINE
  5
3FE
330
17
100
AcDbEntity
  8
隐藏线
100
AcDbLine
 10
51.14300000000003
 20
120.383
 30
0.0
 11
51.14300000000003
 21
120.5525265078986
 31
0.0
  0
LINE
  5
3FF
330
17
100
AcDbEntity
  8
隐藏线
100
AcDbLine
 10
51.14300000000003
 20
120.5525265078986
 30
0.0
 11
51.14300000000003
 21
120.72041587127002
 31
0.0
  0
LINE
  5
400
330
17
100
AcDbEntity
  8
隐藏线
100
AcDbLine
 10
51.14300000000003
 20
120.72041587127002
 30
0.0
 11
51.14300000000003
 21
120.88519447493157
 31
0.0
  0
LINE
  5
401
330
17
100
AcDbEntity
  8
隐藏线
100
AcDbLine
 10
51.14300000000003
 20
120.88519447493157
 30
0.0
 11
51.14300000000003
 21
121.04541420287752
 31
0.0
  0
LINE
  5
402
330
17
100
AcDbEntity
  8
隐藏线
100
AcDbLine
 10
51.14300000000003
 20
121.04541420287752
 30
0.0
 11
51.14300000000003
 21
121.19901927806767
 31
0.0
  0
LINE
  5
403
330
17
100
AcDbEntity
  8
隐藏线
100
AcDbLine
 10
51.14300000000003
 20
121.19901927806767
 30
0.0
 11
51.14300000000003
 21
121.34503482136158
 31
0.0
  0
LINE
  5
404
330
17
100
AcDbEntity
  8
隐藏线
100
AcDbLine
 10
51.14300000000003
 20
121.34503482136158
 30
0.0
 11
51.14300000000003
 21
121.48218101553293
 31
0.0
  0
LINE
  5
405
330
17
100
AcDbEntity
  8
隐藏线
100
AcDbLine
 10
51.14300000000003
 20
121.48218101553293
 30
0.0
 11
51.14300000000003
 21
121.60925074620742
 31
0.0
  0
LINE
  5
406
330
17
100
AcDbEntity
  8
隐藏线
100
AcDbLine
 10
25.582156699693492
 20
122.133
 30
0.0
 11
23.199618273514233
 21
122.133
 31
0.0
  0
LINE
  5
407
330
17
100
AcDbEntity
  8
隐藏线
100
AcDbLine
 10
23.3391965800275
 20
122.11631489855002
 30
0.0
 11
23.358078688948474
 21
122.10985061292756
 31
0.0
  0
LINE
  5
408
330
17
100
AcDbEntity
  8
隐藏线
100
AcDbLine
 10
23.358078688948474
 20
122.10985061292756
 30
0.0
 11
23.374063779001588
 21
122.10215704249622
 31
0.0
  0
LINE
  5
409
330
17
100
AcDbEntity
  8
隐藏线
100
AcDbLine
 10
23.410488407536505
 20
122.0448070147143
 30
0.0
 11
23.408880209759175
 21
122.02836815531076
 31
0.0
  0
LINE
  5
40A
330
17
100
AcDbEntity
  8
隐藏线
100
AcDbLine
 10
23.408880209759175
 20
122.02836815531076
 30
0.0
 11
23.404116464518232
 21
122.01063078277214
 31
0.0
  0
LINE
  5
40B
330
17
100
AcDbEntity
  8
隐藏线
100
AcDbLine
 10
23.372168739199314
 20
121.95096501482332
 30
0.0
 11
23.356049682921256
 21
121.92935843511985
 31
0.0
  0
LINE
  5
40C
330
17
100
AcDbEntity
  8
隐藏线
100
AcDbLine
 10
23.356049682921256
 20
121.92935843511985
 30
0.0
 11
23.337403560404127
 21
121.907109473418
 31
0.0
  0
LINE
  5
40D
330
17
100
AcDbEntity
  8
隐藏线
100
AcDbLine
 10
23.337403560404127
 20
121.907109473418
 30
0.0
 11
23.31635507625601
 21
121.88434809763491
 31
0.0
  0
LINE
  5
40E
330
17
100
AcDbEntity
  8
隐藏线
100
AcDbLine
 10
23.284355380084676
 20
121.85301677278385
 30
0.0
 11
23.248336939445178
 21
121.82131178744159
 31
0.0
  0
LINE
  5
40F
330
17
100
AcDbEntity
  8
隐藏线
100
AcDbLine
 10
23.248336939445178
 20
121.82131178744159
 30
0.0
 11
23.208350344231135
 21
121.78970912240787
 31
0.0
  0
LINE
  5
410
330
17
100
AcDbEntity
  8
隐藏线
100
AcDbLine
 10
23.208350344231135
 20
121.78970912240787
 30
0.0
 11
23.1644458033798
 21
121.75868568012301
 31
0.0
  0
LINE
  5
411
330
17
100
AcDbEntity
  8
隐藏线
100
AcDbLine
 10
23.1644458033798
 20
121.75868568012301
 30
0.0
 11
23.116673525828418
 21
121.72871836302731
 31
0.0
  0
LINE
  5
412
330
17
100
AcDbEntity
  8
隐藏线
100
AcDbLine
 10
23.116673525828418
 20
121.72871836302731
 30
0.0
 11
23.065082157865163
 21
121.70028602017011
 31
0.0
  0
LINE
  5
413
330
17
100
AcDbEntity
  8
隐藏线
100
AcDbLine
 10
23.065082157865163
 20
121.70028602017011
 30
0.0
 11
23.009621941031458
 21
121.67417882923705
 31
0.0
  0
LINE
  5
414
330
17
100
AcDbEntity
  8
隐藏线
100
AcDbLine
 10
23.009621941031458
 20
121.67417882923705
 30
0.0
 11
22.950611340805885
 21
121.65135210999891
 31
0.0
  0
LINE
  5
415
330
17
100
AcDbEntity
  8
隐藏线
100
AcDbLine
 10
22.950611340805885
 20
121.65135210999891
 30
0.0
 11
22.936456524217235
 21
121.64661033451652
 31
0.0
  0
LINE
  5
416
330
17
100
AcDbEntity
  8
隐藏线
100
AcDbLine
 10
22.936456524217235
 20
121.64661033451652
 30
0.0
 11
22.922144547193778
 21
121.64210104879517
 31
0.0
  0
LINE
  5
417
330
17
100
AcDbEntity
  8
隐藏线
100
AcDbLine
 10
22.893074929614126
 20
121.63382187707974
 30
0.0
 11
22.878330197943768
 21
121.63007295630784
 31
0.0
  0
LINE
  5
418
330
17
100
AcDbEntity
  8
隐藏线
100
AcDbLine
 10
22.878330197943768
 20
121.63007295630784
 30
0.0
 11
22.863454123610275
 21
121.6265984557413
 31
0.0
  0
LINE
  5
419
330
17
100
AcDbEntity
  8
隐藏线
100
AcDbLine
 10
22.848453161056568
 20
121.62340885799115
 30
0.0
 11
22.83333376472557
 21
121.62051464566851
 31
0.0
  0
LINE
  5
41A
330
17
100
AcDbEntity
  8
隐藏线
100
AcDbLine
 10
22.83333376472557
 20
121.62051464566851
 30
0.0
 11
22.81829561848118
 21
121.61795707129112
 31
0.0
  0
LINE
  5
41B
330
17
100
AcDbEntity
  8
隐藏线
100
AcDbLine
 10
22.757175628977503
 20
121.6109104074293
 30
0.0
 11
22.741684844123206
 21
121.60999510011585
 31
0.0
  0
LINE
  5
41C
330
17
100
AcDbEntity
  8
隐藏线
100
AcDbLine
 10
22.741684844123206
 20
121.60999510011585
 30
0.0
 11
22.72612216973882
 21
121.60943851635922
 31
0.0
  0
LINE
  5
41D
330
17
100
AcDbEntity
  8
隐藏线
100
AcDbLine
 10
22.710493818554973
 20
121.60925074620748
 30
0.0
 11
21.1767469092775
 21
121.60925074620748
 31
0.0
  0
LINE
  5
41E
330
17
100
AcDbEntity
  8
隐藏线
100
AcDbLine
 10
21.1767469092775
 20
121.60925074620748
 30
0.0
 11
19.64300000000003
 21
121.60925074620748
 31
0.0
  0
LINE
  5
41F
330
17
100
AcDbEntity
  8
隐藏线
100
AcDbLine
 10
19.643000000000033
 20
120.383
 30
0.0
 11
19.643000000000033
 21
120.5525265078986
 31
0.0
  0
LINE
  5
420
330
17
100
AcDbEntity
  8
隐藏线
100
AcDbLine
 10
19.643000000000033
 20
120.5525265078986
 30
0.0
 11
19.643000000000033
 21
120.72041587127002
 31
0.0
  0
LINE
  5
421
330
17
100
AcDbEntity
  8
隐藏线
100
AcDbLine
 10
19.643000000000033
 20
120.72041587127002
 30
0.0
 11
19.643000000000033
 21
120.88519447493157
 31
0.0
  0
LINE
  5
422
330
17
100
AcDbEntity
  8
隐藏线
100
AcDbLine
 10
19.643000000000033
 20
120.88519447493157
 30
0.0
 11
19.643000000000033
 21
121.04541420287752
 31
0.0
  0
LINE
  5
423
330
17
100
AcDbEntity
  8
隐藏线
100
AcDbLine
 10
19.643000000000033
 20
121.04541420287752
 30
0.0
 11
19.643000000000033
 21
121.19901927806767
 31
0.0
  0
LINE
  5
424
330
17
100
AcDbEntity
  8
隐藏线
100
AcDbLine
 10
19.643000000000033
 20
121.19901927806767
 30
0.0
 11
19.643000000000033
 21
121.34503482136158
 31
0.0
  0
LINE
  5
425
330
17
100
AcDbEntity
  8
隐藏线
100
AcDbLine
 10
19.643000000000033
 20
121.34503482136158
 30
0.0
 11
19.643000000000033
 21
121.48218101553293
 31
0.0
  0
LINE
  5
426
330
17
100
AcDbEntity
  8
隐藏线
100
AcDbLine
 10
19.643000000000033
 20
121.48218101553293
 30
0.0
 11
19.643000000000033
 21
121.60925074620742
 31
0.0
  0
LINE
  5
427
330
17
100
AcDbEntity
  8
隐藏线
100
AcDbLine
 10
25.582156699693492
 20
122.133
 30
0.0
 11
25.66006367700087
 21
122.12512185518811
 31
0.0
  0
LINE
  5
428
330
17
100
AcDbEntity
  8
隐藏线
100
AcDbLine
 10
25.66006367700087
 20
122.12512185518811
 30
0.0
 11
25.734480372169237
 21
122.10128845565528
 31
0.0
  0
LINE
  5
429
330
17
100
AcDbEntity
  8
隐藏线
100
AcDbLine
 10
25.734480372169237
 20
122.10128845565528
 30
0.0
 11
25.805297443303537
 21
122.06120135375572
 31
0.0
  0
LINE
  5
42A
330
17
100
AcDbEntity
  8
隐藏线
100
AcDbLine
 10
25.805297443303537
 20
122.06120135375572
 30
0.0
 11
25.872395461522274
 21
122.00457085550762
 31
0.0
  0
LINE
  5
42B
330
17
100
AcDbEntity
  8
隐藏线
100
AcDbLine
 10
25.872395461522274
 20
122.00457085550762
 30
0.0
 11
25.934752230356843
 21
121.93200195498703
 31
0.0
  0
LINE
  5
42C
330
17
100
AcDbEntity
  8
隐藏线
100
AcDbLine
 10
25.934752230356843
 20
121.93200195498703
 30
0.0
 11
25.991958263293427
 21
121.84391400520435
 31
0.0
  0
LINE
  5
42D
330
17
100
AcDbEntity
  8
隐藏线
100
AcDbLine
 10
25.991958263293427
 20
121.84391400520435
 30
0.0
 11
26.044346812811263
 21
121.73973512999986
 31
0.0
  0
LINE
  5
42E
330
17
100
AcDbEntity
  8
隐藏线
100
AcDbLine
 10
26.044346812811263
 20
121.73973512999986
 30
0.0
 11
26.091404841070062
 21
121.62043610282244
 31
0.0
  0
LINE
  5
42F
330
17
100
AcDbEntity
  8
隐藏线
100
AcDbLine
 10
26.091404841070062
 20
121.62043610282244
 30
0.0
 11
26.13038202998941
 21
121.49578907252142
 31
0.0
  0
LINE
  5
430
330
17
100
AcDbEntity
  8
隐藏线
100
AcDbLine
 10
26.13038202998941
 20
121.49578907252142
 30
0.0
 11
26.164185452792243
 21
121.36005630332978
 31
0.0
  0
LINE
  5
431
330
17
100
AcDbEntity
  8
隐藏线
100
AcDbLine
 10
26.164185452792243
 20
121.36005630332978
 30
0.0
 11
26.193032368353958
 21
121.21303800396156
 31
0.0
  0
LINE
  5
432
330
17
100
AcDbEntity
  8
隐藏线
100
AcDbLine
 10
26.193032368353958
 20
121.21303800396156
 30
0.0
 11
26.216595795059078
 21
121.05755265361218
 31
0.0
  0
LINE
  5
433
330
17
100
AcDbEntity
  8
隐藏线
100
AcDbLine
 10
26.216595795059078
 20
121.05755265361218
 30
0.0
 11
26.23477669960781
 21
120.8959734456847
 31
0.0
  0
LINE
  5
434
330
17
100
AcDbEntity
  8
隐藏线
100
AcDbLine
 10
26.23477669960781
 20
120.8959734456847
 30
0.0
 11
26.247789580696686
 21
120.72832026883275
 31
0.0
  0
LINE
  5
435
330
17
100
AcDbEntity
  8
隐藏线
100
AcDbLine
 10
26.247789580696686
 20
120.72832026883275
 30
0.0
 11
26.25562075000465
 21
120.55623133854836
 31
0.0
  0
LINE
  5
436
330
17
100
AcDbEntity
  8
隐藏线
100
AcDbLine
 10
26.25562075000465
 20
120.55623133854836
 30
0.0
 11
26.258220756294456
 21
120.383
 31
0.0
  0
LINE
  5
437
330
17
100
AcDbEntity
  8
隐藏线
100
AcDbLine
 10
51.14300000000003
 20
119.15674925379277
 30
0.0
 11
51.14300000000003
 21
114.7698746268964
 31
0.0
  0
LINE
  5
438
330
17
100
AcDbEntity
  8
隐藏线
100
AcDbLine
 10
51.14300000000003
 20
114.7698746268964
 30
0.0
 11
51.14300000000003
 21
110.383
 31
0.0
  0
LINE
  5
439
330
17
100
AcDbEntity
  8
隐藏线
100
AcDbLine
 10
51.14300000000003
 20
110.383
 30
0.0
 11
49.60925309072254
 21
110.383
 31
0.0
  0
LINE
  5
43A
330
17
100
AcDbEntity
  8
隐藏线
100
AcDbLine
 10
49.60925309072254
 20
110.383
 30
0.0
 11
48.07550618144505
 21
110.383
 31
0.0
  0
LINE
  5
43B
330
17
100
AcDbEntity
  8
隐藏线
100
AcDbLine
 10
51.14300000000003
 20
119.15674925379277
 30
0.0
 11
49.60925309072254
 21
119.15674925379277
 31
0.0
  0
LINE
  5
43C
330
17
100
AcDbEntity
  8
隐藏线
100
AcDbLine
 10
49.60925309072254
 20
119.15674925379277
 30
0.0
 11
48.07550618144505
 21
119.15674925379277
 31
0.0
  0
LINE
  5
43D
330
17
100
AcDbEntity
  8
隐藏线
100
AcDbLine
 10
47.46858124665524
 20
130.38299999999998
 30
0.0
 11
47.44722945572009
 21
130.38299999999998
 31
0.0
  0
LINE
  5
43E
330
17
100
AcDbEntity
  8
隐藏线
100
AcDbLine
 10
47.44722945572009
 20
130.38299999999998
 30
0.0
 11
47.428496886953894
 21
130.38299999999998
 31
0.0
  0
LINE
  5
43F
330
17
100
AcDbEntity
  8
隐藏线
100
AcDbLine
 10
47.428496886953894
 20
130.38299999999998
 30
0.0
 11
47.41245745361657
 21
130.38299999999998
 31
0.0
  0
LINE
  5
440
330
17
100
AcDbEntity
  8
隐藏线
100
AcDbLine
 10
47.52082965807132
 20
130.38299999999998
 30
0.0
 11
47.581252462538
 21
130.38299999999998
 31
0.0
  0
LINE
  5
441
330
17
100
AcDbEntity
  8
隐藏线
100
AcDbLine
 10
47.581252462538
 20
130.38299999999998
 30
0.0
 11
47.64994375812879
 21
130.38299999999998
 31
0.0
  0
LINE
  5
442
330
17
100
AcDbEntity
  8
隐藏线
100
AcDbLine
 10
47.64994375812879
 20
130.38299999999998
 30
0.0
 11
47.725812969972836
 21
130.38299999999998
 31
0.0
  0
LINE
  5
443
330
17
100
AcDbEntity
  8
隐藏线
100
AcDbLine
 10
47.725812969972836
 20
130.38299999999998
 30
0.0
 11
47.8080175238338
 21
130.38299999999998
 31
0.0
  0
LINE
  5
444
330
17
100
AcDbEntity
  8
隐藏线
100
AcDbLine
 10
47.8080175238338
 20
130.38299999999998
 30
0.0
 11
47.89463024928423
 21
130.38299999999998
 31
0.0
  0
LINE
  5
445
330
17
100
AcDbEntity
  8
隐藏线
100
AcDbLine
 10
47.89463024928423
 20
130.38299999999998
 30
0.0
 11
47.98426889236044
 21
130.38299999999998
 31
0.0
  0
LINE
  5
446
330
17
100
AcDbEntity
  8
隐藏线
100
AcDbLine
 10
47.98426889236044
 20
130.38299999999998
 30
0.0
 11
48.07550618144505
 21
130.38299999999998
 31
0.0
  0
LINE
  5
447
330
17
100
AcDbEntity
  8
隐藏线
100
AcDbLine
 10
47.5863817264858
 20
122.133
 30
0.0
 11
47.74490230112012
 21
122.133
 31
0.0
  0
LINE
  5
448
330
17
100
AcDbEntity
  8
隐藏线
100
AcDbLine
 10
47.74490230112012
 20
122.133
 30
0.0
 11
47.910549307336424
 21
122.133
 31
0.0
  0
LINE
  5
449
330
17
100
AcDbEntity
  8
隐藏线
100
AcDbLine
 10
47.910549307336424
 20
122.133
 30
0.0
 11
48.08319244277299
 21
122.133
 31
0.0
  0
LINE
  5
44A
330
17
100
AcDbEntity
  8
隐藏线
100
AcDbLine
 10
48.08319244277299
 20
122.133
 30
0.0
 11
48.26269627584335
 21
122.133
 31
0.0
  0
LINE
  5
44B
330
17
100
AcDbEntity
  8
隐藏线
100
AcDbLine
 10
48.26269627584335
 20
122.133
 30
0.0
 11
48.449464474630624
 21
122.133
 31
0.0
  0
LINE
  5
44C
330
17
100
AcDbEntity
  8
隐藏线
100
AcDbLine
 10
48.449464474630624
 20
122.133
 30
0.0
 11
48.642776896559575
 21
122.133
 31
0.0
  0
LINE
  5
44D
330
17
100
AcDbEntity
  8
隐藏线
100
AcDbLine
 10
48.642776896559575
 20
122.133
 30
0.0
 11
48.84248152332202
 21
122.133
 31
0.0
  0
LINE
  5
44E
330
17
100
AcDbEntity
  8
隐藏线
100
AcDbLine
 10
48.84248152332202
 20
122.133
 30
0.0
 11
49.04842165015328
 21
122.133
 31
0.0
  0
LINE
  5
44F
330
17
100
AcDbEntity
  8
隐藏线
100
AcDbLine
 10
49.04842165015328
 20
122.133
 30
0.0
 11
49.097038445689094
 21
122.133
 31
0.0
  0
LINE
  5
450
330
17
100
AcDbEntity
  8
隐藏线
100
AcDbLine
 10
49.097038445689094
 20
122.133
 30
0.0
 11
49.145977636056735
 21
122.133
 31
0.0
  0
LINE
  5
451
330
17
100
AcDbEntity
  8
隐藏线
100
AcDbLine
 10
49.145977636056735
 20
122.133
 30
0.0
 11
49.195237160595646
 21
122.133
 31
0.0
  0
LINE
  5
452
330
17
100
AcDbEntity
  8
隐藏线
100
AcDbLine
 10
49.195237160595646
 20
122.133
 30
0.0
 11
49.24481494605905
 21
122.133
 31
0.0
  0
LINE
  5
453
330
17
100
AcDbEntity
  8
隐藏线
100
AcDbLine
 10
49.24481494605905
 20
122.133
 30
0.0
 11
49.29473502699165
 21
122.133
 31
0.0
  0
LINE
  5
454
330
17
100
AcDbEntity
  8
隐藏线
100
AcDbLine
 10
49.29473502699165
 20
122.133
 30
0.0
 11
49.34496876139952
 21
122.133
 31
0.0
  0
LINE
  5
455
330
17
100
AcDbEntity
  8
隐藏线
100
AcDbLine
 10
49.34496876139952
 20
122.133
 30
0.0
 11
49.39551403413755
 21
122.133
 31
0.0
  0
LINE
  5
456
330
17
100
AcDbEntity
  8
隐藏线
100
AcDbLine
 10
49.39551403413755
 20
122.133
 30
0.0
 11
49.44636871782001
 21
122.133
 31
0.0
  0
LINE
  5
457
330
17
100
AcDbEntity
  8
隐藏线
100
AcDbLine
 10
49.44636871782001
 20
122.133
 30
0.0
 11
49.64394592826811
 21
122.133
 31
0.0
  0
LINE
  5
458
330
17
100
AcDbEntity
  8
隐藏线
100
AcDbLine
 10
49.64394592826811
 20
122.133
 30
0.0
 11
49.84588196179367
 21
122.133
 31
0.0
  0
LINE
  5
459
330
17
100
AcDbEntity
  8
隐藏线
100
AcDbLine
 10
49.84588196179367
 20
122.133
 30
0.0
 11
50.052052346049294
 21
122.133
 31
0.0
  0
LINE
  5
45A
330
17
100
AcDbEntity
  8
隐藏线
100
AcDbLine
 10
50.052052346049294
 20
122.133
 30
0.0
 11
50.26233017436145
 21
122.133
 31
0.0
  0
LINE
  5
45B
330
17
100
AcDbEntity
  8
隐藏线
100
AcDbLine
 10
50.26233017436145
 20
122.133
 30
0.0
 11
50.47690337374743
 21
122.133
 31
0.0
  0
LINE
  5
45C
330
17
100
AcDbEntity
  8
隐藏线
100
AcDbLine
 10
50.47690337374743
 20
122.133
 30
0.0
 11
50.69529616279458
 21
122.133
 31
0.0
  0
LINE
  5
45D
330
17
100
AcDbEntity
  8
隐藏线
100
AcDbLine
 10
50.69529616279458
 20
122.133
 30
0.0
 11
50.9173739436598
 21
122.133
 31
0.0
  0
LINE
  5
45E
330
17
100
AcDbEntity
  8
隐藏线
100
AcDbLine
 10
50.9173739436598
 20
122.133
 30
0.0
 11
51.14300000000003
 21
122.133
 31
0.0
  0
LINE
  5
45F
330
17
100
AcDbEntity
  8
隐藏线
100
AcDbLine
 10
51.14300000000003
 20
130.38299999999998
 30
0.0
 11
50.9173739436598
 21
130.38299999999998
 31
0.0
  0
LINE
  5
460
330
17
100
AcDbEntity
  8
隐藏线
100
AcDbLine
 10
50.9173739436598
 20
130.38299999999998
 30
0.0
 11
50.69529616279458
 21
130.38299999999998
 31
0.0
  0
LINE
  5
461
330
17
100
AcDbEntity
  8
隐藏线
100
AcDbLine
 10
50.69529616279458
 20
130.38299999999998
 30
0.0
 11
50.47690337374743
 21
130.38299999999998
 31
0.0
  0
LINE
  5
462
330
17
100
AcDbEntity
  8
隐藏线
100
AcDbLine
 10
50.47690337374743
 20
130.38299999999998
 30
0.0
 11
50.26233017436145
 21
130.38299999999998
 31
0.0
  0
LINE
  5
463
330
17
100
AcDbEntity
  8
隐藏线
100
AcDbLine
 10
50.26233017436145
 20
130.38299999999998
 30
0.0
 11
50.052052346049294
 21
130.38299999999998
 31
0.0
  0
LINE
  5
464
330
17
100
AcDbEntity
  8
隐藏线
100
AcDbLine
 10
50.052052346049294
 20
130.38299999999998
 30
0.0
 11
49.84588196179367
 21
130.38299999999998
 31
0.0
  0
LINE
  5
465
330
17
100
AcDbEntity
  8
隐藏线
100
AcDbLine
 10
49.84588196179367
 20
130.38299999999998
 30
0.0
 11
49.64394592826812
 21
130.38299999999998
 31
0.0
  0
LINE
  5
466
330
17
100
AcDbEntity
  8
隐藏线
100
AcDbLine
 10
49.64394592826812
 20
130.38299999999998
 30
0.0
 11
49.44636871782001
 21
130.38299999999998
 31
0.0
  0
LINE
  5
467
330
17
100
AcDbEntity
  8
隐藏线
100
AcDbLine
 10
49.44636871782001
 20
130.38299999999998
 30
0.0
 11
49.159117324132126
 21
130.38299999999998
 31
0.0
  0
LINE
  5
468
330
17
100
AcDbEntity
  8
隐藏线
100
AcDbLine
 10
49.159117324132126
 20
130.38299999999998
 30
0.0
 11
48.88241587433402
 21
130.38299999999998
 31
0.0
  0
LINE
  5
469
330
17
100
AcDbEntity
  8
隐藏线
100
AcDbLine
 10
48.88241587433402
 20
130.38299999999998
 30
0.0
 11
48.61664748993939
 21
130.38299999999998
 31
0.0
  0
LINE
  5
46A
330
17
100
AcDbEntity
  8
隐藏线
100
AcDbLine
 10
48.61664748993939
 20
130.38299999999998
 30
0.0
 11
48.362181145108025
 21
130.38299999999998
 31
0.0
  0
LINE
  5
46B
330
17
100
AcDbEntity
  8
隐藏线
100
AcDbLine
 10
48.362181145108025
 20
130.38299999999998
 30
0.0
 11
48.1203789680825
 21
130.38299999999998
 31
0.0
  0
LINE
  5
46C
330
17
100
AcDbEntity
  8
隐藏线
100
AcDbLine
 10
48.1203789680825
 20
130.38299999999998
 30
0.0
 11
47.89063562810215
 21
130.38299999999998
 31
0.0
  0
LINE
  5
46D
330
17
100
AcDbEntity
  8
隐藏线
100
AcDbLine
 10
47.89063562810215
 20
130.38299999999998
 30
0.0
 11
47.67326907589314
 21
130.38299999999998
 31
0.0
  0
LINE
  5
46E
330
17
100
AcDbEntity
  8
隐藏线
100
AcDbLine
 10
47.67326907589314
 20
130.38299999999998
 30
0.0
 11
47.46858124665529
 21
130.38299999999998
 31
0.0
  0
LINE
  5
46F
330
17
100
AcDbEntity
  8
隐藏线
100
AcDbLine
 10
23.19961827351424
 20
122.133
 30
0.0
 11
23.041097698879916
 21
122.133
 31
0.0
  0
LINE
  5
470
330
17
100
AcDbEntity
  8
隐藏线
100
AcDbLine
 10
23.041097698879916
 20
122.133
 30
0.0
 11
22.875450692663613
 21
122.133
 31
0.0
  0
LINE
  5
471
330
17
100
AcDbEntity
  8
隐藏线
100
AcDbLine
 10
22.875450692663613
 20
122.133
 30
0.0
 11
22.702807557227043
 21
122.133
 31
0.0
  0
LINE
  5
472
330
17
100
AcDbEntity
  8
隐藏线
100
AcDbLine
 10
22.702807557227043
 20
122.133
 30
0.0
 11
22.523303724156673
 21
122.133
 31
0.0
  0
LINE
  5
473
330
17
100
AcDbEntity
  8
隐藏线
100
AcDbLine
 10
22.523303724156673
 20
122.133
 30
0.0
 11
22.336535525369406
 21
122.133
 31
0.0
  0
LINE
  5
474
330
17
100
AcDbEntity
  8
隐藏线
100
AcDbLine
 10
22.336535525369406
 20
122.133
 30
0.0
 11
22.143223103440455
 21
122.133
 31
0.0
  0
LINE
  5
475
330
17
100
AcDbEntity
  8
隐藏线
100
AcDbLine
 10
22.143223103440455
 20
122.133
 30
0.0
 11
21.94351847667801
 21
122.133
 31
0.0
  0
LINE
  5
476
330
17
100
AcDbEntity
  8
隐藏线
100
AcDbLine
 10
21.94351847667801
 20
122.133
 30
0.0
 11
21.73757834984674
 21
122.133
 31
0.0
  0
LINE
  5
477
330
17
100
AcDbEntity
  8
隐藏线
100
AcDbLine
 10
21.73757834984674
 20
122.133
 30
0.0
 11
21.688961554310925
 21
122.133
 31
0.0
  0
LINE
  5
478
330
17
100
AcDbEntity
  8
隐藏线
100
AcDbLine
 10
21.688961554310925
 20
122.133
 30
0.0
 11
21.640022363943288
 21
122.133
 31
0.0
  0
LINE
  5
479
330
17
100
AcDbEntity
  8
隐藏线
100
AcDbLine
 10
21.640022363943288
 20
122.133
 30
0.0
 11
21.590762839404384
 21
122.133
 31
0.0
  0
LINE
  5
47A
330
17
100
AcDbEntity
  8
隐藏线
100
AcDbLine
 10
21.590762839404384
 20
122.133
 30
0.0
 11
21.54118505394098
 21
122.133
 31
0.0
  0
LINE
  5
47B
330
17
100
AcDbEntity
  8
隐藏线
100
AcDbLine
 10
21.54118505394098
 20
122.133
 30
0.0
 11
21.491264973008384
 21
122.133
 31
0.0
  0
LINE
  5
47C
330
17
100
AcDbEntity
  8
隐藏线
100
AcDbLine
 10
21.491264973008384
 20
122.133
 30
0.0
 11
21.44103123860052
 21
122.133
 31
0.0
  0
LINE
  5
47D
330
17
100
AcDbEntity
  8
隐藏线
100
AcDbLine
 10
21.44103123860052
 20
122.133
 30
0.0
 11
21.390485965862503
 21
122.133
 31
0.0
  0
LINE
  5
47E
330
17
100
AcDbEntity
  8
隐藏线
100
AcDbLine
 10
21.390485965862503
 20
122.133
 30
0.0
 11
21.339631282180044
 21
122.133
 31
0.0
  0
LINE
  5
47F
330
17
100
AcDbEntity
  8
隐藏线
100
AcDbLine
 10
21.339631282180044
 20
122.133
 30
0.0
 11
21.142054071731934
 21
122.133
 31
0.0
  0
LINE
  5
480
330
17
100
AcDbEntity
  8
隐藏线
100
AcDbLine
 10
21.142054071731934
 20
122.133
 30
0.0
 11
20.94011803820638
 21
122.133
 31
0.0
  0
LINE
  5
481
330
17
100
AcDbEntity
  8
隐藏线
100
AcDbLine
 10
20.94011803820638
 20
122.133
 30
0.0
 11
20.733947653950757
 21
122.133
 31
0.0
  0
LINE
  5
482
330
17
100
AcDbEntity
  8
隐藏线
100
AcDbLine
 10
20.733947653950757
 20
122.133
 30
0.0
 11
20.523669825638606
 21
122.133
 31
0.0
  0
LINE
  5
483
330
17
100
AcDbEntity
  8
隐藏线
100
AcDbLine
 10
20.523669825638606
 20
122.133
 30
0.0
 11
20.30909662625262
 21
122.133
 31
0.0
  0
LINE
  5
484
330
17
100
AcDbEntity
  8
隐藏线
100
AcDbLine
 10
20.30909662625262
 20
122.133
 30
0.0
 11
20.09070383720548
 21
122.133
 31
0.0
  0
LINE
  5
485
330
17
100
AcDbEntity
  8
隐藏线
100
AcDbLine
 10
20.09070383720548
 20
122.133
 30
0.0
 11
19.86862605634026
 21
122.133
 31
0.0
  0
LINE
  5
486
330
17
100
AcDbEntity
  8
隐藏线
100
AcDbLine
 10
19.86862605634026
 20
122.133
 30
0.0
 11
19.643000000000036
 21
122.133
 31
0.0
  0
LINE
  5
487
330
17
100
AcDbEntity
  8
隐藏线
100
AcDbLine
 10
19.643000000000033
 20
130.38299999999998
 30
0.0
 11
19.86862605634026
 21
130.38299999999998
 31
0.0
  0
LINE
  5
488
330
17
100
AcDbEntity
  8
隐藏线
100
AcDbLine
 10
19.86862605634026
 20
130.38299999999998
 30
0.0
 11
20.090703837205478
 21
130.38299999999998
 31
0.0
  0
LINE
  5
489
330
17
100
AcDbEntity
  8
隐藏线
100
AcDbLine
 10
20.090703837205478
 20
130.38299999999998
 30
0.0
 11
20.30909662625262
 21
130.38299999999998
 31
0.0
  0
LINE
  5
48A
330
17
100
AcDbEntity
  8
隐藏线
100
AcDbLine
 10
20.30909662625262
 20
130.38299999999998
 30
0.0
 11
20.523669825638603
 21
130.38299999999998
 31
0.0
  0
LINE
  5
48B
330
17
100
AcDbEntity
  8
隐藏线
100
AcDbLine
 10
20.523669825638603
 20
130.38299999999998
 30
0.0
 11
20.733947653950757
 21
130.38299999999998
 31
0.0
  0
LINE
  5
48C
330
17
100
AcDbEntity
  8
隐藏线
100
AcDbLine
 10
20.733947653950757
 20
130.38299999999998
 30
0.0
 11
20.94011803820638
 21
130.38299999999998
 31
0.0
  0
LINE
  5
48D
330
17
100
AcDbEntity
  8
隐藏线
100
AcDbLine
 10
20.94011803820638
 20
130.38299999999998
 30
0.0
 11
21.142054071731934
 21
130.38299999999998
 31
0.0
  0
LINE
  5
48E
330
17
100
AcDbEntity
  8
隐藏线
100
AcDbLine
 10
21.142054071731934
 20
130.38299999999998
 30
0.0
 11
21.339631282180044
 21
130.38299999999998
 31
0.0
  0
LINE
  5
48F
330
17
100
AcDbEntity
  8
隐藏线
100
AcDbLine
 10
21.339631282180044
 20
130.38299999999998
 30
0.0
 11
21.626882675867925
 21
130.38299999999998
 31
0.0
  0
LINE
  5
490
330
17
100
AcDbEntity
  8
隐藏线
100
AcDbLine
 10
21.626882675867925
 20
130.38299999999998
 30
0.0
 11
21.903584125666026
 21
130.38299999999998
 31
0.0
  0
LINE
  5
491
330
17
100
AcDbEntity
  8
隐藏线
100
AcDbLine
 10
21.903584125666026
 20
130.38299999999998
 30
0.0
 11
22.16935251006066
 21
130.38299999999998
 31
0.0
  0
LINE
  5
492
330
17
100
AcDbEntity
  8
隐藏线
100
AcDbLine
 10
22.16935251006066
 20
130.38299999999998
 30
0.0
 11
22.42381885489202
 21
130.38299999999998
 31
0.0
  0
LINE
  5
493
330
17
100
AcDbEntity
  8
隐藏线
100
AcDbLine
 10
22.42381885489202
 20
130.38299999999998
 30
0.0
 11
22.665621031917546
 21
130.38299999999998
 31
0.0
  0
LINE
  5
494
330
17
100
AcDbEntity
  8
隐藏线
100
AcDbLine
 10
22.665621031917546
 20
130.38299999999998
 30
0.0
 11
22.89536437189789
 21
130.38299999999998
 31
0.0
  0
LINE
  5
495
330
17
100
AcDbEntity
  8
隐藏线
100
AcDbLine
 10
22.89536437189789
 20
130.38299999999998
 30
0.0
 11
23.11273092410691
 21
130.38299999999998
 31
0.0
  0
LINE
  5
496
330
17
100
AcDbEntity
  8
隐藏线
100
AcDbLine
 10
23.11273092410691
 20
130.38299999999998
 30
0.0
 11
23.317418753344754
 21
130.38299999999998
 31
0.0
  0
LINE
  5
497
330
17
100
AcDbEntity
  8
隐藏线
100
AcDbLine
 10
22.710493818554973
 20
130.38299999999998
 30
0.0
 11
21.176746909277497
 21
130.38299999999998
 31
0.0
  0
LINE
  5
498
330
17
100
AcDbEntity
  8
隐藏线
100
AcDbLine
 10
21.176746909277497
 20
130.38299999999998
 30
0.0
 11
19.643000000000033
 21
130.38299999999998
 31
0.0
  0
LINE
  5
499
330
17
100
AcDbEntity
  8
隐藏线
100
AcDbLine
 10
19.643000000000033
 20
130.38299999999998
 30
0.0
 11
19.643000000000033
 21
125.99612537310374
 31
0.0
  0
LINE
  5
49A
330
17
100
AcDbEntity
  8
隐藏线
100
AcDbLine
 10
19.643000000000033
 20
125.99612537310374
 30
0.0
 11
19.643000000000033
 21
121.60925074620748
 31
0.0
  0
LINE
  5
49B
330
17
100
AcDbEntity
  8
隐藏线
100
AcDbLine
 10
20.682495925095097
 20
122.133
 30
0.0
 11
20.605849643926664
 21
122.133
 31
0.0
  0
LINE
  5
49C
330
17
100
AcDbEntity
  8
隐藏线
100
AcDbLine
 10
20.605849643926664
 20
122.133
 30
0.0
 11
20.53246561557512
 21
122.133
 31
0.0
  0
LINE
  5
49D
330
17
100
AcDbEntity
  8
隐藏线
100
AcDbLine
 10
20.53246561557512
 20
122.133
 30
0.0
 11
20.462631740801925
 21
122.133
 31
0.0
  0
LINE
  5
49E
330
17
100
AcDbEntity
  8
隐藏线
100
AcDbLine
 10
20.462631740801925
 20
122.133
 30
0.0
 11
20.396622899999027
 21
122.133
 31
0.0
  0
LINE
  5
49F
330
17
100
AcDbEntity
  8
隐藏线
100
AcDbLine
 10
20.396622899999027
 20
122.133
 30
0.0
 11
20.33506679013514
 21
122.133
 31
0.0
  0
LINE
  5
4A0
330
17
100
AcDbEntity
  8
隐藏线
100
AcDbLine
 10
20.33506679013514
 20
122.133
 30
0.0
 11
20.27788701563781
 21
122.133
 31
0.0
  0
LINE
  5
4A1
330
17
100
AcDbEntity
  8
隐藏线
100
AcDbLine
 10
20.27788701563781
 20
122.133
 30
0.0
 11
20.2253076643465
 21
122.133
 31
0.0
  0
LINE
  5
4A2
330
17
100
AcDbEntity
  8
隐藏线
100
AcDbLine
 10
20.2253076643465
 20
122.133
 30
0.0
 11
20.17753595181371
 21
122.133
 31
0.0
  0
LINE
  5
4A3
330
17
100
AcDbEntity
  8
隐藏线
100
AcDbLine
 10
20.14913362596141
 20
122.133
 30
0.0
 11
20.12294254039333
 21
122.133
 31
0.0
  0
LINE
  5
4A4
330
17
100
AcDbEntity
  8
隐藏线
100
AcDbLine
 10
20.12294254039333
 20
122.133
 30
0.0
 11
20.099006866475804
 21
122.133
 31
0.0
  0
LINE
  5
4A5
330
17
100
AcDbEntity
  8
隐藏线
100
AcDbLine
 10
20.058258509209303
 20
122.133
 30
0.0
 11
20.041521632172003
 21
122.133
 31
0.0
  0
LINE
  5
4A6
330
17
100
AcDbEntity
  8
隐藏线
100
AcDbLine
 10
20.041521632172003
 20
122.133
 30
0.0
 11
20.027184756830074
 21
122.133
 31
0.0
  0
LINE
  5
4A7
330
17
100
AcDbEntity
  8
隐藏线
100
AcDbLine
 10
19.993000000000013
 20
130.38299999999998
 30
0.0
 11
19.996128244976042
 21
130.38299999999998
 31
0.0
  0
LINE
  5
4A8
330
17
100
AcDbEntity
  8
隐藏线
100
AcDbLine
 10
20.039920241179267
 20
130.38299999999998
 30
0.0
 11
20.06625273933682
 21
130.38299999999998
 31
0.0
  0
LINE
  5
4A9
330
17
100
AcDbEntity
  8
隐藏线
100
AcDbLine
 10
20.06625273933682
 20
130.38299999999998
 30
0.0
 11
20.09805323022676
 21
130.38299999999998
 31
0.0
  0
LINE
  5
4AA
330
17
100
AcDbEntity
  8
隐藏线
100
AcDbLine
 10
20.1351960525699
 20
130.38299999999998
 30
0.0
 11
20.17753595181371
 21
130.38299999999998
 31
0.0
  0
LINE
  5
4AB
330
17
100
AcDbEntity
  8
隐藏线
100
AcDbLine
 10
20.17753595181371
 20
130.38299999999998
 30
0.0
 11
20.2253076643465
 21
130.38299999999998
 31
0.0
  0
LINE
  5
4AC
330
17
100
AcDbEntity
  8
隐藏线
100
AcDbLine
 10
20.2253076643465
 20
130.38299999999998
 30
0.0
 11
20.27788701563781
 21
130.38299999999998
 31
0.0
  0
LINE
  5
4AD
330
17
100
AcDbEntity
  8
隐藏线
100
AcDbLine
 10
20.27788701563781
 20
130.38299999999998
 30
0.0
 11
20.335066790135137
 21
130.38299999999998
 31
0.0
  0
LINE
  5
4AE
330
17
100
AcDbEntity
  8
隐藏线
100
AcDbLine
 10
20.335066790135137
 20
130.38299999999998
 30
0.0
 11
20.396622899999024
 21
130.38299999999998
 31
0.0
  0
LINE
  5
4AF
330
17
100
AcDbEntity
  8
隐藏线
100
AcDbLine
 10
20.396622899999024
 20
130.38299999999998
 30
0.0
 11
20.462631740801925
 21
130.38299999999998
 31
0.0
  0
LINE
  5
4B0
330
17
100
AcDbEntity
  8
隐藏线
100
AcDbLine
 10
20.462631740801925
 20
130.38299999999998
 30
0.0
 11
20.53246561557512
 21
130.38299999999998
 31
0.0
  0
LINE
  5
4B1
330
17
100
AcDbEntity
  8
隐藏线
100
AcDbLine
 10
20.53246561557512
 20
130.38299999999998
 30
0.0
 11
20.605849643926664
 21
130.38299999999998
 31
0.0
  0
LINE
  5
4B2
330
17
100
AcDbEntity
  8
隐藏线
100
AcDbLine
 10
20.605849643926664
 20
130.38299999999998
 30
0.0
 11
20.682495925095097
 21
130.38299999999998
 31
0.0
  0
LINE
  5
4B3
330
17
100
AcDbEntity
  8
隐藏线
100
AcDbLine
 10
19.99300000000003
 20
130.38299999999998
 30
0.0
 11
19.99300000000003
 21
126.258
 31
0.0
  0
LINE
  5
4B4
330
17
100
AcDbEntity
  8
隐藏线
100
AcDbLine
 10
19.99300000000003
 20
126.258
 30
0.0
 11
19.99300000000003
 21
122.133
 31
0.0
  0
LINE
  5
4B5
330
17
100
AcDbEntity
  8
隐藏线
100
AcDbLine
 10
50.793000000000006
 20
122.133
 30
0.0
 11
50.79262972498847
 21
122.133
 31
0.0
  0
LINE
  5
4B6
330
17
100
AcDbEntity
  8
隐藏线
100
AcDbLine
 10
50.744478367828016
 20
122.133
 30
0.0
 11
50.72774149079072
 21
122.133
 31
0.0
  0
LINE
  5
4B7
330
17
100
AcDbEntity
  8
隐藏线
100
AcDbLine
 10
50.72774149079072
 20
122.133
 30
0.0
 11
50.70863278481156
 21
122.133
 31
0.0
  0
LINE
  5
4B8
330
17
100
AcDbEntity
  8
隐藏线
100
AcDbLine
 10
50.66305745960669
 20
122.133
 30
0.0
 11
50.63686637403861
 21
122.133
 31
0.0
  0
LINE
  5
4B9
330
17
100
AcDbEntity
  8
隐藏线
100
AcDbLine
 10
50.63686637403861
 20
122.133
 30
0.0
 11
50.60846404818631
 21
122.133
 31
0.0
  0
LINE
  5
4BA
330
17
100
AcDbEntity
  8
隐藏线
100
AcDbLine
 10
50.56069233565353
 20
122.133
 30
0.0
 11
50.50811298436222
 21
122.133
 31
0.0
  0
LINE
  5
4BB
330
17
100
AcDbEntity
  8
隐藏线
100
AcDbLine
 10
50.50811298436222
 20
122.133
 30
0.0
 11
50.450933209864885
 21
122.133
 31
0.0
  0
LINE
  5
4BC
330
17
100
AcDbEntity
  8
隐藏线
100
AcDbLine
 10
50.450933209864885
 20
122.133
 30
0.0
 11
50.389377100001
 21
122.133
 31
0.0
  0
LINE
  5
4BD
330
17
100
AcDbEntity
  8
隐藏线
100
AcDbLine
 10
50.389377100001
 20
122.133
 30
0.0
 11
50.3233682591981
 21
122.133
 31
0.0
  0
LINE
  5
4BE
330
17
100
AcDbEntity
  8
隐藏线
100
AcDbLine
 10
50.3233682591981
 20
122.133
 30
0.0
 11
50.2535343844249
 21
122.133
 31
0.0
  0
LINE
  5
4BF
330
17
100
AcDbEntity
  8
隐藏线
100
AcDbLine
 10
50.2535343844249
 20
122.133
 30
0.0
 11
50.180150356073355
 21
122.133
 31
0.0
  0
LINE
  5
4C0
330
17
100
AcDbEntity
  8
隐藏线
100
AcDbLine
 10
50.180150356073355
 20
122.133
 30
0.0
 11
50.103504074904926
 21
122.133
 31
0.0
  0
LINE
  5
4C1
330
17
100
AcDbEntity
  8
隐藏线
100
AcDbLine
 10
50.793000000000035
 20
130.38299999999998
 30
0.0
 11
50.793000000000035
 21
126.258
 31
0.0
  0
LINE
  5
4C2
330
17
100
AcDbEntity
  8
隐藏线
100
AcDbLine
 10
50.793000000000035
 20
126.258
 30
0.0
 11
50.793000000000035
 21
122.133
 31
0.0
  0
LINE
  5
4C3
330
17
100
AcDbEntity
  8
隐藏线
100
AcDbLine
 10
50.103504074904926
 20
130.38299999999998
 30
0.0
 11
50.180150356073355
 21
130.38299999999998
 31
0.0
  0
LINE
  5
4C4
330
17
100
AcDbEntity
  8
隐藏线
100
AcDbLine
 10
50.180150356073355
 20
130.38299999999998
 30
0.0
 11
50.253534384424896
 21
130.38299999999998
 31
0.0
  0
LINE
  5
4C5
330
17
100
AcDbEntity
  8
隐藏线
100
AcDbLine
 10
50.253534384424896
 20
130.38299999999998
 30
0.0
 11
50.3233682591981
 21
130.38299999999998
 31
0.0
  0
LINE
  5
4C6
330
17
100
AcDbEntity
  8
隐藏线
100
AcDbLine
 10
50.3233682591981
 20
130.38299999999998
 30
0.0
 11
50.389377100001
 21
130.38299999999998
 31
0.0
  0
LINE
  5
4C7
330
17
100
AcDbEntity
  8
隐藏线
100
AcDbLine
 10
50.389377100001
 20
130.38299999999998
 30
0.0
 11
50.450933209864885
 21
130.38299999999998
 31
0.0
  0
LINE
  5
4C8
330
17
100
AcDbEntity
  8
隐藏线
100
AcDbLine
 10
50.450933209864885
 20
130.38299999999998
 30
0.0
 11
50.508112984362214
 21
130.38299999999998
 31
0.0
  0
LINE
  5
4C9
330
17
100
AcDbEntity
  8
隐藏线
100
AcDbLine
 10
50.508112984362214
 20
130.38299999999998
 30
0.0
 11
50.56069233565353
 21
130.38299999999998
 31
0.0
  0
LINE
  5
4CA
330
17
100
AcDbEntity
  8
隐藏线
100
AcDbLine
 10
50.56069233565353
 20
130.38299999999998
 30
0.0
 11
50.60846404818631
 21
130.38299999999998
 31
0.0
  0
LINE
  5
4CB
330
17
100
AcDbEntity
  8
隐藏线
100
AcDbLine
 10
50.60846404818631
 20
130.38299999999998
 30
0.0
 11
50.65080394743012
 21
130.38299999999998
 31
0.0
  0
LINE
  5
4CC
330
17
100
AcDbEntity
  8
隐藏线
100
AcDbLine
 10
50.65080394743012
 20
130.38299999999998
 30
0.0
 11
50.68794676977326
 21
130.38299999999998
 31
0.0
  0
LINE
  5
4CD
330
17
100
AcDbEntity
  8
隐藏线
100
AcDbLine
 10
50.7197472606632
 20
130.38299999999998
 30
0.0
 11
50.746079758820756
 21
130.38299999999998
 31
0.0
  0
LINE
  5
4CE
330
17
100
AcDbEntity
  8
隐藏线
100
AcDbLine
 10
50.746079758820756
 20
130.38299999999998
 30
0.0
 11
50.766365449895886
 21
130.38299999999998
 31
0.0
  0
LINE
  5
4CF
330
17
100
AcDbEntity
  8
隐藏线
100
AcDbLine
 10
23.317418753344775
 20
130.38299999999998
 30
0.0
 11
23.33877054427993
 21
130.38299999999998
 31
0.0
  0
LINE
  5
4D0
330
17
100
AcDbEntity
  8
隐藏线
100
AcDbLine
 10
23.33877054427993
 20
130.38299999999998
 30
0.0
 11
23.35750311304613
 21
130.38299999999998
 31
0.0
  0
LINE
  5
4D1
330
17
100
AcDbEntity
  8
隐藏线
100
AcDbLine
 10
23.35750311304613
 20
130.38299999999998
 30
0.0
 11
23.373542546383455
 21
130.38299999999998
 31
0.0
  0
LINE
  5
4D2
330
17
100
AcDbEntity
  8
隐藏线
100
AcDbLine
 10
23.2651703419287
 20
130.38299999999998
 30
0.0
 11
23.204747537462026
 21
130.38299999999998
 31
0.0
  0
LINE
  5
4D3
330
17
100
AcDbEntity
  8
隐藏线
100
AcDbLine
 10
23.204747537462026
 20
130.38299999999998
 30
0.0
 11
23.136056241871227
 21
130.38299999999998
 31
0.0
  0
LINE
  5
4D4
330
17
100
AcDbEntity
  8
隐藏线
100
AcDbLine
 10
23.136056241871227
 20
130.38299999999998
 30
0.0
 11
23.060187030027187
 21
130.38299999999998
 31
0.0
  0
LINE
  5
4D5
330
17
100
AcDbEntity
  8
隐藏线
100
AcDbLine
 10
23.060187030027187
 20
130.38299999999998
 30
0.0
 11
22.977982476166225
 21
130.38299999999998
 31
0.0
  0
LINE
  5
4D6
330
17
100
AcDbEntity
  8
隐藏线
100
AcDbLine
 10
22.977982476166225
 20
130.38299999999998
 30
0.0
 11
22.891369750715782
 21
130.38299999999998
 31
0.0
  0
LINE
  5
4D7
330
17
100
AcDbEntity
  8
隐藏线
100
AcDbLine
 10
22.891369750715782
 20
130.38299999999998
 30
0.0
 11
22.80173110763958
 21
130.38299999999998
 31
0.0
  0
LINE
  5
4D8
330
17
100
AcDbEntity
  8
隐藏线
100
AcDbLine
 10
22.80173110763958
 20
130.38299999999998
 30
0.0
 11
22.71049381855497
 21
130.38299999999998
 31
0.0
  0
LINE
  5
4D9
330
17
100
AcDbEntity
  8
隐藏线
100
AcDbLine
 10
48.07550618144505
 20
130.38299999999998
 30
0.0
 11
49.60925309072254
 21
130.38299999999998
 31
0.0
  0
LINE
  5
4DA
330
17
100
AcDbEntity
  8
隐藏线
100
AcDbLine
 10
49.60925309072254
 20
130.38299999999998
 30
0.0
 11
51.14300000000003
 21
130.38299999999998
 31
0.0
  0
LINE
  5
4DB
330
17
100
AcDbEntity
  8
隐藏线
100
AcDbLine
 10
51.14300000000003
 20
130.38299999999998
 30
0.0
 11
51.14300000000003
 21
125.99612537310374
 31
0.0
  0
LINE
  5
4DC
330
17
100
AcDbEntity
  8
隐藏线
100
AcDbLine
 10
51.14300000000003
 20
125.99612537310374
 30
0.0
 11
51.14300000000003
 21
121.60925074620748
 31
0.0
  0
LINE
  5
4DD
330
17
100
AcDbEntity
  8
隐藏线
100
AcDbLine
 10
48.07550618144505
 20
119.15674925379277
 30
0.0
 11
48.05982862080873
 21
119.15656168559842
 31
0.0
  0
LINE
  5
4DE
330
17
100
AcDbEntity
  8
隐藏线
100
AcDbLine
 10
48.044222672545295
 20
119.1560055506955
 30
0.0
 11
48.02869392131006
 21
119.15509070360407
 31
0.0
  0
LINE
  5
4DF
330
17
100
AcDbEntity
  8
隐藏线
100
AcDbLine
 10
48.02869392131006
 20
119.15509070360407
 30
0.0
 11
48.01324795175836
 21
119.1538269988442
 31
0.0
  0
LINE
  5
4E0
330
17
100
AcDbEntity
  8
隐藏线
100
AcDbLine
 10
47.952403583493506
 20
119.14548069352172
 30
0.0
 11
47.937322120029734
 21
119.1425936166762
 31
0.0
  0
LINE
  5
4E1
330
17
100
AcDbEntity
  8
隐藏线
100
AcDbLine
 10
47.937322120029734
 20
119.1425936166762
 30
0.0
 11
47.9223590863743
 21
119.13941169347466
 31
0.0
  0
LINE
  5
4E2
330
17
100
AcDbEntity
  8
隐藏线
100
AcDbLine
 10
47.90752021836395
 20
119.13594504520749
 30
0.0
 11
47.892811251835425
 21
119.13220379316506
 31
0.0
  0
LINE
  5
4E3
330
17
100
AcDbEntity
  8
隐藏线
100
AcDbLine
 10
47.892811251835425
 20
119.13220379316506
 30
0.0
 11
47.87823792262547
 21
119.12819805863775
 31
0.0
  0
LINE
  5
4E4
330
17
100
AcDbEntity
  8
隐藏线
100
AcDbLine
 10
47.84952111950826
 20
119.11943362729012
 30
0.0
 11
47.83538911727448
 21
119.11469517305058
 31
0.0
  0
LINE
  5
4E5
330
17
100
AcDbEntity
  8
隐藏线
100
AcDbLine
 10
47.83538911727448
 20
119.11469517305058
 30
0.0
 11
47.776444135039505
 21
119.09187004881478
 31
0.0
  0
LINE
  5
4E6
330
17
100
AcDbEntity
  8
隐藏线
100
AcDbLine
 10
47.776444135039505
 20
119.09187004881478
 30
0.0
 11
47.72089446209222
 21
119.06570215635467
 31
0.0
  0
LINE
  5
4E7
330
17
100
AcDbEntity
  8
隐藏线
100
AcDbLine
 10
47.72089446209222
 20
119.06570215635467
 30
0.0
 11
47.66914230759605
 21
119.03717817207458
 31
0.0
  0
LINE
  5
4E8
330
17
100
AcDbEntity
  8
隐藏线
100
AcDbLine
 10
47.66914230759605
 20
119.03717817207458
 30
0.0
 11
47.621305505169346
 21
119.00716392052693
 31
0.0
  0
LINE
  5
4E9
330
17
100
AcDbEntity
  8
隐藏线
100
AcDbLine
 10
47.621305505169346
 20
119.00716392052693
 30
0.0
 11
47.57741070664772
 21
118.97613318124014
 31
0.0
  0
LINE
  5
4EA
330
17
100
AcDbEntity
  8
隐藏线
100
AcDbLine
 10
47.57741070664772
 20
118.97613318124014
 30
0.0
 11
47.53748452664209
 21
118.94455699302021
 31
0.0
  0
LINE
  5
4EB
330
17
100
AcDbEntity
  8
隐藏线
100
AcDbLine
 10
47.53748452664209
 20
118.94455699302021
 30
0.0
 11
47.50155357976338
 21
118.91290639467333
 31
0.0
  0
LINE
  5
4EC
330
17
100
AcDbEntity
  8
隐藏线
100
AcDbLine
 10
47.50155357976338
 20
118.91290639467333
 30
0.0
 11
47.469644949805996
 21
118.88165167876024
 31
0.0
  0
LINE
  5
4ED
330
17
100
AcDbEntity
  8
隐藏线
100
AcDbLine
 10
47.44853957647626
 20
118.85881842071073
 30
0.0
 11
47.429865351630916
 21
118.8365126559436
 31
0.0
  0
LINE
  5
4EE
330
17
100
AcDbEntity
  8
隐藏线
100
AcDbLine
 10
47.429865351630916
 20
118.8365126559436
 30
0.0
 11
47.41374074225034
 21
118.81486730230581
 31
0.0
  0
LINE
  5
4EF
330
17
100
AcDbEntity
  8
隐藏线
100
AcDbLine
 10
47.41374074225034
 20
118.81486730230581
 30
0.0
 11
47.400284215314855
 21
118.79401527764428
 31
0.0
  0
LINE
  5
4F0
330
17
100
AcDbEntity
  8
隐藏线
100
AcDbLine
 10
47.37710779898255
 20
118.73754835598656
 30
0.0
 11
47.37551750160543
 21
118.72119821349169
 31
0.0
  0
LINE
  5
4F1
330
17
100
AcDbEntity
  8
隐藏线
100
AcDbLine
 10
47.37551750160543
 20
118.72119821349169
 30
0.0
 11
47.377025327385454
 21
118.70729166724423
 31
0.0
  0
LINE
  5
4F2
330
17
100
AcDbEntity
  8
隐藏线
100
AcDbLine
 10
47.42800019324056
 20
118.65619780431332
 30
0.0
 11
47.44685272498764
 21
118.64969394860107
 31
0.0
  0
LINE
  5
4F3
330
17
100
AcDbEntity
  8
隐藏线
100
AcDbLine
 10
47.44685272498764
 20
118.64969394860107
 30
0.0
 11
47.46858124665511
 21
118.64443744625099
 31
0.0
  0
LINE
  5
4F4
330
17
100
AcDbEntity
  8
隐藏线
100
AcDbLine
 10
48.07550618144505
 20
110.383
 30
0.0
 11
47.98426889236044
 21
110.383
 31
0.0
  0
LINE
  5
4F5
330
17
100
AcDbEntity
  8
隐藏线
100
AcDbLine
 10
47.98426889236044
 20
110.383
 30
0.0
 11
47.89463024928423
 21
110.383
 31
0.0
  0
LINE
  5
4F6
330
17
100
AcDbEntity
  8
隐藏线
100
AcDbLine
 10
47.89463024928423
 20
110.383
 30
0.0
 11
47.8080175238338
 21
110.383
 31
0.0
  0
LINE
  5
4F7
330
17
100
AcDbEntity
  8
隐藏线
100
AcDbLine
 10
47.8080175238338
 20
110.383
 30
0.0
 11
47.725812969972836
 21
110.383
 31
0.0
  0
LINE
  5
4F8
330
17
100
AcDbEntity
  8
隐藏线
100
AcDbLine
 10
47.725812969972836
 20
110.383
 30
0.0
 11
47.6499437581288
 21
110.383
 31
0.0
  0
LINE
  5
4F9
330
17
100
AcDbEntity
  8
隐藏线
100
AcDbLine
 10
47.6499437581288
 20
110.383
 30
0.0
 11
47.581252462538
 21
110.383
 31
0.0
  0
LINE
  5
4FA
330
17
100
AcDbEntity
  8
隐藏线
100
AcDbLine
 10
47.581252462538
 20
110.383
 30
0.0
 11
47.52082965807132
 21
110.383
 31
0.0
  0
LINE
  5
4FB
330
17
100
AcDbEntity
  8
隐藏线
100
AcDbLine
 10
47.52082965807132
 20
110.383
 30
0.0
 11
47.469642906313915
 21
110.383
 31
0.0
  0
LINE
  5
4FC
330
17
100
AcDbEntity
  8
隐藏线
100
AcDbLine
 10
47.448052008937665
 20
110.383
 30
0.0
 11
47.42910748596891
 21
110.383
 31
0.0
  0
LINE
  5
4FD
330
17
100
AcDbEntity
  8
隐藏线
100
AcDbLine
 10
47.42910748596891
 20
110.383
 30
0.0
 11
47.412884959728885
 21
110.383
 31
0.0
  0
LINE
  5
4FE
330
17
100
AcDbEntity
  8
隐藏线
100
AcDbLine
 10
47.5863817264858
 20
118.633
 30
0.0
 11
47.74490230112012
 21
118.633
 31
0.0
  0
LINE
  5
4FF
330
17
100
AcDbEntity
  8
隐藏线
100
AcDbLine
 10
47.74490230112012
 20
118.633
 30
0.0
 11
47.910549307336424
 21
118.633
 31
0.0
  0
LINE
  5
500
330
17
100
AcDbEntity
  8
隐藏线
100
AcDbLine
 10
47.910549307336424
 20
118.633
 30
0.0
 11
48.08319244277299
 21
118.633
 31
0.0
  0
LINE
  5
501
330
17
100
AcDbEntity
  8
隐藏线
100
AcDbLine
 10
48.08319244277299
 20
118.633
 30
0.0
 11
48.26269627584335
 21
118.633
 31
0.0
  0
LINE
  5
502
330
17
100
AcDbEntity
  8
隐藏线
100
AcDbLine
 10
48.26269627584335
 20
118.633
 30
0.0
 11
48.449464474630624
 21
118.633
 31
0.0
  0
LINE
  5
503
330
17
100
AcDbEntity
  8
隐藏线
100
AcDbLine
 10
48.449464474630624
 20
118.633
 30
0.0
 11
48.642776896559575
 21
118.633
 31
0.0
  0
LINE
  5
504
330
17
100
AcDbEntity
  8
隐藏线
100
AcDbLine
 10
48.642776896559575
 20
118.633
 30
0.0
 11
48.84248152332202
 21
118.633
 31
0.0
  0
LINE
  5
505
330
17
100
AcDbEntity
  8
隐藏线
100
AcDbLine
 10
48.84248152332202
 20
118.633
 30
0.0
 11
49.04842165015328
 21
118.633
 31
0.0
  0
LINE
  5
506
330
17
100
AcDbEntity
  8
隐藏线
100
AcDbLine
 10
49.04842165015328
 20
118.633
 30
0.0
 11
49.097038445689094
 21
118.633
 31
0.0
  0
LINE
  5
507
330
17
100
AcDbEntity
  8
隐藏线
100
AcDbLine
 10
49.097038445689094
 20
118.633
 30
0.0
 11
49.145977636056735
 21
118.633
 31
0.0
  0
LINE
  5
508
330
17
100
AcDbEntity
  8
隐藏线
100
AcDbLine
 10
49.145977636056735
 20
118.633
 30
0.0
 11
49.19523716059564
 21
118.633
 31
0.0
  0
LINE
  5
509
330
17
100
AcDbEntity
  8
隐藏线
100
AcDbLine
 10
49.19523716059564
 20
118.633
 30
0.0
 11
49.244814946059044
 21
118.633
 31
0.0
  0
LINE
  5
50A
330
17
100
AcDbEntity
  8
隐藏线
100
AcDbLine
 10
49.244814946059044
 20
118.633
 30
0.0
 11
49.29473502699164
 21
118.633
 31
0.0
  0
LINE
  5
50B
330
17
100
AcDbEntity
  8
隐藏线
100
AcDbLine
 10
49.29473502699164
 20
118.633
 30
0.0
 11
49.34496876139951
 21
118.633
 31
0.0
  0
LINE
  5
50C
330
17
100
AcDbEntity
  8
隐藏线
100
AcDbLine
 10
49.34496876139951
 20
118.633
 30
0.0
 11
49.39551403413753
 21
118.633
 31
0.0
  0
LINE
  5
50D
330
17
100
AcDbEntity
  8
隐藏线
100
AcDbLine
 10
49.39551403413753
 20
118.633
 30
0.0
 11
49.44636871781998
 21
118.633
 31
0.0
  0
LINE
  5
50E
330
17
100
AcDbEntity
  8
隐藏线
100
AcDbLine
 10
49.44636871781998
 20
118.633
 30
0.0
 11
49.643945928268096
 21
118.633
 31
0.0
  0
LINE
  5
50F
330
17
100
AcDbEntity
  8
隐藏线
100
AcDbLine
 10
49.643945928268096
 20
118.633
 30
0.0
 11
49.84588196179366
 21
118.633
 31
0.0
  0
LINE
  5
510
330
17
100
AcDbEntity
  8
隐藏线
100
AcDbLine
 10
49.84588196179366
 20
118.633
 30
0.0
 11
50.05205234604928
 21
118.633
 31
0.0
  0
LINE
  5
511
330
17
100
AcDbEntity
  8
隐藏线
100
AcDbLine
 10
50.05205234604928
 20
118.633
 30
0.0
 11
50.26233017436144
 21
118.633
 31
0.0
  0
LINE
  5
512
330
17
100
AcDbEntity
  8
隐藏线
100
AcDbLine
 10
50.26233017436144
 20
118.633
 30
0.0
 11
50.476903373747426
 21
118.633
 31
0.0
  0
LINE
  5
513
330
17
100
AcDbEntity
  8
隐藏线
100
AcDbLine
 10
50.476903373747426
 20
118.633
 30
0.0
 11
50.69529616279457
 21
118.633
 31
0.0
  0
LINE
  5
514
330
17
100
AcDbEntity
  8
隐藏线
100
AcDbLine
 10
50.69529616279457
 20
118.633
 30
0.0
 11
50.9173739436598
 21
118.633
 31
0.0
  0
LINE
  5
515
330
17
100
AcDbEntity
  8
隐藏线
100
AcDbLine
 10
50.9173739436598
 20
118.633
 30
0.0
 11
51.14300000000003
 21
118.633
 31
0.0
  0
LINE
  5
516
330
17
100
AcDbEntity
  8
隐藏线
100
AcDbLine
 10
47.46858124665529
 20
110.383
 30
0.0
 11
47.67326907589314
 21
110.383
 31
0.0
  0
LINE
  5
517
330
17
100
AcDbEntity
  8
隐藏线
100
AcDbLine
 10
47.67326907589314
 20
110.383
 30
0.0
 11
47.89063562810215
 21
110.383
 31
0.0
  0
LINE
  5
518
330
17
100
AcDbEntity
  8
隐藏线
100
AcDbLine
 10
47.89063562810215
 20
110.383
 30
0.0
 11
48.12037896808249
 21
110.383
 31
0.0
  0
LINE
  5
519
330
17
100
AcDbEntity
  8
隐藏线
100
AcDbLine
 10
48.12037896808249
 20
110.383
 30
0.0
 11
48.36218114510802
 21
110.383
 31
0.0
  0
LINE
  5
51A
330
17
100
AcDbEntity
  8
隐藏线
100
AcDbLine
 10
48.36218114510802
 20
110.383
 30
0.0
 11
48.61664748993938
 21
110.383
 31
0.0
  0
LINE
  5
51B
330
17
100
AcDbEntity
  8
隐藏线
100
AcDbLine
 10
48.61664748993938
 20
110.383
 30
0.0
 11
48.88241587433401
 21
110.383
 31
0.0
  0
LINE
  5
51C
330
17
100
AcDbEntity
  8
隐藏线
100
AcDbLine
 10
48.88241587433401
 20
110.383
 30
0.0
 11
49.159117324132104
 21
110.383
 31
0.0
  0
LINE
  5
51D
330
17
100
AcDbEntity
  8
隐藏线
100
AcDbLine
 10
49.159117324132104
 20
110.383
 30
0.0
 11
49.44636871781998
 21
110.383
 31
0.0
  0
LINE
  5
51E
330
17
100
AcDbEntity
  8
隐藏线
100
AcDbLine
 10
49.44636871781998
 20
110.383
 30
0.0
 11
49.643945928268096
 21
110.383
 31
0.0
  0
LINE
  5
51F
330
17
100
AcDbEntity
  8
隐藏线
100
AcDbLine
 10
49.643945928268096
 20
110.383
 30
0.0
 11
49.84588196179366
 21
110.383
 31
0.0
  0
LINE
  5
520
330
17
100
AcDbEntity
  8
隐藏线
100
AcDbLine
 10
49.84588196179366
 20
110.383
 30
0.0
 11
50.05205234604928
 21
110.383
 31
0.0
  0
LINE
  5
521
330
17
100
AcDbEntity
  8
隐藏线
100
AcDbLine
 10
50.05205234604928
 20
110.383
 30
0.0
 11
50.26233017436144
 21
110.383
 31
0.0
  0
LINE
  5
522
330
17
100
AcDbEntity
  8
隐藏线
100
AcDbLine
 10
50.26233017436144
 20
110.383
 30
0.0
 11
50.476903373747426
 21
110.383
 31
0.0
  0
LINE
  5
523
330
17
100
AcDbEntity
  8
隐藏线
100
AcDbLine
 10
50.476903373747426
 20
110.383
 30
0.0
 11
50.69529616279457
 21
110.383
 31
0.0
  0
LINE
  5
524
330
17
100
AcDbEntity
  8
隐藏线
100
AcDbLine
 10
50.69529616279457
 20
110.383
 30
0.0
 11
50.9173739436598
 21
110.383
 31
0.0
  0
LINE
  5
525
330
17
100
AcDbEntity
  8
隐藏线
100
AcDbLine
 10
50.9173739436598
 20
110.383
 30
0.0
 11
51.14300000000003
 21
110.383
 31
0.0
  0
LINE
  5
526
330
17
100
AcDbEntity
  8
隐藏线
100
AcDbLine
 10
23.19961827351424
 20
118.633
 30
0.0
 11
23.041097698879916
 21
118.633
 31
0.0
  0
LINE
  5
527
330
17
100
AcDbEntity
  8
隐藏线
100
AcDbLine
 10
23.041097698879916
 20
118.633
 30
0.0
 11
22.875450692663613
 21
118.633
 31
0.0
  0
LINE
  5
528
330
17
100
AcDbEntity
  8
隐藏线
100
AcDbLine
 10
22.875450692663613
 20
118.633
 30
0.0
 11
22.702807557227043
 21
118.633
 31
0.0
  0
LINE
  5
529
330
17
100
AcDbEntity
  8
隐藏线
100
AcDbLine
 10
22.702807557227043
 20
118.633
 30
0.0
 11
22.523303724156673
 21
118.633
 31
0.0
  0
LINE
  5
52A
330
17
100
AcDbEntity
  8
隐藏线
100
AcDbLine
 10
22.523303724156673
 20
118.633
 30
0.0
 11
22.336535525369406
 21
118.633
 31
0.0
  0
LINE
  5
52B
330
17
100
AcDbEntity
  8
隐藏线
100
AcDbLine
 10
22.336535525369406
 20
118.633
 30
0.0
 11
22.143223103440455
 21
118.633
 31
0.0
  0
LINE
  5
52C
330
17
100
AcDbEntity
  8
隐藏线
100
AcDbLine
 10
22.143223103440455
 20
118.633
 30
0.0
 11
21.94351847667801
 21
118.633
 31
0.0
  0
LINE
  5
52D
330
17
100
AcDbEntity
  8
隐藏线
100
AcDbLine
 10
21.94351847667801
 20
118.633
 30
0.0
 11
21.73757834984674
 21
118.633
 31
0.0
  0
LINE
  5
52E
330
17
100
AcDbEntity
  8
隐藏线
100
AcDbLine
 10
21.73757834984674
 20
118.633
 30
0.0
 11
21.68896155431093
 21
118.633
 31
0.0
  0
LINE
  5
52F
330
17
100
AcDbEntity
  8
隐藏线
100
AcDbLine
 10
21.68896155431093
 20
118.633
 30
0.0
 11
21.640022363943295
 21
118.633
 31
0.0
  0
LINE
  5
530
330
17
100
AcDbEntity
  8
隐藏线
100
AcDbLine
 10
21.640022363943295
 20
118.633
 30
0.0
 11
21.59076283940439
 21
118.633
 31
0.0
  0
LINE
  5
531
330
17
100
AcDbEntity
  8
隐藏线
100
AcDbLine
 10
21.59076283940439
 20
118.633
 30
0.0
 11
21.541185053940993
 21
118.633
 31
0.0
  0
LINE
  5
532
330
17
100
AcDbEntity
  8
隐藏线
100
AcDbLine
 10
21.541185053940993
 20
118.633
 30
0.0
 11
21.491264973008402
 21
118.633
 31
0.0
  0
LINE
  5
533
330
17
100
AcDbEntity
  8
隐藏线
100
AcDbLine
 10
21.491264973008402
 20
118.633
 30
0.0
 11
21.441031238600537
 21
118.633
 31
0.0
  0
LINE
  5
534
330
17
100
AcDbEntity
  8
隐藏线
100
AcDbLine
 10
21.441031238600537
 20
118.633
 30
0.0
 11
21.390485965862524
 21
118.633
 31
0.0
  0
LINE
  5
535
330
17
100
AcDbEntity
  8
隐藏线
100
AcDbLine
 10
21.390485965862524
 20
118.633
 30
0.0
 11
21.339631282180072
 21
118.633
 31
0.0
  0
LINE
  5
536
330
17
100
AcDbEntity
  8
隐藏线
100
AcDbLine
 10
21.339631282180072
 20
118.633
 30
0.0
 11
21.14205407173196
 21
118.633
 31
0.0
  0
LINE
  5
537
330
17
100
AcDbEntity
  8
隐藏线
100
AcDbLine
 10
21.14205407173196
 20
118.633
 30
0.0
 11
20.9401180382064
 21
118.633
 31
0.0
  0
LINE
  5
538
330
17
100
AcDbEntity
  8
隐藏线
100
AcDbLine
 10
20.9401180382064
 20
118.633
 30
0.0
 11
20.73394765395078
 21
118.633
 31
0.0
  0
LINE
  5
539
330
17
100
AcDbEntity
  8
隐藏线
100
AcDbLine
 10
20.73394765395078
 20
118.633
 30
0.0
 11
20.52366982563862
 21
118.633
 31
0.0
  0
LINE
  5
53A
330
17
100
AcDbEntity
  8
隐藏线
100
AcDbLine
 10
20.52366982563862
 20
118.633
 30
0.0
 11
20.309096626252632
 21
118.633
 31
0.0
  0
LINE
  5
53B
330
17
100
AcDbEntity
  8
隐藏线
100
AcDbLine
 10
20.309096626252632
 20
118.633
 30
0.0
 11
20.09070383720549
 21
118.633
 31
0.0
  0
LINE
  5
53C
330
17
100
AcDbEntity
  8
隐藏线
100
AcDbLine
 10
20.09070383720549
 20
118.633
 30
0.0
 11
19.868626056340265
 21
118.633
 31
0.0
  0
LINE
  5
53D
330
17
100
AcDbEntity
  8
隐藏线
100
AcDbLine
 10
19.868626056340265
 20
118.633
 30
0.0
 11
19.643000000000036
 21
118.633
 31
0.0
  0
LINE
  5
53E
330
17
100
AcDbEntity
  8
隐藏线
100
AcDbLine
 10
23.317418753344754
 20
110.383
 30
0.0
 11
23.112730924106913
 21
110.383
 31
0.0
  0
LINE
  5
53F
330
17
100
AcDbEntity
  8
隐藏线
100
AcDbLine
 10
23.112730924106913
 20
110.383
 30
0.0
 11
22.895364371897898
 21
110.383
 31
0.0
  0
LINE
  5
540
330
17
100
AcDbEntity
  8
隐藏线
100
AcDbLine
 10
22.895364371897898
 20
110.383
 30
0.0
 11
22.665621031917556
 21
110.383
 31
0.0
  0
LINE
  5
541
330
17
100
AcDbEntity
  8
隐藏线
100
AcDbLine
 10
22.665621031917556
 20
110.383
 30
0.0
 11
22.42381885489203
 21
110.383
 31
0.0
  0
LINE
  5
542
330
17
100
AcDbEntity
  8
隐藏线
100
AcDbLine
 10
22.42381885489203
 20
110.383
 30
0.0
 11
22.169352510060673
 21
110.383
 31
0.0
  0
LINE
  5
543
330
17
100
AcDbEntity
  8
隐藏线
100
AcDbLine
 10
22.169352510060673
 20
110.383
 30
0.0
 11
21.903584125666047
 21
110.383
 31
0.0
  0
LINE
  5
544
330
17
100
AcDbEntity
  8
隐藏线
100
AcDbLine
 10
21.903584125666047
 20
110.383
 30
0.0
 11
21.62688267586795
 21
110.383
 31
0.0
  0
LINE
  5
545
330
17
100
AcDbEntity
  8
隐藏线
100
AcDbLine
 10
21.62688267586795
 20
110.383
 30
0.0
 11
21.339631282180072
 21
110.383
 31
0.0
  0
LINE
  5
546
330
17
100
AcDbEntity
  8
隐藏线
100
AcDbLine
 10
21.339631282180072
 20
110.383
 30
0.0
 11
21.14205407173196
 21
110.383
 31
0.0
  0
LINE
  5
547
330
17
100
AcDbEntity
  8
隐藏线
100
AcDbLine
 10
21.14205407173196
 20
110.383
 30
0.0
 11
20.9401180382064
 21
110.383
 31
0.0
  0
LINE
  5
548
330
17
100
AcDbEntity
  8
隐藏线
100
AcDbLine
 10
20.9401180382064
 20
110.383
 30
0.0
 11
20.73394765395078
 21
110.383
 31
0.0
  0
LINE
  5
549
330
17
100
AcDbEntity
  8
隐藏线
100
AcDbLine
 10
20.73394765395078
 20
110.383
 30
0.0
 11
20.52366982563862
 21
110.383
 31
0.0
  0
LINE
  5
54A
330
17
100
AcDbEntity
  8
隐藏线
100
AcDbLine
 10
20.52366982563862
 20
110.383
 30
0.0
 11
20.309096626252632
 21
110.383
 31
0.0
  0
LINE
  5
54B
330
17
100
AcDbEntity
  8
隐藏线
100
AcDbLine
 10
20.309096626252632
 20
110.383
 30
0.0
 11
20.09070383720549
 21
110.383
 31
0.0
  0
LINE
  5
54C
330
17
100
AcDbEntity
  8
隐藏线
100
AcDbLine
 10
20.09070383720549
 20
110.383
 30
0.0
 11
19.868626056340265
 21
110.383
 31
0.0
  0
LINE
  5
54D
330
17
100
AcDbEntity
  8
隐藏线
100
AcDbLine
 10
19.868626056340265
 20
110.383
 30
0.0
 11
19.643000000000036
 21
110.383
 31
0.0
  0
LINE
  5
54E
330
17
100
AcDbEntity
  8
隐藏线
100
AcDbLine
 10
19.643000000000033
 20
110.383
 30
0.0
 11
21.176746909277497
 21
110.383
 31
0.0
  0
LINE
  5
54F
330
17
100
AcDbEntity
  8
隐藏线
100
AcDbLine
 10
21.176746909277497
 20
110.383
 30
0.0
 11
22.710493818554973
 21
110.383
 31
0.0
  0
LINE
  5
550
330
17
100
AcDbEntity
  8
隐藏线
100
AcDbLine
 10
19.643000000000033
 20
119.15674925379277
 30
0.0
 11
19.643000000000033
 21
114.7698746268964
 31
0.0
  0
LINE
  5
551
330
17
100
AcDbEntity
  8
隐藏线
100
AcDbLine
 10
19.643000000000033
 20
114.7698746268964
 30
0.0
 11
19.643000000000033
 21
110.383
 31
0.0
  0
LINE
  5
552
330
17
100
AcDbEntity
  8
隐藏线
100
AcDbLine
 10
19.64300000000003
 20
119.15674925379277
 30
0.0
 11
21.1767469092775
 21
119.15674925379277
 31
0.0
  0
LINE
  5
553
330
17
100
AcDbEntity
  8
隐藏线
100
AcDbLine
 10
21.1767469092775
 20
119.15674925379277
 30
0.0
 11
22.710493818554973
 21
119.15674925379277
 31
0.0
  0
LINE
  5
554
330
17
100
AcDbEntity
  8
隐藏线
100
AcDbLine
 10
20.682495925095097
 20
118.633
 30
0.0
 11
20.605849643926664
 21
118.633
 31
0.0
  0
LINE
  5
555
330
17
100
AcDbEntity
  8
隐藏线
100
AcDbLine
 10
20.605849643926664
 20
118.633
 30
0.0
 11
20.53246561557512
 21
118.633
 31
0.0
  0
LINE
  5
556
330
17
100
AcDbEntity
  8
隐藏线
100
AcDbLine
 10
20.53246561557512
 20
118.633
 30
0.0
 11
20.462631740801925
 21
118.633
 31
0.0
  0
LINE
  5
557
330
17
100
AcDbEntity
  8
隐藏线
100
AcDbLine
 10
20.462631740801925
 20
118.633
 30
0.0
 11
20.396622899999027
 21
118.633
 31
0.0
  0
LINE
  5
558
330
17
100
AcDbEntity
  8
隐藏线
100
AcDbLine
 10
20.396622899999027
 20
118.633
 30
0.0
 11
20.33506679013514
 21
118.633
 31
0.0
  0
LINE
  5
559
330
17
100
AcDbEntity
  8
隐藏线
100
AcDbLine
 10
20.33506679013514
 20
118.633
 30
0.0
 11
20.27788701563781
 21
118.633
 31
0.0
  0
LINE
  5
55A
330
17
100
AcDbEntity
  8
隐藏线
100
AcDbLine
 10
20.27788701563781
 20
118.633
 30
0.0
 11
20.2253076643465
 21
118.633
 31
0.0
  0
LINE
  5
55B
330
17
100
AcDbEntity
  8
隐藏线
100
AcDbLine
 10
20.2253076643465
 20
118.633
 30
0.0
 11
20.17753595181371
 21
118.633
 31
0.0
  0
LINE
  5
55C
330
17
100
AcDbEntity
  8
隐藏线
100
AcDbLine
 10
20.14913362596141
 20
118.633
 30
0.0
 11
20.12294254039333
 21
118.633
 31
0.0
  0
LINE
  5
55D
330
17
100
AcDbEntity
  8
隐藏线
100
AcDbLine
 10
20.12294254039333
 20
118.633
 30
0.0
 11
20.099006866475804
 21
118.633
 31
0.0
  0
LINE
  5
55E
330
17
100
AcDbEntity
  8
隐藏线
100
AcDbLine
 10
20.058258509209303
 20
118.633
 30
0.0
 11
20.041521632172003
 21
118.633
 31
0.0
  0
LINE
  5
55F
330
17
100
AcDbEntity
  8
隐藏线
100
AcDbLine
 10
20.041521632172003
 20
118.633
 30
0.0
 11
20.027184756830074
 21
118.633
 31
0.0
  0
LINE
  5
560
330
17
100
AcDbEntity
  8
隐藏线
100
AcDbLine
 10
19.99300000000003
 20
118.633
 30
0.0
 11
19.99300000000003
 21
114.508
 31
0.0
  0
LINE
  5
561
330
17
100
AcDbEntity
  8
隐藏线
100
AcDbLine
 10
19.99300000000003
 20
114.508
 30
0.0
 11
19.99300000000003
 21
110.383
 31
0.0
  0
LINE
  5
562
330
17
100
AcDbEntity
  8
隐藏线
100
AcDbLine
 10
20.682495925095097
 20
110.383
 30
0.0
 11
20.605849643926664
 21
110.383
 31
0.0
  0
LINE
  5
563
330
17
100
AcDbEntity
  8
隐藏线
100
AcDbLine
 10
20.605849643926664
 20
110.383
 30
0.0
 11
20.53246561557512
 21
110.383
 31
0.0
  0
LINE
  5
564
330
17
100
AcDbEntity
  8
隐藏线
100
AcDbLine
 10
20.53246561557512
 20
110.383
 30
0.0
 11
20.462631740801925
 21
110.383
 31
0.0
  0
LINE
  5
565
330
17
100
AcDbEntity
  8
隐藏线
100
AcDbLine
 10
20.462631740801925
 20
110.383
 30
0.0
 11
20.396622899999024
 21
110.383
 31
0.0
  0
LINE
  5
566
330
17
100
AcDbEntity
  8
隐藏线
100
AcDbLine
 10
20.396622899999024
 20
110.383
 30
0.0
 11
20.33506679013514
 21
110.383
 31
0.0
  0
LINE
  5
567
330
17
100
AcDbEntity
  8
隐藏线
100
AcDbLine
 10
20.33506679013514
 20
110.383
 30
0.0
 11
20.27788701563781
 21
110.383
 31
0.0
  0
LINE
  5
568
330
17
100
AcDbEntity
  8
隐藏线
100
AcDbLine
 10
20.27788701563781
 20
110.383
 30
0.0
 11
20.225307664346495
 21
110.383
 31
0.0
  0
LINE
  5
569
330
17
100
AcDbEntity
  8
隐藏线
100
AcDbLine
 10
20.225307664346495
 20
110.383
 30
0.0
 11
20.17753595181371
 21
110.383
 31
0.0
  0
LINE
  5
56A
330
17
100
AcDbEntity
  8
隐藏线
100
AcDbLine
 10
20.17753595181371
 20
110.383
 30
0.0
 11
20.135196052569903
 21
110.383
 31
0.0
  0
LINE
  5
56B
330
17
100
AcDbEntity
  8
隐藏线
100
AcDbLine
 10
20.135196052569903
 20
110.383
 30
0.0
 11
20.09805323022676
 21
110.383
 31
0.0
  0
LINE
  5
56C
330
17
100
AcDbEntity
  8
隐藏线
100
AcDbLine
 10
20.06625273933682
 20
110.383
 30
0.0
 11
20.039920241179267
 21
110.383
 31
0.0
  0
LINE
  5
56D
330
17
100
AcDbEntity
  8
隐藏线
100
AcDbLine
 10
20.039920241179267
 20
110.383
 30
0.0
 11
20.019634550104136
 21
110.383
 31
0.0
  0
LINE
  5
56E
330
17
100
AcDbEntity
  8
隐藏线
100
AcDbLine
 10
50.793000000000006
 20
118.633
 30
0.0
 11
50.79262972498847
 21
118.633
 31
0.0
  0
LINE
  5
56F
330
17
100
AcDbEntity
  8
隐藏线
100
AcDbLine
 10
50.744478367828016
 20
118.633
 30
0.0
 11
50.72774149079072
 21
118.633
 31
0.0
  0
LINE
  5
570
330
17
100
AcDbEntity
  8
隐藏线
100
AcDbLine
 10
50.72774149079072
 20
118.633
 30
0.0
 11
50.70863278481156
 21
118.633
 31
0.0
  0
LINE
  5
571
330
17
100
AcDbEntity
  8
隐藏线
100
AcDbLine
 10
50.66305745960669
 20
118.633
 30
0.0
 11
50.63686637403861
 21
118.633
 31
0.0
  0
LINE
  5
572
330
17
100
AcDbEntity
  8
隐藏线
100
AcDbLine
 10
50.63686637403861
 20
118.633
 30
0.0
 11
50.60846404818631
 21
118.633
 31
0.0
  0
LINE
  5
573
330
17
100
AcDbEntity
  8
隐藏线
100
AcDbLine
 10
50.56069233565353
 20
118.633
 30
0.0
 11
50.50811298436222
 21
118.633
 31
0.0
  0
LINE
  5
574
330
17
100
AcDbEntity
  8
隐藏线
100
AcDbLine
 10
50.50811298436222
 20
118.633
 30
0.0
 11
50.450933209864885
 21
118.633
 31
0.0
  0
LINE
  5
575
330
17
100
AcDbEntity
  8
隐藏线
100
AcDbLine
 10
50.450933209864885
 20
118.633
 30
0.0
 11
50.389377100001
 21
118.633
 31
0.0
  0
LINE
  5
576
330
17
100
AcDbEntity
  8
隐藏线
100
AcDbLine
 10
50.389377100001
 20
118.633
 30
0.0
 11
50.3233682591981
 21
118.633
 31
0.0
  0
LINE
  5
577
330
17
100
AcDbEntity
  8
隐藏线
100
AcDbLine
 10
50.3233682591981
 20
118.633
 30
0.0
 11
50.2535343844249
 21
118.633
 31
0.0
  0
LINE
  5
578
330
17
100
AcDbEntity
  8
隐藏线
100
AcDbLine
 10
50.2535343844249
 20
118.633
 30
0.0
 11
50.180150356073355
 21
118.633
 31
0.0
  0
LINE
  5
579
330
17
100
AcDbEntity
  8
隐藏线
100
AcDbLine
 10
50.180150356073355
 20
118.633
 30
0.0
 11
50.103504074904926
 21
118.633
 31
0.0
  0
LINE
  5
57A
330
17
100
AcDbEntity
  8
隐藏线
100
AcDbLine
 10
50.793000000000006
 20
110.383
 30
0.0
 11
50.78987175502398
 21
110.383
 31
0.0
  0
LINE
  5
57B
330
17
100
AcDbEntity
  8
隐藏线
100
AcDbLine
 10
50.746079758820756
 20
110.383
 30
0.0
 11
50.719747260663205
 21
110.383
 31
0.0
  0
LINE
  5
57C
330
17
100
AcDbEntity
  8
隐藏线
100
AcDbLine
 10
50.719747260663205
 20
110.383
 30
0.0
 11
50.68794676977326
 21
110.383
 31
0.0
  0
LINE
  5
57D
330
17
100
AcDbEntity
  8
隐藏线
100
AcDbLine
 10
50.65080394743012
 20
110.383
 30
0.0
 11
50.60846404818631
 21
110.383
 31
0.0
  0
LINE
  5
57E
330
17
100
AcDbEntity
  8
隐藏线
100
AcDbLine
 10
50.60846404818631
 20
110.383
 30
0.0
 11
50.56069233565353
 21
110.383
 31
0.0
  0
LINE
  5
57F
330
17
100
AcDbEntity
  8
隐藏线
100
AcDbLine
 10
50.56069233565353
 20
110.383
 30
0.0
 11
50.50811298436222
 21
110.383
 31
0.0
  0
LINE
  5
580
330
17
100
AcDbEntity
  8
隐藏线
100
AcDbLine
 10
50.50811298436222
 20
110.383
 30
0.0
 11
50.450933209864885
 21
110.383
 31
0.0
  0
LINE
  5
581
330
17
100
AcDbEntity
  8
隐藏线
100
AcDbLine
 10
50.450933209864885
 20
110.383
 30
0.0
 11
50.389377100001
 21
110.383
 31
0.0
  0
LINE
  5
582
330
17
100
AcDbEntity
  8
隐藏线
100
AcDbLine
 10
50.389377100001
 20
110.383
 30
0.0
 11
50.3233682591981
 21
110.383
 31
0.0
  0
LINE
  5
583
330
17
100
AcDbEntity
  8
隐藏线
100
AcDbLine
 10
50.3233682591981
 20
110.383
 30
0.0
 11
50.2535343844249
 21
110.383
 31
0.0
  0
LINE
  5
584
330
17
100
AcDbEntity
  8
隐藏线
100
AcDbLine
 10
50.2535343844249
 20
110.383
 30
0.0
 11
50.180150356073355
 21
110.383
 31
0.0
  0
LINE
  5
585
330
17
100
AcDbEntity
  8
隐藏线
100
AcDbLine
 10
50.180150356073355
 20
110.383
 30
0.0
 11
50.103504074904926
 21
110.383
 31
0.0
  0
LINE
  5
586
330
17
100
AcDbEntity
  8
隐藏线
100
AcDbLine
 10
50.793000000000035
 20
118.633
 30
0.0
 11
50.793000000000035
 21
114.508
 31
0.0
  0
LINE
  5
587
330
17
100
AcDbEntity
  8
隐藏线
100
AcDbLine
 10
50.793000000000035
 20
114.508
 30
0.0
 11
50.793000000000035
 21
110.383
 31
0.0
  0
LINE
  5
588
330
17
100
AcDbEntity
  8
隐藏线
100
AcDbLine
 10
22.710493818554973
 20
119.15674925379277
 30
0.0
 11
22.726171379191285
 21
119.15656168559842
 31
0.0
  0
LINE
  5
589
330
17
100
AcDbEntity
  8
隐藏线
100
AcDbLine
 10
22.741777327454727
 20
119.1560055506955
 30
0.0
 11
22.757306078689965
 21
119.15509070360407
 31
0.0
  0
LINE
  5
58A
330
17
100
AcDbEntity
  8
隐藏线
100
AcDbLine
 10
22.757306078689965
 20
119.15509070360407
 30
0.0
 11
22.772752048241664
 21
119.1538269988442
 31
0.0
  0
LINE
  5
58B
330
17
100
AcDbEntity
  8
隐藏线
100
AcDbLine
 10
22.833596416506516
 20
119.14548069352172
 30
0.0
 11
22.848677879970296
 21
119.1425936166762
 31
0.0
  0
LINE
  5
58C
330
17
100
AcDbEntity
  8
隐藏线
100
AcDbLine
 10
22.848677879970296
 20
119.1425936166762
 30
0.0
 11
22.863640913625737
 21
119.13941169347466
 31
0.0
  0
LINE
  5
58D
330
17
100
AcDbEntity
  8
隐藏线
100
AcDbLine
 10
22.878479781636088
 20
119.13594504520746
 30
0.0
 11
22.89318874816462
 21
119.13220379316503
 31
0.0
  0
LINE
  5
58E
330
17
100
AcDbEntity
  8
隐藏线
100
AcDbLine
 10
22.89318874816462
 20
119.13220379316503
 30
0.0
 11
22.907762077374574
 21
119.12819805863775
 31
0.0
  0
LINE
  5
58F
330
17
100
AcDbEntity
  8
隐藏线
100
AcDbLine
 10
22.936478880491798
 20
119.11943362729012
 30
0.0
 11
22.950610882725577
 21
119.11469517305055
 31
0.0
  0
LINE
  5
590
330
17
100
AcDbEntity
  8
隐藏线
100
AcDbLine
 10
22.950610882725577
 20
119.11469517305055
 30
0.0
 11
23.009555864960547
 21
119.09187004881476
 31
0.0
  0
LINE
  5
591
330
17
100
AcDbEntity
  8
隐藏线
100
AcDbLine
 10
23.009555864960547
 20
119.09187004881476
 30
0.0
 11
23.065105537907833
 21
119.06570215635465
 31
0.0
  0
LINE
  5
592
330
17
100
AcDbEntity
  8
隐藏线
100
AcDbLine
 10
23.065105537907833
 20
119.06570215635465
 30
0.0
 11
23.116857692403997
 21
119.03717817207455
 31
0.0
  0
LINE
  5
593
330
17
100
AcDbEntity
  8
隐藏线
100
AcDbLine
 10
23.116857692403997
 20
119.03717817207455
 30
0.0
 11
23.164694494830695
 21
119.00716392052693
 31
0.0
  0
LINE
  5
594
330
17
100
AcDbEntity
  8
隐藏线
100
AcDbLine
 10
23.164694494830695
 20
119.00716392052693
 30
0.0
 11
23.20858929335232
 21
118.97613318124012
 31
0.0
  0
LINE
  5
595
330
17
100
AcDbEntity
  8
隐藏线
100
AcDbLine
 10
23.20858929335232
 20
118.97613318124012
 30
0.0
 11
23.24851547335794
 21
118.94455699302021
 31
0.0
  0
LINE
  5
596
330
17
100
AcDbEntity
  8
隐藏线
100
AcDbLine
 10
23.24851547335794
 20
118.94455699302021
 30
0.0
 11
23.284446420236645
 21
118.91290639467333
 31
0.0
  0
LINE
  5
597
330
17
100
AcDbEntity
  8
隐藏线
100
AcDbLine
 10
23.284446420236645
 20
118.91290639467333
 30
0.0
 11
23.316355050194026
 21
118.88165167876026
 31
0.0
  0
LINE
  5
598
330
17
100
AcDbEntity
  8
隐藏线
100
AcDbLine
 10
23.337460423523765
 20
118.85881842071076
 30
0.0
 11
23.356134648369103
 21
118.83651265594362
 31
0.0
  0
LINE
  5
599
330
17
100
AcDbEntity
  8
隐藏线
100
AcDbLine
 10
23.356134648369103
 20
118.83651265594362
 30
0.0
 11
23.372259257749683
 21
118.81486730230584
 31
0.0
  0
LINE
  5
59A
330
17
100
AcDbEntity
  8
隐藏线
100
AcDbLine
 10
23.372259257749683
 20
118.81486730230584
 30
0.0
 11
23.38571578468516
 21
118.7940152776443
 31
0.0
  0
LINE
  5
59B
330
17
100
AcDbEntity
  8
隐藏线
100
AcDbLine
 10
23.408892201017473
 20
118.73754835598659
 30
0.0
 11
23.41048249839459
 21
118.72119821349169
 31
0.0
  0
LINE
  5
59C
330
17
100
AcDbEntity
  8
隐藏线
100
AcDbLine
 10
23.41048249839459
 20
118.72119821349169
 30
0.0
 11
23.408974672614562
 21
118.70729166724423
 31
0.0
  0
LINE
  5
59D
330
17
100
AcDbEntity
  8
隐藏线
100
AcDbLine
 10
23.357999806759466
 20
118.65619780431332
 30
0.0
 11
23.339147275012376
 21
118.64969394860107
 31
0.0
  0
LINE
  5
59E
330
17
100
AcDbEntity
  8
隐藏线
100
AcDbLine
 10
22.710493818554973
 20
110.383
 30
0.0
 11
22.801731107639583
 21
110.383
 31
0.0
  0
LINE
  5
59F
330
17
100
AcDbEntity
  8
隐藏线
100
AcDbLine
 10
22.801731107639583
 20
110.383
 30
0.0
 11
22.891369750715786
 21
110.383
 31
0.0
  0
LINE
  5
5A0
330
17
100
AcDbEntity
  8
隐藏线
100
AcDbLine
 10
22.891369750715786
 20
110.383
 30
0.0
 11
22.97798247616623
 21
110.383
 31
0.0
  0
LINE
  5
5A1
330
17
100
AcDbEntity
  8
隐藏线
100
AcDbLine
 10
22.97798247616623
 20
110.383
 30
0.0
 11
23.060187030027187
 21
110.383
 31
0.0
  0
LINE
  5
5A2
330
17
100
AcDbEntity
  8
隐藏线
100
AcDbLine
 10
23.060187030027187
 20
110.383
 30
0.0
 11
23.136056241871227
 21
110.383
 31
0.0
  0
LINE
  5
5A3
330
17
100
AcDbEntity
  8
隐藏线
100
AcDbLine
 10
23.136056241871227
 20
110.383
 30
0.0
 11
23.204747537462026
 21
110.383
 31
0.0
  0
LINE
  5
5A4
330
17
100
AcDbEntity
  8
隐藏线
100
AcDbLine
 10
23.204747537462026
 20
110.383
 30
0.0
 11
23.2651703419287
 21
110.383
 31
0.0
  0
LINE
  5
5A5
330
17
100
AcDbEntity
  8
隐藏线
100
AcDbLine
 10
23.2651703419287
 20
110.383
 30
0.0
 11
23.316357093686108
 21
110.383
 31
0.0
  0
LINE
  5
5A6
330
17
100
AcDbEntity
  8
隐藏线
100
AcDbLine
 10
23.337947991062357
 20
110.383
 30
0.0
 11
23.35689251403111
 21
110.383
 31
0.0
  0
LINE
  5
5A7
330
17
100
AcDbEntity
  8
隐藏线
100
AcDbLine
 10
23.35689251403111
 20
110.383
 30
0.0
 11
23.373115040271134
 21
110.383
 31
0.0
  0
LINE
  5
5A8
330
17
100
AcDbEntity
  8
隐藏线
100
AcDbLine
 10
52.89300000000003
 20
130.38299999999998
 30
0.0
 11
52.89300000000003
 21
120.383
 31
0.0
  0
LINE
  5
5A9
330
17
100
AcDbEntity
  8
隐藏线
100
AcDbLine
 10
52.89300000000003
 20
120.383
 30
0.0
 11
52.89300000000003
 21
110.383
 31
0.0
  0
LINE
  5
5AA
330
17
100
AcDbEntity
  8
隐藏线
100
AcDbLine
 10
52.89300000000003
 20
122.133
 30
0.0
 11
52.89300000000003
 21
122.39304477352847
 31
0.0
  0
LINE
  5
5AB
330
17
100
AcDbEntity
  8
隐藏线
100
AcDbLine
 10
52.89300000000003
 20
122.39304477352847
 30
0.0
 11
52.89300000000003
 21
122.6431558796037
 31
0.0
  0
LINE
  5
5AC
330
17
100
AcDbEntity
  8
隐藏线
100
AcDbLine
 10
52.89300000000003
 20
122.6431558796037
 30
0.0
 11
52.89300000000003
 21
122.88216480663452
 31
0.0
  0
LINE
  5
5AD
330
17
100
AcDbEntity
  8
隐藏线
100
AcDbLine
 10
52.89300000000003
 20
122.88216480663452
 30
0.0
 11
52.89300000000003
 21
123.10895152550766
 31
0.0
  0
LINE
  5
5AE
330
17
100
AcDbEntity
  8
隐藏线
100
AcDbLine
 10
52.89300000000003
 20
123.10895152550766
 30
0.0
 11
52.89300000000003
 21
123.32123368774488
 31
0.0
  0
LINE
  5
5AF
330
17
100
AcDbEntity
  8
隐藏线
100
AcDbLine
 10
52.89300000000003
 20
123.32123368774488
 30
0.0
 11
52.89300000000003
 21
123.51903432769397
 31
0.0
  0
LINE
  5
5B0
330
17
100
AcDbEntity
  8
隐藏线
100
AcDbLine
 10
52.89300000000003
 20
123.51903432769397
 30
0.0
 11
52.89300000000003
 21
123.70143035997428
 31
0.0
  0
LINE
  5
5B1
330
17
100
AcDbEntity
  8
隐藏线
100
AcDbLine
 10
52.89300000000003
 20
123.70143035997428
 30
0.0
 11
52.89300000000003
 21
123.86756597010303
 31
0.0
  0
LINE
  5
5B2
330
17
100
AcDbEntity
  8
隐藏线
100
AcDbLine
 10
52.89300000000003
 20
123.86756597010303
 30
0.0
 11
52.89300000000003
 21
124.01516050054197
 31
0.0
  0
LINE
  5
5B3
330
17
100
AcDbEntity
  8
隐藏线
100
AcDbLine
 10
52.89300000000003
 20
124.01516050054197
 30
0.0
 11
52.89300000000003
 21
124.14488024951073
 31
0.0
  0
LINE
  5
5B4
330
17
100
AcDbEntity
  8
隐藏线
100
AcDbLine
 10
52.89300000000003
 20
124.14488024951073
 30
0.0
 11
52.89300000000003
 21
124.25612115440914
 31
0.0
  0
LINE
  5
5B5
330
17
100
AcDbEntity
  8
隐藏线
100
AcDbLine
 10
52.89300000000003
 20
124.25612115440914
 30
0.0
 11
52.89300000000003
 21
124.34835984852104
 31
0.0
  0
LINE
  5
5B6
330
17
100
AcDbEntity
  8
隐藏线
100
AcDbLine
 10
52.89300000000003
 20
124.34835984852104
 30
0.0
 11
52.89300000000003
 21
124.41949919953511
 31
0.0
  0
LINE
  5
5B7
330
17
100
AcDbEntity
  8
隐藏线
100
AcDbLine
 10
52.89300000000003
 20
124.41949919953511
 30
0.0
 11
52.89300000000003
 21
124.47079564632737
 31
0.0
  0
LINE
  5
5B8
330
17
100
AcDbEntity
  8
隐藏线
100
AcDbLine
 10
52.89300000000003
 20
124.47079564632737
 30
0.0
 11
52.89300000000003
 21
124.502012310317
 31
0.0
  0
LINE
  5
5B9
330
17
100
AcDbEntity
  8
隐藏线
100
AcDbLine
 10
52.89300000000003
 20
124.34511256839697
 30
0.0
 11
52.89300000000003
 21
124.14335403325667
 31
0.0
  0
LINE
  5
5BA
330
17
100
AcDbEntity
  8
隐藏线
100
AcDbLine
 10
52.89300000000003
 20
124.14335403325667
 30
0.0
 11
52.89300000000003
 21
123.86756597010303
 31
0.0
  0
LINE
  5
5BB
330
17
100
AcDbEntity
  8
隐藏线
100
AcDbLine
 10
52.89300000000003
 20
123.86756597010303
 30
0.0
 11
52.89300000000003
 21
123.51772799993553
 31
0.0
  0
LINE
  5
5BC
330
17
100
AcDbEntity
  8
隐藏线
100
AcDbLine
 10
52.89300000000003
 20
123.51772799993553
 30
0.0
 11
52.89300000000003
 21
123.10671921153214
 31
0.0
  0
LINE
  5
5BD
330
17
100
AcDbEntity
  8
隐藏线
100
AcDbLine
 10
52.89300000000003
 20
123.10671921153214
 30
0.0
 11
52.89300000000003
 21
122.64225908263823
 31
0.0
  0
LINE
  5
5BE
330
17
100
AcDbEntity
  8
隐藏线
100
AcDbLine
 10
52.89300000000003
 20
122.64225908263823
 30
0.0
 11
52.89300000000003
 21
122.133
 31
0.0
  0
LINE
  5
5BF
330
17
100
AcDbEntity
  8
隐藏线
100
AcDbLine
 10
52.89300000000003
 20
118.633
 30
0.0
 11
52.89300000000003
 21
118.12374091736176
 31
0.0
  0
LINE
  5
5C0
330
17
100
AcDbEntity
  8
隐藏线
100
AcDbLine
 10
52.89300000000003
 20
118.12374091736176
 30
0.0
 11
52.89300000000003
 21
117.65928078846788
 31
0.0
  0
LINE
  5
5C1
330
17
100
AcDbEntity
  8
隐藏线
100
AcDbLine
 10
52.89300000000003
 20
117.65928078846788
 30
0.0
 11
52.89300000000003
 21
117.24827200006446
 31
0.0
  0
LINE
  5
5C2
330
17
100
AcDbEntity
  8
隐藏线
100
AcDbLine
 10
52.89300000000003
 20
117.24827200006446
 30
0.0
 11
52.89300000000003
 21
116.89843402989699
 31
0.0
  0
LINE
  5
5C3
330
17
100
AcDbEntity
  8
隐藏线
100
AcDbLine
 10
52.89300000000003
 20
116.89843402989699
 30
0.0
 11
52.89300000000003
 21
116.62264596674332
 31
0.0
  0
LINE
  5
5C4
330
17
100
AcDbEntity
  8
隐藏线
100
AcDbLine
 10
52.89300000000003
 20
116.62264596674332
 30
0.0
 11
52.89300000000003
 21
116.42088743160302
 31
0.0
  0
LINE
  5
5C5
330
17
100
AcDbEntity
  8
隐藏线
100
AcDbLine
 10
52.89300000000003
 20
116.42088743160302
 30
0.0
 11
52.89300000000003
 21
116.29688295681457
 31
0.0
  0
LINE
  5
5C6
330
17
100
AcDbEntity
  8
隐藏线
100
AcDbLine
 10
52.89300000000003
 20
116.29688295681457
 30
0.0
 11
52.89300000000003
 21
116.253
 31
0.0
  0
LINE
  5
5C7
330
17
100
AcDbEntity
  8
隐藏线
100
AcDbLine
 10
52.89300000000003
 20
116.34650080046491
 30
0.0
 11
52.89300000000003
 21
116.41764015147895
 31
0.0
  0
LINE
  5
5C8
330
17
100
AcDbEntity
  8
隐藏线
100
AcDbLine
 10
52.89300000000003
 20
116.41764015147895
 30
0.0
 11
52.89300000000003
 21
116.50987884559082
 31
0.0
  0
LINE
  5
5C9
330
17
100
AcDbEntity
  8
隐藏线
100
AcDbLine
 10
52.89300000000003
 20
116.50987884559082
 30
0.0
 11
52.89300000000003
 21
116.62111975048929
 31
0.0
  0
LINE
  5
5CA
330
17
100
AcDbEntity
  8
隐藏线
100
AcDbLine
 10
52.89300000000003
 20
116.62111975048929
 30
0.0
 11
52.89300000000003
 21
116.75083949945805
 31
0.0
  0
LINE
  5
5CB
330
17
100
AcDbEntity
  8
隐藏线
100
AcDbLine
 10
52.89300000000003
 20
116.75083949945805
 30
0.0
 11
52.89300000000003
 21
116.89843402989696
 31
0.0
  0
LINE
  5
5CC
330
17
100
AcDbEntity
  8
隐藏线
100
AcDbLine
 10
52.89300000000003
 20
116.89843402989696
 30
0.0
 11
52.89300000000003
 21
117.06456964002571
 31
0.0
  0
LINE
  5
5CD
330
17
100
AcDbEntity
  8
隐藏线
100
AcDbLine
 10
52.89300000000003
 20
117.06456964002571
 30
0.0
 11
52.89300000000003
 21
117.24696567230602
 31
0.0
  0
LINE
  5
5CE
330
17
100
AcDbEntity
  8
隐藏线
100
AcDbLine
 10
52.89300000000003
 20
117.24696567230602
 30
0.0
 11
52.89300000000003
 21
117.44476631225511
 31
0.0
  0
LINE
  5
5CF
330
17
100
AcDbEntity
  8
隐藏线
100
AcDbLine
 10
52.89300000000003
 20
117.44476631225511
 30
0.0
 11
52.89300000000003
 21
117.65704847449233
 31
0.0
  0
LINE
  5
5D0
330
17
100
AcDbEntity
  8
隐藏线
100
AcDbLine
 10
52.89300000000003
 20
117.65704847449233
 30
0.0
 11
52.89300000000003
 21
117.88383519336547
 31
0.0
  0
LINE
  5
5D1
330
17
100
AcDbEntity
  8
隐藏线
100
AcDbLine
 10
52.89300000000003
 20
117.88383519336547
 30
0.0
 11
52.89300000000003
 21
118.12284412039627
 31
0.0
  0
LINE
  5
5D2
330
17
100
AcDbEntity
  8
隐藏线
100
AcDbLine
 10
52.89300000000003
 20
118.12284412039627
 30
0.0
 11
52.89300000000003
 21
118.37295522647155
 31
0.0
  0
LINE
  5
5D3
330
17
100
AcDbEntity
  8
隐藏线
100
AcDbLine
 10
52.89300000000003
 20
118.37295522647155
 30
0.0
 11
52.89300000000003
 21
118.633
 31
0.0
  0
LINE
  5
5D4
330
17
100
AcDbEntity
  8
隐藏线
100
AcDbLine
 10
17.892999999999983
 20
116.253
 30
0.0
 11
17.892999999999983
 21
116.26398768968299
 31
0.0
  0
LINE
  5
5D5
330
17
100
AcDbEntity
  8
隐藏线
100
AcDbLine
 10
17.892999999999983
 20
116.29520435367262
 30
0.0
 11
17.892999999999983
 21
116.34650080046491
 31
0.0
  0
LINE
  5
5D6
330
17
100
AcDbEntity
  8
隐藏线
100
AcDbLine
 10
17.892999999999983
 20
116.34650080046491
 30
0.0
 11
17.892999999999983
 21
116.41764015147895
 31
0.0
  0
LINE
  5
5D7
330
17
100
AcDbEntity
  8
隐藏线
100
AcDbLine
 10
17.892999999999983
 20
116.41764015147895
 30
0.0
 11
17.892999999999983
 21
116.50987884559082
 31
0.0
  0
LINE
  5
5D8
330
17
100
AcDbEntity
  8
隐藏线
100
AcDbLine
 10
17.892999999999983
 20
116.50987884559082
 30
0.0
 11
17.892999999999983
 21
116.62111975048929
 31
0.0
  0
LINE
  5
5D9
330
17
100
AcDbEntity
  8
隐藏线
100
AcDbLine
 10
17.892999999999983
 20
116.62111975048929
 30
0.0
 11
17.892999999999983
 21
116.75083949945805
 31
0.0
  0
LINE
  5
5DA
330
17
100
AcDbEntity
  8
隐藏线
100
AcDbLine
 10
17.892999999999983
 20
116.75083949945805
 30
0.0
 11
17.892999999999983
 21
116.89843402989696
 31
0.0
  0
LINE
  5
5DB
330
17
100
AcDbEntity
  8
隐藏线
100
AcDbLine
 10
17.892999999999983
 20
116.89843402989696
 30
0.0
 11
17.892999999999983
 21
117.06456964002571
 31
0.0
  0
LINE
  5
5DC
330
17
100
AcDbEntity
  8
隐藏线
100
AcDbLine
 10
17.892999999999983
 20
117.06456964002571
 30
0.0
 11
17.892999999999983
 21
117.24696567230602
 31
0.0
  0
LINE
  5
5DD
330
17
100
AcDbEntity
  8
隐藏线
100
AcDbLine
 10
17.892999999999983
 20
117.24696567230602
 30
0.0
 11
17.892999999999983
 21
117.44476631225511
 31
0.0
  0
LINE
  5
5DE
330
17
100
AcDbEntity
  8
隐藏线
100
AcDbLine
 10
17.892999999999983
 20
117.44476631225511
 30
0.0
 11
17.892999999999983
 21
117.65704847449233
 31
0.0
  0
LINE
  5
5DF
330
17
100
AcDbEntity
  8
隐藏线
100
AcDbLine
 10
17.892999999999983
 20
117.65704847449233
 30
0.0
 11
17.892999999999983
 21
117.88383519336547
 31
0.0
  0
LINE
  5
5E0
330
17
100
AcDbEntity
  8
隐藏线
100
AcDbLine
 10
17.892999999999983
 20
117.88383519336547
 30
0.0
 11
17.892999999999983
 21
118.12284412039627
 31
0.0
  0
LINE
  5
5E1
330
17
100
AcDbEntity
  8
隐藏线
100
AcDbLine
 10
17.892999999999983
 20
118.12284412039627
 30
0.0
 11
17.892999999999983
 21
118.37295522647155
 31
0.0
  0
LINE
  5
5E2
330
17
100
AcDbEntity
  8
隐藏线
100
AcDbLine
 10
17.892999999999983
 20
118.37295522647155
 30
0.0
 11
17.892999999999983
 21
118.633
 31
0.0
  0
LINE
  5
5E3
330
17
100
AcDbEntity
  8
隐藏线
100
AcDbLine
 10
17.892999999999983
 20
124.51299999999999
 30
0.0
 11
17.892999999999983
 21
124.46911704318542
 31
0.0
  0
LINE
  5
5E4
330
17
100
AcDbEntity
  8
隐藏线
100
AcDbLine
 10
17.892999999999983
 20
124.46911704318542
 30
0.0
 11
17.892999999999983
 21
124.34511256839697
 31
0.0
  0
LINE
  5
5E5
330
17
100
AcDbEntity
  8
隐藏线
100
AcDbLine
 10
17.892999999999983
 20
124.34511256839697
 30
0.0
 11
17.892999999999983
 21
124.14335403325667
 31
0.0
  0
LINE
  5
5E6
330
17
100
AcDbEntity
  8
隐藏线
100
AcDbLine
 10
17.892999999999983
 20
124.14335403325667
 30
0.0
 11
17.892999999999983
 21
123.86756597010303
 31
0.0
  0
LINE
  5
5E7
330
17
100
AcDbEntity
  8
隐藏线
100
AcDbLine
 10
17.892999999999983
 20
123.86756597010303
 30
0.0
 11
17.892999999999983
 21
123.51772799993553
 31
0.0
  0
LINE
  5
5E8
330
17
100
AcDbEntity
  8
隐藏线
100
AcDbLine
 10
17.892999999999983
 20
123.51772799993553
 30
0.0
 11
17.892999999999983
 21
123.10671921153214
 31
0.0
  0
LINE
  5
5E9
330
17
100
AcDbEntity
  8
隐藏线
100
AcDbLine
 10
17.892999999999983
 20
123.10671921153214
 30
0.0
 11
17.892999999999983
 21
122.64225908263823
 31
0.0
  0
LINE
  5
5EA
330
17
100
AcDbEntity
  8
隐藏线
100
AcDbLine
 10
17.892999999999983
 20
122.64225908263823
 30
0.0
 11
17.892999999999983
 21
122.133
 31
0.0
  0
LINE
  5
5EB
330
17
100
AcDbEntity
  8
隐藏线
100
AcDbLine
 10
17.892999999999983
 20
118.633
 30
0.0
 11
17.892999999999983
 21
118.12374091736176
 31
0.0
  0
LINE
  5
5EC
330
17
100
AcDbEntity
  8
隐藏线
100
AcDbLine
 10
17.892999999999983
 20
118.12374091736176
 30
0.0
 11
17.892999999999983
 21
117.65928078846788
 31
0.0
  0
LINE
  5
5ED
330
17
100
AcDbEntity
  8
隐藏线
100
AcDbLine
 10
17.892999999999983
 20
117.65928078846788
 30
0.0
 11
17.892999999999983
 21
117.24827200006446
 31
0.0
  0
LINE
  5
5EE
330
17
100
AcDbEntity
  8
隐藏线
100
AcDbLine
 10
17.892999999999983
 20
117.24827200006446
 30
0.0
 11
17.892999999999983
 21
116.89843402989699
 31
0.0
  0
LINE
  5
5EF
330
17
100
AcDbEntity
  8
隐藏线
100
AcDbLine
 10
17.892999999999983
 20
116.89843402989699
 30
0.0
 11
17.892999999999983
 21
116.62264596674332
 31
0.0
  0
LINE
  5
5F0
330
17
100
AcDbEntity
  8
隐藏线
100
AcDbLine
 10
17.892999999999983
 20
116.62264596674332
 30
0.0
 11
17.892999999999983
 21
116.42088743160302
 31
0.0
  0
LINE
  5
5F1
330
17
100
AcDbEntity
  8
隐藏线
100
AcDbLine
 10
17.892999999999983
 20
122.133
 30
0.0
 11
17.892999999999983
 21
122.39304477352847
 31
0.0
  0
LINE
  5
5F2
330
17
100
AcDbEntity
  8
隐藏线
100
AcDbLine
 10
17.892999999999983
 20
122.39304477352847
 30
0.0
 11
17.892999999999983
 21
122.6431558796037
 31
0.0
  0
LINE
  5
5F3
330
17
100
AcDbEntity
  8
隐藏线
100
AcDbLine
 10
17.892999999999983
 20
122.6431558796037
 30
0.0
 11
17.892999999999983
 21
122.88216480663452
 31
0.0
  0
LINE
  5
5F4
330
17
100
AcDbEntity
  8
隐藏线
100
AcDbLine
 10
17.892999999999983
 20
122.88216480663452
 30
0.0
 11
17.892999999999983
 21
123.10895152550766
 31
0.0
  0
LINE
  5
5F5
330
17
100
AcDbEntity
  8
隐藏线
100
AcDbLine
 10
17.892999999999983
 20
123.10895152550766
 30
0.0
 11
17.892999999999983
 21
123.32123368774488
 31
0.0
  0
LINE
  5
5F6
330
17
100
AcDbEntity
  8
隐藏线
100
AcDbLine
 10
17.892999999999983
 20
123.32123368774488
 30
0.0
 11
17.892999999999983
 21
123.51903432769397
 31
0.0
  0
LINE
  5
5F7
330
17
100
AcDbEntity
  8
隐藏线
100
AcDbLine
 10
17.892999999999983
 20
123.51903432769397
 30
0.0
 11
17.892999999999983
 21
123.70143035997428
 31
0.0
  0
LINE
  5
5F8
330
17
100
AcDbEntity
  8
隐藏线
100
AcDbLine
 10
17.892999999999983
 20
123.70143035997428
 30
0.0
 11
17.892999999999983
 21
123.86756597010303
 31
0.0
  0
LINE
  5
5F9
330
17
100
AcDbEntity
  8
隐藏线
100
AcDbLine
 10
17.892999999999983
 20
123.86756597010303
 30
0.0
 11
17.892999999999983
 21
124.01516050054197
 31
0.0
  0
LINE
  5
5FA
330
17
100
AcDbEntity
  8
隐藏线
100
AcDbLine
 10
17.892999999999983
 20
124.01516050054197
 30
0.0
 11
17.892999999999983
 21
124.14488024951073
 31
0.0
  0
LINE
  5
5FB
330
17
100
AcDbEntity
  8
隐藏线
100
AcDbLine
 10
17.892999999999983
 20
124.14488024951073
 30
0.0
 11
17.892999999999983
 21
124.25612115440914
 31
0.0
  0
LINE
  5
5FC
330
17
100
AcDbEntity
  8
隐藏线
100
AcDbLine
 10
17.892999999999983
 20
124.25612115440914
 30
0.0
 11
17.892999999999983
 21
124.34835984852104
 31
0.0
  0
LINE
  5
5FD
330
17
100
AcDbEntity
  8
隐藏线
100
AcDbLine
 10
17.892999999999983
 20
124.34835984852104
 30
0.0
 11
17.892999999999983
 21
124.41949919953511
 31
0.0
  0
LINE
  5
5FE
330
17
100
AcDbEntity
  8
隐藏线
100
AcDbLine
 10
17.892999999999983
 20
130.38299999999998
 30
0.0
 11
17.892999999999983
 21
120.383
 31
0.0
  0
LINE
  5
5FF
330
17
100
AcDbEntity
  8
隐藏线
100
AcDbLine
 10
17.892999999999983
 20
120.383
 30
0.0
 11
17.892999999999983
 21
110.383
 31
0.0
  0
LINE
  5
600
330
17
100
AcDbEntity
  8
隐藏线
100
AcDbLine
 10
26.4562022441552
 20
110.383
 30
0.0
 11
26.296683442068417
 21
110.383
 31
0.0
  0
LINE
  5
601
330
17
100
AcDbEntity
  8
隐藏线
100
AcDbLine
 10
26.296683442068417
 20
110.383
 30
0.0
 11
26.107505523831925
 21
110.383
 31
0.0
  0
LINE
  5
602
330
17
100
AcDbEntity
  8
隐藏线
100
AcDbLine
 10
26.107505523831925
 20
110.383
 30
0.0
 11
25.889120047584214
 21
110.383
 31
0.0
  0
LINE
  5
603
330
17
100
AcDbEntity
  8
隐藏线
100
AcDbLine
 10
25.889120047584214
 20
110.383
 30
0.0
 11
25.642043307200268
 21
110.383
 31
0.0
  0
LINE
  5
604
330
17
100
AcDbEntity
  8
隐藏线
100
AcDbLine
 10
25.642043307200268
 20
110.383
 30
0.0
 11
25.36458390376276
 21
110.383
 31
0.0
  0
LINE
  5
605
330
17
100
AcDbEntity
  8
隐藏线
100
AcDbLine
 10
25.36458390376276
 20
110.383
 30
0.0
 11
25.059803282488737
 21
110.383
 31
0.0
  0
LINE
  5
606
330
17
100
AcDbEntity
  8
隐藏线
100
AcDbLine
 10
25.059803282488737
 20
110.383
 30
0.0
 11
24.728427319650045
 21
110.383
 31
0.0
  0
LINE
  5
607
330
17
100
AcDbEntity
  8
隐藏线
100
AcDbLine
 10
24.728427319650045
 20
110.383
 30
0.0
 11
24.3712408375291
 21
110.383
 31
0.0
  0
LINE
  5
608
330
17
100
AcDbEntity
  8
隐藏线
100
AcDbLine
 10
24.3712408375291
 20
110.383
 30
0.0
 11
23.987104016525567
 21
110.383
 31
0.0
  0
LINE
  5
609
330
17
100
AcDbEntity
  8
隐藏线
100
AcDbLine
 10
23.987104016525567
 20
110.383
 30
0.0
 11
23.57909295319668
 21
110.383
 31
0.0
  0
LINE
  5
60A
330
17
100
AcDbEntity
  8
隐藏线
100
AcDbLine
 10
23.57909295319668
 20
110.383
 30
0.0
 11
23.148178375734737
 21
110.383
 31
0.0
  0
LINE
  5
60B
330
17
100
AcDbEntity
  8
隐藏线
100
AcDbLine
 10
23.148178375734737
 20
110.383
 30
0.0
 11
22.69538177576301
 21
110.383
 31
0.0
  0
LINE
  5
60C
330
17
100
AcDbEntity
  8
隐藏线
100
AcDbLine
 10
22.69538177576301
 20
110.383
 30
0.0
 11
22.220161182821712
 21
110.383
 31
0.0
  0
LINE
  5
60D
330
17
100
AcDbEntity
  8
隐藏线
100
AcDbLine
 10
22.220161182821712
 20
110.383
 30
0.0
 11
21.72548247378053
 21
110.383
 31
0.0
  0
LINE
  5
60E
330
17
100
AcDbEntity
  8
隐藏线
100
AcDbLine
 10
21.72548247378053
 20
110.383
 30
0.0
 11
21.21252182302328
 21
110.383
 31
0.0
  0
LINE
  5
60F
330
17
100
AcDbEntity
  8
隐藏线
100
AcDbLine
 10
21.21252182302328
 20
110.383
 30
0.0
 11
20.68249592509509
 21
110.383
 31
0.0
  0
LINE
  5
610
330
17
100
AcDbEntity
  8
隐藏线
100
AcDbLine
 10
25.582156699693492
 20
118.633
 30
0.0
 11
25.451964048996384
 21
118.633
 31
0.0
  0
LINE
  5
611
330
17
100
AcDbEntity
  8
隐藏线
100
AcDbLine
 10
25.451964048996384
 20
118.633
 30
0.0
 11
25.31563580200949
 21
118.633
 31
0.0
  0
LINE
  5
612
330
17
100
AcDbEntity
  8
隐藏线
100
AcDbLine
 10
25.31563580200949
 20
118.633
 30
0.0
 11
25.173244142031216
 21
118.633
 31
0.0
  0
LINE
  5
613
330
17
100
AcDbEntity
  8
隐藏线
100
AcDbLine
 10
25.173244142031216
 20
118.633
 30
0.0
 11
25.02486424435606
 21
118.633
 31
0.0
  0
LINE
  5
614
330
17
100
AcDbEntity
  8
隐藏线
100
AcDbLine
 10
25.02486424435606
 20
118.633
 30
0.0
 11
24.870090590455185
 21
118.633
 31
0.0
  0
LINE
  5
615
330
17
100
AcDbEntity
  8
隐藏线
100
AcDbLine
 10
24.870090590455185
 20
118.633
 30
0.0
 11
24.709504998908606
 21
118.633
 31
0.0
  0
LINE
  5
616
330
17
100
AcDbEntity
  8
隐藏线
100
AcDbLine
 10
24.709504998908606
 20
118.633
 30
0.0
 11
24.543192471888773
 21
118.633
 31
0.0
  0
LINE
  5
617
330
17
100
AcDbEntity
  8
隐藏线
100
AcDbLine
 10
24.543192471888773
 20
118.633
 30
0.0
 11
24.3712408375291
 21
118.633
 31
0.0
  0
LINE
  5
618
330
17
100
AcDbEntity
  8
隐藏线
100
AcDbLine
 10
24.3712408375291
 20
118.633
 30
0.0
 11
24.086702330880208
 21
118.633
 31
0.0
  0
LINE
  5
619
330
17
100
AcDbEntity
  8
隐藏线
100
AcDbLine
 10
24.086702330880208
 20
118.633
 30
0.0
 11
23.78868835745729
 21
118.633
 31
0.0
  0
LINE
  5
61A
330
17
100
AcDbEntity
  8
隐藏线
100
AcDbLine
 10
23.78868835745729
 20
118.633
 30
0.0
 11
23.477594621995813
 21
118.633
 31
0.0
  0
LINE
  5
61B
330
17
100
AcDbEntity
  8
隐藏线
100
AcDbLine
 10
23.477594621995813
 20
118.633
 30
0.0
 11
23.153833015075385
 21
118.633
 31
0.0
  0
LINE
  5
61C
330
17
100
AcDbEntity
  8
隐藏线
100
AcDbLine
 10
23.153833015075385
 20
118.633
 30
0.0
 11
22.816859491427113
 21
118.633
 31
0.0
  0
LINE
  5
61D
330
17
100
AcDbEntity
  8
隐藏线
100
AcDbLine
 10
22.816859491427113
 20
118.633
 30
0.0
 11
22.46818168953838
 21
118.633
 31
0.0
  0
LINE
  5
61E
330
17
100
AcDbEntity
  8
隐藏线
100
AcDbLine
 10
22.46818168953838
 20
118.633
 30
0.0
 11
22.10826240635535
 21
118.633
 31
0.0
  0
LINE
  5
61F
330
17
100
AcDbEntity
  8
隐藏线
100
AcDbLine
 10
22.10826240635535
 20
118.633
 30
0.0
 11
21.73757834984674
 21
118.633
 31
0.0
  0
LINE
  5
620
330
17
100
AcDbEntity
  8
隐藏线
100
AcDbLine
 10
21.350269368190634
 20
118.633
 30
0.0
 11
21.218920304234622
 21
118.633
 31
0.0
  0
LINE
  5
621
330
17
100
AcDbEntity
  8
隐藏线
100
AcDbLine
 10
21.218920304234622
 20
118.633
 30
0.0
 11
21.08639262500632
 21
118.633
 31
0.0
  0
LINE
  5
622
330
17
100
AcDbEntity
  8
隐藏线
100
AcDbLine
 10
21.08639262500632
 20
118.633
 30
0.0
 11
20.952799121137012
 21
118.633
 31
0.0
  0
LINE
  5
623
330
17
100
AcDbEntity
  8
隐藏线
100
AcDbLine
 10
20.952799121137012
 20
118.633
 30
0.0
 11
20.818160076999344
 21
118.633
 31
0.0
  0
LINE
  5
624
330
17
100
AcDbEntity
  8
隐藏线
100
AcDbLine
 10
20.818160076999344
 20
118.633
 30
0.0
 11
20.68249592509509
 21
118.633
 31
0.0
  0
LINE
  5
625
330
17
100
AcDbEntity
  8
隐藏线
100
AcDbLine
 10
26.258220756294456
 20
120.383
 30
0.0
 11
26.255625121959575
 21
120.20995800615027
 31
0.0
  0
LINE
  5
626
330
17
100
AcDbEntity
  8
隐藏线
100
AcDbLine
 10
26.255625121959575
 20
120.20995800615027
 30
0.0
 11
26.2478142257769
 21
120.03808196941692
 31
0.0
  0
LINE
  5
627
330
17
100
AcDbEntity
  8
隐藏线
100
AcDbLine
 10
26.2478142257769
 20
120.03808196941692
 30
0.0
 11
26.23483439941356
 21
119.87063682991995
 31
0.0
  0
LINE
  5
628
330
17
100
AcDbEntity
  8
隐藏线
100
AcDbLine
 10
26.23483439941356
 20
119.87063682991995
 30
0.0
 11
26.21667314441256
 21
119.70903741612848
 31
0.0
  0
LINE
  5
629
330
17
100
AcDbEntity
  8
隐藏线
100
AcDbLine
 10
26.21667314441256
 20
119.70903741612848
 30
0.0
 11
26.193142108122743
 21
119.55357424761216
 31
0.0
  0
LINE
  5
62A
330
17
100
AcDbEntity
  8
隐藏线
100
AcDbLine
 10
26.193142108122743
 20
119.55357424761216
 30
0.0
 11
26.16435792405519
 21
119.40672006555904
 31
0.0
  0
LINE
  5
62B
330
17
100
AcDbEntity
  8
隐藏线
100
AcDbLine
 10
26.16435792405519
 20
119.40672006555904
 30
0.0
 11
26.130536367566314
 21
119.27077885860992
 31
0.0
  0
LINE
  5
62C
330
17
100
AcDbEntity
  8
隐藏线
100
AcDbLine
 10
26.130536367566314
 20
119.27077885860992
 30
0.0
 11
26.091406431691595
 21
119.14557090572931
 31
0.0
  0
LINE
  5
62D
330
17
100
AcDbEntity
  8
隐藏线
100
AcDbLine
 10
26.091406431691595
 20
119.14557090572931
 30
0.0
 11
26.04443641693318
 21
119.0263920907549
 31
0.0
  0
LINE
  5
62E
330
17
100
AcDbEntity
  8
隐藏线
100
AcDbLine
 10
26.04443641693318
 20
119.0263920907549
 30
0.0
 11
25.99234637942198
 21
118.92275989272575
 31
0.0
  0
LINE
  5
62F
330
17
100
AcDbEntity
  8
隐藏线
100
AcDbLine
 10
25.99234637942198
 20
118.92275989272575
 30
0.0
 11
25.934849132771596
 21
118.83420177113423
 31
0.0
  0
LINE
  5
630
330
17
100
AcDbEntity
  8
隐藏线
100
AcDbLine
 10
25.934849132771596
 20
118.83420177113423
 30
0.0
 11
25.872299695801438
 21
118.7613367401592
 31
0.0
  0
LINE
  5
631
330
17
100
AcDbEntity
  8
隐藏线
100
AcDbLine
 10
25.872299695801438
 20
118.7613367401592
 30
0.0
 11
25.805496892335327
 21
118.70502732973877
 31
0.0
  0
LINE
  5
632
330
17
100
AcDbEntity
  8
隐藏线
100
AcDbLine
 10
25.805496892335327
 20
118.70502732973877
 30
0.0
 11
25.73462217912602
 21
118.66494141123529
 31
0.0
  0
LINE
  5
633
330
17
100
AcDbEntity
  8
隐藏线
100
AcDbLine
 10
25.73462217912602
 20
118.66494141123529
 30
0.0
 11
25.660049624598024
 21
118.64096766898
 31
0.0
  0
LINE
  5
634
330
17
100
AcDbEntity
  8
隐藏线
100
AcDbLine
 10
25.660049624598024
 20
118.64096766898
 30
0.0
 11
25.582156699693492
 21
118.633
 31
0.0
  0
LINE
  5
635
330
17
100
AcDbEntity
  8
隐藏线
100
AcDbLine
 10
25.582156699693492
 20
122.133
 30
0.0
 11
25.451964048996384
 21
122.133
 31
0.0
  0
LINE
  5
636
330
17
100
AcDbEntity
  8
隐藏线
100
AcDbLine
 10
25.451964048996384
 20
122.133
 30
0.0
 11
25.31563580200949
 21
122.133
 31
0.0
  0
LINE
  5
637
330
17
100
AcDbEntity
  8
隐藏线
100
AcDbLine
 10
25.31563580200949
 20
122.133
 30
0.0
 11
25.173244142031216
 21
122.133
 31
0.0
  0
LINE
  5
638
330
17
100
AcDbEntity
  8
隐藏线
100
AcDbLine
 10
25.173244142031216
 20
122.133
 30
0.0
 11
25.02486424435606
 21
122.133
 31
0.0
  0
LINE
  5
639
330
17
100
AcDbEntity
  8
隐藏线
100
AcDbLine
 10
25.02486424435606
 20
122.133
 30
0.0
 11
24.870090590455185
 21
122.133
 31
0.0
  0
LINE
  5
63A
330
17
100
AcDbEntity
  8
隐藏线
100
AcDbLine
 10
24.870090590455185
 20
122.133
 30
0.0
 11
24.709504998908606
 21
122.133
 31
0.0
  0
LINE
  5
63B
330
17
100
AcDbEntity
  8
隐藏线
100
AcDbLine
 10
24.709504998908606
 20
122.133
 30
0.0
 11
24.543192471888773
 21
122.133
 31
0.0
  0
LINE
  5
63C
330
17
100
AcDbEntity
  8
隐藏线
100
AcDbLine
 10
24.543192471888773
 20
122.133
 30
0.0
 11
24.3712408375291
 21
122.133
 31
0.0
  0
LINE
  5
63D
330
17
100
AcDbEntity
  8
隐藏线
100
AcDbLine
 10
24.3712408375291
 20
122.133
 30
0.0
 11
24.086702330880208
 21
122.133
 31
0.0
  0
LINE
  5
63E
330
17
100
AcDbEntity
  8
隐藏线
100
AcDbLine
 10
24.086702330880208
 20
122.133
 30
0.0
 11
23.78868835745729
 21
122.133
 31
0.0
  0
LINE
  5
63F
330
17
100
AcDbEntity
  8
隐藏线
100
AcDbLine
 10
23.78868835745729
 20
122.133
 30
0.0
 11
23.477594621995813
 21
122.133
 31
0.0
  0
LINE
  5
640
330
17
100
AcDbEntity
  8
隐藏线
100
AcDbLine
 10
23.477594621995813
 20
122.133
 30
0.0
 11
23.153833015075385
 21
122.133
 31
0.0
  0
LINE
  5
641
330
17
100
AcDbEntity
  8
隐藏线
100
AcDbLine
 10
23.153833015075385
 20
122.133
 30
0.0
 11
22.816859491427113
 21
122.133
 31
0.0
  0
LINE
  5
642
330
17
100
AcDbEntity
  8
隐藏线
100
AcDbLine
 10
22.816859491427113
 20
122.133
 30
0.0
 11
22.46818168953838
 21
122.133
 31
0.0
  0
LINE
  5
643
330
17
100
AcDbEntity
  8
隐藏线
100
AcDbLine
 10
22.46818168953838
 20
122.133
 30
0.0
 11
22.10826240635535
 21
122.133
 31
0.0
  0
LINE
  5
644
330
17
100
AcDbEntity
  8
隐藏线
100
AcDbLine
 10
22.10826240635535
 20
122.133
 30
0.0
 11
21.73757834984674
 21
122.133
 31
0.0
  0
LINE
  5
645
330
17
100
AcDbEntity
  8
隐藏线
100
AcDbLine
 10
21.350269368190634
 20
122.133
 30
0.0
 11
21.218920304234622
 21
122.133
 31
0.0
  0
LINE
  5
646
330
17
100
AcDbEntity
  8
隐藏线
100
AcDbLine
 10
21.218920304234622
 20
122.133
 30
0.0
 11
21.08639262500632
 21
122.133
 31
0.0
  0
LINE
  5
647
330
17
100
AcDbEntity
  8
隐藏线
100
AcDbLine
 10
21.08639262500632
 20
122.133
 30
0.0
 11
20.952799121137012
 21
122.133
 31
0.0
  0
LINE
  5
648
330
17
100
AcDbEntity
  8
隐藏线
100
AcDbLine
 10
20.952799121137012
 20
122.133
 30
0.0
 11
20.818160076999344
 21
122.133
 31
0.0
  0
LINE
  5
649
330
17
100
AcDbEntity
  8
隐藏线
100
AcDbLine
 10
20.818160076999344
 20
122.133
 30
0.0
 11
20.68249592509509
 21
122.133
 31
0.0
  0
LINE
  5
64A
330
17
100
AcDbEntity
  8
隐藏线
100
AcDbLine
 10
20.682495925095093
 20
130.38299999999998
 30
0.0
 11
21.21252182302328
 21
130.38299999999998
 31
0.0
  0
LINE
  5
64B
330
17
100
AcDbEntity
  8
隐藏线
100
AcDbLine
 10
21.21252182302328
 20
130.38299999999998
 30
0.0
 11
21.72548247378053
 21
130.38299999999998
 31
0.0
  0
LINE
  5
64C
330
17
100
AcDbEntity
  8
隐藏线
100
AcDbLine
 10
21.72548247378053
 20
130.38299999999998
 30
0.0
 11
22.220161182821716
 21
130.38299999999998
 31
0.0
  0
LINE
  5
64D
330
17
100
AcDbEntity
  8
隐藏线
100
AcDbLine
 10
22.220161182821716
 20
130.38299999999998
 30
0.0
 11
22.69538177576301
 21
130.38299999999998
 31
0.0
  0
LINE
  5
64E
330
17
100
AcDbEntity
  8
隐藏线
100
AcDbLine
 10
22.69538177576301
 20
130.38299999999998
 30
0.0
 11
23.148178375734737
 21
130.38299999999998
 31
0.0
  0
LINE
  5
64F
330
17
100
AcDbEntity
  8
隐藏线
100
AcDbLine
 10
23.148178375734737
 20
130.38299999999998
 30
0.0
 11
23.579092953196685
 21
130.38299999999998
 31
0.0
  0
LINE
  5
650
330
17
100
AcDbEntity
  8
隐藏线
100
AcDbLine
 10
23.579092953196685
 20
130.38299999999998
 30
0.0
 11
23.98710401652557
 21
130.38299999999998
 31
0.0
  0
LINE
  5
651
330
17
100
AcDbEntity
  8
隐藏线
100
AcDbLine
 10
23.98710401652557
 20
130.38299999999998
 30
0.0
 11
24.3712408375291
 21
130.38299999999998
 31
0.0
  0
LINE
  5
652
330
17
100
AcDbEntity
  8
隐藏线
100
AcDbLine
 10
24.3712408375291
 20
130.38299999999998
 30
0.0
 11
24.728427319650045
 21
130.38299999999998
 31
0.0
  0
LINE
  5
653
330
17
100
AcDbEntity
  8
隐藏线
100
AcDbLine
 10
24.728427319650045
 20
130.38299999999998
 30
0.0
 11
25.059803282488744
 21
130.38299999999998
 31
0.0
  0
LINE
  5
654
330
17
100
AcDbEntity
  8
隐藏线
100
AcDbLine
 10
25.059803282488744
 20
130.38299999999998
 30
0.0
 11
25.364583903762764
 21
130.38299999999998
 31
0.0
  0
LINE
  5
655
330
17
100
AcDbEntity
  8
隐藏线
100
AcDbLine
 10
25.364583903762764
 20
130.38299999999998
 30
0.0
 11
25.642043307200275
 21
130.38299999999998
 31
0.0
  0
LINE
  5
656
330
17
100
AcDbEntity
  8
隐藏线
100
AcDbLine
 10
25.642043307200275
 20
130.38299999999998
 30
0.0
 11
25.889120047584214
 21
130.38299999999998
 31
0.0
  0
LINE
  5
657
330
17
100
AcDbEntity
  8
隐藏线
100
AcDbLine
 10
25.889120047584214
 20
130.38299999999998
 30
0.0
 11
26.10750552383193
 21
130.38299999999998
 31
0.0
  0
LINE
  5
658
330
17
100
AcDbEntity
  8
隐藏线
100
AcDbLine
 10
26.10750552383193
 20
130.38299999999998
 30
0.0
 11
26.29668344206842
 21
130.38299999999998
 31
0.0
  0
LINE
  5
659
330
17
100
AcDbEntity
  8
隐藏线
100
AcDbLine
 10
26.29668344206842
 20
130.38299999999998
 30
0.0
 11
26.456202244155207
 21
130.38299999999998
 31
0.0
  0
LINE
  5
65A
330
17
100
AcDbEntity
  8
隐藏线
100
AcDbLine
 10
19.99299999999998
 20
130.38299999999998
 30
0.0
 11
19.99299999999998
 21
120.383
 31
0.0
  0
LINE
  5
65B
330
17
100
AcDbEntity
  8
隐藏线
100
AcDbLine
 10
19.99299999999998
 20
120.383
 30
0.0
 11
19.99299999999998
 21
110.383
 31
0.0
  0
LINE
  5
65C
330
17
100
AcDbEntity
  8
隐藏线
100
AcDbLine
 10
19.99300000000003
 20
124.51299999999999
 30
0.0
 11
19.99300000000003
 21
124.502012310317
 31
0.0
  0
LINE
  5
65D
330
17
100
AcDbEntity
  8
隐藏线
100
AcDbLine
 10
19.99300000000003
 20
124.47079564632737
 30
0.0
 11
19.99300000000003
 21
124.41949919953511
 31
0.0
  0
LINE
  5
65E
330
17
100
AcDbEntity
  8
隐藏线
100
AcDbLine
 10
19.99300000000003
 20
124.41949919953511
 30
0.0
 11
19.99300000000003
 21
124.34835984852101
 31
0.0
  0
LINE
  5
65F
330
17
100
AcDbEntity
  8
隐藏线
100
AcDbLine
 10
19.99300000000003
 20
124.34835984852101
 30
0.0
 11
19.99300000000003
 21
124.25612115440917
 31
0.0
  0
LINE
  5
660
330
17
100
AcDbEntity
  8
隐藏线
100
AcDbLine
 10
19.99300000000003
 20
124.25612115440917
 30
0.0
 11
19.99300000000003
 21
124.14488024951073
 31
0.0
  0
LINE
  5
661
330
17
100
AcDbEntity
  8
隐藏线
100
AcDbLine
 10
19.99300000000003
 20
124.14488024951073
 30
0.0
 11
19.99300000000003
 21
124.01516050054197
 31
0.0
  0
LINE
  5
662
330
17
100
AcDbEntity
  8
隐藏线
100
AcDbLine
 10
19.99300000000003
 20
124.01516050054197
 30
0.0
 11
19.99300000000003
 21
123.86756597010303
 31
0.0
  0
LINE
  5
663
330
17
100
AcDbEntity
  8
隐藏线
100
AcDbLine
 10
19.99300000000003
 20
123.86756597010303
 30
0.0
 11
19.99300000000003
 21
123.70143035997428
 31
0.0
  0
LINE
  5
664
330
17
100
AcDbEntity
  8
隐藏线
100
AcDbLine
 10
19.99300000000003
 20
123.70143035997428
 30
0.0
 11
19.99300000000003
 21
123.51903432769397
 31
0.0
  0
LINE
  5
665
330
17
100
AcDbEntity
  8
隐藏线
100
AcDbLine
 10
19.99300000000003
 20
123.51903432769397
 30
0.0
 11
19.99300000000003
 21
123.32123368774488
 31
0.0
  0
LINE
  5
666
330
17
100
AcDbEntity
  8
隐藏线
100
AcDbLine
 10
19.99300000000003
 20
123.32123368774488
 30
0.0
 11
19.99300000000003
 21
123.10895152550766
 31
0.0
  0
LINE
  5
667
330
17
100
AcDbEntity
  8
隐藏线
100
AcDbLine
 10
19.99300000000003
 20
123.10895152550766
 30
0.0
 11
19.99300000000003
 21
122.88216480663455
 31
0.0
  0
LINE
  5
668
330
17
100
AcDbEntity
  8
隐藏线
100
AcDbLine
 10
19.99300000000003
 20
122.88216480663455
 30
0.0
 11
19.99300000000003
 21
122.64315587960373
 31
0.0
  0
LINE
  5
669
330
17
100
AcDbEntity
  8
隐藏线
100
AcDbLine
 10
19.99300000000003
 20
122.64315587960373
 30
0.0
 11
19.99300000000003
 21
122.39304477352844
 31
0.0
  0
LINE
  5
66A
330
17
100
AcDbEntity
  8
隐藏线
100
AcDbLine
 10
19.99300000000003
 20
122.39304477352844
 30
0.0
 11
19.99300000000003
 21
122.133
 31
0.0
  0
LINE
  5
66B
330
17
100
AcDbEntity
  8
隐藏线
100
AcDbLine
 10
19.99300000000003
 20
116.253
 30
0.0
 11
19.99300000000003
 21
116.33715293530203
 31
0.0
  0
LINE
  5
66C
330
17
100
AcDbEntity
  8
隐藏线
100
AcDbLine
 10
19.99300000000003
 20
116.33715293530203
 30
0.0
 11
19.99300000000003
 21
116.57338021069474
 31
0.0
  0
LINE
  5
66D
330
17
100
AcDbEntity
  8
隐藏线
100
AcDbLine
 10
19.99300000000003
 20
116.57338021069474
 30
0.0
 11
19.99300000000003
 21
116.95303078724213
 31
0.0
  0
LINE
  5
66E
330
17
100
AcDbEntity
  8
隐藏线
100
AcDbLine
 10
19.99300000000003
 20
116.95303078724213
 30
0.0
 11
19.99300000000003
 21
117.46264899369955
 31
0.0
  0
LINE
  5
66F
330
17
100
AcDbEntity
  8
隐藏线
100
AcDbLine
 10
19.99300000000003
 20
117.46264899369955
 30
0.0
 11
19.99300000000003
 21
118.0912774225746
 31
0.0
  0
LINE
  5
670
330
17
100
AcDbEntity
  8
隐藏线
100
AcDbLine
 10
19.99300000000003
 20
118.0912774225746
 30
0.0
 11
19.99300000000003
 21
118.80500381578481
 31
0.0
  0
LINE
  5
671
330
17
100
AcDbEntity
  8
隐藏线
100
AcDbLine
 10
19.99300000000003
 20
118.80500381578481
 30
0.0
 11
19.99300000000003
 21
119.57813808549365
 31
0.0
  0
LINE
  5
672
330
17
100
AcDbEntity
  8
隐藏线
100
AcDbLine
 10
19.99300000000003
 20
119.57813808549365
 30
0.0
 11
19.99300000000003
 21
120.383
 31
0.0
  0
LINE
  5
673
330
17
100
AcDbEntity
  8
隐藏线
100
AcDbLine
 10
19.99300000000003
 20
120.383
 30
0.0
 11
19.99300000000003
 21
121.18786191450634
 31
0.0
  0
LINE
  5
674
330
17
100
AcDbEntity
  8
隐藏线
100
AcDbLine
 10
19.99300000000003
 20
121.18786191450634
 30
0.0
 11
19.99300000000003
 21
121.96099618421518
 31
0.0
  0
LINE
  5
675
330
17
100
AcDbEntity
  8
隐藏线
100
AcDbLine
 10
19.99300000000003
 20
121.96099618421518
 30
0.0
 11
19.99300000000003
 21
122.67472257742538
 31
0.0
  0
LINE
  5
676
330
17
100
AcDbEntity
  8
隐藏线
100
AcDbLine
 10
19.99300000000003
 20
122.67472257742538
 30
0.0
 11
19.99300000000003
 21
123.30335100630045
 31
0.0
  0
LINE
  5
677
330
17
100
AcDbEntity
  8
隐藏线
100
AcDbLine
 10
19.99300000000003
 20
123.30335100630045
 30
0.0
 11
19.99300000000003
 21
123.81296921275786
 31
0.0
  0
LINE
  5
678
330
17
100
AcDbEntity
  8
隐藏线
100
AcDbLine
 10
19.99300000000003
 20
123.81296921275786
 30
0.0
 11
19.99300000000003
 21
124.19261978930525
 31
0.0
  0
LINE
  5
679
330
17
100
AcDbEntity
  8
隐藏线
100
AcDbLine
 10
19.99300000000003
 20
124.19261978930525
 30
0.0
 11
19.99300000000003
 21
124.42884706469796
 31
0.0
  0
LINE
  5
67A
330
17
100
AcDbEntity
  8
隐藏线
100
AcDbLine
 10
19.99300000000003
 20
118.633
 30
0.0
 11
19.99300000000003
 21
118.37295522647152
 31
0.0
  0
LINE
  5
67B
330
17
100
AcDbEntity
  8
隐藏线
100
AcDbLine
 10
19.99300000000003
 20
118.37295522647152
 30
0.0
 11
19.99300000000003
 21
118.1228441203963
 31
0.0
  0
LINE
  5
67C
330
17
100
AcDbEntity
  8
隐藏线
100
AcDbLine
 10
19.99300000000003
 20
118.1228441203963
 30
0.0
 11
19.99300000000003
 21
117.88383519336544
 31
0.0
  0
LINE
  5
67D
330
17
100
AcDbEntity
  8
隐藏线
100
AcDbLine
 10
19.99300000000003
 20
117.88383519336544
 30
0.0
 11
19.99300000000003
 21
117.65704847449233
 31
0.0
  0
LINE
  5
67E
330
17
100
AcDbEntity
  8
隐藏线
100
AcDbLine
 10
19.99300000000003
 20
117.65704847449233
 30
0.0
 11
19.99300000000003
 21
117.44476631225511
 31
0.0
  0
LINE
  5
67F
330
17
100
AcDbEntity
  8
隐藏线
100
AcDbLine
 10
19.99300000000003
 20
117.44476631225511
 30
0.0
 11
19.99300000000003
 21
117.24696567230602
 31
0.0
  0
LINE
  5
680
330
17
100
AcDbEntity
  8
隐藏线
100
AcDbLine
 10
19.99300000000003
 20
117.24696567230602
 30
0.0
 11
19.99300000000003
 21
117.06456964002571
 31
0.0
  0
LINE
  5
681
330
17
100
AcDbEntity
  8
隐藏线
100
AcDbLine
 10
19.99300000000003
 20
117.06456964002571
 30
0.0
 11
19.99300000000003
 21
116.89843402989696
 31
0.0
  0
LINE
  5
682
330
17
100
AcDbEntity
  8
隐藏线
100
AcDbLine
 10
19.99300000000003
 20
116.89843402989696
 30
0.0
 11
19.99300000000003
 21
116.75083949945802
 31
0.0
  0
LINE
  5
683
330
17
100
AcDbEntity
  8
隐藏线
100
AcDbLine
 10
19.99300000000003
 20
116.75083949945802
 30
0.0
 11
19.99300000000003
 21
116.62111975048926
 31
0.0
  0
LINE
  5
684
330
17
100
AcDbEntity
  8
隐藏线
100
AcDbLine
 10
19.99300000000003
 20
116.62111975048926
 30
0.0
 11
19.99300000000003
 21
116.50987884559082
 31
0.0
  0
LINE
  5
685
330
17
100
AcDbEntity
  8
隐藏线
100
AcDbLine
 10
19.99300000000003
 20
116.50987884559082
 30
0.0
 11
19.99300000000003
 21
116.41764015147898
 31
0.0
  0
LINE
  5
686
330
17
100
AcDbEntity
  8
隐藏线
100
AcDbLine
 10
19.99300000000003
 20
116.41764015147898
 30
0.0
 11
19.99300000000003
 21
116.34650080046488
 31
0.0
  0
LINE
  5
687
330
17
100
AcDbEntity
  8
隐藏线
100
AcDbLine
 10
19.99300000000003
 20
116.29520435367262
 30
0.0
 11
19.99300000000003
 21
116.26398768968299
 31
0.0
  0
LINE
  5
688
330
17
100
AcDbEntity
  8
隐藏线
100
AcDbLine
 10
50.793000000000035
 20
118.633
 30
0.0
 11
50.793000000000035
 21
118.37295522647152
 31
0.0
  0
LINE
  5
689
330
17
100
AcDbEntity
  8
隐藏线
100
AcDbLine
 10
50.793000000000035
 20
118.37295522647152
 30
0.0
 11
50.793000000000035
 21
118.1228441203963
 31
0.0
  0
LINE
  5
68A
330
17
100
AcDbEntity
  8
隐藏线
100
AcDbLine
 10
50.793000000000035
 20
118.1228441203963
 30
0.0
 11
50.793000000000035
 21
117.88383519336544
 31
0.0
  0
LINE
  5
68B
330
17
100
AcDbEntity
  8
隐藏线
100
AcDbLine
 10
50.793000000000035
 20
117.88383519336544
 30
0.0
 11
50.793000000000035
 21
117.65704847449233
 31
0.0
  0
LINE
  5
68C
330
17
100
AcDbEntity
  8
隐藏线
100
AcDbLine
 10
50.793000000000035
 20
117.65704847449233
 30
0.0
 11
50.793000000000035
 21
117.44476631225511
 31
0.0
  0
LINE
  5
68D
330
17
100
AcDbEntity
  8
隐藏线
100
AcDbLine
 10
50.793000000000035
 20
117.44476631225511
 30
0.0
 11
50.793000000000035
 21
117.24696567230602
 31
0.0
  0
LINE
  5
68E
330
17
100
AcDbEntity
  8
隐藏线
100
AcDbLine
 10
50.793000000000035
 20
117.24696567230602
 30
0.0
 11
50.793000000000035
 21
117.06456964002571
 31
0.0
  0
LINE
  5
68F
330
17
100
AcDbEntity
  8
隐藏线
100
AcDbLine
 10
50.793000000000035
 20
117.06456964002571
 30
0.0
 11
50.793000000000035
 21
116.89843402989696
 31
0.0
  0
LINE
  5
690
330
17
100
AcDbEntity
  8
隐藏线
100
AcDbLine
 10
50.793000000000035
 20
116.89843402989696
 30
0.0
 11
50.793000000000035
 21
116.75083949945802
 31
0.0
  0
LINE
  5
691
330
17
100
AcDbEntity
  8
隐藏线
100
AcDbLine
 10
50.793000000000035
 20
116.75083949945802
 30
0.0
 11
50.793000000000035
 21
116.62111975048926
 31
0.0
  0
LINE
  5
692
330
17
100
AcDbEntity
  8
隐藏线
100
AcDbLine
 10
50.793000000000035
 20
116.62111975048926
 30
0.0
 11
50.793000000000035
 21
116.50987884559082
 31
0.0
  0
LINE
  5
693
330
17
100
AcDbEntity
  8
隐藏线
100
AcDbLine
 10
50.793000000000035
 20
116.50987884559082
 30
0.0
 11
50.793000000000035
 21
116.41764015147898
 31
0.0
  0
LINE
  5
694
330
17
100
AcDbEntity
  8
隐藏线
100
AcDbLine
 10
50.793000000000035
 20
116.41764015147898
 30
0.0
 11
50.793000000000035
 21
116.34650080046488
 31
0.0
  0
LINE
  5
695
330
17
100
AcDbEntity
  8
隐藏线
100
AcDbLine
 10
50.793000000000035
 20
116.34650080046488
 30
0.0
 11
50.793000000000035
 21
116.29520435367262
 31
0.0
  0
LINE
  5
696
330
17
100
AcDbEntity
  8
隐藏线
100
AcDbLine
 10
50.793000000000035
 20
116.29520435367262
 30
0.0
 11
50.793000000000035
 21
116.26398768968299
 31
0.0
  0
LINE
  5
697
330
17
100
AcDbEntity
  8
隐藏线
100
AcDbLine
 10
50.793000000000035
 20
116.33715293530203
 30
0.0
 11
50.793000000000035
 21
116.57338021069474
 31
0.0
  0
LINE
  5
698
330
17
100
AcDbEntity
  8
隐藏线
100
AcDbLine
 10
50.793000000000035
 20
116.57338021069474
 30
0.0
 11
50.793000000000035
 21
116.95303078724213
 31
0.0
  0
LINE
  5
699
330
17
100
AcDbEntity
  8
隐藏线
100
AcDbLine
 10
50.793000000000035
 20
116.95303078724213
 30
0.0
 11
50.793000000000035
 21
117.46264899369955
 31
0.0
  0
LINE
  5
69A
330
17
100
AcDbEntity
  8
隐藏线
100
AcDbLine
 10
50.793000000000035
 20
117.46264899369955
 30
0.0
 11
50.793000000000035
 21
118.0912774225746
 31
0.0
  0
LINE
  5
69B
330
17
100
AcDbEntity
  8
隐藏线
100
AcDbLine
 10
50.793000000000035
 20
118.0912774225746
 30
0.0
 11
50.793000000000035
 21
118.80500381578481
 31
0.0
  0
LINE
  5
69C
330
17
100
AcDbEntity
  8
隐藏线
100
AcDbLine
 10
50.793000000000035
 20
118.80500381578481
 30
0.0
 11
50.793000000000035
 21
119.57813808549365
 31
0.0
  0
LINE
  5
69D
330
17
100
AcDbEntity
  8
隐藏线
100
AcDbLine
 10
50.793000000000035
 20
119.57813808549365
 30
0.0
 11
50.793000000000035
 21
120.383
 31
0.0
  0
LINE
  5
69E
330
17
100
AcDbEntity
  8
隐藏线
100
AcDbLine
 10
50.793000000000035
 20
120.383
 30
0.0
 11
50.793000000000035
 21
121.18786191450634
 31
0.0
  0
LINE
  5
69F
330
17
100
AcDbEntity
  8
隐藏线
100
AcDbLine
 10
50.793000000000035
 20
121.18786191450634
 30
0.0
 11
50.793000000000035
 21
121.96099618421518
 31
0.0
  0
LINE
  5
6A0
330
17
100
AcDbEntity
  8
隐藏线
100
AcDbLine
 10
50.793000000000035
 20
121.96099618421518
 30
0.0
 11
50.793000000000035
 21
122.67472257742538
 31
0.0
  0
LINE
  5
6A1
330
17
100
AcDbEntity
  8
隐藏线
100
AcDbLine
 10
50.793000000000035
 20
122.67472257742538
 30
0.0
 11
50.793000000000035
 21
123.30335100630045
 31
0.0
  0
LINE
  5
6A2
330
17
100
AcDbEntity
  8
隐藏线
100
AcDbLine
 10
50.793000000000035
 20
123.30335100630045
 30
0.0
 11
50.793000000000035
 21
123.81296921275786
 31
0.0
  0
LINE
  5
6A3
330
17
100
AcDbEntity
  8
隐藏线
100
AcDbLine
 10
50.793000000000035
 20
123.81296921275786
 30
0.0
 11
50.793000000000035
 21
124.19261978930525
 31
0.0
  0
LINE
  5
6A4
330
17
100
AcDbEntity
  8
隐藏线
100
AcDbLine
 10
50.793000000000035
 20
124.19261978930525
 30
0.0
 11
50.793000000000035
 21
124.42884706469796
 31
0.0
  0
LINE
  5
6A5
330
17
100
AcDbEntity
  8
隐藏线
100
AcDbLine
 10
50.793000000000035
 20
124.42884706469796
 30
0.0
 11
50.793000000000035
 21
124.51299999999999
 31
0.0
  0
LINE
  5
6A6
330
17
100
AcDbEntity
  8
隐藏线
100
AcDbLine
 10
50.793000000000035
 20
124.51299999999999
 30
0.0
 11
50.793000000000035
 21
124.502012310317
 31
0.0
  0
LINE
  5
6A7
330
17
100
AcDbEntity
  8
隐藏线
100
AcDbLine
 10
50.793000000000035
 20
124.41949919953511
 30
0.0
 11
50.793000000000035
 21
124.34835984852101
 31
0.0
  0
LINE
  5
6A8
330
17
100
AcDbEntity
  8
隐藏线
100
AcDbLine
 10
50.793000000000035
 20
124.34835984852101
 30
0.0
 11
50.793000000000035
 21
124.25612115440917
 31
0.0
  0
LINE
  5
6A9
330
17
100
AcDbEntity
  8
隐藏线
100
AcDbLine
 10
50.793000000000035
 20
124.25612115440917
 30
0.0
 11
50.793000000000035
 21
124.14488024951073
 31
0.0
  0
LINE
  5
6AA
330
17
100
AcDbEntity
  8
隐藏线
100
AcDbLine
 10
50.793000000000035
 20
124.14488024951073
 30
0.0
 11
50.793000000000035
 21
124.01516050054197
 31
0.0
  0
LINE
  5
6AB
330
17
100
AcDbEntity
  8
隐藏线
100
AcDbLine
 10
50.793000000000035
 20
124.01516050054197
 30
0.0
 11
50.793000000000035
 21
123.86756597010303
 31
0.0
  0
LINE
  5
6AC
330
17
100
AcDbEntity
  8
隐藏线
100
AcDbLine
 10
50.793000000000035
 20
123.86756597010303
 30
0.0
 11
50.793000000000035
 21
123.70143035997428
 31
0.0
  0
LINE
  5
6AD
330
17
100
AcDbEntity
  8
隐藏线
100
AcDbLine
 10
50.793000000000035
 20
123.70143035997428
 30
0.0
 11
50.793000000000035
 21
123.51903432769397
 31
0.0
  0
LINE
  5
6AE
330
17
100
AcDbEntity
  8
隐藏线
100
AcDbLine
 10
50.793000000000035
 20
123.51903432769397
 30
0.0
 11
50.793000000000035
 21
123.32123368774488
 31
0.0
  0
LINE
  5
6AF
330
17
100
AcDbEntity
  8
隐藏线
100
AcDbLine
 10
50.793000000000035
 20
123.32123368774488
 30
0.0
 11
50.793000000000035
 21
123.10895152550766
 31
0.0
  0
LINE
  5
6B0
330
17
100
AcDbEntity
  8
隐藏线
100
AcDbLine
 10
50.793000000000035
 20
123.10895152550766
 30
0.0
 11
50.793000000000035
 21
122.88216480663455
 31
0.0
  0
LINE
  5
6B1
330
17
100
AcDbEntity
  8
隐藏线
100
AcDbLine
 10
50.793000000000035
 20
122.88216480663455
 30
0.0
 11
50.793000000000035
 21
122.64315587960373
 31
0.0
  0
LINE
  5
6B2
330
17
100
AcDbEntity
  8
隐藏线
100
AcDbLine
 10
50.793000000000035
 20
122.64315587960373
 30
0.0
 11
50.793000000000035
 21
122.39304477352844
 31
0.0
  0
LINE
  5
6B3
330
17
100
AcDbEntity
  8
隐藏线
100
AcDbLine
 10
50.793000000000035
 20
122.39304477352844
 30
0.0
 11
50.793000000000035
 21
122.133
 31
0.0
  0
LINE
  5
6B4
330
17
100
AcDbEntity
  8
隐藏线
100
AcDbLine
 10
50.793000000000035
 20
130.38299999999998
 30
0.0
 11
50.793000000000035
 21
120.383
 31
0.0
  0
LINE
  5
6B5
330
17
100
AcDbEntity
  8
隐藏线
100
AcDbLine
 10
50.793000000000035
 20
120.383
 30
0.0
 11
50.793000000000035
 21
110.383
 31
0.0
  0
LINE
  5
6B6
330
17
100
AcDbEntity
  8
隐藏线
100
AcDbLine
 10
44.32979775584485
 20
110.383
 30
0.0
 11
44.48931655793164
 21
110.383
 31
0.0
  0
LINE
  5
6B7
330
17
100
AcDbEntity
  8
隐藏线
100
AcDbLine
 10
44.48931655793164
 20
110.383
 30
0.0
 11
44.678494476168126
 21
110.383
 31
0.0
  0
LINE
  5
6B8
330
17
100
AcDbEntity
  8
隐藏线
100
AcDbLine
 10
44.678494476168126
 20
110.383
 30
0.0
 11
44.896879952415844
 21
110.383
 31
0.0
  0
LINE
  5
6B9
330
17
100
AcDbEntity
  8
隐藏线
100
AcDbLine
 10
44.896879952415844
 20
110.383
 30
0.0
 11
45.14395669279978
 21
110.383
 31
0.0
  0
LINE
  5
6BA
330
17
100
AcDbEntity
  8
隐藏线
100
AcDbLine
 10
45.14395669279978
 20
110.383
 30
0.0
 11
45.421416096237294
 21
110.383
 31
0.0
  0
LINE
  5
6BB
330
17
100
AcDbEntity
  8
隐藏线
100
AcDbLine
 10
45.421416096237294
 20
110.383
 30
0.0
 11
45.726196717511314
 21
110.383
 31
0.0
  0
LINE
  5
6BC
330
17
100
AcDbEntity
  8
隐藏线
100
AcDbLine
 10
45.726196717511314
 20
110.383
 30
0.0
 11
46.057572680350006
 21
110.383
 31
0.0
  0
LINE
  5
6BD
330
17
100
AcDbEntity
  8
隐藏线
100
AcDbLine
 10
46.057572680350006
 20
110.383
 30
0.0
 11
46.41475916247095
 21
110.383
 31
0.0
  0
LINE
  5
6BE
330
17
100
AcDbEntity
  8
隐藏线
100
AcDbLine
 10
46.41475916247095
 20
110.383
 30
0.0
 11
46.79889598347448
 21
110.383
 31
0.0
  0
LINE
  5
6BF
330
17
100
AcDbEntity
  8
隐藏线
100
AcDbLine
 10
46.79889598347448
 20
110.383
 30
0.0
 11
47.206907046803366
 21
110.383
 31
0.0
  0
LINE
  5
6C0
330
17
100
AcDbEntity
  8
隐藏线
100
AcDbLine
 10
47.206907046803366
 20
110.383
 30
0.0
 11
47.63782162426531
 21
110.383
 31
0.0
  0
LINE
  5
6C1
330
17
100
AcDbEntity
  8
隐藏线
100
AcDbLine
 10
47.63782162426531
 20
110.383
 30
0.0
 11
48.090618224237026
 21
110.383
 31
0.0
  0
LINE
  5
6C2
330
17
100
AcDbEntity
  8
隐藏线
100
AcDbLine
 10
48.090618224237026
 20
110.383
 30
0.0
 11
48.565838817178324
 21
110.383
 31
0.0
  0
LINE
  5
6C3
330
17
100
AcDbEntity
  8
隐藏线
100
AcDbLine
 10
48.565838817178324
 20
110.383
 30
0.0
 11
49.060517526219506
 21
110.383
 31
0.0
  0
LINE
  5
6C4
330
17
100
AcDbEntity
  8
隐藏线
100
AcDbLine
 10
49.060517526219506
 20
110.383
 30
0.0
 11
49.57347817697675
 21
110.383
 31
0.0
  0
LINE
  5
6C5
330
17
100
AcDbEntity
  8
隐藏线
100
AcDbLine
 10
49.57347817697675
 20
110.383
 30
0.0
 11
50.10350407490494
 21
110.383
 31
0.0
  0
LINE
  5
6C6
330
17
100
AcDbEntity
  8
隐藏线
100
AcDbLine
 10
50.10350407490494
 20
130.38299999999998
 30
0.0
 11
49.57347817697675
 21
130.38299999999998
 31
0.0
  0
LINE
  5
6C7
330
17
100
AcDbEntity
  8
隐藏线
100
AcDbLine
 10
49.57347817697675
 20
130.38299999999998
 30
0.0
 11
49.060517526219506
 21
130.38299999999998
 31
0.0
  0
LINE
  5
6C8
330
17
100
AcDbEntity
  8
隐藏线
100
AcDbLine
 10
49.060517526219506
 20
130.38299999999998
 30
0.0
 11
48.56583881717832
 21
130.38299999999998
 31
0.0
  0
LINE
  5
6C9
330
17
100
AcDbEntity
  8
隐藏线
100
AcDbLine
 10
48.56583881717832
 20
130.38299999999998
 30
0.0
 11
48.090618224237026
 21
130.38299999999998
 31
0.0
  0
LINE
  5
6CA
330
17
100
AcDbEntity
  8
隐藏线
100
AcDbLine
 10
48.090618224237026
 20
130.38299999999998
 30
0.0
 11
47.63782162426531
 21
130.38299999999998
 31
0.0
  0
LINE
  5
6CB
330
17
100
AcDbEntity
  8
隐藏线
100
AcDbLine
 10
47.63782162426531
 20
130.38299999999998
 30
0.0
 11
47.20690704680336
 21
130.38299999999998
 31
0.0
  0
LINE
  5
6CC
330
17
100
AcDbEntity
  8
隐藏线
100
AcDbLine
 10
47.20690704680336
 20
130.38299999999998
 30
0.0
 11
46.79889598347448
 21
130.38299999999998
 31
0.0
  0
LINE
  5
6CD
330
17
100
AcDbEntity
  8
隐藏线
100
AcDbLine
 10
46.79889598347448
 20
130.38299999999998
 30
0.0
 11
46.41475916247094
 21
130.38299999999998
 31
0.0
  0
LINE
  5
6CE
330
17
100
AcDbEntity
  8
隐藏线
100
AcDbLine
 10
46.41475916247094
 20
130.38299999999998
 30
0.0
 11
46.057572680350006
 21
130.38299999999998
 31
0.0
  0
LINE
  5
6CF
330
17
100
AcDbEntity
  8
隐藏线
100
AcDbLine
 10
46.057572680350006
 20
130.38299999999998
 30
0.0
 11
45.72619671751131
 21
130.38299999999998
 31
0.0
  0
LINE
  5
6D0
330
17
100
AcDbEntity
  8
隐藏线
100
AcDbLine
 10
45.72619671751131
 20
130.38299999999998
 30
0.0
 11
45.42141609623729
 21
130.38299999999998
 31
0.0
  0
LINE
  5
6D1
330
17
100
AcDbEntity
  8
隐藏线
100
AcDbLine
 10
45.42141609623729
 20
130.38299999999998
 30
0.0
 11
45.14395669279978
 21
130.38299999999998
 31
0.0
  0
LINE
  5
6D2
330
17
100
AcDbEntity
  8
隐藏线
100
AcDbLine
 10
45.14395669279978
 20
130.38299999999998
 30
0.0
 11
44.89687995241584
 21
130.38299999999998
 31
0.0
  0
LINE
  5
6D3
330
17
100
AcDbEntity
  8
隐藏线
100
AcDbLine
 10
44.89687995241584
 20
130.38299999999998
 30
0.0
 11
44.678494476168126
 21
130.38299999999998
 31
0.0
  0
LINE
  5
6D4
330
17
100
AcDbEntity
  8
隐藏线
100
AcDbLine
 10
44.678494476168126
 20
130.38299999999998
 30
0.0
 11
44.48931655793164
 21
130.38299999999998
 31
0.0
  0
LINE
  5
6D5
330
17
100
AcDbEntity
  8
隐藏线
100
AcDbLine
 10
44.48931655793164
 20
130.38299999999998
 30
0.0
 11
44.32979775584485
 21
130.38299999999998
 31
0.0
  0
LINE
  5
6D6
330
17
100
AcDbEntity
  8
隐藏线
100
AcDbLine
 10
45.20384330030656
 20
122.133
 30
0.0
 11
45.33403595100367
 21
122.133
 31
0.0
  0
LINE
  5
6D7
330
17
100
AcDbEntity
  8
隐藏线
100
AcDbLine
 10
45.33403595100367
 20
122.133
 30
0.0
 11
45.47036419799056
 21
122.133
 31
0.0
  0
LINE
  5
6D8
330
17
100
AcDbEntity
  8
隐藏线
100
AcDbLine
 10
45.47036419799056
 20
122.133
 30
0.0
 11
45.612755857968835
 21
122.133
 31
0.0
  0
LINE
  5
6D9
330
17
100
AcDbEntity
  8
隐藏线
100
AcDbLine
 10
45.612755857968835
 20
122.133
 30
0.0
 11
45.76113575564399
 21
122.133
 31
0.0
  0
LINE
  5
6DA
330
17
100
AcDbEntity
  8
隐藏线
100
AcDbLine
 10
45.76113575564399
 20
122.133
 30
0.0
 11
45.91590940954487
 21
122.133
 31
0.0
  0
LINE
  5
6DB
330
17
100
AcDbEntity
  8
隐藏线
100
AcDbLine
 10
45.91590940954487
 20
122.133
 30
0.0
 11
46.076495001091445
 21
122.133
 31
0.0
  0
LINE
  5
6DC
330
17
100
AcDbEntity
  8
隐藏线
100
AcDbLine
 10
46.076495001091445
 20
122.133
 30
0.0
 11
46.24280752811128
 21
122.133
 31
0.0
  0
LINE
  5
6DD
330
17
100
AcDbEntity
  8
隐藏线
100
AcDbLine
 10
46.24280752811128
 20
122.133
 30
0.0
 11
46.41475916247095
 21
122.133
 31
0.0
  0
LINE
  5
6DE
330
17
100
AcDbEntity
  8
隐藏线
100
AcDbLine
 10
46.41475916247095
 20
122.133
 30
0.0
 11
46.699297669119844
 21
122.133
 31
0.0
  0
LINE
  5
6DF
330
17
100
AcDbEntity
  8
隐藏线
100
AcDbLine
 10
46.699297669119844
 20
122.133
 30
0.0
 11
46.997311642542755
 21
122.133
 31
0.0
  0
LINE
  5
6E0
330
17
100
AcDbEntity
  8
隐藏线
100
AcDbLine
 10
46.997311642542755
 20
122.133
 30
0.0
 11
47.30840537800423
 21
122.133
 31
0.0
  0
LINE
  5
6E1
330
17
100
AcDbEntity
  8
隐藏线
100
AcDbLine
 10
47.30840537800423
 20
122.133
 30
0.0
 11
47.63216698492465
 21
122.133
 31
0.0
  0
LINE
  5
6E2
330
17
100
AcDbEntity
  8
隐藏线
100
AcDbLine
 10
47.63216698492465
 20
122.133
 30
0.0
 11
47.96914050857292
 21
122.133
 31
0.0
  0
LINE
  5
6E3
330
17
100
AcDbEntity
  8
隐藏线
100
AcDbLine
 10
47.96914050857292
 20
122.133
 30
0.0
 11
48.31781831046165
 21
122.133
 31
0.0
  0
LINE
  5
6E4
330
17
100
AcDbEntity
  8
隐藏线
100
AcDbLine
 10
48.31781831046165
 20
122.133
 30
0.0
 11
48.677737593644665
 21
122.133
 31
0.0
  0
LINE
  5
6E5
330
17
100
AcDbEntity
  8
隐藏线
100
AcDbLine
 10
48.677737593644665
 20
122.133
 30
0.0
 11
49.04842165015328
 21
122.133
 31
0.0
  0
LINE
  5
6E6
330
17
100
AcDbEntity
  8
隐藏线
100
AcDbLine
 10
49.435730631809385
 20
122.133
 30
0.0
 11
49.5670796957654
 21
122.133
 31
0.0
  0
LINE
  5
6E7
330
17
100
AcDbEntity
  8
隐藏线
100
AcDbLine
 10
49.5670796957654
 20
122.133
 30
0.0
 11
49.699607374993704
 21
122.133
 31
0.0
  0
LINE
  5
6E8
330
17
100
AcDbEntity
  8
隐藏线
100
AcDbLine
 10
49.699607374993704
 20
122.133
 30
0.0
 11
49.83320087886302
 21
122.133
 31
0.0
  0
LINE
  5
6E9
330
17
100
AcDbEntity
  8
隐藏线
100
AcDbLine
 10
49.83320087886302
 20
122.133
 30
0.0
 11
49.96783992300068
 21
122.133
 31
0.0
  0
LINE
  5
6EA
330
17
100
AcDbEntity
  8
隐藏线
100
AcDbLine
 10
49.96783992300068
 20
122.133
 30
0.0
 11
50.10350407490494
 21
122.133
 31
0.0
  0
LINE
  5
6EB
330
17
100
AcDbEntity
  8
隐藏线
100
AcDbLine
 10
44.5277792437056
 20
120.383
 30
0.0
 11
44.53037487804049
 21
120.20995800615027
 31
0.0
  0
LINE
  5
6EC
330
17
100
AcDbEntity
  8
隐藏线
100
AcDbLine
 10
44.53037487804049
 20
120.20995800615027
 30
0.0
 11
44.53818577422316
 21
120.03808196941692
 31
0.0
  0
LINE
  5
6ED
330
17
100
AcDbEntity
  8
隐藏线
100
AcDbLine
 10
44.53818577422316
 20
120.03808196941692
 30
0.0
 11
44.5511656005865
 21
119.87063682991995
 31
0.0
  0
LINE
  5
6EE
330
17
100
AcDbEntity
  8
隐藏线
100
AcDbLine
 10
44.5511656005865
 20
119.87063682991995
 30
0.0
 11
44.569326855587505
 21
119.70903741612848
 31
0.0
  0
LINE
  5
6EF
330
17
100
AcDbEntity
  8
隐藏线
100
AcDbLine
 10
44.569326855587505
 20
119.70903741612848
 30
0.0
 11
44.59285789187732
 21
119.55357424761213
 31
0.0
  0
LINE
  5
6F0
330
17
100
AcDbEntity
  8
隐藏线
100
AcDbLine
 10
44.59285789187732
 20
119.55357424761213
 30
0.0
 11
44.62164207594487
 21
119.40672006555904
 31
0.0
  0
LINE
  5
6F1
330
17
100
AcDbEntity
  8
隐藏线
100
AcDbLine
 10
44.62164207594487
 20
119.40672006555904
 30
0.0
 11
44.65546363243375
 21
119.27077885860992
 31
0.0
  0
LINE
  5
6F2
330
17
100
AcDbEntity
  8
隐藏线
100
AcDbLine
 10
44.65546363243375
 20
119.27077885860992
 30
0.0
 11
44.69459356830846
 21
119.14557090572934
 31
0.0
  0
LINE
  5
6F3
330
17
100
AcDbEntity
  8
隐藏线
100
AcDbLine
 10
44.69459356830846
 20
119.14557090572934
 30
0.0
 11
44.74156358306688
 21
119.0263920907549
 31
0.0
  0
LINE
  5
6F4
330
17
100
AcDbEntity
  8
隐藏线
100
AcDbLine
 10
44.74156358306688
 20
119.0263920907549
 30
0.0
 11
44.793653620578084
 21
118.92275989272575
 31
0.0
  0
LINE
  5
6F5
330
17
100
AcDbEntity
  8
隐藏线
100
AcDbLine
 10
44.793653620578084
 20
118.92275989272575
 30
0.0
 11
44.85115086722847
 21
118.83420177113418
 31
0.0
  0
LINE
  5
6F6
330
17
100
AcDbEntity
  8
隐藏线
100
AcDbLine
 10
44.85115086722847
 20
118.83420177113418
 30
0.0
 11
44.91370030419862
 21
118.76133674015917
 31
0.0
  0
LINE
  5
6F7
330
17
100
AcDbEntity
  8
隐藏线
100
AcDbLine
 10
44.91370030419862
 20
118.76133674015917
 30
0.0
 11
44.980503107664724
 21
118.70502732973877
 31
0.0
  0
LINE
  5
6F8
330
17
100
AcDbEntity
  8
隐藏线
100
AcDbLine
 10
44.980503107664724
 20
118.70502732973877
 30
0.0
 11
45.051377820874016
 21
118.66494141123529
 31
0.0
  0
LINE
  5
6F9
330
17
100
AcDbEntity
  8
隐藏线
100
AcDbLine
 10
45.051377820874016
 20
118.66494141123529
 30
0.0
 11
45.125950375402006
 21
118.64096766898
 31
0.0
  0
LINE
  5
6FA
330
17
100
AcDbEntity
  8
隐藏线
100
AcDbLine
 10
45.125950375402006
 20
118.64096766898
 30
0.0
 11
45.20384330030653
 21
118.633
 31
0.0
  0
LINE
  5
6FB
330
17
100
AcDbEntity
  8
隐藏线
100
AcDbLine
 10
45.20384330030656
 20
118.633
 30
0.0
 11
45.33403595100367
 21
118.633
 31
0.0
  0
LINE
  5
6FC
330
17
100
AcDbEntity
  8
隐藏线
100
AcDbLine
 10
45.33403595100367
 20
118.633
 30
0.0
 11
45.47036419799056
 21
118.633
 31
0.0
  0
LINE
  5
6FD
330
17
100
AcDbEntity
  8
隐藏线
100
AcDbLine
 10
45.47036419799056
 20
118.633
 30
0.0
 11
45.612755857968835
 21
118.633
 31
0.0
  0
LINE
  5
6FE
330
17
100
AcDbEntity
  8
隐藏线
100
AcDbLine
 10
45.612755857968835
 20
118.633
 30
0.0
 11
45.76113575564399
 21
118.633
 31
0.0
  0
LINE
  5
6FF
330
17
100
AcDbEntity
  8
隐藏线
100
AcDbLine
 10
45.76113575564399
 20
118.633
 30
0.0
 11
45.91590940954487
 21
118.633
 31
0.0
  0
LINE
  5
700
330
17
100
AcDbEntity
  8
隐藏线
100
AcDbLine
 10
45.91590940954487
 20
118.633
 30
0.0
 11
46.076495001091445
 21
118.633
 31
0.0
  0
LINE
  5
701
330
17
100
AcDbEntity
  8
隐藏线
100
AcDbLine
 10
46.076495001091445
 20
118.633
 30
0.0
 11
46.24280752811128
 21
118.633
 31
0.0
  0
LINE
  5
702
330
17
100
AcDbEntity
  8
隐藏线
100
AcDbLine
 10
46.24280752811128
 20
118.633
 30
0.0
 11
46.41475916247095
 21
118.633
 31
0.0
  0
LINE
  5
703
330
17
100
AcDbEntity
  8
隐藏线
100
AcDbLine
 10
46.41475916247095
 20
118.633
 30
0.0
 11
46.699297669119844
 21
118.633
 31
0.0
  0
LINE
  5
704
330
17
100
AcDbEntity
  8
隐藏线
100
AcDbLine
 10
46.699297669119844
 20
118.633
 30
0.0
 11
46.997311642542755
 21
118.633
 31
0.0
  0
LINE
  5
705
330
17
100
AcDbEntity
  8
隐藏线
100
AcDbLine
 10
46.997311642542755
 20
118.633
 30
0.0
 11
47.30840537800423
 21
118.633
 31
0.0
  0
LINE
  5
706
330
17
100
AcDbEntity
  8
隐藏线
100
AcDbLine
 10
47.30840537800423
 20
118.633
 30
0.0
 11
47.63216698492465
 21
118.633
 31
0.0
  0
LINE
  5
707
330
17
100
AcDbEntity
  8
隐藏线
100
AcDbLine
 10
47.63216698492465
 20
118.633
 30
0.0
 11
47.96914050857292
 21
118.633
 31
0.0
  0
LINE
  5
708
330
17
100
AcDbEntity
  8
隐藏线
100
AcDbLine
 10
47.96914050857292
 20
118.633
 30
0.0
 11
48.31781831046165
 21
118.633
 31
0.0
  0
LINE
  5
709
330
17
100
AcDbEntity
  8
隐藏线
100
AcDbLine
 10
48.31781831046165
 20
118.633
 30
0.0
 11
48.677737593644665
 21
118.633
 31
0.0
  0
LINE
  5
70A
330
17
100
AcDbEntity
  8
隐藏线
100
AcDbLine
 10
48.677737593644665
 20
118.633
 30
0.0
 11
49.04842165015328
 21
118.633
 31
0.0
  0
LINE
  5
70B
330
17
100
AcDbEntity
  8
隐藏线
100
AcDbLine
 10
49.435730631809385
 20
118.633
 30
0.0
 11
49.5670796957654
 21
118.633
 31
0.0
  0
LINE
  5
70C
330
17
100
AcDbEntity
  8
隐藏线
100
AcDbLine
 10
49.5670796957654
 20
118.633
 30
0.0
 11
49.699607374993704
 21
118.633
 31
0.0
  0
LINE
  5
70D
330
17
100
AcDbEntity
  8
隐藏线
100
AcDbLine
 10
49.699607374993704
 20
118.633
 30
0.0
 11
49.83320087886302
 21
118.633
 31
0.0
  0
LINE
  5
70E
330
17
100
AcDbEntity
  8
隐藏线
100
AcDbLine
 10
49.83320087886302
 20
118.633
 30
0.0
 11
49.96783992300068
 21
118.633
 31
0.0
  0
LINE
  5
70F
330
17
100
AcDbEntity
  8
隐藏线
100
AcDbLine
 10
49.96783992300068
 20
118.633
 30
0.0
 11
50.10350407490494
 21
118.633
 31
0.0
  0
LINE
  5
710
330
17
100
AcDbEntity
  8
隐藏线
100
AcDbLine
 10
44.32979775584482
 20
110.383
 30
0.0
 11
44.32546391354993
 21
110.383
 31
0.0
  0
LINE
  5
711
330
17
100
AcDbEntity
  8
隐藏线
100
AcDbLine
 10
44.31116828640485
 20
130.38299999999998
 30
0.0
 11
44.31147854683128
 21
130.38299999999998
 31
0.0
  0
LINE
  5
712
330
17
100
AcDbEntity
  8
隐藏线
100
AcDbLine
 10
51.14300000000003
 20
119.15674925379268
 30
0.0
 11
51.14300000000003
 21
119.2838189844672
 31
0.0
  0
LINE
  5
713
330
17
100
AcDbEntity
  8
隐藏线
100
AcDbLine
 10
51.14300000000003
 20
119.2838189844672
 30
0.0
 11
51.14300000000003
 21
119.42096517863853
 31
0.0
  0
LINE
  5
714
330
17
100
AcDbEntity
  8
隐藏线
100
AcDbLine
 10
51.14300000000003
 20
119.42096517863853
 30
0.0
 11
51.14300000000003
 21
119.56698072193244
 31
0.0
  0
LINE
  5
715
330
17
100
AcDbEntity
  8
隐藏线
100
AcDbLine
 10
51.14300000000003
 20
119.56698072193244
 30
0.0
 11
51.14300000000003
 21
119.72058579712255
 31
0.0
  0
LINE
  5
716
330
17
100
AcDbEntity
  8
隐藏线
100
AcDbLine
 10
51.14300000000003
 20
119.72058579712255
 30
0.0
 11
51.14300000000003
 21
119.88080552506848
 31
0.0
  0
LINE
  5
717
330
17
100
AcDbEntity
  8
隐藏线
100
AcDbLine
 10
51.14300000000003
 20
119.88080552506848
 30
0.0
 11
51.14300000000003
 21
120.04558412873003
 31
0.0
  0
LINE
  5
718
330
17
100
AcDbEntity
  8
隐藏线
100
AcDbLine
 10
51.14300000000003
 20
120.04558412873003
 30
0.0
 11
51.14300000000003
 21
120.21347349210144
 31
0.0
  0
LINE
  5
719
330
17
100
AcDbEntity
  8
隐藏线
100
AcDbLine
 10
51.14300000000003
 20
120.21347349210144
 30
0.0
 11
51.14300000000003
 21
120.383
 31
0.0
  0
LINE
  5
71A
330
17
100
AcDbEntity
  8
隐藏线
100
AcDbLine
 10
52.89300000000003
 20
110.383
 30
0.0
 11
52.88584720564417
 21
110.383
 31
0.0
  0
LINE
  5
71B
330
17
100
AcDbEntity
  8
隐藏线
100
AcDbLine
 10
52.86555925149007
 20
110.383
 30
0.0
 11
52.832322353650305
 21
110.383
 31
0.0
  0
LINE
  5
71C
330
17
100
AcDbEntity
  8
隐藏线
100
AcDbLine
 10
52.832322353650305
 20
110.383
 30
0.0
 11
52.78643134551582
 21
110.383
 31
0.0
  0
LINE
  5
71D
330
17
100
AcDbEntity
  8
隐藏线
100
AcDbLine
 10
52.78643134551582
 20
110.383
 30
0.0
 11
52.72732369677006
 21
110.383
 31
0.0
  0
LINE
  5
71E
330
17
100
AcDbEntity
  8
隐藏线
100
AcDbLine
 10
52.72732369677006
 20
110.383
 30
0.0
 11
52.656599547731304
 21
110.383
 31
0.0
  0
LINE
  5
71F
330
17
100
AcDbEntity
  8
隐藏线
100
AcDbLine
 10
52.656599547731304
 20
110.383
 30
0.0
 11
52.574897814300556
 21
110.383
 31
0.0
  0
LINE
  5
720
330
17
100
AcDbEntity
  8
隐藏线
100
AcDbLine
 10
52.574897814300556
 20
110.383
 30
0.0
 11
52.48294949366118
 21
110.383
 31
0.0
  0
LINE
  5
721
330
17
100
AcDbEntity
  8
隐藏线
100
AcDbLine
 10
52.48294949366118
 20
110.383
 30
0.0
 11
52.38088559423488
 21
110.383
 31
0.0
  0
LINE
  5
722
330
17
100
AcDbEntity
  8
隐藏线
100
AcDbLine
 10
52.38088559423488
 20
110.383
 30
0.0
 11
52.27049236088662
 21
110.383
 31
0.0
  0
LINE
  5
723
330
17
100
AcDbEntity
  8
隐藏线
100
AcDbLine
 10
52.27049236088662
 20
110.383
 30
0.0
 11
52.15276414015166
 21
110.383
 31
0.0
  0
LINE
  5
724
330
17
100
AcDbEntity
  8
隐藏线
100
AcDbLine
 10
52.15276414015166
 20
110.383
 30
0.0
 11
52.02875680531115
 21
110.383
 31
0.0
  0
LINE
  5
725
330
17
100
AcDbEntity
  8
隐藏线
100
AcDbLine
 10
52.02875680531115
 20
110.383
 30
0.0
 11
51.89927495868042
 21
110.383
 31
0.0
  0
LINE
  5
726
330
17
100
AcDbEntity
  8
隐藏线
100
AcDbLine
 10
51.89927495868042
 20
110.383
 30
0.0
 11
51.76601901008276
 21
110.383
 31
0.0
  0
LINE
  5
727
330
17
100
AcDbEntity
  8
隐藏线
100
AcDbLine
 10
51.76601901008276
 20
110.383
 30
0.0
 11
51.63018735644151
 21
110.383
 31
0.0
  0
LINE
  5
728
330
17
100
AcDbEntity
  8
隐藏线
100
AcDbLine
 10
51.63018735644151
 20
110.383
 30
0.0
 11
51.49300000000002
 21
110.383
 31
0.0
  0
LINE
  5
729
330
17
100
AcDbEntity
  8
隐藏线
100
AcDbLine
 10
51.49300000000002
 20
130.38299999999998
 30
0.0
 11
51.63018735644151
 21
130.38299999999998
 31
0.0
  0
LINE
  5
72A
330
17
100
AcDbEntity
  8
隐藏线
100
AcDbLine
 10
51.63018735644151
 20
130.38299999999998
 30
0.0
 11
51.76601901008276
 21
130.38299999999998
 31
0.0
  0
LINE
  5
72B
330
17
100
AcDbEntity
  8
隐藏线
100
AcDbLine
 10
51.76601901008276
 20
130.38299999999998
 30
0.0
 11
51.89927495868042
 21
130.38299999999998
 31
0.0
  0
LINE
  5
72C
330
17
100
AcDbEntity
  8
隐藏线
100
AcDbLine
 10
51.89927495868042
 20
130.38299999999998
 30
0.0
 11
52.02875680531115
 21
130.38299999999998
 31
0.0
  0
LINE
  5
72D
330
17
100
AcDbEntity
  8
隐藏线
100
AcDbLine
 10
52.02875680531115
 20
130.38299999999998
 30
0.0
 11
52.15276414015166
 21
130.38299999999998
 31
0.0
  0
LINE
  5
72E
330
17
100
AcDbEntity
  8
隐藏线
100
AcDbLine
 10
52.15276414015166
 20
130.38299999999998
 30
0.0
 11
52.270492360886614
 21
130.38299999999998
 31
0.0
  0
LINE
  5
72F
330
17
100
AcDbEntity
  8
隐藏线
100
AcDbLine
 10
52.270492360886614
 20
130.38299999999998
 30
0.0
 11
52.38088559423488
 21
130.38299999999998
 31
0.0
  0
LINE
  5
730
330
17
100
AcDbEntity
  8
隐藏线
100
AcDbLine
 10
52.38088559423488
 20
130.38299999999998
 30
0.0
 11
52.48294949366118
 21
130.38299999999998
 31
0.0
  0
LINE
  5
731
330
17
100
AcDbEntity
  8
隐藏线
100
AcDbLine
 10
52.48294949366118
 20
130.38299999999998
 30
0.0
 11
52.574897814300556
 21
130.38299999999998
 31
0.0
  0
LINE
  5
732
330
17
100
AcDbEntity
  8
隐藏线
100
AcDbLine
 10
52.574897814300556
 20
130.38299999999998
 30
0.0
 11
52.656599547731304
 21
130.38299999999998
 31
0.0
  0
LINE
  5
733
330
17
100
AcDbEntity
  8
隐藏线
100
AcDbLine
 10
52.656599547731304
 20
130.38299999999998
 30
0.0
 11
52.72732369677006
 21
130.38299999999998
 31
0.0
  0
LINE
  5
734
330
17
100
AcDbEntity
  8
隐藏线
100
AcDbLine
 10
52.72732369677006
 20
130.38299999999998
 30
0.0
 11
52.78643134551582
 21
130.38299999999998
 31
0.0
  0
LINE
  5
735
330
17
100
AcDbEntity
  8
隐藏线
100
AcDbLine
 10
52.78643134551582
 20
130.38299999999998
 30
0.0
 11
52.83232235365031
 21
130.38299999999998
 31
0.0
  0
LINE
  5
736
330
17
100
AcDbEntity
  8
隐藏线
100
AcDbLine
 10
52.83232235365031
 20
130.38299999999998
 30
0.0
 11
52.86555925149007
 21
130.38299999999998
 31
0.0
  0
LINE
  5
737
330
17
100
AcDbEntity
  8
隐藏线
100
AcDbLine
 10
52.86555925149007
 20
130.38299999999998
 30
0.0
 11
52.88584720564417
 21
130.38299999999998
 31
0.0
  0
LINE
  5
738
330
17
100
AcDbEntity
  8
隐藏线
100
AcDbLine
 10
51.49299999999998
 20
130.38299999999998
 30
0.0
 11
35.39299999999998
 21
130.38299999999998
 31
0.0
  0
LINE
  5
739
330
17
100
AcDbEntity
  8
隐藏线
100
AcDbLine
 10
35.39299999999998
 20
130.38299999999998
 30
0.0
 11
19.29299999999998
 21
130.38299999999998
 31
0.0
  0
LINE
  5
73A
330
17
100
AcDbEntity
  8
隐藏线
100
AcDbLine
 10
51.49299999999998
 20
110.383
 30
0.0
 11
35.39299999999998
 21
110.383
 31
0.0
  0
LINE
  5
73B
330
17
100
AcDbEntity
  8
隐藏线
100
AcDbLine
 10
35.39299999999998
 20
110.383
 30
0.0
 11
19.29299999999998
 21
110.383
 31
0.0
  0
LINE
  5
73C
330
17
100
AcDbEntity
  8
隐藏线
100
AcDbLine
 10
17.892999999999983
 20
110.383
 30
0.0
 11
17.90015279435584
 21
110.383
 31
0.0
  0
LINE
  5
73D
330
17
100
AcDbEntity
  8
隐藏线
100
AcDbLine
 10
17.92044074850994
 20
110.383
 30
0.0
 11
17.9536776463497
 21
110.383
 31
0.0
  0
LINE
  5
73E
330
17
100
AcDbEntity
  8
隐藏线
100
AcDbLine
 10
17.9536776463497
 20
110.383
 30
0.0
 11
17.999568654484186
 21
110.383
 31
0.0
  0
LINE
  5
73F
330
17
100
AcDbEntity
  8
隐藏线
100
AcDbLine
 10
17.999568654484186
 20
110.383
 30
0.0
 11
18.058676303229948
 21
110.383
 31
0.0
  0
LINE
  5
740
330
17
100
AcDbEntity
  8
隐藏线
100
AcDbLine
 10
18.058676303229948
 20
110.383
 30
0.0
 11
18.129400452268708
 21
110.383
 31
0.0
  0
LINE
  5
741
330
17
100
AcDbEntity
  8
隐藏线
100
AcDbLine
 10
18.129400452268708
 20
110.383
 30
0.0
 11
18.211102185699453
 21
110.383
 31
0.0
  0
LINE
  5
742
330
17
100
AcDbEntity
  8
隐藏线
100
AcDbLine
 10
18.211102185699453
 20
110.383
 30
0.0
 11
18.303050506338828
 21
110.383
 31
0.0
  0
LINE
  5
743
330
17
100
AcDbEntity
  8
隐藏线
100
AcDbLine
 10
18.303050506338828
 20
110.383
 30
0.0
 11
18.405114405765122
 21
110.383
 31
0.0
  0
LINE
  5
744
330
17
100
AcDbEntity
  8
隐藏线
100
AcDbLine
 10
18.405114405765122
 20
110.383
 30
0.0
 11
18.515507639113395
 21
110.383
 31
0.0
  0
LINE
  5
745
330
17
100
AcDbEntity
  8
隐藏线
100
AcDbLine
 10
18.515507639113395
 20
110.383
 30
0.0
 11
18.633235859848345
 21
110.383
 31
0.0
  0
LINE
  5
746
330
17
100
AcDbEntity
  8
隐藏线
100
AcDbLine
 10
18.633235859848345
 20
110.383
 30
0.0
 11
18.757243194688865
 21
110.383
 31
0.0
  0
LINE
  5
747
330
17
100
AcDbEntity
  8
隐藏线
100
AcDbLine
 10
18.757243194688865
 20
110.383
 30
0.0
 11
18.886725041319586
 21
110.383
 31
0.0
  0
LINE
  5
748
330
17
100
AcDbEntity
  8
隐藏线
100
AcDbLine
 10
18.886725041319586
 20
110.383
 30
0.0
 11
19.01998098991725
 21
110.383
 31
0.0
  0
LINE
  5
749
330
17
100
AcDbEntity
  8
隐藏线
100
AcDbLine
 10
19.01998098991725
 20
110.383
 30
0.0
 11
19.155812643558495
 21
110.383
 31
0.0
  0
LINE
  5
74A
330
17
100
AcDbEntity
  8
隐藏线
100
AcDbLine
 10
19.155812643558495
 20
110.383
 30
0.0
 11
19.29299999999998
 21
110.383
 31
0.0
  0
LINE
  5
74B
330
17
100
AcDbEntity
  8
隐藏线
100
AcDbLine
 10
19.29299999999998
 20
130.38299999999998
 30
0.0
 11
19.155812643558495
 21
130.38299999999998
 31
0.0
  0
LINE
  5
74C
330
17
100
AcDbEntity
  8
隐藏线
100
AcDbLine
 10
19.155812643558495
 20
130.38299999999998
 30
0.0
 11
19.01998098991725
 21
130.38299999999998
 31
0.0
  0
LINE
  5
74D
330
17
100
AcDbEntity
  8
隐藏线
100
AcDbLine
 10
19.01998098991725
 20
130.38299999999998
 30
0.0
 11
18.88672504131959
 21
130.38299999999998
 31
0.0
  0
LINE
  5
74E
330
17
100
AcDbEntity
  8
隐藏线
100
AcDbLine
 10
18.88672504131959
 20
130.38299999999998
 30
0.0
 11
18.757243194688865
 21
130.38299999999998
 31
0.0
  0
LINE
  5
74F
330
17
100
AcDbEntity
  8
隐藏线
100
AcDbLine
 10
18.757243194688865
 20
130.38299999999998
 30
0.0
 11
18.633235859848348
 21
130.38299999999998
 31
0.0
  0
LINE
  5
750
330
17
100
AcDbEntity
  8
隐藏线
100
AcDbLine
 10
18.633235859848348
 20
130.38299999999998
 30
0.0
 11
18.515507639113395
 21
130.38299999999998
 31
0.0
  0
LINE
  5
751
330
17
100
AcDbEntity
  8
隐藏线
100
AcDbLine
 10
18.515507639113395
 20
130.38299999999998
 30
0.0
 11
18.405114405765126
 21
130.38299999999998
 31
0.0
  0
LINE
  5
752
330
17
100
AcDbEntity
  8
隐藏线
100
AcDbLine
 10
18.405114405765126
 20
130.38299999999998
 30
0.0
 11
18.303050506338828
 21
130.38299999999998
 31
0.0
  0
LINE
  5
753
330
17
100
AcDbEntity
  8
隐藏线
100
AcDbLine
 10
18.303050506338828
 20
130.38299999999998
 30
0.0
 11
18.211102185699453
 21
130.38299999999998
 31
0.0
  0
LINE
  5
754
330
17
100
AcDbEntity
  8
隐藏线
100
AcDbLine
 10
18.211102185699453
 20
130.38299999999998
 30
0.0
 11
18.129400452268708
 21
130.38299999999998
 31
0.0
  0
LINE
  5
755
330
17
100
AcDbEntity
  8
隐藏线
100
AcDbLine
 10
18.129400452268708
 20
130.38299999999998
 30
0.0
 11
18.05867630322995
 21
130.38299999999998
 31
0.0
  0
LINE
  5
756
330
17
100
AcDbEntity
  8
隐藏线
100
AcDbLine
 10
18.05867630322995
 20
130.38299999999998
 30
0.0
 11
17.999568654484182
 21
130.38299999999998
 31
0.0
  0
LINE
  5
757
330
17
100
AcDbEntity
  8
隐藏线
100
AcDbLine
 10
17.999568654484182
 20
130.38299999999998
 30
0.0
 11
17.953677646349703
 21
130.38299999999998
 31
0.0
  0
LINE
  5
758
330
17
100
AcDbEntity
  8
隐藏线
100
AcDbLine
 10
17.953677646349703
 20
130.38299999999998
 30
0.0
 11
17.920440748509943
 21
130.38299999999998
 31
0.0
  0
LINE
  5
759
330
17
100
AcDbEntity
  8
隐藏线
100
AcDbLine
 10
17.920440748509943
 20
130.38299999999998
 30
0.0
 11
17.90015279435584
 21
130.38299999999998
 31
0.0
  0
LINE
  5
75A
330
17
100
AcDbEntity
  8
隐藏线
100
AcDbLine
 10
19.643000000000033
 20
119.15674925379268
 30
0.0
 11
19.643000000000033
 21
119.2838189844672
 31
0.0
  0
LINE
  5
75B
330
17
100
AcDbEntity
  8
隐藏线
100
AcDbLine
 10
19.643000000000033
 20
119.2838189844672
 30
0.0
 11
19.643000000000033
 21
119.42096517863853
 31
0.0
  0
LINE
  5
75C
330
17
100
AcDbEntity
  8
隐藏线
100
AcDbLine
 10
19.643000000000033
 20
119.42096517863853
 30
0.0
 11
19.643000000000033
 21
119.56698072193244
 31
0.0
  0
LINE
  5
75D
330
17
100
AcDbEntity
  8
隐藏线
100
AcDbLine
 10
19.643000000000033
 20
119.56698072193244
 30
0.0
 11
19.643000000000033
 21
119.72058579712255
 31
0.0
  0
LINE
  5
75E
330
17
100
AcDbEntity
  8
隐藏线
100
AcDbLine
 10
19.643000000000033
 20
119.72058579712255
 30
0.0
 11
19.643000000000033
 21
119.88080552506848
 31
0.0
  0
LINE
  5
75F
330
17
100
AcDbEntity
  8
隐藏线
100
AcDbLine
 10
19.643000000000033
 20
119.88080552506848
 30
0.0
 11
19.643000000000033
 21
120.04558412873003
 31
0.0
  0
LINE
  5
760
330
17
100
AcDbEntity
  8
隐藏线
100
AcDbLine
 10
19.643000000000033
 20
120.04558412873003
 30
0.0
 11
19.643000000000033
 21
120.21347349210144
 31
0.0
  0
LINE
  5
761
330
17
100
AcDbEntity
  8
隐藏线
100
AcDbLine
 10
19.643000000000033
 20
120.21347349210144
 30
0.0
 11
19.643000000000033
 21
120.383
 31
0.0
  0
LINE
  5
762
330
17
100
AcDbEntity
  8
隐藏线
100
AcDbLine
 10
26.474831713595172
 20
110.383
 30
0.0
 11
26.474521453168745
 21
110.383
 31
0.0
  0
LINE
  5
763
330
17
100
AcDbEntity
  8
隐藏线
100
AcDbLine
 10
26.456202244155193
 20
130.38299999999998
 30
0.0
 11
26.460536086450084
 21
130.38299999999998
 31
0.0
  0
LINE
  5
764
330
17
100
AcDbEntity
  8
隐藏线
100
AcDbLine
 10
21.39300000000001
 20
130.38299999999998
 30
0.0
 11
21.25581264355852
 21
130.38299999999998
 31
0.0
  0
LINE
  5
765
330
17
100
AcDbEntity
  8
隐藏线
100
AcDbLine
 10
21.119980989917273
 20
130.38299999999998
 30
0.0
 11
20.98672504131961
 21
130.38299999999998
 31
0.0
  0
LINE
  5
766
330
17
100
AcDbEntity
  8
隐藏线
100
AcDbLine
 10
20.98672504131961
 20
130.38299999999998
 30
0.0
 11
20.857243194688884
 21
130.38299999999998
 31
0.0
  0
LINE
  5
767
330
17
100
AcDbEntity
  8
隐藏线
100
AcDbLine
 10
20.857243194688884
 20
110.383
 30
0.0
 11
20.98672504131961
 21
110.383
 31
0.0
  0
LINE
  5
768
330
17
100
AcDbEntity
  8
隐藏线
100
AcDbLine
 10
20.98672504131961
 20
110.383
 30
0.0
 11
21.119980989917273
 21
110.383
 31
0.0
  0
LINE
  5
769
330
17
100
AcDbEntity
  8
隐藏线
100
AcDbLine
 10
21.25581264355852
 20
110.383
 30
0.0
 11
21.39300000000001
 21
110.383
 31
0.0
  0
LINE
  5
76A
330
17
100
AcDbEntity
  8
隐藏线
100
AcDbLine
 10
49.39299999999999
 20
130.38299999999998
 30
0.0
 11
44.31116828640485
 21
130.38299999999998
 31
0.0
  0
LINE
  5
76B
330
17
100
AcDbEntity
  8
隐藏线
100
AcDbLine
 10
26.47483171359517
 20
130.38299999999998
 30
0.0
 11
21.393000000000015
 21
130.38299999999998
 31
0.0
  0
LINE
  5
76C
330
17
100
AcDbEntity
  8
隐藏线
100
AcDbLine
 10
21.393000000000015
 20
110.383
 30
0.0
 11
26.47483171359517
 21
110.383
 31
0.0
  0
LINE
  5
76D
330
17
100
AcDbEntity
  8
隐藏线
100
AcDbLine
 10
44.31116828640485
 20
110.383
 30
0.0
 11
49.39299999999999
 21
110.383
 31
0.0
  0
LINE
  5
76E
330
17
100
AcDbEntity
  8
隐藏线
100
AcDbLine
 10
49.92875680531113
 20
130.38299999999998
 30
0.0
 11
49.79927495868041
 21
130.38299999999998
 31
0.0
  0
LINE
  5
76F
330
17
100
AcDbEntity
  8
隐藏线
100
AcDbLine
 10
49.79927495868041
 20
130.38299999999998
 30
0.0
 11
49.66601901008275
 21
130.38299999999998
 31
0.0
  0
LINE
  5
770
330
17
100
AcDbEntity
  8
隐藏线
100
AcDbLine
 10
49.5301873564415
 20
130.38299999999998
 30
0.0
 11
49.39300000000001
 21
130.38299999999998
 31
0.0
  0
LINE
  5
771
330
17
100
AcDbEntity
  8
隐藏线
100
AcDbLine
 10
49.39300000000001
 20
110.383
 30
0.0
 11
49.5301873564415
 21
110.383
 31
0.0
  0
LINE
  5
772
330
17
100
AcDbEntity
  8
隐藏线
100
AcDbLine
 10
49.66601901008274
 20
110.383
 30
0.0
 11
49.79927495868041
 21
110.383
 31
0.0
  0
LINE
  5
773
330
17
100
AcDbEntity
  8
隐藏线
100
AcDbLine
 10
49.79927495868041
 20
110.383
 30
0.0
 11
49.92875680531113
 21
110.383
 31
0.0
  0
LINE
  5
774
330
17
100
AcDbEntity
  8
隐藏线
100
AcDbLine
 10
25.582156699693492
 20
118.633
 30
0.0
 11
23.199618273514233
 21
118.633
 31
0.0
  0
LINE
  5
775
330
17
100
AcDbEntity
  8
隐藏线
100
AcDbLine
 10
19.99299999999998
 20
122.133
 30
0.0
 11
18.943000000000012
 21
122.133
 31
0.0
  0
LINE
  5
776
330
17
100
AcDbEntity
  8
隐藏线
100
AcDbLine
 10
18.943000000000012
 20
122.133
 30
0.0
 11
17.892999999999986
 21
122.133
 31
0.0
  0
LINE
  5
777
330
17
100
AcDbEntity
  8
隐藏线
100
AcDbLine
 10
19.99300000000003
 20
118.633
 30
0.0
 11
18.943000000000012
 21
118.633
 31
0.0
  0
LINE
  5
778
330
17
100
AcDbEntity
  8
隐藏线
100
AcDbLine
 10
18.943000000000012
 20
118.633
 30
0.0
 11
17.892999999999986
 21
118.633
 31
0.0
  0
LINE
  5
779
330
17
100
AcDbEntity
  8
隐藏线
100
AcDbLine
 10
19.99300000000003
 20
124.51299999999999
 30
0.0
 11
18.943000000000012
 21
124.51299999999999
 31
0.0
  0
LINE
  5
77A
330
17
100
AcDbEntity
  8
隐藏线
100
AcDbLine
 10
18.943000000000012
 20
124.51299999999999
 30
0.0
 11
17.892999999999986
 21
124.51299999999999
 31
0.0
  0
LINE
  5
77B
330
17
100
AcDbEntity
  8
隐藏线
100
AcDbLine
 10
19.99300000000003
 20
116.253
 30
0.0
 11
18.943000000000012
 21
116.253
 31
0.0
  0
LINE
  5
77C
330
17
100
AcDbEntity
  8
隐藏线
100
AcDbLine
 10
18.943000000000012
 20
116.253
 30
0.0
 11
17.892999999999986
 21
116.253
 31
0.0
  0
LINE
  5
77D
330
17
100
AcDbEntity
  8
隐藏线
100
AcDbLine
 10
52.89300000000003
 20
116.253
 30
0.0
 11
51.84300000000003
 21
116.253
 31
0.0
  0
LINE
  5
77E
330
17
100
AcDbEntity
  8
隐藏线
100
AcDbLine
 10
51.84300000000003
 20
116.253
 30
0.0
 11
50.793000000000035
 21
116.253
 31
0.0
  0
LINE
  5
77F
330
17
100
AcDbEntity
  8
隐藏线
100
AcDbLine
 10
52.89300000000003
 20
118.633
 30
0.0
 11
51.84300000000003
 21
118.633
 31
0.0
  0
LINE
  5
780
330
17
100
AcDbEntity
  8
隐藏线
100
AcDbLine
 10
51.84300000000003
 20
118.633
 30
0.0
 11
50.793000000000035
 21
118.633
 31
0.0
  0
LINE
  5
781
330
17
100
AcDbEntity
  8
隐藏线
100
AcDbLine
 10
52.89300000000003
 20
124.51299999999999
 30
0.0
 11
51.84300000000003
 21
124.51299999999999
 31
0.0
  0
LINE
  5
782
330
17
100
AcDbEntity
  8
隐藏线
100
AcDbLine
 10
51.84300000000003
 20
124.51299999999999
 30
0.0
 11
50.793000000000035
 21
124.51299999999999
 31
0.0
  0
LINE
  5
783
330
17
100
AcDbEntity
  8
隐藏线
100
AcDbLine
 10
52.89300000000003
 20
122.133
 30
0.0
 11
51.84300000000003
 21
122.133
 31
0.0
  0
LINE
  5
784
330
17
100
AcDbEntity
  8
隐藏线
100
AcDbLine
 10
51.84300000000003
 20
122.133
 30
0.0
 11
50.793000000000035
 21
122.133
 31
0.0
  0
LINE
  5
785
330
17
100
AcDbEntity
  8
隐藏线
100
AcDbLine
 10
47.58638172648577
 20
118.633
 30
0.0
 11
45.20384330030653
 21
118.633
 31
0.0
  0
LINE
  5
786
330
17
100
AcDbEntity
  8
隐藏线
100
AcDbLine
 10
47.37550618144505
 20
130.38299999999998
 30
0.0
 11
47.37550618144505
 21
125.99612537310371
 31
0.0
  0
LINE
  5
787
330
17
100
AcDbEntity
  8
隐藏线
100
AcDbLine
 10
47.37550618144505
 20
125.99612537310371
 30
0.0
 11
47.37550618144505
 21
122.04480240163262
 31
0.0
  0
LINE
  5
788
330
17
100
AcDbEntity
  8
隐藏线
100
AcDbLine
 10
23.41049381855497
 20
130.38299999999998
 30
0.0
 11
23.41049381855497
 21
125.99612537310374
 31
0.0
  0
LINE
  5
789
330
17
100
AcDbEntity
  8
隐藏线
100
AcDbLine
 10
23.41049381855497
 20
125.99612537310374
 30
0.0
 11
23.41049381855497
 21
122.04480240163262
 31
0.0
  0
LINE
  5
78A
330
17
100
AcDbEntity
  8
隐藏线
100
AcDbLine
 10
47.37550618144505
 20
118.72120076307759
 30
0.0
 11
47.37550618144505
 21
114.7698746268964
 31
0.0
  0
LINE
  5
78B
330
17
100
AcDbEntity
  8
隐藏线
100
AcDbLine
 10
47.37550618144505
 20
114.7698746268964
 30
0.0
 11
47.37550618144505
 21
110.383
 31
0.0
  0
LINE
  5
78C
330
17
100
AcDbEntity
  8
隐藏线
100
AcDbLine
 10
23.41049381855497
 20
118.72120076307756
 30
0.0
 11
23.41049381855497
 21
114.7698746268964
 31
0.0
  0
LINE
  5
78D
330
17
100
AcDbEntity
  8
隐藏线
100
AcDbLine
 10
23.41049381855497
 20
114.7698746268964
 30
0.0
 11
23.41049381855497
 21
110.383
 31
0.0
  0
LINE
  5
78E
330
17
100
AcDbEntity
  8
可见轮廓
100
AcDbLine
 10
134.536
 20
12.537486515216173
 30
0.0
 11
134.53582422244833
 21
12.512452230546518
 31
0.0
  0
LINE
  5
78F
330
17
100
AcDbEntity
  8
可见轮廓
100
AcDbLine
 10
134.53582422244833
 20
12.512452230546518
 30
0.0
 11
134.53529622130694
 21
12.48743282065854
 31
0.0
  0
LINE
  5
790
330
17
100
AcDbEntity
  8
可见轮廓
100
AcDbLine
 10
134.53529622130694
 20
12.48743282065854
 30
0.0
 11
134.53441499384633
 21
12.462430202023505
 31
0.0
  0
LINE
  5
791
330
17
100
AcDbEntity
  8
可见轮廓
100
AcDbLine
 10
134.5331795373369
 20
12.437446291112675
 30
0.0
 11
134.53158884904914
 21
12.412483004397306
 31
0.0
  0
LINE
  5
792
330
17
100
AcDbEntity
  8
可见轮廓
100
AcDbLine
 10
134.53158884904914
 20
12.412483004397306
 30
0.0
 11
134.5296419262535
 21
12.387542258348667
 31
0.0
  0
LINE
  5
793
330
17
100
AcDbEntity
  8
可见轮廓
100
AcDbLine
 10
134.1346792020803
 20
11.422377913341066
 30
0.0
 11
134.12145220418046
 21
11.406563814761512
 31
0.0
  0
LINE
  5
794
330
17
100
AcDbEntity
  8
可见轮廓
100
AcDbLine
 10
134.06656823676735
 20
11.344742552100676
 30
0.0
 11
134.05236572898013
 21
11.329671226408593
 31
0.0
  0
LINE
  5
795
330
17
100
AcDbEntity
  8
可见轮廓
100
AcDbLine
 10
134.05236572898013
 20
11.329671226408593
 30
0.0
 11
134.03798393406638
 21
11.31476861153169
 31
0.0
  0
LINE
  5
796
330
17
100
AcDbEntity
  8
可见轮廓
100
AcDbLine
 10
134.03798393406638
 20
11.31476861153169
 30
0.0
 11
134.02343610282242
 21
11.300044363510999
 31
0.0
  0
LINE
  5
797
330
17
100
AcDbEntity
  8
可见轮廓
100
AcDbLine
 10
134.01225881469338
 20
11.28896374512911
 30
0.0
 11
133.95409213270804
 21
11.234365730450186
 31
0.0
  0
LINE
  5
798
330
17
100
AcDbEntity
  8
可见轮廓
100
AcDbLine
 10
133.95409213270804
 20
11.234365730450186
 30
0.0
 11
133.8934478565036
 21
11.182450889520283
 31
0.0
  0
LINE
  5
799
330
17
100
AcDbEntity
  8
可见轮廓
100
AcDbLine
 10
133.8934478565036
 20
11.182450889520283
 30
0.0
 11
133.83032028249696
 21
11.133238103649013
 31
0.0
  0
LINE
  5
79A
330
17
100
AcDbEntity
  8
可见轮廓
100
AcDbLine
 10
133.83032028249696
 20
11.133238103649013
 30
0.0
 11
133.76468212828874
 21
11.086740734315704
 31
0.0
  0
LINE
  5
79B
330
17
100
AcDbEntity
  8
可见轮廓
100
AcDbLine
 10
133.76468212828874
 20
11.086740734315704
 30
0.0
 11
133.69638732166274
 21
11.042983055428117
 31
0.0
  0
LINE
  5
79C
330
17
100
AcDbEntity
  8
可见轮廓
100
AcDbLine
 10
133.69638732166274
 20
11.042983055428117
 30
0.0
 11
133.6257335212963
 21
11.0021888356263
 31
0.0
  0
LINE
  5
79D
330
17
100
AcDbEntity
  8
可见轮廓
100
AcDbLine
 10
133.6257335212963
 20
11.0021888356263
 30
0.0
 11
133.5531260806506
 21
10.964619215806522
 31
0.0
  0
LINE
  5
79E
330
17
100
AcDbEntity
  8
可见轮廓
100
AcDbLine
 10
133.5531260806506
 20
10.964619215806522
 30
0.0
 11
133.47897035318672
 21
10.930535336864985
 31
0.0
  0
LINE
  5
79F
330
17
100
AcDbEntity
  8
可见轮廓
100
AcDbLine
 10
133.1412393441595
 20
10.823921515468228
 30
0.0
 11
133.0972823643708
 21
10.815399132528704
 31
0.0
  0
LINE
  5
7A0
330
17
100
AcDbEntity
  8
可见轮廓
100
AcDbLine
 10
133.0972823643708
 20
10.815399132528704
 30
0.0
 11
133.0531033077657
 21
10.808006285666274
 31
0.0
  0
LINE
  5
7A1
330
17
100
AcDbEntity
  8
可见轮廓
100
AcDbLine
 10
133.0531033077657
 20
10.808006285666274
 30
0.0
 11
133.00874922157647
 21
10.801745065114964
 31
0.0
  0
LINE
  5
7A2
330
17
100
AcDbEntity
  8
可见轮廓
100
AcDbLine
 10
133.00874922157647
 20
10.801745065114964
 30
0.0
 11
132.96426715303542
 21
10.796617561108803
 31
0.0
  0
LINE
  5
7A3
330
17
100
AcDbEntity
  8
可见轮廓
100
AcDbLine
 10
132.96426715303542
 20
10.796617561108803
 30
0.0
 11
132.91970414937495
 21
10.792625863881824
 31
0.0
  0
LINE
  5
7A4
330
17
100
AcDbEntity
  8
可见轮廓
100
AcDbLine
 10
132.91970414937495
 20
10.792625863881824
 30
0.0
 11
132.87510725782735
 21
10.789772063668039
 31
0.0
  0
LINE
  5
7A5
330
17
100
AcDbEntity
  8
可见轮廓
100
AcDbLine
 10
132.87510725782735
 20
10.789772063668039
 30
0.0
 11
132.83052352562493
 21
10.788058250701482
 31
0.0
  0
LINE
  5
7A6
330
17
100
AcDbEntity
  8
可见轮廓
100
AcDbLine
 10
132.83052352562493
 20
10.788058250701482
 30
0.0
 11
132.786
 21
10.787486515216173
 31
0.0
  0
LINE
  5
7A7
330
17
100
AcDbEntity
  8
可见轮廓
100
AcDbLine
 10
134.52456255374898
 20
12.337736054136624
 30
0.0
 11
134.51234550332623
 21
12.251458803400276
 31
0.0
  0
LINE
  5
7A8
330
17
100
AcDbEntity
  8
可见轮廓
100
AcDbLine
 10
134.51234550332623
 20
12.251458803400276
 30
0.0
 11
134.49485246536403
 21
12.161245160475445
 31
0.0
  0
LINE
  5
7A9
330
17
100
AcDbEntity
  8
可见轮廓
100
AcDbLine
 10
134.49485246536403
 20
12.161245160475445
 30
0.0
 11
134.47197104605303
 21
12.068925140428988
 31
0.0
  0
LINE
  5
7AA
330
17
100
AcDbEntity
  8
可见轮廓
100
AcDbLine
 10
134.47197104605303
 20
12.068925140428988
 30
0.0
 11
134.44358885158383
 21
11.976328758327782
 31
0.0
  0
LINE
  5
7AB
330
17
100
AcDbEntity
  8
可见轮廓
100
AcDbLine
 10
134.44358885158383
 20
11.976328758327782
 30
0.0
 11
134.40996349294377
 21
11.8855954434543
 31
0.0
  0
LINE
  5
7AC
330
17
100
AcDbEntity
  8
可见轮廓
100
AcDbLine
 10
134.40996349294377
 20
11.8855954434543
 30
0.0
 11
134.3720881912473
 21
11.798369442632776
 31
0.0
  0
LINE
  5
7AD
330
17
100
AcDbEntity
  8
可见轮廓
100
AcDbLine
 10
134.3720881912473
 20
11.798369442632776
 30
0.0
 11
134.33090311966302
 21
11.715627993320801
 31
0.0
  0
LINE
  5
7AE
330
17
100
AcDbEntity
  8
可见轮廓
100
AcDbLine
 10
134.33090311966302
 20
11.715627993320801
 30
0.0
 11
134.28734809763492
 21
11.638347584520226
 31
0.0
  0
LINE
  5
7AF
330
17
100
AcDbEntity
  8
可见轮廓
100
AcDbLine
 10
134.28734809763492
 20
11.638347584520226
 30
0.0
 11
134.25601677278385
 21
11.588034039621093
 31
0.0
  0
LINE
  5
7B0
330
17
100
AcDbEntity
  8
可见轮廓
100
AcDbLine
 10
134.25601677278385
 20
11.588034039621093
 30
0.0
 11
134.2243117874416
 21
11.540738814425325
 31
0.0
  0
LINE
  5
7B1
330
17
100
AcDbEntity
  8
可见轮廓
100
AcDbLine
 10
134.2243117874416
 20
11.540738814425325
 30
0.0
 11
134.19270912240788
 21
11.496644753462078
 31
0.0
  0
LINE
  5
7B2
330
17
100
AcDbEntity
  8
可见轮廓
100
AcDbLine
 10
134.19270912240788
 20
11.496644753462078
 30
0.0
 11
134.161685680123
 21
11.45593672348216
 31
0.0
  0
LINE
  5
7B3
330
17
100
AcDbEntity
  8
可见轮廓
100
AcDbLine
 10
134.161685680123
 20
11.45593672348216
 30
0.0
 11
134.13171836302732
 21
11.418799591236379
 31
0.0
  0
LINE
  5
7B4
330
17
100
AcDbEntity
  8
可见轮廓
100
AcDbLine
 10
134.03307295630785
 20
11.309580539626758
 30
0.0
 11
134.0295984557413
 21
11.306064625312196
 31
0.0
  0
LINE
  5
7B5
330
17
100
AcDbEntity
  8
可见轮廓
100
AcDbLine
 10
142.786
 20
17.82609395356962
 30
0.0
 11
142.786
 21
17.726582458028446
 31
0.0
  0
LINE
  5
7B6
330
17
100
AcDbEntity
  8
可见轮廓
100
AcDbLine
 10
142.786
 20
17.726582458028446
 30
0.0
 11
142.786
 21
17.62758768573675
 31
0.0
  0
LINE
  5
7B7
330
17
100
AcDbEntity
  8
可见轮廓
100
AcDbLine
 10
142.786
 20
17.62758768573675
 30
0.0
 11
142.786
 21
17.529576890822437
 31
0.0
  0
LINE
  5
7B8
330
17
100
AcDbEntity
  8
可见轮廓
100
AcDbLine
 10
142.786
 20
17.529576890822437
 30
0.0
 11
142.786
 21
17.433012991273436
 31
0.0
  0
LINE
  5
7B9
330
17
100
AcDbEntity
  8
可见轮廓
100
AcDbLine
 10
142.786
 20
17.433012991273436
 30
0.0
 11
142.786
 21
17.3385597065259
 31
0.0
  0
LINE
  5
7BA
330
17
100
AcDbEntity
  8
可见轮廓
100
AcDbLine
 10
142.786
 20
17.3385597065259
 30
0.0
 11
142.786
 21
17.246545192701774
 31
0.0
  0
LINE
  5
7BB
330
17
100
AcDbEntity
  8
可见轮廓
100
AcDbLine
 10
142.786
 20
17.246545192701774
 30
0.0
 11
142.786
 21
17.157403448972058
 31
0.0
  0
LINE
  5
7BC
330
17
100
AcDbEntity
  8
可见轮廓
100
AcDbLine
 10
142.786
 20
17.157403448972058
 30
0.0
 11
142.786
 21
17.07155581493498
 31
0.0
  0
LINE
  5
7BD
330
17
100
AcDbEntity
  8
可见轮廓
100
AcDbLine
 10
142.786
 20
17.07155581493498
 30
0.0
 11
142.786
 21
16.98975960927125
 31
0.0
  0
LINE
  5
7BE
330
17
100
AcDbEntity
  8
可见轮廓
100
AcDbLine
 10
142.786
 20
16.98975960927125
 30
0.0
 11
142.786
 21
16.912128020462525
 31
0.0
  0
LINE
  5
7BF
330
17
100
AcDbEntity
  8
可见轮廓
100
AcDbLine
 10
142.786
 20
16.912128020462525
 30
0.0
 11
142.786
 21
16.839026877023063
 31
0.0
  0
LINE
  5
7C0
330
17
100
AcDbEntity
  8
可见轮廓
100
AcDbLine
 10
142.786
 20
16.839026877023063
 30
0.0
 11
142.786
 21
16.770802042937802
 31
0.0
  0
LINE
  5
7C1
330
17
100
AcDbEntity
  8
可见轮廓
100
AcDbLine
 10
142.786
 20
16.770802042937802
 30
0.0
 11
142.786
 21
16.708243509030073
 31
0.0
  0
LINE
  5
7C2
330
17
100
AcDbEntity
  8
可见轮廓
100
AcDbLine
 10
142.786
 20
16.708243509030073
 30
0.0
 11
142.786
 21
16.65124039000621
 31
0.0
  0
LINE
  5
7C3
330
17
100
AcDbEntity
  8
可见轮廓
100
AcDbLine
 10
142.786
 20
16.65124039000621
 30
0.0
 11
142.786
 21
16.600060912426528
 31
0.0
  0
LINE
  5
7C4
330
17
100
AcDbEntity
  8
可见轮廓
100
AcDbLine
 10
142.786
 20
16.600060912426528
 30
0.0
 11
142.786
 21
16.55494763953329
 31
0.0
  0
LINE
  5
7C5
330
17
100
AcDbEntity
  8
可见轮廓
100
AcDbLine
 10
134.536
 20
16.55494763953329
 30
0.0
 11
134.536
 21
16.600060912426528
 31
0.0
  0
LINE
  5
7C6
330
17
100
AcDbEntity
  8
可见轮廓
100
AcDbLine
 10
134.536
 20
16.600060912426528
 30
0.0
 11
134.536
 21
16.65124039000621
 31
0.0
  0
LINE
  5
7C7
330
17
100
AcDbEntity
  8
可见轮廓
100
AcDbLine
 10
134.536
 20
16.65124039000621
 30
0.0
 11
134.536
 21
16.708243509030073
 31
0.0
  0
LINE
  5
7C8
330
17
100
AcDbEntity
  8
可见轮廓
100
AcDbLine
 10
134.536
 20
16.708243509030073
 30
0.0
 11
134.536
 21
16.770802042937802
 31
0.0
  0
LINE
  5
7C9
330
17
100
AcDbEntity
  8
可见轮廓
100
AcDbLine
 10
134.536
 20
16.770802042937802
 30
0.0
 11
134.536
 21
16.839026877023063
 31
0.0
  0
LINE
  5
7CA
330
17
100
AcDbEntity
  8
可见轮廓
100
AcDbLine
 10
134.536
 20
16.839026877023063
 30
0.0
 11
134.536
 21
16.912128020462525
 31
0.0
  0
LINE
  5
7CB
330
17
100
AcDbEntity
  8
可见轮廓
100
AcDbLine
 10
134.536
 20
16.912128020462525
 30
0.0
 11
134.536
 21
16.98975960927125
 31
0.0
  0
LINE
  5
7CC
330
17
100
AcDbEntity
  8
可见轮廓
100
AcDbLine
 10
134.536
 20
16.98975960927125
 30
0.0
 11
134.536
 21
17.07155581493498
 31
0.0
  0
LINE
  5
7CD
330
17
100
AcDbEntity
  8
可见轮廓
100
AcDbLine
 10
134.536
 20
17.07155581493498
 30
0.0
 11
134.536
 21
17.157403448972055
 31
0.0
  0
LINE
  5
7CE
330
17
100
AcDbEntity
  8
可见轮廓
100
AcDbLine
 10
134.536
 20
17.157403448972055
 30
0.0
 11
134.536
 21
17.246545192701774
 31
0.0
  0
LINE
  5
7CF
330
17
100
AcDbEntity
  8
可见轮廓
100
AcDbLine
 10
134.536
 20
17.246545192701774
 30
0.0
 11
134.536
 21
17.3385597065259
 31
0.0
  0
LINE
  5
7D0
330
17
100
AcDbEntity
  8
可见轮廓
100
AcDbLine
 10
134.536
 20
17.3385597065259
 30
0.0
 11
134.536
 21
17.433012991273436
 31
0.0
  0
LINE
  5
7D1
330
17
100
AcDbEntity
  8
可见轮廓
100
AcDbLine
 10
134.536
 20
17.433012991273436
 30
0.0
 11
134.536
 21
17.529576890822433
 31
0.0
  0
LINE
  5
7D2
330
17
100
AcDbEntity
  8
可见轮廓
100
AcDbLine
 10
134.536
 20
17.529576890822433
 30
0.0
 11
134.536
 21
17.62758768573675
 31
0.0
  0
LINE
  5
7D3
330
17
100
AcDbEntity
  8
可见轮廓
100
AcDbLine
 10
134.536
 20
17.62758768573675
 30
0.0
 11
134.536
 21
17.726582458028446
 31
0.0
  0
LINE
  5
7D4
330
17
100
AcDbEntity
  8
可见轮廓
100
AcDbLine
 10
134.536
 20
17.726582458028446
 30
0.0
 11
134.536
 21
17.82609395356962
 31
0.0
  0
LINE
  5
7D5
330
17
100
AcDbEntity
  8
可见轮廓
100
AcDbLine
 10
134.536
 20
12.537486515216173
 30
0.0
 11
134.536
 21
12.790610732217122
 31
0.0
  0
LINE
  5
7D6
330
17
100
AcDbEntity
  8
可见轮廓
100
AcDbLine
 10
134.536
 20
12.790610732217122
 30
0.0
 11
134.536
 21
13.039121712104944
 31
0.0
  0
LINE
  5
7D7
330
17
100
AcDbEntity
  8
可见轮廓
100
AcDbLine
 10
134.536
 20
13.039121712104944
 30
0.0
 11
134.536
 21
13.28282437023542
 31
0.0
  0
LINE
  5
7D8
330
17
100
AcDbEntity
  8
可见轮廓
100
AcDbLine
 10
134.536
 20
13.28282437023542
 30
0.0
 11
134.536
 21
13.5215271471941
 31
0.0
  0
LINE
  5
7D9
330
17
100
AcDbEntity
  8
可见轮廓
100
AcDbLine
 10
134.536
 20
13.5215271471941
 30
0.0
 11
134.536
 21
13.754589975067823
 31
0.0
  0
LINE
  5
7DA
330
17
100
AcDbEntity
  8
可见轮廓
100
AcDbLine
 10
134.536
 20
13.754589975067823
 30
0.0
 11
134.536
 21
13.982245296378771
 31
0.0
  0
LINE
  5
7DB
330
17
100
AcDbEntity
  8
可见轮廓
100
AcDbLine
 10
134.536
 20
13.982245296378771
 30
0.0
 11
134.536
 21
14.204314429404729
 31
0.0
  0
LINE
  5
7DC
330
17
100
AcDbEntity
  8
可见轮廓
100
AcDbLine
 10
134.536
 20
14.204314429404729
 30
0.0
 11
134.536
 21
14.420622787947487
 31
0.0
  0
LINE
  5
7DD
330
17
100
AcDbEntity
  8
可见轮廓
100
AcDbLine
 10
134.536
 20
14.420622787947487
 30
0.0
 11
134.536
 21
14.469786034650863
 31
0.0
  0
LINE
  5
7DE
330
17
100
AcDbEntity
  8
可见轮廓
100
AcDbLine
 10
134.536
 20
14.469786034650863
 30
0.0
 11
134.536
 21
14.518628247752385
 31
0.0
  0
LINE
  5
7DF
330
17
100
AcDbEntity
  8
可见轮廓
100
AcDbLine
 10
134.536
 20
14.518628247752385
 30
0.0
 11
134.536
 21
14.567147371576873
 31
0.0
  0
LINE
  5
7E0
330
17
100
AcDbEntity
  8
可见轮廓
100
AcDbLine
 10
134.536
 20
14.567147371576873
 30
0.0
 11
134.536
 21
14.615341363143589
 31
0.0
  0
LINE
  5
7E1
330
17
100
AcDbEntity
  8
可见轮廓
100
AcDbLine
 10
134.536
 20
14.615341363143589
 30
0.0
 11
134.536
 21
14.663180710487286
 31
0.0
  0
LINE
  5
7E2
330
17
100
AcDbEntity
  8
可见轮廓
100
AcDbLine
 10
134.536
 20
14.663180710487286
 30
0.0
 11
134.536
 21
14.710690478555914
 31
0.0
  0
LINE
  5
7E3
330
17
100
AcDbEntity
  8
可见轮廓
100
AcDbLine
 10
134.536
 20
14.710690478555914
 30
0.0
 11
134.536
 21
14.75786866777862
 31
0.0
  0
LINE
  5
7E4
330
17
100
AcDbEntity
  8
可见轮廓
100
AcDbLine
 10
134.536
 20
14.75786866777862
 30
0.0
 11
134.536
 21
14.804713291612586
 31
0.0
  0
LINE
  5
7E5
330
17
100
AcDbEntity
  8
可见轮廓
100
AcDbLine
 10
134.536
 20
14.804713291612586
 30
0.0
 11
134.536
 21
15.066448104208522
 31
0.0
  0
LINE
  5
7E6
330
17
100
AcDbEntity
  8
可见轮廓
100
AcDbLine
 10
134.536
 20
15.066448104208522
 30
0.0
 11
134.536
 21
15.31672744829715
 31
0.0
  0
LINE
  5
7E7
330
17
100
AcDbEntity
  8
可见轮廓
100
AcDbLine
 10
134.536
 20
15.31672744829715
 30
0.0
 11
134.536
 21
15.555204874881557
 31
0.0
  0
LINE
  5
7E8
330
17
100
AcDbEntity
  8
可见轮廓
100
AcDbLine
 10
134.536
 20
15.555204874881557
 30
0.0
 11
134.536
 21
15.781549206610709
 31
0.0
  0
LINE
  5
7E9
330
17
100
AcDbEntity
  8
可见轮廓
100
AcDbLine
 10
134.536
 20
15.781549206610709
 30
0.0
 11
134.536
 21
15.994375526637302
 31
0.0
  0
LINE
  5
7EA
330
17
100
AcDbEntity
  8
可见轮廓
100
AcDbLine
 10
134.536
 20
15.994375526637302
 30
0.0
 11
134.536
 21
16.194399027196386
 31
0.0
  0
LINE
  5
7EB
330
17
100
AcDbEntity
  8
可见轮廓
100
AcDbLine
 10
134.536
 20
16.194399027196386
 30
0.0
 11
134.536
 21
16.38134299447405
 31
0.0
  0
LINE
  5
7EC
330
17
100
AcDbEntity
  8
可见轮廓
100
AcDbLine
 10
134.536
 20
16.38134299447405
 30
0.0
 11
134.536
 21
16.55494763953328
 31
0.0
  0
LINE
  5
7ED
330
17
100
AcDbEntity
  8
可见轮廓
100
AcDbLine
 10
142.786
 20
16.55494763953328
 30
0.0
 11
142.786
 21
16.381342994474053
 31
0.0
  0
LINE
  5
7EE
330
17
100
AcDbEntity
  8
可见轮廓
100
AcDbLine
 10
142.786
 20
16.381342994474053
 30
0.0
 11
142.786
 21
16.194399027196386
 31
0.0
  0
LINE
  5
7EF
330
17
100
AcDbEntity
  8
可见轮廓
100
AcDbLine
 10
142.786
 20
16.194399027196386
 30
0.0
 11
142.786
 21
15.994375526637306
 31
0.0
  0
LINE
  5
7F0
330
17
100
AcDbEntity
  8
可见轮廓
100
AcDbLine
 10
142.786
 20
15.994375526637306
 30
0.0
 11
142.786
 21
15.781549206610713
 31
0.0
  0
LINE
  5
7F1
330
17
100
AcDbEntity
  8
可见轮廓
100
AcDbLine
 10
142.786
 20
15.781549206610713
 30
0.0
 11
142.786
 21
15.555204874881557
 31
0.0
  0
LINE
  5
7F2
330
17
100
AcDbEntity
  8
可见轮廓
100
AcDbLine
 10
142.786
 20
15.555204874881557
 30
0.0
 11
142.786
 21
15.316727448297154
 31
0.0
  0
LINE
  5
7F3
330
17
100
AcDbEntity
  8
可见轮廓
100
AcDbLine
 10
142.786
 20
15.316727448297154
 30
0.0
 11
142.786
 21
15.066448104208526
 31
0.0
  0
LINE
  5
7F4
330
17
100
AcDbEntity
  8
可见轮廓
100
AcDbLine
 10
142.786
 20
15.066448104208526
 30
0.0
 11
142.786
 21
14.804713291612586
 31
0.0
  0
LINE
  5
7F5
330
17
100
AcDbEntity
  8
可见轮廓
100
AcDbLine
 10
142.786
 20
14.804713291612586
 30
0.0
 11
142.786
 21
14.531000884819427
 31
0.0
  0
LINE
  5
7F6
330
17
100
AcDbEntity
  8
可见轮廓
100
AcDbLine
 10
142.786
 20
14.531000884819427
 30
0.0
 11
142.786
 21
14.24664955356615
 31
0.0
  0
LINE
  5
7F7
330
17
100
AcDbEntity
  8
可见轮廓
100
AcDbLine
 10
142.786
 20
14.24664955356615
 30
0.0
 11
142.786
 21
13.952054004105285
 31
0.0
  0
LINE
  5
7F8
330
17
100
AcDbEntity
  8
可见轮廓
100
AcDbLine
 10
142.786
 20
13.952054004105285
 30
0.0
 11
142.786
 21
13.647622198677041
 31
0.0
  0
LINE
  5
7F9
330
17
100
AcDbEntity
  8
可见轮廓
100
AcDbLine
 10
142.786
 20
13.647622198677041
 30
0.0
 11
142.786
 21
13.333037469241788
 31
0.0
  0
LINE
  5
7FA
330
17
100
AcDbEntity
  8
可见轮廓
100
AcDbLine
 10
142.786
 20
13.333037469241788
 30
0.0
 11
142.786
 21
13.009560469069356
 31
0.0
  0
LINE
  5
7FB
330
17
100
AcDbEntity
  8
可见轮廓
100
AcDbLine
 10
142.786
 20
13.009560469069356
 30
0.0
 11
142.786
 21
12.677640066131172
 31
0.0
  0
LINE
  5
7FC
330
17
100
AcDbEntity
  8
可见轮廓
100
AcDbLine
 10
142.786
 20
12.677640066131172
 30
0.0
 11
142.786
 21
12.33773605413656
 31
0.0
  0
LINE
  5
7FD
330
17
100
AcDbEntity
  8
可见轮廓
100
AcDbLine
 10
142.786
 20
11.288963745129116
 30
0.0
 11
138.39912537310374
 21
11.288963745129116
 31
0.0
  0
LINE
  5
7FE
330
17
100
AcDbEntity
  8
可见轮廓
100
AcDbLine
 10
138.39912537310374
 20
11.288963745129116
 30
0.0
 11
134.01225074620749
 21
11.288963745129116
 31
0.0
  0
LINE
  5
7FF
330
17
100
AcDbEntity
  8
可见轮廓
100
AcDbLine
 10
142.786
 20
12.337736054136574
 30
0.0
 11
142.786
 21
12.255470745445862
 31
0.0
  0
LINE
  5
800
330
17
100
AcDbEntity
  8
可见轮廓
100
AcDbLine
 10
142.786
 20
12.255470745445862
 30
0.0
 11
142.786
 21
12.168813731607827
 31
0.0
  0
LINE
  5
801
330
17
100
AcDbEntity
  8
可见轮廓
100
AcDbLine
 10
142.786
 20
12.168813731607827
 30
0.0
 11
142.786
 21
12.079147963439809
 31
0.0
  0
LINE
  5
802
330
17
100
AcDbEntity
  8
可见轮廓
100
AcDbLine
 10
142.786
 20
12.079147963439809
 30
0.0
 11
142.786
 21
11.987901154068318
 31
0.0
  0
LINE
  5
803
330
17
100
AcDbEntity
  8
可见轮廓
100
AcDbLine
 10
142.786
 20
11.987901154068318
 30
0.0
 11
142.786
 21
11.896673595507465
 31
0.0
  0
LINE
  5
804
330
17
100
AcDbEntity
  8
可见轮廓
100
AcDbLine
 10
142.786
 20
11.896673595507465
 30
0.0
 11
142.786
 21
11.80706228407621
 31
0.0
  0
LINE
  5
805
330
17
100
AcDbEntity
  8
可见轮廓
100
AcDbLine
 10
142.786
 20
11.80706228407621
 30
0.0
 11
142.786
 21
11.720494046593913
 31
0.0
  0
LINE
  5
806
330
17
100
AcDbEntity
  8
可见轮廓
100
AcDbLine
 10
142.786
 20
11.720494046593913
 30
0.0
 11
142.786
 21
11.638350436985561
 31
0.0
  0
LINE
  5
807
330
17
100
AcDbEntity
  8
可见轮廓
100
AcDbLine
 10
142.786
 20
11.638350436985561
 30
0.0
 11
142.786
 21
11.562558838654233
 31
0.0
  0
LINE
  5
808
330
17
100
AcDbEntity
  8
可见轮廓
100
AcDbLine
 10
142.786
 20
11.562558838654233
 30
0.0
 11
142.786
 21
11.49395918507237
 31
0.0
  0
LINE
  5
809
330
17
100
AcDbEntity
  8
可见轮廓
100
AcDbLine
 10
142.786
 20
11.49395918507237
 30
0.0
 11
142.786
 21
11.433640583619521
 31
0.0
  0
LINE
  5
80A
330
17
100
AcDbEntity
  8
可见轮廓
100
AcDbLine
 10
142.786
 20
11.433640583619521
 30
0.0
 11
142.786
 21
11.382568941514968
 31
0.0
  0
LINE
  5
80B
330
17
100
AcDbEntity
  8
可见轮廓
100
AcDbLine
 10
142.786
 20
11.342483267545184
 30
0.0
 11
142.786
 21
11.3132417976571
 31
0.0
  0
LINE
  5
80C
330
17
100
AcDbEntity
  8
可见轮廓
100
AcDbLine
 10
142.786
 20
11.3132417976571
 30
0.0
 11
142.786
 21
11.29530464519003
 31
0.0
  0
LINE
  5
80D
330
17
100
AcDbEntity
  8
可见轮廓
100
AcDbLine
 10
122.786
 20
16.55494763953329
 30
0.0
 11
122.786
 21
16.600060912426528
 31
0.0
  0
LINE
  5
80E
330
17
100
AcDbEntity
  8
可见轮廓
100
AcDbLine
 10
122.786
 20
16.600060912426528
 30
0.0
 11
122.786
 21
16.65124039000621
 31
0.0
  0
LINE
  5
80F
330
17
100
AcDbEntity
  8
可见轮廓
100
AcDbLine
 10
122.786
 20
16.65124039000621
 30
0.0
 11
122.786
 21
16.708243509030073
 31
0.0
  0
LINE
  5
810
330
17
100
AcDbEntity
  8
可见轮廓
100
AcDbLine
 10
122.786
 20
16.708243509030073
 30
0.0
 11
122.786
 21
16.770802042937802
 31
0.0
  0
LINE
  5
811
330
17
100
AcDbEntity
  8
可见轮廓
100
AcDbLine
 10
122.786
 20
16.770802042937802
 30
0.0
 11
122.786
 21
16.839026877023066
 31
0.0
  0
LINE
  5
812
330
17
100
AcDbEntity
  8
可见轮廓
100
AcDbLine
 10
122.786
 20
16.839026877023066
 30
0.0
 11
122.786
 21
16.912128020462525
 31
0.0
  0
LINE
  5
813
330
17
100
AcDbEntity
  8
可见轮廓
100
AcDbLine
 10
122.786
 20
16.912128020462525
 30
0.0
 11
122.786
 21
16.98975960927125
 31
0.0
  0
LINE
  5
814
330
17
100
AcDbEntity
  8
可见轮廓
100
AcDbLine
 10
122.786
 20
16.98975960927125
 30
0.0
 11
122.786
 21
17.07155581493498
 31
0.0
  0
LINE
  5
815
330
17
100
AcDbEntity
  8
可见轮廓
100
AcDbLine
 10
122.786
 20
17.07155581493498
 30
0.0
 11
122.786
 21
17.157403448972058
 31
0.0
  0
LINE
  5
816
330
17
100
AcDbEntity
  8
可见轮廓
100
AcDbLine
 10
122.786
 20
17.157403448972058
 30
0.0
 11
122.786
 21
17.246545192701777
 31
0.0
  0
LINE
  5
817
330
17
100
AcDbEntity
  8
可见轮廓
100
AcDbLine
 10
122.786
 20
17.246545192701777
 30
0.0
 11
122.786
 21
17.338559706525903
 31
0.0
  0
LINE
  5
818
330
17
100
AcDbEntity
  8
可见轮廓
100
AcDbLine
 10
122.786
 20
17.338559706525903
 30
0.0
 11
122.786
 21
17.433012991273436
 31
0.0
  0
LINE
  5
819
330
17
100
AcDbEntity
  8
可见轮廓
100
AcDbLine
 10
122.786
 20
17.433012991273436
 30
0.0
 11
122.786
 21
17.529576890822437
 31
0.0
  0
LINE
  5
81A
330
17
100
AcDbEntity
  8
可见轮廓
100
AcDbLine
 10
122.786
 20
17.529576890822437
 30
0.0
 11
122.786
 21
17.62758768573675
 31
0.0
  0
LINE
  5
81B
330
17
100
AcDbEntity
  8
可见轮廓
100
AcDbLine
 10
122.786
 20
17.62758768573675
 30
0.0
 11
122.786
 21
17.726582458028442
 31
0.0
  0
LINE
  5
81C
330
17
100
AcDbEntity
  8
可见轮廓
100
AcDbLine
 10
122.786
 20
17.726582458028442
 30
0.0
 11
122.786
 21
17.82609395356962
 31
0.0
  0
LINE
  5
81D
330
17
100
AcDbEntity
  8
可见轮廓
100
AcDbLine
 10
131.036
 20
16.55494763953329
 30
0.0
 11
131.036
 21
16.600060912426528
 31
0.0
  0
LINE
  5
81E
330
17
100
AcDbEntity
  8
可见轮廓
100
AcDbLine
 10
131.036
 20
16.600060912426528
 30
0.0
 11
131.036
 21
16.65124039000621
 31
0.0
  0
LINE
  5
81F
330
17
100
AcDbEntity
  8
可见轮廓
100
AcDbLine
 10
131.036
 20
16.65124039000621
 30
0.0
 11
131.036
 21
16.708243509030073
 31
0.0
  0
LINE
  5
820
330
17
100
AcDbEntity
  8
可见轮廓
100
AcDbLine
 10
131.036
 20
16.708243509030073
 30
0.0
 11
131.036
 21
16.770802042937802
 31
0.0
  0
LINE
  5
821
330
17
100
AcDbEntity
  8
可见轮廓
100
AcDbLine
 10
131.036
 20
16.770802042937802
 30
0.0
 11
131.036
 21
16.839026877023063
 31
0.0
  0
LINE
  5
822
330
17
100
AcDbEntity
  8
可见轮廓
100
AcDbLine
 10
131.036
 20
16.839026877023063
 30
0.0
 11
131.036
 21
16.912128020462525
 31
0.0
  0
LINE
  5
823
330
17
100
AcDbEntity
  8
可见轮廓
100
AcDbLine
 10
131.036
 20
16.912128020462525
 30
0.0
 11
131.036
 21
16.98975960927125
 31
0.0
  0
LINE
  5
824
330
17
100
AcDbEntity
  8
可见轮廓
100
AcDbLine
 10
131.036
 20
16.98975960927125
 30
0.0
 11
131.036
 21
17.07155581493498
 31
0.0
  0
LINE
  5
825
330
17
100
AcDbEntity
  8
可见轮廓
100
AcDbLine
 10
131.036
 20
17.07155581493498
 30
0.0
 11
131.036
 21
17.157403448972055
 31
0.0
  0
LINE
  5
826
330
17
100
AcDbEntity
  8
可见轮廓
100
AcDbLine
 10
131.036
 20
17.157403448972055
 30
0.0
 11
131.036
 21
17.246545192701774
 31
0.0
  0
LINE
  5
827
330
17
100
AcDbEntity
  8
可见轮廓
100
AcDbLine
 10
131.036
 20
17.246545192701774
 30
0.0
 11
131.036
 21
17.3385597065259
 31
0.0
  0
LINE
  5
828
330
17
100
AcDbEntity
  8
可见轮廓
100
AcDbLine
 10
131.036
 20
17.3385597065259
 30
0.0
 11
131.036
 21
17.433012991273436
 31
0.0
  0
LINE
  5
829
330
17
100
AcDbEntity
  8
可见轮廓
100
AcDbLine
 10
131.036
 20
17.433012991273436
 30
0.0
 11
131.036
 21
17.529576890822433
 31
0.0
  0
LINE
  5
82A
330
17
100
AcDbEntity
  8
可见轮廓
100
AcDbLine
 10
131.036
 20
17.529576890822433
 30
0.0
 11
131.036
 21
17.62758768573675
 31
0.0
  0
LINE
  5
82B
330
17
100
AcDbEntity
  8
可见轮廓
100
AcDbLine
 10
131.036
 20
17.62758768573675
 30
0.0
 11
131.036
 21
17.726582458028446
 31
0.0
  0
LINE
  5
82C
330
17
100
AcDbEntity
  8
可见轮廓
100
AcDbLine
 10
131.036
 20
17.726582458028446
 30
0.0
 11
131.036
 21
17.82609395356962
 31
0.0
  0
LINE
  5
82D
330
17
100
AcDbEntity
  8
可见轮廓
100
AcDbLine
 10
131.036
 20
12.537486515216173
 30
0.0
 11
131.036
 21
12.790610732217122
 31
0.0
  0
LINE
  5
82E
330
17
100
AcDbEntity
  8
可见轮廓
100
AcDbLine
 10
131.036
 20
12.790610732217122
 30
0.0
 11
131.036
 21
13.039121712104944
 31
0.0
  0
LINE
  5
82F
330
17
100
AcDbEntity
  8
可见轮廓
100
AcDbLine
 10
131.036
 20
13.039121712104944
 30
0.0
 11
131.036
 21
13.28282437023542
 31
0.0
  0
LINE
  5
830
330
17
100
AcDbEntity
  8
可见轮廓
100
AcDbLine
 10
131.036
 20
13.28282437023542
 30
0.0
 11
131.036
 21
13.5215271471941
 31
0.0
  0
LINE
  5
831
330
17
100
AcDbEntity
  8
可见轮廓
100
AcDbLine
 10
131.036
 20
13.5215271471941
 30
0.0
 11
131.036
 21
13.754589975067823
 31
0.0
  0
LINE
  5
832
330
17
100
AcDbEntity
  8
可见轮廓
100
AcDbLine
 10
131.036
 20
13.754589975067823
 30
0.0
 11
131.036
 21
13.982245296378771
 31
0.0
  0
LINE
  5
833
330
17
100
AcDbEntity
  8
可见轮廓
100
AcDbLine
 10
131.036
 20
13.982245296378771
 30
0.0
 11
131.036
 21
14.204314429404729
 31
0.0
  0
LINE
  5
834
330
17
100
AcDbEntity
  8
可见轮廓
100
AcDbLine
 10
131.036
 20
14.204314429404729
 30
0.0
 11
131.036
 21
14.420622787947487
 31
0.0
  0
LINE
  5
835
330
17
100
AcDbEntity
  8
可见轮廓
100
AcDbLine
 10
131.036
 20
14.420622787947487
 30
0.0
 11
131.036
 21
14.469786034650859
 31
0.0
  0
LINE
  5
836
330
17
100
AcDbEntity
  8
可见轮廓
100
AcDbLine
 10
131.036
 20
14.469786034650859
 30
0.0
 11
131.036
 21
14.518628247752378
 31
0.0
  0
LINE
  5
837
330
17
100
AcDbEntity
  8
可见轮廓
100
AcDbLine
 10
131.036
 20
14.518628247752378
 30
0.0
 11
131.036
 21
14.567147371576862
 31
0.0
  0
LINE
  5
838
330
17
100
AcDbEntity
  8
可见轮廓
100
AcDbLine
 10
131.036
 20
14.567147371576862
 30
0.0
 11
131.036
 21
14.615341363143575
 31
0.0
  0
LINE
  5
839
330
17
100
AcDbEntity
  8
可见轮廓
100
AcDbLine
 10
131.036
 20
14.615341363143575
 30
0.0
 11
131.036
 21
14.663180710487268
 31
0.0
  0
LINE
  5
83A
330
17
100
AcDbEntity
  8
可见轮廓
100
AcDbLine
 10
131.036
 20
14.663180710487268
 30
0.0
 11
131.036
 21
14.710690478555897
 31
0.0
  0
LINE
  5
83B
330
17
100
AcDbEntity
  8
可见轮廓
100
AcDbLine
 10
131.036
 20
14.710690478555897
 30
0.0
 11
131.036
 21
14.757868667778599
 31
0.0
  0
LINE
  5
83C
330
17
100
AcDbEntity
  8
可见轮廓
100
AcDbLine
 10
131.036
 20
14.757868667778599
 30
0.0
 11
131.036
 21
14.804713291612561
 31
0.0
  0
LINE
  5
83D
330
17
100
AcDbEntity
  8
可见轮廓
100
AcDbLine
 10
131.036
 20
14.804713291612561
 30
0.0
 11
131.036
 21
15.066448104208504
 31
0.0
  0
LINE
  5
83E
330
17
100
AcDbEntity
  8
可见轮廓
100
AcDbLine
 10
131.036
 20
15.066448104208504
 30
0.0
 11
131.036
 21
15.316727448297133
 31
0.0
  0
LINE
  5
83F
330
17
100
AcDbEntity
  8
可见轮廓
100
AcDbLine
 10
131.036
 20
15.316727448297133
 30
0.0
 11
131.036
 21
15.555204874881543
 31
0.0
  0
LINE
  5
840
330
17
100
AcDbEntity
  8
可见轮廓
100
AcDbLine
 10
131.036
 20
15.555204874881543
 30
0.0
 11
131.036
 21
15.781549206610702
 31
0.0
  0
LINE
  5
841
330
17
100
AcDbEntity
  8
可见轮廓
100
AcDbLine
 10
131.036
 20
15.781549206610702
 30
0.0
 11
131.036
 21
15.994375526637295
 31
0.0
  0
LINE
  5
842
330
17
100
AcDbEntity
  8
可见轮廓
100
AcDbLine
 10
131.036
 20
15.994375526637295
 30
0.0
 11
131.036
 21
16.194399027196383
 31
0.0
  0
LINE
  5
843
330
17
100
AcDbEntity
  8
可见轮廓
100
AcDbLine
 10
131.036
 20
16.194399027196383
 30
0.0
 11
131.036
 21
16.381342994474053
 31
0.0
  0
LINE
  5
844
330
17
100
AcDbEntity
  8
可见轮廓
100
AcDbLine
 10
131.036
 20
16.381342994474053
 30
0.0
 11
131.036
 21
16.55494763953328
 31
0.0
  0
LINE
  5
845
330
17
100
AcDbEntity
  8
可见轮廓
100
AcDbLine
 10
131.047437446251
 20
12.337736054136574
 30
0.0
 11
131.04474127973432
 21
12.362787771663339
 31
0.0
  0
LINE
  5
846
330
17
100
AcDbEntity
  8
可见轮廓
100
AcDbLine
 10
131.04044400491384
 20
12.412821040049039
 30
0.0
 11
131.03883909700556
 21
12.437802231326483
 31
0.0
  0
LINE
  5
847
330
17
100
AcDbEntity
  8
可见轮廓
100
AcDbLine
 10
131.03883909700556
 20
12.437802231326483
 30
0.0
 11
131.03759414236228
 21
12.462759554272662
 31
0.0
  0
LINE
  5
848
330
17
100
AcDbEntity
  8
可见轮廓
100
AcDbLine
 10
131.03617649366174
 20
12.512601876008254
 30
0.0
 11
131.036
 21
12.537486515216173
 31
0.0
  0
LINE
  5
849
330
17
100
AcDbEntity
  8
可见轮廓
100
AcDbLine
 10
122.786
 20
12.33773605413656
 30
0.0
 11
122.786
 21
12.677640066131168
 31
0.0
  0
LINE
  5
84A
330
17
100
AcDbEntity
  8
可见轮廓
100
AcDbLine
 10
122.786
 20
12.677640066131168
 30
0.0
 11
122.786
 21
13.00956046906935
 31
0.0
  0
LINE
  5
84B
330
17
100
AcDbEntity
  8
可见轮廓
100
AcDbLine
 10
122.786
 20
13.00956046906935
 30
0.0
 11
122.786
 21
13.333037469241777
 31
0.0
  0
LINE
  5
84C
330
17
100
AcDbEntity
  8
可见轮廓
100
AcDbLine
 10
122.786
 20
13.333037469241777
 30
0.0
 11
122.786
 21
13.647622198677023
 31
0.0
  0
LINE
  5
84D
330
17
100
AcDbEntity
  8
可见轮廓
100
AcDbLine
 10
122.786
 20
13.647622198677023
 30
0.0
 11
122.786
 21
13.952054004105268
 31
0.0
  0
LINE
  5
84E
330
17
100
AcDbEntity
  8
可见轮廓
100
AcDbLine
 10
122.786
 20
13.952054004105268
 30
0.0
 11
122.786
 21
14.246649553566126
 31
0.0
  0
LINE
  5
84F
330
17
100
AcDbEntity
  8
可见轮廓
100
AcDbLine
 10
122.786
 20
14.246649553566126
 30
0.0
 11
122.786
 21
14.531000884819402
 31
0.0
  0
LINE
  5
850
330
17
100
AcDbEntity
  8
可见轮廓
100
AcDbLine
 10
122.786
 20
14.531000884819402
 30
0.0
 11
122.786
 21
14.804713291612561
 31
0.0
  0
LINE
  5
851
330
17
100
AcDbEntity
  8
可见轮廓
100
AcDbLine
 10
122.786
 20
14.804713291612561
 30
0.0
 11
122.786
 21
15.066448104208504
 31
0.0
  0
LINE
  5
852
330
17
100
AcDbEntity
  8
可见轮廓
100
AcDbLine
 10
122.786
 20
15.066448104208504
 30
0.0
 11
122.786
 21
15.316727448297133
 31
0.0
  0
LINE
  5
853
330
17
100
AcDbEntity
  8
可见轮廓
100
AcDbLine
 10
122.786
 20
15.316727448297133
 30
0.0
 11
122.786
 21
15.555204874881543
 31
0.0
  0
LINE
  5
854
330
17
100
AcDbEntity
  8
可见轮廓
100
AcDbLine
 10
122.786
 20
15.555204874881543
 30
0.0
 11
122.786
 21
15.781549206610702
 31
0.0
  0
LINE
  5
855
330
17
100
AcDbEntity
  8
可见轮廓
100
AcDbLine
 10
122.786
 20
15.781549206610702
 30
0.0
 11
122.786
 21
15.994375526637295
 31
0.0
  0
LINE
  5
856
330
17
100
AcDbEntity
  8
可见轮廓
100
AcDbLine
 10
122.786
 20
15.994375526637295
 30
0.0
 11
122.786
 21
16.194399027196383
 31
0.0
  0
LINE
  5
857
330
17
100
AcDbEntity
  8
可见轮廓
100
AcDbLine
 10
122.786
 20
16.194399027196383
 30
0.0
 11
122.786
 21
16.381342994474053
 31
0.0
  0
LINE
  5
858
330
17
100
AcDbEntity
  8
可见轮廓
100
AcDbLine
 10
122.786
 20
16.381342994474053
 30
0.0
 11
122.786
 21
16.55494763953328
 31
0.0
  0
LINE
  5
859
330
17
100
AcDbEntity
  8
可见轮廓
100
AcDbLine
 10
131.55974925379277
 20
11.288963745129116
 30
0.0
 11
127.1728746268964
 21
11.288963745129116
 31
0.0
  0
LINE
  5
85A
330
17
100
AcDbEntity
  8
可见轮廓
100
AcDbLine
 10
127.1728746268964
 20
11.288963745129116
 30
0.0
 11
122.786
 21
11.288963745129116
 31
0.0
  0
LINE
  5
85B
330
17
100
AcDbEntity
  8
可见轮廓
100
AcDbLine
 10
131.55974925379277
 20
11.288963745129116
 30
0.0
 11
131.55956168559842
 21
11.289141746297553
 31
0.0
  0
LINE
  5
85C
330
17
100
AcDbEntity
  8
可见轮廓
100
AcDbLine
 10
131.53894504520747
 20
11.309549637039545
 30
0.0
 11
131.53520379316504
 21
11.31336239092137
 31
0.0
  0
LINE
  5
85D
330
17
100
AcDbEntity
  8
可见轮廓
100
AcDbLine
 10
131.53520379316504
 20
11.31336239092137
 30
0.0
 11
131.53119805863776
 21
11.317475548710455
 31
0.0
  0
LINE
  5
85E
330
17
100
AcDbEntity
  8
可见轮廓
100
AcDbLine
 10
131.51769517305056
 20
11.331563995910955
 30
0.0
 11
131.49487004881476
 21
11.35612688552387
 31
0.0
  0
LINE
  5
85F
330
17
100
AcDbEntity
  8
可见轮廓
100
AcDbLine
 10
131.49487004881476
 20
11.35612688552387
 30
0.0
 11
131.46870215635465
 21
11.385432861654792
 31
0.0
  0
LINE
  5
860
330
17
100
AcDbEntity
  8
可见轮廓
100
AcDbLine
 10
131.44017817207455
 20
11.41892459861927
 30
0.0
 11
131.41016392052694
 21
11.45612989408167
 31
0.0
  0
LINE
  5
861
330
17
100
AcDbEntity
  8
可见轮廓
100
AcDbLine
 10
131.41016392052694
 20
11.45612989408167
 30
0.0
 11
131.37913318124012
 21
11.496860717272043
 31
0.0
  0
LINE
  5
862
330
17
100
AcDbEntity
  8
可见轮廓
100
AcDbLine
 10
131.37913318124012
 20
11.496860717272043
 30
0.0
 11
131.34755699302022
 21
11.540931029814786
 31
0.0
  0
LINE
  5
863
330
17
100
AcDbEntity
  8
可见轮廓
100
AcDbLine
 10
131.34755699302022
 20
11.540931029814786
 30
0.0
 11
131.31590639467333
 21
11.588154793334311
 31
0.0
  0
LINE
  5
864
330
17
100
AcDbEntity
  8
可见轮廓
100
AcDbLine
 10
131.31590639467333
 20
11.588154793334311
 30
0.0
 11
131.28465167876027
 21
11.638347737952998
 31
0.0
  0
LINE
  5
865
330
17
100
AcDbEntity
  8
可见轮廓
100
AcDbLine
 10
131.28465167876027
 20
11.638347737952998
 30
0.0
 11
131.24110503456347
 21
11.715632522700432
 31
0.0
  0
LINE
  5
866
330
17
100
AcDbEntity
  8
可见轮廓
100
AcDbLine
 10
131.24110503456347
 20
11.715632522700432
 30
0.0
 11
131.19997675444122
 21
11.798270355025132
 31
0.0
  0
LINE
  5
867
330
17
100
AcDbEntity
  8
可见轮廓
100
AcDbLine
 10
131.19997675444122
 20
11.798270355025132
 30
0.0
 11
131.16221896499943
 21
11.885167149068806
 31
0.0
  0
LINE
  5
868
330
17
100
AcDbEntity
  8
可见轮廓
100
AcDbLine
 10
131.16221896499943
 20
11.885167149068806
 30
0.0
 11
131.12878379900016
 21
11.97522925283075
 31
0.0
  0
LINE
  5
869
330
17
100
AcDbEntity
  8
可见轮廓
100
AcDbLine
 10
131.12878379900016
 20
11.97522925283075
 30
0.0
 11
131.1004650150256
 21
12.06752354031201
 31
0.0
  0
LINE
  5
86A
330
17
100
AcDbEntity
  8
可见轮廓
100
AcDbLine
 10
131.1004650150256
 20
12.06752354031201
 30
0.0
 11
131.07744450093864
 21
12.160252244649428
 31
0.0
  0
LINE
  5
86B
330
17
100
AcDbEntity
  8
可见轮廓
100
AcDbLine
 10
131.07744450093864
 20
12.160252244649428
 30
0.0
 11
131.05975704769514
 21
12.251096153403964
 31
0.0
  0
LINE
  5
86C
330
17
100
AcDbEntity
  8
可见轮廓
100
AcDbLine
 10
131.05975704769514
 20
12.251096153403964
 30
0.0
 11
131.047437446251
 21
12.337736054136574
 31
0.0
  0
LINE
  5
86D
330
17
100
AcDbEntity
  8
可见轮廓
100
AcDbLine
 10
122.786
 20
11.288963745129124
 30
0.0
 11
122.786
 21
11.29530464519003
 31
0.0
  0
LINE
  5
86E
330
17
100
AcDbEntity
  8
可见轮廓
100
AcDbLine
 10
122.786
 20
11.3132417976571
 30
0.0
 11
122.786
 21
11.342483267545184
 31
0.0
  0
LINE
  5
86F
330
17
100
AcDbEntity
  8
可见轮廓
100
AcDbLine
 10
122.786
 20
11.342483267545184
 30
0.0
 11
122.786
 21
11.382568941514968
 31
0.0
  0
LINE
  5
870
330
17
100
AcDbEntity
  8
可见轮廓
100
AcDbLine
 10
122.786
 20
11.433640583619521
 30
0.0
 11
122.786
 21
11.49395918507237
 31
0.0
  0
LINE
  5
871
330
17
100
AcDbEntity
  8
可见轮廓
100
AcDbLine
 10
122.786
 20
11.49395918507237
 30
0.0
 11
122.786
 21
11.562558838654233
 31
0.0
  0
LINE
  5
872
330
17
100
AcDbEntity
  8
可见轮廓
100
AcDbLine
 10
122.786
 20
11.562558838654233
 30
0.0
 11
122.786
 21
11.638350436985561
 31
0.0
  0
LINE
  5
873
330
17
100
AcDbEntity
  8
可见轮廓
100
AcDbLine
 10
122.786
 20
11.638350436985561
 30
0.0
 11
122.786
 21
11.720494046593913
 31
0.0
  0
LINE
  5
874
330
17
100
AcDbEntity
  8
可见轮廓
100
AcDbLine
 10
122.786
 20
11.720494046593913
 30
0.0
 11
122.786
 21
11.80706228407621
 31
0.0
  0
LINE
  5
875
330
17
100
AcDbEntity
  8
可见轮廓
100
AcDbLine
 10
122.786
 20
11.80706228407621
 30
0.0
 11
122.786
 21
11.896673595507465
 31
0.0
  0
LINE
  5
876
330
17
100
AcDbEntity
  8
可见轮廓
100
AcDbLine
 10
122.786
 20
11.896673595507465
 30
0.0
 11
122.786
 21
11.987901154068318
 31
0.0
  0
LINE
  5
877
330
17
100
AcDbEntity
  8
可见轮廓
100
AcDbLine
 10
122.786
 20
11.987901154068318
 30
0.0
 11
122.786
 21
12.079147963439809
 31
0.0
  0
LINE
  5
878
330
17
100
AcDbEntity
  8
可见轮廓
100
AcDbLine
 10
122.786
 20
12.079147963439809
 30
0.0
 11
122.786
 21
12.168813731607827
 31
0.0
  0
LINE
  5
879
330
17
100
AcDbEntity
  8
可见轮廓
100
AcDbLine
 10
122.786
 20
12.168813731607827
 30
0.0
 11
122.786
 21
12.255470745445862
 31
0.0
  0
LINE
  5
87A
330
17
100
AcDbEntity
  8
可见轮廓
100
AcDbLine
 10
122.786
 20
12.255470745445862
 30
0.0
 11
122.786
 21
12.337736054136574
 31
0.0
  0
LINE
  5
87B
330
17
100
AcDbEntity
  8
可见轮廓
100
AcDbLine
 10
122.786
 20
47.794036254870875
 30
0.0
 11
122.786
 21
32.81006510422025
 31
0.0
  0
LINE
  5
87C
330
17
100
AcDbEntity
  8
可见轮廓
100
AcDbLine
 10
122.786
 20
32.81006510422025
 30
0.0
 11
122.786
 21
29.191499999999976
 31
0.0
  0
LINE
  5
87D
330
17
100
AcDbEntity
  8
可见轮廓
100
AcDbLine
 10
122.786
 20
29.191499999999976
 30
0.0
 11
122.786
 21
17.826093953569618
 31
0.0
  0
LINE
  5
87E
330
17
100
AcDbEntity
  8
可见轮廓
100
AcDbLine
 10
131.036
 20
25.153127274422427
 30
0.0
 11
131.036
 21
18.845306894819302
 31
0.0
  0
LINE
  5
87F
330
17
100
AcDbEntity
  8
可见轮廓
100
AcDbLine
 10
131.036
 20
18.845306894819302
 30
0.0
 11
131.036
 21
17.82609395356962
 31
0.0
  0
LINE
  5
880
330
17
100
AcDbEntity
  8
可见轮廓
100
AcDbLine
 10
128.656
 20
35.89403625487088
 30
0.0
 11
128.656
 21
32.81006510422025
 31
0.0
  0
LINE
  5
881
330
17
100
AcDbEntity
  8
可见轮廓
100
AcDbLine
 10
128.656
 20
32.81006510422025
 30
0.0
 11
128.656
 21
32.39403625487088
 31
0.0
  0
LINE
  5
882
330
17
100
AcDbEntity
  8
可见轮廓
100
AcDbLine
 10
128.656
 20
32.39403625487088
 30
0.0
 11
128.656
 21
28.894036254870873
 31
0.0
  0
LINE
  5
883
330
17
100
AcDbEntity
  8
可见轮廓
100
AcDbLine
 10
136.916
 20
35.89403625487088
 30
0.0
 11
136.916
 21
32.81006510422025
 31
0.0
  0
LINE
  5
884
330
17
100
AcDbEntity
  8
可见轮廓
100
AcDbLine
 10
136.916
 20
32.81006510422025
 30
0.0
 11
136.916
 21
32.39403625487088
 31
0.0
  0
LINE
  5
885
330
17
100
AcDbEntity
  8
可见轮廓
100
AcDbLine
 10
136.916
 20
32.39403625487088
 30
0.0
 11
136.916
 21
28.894036254870873
 31
0.0
  0
LINE
  5
886
330
17
100
AcDbEntity
  8
可见轮廓
100
AcDbLine
 10
134.536
 20
25.153127274422427
 30
0.0
 11
134.536
 21
18.845306894819302
 31
0.0
  0
LINE
  5
887
330
17
100
AcDbEntity
  8
可见轮廓
100
AcDbLine
 10
134.536
 20
18.845306894819302
 30
0.0
 11
134.536
 21
17.82609395356962
 31
0.0
  0
LINE
  5
888
330
17
100
AcDbEntity
  8
可见轮廓
100
AcDbLine
 10
142.786
 20
17.826093953569618
 30
0.0
 11
142.786
 21
29.191499999999976
 31
0.0
  0
LINE
  5
889
330
17
100
AcDbEntity
  8
可见轮廓
100
AcDbLine
 10
142.786
 20
29.191499999999976
 30
0.0
 11
142.786
 21
32.81006510422025
 31
0.0
  0
LINE
  5
88A
330
17
100
AcDbEntity
  8
可见轮廓
100
AcDbLine
 10
142.786
 20
32.81006510422025
 30
0.0
 11
142.786
 21
47.794036254870875
 31
0.0
  0
LINE
  5
88B
330
17
100
AcDbEntity
  8
可见轮廓
100
AcDbLine
 10
132.74157062204804
 20
10.788056658689982
 30
0.0
 11
132.6970715596802
 21
10.789765317455647
 31
0.0
  0
LINE
  5
88C
330
17
100
AcDbEntity
  8
可见轮廓
100
AcDbLine
 10
132.6970715596802
 20
10.789765317455647
 30
0.0
 11
132.65255358683774
 21
10.792609834029534
 31
0.0
  0
LINE
  5
88D
330
17
100
AcDbEntity
  8
可见轮廓
100
AcDbLine
 10
132.65255358683774
 20
10.792609834029534
 30
0.0
 11
132.6080674774619
 21
10.796587550927981
 31
0.0
  0
LINE
  5
88E
330
17
100
AcDbEntity
  8
可见轮廓
100
AcDbLine
 10
132.6080674774619
 20
10.796587550927981
 30
0.0
 11
132.5636640054939
 21
10.801695810667368
 31
0.0
  0
LINE
  5
88F
330
17
100
AcDbEntity
  8
可见轮廓
100
AcDbLine
 10
132.5636640054939
 20
10.801695810667368
 30
0.0
 11
132.51939394487505
 21
10.807931955764047
 31
0.0
  0
LINE
  5
890
330
17
100
AcDbEntity
  8
可见轮廓
100
AcDbLine
 10
132.51939394487505
 20
10.807931955764047
 30
0.0
 11
132.47530806954651
 21
10.81529332873437
 31
0.0
  0
LINE
  5
891
330
17
100
AcDbEntity
  8
可见轮廓
100
AcDbLine
 10
132.47530806954651
 20
10.81529332873437
 30
0.0
 11
132.4314571534496
 21
10.82377727209471
 31
0.0
  0
LINE
  5
892
330
17
100
AcDbEntity
  8
可见轮廓
100
AcDbLine
 10
132.09411769794008
 20
10.93006657005676
 30
0.0
 11
132.0217313880556
 21
10.963222070068113
 31
0.0
  0
LINE
  5
893
330
17
100
AcDbEntity
  8
可见轮廓
100
AcDbLine
 10
132.0217313880556
 20
10.963222070068113
 30
0.0
 11
131.95088282286375
 21
10.99966086831374
 31
0.0
  0
LINE
  5
894
330
17
100
AcDbEntity
  8
可见轮廓
100
AcDbLine
 10
131.95088282286375
 20
10.99966086831374
 30
0.0
 11
131.88189967878796
 21
11.039164990508972
 31
0.0
  0
LINE
  5
895
330
17
100
AcDbEntity
  8
可见轮廓
100
AcDbLine
 10
131.88189967878796
 20
11.039164990508972
 30
0.0
 11
131.81510963225162
 21
11.081516462369123
 31
0.0
  0
LINE
  5
896
330
17
100
AcDbEntity
  8
可见轮廓
100
AcDbLine
 10
131.81510963225162
 20
11.081516462369123
 30
0.0
 11
131.75076320625158
 21
11.126532320848213
 31
0.0
  0
LINE
  5
897
330
17
100
AcDbEntity
  8
可见轮廓
100
AcDbLine
 10
131.75076320625158
 20
11.126532320848213
 30
0.0
 11
131.6886929889448
 21
11.174237533789338
 31
0.0
  0
LINE
  5
898
330
17
100
AcDbEntity
  8
可见轮廓
100
AcDbLine
 10
131.6886929889448
 20
11.174237533789338
 30
0.0
 11
131.6288992718513
 21
11.224606774138145
 31
0.0
  0
LINE
  5
899
330
17
100
AcDbEntity
  8
可见轮廓
100
AcDbLine
 10
131.6288992718513
 20
11.224606774138145
 30
0.0
 11
131.57142419913626
 21
11.277597259446637
 31
0.0
  0
LINE
  5
89A
330
17
100
AcDbEntity
  8
可见轮廓
100
AcDbLine
 10
142.786
 20
49.19403625487088
 30
0.0
 11
132.786
 21
49.19403625487088
 31
0.0
  0
LINE
  5
89B
330
17
100
AcDbEntity
  8
可见轮廓
100
AcDbLine
 10
132.786
 20
49.19403625487088
 30
0.0
 11
122.786
 21
49.19403625487088
 31
0.0
  0
LINE
  5
89C
330
17
100
AcDbEntity
  8
可见轮廓
100
AcDbLine
 10
122.786
 20
47.794036254870875
 30
0.0
 11
122.786
 21
47.93122361131237
 31
0.0
  0
LINE
  5
89D
330
17
100
AcDbEntity
  8
可见轮廓
100
AcDbLine
 10
122.786
 20
47.93122361131237
 30
0.0
 11
122.786
 21
48.067055264953616
 31
0.0
  0
LINE
  5
89E
330
17
100
AcDbEntity
  8
可见轮廓
100
AcDbLine
 10
122.786
 20
48.067055264953616
 30
0.0
 11
122.786
 21
48.20031121355129
 31
0.0
  0
LINE
  5
89F
330
17
100
AcDbEntity
  8
可见轮廓
100
AcDbLine
 10
122.786
 20
48.20031121355129
 30
0.0
 11
122.786
 21
48.32979306018201
 31
0.0
  0
LINE
  5
8A0
330
17
100
AcDbEntity
  8
可见轮廓
100
AcDbLine
 10
122.786
 20
48.32979306018201
 30
0.0
 11
122.786
 21
48.45380039502253
 31
0.0
  0
LINE
  5
8A1
330
17
100
AcDbEntity
  8
可见轮廓
100
AcDbLine
 10
122.786
 20
48.45380039502253
 30
0.0
 11
122.786
 21
48.57152861575749
 31
0.0
  0
LINE
  5
8A2
330
17
100
AcDbEntity
  8
可见轮廓
100
AcDbLine
 10
122.786
 20
48.57152861575749
 30
0.0
 11
122.786
 21
48.68192184910576
 31
0.0
  0
LINE
  5
8A3
330
17
100
AcDbEntity
  8
可见轮廓
100
AcDbLine
 10
122.786
 20
48.68192184910576
 30
0.0
 11
122.786
 21
48.78398574853206
 31
0.0
  0
LINE
  5
8A4
330
17
100
AcDbEntity
  8
可见轮廓
100
AcDbLine
 10
122.786
 20
48.78398574853206
 30
0.0
 11
122.786
 21
48.87593406917143
 31
0.0
  0
LINE
  5
8A5
330
17
100
AcDbEntity
  8
可见轮廓
100
AcDbLine
 10
122.786
 20
48.87593406917143
 30
0.0
 11
122.786
 21
48.95763580260217
 31
0.0
  0
LINE
  5
8A6
330
17
100
AcDbEntity
  8
可见轮廓
100
AcDbLine
 10
122.786
 20
48.95763580260217
 30
0.0
 11
122.786
 21
49.02835995164092
 31
0.0
  0
LINE
  5
8A7
330
17
100
AcDbEntity
  8
可见轮廓
100
AcDbLine
 10
122.786
 20
49.02835995164092
 30
0.0
 11
122.786
 21
49.08746760038668
 31
0.0
  0
LINE
  5
8A8
330
17
100
AcDbEntity
  8
可见轮廓
100
AcDbLine
 10
122.786
 20
49.08746760038668
 30
0.0
 11
122.786
 21
49.13335860852116
 31
0.0
  0
LINE
  5
8A9
330
17
100
AcDbEntity
  8
可见轮廓
100
AcDbLine
 10
122.786
 20
49.13335860852116
 30
0.0
 11
122.786
 21
49.16659550636092
 31
0.0
  0
LINE
  5
8AA
330
17
100
AcDbEntity
  8
可见轮廓
100
AcDbLine
 10
122.786
 20
49.16659550636092
 30
0.0
 11
122.786
 21
49.18688346051502
 31
0.0
  0
LINE
  5
8AB
330
17
100
AcDbEntity
  8
可见轮廓
100
AcDbLine
 10
142.786
 20
49.19403625487088
 30
0.0
 11
142.786
 21
49.18688346051502
 31
0.0
  0
LINE
  5
8AC
330
17
100
AcDbEntity
  8
可见轮廓
100
AcDbLine
 10
142.786
 20
49.16659550636092
 30
0.0
 11
142.786
 21
49.13335860852116
 31
0.0
  0
LINE
  5
8AD
330
17
100
AcDbEntity
  8
可见轮廓
100
AcDbLine
 10
142.786
 20
49.13335860852116
 30
0.0
 11
142.786
 21
49.08746760038668
 31
0.0
  0
LINE
  5
8AE
330
17
100
AcDbEntity
  8
可见轮廓
100
AcDbLine
 10
142.786
 20
49.08746760038668
 30
0.0
 11
142.786
 21
49.02835995164092
 31
0.0
  0
LINE
  5
8AF
330
17
100
AcDbEntity
  8
可见轮廓
100
AcDbLine
 10
142.786
 20
49.02835995164092
 30
0.0
 11
142.786
 21
48.95763580260217
 31
0.0
  0
LINE
  5
8B0
330
17
100
AcDbEntity
  8
可见轮廓
100
AcDbLine
 10
142.786
 20
48.95763580260217
 30
0.0
 11
142.786
 21
48.87593406917143
 31
0.0
  0
LINE
  5
8B1
330
17
100
AcDbEntity
  8
可见轮廓
100
AcDbLine
 10
142.786
 20
48.87593406917143
 30
0.0
 11
142.786
 21
48.78398574853206
 31
0.0
  0
LINE
  5
8B2
330
17
100
AcDbEntity
  8
可见轮廓
100
AcDbLine
 10
142.786
 20
48.78398574853206
 30
0.0
 11
142.786
 21
48.68192184910576
 31
0.0
  0
LINE
  5
8B3
330
17
100
AcDbEntity
  8
可见轮廓
100
AcDbLine
 10
142.786
 20
48.68192184910576
 30
0.0
 11
142.786
 21
48.57152861575749
 31
0.0
  0
LINE
  5
8B4
330
17
100
AcDbEntity
  8
可见轮廓
100
AcDbLine
 10
142.786
 20
48.57152861575749
 30
0.0
 11
142.786
 21
48.45380039502254
 31
0.0
  0
LINE
  5
8B5
330
17
100
AcDbEntity
  8
可见轮廓
100
AcDbLine
 10
142.786
 20
48.45380039502254
 30
0.0
 11
142.786
 21
48.32979306018201
 31
0.0
  0
LINE
  5
8B6
330
17
100
AcDbEntity
  8
可见轮廓
100
AcDbLine
 10
142.786
 20
48.32979306018201
 30
0.0
 11
142.786
 21
48.20031121355129
 31
0.0
  0
LINE
  5
8B7
330
17
100
AcDbEntity
  8
可见轮廓
100
AcDbLine
 10
142.786
 20
48.20031121355129
 30
0.0
 11
142.786
 21
48.067055264953616
 31
0.0
  0
LINE
  5
8B8
330
17
100
AcDbEntity
  8
可见轮廓
100
AcDbLine
 10
142.786
 20
48.067055264953616
 30
0.0
 11
142.786
 21
47.93122361131237
 31
0.0
  0
LINE
  5
8B9
330
17
100
AcDbEntity
  8
可见轮廓
100
AcDbLine
 10
142.786
 20
47.93122361131237
 30
0.0
 11
142.786
 21
47.794036254870875
 31
0.0
  0
LINE
  5
8BA
330
17
100
AcDbEntity
  8
可见轮廓
100
AcDbLine
 10
122.786
 20
11.288963745129116
 30
0.0
 11
122.786
 21
10.23896374512914
 31
0.0
  0
LINE
  5
8BB
330
17
100
AcDbEntity
  8
可见轮廓
100
AcDbLine
 10
122.786
 20
10.23896374512914
 30
0.0
 11
122.786
 21
9.188963745129115
 31
0.0
  0
LINE
  5
8BC
330
17
100
AcDbEntity
  8
可见轮廓
100
AcDbLine
 10
142.786
 20
9.188963745129122
 30
0.0
 11
132.786
 21
9.188963745129122
 31
0.0
  0
LINE
  5
8BD
330
17
100
AcDbEntity
  8
可见轮廓
100
AcDbLine
 10
132.786
 20
9.188963745129122
 30
0.0
 11
122.786
 21
9.188963745129122
 31
0.0
  0
LINE
  5
8BE
330
17
100
AcDbEntity
  8
可见轮廓
100
AcDbLine
 10
142.786
 20
9.188963745129115
 30
0.0
 11
142.786
 21
10.23896374512914
 31
0.0
  0
LINE
  5
8BF
330
17
100
AcDbEntity
  8
可见轮廓
100
AcDbLine
 10
142.786
 20
10.23896374512914
 30
0.0
 11
142.786
 21
11.288963745129116
 31
0.0
  0
LINE
  5
8C0
330
17
100
AcDbEntity
  8
可见轮廓
100
AcDbLine
 10
142.786
 20
17.82609395356962
 30
0.0
 11
138.661
 21
17.82609395356962
 31
0.0
  0
LINE
  5
8C1
330
17
100
AcDbEntity
  8
可见轮廓
100
AcDbLine
 10
138.661
 20
17.82609395356962
 30
0.0
 11
134.536
 21
17.82609395356962
 31
0.0
  0
LINE
  5
8C2
330
17
100
AcDbEntity
  8
可见轮廓
100
AcDbLine
 10
142.786
 20
16.55494763953332
 30
0.0
 11
138.661
 21
16.55494763953332
 31
0.0
  0
LINE
  5
8C3
330
17
100
AcDbEntity
  8
可见轮廓
100
AcDbLine
 10
138.661
 20
16.55494763953332
 30
0.0
 11
138.6552812768745
 21
16.55494763953332
 31
0.0
  0
LINE
  5
8C4
330
17
100
AcDbEntity
  8
可见轮廓
100
AcDbLine
 10
138.6552812768745
 20
16.55494763953332
 30
0.0
 11
134.536
 21
16.55494763953332
 31
0.0
  0
LINE
  5
8C5
330
17
100
AcDbEntity
  8
可见轮廓
100
AcDbLine
 10
142.786
 20
12.337736054136624
 30
0.0
 11
138.6552812768745
 21
12.337736054136624
 31
0.0
  0
LINE
  5
8C6
330
17
100
AcDbEntity
  8
可见轮廓
100
AcDbLine
 10
138.6552812768745
 20
12.337736054136624
 30
0.0
 11
138.39912537310374
 21
12.337736054136624
 31
0.0
  0
LINE
  5
8C7
330
17
100
AcDbEntity
  8
可见轮廓
100
AcDbLine
 10
138.39912537310374
 20
12.337736054136624
 30
0.0
 11
134.52456255374898
 21
12.337736054136624
 31
0.0
  0
LINE
  5
8C8
330
17
100
AcDbEntity
  8
可见轮廓
100
AcDbLine
 10
131.036
 20
16.55494763953332
 30
0.0
 11
126.91671872312551
 21
16.55494763953332
 31
0.0
  0
LINE
  5
8C9
330
17
100
AcDbEntity
  8
可见轮廓
100
AcDbLine
 10
126.91671872312551
 20
16.55494763953332
 30
0.0
 11
126.911
 21
16.55494763953332
 31
0.0
  0
LINE
  5
8CA
330
17
100
AcDbEntity
  8
可见轮廓
100
AcDbLine
 10
126.911
 20
16.55494763953332
 30
0.0
 11
122.786
 21
16.55494763953332
 31
0.0
  0
LINE
  5
8CB
330
17
100
AcDbEntity
  8
可见轮廓
100
AcDbLine
 10
131.036
 20
17.82609395356962
 30
0.0
 11
126.911
 21
17.82609395356962
 31
0.0
  0
LINE
  5
8CC
330
17
100
AcDbEntity
  8
可见轮廓
100
AcDbLine
 10
126.911
 20
17.82609395356962
 30
0.0
 11
122.786
 21
17.82609395356962
 31
0.0
  0
LINE
  5
8CD
330
17
100
AcDbEntity
  8
可见轮廓
100
AcDbLine
 10
131.047437446251
 20
12.337736054136624
 30
0.0
 11
127.1728746268964
 21
12.337736054136624
 31
0.0
  0
LINE
  5
8CE
330
17
100
AcDbEntity
  8
可见轮廓
100
AcDbLine
 10
127.1728746268964
 20
12.337736054136624
 30
0.0
 11
126.91671872312551
 21
12.337736054136624
 31
0.0
  0
LINE
  5
8CF
330
17
100
AcDbEntity
  8
可见轮廓
100
AcDbLine
 10
126.91671872312551
 20
12.337736054136624
 30
0.0
 11
122.786
 21
12.337736054136624
 31
0.0
  0
LINE
  5
8D0
330
17
100
AcDbEntity
  8
可见轮廓
100
AcDbLine
 10
142.786
 20
47.79403625487087
 30
0.0
 11
132.786
 21
47.79403625487087
 31
0.0
  0
LINE
  5
8D1
330
17
100
AcDbEntity
  8
可见轮廓
100
AcDbLine
 10
132.786
 20
47.79403625487087
 30
0.0
 11
122.786
 21
47.79403625487087
 31
0.0
  0
LINE
  5
8D2
330
17
100
AcDbEntity
  8
可见轮廓
100
AcDbLine
 10
142.786
 20
12.337736054136567
 30
0.0
 11
142.786
 21
11.288963745129124
 31
0.0
  0
LINE
  5
8D3
330
17
100
AcDbEntity
  8
可见轮廓
100
AcDbLine
 10
134.536
 20
12.537486515216152
 30
0.0
 11
134.536
 21
16.55494763953328
 31
0.0
  0
LINE
  5
8D4
330
17
100
AcDbEntity
  8
可见轮廓
100
AcDbLine
 10
142.786
 20
16.55494763953328
 30
0.0
 11
142.786
 21
12.337736054136538
 31
0.0
  0
LINE
  5
8D5
330
17
100
AcDbEntity
  8
可见轮廓
100
AcDbLine
 10
142.786
 20
16.554947639533292
 30
0.0
 11
142.786
 21
17.82609395356962
 31
0.0
  0
LINE
  5
8D6
330
17
100
AcDbEntity
  8
可见轮廓
100
AcDbLine
 10
134.536
 20
17.82609395356962
 30
0.0
 11
134.536
 21
16.55494763953329
 31
0.0
  0
LINE
  5
8D7
330
17
100
AcDbEntity
  8
可见轮廓
100
AcDbLine
 10
134.536
 20
17.887726195415382
 30
0.0
 11
134.536
 21
19.094036254870872
 31
0.0
  0
LINE
  5
8D8
330
17
100
AcDbEntity
  8
可见轮廓
100
AcDbLine
 10
142.786
 20
19.094036254870872
 30
0.0
 11
142.786
 21
17.887726195415382
 31
0.0
  0
LINE
  5
8D9
330
17
100
AcDbEntity
  8
可见轮廓
100
AcDbLine
 10
122.786
 20
11.288963745129124
 30
0.0
 11
122.786
 21
12.337736054136574
 31
0.0
  0
LINE
  5
8DA
330
17
100
AcDbEntity
  8
可见轮廓
100
AcDbLine
 10
131.036
 20
12.537486515216152
 30
0.0
 11
131.036
 21
16.55494763953328
 31
0.0
  0
LINE
  5
8DB
330
17
100
AcDbEntity
  8
可见轮廓
100
AcDbLine
 10
122.786
 20
12.337736054136542
 30
0.0
 11
122.786
 21
16.55494763953328
 31
0.0
  0
LINE
  5
8DC
330
17
100
AcDbEntity
  8
可见轮廓
100
AcDbLine
 10
122.786
 20
17.82609395356962
 30
0.0
 11
122.786
 21
16.554947639533292
 31
0.0
  0
LINE
  5
8DD
330
17
100
AcDbEntity
  8
可见轮廓
100
AcDbLine
 10
131.036
 20
17.82609395356962
 30
0.0
 11
131.036
 21
16.55494763953329
 31
0.0
  0
LINE
  5
8DE
330
17
100
AcDbEntity
  8
可见轮廓
100
AcDbLine
 10
131.036
 20
17.887726195415382
 30
0.0
 11
131.036
 21
19.094036254870872
 31
0.0
  0
LINE
  5
8DF
330
17
100
AcDbEntity
  8
可见轮廓
100
AcDbLine
 10
122.786
 20
17.887726195415382
 30
0.0
 11
122.786
 21
19.094036254870872
 31
0.0
  0
LINE
  5
8E0
330
17
100
AcDbEntity
  8
可见轮廓
100
AcDbLine
 10
122.786
 20
17.88772619541537
 30
0.0
 11
122.786
 21
10.049382572217269
 31
0.0
  0
LINE
  5
8E1
330
17
100
AcDbEntity
  8
可见轮廓
100
AcDbLine
 10
131.036
 20
17.88772619541537
 30
0.0
 11
131.036
 21
12.537486515216173
 31
0.0
  0
LINE
  5
8E2
330
17
100
AcDbEntity
  8
可见轮廓
100
AcDbLine
 10
134.536
 20
17.88772619541537
 30
0.0
 11
134.536
 21
12.537486515216173
 31
0.0
  0
LINE
  5
8E3
330
17
100
AcDbEntity
  8
可见轮廓
100
AcDbLine
 10
142.786
 20
10.049382572217269
 30
0.0
 11
142.786
 21
17.887726195415375
 31
0.0
  0
LINE
  5
8E4
330
17
100
AcDbEntity
  8
可见轮廓
100
AcDbLine
 10
122.786
 20
10.049382572217269
 30
0.0
 11
122.786
 21
9.188963745129115
 31
0.0
  0
LINE
  5
8E5
330
17
100
AcDbEntity
  8
可见轮廓
100
AcDbLine
 10
142.786
 20
9.188963745129115
 30
0.0
 11
142.786
 21
10.049382572217269
 31
0.0
  0
LINE
  5
8E6
330
17
100
AcDbEntity
  8
可见轮廓
100
AcDbLine
 10
122.786
 20
49.19403625487088
 30
0.0
 11
122.786
 21
47.79403625487088
 31
0.0
  0
LINE
  5
8E7
330
17
100
AcDbEntity
  8
可见轮廓
100
AcDbLine
 10
142.786
 20
47.79403625487088
 30
0.0
 11
142.786
 21
49.19403625487088
 31
0.0
  0
LINE
  5
8E8
330
17
100
AcDbEntity
  8
可见轮廓
100
AcDbLine
 10
142.786
 20
47.094036254870886
 30
0.0
 11
142.786
 21
45.69403625487087
 31
0.0
  0
LINE
  5
8E9
330
17
100
AcDbEntity
  8
可见轮廓
100
AcDbLine
 10
122.786
 20
45.69403625487087
 30
0.0
 11
122.786
 21
47.094036254870886
 31
0.0
  0
LINE
  5
8EA
330
17
100
AcDbEntity
  8
可见轮廓
100
AcDbLine
 10
142.786
 20
11.288963745129124
 30
0.0
 11
134.01225074620746
 21
11.288963745129124
 31
0.0
  0
LINE
  5
8EB
330
17
100
AcDbEntity
  8
可见轮廓
100
AcDbLine
 10
134.01225074620746
 20
11.288963745129124
 30
0.0
 11
134.01225074620746
 21
12.33773605413662
 31
0.0
  0
LINE
  5
8EC
330
17
100
AcDbEntity
  8
可见轮廓
100
AcDbLine
 10
142.786
 20
12.337736054136535
 30
0.0
 11
134.52456255374898
 21
12.337736054136535
 31
0.0
  0
LINE
  5
8ED
330
17
100
AcDbEntity
  8
可见轮廓
100
AcDbLine
 10
134.52456255374898
 20
12.337736054136535
 30
0.0
 11
134.52456255374898
 21
16.55494763953328
 31
0.0
  0
LINE
  5
8EE
330
17
100
AcDbEntity
  8
可见轮廓
100
AcDbLine
 10
142.786
 20
17.82609395356962
 30
0.0
 11
134.536
 21
17.82609395356962
 31
0.0
  0
LINE
  5
8EF
330
17
100
AcDbEntity
  8
可见轮廓
100
AcDbLine
 10
142.786
 20
16.55494763953329
 30
0.0
 11
134.536
 21
16.55494763953329
 31
0.0
  0
LINE
  5
8F0
330
17
100
AcDbEntity
  8
可见轮廓
100
AcDbLine
 10
142.786
 20
16.55494763953328
 30
0.0
 11
142.26966015960932
 21
16.55494763953328
 31
0.0
  0
LINE
  5
8F1
330
17
100
AcDbEntity
  8
可见轮廓
100
AcDbLine
 10
135.04090239413966
 20
16.55494763953328
 30
0.0
 11
134.52456255374898
 21
16.55494763953328
 31
0.0
  0
LINE
  5
8F2
330
17
100
AcDbEntity
  8
可见轮廓
100
AcDbLine
 10
142.786
 20
17.887726195415375
 30
0.0
 11
134.536
 21
17.887726195415375
 31
0.0
  0
LINE
  5
8F3
330
17
100
AcDbEntity
  8
可见轮廓
100
AcDbLine
 10
142.786
 20
19.094036254870872
 30
0.0
 11
142.270375
 21
19.094036254870872
 31
0.0
  0
LINE
  5
8F4
330
17
100
AcDbEntity
  8
可见轮廓
100
AcDbLine
 10
135.051625
 20
19.094036254870872
 30
0.0
 11
134.536
 21
19.094036254870872
 31
0.0
  0
LINE
  5
8F5
330
17
100
AcDbEntity
  8
可见轮廓
100
AcDbLine
 10
142.786
 20
12.33773605413663
 30
0.0
 11
142.23764067163796
 21
12.33773605413663
 31
0.0
  0
LINE
  5
8F6
330
17
100
AcDbEntity
  8
可见轮廓
100
AcDbLine
 10
134.56061007456952
 20
12.33773605413663
 30
0.0
 11
134.01225074620749
 21
12.33773605413663
 31
0.0
  0
LINE
  5
8F7
330
17
100
AcDbEntity
  8
可见轮廓
100
AcDbLine
 10
131.55974925379277
 20
11.288963745129124
 30
0.0
 11
122.786
 21
11.288963745129124
 31
0.0
  0
LINE
  5
8F8
330
17
100
AcDbEntity
  8
可见轮廓
100
AcDbLine
 10
131.55974925379277
 20
11.288963745129124
 30
0.0
 11
131.55974925379277
 21
12.33773605413662
 31
0.0
  0
LINE
  5
8F9
330
17
100
AcDbEntity
  8
可见轮廓
100
AcDbLine
 10
131.047437446251
 20
12.337736054136489
 30
0.0
 11
122.786
 21
12.337736054136489
 31
0.0
  0
LINE
  5
8FA
330
17
100
AcDbEntity
  8
可见轮廓
100
AcDbLine
 10
131.047437446251
 20
12.337736054136489
 30
0.0
 11
131.047437446251
 21
16.55494763953328
 31
0.0
  0
LINE
  5
8FB
330
17
100
AcDbEntity
  8
可见轮廓
100
AcDbLine
 10
131.036
 20
17.82609395356962
 30
0.0
 11
122.786
 21
17.82609395356962
 31
0.0
  0
LINE
  5
8FC
330
17
100
AcDbEntity
  8
可见轮廓
100
AcDbLine
 10
131.036
 20
16.55494763953329
 30
0.0
 11
122.786
 21
16.55494763953329
 31
0.0
  0
LINE
  5
8FD
330
17
100
AcDbEntity
  8
可见轮廓
100
AcDbLine
 10
131.047437446251
 20
16.55494763953328
 30
0.0
 11
130.5310976058603
 21
16.55494763953328
 31
0.0
  0
LINE
  5
8FE
330
17
100
AcDbEntity
  8
可见轮廓
100
AcDbLine
 10
123.30233984039069
 20
16.55494763953328
 30
0.0
 11
122.786
 21
16.55494763953328
 31
0.0
  0
LINE
  5
8FF
330
17
100
AcDbEntity
  8
可见轮廓
100
AcDbLine
 10
131.036
 20
17.887726195415375
 30
0.0
 11
122.786
 21
17.887726195415375
 31
0.0
  0
LINE
  5
900
330
17
100
AcDbEntity
  8
可见轮廓
100
AcDbLine
 10
131.036
 20
19.094036254870872
 30
0.0
 11
130.520375
 21
19.094036254870872
 31
0.0
  0
LINE
  5
901
330
17
100
AcDbEntity
  8
可见轮廓
100
AcDbLine
 10
123.301625
 20
19.094036254870872
 30
0.0
 11
122.786
 21
19.094036254870872
 31
0.0
  0
LINE
  5
902
330
17
100
AcDbEntity
  8
可见轮廓
100
AcDbLine
 10
131.55974925379277
 20
12.33773605413663
 30
0.0
 11
131.01138992543073
 21
12.33773605413663
 31
0.0
  0
LINE
  5
903
330
17
100
AcDbEntity
  8
可见轮廓
100
AcDbLine
 10
123.33435932836204
 20
12.33773605413663
 30
0.0
 11
122.786
 21
12.33773605413663
 31
0.0
  0
LINE
  5
904
330
17
100
AcDbEntity
  8
可见轮廓
100
AcDbLine
 10
142.786
 20
17.887726195415375
 30
0.0
 11
122.786
 21
17.887726195415375
 31
0.0
  0
LINE
  5
905
330
17
100
AcDbEntity
  8
可见轮廓
100
AcDbLine
 10
142.786
 20
10.049382572217262
 30
0.0
 11
141.536
 21
10.049382572217262
 31
0.0
  0
LINE
  5
906
330
17
100
AcDbEntity
  8
可见轮廓
100
AcDbLine
 10
124.036
 20
10.049382572217262
 30
0.0
 11
122.786
 21
10.049382572217262
 31
0.0
  0
LINE
  5
907
330
17
100
AcDbEntity
  8
可见轮廓
100
AcDbLine
 10
142.786
 20
9.188963745129115
 30
0.0
 11
122.786
 21
9.188963745129115
 31
0.0
  0
LINE
  5
908
330
17
100
AcDbEntity
  8
可见轮廓
100
AcDbLine
 10
142.786
 20
49.19403625487088
 30
0.0
 11
122.786
 21
49.19403625487088
 31
0.0
  0
LINE
  5
909
330
17
100
AcDbEntity
  8
可见轮廓
100
AcDbLine
 10
142.786
 20
47.79403625487087
 30
0.0
 11
122.786
 21
47.79403625487087
 31
0.0
  0
LINE
  5
90A
330
17
100
AcDbEntity
  8
可见轮廓
100
AcDbLine
 10
142.786
 20
10.049382572217269
 30
0.0
 11
122.786
 21
10.049382572217269
 31
0.0
  0
LINE
  5
90B
330
17
100
AcDbEntity
  8
可见轮廓
100
AcDbLine
 10
142.786
 20
45.69403625487087
 30
0.0
 11
122.786
 21
45.69403625487087
 31
0.0
  0
LINE
  5
90C
330
17
100
AcDbEntity
  8
可见轮廓
100
AcDbLine
 10
142.786
 20
47.094036254870886
 30
0.0
 11
141.536
 21
47.094036254870886
 31
0.0
  0
LINE
  5
90D
330
17
100
AcDbEntity
  8
可见轮廓
100
AcDbLine
 10
124.036
 20
47.094036254870886
 30
0.0
 11
122.786
 21
47.094036254870886
 31
0.0
  0
LINE
  5
90E
330
17
100
AcDbEntity
  8
可见轮廓
100
AcDbLine
 10
139.7860000317047
 20
49.19403625487088
 30
0.0
 11
139.7860000317047
 21
49.062786254870886
 31
0.0
  0
LINE
  5
90F
330
17
100
AcDbEntity
  8
可见轮廓
100
AcDbLine
 10
139.7860000317047
 20
47.22528625487088
 30
0.0
 11
139.7860000317047
 21
47.094036254870886
 31
0.0
  0
LINE
  5
910
330
17
100
AcDbEntity
  8
可见轮廓
100
AcDbLine
 10
136.2860000317047
 20
49.19403625487088
 30
0.0
 11
136.2860000317047
 21
49.062786254870886
 31
0.0
  0
LINE
  5
911
330
17
100
AcDbEntity
  8
可见轮廓
100
AcDbLine
 10
136.2860000317047
 20
47.22528625487088
 30
0.0
 11
136.2860000317047
 21
47.094036254870886
 31
0.0
  0
LINE
  5
912
330
17
100
AcDbEntity
  8
可见轮廓
100
AcDbLine
 10
125.7860000317047
 20
49.19403625487088
 30
0.0
 11
125.7860000317047
 21
49.062786254870886
 31
0.0
  0
LINE
  5
913
330
17
100
AcDbEntity
  8
可见轮廓
100
AcDbLine
 10
125.7860000317047
 20
47.22528625487088
 30
0.0
 11
125.7860000317047
 21
47.094036254870886
 31
0.0
  0
LINE
  5
914
330
17
100
AcDbEntity
  8
可见轮廓
100
AcDbLine
 10
129.2860000317047
 20
49.19403625487088
 30
0.0
 11
129.2860000317047
 21
49.062786254870886
 31
0.0
  0
LINE
  5
915
330
17
100
AcDbEntity
  8
可见轮廓
100
AcDbLine
 10
134.52456255374898
 20
12.337736054136624
 30
0.0
 11
134.49445224752424
 21
12.159432417304764
 31
0.0
  0
LINE
  5
916
330
17
100
AcDbEntity
  8
可见轮廓
100
AcDbLine
 10
134.49445224752424
 20
12.159432417304764
 30
0.0
 11
134.44235065657762
 21
11.972683450020035
 31
0.0
  0
LINE
  5
917
330
17
100
AcDbEntity
  8
可见轮廓
100
AcDbLine
 10
134.44235065657762
 20
11.972683450020035
 30
0.0
 11
134.3697260190381
 21
11.793321882637116
 31
0.0
  0
LINE
  5
918
330
17
100
AcDbEntity
  8
可见轮廓
100
AcDbLine
 10
134.3697260190381
 20
11.793321882637116
 30
0.0
 11
134.28382662911488
 21
11.632491825113227
 31
0.0
  0
LINE
  5
919
330
17
100
AcDbEntity
  8
可见轮廓
100
AcDbLine
 10
134.28382662911488
 20
11.632491825113227
 30
0.0
 11
134.1924584227725
 21
11.4963059772155
 31
0.0
  0
LINE
  5
91A
330
17
100
AcDbEntity
  8
可见轮廓
100
AcDbLine
 10
134.536
 20
12.537486515216173
 30
0.0
 11
134.5060191955568
 21
12.214092194648295
 31
0.0
  0
LINE
  5
91B
330
17
100
AcDbEntity
  8
可见轮廓
100
AcDbLine
 10
134.5060191955568
 20
12.214092194648295
 30
0.0
 11
134.41461281757802
 21
11.897080167323907
 31
0.0
  0
LINE
  5
91C
330
17
100
AcDbEntity
  8
可见轮廓
100
AcDbLine
 10
134.41461281757802
 20
11.897080167323907
 30
0.0
 11
134.26253824859234
 21
11.598159734780388
 31
0.0
  0
LINE
  5
91D
330
17
100
AcDbEntity
  8
可见轮廓
100
AcDbLine
 10
134.26253824859234
 20
11.598159734780388
 30
0.0
 11
134.05087688375102
 21
11.328112102987731
 31
0.0
  0
LINE
  5
91E
330
17
100
AcDbEntity
  8
可见轮廓
100
AcDbLine
 10
134.05087688375102
 20
11.328112102987731
 30
0.0
 11
133.78757888714577
 21
11.102446539179319
 31
0.0
  0
LINE
  5
91F
330
17
100
AcDbEntity
  8
可见轮廓
100
AcDbLine
 10
133.78757888714577
 20
11.102446539179319
 30
0.0
 11
133.47897242360963
 21
10.930536229701232
 31
0.0
  0
LINE
  5
920
330
17
100
AcDbEntity
  8
可见轮廓
100
AcDbLine
 10
133.47897242360963
 20
10.930536229701232
 30
0.0
 11
133.14124393709974
 21
10.823922467637516
 31
0.0
  0
LINE
  5
921
330
17
100
AcDbEntity
  8
可见轮廓
100
AcDbLine
 10
133.14124393709974
 20
10.823922467637516
 30
0.0
 11
132.786
 21
10.787486515216173
 31
0.0
  0
LINE
  5
922
330
17
100
AcDbEntity
  8
可见轮廓
100
AcDbLine
 10
131.3791491290658
 20
11.496839154546656
 30
0.0
 11
131.2877592705468
 21
11.633177543344353
 31
0.0
  0
LINE
  5
923
330
17
100
AcDbEntity
  8
可见轮廓
100
AcDbLine
 10
131.2877592705468
 20
11.633177543344353
 30
0.0
 11
131.20205602086267
 21
11.793825863529612
 31
0.0
  0
LINE
  5
924
330
17
100
AcDbEntity
  8
可见轮廓
100
AcDbLine
 10
131.20205602086267
 20
11.793825863529612
 30
0.0
 11
131.12986817347192
 21
11.972042111971348
 31
0.0
  0
LINE
  5
925
330
17
100
AcDbEntity
  8
可见轮廓
100
AcDbLine
 10
131.12986817347192
 20
11.972042111971348
 30
0.0
 11
131.07780085169017
 21
12.15864236873152
 31
0.0
  0
LINE
  5
926
330
17
100
AcDbEntity
  8
可见轮廓
100
AcDbLine
 10
131.07780085169017
 20
12.15864236873152
 30
0.0
 11
131.047437446251
 21
12.337736054136574
 31
0.0
  0
LINE
  5
927
330
17
100
AcDbEntity
  8
可见轮廓
100
AcDbLine
 10
132.786
 20
10.787486515216173
 30
0.0
 11
132.43145268800234
 21
10.823778195940243
 31
0.0
  0
LINE
  5
928
330
17
100
AcDbEntity
  8
可见轮廓
100
AcDbLine
 10
132.43145268800234
 20
10.823778195940243
 30
0.0
 11
132.09411546389163
 21
10.930067531660825
 31
0.0
  0
LINE
  5
929
330
17
100
AcDbEntity
  8
可见轮廓
100
AcDbLine
 10
132.09411546389163
 20
10.930067531660825
 30
0.0
 11
131.7858842761922
 21
11.101426440221971
 31
0.0
  0
LINE
  5
92A
330
17
100
AcDbEntity
  8
可见轮廓
100
AcDbLine
 10
131.7858842761922
 20
11.101426440221971
 30
0.0
 11
131.52176157346125
 21
11.327444697400466
 31
0.0
  0
LINE
  5
92B
330
17
100
AcDbEntity
  8
可见轮廓
100
AcDbLine
 10
131.52176157346125
 20
11.327444697400466
 30
0.0
 11
131.3105277486473
 21
11.596486177549835
 31
0.0
  0
LINE
  5
92C
330
17
100
AcDbEntity
  8
可见轮廓
100
AcDbLine
 10
131.3105277486473
 20
11.596486177549835
 30
0.0
 11
131.15752224137205
 21
11.89673680616076
 31
0.0
  0
LINE
  5
92D
330
17
100
AcDbEntity
  8
可见轮廓
100
AcDbLine
 10
131.15752224137205
 20
11.89673680616076
 30
0.0
 11
131.06625015248724
 21
12.213490982832184
 31
0.0
  0
LINE
  5
92E
330
17
100
AcDbEntity
  8
可见轮廓
100
AcDbLine
 10
131.06625015248724
 20
12.213490982832184
 30
0.0
 11
131.036
 21
12.537486515216173
 31
0.0
  0
ARC
  5
92F
330
17
100
AcDbEntity
  8
可见轮廓
100
AcDbCircle
 10
132.78572858199098
 20
12.536592832952223
 30
0.0
 40
1.75
100
AcDbArc
 50
-90.0
 51
-45.51562638406216
  0
ARC
  5
930
330
17
100
AcDbEntity
  8
可见轮廓
100
AcDbCircle
 10
132.78572858199098
 20
12.536592832952223
 30
0.0
 40
1.75
100
AcDbArc
 50
-134.4843736159324
 51
-90.0
  0
ARC
  5
931
330
17
100
AcDbEntity
  8
可见轮廓
100
AcDbCircle
 10
132.78572858199098
 20
28.896592832952223
 30
0.0
 40
4.13
100
AcDbArc
 50
180.0
 51
-147.5351139746713
  0
ARC
  5
932
330
17
100
AcDbEntity
  8
可见轮廓
100
AcDbCircle
 10
132.78572858199098
 20
28.896592832952223
 30
0.0
 40
4.13
100
AcDbArc
 50
-147.5351139746713
 51
-115.07022794934234
  0
ARC
  5
933
330
17
100
AcDbEntity
  8
可见轮廓
100
AcDbCircle
 10
132.78572858199098
 20
28.896592832952223
 30
0.0
 40
4.13
100
AcDbArc
 50
-64.92977205065768
 51
-32.46488602532866
  0
ARC
  5
934
330
17
100
AcDbEntity
  8
可见轮廓
100
AcDbCircle
 10
132.78572858199098
 20
28.896592832952223
 30
0.0
 40
4.13
100
AcDbArc
 50
-32.46488602532866
 51
0.0
  0
ARC
  5
935
330
17
100
AcDbEntity
  8
可见轮廓
100
AcDbCircle
 10
132.78572858199098
 20
28.896592832952223
 30
0.0
 40
4.13
100
AcDbArc
 50
180.0
 51
-147.53511397467136
  0
CIRCLE
  5
936
330
17
100
AcDbEntity
  8
可见轮廓
100
AcDbCircle
 10
132.78572858199098
 20
35.89659283295222
 30
0.0
 40
4.13
  0
LINE
  5
937
330
17
100
AcDbEntity
  8
隐藏线
100
AcDbLine
 10
134.1317183630273
 20
11.418799591236365
 30
0.0
 11
134.10328602017015
 21
11.385419437186918
 31
0.0
  0
LINE
  5
938
330
17
100
AcDbEntity
  8
隐藏线
100
AcDbLine
 10
134.07717882923706
 20
11.356186344140305
 30
0.0
 11
134.0543521099989
 21
11.331626045806559
 31
0.0
  0
LINE
  5
939
330
17
100
AcDbEntity
  8
隐藏线
100
AcDbLine
 10
134.0543521099989
 20
11.331626045806559
 30
0.0
 11
134.04961033451656
 21
11.326640634946429
 31
0.0
  0
LINE
  5
93A
330
17
100
AcDbEntity
  8
隐藏线
100
AcDbLine
 10
134.03682187707977
 20
11.313401842244474
 30
0.0
 11
134.03307295630788
 21
11.309580539626737
 31
0.0
  0
LINE
  5
93B
330
17
100
AcDbEntity
  8
隐藏线
100
AcDbLine
 10
134.52467536622044
 20
12.33773605413662
 30
0.0
 11
134.5064094365997
 21
12.216175032458928
 31
0.0
  0
LINE
  5
93C
330
17
100
AcDbEntity
  8
隐藏线
100
AcDbLine
 10
134.3453841913725
 20
11.743206683615512
 30
0.0
 11
134.2837381100726
 21
11.632339510022007
 31
0.0
  0
LINE
  5
93D
330
17
100
AcDbEntity
  8
隐藏线
100
AcDbLine
 10
134.2837381100726
 20
11.632339510022007
 30
0.0
 11
134.21355746228335
 21
11.525304277559556
 31
0.0
  0
LINE
  5
93E
330
17
100
AcDbEntity
  8
隐藏线
100
AcDbLine
 10
133.47897035318672
 20
10.930535336864985
 30
0.0
 11
133.43815536857758
 21
10.913538014000416
 31
0.0
  0
LINE
  5
93F
330
17
100
AcDbEntity
  8
隐藏线
100
AcDbLine
 10
133.43815536857758
 20
10.913538014000416
 30
0.0
 11
133.3969428098153
 21
10.897579763693962
 31
0.0
  0
LINE
  5
940
330
17
100
AcDbEntity
  8
隐藏线
100
AcDbLine
 10
133.3969428098153
 20
10.897579763693962
 30
0.0
 11
133.35533126518797
 21
10.882665420407982
 31
0.0
  0
LINE
  5
941
330
17
100
AcDbEntity
  8
隐藏线
100
AcDbLine
 10
133.35533126518797
 20
10.882665420407982
 30
0.0
 11
133.31331932298372
 21
10.868799818604842
 31
0.0
  0
LINE
  5
942
330
17
100
AcDbEntity
  8
隐藏线
100
AcDbLine
 10
133.31331932298372
 20
10.868799818604842
 30
0.0
 11
133.27090557149057
 21
10.855987792746902
 31
0.0
  0
LINE
  5
943
330
17
100
AcDbEntity
  8
隐藏线
100
AcDbLine
 10
133.27090557149057
 20
10.855987792746902
 30
0.0
 11
133.22808859899664
 21
10.844234177296528
 31
0.0
  0
LINE
  5
944
330
17
100
AcDbEntity
  8
隐藏线
100
AcDbLine
 10
133.22808859899664
 20
10.844234177296528
 30
0.0
 11
133.18486699379
 21
10.833543806716087
 31
0.0
  0
LINE
  5
945
330
17
100
AcDbEntity
  8
隐藏线
100
AcDbLine
 10
133.18486699379
 20
10.833543806716087
 30
0.0
 11
133.1412393441595
 21
10.823921515468228
 31
0.0
  0
LINE
  5
946
330
17
100
AcDbEntity
  8
隐藏线
100
AcDbLine
 10
134.536
 20
12.537486515216173
 30
0.0
 11
134.52812185518812
 21
12.370678771618511
 31
0.0
  0
LINE
  5
947
330
17
100
AcDbEntity
  8
隐藏线
100
AcDbLine
 10
134.46420135375573
 20
12.041077897877265
 30
0.0
 11
134.40757085550763
 21
11.879451064483995
 31
0.0
  0
LINE
  5
948
330
17
100
AcDbEntity
  8
隐藏线
100
AcDbLine
 10
134.40757085550763
 20
11.879451064483995
 30
0.0
 11
134.33500195498704
 21
11.723146195511639
 31
0.0
  0
LINE
  5
949
330
17
100
AcDbEntity
  8
隐藏线
100
AcDbLine
 10
134.24691400520436
 20
11.574045137977436
 30
0.0
 11
134.14273512999986
 21
11.432196902325629
 31
0.0
  0
LINE
  5
94A
330
17
100
AcDbEntity
  8
隐藏线
100
AcDbLine
 10
134.14273512999986
 20
11.432196902325629
 30
0.0
 11
134.02343610282244
 21
11.300044363510992
 31
0.0
  0
LINE
  5
94B
330
17
100
AcDbEntity
  8
隐藏线
100
AcDbLine
 10
134.02343610282244
 20
11.300044363510992
 30
0.0
 11
133.89878907252142
 21
11.186832942201043
 31
0.0
  0
LINE
  5
94C
330
17
100
AcDbEntity
  8
隐藏线
100
AcDbLine
 10
133.89878907252142
 20
11.186832942201043
 30
0.0
 11
133.7630563033298
 21
11.085646084784933
 31
0.0
  0
LINE
  5
94D
330
17
100
AcDbEntity
  8
隐藏线
100
AcDbLine
 10
133.7630563033298
 20
11.085646084784933
 30
0.0
 11
133.61603800396156
 21
10.996923632238982
 31
0.0
  0
LINE
  5
94E
330
17
100
AcDbEntity
  8
隐藏线
100
AcDbLine
 10
133.61603800396156
 20
10.996923632238982
 30
0.0
 11
133.46055265361218
 21
10.922716448806383
 31
0.0
  0
LINE
  5
94F
330
17
100
AcDbEntity
  8
隐藏线
100
AcDbLine
 10
133.46055265361218
 20
10.922716448806383
 30
0.0
 11
133.2989734456847
 21
10.864334363365934
 31
0.0
  0
LINE
  5
950
330
17
100
AcDbEntity
  8
隐藏线
100
AcDbLine
 10
133.2989734456847
 20
10.864334363365934
 30
0.0
 11
133.13132026883275
 21
10.82189543454389
 31
0.0
  0
LINE
  5
951
330
17
100
AcDbEntity
  8
隐藏线
100
AcDbLine
 10
133.13132026883275
 20
10.82189543454389
 30
0.0
 11
132.95923133854836
 21
10.796109202986862
 31
0.0
  0
LINE
  5
952
330
17
100
AcDbEntity
  8
隐藏线
100
AcDbLine
 10
132.95923133854836
 20
10.796109202986862
 30
0.0
 11
132.786
 21
10.787486515216173
 31
0.0
  0
LINE
  5
953
330
17
100
AcDbEntity
  8
隐藏线
100
AcDbLine
 10
134.536
 20
17.887726195415382
 30
0.0
 11
134.536
 21
17.936500586047156
 31
0.0
  0
LINE
  5
954
330
17
100
AcDbEntity
  8
隐藏线
100
AcDbLine
 10
134.536
 20
17.936500586047156
 30
0.0
 11
134.536
 21
17.990040519624024
 31
0.0
  0
LINE
  5
955
330
17
100
AcDbEntity
  8
隐藏线
100
AcDbLine
 10
134.536
 20
17.990040519624024
 30
0.0
 11
134.536
 21
18.048135011950546
 31
0.0
  0
LINE
  5
956
330
17
100
AcDbEntity
  8
隐藏线
100
AcDbLine
 10
134.536
 20
18.048135011950546
 30
0.0
 11
134.536
 21
18.110556374754545
 31
0.0
  0
LINE
  5
957
330
17
100
AcDbEntity
  8
隐藏线
100
AcDbLine
 10
134.536
 20
18.110556374754545
 30
0.0
 11
134.536
 21
18.17737283183569
 31
0.0
  0
LINE
  5
958
330
17
100
AcDbEntity
  8
隐藏线
100
AcDbLine
 10
134.536
 20
18.17737283183569
 30
0.0
 11
134.536
 21
18.247957628307375
 31
0.0
  0
LINE
  5
959
330
17
100
AcDbEntity
  8
隐藏线
100
AcDbLine
 10
134.536
 20
18.247957628307375
 30
0.0
 11
134.536
 21
18.32203294080959
 31
0.0
  0
LINE
  5
95A
330
17
100
AcDbEntity
  8
隐藏线
100
AcDbLine
 10
134.536
 20
18.32203294080959
 30
0.0
 11
134.536
 21
18.399308144336565
 31
0.0
  0
LINE
  5
95B
330
17
100
AcDbEntity
  8
隐藏线
100
AcDbLine
 10
134.536
 20
18.399308144336565
 30
0.0
 11
134.536
 21
18.451713219036677
 31
0.0
  0
LINE
  5
95C
330
17
100
AcDbEntity
  8
隐藏线
100
AcDbLine
 10
134.536
 20
18.451713219036677
 30
0.0
 11
134.536
 21
18.50525448907502
 31
0.0
  0
LINE
  5
95D
330
17
100
AcDbEntity
  8
隐藏线
100
AcDbLine
 10
134.536
 20
18.50525448907502
 30
0.0
 11
134.536
 21
18.55984133799184
 31
0.0
  0
LINE
  5
95E
330
17
100
AcDbEntity
  8
隐藏线
100
AcDbLine
 10
134.536
 20
18.55984133799184
 30
0.0
 11
134.536
 21
18.61538149877939
 31
0.0
  0
LINE
  5
95F
330
17
100
AcDbEntity
  8
隐藏线
100
AcDbLine
 10
134.536
 20
18.61538149877939
 30
0.0
 11
134.536
 21
18.67184247046733
 31
0.0
  0
LINE
  5
960
330
17
100
AcDbEntity
  8
隐藏线
100
AcDbLine
 10
134.536
 20
18.67184247046733
 30
0.0
 11
134.536
 21
18.729048392429938
 31
0.0
  0
LINE
  5
961
330
17
100
AcDbEntity
  8
隐藏线
100
AcDbLine
 10
134.536
 20
18.729048392429938
 30
0.0
 11
134.536
 21
18.786902472372358
 31
0.0
  0
LINE
  5
962
330
17
100
AcDbEntity
  8
隐藏线
100
AcDbLine
 10
134.536
 20
18.786902472372358
 30
0.0
 11
134.536
 21
18.845306894819302
 31
0.0
  0
LINE
  5
963
330
17
100
AcDbEntity
  8
隐藏线
100
AcDbLine
 10
134.536
 20
18.845306894819302
 30
0.0
 11
134.536
 21
18.876129537843624
 31
0.0
  0
LINE
  5
964
330
17
100
AcDbEntity
  8
隐藏线
100
AcDbLine
 10
134.536
 20
18.907057862817787
 30
0.0
 11
134.536
 21
18.938077485570396
 31
0.0
  0
LINE
  5
965
330
17
100
AcDbEntity
  8
隐藏线
100
AcDbLine
 10
134.536
 20
18.938077485570396
 30
0.0
 11
134.536
 21
18.96917398230387
 31
0.0
  0
LINE
  5
966
330
17
100
AcDbEntity
  8
隐藏线
100
AcDbLine
 10
134.536
 20
19.03154409788911
 30
0.0
 11
134.536
 21
19.06278218271611
 31
0.0
  0
LINE
  5
967
330
17
100
AcDbEntity
  8
隐藏线
100
AcDbLine
 10
134.536
 20
19.06278218271611
 30
0.0
 11
134.536
 21
19.094036254870872
 31
0.0
  0
LINE
  5
968
330
17
100
AcDbEntity
  8
隐藏线
100
AcDbLine
 10
142.786
 20
19.094036254870872
 30
0.0
 11
142.786
 21
19.003240838236433
 31
0.0
  0
LINE
  5
969
330
17
100
AcDbEntity
  8
隐藏线
100
AcDbLine
 10
142.786
 20
19.003240838236433
 30
0.0
 11
142.786
 21
18.912837814964764
 31
0.0
  0
LINE
  5
96A
330
17
100
AcDbEntity
  8
隐藏线
100
AcDbLine
 10
142.786
 20
18.912837814964764
 30
0.0
 11
142.786
 21
18.823182329852482
 31
0.0
  0
LINE
  5
96B
330
17
100
AcDbEntity
  8
隐藏线
100
AcDbLine
 10
142.786
 20
18.823182329852482
 30
0.0
 11
142.786
 21
18.734626786061842
 31
0.0
  0
LINE
  5
96C
330
17
100
AcDbEntity
  8
隐藏线
100
AcDbLine
 10
142.786
 20
18.734626786061842
 30
0.0
 11
142.786
 21
18.647677414935686
 31
0.0
  0
LINE
  5
96D
330
17
100
AcDbEntity
  8
隐藏线
100
AcDbLine
 10
142.786
 20
18.647677414935686
 30
0.0
 11
142.786
 21
18.562586470154972
 31
0.0
  0
LINE
  5
96E
330
17
100
AcDbEntity
  8
隐藏线
100
AcDbLine
 10
142.786
 20
18.562586470154972
 30
0.0
 11
142.786
 21
18.479688033179954
 31
0.0
  0
LINE
  5
96F
330
17
100
AcDbEntity
  8
隐藏线
100
AcDbLine
 10
142.786
 20
18.479688033179954
 30
0.0
 11
142.786
 21
18.399308144336565
 31
0.0
  0
LINE
  5
970
330
17
100
AcDbEntity
  8
隐藏线
100
AcDbLine
 10
142.786
 20
18.399308144336565
 30
0.0
 11
142.786
 21
18.32203294080959
 31
0.0
  0
LINE
  5
971
330
17
100
AcDbEntity
  8
隐藏线
100
AcDbLine
 10
142.786
 20
18.32203294080959
 30
0.0
 11
142.786
 21
18.247957628307375
 31
0.0
  0
LINE
  5
972
330
17
100
AcDbEntity
  8
隐藏线
100
AcDbLine
 10
142.786
 20
18.247957628307375
 30
0.0
 11
142.786
 21
18.17737283183569
 31
0.0
  0
LINE
  5
973
330
17
100
AcDbEntity
  8
隐藏线
100
AcDbLine
 10
142.786
 20
18.17737283183569
 30
0.0
 11
142.786
 21
18.110556374754545
 31
0.0
  0
LINE
  5
974
330
17
100
AcDbEntity
  8
隐藏线
100
AcDbLine
 10
142.786
 20
18.110556374754545
 30
0.0
 11
142.786
 21
18.048135011950546
 31
0.0
  0
LINE
  5
975
330
17
100
AcDbEntity
  8
隐藏线
100
AcDbLine
 10
142.786
 20
18.048135011950546
 30
0.0
 11
142.786
 21
17.990040519624024
 31
0.0
  0
LINE
  5
976
330
17
100
AcDbEntity
  8
隐藏线
100
AcDbLine
 10
142.786
 20
17.990040519624024
 30
0.0
 11
142.786
 21
17.936500586047156
 31
0.0
  0
LINE
  5
977
330
17
100
AcDbEntity
  8
隐藏线
100
AcDbLine
 10
142.786
 20
17.936500586047156
 30
0.0
 11
142.786
 21
17.887726195415382
 31
0.0
  0
LINE
  5
978
330
17
100
AcDbEntity
  8
隐藏线
100
AcDbLine
 10
131.036
 20
17.887726195415382
 30
0.0
 11
131.036
 21
17.936500586047156
 31
0.0
  0
LINE
  5
979
330
17
100
AcDbEntity
  8
隐藏线
100
AcDbLine
 10
131.036
 20
17.936500586047156
 30
0.0
 11
131.036
 21
17.990040519624024
 31
0.0
  0
LINE
  5
97A
330
17
100
AcDbEntity
  8
隐藏线
100
AcDbLine
 10
131.036
 20
17.990040519624024
 30
0.0
 11
131.036
 21
18.048135011950546
 31
0.0
  0
LINE
  5
97B
330
17
100
AcDbEntity
  8
隐藏线
100
AcDbLine
 10
131.036
 20
18.048135011950546
 30
0.0
 11
131.036
 21
18.110556374754545
 31
0.0
  0
LINE
  5
97C
330
17
100
AcDbEntity
  8
隐藏线
100
AcDbLine
 10
131.036
 20
18.110556374754545
 30
0.0
 11
131.036
 21
18.17737283183569
 31
0.0
  0
LINE
  5
97D
330
17
100
AcDbEntity
  8
隐藏线
100
AcDbLine
 10
131.036
 20
18.17737283183569
 30
0.0
 11
131.036
 21
18.247957628307375
 31
0.0
  0
LINE
  5
97E
330
17
100
AcDbEntity
  8
隐藏线
100
AcDbLine
 10
131.036
 20
18.247957628307375
 30
0.0
 11
131.036
 21
18.32203294080959
 31
0.0
  0
LINE
  5
97F
330
17
100
AcDbEntity
  8
隐藏线
100
AcDbLine
 10
131.036
 20
18.32203294080959
 30
0.0
 11
131.036
 21
18.399308144336565
 31
0.0
  0
LINE
  5
980
330
17
100
AcDbEntity
  8
隐藏线
100
AcDbLine
 10
131.036
 20
18.399308144336565
 30
0.0
 11
131.036
 21
18.451713219036677
 31
0.0
  0
LINE
  5
981
330
17
100
AcDbEntity
  8
隐藏线
100
AcDbLine
 10
131.036
 20
18.451713219036677
 30
0.0
 11
131.036
 21
18.50525448907502
 31
0.0
  0
LINE
  5
982
330
17
100
AcDbEntity
  8
隐藏线
100
AcDbLine
 10
131.036
 20
18.50525448907502
 30
0.0
 11
131.036
 21
18.55984133799184
 31
0.0
  0
LINE
  5
983
330
17
100
AcDbEntity
  8
隐藏线
100
AcDbLine
 10
131.036
 20
18.55984133799184
 30
0.0
 11
131.036
 21
18.61538149877939
 31
0.0
  0
LINE
  5
984
330
17
100
AcDbEntity
  8
隐藏线
100
AcDbLine
 10
131.036
 20
18.61538149877939
 30
0.0
 11
131.036
 21
18.67184247046733
 31
0.0
  0
LINE
  5
985
330
17
100
AcDbEntity
  8
隐藏线
100
AcDbLine
 10
131.036
 20
18.67184247046733
 30
0.0
 11
131.036
 21
18.729048392429938
 31
0.0
  0
LINE
  5
986
330
17
100
AcDbEntity
  8
隐藏线
100
AcDbLine
 10
131.036
 20
18.729048392429938
 30
0.0
 11
131.036
 21
18.786902472372358
 31
0.0
  0
LINE
  5
987
330
17
100
AcDbEntity
  8
隐藏线
100
AcDbLine
 10
131.036
 20
18.786902472372358
 30
0.0
 11
131.036
 21
18.845306894819302
 31
0.0
  0
LINE
  5
988
330
17
100
AcDbEntity
  8
隐藏线
100
AcDbLine
 10
131.036
 20
18.845306894819302
 30
0.0
 11
131.036
 21
18.876129537843624
 31
0.0
  0
LINE
  5
989
330
17
100
AcDbEntity
  8
隐藏线
100
AcDbLine
 10
131.036
 20
18.907057862817787
 30
0.0
 11
131.036
 21
18.938077485570396
 31
0.0
  0
LINE
  5
98A
330
17
100
AcDbEntity
  8
隐藏线
100
AcDbLine
 10
131.036
 20
18.938077485570396
 30
0.0
 11
131.036
 21
18.96917398230387
 31
0.0
  0
LINE
  5
98B
330
17
100
AcDbEntity
  8
隐藏线
100
AcDbLine
 10
131.036
 20
19.03154409788911
 30
0.0
 11
131.036
 21
19.06278218271611
 31
0.0
  0
LINE
  5
98C
330
17
100
AcDbEntity
  8
隐藏线
100
AcDbLine
 10
131.036
 20
19.06278218271611
 30
0.0
 11
131.036
 21
19.094036254870872
 31
0.0
  0
LINE
  5
98D
330
17
100
AcDbEntity
  8
隐藏线
100
AcDbLine
 10
122.786
 20
17.887726195415382
 30
0.0
 11
122.786
 21
17.936500586047156
 31
0.0
  0
LINE
  5
98E
330
17
100
AcDbEntity
  8
隐藏线
100
AcDbLine
 10
122.786
 20
17.936500586047156
 30
0.0
 11
122.786
 21
17.990040519624024
 31
0.0
  0
LINE
  5
98F
330
17
100
AcDbEntity
  8
隐藏线
100
AcDbLine
 10
122.786
 20
17.990040519624024
 30
0.0
 11
122.786
 21
18.048135011950546
 31
0.0
  0
LINE
  5
990
330
17
100
AcDbEntity
  8
隐藏线
100
AcDbLine
 10
122.786
 20
18.048135011950546
 30
0.0
 11
122.786
 21
18.110556374754545
 31
0.0
  0
LINE
  5
991
330
17
100
AcDbEntity
  8
隐藏线
100
AcDbLine
 10
122.786
 20
18.110556374754545
 30
0.0
 11
122.786
 21
18.17737283183569
 31
0.0
  0
LINE
  5
992
330
17
100
AcDbEntity
  8
隐藏线
100
AcDbLine
 10
122.786
 20
18.17737283183569
 30
0.0
 11
122.786
 21
18.247957628307375
 31
0.0
  0
LINE
  5
993
330
17
100
AcDbEntity
  8
隐藏线
100
AcDbLine
 10
122.786
 20
18.247957628307375
 30
0.0
 11
122.786
 21
18.32203294080959
 31
0.0
  0
LINE
  5
994
330
17
100
AcDbEntity
  8
隐藏线
100
AcDbLine
 10
122.786
 20
18.32203294080959
 30
0.0
 11
122.786
 21
18.399308144336565
 31
0.0
  0
LINE
  5
995
330
17
100
AcDbEntity
  8
隐藏线
100
AcDbLine
 10
122.786
 20
18.399308144336565
 30
0.0
 11
122.786
 21
18.479688033179954
 31
0.0
  0
LINE
  5
996
330
17
100
AcDbEntity
  8
隐藏线
100
AcDbLine
 10
122.786
 20
18.479688033179954
 30
0.0
 11
122.786
 21
18.562586470154976
 31
0.0
  0
LINE
  5
997
330
17
100
AcDbEntity
  8
隐藏线
100
AcDbLine
 10
122.786
 20
18.562586470154976
 30
0.0
 11
122.786
 21
18.647677414935686
 31
0.0
  0
LINE
  5
998
330
17
100
AcDbEntity
  8
隐藏线
100
AcDbLine
 10
122.786
 20
18.647677414935686
 30
0.0
 11
122.786
 21
18.734626786061842
 31
0.0
  0
LINE
  5
999
330
17
100
AcDbEntity
  8
隐藏线
100
AcDbLine
 10
122.786
 20
18.734626786061842
 30
0.0
 11
122.786
 21
18.823182329852482
 31
0.0
  0
LINE
  5
99A
330
17
100
AcDbEntity
  8
隐藏线
100
AcDbLine
 10
122.786
 20
18.823182329852482
 30
0.0
 11
122.786
 21
18.912837814964764
 31
0.0
  0
LINE
  5
99B
330
17
100
AcDbEntity
  8
隐藏线
100
AcDbLine
 10
122.786
 20
18.912837814964764
 30
0.0
 11
122.786
 21
19.003240838236433
 31
0.0
  0
LINE
  5
99C
330
17
100
AcDbEntity
  8
隐藏线
100
AcDbLine
 10
122.786
 20
19.003240838236433
 30
0.0
 11
122.786
 21
19.094036254870872
 31
0.0
  0
LINE
  5
99D
330
17
100
AcDbEntity
  8
隐藏线
100
AcDbLine
 10
122.786
 20
10.049382572217269
 30
0.0
 11
122.786
 21
10.65390046908891
 31
0.0
  0
LINE
  5
99E
330
17
100
AcDbEntity
  8
隐藏线
100
AcDbLine
 10
122.786
 20
10.65390046908891
 30
0.0
 11
122.786
 21
11.249758509943312
 31
0.0
  0
LINE
  5
99F
330
17
100
AcDbEntity
  8
隐藏线
100
AcDbLine
 10
122.786
 20
11.249758509943312
 30
0.0
 11
122.786
 21
11.835542491768692
 31
0.0
  0
LINE
  5
9A0
330
17
100
AcDbEntity
  8
隐藏线
100
AcDbLine
 10
122.786
 20
11.835542491768692
 30
0.0
 11
122.786
 21
12.409860539733895
 31
0.0
  0
LINE
  5
9A1
330
17
100
AcDbEntity
  8
隐藏线
100
AcDbLine
 10
122.786
 20
12.409860539733895
 30
0.0
 11
122.786
 21
12.970132273182418
 31
0.0
  0
LINE
  5
9A2
330
17
100
AcDbEntity
  8
隐藏线
100
AcDbLine
 10
122.786
 20
12.970132273182418
 30
0.0
 11
122.786
 21
13.515974615342643
 31
0.0
  0
LINE
  5
9A3
330
17
100
AcDbEntity
  8
隐藏线
100
AcDbLine
 10
122.786
 20
13.515974615342643
 30
0.0
 11
122.786
 21
14.04609258414946
 31
0.0
  0
LINE
  5
9A4
330
17
100
AcDbEntity
  8
隐藏线
100
AcDbLine
 10
122.786
 20
14.04609258414946
 30
0.0
 11
122.786
 21
14.559226049095354
 31
0.0
  0
LINE
  5
9A5
330
17
100
AcDbEntity
  8
隐藏线
100
AcDbLine
 10
122.786
 20
14.559226049095354
 30
0.0
 11
122.786
 21
15.052507954912521
 31
0.0
  0
LINE
  5
9A6
330
17
100
AcDbEntity
  8
隐藏线
100
AcDbLine
 10
122.786
 20
15.052507954912521
 30
0.0
 11
122.786
 21
15.526176680711863
 31
0.0
  0
LINE
  5
9A7
330
17
100
AcDbEntity
  8
隐藏线
100
AcDbLine
 10
122.786
 20
15.526176680711863
 30
0.0
 11
122.786
 21
15.97910903386179
 31
0.0
  0
LINE
  5
9A8
330
17
100
AcDbEntity
  8
隐藏线
100
AcDbLine
 10
122.786
 20
15.97910903386179
 30
0.0
 11
122.786
 21
16.410227781901536
 31
0.0
  0
LINE
  5
9A9
330
17
100
AcDbEntity
  8
隐藏线
100
AcDbLine
 10
122.786
 20
16.410227781901536
 30
0.0
 11
122.786
 21
16.816495580160073
 31
0.0
  0
LINE
  5
9AA
330
17
100
AcDbEntity
  8
隐藏线
100
AcDbLine
 10
122.786
 20
16.816495580160073
 30
0.0
 11
122.786
 21
17.198762586871986
 31
0.0
  0
LINE
  5
9AB
330
17
100
AcDbEntity
  8
隐藏线
100
AcDbLine
 10
122.786
 20
17.198762586871986
 30
0.0
 11
122.786
 21
17.556122993707774
 31
0.0
  0
LINE
  5
9AC
330
17
100
AcDbEntity
  8
隐藏线
100
AcDbLine
 10
122.786
 20
17.556122993707774
 30
0.0
 11
122.786
 21
17.88772619541537
 31
0.0
  0
LINE
  5
9AD
330
17
100
AcDbEntity
  8
隐藏线
100
AcDbLine
 10
131.036
 20
13.322218226613806
 30
0.0
 11
131.036
 21
13.577204873980108
 31
0.0
  0
LINE
  5
9AE
330
17
100
AcDbEntity
  8
隐藏线
100
AcDbLine
 10
131.036
 20
13.577204873980108
 30
0.0
 11
131.036
 21
13.82836199696764
 31
0.0
  0
LINE
  5
9AF
330
17
100
AcDbEntity
  8
隐藏线
100
AcDbLine
 10
131.036
 20
13.82836199696764
 30
0.0
 11
131.036
 21
14.0758381022526
 31
0.0
  0
LINE
  5
9B0
330
17
100
AcDbEntity
  8
隐藏线
100
AcDbLine
 10
131.036
 20
14.0758381022526
 30
0.0
 11
131.036
 21
14.319502416947334
 31
0.0
  0
LINE
  5
9B1
330
17
100
AcDbEntity
  8
隐藏线
100
AcDbLine
 10
131.036
 20
14.319502416947334
 30
0.0
 11
131.036
 21
14.559226049095354
 31
0.0
  0
LINE
  5
9B2
330
17
100
AcDbEntity
  8
隐藏线
100
AcDbLine
 10
131.036
 20
14.559226049095354
 30
0.0
 11
131.036
 21
14.929757017783402
 31
0.0
  0
LINE
  5
9B3
330
17
100
AcDbEntity
  8
隐藏线
100
AcDbLine
 10
131.036
 20
14.929757017783402
 30
0.0
 11
131.036
 21
15.289515958953931
 31
0.0
  0
LINE
  5
9B4
330
17
100
AcDbEntity
  8
隐藏线
100
AcDbLine
 10
131.036
 20
15.289515958953931
 30
0.0
 11
131.036
 21
15.63802637754149
 31
0.0
  0
LINE
  5
9B5
330
17
100
AcDbEntity
  8
隐藏线
100
AcDbLine
 10
131.036
 20
15.63802637754149
 30
0.0
 11
131.036
 21
15.97482569821657
 31
0.0
  0
LINE
  5
9B6
330
17
100
AcDbEntity
  8
隐藏线
100
AcDbLine
 10
131.036
 20
15.97482569821657
 30
0.0
 11
131.036
 21
16.298405989462733
 31
0.0
  0
LINE
  5
9B7
330
17
100
AcDbEntity
  8
隐藏线
100
AcDbLine
 10
131.036
 20
16.298405989462733
 30
0.0
 11
131.036
 21
16.60931210805401
 31
0.0
  0
LINE
  5
9B8
330
17
100
AcDbEntity
  8
隐藏线
100
AcDbLine
 10
131.036
 20
16.60931210805401
 30
0.0
 11
131.036
 21
16.90713241243313
 31
0.0
  0
LINE
  5
9B9
330
17
100
AcDbEntity
  8
隐藏线
100
AcDbLine
 10
131.036
 20
16.90713241243313
 30
0.0
 11
131.036
 21
17.191471454376376
 31
0.0
  0
LINE
  5
9BA
330
17
100
AcDbEntity
  8
隐藏线
100
AcDbLine
 10
131.036
 20
17.639233939660553
 30
0.0
 11
131.036
 21
17.723744745046293
 31
0.0
  0
LINE
  5
9BB
330
17
100
AcDbEntity
  8
隐藏线
100
AcDbLine
 10
131.036
 20
17.806579691154347
 30
0.0
 11
131.036
 21
17.88772619541537
 31
0.0
  0
LINE
  5
9BC
330
17
100
AcDbEntity
  8
隐藏线
100
AcDbLine
 10
132.786
 20
10.787486515216173
 30
0.0
 11
132.61295800615028
 21
10.79609459576072
 31
0.0
  0
LINE
  5
9BD
330
17
100
AcDbEntity
  8
隐藏线
100
AcDbLine
 10
132.61295800615028
 20
10.79609459576072
 30
0.0
 11
132.44108196941693
 21
10.821814551211254
 31
0.0
  0
LINE
  5
9BE
330
17
100
AcDbEntity
  8
隐藏线
100
AcDbLine
 10
132.44108196941693
 20
10.821814551211254
 30
0.0
 11
132.27363682991995
 21
10.864147639233884
 31
0.0
  0
LINE
  5
9BF
330
17
100
AcDbEntity
  8
隐藏线
100
AcDbLine
 10
132.27363682991995
 20
10.864147639233884
 30
0.0
 11
132.1120374161285
 21
10.922470147019837
 31
0.0
  0
LINE
  5
9C0
330
17
100
AcDbEntity
  8
隐藏线
100
AcDbLine
 10
132.1120374161285
 20
10.922470147019837
 30
0.0
 11
131.95657424761217
 21
10.996582767226819
 31
0.0
  0
LINE
  5
9C1
330
17
100
AcDbEntity
  8
隐藏线
100
AcDbLine
 10
131.95657424761217
 20
10.996582767226819
 30
0.0
 11
131.80972006555905
 21
11.085122430157554
 31
0.0
  0
LINE
  5
9C2
330
17
100
AcDbEntity
  8
隐藏线
100
AcDbLine
 10
131.80972006555905
 20
11.085122430157554
 30
0.0
 11
131.67377885860992
 21
11.186376465873522
 31
0.0
  0
LINE
  5
9C3
330
17
100
AcDbEntity
  8
隐藏线
100
AcDbLine
 10
131.67377885860992
 20
11.186376465873522
 30
0.0
 11
131.54857090572932
 21
11.300039593821829
 31
0.0
  0
LINE
  5
9C4
330
17
100
AcDbEntity
  8
隐藏线
100
AcDbLine
 10
131.54857090572932
 20
11.300039593821829
 30
0.0
 11
131.4293920907549
 21
11.431963537489992
 31
0.0
  0
LINE
  5
9C5
330
17
100
AcDbEntity
  8
隐藏线
100
AcDbLine
 10
131.4293920907549
 20
11.431963537489992
 30
0.0
 11
131.32575989272576
 21
11.573015063179845
 31
0.0
  0
LINE
  5
9C6
330
17
100
AcDbEntity
  8
隐藏线
100
AcDbLine
 10
131.23720177113424
 20
11.72287770994214
 30
0.0
 11
131.1643367401592
 21
11.879685529138989
 31
0.0
  0
LINE
  5
9C7
330
17
100
AcDbEntity
  8
隐藏线
100
AcDbLine
 10
131.1643367401592
 20
11.879685529138989
 30
0.0
 11
131.10802732973877
 21
12.040576654026466
 31
0.0
  0
LINE
  5
9C8
330
17
100
AcDbEntity
  8
隐藏线
100
AcDbLine
 10
131.0679414112353
 20
12.204638466059166
 30
0.0
 11
131.04396766898
 21
12.370676018629464
 31
0.0
  0
LINE
  5
9C9
330
17
100
AcDbEntity
  8
隐藏线
100
AcDbLine
 10
131.04396766898
 20
12.370676018629464
 30
0.0
 11
131.036
 21
12.537486515216173
 31
0.0
  0
LINE
  5
9CA
330
17
100
AcDbEntity
  8
隐藏线
100
AcDbLine
 10
134.536
 20
13.322218226613806
 30
0.0
 11
134.536
 21
13.577204873980108
 31
0.0
  0
LINE
  5
9CB
330
17
100
AcDbEntity
  8
隐藏线
100
AcDbLine
 10
134.536
 20
13.577204873980108
 30
0.0
 11
134.536
 21
13.82836199696764
 31
0.0
  0
LINE
  5
9CC
330
17
100
AcDbEntity
  8
隐藏线
100
AcDbLine
 10
134.536
 20
13.82836199696764
 30
0.0
 11
134.536
 21
14.0758381022526
 31
0.0
  0
LINE
  5
9CD
330
17
100
AcDbEntity
  8
隐藏线
100
AcDbLine
 10
134.536
 20
14.0758381022526
 30
0.0
 11
134.536
 21
14.319502416947334
 31
0.0
  0
LINE
  5
9CE
330
17
100
AcDbEntity
  8
隐藏线
100
AcDbLine
 10
134.536
 20
14.319502416947334
 30
0.0
 11
134.536
 21
14.559226049095354
 31
0.0
  0
LINE
  5
9CF
330
17
100
AcDbEntity
  8
隐藏线
100
AcDbLine
 10
134.536
 20
14.559226049095354
 30
0.0
 11
134.536
 21
14.929757017783402
 31
0.0
  0
LINE
  5
9D0
330
17
100
AcDbEntity
  8
隐藏线
100
AcDbLine
 10
134.536
 20
14.929757017783402
 30
0.0
 11
134.536
 21
15.289515958953931
 31
0.0
  0
LINE
  5
9D1
330
17
100
AcDbEntity
  8
隐藏线
100
AcDbLine
 10
134.536
 20
15.289515958953931
 30
0.0
 11
134.536
 21
15.63802637754149
 31
0.0
  0
LINE
  5
9D2
330
17
100
AcDbEntity
  8
隐藏线
100
AcDbLine
 10
134.536
 20
15.63802637754149
 30
0.0
 11
134.536
 21
15.97482569821657
 31
0.0
  0
LINE
  5
9D3
330
17
100
AcDbEntity
  8
隐藏线
100
AcDbLine
 10
134.536
 20
15.97482569821657
 30
0.0
 11
134.536
 21
16.298405989462733
 31
0.0
  0
LINE
  5
9D4
330
17
100
AcDbEntity
  8
隐藏线
100
AcDbLine
 10
134.536
 20
16.298405989462733
 30
0.0
 11
134.536
 21
16.60931210805401
 31
0.0
  0
LINE
  5
9D5
330
17
100
AcDbEntity
  8
隐藏线
100
AcDbLine
 10
134.536
 20
16.60931210805401
 30
0.0
 11
134.536
 21
16.90713241243313
 31
0.0
  0
LINE
  5
9D6
330
17
100
AcDbEntity
  8
隐藏线
100
AcDbLine
 10
134.536
 20
16.90713241243313
 30
0.0
 11
134.536
 21
17.191471454376376
 31
0.0
  0
LINE
  5
9D7
330
17
100
AcDbEntity
  8
隐藏线
100
AcDbLine
 10
134.536
 20
17.639233939660553
 30
0.0
 11
134.536
 21
17.723744745046293
 31
0.0
  0
LINE
  5
9D8
330
17
100
AcDbEntity
  8
隐藏线
100
AcDbLine
 10
134.536
 20
17.806579691154347
 30
0.0
 11
134.536
 21
17.88772619541537
 31
0.0
  0
LINE
  5
9D9
330
17
100
AcDbEntity
  8
隐藏线
100
AcDbLine
 10
142.786
 20
17.887726195415375
 30
0.0
 11
142.786
 21
17.55612299370778
 31
0.0
  0
LINE
  5
9DA
330
17
100
AcDbEntity
  8
隐藏线
100
AcDbLine
 10
142.786
 20
17.55612299370778
 30
0.0
 11
142.786
 21
17.19876258687199
 31
0.0
  0
LINE
  5
9DB
330
17
100
AcDbEntity
  8
隐藏线
100
AcDbLine
 10
142.786
 20
17.19876258687199
 30
0.0
 11
142.786
 21
16.816495580160076
 31
0.0
  0
LINE
  5
9DC
330
17
100
AcDbEntity
  8
隐藏线
100
AcDbLine
 10
142.786
 20
16.816495580160076
 30
0.0
 11
142.786
 21
16.41022778190154
 31
0.0
  0
LINE
  5
9DD
330
17
100
AcDbEntity
  8
隐藏线
100
AcDbLine
 10
142.786
 20
16.41022778190154
 30
0.0
 11
142.786
 21
15.97910903386179
 31
0.0
  0
LINE
  5
9DE
330
17
100
AcDbEntity
  8
隐藏线
100
AcDbLine
 10
142.786
 20
15.97910903386179
 30
0.0
 11
142.786
 21
15.526176680711867
 31
0.0
  0
LINE
  5
9DF
330
17
100
AcDbEntity
  8
隐藏线
100
AcDbLine
 10
142.786
 20
15.526176680711867
 30
0.0
 11
142.786
 21
15.052507954912524
 31
0.0
  0
LINE
  5
9E0
330
17
100
AcDbEntity
  8
隐藏线
100
AcDbLine
 10
142.786
 20
15.052507954912524
 30
0.0
 11
142.786
 21
14.559226049095358
 31
0.0
  0
LINE
  5
9E1
330
17
100
AcDbEntity
  8
隐藏线
100
AcDbLine
 10
142.786
 20
14.559226049095358
 30
0.0
 11
142.786
 21
14.046092584149463
 31
0.0
  0
LINE
  5
9E2
330
17
100
AcDbEntity
  8
隐藏线
100
AcDbLine
 10
142.786
 20
14.046092584149463
 30
0.0
 11
142.786
 21
13.515974615342646
 31
0.0
  0
LINE
  5
9E3
330
17
100
AcDbEntity
  8
隐藏线
100
AcDbLine
 10
142.786
 20
13.515974615342646
 30
0.0
 11
142.786
 21
12.970132273182422
 31
0.0
  0
LINE
  5
9E4
330
17
100
AcDbEntity
  8
隐藏线
100
AcDbLine
 10
142.786
 20
12.970132273182422
 30
0.0
 11
142.786
 21
12.409860539733891
 31
0.0
  0
LINE
  5
9E5
330
17
100
AcDbEntity
  8
隐藏线
100
AcDbLine
 10
142.786
 20
12.409860539733891
 30
0.0
 11
142.786
 21
11.835542491768692
 31
0.0
  0
LINE
  5
9E6
330
17
100
AcDbEntity
  8
隐藏线
100
AcDbLine
 10
142.786
 20
11.835542491768692
 30
0.0
 11
142.786
 21
11.249758509943312
 31
0.0
  0
LINE
  5
9E7
330
17
100
AcDbEntity
  8
隐藏线
100
AcDbLine
 10
142.786
 20
11.249758509943312
 30
0.0
 11
142.786
 21
10.653900469088903
 31
0.0
  0
LINE
  5
9E8
330
17
100
AcDbEntity
  8
隐藏线
100
AcDbLine
 10
142.786
 20
10.653900469088903
 30
0.0
 11
142.786
 21
10.049382572217269
 31
0.0
  0
LINE
  5
9E9
330
17
100
AcDbEntity
  8
隐藏线
100
AcDbLine
 10
122.786
 20
19.094036254870872
 30
0.0
 11
122.786
 21
29.191499999999976
 31
0.0
  0
LINE
  5
9EA
330
17
100
AcDbEntity
  8
隐藏线
100
AcDbLine
 10
122.786
 20
29.191499999999976
 30
0.0
 11
122.786
 21
32.39403625487087
 31
0.0
  0
LINE
  5
9EB
330
17
100
AcDbEntity
  8
隐藏线
100
AcDbLine
 10
122.786
 20
32.39403625487087
 30
0.0
 11
122.786
 21
45.69403625487087
 31
0.0
  0
LINE
  5
9EC
330
17
100
AcDbEntity
  8
隐藏线
100
AcDbLine
 10
142.786
 20
45.69403625487087
 30
0.0
 11
142.786
 21
32.39403625487087
 31
0.0
  0
LINE
  5
9ED
330
17
100
AcDbEntity
  8
隐藏线
100
AcDbLine
 10
142.786
 20
32.39403625487087
 30
0.0
 11
142.786
 21
29.191499999999976
 31
0.0
  0
LINE
  5
9EE
330
17
100
AcDbEntity
  8
隐藏线
100
AcDbLine
 10
142.786
 20
29.191499999999976
 30
0.0
 11
142.786
 21
19.094036254870872
 31
0.0
  0
LINE
  5
9EF
330
17
100
AcDbEntity
  8
隐藏线
100
AcDbLine
 10
134.536
 20
19.094036254870872
 30
0.0
 11
134.536
 21
25.153127274422427
 31
0.0
  0
LINE
  5
9F0
330
17
100
AcDbEntity
  8
隐藏线
100
AcDbLine
 10
136.916
 20
32.39403625487087
 30
0.0
 11
136.916
 21
35.89403625487088
 31
0.0
  0
LINE
  5
9F1
330
17
100
AcDbEntity
  8
隐藏线
100
AcDbLine
 10
128.656
 20
32.39403625487087
 30
0.0
 11
128.656
 21
35.89403625487088
 31
0.0
  0
LINE
  5
9F2
330
17
100
AcDbEntity
  8
隐藏线
100
AcDbLine
 10
131.036
 20
19.094036254870872
 30
0.0
 11
131.036
 21
25.153127274422427
 31
0.0
  0
LINE
  5
9F3
330
17
100
AcDbEntity
  8
隐藏线
100
AcDbLine
 10
132.4314571534496
 20
10.82377727209471
 30
0.0
 11
132.3879346876401
 21
10.833356405309054
 31
0.0
  0
LINE
  5
9F4
330
17
100
AcDbEntity
  8
隐藏线
100
AcDbLine
 10
132.3879346876401
 20
10.833356405309054
 30
0.0
 11
132.34480131878985
 21
10.844002251275441
 31
0.0
  0
LINE
  5
9F5
330
17
100
AcDbEntity
  8
隐藏线
100
AcDbLine
 10
132.34480131878985
 20
10.844002251275441
 30
0.0
 11
132.30205607468682
 21
10.855711029193529
 31
0.0
  0
LINE
  5
9F6
330
17
100
AcDbEntity
  8
隐藏线
100
AcDbLine
 10
132.30205607468682
 20
10.855711029193529
 30
0.0
 11
132.25969798311843
 21
10.868478958263246
 31
0.0
  0
LINE
  5
9F7
330
17
100
AcDbEntity
  8
隐藏线
100
AcDbLine
 10
132.25969798311843
 20
10.868478958263246
 30
0.0
 11
132.2177260718721
 21
10.882302257684508
 31
0.0
  0
LINE
  5
9F8
330
17
100
AcDbEntity
  8
隐藏线
100
AcDbLine
 10
132.2177260718721
 20
10.882302257684508
 30
0.0
 11
132.17613936873533
 21
10.897177146657235
 31
0.0
  0
LINE
  5
9F9
330
17
100
AcDbEntity
  8
隐藏线
100
AcDbLine
 10
132.17613936873533
 20
10.897177146657235
 30
0.0
 11
132.1349369014955
 21
10.913099844381343
 31
0.0
  0
LINE
  5
9FA
330
17
100
AcDbEntity
  8
隐藏线
100
AcDbLine
 10
132.1349369014955
 20
10.913099844381343
 30
0.0
 11
132.09411769794008
 21
10.93006657005676
 31
0.0
  0
LINE
  5
9FB
330
17
100
AcDbEntity
  8
隐藏线
100
AcDbLine
 10
131.38885742346565
 20
11.483656335889172
 30
0.0
 11
131.30900099360255
 21
11.598884481012654
 31
0.0
  0
LINE
  5
9FC
330
17
100
AcDbEntity
  8
隐藏线
100
AcDbLine
 10
122.786
 20
10.049382572217269
 30
0.0
 11
122.786
 21
9.971753050386013
 31
0.0
  0
LINE
  5
9FD
330
17
100
AcDbEntity
  8
隐藏线
100
AcDbLine
 10
122.786
 20
9.971753050386013
 30
0.0
 11
122.786
 21
9.893141975725634
 31
0.0
  0
LINE
  5
9FE
330
17
100
AcDbEntity
  8
隐藏线
100
AcDbLine
 10
122.786
 20
9.893141975725634
 30
0.0
 11
122.786
 21
9.814479036878666
 31
0.0
  0
LINE
  5
9FF
330
17
100
AcDbEntity
  8
隐藏线
100
AcDbLine
 10
122.786
 20
9.814479036878666
 30
0.0
 11
122.786
 21
9.736694494940906
 31
0.0
  0
LINE
  5
A00
330
17
100
AcDbEntity
  8
隐藏线
100
AcDbLine
 10
122.786
 20
9.736694494940906
 30
0.0
 11
122.786
 21
9.660957029713366
 31
0.0
  0
LINE
  5
A01
330
17
100
AcDbEntity
  8
隐藏线
100
AcDbLine
 10
122.786
 20
9.660957029713366
 30
0.0
 11
122.786
 21
9.588094028770591
 31
0.0
  0
LINE
  5
A02
330
17
100
AcDbEntity
  8
隐藏线
100
AcDbLine
 10
122.786
 20
9.588094028770591
 30
0.0
 11
122.786
 21
9.518965709949498
 31
0.0
  0
LINE
  5
A03
330
17
100
AcDbEntity
  8
隐藏线
100
AcDbLine
 10
122.786
 20
9.518965709949498
 30
0.0
 11
122.786
 21
9.454391069366885
 31
0.0
  0
LINE
  5
A04
330
17
100
AcDbEntity
  8
隐藏线
100
AcDbLine
 10
122.786
 20
9.454391069366885
 30
0.0
 11
122.786
 21
9.395658735109123
 31
0.0
  0
LINE
  5
A05
330
17
100
AcDbEntity
  8
隐藏线
100
AcDbLine
 10
122.786
 20
9.395658735109123
 30
0.0
 11
122.786
 21
9.343083295685304
 31
0.0
  0
LINE
  5
A06
330
17
100
AcDbEntity
  8
隐藏线
100
AcDbLine
 10
122.786
 20
9.343083295685304
 30
0.0
 11
122.786
 21
9.297283845482973
 31
0.0
  0
LINE
  5
A07
330
17
100
AcDbEntity
  8
隐藏线
100
AcDbLine
 10
122.786
 20
9.297283845482973
 30
0.0
 11
122.786
 21
9.25880468860705
 31
0.0
  0
LINE
  5
A08
330
17
100
AcDbEntity
  8
隐藏线
100
AcDbLine
 10
122.786
 20
9.25880468860705
 30
0.0
 11
122.786
 21
9.228797261425413
 31
0.0
  0
LINE
  5
A09
330
17
100
AcDbEntity
  8
隐藏线
100
AcDbLine
 10
122.786
 20
9.228797261425413
 30
0.0
 11
122.786
 21
9.207000578643779
 31
0.0
  0
LINE
  5
A0A
330
17
100
AcDbEntity
  8
隐藏线
100
AcDbLine
 10
142.786
 20
9.188963745129115
 30
0.0
 11
142.786
 21
9.193669073668495
 31
0.0
  0
LINE
  5
A0B
330
17
100
AcDbEntity
  8
隐藏线
100
AcDbLine
 10
142.786
 20
9.228797261425413
 30
0.0
 11
142.786
 21
9.25880468860705
 31
0.0
  0
LINE
  5
A0C
330
17
100
AcDbEntity
  8
隐藏线
100
AcDbLine
 10
142.786
 20
9.25880468860705
 30
0.0
 11
142.786
 21
9.297283845482973
 31
0.0
  0
LINE
  5
A0D
330
17
100
AcDbEntity
  8
隐藏线
100
AcDbLine
 10
142.786
 20
9.297283845482973
 30
0.0
 11
142.786
 21
9.343083295685304
 31
0.0
  0
LINE
  5
A0E
330
17
100
AcDbEntity
  8
隐藏线
100
AcDbLine
 10
142.786
 20
9.343083295685304
 30
0.0
 11
142.786
 21
9.395658735109123
 31
0.0
  0
LINE
  5
A0F
330
17
100
AcDbEntity
  8
隐藏线
100
AcDbLine
 10
142.786
 20
9.395658735109123
 30
0.0
 11
142.786
 21
9.454391069366885
 31
0.0
  0
LINE
  5
A10
330
17
100
AcDbEntity
  8
隐藏线
100
AcDbLine
 10
142.786
 20
9.454391069366885
 30
0.0
 11
142.786
 21
9.518965709949498
 31
0.0
  0
LINE
  5
A11
330
17
100
AcDbEntity
  8
隐藏线
100
AcDbLine
 10
142.786
 20
9.518965709949498
 30
0.0
 11
142.786
 21
9.588094028770591
 31
0.0
  0
LINE
  5
A12
330
17
100
AcDbEntity
  8
隐藏线
100
AcDbLine
 10
142.786
 20
9.588094028770591
 30
0.0
 11
142.786
 21
9.660957029713366
 31
0.0
  0
LINE
  5
A13
330
17
100
AcDbEntity
  8
隐藏线
100
AcDbLine
 10
142.786
 20
9.660957029713366
 30
0.0
 11
142.786
 21
9.736694494940899
 31
0.0
  0
LINE
  5
A14
330
17
100
AcDbEntity
  8
隐藏线
100
AcDbLine
 10
142.786
 20
9.736694494940899
 30
0.0
 11
142.786
 21
9.814479036878666
 31
0.0
  0
LINE
  5
A15
330
17
100
AcDbEntity
  8
隐藏线
100
AcDbLine
 10
142.786
 20
9.814479036878666
 30
0.0
 11
142.786
 21
9.893141975725634
 31
0.0
  0
LINE
  5
A16
330
17
100
AcDbEntity
  8
隐藏线
100
AcDbLine
 10
142.786
 20
9.893141975725634
 30
0.0
 11
142.786
 21
9.971753050386013
 31
0.0
  0
LINE
  5
A17
330
17
100
AcDbEntity
  8
隐藏线
100
AcDbLine
 10
142.786
 20
9.971753050386013
 30
0.0
 11
142.786
 21
10.049382572217269
 31
0.0
  0
LINE
  5
A18
330
17
100
AcDbEntity
  8
隐藏线
100
AcDbLine
 10
129.2860000317047
 20
49.19403625487088
 30
0.0
 11
132.786
 21
49.19403625487088
 31
0.0
  0
LINE
  5
A19
330
17
100
AcDbEntity
  8
隐藏线
100
AcDbLine
 10
132.786
 20
49.19403625487088
 30
0.0
 11
136.2860000317047
 21
49.19403625487088
 31
0.0
  0
LINE
  5
A1A
330
17
100
AcDbEntity
  8
隐藏线
100
AcDbLine
 10
136.2860000317047
 20
49.19403625487088
 30
0.0
 11
136.96808639558608
 21
49.19403625487088
 31
0.0
  0
LINE
  5
A1B
330
17
100
AcDbEntity
  8
隐藏线
100
AcDbLine
 10
136.96808639558608
 20
49.19403625487088
 30
0.0
 11
137.623284925411
 21
49.19403625487088
 31
0.0
  0
LINE
  5
A1C
330
17
100
AcDbEntity
  8
隐藏线
100
AcDbLine
 10
137.623284925411
 20
49.19403625487088
 30
0.0
 11
138.2281377981429
 21
49.19403625487088
 31
0.0
  0
LINE
  5
A1D
330
17
100
AcDbEntity
  8
隐藏线
100
AcDbLine
 10
138.2281377981429
 20
49.19403625487088
 30
0.0
 11
138.76087375328856
 21
49.19403625487088
 31
0.0
  0
LINE
  5
A1E
330
17
100
AcDbEntity
  8
隐藏线
100
AcDbLine
 10
138.76087375328856
 20
49.19403625487088
 30
0.0
 11
139.19275358955267
 21
49.19403625487088
 31
0.0
  0
LINE
  5
A1F
330
17
100
AcDbEntity
  8
隐藏线
100
AcDbLine
 10
139.19275358955267
 20
49.19403625487088
 30
0.0
 11
139.5144913684519
 21
49.19403625487088
 31
0.0
  0
LINE
  5
A20
330
17
100
AcDbEntity
  8
隐藏线
100
AcDbLine
 10
139.5144913684519
 20
49.19403625487088
 30
0.0
 11
139.71468397882907
 21
49.19403625487088
 31
0.0
  0
LINE
  5
A21
330
17
100
AcDbEntity
  8
隐藏线
100
AcDbLine
 10
139.71468397882907
 20
49.19403625487088
 30
0.0
 11
139.7860000317047
 21
49.19403625487088
 31
0.0
  0
LINE
  5
A22
330
17
100
AcDbEntity
  8
隐藏线
100
AcDbLine
 10
129.2860000317047
 20
49.19403625487088
 30
0.0
 11
128.60391365913466
 21
49.19403625487088
 31
0.0
  0
LINE
  5
A23
330
17
100
AcDbEntity
  8
隐藏线
100
AcDbLine
 10
128.60391365913466
 20
49.19403625487088
 30
0.0
 11
127.94871512165648
 21
49.19403625487088
 31
0.0
  0
LINE
  5
A24
330
17
100
AcDbEntity
  8
隐藏线
100
AcDbLine
 10
127.94871512165648
 20
49.19403625487088
 30
0.0
 11
127.34386224318465
 21
49.19403625487088
 31
0.0
  0
LINE
  5
A25
330
17
100
AcDbEntity
  8
隐藏线
100
AcDbLine
 10
127.34386224318465
 20
49.19403625487088
 30
0.0
 11
126.81112628498272
 21
49.19403625487088
 31
0.0
  0
LINE
  5
A26
330
17
100
AcDbEntity
  8
隐藏线
100
AcDbLine
 10
126.81112628498272
 20
49.19403625487088
 30
0.0
 11
126.37924644928515
 21
49.19403625487088
 31
0.0
  0
LINE
  5
A27
330
17
100
AcDbEntity
  8
隐藏线
100
AcDbLine
 10
126.37924644928515
 20
49.19403625487088
 30
0.0
 11
126.05750867471417
 21
49.19403625487088
 31
0.0
  0
LINE
  5
A28
330
17
100
AcDbEntity
  8
隐藏线
100
AcDbLine
 10
126.05750867471417
 20
49.19403625487088
 30
0.0
 11
125.8573160725613
 21
49.19403625487088
 31
0.0
  0
LINE
  5
A29
330
17
100
AcDbEntity
  8
隐藏线
100
AcDbLine
 10
125.8573160725613
 20
49.19403625487088
 30
0.0
 11
125.7860000317047
 21
49.19403625487088
 31
0.0
  0
LINE
  5
A2A
330
17
100
AcDbEntity
  8
隐藏线
100
AcDbLine
 10
142.786
 20
47.094036254870886
 30
0.0
 11
142.786
 21
47.086883460515025
 31
0.0
  0
LINE
  5
A2B
330
17
100
AcDbEntity
  8
隐藏线
100
AcDbLine
 10
142.786
 20
47.066595506360926
 30
0.0
 11
142.786
 21
47.03335860852117
 31
0.0
  0
LINE
  5
A2C
330
17
100
AcDbEntity
  8
隐藏线
100
AcDbLine
 10
142.786
 20
47.03335860852117
 30
0.0
 11
142.786
 21
46.98746760038669
 31
0.0
  0
LINE
  5
A2D
330
17
100
AcDbEntity
  8
隐藏线
100
AcDbLine
 10
142.786
 20
46.98746760038669
 30
0.0
 11
142.786
 21
46.92835995164092
 31
0.0
  0
LINE
  5
A2E
330
17
100
AcDbEntity
  8
隐藏线
100
AcDbLine
 10
142.786
 20
46.92835995164092
 30
0.0
 11
142.786
 21
46.85763580260216
 31
0.0
  0
LINE
  5
A2F
330
17
100
AcDbEntity
  8
隐藏线
100
AcDbLine
 10
142.786
 20
46.85763580260216
 30
0.0
 11
142.786
 21
46.77593406917142
 31
0.0
  0
LINE
  5
A30
330
17
100
AcDbEntity
  8
隐藏线
100
AcDbLine
 10
142.786
 20
46.77593406917142
 30
0.0
 11
142.786
 21
46.683985748532045
 31
0.0
  0
LINE
  5
A31
330
17
100
AcDbEntity
  8
隐藏线
100
AcDbLine
 10
142.786
 20
46.683985748532045
 30
0.0
 11
142.786
 21
46.581921849105754
 31
0.0
  0
LINE
  5
A32
330
17
100
AcDbEntity
  8
隐藏线
100
AcDbLine
 10
142.786
 20
46.581921849105754
 30
0.0
 11
142.786
 21
46.47152861575748
 31
0.0
  0
LINE
  5
A33
330
17
100
AcDbEntity
  8
隐藏线
100
AcDbLine
 10
142.786
 20
46.47152861575748
 30
0.0
 11
142.786
 21
46.353800395022525
 31
0.0
  0
LINE
  5
A34
330
17
100
AcDbEntity
  8
隐藏线
100
AcDbLine
 10
142.786
 20
46.353800395022525
 30
0.0
 11
142.786
 21
46.229793060182004
 31
0.0
  0
LINE
  5
A35
330
17
100
AcDbEntity
  8
隐藏线
100
AcDbLine
 10
142.786
 20
46.229793060182004
 30
0.0
 11
142.786
 21
46.10031121355128
 31
0.0
  0
LINE
  5
A36
330
17
100
AcDbEntity
  8
隐藏线
100
AcDbLine
 10
142.786
 20
46.10031121355128
 30
0.0
 11
142.786
 21
45.967055264953615
 31
0.0
  0
LINE
  5
A37
330
17
100
AcDbEntity
  8
隐藏线
100
AcDbLine
 10
142.786
 20
45.967055264953615
 30
0.0
 11
142.786
 21
45.83122361131237
 31
0.0
  0
LINE
  5
A38
330
17
100
AcDbEntity
  8
隐藏线
100
AcDbLine
 10
142.786
 20
45.83122361131237
 30
0.0
 11
142.786
 21
45.69403625487087
 31
0.0
  0
LINE
  5
A39
330
17
100
AcDbEntity
  8
隐藏线
100
AcDbLine
 10
142.786
 20
47.094036254870886
 30
0.0
 11
132.786
 21
47.094036254870886
 31
0.0
  0
LINE
  5
A3A
330
17
100
AcDbEntity
  8
隐藏线
100
AcDbLine
 10
132.786
 20
47.094036254870886
 30
0.0
 11
122.786
 21
47.094036254870886
 31
0.0
  0
LINE
  5
A3B
330
17
100
AcDbEntity
  8
隐藏线
100
AcDbLine
 10
122.786
 20
45.69403625487087
 30
0.0
 11
122.786
 21
45.83122361131237
 31
0.0
  0
LINE
  5
A3C
330
17
100
AcDbEntity
  8
隐藏线
100
AcDbLine
 10
122.786
 20
45.83122361131237
 30
0.0
 11
122.786
 21
45.967055264953615
 31
0.0
  0
LINE
  5
A3D
330
17
100
AcDbEntity
  8
隐藏线
100
AcDbLine
 10
122.786
 20
45.967055264953615
 30
0.0
 11
122.786
 21
46.10031121355128
 31
0.0
  0
LINE
  5
A3E
330
17
100
AcDbEntity
  8
隐藏线
100
AcDbLine
 10
122.786
 20
46.10031121355128
 30
0.0
 11
122.786
 21
46.229793060182004
 31
0.0
  0
LINE
  5
A3F
330
17
100
AcDbEntity
  8
隐藏线
100
AcDbLine
 10
122.786
 20
46.229793060182004
 30
0.0
 11
122.786
 21
46.353800395022525
 31
0.0
  0
LINE
  5
A40
330
17
100
AcDbEntity
  8
隐藏线
100
AcDbLine
 10
122.786
 20
46.353800395022525
 30
0.0
 11
122.786
 21
46.47152861575748
 31
0.0
  0
LINE
  5
A41
330
17
100
AcDbEntity
  8
隐藏线
100
AcDbLine
 10
122.786
 20
46.47152861575748
 30
0.0
 11
122.786
 21
46.581921849105754
 31
0.0
  0
LINE
  5
A42
330
17
100
AcDbEntity
  8
隐藏线
100
AcDbLine
 10
122.786
 20
46.581921849105754
 30
0.0
 11
122.786
 21
46.683985748532045
 31
0.0
  0
LINE
  5
A43
330
17
100
AcDbEntity
  8
隐藏线
100
AcDbLine
 10
122.786
 20
46.683985748532045
 30
0.0
 11
122.786
 21
46.77593406917142
 31
0.0
  0
LINE
  5
A44
330
17
100
AcDbEntity
  8
隐藏线
100
AcDbLine
 10
122.786
 20
46.77593406917142
 30
0.0
 11
122.786
 21
46.85763580260216
 31
0.0
  0
LINE
  5
A45
330
17
100
AcDbEntity
  8
隐藏线
100
AcDbLine
 10
122.786
 20
46.85763580260216
 30
0.0
 11
122.786
 21
46.92835995164092
 31
0.0
  0
LINE
  5
A46
330
17
100
AcDbEntity
  8
隐藏线
100
AcDbLine
 10
122.786
 20
46.92835995164092
 30
0.0
 11
122.786
 21
46.98746760038669
 31
0.0
  0
LINE
  5
A47
330
17
100
AcDbEntity
  8
隐藏线
100
AcDbLine
 10
122.786
 20
46.98746760038669
 30
0.0
 11
122.786
 21
47.03335860852117
 31
0.0
  0
LINE
  5
A48
330
17
100
AcDbEntity
  8
隐藏线
100
AcDbLine
 10
122.786
 20
47.03335860852117
 30
0.0
 11
122.786
 21
47.066595506360926
 31
0.0
  0
LINE
  5
A49
330
17
100
AcDbEntity
  8
隐藏线
100
AcDbLine
 10
122.786
 20
47.066595506360926
 30
0.0
 11
122.786
 21
47.086883460515025
 31
0.0
  0
LINE
  5
A4A
330
17
100
AcDbEntity
  8
隐藏线
100
AcDbLine
 10
136.2860000317047
 20
47.094036254870886
 30
0.0
 11
136.96808639558608
 21
47.094036254870886
 31
0.0
  0
LINE
  5
A4B
330
17
100
AcDbEntity
  8
隐藏线
100
AcDbLine
 10
136.96808639558608
 20
47.094036254870886
 30
0.0
 11
137.623284925411
 21
47.094036254870886
 31
0.0
  0
LINE
  5
A4C
330
17
100
AcDbEntity
  8
隐藏线
100
AcDbLine
 10
137.623284925411
 20
47.094036254870886
 30
0.0
 11
138.2281377981429
 21
47.094036254870886
 31
0.0
  0
LINE
  5
A4D
330
17
100
AcDbEntity
  8
隐藏线
100
AcDbLine
 10
138.2281377981429
 20
47.094036254870886
 30
0.0
 11
138.76087375328856
 21
47.094036254870886
 31
0.0
  0
LINE
  5
A4E
330
17
100
AcDbEntity
  8
隐藏线
100
AcDbLine
 10
138.76087375328856
 20
47.094036254870886
 30
0.0
 11
139.19275358955267
 21
47.094036254870886
 31
0.0
  0
LINE
  5
A4F
330
17
100
AcDbEntity
  8
隐藏线
100
AcDbLine
 10
139.19275358955267
 20
47.094036254870886
 30
0.0
 11
139.5144913684519
 21
47.094036254870886
 31
0.0
  0
LINE
  5
A50
330
17
100
AcDbEntity
  8
隐藏线
100
AcDbLine
 10
139.5144913684519
 20
47.094036254870886
 30
0.0
 11
139.71468397882907
 21
47.094036254870886
 31
0.0
  0
LINE
  5
A51
330
17
100
AcDbEntity
  8
隐藏线
100
AcDbLine
 10
139.71468397882907
 20
47.094036254870886
 30
0.0
 11
139.7860000317047
 21
47.094036254870886
 31
0.0
  0
LINE
  5
A52
330
17
100
AcDbEntity
  8
隐藏线
100
AcDbLine
 10
129.2860000317047
 20
47.094036254870886
 30
0.0
 11
132.786
 21
47.094036254870886
 31
0.0
  0
LINE
  5
A53
330
17
100
AcDbEntity
  8
隐藏线
100
AcDbLine
 10
132.786
 20
47.094036254870886
 30
0.0
 11
136.2860000317047
 21
47.094036254870886
 31
0.0
  0
LINE
  5
A54
330
17
100
AcDbEntity
  8
隐藏线
100
AcDbLine
 10
129.2860000317047
 20
47.094036254870886
 30
0.0
 11
128.60391365913463
 21
47.094036254870886
 31
0.0
  0
LINE
  5
A55
330
17
100
AcDbEntity
  8
隐藏线
100
AcDbLine
 10
128.60391365913463
 20
47.094036254870886
 30
0.0
 11
127.94871512165645
 21
47.094036254870886
 31
0.0
  0
LINE
  5
A56
330
17
100
AcDbEntity
  8
隐藏线
100
AcDbLine
 10
127.94871512165645
 20
47.094036254870886
 30
0.0
 11
127.34386224318465
 21
47.094036254870886
 31
0.0
  0
LINE
  5
A57
330
17
100
AcDbEntity
  8
隐藏线
100
AcDbLine
 10
127.34386224318465
 20
47.094036254870886
 30
0.0
 11
126.81112628498272
 21
47.094036254870886
 31
0.0
  0
LINE
  5
A58
330
17
100
AcDbEntity
  8
隐藏线
100
AcDbLine
 10
126.81112628498272
 20
47.094036254870886
 30
0.0
 11
126.37924644928512
 21
47.094036254870886
 31
0.0
  0
LINE
  5
A59
330
17
100
AcDbEntity
  8
隐藏线
100
AcDbLine
 10
126.37924644928512
 20
47.094036254870886
 30
0.0
 11
126.05750867471417
 21
47.094036254870886
 31
0.0
  0
LINE
  5
A5A
330
17
100
AcDbEntity
  8
隐藏线
100
AcDbLine
 10
126.05750867471417
 20
47.094036254870886
 30
0.0
 11
125.8573160725613
 21
47.094036254870886
 31
0.0
  0
LINE
  5
A5B
330
17
100
AcDbEntity
  8
隐藏线
100
AcDbLine
 10
125.8573160725613
 20
47.094036254870886
 30
0.0
 11
125.7860000317047
 21
47.094036254870886
 31
0.0
  0
LINE
  5
A5C
330
17
100
AcDbEntity
  8
隐藏线
100
AcDbLine
 10
139.7860000317047
 20
49.19403625487088
 30
0.0
 11
139.7860000317047
 21
48.14403625487088
 31
0.0
  0
LINE
  5
A5D
330
17
100
AcDbEntity
  8
隐藏线
100
AcDbLine
 10
139.7860000317047
 20
48.14403625487088
 30
0.0
 11
139.7860000317047
 21
47.094036254870886
 31
0.0
  0
LINE
  5
A5E
330
17
100
AcDbEntity
  8
隐藏线
100
AcDbLine
 10
125.7860000317047
 20
49.19403625487088
 30
0.0
 11
125.7860000317047
 21
48.14403625487088
 31
0.0
  0
LINE
  5
A5F
330
17
100
AcDbEntity
  8
隐藏线
100
AcDbLine
 10
125.7860000317047
 20
48.14403625487088
 30
0.0
 11
125.7860000317047
 21
47.094036254870886
 31
0.0
  0
ENDSEC
  0
SECTION
  2
OBJECTS
  0
DICTIONARY
  5
A
330
0
100
AcDbDictionary
281
1
  3
ACAD_COLOR
350
B
  3
ACAD_GROUP
350
C
  3
ACAD_LAYOUT
350
D
  3
ACAD_MATERIAL
350
E
  3
ACAD_MLEADERSTYLE
350
F
  3
ACAD_MLINESTYLE
350
10
  3
ACAD_PLOTSETTINGS
350
11
  3
ACAD_PLOTSTYLENAME
350
12
  3
ACAD_SCALELIST
350
14
  3
ACAD_TABLESTYLE
350
15
  3
ACAD_VISUALSTYLE
350
16
  3
EZDXF_META
350
2D
  0
DICTIONARY
  5
B
330
A
100
AcDbDictionary
281
1
  0
DICTIONARY
  5
C
330
A
100
AcDbDictionary
281
1
  0
DICTIONARY
  5
D
330
A
100
AcDbDictionary
281
1
  3
Model
350
1A
  3
Layout1
350
1E
  0
DICTIONARY
  5
E
330
A
100
AcDbDictionary
281
1
  3
ByBlock
350
1F
  3
ByLayer
350
20
  3
Global
350
21
  0
DICTIONARY
  5
F
330
A
100
AcDbDictionary
281
1
  3
Standard
350
2C
  0
DICTIONARY
  5
10
330
A
100
AcDbDictionary
281
1
  3
Standard
350
22
  0
DICTIONARY
  5
11
330
A
100
AcDbDictionary
281
1
  0
ACDBDICTIONARYWDFLT
  5
12
330
A
100
AcDbDictionary
281
1
  3
Normal
350
13
100
AcDbDictionaryWithDefault
340
13
  0
ACDBPLACEHOLDER
  5
13
330
12
  0
DICTIONARY
  5
14
330
A
100
AcDbDictionary
281
1
  0
DICTIONARY
  5
15
330
A
100
AcDbDictionary
281
1
  0
DICTIONARY
  5
16
330
A
100
AcDbDictionary
281
1
  0
LAYOUT
  5
1A
330
D
100
AcDbPlotSettings
  1

  4
A3
  6

 40
7.5
 41
20.0
 42
7.5
 43
20.0
 44
420.0
 45
297.0
 46
0.0
 47
0.0
 48
0.0
 49
0.0
140
0.0
141
0.0
142
1.0
143
1.0
 70
1024
 72
1
 73
0
 74
5
  7

 75
16
 76
0
 77
2
 78
300
147
1.0
148
0.0
149
0.0
100
AcDbLayout
  1
Model
 70
1
 71
0
 10
0.0
 20
0.0
 11
420.0
 21
297.0
 12
0.0
 22
0.0
 32
0.0
 14
1e+20
 24
1e+20
 34
1e+20
 15
-1e+20
 25
-1e+20
 35
-1e+20
146
0.0
 13
0.0
 23
0.0
 33
0.0
 16
1.0
 26
0.0
 36
0.0
 17
0.0
 27
1.0
 37
0.0
 76
1
330
17
  0
LAYOUT
  5
1E
330
D
100
AcDbPlotSettings
  1

  4
A3
  6

 40
7.5
 41
20.0
 42
7.5
 43
20.0
 44
420.0
 45
297.0
 46
0.0
 47
0.0
 48
0.0
 49
0.0
140
0.0
141
0.0
142
1.0
143
1.0
 70
0
 72
1
 73
0
 74
5
  7

 75
16
 76
0
 77
2
 78
300
147
1.0
148
0.0
149
0.0
100
AcDbLayout
  1
Layout1
 70
1
 71
1
 10
0.0
 20
0.0
 11
420.0
 21
297.0
 12
0.0
 22
0.0
 32
0.0
 14
1e+20
 24
1e+20
 34
1e+20
 15
-1e+20
 25
-1e+20
 35
-1e+20
146
0.0
 13
0.0
 23
0.0
 33
0.0
 16
1.0
 26
0.0
 36
0.0
 17
0.0
 27
1.0
 37
0.0
 76
1
330
1B
  0
MATERIAL
  5
1F
102
{ACAD_REACTORS
330
E
102
}
330
E
100
AcDbMaterial
  1
ByBlock
  2

 70
0
 40
1.0
 71
1
 41
1.0
 91
-1023410177
 42
1.0
 72
1
  3

 73
1
 74
1
 75
1
 44
0.5
 73
0
 45
1.0
 46
1.0
 77
1
  4

 78
1
 79
1
170
1
 48
1.0
171
1
  6

172
1
173
1
174
1
140
1.0
141
1.0
175
1
  7

176
1
177
1
178
1
143
1.0
179
1
  8

270
1
271
1
272
1
145
1.0
146
1.0
273
1
  9

274
1
275
1
276
1
 42
1.0
 72
1
  3

 73
1
 74
1
 75
1
 94
63
  0
MATERIAL
  5
20
102
{ACAD_REACTORS
330
E
102
}
330
E
100
AcDbMaterial
  1
ByLayer
  2

 70
0
 40
1.0
 71
1
 41
1.0
 91
-1023410177
 42
1.0
 72
1
  3

 73
1
 74
1
 75
1
 44
0.5
 73
0
 45
1.0
 46
1.0
 77
1
  4

 78
1
 79
1
170
1
 48
1.0
171
1
  6

172
1
173
1
174
1
140
1.0
141
1.0
175
1
  7

176
1
177
1
178
1
143
1.0
179
1
  8

270
1
271
1
272
1
145
1.0
146
1.0
273
1
  9

274
1
275
1
276
1
 42
1.0
 72
1
  3

 73
1
 74
1
 75
1
 94
63
  0
MATERIAL
  5
21
102
{ACAD_REACTORS
330
E
102
}
330
E
100
AcDbMaterial
  1
Global
  2

 70
0
 40
1.0
 71
1
 41
1.0
 91
-1023410177
 42
1.0
 72
1
  3

 73
1
 74
1
 75
1
 44
0.5
 73
0
 45
1.0
 46
1.0
 77
1
  4

 78
1
 79
1
170
1
 48
1.0
171
1
  6

172
1
173
1
174
1
140
1.0
141
1.0
175
1
  7

176
1
177
1
178
1
143
1.0
179
1
  8

270
1
271
1
272
1
145
1.0
146
1.0
273
1
  9

274
1
275
1
276
1
 42
1.0
 72
1
  3

 73
1
 74
1
 75
1
 94
63
  0
MLINESTYLE
  5
22
102
{ACAD_REACTORS
330
10
102
}
330
10
100
AcDbMlineStyle
  2
Standard
 70
0
  3

 62
256
 51
90.0
 52
90.0
 71
2
 49
0.5
 62
256
  6
BYLAYER
 49
-0.5
 62
256
  6
BYLAYER
  0
MLEADERSTYLE
  5
2C
102
{ACAD_REACTORS
330
F
102
}
330
F
100
AcDbMLeaderStyle
179
2
170
2
171
1
172
0
 90
2
 40
0.0
 41
0.0
173
1
 91
-1056964608
 92
-2
290
1
 42
2.0
291
1
 43
8.0
  3
Standard
 44
4.0
300

342
29
174
1
175
1
176
0
178
1
 93
-1056964608
 45
4.0
292
0
297
0
 46
4.0
 94
-1056964608
 47
1.0
 49
1.0
140
1.0
294
1
141
0.0
177
0
142
1.0
295
0
296
0
143
3.75
271
0
272
9
273
9
  0
DICTIONARY
  5
2D
330
A
100
AcDbDictionary
280
1
281
1
  3
CREATED_BY_EZDXF
350
2E
  3
WRITTEN_BY_EZDXF
350
A62
  0
DICTIONARYVAR
  5
2E
330
2D
100
DictionaryVariables
280
0
  1
1.4.2 @ 2026-10-01T11:28:29.854735+00:00
  0
DICTIONARYVAR
  5
A62
330
2D
100
DictionaryVariables
280
0
  1
1.4.2 @ 2026-10-01T11:28:29.903616+00:00
  0
ENDSEC
  0
EOF
