  0
SECTION
  2
HEADER
  9
$ACADVER
  1
AC1027
  9
$ACADMAINTVER
 70
105
  9
$DWGCODEPAGE
  3
ANSI_1252
  9
$LASTSAVEDBY
  1
ezdxf
  9
$REQUIREDVERSIONS
160
0
  9
$INSBASE
 10
0.0
 20
0.0
 30
0.0
  9
$EXTMIN
 10
1e+20
 20
1e+20
 30
1e+20
  9
$EXTMAX
 10
-1e+20
 20
-1e+20
 30
-1e+20
  9
$LIMMIN
 10
0.0
 20
0.0
  9
$LIMMAX
 10
420.0
 20
297.0
  9
$ORTHOMODE
 70
0
  9
$REGENMODE
 70
1
  9
$FILLMODE
 70
1
  9
$QTEXTMODE
 70
0
  9
$MIRRTEXT
 70
1
  9
$LTSCALE
 40
1.0
  9
$ATTMODE
 70
1
  9
$TEXTSIZE
 40
2.5
  9
$TRACEWID
 40
1.0
  9
$TEXTSTYLE
  7
Standard
  9
$CLAYER
  8
0
  9
$CELTYPE
  6
ByLayer
  9
$CECOLOR
 62
256
  9
$CELTSCALE
 40
1.0
  9
$DISPSILH
 70
0
  9
$DIMSCALE
 40
1.0
  9
$DIMASZ
 40
2.5
  9
$DIMEXO
 40
0.625
  9
$DIMDLI
 40
3.75
  9
$DIMRND
 40
0.0
  9
$DIMDLE
 40
0.0
  9
$DIMEXE
 40
1.25
  9
$DIMTP
 40
0.0
  9
$DIMTM
 40
0.0
  9
$DIMTXT
 40
2.5
  9
$DIMCEN
 40
2.5
  9
$DIMTSZ
 40
0.0
  9
$DIMTOL
 70
0
  9
$DIMLIM
 70
0
  9
$DIMTIH
 70
0
  9
$DIMTOH
 70
0
  9
$DIMSE1
 70
0
  9
$DIMSE2
 70
0
  9
$DIMTAD
 70
1
  9
$DIMZIN
 70
8
  9
$DIMBLK
  1

  9
$DIMASO
 70
1
  9
$DIMSHO
 70
1
  9
$DIMPOST
  1

  9
$DIMAPOST
  1

  9
$DIMALT
 70
0
  9
$DIMALTD
 70
3
  9
$DIMALTF
 40
0.03937007874
  9
$DIMLFAC
 40
1.0
  9
$DIMTOFL
 70
1
  9
$DIMTVP
 40
0.0
  9
$DIMTIX
 70
0
  9
$DIMSOXD
 70
0
  9
$DIMSAH
 70
0
  9
$DIMBLK1
  1

  9
$DIMBLK2
  1

  9
$DIMSTYLE
  2
ISO-25
  9
$DIMCLRD
 70
0
  9
$DIMCLRE
 70
0
  9
$DIMCLRT
 70
0
  9
$DIMTFAC
 40
1.0
  9
$DIMGAP
 40
0.625
  9
$DIMJUST
 70
0
  9
$DIMSD1
 70
0
  9
$DIMSD2
 70
0
  9
$DIMTOLJ
 70
0
  9
$DIMTZIN
 70
8
  9
$DIMALTZ
 70
0
  9
$DIMALTTZ
 70
0
  9
$DIMUPT
 70
0
  9
$DIMDEC
 70
2
  9
$DIMTDEC
 70
2
  9
$DIMALTU
 70
2
  9
$DIMALTTD
 70
3
  9
$DIMTXSTY
  7
Standard
  9
$DIMAUNIT
 70
0
  9
$DIMADEC
 70
0
  9
$DIMALTRND
 40
0.0
  9
$DIMAZIN
 70
0
  9
$DIMDSEP
 70
44
  9
$DIMATFIT
 70
3
  9
$DIMFRAC
 70
0
  9
$DIMLDRBLK
  1

  9
$DIMLUNIT
 70
2
  9
$DIMLWD
 70
-2
  9
$DIMLWE
 70
-2
  9
$DIMTMOVE
 70
0
  9
$DIMFXL
 40
1.0
  9
$DIMFXLON
 70
0
  9
$DIMJOGANG
 40
0.785398163397
  9
$DIMTFILL
 70
0
  9
$DIMTFILLCLR
 70
0
  9
$DIMARCSYM
 70
0
  9
$DIMLTYPE
  6

  9
$DIMLTEX1
  6

  9
$DIMLTEX2
  6

  9
$DIMTXTDIRECTION
 70
0
  9
$LUNITS
 70
2
  9
$LUPREC
 70
4
  9
$SKETCHINC
 40
1.0
  9
$FILLETRAD
 40
10.0
  9
$AUNITS
 70
0
  9
$AUPREC
 70
2
  9
$MENU
  1
.
  9
$ELEVATION
 40
0.0
  9
$PELEVATION
 40
0.0
  9
$THICKNESS
 40
0.0
  9
$LIMCHECK
 70
0
  9
$CHAMFERA
 40
0.0
  9
$CHAMFERB
 40
0.0
  9
$CHAMFERC
 40
0.0
  9
$CHAMFERD
 40
0.0
  9
$SKPOLY
 70
0
  9
$TDCREATE
 40
2461315.811701389
  9
$TDUCREATE
 40
2458532.153996898
  9
$TDUPDATE
 40
2461315.811701389
  9
$TDUUPDATE
 40
2458532.1544311
  9
$TDINDWG
 40
0.0
  9
$TDUSRTIMER
 40
0.0
  9
$USRTIMER
 70
1
  9
$ANGBASE
 50
0.0
  9
$ANGDIR
 70
0
  9
$PDMODE
 70
0
  9
$PDSIZE
 40
0.0
  9
$PLINEWID
 40
0.0
  9
$SPLFRAME
 70
0
  9
$SPLINETYPE
 70
6
  9
$SPLINESEGS
 70
8
  9
$HANDSEED
  5
1199
  9
$SURFTAB1
 70
6
  9
$SURFTAB2
 70
6
  9
$SURFTYPE
 70
6
  9
$SURFU
 70
6
  9
$SURFV
 70
6
  9
$UCSBASE
  2

  9
$UCSNAME
  2

  9
$UCSORG
 10
0.0
 20
0.0
 30
0.0
  9
$UCSXDIR
 10
1.0
 20
0.0
 30
0.0
  9
$UCSYDIR
 10
0.0
 20
1.0
 30
0.0
  9
$UCSORTHOREF
  2

  9
$UCSORTHOVIEW
 70
0
  9
$UCSORGTOP
 10
0.0
 20
0.0
 30
0.0
  9
$UCSORGBOTTOM
 10
0.0
 20
0.0
 30
0.0
  9
$UCSORGLEFT
 10
0.0
 20
0.0
 30
0.0
  9
$UCSORGRIGHT
 10
0.0
 20
0.0
 30
0.0
  9
$UCSORGFRONT
 10
0.0
 20
0.0
 30
0.0
  9
$UCSORGBACK
 10
0.0
 20
0.0
 30
0.0
  9
$PUCSBASE
  2

  9
$PUCSNAME
  2

  9
$PUCSORG
 10
0.0
 20
0.0
 30
0.0
  9
$PUCSXDIR
 10
1.0
 20
0.0
 30
0.0
  9
$PUCSYDIR
 10
0.0
 20
1.0
 30
0.0
  9
$PUCSORTHOREF
  2

  9
$PUCSORTHOVIEW
 70
0
  9
$PUCSORGTOP
 10
0.0
 20
0.0
 30
0.0
  9
$PUCSORGBOTTOM
 10
0.0
 20
0.0
 30
0.0
  9
$PUCSORGLEFT
 10
0.0
 20
0.0
 30
0.0
  9
$PUCSORGRIGHT
 10
0.0
 20
0.0
 30
0.0
  9
$PUCSORGFRONT
 10
0.0
 20
0.0
 30
0.0
  9
$PUCSORGBACK
 10
0.0
 20
0.0
 30
0.0
  9
$USERI1
 70
0
  9
$USERI2
 70
0
  9
$USERI3
 70
0
  9
$USERI4
 70
0
  9
$USERI5
 70
0
  9
$USERR1
 40
0.0
  9
$USERR2
 40
0.0
  9
$USERR3
 40
0.0
  9
$USERR4
 40
0.0
  9
$USERR5
 40
0.0
  9
$WORLDVIEW
 70
1
  9
$SHADEDGE
 70
3
  9
$SHADEDIF
 70
70
  9
$TILEMODE
 70
1
  9
$MAXACTVP
 70
64
  9
$PINSBASE
 10
0.0
 20
0.0
 30
0.0
  9
$PLIMCHECK
 70
0
  9
$PEXTMIN
 10
1e+20
 20
1e+20
 30
1e+20
  9
$PEXTMAX
 10
-1e+20
 20
-1e+20
 30
-1e+20
  9
$PLIMMIN
 10
0.0
 20
0.0
  9
$PLIMMAX
 10
420.0
 20
297.0
  9
$UNITMODE
 70
0
  9
$VISRETAIN
 70
1
  9
$PLINEGEN
 70
0
  9
$PSLTSCALE
 70
1
  9
$TREEDEPTH
 70
3020
  9
$CMLSTYLE
  2
Standard
  9
$CMLJUST
 70
0
  9
$CMLSCALE
 40
20.0
  9
$PROXYGRAPHICS
 70
1
  9
$MEASUREMENT
 70
1
  9
$CELWEIGHT
370
-1
  9
$ENDCAPS
280
0
  9
$JOINSTYLE
280
0
  9
$LWDISPLAY
290
0
  9
$INSUNITS
 70
4
  9
$HYPERLINKBASE
  1

  9
$STYLESHEET
  1

  9
$XEDIT
290
1
  9
$CEPSNTYPE
380
0
  9
$PSTYLEMODE
290
1
  9
$FINGERPRINTGUID
  2
{65F09177-CA0D-4335-93DE-A4691017ACC2}
  9
$VERSIONGUID
  2
{2F99067A-28CB-4F44-8C71-E59510031A08}
  9
$EXTNAMES
290
1
  9
$PSVPSCALE
 40
0.0
  9
$OLESTARTUP
290
0
  9
$SORTENTS
280
127
  9
$INDEXCTL
280
0
  9
$HIDETEXT
280
1
  9
$XCLIPFRAME
280
1
  9
$HALOGAP
280
0
  9
$OBSCOLOR
 70
257
  9
$OBSLTYPE
280
0
  9
$INTERSECTIONDISPLAY
280
0
  9
$INTERSECTIONCOLOR
 70
257
  9
$DIMASSOC
280
2
  9
$PROJECTNAME
  1

  9
$CAMERADISPLAY
290
0
  9
$LENSLENGTH
 40
50.0
  9
$CAMERAHEIGHT
 40
0.0
  9
$STEPSPERSEC
 40
24.0
  9
$STEPSIZE
 40
100.0
  9
$3DDWFPREC
 40
2.0
  9
$PSOLWIDTH
 40
0.005
  9
$PSOLHEIGHT
 40
0.08
  9
$LOFTANG1
 40
1.570796326795
  9
$LOFTANG2
 40
1.570796326795
  9
$LOFTMAG1
 40
0.0
  9
$LOFTMAG2
 40
0.0
  9
$LOFTPARAM
 70
7
  9
$LOFTNORMALS
280
1
  9
$LATITUDE
 40
37.795
  9
$LONGITUDE
 40
-122.394
  9
$NORTHDIRECTION
 40
0.0
  9
$TIMEZONE
 70
-8000
  9
$LIGHTGLYPHDISPLAY
280
1
  9
$TILEMODELIGHTSYNCH
280
1
  9
$CMATERIAL
347
20
  9
$SOLIDHIST
280
0
  9
$SHOWHIST
280
1
  9
$DWFFRAME
280
2
  9
$DGNFRAME
280
2
  9
$REALWORLDSCALE
290
1
  9
$INTERFERECOLOR
 62
256
  9
$CSHADOW
280
0
  9
$SHADOWPLANELOCATION
 40
0.0
  0
ENDSEC
  0
SECTION
  2
CLASSES
  0
CLASS
  1
ACDBDICTIONARYWDFLT
  2
AcDbDictionaryWithDefault
  3
ObjectDBX Classes
 90
0
 91
0
280
0
281
0
  0
CLASS
  1
SUN
  2
AcDbSun
  3
SCENEOE
 90
1153
 91
0
280
0
281
0
  0
CLASS
  1
VISUALSTYLE
  2
AcDbVisualStyle
  3
ObjectDBX Classes
 90
4095
 91
0
280
0
281
0
  0
CLASS
  1
MATERIAL
  2
AcDbMaterial
  3
ObjectDBX Classes
 90
1153
 91
0
280
0
281
0
  0
CLASS
  1
SCALE
  2
AcDbScale
  3
ObjectDBX Classes
 90
1153
 91
0
280
0
281
0
  0
CLASS
  1
TABLESTYLE
  2
AcDbTableStyle
  3
ObjectDBX Classes
 90
4095
 91
0
280
0
281
0
  0
CLASS
  1
MLEADERSTYLE
  2
AcDbMLeaderStyle
  3
ACDB_MLEADERSTYLE_CLASS
 90
4095
 91
0
280
0
281
0
  0
CLASS
  1
DICTIONARYVAR
  2
AcDbDictionaryVar
  3
ObjectDBX Classes
 90
0
 91
0
280
0
281
0
  0
CLASS
  1
CELLSTYLEMAP
  2
AcDbCellStyleMap
  3
ObjectDBX Classes
 90
1152
 91
0
280
0
281
0
  0
CLASS
  1
MENTALRAYRENDERSETTINGS
  2
AcDbMentalRayRenderSettings
  3
SCENEOE
 90
1024
 91
0
280
0
281
0
  0
CLASS
  1
ACDBDETAILVIEWSTYLE
  2
AcDbDetailViewStyle
  3
ObjectDBX Classes
 90
1025
 91
0
280
0
281
0
  0
CLASS
  1
ACDBSECTIONVIEWSTYLE
  2
AcDbSectionViewStyle
  3
ObjectDBX Classes
 90
1025
 91
0
280
0
281
0
  0
CLASS
  1
RASTERVARIABLES
  2
AcDbRasterVariables
  3
ISM
 90
0
 91
0
280
0
281
0
  0
CLASS
  1
LAYOUT
  2
AcDbLayout
  3
ObjectDBX Classes
 90
0
 91
0
280
0
281
0
  0
CLASS
  1
ACDBPLACEHOLDER
  2
AcDbPlaceHolder
  3
ObjectDBX Classes
 90
0
 91
0
280
0
281
0
  0
ENDSEC
  0
SECTION
  2
TABLES
  0
TABLE
  2
VPORT
  5
8
330
0
100
AcDbSymbolTable
 70
1
  0
VPORT
  5
23
330
8
100
AcDbSymbolTableRecord
100
AcDbViewportTableRecord
  2
*Active
 70
0
 10
0.0
 20
0.0
 11
1.0
 21
1.0
 12
0.0
 22
0.0
 13
0.0
 23
0.0
 14
0.5
 24
0.5
 15
0.5
 25
0.5
 16
0.0
 26
0.0
 36
1.0
 17
0.0
 27
0.0
 37
0.0
 40
1000.0
 41
1.34
 42
50.0
 43
0.0
 44
0.0
 50
0.0
 51
0.0
 71
0
 72
1000
 73
1
 74
3
 75
0
 76
0
 77
0
 78
0
281
0
 65
0
146
0.0
  0
ENDTAB
  0
TABLE
  2
LTYPE
  5
2
330
0
100
AcDbSymbolTable
 70
3
  0
LTYPE
  5
24
330
2
100
AcDbSymbolTableRecord
100
AcDbLinetypeTableRecord
  2
ByBlock
 70
0
  3

 72
65
 73
0
 40
0.0
  0
LTYPE
  5
25
330
2
100
AcDbSymbolTableRecord
100
AcDbLinetypeTableRecord
  2
ByLayer
 70
0
  3

 72
65
 73
0
 40
0.0
  0
LTYPE
  5
26
330
2
100
AcDbSymbolTableRecord
100
AcDbLinetypeTableRecord
  2
Continuous
 70
0
  3

 72
65
 73
0
 40
0.0
  0
ENDTAB
  0
TABLE
  2
LAYER
  5
1
330
0
100
AcDbSymbolTable
 70
7
  0
LAYER
  5
27
330
1
100
AcDbSymbolTableRecord
100
AcDbLayerTableRecord
  2
0
 70
0
 62
7
  6
Continuous
370
-3
390
13
347
21
  0
LAYER
  5
28
330
1
100
AcDbSymbolTableRecord
100
AcDbLayerTableRecord
  2
Defpoints
 70
0
 62
7
  6
Continuous
290
0
370
-3
390
13
347
21
  0
LAYER
  5
2F
330
1
100
AcDbSymbolTableRecord
100
AcDbLayerTableRecord
  2
可见轮廓
 70
0
 62
7
  6
Continuous
370
50
390
13
347
21
  0
LAYER
  5
30
330
1
100
AcDbSymbolTableRecord
100
AcDbLayerTableRecord
  2
隐藏线
 70
0
 62
5
  6
Continuous
370
25
390
13
347
21
  0
LAYER
  5
31
330
1
100
AcDbSymbolTableRecord
100
AcDbLayerTableRecord
  2
剖面线
 70
0
 62
3
  6
Continuous
370
18
390
13
347
21
  0
LAYER
  5
32
330
1
100
AcDbSymbolTableRecord
100
AcDbLayerTableRecord
  2
剖切线
 70
0
 62
1
  6
Continuous
370
70
390
13
347
21
  0
LAYER
  5
33
330
1
100
AcDbSymbolTableRecord
100
AcDbLayerTableRecord
  2
标注
 70
0
 62
2
  6
Continuous
370
25
390
13
347
21
  0
ENDTAB
  0
TABLE
  2
STYLE
  5
5
330
0
100
AcDbSymbolTable
 70
2
  0
STYLE
  5
29
330
5
100
AcDbSymbolTableRecord
100
AcDbTextStyleTableRecord
  2
Standard
 70
0
 40
0.0
 41
1.0
 50
0.0
 71
0
 42
2.5
  3
txt
  4

  0
STYLE
  5
34
330
5
100
AcDbSymbolTableRecord
100
AcDbTextStyleTableRecord
  2
中文字体
 70
0
 40
0.0
 41
1.0
 50
0.0
 71
0
 42
2.5
  3
simhei.ttf
  4

  0
ENDTAB
  0
TABLE
  2
VIEW
  5
7
330
0
100
AcDbSymbolTable
 70
0
  0
ENDTAB
  0
TABLE
  2
UCS
  5
6
330
0
100
AcDbSymbolTable
 70
0
  0
ENDTAB
  0
TABLE
  2
APPID
  5
3
330
0
100
AcDbSymbolTable
 70
3
  0
APPID
  5
2A
330
3
100
AcDbSymbolTableRecord
100
AcDbRegAppTableRecord
  2
ACAD
 70
0
  0
APPID
  5
1196
330
3
100
AcDbSymbolTableRecord
100
AcDbRegAppTableRecord
  2
HATCHBACKGROUNDCOLOR
 70
0
  0
APPID
  5
1197
330
3
100
AcDbSymbolTableRecord
100
AcDbRegAppTableRecord
  2
EZDXF
 70
0
  0
ENDTAB
  0
TABLE
  2
DIMSTYLE
  5
4
330
0
100
AcDbSymbolTable
 70
1
100
AcDbDimStyleTable
  0
DIMSTYLE
105
2B
330
4
100
AcDbSymbolTableRecord
100
AcDbDimStyleTableRecord
  2
Standard
 70
0
 40
1.0
 41
2.5
 42
0.625
 43
3.75
 44
1.25
 45
0.0
 46
0.0
 47
0.0
 48
0.0
 49
2.5
140
2.5
141
2.5
142
0.0
143
0.03937007874
144
1.0
145
0.0
146
1.0
147
0.625
148
0.0
 69
0
 70
0
 71
0
 72
0
 73
0
 74
0
 75
0
 76
0
 77
1
 78
8
 79
3
170
0
171
3
172
1
173
0
174
0
175
0
176
0
177
0
178
0
179
2
271
2
272
2
273
2
274
3
275
0
276
0
277
2
278
44
279
0
280
0
281
0
282
0
283
0
284
8
285
0
286
0
288
0
289
3
290
0
371
-2
372
-2
  0
ENDTAB
  0
TABLE
  2
BLOCK_RECORD
  5
9
330
0
100
AcDbSymbolTable
 70
2
  0
BLOCK_RECORD
  5
17
330
9
100
AcDbSymbolTableRecord
100
AcDbBlockTableRecord
  2
*Model_Space
340
1A
 70
0
280
1
281
0
  0
BLOCK_RECORD
  5
1B
330
9
100
AcDbSymbolTableRecord
100
AcDbBlockTableRecord
  2
*Paper_Space
340
1E
 70
0
280
1
281
0
  0
ENDTAB
  0
ENDSEC
  0
SECTION
  2
BLOCKS
  0
BLOCK
  5
18
330
17
100
AcDbEntity
  8
0
100
AcDbBlockBegin
  2
*Model_Space
 70
0
 10
0.0
 20
0.0
 30
0.0
  3
*Model_Space
  1

  0
ENDBLK
  5
19
330
17
100
AcDbEntity
  8
0
100
AcDbBlockEnd
  0
BLOCK
  5
1C
330
1B
100
AcDbEntity
  8
0
100
AcDbBlockBegin
  2
*Paper_Space
 70
0
 10
0.0
 20
0.0
 30
0.0
  3
*Paper_Space
  1

  0
ENDBLK
  5
1D
330
1B
100
AcDbEntity
  8
0
100
AcDbBlockEnd
  0
ENDSEC
  0
SECTION
  2
ENTITIES
  0
LINE
  5
35
330
17
100
AcDbEntity
  8
可见轮廓
100
AcDbLine
 10
7.4244187533447565
 20
5.151143221184402
 30
0.0
 11
7.466308120855324
 21
5.064865970448054
 31
0.0
  0
LINE
  5
36
330
17
100
AcDbEntity
  8
可见轮廓
100
AcDbLine
 10
7.466308120855324
 20
5.064865970448054
 30
0.0
 11
7.495772402999812
 21
4.974652327523216
 31
0.0
  0
LINE
  5
37
330
17
100
AcDbEntity
  8
可见轮廓
100
AcDbLine
 10
7.495772402999812
 20
4.974652327523216
 30
0.0
 11
7.512800043605138
 21
4.882332307476759
 31
0.0
  0
LINE
  5
38
330
17
100
AcDbEntity
  8
可见轮廓
100
AcDbLine
 10
7.512800043605138
 20
4.882332307476759
 30
0.0
 11
7.517379486498216
 21
4.789735925375545
 31
0.0
  0
LINE
  5
39
330
17
100
AcDbEntity
  8
可见轮廓
100
AcDbLine
 10
7.517379486498216
 20
4.789735925375545
 30
0.0
 11
7.509805465365863
 21
4.69900261050207
 31
0.0
  0
LINE
  5
3A
330
17
100
AcDbEntity
  8
可见轮廓
100
AcDbLine
 10
7.509805465365863
 20
4.69900261050207
 30
0.0
 11
7.491008742671502
 21
4.611776609680547
 31
0.0
  0
LINE
  5
3B
330
17
100
AcDbEntity
  8
可见轮廓
100
AcDbLine
 10
7.491008742671502
 20
4.611776609680547
 30
0.0
 11
7.46189135977218
 21
4.529035160368586
 31
0.0
  0
LINE
  5
3C
330
17
100
AcDbEntity
  8
可见轮廓
100
AcDbLine
 10
7.46189135977218
 20
4.529035160368586
 30
0.0
 11
7.423355076256017
 21
4.451754751567989
 31
0.0
  0
LINE
  5
3D
330
17
100
AcDbEntity
  8
可见轮廓
100
AcDbLine
 10
7.05761134080586
 20
4.145033212854337
 30
0.0
 11
7.043456524217197
 21
4.140047801994207
 31
0.0
  0
LINE
  5
3E
330
17
100
AcDbEntity
  8
可见轮廓
100
AcDbLine
 10
7.043456524217197
 20
4.140047801994207
 30
0.0
 11
7.029144547193731
 21
4.135344801449136
 31
0.0
  0
LINE
  5
3F
330
17
100
AcDbEntity
  8
可见轮廓
100
AcDbLine
 10
6.955453161056475
 20
4.11626701084559
 30
0.0
 11
6.940333764725468
 21
4.1133791066284715
 31
0.0
  0
LINE
  5
40
330
17
100
AcDbEntity
  8
可见轮廓
100
AcDbLine
 10
6.940333764725468
 20
4.1133791066284715
 30
0.0
 11
6.925295618481087
 21
4.110844217587719
 31
0.0
  0
LINE
  5
41
330
17
100
AcDbEntity
  8
可见轮廓
100
AcDbLine
 10
6.864175628977469
 20
4.103960409807826
 30
0.0
 11
6.848684844123186
 21
4.103081041816083
 31
0.0
  0
LINE
  5
42
330
17
100
AcDbEntity
  8
可见轮廓
100
AcDbLine
 10
6.848684844123186
 20
4.103081041816083
 30
0.0
 11
6.833122169738813
 21
4.102549366148608
 31
0.0
  0
LINE
  5
43
330
17
100
AcDbEntity
  8
可见轮廓
100
AcDbLine
 10
10.19840484107003
 20
4.113451530558777
 30
0.0
 11
10.23738202998938
 21
4.000240109248807
 31
0.0
  0
LINE
  5
44
330
17
100
AcDbEntity
  8
可见轮廓
100
AcDbLine
 10
10.23738202998938
 20
4.000240109248807
 30
0.0
 11
10.271185452792214
 21
3.899053251832683
 31
0.0
  0
LINE
  5
45
330
17
100
AcDbEntity
  8
可见轮廓
100
AcDbLine
 10
10.271185452792214
 20
3.899053251832683
 30
0.0
 11
10.300032368353923
 21
3.8103307992867457
 31
0.0
  0
LINE
  5
46
330
17
100
AcDbEntity
  8
可见轮廓
100
AcDbLine
 10
10.300032368353923
 20
3.8103307992867457
 30
0.0
 11
10.323595795059044
 21
3.7361236158541615
 31
0.0
  0
LINE
  5
47
330
17
100
AcDbEntity
  8
可见轮廓
100
AcDbLine
 10
10.323595795059044
 20
3.7361236158541615
 30
0.0
 11
10.341776699607781
 21
3.677741530413712
 31
0.0
  0
LINE
  5
48
330
17
100
AcDbEntity
  8
可见轮廓
100
AcDbLine
 10
10.341776699607781
 20
3.677741530413712
 30
0.0
 11
10.354789580696655
 21
3.6353026015916825
 31
0.0
  0
LINE
  5
49
330
17
100
AcDbEntity
  8
可见轮廓
100
AcDbLine
 10
10.354789580696655
 20
3.6353026015916825
 30
0.0
 11
10.362620750004618
 21
3.6095163700346546
 31
0.0
  0
LINE
  5
4A
330
17
100
AcDbEntity
  8
可见轮廓
100
AcDbLine
 10
31.57558124665528
 20
5.151143221184402
 30
0.0
 11
31.533691879144715
 21
5.064865970448054
 31
0.0
  0
LINE
  5
4B
330
17
100
AcDbEntity
  8
可见轮廓
100
AcDbLine
 10
31.533691879144715
 20
5.064865970448054
 30
0.0
 11
31.50422759700023
 21
4.9746523275232235
 31
0.0
  0
LINE
  5
4C
330
17
100
AcDbEntity
  8
可见轮廓
100
AcDbLine
 10
31.50422759700023
 20
4.9746523275232235
 30
0.0
 11
31.487199956394903
 21
4.882332307476766
 31
0.0
  0
LINE
  5
4D
330
17
100
AcDbEntity
  8
可见轮廓
100
AcDbLine
 10
31.487199956394903
 20
4.882332307476766
 30
0.0
 11
31.482620513501825
 21
4.78973592537556
 31
0.0
  0
LINE
  5
4E
330
17
100
AcDbEntity
  8
可见轮廓
100
AcDbLine
 10
31.482620513501825
 20
4.78973592537556
 30
0.0
 11
31.490194534634178
 21
4.6990026105020775
 31
0.0
  0
LINE
  5
4F
330
17
100
AcDbEntity
  8
可见轮廓
100
AcDbLine
 10
31.490194534634178
 20
4.6990026105020775
 30
0.0
 11
31.50899125732854
 21
4.611776609680554
 31
0.0
  0
LINE
  5
50
330
17
100
AcDbEntity
  8
可见轮廓
100
AcDbLine
 10
31.50899125732854
 20
4.611776609680554
 30
0.0
 11
31.53810864022786
 21
4.529035160368579
 31
0.0
  0
LINE
  5
51
330
17
100
AcDbEntity
  8
可见轮廓
100
AcDbLine
 10
31.53810864022786
 20
4.529035160368579
 30
0.0
 11
31.57664492374402
 21
4.451754751568004
 31
0.0
  0
LINE
  5
52
330
17
100
AcDbEntity
  8
可见轮廓
100
AcDbLine
 10
31.942388659194144
 20
4.145033212854358
 30
0.0
 11
31.956543475782794
 21
4.140047801994228
 31
0.0
  0
LINE
  5
53
330
17
100
AcDbEntity
  8
可见轮廓
100
AcDbLine
 10
31.956543475782794
 20
4.140047801994228
 30
0.0
 11
31.97085545280625
 21
4.1353448014491505
 31
0.0
  0
LINE
  5
54
330
17
100
AcDbEntity
  8
可见轮廓
100
AcDbLine
 10
32.04454683894346
 20
4.116267010845611
 30
0.0
 11
32.05966623527446
 21
4.113379106628493
 31
0.0
  0
LINE
  5
55
330
17
100
AcDbEntity
  8
可见轮廓
100
AcDbLine
 10
32.05966623527446
 20
4.113379106628493
 30
0.0
 11
32.07470438151885
 21
4.11084421758774
 31
0.0
  0
LINE
  5
56
330
17
100
AcDbEntity
  8
可见轮廓
100
AcDbLine
 10
32.13582437102252
 20
4.103960409807833
 30
0.0
 11
32.15131515587682
 21
4.103081041816083
 31
0.0
  0
LINE
  5
57
330
17
100
AcDbEntity
  8
可见轮廓
100
AcDbLine
 10
32.15131515587682
 20
4.103081041816083
 30
0.0
 11
32.166877830261214
 21
4.102549366148608
 31
0.0
  0
LINE
  5
58
330
17
100
AcDbEntity
  8
可见轮廓
100
AcDbLine
 10
28.801595158929967
 20
4.11345153055877
 30
0.0
 11
28.76261797001062
 21
4.000240109248821
 31
0.0
  0
LINE
  5
59
330
17
100
AcDbEntity
  8
可见轮廓
100
AcDbLine
 10
28.76261797001062
 20
4.000240109248821
 30
0.0
 11
28.728814547207786
 21
3.8990532518327115
 31
0.0
  0
LINE
  5
5A
330
17
100
AcDbEntity
  8
可见轮廓
100
AcDbLine
 10
28.728814547207786
 20
3.8990532518327115
 30
0.0
 11
28.69996763164607
 21
3.81033079928676
 31
0.0
  0
LINE
  5
5B
330
17
100
AcDbEntity
  8
可见轮廓
100
AcDbLine
 10
28.69996763164607
 20
3.81033079928676
 30
0.0
 11
28.67640420494095
 21
3.7361236158541615
 31
0.0
  0
LINE
  5
5C
330
17
100
AcDbEntity
  8
可见轮廓
100
AcDbLine
 10
28.67640420494095
 20
3.7361236158541615
 30
0.0
 11
28.65822330039222
 21
3.677741530413712
 31
0.0
  0
LINE
  5
5D
330
17
100
AcDbEntity
  8
可见轮廓
100
AcDbLine
 10
28.65822330039222
 20
3.677741530413712
 30
0.0
 11
28.645210419303343
 21
3.6353026015916683
 31
0.0
  0
LINE
  5
5E
330
17
100
AcDbEntity
  8
可见轮廓
100
AcDbLine
 10
28.645210419303343
 20
3.6353026015916683
 30
0.0
 11
28.63737924999538
 21
3.6095163700346404
 31
0.0
  0
LINE
  5
5F
330
17
100
AcDbEntity
  8
可见轮廓
100
AcDbLine
 10
3.75
 20
4.1023709121768945
 30
0.0
 11
5.28374690927749
 21
4.1023709121768945
 31
0.0
  0
LINE
  5
60
330
17
100
AcDbEntity
  8
可见轮廓
100
AcDbLine
 10
5.28374690927749
 20
4.1023709121768945
 30
0.0
 11
6.817493818554979
 21
4.1023709121768945
 31
0.0
  0
LINE
  5
61
330
17
100
AcDbEntity
  8
可见轮廓
100
AcDbLine
 10
35.25
 20
4.1023709121768945
 30
0.0
 11
33.71625309072253
 21
4.1023709121768945
 31
0.0
  0
LINE
  5
62
330
17
100
AcDbEntity
  8
可见轮廓
100
AcDbLine
 10
33.71625309072253
 20
4.1023709121768945
 30
0.0
 11
32.182506181445056
 21
4.1023709121768945
 31
0.0
  0
LINE
  5
63
330
17
100
AcDbEntity
  8
可见轮廓
100
AcDbLine
 10
2.0000000000000036
 20
40.60744342191866
 30
0.0
 11
2.0000000000000036
 21
25.623472271268028
 31
0.0
  0
LINE
  5
64
330
17
100
AcDbEntity
  8
可见轮廓
100
AcDbLine
 10
2.0000000000000036
 20
25.623472271268028
 30
0.0
 11
2.0000000000000036
 21
22.004907167047755
 31
0.0
  0
LINE
  5
65
330
17
100
AcDbEntity
  8
可见轮廓
100
AcDbLine
 10
2.0000000000000036
 20
22.004907167047755
 30
0.0
 11
2.0000000000000036
 21
10.639501120617396
 31
0.0
  0
LINE
  5
66
330
17
100
AcDbEntity
  8
可见轮廓
100
AcDbLine
 10
2.0
 20
11.658714061867066
 30
0.0
 11
2.0
 21
10.6395011206174
 31
0.0
  0
LINE
  5
67
330
17
100
AcDbEntity
  8
可见轮廓
100
AcDbLine
 10
37.00000000000004
 20
40.60744342191866
 30
0.0
 11
37.00000000000004
 21
25.623472271268028
 31
0.0
  0
LINE
  5
68
330
17
100
AcDbEntity
  8
可见轮廓
100
AcDbLine
 10
37.00000000000004
 20
25.623472271268028
 30
0.0
 11
37.00000000000004
 21
22.004907167047755
 31
0.0
  0
LINE
  5
69
330
17
100
AcDbEntity
  8
可见轮廓
100
AcDbLine
 10
37.00000000000004
 20
22.004907167047755
 30
0.0
 11
37.00000000000004
 21
10.639501120617396
 31
0.0
  0
LINE
  5
6A
330
17
100
AcDbEntity
  8
可见轮廓
100
AcDbLine
 10
37.00000000000004
 20
11.65871406186708
 30
0.0
 11
37.00000000000004
 21
10.6395011206174
 31
0.0
  0
LINE
  5
6B
330
17
100
AcDbEntity
  8
可见轮廓
100
AcDbLine
 10
28.801593568308434
 20
4.113446760869607
 30
0.0
 11
28.82506964830077
 21
4.179972853249048
 31
0.0
  0
LINE
  5
6C
330
17
100
AcDbEntity
  8
可见轮廓
100
AcDbLine
 10
28.82506964830077
 20
4.179972853249048
 30
0.0
 11
28.84989146474218
 21
4.2490328746037065
 31
0.0
  0
LINE
  5
6D
330
17
100
AcDbEntity
  8
可见轮廓
100
AcDbLine
 10
28.84989146474218
 20
4.2490328746037065
 30
0.0
 11
28.876056125484205
 21
4.320471911868935
 31
0.0
  0
LINE
  5
6E
330
17
100
AcDbEntity
  8
可见轮廓
100
AcDbLine
 10
28.876056125484205
 20
4.320471911868935
 30
0.0
 11
28.903591454498695
 21
4.394223352022863
 31
0.0
  0
LINE
  5
6F
330
17
100
AcDbEntity
  8
可见轮廓
100
AcDbLine
 10
28.903591454498695
 20
4.394223352022863
 30
0.0
 11
28.932567707121727
 21
4.470321554506597
 31
0.0
  0
LINE
  5
70
330
17
100
AcDbEntity
  8
可见轮廓
100
AcDbLine
 10
28.932567707121727
 20
4.470321554506597
 30
0.0
 11
28.963004890398118
 21
4.5486769405996625
 31
0.0
  0
LINE
  5
71
330
17
100
AcDbEntity
  8
可见轮廓
100
AcDbLine
 10
28.963004890398118
 20
4.5486769405996625
 30
0.0
 11
28.99475199989093
 21
4.62878924529624
 31
0.0
  0
LINE
  5
72
330
17
100
AcDbEntity
  8
可见轮廓
100
AcDbLine
 10
28.99475199989093
 20
4.62878924529624
 30
0.0
 11
29.02765375517417
 21
4.71014796899086
 31
0.0
  0
LINE
  5
73
330
17
100
AcDbEntity
  8
可见轮廓
100
AcDbLine
 10
34.90000000000005
 20
11.90744342191865
 30
0.0
 11
34.90000000000005
 21
22.004907167047755
 31
0.0
  0
LINE
  5
74
330
17
100
AcDbEntity
  8
可见轮廓
100
AcDbLine
 10
34.90000000000005
 20
22.004907167047755
 30
0.0
 11
34.90000000000005
 21
25.20744342191865
 31
0.0
  0
LINE
  5
75
330
17
100
AcDbEntity
  8
可见轮廓
100
AcDbLine
 10
34.90000000000005
 20
25.20744342191865
 30
0.0
 11
34.90000000000005
 21
38.50744342191865
 31
0.0
  0
LINE
  5
76
330
17
100
AcDbEntity
  8
可见轮廓
100
AcDbLine
 10
4.099999999999996
 20
11.90744342191865
 30
0.0
 11
4.099999999999996
 21
22.004907167047755
 31
0.0
  0
LINE
  5
77
330
17
100
AcDbEntity
  8
可见轮廓
100
AcDbLine
 10
4.099999999999996
 20
22.004907167047755
 30
0.0
 11
4.099999999999996
 21
25.20744342191865
 31
0.0
  0
LINE
  5
78
330
17
100
AcDbEntity
  8
可见轮廓
100
AcDbLine
 10
4.099999999999996
 20
25.20744342191865
 30
0.0
 11
4.099999999999998
 21
38.50744342191865
 31
0.0
  0
LINE
  5
79
330
17
100
AcDbEntity
  8
可见轮廓
100
AcDbLine
 10
10.198406431691563
 20
4.113446760869614
 30
0.0
 11
10.17493035311947
 21
4.179972849260551
 31
0.0
  0
LINE
  5
7A
330
17
100
AcDbEntity
  8
可见轮廓
100
AcDbLine
 10
10.17493035311947
 20
4.179972849260551
 30
0.0
 11
10.150108538254546
 21
4.249032866343086
 31
0.0
  0
LINE
  5
7B
330
17
100
AcDbEntity
  8
可见轮廓
100
AcDbLine
 10
10.150108538254546
 20
4.249032866343086
 30
0.0
 11
10.12394387925016
 21
4.320471899064316
 31
0.0
  0
LINE
  5
7C
330
17
100
AcDbEntity
  8
可见轮廓
100
AcDbLine
 10
10.12394387925016
 20
4.320471899064316
 30
0.0
 11
10.09640855213936
 21
4.3942233344141215
 31
0.0
  0
LINE
  5
7D
330
17
100
AcDbEntity
  8
可见轮廓
100
AcDbLine
 10
10.09640855213936
 20
4.3942233344141215
 30
0.0
 11
10.067432301616893
 21
4.4703215317839735
 31
0.0
  0
LINE
  5
7E
330
17
100
AcDbEntity
  8
可见轮廓
100
AcDbLine
 10
10.067432301616893
 20
4.4703215317839735
 30
0.0
 11
10.036995120577643
 21
4.548676912622781
 31
0.0
  0
LINE
  5
7F
330
17
100
AcDbEntity
  8
可见轮廓
100
AcDbLine
 10
10.036995120577643
 20
4.548676912622781
 30
0.0
 11
10.00524801342121
 21
4.628789212038598
 31
0.0
  0
LINE
  5
80
330
17
100
AcDbEntity
  8
可见轮廓
100
AcDbLine
 10
10.00524801342121
 20
4.628789212038598
 30
0.0
 11
9.972346260546214
 21
4.710147930515959
 31
0.0
  0
LINE
  5
81
330
17
100
AcDbEntity
  8
可见轮廓
100
AcDbLine
 10
3.75
 20
2.002370912176893
 30
0.0
 11
6.815915856797588
 21
2.002370912176893
 31
0.0
  0
LINE
  5
82
330
17
100
AcDbEntity
  8
可见轮廓
100
AcDbLine
 10
6.815915856797588
 20
2.002370912176893
 30
0.0
 11
9.881831713595178
 21
2.002370912176893
 31
0.0
  0
LINE
  5
83
330
17
100
AcDbEntity
  8
可见轮廓
100
AcDbLine
 10
3.75
 20
4.1023709121768945
 30
0.0
 11
3.75
 21
3.0523709121769187
 31
0.0
  0
LINE
  5
84
330
17
100
AcDbEntity
  8
可见轮廓
100
AcDbLine
 10
3.75
 20
3.0523709121769187
 30
0.0
 11
3.75
 21
2.002370912176893
 31
0.0
  0
LINE
  5
85
330
17
100
AcDbEntity
  8
可见轮廓
100
AcDbLine
 10
3.4000000000000483
 20
42.00744342191866
 30
0.0
 11
19.50000000000005
 21
42.00744342191866
 31
0.0
  0
LINE
  5
86
330
17
100
AcDbEntity
  8
可见轮廓
100
AcDbLine
 10
19.50000000000005
 20
42.00744342191866
 30
0.0
 11
35.60000000000005
 21
42.00744342191866
 31
0.0
  0
LINE
  5
87
330
17
100
AcDbEntity
  8
可见轮廓
100
AcDbLine
 10
35.25
 20
4.1023709121768945
 30
0.0
 11
35.25
 21
3.0523709121769187
 31
0.0
  0
LINE
  5
88
330
17
100
AcDbEntity
  8
可见轮廓
100
AcDbLine
 10
35.25
 20
3.0523709121769187
 30
0.0
 11
35.25
 21
2.002370912176893
 31
0.0
  0
LINE
  5
89
330
17
100
AcDbEntity
  8
可见轮廓
100
AcDbLine
 10
29.118168286404856
 20
2.002370912176893
 30
0.0
 11
32.184084143202426
 21
2.002370912176893
 31
0.0
  0
LINE
  5
8A
330
17
100
AcDbEntity
  8
可见轮廓
100
AcDbLine
 10
32.184084143202426
 20
2.002370912176893
 30
0.0
 11
35.25
 21
2.002370912176893
 31
0.0
  0
LINE
  5
8B
330
17
100
AcDbEntity
  8
可见轮廓
100
AcDbLine
 10
33.500000000000014
 20
39.907443421918664
 30
0.0
 11
19.50000000000003
 21
39.907443421918664
 31
0.0
  0
LINE
  5
8C
330
17
100
AcDbEntity
  8
可见轮廓
100
AcDbLine
 10
19.50000000000003
 20
39.907443421918664
 30
0.0
 11
5.500000000000039
 21
39.907443421918664
 31
0.0
  0
LINE
  5
8D
330
17
100
AcDbEntity
  8
可见轮廓
100
AcDbLine
 10
3.75
 20
4.102370912176944
 30
0.0
 11
3.75
 21
3.6008936822639512
 31
0.0
  0
LINE
  5
8E
330
17
100
AcDbEntity
  8
可见轮廓
100
AcDbLine
 10
35.25
 20
4.102370912176944
 30
0.0
 11
35.25
 21
3.6008936822639512
 31
0.0
  0
LINE
  5
8F
330
17
100
AcDbEntity
  8
可见轮廓
100
AcDbLine
 10
2.0
 20
21.70744342191865
 30
0.0
 11
2.0
 21
17.966534441470188
 31
0.0
  0
LINE
  5
90
330
17
100
AcDbEntity
  8
可见轮廓
100
AcDbLine
 10
2.0
 20
32.837443421918664
 30
0.0
 11
2.0
 21
28.70744342191866
 31
0.0
  0
LINE
  5
91
330
17
100
AcDbEntity
  8
可见轮廓
100
AcDbLine
 10
37.00000000000004
 20
21.70744342191865
 30
0.0
 11
37.00000000000004
 21
17.966534441470188
 31
0.0
  0
LINE
  5
92
330
17
100
AcDbEntity
  8
可见轮廓
100
AcDbLine
 10
37.00000000000004
 20
32.837443421918664
 30
0.0
 11
37.00000000000004
 21
28.70744342191866
 31
0.0
  0
LINE
  5
93
330
17
100
AcDbEntity
  8
可见轮廓
100
AcDbLine
 10
34.9
 20
17.966534441470188
 30
0.0
 11
34.9
 21
21.70744342191865
 31
0.0
  0
LINE
  5
94
330
17
100
AcDbEntity
  8
可见轮廓
100
AcDbLine
 10
34.9
 20
28.70744342191866
 30
0.0
 11
34.9
 21
32.837443421918664
 31
0.0
  0
LINE
  5
95
330
17
100
AcDbEntity
  8
可见轮廓
100
AcDbLine
 10
4.099999999999998
 20
17.966534441470188
 30
0.0
 11
4.099999999999998
 21
21.70744342191865
 31
0.0
  0
LINE
  5
96
330
17
100
AcDbEntity
  8
可见轮廓
100
AcDbLine
 10
4.099999999999998
 20
28.70744342191866
 30
0.0
 11
4.099999999999998
 21
32.837443421918664
 31
0.0
  0
LINE
  5
97
330
17
100
AcDbEntity
  8
可见轮廓
100
AcDbLine
 10
23.0000000355507
 20
42.00744342191866
 30
0.0
 11
16.000000035550702
 21
42.00744342191866
 31
0.0
  0
LINE
  5
98
330
17
100
AcDbEntity
  8
可见轮廓
100
AcDbLine
 10
23.0000000355507
 20
39.907443421918664
 30
0.0
 11
16.000000035550702
 21
39.907443421918664
 31
0.0
  0
LINE
  5
99
330
17
100
AcDbEntity
  8
可见轮廓
100
AcDbLine
 10
3.75
 20
3.6008936822639512
 30
0.0
 11
4.163451297268402
 21
3.6008936822639512
 31
0.0
  0
LINE
  5
9A
330
17
100
AcDbEntity
  8
可见轮廓
100
AcDbLine
 10
9.951769459026027
 20
3.6008936822639512
 30
0.0
 11
10.365220756294429
 21
3.6008936822639512
 31
0.0
  0
LINE
  5
9B
330
17
100
AcDbEntity
  8
可见轮廓
100
AcDbLine
 10
3.75
 20
5.350893682263951
 30
0.0
 11
3.75
 21
3.6008936822639512
 31
0.0
  0
LINE
  5
9C
330
17
100
AcDbEntity
  8
可见轮廓
100
AcDbLine
 10
10.365220756294429
 20
5.350893682263951
 30
0.0
 11
10.365220756294429
 21
3.6008936822639512
 31
0.0
  0
LINE
  5
9D
330
17
100
AcDbEntity
  8
可见轮廓
100
AcDbLine
 10
28.634779243705573
 20
3.6008936822639512
 30
0.0
 11
29.048230540973975
 21
3.6008936822639512
 31
0.0
  0
LINE
  5
9E
330
17
100
AcDbEntity
  8
可见轮廓
100
AcDbLine
 10
34.8365487027316
 20
3.6008936822639512
 30
0.0
 11
35.25
 21
3.6008936822639512
 31
0.0
  0
LINE
  5
9F
330
17
100
AcDbEntity
  8
可见轮廓
100
AcDbLine
 10
28.634779243705573
 20
5.350893682263951
 30
0.0
 11
28.634779243705573
 21
3.6008936822639512
 31
0.0
  0
LINE
  5
A0
330
17
100
AcDbEntity
  8
可见轮廓
100
AcDbLine
 10
35.25
 20
5.350893682263951
 30
0.0
 11
35.25
 21
3.6008936822639512
 31
0.0
  0
LINE
  5
A1
330
17
100
AcDbEntity
  8
可见轮廓
100
AcDbLine
 10
28.63477924370557
 20
5.350893682263951
 30
0.0
 11
29.04823054097397
 21
5.350893682263951
 31
0.0
  0
LINE
  5
A2
330
17
100
AcDbEntity
  8
可见轮廓
100
AcDbLine
 10
31.52893832458438
 20
5.350893682263951
 30
0.0
 11
35.25
 21
5.350893682263951
 31
0.0
  0
LINE
  5
A3
330
17
100
AcDbEntity
  8
可见轮廓
100
AcDbLine
 10
34.9
 20
17.966534441470184
 30
0.0
 11
35.03125
 21
17.966534441470184
 31
0.0
  0
LINE
  5
A4
330
17
100
AcDbEntity
  8
可见轮廓
100
AcDbLine
 10
36.86875000000004
 20
17.966534441470184
 30
0.0
 11
37.00000000000004
 21
17.966534441470184
 31
0.0
  0
LINE
  5
A5
330
17
100
AcDbEntity
  8
可见轮廓
100
AcDbLine
 10
34.9
 20
32.837443421918664
 30
0.0
 11
35.03125
 21
32.837443421918664
 31
0.0
  0
LINE
  5
A6
330
17
100
AcDbEntity
  8
可见轮廓
100
AcDbLine
 10
36.86875000000004
 20
32.837443421918664
 30
0.0
 11
37.00000000000004
 21
32.837443421918664
 31
0.0
  0
LINE
  5
A7
330
17
100
AcDbEntity
  8
可见轮廓
100
AcDbLine
 10
34.9
 20
28.70744342191866
 30
0.0
 11
35.03125
 21
28.70744342191866
 31
0.0
  0
LINE
  5
A8
330
17
100
AcDbEntity
  8
可见轮廓
100
AcDbLine
 10
36.86875000000004
 20
28.70744342191866
 30
0.0
 11
37.00000000000004
 21
28.70744342191866
 31
0.0
  0
LINE
  5
A9
330
17
100
AcDbEntity
  8
可见轮廓
100
AcDbLine
 10
34.9
 20
21.70744342191865
 30
0.0
 11
35.03125
 21
21.70744342191865
 31
0.0
  0
LINE
  5
AA
330
17
100
AcDbEntity
  8
可见轮廓
100
AcDbLine
 10
36.86875000000004
 20
21.70744342191865
 30
0.0
 11
37.00000000000004
 21
21.70744342191865
 31
0.0
  0
LINE
  5
AB
330
17
100
AcDbEntity
  8
可见轮廓
100
AcDbLine
 10
2.0
 20
21.70744342191865
 30
0.0
 11
2.1312500000000014
 21
21.70744342191865
 31
0.0
  0
LINE
  5
AC
330
17
100
AcDbEntity
  8
可见轮廓
100
AcDbLine
 10
3.9687499999999982
 20
21.70744342191865
 30
0.0
 11
4.099999999999998
 21
21.70744342191865
 31
0.0
  0
LINE
  5
AD
330
17
100
AcDbEntity
  8
可见轮廓
100
AcDbLine
 10
2.0
 20
32.837443421918664
 30
0.0
 11
2.1312500000000014
 21
32.837443421918664
 31
0.0
  0
LINE
  5
AE
330
17
100
AcDbEntity
  8
可见轮廓
100
AcDbLine
 10
3.9687499999999982
 20
32.837443421918664
 30
0.0
 11
4.099999999999998
 21
32.837443421918664
 31
0.0
  0
LINE
  5
AF
330
17
100
AcDbEntity
  8
可见轮廓
100
AcDbLine
 10
2.0
 20
28.70744342191866
 30
0.0
 11
2.1312500000000014
 21
28.70744342191866
 31
0.0
  0
LINE
  5
B0
330
17
100
AcDbEntity
  8
可见轮廓
100
AcDbLine
 10
3.9687499999999982
 20
28.70744342191866
 30
0.0
 11
4.099999999999998
 21
28.70744342191866
 31
0.0
  0
LINE
  5
B1
330
17
100
AcDbEntity
  8
可见轮廓
100
AcDbLine
 10
2.0
 20
17.966534441470184
 30
0.0
 11
2.1312500000000014
 21
17.966534441470184
 31
0.0
  0
LINE
  5
B2
330
17
100
AcDbEntity
  8
可见轮廓
100
AcDbLine
 10
3.9687499999999982
 20
17.966534441470184
 30
0.0
 11
4.099999999999998
 21
17.966534441470184
 31
0.0
  0
LINE
  5
B3
330
17
100
AcDbEntity
  8
可见轮廓
100
AcDbLine
 10
3.75
 20
5.350893682263951
 30
0.0
 11
7.471061675415616
 21
5.350893682263951
 31
0.0
  0
LINE
  5
B4
330
17
100
AcDbEntity
  8
可见轮廓
100
AcDbLine
 10
9.951769459026025
 20
5.350893682263951
 30
0.0
 11
10.365220756294427
 21
5.350893682263951
 31
0.0
  0
LINE
  5
B5
330
17
100
AcDbEntity
  8
可见轮廓
100
AcDbLine
 10
16.000000035550702
 20
42.00744342191866
 30
0.0
 11
16.000000035550702
 21
41.876193421918664
 31
0.0
  0
LINE
  5
B6
330
17
100
AcDbEntity
  8
可见轮廓
100
AcDbLine
 10
16.000000035550702
 20
40.03869342191866
 30
0.0
 11
16.000000035550702
 21
39.907443421918664
 31
0.0
  0
LINE
  5
B7
330
17
100
AcDbEntity
  8
可见轮廓
100
AcDbLine
 10
23.000000035550695
 20
42.00744342191866
 30
0.0
 11
23.000000035550695
 21
41.876193421918664
 31
0.0
  0
LINE
  5
B8
330
17
100
AcDbEntity
  8
可见轮廓
100
AcDbLine
 10
23.000000035550695
 20
40.03869342191866
 30
0.0
 11
23.000000035550695
 21
39.907443421918664
 31
0.0
  0
LINE
  5
B9
330
17
100
AcDbEntity
  8
可见轮廓
100
AcDbLine
 10
7.4244187533447565
 20
5.151143221184402
 30
0.0
 11
7.496230075060076
 21
4.972839584352542
 31
0.0
  0
LINE
  5
BA
330
17
100
AcDbEntity
  8
可见轮廓
100
AcDbLine
 10
7.496230075060076
 20
4.972839584352542
 30
0.0
 11
7.517304472940266
 21
4.7860906170678135
 31
0.0
  0
LINE
  5
BB
330
17
100
AcDbEntity
  8
可见轮廓
100
AcDbLine
 10
7.517304472940266
 20
4.7860906170678135
 30
0.0
 11
7.489559229505833
 21
4.606729049684894
 31
0.0
  0
LINE
  5
BC
330
17
100
AcDbEntity
  8
可见轮廓
100
AcDbLine
 10
7.489559229505833
 20
4.606729049684894
 30
0.0
 11
7.419928686606523
 21
4.4458989921610055
 31
0.0
  0
LINE
  5
BD
330
17
100
AcDbEntity
  8
可见轮廓
100
AcDbLine
 10
7.419928686606523
 20
4.4458989921610055
 30
0.0
 11
7.315015151967412
 21
4.309713144263277
 31
0.0
  0
LINE
  5
BE
330
17
100
AcDbEntity
  8
可见轮廓
100
AcDbLine
 10
7.315015151967412
 20
4.309713144263277
 30
0.0
 11
7.177279112481225
 21
4.2019089714386695
 31
0.0
  0
LINE
  5
BF
330
17
100
AcDbEntity
  8
可见轮廓
100
AcDbLine
 10
7.177279112481225
 20
4.2019089714386695
 30
0.0
 11
7.0083780673232745
 21
4.129110214304539
 31
0.0
  0
LINE
  5
C0
330
17
100
AcDbEntity
  8
可见轮廓
100
AcDbLine
 10
7.0083780673232745
 20
4.129110214304539
 30
0.0
 11
6.817493818554979
 21
4.1023709121768945
 31
0.0
  0
LINE
  5
C1
330
17
100
AcDbEntity
  8
可见轮廓
100
AcDbLine
 10
7.306618273514259
 20
5.350893682263951
 30
0.0
 11
7.3216958290853515
 21
5.3258930905470265
 31
0.0
  0
LINE
  5
C2
330
17
100
AcDbEntity
  8
可见轮廓
100
AcDbLine
 10
7.3216958290853515
 20
5.3258930905470265
 30
0.0
 11
7.33667187498194
 21
5.300900966692719
 31
0.0
  0
LINE
  5
C3
330
17
100
AcDbEntity
  8
可见轮廓
100
AcDbLine
 10
7.33667187498194
 20
5.300900966692719
 30
0.0
 11
7.351546809528095
 21
5.275917617352864
 31
0.0
  0
LINE
  5
C4
330
17
100
AcDbEntity
  8
可见轮廓
100
AcDbLine
 10
7.351546809528095
 20
5.275917617352864
 30
0.0
 11
7.366321031047885
 21
5.250943349179288
 31
0.0
  0
LINE
  5
C5
330
17
100
AcDbEntity
  8
可见轮廓
100
AcDbLine
 10
7.366321031047885
 20
5.250943349179288
 30
0.0
 11
7.380994937865378
 21
5.2259784688238256
 31
0.0
  0
LINE
  5
C6
330
17
100
AcDbEntity
  8
可见轮廓
100
AcDbLine
 10
7.380994937865378
 20
5.2259784688238256
 30
0.0
 11
7.395568928304641
 21
5.201023282938301
 31
0.0
  0
LINE
  5
C7
330
17
100
AcDbEntity
  8
可见轮廓
100
AcDbLine
 10
31.693381726485796
 20
5.350893682263951
 30
0.0
 11
31.6783041709147
 21
5.325893090547023
 31
0.0
  0
LINE
  5
C8
330
17
100
AcDbEntity
  8
可见轮廓
100
AcDbLine
 10
31.6783041709147
 20
5.325893090547023
 30
0.0
 11
31.663328125018104
 21
5.300900966692719
 31
0.0
  0
LINE
  5
C9
330
17
100
AcDbEntity
  8
可见轮廓
100
AcDbLine
 10
31.663328125018104
 20
5.300900966692719
 30
0.0
 11
31.648453190471947
 21
5.275917617352864
 31
0.0
  0
LINE
  5
CA
330
17
100
AcDbEntity
  8
可见轮廓
100
AcDbLine
 10
31.648453190471947
 20
5.275917617352864
 30
0.0
 11
31.63367896895215
 21
5.250943349179291
 31
0.0
  0
LINE
  5
CB
330
17
100
AcDbEntity
  8
可见轮廓
100
AcDbLine
 10
31.63367896895215
 20
5.250943349179291
 30
0.0
 11
31.619005062134654
 21
5.225978468823829
 31
0.0
  0
LINE
  5
CC
330
17
100
AcDbEntity
  8
可见轮廓
100
AcDbLine
 10
31.619005062134654
 20
5.225978468823829
 30
0.0
 11
31.604431071695387
 21
5.2010232829383085
 31
0.0
  0
LINE
  5
CD
330
17
100
AcDbEntity
  8
可见轮廓
100
AcDbLine
 10
31.57558124665528
 20
5.151143221184402
 30
0.0
 11
31.503769924939963
 21
4.972839584352535
 31
0.0
  0
LINE
  5
CE
330
17
100
AcDbEntity
  8
可见轮廓
100
AcDbLine
 10
31.503769924939963
 20
4.972839584352535
 30
0.0
 11
31.482695527059775
 21
4.7860906170678135
 31
0.0
  0
LINE
  5
CF
330
17
100
AcDbEntity
  8
可见轮廓
100
AcDbLine
 10
31.482695527059775
 20
4.7860906170678135
 30
0.0
 11
31.51044077049421
 21
4.606729049684887
 31
0.0
  0
LINE
  5
D0
330
17
100
AcDbEntity
  8
可见轮廓
100
AcDbLine
 10
31.51044077049421
 20
4.606729049684887
 30
0.0
 11
31.580071313393518
 21
4.445898992160998
 31
0.0
  0
LINE
  5
D1
330
17
100
AcDbEntity
  8
可见轮廓
100
AcDbLine
 10
31.580071313393518
 20
4.445898992160998
 30
0.0
 11
31.684984848032627
 21
4.309713144263277
 31
0.0
  0
LINE
  5
D2
330
17
100
AcDbEntity
  8
可见轮廓
100
AcDbLine
 10
31.684984848032627
 20
4.309713144263277
 30
0.0
 11
31.82272088751881
 21
4.2019089714386695
 31
0.0
  0
LINE
  5
D3
330
17
100
AcDbEntity
  8
可见轮廓
100
AcDbLine
 10
31.82272088751881
 20
4.2019089714386695
 30
0.0
 11
31.991621932676757
 21
4.129110214304539
 31
0.0
  0
LINE
  5
D4
330
17
100
AcDbEntity
  8
可见轮廓
100
AcDbLine
 10
31.991621932676757
 20
4.129110214304539
 30
0.0
 11
32.182506181445056
 21
4.1023709121768945
 31
0.0
  0
ARC
  5
D5
330
17
100
AcDbEntity
  8
可见轮廓
100
AcDbCircle
 10
3.400000035550697
 20
10.64
 30
0.0
 40
1.4
100
AcDbArc
 50
-147.38741521106226
 51
-114.77483042212457
  0
ARC
  5
D6
330
17
100
AcDbEntity
  8
可见轮廓
100
AcDbCircle
 10
3.400000035550697
 20
10.64
 30
0.0
 40
1.4
100
AcDbArc
 50
-147.38741521106226
 51
-114.77483042212475
  0
ARC
  5
D7
330
17
100
AcDbEntity
  8
可见轮廓
100
AcDbCircle
 10
3.400000035550697
 20
10.64
 30
0.0
 40
1.4
100
AcDbArc
 50
180.0
 51
-147.38741521106226
  0
ARC
  5
D8
330
17
100
AcDbEntity
  8
可见轮廓
100
AcDbCircle
 10
33.5000000355507
 20
11.91
 30
0.0
 40
1.4
100
AcDbArc
 50
-10.233713901023666
 51
0.0
  0
ARC
  5
D9
330
17
100
AcDbEntity
  8
可见轮廓
100
AcDbCircle
 10
33.5000000355507
 20
11.91
 30
0.0
 40
1.4
100
AcDbArc
 50
-59.50235744501722
 51
-29.751178722508957
  0
ARC
  5
DA
330
17
100
AcDbEntity
  8
可见轮廓
100
AcDbCircle
 10
33.5000000355507
 20
11.91
 30
0.0
 40
1.4
100
AcDbArc
 50
-29.751178722508957
 51
0.0
  0
ARC
  5
DB
330
17
100
AcDbEntity
  8
可见轮廓
100
AcDbCircle
 10
5.500000035550698
 20
11.91
 30
0.0
 40
1.4
100
AcDbArc
 50
180.0
 51
-169.76628609897574
  0
ARC
  5
DC
330
17
100
AcDbEntity
  8
可见轮廓
100
AcDbCircle
 10
5.500000035550698
 20
11.91
 30
0.0
 40
1.4
100
AcDbArc
 50
-150.24882127749137
 51
-120.4976425549828
  0
ARC
  5
DD
330
17
100
AcDbEntity
  8
可见轮廓
100
AcDbCircle
 10
5.500000035550698
 20
11.91
 30
0.0
 40
1.4
100
AcDbArc
 50
180.0
 51
-150.24882127749137
  0
ARC
  5
DE
330
17
100
AcDbEntity
  8
可见轮廓
100
AcDbCircle
 10
5.500000035550698
 20
11.91
 30
0.0
 40
1.4
100
AcDbArc
 50
-150.24882127749137
 51
-120.4976425549828
  0
ARC
  5
DF
330
17
100
AcDbEntity
  8
可见轮廓
100
AcDbCircle
 10
6.820000035550699
 20
4.800000000000004
 30
0.0
 40
0.7
100
AcDbArc
 50
-90.0
 51
-30.057982863345213
  0
ARC
  5
E0
330
17
100
AcDbEntity
  8
可见轮廓
100
AcDbCircle
 10
6.820000035550699
 20
4.800000000000004
 30
0.0
 40
0.7
100
AcDbArc
 50
-30.057982863345213
 51
29.88403427330518
  0
ARC
  5
E1
330
17
100
AcDbEntity
  8
可见轮廓
100
AcDbCircle
 10
-1.4999999644493016
 20
0.020000000000003126
 30
0.0
 40
10.293
100
AcDbArc
 50
29.884034273309272
 51
47.55460192559262
  0
ARC
  5
E2
330
17
100
AcDbEntity
  8
可见轮廓
100
AcDbCircle
 10
-1.4999999644493016
 20
0.020000000000003126
 30
0.0
 40
10.293
100
AcDbArc
 50
47.55460192559262
 51
65.22516957787631
  0
ARC
  5
E3
330
17
100
AcDbEntity
  8
可见轮廓
100
AcDbCircle
 10
35.6000000355507
 20
10.64
 30
0.0
 40
1.4
100
AcDbArc
 50
-65.22516957787559
 51
-32.612584788937745
  0
ARC
  5
E4
330
17
100
AcDbEntity
  8
可见轮廓
100
AcDbCircle
 10
35.6000000355507
 20
10.64
 30
0.0
 40
1.4
100
AcDbArc
 50
-32.612584788937745
 51
0.0
  0
ARC
  5
E5
330
17
100
AcDbEntity
  8
可见轮廓
100
AcDbCircle
 10
40.5000000355507
 20
0.020000000000003126
 30
0.0
 40
10.293
100
AcDbArc
 50
132.44539807440734
 51
150.1159657266906
  0
ARC
  5
E6
330
17
100
AcDbEntity
  8
可见轮廓
100
AcDbCircle
 10
40.5000000355507
 20
0.020000000000003126
 30
0.0
 40
10.293
100
AcDbArc
 50
114.7748304221237
 51
132.44539807440734
  0
ARC
  5
E7
330
17
100
AcDbEntity
  8
可见轮廓
100
AcDbCircle
 10
32.1800000355507
 20
4.800000000000004
 30
0.0
 40
0.7
100
AcDbArc
 50
-149.94201713665538
 51
-90.0
  0
ARC
  5
E8
330
17
100
AcDbEntity
  8
可见轮廓
100
AcDbCircle
 10
32.1800000355507
 20
4.800000000000004
 30
0.0
 40
0.7
100
AcDbArc
 50
150.11596572669484
 51
-149.94201713665538
  0
ARC
  5
E9
330
17
100
AcDbEntity
  8
可见轮廓
100
AcDbCircle
 10
40.5000000355507
 20
0.020000000000003126
 30
0.0
 40
12.393
100
AcDbArc
 50
143.62472299082341
 51
166.75180342666445
  0
ARC
  5
EA
330
17
100
AcDbEntity
  8
可见轮廓
100
AcDbCircle
 10
40.5000000355507
 20
0.020000000000003126
 30
0.0
 40
12.393
100
AcDbArc
 50
120.49764255498233
 51
143.62472299082341
  0
ARC
  5
EB
330
17
100
AcDbEntity
  8
可见轮廓
100
AcDbCircle
 10
-1.4999999644493016
 20
0.020000000000003126
 30
0.0
 40
12.393
100
AcDbArc
 50
13.24819657333551
 51
36.37527700917652
  0
ARC
  5
EC
330
17
100
AcDbEntity
  8
可见轮廓
100
AcDbCircle
 10
-1.4999999644493016
 20
0.020000000000003126
 30
0.0
 40
12.393
100
AcDbArc
 50
36.37527700917652
 51
59.502357445017495
  0
ARC
  5
ED
330
17
100
AcDbEntity
  8
可见轮廓
100
AcDbCircle
 10
9.8800000355507
 20
2.700000000000003
 30
0.0
 40
0.7
100
AcDbArc
 50
-38.375901713333725
 51
13.248196573332466
  0
ARC
  5
EE
330
17
100
AcDbEntity
  8
可见轮廓
100
AcDbCircle
 10
9.8800000355507
 20
2.700000000000003
 30
0.0
 40
0.7
100
AcDbArc
 50
-89.99999999999986
 51
-38.375901713333725
  0
ARC
  5
EF
330
17
100
AcDbEntity
  8
可见轮廓
100
AcDbCircle
 10
3.400000035550697
 20
40.61
 30
0.0
 40
1.4
100
AcDbArc
 50
134.99999999999926
 51
180.0
  0
ARC
  5
F0
330
17
100
AcDbEntity
  8
可见轮廓
100
AcDbCircle
 10
3.400000035550697
 20
40.61
 30
0.0
 40
1.4
100
AcDbArc
 50
90.0
 51
134.99999999999926
  0
ARC
  5
F1
330
17
100
AcDbEntity
  8
可见轮廓
100
AcDbCircle
 10
35.6000000355507
 20
40.61
 30
0.0
 40
1.4
100
AcDbArc
 50
0.0
 51
45.00000000000077
  0
ARC
  5
F2
330
17
100
AcDbEntity
  8
可见轮廓
100
AcDbCircle
 10
35.6000000355507
 20
40.61
 30
0.0
 40
1.4
100
AcDbArc
 50
45.00000000000077
 51
90.0
  0
ARC
  5
F3
330
17
100
AcDbEntity
  8
可见轮廓
100
AcDbCircle
 10
29.120000035550696
 20
2.700000000000003
 30
0.0
 40
0.7
100
AcDbArc
 50
-141.62409828666782
 51
-90.0
  0
ARC
  5
F4
330
17
100
AcDbEntity
  8
可见轮廓
100
AcDbCircle
 10
29.120000035550696
 20
2.700000000000003
 30
0.0
 40
0.7
100
AcDbArc
 50
166.75180342666397
 51
-141.62409828666782
  0
ARC
  5
F5
330
17
100
AcDbEntity
  8
可见轮廓
100
AcDbCircle
 10
33.5000000355507
 20
38.51
 30
0.0
 40
1.4
100
AcDbArc
 50
-4.089284590453092e-13
 51
44.999999999999794
  0
ARC
  5
F6
330
17
100
AcDbEntity
  8
可见轮廓
100
AcDbCircle
 10
33.5000000355507
 20
38.51
 30
0.0
 40
1.4
100
AcDbArc
 50
44.999999999999794
 51
90.0
  0
ARC
  5
F7
330
17
100
AcDbEntity
  8
可见轮廓
100
AcDbCircle
 10
5.500000035550698
 20
38.51
 30
0.0
 40
1.4
100
AcDbArc
 50
90.0
 51
134.9999999999998
  0
ARC
  5
F8
330
17
100
AcDbEntity
  8
可见轮廓
100
AcDbCircle
 10
5.500000035550698
 20
38.51
 30
0.0
 40
1.4
100
AcDbArc
 50
134.9999999999998
 51
-179.99999999999963
  0
LINE
  5
F9
330
17
100
AcDbEntity
  8
隐藏线
100
AcDbLine
 10
7.423355076256017
 20
4.451754751567989
 30
0.0
 11
7.391355380084677
 21
4.4014412066688635
 31
0.0
  0
LINE
  5
FA
330
17
100
AcDbEntity
  8
隐藏线
100
AcDbLine
 10
7.391355380084677
 20
4.4014412066688635
 30
0.0
 11
7.355336939445175
 21
4.354145981473096
 31
0.0
  0
LINE
  5
FB
330
17
100
AcDbEntity
  8
隐藏线
100
AcDbLine
 10
7.355336939445175
 20
4.354145981473096
 30
0.0
 11
7.315350344231129
 21
4.310051920509849
 31
0.0
  0
LINE
  5
FC
330
17
100
AcDbEntity
  8
隐藏线
100
AcDbLine
 10
7.315350344231129
 20
4.310051920509849
 30
0.0
 11
7.2714458033797875
 21
4.269343890529932
 31
0.0
  0
LINE
  5
FD
330
17
100
AcDbEntity
  8
隐藏线
100
AcDbLine
 10
7.2714458033797875
 20
4.269343890529932
 30
0.0
 11
7.223673525828399
 21
4.232206758284143
 31
0.0
  0
LINE
  5
FE
330
17
100
AcDbEntity
  8
隐藏线
100
AcDbLine
 10
7.223673525828399
 20
4.232206758284143
 30
0.0
 11
7.172082157865141
 21
4.1988266042346964
 31
0.0
  0
LINE
  5
FF
330
17
100
AcDbEntity
  8
隐藏线
100
AcDbLine
 10
7.172082157865141
 20
4.1988266042346964
 30
0.0
 11
7.116621941031433
 21
4.169593511188083
 31
0.0
  0
LINE
  5
100
330
17
100
AcDbEntity
  8
隐藏线
100
AcDbLine
 10
7.116621941031433
 20
4.169593511188083
 30
0.0
 11
7.05761134080586
 21
4.145033212854337
 31
0.0
  0
LINE
  5
101
330
17
100
AcDbEntity
  8
隐藏线
100
AcDbLine
 10
9.689156699693498
 20
5.350893682263951
 30
0.0
 11
9.767063677000875
 21
5.184085938666282
 31
0.0
  0
LINE
  5
102
330
17
100
AcDbEntity
  8
隐藏线
100
AcDbLine
 10
9.767063677000875
 20
5.184085938666282
 30
0.0
 11
9.84148037216923
 21
5.01842626309341
 31
0.0
  0
LINE
  5
103
330
17
100
AcDbEntity
  8
隐藏线
100
AcDbLine
 10
9.84148037216923
 20
5.01842626309341
 30
0.0
 11
9.912297443303517
 21
4.854485064925022
 31
0.0
  0
LINE
  5
104
330
17
100
AcDbEntity
  8
隐藏线
100
AcDbLine
 10
9.912297443303517
 20
4.854485064925022
 30
0.0
 11
9.97939546152225
 21
4.692858231531744
 31
0.0
  0
LINE
  5
105
330
17
100
AcDbEntity
  8
隐藏线
100
AcDbLine
 10
9.97939546152225
 20
4.692858231531744
 30
0.0
 11
10.041752230356813
 21
4.536553362559403
 31
0.0
  0
LINE
  5
106
330
17
100
AcDbEntity
  8
隐藏线
100
AcDbLine
 10
10.041752230356813
 20
4.536553362559403
 30
0.0
 11
10.098958263293392
 21
4.3874523050252066
 31
0.0
  0
LINE
  5
107
330
17
100
AcDbEntity
  8
隐藏线
100
AcDbLine
 10
10.098958263293392
 20
4.3874523050252066
 30
0.0
 11
10.151346812811228
 21
4.2456040693734
 31
0.0
  0
LINE
  5
108
330
17
100
AcDbEntity
  8
隐藏线
100
AcDbLine
 10
10.151346812811228
 20
4.2456040693734
 30
0.0
 11
10.19840484107003
 21
4.113451530558777
 31
0.0
  0
LINE
  5
109
330
17
100
AcDbEntity
  8
隐藏线
100
AcDbLine
 10
3.75
 20
3.6008936822639512
 30
0.0
 11
7.0576103781472135
 21
3.6008936822639512
 31
0.0
  0
LINE
  5
10A
330
17
100
AcDbEntity
  8
隐藏线
100
AcDbLine
 10
7.0576103781472135
 20
3.6008936822639512
 30
0.0
 11
10.365220756294425
 21
3.6008936822639512
 31
0.0
  0
LINE
  5
10B
330
17
100
AcDbEntity
  8
隐藏线
100
AcDbLine
 10
3.75
 20
3.6008936822639512
 30
0.0
 11
3.75
 21
3.6096311476386447
 31
0.0
  0
LINE
  5
10C
330
17
100
AcDbEntity
  8
隐藏线
100
AcDbLine
 10
3.75
 20
3.6344157578573615
 30
0.0
 11
3.75
 21
3.675025202723198
 31
0.0
  0
LINE
  5
10D
330
17
100
AcDbEntity
  8
隐藏线
100
AcDbLine
 10
3.75
 20
3.675025202723198
 30
0.0
 11
3.75
 21
3.731107454446793
 31
0.0
  0
LINE
  5
10E
330
17
100
AcDbEntity
  8
隐藏线
100
AcDbLine
 10
3.75
 20
3.731107454446793
 30
0.0
 11
3.75
 21
3.803364364547491
 31
0.0
  0
LINE
  5
10F
330
17
100
AcDbEntity
  8
隐藏线
100
AcDbLine
 10
3.75
 20
3.803364364547491
 30
0.0
 11
3.75
 21
3.889854689749434
 31
0.0
  0
LINE
  5
110
330
17
100
AcDbEntity
  8
隐藏线
100
AcDbLine
 10
3.75
 20
3.889854689749434
 30
0.0
 11
3.75
 21
3.9898148651258367
 31
0.0
  0
LINE
  5
111
330
17
100
AcDbEntity
  8
隐藏线
100
AcDbLine
 10
3.75
 20
3.9898148651258367
 30
0.0
 11
3.75
 21
4.102370912176944
 31
0.0
  0
LINE
  5
112
330
17
100
AcDbEntity
  8
隐藏线
100
AcDbLine
 10
31.57664492374402
 20
4.451754751568004
 30
0.0
 11
31.608644619915353
 21
4.401441206668871
 31
0.0
  0
LINE
  5
113
330
17
100
AcDbEntity
  8
隐藏线
100
AcDbLine
 10
31.608644619915353
 20
4.401441206668871
 30
0.0
 11
31.64466306055485
 21
4.354145981473103
 31
0.0
  0
LINE
  5
114
330
17
100
AcDbEntity
  8
隐藏线
100
AcDbLine
 10
31.64466306055485
 20
4.354145981473103
 30
0.0
 11
31.684649655768894
 21
4.310051920509856
 31
0.0
  0
LINE
  5
115
330
17
100
AcDbEntity
  8
隐藏线
100
AcDbLine
 10
31.684649655768894
 20
4.310051920509856
 30
0.0
 11
31.72855419662023
 21
4.269343890529939
 31
0.0
  0
LINE
  5
116
330
17
100
AcDbEntity
  8
隐藏线
100
AcDbLine
 10
31.72855419662023
 20
4.269343890529939
 30
0.0
 11
31.77632647417161
 21
4.232206758284157
 31
0.0
  0
LINE
  5
117
330
17
100
AcDbEntity
  8
隐藏线
100
AcDbLine
 10
31.77632647417161
 20
4.232206758284157
 30
0.0
 11
31.827917842134866
 21
4.198826604234711
 31
0.0
  0
LINE
  5
118
330
17
100
AcDbEntity
  8
隐藏线
100
AcDbLine
 10
31.827917842134866
 20
4.198826604234711
 30
0.0
 11
31.88337805896857
 21
4.169593511188097
 31
0.0
  0
LINE
  5
119
330
17
100
AcDbEntity
  8
隐藏线
100
AcDbLine
 10
31.88337805896857
 20
4.169593511188097
 30
0.0
 11
31.942388659194144
 21
4.145033212854358
 31
0.0
  0
LINE
  5
11A
330
17
100
AcDbEntity
  8
隐藏线
100
AcDbLine
 10
35.25
 20
3.6008936822639512
 30
0.0
 11
35.25
 21
3.6096311476386447
 31
0.0
  0
LINE
  5
11B
330
17
100
AcDbEntity
  8
隐藏线
100
AcDbLine
 10
35.25
 20
3.6344157578573615
 30
0.0
 11
35.25
 21
3.675025202723198
 31
0.0
  0
LINE
  5
11C
330
17
100
AcDbEntity
  8
隐藏线
100
AcDbLine
 10
35.25
 20
3.675025202723198
 30
0.0
 11
35.25
 21
3.731107454446793
 31
0.0
  0
LINE
  5
11D
330
17
100
AcDbEntity
  8
隐藏线
100
AcDbLine
 10
35.25
 20
3.731107454446793
 30
0.0
 11
35.25
 21
3.803364364547491
 31
0.0
  0
LINE
  5
11E
330
17
100
AcDbEntity
  8
隐藏线
100
AcDbLine
 10
35.25
 20
3.803364364547491
 30
0.0
 11
35.25
 21
3.889854689749434
 31
0.0
  0
LINE
  5
11F
330
17
100
AcDbEntity
  8
隐藏线
100
AcDbLine
 10
35.25
 20
3.889854689749434
 30
0.0
 11
35.25
 21
3.9898148651258367
 31
0.0
  0
LINE
  5
120
330
17
100
AcDbEntity
  8
隐藏线
100
AcDbLine
 10
35.25
 20
3.9898148651258367
 30
0.0
 11
35.25
 21
4.102370912176944
 31
0.0
  0
LINE
  5
121
330
17
100
AcDbEntity
  8
隐藏线
100
AcDbLine
 10
28.634779243705573
 20
3.6008936822639512
 30
0.0
 11
31.942389621852787
 21
3.6008936822639512
 31
0.0
  0
LINE
  5
122
330
17
100
AcDbEntity
  8
隐藏线
100
AcDbLine
 10
31.942389621852787
 20
3.6008936822639512
 30
0.0
 11
35.25
 21
3.6008936822639512
 31
0.0
  0
LINE
  5
123
330
17
100
AcDbEntity
  8
隐藏线
100
AcDbLine
 10
29.310843300306537
 20
5.350893682263951
 30
0.0
 11
29.23293632299916
 21
5.184085938666289
 31
0.0
  0
LINE
  5
124
330
17
100
AcDbEntity
  8
隐藏线
100
AcDbLine
 10
29.23293632299916
 20
5.184085938666289
 30
0.0
 11
29.158519627830792
 21
5.018426263093417
 31
0.0
  0
LINE
  5
125
330
17
100
AcDbEntity
  8
隐藏线
100
AcDbLine
 10
29.158519627830792
 20
5.018426263093417
 30
0.0
 11
29.08770255669649
 21
4.8544850649250435
 31
0.0
  0
LINE
  5
126
330
17
100
AcDbEntity
  8
隐藏线
100
AcDbLine
 10
29.08770255669649
 20
4.8544850649250435
 30
0.0
 11
29.020604538477755
 21
4.692858231531773
 31
0.0
  0
LINE
  5
127
330
17
100
AcDbEntity
  8
隐藏线
100
AcDbLine
 10
29.020604538477755
 20
4.692858231531773
 30
0.0
 11
28.958247769643187
 21
4.536553362559417
 31
0.0
  0
LINE
  5
128
330
17
100
AcDbEntity
  8
隐藏线
100
AcDbLine
 10
28.958247769643187
 20
4.536553362559417
 30
0.0
 11
28.901041736706603
 21
4.387452305025214
 31
0.0
  0
LINE
  5
129
330
17
100
AcDbEntity
  8
隐藏线
100
AcDbLine
 10
28.901041736706603
 20
4.387452305025214
 30
0.0
 11
28.848653187188766
 21
4.245604069373407
 31
0.0
  0
LINE
  5
12A
330
17
100
AcDbEntity
  8
隐藏线
100
AcDbLine
 10
28.848653187188766
 20
4.245604069373407
 30
0.0
 11
28.801595158929967
 21
4.11345153055877
 31
0.0
  0
LINE
  5
12B
330
17
100
AcDbEntity
  8
隐藏线
100
AcDbLine
 10
2.0
 20
17.966534441470206
 30
0.0
 11
2.0
 21
11.658714061867066
 31
0.0
  0
LINE
  5
12C
330
17
100
AcDbEntity
  8
隐藏线
100
AcDbLine
 10
2.0
 20
17.966534441470188
 30
0.0
 11
2.0
 21
18.100314096276325
 31
0.0
  0
LINE
  5
12D
330
17
100
AcDbEntity
  8
隐藏线
100
AcDbLine
 10
2.0
 20
18.100314096276325
 30
0.0
 11
2.0
 21
18.251779758998993
 31
0.0
  0
LINE
  5
12E
330
17
100
AcDbEntity
  8
隐藏线
100
AcDbLine
 10
2.0
 20
18.251779758998993
 30
0.0
 11
2.0
 21
18.420220090172343
 31
0.0
  0
LINE
  5
12F
330
17
100
AcDbEntity
  8
隐藏线
100
AcDbLine
 10
2.0
 20
18.420220090172343
 30
0.0
 11
2.0
 21
18.604849623081552
 31
0.0
  0
LINE
  5
130
330
17
100
AcDbEntity
  8
隐藏线
100
AcDbLine
 10
2.0
 20
18.604849623081552
 30
0.0
 11
2.0
 21
18.805987794186414
 31
0.0
  0
LINE
  5
131
330
17
100
AcDbEntity
  8
隐藏线
100
AcDbLine
 10
2.0
 20
18.805987794186414
 30
0.0
 11
2.0
 21
19.021330124446713
 31
0.0
  0
LINE
  5
132
330
17
100
AcDbEntity
  8
隐藏线
100
AcDbLine
 10
2.0
 20
19.021330124446713
 30
0.0
 11
2.0
 21
19.249866991876473
 31
0.0
  0
LINE
  5
133
330
17
100
AcDbEntity
  8
隐藏线
100
AcDbLine
 10
2.0
 20
19.249866991876473
 30
0.0
 11
2.0
 21
19.490531154822822
 31
0.0
  0
LINE
  5
134
330
17
100
AcDbEntity
  8
隐藏线
100
AcDbLine
 10
2.0
 20
19.490531154822822
 30
0.0
 11
2.0
 21
19.742991319728144
 31
0.0
  0
LINE
  5
135
330
17
100
AcDbEntity
  8
隐藏线
100
AcDbLine
 10
2.0
 20
19.742991319728144
 30
0.0
 11
2.0
 21
20.00504131322879
 31
0.0
  0
LINE
  5
136
330
17
100
AcDbEntity
  8
隐藏线
100
AcDbLine
 10
2.0
 20
20.00504131322879
 30
0.0
 11
2.0
 21
20.275453726855797
 31
0.0
  0
LINE
  5
137
330
17
100
AcDbEntity
  8
隐藏线
100
AcDbLine
 10
2.0
 20
20.275453726855797
 30
0.0
 11
2.0
 21
20.552964634007303
 31
0.0
  0
LINE
  5
138
330
17
100
AcDbEntity
  8
隐藏线
100
AcDbLine
 10
2.0
 20
20.552964634007303
 30
0.0
 11
2.0
 21
20.836618424774873
 31
0.0
  0
LINE
  5
139
330
17
100
AcDbEntity
  8
隐藏线
100
AcDbLine
 10
2.0
 20
20.836618424774873
 30
0.0
 11
2.0
 21
21.12448312721804
 31
0.0
  0
LINE
  5
13A
330
17
100
AcDbEntity
  8
隐藏线
100
AcDbLine
 10
2.0
 20
21.12448312721804
 30
0.0
 11
2.0
 21
21.415211406295885
 31
0.0
  0
LINE
  5
13B
330
17
100
AcDbEntity
  8
隐藏线
100
AcDbLine
 10
2.0
 20
21.415211406295885
 30
0.0
 11
2.0
 21
21.70744342191865
 31
0.0
  0
LINE
  5
13C
330
17
100
AcDbEntity
  8
隐藏线
100
AcDbLine
 10
2.0
 20
28.707443421918665
 30
0.0
 11
2.0
 21
25.62347227126803
 31
0.0
  0
LINE
  5
13D
330
17
100
AcDbEntity
  8
隐藏线
100
AcDbLine
 10
2.0
 20
25.62347227126803
 30
0.0
 11
2.0
 21
25.207443421918658
 31
0.0
  0
LINE
  5
13E
330
17
100
AcDbEntity
  8
隐藏线
100
AcDbLine
 10
2.0
 20
25.207443421918658
 30
0.0
 11
2.0
 21
21.70744342191865
 31
0.0
  0
LINE
  5
13F
330
17
100
AcDbEntity
  8
隐藏线
100
AcDbLine
 10
2.0
 20
28.70744342191866
 30
0.0
 11
2.0
 21
29.512305336425012
 31
0.0
  0
LINE
  5
140
330
17
100
AcDbEntity
  8
隐藏线
100
AcDbLine
 10
2.0
 20
29.512305336425012
 30
0.0
 11
2.0
 21
30.285439606133842
 31
0.0
  0
LINE
  5
141
330
17
100
AcDbEntity
  8
隐藏线
100
AcDbLine
 10
2.0
 20
30.285439606133842
 30
0.0
 11
2.0
 21
30.999165999344058
 31
0.0
  0
LINE
  5
142
330
17
100
AcDbEntity
  8
隐藏线
100
AcDbLine
 10
2.0
 20
30.999165999344058
 30
0.0
 11
2.0
 21
31.627794428219104
 31
0.0
  0
LINE
  5
143
330
17
100
AcDbEntity
  8
隐藏线
100
AcDbLine
 10
2.0
 20
31.627794428219104
 30
0.0
 11
2.0
 21
32.137412634676515
 31
0.0
  0
LINE
  5
144
330
17
100
AcDbEntity
  8
隐藏线
100
AcDbLine
 10
2.0
 20
32.137412634676515
 30
0.0
 11
2.0
 21
32.51706321122394
 31
0.0
  0
LINE
  5
145
330
17
100
AcDbEntity
  8
隐藏线
100
AcDbLine
 10
2.0
 20
32.51706321122394
 30
0.0
 11
2.0
 21
32.753290486616635
 31
0.0
  0
LINE
  5
146
330
17
100
AcDbEntity
  8
隐藏线
100
AcDbLine
 10
2.0
 20
32.753290486616635
 30
0.0
 11
2.0
 21
32.837443421918664
 31
0.0
  0
LINE
  5
147
330
17
100
AcDbEntity
  8
隐藏线
100
AcDbLine
 10
37.00000000000004
 20
17.966534441470206
 30
0.0
 11
37.00000000000004
 21
11.65871406186708
 31
0.0
  0
LINE
  5
148
330
17
100
AcDbEntity
  8
隐藏线
100
AcDbLine
 10
37.00000000000004
 20
21.70744342191865
 30
0.0
 11
37.00000000000004
 21
21.415211406295885
 31
0.0
  0
LINE
  5
149
330
17
100
AcDbEntity
  8
隐藏线
100
AcDbLine
 10
37.00000000000004
 20
21.415211406295885
 30
0.0
 11
37.00000000000004
 21
21.12448312721804
 31
0.0
  0
LINE
  5
14A
330
17
100
AcDbEntity
  8
隐藏线
100
AcDbLine
 10
37.00000000000004
 20
21.12448312721804
 30
0.0
 11
37.00000000000004
 21
20.836618424774873
 31
0.0
  0
LINE
  5
14B
330
17
100
AcDbEntity
  8
隐藏线
100
AcDbLine
 10
37.00000000000004
 20
20.836618424774873
 30
0.0
 11
37.00000000000004
 21
20.552964634007303
 31
0.0
  0
LINE
  5
14C
330
17
100
AcDbEntity
  8
隐藏线
100
AcDbLine
 10
37.00000000000004
 20
20.552964634007303
 30
0.0
 11
37.00000000000004
 21
20.275453726855797
 31
0.0
  0
LINE
  5
14D
330
17
100
AcDbEntity
  8
隐藏线
100
AcDbLine
 10
37.00000000000004
 20
20.275453726855797
 30
0.0
 11
37.00000000000004
 21
20.005041313228787
 31
0.0
  0
LINE
  5
14E
330
17
100
AcDbEntity
  8
隐藏线
100
AcDbLine
 10
37.00000000000004
 20
20.005041313228787
 30
0.0
 11
37.00000000000004
 21
19.74299131972814
 31
0.0
  0
LINE
  5
14F
330
17
100
AcDbEntity
  8
隐藏线
100
AcDbLine
 10
37.00000000000004
 20
19.74299131972814
 30
0.0
 11
37.00000000000004
 21
19.49053115482282
 31
0.0
  0
LINE
  5
150
330
17
100
AcDbEntity
  8
隐藏线
100
AcDbLine
 10
37.00000000000004
 20
19.49053115482282
 30
0.0
 11
37.00000000000004
 21
19.24986699187647
 31
0.0
  0
LINE
  5
151
330
17
100
AcDbEntity
  8
隐藏线
100
AcDbLine
 10
37.00000000000004
 20
19.24986699187647
 30
0.0
 11
37.00000000000004
 21
19.02133012444671
 31
0.0
  0
LINE
  5
152
330
17
100
AcDbEntity
  8
隐藏线
100
AcDbLine
 10
37.00000000000004
 20
19.02133012444671
 30
0.0
 11
37.00000000000004
 21
18.805987794186414
 31
0.0
  0
LINE
  5
153
330
17
100
AcDbEntity
  8
隐藏线
100
AcDbLine
 10
37.00000000000004
 20
18.805987794186414
 30
0.0
 11
37.00000000000004
 21
18.604849623081552
 31
0.0
  0
LINE
  5
154
330
17
100
AcDbEntity
  8
隐藏线
100
AcDbLine
 10
37.00000000000004
 20
18.604849623081552
 30
0.0
 11
37.00000000000004
 21
18.42022009017234
 31
0.0
  0
LINE
  5
155
330
17
100
AcDbEntity
  8
隐藏线
100
AcDbLine
 10
37.00000000000004
 20
18.42022009017234
 30
0.0
 11
37.00000000000004
 21
18.251779758998993
 31
0.0
  0
LINE
  5
156
330
17
100
AcDbEntity
  8
隐藏线
100
AcDbLine
 10
37.00000000000004
 20
18.251779758998993
 30
0.0
 11
37.00000000000004
 21
18.10031409627633
 31
0.0
  0
LINE
  5
157
330
17
100
AcDbEntity
  8
隐藏线
100
AcDbLine
 10
37.00000000000004
 20
18.10031409627633
 30
0.0
 11
37.00000000000004
 21
17.966534441470188
 31
0.0
  0
LINE
  5
158
330
17
100
AcDbEntity
  8
隐藏线
100
AcDbLine
 10
37.00000000000004
 20
28.707443421918665
 30
0.0
 11
37.00000000000004
 21
25.623472271268028
 31
0.0
  0
LINE
  5
159
330
17
100
AcDbEntity
  8
隐藏线
100
AcDbLine
 10
37.00000000000004
 20
25.623472271268028
 30
0.0
 11
37.00000000000004
 21
25.207443421918658
 31
0.0
  0
LINE
  5
15A
330
17
100
AcDbEntity
  8
隐藏线
100
AcDbLine
 10
37.00000000000004
 20
25.207443421918658
 30
0.0
 11
37.00000000000004
 21
21.70744342191865
 31
0.0
  0
LINE
  5
15B
330
17
100
AcDbEntity
  8
隐藏线
100
AcDbLine
 10
37.00000000000004
 20
28.70744342191866
 30
0.0
 11
37.00000000000004
 21
29.512305336425012
 31
0.0
  0
LINE
  5
15C
330
17
100
AcDbEntity
  8
隐藏线
100
AcDbLine
 10
37.00000000000004
 20
29.512305336425012
 30
0.0
 11
37.00000000000004
 21
30.285439606133842
 31
0.0
  0
LINE
  5
15D
330
17
100
AcDbEntity
  8
隐藏线
100
AcDbLine
 10
37.00000000000004
 20
30.285439606133842
 30
0.0
 11
37.00000000000004
 21
30.999165999344058
 31
0.0
  0
LINE
  5
15E
330
17
100
AcDbEntity
  8
隐藏线
100
AcDbLine
 10
37.00000000000004
 20
30.999165999344058
 30
0.0
 11
37.00000000000004
 21
31.627794428219104
 31
0.0
  0
LINE
  5
15F
330
17
100
AcDbEntity
  8
隐藏线
100
AcDbLine
 10
37.00000000000004
 20
31.627794428219104
 30
0.0
 11
37.00000000000004
 21
32.137412634676515
 31
0.0
  0
LINE
  5
160
330
17
100
AcDbEntity
  8
隐藏线
100
AcDbLine
 10
37.00000000000004
 20
32.137412634676515
 30
0.0
 11
37.00000000000004
 21
32.51706321122394
 31
0.0
  0
LINE
  5
161
330
17
100
AcDbEntity
  8
隐藏线
100
AcDbLine
 10
37.00000000000004
 20
32.51706321122394
 30
0.0
 11
37.00000000000004
 21
32.753290486616635
 31
0.0
  0
LINE
  5
162
330
17
100
AcDbEntity
  8
隐藏线
100
AcDbLine
 10
37.00000000000004
 20
32.753290486616635
 30
0.0
 11
37.00000000000004
 21
32.837443421918664
 31
0.0
  0
LINE
  5
163
330
17
100
AcDbEntity
  8
隐藏线
100
AcDbLine
 10
29.02765375517417
 20
4.71014796899086
 30
0.0
 11
29.059852365355283
 21
4.788172105212546
 31
0.0
  0
LINE
  5
164
330
17
100
AcDbEntity
  8
隐藏线
100
AcDbLine
 10
29.059852365355283
 20
4.788172105212546
 30
0.0
 11
29.09305227160383
 21
4.867064586147158
 31
0.0
  0
LINE
  5
165
330
17
100
AcDbEntity
  8
隐藏线
100
AcDbLine
 10
29.09305227160383
 20
4.867064586147158
 30
0.0
 11
29.127209980594728
 21
4.946686822000736
 31
0.0
  0
LINE
  5
166
330
17
100
AcDbEntity
  8
隐藏线
100
AcDbLine
 10
29.16228199900289
 20
5.0269002229793
 30
0.0
 11
29.198224833503232
 21
5.107566199288872
 31
0.0
  0
LINE
  5
167
330
17
100
AcDbEntity
  8
隐藏线
100
AcDbLine
 10
29.198224833503232
 20
5.107566199288872
 30
0.0
 11
29.23499499077068
 21
5.188546161135488
 31
0.0
  0
LINE
  5
168
330
17
100
AcDbEntity
  8
隐藏线
100
AcDbLine
 10
29.23499499077068
 20
5.188546161135488
 30
0.0
 11
29.27254897748014
 21
5.269701518725171
 31
0.0
  0
LINE
  5
169
330
17
100
AcDbEntity
  8
隐藏线
100
AcDbLine
 10
29.27254897748014
 20
5.269701518725171
 30
0.0
 11
29.310843300306537
 21
5.350893682263951
 31
0.0
  0
LINE
  5
16A
330
17
100
AcDbEntity
  8
隐藏线
100
AcDbLine
 10
34.90000000000005
 20
11.90744342191865
 30
0.0
 11
34.90000000000005
 21
17.966534441470206
 31
0.0
  0
LINE
  5
16B
330
17
100
AcDbEntity
  8
隐藏线
100
AcDbLine
 10
34.9
 20
21.70744342191865
 30
0.0
 11
34.9
 21
21.41521140629588
 31
0.0
  0
LINE
  5
16C
330
17
100
AcDbEntity
  8
隐藏线
100
AcDbLine
 10
34.9
 20
21.41521140629588
 30
0.0
 11
34.9
 21
21.124483127218035
 31
0.0
  0
LINE
  5
16D
330
17
100
AcDbEntity
  8
隐藏线
100
AcDbLine
 10
34.9
 20
21.124483127218035
 30
0.0
 11
34.9
 21
20.83661842477487
 31
0.0
  0
LINE
  5
16E
330
17
100
AcDbEntity
  8
隐藏线
100
AcDbLine
 10
34.9
 20
20.83661842477487
 30
0.0
 11
34.9
 21
20.5529646340073
 31
0.0
  0
LINE
  5
16F
330
17
100
AcDbEntity
  8
隐藏线
100
AcDbLine
 10
34.9
 20
20.5529646340073
 30
0.0
 11
34.9
 21
20.275453726855794
 31
0.0
  0
LINE
  5
170
330
17
100
AcDbEntity
  8
隐藏线
100
AcDbLine
 10
34.9
 20
20.275453726855794
 30
0.0
 11
34.9
 21
20.005041313228784
 31
0.0
  0
LINE
  5
171
330
17
100
AcDbEntity
  8
隐藏线
100
AcDbLine
 10
34.9
 20
20.005041313228784
 30
0.0
 11
34.9
 21
19.742991319728137
 31
0.0
  0
LINE
  5
172
330
17
100
AcDbEntity
  8
隐藏线
100
AcDbLine
 10
34.9
 20
19.742991319728137
 30
0.0
 11
34.9
 21
19.490531154822815
 31
0.0
  0
LINE
  5
173
330
17
100
AcDbEntity
  8
隐藏线
100
AcDbLine
 10
34.9
 20
19.490531154822815
 30
0.0
 11
34.9
 21
19.249866991876466
 31
0.0
  0
LINE
  5
174
330
17
100
AcDbEntity
  8
隐藏线
100
AcDbLine
 10
34.9
 20
19.249866991876466
 30
0.0
 11
34.9
 21
19.02133012444671
 31
0.0
  0
LINE
  5
175
330
17
100
AcDbEntity
  8
隐藏线
100
AcDbLine
 10
34.9
 20
19.02133012444671
 30
0.0
 11
34.9
 21
18.80598779418641
 31
0.0
  0
LINE
  5
176
330
17
100
AcDbEntity
  8
隐藏线
100
AcDbLine
 10
34.9
 20
18.80598779418641
 30
0.0
 11
34.9
 21
18.604849623081552
 31
0.0
  0
LINE
  5
177
330
17
100
AcDbEntity
  8
隐藏线
100
AcDbLine
 10
34.9
 20
18.604849623081552
 30
0.0
 11
34.9
 21
18.42022009017234
 31
0.0
  0
LINE
  5
178
330
17
100
AcDbEntity
  8
隐藏线
100
AcDbLine
 10
34.9
 20
18.42022009017234
 30
0.0
 11
34.9
 21
18.251779758998993
 31
0.0
  0
LINE
  5
179
330
17
100
AcDbEntity
  8
隐藏线
100
AcDbLine
 10
34.9
 20
18.251779758998993
 30
0.0
 11
34.9
 21
18.100314096276325
 31
0.0
  0
LINE
  5
17A
330
17
100
AcDbEntity
  8
隐藏线
100
AcDbLine
 10
34.9
 20
18.100314096276325
 30
0.0
 11
34.9
 21
17.966534441470188
 31
0.0
  0
LINE
  5
17B
330
17
100
AcDbEntity
  8
隐藏线
100
AcDbLine
 10
34.90000000000005
 20
21.70744342191865
 30
0.0
 11
34.90000000000005
 21
25.20744342191865
 31
0.0
  0
LINE
  5
17C
330
17
100
AcDbEntity
  8
隐藏线
100
AcDbLine
 10
34.90000000000005
 20
25.20744342191865
 30
0.0
 11
34.90000000000005
 21
28.70744342191866
 31
0.0
  0
LINE
  5
17D
330
17
100
AcDbEntity
  8
隐藏线
100
AcDbLine
 10
34.9
 20
28.70744342191866
 30
0.0
 11
34.9
 21
29.512305336425012
 31
0.0
  0
LINE
  5
17E
330
17
100
AcDbEntity
  8
隐藏线
100
AcDbLine
 10
34.9
 20
29.512305336425012
 30
0.0
 11
34.9
 21
30.285439606133842
 31
0.0
  0
LINE
  5
17F
330
17
100
AcDbEntity
  8
隐藏线
100
AcDbLine
 10
34.9
 20
30.285439606133842
 30
0.0
 11
34.9
 21
30.999165999344058
 31
0.0
  0
LINE
  5
180
330
17
100
AcDbEntity
  8
隐藏线
100
AcDbLine
 10
34.9
 20
30.999165999344058
 30
0.0
 11
34.9
 21
31.627794428219104
 31
0.0
  0
LINE
  5
181
330
17
100
AcDbEntity
  8
隐藏线
100
AcDbLine
 10
34.9
 20
31.627794428219104
 30
0.0
 11
34.9
 21
32.137412634676515
 31
0.0
  0
LINE
  5
182
330
17
100
AcDbEntity
  8
隐藏线
100
AcDbLine
 10
34.9
 20
32.137412634676515
 30
0.0
 11
34.9
 21
32.517063211223935
 31
0.0
  0
LINE
  5
183
330
17
100
AcDbEntity
  8
隐藏线
100
AcDbLine
 10
34.9
 20
32.517063211223935
 30
0.0
 11
34.9
 21
32.753290486616635
 31
0.0
  0
LINE
  5
184
330
17
100
AcDbEntity
  8
隐藏线
100
AcDbLine
 10
34.9
 20
32.753290486616635
 30
0.0
 11
34.9
 21
32.837443421918664
 31
0.0
  0
LINE
  5
185
330
17
100
AcDbEntity
  8
隐藏线
100
AcDbLine
 10
4.099999999999996
 20
11.90744342191865
 30
0.0
 11
4.099999999999996
 21
17.966534441470206
 31
0.0
  0
LINE
  5
186
330
17
100
AcDbEntity
  8
隐藏线
100
AcDbLine
 10
4.099999999999998
 20
17.966534441470188
 30
0.0
 11
4.099999999999998
 21
18.100314096276325
 31
0.0
  0
LINE
  5
187
330
17
100
AcDbEntity
  8
隐藏线
100
AcDbLine
 10
4.099999999999998
 20
18.100314096276325
 30
0.0
 11
4.099999999999998
 21
18.251779758998993
 31
0.0
  0
LINE
  5
188
330
17
100
AcDbEntity
  8
隐藏线
100
AcDbLine
 10
4.099999999999998
 20
18.251779758998993
 30
0.0
 11
4.099999999999998
 21
18.420220090172343
 31
0.0
  0
LINE
  5
189
330
17
100
AcDbEntity
  8
隐藏线
100
AcDbLine
 10
4.099999999999998
 20
18.420220090172343
 30
0.0
 11
4.099999999999998
 21
18.604849623081552
 31
0.0
  0
LINE
  5
18A
330
17
100
AcDbEntity
  8
隐藏线
100
AcDbLine
 10
4.099999999999998
 20
18.604849623081552
 30
0.0
 11
4.099999999999998
 21
18.805987794186414
 31
0.0
  0
LINE
  5
18B
330
17
100
AcDbEntity
  8
隐藏线
100
AcDbLine
 10
4.099999999999998
 20
18.805987794186414
 30
0.0
 11
4.099999999999998
 21
19.021330124446713
 31
0.0
  0
LINE
  5
18C
330
17
100
AcDbEntity
  8
隐藏线
100
AcDbLine
 10
4.099999999999998
 20
19.021330124446713
 30
0.0
 11
4.099999999999998
 21
19.249866991876473
 31
0.0
  0
LINE
  5
18D
330
17
100
AcDbEntity
  8
隐藏线
100
AcDbLine
 10
4.099999999999998
 20
19.249866991876473
 30
0.0
 11
4.099999999999998
 21
19.490531154822822
 31
0.0
  0
LINE
  5
18E
330
17
100
AcDbEntity
  8
隐藏线
100
AcDbLine
 10
4.099999999999998
 20
19.490531154822822
 30
0.0
 11
4.099999999999998
 21
19.742991319728148
 31
0.0
  0
LINE
  5
18F
330
17
100
AcDbEntity
  8
隐藏线
100
AcDbLine
 10
4.099999999999998
 20
19.742991319728148
 30
0.0
 11
4.099999999999998
 21
20.00504131322879
 31
0.0
  0
LINE
  5
190
330
17
100
AcDbEntity
  8
隐藏线
100
AcDbLine
 10
4.099999999999998
 20
20.00504131322879
 30
0.0
 11
4.099999999999998
 21
20.2754537268558
 31
0.0
  0
LINE
  5
191
330
17
100
AcDbEntity
  8
隐藏线
100
AcDbLine
 10
4.099999999999998
 20
20.2754537268558
 30
0.0
 11
4.099999999999998
 21
20.552964634007303
 31
0.0
  0
LINE
  5
192
330
17
100
AcDbEntity
  8
隐藏线
100
AcDbLine
 10
4.099999999999998
 20
20.552964634007303
 30
0.0
 11
4.099999999999998
 21
20.836618424774873
 31
0.0
  0
LINE
  5
193
330
17
100
AcDbEntity
  8
隐藏线
100
AcDbLine
 10
4.099999999999998
 20
20.836618424774873
 30
0.0
 11
4.099999999999998
 21
21.12448312721804
 31
0.0
  0
LINE
  5
194
330
17
100
AcDbEntity
  8
隐藏线
100
AcDbLine
 10
4.099999999999998
 20
21.12448312721804
 30
0.0
 11
4.099999999999998
 21
21.415211406295885
 31
0.0
  0
LINE
  5
195
330
17
100
AcDbEntity
  8
隐藏线
100
AcDbLine
 10
4.099999999999998
 20
21.415211406295885
 30
0.0
 11
4.099999999999998
 21
21.70744342191865
 31
0.0
  0
LINE
  5
196
330
17
100
AcDbEntity
  8
隐藏线
100
AcDbLine
 10
4.099999999999996
 20
21.707443421918654
 30
0.0
 11
4.099999999999996
 21
25.20744342191865
 31
0.0
  0
LINE
  5
197
330
17
100
AcDbEntity
  8
隐藏线
100
AcDbLine
 10
4.099999999999996
 20
25.20744342191865
 30
0.0
 11
4.099999999999996
 21
28.70744342191866
 31
0.0
  0
LINE
  5
198
330
17
100
AcDbEntity
  8
隐藏线
100
AcDbLine
 10
4.099999999999998
 20
28.70744342191866
 30
0.0
 11
4.099999999999998
 21
29.512305336425012
 31
0.0
  0
LINE
  5
199
330
17
100
AcDbEntity
  8
隐藏线
100
AcDbLine
 10
4.099999999999998
 20
29.512305336425012
 30
0.0
 11
4.099999999999998
 21
30.285439606133842
 31
0.0
  0
LINE
  5
19A
330
17
100
AcDbEntity
  8
隐藏线
100
AcDbLine
 10
4.099999999999998
 20
30.285439606133842
 30
0.0
 11
4.099999999999998
 21
30.999165999344058
 31
0.0
  0
LINE
  5
19B
330
17
100
AcDbEntity
  8
隐藏线
100
AcDbLine
 10
4.099999999999998
 20
30.999165999344058
 30
0.0
 11
4.099999999999998
 21
31.627794428219104
 31
0.0
  0
LINE
  5
19C
330
17
100
AcDbEntity
  8
隐藏线
100
AcDbLine
 10
4.099999999999998
 20
31.627794428219104
 30
0.0
 11
4.099999999999998
 21
32.137412634676515
 31
0.0
  0
LINE
  5
19D
330
17
100
AcDbEntity
  8
隐藏线
100
AcDbLine
 10
4.099999999999998
 20
32.137412634676515
 30
0.0
 11
4.099999999999998
 21
32.517063211223935
 31
0.0
  0
LINE
  5
19E
330
17
100
AcDbEntity
  8
隐藏线
100
AcDbLine
 10
4.099999999999998
 20
32.517063211223935
 30
0.0
 11
4.099999999999998
 21
32.753290486616635
 31
0.0
  0
LINE
  5
19F
330
17
100
AcDbEntity
  8
隐藏线
100
AcDbLine
 10
4.099999999999998
 20
32.753290486616635
 30
0.0
 11
4.099999999999998
 21
32.837443421918664
 31
0.0
  0
LINE
  5
1A0
330
17
100
AcDbEntity
  8
隐藏线
100
AcDbLine
 10
9.972346260546214
 20
4.710147930515959
 30
0.0
 11
9.940147648844203
 21
4.78817207113994
 31
0.0
  0
LINE
  5
1A1
330
17
100
AcDbEntity
  8
隐藏线
100
AcDbLine
 10
9.940147648844203
 20
4.78817207113994
 30
0.0
 11
9.90694774093168
 21
4.867064556644728
 31
0.0
  0
LINE
  5
1A2
330
17
100
AcDbEntity
  8
隐藏线
100
AcDbLine
 10
9.90694774093168
 20
4.867064556644728
 30
0.0
 11
9.872790030141815
 21
4.94668679721056
 31
0.0
  0
LINE
  5
1A3
330
17
100
AcDbEntity
  8
隐藏线
100
AcDbLine
 10
9.837718009807785
 20
5.026900203017689
 30
0.0
 11
9.801775173262765
 21
5.107566184246355
 31
0.0
  0
LINE
  5
1A4
330
17
100
AcDbEntity
  8
隐藏线
100
AcDbLine
 10
9.801775173262765
 20
5.107566184246355
 30
0.0
 11
9.765005013839927
 21
5.1885461510767925
 31
0.0
  0
LINE
  5
1A5
330
17
100
AcDbEntity
  8
隐藏线
100
AcDbLine
 10
9.765005013839927
 20
5.1885461510767925
 30
0.0
 11
9.727451024872448
 21
5.269701513689245
 31
0.0
  0
LINE
  5
1A6
330
17
100
AcDbEntity
  8
隐藏线
100
AcDbLine
 10
9.727451024872448
 20
5.269701513689245
 30
0.0
 11
9.689156699693498
 21
5.350893682263951
 31
0.0
  0
LINE
  5
1A7
330
17
100
AcDbEntity
  8
隐藏线
100
AcDbLine
 10
16.000000035550702
 20
42.00744342191866
 30
0.0
 11
16.071316081498168
 21
42.00744342191866
 31
0.0
  0
LINE
  5
1A8
330
17
100
AcDbEntity
  8
隐藏线
100
AcDbLine
 10
16.071316081498168
 20
42.00744342191866
 30
0.0
 11
16.27150868522024
 21
42.00744342191866
 31
0.0
  0
LINE
  5
1A9
330
17
100
AcDbEntity
  8
隐藏线
100
AcDbLine
 10
16.27150868522024
 20
42.00744342191866
 30
0.0
 11
16.593246457975784
 21
42.00744342191866
 31
0.0
  0
LINE
  5
1AA
330
17
100
AcDbEntity
  8
隐藏线
100
AcDbLine
 10
16.593246457975784
 20
42.00744342191866
 30
0.0
 11
17.02512628882873
 21
42.00744342191866
 31
0.0
  0
LINE
  5
1AB
330
17
100
AcDbEntity
  8
隐藏线
100
AcDbLine
 10
17.02512628882873
 20
42.00744342191866
 30
0.0
 11
17.55786223958762
 21
42.00744342191866
 31
0.0
  0
LINE
  5
1AC
330
17
100
AcDbEntity
  8
隐藏线
100
AcDbLine
 10
17.55786223958762
 20
42.00744342191866
 30
0.0
 11
18.162715109051554
 21
42.00744342191866
 31
0.0
  0
LINE
  5
1AD
330
17
100
AcDbEntity
  8
隐藏线
100
AcDbLine
 10
18.162715109051554
 20
42.00744342191866
 30
0.0
 11
18.817913636843052
 21
42.00744342191866
 31
0.0
  0
LINE
  5
1AE
330
17
100
AcDbEntity
  8
隐藏线
100
AcDbLine
 10
18.817913636843052
 20
42.00744342191866
 30
0.0
 11
19.50000000000005
 21
42.00744342191866
 31
0.0
  0
LINE
  5
1AF
330
17
100
AcDbEntity
  8
隐藏线
100
AcDbLine
 10
19.50000000000005
 20
42.00744342191866
 30
0.0
 11
20.18208637329449
 21
42.00744342191866
 31
0.0
  0
LINE
  5
1B0
330
17
100
AcDbEntity
  8
隐藏线
100
AcDbLine
 10
20.18208637329449
 20
42.00744342191866
 30
0.0
 11
20.83728491280609
 21
42.00744342191866
 31
0.0
  0
LINE
  5
1B1
330
17
100
AcDbEntity
  8
隐藏线
100
AcDbLine
 10
20.83728491280609
 20
42.00744342191866
 30
0.0
 11
21.44213779454592
 21
42.00744342191866
 31
0.0
  0
LINE
  5
1B2
330
17
100
AcDbEntity
  8
隐藏线
100
AcDbLine
 10
21.44213779454592
 20
42.00744342191866
 30
0.0
 11
21.974873757134564
 21
42.00744342191866
 31
0.0
  0
LINE
  5
1B3
330
17
100
AcDbEntity
  8
隐藏线
100
AcDbLine
 10
21.974873757134564
 20
42.00744342191866
 30
0.0
 11
22.406753598243327
 21
42.00744342191866
 31
0.0
  0
LINE
  5
1B4
330
17
100
AcDbEntity
  8
隐藏线
100
AcDbLine
 10
22.406753598243327
 20
42.00744342191866
 30
0.0
 11
22.728491378957994
 21
42.00744342191866
 31
0.0
  0
LINE
  5
1B5
330
17
100
AcDbEntity
  8
隐藏线
100
AcDbLine
 10
22.728491378957994
 20
42.00744342191866
 30
0.0
 11
22.92868398776591
 21
42.00744342191866
 31
0.0
  0
LINE
  5
1B6
330
17
100
AcDbEntity
  8
隐藏线
100
AcDbLine
 10
22.92868398776591
 20
42.00744342191866
 30
0.0
 11
23.0000000355507
 21
42.00744342191866
 31
0.0
  0
LINE
  5
1B7
330
17
100
AcDbEntity
  8
隐藏线
100
AcDbLine
 10
16.000000035550702
 20
39.907443421918664
 30
0.0
 11
16.071316081498164
 21
39.907443421918664
 31
0.0
  0
LINE
  5
1B8
330
17
100
AcDbEntity
  8
隐藏线
100
AcDbLine
 10
16.071316081498164
 20
39.907443421918664
 30
0.0
 11
16.27150868522024
 21
39.907443421918664
 31
0.0
  0
LINE
  5
1B9
330
17
100
AcDbEntity
  8
隐藏线
100
AcDbLine
 10
16.27150868522024
 20
39.907443421918664
 30
0.0
 11
16.59324645797578
 21
39.907443421918664
 31
0.0
  0
LINE
  5
1BA
330
17
100
AcDbEntity
  8
隐藏线
100
AcDbLine
 10
16.59324645797578
 20
39.907443421918664
 30
0.0
 11
17.025126288828723
 21
39.907443421918664
 31
0.0
  0
LINE
  5
1BB
330
17
100
AcDbEntity
  8
隐藏线
100
AcDbLine
 10
17.025126288828723
 20
39.907443421918664
 30
0.0
 11
17.55786223958761
 21
39.907443421918664
 31
0.0
  0
LINE
  5
1BC
330
17
100
AcDbEntity
  8
隐藏线
100
AcDbLine
 10
17.55786223958761
 20
39.907443421918664
 30
0.0
 11
18.162715109051536
 21
39.907443421918664
 31
0.0
  0
LINE
  5
1BD
330
17
100
AcDbEntity
  8
隐藏线
100
AcDbLine
 10
18.162715109051536
 20
39.907443421918664
 30
0.0
 11
18.817913636843034
 21
39.907443421918664
 31
0.0
  0
LINE
  5
1BE
330
17
100
AcDbEntity
  8
隐藏线
100
AcDbLine
 10
18.817913636843034
 20
39.907443421918664
 30
0.0
 11
19.50000000000003
 21
39.907443421918664
 31
0.0
  0
LINE
  5
1BF
330
17
100
AcDbEntity
  8
隐藏线
100
AcDbLine
 10
19.50000000000003
 20
39.907443421918664
 30
0.0
 11
20.18208637329447
 21
39.907443421918664
 31
0.0
  0
LINE
  5
1C0
330
17
100
AcDbEntity
  8
隐藏线
100
AcDbLine
 10
20.18208637329447
 20
39.907443421918664
 30
0.0
 11
20.837284912806073
 21
39.907443421918664
 31
0.0
  0
LINE
  5
1C1
330
17
100
AcDbEntity
  8
隐藏线
100
AcDbLine
 10
20.837284912806073
 20
39.907443421918664
 30
0.0
 11
21.44213779454591
 21
39.907443421918664
 31
0.0
  0
LINE
  5
1C2
330
17
100
AcDbEntity
  8
隐藏线
100
AcDbLine
 10
21.44213779454591
 20
39.907443421918664
 30
0.0
 11
21.974873757134556
 21
39.907443421918664
 31
0.0
  0
LINE
  5
1C3
330
17
100
AcDbEntity
  8
隐藏线
100
AcDbLine
 10
21.974873757134556
 20
39.907443421918664
 30
0.0
 11
22.40675359824332
 21
39.907443421918664
 31
0.0
  0
LINE
  5
1C4
330
17
100
AcDbEntity
  8
隐藏线
100
AcDbLine
 10
22.40675359824332
 20
39.907443421918664
 30
0.0
 11
22.72849137895799
 21
39.907443421918664
 31
0.0
  0
LINE
  5
1C5
330
17
100
AcDbEntity
  8
隐藏线
100
AcDbLine
 10
22.72849137895799
 20
39.907443421918664
 30
0.0
 11
22.92868398776591
 21
39.907443421918664
 31
0.0
  0
LINE
  5
1C6
330
17
100
AcDbEntity
  8
隐藏线
100
AcDbLine
 10
22.92868398776591
 20
39.907443421918664
 30
0.0
 11
23.0000000355507
 21
39.907443421918664
 31
0.0
  0
LINE
  5
1C7
330
17
100
AcDbEntity
  8
隐藏线
100
AcDbLine
 10
34.90000000000005
 20
17.966534441470206
 30
0.0
 11
35.95000000000002
 21
17.966534441470206
 31
0.0
  0
LINE
  5
1C8
330
17
100
AcDbEntity
  8
隐藏线
100
AcDbLine
 10
35.95000000000002
 20
17.966534441470206
 30
0.0
 11
37.00000000000004
 21
17.966534441470206
 31
0.0
  0
LINE
  5
1C9
330
17
100
AcDbEntity
  8
隐藏线
100
AcDbLine
 10
2.0
 20
17.966534441470206
 30
0.0
 11
3.049999999999997
 21
17.966534441470206
 31
0.0
  0
LINE
  5
1CA
330
17
100
AcDbEntity
  8
隐藏线
100
AcDbLine
 10
3.049999999999997
 20
17.966534441470206
 30
0.0
 11
4.099999999999998
 21
17.966534441470206
 31
0.0
  0
LINE
  5
1CB
330
17
100
AcDbEntity
  8
隐藏线
100
AcDbLine
 10
16.000000035550702
 20
42.00744342191866
 30
0.0
 11
16.000000035550702
 21
40.95744342191866
 31
0.0
  0
LINE
  5
1CC
330
17
100
AcDbEntity
  8
隐藏线
100
AcDbLine
 10
16.000000035550702
 20
40.95744342191866
 30
0.0
 11
16.000000035550702
 21
39.907443421918664
 31
0.0
  0
LINE
  5
1CD
330
17
100
AcDbEntity
  8
隐藏线
100
AcDbLine
 10
23.0000000355507
 20
42.00744342191866
 30
0.0
 11
23.0000000355507
 21
40.95744342191866
 31
0.0
  0
LINE
  5
1CE
330
17
100
AcDbEntity
  8
隐藏线
100
AcDbLine
 10
23.0000000355507
 20
40.95744342191866
 30
0.0
 11
23.0000000355507
 21
39.907443421918664
 31
0.0
  0
LINE
  5
1CF
330
17
100
AcDbEntity
  8
隐藏线
100
AcDbLine
 10
34.9
 20
32.837443421918664
 30
0.0
 11
35.95000000000002
 21
32.837443421918664
 31
0.0
  0
LINE
  5
1D0
330
17
100
AcDbEntity
  8
隐藏线
100
AcDbLine
 10
35.95000000000002
 20
32.837443421918664
 30
0.0
 11
37.00000000000004
 21
32.837443421918664
 31
0.0
  0
LINE
  5
1D1
330
17
100
AcDbEntity
  8
隐藏线
100
AcDbLine
 10
2.0
 20
32.837443421918664
 30
0.0
 11
3.049999999999997
 21
32.837443421918664
 31
0.0
  0
LINE
  5
1D2
330
17
100
AcDbEntity
  8
隐藏线
100
AcDbLine
 10
3.049999999999997
 20
32.837443421918664
 30
0.0
 11
4.099999999999998
 21
32.837443421918664
 31
0.0
  0
LINE
  5
1D3
330
17
100
AcDbEntity
  8
可见轮廓
100
AcDbLine
 10
35.25000001777538
 20
107.76
 30
0.0
 11
35.36427402530006
 21
107.76
 31
0.0
  0
LINE
  5
1D4
330
17
100
AcDbEntity
  8
可见轮廓
100
AcDbLine
 10
35.36427402530006
 20
107.76
 30
0.0
 11
35.47937858981409
 21
107.76
 31
0.0
  0
LINE
  5
1D5
330
17
100
AcDbEntity
  8
可见轮廓
100
AcDbLine
 10
35.47937858981409
 20
107.76
 30
0.0
 11
35.595295959752605
 21
107.76
 31
0.0
  0
LINE
  5
1D6
330
17
100
AcDbEntity
  8
可见轮廓
100
AcDbLine
 10
35.595295959752605
 20
107.76
 30
0.0
 11
35.71200826658331
 21
107.76
 31
0.0
  0
LINE
  5
1D7
330
17
100
AcDbEntity
  8
可见轮廓
100
AcDbLine
 10
35.71200826658331
 20
107.76
 30
0.0
 11
35.82956031007796
 21
107.76
 31
0.0
  0
LINE
  5
1D8
330
17
100
AcDbEntity
  8
可见轮廓
100
AcDbLine
 10
35.82956031007796
 20
107.76
 30
0.0
 11
35.947867558710215
 21
107.76
 31
0.0
  0
LINE
  5
1D9
330
17
100
AcDbEntity
  8
可见轮廓
100
AcDbLine
 10
35.947867558710215
 20
107.76
 30
0.0
 11
36.06691176749946
 21
107.76
 31
0.0
  0
LINE
  5
1DA
330
17
100
AcDbEntity
  8
可见轮廓
100
AcDbLine
 10
36.06691176749946
 20
107.76
 30
0.0
 11
36.18667458541219
 21
107.76
 31
0.0
  0
LINE
  5
1DB
330
17
100
AcDbEntity
  8
可见轮廓
100
AcDbLine
 10
36.18667458541219
 20
116.01
 30
0.0
 11
36.06691176749946
 21
116.01
 31
0.0
  0
LINE
  5
1DC
330
17
100
AcDbEntity
  8
可见轮廓
100
AcDbLine
 10
36.06691176749946
 20
116.01
 30
0.0
 11
35.947867558710215
 21
116.01
 31
0.0
  0
LINE
  5
1DD
330
17
100
AcDbEntity
  8
可见轮廓
100
AcDbLine
 10
35.947867558710215
 20
116.01
 30
0.0
 11
35.829560310077966
 21
116.01
 31
0.0
  0
LINE
  5
1DE
330
17
100
AcDbEntity
  8
可见轮廓
100
AcDbLine
 10
35.829560310077966
 20
116.01
 30
0.0
 11
35.71200826658331
 21
116.01
 31
0.0
  0
LINE
  5
1DF
330
17
100
AcDbEntity
  8
可见轮廓
100
AcDbLine
 10
35.71200826658331
 20
116.01
 30
0.0
 11
35.59529595975261
 21
116.01
 31
0.0
  0
LINE
  5
1E0
330
17
100
AcDbEntity
  8
可见轮廓
100
AcDbLine
 10
35.59529595975261
 20
116.01
 30
0.0
 11
35.47937858981409
 21
116.01
 31
0.0
  0
LINE
  5
1E1
330
17
100
AcDbEntity
  8
可见轮廓
100
AcDbLine
 10
35.47937858981409
 20
116.01
 30
0.0
 11
35.36427402530006
 21
116.01
 31
0.0
  0
LINE
  5
1E2
330
17
100
AcDbEntity
  8
可见轮廓
100
AcDbLine
 10
35.36427402530006
 20
116.01
 30
0.0
 11
35.25000001777538
 21
116.01
 31
0.0
  0
LINE
  5
1E3
330
17
100
AcDbEntity
  8
可见轮廓
100
AcDbLine
 10
37.00000001777538
 20
116.01
 30
0.0
 11
37.00000001777538
 21
111.885
 31
0.0
  0
LINE
  5
1E4
330
17
100
AcDbEntity
  8
可见轮廓
100
AcDbLine
 10
37.00000001777538
 20
111.885
 30
0.0
 11
37.00000001777538
 21
107.76
 31
0.0
  0
LINE
  5
1E5
330
17
100
AcDbEntity
  8
可见轮廓
100
AcDbLine
 10
37.00000001777537
 20
116.01
 30
0.0
 11
36.99624142729978
 21
116.01
 31
0.0
  0
LINE
  5
1E6
330
17
100
AcDbEntity
  8
可见轮廓
100
AcDbLine
 10
36.9680169193213
 20
116.01
 30
0.0
 11
36.943684265312825
 21
116.01
 31
0.0
  0
LINE
  5
1E7
330
17
100
AcDbEntity
  8
可见轮廓
100
AcDbLine
 10
36.943684265312825
 20
116.01
 30
0.0
 11
36.91213681299722
 21
116.01
 31
0.0
  0
LINE
  5
1E8
330
17
100
AcDbEntity
  8
可见轮廓
100
AcDbLine
 10
36.87409317854919
 20
116.01
 30
0.0
 11
36.829733981068486
 21
116.01
 31
0.0
  0
LINE
  5
1E9
330
17
100
AcDbEntity
  8
可见轮廓
100
AcDbLine
 10
36.829733981068486
 20
116.01
 30
0.0
 11
36.77926767074723
 21
116.01
 31
0.0
  0
LINE
  5
1EA
330
17
100
AcDbEntity
  8
可见轮廓
100
AcDbLine
 10
36.77926767074723
 20
116.01
 30
0.0
 11
36.722469383042224
 21
116.01
 31
0.0
  0
LINE
  5
1EB
330
17
100
AcDbEntity
  8
可见轮廓
100
AcDbLine
 10
36.722469383042224
 20
116.01
 30
0.0
 11
36.66012096449501
 21
116.01
 31
0.0
  0
LINE
  5
1EC
330
17
100
AcDbEntity
  8
可见轮廓
100
AcDbLine
 10
36.66012096449501
 20
116.01
 30
0.0
 11
36.592517623570544
 21
116.01
 31
0.0
  0
LINE
  5
1ED
330
17
100
AcDbEntity
  8
可见轮廓
100
AcDbLine
 10
36.592517623570544
 20
116.01
 30
0.0
 11
36.51997772585044
 21
116.01
 31
0.0
  0
LINE
  5
1EE
330
17
100
AcDbEntity
  8
可见轮廓
100
AcDbLine
 10
36.51997772585044
 20
116.01
 30
0.0
 11
36.442498086057
 21
116.01
 31
0.0
  0
LINE
  5
1EF
330
17
100
AcDbEntity
  8
可见轮廓
100
AcDbLine
 10
36.442498086057
 20
116.01
 30
0.0
 11
36.36086088070395
 21
116.01
 31
0.0
  0
LINE
  5
1F0
330
17
100
AcDbEntity
  8
可见轮廓
100
AcDbLine
 10
36.36086088070395
 20
116.01
 30
0.0
 11
36.275452157783064
 21
116.01
 31
0.0
  0
LINE
  5
1F1
330
17
100
AcDbEntity
  8
可见轮廓
100
AcDbLine
 10
36.275452157783064
 20
116.01
 30
0.0
 11
36.18667458541219
 21
116.01
 31
0.0
  0
LINE
  5
1F2
330
17
100
AcDbEntity
  8
可见轮廓
100
AcDbLine
 10
36.18667458541219
 20
107.76
 30
0.0
 11
36.27545215778306
 21
107.76
 31
0.0
  0
LINE
  5
1F3
330
17
100
AcDbEntity
  8
可见轮廓
100
AcDbLine
 10
36.27545215778306
 20
107.76
 30
0.0
 11
36.360860880703946
 21
107.76
 31
0.0
  0
LINE
  5
1F4
330
17
100
AcDbEntity
  8
可见轮廓
100
AcDbLine
 10
36.360860880703946
 20
107.76
 30
0.0
 11
36.442498086057
 21
107.76
 31
0.0
  0
LINE
  5
1F5
330
17
100
AcDbEntity
  8
可见轮廓
100
AcDbLine
 10
36.442498086057
 20
107.76
 30
0.0
 11
36.51997772585044
 21
107.76
 31
0.0
  0
LINE
  5
1F6
330
17
100
AcDbEntity
  8
可见轮廓
100
AcDbLine
 10
36.51997772585044
 20
107.76
 30
0.0
 11
36.592517623570544
 21
107.76
 31
0.0
  0
LINE
  5
1F7
330
17
100
AcDbEntity
  8
可见轮廓
100
AcDbLine
 10
36.592517623570544
 20
107.76
 30
0.0
 11
36.66012096449501
 21
107.76
 31
0.0
  0
LINE
  5
1F8
330
17
100
AcDbEntity
  8
可见轮廓
100
AcDbLine
 10
36.66012096449501
 20
107.76
 30
0.0
 11
36.722469383042224
 21
107.76
 31
0.0
  0
LINE
  5
1F9
330
17
100
AcDbEntity
  8
可见轮廓
100
AcDbLine
 10
36.722469383042224
 20
107.76
 30
0.0
 11
36.77926767074723
 21
107.76
 31
0.0
  0
LINE
  5
1FA
330
17
100
AcDbEntity
  8
可见轮廓
100
AcDbLine
 10
36.77926767074723
 20
107.76
 30
0.0
 11
36.829733981068486
 21
107.76
 31
0.0
  0
LINE
  5
1FB
330
17
100
AcDbEntity
  8
可见轮廓
100
AcDbLine
 10
36.829733981068486
 20
107.76
 30
0.0
 11
36.87409317854919
 21
107.76
 31
0.0
  0
LINE
  5
1FC
330
17
100
AcDbEntity
  8
可见轮廓
100
AcDbLine
 10
36.87409317854919
 20
107.76
 30
0.0
 11
36.91213681299722
 21
107.76
 31
0.0
  0
LINE
  5
1FD
330
17
100
AcDbEntity
  8
可见轮廓
100
AcDbLine
 10
36.943684265312825
 20
107.76
 30
0.0
 11
36.9680169193213
 21
107.76
 31
0.0
  0
LINE
  5
1FE
330
17
100
AcDbEntity
  8
可见轮廓
100
AcDbLine
 10
36.9680169193213
 20
107.76
 30
0.0
 11
36.98556322823714
 21
107.76
 31
0.0
  0
LINE
  5
1FF
330
17
100
AcDbEntity
  8
可见轮廓
100
AcDbLine
 10
2.0000000177753776
 20
116.01
 30
0.0
 11
2.003758608250969
 21
116.01
 31
0.0
  0
LINE
  5
200
330
17
100
AcDbEntity
  8
可见轮廓
100
AcDbLine
 10
2.0319831162294477
 20
116.01
 30
0.0
 11
2.0563157702379193
 21
116.01
 31
0.0
  0
LINE
  5
201
330
17
100
AcDbEntity
  8
可见轮廓
100
AcDbLine
 10
2.0563157702379193
 20
116.01
 30
0.0
 11
2.08786322255353
 21
116.01
 31
0.0
  0
LINE
  5
202
330
17
100
AcDbEntity
  8
可见轮廓
100
AcDbLine
 10
2.1259068570015636
 20
116.01
 30
0.0
 11
2.1702660544822585
 21
116.01
 31
0.0
  0
LINE
  5
203
330
17
100
AcDbEntity
  8
可见轮廓
100
AcDbLine
 10
2.1702660544822585
 20
116.01
 30
0.0
 11
2.2207323648035135
 21
116.01
 31
0.0
  0
LINE
  5
204
330
17
100
AcDbEntity
  8
可见轮廓
100
AcDbLine
 10
2.2207323648035135
 20
116.01
 30
0.0
 11
2.2775306525085277
 21
116.01
 31
0.0
  0
LINE
  5
205
330
17
100
AcDbEntity
  8
可见轮廓
100
AcDbLine
 10
2.2775306525085277
 20
116.01
 30
0.0
 11
2.339879071055744
 21
116.01
 31
0.0
  0
LINE
  5
206
330
17
100
AcDbEntity
  8
可见轮廓
100
AcDbLine
 10
2.339879071055744
 20
116.01
 30
0.0
 11
2.407482411980208
 21
116.01
 31
0.0
  0
LINE
  5
207
330
17
100
AcDbEntity
  8
可见轮廓
100
AcDbLine
 10
2.407482411980208
 20
116.01
 30
0.0
 11
2.4800223097003133
 21
116.01
 31
0.0
  0
LINE
  5
208
330
17
100
AcDbEntity
  8
可见轮廓
100
AcDbLine
 10
2.4800223097003133
 20
116.01
 30
0.0
 11
2.557501949493748
 21
116.01
 31
0.0
  0
LINE
  5
209
330
17
100
AcDbEntity
  8
可见轮廓
100
AcDbLine
 10
2.557501949493748
 20
116.01
 30
0.0
 11
2.6391391548468057
 21
116.01
 31
0.0
  0
LINE
  5
20A
330
17
100
AcDbEntity
  8
可见轮廓
100
AcDbLine
 10
2.6391391548468057
 20
116.01
 30
0.0
 11
2.724547877767691
 21
116.01
 31
0.0
  0
LINE
  5
20B
330
17
100
AcDbEntity
  8
可见轮廓
100
AcDbLine
 10
2.724547877767691
 20
116.01
 30
0.0
 11
2.8133254501385636
 21
116.01
 31
0.0
  0
LINE
  5
20C
330
17
100
AcDbEntity
  8
可见轮廓
100
AcDbLine
 10
2.000000017775328
 20
116.01
 30
0.0
 11
2.000000017775328
 21
111.885
 31
0.0
  0
LINE
  5
20D
330
17
100
AcDbEntity
  8
可见轮廓
100
AcDbLine
 10
2.000000017775328
 20
111.885
 30
0.0
 11
2.000000017775328
 21
107.76
 31
0.0
  0
LINE
  5
20E
330
17
100
AcDbEntity
  8
可见轮廓
100
AcDbLine
 10
2.8133254501385636
 20
107.76
 30
0.0
 11
2.724547877767691
 21
107.76
 31
0.0
  0
LINE
  5
20F
330
17
100
AcDbEntity
  8
可见轮廓
100
AcDbLine
 10
2.724547877767691
 20
107.76
 30
0.0
 11
2.6391391548468057
 21
107.76
 31
0.0
  0
LINE
  5
210
330
17
100
AcDbEntity
  8
可见轮廓
100
AcDbLine
 10
2.6391391548468057
 20
107.76
 30
0.0
 11
2.557501949493748
 21
107.76
 31
0.0
  0
LINE
  5
211
330
17
100
AcDbEntity
  8
可见轮廓
100
AcDbLine
 10
2.557501949493748
 20
107.76
 30
0.0
 11
2.4800223097003133
 21
107.76
 31
0.0
  0
LINE
  5
212
330
17
100
AcDbEntity
  8
可见轮廓
100
AcDbLine
 10
2.4800223097003133
 20
107.76
 30
0.0
 11
2.407482411980208
 21
107.76
 31
0.0
  0
LINE
  5
213
330
17
100
AcDbEntity
  8
可见轮廓
100
AcDbLine
 10
2.407482411980208
 20
107.76
 30
0.0
 11
2.339879071055744
 21
107.76
 31
0.0
  0
LINE
  5
214
330
17
100
AcDbEntity
  8
可见轮廓
100
AcDbLine
 10
2.339879071055744
 20
107.76
 30
0.0
 11
2.2775306525085277
 21
107.76
 31
0.0
  0
LINE
  5
215
330
17
100
AcDbEntity
  8
可见轮廓
100
AcDbLine
 10
2.2775306525085277
 20
107.76
 30
0.0
 11
2.2207323648035135
 21
107.76
 31
0.0
  0
LINE
  5
216
330
17
100
AcDbEntity
  8
可见轮廓
100
AcDbLine
 10
2.2207323648035135
 20
107.76
 30
0.0
 11
2.1702660544822585
 21
107.76
 31
0.0
  0
LINE
  5
217
330
17
100
AcDbEntity
  8
可见轮廓
100
AcDbLine
 10
2.1702660544822585
 20
107.76
 30
0.0
 11
2.1259068570015636
 21
107.76
 31
0.0
  0
LINE
  5
218
330
17
100
AcDbEntity
  8
可见轮廓
100
AcDbLine
 10
2.1259068570015636
 20
107.76
 30
0.0
 11
2.08786322255353
 21
107.76
 31
0.0
  0
LINE
  5
219
330
17
100
AcDbEntity
  8
可见轮廓
100
AcDbLine
 10
2.0563157702379193
 20
107.76
 30
0.0
 11
2.0319831162294477
 21
107.76
 31
0.0
  0
LINE
  5
21A
330
17
100
AcDbEntity
  8
可见轮廓
100
AcDbLine
 10
2.0319831162294477
 20
107.76
 30
0.0
 11
2.014436807313608
 21
107.76
 31
0.0
  0
LINE
  5
21B
330
17
100
AcDbEntity
  8
可见轮廓
100
AcDbLine
 10
3.7500000177753794
 20
107.76
 30
0.0
 11
3.6357260102506874
 21
107.76
 31
0.0
  0
LINE
  5
21C
330
17
100
AcDbEntity
  8
可见轮廓
100
AcDbLine
 10
3.6357260102506874
 20
107.76
 30
0.0
 11
3.520621445736664
 21
107.76
 31
0.0
  0
LINE
  5
21D
330
17
100
AcDbEntity
  8
可见轮廓
100
AcDbLine
 10
3.520621445736664
 20
107.76
 30
0.0
 11
3.4047040757981435
 21
107.76
 31
0.0
  0
LINE
  5
21E
330
17
100
AcDbEntity
  8
可见轮廓
100
AcDbLine
 10
3.4047040757981435
 20
107.76
 30
0.0
 11
3.287991768967448
 21
107.76
 31
0.0
  0
LINE
  5
21F
330
17
100
AcDbEntity
  8
可见轮廓
100
AcDbLine
 10
3.287991768967448
 20
107.76
 30
0.0
 11
3.170439725472793
 21
107.76
 31
0.0
  0
LINE
  5
220
330
17
100
AcDbEntity
  8
可见轮廓
100
AcDbLine
 10
3.170439725472793
 20
107.76
 30
0.0
 11
3.052132476840537
 21
107.76
 31
0.0
  0
LINE
  5
221
330
17
100
AcDbEntity
  8
可见轮廓
100
AcDbLine
 10
3.052132476840537
 20
107.76
 30
0.0
 11
2.933088268051293
 21
107.76
 31
0.0
  0
LINE
  5
222
330
17
100
AcDbEntity
  8
可见轮廓
100
AcDbLine
 10
2.933088268051293
 20
107.76
 30
0.0
 11
2.81332545013856
 21
107.76
 31
0.0
  0
LINE
  5
223
330
17
100
AcDbEntity
  8
可见轮廓
100
AcDbLine
 10
2.81332545013856
 20
116.01
 30
0.0
 11
2.9330882680512893
 21
116.01
 31
0.0
  0
LINE
  5
224
330
17
100
AcDbEntity
  8
可见轮廓
100
AcDbLine
 10
2.9330882680512893
 20
116.01
 30
0.0
 11
3.052132476840537
 21
116.01
 31
0.0
  0
LINE
  5
225
330
17
100
AcDbEntity
  8
可见轮廓
100
AcDbLine
 10
3.052132476840537
 20
116.01
 30
0.0
 11
3.1704397254727894
 21
116.01
 31
0.0
  0
LINE
  5
226
330
17
100
AcDbEntity
  8
可见轮廓
100
AcDbLine
 10
3.1704397254727894
 20
116.01
 30
0.0
 11
3.2879917689674443
 21
116.01
 31
0.0
  0
LINE
  5
227
330
17
100
AcDbEntity
  8
可见轮廓
100
AcDbLine
 10
3.2879917689674443
 20
116.01
 30
0.0
 11
3.40470407579814
 21
116.01
 31
0.0
  0
LINE
  5
228
330
17
100
AcDbEntity
  8
可见轮廓
100
AcDbLine
 10
3.40470407579814
 20
116.01
 30
0.0
 11
3.520621445736662
 21
116.01
 31
0.0
  0
LINE
  5
229
330
17
100
AcDbEntity
  8
可见轮廓
100
AcDbLine
 10
3.520621445736662
 20
116.01
 30
0.0
 11
3.6357260102506856
 21
116.01
 31
0.0
  0
LINE
  5
22A
330
17
100
AcDbEntity
  8
可见轮廓
100
AcDbLine
 10
3.6357260102506856
 20
116.01
 30
0.0
 11
3.7500000177753776
 21
116.01
 31
0.0
  0
LINE
  5
22B
330
17
100
AcDbEntity
  8
可见轮廓
100
AcDbLine
 10
35.25000001777538
 20
104.26
 30
0.0
 11
35.36427402530006
 21
104.26
 31
0.0
  0
LINE
  5
22C
330
17
100
AcDbEntity
  8
可见轮廓
100
AcDbLine
 10
35.36427402530006
 20
104.26
 30
0.0
 11
35.47937858981409
 21
104.26
 31
0.0
  0
LINE
  5
22D
330
17
100
AcDbEntity
  8
可见轮廓
100
AcDbLine
 10
35.47937858981409
 20
104.26
 30
0.0
 11
35.595295959752605
 21
104.26
 31
0.0
  0
LINE
  5
22E
330
17
100
AcDbEntity
  8
可见轮廓
100
AcDbLine
 10
35.595295959752605
 20
104.26
 30
0.0
 11
35.71200826658331
 21
104.26
 31
0.0
  0
LINE
  5
22F
330
17
100
AcDbEntity
  8
可见轮廓
100
AcDbLine
 10
35.71200826658331
 20
104.26
 30
0.0
 11
35.82956031007796
 21
104.26
 31
0.0
  0
LINE
  5
230
330
17
100
AcDbEntity
  8
可见轮廓
100
AcDbLine
 10
35.82956031007796
 20
104.26
 30
0.0
 11
35.947867558710215
 21
104.26
 31
0.0
  0
LINE
  5
231
330
17
100
AcDbEntity
  8
可见轮廓
100
AcDbLine
 10
35.947867558710215
 20
104.26
 30
0.0
 11
36.06691176749946
 21
104.26
 31
0.0
  0
LINE
  5
232
330
17
100
AcDbEntity
  8
可见轮廓
100
AcDbLine
 10
36.06691176749946
 20
104.26
 30
0.0
 11
36.18667458541219
 21
104.26
 31
0.0
  0
LINE
  5
233
330
17
100
AcDbEntity
  8
可见轮廓
100
AcDbLine
 10
35.25000001777538
 20
96.01
 30
0.0
 11
35.36427402530006
 21
96.01
 31
0.0
  0
LINE
  5
234
330
17
100
AcDbEntity
  8
可见轮廓
100
AcDbLine
 10
35.36427402530006
 20
96.01
 30
0.0
 11
35.47937858981409
 21
96.01
 31
0.0
  0
LINE
  5
235
330
17
100
AcDbEntity
  8
可见轮廓
100
AcDbLine
 10
35.47937858981409
 20
96.01
 30
0.0
 11
35.595295959752605
 21
96.01
 31
0.0
  0
LINE
  5
236
330
17
100
AcDbEntity
  8
可见轮廓
100
AcDbLine
 10
35.595295959752605
 20
96.01
 30
0.0
 11
35.71200826658331
 21
96.01
 31
0.0
  0
LINE
  5
237
330
17
100
AcDbEntity
  8
可见轮廓
100
AcDbLine
 10
35.71200826658331
 20
96.01
 30
0.0
 11
35.82956031007796
 21
96.01
 31
0.0
  0
LINE
  5
238
330
17
100
AcDbEntity
  8
可见轮廓
100
AcDbLine
 10
35.82956031007796
 20
96.01
 30
0.0
 11
35.947867558710215
 21
96.01
 31
0.0
  0
LINE
  5
239
330
17
100
AcDbEntity
  8
可见轮廓
100
AcDbLine
 10
35.947867558710215
 20
96.01
 30
0.0
 11
36.06691176749946
 21
96.01
 31
0.0
  0
LINE
  5
23A
330
17
100
AcDbEntity
  8
可见轮廓
100
AcDbLine
 10
36.06691176749946
 20
96.01
 30
0.0
 11
36.18667458541219
 21
96.01
 31
0.0
  0
LINE
  5
23B
330
17
100
AcDbEntity
  8
可见轮廓
100
AcDbLine
 10
36.18667458541219
 20
96.01
 30
0.0
 11
36.275452157783064
 21
96.01
 31
0.0
  0
LINE
  5
23C
330
17
100
AcDbEntity
  8
可见轮廓
100
AcDbLine
 10
36.275452157783064
 20
96.01
 30
0.0
 11
36.36086088070395
 21
96.01
 31
0.0
  0
LINE
  5
23D
330
17
100
AcDbEntity
  8
可见轮廓
100
AcDbLine
 10
36.36086088070395
 20
96.01
 30
0.0
 11
36.442498086057
 21
96.01
 31
0.0
  0
LINE
  5
23E
330
17
100
AcDbEntity
  8
可见轮廓
100
AcDbLine
 10
36.442498086057
 20
96.01
 30
0.0
 11
36.51997772585044
 21
96.01
 31
0.0
  0
LINE
  5
23F
330
17
100
AcDbEntity
  8
可见轮廓
100
AcDbLine
 10
36.51997772585044
 20
96.01
 30
0.0
 11
36.592517623570544
 21
96.01
 31
0.0
  0
LINE
  5
240
330
17
100
AcDbEntity
  8
可见轮廓
100
AcDbLine
 10
36.592517623570544
 20
96.01
 30
0.0
 11
36.66012096449501
 21
96.01
 31
0.0
  0
LINE
  5
241
330
17
100
AcDbEntity
  8
可见轮廓
100
AcDbLine
 10
36.66012096449501
 20
96.01
 30
0.0
 11
36.722469383042224
 21
96.01
 31
0.0
  0
LINE
  5
242
330
17
100
AcDbEntity
  8
可见轮廓
100
AcDbLine
 10
36.722469383042224
 20
96.01
 30
0.0
 11
36.77926767074723
 21
96.01
 31
0.0
  0
LINE
  5
243
330
17
100
AcDbEntity
  8
可见轮廓
100
AcDbLine
 10
36.77926767074723
 20
96.01
 30
0.0
 11
36.829733981068486
 21
96.01
 31
0.0
  0
LINE
  5
244
330
17
100
AcDbEntity
  8
可见轮廓
100
AcDbLine
 10
36.829733981068486
 20
96.01
 30
0.0
 11
36.87409317854919
 21
96.01
 31
0.0
  0
LINE
  5
245
330
17
100
AcDbEntity
  8
可见轮廓
100
AcDbLine
 10
36.87409317854919
 20
96.01
 30
0.0
 11
36.91213681299722
 21
96.01
 31
0.0
  0
LINE
  5
246
330
17
100
AcDbEntity
  8
可见轮廓
100
AcDbLine
 10
36.943684265312825
 20
96.01
 30
0.0
 11
36.9680169193213
 21
96.01
 31
0.0
  0
LINE
  5
247
330
17
100
AcDbEntity
  8
可见轮廓
100
AcDbLine
 10
36.9680169193213
 20
96.01
 30
0.0
 11
36.98556322823714
 21
96.01
 31
0.0
  0
LINE
  5
248
330
17
100
AcDbEntity
  8
可见轮廓
100
AcDbLine
 10
37.00000001777538
 20
104.26
 30
0.0
 11
37.00000001777538
 21
100.135
 31
0.0
  0
LINE
  5
249
330
17
100
AcDbEntity
  8
可见轮廓
100
AcDbLine
 10
37.00000001777538
 20
100.135
 30
0.0
 11
37.00000001777538
 21
96.01
 31
0.0
  0
LINE
  5
24A
330
17
100
AcDbEntity
  8
可见轮廓
100
AcDbLine
 10
36.18667458541219
 20
104.26
 30
0.0
 11
36.27545215778306
 21
104.26
 31
0.0
  0
LINE
  5
24B
330
17
100
AcDbEntity
  8
可见轮廓
100
AcDbLine
 10
36.27545215778306
 20
104.26
 30
0.0
 11
36.360860880703946
 21
104.26
 31
0.0
  0
LINE
  5
24C
330
17
100
AcDbEntity
  8
可见轮廓
100
AcDbLine
 10
36.360860880703946
 20
104.26
 30
0.0
 11
36.442498086057
 21
104.26
 31
0.0
  0
LINE
  5
24D
330
17
100
AcDbEntity
  8
可见轮廓
100
AcDbLine
 10
36.442498086057
 20
104.26
 30
0.0
 11
36.51997772585044
 21
104.26
 31
0.0
  0
LINE
  5
24E
330
17
100
AcDbEntity
  8
可见轮廓
100
AcDbLine
 10
36.51997772585044
 20
104.26
 30
0.0
 11
36.592517623570544
 21
104.26
 31
0.0
  0
LINE
  5
24F
330
17
100
AcDbEntity
  8
可见轮廓
100
AcDbLine
 10
36.592517623570544
 20
104.26
 30
0.0
 11
36.66012096449501
 21
104.26
 31
0.0
  0
LINE
  5
250
330
17
100
AcDbEntity
  8
可见轮廓
100
AcDbLine
 10
36.66012096449501
 20
104.26
 30
0.0
 11
36.722469383042224
 21
104.26
 31
0.0
  0
LINE
  5
251
330
17
100
AcDbEntity
  8
可见轮廓
100
AcDbLine
 10
36.722469383042224
 20
104.26
 30
0.0
 11
36.77926767074723
 21
104.26
 31
0.0
  0
LINE
  5
252
330
17
100
AcDbEntity
  8
可见轮廓
100
AcDbLine
 10
36.77926767074723
 20
104.26
 30
0.0
 11
36.829733981068486
 21
104.26
 31
0.0
  0
LINE
  5
253
330
17
100
AcDbEntity
  8
可见轮廓
100
AcDbLine
 10
36.829733981068486
 20
104.26
 30
0.0
 11
36.87409317854919
 21
104.26
 31
0.0
  0
LINE
  5
254
330
17
100
AcDbEntity
  8
可见轮廓
100
AcDbLine
 10
36.87409317854919
 20
104.26
 30
0.0
 11
36.91213681299722
 21
104.26
 31
0.0
  0
LINE
  5
255
330
17
100
AcDbEntity
  8
可见轮廓
100
AcDbLine
 10
36.943684265312825
 20
104.26
 30
0.0
 11
36.9680169193213
 21
104.26
 31
0.0
  0
LINE
  5
256
330
17
100
AcDbEntity
  8
可见轮廓
100
AcDbLine
 10
36.9680169193213
 20
104.26
 30
0.0
 11
36.98556322823714
 21
104.26
 31
0.0
  0
LINE
  5
257
330
17
100
AcDbEntity
  8
可见轮廓
100
AcDbLine
 10
2.8133254501385636
 20
96.01
 30
0.0
 11
2.724547877767691
 21
96.01
 31
0.0
  0
LINE
  5
258
330
17
100
AcDbEntity
  8
可见轮廓
100
AcDbLine
 10
2.724547877767691
 20
96.01
 30
0.0
 11
2.6391391548468057
 21
96.01
 31
0.0
  0
LINE
  5
259
330
17
100
AcDbEntity
  8
可见轮廓
100
AcDbLine
 10
2.6391391548468057
 20
96.01
 30
0.0
 11
2.557501949493748
 21
96.01
 31
0.0
  0
LINE
  5
25A
330
17
100
AcDbEntity
  8
可见轮廓
100
AcDbLine
 10
2.557501949493748
 20
96.01
 30
0.0
 11
2.4800223097003133
 21
96.01
 31
0.0
  0
LINE
  5
25B
330
17
100
AcDbEntity
  8
可见轮廓
100
AcDbLine
 10
2.4800223097003133
 20
96.01
 30
0.0
 11
2.4074824119802045
 21
96.01
 31
0.0
  0
LINE
  5
25C
330
17
100
AcDbEntity
  8
可见轮廓
100
AcDbLine
 10
2.4074824119802045
 20
96.01
 30
0.0
 11
2.339879071055744
 21
96.01
 31
0.0
  0
LINE
  5
25D
330
17
100
AcDbEntity
  8
可见轮廓
100
AcDbLine
 10
2.339879071055744
 20
96.01
 30
0.0
 11
2.2775306525085277
 21
96.01
 31
0.0
  0
LINE
  5
25E
330
17
100
AcDbEntity
  8
可见轮廓
100
AcDbLine
 10
2.2775306525085277
 20
96.01
 30
0.0
 11
2.2207323648035135
 21
96.01
 31
0.0
  0
LINE
  5
25F
330
17
100
AcDbEntity
  8
可见轮廓
100
AcDbLine
 10
2.2207323648035135
 20
96.01
 30
0.0
 11
2.1702660544822585
 21
96.01
 31
0.0
  0
LINE
  5
260
330
17
100
AcDbEntity
  8
可见轮廓
100
AcDbLine
 10
2.1702660544822585
 20
96.01
 30
0.0
 11
2.1259068570015636
 21
96.01
 31
0.0
  0
LINE
  5
261
330
17
100
AcDbEntity
  8
可见轮廓
100
AcDbLine
 10
2.1259068570015636
 20
96.01
 30
0.0
 11
2.08786322255353
 21
96.01
 31
0.0
  0
LINE
  5
262
330
17
100
AcDbEntity
  8
可见轮廓
100
AcDbLine
 10
2.0563157702379193
 20
96.01
 30
0.0
 11
2.0319831162294477
 21
96.01
 31
0.0
  0
LINE
  5
263
330
17
100
AcDbEntity
  8
可见轮廓
100
AcDbLine
 10
2.0319831162294477
 20
96.01
 30
0.0
 11
2.0144368073136043
 21
96.01
 31
0.0
  0
LINE
  5
264
330
17
100
AcDbEntity
  8
可见轮廓
100
AcDbLine
 10
2.8133254501385636
 20
104.26
 30
0.0
 11
2.724547877767691
 21
104.26
 31
0.0
  0
LINE
  5
265
330
17
100
AcDbEntity
  8
可见轮廓
100
AcDbLine
 10
2.724547877767691
 20
104.26
 30
0.0
 11
2.6391391548468057
 21
104.26
 31
0.0
  0
LINE
  5
266
330
17
100
AcDbEntity
  8
可见轮廓
100
AcDbLine
 10
2.6391391548468057
 20
104.26
 30
0.0
 11
2.557501949493748
 21
104.26
 31
0.0
  0
LINE
  5
267
330
17
100
AcDbEntity
  8
可见轮廓
100
AcDbLine
 10
2.557501949493748
 20
104.26
 30
0.0
 11
2.4800223097003133
 21
104.26
 31
0.0
  0
LINE
  5
268
330
17
100
AcDbEntity
  8
可见轮廓
100
AcDbLine
 10
2.4800223097003133
 20
104.26
 30
0.0
 11
2.407482411980208
 21
104.26
 31
0.0
  0
LINE
  5
269
330
17
100
AcDbEntity
  8
可见轮廓
100
AcDbLine
 10
2.407482411980208
 20
104.26
 30
0.0
 11
2.339879071055744
 21
104.26
 31
0.0
  0
LINE
  5
26A
330
17
100
AcDbEntity
  8
可见轮廓
100
AcDbLine
 10
2.339879071055744
 20
104.26
 30
0.0
 11
2.2775306525085277
 21
104.26
 31
0.0
  0
LINE
  5
26B
330
17
100
AcDbEntity
  8
可见轮廓
100
AcDbLine
 10
2.2775306525085277
 20
104.26
 30
0.0
 11
2.2207323648035135
 21
104.26
 31
0.0
  0
LINE
  5
26C
330
17
100
AcDbEntity
  8
可见轮廓
100
AcDbLine
 10
2.2207323648035135
 20
104.26
 30
0.0
 11
2.1702660544822585
 21
104.26
 31
0.0
  0
LINE
  5
26D
330
17
100
AcDbEntity
  8
可见轮廓
100
AcDbLine
 10
2.1702660544822585
 20
104.26
 30
0.0
 11
2.1259068570015636
 21
104.26
 31
0.0
  0
LINE
  5
26E
330
17
100
AcDbEntity
  8
可见轮廓
100
AcDbLine
 10
2.1259068570015636
 20
104.26
 30
0.0
 11
2.08786322255353
 21
104.26
 31
0.0
  0
LINE
  5
26F
330
17
100
AcDbEntity
  8
可见轮廓
100
AcDbLine
 10
2.0563157702379193
 20
104.26
 30
0.0
 11
2.0319831162294477
 21
104.26
 31
0.0
  0
LINE
  5
270
330
17
100
AcDbEntity
  8
可见轮廓
100
AcDbLine
 10
2.0319831162294477
 20
104.26
 30
0.0
 11
2.014436807313608
 21
104.26
 31
0.0
  0
LINE
  5
271
330
17
100
AcDbEntity
  8
可见轮廓
100
AcDbLine
 10
2.000000017775328
 20
104.26
 30
0.0
 11
2.000000017775328
 21
100.135
 31
0.0
  0
LINE
  5
272
330
17
100
AcDbEntity
  8
可见轮廓
100
AcDbLine
 10
2.000000017775328
 20
100.135
 30
0.0
 11
2.000000017775328
 21
96.01
 31
0.0
  0
LINE
  5
273
330
17
100
AcDbEntity
  8
可见轮廓
100
AcDbLine
 10
3.7500000177753794
 20
104.26
 30
0.0
 11
3.6357260102506874
 21
104.26
 31
0.0
  0
LINE
  5
274
330
17
100
AcDbEntity
  8
可见轮廓
100
AcDbLine
 10
3.6357260102506874
 20
104.26
 30
0.0
 11
3.520621445736664
 21
104.26
 31
0.0
  0
LINE
  5
275
330
17
100
AcDbEntity
  8
可见轮廓
100
AcDbLine
 10
3.520621445736664
 20
104.26
 30
0.0
 11
3.4047040757981435
 21
104.26
 31
0.0
  0
LINE
  5
276
330
17
100
AcDbEntity
  8
可见轮廓
100
AcDbLine
 10
3.4047040757981435
 20
104.26
 30
0.0
 11
3.287991768967448
 21
104.26
 31
0.0
  0
LINE
  5
277
330
17
100
AcDbEntity
  8
可见轮廓
100
AcDbLine
 10
3.287991768967448
 20
104.26
 30
0.0
 11
3.170439725472793
 21
104.26
 31
0.0
  0
LINE
  5
278
330
17
100
AcDbEntity
  8
可见轮廓
100
AcDbLine
 10
3.170439725472793
 20
104.26
 30
0.0
 11
3.052132476840537
 21
104.26
 31
0.0
  0
LINE
  5
279
330
17
100
AcDbEntity
  8
可见轮廓
100
AcDbLine
 10
3.052132476840537
 20
104.26
 30
0.0
 11
2.933088268051293
 21
104.26
 31
0.0
  0
LINE
  5
27A
330
17
100
AcDbEntity
  8
可见轮廓
100
AcDbLine
 10
2.933088268051293
 20
104.26
 30
0.0
 11
2.81332545013856
 21
104.26
 31
0.0
  0
LINE
  5
27B
330
17
100
AcDbEntity
  8
可见轮廓
100
AcDbLine
 10
3.7500000177753794
 20
96.01
 30
0.0
 11
3.6357260102506874
 21
96.01
 31
0.0
  0
LINE
  5
27C
330
17
100
AcDbEntity
  8
可见轮廓
100
AcDbLine
 10
3.6357260102506874
 20
96.01
 30
0.0
 11
3.520621445736664
 21
96.01
 31
0.0
  0
LINE
  5
27D
330
17
100
AcDbEntity
  8
可见轮廓
100
AcDbLine
 10
3.520621445736664
 20
96.01
 30
0.0
 11
3.4047040757981435
 21
96.01
 31
0.0
  0
LINE
  5
27E
330
17
100
AcDbEntity
  8
可见轮廓
100
AcDbLine
 10
3.4047040757981435
 20
96.01
 30
0.0
 11
3.287991768967448
 21
96.01
 31
0.0
  0
LINE
  5
27F
330
17
100
AcDbEntity
  8
可见轮廓
100
AcDbLine
 10
3.287991768967448
 20
96.01
 30
0.0
 11
3.170439725472793
 21
96.01
 31
0.0
  0
LINE
  5
280
330
17
100
AcDbEntity
  8
可见轮廓
100
AcDbLine
 10
3.170439725472793
 20
96.01
 30
0.0
 11
3.052132476840537
 21
96.01
 31
0.0
  0
LINE
  5
281
330
17
100
AcDbEntity
  8
可见轮廓
100
AcDbLine
 10
3.052132476840537
 20
96.01
 30
0.0
 11
2.933088268051293
 21
96.01
 31
0.0
  0
LINE
  5
282
330
17
100
AcDbEntity
  8
可见轮廓
100
AcDbLine
 10
2.933088268051293
 20
96.01
 30
0.0
 11
2.81332545013856
 21
96.01
 31
0.0
  0
LINE
  5
283
330
17
100
AcDbEntity
  8
可见轮廓
100
AcDbLine
 10
37.00000001777538
 20
107.76
 30
0.0
 11
37.00000001777538
 21
107.55273386928057
 31
0.0
  0
LINE
  5
284
330
17
100
AcDbEntity
  8
可见轮廓
100
AcDbLine
 10
37.00000001777538
 20
107.55273386928057
 30
0.0
 11
37.00000001777538
 21
107.34097704444143
 31
0.0
  0
LINE
  5
285
330
17
100
AcDbEntity
  8
可见轮廓
100
AcDbLine
 10
37.00000001777538
 20
107.34097704444143
 30
0.0
 11
37.00000001777538
 21
107.12532079082912
 31
0.0
  0
LINE
  5
286
330
17
100
AcDbEntity
  8
可见轮廓
100
AcDbLine
 10
37.00000001777538
 20
107.12532079082912
 30
0.0
 11
37.00000001777538
 21
106.90636652959263
 31
0.0
  0
LINE
  5
287
330
17
100
AcDbEntity
  8
可见轮廓
100
AcDbLine
 10
37.00000001777538
 20
106.90636652959263
 30
0.0
 11
37.00000001777538
 21
106.68456747341234
 31
0.0
  0
LINE
  5
288
330
17
100
AcDbEntity
  8
可见轮廓
100
AcDbLine
 10
37.00000001777538
 20
106.68456747341234
 30
0.0
 11
37.00000001777538
 21
106.46082314220361
 31
0.0
  0
LINE
  5
289
330
17
100
AcDbEntity
  8
可见轮廓
100
AcDbLine
 10
37.00000001777538
 20
106.46082314220361
 30
0.0
 11
37.00000001777538
 21
106.23575801230818
 31
0.0
  0
LINE
  5
28A
330
17
100
AcDbEntity
  8
可见轮廓
100
AcDbLine
 10
37.00000001777538
 20
106.23575801230818
 30
0.0
 11
37.00000001777538
 21
106.01
 31
0.0
  0
LINE
  5
28B
330
17
100
AcDbEntity
  8
可见轮廓
100
AcDbLine
 10
37.00000001777538
 20
106.01
 30
0.0
 11
37.00000001777538
 21
105.78424198769183
 31
0.0
  0
LINE
  5
28C
330
17
100
AcDbEntity
  8
可见轮廓
100
AcDbLine
 10
37.00000001777538
 20
105.78424198769183
 30
0.0
 11
37.00000001777538
 21
105.55917685779637
 31
0.0
  0
LINE
  5
28D
330
17
100
AcDbEntity
  8
可见轮廓
100
AcDbLine
 10
37.00000001777538
 20
105.55917685779637
 30
0.0
 11
37.00000001777538
 21
105.33543252658767
 31
0.0
  0
LINE
  5
28E
330
17
100
AcDbEntity
  8
可见轮廓
100
AcDbLine
 10
37.00000001777538
 20
105.33543252658767
 30
0.0
 11
37.00000001777538
 21
105.11363347040741
 31
0.0
  0
LINE
  5
28F
330
17
100
AcDbEntity
  8
可见轮廓
100
AcDbLine
 10
37.00000001777538
 20
105.11363347040741
 30
0.0
 11
37.00000001777538
 21
104.89467920917089
 31
0.0
  0
LINE
  5
290
330
17
100
AcDbEntity
  8
可见轮廓
100
AcDbLine
 10
37.00000001777538
 20
104.89467920917089
 30
0.0
 11
37.00000001777538
 21
104.67902295555858
 31
0.0
  0
LINE
  5
291
330
17
100
AcDbEntity
  8
可见轮廓
100
AcDbLine
 10
37.00000001777538
 20
104.67902295555858
 30
0.0
 11
37.00000001777538
 21
104.46726613071947
 31
0.0
  0
LINE
  5
292
330
17
100
AcDbEntity
  8
可见轮廓
100
AcDbLine
 10
37.00000001777538
 20
104.46726613071947
 30
0.0
 11
37.00000001777538
 21
104.26
 31
0.0
  0
LINE
  5
293
330
17
100
AcDbEntity
  8
可见轮廓
100
AcDbLine
 10
2.000000017775328
 20
107.76
 30
0.0
 11
2.000000017775328
 21
107.55273386928057
 31
0.0
  0
LINE
  5
294
330
17
100
AcDbEntity
  8
可见轮廓
100
AcDbLine
 10
2.000000017775328
 20
107.55273386928057
 30
0.0
 11
2.000000017775328
 21
107.34097704444143
 31
0.0
  0
LINE
  5
295
330
17
100
AcDbEntity
  8
可见轮廓
100
AcDbLine
 10
2.000000017775328
 20
107.34097704444143
 30
0.0
 11
2.000000017775328
 21
107.12532079082912
 31
0.0
  0
LINE
  5
296
330
17
100
AcDbEntity
  8
可见轮廓
100
AcDbLine
 10
2.000000017775328
 20
107.12532079082912
 30
0.0
 11
2.000000017775328
 21
106.90636652959263
 31
0.0
  0
LINE
  5
297
330
17
100
AcDbEntity
  8
可见轮廓
100
AcDbLine
 10
2.000000017775328
 20
106.90636652959263
 30
0.0
 11
2.000000017775328
 21
106.68456747341234
 31
0.0
  0
LINE
  5
298
330
17
100
AcDbEntity
  8
可见轮廓
100
AcDbLine
 10
2.000000017775328
 20
106.68456747341234
 30
0.0
 11
2.000000017775328
 21
106.46082314220361
 31
0.0
  0
LINE
  5
299
330
17
100
AcDbEntity
  8
可见轮廓
100
AcDbLine
 10
2.000000017775328
 20
106.46082314220361
 30
0.0
 11
2.000000017775328
 21
106.23575801230818
 31
0.0
  0
LINE
  5
29A
330
17
100
AcDbEntity
  8
可见轮廓
100
AcDbLine
 10
2.000000017775328
 20
106.23575801230818
 30
0.0
 11
2.000000017775328
 21
106.01
 31
0.0
  0
LINE
  5
29B
330
17
100
AcDbEntity
  8
可见轮廓
100
AcDbLine
 10
2.000000017775328
 20
106.01
 30
0.0
 11
2.000000017775328
 21
105.78424198769183
 31
0.0
  0
LINE
  5
29C
330
17
100
AcDbEntity
  8
可见轮廓
100
AcDbLine
 10
2.000000017775328
 20
105.78424198769183
 30
0.0
 11
2.000000017775328
 21
105.55917685779637
 31
0.0
  0
LINE
  5
29D
330
17
100
AcDbEntity
  8
可见轮廓
100
AcDbLine
 10
2.000000017775328
 20
105.55917685779637
 30
0.0
 11
2.000000017775328
 21
105.33543252658767
 31
0.0
  0
LINE
  5
29E
330
17
100
AcDbEntity
  8
可见轮廓
100
AcDbLine
 10
2.000000017775328
 20
105.33543252658767
 30
0.0
 11
2.000000017775328
 21
105.11363347040741
 31
0.0
  0
LINE
  5
29F
330
17
100
AcDbEntity
  8
可见轮廓
100
AcDbLine
 10
2.000000017775328
 20
105.11363347040741
 30
0.0
 11
2.000000017775328
 21
104.89467920917089
 31
0.0
  0
LINE
  5
2A0
330
17
100
AcDbEntity
  8
可见轮廓
100
AcDbLine
 10
2.000000017775328
 20
104.89467920917089
 30
0.0
 11
2.000000017775328
 21
104.67902295555858
 31
0.0
  0
LINE
  5
2A1
330
17
100
AcDbEntity
  8
可见轮廓
100
AcDbLine
 10
2.000000017775328
 20
104.67902295555858
 30
0.0
 11
2.000000017775328
 21
104.46726613071947
 31
0.0
  0
LINE
  5
2A2
330
17
100
AcDbEntity
  8
可见轮廓
100
AcDbLine
 10
2.000000017775328
 20
104.46726613071947
 30
0.0
 11
2.000000017775328
 21
104.26
 31
0.0
  0
LINE
  5
2A3
330
17
100
AcDbEntity
  8
可见轮廓
100
AcDbLine
 10
28.4181683041802
 20
96.01
 30
0.0
 11
28.420769990954486
 21
96.01
 31
0.0
  0
LINE
  5
2A4
330
17
100
AcDbEntity
  8
可见轮廓
100
AcDbLine
 10
28.440277825353384
 20
96.01
 30
0.0
 11
28.457056447812228
 21
96.01
 31
0.0
  0
LINE
  5
2A5
330
17
100
AcDbEntity
  8
可见轮廓
100
AcDbLine
 10
28.457056447812228
 20
96.01
 30
0.0
 11
28.47874937305118
 21
96.01
 31
0.0
  0
LINE
  5
2A6
330
17
100
AcDbEntity
  8
可见轮廓
100
AcDbLine
 10
28.535105380630576
 20
96.01
 30
0.0
 11
28.569400056665042
 21
96.01
 31
0.0
  0
LINE
  5
2A7
330
17
100
AcDbEntity
  8
可见轮廓
100
AcDbLine
 10
28.569400056665042
 20
96.01
 30
0.0
 11
28.62191256583482
 21
96.01
 31
0.0
  0
LINE
  5
2A8
330
17
100
AcDbEntity
  8
可见轮廓
100
AcDbLine
 10
28.62191256583482
 20
96.01
 30
0.0
 11
28.680552807900924
 21
96.01
 31
0.0
  0
LINE
  5
2A9
330
17
100
AcDbEntity
  8
可见轮廓
100
AcDbLine
 10
28.680552807900924
 20
96.01
 30
0.0
 11
28.744625151242985
 21
96.01
 31
0.0
  0
LINE
  5
2AA
330
17
100
AcDbEntity
  8
可见轮廓
100
AcDbLine
 10
28.744625151242985
 20
96.01
 30
0.0
 11
28.813374007181025
 21
96.01
 31
0.0
  0
LINE
  5
2AB
330
17
100
AcDbEntity
  8
可见轮廓
100
AcDbLine
 10
28.813374007181025
 20
96.01
 30
0.0
 11
28.886220455417092
 21
96.01
 31
0.0
  0
LINE
  5
2AC
330
17
100
AcDbEntity
  8
可见轮廓
100
AcDbLine
 10
28.886220455417092
 20
96.01
 30
0.0
 11
28.961902417864533
 21
96.01
 31
0.0
  0
LINE
  5
2AD
330
17
100
AcDbEntity
  8
可见轮廓
100
AcDbLine
 10
28.961902417864533
 20
96.01
 30
0.0
 11
29.039524101660184
 21
96.01
 31
0.0
  0
LINE
  5
2AE
330
17
100
AcDbEntity
  8
可见轮廓
100
AcDbLine
 10
29.039524101660184
 20
96.01
 30
0.0
 11
29.118168304180195
 21
96.01
 31
0.0
  0
LINE
  5
2AF
330
17
100
AcDbEntity
  8
可见轮廓
100
AcDbLine
 10
29.118168304180198
 20
116.01
 30
0.0
 11
29.03952410166019
 21
116.01
 31
0.0
  0
LINE
  5
2B0
330
17
100
AcDbEntity
  8
可见轮廓
100
AcDbLine
 10
29.03952410166019
 20
116.01
 30
0.0
 11
28.961902417864536
 21
116.01
 31
0.0
  0
LINE
  5
2B1
330
17
100
AcDbEntity
  8
可见轮廓
100
AcDbLine
 10
28.961902417864536
 20
116.01
 30
0.0
 11
28.886220455417096
 21
116.01
 31
0.0
  0
LINE
  5
2B2
330
17
100
AcDbEntity
  8
可见轮廓
100
AcDbLine
 10
28.886220455417096
 20
116.01
 30
0.0
 11
28.813374007181025
 21
116.01
 31
0.0
  0
LINE
  5
2B3
330
17
100
AcDbEntity
  8
可见轮廓
100
AcDbLine
 10
28.813374007181025
 20
116.01
 30
0.0
 11
28.744625151242985
 21
116.01
 31
0.0
  0
LINE
  5
2B4
330
17
100
AcDbEntity
  8
可见轮廓
100
AcDbLine
 10
28.744625151242985
 20
116.01
 30
0.0
 11
28.680552807900927
 21
116.01
 31
0.0
  0
LINE
  5
2B5
330
17
100
AcDbEntity
  8
可见轮廓
100
AcDbLine
 10
28.680552807900927
 20
116.01
 30
0.0
 11
28.62191256583482
 21
116.01
 31
0.0
  0
LINE
  5
2B6
330
17
100
AcDbEntity
  8
可见轮廓
100
AcDbLine
 10
28.62191256583482
 20
116.01
 30
0.0
 11
28.569400056665046
 21
116.01
 31
0.0
  0
LINE
  5
2B7
330
17
100
AcDbEntity
  8
可见轮廓
100
AcDbLine
 10
28.569400056665046
 20
116.01
 30
0.0
 11
28.535105380630576
 21
116.01
 31
0.0
  0
LINE
  5
2B8
330
17
100
AcDbEntity
  8
可见轮廓
100
AcDbLine
 10
28.535105380630576
 20
116.01
 30
0.0
 11
28.50482280486774
 21
116.01
 31
0.0
  0
LINE
  5
2B9
330
17
100
AcDbEntity
  8
可见轮廓
100
AcDbLine
 10
28.457056447812228
 20
116.01
 30
0.0
 11
28.440277825353384
 21
116.01
 31
0.0
  0
LINE
  5
2BA
330
17
100
AcDbEntity
  8
可见轮廓
100
AcDbLine
 10
28.440277825353384
 20
116.01
 30
0.0
 11
28.428156270355757
 21
116.01
 31
0.0
  0
LINE
  5
2BB
330
17
100
AcDbEntity
  8
可见轮廓
100
AcDbLine
 10
35.25000001777538
 20
96.01
 30
0.0
 11
32.18408416097779
 21
96.01
 31
0.0
  0
LINE
  5
2BC
330
17
100
AcDbEntity
  8
可见轮廓
100
AcDbLine
 10
32.18408416097779
 20
96.01
 30
0.0
 11
29.118168304180195
 21
96.01
 31
0.0
  0
LINE
  5
2BD
330
17
100
AcDbEntity
  8
可见轮廓
100
AcDbLine
 10
35.25000001777538
 20
116.01
 30
0.0
 11
35.25000001777538
 21
106.01
 31
0.0
  0
LINE
  5
2BE
330
17
100
AcDbEntity
  8
可见轮廓
100
AcDbLine
 10
35.25000001777538
 20
106.01
 30
0.0
 11
35.25000001777538
 21
96.01
 31
0.0
  0
LINE
  5
2BF
330
17
100
AcDbEntity
  8
可见轮廓
100
AcDbLine
 10
35.25000001777538
 20
116.01
 30
0.0
 11
32.18408416097779
 21
116.01
 31
0.0
  0
LINE
  5
2C0
330
17
100
AcDbEntity
  8
可见轮廓
100
AcDbLine
 10
32.18408416097779
 20
116.01
 30
0.0
 11
29.118168304180195
 21
116.01
 31
0.0
  0
LINE
  5
2C1
330
17
100
AcDbEntity
  8
可见轮廓
100
AcDbLine
 10
3.7500000177753776
 20
116.01
 30
0.0
 11
3.7500000177753776
 21
106.01
 31
0.0
  0
LINE
  5
2C2
330
17
100
AcDbEntity
  8
可见轮廓
100
AcDbLine
 10
3.7500000177753776
 20
106.01
 30
0.0
 11
3.7500000177753776
 21
96.01
 31
0.0
  0
LINE
  5
2C3
330
17
100
AcDbEntity
  8
可见轮廓
100
AcDbLine
 10
9.881831731370518
 20
96.01
 30
0.0
 11
6.815915874572948
 21
96.01
 31
0.0
  0
LINE
  5
2C4
330
17
100
AcDbEntity
  8
可见轮廓
100
AcDbLine
 10
6.815915874572948
 20
96.01
 30
0.0
 11
3.7500000177753776
 21
96.01
 31
0.0
  0
LINE
  5
2C5
330
17
100
AcDbEntity
  8
可见轮廓
100
AcDbLine
 10
9.881831731370518
 20
116.01
 30
0.0
 11
6.815915874572948
 21
116.01
 31
0.0
  0
LINE
  5
2C6
330
17
100
AcDbEntity
  8
可见轮廓
100
AcDbLine
 10
6.815915874572948
 20
116.01
 30
0.0
 11
3.7500000177753776
 21
116.01
 31
0.0
  0
LINE
  5
2C7
330
17
100
AcDbEntity
  8
可见轮廓
100
AcDbLine
 10
9.881831731370516
 20
96.01
 30
0.0
 11
9.960475933890526
 21
96.01
 31
0.0
  0
LINE
  5
2C8
330
17
100
AcDbEntity
  8
可见轮廓
100
AcDbLine
 10
9.960475933890526
 20
96.01
 30
0.0
 11
10.038097617686184
 21
96.01
 31
0.0
  0
LINE
  5
2C9
330
17
100
AcDbEntity
  8
可见轮廓
100
AcDbLine
 10
10.038097617686184
 20
96.01
 30
0.0
 11
10.113779580133626
 21
96.01
 31
0.0
  0
LINE
  5
2CA
330
17
100
AcDbEntity
  8
可见轮廓
100
AcDbLine
 10
10.113779580133626
 20
96.01
 30
0.0
 11
10.186626028369695
 21
96.01
 31
0.0
  0
LINE
  5
2CB
330
17
100
AcDbEntity
  8
可见轮廓
100
AcDbLine
 10
10.186626028369695
 20
96.01
 30
0.0
 11
10.255374884307738
 21
96.01
 31
0.0
  0
LINE
  5
2CC
330
17
100
AcDbEntity
  8
可见轮廓
100
AcDbLine
 10
10.255374884307738
 20
96.01
 30
0.0
 11
10.319447227649798
 21
96.01
 31
0.0
  0
LINE
  5
2CD
330
17
100
AcDbEntity
  8
可见轮廓
100
AcDbLine
 10
10.319447227649798
 20
96.01
 30
0.0
 11
10.378087469715908
 21
96.01
 31
0.0
  0
LINE
  5
2CE
330
17
100
AcDbEntity
  8
可见轮廓
100
AcDbLine
 10
10.378087469715908
 20
96.01
 30
0.0
 11
10.430599978885683
 21
96.01
 31
0.0
  0
LINE
  5
2CF
330
17
100
AcDbEntity
  8
可见轮廓
100
AcDbLine
 10
10.430599978885683
 20
96.01
 30
0.0
 11
10.464894654920148
 21
96.01
 31
0.0
  0
LINE
  5
2D0
330
17
100
AcDbEntity
  8
可见轮廓
100
AcDbLine
 10
10.464894654920148
 20
96.01
 30
0.0
 11
10.495177230682982
 21
96.01
 31
0.0
  0
LINE
  5
2D1
330
17
100
AcDbEntity
  8
可见轮廓
100
AcDbLine
 10
10.54294358773849
 20
96.01
 30
0.0
 11
10.559722210197329
 21
96.01
 31
0.0
  0
LINE
  5
2D2
330
17
100
AcDbEntity
  8
可见轮廓
100
AcDbLine
 10
10.559722210197329
 20
96.01
 30
0.0
 11
10.571843765194957
 21
96.01
 31
0.0
  0
LINE
  5
2D3
330
17
100
AcDbEntity
  8
可见轮廓
100
AcDbLine
 10
10.581831731370515
 20
116.01
 30
0.0
 11
10.579230044596226
 21
116.01
 31
0.0
  0
LINE
  5
2D4
330
17
100
AcDbEntity
  8
可见轮廓
100
AcDbLine
 10
10.55972221019733
 20
116.01
 30
0.0
 11
10.542943587738488
 21
116.01
 31
0.0
  0
LINE
  5
2D5
330
17
100
AcDbEntity
  8
可见轮廓
100
AcDbLine
 10
10.542943587738488
 20
116.01
 30
0.0
 11
10.521250662499538
 21
116.01
 31
0.0
  0
LINE
  5
2D6
330
17
100
AcDbEntity
  8
可见轮廓
100
AcDbLine
 10
10.464894654920146
 20
116.01
 30
0.0
 11
10.430599978885681
 21
116.01
 31
0.0
  0
LINE
  5
2D7
330
17
100
AcDbEntity
  8
可见轮廓
100
AcDbLine
 10
10.430599978885681
 20
116.01
 30
0.0
 11
10.378087469715904
 21
116.01
 31
0.0
  0
LINE
  5
2D8
330
17
100
AcDbEntity
  8
可见轮廓
100
AcDbLine
 10
10.378087469715904
 20
116.01
 30
0.0
 11
10.319447227649796
 21
116.01
 31
0.0
  0
LINE
  5
2D9
330
17
100
AcDbEntity
  8
可见轮廓
100
AcDbLine
 10
10.319447227649796
 20
116.01
 30
0.0
 11
10.255374884307736
 21
116.01
 31
0.0
  0
LINE
  5
2DA
330
17
100
AcDbEntity
  8
可见轮廓
100
AcDbLine
 10
10.255374884307736
 20
116.01
 30
0.0
 11
10.186626028369691
 21
116.01
 31
0.0
  0
LINE
  5
2DB
330
17
100
AcDbEntity
  8
可见轮廓
100
AcDbLine
 10
10.186626028369691
 20
116.01
 30
0.0
 11
10.113779580133622
 21
116.01
 31
0.0
  0
LINE
  5
2DC
330
17
100
AcDbEntity
  8
可见轮廓
100
AcDbLine
 10
10.113779580133622
 20
116.01
 30
0.0
 11
10.03809761768618
 21
116.01
 31
0.0
  0
LINE
  5
2DD
330
17
100
AcDbEntity
  8
可见轮廓
100
AcDbLine
 10
10.03809761768618
 20
116.01
 30
0.0
 11
9.960475933890521
 21
116.01
 31
0.0
  0
LINE
  5
2DE
330
17
100
AcDbEntity
  8
可见轮廓
100
AcDbLine
 10
9.960475933890521
 20
116.01
 30
0.0
 11
9.88183173137051
 21
116.01
 31
0.0
  0
LINE
  5
2DF
330
17
100
AcDbEntity
  8
可见轮廓
100
AcDbLine
 10
22.999999982224676
 20
102.5100000317047
 30
0.0
 11
22.999999982224672
 21
106.01
 31
0.0
  0
LINE
  5
2E0
330
17
100
AcDbEntity
  8
可见轮廓
100
AcDbLine
 10
22.999999982224672
 20
106.01
 30
0.0
 11
22.999999982224672
 21
109.5100000317047
 31
0.0
  0
LINE
  5
2E1
330
17
100
AcDbEntity
  8
可见轮廓
100
AcDbLine
 10
15.999999982224676
 20
109.5100000317047
 30
0.0
 11
15.999999982224676
 21
106.01
 31
0.0
  0
LINE
  5
2E2
330
17
100
AcDbEntity
  8
可见轮廓
100
AcDbLine
 10
15.999999982224676
 20
106.01
 30
0.0
 11
15.999999982224677
 21
102.5100000317047
 31
0.0
  0
LINE
  5
2E3
330
17
100
AcDbEntity
  8
可见轮廓
100
AcDbLine
 10
28.4181683041802
 20
116.01
 30
0.0
 11
19.500000017775346
 21
116.01
 31
0.0
  0
LINE
  5
2E4
330
17
100
AcDbEntity
  8
可见轮廓
100
AcDbLine
 10
19.500000017775346
 20
116.01
 30
0.0
 11
10.581831731370514
 21
116.01
 31
0.0
  0
LINE
  5
2E5
330
17
100
AcDbEntity
  8
可见轮廓
100
AcDbLine
 10
10.581831731370514
 20
96.01
 30
0.0
 11
19.500000017775346
 21
96.01
 31
0.0
  0
LINE
  5
2E6
330
17
100
AcDbEntity
  8
可见轮廓
100
AcDbLine
 10
19.500000017775346
 20
96.01
 30
0.0
 11
28.4181683041802
 21
96.01
 31
0.0
  0
LINE
  5
2E7
330
17
100
AcDbEntity
  8
可见轮廓
100
AcDbLine
 10
28.4181683041802
 20
116.01
 30
0.0
 11
28.4181683041802
 21
106.01
 31
0.0
  0
LINE
  5
2E8
330
17
100
AcDbEntity
  8
可见轮廓
100
AcDbLine
 10
28.4181683041802
 20
106.01
 30
0.0
 11
28.4181683041802
 21
96.01
 31
0.0
  0
LINE
  5
2E9
330
17
100
AcDbEntity
  8
可见轮廓
100
AcDbLine
 10
10.581831731370515
 20
116.01
 30
0.0
 11
10.581831731370515
 21
106.01
 31
0.0
  0
LINE
  5
2EA
330
17
100
AcDbEntity
  8
可见轮廓
100
AcDbLine
 10
10.581831731370515
 20
106.01
 30
0.0
 11
10.581831731370515
 21
96.01
 31
0.0
  0
LINE
  5
2EB
330
17
100
AcDbEntity
  8
可见轮廓
100
AcDbLine
 10
36.18667458541218
 20
116.01
 30
0.0
 11
36.18667458541218
 21
111.885
 31
0.0
  0
LINE
  5
2EC
330
17
100
AcDbEntity
  8
可见轮廓
100
AcDbLine
 10
36.18667458541218
 20
111.885
 30
0.0
 11
36.18667458541218
 21
111.8792812768745
 31
0.0
  0
LINE
  5
2ED
330
17
100
AcDbEntity
  8
可见轮廓
100
AcDbLine
 10
36.18667458541218
 20
111.8792812768745
 30
0.0
 11
36.18667458541218
 21
107.76
 31
0.0
  0
LINE
  5
2EE
330
17
100
AcDbEntity
  8
可见轮廓
100
AcDbLine
 10
2.813325450138578
 20
116.01
 30
0.0
 11
2.813325450138578
 21
111.885
 31
0.0
  0
LINE
  5
2EF
330
17
100
AcDbEntity
  8
可见轮廓
100
AcDbLine
 10
2.813325450138578
 20
111.885
 30
0.0
 11
2.813325450138578
 21
111.8792812768745
 31
0.0
  0
LINE
  5
2F0
330
17
100
AcDbEntity
  8
可见轮廓
100
AcDbLine
 10
2.813325450138578
 20
111.8792812768745
 30
0.0
 11
2.813325450138578
 21
107.76
 31
0.0
  0
LINE
  5
2F1
330
17
100
AcDbEntity
  8
可见轮廓
100
AcDbLine
 10
36.18667458541218
 20
104.26
 30
0.0
 11
36.18667458541218
 21
100.14071872312552
 31
0.0
  0
LINE
  5
2F2
330
17
100
AcDbEntity
  8
可见轮廓
100
AcDbLine
 10
36.18667458541218
 20
100.14071872312552
 30
0.0
 11
36.18667458541218
 21
100.135
 31
0.0
  0
LINE
  5
2F3
330
17
100
AcDbEntity
  8
可见轮廓
100
AcDbLine
 10
36.18667458541218
 20
100.135
 30
0.0
 11
36.18667458541218
 21
96.01
 31
0.0
  0
LINE
  5
2F4
330
17
100
AcDbEntity
  8
可见轮廓
100
AcDbLine
 10
2.813325450138578
 20
104.26
 30
0.0
 11
2.813325450138578
 21
100.14071872312552
 31
0.0
  0
LINE
  5
2F5
330
17
100
AcDbEntity
  8
可见轮廓
100
AcDbLine
 10
2.813325450138578
 20
100.14071872312552
 30
0.0
 11
2.813325450138578
 21
100.135
 31
0.0
  0
LINE
  5
2F6
330
17
100
AcDbEntity
  8
可见轮廓
100
AcDbLine
 10
2.813325450138578
 20
100.135
 30
0.0
 11
2.813325450138578
 21
96.01
 31
0.0
  0
LINE
  5
2F7
330
17
100
AcDbEntity
  8
可见轮廓
100
AcDbLine
 10
29.118168304180195
 20
116.01
 30
0.0
 11
29.118168304180195
 21
106.01
 31
0.0
  0
LINE
  5
2F8
330
17
100
AcDbEntity
  8
可见轮廓
100
AcDbLine
 10
29.118168304180195
 20
106.01
 30
0.0
 11
29.118168304180195
 21
96.01
 31
0.0
  0
LINE
  5
2F9
330
17
100
AcDbEntity
  8
可见轮廓
100
AcDbLine
 10
9.881831731370516
 20
116.01
 30
0.0
 11
9.881831731370516
 21
106.01
 31
0.0
  0
LINE
  5
2FA
330
17
100
AcDbEntity
  8
可见轮廓
100
AcDbLine
 10
9.881831731370516
 20
106.01
 30
0.0
 11
9.881831731370516
 21
96.01
 31
0.0
  0
LINE
  5
2FB
330
17
100
AcDbEntity
  8
可见轮廓
100
AcDbLine
 10
35.25000001777538
 20
106.01
 30
0.0
 11
35.25000001777538
 21
107.23625074620743
 31
0.0
  0
LINE
  5
2FC
330
17
100
AcDbEntity
  8
可见轮廓
100
AcDbLine
 10
3.7500000177753776
 20
106.01
 30
0.0
 11
3.7500000177753776
 21
107.23625074620743
 31
0.0
  0
LINE
  5
2FD
330
17
100
AcDbEntity
  8
可见轮廓
100
AcDbLine
 10
31.57558126443059
 20
116.01
 30
0.0
 11
32.1825061992204
 21
116.01
 31
0.0
  0
LINE
  5
2FE
330
17
100
AcDbEntity
  8
可见轮廓
100
AcDbLine
 10
36.18667458541219
 20
107.76
 30
0.0
 11
31.693381744261146
 21
107.76
 31
0.0
  0
LINE
  5
2FF
330
17
100
AcDbEntity
  8
可见轮廓
100
AcDbLine
 10
31.57558126443064
 20
116.01
 30
0.0
 11
36.18667458541219
 21
116.01
 31
0.0
  0
LINE
  5
300
330
17
100
AcDbEntity
  8
可见轮廓
100
AcDbLine
 10
37.00000001777537
 20
116.01
 30
0.0
 11
36.18667458541219
 21
116.01
 31
0.0
  0
LINE
  5
301
330
17
100
AcDbEntity
  8
可见轮廓
100
AcDbLine
 10
36.18667458541219
 20
107.76
 30
0.0
 11
37.00000001777537
 21
107.76
 31
0.0
  0
LINE
  5
302
330
17
100
AcDbEntity
  8
可见轮廓
100
AcDbLine
 10
2.0000000177753776
 20
116.01
 30
0.0
 11
2.8133254501385636
 21
116.01
 31
0.0
  0
LINE
  5
303
330
17
100
AcDbEntity
  8
可见轮廓
100
AcDbLine
 10
2.8133254501385636
 20
107.76
 30
0.0
 11
2.0000000177753776
 21
107.76
 31
0.0
  0
LINE
  5
304
330
17
100
AcDbEntity
  8
可见轮廓
100
AcDbLine
 10
2.81332545013856
 20
107.76
 30
0.0
 11
7.3066182912895865
 21
107.76
 31
0.0
  0
LINE
  5
305
330
17
100
AcDbEntity
  8
可见轮廓
100
AcDbLine
 10
7.424418771120099
 20
116.01
 30
0.0
 11
2.81332545013856
 21
116.01
 31
0.0
  0
LINE
  5
306
330
17
100
AcDbEntity
  8
可见轮廓
100
AcDbLine
 10
4.78949594287044
 20
107.76
 30
0.0
 11
4.100000017775358
 21
107.76
 31
0.0
  0
LINE
  5
307
330
17
100
AcDbEntity
  8
可见轮廓
100
AcDbLine
 10
4.100000017775358
 20
116.01
 30
0.0
 11
4.78949594287044
 21
116.01
 31
0.0
  0
LINE
  5
308
330
17
100
AcDbEntity
  8
可见轮廓
100
AcDbLine
 10
34.900000017775355
 20
107.76
 30
0.0
 11
34.21050409268027
 21
107.76
 31
0.0
  0
LINE
  5
309
330
17
100
AcDbEntity
  8
可见轮廓
100
AcDbLine
 10
34.21050409268027
 20
116.01
 30
0.0
 11
34.900000017775355
 21
116.01
 31
0.0
  0
LINE
  5
30A
330
17
100
AcDbEntity
  8
可见轮廓
100
AcDbLine
 10
7.42441877112012
 20
116.01
 30
0.0
 11
6.817493836330314
 21
116.01
 31
0.0
  0
LINE
  5
30B
330
17
100
AcDbEntity
  8
可见轮廓
100
AcDbLine
 10
32.1825061992204
 20
96.01
 30
0.0
 11
31.57558126443059
 21
96.01
 31
0.0
  0
LINE
  5
30C
330
17
100
AcDbEntity
  8
可见轮廓
100
AcDbLine
 10
36.18667458541219
 20
104.26
 30
0.0
 11
31.693381744261146
 21
104.26
 31
0.0
  0
LINE
  5
30D
330
17
100
AcDbEntity
  8
可见轮廓
100
AcDbLine
 10
36.18667458541219
 20
96.01
 30
0.0
 11
31.57558126443064
 21
96.01
 31
0.0
  0
LINE
  5
30E
330
17
100
AcDbEntity
  8
可见轮廓
100
AcDbLine
 10
36.18667458541219
 20
96.01
 30
0.0
 11
37.00000001777537
 21
96.01
 31
0.0
  0
LINE
  5
30F
330
17
100
AcDbEntity
  8
可见轮廓
100
AcDbLine
 10
36.18667458541219
 20
104.26
 30
0.0
 11
37.00000001777537
 21
104.26
 31
0.0
  0
LINE
  5
310
330
17
100
AcDbEntity
  8
可见轮廓
100
AcDbLine
 10
2.8133254501385636
 20
96.01
 30
0.0
 11
2.0000000177753776
 21
96.01
 31
0.0
  0
LINE
  5
311
330
17
100
AcDbEntity
  8
可见轮廓
100
AcDbLine
 10
2.8133254501385636
 20
104.26
 30
0.0
 11
2.0000000177753776
 21
104.26
 31
0.0
  0
LINE
  5
312
330
17
100
AcDbEntity
  8
可见轮廓
100
AcDbLine
 10
2.81332545013856
 20
104.26
 30
0.0
 11
7.3066182912895865
 21
104.26
 31
0.0
  0
LINE
  5
313
330
17
100
AcDbEntity
  8
可见轮廓
100
AcDbLine
 10
2.81332545013856
 20
96.01
 30
0.0
 11
7.4244187711201
 21
96.01
 31
0.0
  0
LINE
  5
314
330
17
100
AcDbEntity
  8
可见轮廓
100
AcDbLine
 10
4.78949594287044
 20
104.26
 30
0.0
 11
4.100000017775358
 21
104.26
 31
0.0
  0
LINE
  5
315
330
17
100
AcDbEntity
  8
可见轮廓
100
AcDbLine
 10
4.78949594287044
 20
96.01
 30
0.0
 11
4.100000017775358
 21
96.01
 31
0.0
  0
LINE
  5
316
330
17
100
AcDbEntity
  8
可见轮廓
100
AcDbLine
 10
34.900000017775355
 20
104.26
 30
0.0
 11
34.21050409268027
 21
104.26
 31
0.0
  0
LINE
  5
317
330
17
100
AcDbEntity
  8
可见轮廓
100
AcDbLine
 10
34.900000017775355
 20
96.01
 30
0.0
 11
34.21050409268027
 21
96.01
 31
0.0
  0
LINE
  5
318
330
17
100
AcDbEntity
  8
可见轮廓
100
AcDbLine
 10
6.817493836330316
 20
96.01
 30
0.0
 11
7.42441877112012
 21
96.01
 31
0.0
  0
LINE
  5
319
330
17
100
AcDbEntity
  8
可见轮廓
100
AcDbLine
 10
37.00000001777538
 20
107.76
 30
0.0
 11
37.00000001777538
 21
110.14
 31
0.0
  0
LINE
  5
31A
330
17
100
AcDbEntity
  8
可见轮廓
100
AcDbLine
 10
37.00000001777538
 20
101.88000000000001
 30
0.0
 11
37.00000001777538
 21
110.14
 31
0.0
  0
LINE
  5
31B
330
17
100
AcDbEntity
  8
可见轮廓
100
AcDbLine
 10
37.00000001777538
 20
101.88000000000001
 30
0.0
 11
37.00000001777538
 21
104.26
 31
0.0
  0
LINE
  5
31C
330
17
100
AcDbEntity
  8
可见轮廓
100
AcDbLine
 10
2.000000017775328
 20
101.88000000000001
 30
0.0
 11
2.000000017775328
 21
104.26
 31
0.0
  0
LINE
  5
31D
330
17
100
AcDbEntity
  8
可见轮廓
100
AcDbLine
 10
2.000000017775328
 20
101.88000000000001
 30
0.0
 11
2.000000017775328
 21
110.14
 31
0.0
  0
LINE
  5
31E
330
17
100
AcDbEntity
  8
可见轮廓
100
AcDbLine
 10
2.000000017775328
 20
107.76
 30
0.0
 11
2.000000017775328
 21
110.14
 31
0.0
  0
LINE
  5
31F
330
17
100
AcDbEntity
  8
可见轮廓
100
AcDbLine
 10
4.789495942870435
 20
96.01
 30
0.0
 11
10.563202261930547
 21
96.01
 31
0.0
  0
LINE
  5
320
330
17
100
AcDbEntity
  8
可见轮廓
100
AcDbLine
 10
4.789495942870435
 20
104.26
 30
0.0
 11
9.689156717468839
 21
104.26
 31
0.0
  0
LINE
  5
321
330
17
100
AcDbEntity
  8
可见轮廓
100
AcDbLine
 10
4.789495942870435
 20
107.76
 30
0.0
 11
9.689156717468839
 21
107.76
 31
0.0
  0
LINE
  5
322
330
17
100
AcDbEntity
  8
可见轮廓
100
AcDbLine
 10
10.563202261930552
 20
116.01
 30
0.0
 11
4.789495942870438
 21
116.01
 31
0.0
  0
LINE
  5
323
330
17
100
AcDbEntity
  8
可见轮廓
100
AcDbLine
 10
4.1000000177753755
 20
110.14
 30
0.0
 11
4.1000000177753755
 21
107.76
 31
0.0
  0
LINE
  5
324
330
17
100
AcDbEntity
  8
可见轮廓
100
AcDbLine
 10
4.1000000177753755
 20
110.14
 30
0.0
 11
4.1000000177753755
 21
101.88000000000001
 31
0.0
  0
LINE
  5
325
330
17
100
AcDbEntity
  8
可见轮廓
100
AcDbLine
 10
4.1000000177753755
 20
104.26
 30
0.0
 11
4.1000000177753755
 21
101.88000000000001
 31
0.0
  0
LINE
  5
326
330
17
100
AcDbEntity
  8
可见轮廓
100
AcDbLine
 10
34.900000017775376
 20
104.26
 30
0.0
 11
34.900000017775376
 21
101.88000000000001
 31
0.0
  0
LINE
  5
327
330
17
100
AcDbEntity
  8
可见轮廓
100
AcDbLine
 10
34.900000017775376
 20
110.14
 30
0.0
 11
34.900000017775376
 21
101.88000000000001
 31
0.0
  0
LINE
  5
328
330
17
100
AcDbEntity
  8
可见轮廓
100
AcDbLine
 10
34.900000017775376
 20
110.14
 30
0.0
 11
34.900000017775376
 21
107.76
 31
0.0
  0
LINE
  5
329
330
17
100
AcDbEntity
  8
可见轮廓
100
AcDbLine
 10
34.21050409268028
 20
96.01
 30
0.0
 11
28.4367977736202
 21
96.01
 31
0.0
  0
LINE
  5
32A
330
17
100
AcDbEntity
  8
可见轮廓
100
AcDbLine
 10
28.436797773620196
 20
116.01
 30
0.0
 11
34.21050409268028
 21
116.01
 31
0.0
  0
LINE
  5
32B
330
17
100
AcDbEntity
  8
可见轮廓
100
AcDbLine
 10
34.21050409268028
 20
107.76
 30
0.0
 11
29.3108433180819
 21
107.76
 31
0.0
  0
LINE
  5
32C
330
17
100
AcDbEntity
  8
可见轮廓
100
AcDbLine
 10
34.21050409268028
 20
104.26
 30
0.0
 11
29.3108433180819
 21
104.26
 31
0.0
  0
LINE
  5
32D
330
17
100
AcDbEntity
  8
可见轮廓
100
AcDbLine
 10
28.436797773620164
 20
96.01
 30
0.0
 11
29.118168304180195
 21
96.01
 31
0.0
  0
LINE
  5
32E
330
17
100
AcDbEntity
  8
可见轮廓
100
AcDbLine
 10
29.118168304180198
 20
116.01
 30
0.0
 11
28.436797773620164
 21
116.01
 31
0.0
  0
LINE
  5
32F
330
17
100
AcDbEntity
  8
可见轮廓
100
AcDbLine
 10
35.25000001777538
 20
104.78374925379269
 30
0.0
 11
35.25000001777538
 21
106.01
 31
0.0
  0
LINE
  5
330
330
17
100
AcDbEntity
  8
可见轮廓
100
AcDbLine
 10
35.60000001777537
 20
96.01
 30
0.0
 11
37.00000001777537
 21
96.01
 31
0.0
  0
LINE
  5
331
330
17
100
AcDbEntity
  8
可见轮廓
100
AcDbLine
 10
37.00000001777537
 20
116.01
 30
0.0
 11
35.60000001777537
 21
116.01
 31
0.0
  0
LINE
  5
332
330
17
100
AcDbEntity
  8
可见轮廓
100
AcDbLine
 10
3.4000000177753265
 20
96.01
 30
0.0
 11
2.000000017775328
 21
96.01
 31
0.0
  0
LINE
  5
333
330
17
100
AcDbEntity
  8
可见轮廓
100
AcDbLine
 10
2.000000017775328
 20
116.01
 30
0.0
 11
3.4000000177753265
 21
116.01
 31
0.0
  0
LINE
  5
334
330
17
100
AcDbEntity
  8
可见轮廓
100
AcDbLine
 10
3.7500000177753776
 20
104.78374925379269
 30
0.0
 11
3.7500000177753776
 21
106.01
 31
0.0
  0
LINE
  5
335
330
17
100
AcDbEntity
  8
可见轮廓
100
AcDbLine
 10
9.881831731370516
 20
96.01
 30
0.0
 11
10.56320226193054
 21
96.01
 31
0.0
  0
LINE
  5
336
330
17
100
AcDbEntity
  8
可见轮廓
100
AcDbLine
 10
10.56320226193054
 20
116.01
 30
0.0
 11
9.88183173137051
 21
116.01
 31
0.0
  0
LINE
  5
337
330
17
100
AcDbEntity
  8
可见轮廓
100
AcDbLine
 10
4.100000017775356
 20
116.01
 30
0.0
 11
5.500000017775356
 21
116.01
 31
0.0
  0
LINE
  5
338
330
17
100
AcDbEntity
  8
可见轮廓
100
AcDbLine
 10
5.500000017775356
 20
96.01
 30
0.0
 11
4.100000017775356
 21
96.01
 31
0.0
  0
LINE
  5
339
330
17
100
AcDbEntity
  8
可见轮廓
100
AcDbLine
 10
33.500000017775356
 20
116.01
 30
0.0
 11
34.900000017775355
 21
116.01
 31
0.0
  0
LINE
  5
33A
330
17
100
AcDbEntity
  8
可见轮廓
100
AcDbLine
 10
34.900000017775355
 20
96.01
 30
0.0
 11
33.500000017775356
 21
96.01
 31
0.0
  0
LINE
  5
33B
330
17
100
AcDbEntity
  8
可见轮廓
100
AcDbLine
 10
35.25000001777538
 20
106.01
 30
0.0
 11
28.634779261480944
 21
106.01
 31
0.0
  0
LINE
  5
33C
330
17
100
AcDbEntity
  8
可见轮廓
100
AcDbLine
 10
35.25000001777538
 20
106.01
 30
0.0
 11
35.25000001777538
 21
107.76
 31
0.0
  0
LINE
  5
33D
330
17
100
AcDbEntity
  8
可见轮廓
100
AcDbLine
 10
28.634779261480944
 20
106.01
 30
0.0
 11
28.634779261480944
 21
107.76
 31
0.0
  0
LINE
  5
33E
330
17
100
AcDbEntity
  8
可见轮廓
100
AcDbLine
 10
10.365220774069801
 20
106.01
 30
0.0
 11
3.750000017775374
 21
106.01
 31
0.0
  0
LINE
  5
33F
330
17
100
AcDbEntity
  8
可见轮廓
100
AcDbLine
 10
10.365220774069801
 20
106.01
 30
0.0
 11
10.365220774069801
 21
107.76
 31
0.0
  0
LINE
  5
340
330
17
100
AcDbEntity
  8
可见轮廓
100
AcDbLine
 10
3.750000017775374
 20
106.01
 30
0.0
 11
3.750000017775374
 21
107.76
 31
0.0
  0
LINE
  5
341
330
17
100
AcDbEntity
  8
可见轮廓
100
AcDbLine
 10
31.482506199220396
 20
116.01
 30
0.0
 11
31.482506199220396
 21
115.46164067163797
 31
0.0
  0
LINE
  5
342
330
17
100
AcDbEntity
  8
可见轮廓
100
AcDbLine
 10
31.482506199220396
 20
107.7846100745695
 30
0.0
 11
31.482506199220396
 21
107.23625074620746
 31
0.0
  0
LINE
  5
343
330
17
100
AcDbEntity
  8
可见轮廓
100
AcDbLine
 10
32.1825061992204
 20
116.01
 30
0.0
 11
32.1825061992204
 21
115.46164067163797
 31
0.0
  0
LINE
  5
344
330
17
100
AcDbEntity
  8
可见轮廓
100
AcDbLine
 10
32.1825061992204
 20
107.7846100745695
 30
0.0
 11
32.1825061992204
 21
107.23625074620746
 31
0.0
  0
LINE
  5
345
330
17
100
AcDbEntity
  8
可见轮廓
100
AcDbLine
 10
32.1825061992204
 20
107.23625074620746
 30
0.0
 11
31.575581264430625
 21
107.23625074620746
 31
0.0
  0
LINE
  5
346
330
17
100
AcDbEntity
  8
可见轮廓
100
AcDbLine
 10
31.575581264430635
 20
116.01
 30
0.0
 11
31.575581264430635
 21
115.49366015960932
 31
0.0
  0
LINE
  5
347
330
17
100
AcDbEntity
  8
可见轮廓
100
AcDbLine
 10
31.575581264430635
 20
108.26490239413967
 30
0.0
 11
31.575581264430635
 21
107.74856255374898
 31
0.0
  0
LINE
  5
348
330
17
100
AcDbEntity
  8
可见轮廓
100
AcDbLine
 10
36.18667458541219
 20
107.74856255374898
 30
0.0
 11
31.575581264430635
 21
107.74856255374898
 31
0.0
  0
LINE
  5
349
330
17
100
AcDbEntity
  8
可见轮廓
100
AcDbLine
 10
37.00000001777537
 20
116.01
 30
0.0
 11
37.00000001777537
 21
107.76
 31
0.0
  0
LINE
  5
34A
330
17
100
AcDbEntity
  8
可见轮廓
100
AcDbLine
 10
2.8133254501385636
 20
116.01
 30
0.0
 11
2.8133254501385636
 21
107.76
 31
0.0
  0
LINE
  5
34B
330
17
100
AcDbEntity
  8
可见轮廓
100
AcDbLine
 10
2.8133254501385565
 20
116.01
 30
0.0
 11
2.8133254501385565
 21
115.49366015960932
 31
0.0
  0
LINE
  5
34C
330
17
100
AcDbEntity
  8
可见轮廓
100
AcDbLine
 10
2.8133254501385565
 20
108.26490239413967
 30
0.0
 11
2.8133254501385565
 21
107.74856255374898
 31
0.0
  0
LINE
  5
34D
330
17
100
AcDbEntity
  8
可见轮廓
100
AcDbLine
 10
7.424418771120099
 20
107.74856255374898
 30
0.0
 11
2.8133254501385565
 21
107.74856255374898
 31
0.0
  0
LINE
  5
34E
330
17
100
AcDbEntity
  8
可见轮廓
100
AcDbLine
 10
4.100000017775358
 20
116.01
 30
0.0
 11
4.100000017775358
 21
107.76
 31
0.0
  0
LINE
  5
34F
330
17
100
AcDbEntity
  8
可见轮廓
100
AcDbLine
 10
4.789495942870456
 20
116.01
 30
0.0
 11
4.789495942870456
 21
107.76
 31
0.0
  0
LINE
  5
350
330
17
100
AcDbEntity
  8
可见轮廓
100
AcDbLine
 10
34.900000017775355
 20
116.01
 30
0.0
 11
34.900000017775355
 21
107.76
 31
0.0
  0
LINE
  5
351
330
17
100
AcDbEntity
  8
可见轮廓
100
AcDbLine
 10
7.517493836330315
 20
116.01
 30
0.0
 11
7.517493836330315
 21
115.46164067163797
 31
0.0
  0
LINE
  5
352
330
17
100
AcDbEntity
  8
可见轮廓
100
AcDbLine
 10
7.517493836330315
 20
107.78461007456953
 30
0.0
 11
7.517493836330315
 21
107.23625074620749
 31
0.0
  0
LINE
  5
353
330
17
100
AcDbEntity
  8
可见轮廓
100
AcDbLine
 10
7.424418771120088
 20
116.01
 30
0.0
 11
7.424418771120088
 21
115.46164067163797
 31
0.0
  0
LINE
  5
354
330
17
100
AcDbEntity
  8
可见轮廓
100
AcDbLine
 10
7.424418771120088
 20
107.78461007456953
 30
0.0
 11
7.424418771120088
 21
107.23625074620749
 31
0.0
  0
LINE
  5
355
330
17
100
AcDbEntity
  8
可见轮廓
100
AcDbLine
 10
7.517493836330315
 20
116.01
 30
0.0
 11
6.817493836330316
 21
116.01
 31
0.0
  0
LINE
  5
356
330
17
100
AcDbEntity
  8
可见轮廓
100
AcDbLine
 10
7.517493836330315
 20
107.23625074620749
 30
0.0
 11
6.817493836330316
 21
107.23625074620749
 31
0.0
  0
LINE
  5
357
330
17
100
AcDbEntity
  8
可见轮廓
100
AcDbLine
 10
31.482506199220396
 20
104.78374925379278
 30
0.0
 11
31.482506199220396
 21
104.23538992543074
 31
0.0
  0
LINE
  5
358
330
17
100
AcDbEntity
  8
可见轮廓
100
AcDbLine
 10
31.482506199220396
 20
96.55835932836204
 30
0.0
 11
31.482506199220396
 21
96.01
 31
0.0
  0
LINE
  5
359
330
17
100
AcDbEntity
  8
可见轮廓
100
AcDbLine
 10
32.1825061992204
 20
104.78374925379278
 30
0.0
 11
32.1825061992204
 21
104.23538992543074
 31
0.0
  0
LINE
  5
35A
330
17
100
AcDbEntity
  8
可见轮廓
100
AcDbLine
 10
32.1825061992204
 20
96.55835932836204
 30
0.0
 11
32.1825061992204
 21
96.01
 31
0.0
  0
LINE
  5
35B
330
17
100
AcDbEntity
  8
可见轮廓
100
AcDbLine
 10
32.1825061992204
 20
104.78374925379278
 30
0.0
 11
31.575581264430625
 21
104.78374925379278
 31
0.0
  0
LINE
  5
35C
330
17
100
AcDbEntity
  8
可见轮廓
100
AcDbLine
 10
31.57558126443061
 20
104.271437446251
 30
0.0
 11
31.57558126443061
 21
103.75509760586031
 31
0.0
  0
LINE
  5
35D
330
17
100
AcDbEntity
  8
可见轮廓
100
AcDbLine
 10
31.57558126443061
 20
96.52633984039069
 30
0.0
 11
31.57558126443061
 21
96.01
 31
0.0
  0
LINE
  5
35E
330
17
100
AcDbEntity
  8
可见轮廓
100
AcDbLine
 10
36.18667458541219
 20
104.271437446251
 30
0.0
 11
31.57558126443061
 21
104.271437446251
 31
0.0
  0
LINE
  5
35F
330
17
100
AcDbEntity
  8
可见轮廓
100
AcDbLine
 10
37.00000001777537
 20
104.26
 30
0.0
 11
37.00000001777537
 21
96.01
 31
0.0
  0
LINE
  5
360
330
17
100
AcDbEntity
  8
可见轮廓
100
AcDbLine
 10
2.8133254501385636
 20
104.26
 30
0.0
 11
2.8133254501385636
 21
96.01
 31
0.0
  0
LINE
  5
361
330
17
100
AcDbEntity
  8
可见轮廓
100
AcDbLine
 10
2.8133254501385565
 20
104.271437446251
 30
0.0
 11
2.8133254501385565
 21
103.75509760586031
 31
0.0
  0
LINE
  5
362
330
17
100
AcDbEntity
  8
可见轮廓
100
AcDbLine
 10
2.8133254501385565
 20
96.52633984039069
 30
0.0
 11
2.8133254501385565
 21
96.01
 31
0.0
  0
LINE
  5
363
330
17
100
AcDbEntity
  8
可见轮廓
100
AcDbLine
 10
7.424418771120129
 20
104.271437446251
 30
0.0
 11
2.8133254501385565
 21
104.271437446251
 31
0.0
  0
LINE
  5
364
330
17
100
AcDbEntity
  8
可见轮廓
100
AcDbLine
 10
4.100000017775358
 20
104.26
 30
0.0
 11
4.100000017775358
 21
96.01
 31
0.0
  0
LINE
  5
365
330
17
100
AcDbEntity
  8
可见轮廓
100
AcDbLine
 10
4.789495942870456
 20
104.26
 30
0.0
 11
4.789495942870456
 21
96.01
 31
0.0
  0
LINE
  5
366
330
17
100
AcDbEntity
  8
可见轮廓
100
AcDbLine
 10
34.900000017775355
 20
104.26
 30
0.0
 11
34.900000017775355
 21
96.01
 31
0.0
  0
LINE
  5
367
330
17
100
AcDbEntity
  8
可见轮廓
100
AcDbLine
 10
7.517493836330315
 20
104.78374925379278
 30
0.0
 11
7.517493836330315
 21
104.23538992543074
 31
0.0
  0
LINE
  5
368
330
17
100
AcDbEntity
  8
可见轮廓
100
AcDbLine
 10
7.517493836330315
 20
96.55835932836204
 30
0.0
 11
7.517493836330315
 21
96.01
 31
0.0
  0
LINE
  5
369
330
17
100
AcDbEntity
  8
可见轮廓
100
AcDbLine
 10
7.424418771120088
 20
104.78374925379278
 30
0.0
 11
7.424418771120088
 21
104.23538992543074
 31
0.0
  0
LINE
  5
36A
330
17
100
AcDbEntity
  8
可见轮廓
100
AcDbLine
 10
7.424418771120088
 20
96.55835932836204
 30
0.0
 11
7.424418771120088
 21
96.01
 31
0.0
  0
LINE
  5
36B
330
17
100
AcDbEntity
  8
可见轮廓
100
AcDbLine
 10
7.517493836330315
 20
104.78374925379278
 30
0.0
 11
6.817493836330316
 21
104.78374925379278
 31
0.0
  0
LINE
  5
36C
330
17
100
AcDbEntity
  8
可见轮廓
100
AcDbLine
 10
7.517493836330315
 20
96.01
 30
0.0
 11
6.817493836330316
 21
96.01
 31
0.0
  0
LINE
  5
36D
330
17
100
AcDbEntity
  8
可见轮廓
100
AcDbLine
 10
4.789495942870431
 20
116.01
 30
0.0
 11
4.789495942870431
 21
96.01
 31
0.0
  0
LINE
  5
36E
330
17
100
AcDbEntity
  8
可见轮廓
100
AcDbLine
 10
28.4367977736202
 20
116.01
 30
0.0
 11
28.4367977736202
 21
96.01
 31
0.0
  0
LINE
  5
36F
330
17
100
AcDbEntity
  8
可见轮廓
100
AcDbLine
 10
29.118168304180195
 20
116.01
 30
0.0
 11
29.118168304180195
 21
96.01
 31
0.0
  0
LINE
  5
370
330
17
100
AcDbEntity
  8
可见轮廓
100
AcDbLine
 10
37.00000001777537
 20
116.01
 30
0.0
 11
37.00000001777537
 21
96.01
 31
0.0
  0
LINE
  5
371
330
17
100
AcDbEntity
  8
可见轮廓
100
AcDbLine
 10
35.60000001777533
 20
116.01
 30
0.0
 11
35.60000001777533
 21
96.01
 31
0.0
  0
LINE
  5
372
330
17
100
AcDbEntity
  8
可见轮廓
100
AcDbLine
 10
2.000000017775328
 20
116.01
 30
0.0
 11
2.000000017775328
 21
96.01
 31
0.0
  0
LINE
  5
373
330
17
100
AcDbEntity
  8
可见轮廓
100
AcDbLine
 10
10.581831731370515
 20
116.01
 30
0.0
 11
10.581831731370515
 21
96.01
 31
0.0
  0
LINE
  5
374
330
17
100
AcDbEntity
  8
可见轮廓
100
AcDbLine
 10
4.100000017775356
 20
116.01
 30
0.0
 11
4.100000017775356
 21
114.76
 31
0.0
  0
LINE
  5
375
330
17
100
AcDbEntity
  8
可见轮廓
100
AcDbLine
 10
4.100000017775356
 20
97.26
 30
0.0
 11
4.100000017775356
 21
96.01
 31
0.0
  0
LINE
  5
376
330
17
100
AcDbEntity
  8
可见轮廓
100
AcDbLine
 10
34.900000017775355
 20
116.01
 30
0.0
 11
34.900000017775355
 21
114.76
 31
0.0
  0
LINE
  5
377
330
17
100
AcDbEntity
  8
可见轮廓
100
AcDbLine
 10
34.900000017775355
 20
97.26
 30
0.0
 11
34.900000017775355
 21
96.01
 31
0.0
  0
LINE
  5
378
330
17
100
AcDbEntity
  8
可见轮廓
100
AcDbLine
 10
33.500000017775335
 20
116.01
 30
0.0
 11
33.500000017775335
 21
114.76
 31
0.0
  0
LINE
  5
379
330
17
100
AcDbEntity
  8
可见轮廓
100
AcDbLine
 10
33.500000017775335
 20
97.26
 30
0.0
 11
33.500000017775335
 21
96.01
 31
0.0
  0
LINE
  5
37A
330
17
100
AcDbEntity
  8
可见轮廓
100
AcDbLine
 10
10.365220774069805
 20
104.26
 30
0.0
 11
3.750000017775374
 21
104.26
 31
0.0
  0
LINE
  5
37B
330
17
100
AcDbEntity
  8
可见轮廓
100
AcDbLine
 10
10.365220774069805
 20
104.26
 30
0.0
 11
10.365220774069805
 21
106.01
 31
0.0
  0
LINE
  5
37C
330
17
100
AcDbEntity
  8
可见轮廓
100
AcDbLine
 10
3.750000017775374
 20
104.26
 30
0.0
 11
3.750000017775374
 21
106.01
 31
0.0
  0
LINE
  5
37D
330
17
100
AcDbEntity
  8
可见轮廓
100
AcDbLine
 10
4.1000000177753755
 20
107.76
 30
0.0
 11
3.968750017775374
 21
107.76
 31
0.0
  0
LINE
  5
37E
330
17
100
AcDbEntity
  8
可见轮廓
100
AcDbLine
 10
2.131250017775333
 20
110.14
 30
0.0
 11
2.0000000177753314
 21
110.14
 31
0.0
  0
LINE
  5
37F
330
17
100
AcDbEntity
  8
可见轮廓
100
AcDbLine
 10
2.131250017775333
 20
101.88000000000001
 30
0.0
 11
2.0000000177753314
 21
101.88000000000001
 31
0.0
  0
LINE
  5
380
330
17
100
AcDbEntity
  8
可见轮廓
100
AcDbLine
 10
37.00000001777538
 20
101.88000000000001
 30
0.0
 11
36.86875001777537
 21
101.88000000000001
 31
0.0
  0
LINE
  5
381
330
17
100
AcDbEntity
  8
可见轮廓
100
AcDbLine
 10
37.00000001777538
 20
110.14
 30
0.0
 11
36.86875001777537
 21
110.14
 31
0.0
  0
LINE
  5
382
330
17
100
AcDbEntity
  8
可见轮廓
100
AcDbLine
 10
35.03125001777538
 20
107.76
 30
0.0
 11
34.900000017775376
 21
107.76
 31
0.0
  0
LINE
  5
383
330
17
100
AcDbEntity
  8
可见轮廓
100
AcDbLine
 10
35.25000001777538
 20
104.26
 30
0.0
 11
28.634779261480947
 21
104.26
 31
0.0
  0
LINE
  5
384
330
17
100
AcDbEntity
  8
可见轮廓
100
AcDbLine
 10
35.25000001777538
 20
104.26
 30
0.0
 11
35.25000001777538
 21
106.01
 31
0.0
  0
LINE
  5
385
330
17
100
AcDbEntity
  8
可见轮廓
100
AcDbLine
 10
28.634779261480947
 20
104.26
 30
0.0
 11
28.634779261480947
 21
106.01
 31
0.0
  0
LINE
  5
386
330
17
100
AcDbEntity
  8
可见轮廓
100
AcDbLine
 10
31.575581264430618
 20
107.74856255374898
 30
0.0
 11
31.503769942715298
 21
107.71845224752424
 31
0.0
  0
LINE
  5
387
330
17
100
AcDbEntity
  8
可见轮廓
100
AcDbLine
 10
31.503769942715298
 20
107.71845224752424
 30
0.0
 11
31.48269554483511
 21
107.66635065657762
 31
0.0
  0
LINE
  5
388
330
17
100
AcDbEntity
  8
可见轮廓
100
AcDbLine
 10
31.48269554483511
 20
107.66635065657762
 30
0.0
 11
31.51044078826954
 21
107.5937260190381
 31
0.0
  0
LINE
  5
389
330
17
100
AcDbEntity
  8
可见轮廓
100
AcDbLine
 10
31.51044078826954
 20
107.5937260190381
 30
0.0
 11
31.580071331168853
 21
107.50782662911489
 31
0.0
  0
LINE
  5
38A
330
17
100
AcDbEntity
  8
可见轮廓
100
AcDbLine
 10
31.580071331168853
 20
107.50782662911489
 30
0.0
 11
31.684984865807962
 21
107.4164584227725
 31
0.0
  0
LINE
  5
38B
330
17
100
AcDbEntity
  8
可见轮廓
100
AcDbLine
 10
31.684984865807962
 20
107.4164584227725
 30
0.0
 11
31.822720905294148
 21
107.3299750506316
 31
0.0
  0
LINE
  5
38C
330
17
100
AcDbEntity
  8
可见轮廓
100
AcDbLine
 10
31.822720905294148
 20
107.3299750506316
 30
0.0
 11
31.9916219504521
 21
107.26306645528182
 31
0.0
  0
LINE
  5
38D
330
17
100
AcDbEntity
  8
可见轮廓
100
AcDbLine
 10
31.9916219504521
 20
107.26306645528182
 30
0.0
 11
32.1825061992204
 21
107.23625074620749
 31
0.0
  0
LINE
  5
38E
330
17
100
AcDbEntity
  8
可见轮廓
100
AcDbLine
 10
31.693381744261117
 20
107.76
 30
0.0
 11
31.67830418869002
 21
107.75982182617763
 31
0.0
  0
LINE
  5
38F
330
17
100
AcDbEntity
  8
可见轮廓
100
AcDbLine
 10
31.67830418869002
 20
107.75982182617763
 30
0.0
 11
31.663328142793432
 21
107.75928699826748
 31
0.0
  0
LINE
  5
390
330
17
100
AcDbEntity
  8
可见轮廓
100
AcDbLine
 10
31.663328142793432
 20
107.75928699826748
 30
0.0
 11
31.64845320824728
 21
107.75839505660501
 31
0.0
  0
LINE
  5
391
330
17
100
AcDbEntity
  8
可见轮廓
100
AcDbLine
 10
31.64845320824728
 20
107.75839505660501
 30
0.0
 11
31.63367898672749
 21
107.7571455415257
 31
0.0
  0
LINE
  5
392
330
17
100
AcDbEntity
  8
可见轮廓
100
AcDbLine
 10
29.310843318081876
 20
107.76
 30
0.0
 11
29.162520575172877
 21
107.7300191955568
 31
0.0
  0
LINE
  5
393
330
17
100
AcDbEntity
  8
可见轮廓
100
AcDbLine
 10
29.162520575172877
 20
107.7300191955568
 30
0.0
 11
29.027792439475043
 21
107.63861281757802
 31
0.0
  0
LINE
  5
394
330
17
100
AcDbEntity
  8
可见轮廓
100
AcDbLine
 10
29.027792439475043
 20
107.63861281757802
 30
0.0
 11
28.91014436523065
 21
107.48653824859234
 31
0.0
  0
LINE
  5
395
330
17
100
AcDbEntity
  8
可见轮廓
100
AcDbLine
 10
28.91014436523065
 20
107.48653824859234
 30
0.0
 11
28.811448203774837
 21
107.27487688375102
 31
0.0
  0
LINE
  5
396
330
17
100
AcDbEntity
  8
可见轮廓
100
AcDbLine
 10
28.811448203774837
 20
107.27487688375102
 30
0.0
 11
28.734360324410563
 21
107.01157888714577
 31
0.0
  0
LINE
  5
397
330
17
100
AcDbEntity
  8
可见轮廓
100
AcDbLine
 10
28.734360324410563
 20
107.01157888714577
 30
0.0
 11
28.678863166364724
 21
106.70297242360964
 31
0.0
  0
LINE
  5
398
330
17
100
AcDbEntity
  8
可见轮廓
100
AcDbLine
 10
28.678863166364724
 20
106.70297242360964
 30
0.0
 11
28.64582838840095
 21
106.36524393709975
 31
0.0
  0
LINE
  5
399
330
17
100
AcDbEntity
  8
可见轮廓
100
AcDbLine
 10
28.64582838840095
 20
106.36524393709975
 30
0.0
 11
28.63477926148095
 21
106.01
 31
0.0
  0
LINE
  5
39A
330
17
100
AcDbEntity
  8
可见轮廓
100
AcDbLine
 10
7.306618291289578
 20
107.76
 30
0.0
 11
7.321695846860672
 21
107.75982182617763
 31
0.0
  0
LINE
  5
39B
330
17
100
AcDbEntity
  8
可见轮廓
100
AcDbLine
 10
7.321695846860672
 20
107.75982182617763
 30
0.0
 11
7.336671892757268
 21
107.75928699826748
 31
0.0
  0
LINE
  5
39C
330
17
100
AcDbEntity
  8
可见轮廓
100
AcDbLine
 10
7.336671892757268
 20
107.75928699826748
 30
0.0
 11
7.351546827303428
 21
107.75839505660501
 31
0.0
  0
LINE
  5
39D
330
17
100
AcDbEntity
  8
可见轮廓
100
AcDbLine
 10
7.351546827303428
 20
107.75839505660501
 30
0.0
 11
7.366321048823224
 21
107.7571455415257
 31
0.0
  0
LINE
  5
39E
330
17
100
AcDbEntity
  8
可见轮廓
100
AcDbLine
 10
7.424418771120095
 20
107.74856255374898
 30
0.0
 11
7.496230092835411
 21
107.71845224752424
 31
0.0
  0
LINE
  5
39F
330
17
100
AcDbEntity
  8
可见轮廓
100
AcDbLine
 10
7.496230092835411
 20
107.71845224752424
 30
0.0
 11
7.517304490715599
 21
107.66635065657762
 31
0.0
  0
LINE
  5
3A0
330
17
100
AcDbEntity
  8
可见轮廓
100
AcDbLine
 10
7.517304490715599
 20
107.66635065657762
 30
0.0
 11
7.489559247281164
 21
107.5937260190381
 31
0.0
  0
LINE
  5
3A1
330
17
100
AcDbEntity
  8
可见轮廓
100
AcDbLine
 10
7.489559247281164
 20
107.5937260190381
 30
0.0
 11
7.4199287043818565
 21
107.50782662911489
 31
0.0
  0
LINE
  5
3A2
330
17
100
AcDbEntity
  8
可见轮廓
100
AcDbLine
 10
7.4199287043818565
 20
107.50782662911489
 30
0.0
 11
7.315015169742749
 21
107.4164584227725
 31
0.0
  0
LINE
  5
3A3
330
17
100
AcDbEntity
  8
可见轮廓
100
AcDbLine
 10
7.315015169742749
 20
107.4164584227725
 30
0.0
 11
7.177279130256565
 21
107.32997505063157
 31
0.0
  0
LINE
  5
3A4
330
17
100
AcDbEntity
  8
可见轮廓
100
AcDbLine
 10
7.177279130256565
 20
107.32997505063157
 30
0.0
 11
7.008378085098615
 21
107.26306645528179
 31
0.0
  0
LINE
  5
3A5
330
17
100
AcDbEntity
  8
可见轮廓
100
AcDbLine
 10
7.008378085098615
 20
107.26306645528179
 30
0.0
 11
6.817493836330316
 21
107.23625074620749
 31
0.0
  0
LINE
  5
3A6
330
17
100
AcDbEntity
  8
可见轮廓
100
AcDbLine
 10
9.689156717468835
 20
107.76
 30
0.0
 11
9.83747946037785
 21
107.73001919555678
 31
0.0
  0
LINE
  5
3A7
330
17
100
AcDbEntity
  8
可见轮廓
100
AcDbLine
 10
9.83747946037785
 20
107.73001919555678
 30
0.0
 11
9.972207596075698
 21
107.638612817578
 31
0.0
  0
LINE
  5
3A8
330
17
100
AcDbEntity
  8
可见轮廓
100
AcDbLine
 10
9.972207596075698
 20
107.638612817578
 30
0.0
 11
10.089855670320095
 21
107.48653824859234
 31
0.0
  0
LINE
  5
3A9
330
17
100
AcDbEntity
  8
可见轮廓
100
AcDbLine
 10
10.089855670320095
 20
107.48653824859234
 30
0.0
 11
10.188551831775907
 21
107.27487688375105
 31
0.0
  0
LINE
  5
3AA
330
17
100
AcDbEntity
  8
可见轮廓
100
AcDbLine
 10
10.188551831775907
 20
107.27487688375105
 30
0.0
 11
10.265639711140182
 21
107.01157888714575
 31
0.0
  0
LINE
  5
3AB
330
17
100
AcDbEntity
  8
可见轮廓
100
AcDbLine
 10
10.265639711140182
 20
107.01157888714575
 30
0.0
 11
10.321136869186025
 21
106.70297242360964
 31
0.0
  0
LINE
  5
3AC
330
17
100
AcDbEntity
  8
可见轮廓
100
AcDbLine
 10
10.321136869186025
 20
106.70297242360964
 30
0.0
 11
10.354171647149801
 21
106.36524393709978
 31
0.0
  0
LINE
  5
3AD
330
17
100
AcDbEntity
  8
可见轮廓
100
AcDbLine
 10
10.354171647149801
 20
106.36524393709978
 30
0.0
 11
10.365220774069801
 21
106.01
 31
0.0
  0
LINE
  5
3AE
330
17
100
AcDbEntity
  8
可见轮廓
100
AcDbLine
 10
32.1825061992204
 20
104.78374925379278
 30
0.0
 11
31.991726478719876
 21
104.75701828742085
 31
0.0
  0
LINE
  5
3AF
330
17
100
AcDbEntity
  8
可见轮廓
100
AcDbLine
 10
31.991726478719876
 20
104.75701828742085
 30
0.0
 11
31.822576160026777
 21
104.68994944001822
 31
0.0
  0
LINE
  5
3B0
330
17
100
AcDbEntity
  8
可见轮廓
100
AcDbLine
 10
31.822576160026777
 20
104.68994944001822
 30
0.0
 11
31.684432025537895
 21
104.60314912906581
 31
0.0
  0
LINE
  5
3B1
330
17
100
AcDbEntity
  8
可见轮廓
100
AcDbLine
 10
31.684432025537895
 20
104.60314912906581
 30
0.0
 11
31.579666105476928
 21
104.51175927054679
 31
0.0
  0
LINE
  5
3B2
330
17
100
AcDbEntity
  8
可见轮廓
100
AcDbLine
 10
31.579666105476928
 20
104.51175927054679
 30
0.0
 11
31.510335678089685
 21
104.42605602086267
 31
0.0
  0
LINE
  5
3B3
330
17
100
AcDbEntity
  8
可见轮廓
100
AcDbLine
 10
31.510335678089685
 20
104.42605602086267
 30
0.0
 11
31.482710758872656
 21
104.35386817347192
 31
0.0
  0
LINE
  5
3B4
330
17
100
AcDbEntity
  8
可见轮廓
100
AcDbLine
 10
31.482710758872656
 20
104.35386817347192
 30
0.0
 11
31.50375558555128
 21
104.30180085169017
 31
0.0
  0
LINE
  5
3B5
330
17
100
AcDbEntity
  8
可见轮廓
100
AcDbLine
 10
31.50375558555128
 20
104.30180085169017
 30
0.0
 11
31.575581264430458
 21
104.271437446251
 31
0.0
  0
LINE
  5
3B6
330
17
100
AcDbEntity
  8
可见轮廓
100
AcDbLine
 10
31.575581264430458
 20
104.271437446251
 30
0.0
 11
31.590024199660483
 21
104.26874127973433
 31
0.0
  0
LINE
  5
3B7
330
17
100
AcDbEntity
  8
可见轮廓
100
AcDbLine
 10
31.648601067065293
 20
104.26159414236228
 30
0.0
 11
31.663447037650755
 21
104.26070724118175
 31
0.0
  0
LINE
  5
3B8
330
17
100
AcDbEntity
  8
可见轮廓
100
AcDbLine
 10
31.663447037650755
 20
104.26070724118175
 30
0.0
 11
31.678373898575156
 21
104.26017649366175
 31
0.0
  0
LINE
  5
3B9
330
17
100
AcDbEntity
  8
可见轮廓
100
AcDbLine
 10
7.424418771120255
 20
104.271437446251
 30
0.0
 11
7.409975835890233
 21
104.26874127973433
 31
0.0
  0
LINE
  5
3BA
330
17
100
AcDbEntity
  8
可见轮廓
100
AcDbLine
 10
7.351398968485414
 20
104.26159414236228
 30
0.0
 11
7.336552997899945
 21
104.26070724118175
 31
0.0
  0
LINE
  5
3BB
330
17
100
AcDbEntity
  8
可见轮廓
100
AcDbLine
 10
7.336552997899945
 20
104.26070724118175
 30
0.0
 11
7.321626136975539
 21
104.26017649366175
 31
0.0
  0
LINE
  5
3BC
330
17
100
AcDbEntity
  8
可见轮廓
100
AcDbLine
 10
6.817493836330316
 20
104.78374925379278
 30
0.0
 11
7.008273556830835
 21
104.75701828742085
 31
0.0
  0
LINE
  5
3BD
330
17
100
AcDbEntity
  8
可见轮廓
100
AcDbLine
 10
7.008273556830835
 20
104.75701828742085
 30
0.0
 11
7.177423875523928
 21
104.68994944001822
 31
0.0
  0
LINE
  5
3BE
330
17
100
AcDbEntity
  8
可见轮廓
100
AcDbLine
 10
7.177423875523928
 20
104.68994944001822
 30
0.0
 11
7.315568010012813
 21
104.60314912906581
 31
0.0
  0
LINE
  5
3BF
330
17
100
AcDbEntity
  8
可见轮廓
100
AcDbLine
 10
7.315568010012813
 20
104.60314912906581
 30
0.0
 11
7.420333930073783
 21
104.51175927054682
 31
0.0
  0
LINE
  5
3C0
330
17
100
AcDbEntity
  8
可见轮廓
100
AcDbLine
 10
7.420333930073783
 20
104.51175927054682
 30
0.0
 11
7.489664357461024
 21
104.4260560208627
 31
0.0
  0
LINE
  5
3C1
330
17
100
AcDbEntity
  8
可见轮廓
100
AcDbLine
 10
7.489664357461024
 20
104.4260560208627
 30
0.0
 11
7.517289276678055
 21
104.35386817347192
 31
0.0
  0
LINE
  5
3C2
330
17
100
AcDbEntity
  8
可见轮廓
100
AcDbLine
 10
7.517289276678055
 20
104.35386817347192
 30
0.0
 11
7.496244449999432
 21
104.30180085169017
 31
0.0
  0
LINE
  5
3C3
330
17
100
AcDbEntity
  8
可见轮廓
100
AcDbLine
 10
7.496244449999432
 20
104.30180085169017
 30
0.0
 11
7.424418771120255
 21
104.271437446251
 31
0.0
  0
LINE
  5
3C4
330
17
100
AcDbEntity
  8
可见轮廓
100
AcDbLine
 10
10.365220774069801
 20
106.01
 30
0.0
 11
10.354215638395027
 21
105.65545268800234
 31
0.0
  0
LINE
  5
3C5
330
17
100
AcDbEntity
  8
可见轮廓
100
AcDbLine
 10
10.354215638395027
 20
105.65545268800234
 30
0.0
 11
10.32128440377279
 21
105.31811546389163
 31
0.0
  0
LINE
  5
3C6
330
17
100
AcDbEntity
  8
可见轮廓
100
AcDbLine
 10
10.32128440377279
 20
105.31811546389163
 30
0.0
 11
10.265977205896862
 21
105.00988427619221
 31
0.0
  0
LINE
  5
3C7
330
17
100
AcDbEntity
  8
可见轮廓
100
AcDbLine
 10
10.265977205896862
 20
105.00988427619221
 30
0.0
 11
10.188786992105666
 21
104.74576157346125
 31
0.0
  0
LINE
  5
3C8
330
17
100
AcDbEntity
  8
可见轮廓
100
AcDbLine
 10
10.188786992105666
 20
104.74576157346125
 30
0.0
 11
10.090489280158799
 21
104.5345277486473
 31
0.0
  0
LINE
  5
3C9
330
17
100
AcDbEntity
  8
可见轮廓
100
AcDbLine
 10
10.090489280158799
 20
104.5345277486473
 30
0.0
 11
9.972347895229667
 21
104.38152224137205
 31
0.0
  0
LINE
  5
3CA
330
17
100
AcDbEntity
  8
可见轮廓
100
AcDbLine
 10
9.972347895229667
 20
104.38152224137205
 30
0.0
 11
9.837718933797117
 21
104.29025015248725
 31
0.0
  0
LINE
  5
3CB
330
17
100
AcDbEntity
  8
可见轮廓
100
AcDbLine
 10
9.837718933797117
 20
104.29025015248725
 30
0.0
 11
9.689156717468835
 21
104.26
 31
0.0
  0
LINE
  5
3CC
330
17
100
AcDbEntity
  8
可见轮廓
100
AcDbLine
 10
28.63477926148095
 20
106.01
 30
0.0
 11
28.645784397155722
 21
105.65545268800234
 31
0.0
  0
LINE
  5
3CD
330
17
100
AcDbEntity
  8
可见轮廓
100
AcDbLine
 10
28.645784397155722
 20
105.65545268800234
 30
0.0
 11
28.678715631777962
 21
105.31811546389163
 31
0.0
  0
LINE
  5
3CE
330
17
100
AcDbEntity
  8
可见轮廓
100
AcDbLine
 10
28.678715631777962
 20
105.31811546389163
 30
0.0
 11
28.73402282965388
 21
105.00988427619224
 31
0.0
  0
LINE
  5
3CF
330
17
100
AcDbEntity
  8
可见轮廓
100
AcDbLine
 10
28.73402282965388
 20
105.00988427619224
 30
0.0
 11
28.81121304344508
 21
104.74576157346125
 31
0.0
  0
LINE
  5
3D0
330
17
100
AcDbEntity
  8
可见轮廓
100
AcDbLine
 10
28.81121304344508
 20
104.74576157346125
 30
0.0
 11
28.90951075539195
 21
104.53452774864728
 31
0.0
  0
LINE
  5
3D1
330
17
100
AcDbEntity
  8
可见轮廓
100
AcDbLine
 10
28.90951075539195
 20
104.53452774864728
 30
0.0
 11
29.027652140321077
 21
104.38152224137205
 31
0.0
  0
LINE
  5
3D2
330
17
100
AcDbEntity
  8
可见轮廓
100
AcDbLine
 10
29.027652140321077
 20
104.38152224137205
 30
0.0
 11
29.16228110175361
 21
104.29025015248725
 31
0.0
  0
LINE
  5
3D3
330
17
100
AcDbEntity
  8
可见轮廓
100
AcDbLine
 10
29.16228110175361
 20
104.29025015248725
 30
0.0
 11
29.310843318081876
 21
104.26
 31
0.0
  0
ARC
  5
3D4
330
17
100
AcDbEntity
  8
可见轮廓
100
AcDbCircle
 10
19.499999982224676
 20
109.50972858199098
 30
0.0
 40
3.5
100
AcDbArc
 50
0.0
 51
89.9999994180276
  0
ARC
  5
3D5
330
17
100
AcDbEntity
  8
可见轮廓
100
AcDbCircle
 10
19.499999982224676
 20
109.50972858199098
 30
0.0
 40
3.5
100
AcDbArc
 50
89.9999994180276
 51
180.0
  0
ARC
  5
3D6
330
17
100
AcDbEntity
  8
可见轮廓
100
AcDbCircle
 10
19.499999982224676
 20
102.50972858199098
 30
0.0
 40
3.5
100
AcDbArc
 50
180.0
 51
-89.99999941802767
  0
ARC
  5
3D7
330
17
100
AcDbEntity
  8
可见轮廓
100
AcDbCircle
 10
19.499999982224676
 20
102.50972858199098
 30
0.0
 40
3.5
100
AcDbArc
 50
-89.99999941802767
 51
0.0
  0
LINE
  5
3D8
330
17
100
AcDbEntity
  8
隐藏线
100
AcDbLine
 10
32.1825061992204
 20
107.23625074620749
 30
0.0
 11
33.71625310849788
 21
107.23625074620749
 31
0.0
  0
LINE
  5
3D9
330
17
100
AcDbEntity
  8
隐藏线
100
AcDbLine
 10
33.71625310849788
 20
107.23625074620749
 30
0.0
 11
35.25000001777538
 21
107.23625074620749
 31
0.0
  0
LINE
  5
3DA
330
17
100
AcDbEntity
  8
隐藏线
100
AcDbLine
 10
31.575581264430618
 20
107.74856255374898
 30
0.0
 11
31.553803437747867
 21
107.74331489855003
 31
0.0
  0
LINE
  5
3DB
330
17
100
AcDbEntity
  8
隐藏线
100
AcDbLine
 10
31.553803437747867
 20
107.74331489855003
 30
0.0
 11
31.53492132882689
 21
107.73685061292757
 31
0.0
  0
LINE
  5
3DC
330
17
100
AcDbEntity
  8
隐藏线
100
AcDbLine
 10
31.53492132882689
 20
107.73685061292757
 30
0.0
 11
31.518936238773776
 21
107.72915704249623
 31
0.0
  0
LINE
  5
3DD
330
17
100
AcDbEntity
  8
隐藏线
100
AcDbLine
 10
31.482511610238856
 20
107.67180701471433
 30
0.0
 11
31.48411980801619
 21
107.65536815531077
 31
0.0
  0
LINE
  5
3DE
330
17
100
AcDbEntity
  8
隐藏线
100
AcDbLine
 10
31.48411980801619
 20
107.65536815531077
 30
0.0
 11
31.488883553257132
 21
107.63763078277215
 31
0.0
  0
LINE
  5
3DF
330
17
100
AcDbEntity
  8
隐藏线
100
AcDbLine
 10
31.520831278576047
 20
107.57796501482333
 30
0.0
 11
31.536950334854104
 21
107.55635843511986
 31
0.0
  0
LINE
  5
3E0
330
17
100
AcDbEntity
  8
隐藏线
100
AcDbLine
 10
31.536950334854104
 20
107.55635843511986
 30
0.0
 11
31.555596457371237
 21
107.53410947341798
 31
0.0
  0
LINE
  5
3E1
330
17
100
AcDbEntity
  8
隐藏线
100
AcDbLine
 10
31.555596457371237
 20
107.53410947341798
 30
0.0
 11
31.576644941519355
 21
107.51134809763492
 31
0.0
  0
LINE
  5
3E2
330
17
100
AcDbEntity
  8
隐藏线
100
AcDbLine
 10
31.608644637690695
 20
107.48001677278386
 30
0.0
 11
31.644663078330197
 21
107.44831178744157
 31
0.0
  0
LINE
  5
3E3
330
17
100
AcDbEntity
  8
隐藏线
100
AcDbLine
 10
31.644663078330197
 20
107.44831178744157
 30
0.0
 11
31.684649673544243
 21
107.41670912240785
 31
0.0
  0
LINE
  5
3E4
330
17
100
AcDbEntity
  8
隐藏线
100
AcDbLine
 10
31.684649673544243
 20
107.41670912240785
 30
0.0
 11
31.728554214395587
 21
107.38568568012299
 31
0.0
  0
LINE
  5
3E5
330
17
100
AcDbEntity
  8
隐藏线
100
AcDbLine
 10
31.728554214395587
 20
107.38568568012299
 30
0.0
 11
31.776326491946975
 21
107.3557183630273
 31
0.0
  0
LINE
  5
3E6
330
17
100
AcDbEntity
  8
隐藏线
100
AcDbLine
 10
31.776326491946975
 20
107.3557183630273
 30
0.0
 11
31.827917859910233
 21
107.32728602017015
 31
0.0
  0
LINE
  5
3E7
330
17
100
AcDbEntity
  8
隐藏线
100
AcDbLine
 10
31.827917859910233
 20
107.32728602017015
 30
0.0
 11
31.88337807674394
 21
107.30117882923706
 31
0.0
  0
LINE
  5
3E8
330
17
100
AcDbEntity
  8
隐藏线
100
AcDbLine
 10
31.88337807674394
 20
107.30117882923706
 30
0.0
 11
31.942388676969514
 21
107.27835210999889
 31
0.0
  0
LINE
  5
3E9
330
17
100
AcDbEntity
  8
隐藏线
100
AcDbLine
 10
31.942388676969514
 20
107.27835210999889
 30
0.0
 11
31.95654349355818
 21
107.27361033451656
 31
0.0
  0
LINE
  5
3EA
330
17
100
AcDbEntity
  8
隐藏线
100
AcDbLine
 10
31.95654349355818
 20
107.27361033451656
 30
0.0
 11
31.970855470581643
 21
107.26910104879518
 31
0.0
  0
LINE
  5
3EB
330
17
100
AcDbEntity
  8
隐藏线
100
AcDbLine
 10
31.999925088161312
 20
107.26082187707978
 30
0.0
 11
32.01466981983168
 21
107.25707295630788
 31
0.0
  0
LINE
  5
3EC
330
17
100
AcDbEntity
  8
隐藏线
100
AcDbLine
 10
32.01466981983168
 20
107.25707295630788
 30
0.0
 11
32.02954589416518
 21
107.25359845574131
 31
0.0
  0
LINE
  5
3ED
330
17
100
AcDbEntity
  8
隐藏线
100
AcDbLine
 10
32.044546856718895
 20
107.25040885799116
 30
0.0
 11
32.059666253049905
 21
107.24751464566843
 31
0.0
  0
LINE
  5
3EE
330
17
100
AcDbEntity
  8
隐藏线
100
AcDbLine
 10
32.059666253049905
 20
107.24751464566843
 30
0.0
 11
32.07470439929429
 21
107.24495707129113
 31
0.0
  0
LINE
  5
3EF
330
17
100
AcDbEntity
  8
隐藏线
100
AcDbLine
 10
32.13582438879791
 20
107.23791040742934
 30
0.0
 11
32.151315173652186
 21
107.23699510011589
 31
0.0
  0
LINE
  5
3F0
330
17
100
AcDbEntity
  8
隐藏线
100
AcDbLine
 10
32.151315173652186
 20
107.23699510011589
 30
0.0
 11
32.16687784803656
 21
107.23643851635926
 31
0.0
  0
LINE
  5
3F1
330
17
100
AcDbEntity
  8
隐藏线
100
AcDbLine
 10
31.693381744261117
 20
107.76
 30
0.0
 11
29.310843318081876
 21
107.76
 31
0.0
  0
LINE
  5
3F2
330
17
100
AcDbEntity
  8
隐藏线
100
AcDbLine
 10
29.310843318081876
 20
107.76
 30
0.0
 11
29.2329363407745
 21
107.75212185518812
 31
0.0
  0
LINE
  5
3F3
330
17
100
AcDbEntity
  8
隐藏线
100
AcDbLine
 10
29.2329363407745
 20
107.75212185518812
 30
0.0
 11
29.158519645606145
 21
107.72828845565532
 31
0.0
  0
LINE
  5
3F4
330
17
100
AcDbEntity
  8
隐藏线
100
AcDbLine
 10
29.158519645606145
 20
107.72828845565532
 30
0.0
 11
29.087702574471855
 21
107.68820135375576
 31
0.0
  0
LINE
  5
3F5
330
17
100
AcDbEntity
  8
隐藏线
100
AcDbLine
 10
29.087702574471855
 20
107.68820135375576
 30
0.0
 11
29.020604556253126
 21
107.63157085550766
 31
0.0
  0
LINE
  5
3F6
330
17
100
AcDbEntity
  8
隐藏线
100
AcDbLine
 10
29.020604556253126
 20
107.63157085550766
 30
0.0
 11
28.95824778741856
 21
107.55900195498704
 31
0.0
  0
LINE
  5
3F7
330
17
100
AcDbEntity
  8
隐藏线
100
AcDbLine
 10
28.95824778741856
 20
107.55900195498704
 30
0.0
 11
28.90104175448198
 21
107.47091400520439
 31
0.0
  0
LINE
  5
3F8
330
17
100
AcDbEntity
  8
隐藏线
100
AcDbLine
 10
28.90104175448198
 20
107.47091400520439
 30
0.0
 11
28.848653204964144
 21
107.3667351299999
 31
0.0
  0
LINE
  5
3F9
330
17
100
AcDbEntity
  8
隐藏线
100
AcDbLine
 10
28.848653204964144
 20
107.3667351299999
 30
0.0
 11
28.801595176705344
 21
107.24743610282242
 31
0.0
  0
LINE
  5
3FA
330
17
100
AcDbEntity
  8
隐藏线
100
AcDbLine
 10
28.801595176705344
 20
107.24743610282242
 30
0.0
 11
28.762617987785994
 21
107.12278907252143
 31
0.0
  0
LINE
  5
3FB
330
17
100
AcDbEntity
  8
隐藏线
100
AcDbLine
 10
28.762617987785994
 20
107.12278907252143
 30
0.0
 11
28.72881456498316
 21
106.98705630332988
 31
0.0
  0
LINE
  5
3FC
330
17
100
AcDbEntity
  8
隐藏线
100
AcDbLine
 10
28.72881456498316
 20
106.98705630332988
 30
0.0
 11
28.699967649421453
 21
106.84003800396165
 31
0.0
  0
LINE
  5
3FD
330
17
100
AcDbEntity
  8
隐藏线
100
AcDbLine
 10
28.699967649421453
 20
106.84003800396165
 30
0.0
 11
28.67640422271633
 21
106.68455265361219
 31
0.0
  0
LINE
  5
3FE
330
17
100
AcDbEntity
  8
隐藏线
100
AcDbLine
 10
28.67640422271633
 20
106.68455265361219
 30
0.0
 11
28.658223318167593
 21
106.52297344568468
 31
0.0
  0
LINE
  5
3FF
330
17
100
AcDbEntity
  8
隐藏线
100
AcDbLine
 10
28.658223318167593
 20
106.52297344568468
 30
0.0
 11
28.645210437078717
 21
106.35532026883276
 31
0.0
  0
LINE
  5
400
330
17
100
AcDbEntity
  8
隐藏线
100
AcDbLine
 10
28.645210437078717
 20
106.35532026883276
 30
0.0
 11
28.637379267770754
 21
106.1832313385484
 31
0.0
  0
LINE
  5
401
330
17
100
AcDbEntity
  8
隐藏线
100
AcDbLine
 10
28.637379267770754
 20
106.1832313385484
 30
0.0
 11
28.63477926148095
 21
106.01
 31
0.0
  0
LINE
  5
402
330
17
100
AcDbEntity
  8
隐藏线
100
AcDbLine
 10
35.25000001777538
 20
106.01
 30
0.0
 11
35.25000001777538
 21
106.17952650789861
 31
0.0
  0
LINE
  5
403
330
17
100
AcDbEntity
  8
隐藏线
100
AcDbLine
 10
35.25000001777538
 20
106.17952650789861
 30
0.0
 11
35.25000001777538
 21
106.34741587127003
 31
0.0
  0
LINE
  5
404
330
17
100
AcDbEntity
  8
隐藏线
100
AcDbLine
 10
35.25000001777538
 20
106.34741587127003
 30
0.0
 11
35.25000001777538
 21
106.51219447493158
 31
0.0
  0
LINE
  5
405
330
17
100
AcDbEntity
  8
隐藏线
100
AcDbLine
 10
35.25000001777538
 20
106.51219447493158
 30
0.0
 11
35.25000001777538
 21
106.67241420287753
 31
0.0
  0
LINE
  5
406
330
17
100
AcDbEntity
  8
隐藏线
100
AcDbLine
 10
35.25000001777538
 20
106.67241420287753
 30
0.0
 11
35.25000001777538
 21
106.82601927806768
 31
0.0
  0
LINE
  5
407
330
17
100
AcDbEntity
  8
隐藏线
100
AcDbLine
 10
35.25000001777538
 20
106.82601927806768
 30
0.0
 11
35.25000001777538
 21
106.97203482136159
 31
0.0
  0
LINE
  5
408
330
17
100
AcDbEntity
  8
隐藏线
100
AcDbLine
 10
35.25000001777538
 20
106.97203482136159
 30
0.0
 11
35.25000001777538
 21
107.10918101553294
 31
0.0
  0
LINE
  5
409
330
17
100
AcDbEntity
  8
隐藏线
100
AcDbLine
 10
35.25000001777538
 20
107.10918101553294
 30
0.0
 11
35.25000001777538
 21
107.23625074620743
 31
0.0
  0
LINE
  5
40A
330
17
100
AcDbEntity
  8
隐藏线
100
AcDbLine
 10
9.689156717468837
 20
107.76
 30
0.0
 11
7.306618291289578
 21
107.76
 31
0.0
  0
LINE
  5
40B
330
17
100
AcDbEntity
  8
隐藏线
100
AcDbLine
 10
7.446196597802846
 20
107.74331489855003
 30
0.0
 11
7.465078706723819
 21
107.73685061292757
 31
0.0
  0
LINE
  5
40C
330
17
100
AcDbEntity
  8
隐藏线
100
AcDbLine
 10
7.465078706723819
 20
107.73685061292757
 30
0.0
 11
7.481063796776933
 21
107.72915704249623
 31
0.0
  0
LINE
  5
40D
330
17
100
AcDbEntity
  8
隐藏线
100
AcDbLine
 10
7.51748842531185
 20
107.6718070147143
 30
0.0
 11
7.5158802275345185
 21
107.65536815531077
 31
0.0
  0
LINE
  5
40E
330
17
100
AcDbEntity
  8
隐藏线
100
AcDbLine
 10
7.5158802275345185
 20
107.65536815531077
 30
0.0
 11
7.511116482293575
 21
107.63763078277215
 31
0.0
  0
LINE
  5
40F
330
17
100
AcDbEntity
  8
隐藏线
100
AcDbLine
 10
7.4791687569746585
 20
107.57796501482333
 30
0.0
 11
7.463049700696601
 21
107.55635843511986
 31
0.0
  0
LINE
  5
410
330
17
100
AcDbEntity
  8
隐藏线
100
AcDbLine
 10
7.463049700696601
 20
107.55635843511986
 30
0.0
 11
7.4444035781794735
 21
107.53410947341801
 31
0.0
  0
LINE
  5
411
330
17
100
AcDbEntity
  8
隐藏线
100
AcDbLine
 10
7.4444035781794735
 20
107.53410947341801
 30
0.0
 11
7.423355094031356
 21
107.51134809763492
 31
0.0
  0
LINE
  5
412
330
17
100
AcDbEntity
  8
隐藏线
100
AcDbLine
 10
7.391355397860021
 20
107.48001677278386
 30
0.0
 11
7.355336957220523
 21
107.4483117874416
 31
0.0
  0
LINE
  5
413
330
17
100
AcDbEntity
  8
隐藏线
100
AcDbLine
 10
7.355336957220523
 20
107.4483117874416
 30
0.0
 11
7.31535036200648
 21
107.41670912240788
 31
0.0
  0
LINE
  5
414
330
17
100
AcDbEntity
  8
隐藏线
100
AcDbLine
 10
7.31535036200648
 20
107.41670912240788
 30
0.0
 11
7.271445821155142
 21
107.38568568012302
 31
0.0
  0
LINE
  5
415
330
17
100
AcDbEntity
  8
隐藏线
100
AcDbLine
 10
7.271445821155142
 20
107.38568568012302
 30
0.0
 11
7.223673543603761
 21
107.35571836302732
 31
0.0
  0
LINE
  5
416
330
17
100
AcDbEntity
  8
隐藏线
100
AcDbLine
 10
7.223673543603761
 20
107.35571836302732
 30
0.0
 11
7.172082175640506
 21
107.32728602017012
 31
0.0
  0
LINE
  5
417
330
17
100
AcDbEntity
  8
隐藏线
100
AcDbLine
 10
7.172082175640506
 20
107.32728602017012
 30
0.0
 11
7.116621958806803
 21
107.30117882923706
 31
0.0
  0
LINE
  5
418
330
17
100
AcDbEntity
  8
隐藏线
100
AcDbLine
 10
7.116621958806803
 20
107.30117882923706
 30
0.0
 11
7.05761135858123
 21
107.27835210999892
 31
0.0
  0
LINE
  5
419
330
17
100
AcDbEntity
  8
隐藏线
100
AcDbLine
 10
7.05761135858123
 20
107.27835210999892
 30
0.0
 11
7.04345654199258
 21
107.27361033451653
 31
0.0
  0
LINE
  5
41A
330
17
100
AcDbEntity
  8
隐藏线
100
AcDbLine
 10
7.04345654199258
 20
107.27361033451653
 30
0.0
 11
7.029144564969123
 21
107.26910104879518
 31
0.0
  0
LINE
  5
41B
330
17
100
AcDbEntity
  8
隐藏线
100
AcDbLine
 10
7.0000749473894714
 20
107.26082187707975
 30
0.0
 11
6.985330215719111
 21
107.25707295630785
 31
0.0
  0
LINE
  5
41C
330
17
100
AcDbEntity
  8
隐藏线
100
AcDbLine
 10
6.985330215719111
 20
107.25707295630785
 30
0.0
 11
6.97045414138562
 21
107.25359845574131
 31
0.0
  0
LINE
  5
41D
330
17
100
AcDbEntity
  8
隐藏线
100
AcDbLine
 10
6.955453178831915
 20
107.25040885799116
 30
0.0
 11
6.940333782500915
 21
107.24751464566852
 31
0.0
  0
LINE
  5
41E
330
17
100
AcDbEntity
  8
隐藏线
100
AcDbLine
 10
6.940333782500915
 20
107.24751464566852
 30
0.0
 11
6.925295636256523
 21
107.24495707129113
 31
0.0
  0
LINE
  5
41F
330
17
100
AcDbEntity
  8
隐藏线
100
AcDbLine
 10
6.864175646752848
 20
107.23791040742931
 30
0.0
 11
6.848684861898551
 21
107.23699510011586
 31
0.0
  0
LINE
  5
420
330
17
100
AcDbEntity
  8
隐藏线
100
AcDbLine
 10
6.848684861898551
 20
107.23699510011586
 30
0.0
 11
6.833122187514164
 21
107.23643851635923
 31
0.0
  0
LINE
  5
421
330
17
100
AcDbEntity
  8
隐藏线
100
AcDbLine
 10
6.817493836330318
 20
107.23625074620749
 30
0.0
 11
5.283746927052846
 21
107.23625074620749
 31
0.0
  0
LINE
  5
422
330
17
100
AcDbEntity
  8
隐藏线
100
AcDbLine
 10
5.283746927052846
 20
107.23625074620749
 30
0.0
 11
3.750000017775374
 21
107.23625074620749
 31
0.0
  0
LINE
  5
423
330
17
100
AcDbEntity
  8
隐藏线
100
AcDbLine
 10
3.7500000177753776
 20
106.01
 30
0.0
 11
3.7500000177753776
 21
106.17952650789861
 31
0.0
  0
LINE
  5
424
330
17
100
AcDbEntity
  8
隐藏线
100
AcDbLine
 10
3.7500000177753776
 20
106.17952650789861
 30
0.0
 11
3.7500000177753776
 21
106.34741587127003
 31
0.0
  0
LINE
  5
425
330
17
100
AcDbEntity
  8
隐藏线
100
AcDbLine
 10
3.7500000177753776
 20
106.34741587127003
 30
0.0
 11
3.7500000177753776
 21
106.51219447493158
 31
0.0
  0
LINE
  5
426
330
17
100
AcDbEntity
  8
隐藏线
100
AcDbLine
 10
3.7500000177753776
 20
106.51219447493158
 30
0.0
 11
3.7500000177753776
 21
106.67241420287753
 31
0.0
  0
LINE
  5
427
330
17
100
AcDbEntity
  8
隐藏线
100
AcDbLine
 10
3.7500000177753776
 20
106.67241420287753
 30
0.0
 11
3.7500000177753776
 21
106.82601927806768
 31
0.0
  0
LINE
  5
428
330
17
100
AcDbEntity
  8
隐藏线
100
AcDbLine
 10
3.7500000177753776
 20
106.82601927806768
 30
0.0
 11
3.7500000177753776
 21
106.97203482136159
 31
0.0
  0
LINE
  5
429
330
17
100
AcDbEntity
  8
隐藏线
100
AcDbLine
 10
3.7500000177753776
 20
106.97203482136159
 30
0.0
 11
3.7500000177753776
 21
107.10918101553294
 31
0.0
  0
LINE
  5
42A
330
17
100
AcDbEntity
  8
隐藏线
100
AcDbLine
 10
3.7500000177753776
 20
107.10918101553294
 30
0.0
 11
3.7500000177753776
 21
107.23625074620743
 31
0.0
  0
LINE
  5
42B
330
17
100
AcDbEntity
  8
隐藏线
100
AcDbLine
 10
9.689156717468835
 20
107.76
 30
0.0
 11
9.767063694776215
 21
107.75212185518812
 31
0.0
  0
LINE
  5
42C
330
17
100
AcDbEntity
  8
隐藏线
100
AcDbLine
 10
9.767063694776215
 20
107.75212185518812
 30
0.0
 11
9.841480389944582
 21
107.72828845565529
 31
0.0
  0
LINE
  5
42D
330
17
100
AcDbEntity
  8
隐藏线
100
AcDbLine
 10
9.841480389944582
 20
107.72828845565529
 30
0.0
 11
9.912297461078884
 21
107.68820135375573
 31
0.0
  0
LINE
  5
42E
330
17
100
AcDbEntity
  8
隐藏线
100
AcDbLine
 10
9.912297461078884
 20
107.68820135375573
 30
0.0
 11
9.97939547929762
 21
107.63157085550763
 31
0.0
  0
LINE
  5
42F
330
17
100
AcDbEntity
  8
隐藏线
100
AcDbLine
 10
9.97939547929762
 20
107.63157085550763
 30
0.0
 11
10.04175224813219
 21
107.55900195498704
 31
0.0
  0
LINE
  5
430
330
17
100
AcDbEntity
  8
隐藏线
100
AcDbLine
 10
10.04175224813219
 20
107.55900195498704
 30
0.0
 11
10.09895828106877
 21
107.47091400520436
 31
0.0
  0
LINE
  5
431
330
17
100
AcDbEntity
  8
隐藏线
100
AcDbLine
 10
10.09895828106877
 20
107.47091400520436
 30
0.0
 11
10.151346830586606
 21
107.36673512999987
 31
0.0
  0
LINE
  5
432
330
17
100
AcDbEntity
  8
隐藏线
100
AcDbLine
 10
10.151346830586606
 20
107.36673512999987
 30
0.0
 11
10.198404858845407
 21
107.24743610282245
 31
0.0
  0
LINE
  5
433
330
17
100
AcDbEntity
  8
隐藏线
100
AcDbLine
 10
10.198404858845407
 20
107.24743610282245
 30
0.0
 11
10.237382047764754
 21
107.12278907252143
 31
0.0
  0
LINE
  5
434
330
17
100
AcDbEntity
  8
隐藏线
100
AcDbLine
 10
10.237382047764754
 20
107.12278907252143
 30
0.0
 11
10.271185470567588
 21
106.9870563033298
 31
0.0
  0
LINE
  5
435
330
17
100
AcDbEntity
  8
隐藏线
100
AcDbLine
 10
10.271185470567588
 20
106.9870563033298
 30
0.0
 11
10.300032386129303
 21
106.84003800396157
 31
0.0
  0
LINE
  5
436
330
17
100
AcDbEntity
  8
隐藏线
100
AcDbLine
 10
10.300032386129303
 20
106.84003800396157
 30
0.0
 11
10.323595812834421
 21
106.68455265361219
 31
0.0
  0
LINE
  5
437
330
17
100
AcDbEntity
  8
隐藏线
100
AcDbLine
 10
10.323595812834421
 20
106.68455265361219
 30
0.0
 11
10.341776717383155
 21
106.52297344568471
 31
0.0
  0
LINE
  5
438
330
17
100
AcDbEntity
  8
隐藏线
100
AcDbLine
 10
10.341776717383155
 20
106.52297344568471
 30
0.0
 11
10.354789598472031
 21
106.35532026883276
 31
0.0
  0
LINE
  5
439
330
17
100
AcDbEntity
  8
隐藏线
100
AcDbLine
 10
10.354789598472031
 20
106.35532026883276
 30
0.0
 11
10.362620767779994
 21
106.18323133854837
 31
0.0
  0
LINE
  5
43A
330
17
100
AcDbEntity
  8
隐藏线
100
AcDbLine
 10
10.362620767779994
 20
106.18323133854837
 30
0.0
 11
10.365220774069801
 21
106.01
 31
0.0
  0
LINE
  5
43B
330
17
100
AcDbEntity
  8
隐藏线
100
AcDbLine
 10
35.25000001777538
 20
104.78374925379278
 30
0.0
 11
35.25000001777538
 21
100.3968746268964
 31
0.0
  0
LINE
  5
43C
330
17
100
AcDbEntity
  8
隐藏线
100
AcDbLine
 10
35.25000001777538
 20
100.3968746268964
 30
0.0
 11
35.25000001777538
 21
96.01
 31
0.0
  0
LINE
  5
43D
330
17
100
AcDbEntity
  8
隐藏线
100
AcDbLine
 10
35.25000001777538
 20
96.01
 30
0.0
 11
33.71625310849788
 21
96.01
 31
0.0
  0
LINE
  5
43E
330
17
100
AcDbEntity
  8
隐藏线
100
AcDbLine
 10
33.71625310849788
 20
96.01
 30
0.0
 11
32.1825061992204
 21
96.01
 31
0.0
  0
LINE
  5
43F
330
17
100
AcDbEntity
  8
隐藏线
100
AcDbLine
 10
35.25000001777538
 20
104.78374925379278
 30
0.0
 11
33.71625310849788
 21
104.78374925379278
 31
0.0
  0
LINE
  5
440
330
17
100
AcDbEntity
  8
隐藏线
100
AcDbLine
 10
33.71625310849788
 20
104.78374925379278
 30
0.0
 11
32.1825061992204
 21
104.78374925379278
 31
0.0
  0
LINE
  5
441
330
17
100
AcDbEntity
  8
隐藏线
100
AcDbLine
 10
31.57558126443059
 20
116.01
 30
0.0
 11
31.554229473495433
 21
116.01
 31
0.0
  0
LINE
  5
442
330
17
100
AcDbEntity
  8
隐藏线
100
AcDbLine
 10
31.554229473495433
 20
116.01
 30
0.0
 11
31.535496904729236
 21
116.01
 31
0.0
  0
LINE
  5
443
330
17
100
AcDbEntity
  8
隐藏线
100
AcDbLine
 10
31.535496904729236
 20
116.01
 30
0.0
 11
31.51945747139191
 21
116.01
 31
0.0
  0
LINE
  5
444
330
17
100
AcDbEntity
  8
隐藏线
100
AcDbLine
 10
31.62782967584667
 20
116.01
 30
0.0
 11
31.688252480313345
 21
116.01
 31
0.0
  0
LINE
  5
445
330
17
100
AcDbEntity
  8
隐藏线
100
AcDbLine
 10
31.688252480313345
 20
116.01
 30
0.0
 11
31.75694377590414
 21
116.01
 31
0.0
  0
LINE
  5
446
330
17
100
AcDbEntity
  8
隐藏线
100
AcDbLine
 10
31.75694377590414
 20
116.01
 30
0.0
 11
31.832812987748177
 21
116.01
 31
0.0
  0
LINE
  5
447
330
17
100
AcDbEntity
  8
隐藏线
100
AcDbLine
 10
31.832812987748177
 20
116.01
 30
0.0
 11
31.91501754160914
 21
116.01
 31
0.0
  0
LINE
  5
448
330
17
100
AcDbEntity
  8
隐藏线
100
AcDbLine
 10
31.91501754160914
 20
116.01
 30
0.0
 11
32.00163026705958
 21
116.01
 31
0.0
  0
LINE
  5
449
330
17
100
AcDbEntity
  8
隐藏线
100
AcDbLine
 10
32.00163026705958
 20
116.01
 30
0.0
 11
32.09126891013578
 21
116.01
 31
0.0
  0
LINE
  5
44A
330
17
100
AcDbEntity
  8
隐藏线
100
AcDbLine
 10
32.09126891013578
 20
116.01
 30
0.0
 11
32.1825061992204
 21
116.01
 31
0.0
  0
LINE
  5
44B
330
17
100
AcDbEntity
  8
隐藏线
100
AcDbLine
 10
31.693381744261146
 20
107.76
 30
0.0
 11
31.85190231889547
 21
107.76
 31
0.0
  0
LINE
  5
44C
330
17
100
AcDbEntity
  8
隐藏线
100
AcDbLine
 10
31.85190231889547
 20
107.76
 30
0.0
 11
32.01754932511177
 21
107.76
 31
0.0
  0
LINE
  5
44D
330
17
100
AcDbEntity
  8
隐藏线
100
AcDbLine
 10
32.01754932511177
 20
107.76
 30
0.0
 11
32.19019246054833
 21
107.76
 31
0.0
  0
LINE
  5
44E
330
17
100
AcDbEntity
  8
隐藏线
100
AcDbLine
 10
32.19019246054833
 20
107.76
 30
0.0
 11
32.3696962936187
 21
107.76
 31
0.0
  0
LINE
  5
44F
330
17
100
AcDbEntity
  8
隐藏线
100
AcDbLine
 10
32.3696962936187
 20
107.76
 30
0.0
 11
32.55646449240597
 21
107.76
 31
0.0
  0
LINE
  5
450
330
17
100
AcDbEntity
  8
隐藏线
100
AcDbLine
 10
32.55646449240597
 20
107.76
 30
0.0
 11
32.749776914334916
 21
107.76
 31
0.0
  0
LINE
  5
451
330
17
100
AcDbEntity
  8
隐藏线
100
AcDbLine
 10
32.749776914334916
 20
107.76
 30
0.0
 11
32.94948154109736
 21
107.76
 31
0.0
  0
LINE
  5
452
330
17
100
AcDbEntity
  8
隐藏线
100
AcDbLine
 10
32.94948154109736
 20
107.76
 30
0.0
 11
33.15542166792862
 21
107.76
 31
0.0
  0
LINE
  5
453
330
17
100
AcDbEntity
  8
隐藏线
100
AcDbLine
 10
33.15542166792862
 20
107.76
 30
0.0
 11
33.20403846346444
 21
107.76
 31
0.0
  0
LINE
  5
454
330
17
100
AcDbEntity
  8
隐藏线
100
AcDbLine
 10
33.20403846346444
 20
107.76
 30
0.0
 11
33.25297765383208
 21
107.76
 31
0.0
  0
LINE
  5
455
330
17
100
AcDbEntity
  8
隐藏线
100
AcDbLine
 10
33.25297765383208
 20
107.76
 30
0.0
 11
33.30223717837099
 21
107.76
 31
0.0
  0
LINE
  5
456
330
17
100
AcDbEntity
  8
隐藏线
100
AcDbLine
 10
33.30223717837099
 20
107.76
 30
0.0
 11
33.3518149638344
 21
107.76
 31
0.0
  0
LINE
  5
457
330
17
100
AcDbEntity
  8
隐藏线
100
AcDbLine
 10
33.3518149638344
 20
107.76
 30
0.0
 11
33.401735044766994
 21
107.76
 31
0.0
  0
LINE
  5
458
330
17
100
AcDbEntity
  8
隐藏线
100
AcDbLine
 10
33.401735044766994
 20
107.76
 30
0.0
 11
33.45196877917487
 21
107.76
 31
0.0
  0
LINE
  5
459
330
17
100
AcDbEntity
  8
隐藏线
100
AcDbLine
 10
33.45196877917487
 20
107.76
 30
0.0
 11
33.50251405191289
 21
107.76
 31
0.0
  0
LINE
  5
45A
330
17
100
AcDbEntity
  8
隐藏线
100
AcDbLine
 10
33.50251405191289
 20
107.76
 30
0.0
 11
33.55336873559535
 21
107.76
 31
0.0
  0
LINE
  5
45B
330
17
100
AcDbEntity
  8
隐藏线
100
AcDbLine
 10
33.55336873559535
 20
107.76
 30
0.0
 11
33.75094594604346
 21
107.76
 31
0.0
  0
LINE
  5
45C
330
17
100
AcDbEntity
  8
隐藏线
100
AcDbLine
 10
33.75094594604346
 20
107.76
 30
0.0
 11
33.952881979569014
 21
107.76
 31
0.0
  0
LINE
  5
45D
330
17
100
AcDbEntity
  8
隐藏线
100
AcDbLine
 10
33.952881979569014
 20
107.76
 30
0.0
 11
34.15905236382464
 21
107.76
 31
0.0
  0
LINE
  5
45E
330
17
100
AcDbEntity
  8
隐藏线
100
AcDbLine
 10
34.15905236382464
 20
107.76
 30
0.0
 11
34.3693301921368
 21
107.76
 31
0.0
  0
LINE
  5
45F
330
17
100
AcDbEntity
  8
隐藏线
100
AcDbLine
 10
34.3693301921368
 20
107.76
 30
0.0
 11
34.583903391522774
 21
107.76
 31
0.0
  0
LINE
  5
460
330
17
100
AcDbEntity
  8
隐藏线
100
AcDbLine
 10
34.583903391522774
 20
107.76
 30
0.0
 11
34.802296180569925
 21
107.76
 31
0.0
  0
LINE
  5
461
330
17
100
AcDbEntity
  8
隐藏线
100
AcDbLine
 10
34.802296180569925
 20
107.76
 30
0.0
 11
35.024373961435145
 21
107.76
 31
0.0
  0
LINE
  5
462
330
17
100
AcDbEntity
  8
隐藏线
100
AcDbLine
 10
35.024373961435145
 20
107.76
 30
0.0
 11
35.25000001777538
 21
107.76
 31
0.0
  0
LINE
  5
463
330
17
100
AcDbEntity
  8
隐藏线
100
AcDbLine
 10
35.25000001777538
 20
116.01
 30
0.0
 11
35.024373961435145
 21
116.01
 31
0.0
  0
LINE
  5
464
330
17
100
AcDbEntity
  8
隐藏线
100
AcDbLine
 10
35.024373961435145
 20
116.01
 30
0.0
 11
34.802296180569925
 21
116.01
 31
0.0
  0
LINE
  5
465
330
17
100
AcDbEntity
  8
隐藏线
100
AcDbLine
 10
34.802296180569925
 20
116.01
 30
0.0
 11
34.58390339152278
 21
116.01
 31
0.0
  0
LINE
  5
466
330
17
100
AcDbEntity
  8
隐藏线
100
AcDbLine
 10
34.58390339152278
 20
116.01
 30
0.0
 11
34.3693301921368
 21
116.01
 31
0.0
  0
LINE
  5
467
330
17
100
AcDbEntity
  8
隐藏线
100
AcDbLine
 10
34.3693301921368
 20
116.01
 30
0.0
 11
34.15905236382464
 21
116.01
 31
0.0
  0
LINE
  5
468
330
17
100
AcDbEntity
  8
隐藏线
100
AcDbLine
 10
34.15905236382464
 20
116.01
 30
0.0
 11
33.952881979569014
 21
116.01
 31
0.0
  0
LINE
  5
469
330
17
100
AcDbEntity
  8
隐藏线
100
AcDbLine
 10
33.952881979569014
 20
116.01
 30
0.0
 11
33.75094594604346
 21
116.01
 31
0.0
  0
LINE
  5
46A
330
17
100
AcDbEntity
  8
隐藏线
100
AcDbLine
 10
33.75094594604346
 20
116.01
 30
0.0
 11
33.55336873559535
 21
116.01
 31
0.0
  0
LINE
  5
46B
330
17
100
AcDbEntity
  8
隐藏线
100
AcDbLine
 10
33.55336873559535
 20
116.01
 30
0.0
 11
33.26611734190747
 21
116.01
 31
0.0
  0
LINE
  5
46C
330
17
100
AcDbEntity
  8
隐藏线
100
AcDbLine
 10
33.26611734190747
 20
116.01
 30
0.0
 11
32.98941589210936
 21
116.01
 31
0.0
  0
LINE
  5
46D
330
17
100
AcDbEntity
  8
隐藏线
100
AcDbLine
 10
32.98941589210936
 20
116.01
 30
0.0
 11
32.72364750771473
 21
116.01
 31
0.0
  0
LINE
  5
46E
330
17
100
AcDbEntity
  8
隐藏线
100
AcDbLine
 10
32.72364750771473
 20
116.01
 30
0.0
 11
32.46918116288337
 21
116.01
 31
0.0
  0
LINE
  5
46F
330
17
100
AcDbEntity
  8
隐藏线
100
AcDbLine
 10
32.46918116288337
 20
116.01
 30
0.0
 11
32.22737898585785
 21
116.01
 31
0.0
  0
LINE
  5
470
330
17
100
AcDbEntity
  8
隐藏线
100
AcDbLine
 10
32.22737898585785
 20
116.01
 30
0.0
 11
31.9976356458775
 21
116.01
 31
0.0
  0
LINE
  5
471
330
17
100
AcDbEntity
  8
隐藏线
100
AcDbLine
 10
31.9976356458775
 20
116.01
 30
0.0
 11
31.78026909366848
 21
116.01
 31
0.0
  0
LINE
  5
472
330
17
100
AcDbEntity
  8
隐藏线
100
AcDbLine
 10
31.78026909366848
 20
116.01
 30
0.0
 11
31.57558126443064
 21
116.01
 31
0.0
  0
LINE
  5
473
330
17
100
AcDbEntity
  8
隐藏线
100
AcDbLine
 10
7.3066182912895865
 20
107.76
 30
0.0
 11
7.1480977166552595
 21
107.76
 31
0.0
  0
LINE
  5
474
330
17
100
AcDbEntity
  8
隐藏线
100
AcDbLine
 10
7.1480977166552595
 20
107.76
 30
0.0
 11
6.982450710438956
 21
107.76
 31
0.0
  0
LINE
  5
475
330
17
100
AcDbEntity
  8
隐藏线
100
AcDbLine
 10
6.982450710438956
 20
107.76
 30
0.0
 11
6.809807575002388
 21
107.76
 31
0.0
  0
LINE
  5
476
330
17
100
AcDbEntity
  8
隐藏线
100
AcDbLine
 10
6.809807575002388
 20
107.76
 30
0.0
 11
6.630303741932018
 21
107.76
 31
0.0
  0
LINE
  5
477
330
17
100
AcDbEntity
  8
隐藏线
100
AcDbLine
 10
6.630303741932018
 20
107.76
 30
0.0
 11
6.443535543144749
 21
107.76
 31
0.0
  0
LINE
  5
478
330
17
100
AcDbEntity
  8
隐藏线
100
AcDbLine
 10
6.443535543144749
 20
107.76
 30
0.0
 11
6.2502231212158
 21
107.76
 31
0.0
  0
LINE
  5
479
330
17
100
AcDbEntity
  8
隐藏线
100
AcDbLine
 10
6.2502231212158
 20
107.76
 30
0.0
 11
6.050518494453351
 21
107.76
 31
0.0
  0
LINE
  5
47A
330
17
100
AcDbEntity
  8
隐藏线
100
AcDbLine
 10
6.050518494453351
 20
107.76
 30
0.0
 11
5.844578367622084
 21
107.76
 31
0.0
  0
LINE
  5
47B
330
17
100
AcDbEntity
  8
隐藏线
100
AcDbLine
 10
5.844578367622084
 20
107.76
 30
0.0
 11
5.79596157208627
 21
107.76
 31
0.0
  0
LINE
  5
47C
330
17
100
AcDbEntity
  8
隐藏线
100
AcDbLine
 10
5.79596157208627
 20
107.76
 30
0.0
 11
5.747022381718635
 21
107.76
 31
0.0
  0
LINE
  5
47D
330
17
100
AcDbEntity
  8
隐藏线
100
AcDbLine
 10
5.747022381718635
 20
107.76
 30
0.0
 11
5.697762857179727
 21
107.76
 31
0.0
  0
LINE
  5
47E
330
17
100
AcDbEntity
  8
隐藏线
100
AcDbLine
 10
5.697762857179727
 20
107.76
 30
0.0
 11
5.648185071716323
 21
107.76
 31
0.0
  0
LINE
  5
47F
330
17
100
AcDbEntity
  8
隐藏线
100
AcDbLine
 10
5.648185071716323
 20
107.76
 30
0.0
 11
5.598264990783729
 21
107.76
 31
0.0
  0
LINE
  5
480
330
17
100
AcDbEntity
  8
隐藏线
100
AcDbLine
 10
5.598264990783729
 20
107.76
 30
0.0
 11
5.5480312563758645
 21
107.76
 31
0.0
  0
LINE
  5
481
330
17
100
AcDbEntity
  8
隐藏线
100
AcDbLine
 10
5.5480312563758645
 20
107.76
 30
0.0
 11
5.497485983637846
 21
107.76
 31
0.0
  0
LINE
  5
482
330
17
100
AcDbEntity
  8
隐藏线
100
AcDbLine
 10
5.497485983637846
 20
107.76
 30
0.0
 11
5.4466312999553885
 21
107.76
 31
0.0
  0
LINE
  5
483
330
17
100
AcDbEntity
  8
隐藏线
100
AcDbLine
 10
5.4466312999553885
 20
107.76
 30
0.0
 11
5.249054089507279
 21
107.76
 31
0.0
  0
LINE
  5
484
330
17
100
AcDbEntity
  8
隐藏线
100
AcDbLine
 10
5.249054089507279
 20
107.76
 30
0.0
 11
5.047118055981725
 21
107.76
 31
0.0
  0
LINE
  5
485
330
17
100
AcDbEntity
  8
隐藏线
100
AcDbLine
 10
5.047118055981725
 20
107.76
 30
0.0
 11
4.840947671726104
 21
107.76
 31
0.0
  0
LINE
  5
486
330
17
100
AcDbEntity
  8
隐藏线
100
AcDbLine
 10
4.840947671726104
 20
107.76
 30
0.0
 11
4.6306698434139495
 21
107.76
 31
0.0
  0
LINE
  5
487
330
17
100
AcDbEntity
  8
隐藏线
100
AcDbLine
 10
4.6306698434139495
 20
107.76
 30
0.0
 11
4.4160966440279665
 21
107.76
 31
0.0
  0
LINE
  5
488
330
17
100
AcDbEntity
  8
隐藏线
100
AcDbLine
 10
4.4160966440279665
 20
107.76
 30
0.0
 11
4.1977038549808245
 21
107.76
 31
0.0
  0
LINE
  5
489
330
17
100
AcDbEntity
  8
隐藏线
100
AcDbLine
 10
4.1977038549808245
 20
107.76
 30
0.0
 11
3.975626074115606
 21
107.76
 31
0.0
  0
LINE
  5
48A
330
17
100
AcDbEntity
  8
隐藏线
100
AcDbLine
 10
3.975626074115606
 20
107.76
 30
0.0
 11
3.7500000177753794
 21
107.76
 31
0.0
  0
LINE
  5
48B
330
17
100
AcDbEntity
  8
隐藏线
100
AcDbLine
 10
3.7500000177753776
 20
116.01
 30
0.0
 11
3.9756260741156044
 21
116.01
 31
0.0
  0
LINE
  5
48C
330
17
100
AcDbEntity
  8
隐藏线
100
AcDbLine
 10
3.9756260741156044
 20
116.01
 30
0.0
 11
4.197703854980823
 21
116.01
 31
0.0
  0
LINE
  5
48D
330
17
100
AcDbEntity
  8
隐藏线
100
AcDbLine
 10
4.197703854980823
 20
116.01
 30
0.0
 11
4.4160966440279665
 21
116.01
 31
0.0
  0
LINE
  5
48E
330
17
100
AcDbEntity
  8
隐藏线
100
AcDbLine
 10
4.4160966440279665
 20
116.01
 30
0.0
 11
4.630669843413948
 21
116.01
 31
0.0
  0
LINE
  5
48F
330
17
100
AcDbEntity
  8
隐藏线
100
AcDbLine
 10
4.630669843413948
 20
116.01
 30
0.0
 11
4.840947671726104
 21
116.01
 31
0.0
  0
LINE
  5
490
330
17
100
AcDbEntity
  8
隐藏线
100
AcDbLine
 10
4.840947671726104
 20
116.01
 30
0.0
 11
5.0471180559817235
 21
116.01
 31
0.0
  0
LINE
  5
491
330
17
100
AcDbEntity
  8
隐藏线
100
AcDbLine
 10
5.0471180559817235
 20
116.01
 30
0.0
 11
5.249054089507277
 21
116.01
 31
0.0
  0
LINE
  5
492
330
17
100
AcDbEntity
  8
隐藏线
100
AcDbLine
 10
5.249054089507277
 20
116.01
 30
0.0
 11
5.4466312999553885
 21
116.01
 31
0.0
  0
LINE
  5
493
330
17
100
AcDbEntity
  8
隐藏线
100
AcDbLine
 10
5.4466312999553885
 20
116.01
 30
0.0
 11
5.733882693643272
 21
116.01
 31
0.0
  0
LINE
  5
494
330
17
100
AcDbEntity
  8
隐藏线
100
AcDbLine
 10
5.733882693643272
 20
116.01
 30
0.0
 11
6.0105841434413705
 21
116.01
 31
0.0
  0
LINE
  5
495
330
17
100
AcDbEntity
  8
隐藏线
100
AcDbLine
 10
6.0105841434413705
 20
116.01
 30
0.0
 11
6.2763525278360035
 21
116.01
 31
0.0
  0
LINE
  5
496
330
17
100
AcDbEntity
  8
隐藏线
100
AcDbLine
 10
6.2763525278360035
 20
116.01
 30
0.0
 11
6.530818872667362
 21
116.01
 31
0.0
  0
LINE
  5
497
330
17
100
AcDbEntity
  8
隐藏线
100
AcDbLine
 10
6.530818872667362
 20
116.01
 30
0.0
 11
6.772621049692891
 21
116.01
 31
0.0
  0
LINE
  5
498
330
17
100
AcDbEntity
  8
隐藏线
100
AcDbLine
 10
6.772621049692891
 20
116.01
 30
0.0
 11
7.002364389673238
 21
116.01
 31
0.0
  0
LINE
  5
499
330
17
100
AcDbEntity
  8
隐藏线
100
AcDbLine
 10
7.002364389673238
 20
116.01
 30
0.0
 11
7.219730941882254
 21
116.01
 31
0.0
  0
LINE
  5
49A
330
17
100
AcDbEntity
  8
隐藏线
100
AcDbLine
 10
7.219730941882254
 20
116.01
 30
0.0
 11
7.424418771120099
 21
116.01
 31
0.0
  0
LINE
  5
49B
330
17
100
AcDbEntity
  8
隐藏线
100
AcDbLine
 10
6.817493836330316
 20
116.01
 30
0.0
 11
5.283746927052844
 21
116.01
 31
0.0
  0
LINE
  5
49C
330
17
100
AcDbEntity
  8
隐藏线
100
AcDbLine
 10
5.283746927052844
 20
116.01
 30
0.0
 11
3.7500000177753776
 21
116.01
 31
0.0
  0
LINE
  5
49D
330
17
100
AcDbEntity
  8
隐藏线
100
AcDbLine
 10
3.7500000177753776
 20
116.01
 30
0.0
 11
3.7500000177753776
 21
111.62312537310375
 31
0.0
  0
LINE
  5
49E
330
17
100
AcDbEntity
  8
隐藏线
100
AcDbLine
 10
3.7500000177753776
 20
111.62312537310375
 30
0.0
 11
3.7500000177753776
 21
107.23625074620749
 31
0.0
  0
LINE
  5
49F
330
17
100
AcDbEntity
  8
隐藏线
100
AcDbLine
 10
4.78949594287044
 20
107.76
 30
0.0
 11
4.712849661702009
 21
107.76
 31
0.0
  0
LINE
  5
4A0
330
17
100
AcDbEntity
  8
隐藏线
100
AcDbLine
 10
4.712849661702009
 20
107.76
 30
0.0
 11
4.639465633350467
 21
107.76
 31
0.0
  0
LINE
  5
4A1
330
17
100
AcDbEntity
  8
隐藏线
100
AcDbLine
 10
4.639465633350467
 20
107.76
 30
0.0
 11
4.56963175857727
 21
107.76
 31
0.0
  0
LINE
  5
4A2
330
17
100
AcDbEntity
  8
隐藏线
100
AcDbLine
 10
4.56963175857727
 20
107.76
 30
0.0
 11
4.503622917774372
 21
107.76
 31
0.0
  0
LINE
  5
4A3
330
17
100
AcDbEntity
  8
隐藏线
100
AcDbLine
 10
4.503622917774372
 20
107.76
 30
0.0
 11
4.442066807910486
 21
107.76
 31
0.0
  0
LINE
  5
4A4
330
17
100
AcDbEntity
  8
隐藏线
100
AcDbLine
 10
4.442066807910486
 20
107.76
 30
0.0
 11
4.384887033413152
 21
107.76
 31
0.0
  0
LINE
  5
4A5
330
17
100
AcDbEntity
  8
隐藏线
100
AcDbLine
 10
4.384887033413152
 20
107.76
 30
0.0
 11
4.332307682121844
 21
107.76
 31
0.0
  0
LINE
  5
4A6
330
17
100
AcDbEntity
  8
隐藏线
100
AcDbLine
 10
4.332307682121844
 20
107.76
 30
0.0
 11
4.284535969589056
 21
107.76
 31
0.0
  0
LINE
  5
4A7
330
17
100
AcDbEntity
  8
隐藏线
100
AcDbLine
 10
4.2561336437367565
 20
107.76
 30
0.0
 11
4.229942558168673
 21
107.76
 31
0.0
  0
LINE
  5
4A8
330
17
100
AcDbEntity
  8
隐藏线
100
AcDbLine
 10
4.229942558168673
 20
107.76
 30
0.0
 11
4.206006884251149
 21
107.76
 31
0.0
  0
LINE
  5
4A9
330
17
100
AcDbEntity
  8
隐藏线
100
AcDbLine
 10
4.165258526984646
 20
107.76
 30
0.0
 11
4.148521649947348
 21
107.76
 31
0.0
  0
LINE
  5
4AA
330
17
100
AcDbEntity
  8
隐藏线
100
AcDbLine
 10
4.148521649947348
 20
107.76
 30
0.0
 11
4.134184774605421
 21
107.76
 31
0.0
  0
LINE
  5
4AB
330
17
100
AcDbEntity
  8
隐藏线
100
AcDbLine
 10
4.100000017775358
 20
116.01
 30
0.0
 11
4.1031282627513885
 21
116.01
 31
0.0
  0
LINE
  5
4AC
330
17
100
AcDbEntity
  8
隐藏线
100
AcDbLine
 10
4.14692025895461
 20
116.01
 30
0.0
 11
4.1732527571121665
 21
116.01
 31
0.0
  0
LINE
  5
4AD
330
17
100
AcDbEntity
  8
隐藏线
100
AcDbLine
 10
4.1732527571121665
 20
116.01
 30
0.0
 11
4.2050532480021054
 21
116.01
 31
0.0
  0
LINE
  5
4AE
330
17
100
AcDbEntity
  8
隐藏线
100
AcDbLine
 10
4.242196070345244
 20
116.01
 30
0.0
 11
4.284535969589056
 21
116.01
 31
0.0
  0
LINE
  5
4AF
330
17
100
AcDbEntity
  8
隐藏线
100
AcDbLine
 10
4.284535969589056
 20
116.01
 30
0.0
 11
4.332307682121844
 21
116.01
 31
0.0
  0
LINE
  5
4B0
330
17
100
AcDbEntity
  8
隐藏线
100
AcDbLine
 10
4.332307682121844
 20
116.01
 30
0.0
 11
4.384887033413152
 21
116.01
 31
0.0
  0
LINE
  5
4B1
330
17
100
AcDbEntity
  8
隐藏线
100
AcDbLine
 10
4.384887033413152
 20
116.01
 30
0.0
 11
4.442066807910484
 21
116.01
 31
0.0
  0
LINE
  5
4B2
330
17
100
AcDbEntity
  8
隐藏线
100
AcDbLine
 10
4.442066807910484
 20
116.01
 30
0.0
 11
4.50362291777437
 21
116.01
 31
0.0
  0
LINE
  5
4B3
330
17
100
AcDbEntity
  8
隐藏线
100
AcDbLine
 10
4.50362291777437
 20
116.01
 30
0.0
 11
4.56963175857727
 21
116.01
 31
0.0
  0
LINE
  5
4B4
330
17
100
AcDbEntity
  8
隐藏线
100
AcDbLine
 10
4.56963175857727
 20
116.01
 30
0.0
 11
4.639465633350467
 21
116.01
 31
0.0
  0
LINE
  5
4B5
330
17
100
AcDbEntity
  8
隐藏线
100
AcDbLine
 10
4.639465633350467
 20
116.01
 30
0.0
 11
4.712849661702009
 21
116.01
 31
0.0
  0
LINE
  5
4B6
330
17
100
AcDbEntity
  8
隐藏线
100
AcDbLine
 10
4.712849661702009
 20
116.01
 30
0.0
 11
4.78949594287044
 21
116.01
 31
0.0
  0
LINE
  5
4B7
330
17
100
AcDbEntity
  8
隐藏线
100
AcDbLine
 10
4.1000000177753755
 20
116.01
 30
0.0
 11
4.1000000177753755
 21
111.885
 31
0.0
  0
LINE
  5
4B8
330
17
100
AcDbEntity
  8
隐藏线
100
AcDbLine
 10
4.1000000177753755
 20
111.885
 30
0.0
 11
4.1000000177753755
 21
107.76
 31
0.0
  0
LINE
  5
4B9
330
17
100
AcDbEntity
  8
隐藏线
100
AcDbLine
 10
34.900000017775355
 20
107.76
 30
0.0
 11
34.89962974276382
 21
107.76
 31
0.0
  0
LINE
  5
4BA
330
17
100
AcDbEntity
  8
隐藏线
100
AcDbLine
 10
34.85147838560336
 20
107.76
 30
0.0
 11
34.83474150856607
 21
107.76
 31
0.0
  0
LINE
  5
4BB
330
17
100
AcDbEntity
  8
隐藏线
100
AcDbLine
 10
34.83474150856607
 20
107.76
 30
0.0
 11
34.815632802586904
 21
107.76
 31
0.0
  0
LINE
  5
4BC
330
17
100
AcDbEntity
  8
隐藏线
100
AcDbLine
 10
34.77005747738204
 20
107.76
 30
0.0
 11
34.74386639181396
 21
107.76
 31
0.0
  0
LINE
  5
4BD
330
17
100
AcDbEntity
  8
隐藏线
100
AcDbLine
 10
34.74386639181396
 20
107.76
 30
0.0
 11
34.715464065961655
 21
107.76
 31
0.0
  0
LINE
  5
4BE
330
17
100
AcDbEntity
  8
隐藏线
100
AcDbLine
 10
34.667692353428876
 20
107.76
 30
0.0
 11
34.61511300213756
 21
107.76
 31
0.0
  0
LINE
  5
4BF
330
17
100
AcDbEntity
  8
隐藏线
100
AcDbLine
 10
34.61511300213756
 20
107.76
 30
0.0
 11
34.55793322764023
 21
107.76
 31
0.0
  0
LINE
  5
4C0
330
17
100
AcDbEntity
  8
隐藏线
100
AcDbLine
 10
34.55793322764023
 20
107.76
 30
0.0
 11
34.49637711777635
 21
107.76
 31
0.0
  0
LINE
  5
4C1
330
17
100
AcDbEntity
  8
隐藏线
100
AcDbLine
 10
34.49637711777635
 20
107.76
 30
0.0
 11
34.43036827697345
 21
107.76
 31
0.0
  0
LINE
  5
4C2
330
17
100
AcDbEntity
  8
隐藏线
100
AcDbLine
 10
34.43036827697345
 20
107.76
 30
0.0
 11
34.360534402200244
 21
107.76
 31
0.0
  0
LINE
  5
4C3
330
17
100
AcDbEntity
  8
隐藏线
100
AcDbLine
 10
34.360534402200244
 20
107.76
 30
0.0
 11
34.287150373848704
 21
107.76
 31
0.0
  0
LINE
  5
4C4
330
17
100
AcDbEntity
  8
隐藏线
100
AcDbLine
 10
34.287150373848704
 20
107.76
 30
0.0
 11
34.21050409268027
 21
107.76
 31
0.0
  0
LINE
  5
4C5
330
17
100
AcDbEntity
  8
隐藏线
100
AcDbLine
 10
34.900000017775376
 20
116.01
 30
0.0
 11
34.900000017775376
 21
111.885
 31
0.0
  0
LINE
  5
4C6
330
17
100
AcDbEntity
  8
隐藏线
100
AcDbLine
 10
34.900000017775376
 20
111.885
 30
0.0
 11
34.900000017775376
 21
107.76
 31
0.0
  0
LINE
  5
4C7
330
17
100
AcDbEntity
  8
隐藏线
100
AcDbLine
 10
34.21050409268027
 20
116.01
 30
0.0
 11
34.287150373848704
 21
116.01
 31
0.0
  0
LINE
  5
4C8
330
17
100
AcDbEntity
  8
隐藏线
100
AcDbLine
 10
34.287150373848704
 20
116.01
 30
0.0
 11
34.360534402200244
 21
116.01
 31
0.0
  0
LINE
  5
4C9
330
17
100
AcDbEntity
  8
隐藏线
100
AcDbLine
 10
34.360534402200244
 20
116.01
 30
0.0
 11
34.43036827697345
 21
116.01
 31
0.0
  0
LINE
  5
4CA
330
17
100
AcDbEntity
  8
隐藏线
100
AcDbLine
 10
34.43036827697345
 20
116.01
 30
0.0
 11
34.49637711777634
 21
116.01
 31
0.0
  0
LINE
  5
4CB
330
17
100
AcDbEntity
  8
隐藏线
100
AcDbLine
 10
34.49637711777634
 20
116.01
 30
0.0
 11
34.55793322764023
 21
116.01
 31
0.0
  0
LINE
  5
4CC
330
17
100
AcDbEntity
  8
隐藏线
100
AcDbLine
 10
34.55793322764023
 20
116.01
 30
0.0
 11
34.61511300213756
 21
116.01
 31
0.0
  0
LINE
  5
4CD
330
17
100
AcDbEntity
  8
隐藏线
100
AcDbLine
 10
34.61511300213756
 20
116.01
 30
0.0
 11
34.667692353428876
 21
116.01
 31
0.0
  0
LINE
  5
4CE
330
17
100
AcDbEntity
  8
隐藏线
100
AcDbLine
 10
34.667692353428876
 20
116.01
 30
0.0
 11
34.715464065961655
 21
116.01
 31
0.0
  0
LINE
  5
4CF
330
17
100
AcDbEntity
  8
隐藏线
100
AcDbLine
 10
34.715464065961655
 20
116.01
 30
0.0
 11
34.75780396520547
 21
116.01
 31
0.0
  0
LINE
  5
4D0
330
17
100
AcDbEntity
  8
隐藏线
100
AcDbLine
 10
34.75780396520547
 20
116.01
 30
0.0
 11
34.79494678754861
 21
116.01
 31
0.0
  0
LINE
  5
4D1
330
17
100
AcDbEntity
  8
隐藏线
100
AcDbLine
 10
34.826747278438546
 20
116.01
 30
0.0
 11
34.853079776596104
 21
116.01
 31
0.0
  0
LINE
  5
4D2
330
17
100
AcDbEntity
  8
隐藏线
100
AcDbLine
 10
34.853079776596104
 20
116.01
 30
0.0
 11
34.87336546767123
 21
116.01
 31
0.0
  0
LINE
  5
4D3
330
17
100
AcDbEntity
  8
隐藏线
100
AcDbLine
 10
7.42441877112012
 20
116.01
 30
0.0
 11
7.445770562055275
 21
116.01
 31
0.0
  0
LINE
  5
4D4
330
17
100
AcDbEntity
  8
隐藏线
100
AcDbLine
 10
7.445770562055275
 20
116.01
 30
0.0
 11
7.464503130821473
 21
116.01
 31
0.0
  0
LINE
  5
4D5
330
17
100
AcDbEntity
  8
隐藏线
100
AcDbLine
 10
7.464503130821473
 20
116.01
 30
0.0
 11
7.480542564158798
 21
116.01
 31
0.0
  0
LINE
  5
4D6
330
17
100
AcDbEntity
  8
隐藏线
100
AcDbLine
 10
7.372170359704045
 20
116.01
 30
0.0
 11
7.311747555237369
 21
116.01
 31
0.0
  0
LINE
  5
4D7
330
17
100
AcDbEntity
  8
隐藏线
100
AcDbLine
 10
7.311747555237369
 20
116.01
 30
0.0
 11
7.243056259646572
 21
116.01
 31
0.0
  0
LINE
  5
4D8
330
17
100
AcDbEntity
  8
隐藏线
100
AcDbLine
 10
7.243056259646572
 20
116.01
 30
0.0
 11
7.167187047802532
 21
116.01
 31
0.0
  0
LINE
  5
4D9
330
17
100
AcDbEntity
  8
隐藏线
100
AcDbLine
 10
7.167187047802532
 20
116.01
 30
0.0
 11
7.084982493941572
 21
116.01
 31
0.0
  0
LINE
  5
4DA
330
17
100
AcDbEntity
  8
隐藏线
100
AcDbLine
 10
7.084982493941572
 20
116.01
 30
0.0
 11
6.998369768491129
 21
116.01
 31
0.0
  0
LINE
  5
4DB
330
17
100
AcDbEntity
  8
隐藏线
100
AcDbLine
 10
6.998369768491129
 20
116.01
 30
0.0
 11
6.908731125414924
 21
116.01
 31
0.0
  0
LINE
  5
4DC
330
17
100
AcDbEntity
  8
隐藏线
100
AcDbLine
 10
6.908731125414924
 20
116.01
 30
0.0
 11
6.817493836330314
 21
116.01
 31
0.0
  0
LINE
  5
4DD
330
17
100
AcDbEntity
  8
隐藏线
100
AcDbLine
 10
32.1825061992204
 20
116.01
 30
0.0
 11
33.71625310849788
 21
116.01
 31
0.0
  0
LINE
  5
4DE
330
17
100
AcDbEntity
  8
隐藏线
100
AcDbLine
 10
33.71625310849788
 20
116.01
 30
0.0
 11
35.25000001777538
 21
116.01
 31
0.0
  0
LINE
  5
4DF
330
17
100
AcDbEntity
  8
隐藏线
100
AcDbLine
 10
35.25000001777538
 20
116.01
 30
0.0
 11
35.25000001777538
 21
111.62312537310375
 31
0.0
  0
LINE
  5
4E0
330
17
100
AcDbEntity
  8
隐藏线
100
AcDbLine
 10
35.25000001777538
 20
111.62312537310375
 30
0.0
 11
35.25000001777538
 21
107.23625074620749
 31
0.0
  0
LINE
  5
4E1
330
17
100
AcDbEntity
  8
隐藏线
100
AcDbLine
 10
32.1825061992204
 20
104.78374925379278
 30
0.0
 11
32.16682863858408
 21
104.78356168559843
 31
0.0
  0
LINE
  5
4E2
330
17
100
AcDbEntity
  8
隐藏线
100
AcDbLine
 10
32.15122269032064
 20
104.7830055506955
 30
0.0
 11
32.1356939390854
 21
104.78209070360408
 31
0.0
  0
LINE
  5
4E3
330
17
100
AcDbEntity
  8
隐藏线
100
AcDbLine
 10
32.1356939390854
 20
104.78209070360408
 30
0.0
 11
32.1202479695337
 21
104.7808269988442
 31
0.0
  0
LINE
  5
4E4
330
17
100
AcDbEntity
  8
隐藏线
100
AcDbLine
 10
32.05940360126885
 20
104.77248069352173
 30
0.0
 11
32.044322137805075
 21
104.7695936166762
 31
0.0
  0
LINE
  5
4E5
330
17
100
AcDbEntity
  8
隐藏线
100
AcDbLine
 10
32.044322137805075
 20
104.7695936166762
 30
0.0
 11
32.02935910414964
 21
104.76641169347467
 31
0.0
  0
LINE
  5
4E6
330
17
100
AcDbEntity
  8
隐藏线
100
AcDbLine
 10
32.01452023613929
 20
104.7629450452075
 30
0.0
 11
31.999811269610774
 21
104.75920379316507
 31
0.0
  0
LINE
  5
4E7
330
17
100
AcDbEntity
  8
隐藏线
100
AcDbLine
 10
31.999811269610774
 20
104.75920379316507
 30
0.0
 11
31.985237940400822
 21
104.75519805863776
 31
0.0
  0
LINE
  5
4E8
330
17
100
AcDbEntity
  8
隐藏线
100
AcDbLine
 10
31.956521137283605
 20
104.74643362729013
 30
0.0
 11
31.94238913504983
 21
104.74169517305059
 31
0.0
  0
LINE
  5
4E9
330
17
100
AcDbEntity
  8
隐藏线
100
AcDbLine
 10
31.94238913504983
 20
104.74169517305059
 30
0.0
 11
31.883444152814853
 21
104.7188700488148
 31
0.0
  0
LINE
  5
4EA
330
17
100
AcDbEntity
  8
隐藏线
100
AcDbLine
 10
31.883444152814853
 20
104.7188700488148
 30
0.0
 11
31.82789447986756
 21
104.69270215635468
 31
0.0
  0
LINE
  5
4EB
330
17
100
AcDbEntity
  8
隐藏线
100
AcDbLine
 10
31.82789447986756
 20
104.69270215635468
 30
0.0
 11
31.776142325371392
 21
104.66417817207459
 31
0.0
  0
LINE
  5
4EC
330
17
100
AcDbEntity
  8
隐藏线
100
AcDbLine
 10
31.776142325371392
 20
104.66417817207459
 30
0.0
 11
31.728305522944687
 21
104.63416392052694
 31
0.0
  0
LINE
  5
4ED
330
17
100
AcDbEntity
  8
隐藏线
100
AcDbLine
 10
31.728305522944687
 20
104.63416392052694
 30
0.0
 11
31.68441072442306
 21
104.60313318124015
 31
0.0
  0
LINE
  5
4EE
330
17
100
AcDbEntity
  8
隐藏线
100
AcDbLine
 10
31.68441072442306
 20
104.60313318124015
 30
0.0
 11
31.644484544417434
 21
104.57155699302022
 31
0.0
  0
LINE
  5
4EF
330
17
100
AcDbEntity
  8
隐藏线
100
AcDbLine
 10
31.644484544417434
 20
104.57155699302022
 30
0.0
 11
31.60855359753873
 21
104.53990639467334
 31
0.0
  0
LINE
  5
4F0
330
17
100
AcDbEntity
  8
隐藏线
100
AcDbLine
 10
31.60855359753873
 20
104.53990639467334
 30
0.0
 11
31.57664496758134
 21
104.50865167876024
 31
0.0
  0
LINE
  5
4F1
330
17
100
AcDbEntity
  8
隐藏线
100
AcDbLine
 10
31.5555395942516
 20
104.48581842071074
 30
0.0
 11
31.536865369406264
 21
104.4635126559436
 31
0.0
  0
LINE
  5
4F2
330
17
100
AcDbEntity
  8
隐藏线
100
AcDbLine
 10
31.536865369406264
 20
104.4635126559436
 30
0.0
 11
31.52074076002568
 21
104.44186730230582
 31
0.0
  0
LINE
  5
4F3
330
17
100
AcDbEntity
  8
隐藏线
100
AcDbLine
 10
31.52074076002568
 20
104.44186730230582
 30
0.0
 11
31.507284233090203
 21
104.42101527764429
 31
0.0
  0
LINE
  5
4F4
330
17
100
AcDbEntity
  8
隐藏线
100
AcDbLine
 10
31.48410781675789
 20
104.36454835598657
 30
0.0
 11
31.482517519380778
 21
104.3481982134917
 31
0.0
  0
LINE
  5
4F5
330
17
100
AcDbEntity
  8
隐藏线
100
AcDbLine
 10
31.482517519380778
 20
104.3481982134917
 30
0.0
 11
31.484025345160802
 21
104.33429166724424
 31
0.0
  0
LINE
  5
4F6
330
17
100
AcDbEntity
  8
隐藏线
100
AcDbLine
 10
31.535000211015905
 20
104.28319780431333
 30
0.0
 11
31.55385274276299
 21
104.27669394860108
 31
0.0
  0
LINE
  5
4F7
330
17
100
AcDbEntity
  8
隐藏线
100
AcDbLine
 10
31.55385274276299
 20
104.27669394860108
 30
0.0
 11
31.575581264430458
 21
104.271437446251
 31
0.0
  0
LINE
  5
4F8
330
17
100
AcDbEntity
  8
隐藏线
100
AcDbLine
 10
32.1825061992204
 20
96.01
 30
0.0
 11
32.09126891013578
 21
96.01
 31
0.0
  0
LINE
  5
4F9
330
17
100
AcDbEntity
  8
隐藏线
100
AcDbLine
 10
32.09126891013578
 20
96.01
 30
0.0
 11
32.00163026705958
 21
96.01
 31
0.0
  0
LINE
  5
4FA
330
17
100
AcDbEntity
  8
隐藏线
100
AcDbLine
 10
32.00163026705958
 20
96.01
 30
0.0
 11
31.91501754160914
 21
96.01
 31
0.0
  0
LINE
  5
4FB
330
17
100
AcDbEntity
  8
隐藏线
100
AcDbLine
 10
31.91501754160914
 20
96.01
 30
0.0
 11
31.832812987748177
 21
96.01
 31
0.0
  0
LINE
  5
4FC
330
17
100
AcDbEntity
  8
隐藏线
100
AcDbLine
 10
31.832812987748177
 20
96.01
 30
0.0
 11
31.75694377590414
 21
96.01
 31
0.0
  0
LINE
  5
4FD
330
17
100
AcDbEntity
  8
隐藏线
100
AcDbLine
 10
31.75694377590414
 20
96.01
 30
0.0
 11
31.688252480313345
 21
96.01
 31
0.0
  0
LINE
  5
4FE
330
17
100
AcDbEntity
  8
隐藏线
100
AcDbLine
 10
31.688252480313345
 20
96.01
 30
0.0
 11
31.62782967584667
 21
96.01
 31
0.0
  0
LINE
  5
4FF
330
17
100
AcDbEntity
  8
隐藏线
100
AcDbLine
 10
31.62782967584667
 20
96.01
 30
0.0
 11
31.57664292408926
 21
96.01
 31
0.0
  0
LINE
  5
500
330
17
100
AcDbEntity
  8
隐藏线
100
AcDbLine
 10
31.555052026713014
 20
96.01
 30
0.0
 11
31.536107503744255
 21
96.01
 31
0.0
  0
LINE
  5
501
330
17
100
AcDbEntity
  8
隐藏线
100
AcDbLine
 10
31.536107503744255
 20
96.01
 30
0.0
 11
31.519884977504233
 21
96.01
 31
0.0
  0
LINE
  5
502
330
17
100
AcDbEntity
  8
隐藏线
100
AcDbLine
 10
31.693381744261146
 20
104.26
 30
0.0
 11
31.85190231889547
 21
104.26
 31
0.0
  0
LINE
  5
503
330
17
100
AcDbEntity
  8
隐藏线
100
AcDbLine
 10
31.85190231889547
 20
104.26
 30
0.0
 11
32.01754932511177
 21
104.26
 31
0.0
  0
LINE
  5
504
330
17
100
AcDbEntity
  8
隐藏线
100
AcDbLine
 10
32.01754932511177
 20
104.26
 30
0.0
 11
32.19019246054833
 21
104.26
 31
0.0
  0
LINE
  5
505
330
17
100
AcDbEntity
  8
隐藏线
100
AcDbLine
 10
32.19019246054833
 20
104.26
 30
0.0
 11
32.3696962936187
 21
104.26
 31
0.0
  0
LINE
  5
506
330
17
100
AcDbEntity
  8
隐藏线
100
AcDbLine
 10
32.3696962936187
 20
104.26
 30
0.0
 11
32.55646449240597
 21
104.26
 31
0.0
  0
LINE
  5
507
330
17
100
AcDbEntity
  8
隐藏线
100
AcDbLine
 10
32.55646449240597
 20
104.26
 30
0.0
 11
32.749776914334916
 21
104.26
 31
0.0
  0
LINE
  5
508
330
17
100
AcDbEntity
  8
隐藏线
100
AcDbLine
 10
32.749776914334916
 20
104.26
 30
0.0
 11
32.94948154109736
 21
104.26
 31
0.0
  0
LINE
  5
509
330
17
100
AcDbEntity
  8
隐藏线
100
AcDbLine
 10
32.94948154109736
 20
104.26
 30
0.0
 11
33.15542166792862
 21
104.26
 31
0.0
  0
LINE
  5
50A
330
17
100
AcDbEntity
  8
隐藏线
100
AcDbLine
 10
33.15542166792862
 20
104.26
 30
0.0
 11
33.20403846346444
 21
104.26
 31
0.0
  0
LINE
  5
50B
330
17
100
AcDbEntity
  8
隐藏线
100
AcDbLine
 10
33.20403846346444
 20
104.26
 30
0.0
 11
33.252977653832076
 21
104.26
 31
0.0
  0
LINE
  5
50C
330
17
100
AcDbEntity
  8
隐藏线
100
AcDbLine
 10
33.252977653832076
 20
104.26
 30
0.0
 11
33.30223717837099
 21
104.26
 31
0.0
  0
LINE
  5
50D
330
17
100
AcDbEntity
  8
隐藏线
100
AcDbLine
 10
33.30223717837099
 20
104.26
 30
0.0
 11
33.351814963834386
 21
104.26
 31
0.0
  0
LINE
  5
50E
330
17
100
AcDbEntity
  8
隐藏线
100
AcDbLine
 10
33.351814963834386
 20
104.26
 30
0.0
 11
33.40173504476699
 21
104.26
 31
0.0
  0
LINE
  5
50F
330
17
100
AcDbEntity
  8
隐藏线
100
AcDbLine
 10
33.40173504476699
 20
104.26
 30
0.0
 11
33.45196877917485
 21
104.26
 31
0.0
  0
LINE
  5
510
330
17
100
AcDbEntity
  8
隐藏线
100
AcDbLine
 10
33.45196877917485
 20
104.26
 30
0.0
 11
33.50251405191287
 21
104.26
 31
0.0
  0
LINE
  5
511
330
17
100
AcDbEntity
  8
隐藏线
100
AcDbLine
 10
33.50251405191287
 20
104.26
 30
0.0
 11
33.55336873559533
 21
104.26
 31
0.0
  0
LINE
  5
512
330
17
100
AcDbEntity
  8
隐藏线
100
AcDbLine
 10
33.55336873559533
 20
104.26
 30
0.0
 11
33.750945946043444
 21
104.26
 31
0.0
  0
LINE
  5
513
330
17
100
AcDbEntity
  8
隐藏线
100
AcDbLine
 10
33.750945946043444
 20
104.26
 30
0.0
 11
33.952881979569
 21
104.26
 31
0.0
  0
LINE
  5
514
330
17
100
AcDbEntity
  8
隐藏线
100
AcDbLine
 10
33.952881979569
 20
104.26
 30
0.0
 11
34.15905236382463
 21
104.26
 31
0.0
  0
LINE
  5
515
330
17
100
AcDbEntity
  8
隐藏线
100
AcDbLine
 10
34.15905236382463
 20
104.26
 30
0.0
 11
34.369330192136786
 21
104.26
 31
0.0
  0
LINE
  5
516
330
17
100
AcDbEntity
  8
隐藏线
100
AcDbLine
 10
34.369330192136786
 20
104.26
 30
0.0
 11
34.58390339152277
 21
104.26
 31
0.0
  0
LINE
  5
517
330
17
100
AcDbEntity
  8
隐藏线
100
AcDbLine
 10
34.58390339152277
 20
104.26
 30
0.0
 11
34.80229618056992
 21
104.26
 31
0.0
  0
LINE
  5
518
330
17
100
AcDbEntity
  8
隐藏线
100
AcDbLine
 10
34.80229618056992
 20
104.26
 30
0.0
 11
35.024373961435145
 21
104.26
 31
0.0
  0
LINE
  5
519
330
17
100
AcDbEntity
  8
隐藏线
100
AcDbLine
 10
35.024373961435145
 20
104.26
 30
0.0
 11
35.25000001777538
 21
104.26
 31
0.0
  0
LINE
  5
51A
330
17
100
AcDbEntity
  8
隐藏线
100
AcDbLine
 10
31.57558126443064
 20
96.01
 30
0.0
 11
31.78026909366848
 21
96.01
 31
0.0
  0
LINE
  5
51B
330
17
100
AcDbEntity
  8
隐藏线
100
AcDbLine
 10
31.78026909366848
 20
96.01
 30
0.0
 11
31.997635645877494
 21
96.01
 31
0.0
  0
LINE
  5
51C
330
17
100
AcDbEntity
  8
隐藏线
100
AcDbLine
 10
31.997635645877494
 20
96.01
 30
0.0
 11
32.22737898585784
 21
96.01
 31
0.0
  0
LINE
  5
51D
330
17
100
AcDbEntity
  8
隐藏线
100
AcDbLine
 10
32.22737898585784
 20
96.01
 30
0.0
 11
32.469181162883366
 21
96.01
 31
0.0
  0
LINE
  5
51E
330
17
100
AcDbEntity
  8
隐藏线
100
AcDbLine
 10
32.469181162883366
 20
96.01
 30
0.0
 11
32.72364750771472
 21
96.01
 31
0.0
  0
LINE
  5
51F
330
17
100
AcDbEntity
  8
隐藏线
100
AcDbLine
 10
32.72364750771472
 20
96.01
 30
0.0
 11
32.989415892109356
 21
96.01
 31
0.0
  0
LINE
  5
520
330
17
100
AcDbEntity
  8
隐藏线
100
AcDbLine
 10
32.989415892109356
 20
96.01
 30
0.0
 11
33.266117341907446
 21
96.01
 31
0.0
  0
LINE
  5
521
330
17
100
AcDbEntity
  8
隐藏线
100
AcDbLine
 10
33.266117341907446
 20
96.01
 30
0.0
 11
33.55336873559533
 21
96.01
 31
0.0
  0
LINE
  5
522
330
17
100
AcDbEntity
  8
隐藏线
100
AcDbLine
 10
33.55336873559533
 20
96.01
 30
0.0
 11
33.750945946043444
 21
96.01
 31
0.0
  0
LINE
  5
523
330
17
100
AcDbEntity
  8
隐藏线
100
AcDbLine
 10
33.750945946043444
 20
96.01
 30
0.0
 11
33.952881979569
 21
96.01
 31
0.0
  0
LINE
  5
524
330
17
100
AcDbEntity
  8
隐藏线
100
AcDbLine
 10
33.952881979569
 20
96.01
 30
0.0
 11
34.15905236382463
 21
96.01
 31
0.0
  0
LINE
  5
525
330
17
100
AcDbEntity
  8
隐藏线
100
AcDbLine
 10
34.15905236382463
 20
96.01
 30
0.0
 11
34.369330192136786
 21
96.01
 31
0.0
  0
LINE
  5
526
330
17
100
AcDbEntity
  8
隐藏线
100
AcDbLine
 10
34.369330192136786
 20
96.01
 30
0.0
 11
34.58390339152277
 21
96.01
 31
0.0
  0
LINE
  5
527
330
17
100
AcDbEntity
  8
隐藏线
100
AcDbLine
 10
34.58390339152277
 20
96.01
 30
0.0
 11
34.80229618056992
 21
96.01
 31
0.0
  0
LINE
  5
528
330
17
100
AcDbEntity
  8
隐藏线
100
AcDbLine
 10
34.80229618056992
 20
96.01
 30
0.0
 11
35.024373961435145
 21
96.01
 31
0.0
  0
LINE
  5
529
330
17
100
AcDbEntity
  8
隐藏线
100
AcDbLine
 10
35.024373961435145
 20
96.01
 30
0.0
 11
35.25000001777538
 21
96.01
 31
0.0
  0
LINE
  5
52A
330
17
100
AcDbEntity
  8
隐藏线
100
AcDbLine
 10
7.3066182912895865
 20
104.26
 30
0.0
 11
7.1480977166552595
 21
104.26
 31
0.0
  0
LINE
  5
52B
330
17
100
AcDbEntity
  8
隐藏线
100
AcDbLine
 10
7.1480977166552595
 20
104.26
 30
0.0
 11
6.982450710438956
 21
104.26
 31
0.0
  0
LINE
  5
52C
330
17
100
AcDbEntity
  8
隐藏线
100
AcDbLine
 10
6.982450710438956
 20
104.26
 30
0.0
 11
6.809807575002388
 21
104.26
 31
0.0
  0
LINE
  5
52D
330
17
100
AcDbEntity
  8
隐藏线
100
AcDbLine
 10
6.809807575002388
 20
104.26
 30
0.0
 11
6.630303741932018
 21
104.26
 31
0.0
  0
LINE
  5
52E
330
17
100
AcDbEntity
  8
隐藏线
100
AcDbLine
 10
6.630303741932018
 20
104.26
 30
0.0
 11
6.443535543144749
 21
104.26
 31
0.0
  0
LINE
  5
52F
330
17
100
AcDbEntity
  8
隐藏线
100
AcDbLine
 10
6.443535543144749
 20
104.26
 30
0.0
 11
6.2502231212158
 21
104.26
 31
0.0
  0
LINE
  5
530
330
17
100
AcDbEntity
  8
隐藏线
100
AcDbLine
 10
6.2502231212158
 20
104.26
 30
0.0
 11
6.050518494453351
 21
104.26
 31
0.0
  0
LINE
  5
531
330
17
100
AcDbEntity
  8
隐藏线
100
AcDbLine
 10
6.050518494453351
 20
104.26
 30
0.0
 11
5.844578367622084
 21
104.26
 31
0.0
  0
LINE
  5
532
330
17
100
AcDbEntity
  8
隐藏线
100
AcDbLine
 10
5.844578367622084
 20
104.26
 30
0.0
 11
5.795961572086274
 21
104.26
 31
0.0
  0
LINE
  5
533
330
17
100
AcDbEntity
  8
隐藏线
100
AcDbLine
 10
5.795961572086274
 20
104.26
 30
0.0
 11
5.74702238171864
 21
104.26
 31
0.0
  0
LINE
  5
534
330
17
100
AcDbEntity
  8
隐藏线
100
AcDbLine
 10
5.74702238171864
 20
104.26
 30
0.0
 11
5.697762857179736
 21
104.26
 31
0.0
  0
LINE
  5
535
330
17
100
AcDbEntity
  8
隐藏线
100
AcDbLine
 10
5.697762857179736
 20
104.26
 30
0.0
 11
5.6481850717163375
 21
104.26
 31
0.0
  0
LINE
  5
536
330
17
100
AcDbEntity
  8
隐藏线
100
AcDbLine
 10
5.6481850717163375
 20
104.26
 30
0.0
 11
5.598264990783747
 21
104.26
 31
0.0
  0
LINE
  5
537
330
17
100
AcDbEntity
  8
隐藏线
100
AcDbLine
 10
5.598264990783747
 20
104.26
 30
0.0
 11
5.548031256375884
 21
104.26
 31
0.0
  0
LINE
  5
538
330
17
100
AcDbEntity
  8
隐藏线
100
AcDbLine
 10
5.548031256375884
 20
104.26
 30
0.0
 11
5.497485983637869
 21
104.26
 31
0.0
  0
LINE
  5
539
330
17
100
AcDbEntity
  8
隐藏线
100
AcDbLine
 10
5.497485983637869
 20
104.26
 30
0.0
 11
5.446631299955417
 21
104.26
 31
0.0
  0
LINE
  5
53A
330
17
100
AcDbEntity
  8
隐藏线
100
AcDbLine
 10
5.446631299955417
 20
104.26
 30
0.0
 11
5.249054089507304
 21
104.26
 31
0.0
  0
LINE
  5
53B
330
17
100
AcDbEntity
  8
隐藏线
100
AcDbLine
 10
5.249054089507304
 20
104.26
 30
0.0
 11
5.047118055981747
 21
104.26
 31
0.0
  0
LINE
  5
53C
330
17
100
AcDbEntity
  8
隐藏线
100
AcDbLine
 10
5.047118055981747
 20
104.26
 30
0.0
 11
4.840947671726122
 21
104.26
 31
0.0
  0
LINE
  5
53D
330
17
100
AcDbEntity
  8
隐藏线
100
AcDbLine
 10
4.840947671726122
 20
104.26
 30
0.0
 11
4.630669843413964
 21
104.26
 31
0.0
  0
LINE
  5
53E
330
17
100
AcDbEntity
  8
隐藏线
100
AcDbLine
 10
4.630669843413964
 20
104.26
 30
0.0
 11
4.416096644027979
 21
104.26
 31
0.0
  0
LINE
  5
53F
330
17
100
AcDbEntity
  8
隐藏线
100
AcDbLine
 10
4.416096644027979
 20
104.26
 30
0.0
 11
4.197703854980832
 21
104.26
 31
0.0
  0
LINE
  5
540
330
17
100
AcDbEntity
  8
隐藏线
100
AcDbLine
 10
4.197703854980832
 20
104.26
 30
0.0
 11
3.9756260741156098
 21
104.26
 31
0.0
  0
LINE
  5
541
330
17
100
AcDbEntity
  8
隐藏线
100
AcDbLine
 10
3.9756260741156098
 20
104.26
 30
0.0
 11
3.7500000177753794
 21
104.26
 31
0.0
  0
LINE
  5
542
330
17
100
AcDbEntity
  8
隐藏线
100
AcDbLine
 10
7.4244187711201
 20
96.01
 30
0.0
 11
7.219730941882258
 21
96.01
 31
0.0
  0
LINE
  5
543
330
17
100
AcDbEntity
  8
隐藏线
100
AcDbLine
 10
7.219730941882258
 20
96.01
 30
0.0
 11
7.002364389673241
 21
96.01
 31
0.0
  0
LINE
  5
544
330
17
100
AcDbEntity
  8
隐藏线
100
AcDbLine
 10
7.002364389673241
 20
96.01
 30
0.0
 11
6.772621049692901
 21
96.01
 31
0.0
  0
LINE
  5
545
330
17
100
AcDbEntity
  8
隐藏线
100
AcDbLine
 10
6.772621049692901
 20
96.01
 30
0.0
 11
6.530818872667375
 21
96.01
 31
0.0
  0
LINE
  5
546
330
17
100
AcDbEntity
  8
隐藏线
100
AcDbLine
 10
6.530818872667375
 20
96.01
 30
0.0
 11
6.276352527836018
 21
96.01
 31
0.0
  0
LINE
  5
547
330
17
100
AcDbEntity
  8
隐藏线
100
AcDbLine
 10
6.276352527836018
 20
96.01
 30
0.0
 11
6.010584143441392
 21
96.01
 31
0.0
  0
LINE
  5
548
330
17
100
AcDbEntity
  8
隐藏线
100
AcDbLine
 10
6.010584143441392
 20
96.01
 30
0.0
 11
5.733882693643295
 21
96.01
 31
0.0
  0
LINE
  5
549
330
17
100
AcDbEntity
  8
隐藏线
100
AcDbLine
 10
5.733882693643295
 20
96.01
 30
0.0
 11
5.446631299955417
 21
96.01
 31
0.0
  0
LINE
  5
54A
330
17
100
AcDbEntity
  8
隐藏线
100
AcDbLine
 10
5.446631299955417
 20
96.01
 30
0.0
 11
5.249054089507304
 21
96.01
 31
0.0
  0
LINE
  5
54B
330
17
100
AcDbEntity
  8
隐藏线
100
AcDbLine
 10
5.249054089507304
 20
96.01
 30
0.0
 11
5.047118055981747
 21
96.01
 31
0.0
  0
LINE
  5
54C
330
17
100
AcDbEntity
  8
隐藏线
100
AcDbLine
 10
5.047118055981747
 20
96.01
 30
0.0
 11
4.840947671726122
 21
96.01
 31
0.0
  0
LINE
  5
54D
330
17
100
AcDbEntity
  8
隐藏线
100
AcDbLine
 10
4.840947671726122
 20
96.01
 30
0.0
 11
4.630669843413964
 21
96.01
 31
0.0
  0
LINE
  5
54E
330
17
100
AcDbEntity
  8
隐藏线
100
AcDbLine
 10
4.630669843413964
 20
96.01
 30
0.0
 11
4.416096644027979
 21
96.01
 31
0.0
  0
LINE
  5
54F
330
17
100
AcDbEntity
  8
隐藏线
100
AcDbLine
 10
4.416096644027979
 20
96.01
 30
0.0
 11
4.197703854980832
 21
96.01
 31
0.0
  0
LINE
  5
550
330
17
100
AcDbEntity
  8
隐藏线
100
AcDbLine
 10
4.197703854980832
 20
96.01
 30
0.0
 11
3.9756260741156098
 21
96.01
 31
0.0
  0
LINE
  5
551
330
17
100
AcDbEntity
  8
隐藏线
100
AcDbLine
 10
3.9756260741156098
 20
96.01
 30
0.0
 11
3.7500000177753794
 21
96.01
 31
0.0
  0
LINE
  5
552
330
17
100
AcDbEntity
  8
隐藏线
100
AcDbLine
 10
3.7500000177753776
 20
96.01
 30
0.0
 11
5.283746927052844
 21
96.01
 31
0.0
  0
LINE
  5
553
330
17
100
AcDbEntity
  8
隐藏线
100
AcDbLine
 10
5.283746927052844
 20
96.01
 30
0.0
 11
6.817493836330316
 21
96.01
 31
0.0
  0
LINE
  5
554
330
17
100
AcDbEntity
  8
隐藏线
100
AcDbLine
 10
3.7500000177753776
 20
104.78374925379278
 30
0.0
 11
3.7500000177753776
 21
100.3968746268964
 31
0.0
  0
LINE
  5
555
330
17
100
AcDbEntity
  8
隐藏线
100
AcDbLine
 10
3.7500000177753776
 20
100.3968746268964
 30
0.0
 11
3.7500000177753776
 21
96.01
 31
0.0
  0
LINE
  5
556
330
17
100
AcDbEntity
  8
隐藏线
100
AcDbLine
 10
3.750000017775374
 20
104.78374925379278
 30
0.0
 11
5.283746927052846
 21
104.78374925379278
 31
0.0
  0
LINE
  5
557
330
17
100
AcDbEntity
  8
隐藏线
100
AcDbLine
 10
5.283746927052846
 20
104.78374925379278
 30
0.0
 11
6.817493836330318
 21
104.78374925379278
 31
0.0
  0
LINE
  5
558
330
17
100
AcDbEntity
  8
隐藏线
100
AcDbLine
 10
4.78949594287044
 20
104.26
 30
0.0
 11
4.712849661702009
 21
104.26
 31
0.0
  0
LINE
  5
559
330
17
100
AcDbEntity
  8
隐藏线
100
AcDbLine
 10
4.712849661702009
 20
104.26
 30
0.0
 11
4.639465633350467
 21
104.26
 31
0.0
  0
LINE
  5
55A
330
17
100
AcDbEntity
  8
隐藏线
100
AcDbLine
 10
4.639465633350467
 20
104.26
 30
0.0
 11
4.56963175857727
 21
104.26
 31
0.0
  0
LINE
  5
55B
330
17
100
AcDbEntity
  8
隐藏线
100
AcDbLine
 10
4.56963175857727
 20
104.26
 30
0.0
 11
4.503622917774372
 21
104.26
 31
0.0
  0
LINE
  5
55C
330
17
100
AcDbEntity
  8
隐藏线
100
AcDbLine
 10
4.503622917774372
 20
104.26
 30
0.0
 11
4.442066807910486
 21
104.26
 31
0.0
  0
LINE
  5
55D
330
17
100
AcDbEntity
  8
隐藏线
100
AcDbLine
 10
4.442066807910486
 20
104.26
 30
0.0
 11
4.384887033413152
 21
104.26
 31
0.0
  0
LINE
  5
55E
330
17
100
AcDbEntity
  8
隐藏线
100
AcDbLine
 10
4.384887033413152
 20
104.26
 30
0.0
 11
4.332307682121844
 21
104.26
 31
0.0
  0
LINE
  5
55F
330
17
100
AcDbEntity
  8
隐藏线
100
AcDbLine
 10
4.332307682121844
 20
104.26
 30
0.0
 11
4.284535969589056
 21
104.26
 31
0.0
  0
LINE
  5
560
330
17
100
AcDbEntity
  8
隐藏线
100
AcDbLine
 10
4.2561336437367565
 20
104.26
 30
0.0
 11
4.229942558168673
 21
104.26
 31
0.0
  0
LINE
  5
561
330
17
100
AcDbEntity
  8
隐藏线
100
AcDbLine
 10
4.229942558168673
 20
104.26
 30
0.0
 11
4.206006884251149
 21
104.26
 31
0.0
  0
LINE
  5
562
330
17
100
AcDbEntity
  8
隐藏线
100
AcDbLine
 10
4.165258526984646
 20
104.26
 30
0.0
 11
4.148521649947348
 21
104.26
 31
0.0
  0
LINE
  5
563
330
17
100
AcDbEntity
  8
隐藏线
100
AcDbLine
 10
4.148521649947348
 20
104.26
 30
0.0
 11
4.134184774605421
 21
104.26
 31
0.0
  0
LINE
  5
564
330
17
100
AcDbEntity
  8
隐藏线
100
AcDbLine
 10
4.1000000177753755
 20
104.26
 30
0.0
 11
4.1000000177753755
 21
100.135
 31
0.0
  0
LINE
  5
565
330
17
100
AcDbEntity
  8
隐藏线
100
AcDbLine
 10
4.1000000177753755
 20
100.135
 30
0.0
 11
4.1000000177753755
 21
96.01
 31
0.0
  0
LINE
  5
566
330
17
100
AcDbEntity
  8
隐藏线
100
AcDbLine
 10
4.78949594287044
 20
96.01
 30
0.0
 11
4.712849661702009
 21
96.01
 31
0.0
  0
LINE
  5
567
330
17
100
AcDbEntity
  8
隐藏线
100
AcDbLine
 10
4.712849661702009
 20
96.01
 30
0.0
 11
4.639465633350467
 21
96.01
 31
0.0
  0
LINE
  5
568
330
17
100
AcDbEntity
  8
隐藏线
100
AcDbLine
 10
4.639465633350467
 20
96.01
 30
0.0
 11
4.569631758577268
 21
96.01
 31
0.0
  0
LINE
  5
569
330
17
100
AcDbEntity
  8
隐藏线
100
AcDbLine
 10
4.569631758577268
 20
96.01
 30
0.0
 11
4.50362291777437
 21
96.01
 31
0.0
  0
LINE
  5
56A
330
17
100
AcDbEntity
  8
隐藏线
100
AcDbLine
 10
4.50362291777437
 20
96.01
 30
0.0
 11
4.442066807910486
 21
96.01
 31
0.0
  0
LINE
  5
56B
330
17
100
AcDbEntity
  8
隐藏线
100
AcDbLine
 10
4.442066807910486
 20
96.01
 30
0.0
 11
4.384887033413152
 21
96.01
 31
0.0
  0
LINE
  5
56C
330
17
100
AcDbEntity
  8
隐藏线
100
AcDbLine
 10
4.384887033413152
 20
96.01
 30
0.0
 11
4.332307682121842
 21
96.01
 31
0.0
  0
LINE
  5
56D
330
17
100
AcDbEntity
  8
隐藏线
100
AcDbLine
 10
4.332307682121842
 20
96.01
 30
0.0
 11
4.284535969589056
 21
96.01
 31
0.0
  0
LINE
  5
56E
330
17
100
AcDbEntity
  8
隐藏线
100
AcDbLine
 10
4.284535969589056
 20
96.01
 30
0.0
 11
4.242196070345246
 21
96.01
 31
0.0
  0
LINE
  5
56F
330
17
100
AcDbEntity
  8
隐藏线
100
AcDbLine
 10
4.242196070345246
 20
96.01
 30
0.0
 11
4.2050532480021054
 21
96.01
 31
0.0
  0
LINE
  5
570
330
17
100
AcDbEntity
  8
隐藏线
100
AcDbLine
 10
4.1732527571121665
 20
96.01
 30
0.0
 11
4.14692025895461
 21
96.01
 31
0.0
  0
LINE
  5
571
330
17
100
AcDbEntity
  8
隐藏线
100
AcDbLine
 10
4.14692025895461
 20
96.01
 30
0.0
 11
4.126634567879483
 21
96.01
 31
0.0
  0
LINE
  5
572
330
17
100
AcDbEntity
  8
隐藏线
100
AcDbLine
 10
34.900000017775355
 20
104.26
 30
0.0
 11
34.89962974276382
 21
104.26
 31
0.0
  0
LINE
  5
573
330
17
100
AcDbEntity
  8
隐藏线
100
AcDbLine
 10
34.85147838560336
 20
104.26
 30
0.0
 11
34.83474150856607
 21
104.26
 31
0.0
  0
LINE
  5
574
330
17
100
AcDbEntity
  8
隐藏线
100
AcDbLine
 10
34.83474150856607
 20
104.26
 30
0.0
 11
34.815632802586904
 21
104.26
 31
0.0
  0
LINE
  5
575
330
17
100
AcDbEntity
  8
隐藏线
100
AcDbLine
 10
34.77005747738204
 20
104.26
 30
0.0
 11
34.74386639181396
 21
104.26
 31
0.0
  0
LINE
  5
576
330
17
100
AcDbEntity
  8
隐藏线
100
AcDbLine
 10
34.74386639181396
 20
104.26
 30
0.0
 11
34.715464065961655
 21
104.26
 31
0.0
  0
LINE
  5
577
330
17
100
AcDbEntity
  8
隐藏线
100
AcDbLine
 10
34.667692353428876
 20
104.26
 30
0.0
 11
34.61511300213756
 21
104.26
 31
0.0
  0
LINE
  5
578
330
17
100
AcDbEntity
  8
隐藏线
100
AcDbLine
 10
34.61511300213756
 20
104.26
 30
0.0
 11
34.55793322764023
 21
104.26
 31
0.0
  0
LINE
  5
579
330
17
100
AcDbEntity
  8
隐藏线
100
AcDbLine
 10
34.55793322764023
 20
104.26
 30
0.0
 11
34.49637711777635
 21
104.26
 31
0.0
  0
LINE
  5
57A
330
17
100
AcDbEntity
  8
隐藏线
100
AcDbLine
 10
34.49637711777635
 20
104.26
 30
0.0
 11
34.43036827697345
 21
104.26
 31
0.0
  0
LINE
  5
57B
330
17
100
AcDbEntity
  8
隐藏线
100
AcDbLine
 10
34.43036827697345
 20
104.26
 30
0.0
 11
34.360534402200244
 21
104.26
 31
0.0
  0
LINE
  5
57C
330
17
100
AcDbEntity
  8
隐藏线
100
AcDbLine
 10
34.360534402200244
 20
104.26
 30
0.0
 11
34.287150373848704
 21
104.26
 31
0.0
  0
LINE
  5
57D
330
17
100
AcDbEntity
  8
隐藏线
100
AcDbLine
 10
34.287150373848704
 20
104.26
 30
0.0
 11
34.21050409268027
 21
104.26
 31
0.0
  0
LINE
  5
57E
330
17
100
AcDbEntity
  8
隐藏线
100
AcDbLine
 10
34.900000017775355
 20
96.01
 30
0.0
 11
34.89687177279932
 21
96.01
 31
0.0
  0
LINE
  5
57F
330
17
100
AcDbEntity
  8
隐藏线
100
AcDbLine
 10
34.853079776596104
 20
96.01
 30
0.0
 11
34.826747278438546
 21
96.01
 31
0.0
  0
LINE
  5
580
330
17
100
AcDbEntity
  8
隐藏线
100
AcDbLine
 10
34.826747278438546
 20
96.01
 30
0.0
 11
34.79494678754861
 21
96.01
 31
0.0
  0
LINE
  5
581
330
17
100
AcDbEntity
  8
隐藏线
100
AcDbLine
 10
34.75780396520547
 20
96.01
 30
0.0
 11
34.715464065961655
 21
96.01
 31
0.0
  0
LINE
  5
582
330
17
100
AcDbEntity
  8
隐藏线
100
AcDbLine
 10
34.715464065961655
 20
96.01
 30
0.0
 11
34.667692353428876
 21
96.01
 31
0.0
  0
LINE
  5
583
330
17
100
AcDbEntity
  8
隐藏线
100
AcDbLine
 10
34.667692353428876
 20
96.01
 30
0.0
 11
34.61511300213756
 21
96.01
 31
0.0
  0
LINE
  5
584
330
17
100
AcDbEntity
  8
隐藏线
100
AcDbLine
 10
34.61511300213756
 20
96.01
 30
0.0
 11
34.55793322764023
 21
96.01
 31
0.0
  0
LINE
  5
585
330
17
100
AcDbEntity
  8
隐藏线
100
AcDbLine
 10
34.55793322764023
 20
96.01
 30
0.0
 11
34.49637711777635
 21
96.01
 31
0.0
  0
LINE
  5
586
330
17
100
AcDbEntity
  8
隐藏线
100
AcDbLine
 10
34.49637711777635
 20
96.01
 30
0.0
 11
34.43036827697345
 21
96.01
 31
0.0
  0
LINE
  5
587
330
17
100
AcDbEntity
  8
隐藏线
100
AcDbLine
 10
34.43036827697345
 20
96.01
 30
0.0
 11
34.360534402200244
 21
96.01
 31
0.0
  0
LINE
  5
588
330
17
100
AcDbEntity
  8
隐藏线
100
AcDbLine
 10
34.360534402200244
 20
96.01
 30
0.0
 11
34.287150373848704
 21
96.01
 31
0.0
  0
LINE
  5
589
330
17
100
AcDbEntity
  8
隐藏线
100
AcDbLine
 10
34.287150373848704
 20
96.01
 30
0.0
 11
34.21050409268027
 21
96.01
 31
0.0
  0
LINE
  5
58A
330
17
100
AcDbEntity
  8
隐藏线
100
AcDbLine
 10
34.900000017775376
 20
104.26
 30
0.0
 11
34.900000017775376
 21
100.135
 31
0.0
  0
LINE
  5
58B
330
17
100
AcDbEntity
  8
隐藏线
100
AcDbLine
 10
34.900000017775376
 20
100.135
 30
0.0
 11
34.900000017775376
 21
96.01
 31
0.0
  0
LINE
  5
58C
330
17
100
AcDbEntity
  8
隐藏线
100
AcDbLine
 10
6.817493836330316
 20
104.78374925379278
 30
0.0
 11
6.833171396966632
 21
104.78356168559843
 31
0.0
  0
LINE
  5
58D
330
17
100
AcDbEntity
  8
隐藏线
100
AcDbLine
 10
6.848777345230074
 20
104.7830055506955
 30
0.0
 11
6.8643060964653095
 21
104.78209070360408
 31
0.0
  0
LINE
  5
58E
330
17
100
AcDbEntity
  8
隐藏线
100
AcDbLine
 10
6.8643060964653095
 20
104.78209070360408
 30
0.0
 11
6.87975206601701
 21
104.7808269988442
 31
0.0
  0
LINE
  5
58F
330
17
100
AcDbEntity
  8
隐藏线
100
AcDbLine
 10
6.940596434281861
 20
104.77248069352173
 30
0.0
 11
6.955677897745641
 21
104.7695936166762
 31
0.0
  0
LINE
  5
590
330
17
100
AcDbEntity
  8
隐藏线
100
AcDbLine
 10
6.955677897745641
 20
104.7695936166762
 30
0.0
 11
6.97064093140108
 21
104.76641169347467
 31
0.0
  0
LINE
  5
591
330
17
100
AcDbEntity
  8
隐藏线
100
AcDbLine
 10
6.985479799411435
 20
104.76294504520747
 30
0.0
 11
7.000188765939962
 21
104.75920379316504
 31
0.0
  0
LINE
  5
592
330
17
100
AcDbEntity
  8
隐藏线
100
AcDbLine
 10
7.000188765939962
 20
104.75920379316504
 30
0.0
 11
7.014762095149919
 21
104.75519805863776
 31
0.0
  0
LINE
  5
593
330
17
100
AcDbEntity
  8
隐藏线
100
AcDbLine
 10
7.043478898267145
 20
104.74643362729013
 30
0.0
 11
7.057610900500924
 21
104.74169517305056
 31
0.0
  0
LINE
  5
594
330
17
100
AcDbEntity
  8
隐藏线
100
AcDbLine
 10
7.057610900500924
 20
104.74169517305056
 30
0.0
 11
7.116555882735893
 21
104.71887004881476
 31
0.0
  0
LINE
  5
595
330
17
100
AcDbEntity
  8
隐藏线
100
AcDbLine
 10
7.116555882735893
 20
104.71887004881476
 30
0.0
 11
7.172105555683178
 21
104.69270215635466
 31
0.0
  0
LINE
  5
596
330
17
100
AcDbEntity
  8
隐藏线
100
AcDbLine
 10
7.172105555683178
 20
104.69270215635466
 30
0.0
 11
7.22385771017934
 21
104.66417817207456
 31
0.0
  0
LINE
  5
597
330
17
100
AcDbEntity
  8
隐藏线
100
AcDbLine
 10
7.22385771017934
 20
104.66417817207456
 30
0.0
 11
7.2716945126060395
 21
104.63416392052694
 31
0.0
  0
LINE
  5
598
330
17
100
AcDbEntity
  8
隐藏线
100
AcDbLine
 10
7.2716945126060395
 20
104.63416392052694
 30
0.0
 11
7.3155893111276615
 21
104.60313318124012
 31
0.0
  0
LINE
  5
599
330
17
100
AcDbEntity
  8
隐藏线
100
AcDbLine
 10
7.3155893111276615
 20
104.60313318124012
 30
0.0
 11
7.355515491133286
 21
104.57155699302022
 31
0.0
  0
LINE
  5
59A
330
17
100
AcDbEntity
  8
隐藏线
100
AcDbLine
 10
7.355515491133286
 20
104.57155699302022
 30
0.0
 11
7.3914464380119895
 21
104.53990639467334
 31
0.0
  0
LINE
  5
59B
330
17
100
AcDbEntity
  8
隐藏线
100
AcDbLine
 10
7.3914464380119895
 20
104.53990639467334
 30
0.0
 11
7.42335506796937
 21
104.50865167876027
 31
0.0
  0
LINE
  5
59C
330
17
100
AcDbEntity
  8
隐藏线
100
AcDbLine
 10
7.444460441299112
 20
104.48581842071077
 30
0.0
 11
7.463134666144448
 21
104.46351265594363
 31
0.0
  0
LINE
  5
59D
330
17
100
AcDbEntity
  8
隐藏线
100
AcDbLine
 10
7.463134666144448
 20
104.46351265594363
 30
0.0
 11
7.479259275525029
 21
104.44186730230585
 31
0.0
  0
LINE
  5
59E
330
17
100
AcDbEntity
  8
隐藏线
100
AcDbLine
 10
7.479259275525029
 20
104.44186730230585
 30
0.0
 11
7.492715802460506
 21
104.42101527764432
 31
0.0
  0
LINE
  5
59F
330
17
100
AcDbEntity
  8
隐藏线
100
AcDbLine
 10
7.515892218792816
 20
104.3645483559866
 30
0.0
 11
7.517482516169935
 21
104.3481982134917
 31
0.0
  0
LINE
  5
5A0
330
17
100
AcDbEntity
  8
隐藏线
100
AcDbLine
 10
7.517482516169935
 20
104.3481982134917
 30
0.0
 11
7.515974690389909
 21
104.33429166724424
 31
0.0
  0
LINE
  5
5A1
330
17
100
AcDbEntity
  8
隐藏线
100
AcDbLine
 10
7.464999824534809
 20
104.28319780431333
 30
0.0
 11
7.446147292787721
 21
104.27669394860108
 31
0.0
  0
LINE
  5
5A2
330
17
100
AcDbEntity
  8
隐藏线
100
AcDbLine
 10
6.817493836330316
 20
96.01
 30
0.0
 11
6.908731125414928
 21
96.01
 31
0.0
  0
LINE
  5
5A3
330
17
100
AcDbEntity
  8
隐藏线
100
AcDbLine
 10
6.908731125414928
 20
96.01
 30
0.0
 11
6.998369768491131
 21
96.01
 31
0.0
  0
LINE
  5
5A4
330
17
100
AcDbEntity
  8
隐藏线
100
AcDbLine
 10
6.998369768491131
 20
96.01
 30
0.0
 11
7.084982493941574
 21
96.01
 31
0.0
  0
LINE
  5
5A5
330
17
100
AcDbEntity
  8
隐藏线
100
AcDbLine
 10
7.084982493941574
 20
96.01
 30
0.0
 11
7.167187047802534
 21
96.01
 31
0.0
  0
LINE
  5
5A6
330
17
100
AcDbEntity
  8
隐藏线
100
AcDbLine
 10
7.167187047802534
 20
96.01
 30
0.0
 11
7.243056259646572
 21
96.01
 31
0.0
  0
LINE
  5
5A7
330
17
100
AcDbEntity
  8
隐藏线
100
AcDbLine
 10
7.243056259646572
 20
96.01
 30
0.0
 11
7.311747555237369
 21
96.01
 31
0.0
  0
LINE
  5
5A8
330
17
100
AcDbEntity
  8
隐藏线
100
AcDbLine
 10
7.311747555237369
 20
96.01
 30
0.0
 11
7.372170359704047
 21
96.01
 31
0.0
  0
LINE
  5
5A9
330
17
100
AcDbEntity
  8
隐藏线
100
AcDbLine
 10
7.372170359704047
 20
96.01
 30
0.0
 11
7.423357111461453
 21
96.01
 31
0.0
  0
LINE
  5
5AA
330
17
100
AcDbEntity
  8
隐藏线
100
AcDbLine
 10
7.4449480088377005
 20
96.01
 30
0.0
 11
7.463892531806456
 21
96.01
 31
0.0
  0
LINE
  5
5AB
330
17
100
AcDbEntity
  8
隐藏线
100
AcDbLine
 10
7.463892531806456
 20
96.01
 30
0.0
 11
7.480115058046479
 21
96.01
 31
0.0
  0
LINE
  5
5AC
330
17
100
AcDbEntity
  8
隐藏线
100
AcDbLine
 10
37.00000001777538
 20
116.01
 30
0.0
 11
37.00000001777538
 21
106.01
 31
0.0
  0
LINE
  5
5AD
330
17
100
AcDbEntity
  8
隐藏线
100
AcDbLine
 10
37.00000001777538
 20
106.01
 30
0.0
 11
37.00000001777538
 21
96.01
 31
0.0
  0
LINE
  5
5AE
330
17
100
AcDbEntity
  8
隐藏线
100
AcDbLine
 10
37.00000001777538
 20
107.76
 30
0.0
 11
37.00000001777538
 21
108.02004477352848
 31
0.0
  0
LINE
  5
5AF
330
17
100
AcDbEntity
  8
隐藏线
100
AcDbLine
 10
37.00000001777538
 20
108.02004477352848
 30
0.0
 11
37.00000001777538
 21
108.2701558796037
 31
0.0
  0
LINE
  5
5B0
330
17
100
AcDbEntity
  8
隐藏线
100
AcDbLine
 10
37.00000001777538
 20
108.2701558796037
 30
0.0
 11
37.00000001777538
 21
108.50916480663453
 31
0.0
  0
LINE
  5
5B1
330
17
100
AcDbEntity
  8
隐藏线
100
AcDbLine
 10
37.00000001777538
 20
108.50916480663453
 30
0.0
 11
37.00000001777538
 21
108.73595152550767
 31
0.0
  0
LINE
  5
5B2
330
17
100
AcDbEntity
  8
隐藏线
100
AcDbLine
 10
37.00000001777538
 20
108.73595152550767
 30
0.0
 11
37.00000001777538
 21
108.94823368774489
 31
0.0
  0
LINE
  5
5B3
330
17
100
AcDbEntity
  8
隐藏线
100
AcDbLine
 10
37.00000001777538
 20
108.94823368774489
 30
0.0
 11
37.00000001777538
 21
109.14603432769398
 31
0.0
  0
LINE
  5
5B4
330
17
100
AcDbEntity
  8
隐藏线
100
AcDbLine
 10
37.00000001777538
 20
109.14603432769398
 30
0.0
 11
37.00000001777538
 21
109.32843035997429
 31
0.0
  0
LINE
  5
5B5
330
17
100
AcDbEntity
  8
隐藏线
100
AcDbLine
 10
37.00000001777538
 20
109.32843035997429
 30
0.0
 11
37.00000001777538
 21
109.49456597010304
 31
0.0
  0
LINE
  5
5B6
330
17
100
AcDbEntity
  8
隐藏线
100
AcDbLine
 10
37.00000001777538
 20
109.49456597010304
 30
0.0
 11
37.00000001777538
 21
109.64216050054198
 31
0.0
  0
LINE
  5
5B7
330
17
100
AcDbEntity
  8
隐藏线
100
AcDbLine
 10
37.00000001777538
 20
109.64216050054198
 30
0.0
 11
37.00000001777538
 21
109.77188024951074
 31
0.0
  0
LINE
  5
5B8
330
17
100
AcDbEntity
  8
隐藏线
100
AcDbLine
 10
37.00000001777538
 20
109.77188024951074
 30
0.0
 11
37.00000001777538
 21
109.88312115440915
 31
0.0
  0
LINE
  5
5B9
330
17
100
AcDbEntity
  8
隐藏线
100
AcDbLine
 10
37.00000001777538
 20
109.88312115440915
 30
0.0
 11
37.00000001777538
 21
109.97535984852105
 31
0.0
  0
LINE
  5
5BA
330
17
100
AcDbEntity
  8
隐藏线
100
AcDbLine
 10
37.00000001777538
 20
109.97535984852105
 30
0.0
 11
37.00000001777538
 21
110.04649919953512
 31
0.0
  0
LINE
  5
5BB
330
17
100
AcDbEntity
  8
隐藏线
100
AcDbLine
 10
37.00000001777538
 20
110.04649919953512
 30
0.0
 11
37.00000001777538
 21
110.09779564632738
 31
0.0
  0
LINE
  5
5BC
330
17
100
AcDbEntity
  8
隐藏线
100
AcDbLine
 10
37.00000001777538
 20
110.09779564632738
 30
0.0
 11
37.00000001777538
 21
110.12901231031701
 31
0.0
  0
LINE
  5
5BD
330
17
100
AcDbEntity
  8
隐藏线
100
AcDbLine
 10
37.00000001777538
 20
109.97211256839698
 30
0.0
 11
37.00000001777538
 21
109.77035403325668
 31
0.0
  0
LINE
  5
5BE
330
17
100
AcDbEntity
  8
隐藏线
100
AcDbLine
 10
37.00000001777538
 20
109.77035403325668
 30
0.0
 11
37.00000001777538
 21
109.49456597010304
 31
0.0
  0
LINE
  5
5BF
330
17
100
AcDbEntity
  8
隐藏线
100
AcDbLine
 10
37.00000001777538
 20
109.49456597010304
 30
0.0
 11
37.00000001777538
 21
109.14472799993554
 31
0.0
  0
LINE
  5
5C0
330
17
100
AcDbEntity
  8
隐藏线
100
AcDbLine
 10
37.00000001777538
 20
109.14472799993554
 30
0.0
 11
37.00000001777538
 21
108.73371921153215
 31
0.0
  0
LINE
  5
5C1
330
17
100
AcDbEntity
  8
隐藏线
100
AcDbLine
 10
37.00000001777538
 20
108.73371921153215
 30
0.0
 11
37.00000001777538
 21
108.26925908263824
 31
0.0
  0
LINE
  5
5C2
330
17
100
AcDbEntity
  8
隐藏线
100
AcDbLine
 10
37.00000001777538
 20
108.26925908263824
 30
0.0
 11
37.00000001777538
 21
107.76
 31
0.0
  0
LINE
  5
5C3
330
17
100
AcDbEntity
  8
隐藏线
100
AcDbLine
 10
37.00000001777538
 20
104.26
 30
0.0
 11
37.00000001777538
 21
103.75074091736177
 31
0.0
  0
LINE
  5
5C4
330
17
100
AcDbEntity
  8
隐藏线
100
AcDbLine
 10
37.00000001777538
 20
103.75074091736177
 30
0.0
 11
37.00000001777538
 21
103.28628078846789
 31
0.0
  0
LINE
  5
5C5
330
17
100
AcDbEntity
  8
隐藏线
100
AcDbLine
 10
37.00000001777538
 20
103.28628078846789
 30
0.0
 11
37.00000001777538
 21
102.87527200006447
 31
0.0
  0
LINE
  5
5C6
330
17
100
AcDbEntity
  8
隐藏线
100
AcDbLine
 10
37.00000001777538
 20
102.87527200006447
 30
0.0
 11
37.00000001777538
 21
102.525434029897
 31
0.0
  0
LINE
  5
5C7
330
17
100
AcDbEntity
  8
隐藏线
100
AcDbLine
 10
37.00000001777538
 20
102.525434029897
 30
0.0
 11
37.00000001777538
 21
102.24964596674333
 31
0.0
  0
LINE
  5
5C8
330
17
100
AcDbEntity
  8
隐藏线
100
AcDbLine
 10
37.00000001777538
 20
102.24964596674333
 30
0.0
 11
37.00000001777538
 21
102.04788743160303
 31
0.0
  0
LINE
  5
5C9
330
17
100
AcDbEntity
  8
隐藏线
100
AcDbLine
 10
37.00000001777538
 20
102.04788743160303
 30
0.0
 11
37.00000001777538
 21
101.92388295681458
 31
0.0
  0
LINE
  5
5CA
330
17
100
AcDbEntity
  8
隐藏线
100
AcDbLine
 10
37.00000001777538
 20
101.92388295681458
 30
0.0
 11
37.00000001777538
 21
101.88000000000001
 31
0.0
  0
LINE
  5
5CB
330
17
100
AcDbEntity
  8
隐藏线
100
AcDbLine
 10
37.00000001777538
 20
101.97350080046492
 30
0.0
 11
37.00000001777538
 21
102.04464015147896
 31
0.0
  0
LINE
  5
5CC
330
17
100
AcDbEntity
  8
隐藏线
100
AcDbLine
 10
37.00000001777538
 20
102.04464015147896
 30
0.0
 11
37.00000001777538
 21
102.13687884559083
 31
0.0
  0
LINE
  5
5CD
330
17
100
AcDbEntity
  8
隐藏线
100
AcDbLine
 10
37.00000001777538
 20
102.13687884559083
 30
0.0
 11
37.00000001777538
 21
102.2481197504893
 31
0.0
  0
LINE
  5
5CE
330
17
100
AcDbEntity
  8
隐藏线
100
AcDbLine
 10
37.00000001777538
 20
102.2481197504893
 30
0.0
 11
37.00000001777538
 21
102.37783949945806
 31
0.0
  0
LINE
  5
5CF
330
17
100
AcDbEntity
  8
隐藏线
100
AcDbLine
 10
37.00000001777538
 20
102.37783949945806
 30
0.0
 11
37.00000001777538
 21
102.52543402989697
 31
0.0
  0
LINE
  5
5D0
330
17
100
AcDbEntity
  8
隐藏线
100
AcDbLine
 10
37.00000001777538
 20
102.52543402989697
 30
0.0
 11
37.00000001777538
 21
102.69156964002572
 31
0.0
  0
LINE
  5
5D1
330
17
100
AcDbEntity
  8
隐藏线
100
AcDbLine
 10
37.00000001777538
 20
102.69156964002572
 30
0.0
 11
37.00000001777538
 21
102.87396567230603
 31
0.0
  0
LINE
  5
5D2
330
17
100
AcDbEntity
  8
隐藏线
100
AcDbLine
 10
37.00000001777538
 20
102.87396567230603
 30
0.0
 11
37.00000001777538
 21
103.07176631225512
 31
0.0
  0
LINE
  5
5D3
330
17
100
AcDbEntity
  8
隐藏线
100
AcDbLine
 10
37.00000001777538
 20
103.07176631225512
 30
0.0
 11
37.00000001777538
 21
103.28404847449234
 31
0.0
  0
LINE
  5
5D4
330
17
100
AcDbEntity
  8
隐藏线
100
AcDbLine
 10
37.00000001777538
 20
103.28404847449234
 30
0.0
 11
37.00000001777538
 21
103.51083519336548
 31
0.0
  0
LINE
  5
5D5
330
17
100
AcDbEntity
  8
隐藏线
100
AcDbLine
 10
37.00000001777538
 20
103.51083519336548
 30
0.0
 11
37.00000001777538
 21
103.74984412039628
 31
0.0
  0
LINE
  5
5D6
330
17
100
AcDbEntity
  8
隐藏线
100
AcDbLine
 10
37.00000001777538
 20
103.74984412039628
 30
0.0
 11
37.00000001777538
 21
103.99995522647156
 31
0.0
  0
LINE
  5
5D7
330
17
100
AcDbEntity
  8
隐藏线
100
AcDbLine
 10
37.00000001777538
 20
103.99995522647156
 30
0.0
 11
37.00000001777538
 21
104.26
 31
0.0
  0
LINE
  5
5D8
330
17
100
AcDbEntity
  8
隐藏线
100
AcDbLine
 10
2.000000017775328
 20
101.88000000000001
 30
0.0
 11
2.000000017775328
 21
101.890987689683
 31
0.0
  0
LINE
  5
5D9
330
17
100
AcDbEntity
  8
隐藏线
100
AcDbLine
 10
2.000000017775328
 20
101.92220435367263
 30
0.0
 11
2.000000017775328
 21
101.97350080046492
 31
0.0
  0
LINE
  5
5DA
330
17
100
AcDbEntity
  8
隐藏线
100
AcDbLine
 10
2.000000017775328
 20
101.97350080046492
 30
0.0
 11
2.000000017775328
 21
102.04464015147896
 31
0.0
  0
LINE
  5
5DB
330
17
100
AcDbEntity
  8
隐藏线
100
AcDbLine
 10
2.000000017775328
 20
102.04464015147896
 30
0.0
 11
2.000000017775328
 21
102.13687884559083
 31
0.0
  0
LINE
  5
5DC
330
17
100
AcDbEntity
  8
隐藏线
100
AcDbLine
 10
2.000000017775328
 20
102.13687884559083
 30
0.0
 11
2.000000017775328
 21
102.2481197504893
 31
0.0
  0
LINE
  5
5DD
330
17
100
AcDbEntity
  8
隐藏线
100
AcDbLine
 10
2.000000017775328
 20
102.2481197504893
 30
0.0
 11
2.000000017775328
 21
102.37783949945806
 31
0.0
  0
LINE
  5
5DE
330
17
100
AcDbEntity
  8
隐藏线
100
AcDbLine
 10
2.000000017775328
 20
102.37783949945806
 30
0.0
 11
2.000000017775328
 21
102.52543402989697
 31
0.0
  0
LINE
  5
5DF
330
17
100
AcDbEntity
  8
隐藏线
100
AcDbLine
 10
2.000000017775328
 20
102.52543402989697
 30
0.0
 11
2.000000017775328
 21
102.69156964002572
 31
0.0
  0
LINE
  5
5E0
330
17
100
AcDbEntity
  8
隐藏线
100
AcDbLine
 10
2.000000017775328
 20
102.69156964002572
 30
0.0
 11
2.000000017775328
 21
102.87396567230603
 31
0.0
  0
LINE
  5
5E1
330
17
100
AcDbEntity
  8
隐藏线
100
AcDbLine
 10
2.000000017775328
 20
102.87396567230603
 30
0.0
 11
2.000000017775328
 21
103.07176631225512
 31
0.0
  0
LINE
  5
5E2
330
17
100
AcDbEntity
  8
隐藏线
100
AcDbLine
 10
2.000000017775328
 20
103.07176631225512
 30
0.0
 11
2.000000017775328
 21
103.28404847449234
 31
0.0
  0
LINE
  5
5E3
330
17
100
AcDbEntity
  8
隐藏线
100
AcDbLine
 10
2.000000017775328
 20
103.28404847449234
 30
0.0
 11
2.000000017775328
 21
103.51083519336548
 31
0.0
  0
LINE
  5
5E4
330
17
100
AcDbEntity
  8
隐藏线
100
AcDbLine
 10
2.000000017775328
 20
103.51083519336548
 30
0.0
 11
2.000000017775328
 21
103.74984412039628
 31
0.0
  0
LINE
  5
5E5
330
17
100
AcDbEntity
  8
隐藏线
100
AcDbLine
 10
2.000000017775328
 20
103.74984412039628
 30
0.0
 11
2.000000017775328
 21
103.99995522647156
 31
0.0
  0
LINE
  5
5E6
330
17
100
AcDbEntity
  8
隐藏线
100
AcDbLine
 10
2.000000017775328
 20
103.99995522647156
 30
0.0
 11
2.000000017775328
 21
104.26
 31
0.0
  0
LINE
  5
5E7
330
17
100
AcDbEntity
  8
隐藏线
100
AcDbLine
 10
2.000000017775328
 20
110.14
 30
0.0
 11
2.000000017775328
 21
110.09611704318543
 31
0.0
  0
LINE
  5
5E8
330
17
100
AcDbEntity
  8
隐藏线
100
AcDbLine
 10
2.000000017775328
 20
110.09611704318543
 30
0.0
 11
2.000000017775328
 21
109.97211256839698
 31
0.0
  0
LINE
  5
5E9
330
17
100
AcDbEntity
  8
隐藏线
100
AcDbLine
 10
2.000000017775328
 20
109.97211256839698
 30
0.0
 11
2.000000017775328
 21
109.77035403325668
 31
0.0
  0
LINE
  5
5EA
330
17
100
AcDbEntity
  8
隐藏线
100
AcDbLine
 10
2.000000017775328
 20
109.77035403325668
 30
0.0
 11
2.000000017775328
 21
109.49456597010304
 31
0.0
  0
LINE
  5
5EB
330
17
100
AcDbEntity
  8
隐藏线
100
AcDbLine
 10
2.000000017775328
 20
109.49456597010304
 30
0.0
 11
2.000000017775328
 21
109.14472799993554
 31
0.0
  0
LINE
  5
5EC
330
17
100
AcDbEntity
  8
隐藏线
100
AcDbLine
 10
2.000000017775328
 20
109.14472799993554
 30
0.0
 11
2.000000017775328
 21
108.73371921153215
 31
0.0
  0
LINE
  5
5ED
330
17
100
AcDbEntity
  8
隐藏线
100
AcDbLine
 10
2.000000017775328
 20
108.73371921153215
 30
0.0
 11
2.000000017775328
 21
108.26925908263824
 31
0.0
  0
LINE
  5
5EE
330
17
100
AcDbEntity
  8
隐藏线
100
AcDbLine
 10
2.000000017775328
 20
108.26925908263824
 30
0.0
 11
2.000000017775328
 21
107.76
 31
0.0
  0
LINE
  5
5EF
330
17
100
AcDbEntity
  8
隐藏线
100
AcDbLine
 10
2.000000017775328
 20
104.26
 30
0.0
 11
2.000000017775328
 21
103.75074091736177
 31
0.0
  0
LINE
  5
5F0
330
17
100
AcDbEntity
  8
隐藏线
100
AcDbLine
 10
2.000000017775328
 20
103.75074091736177
 30
0.0
 11
2.000000017775328
 21
103.28628078846789
 31
0.0
  0
LINE
  5
5F1
330
17
100
AcDbEntity
  8
隐藏线
100
AcDbLine
 10
2.000000017775328
 20
103.28628078846789
 30
0.0
 11
2.000000017775328
 21
102.87527200006447
 31
0.0
  0
LINE
  5
5F2
330
17
100
AcDbEntity
  8
隐藏线
100
AcDbLine
 10
2.000000017775328
 20
102.87527200006447
 30
0.0
 11
2.000000017775328
 21
102.525434029897
 31
0.0
  0
LINE
  5
5F3
330
17
100
AcDbEntity
  8
隐藏线
100
AcDbLine
 10
2.000000017775328
 20
102.525434029897
 30
0.0
 11
2.000000017775328
 21
102.24964596674333
 31
0.0
  0
LINE
  5
5F4
330
17
100
AcDbEntity
  8
隐藏线
100
AcDbLine
 10
2.000000017775328
 20
102.24964596674333
 30
0.0
 11
2.000000017775328
 21
102.04788743160303
 31
0.0
  0
LINE
  5
5F5
330
17
100
AcDbEntity
  8
隐藏线
100
AcDbLine
 10
2.000000017775328
 20
107.76
 30
0.0
 11
2.000000017775328
 21
108.02004477352848
 31
0.0
  0
LINE
  5
5F6
330
17
100
AcDbEntity
  8
隐藏线
100
AcDbLine
 10
2.000000017775328
 20
108.02004477352848
 30
0.0
 11
2.000000017775328
 21
108.2701558796037
 31
0.0
  0
LINE
  5
5F7
330
17
100
AcDbEntity
  8
隐藏线
100
AcDbLine
 10
2.000000017775328
 20
108.2701558796037
 30
0.0
 11
2.000000017775328
 21
108.50916480663453
 31
0.0
  0
LINE
  5
5F8
330
17
100
AcDbEntity
  8
隐藏线
100
AcDbLine
 10
2.000000017775328
 20
108.50916480663453
 30
0.0
 11
2.000000017775328
 21
108.73595152550767
 31
0.0
  0
LINE
  5
5F9
330
17
100
AcDbEntity
  8
隐藏线
100
AcDbLine
 10
2.000000017775328
 20
108.73595152550767
 30
0.0
 11
2.000000017775328
 21
108.94823368774489
 31
0.0
  0
LINE
  5
5FA
330
17
100
AcDbEntity
  8
隐藏线
100
AcDbLine
 10
2.000000017775328
 20
108.94823368774489
 30
0.0
 11
2.000000017775328
 21
109.14603432769398
 31
0.0
  0
LINE
  5
5FB
330
17
100
AcDbEntity
  8
隐藏线
100
AcDbLine
 10
2.000000017775328
 20
109.14603432769398
 30
0.0
 11
2.000000017775328
 21
109.32843035997429
 31
0.0
  0
LINE
  5
5FC
330
17
100
AcDbEntity
  8
隐藏线
100
AcDbLine
 10
2.000000017775328
 20
109.32843035997429
 30
0.0
 11
2.000000017775328
 21
109.49456597010304
 31
0.0
  0
LINE
  5
5FD
330
17
100
AcDbEntity
  8
隐藏线
100
AcDbLine
 10
2.000000017775328
 20
109.49456597010304
 30
0.0
 11
2.000000017775328
 21
109.64216050054198
 31
0.0
  0
LINE
  5
5FE
330
17
100
AcDbEntity
  8
隐藏线
100
AcDbLine
 10
2.000000017775328
 20
109.64216050054198
 30
0.0
 11
2.000000017775328
 21
109.77188024951074
 31
0.0
  0
LINE
  5
5FF
330
17
100
AcDbEntity
  8
隐藏线
100
AcDbLine
 10
2.000000017775328
 20
109.77188024951074
 30
0.0
 11
2.000000017775328
 21
109.88312115440915
 31
0.0
  0
LINE
  5
600
330
17
100
AcDbEntity
  8
隐藏线
100
AcDbLine
 10
2.000000017775328
 20
109.88312115440915
 30
0.0
 11
2.000000017775328
 21
109.97535984852105
 31
0.0
  0
LINE
  5
601
330
17
100
AcDbEntity
  8
隐藏线
100
AcDbLine
 10
2.000000017775328
 20
109.97535984852105
 30
0.0
 11
2.000000017775328
 21
110.04649919953512
 31
0.0
  0
LINE
  5
602
330
17
100
AcDbEntity
  8
隐藏线
100
AcDbLine
 10
2.000000017775328
 20
116.01
 30
0.0
 11
2.000000017775328
 21
106.01
 31
0.0
  0
LINE
  5
603
330
17
100
AcDbEntity
  8
隐藏线
100
AcDbLine
 10
2.000000017775328
 20
106.01
 30
0.0
 11
2.000000017775328
 21
96.01
 31
0.0
  0
LINE
  5
604
330
17
100
AcDbEntity
  8
隐藏线
100
AcDbLine
 10
10.563202261930547
 20
96.01
 30
0.0
 11
10.403683459843762
 21
96.01
 31
0.0
  0
LINE
  5
605
330
17
100
AcDbEntity
  8
隐藏线
100
AcDbLine
 10
10.403683459843762
 20
96.01
 30
0.0
 11
10.21450554160727
 21
96.01
 31
0.0
  0
LINE
  5
606
330
17
100
AcDbEntity
  8
隐藏线
100
AcDbLine
 10
10.21450554160727
 20
96.01
 30
0.0
 11
9.996120065359559
 21
96.01
 31
0.0
  0
LINE
  5
607
330
17
100
AcDbEntity
  8
隐藏线
100
AcDbLine
 10
9.996120065359559
 20
96.01
 30
0.0
 11
9.749043324975613
 21
96.01
 31
0.0
  0
LINE
  5
608
330
17
100
AcDbEntity
  8
隐藏线
100
AcDbLine
 10
9.749043324975613
 20
96.01
 30
0.0
 11
9.471583921538105
 21
96.01
 31
0.0
  0
LINE
  5
609
330
17
100
AcDbEntity
  8
隐藏线
100
AcDbLine
 10
9.471583921538105
 20
96.01
 30
0.0
 11
9.166803300264084
 21
96.01
 31
0.0
  0
LINE
  5
60A
330
17
100
AcDbEntity
  8
隐藏线
100
AcDbLine
 10
9.166803300264084
 20
96.01
 30
0.0
 11
8.835427337425388
 21
96.01
 31
0.0
  0
LINE
  5
60B
330
17
100
AcDbEntity
  8
隐藏线
100
AcDbLine
 10
8.835427337425388
 20
96.01
 30
0.0
 11
8.478240855304445
 21
96.01
 31
0.0
  0
LINE
  5
60C
330
17
100
AcDbEntity
  8
隐藏线
100
AcDbLine
 10
8.478240855304445
 20
96.01
 30
0.0
 11
8.094104034300912
 21
96.01
 31
0.0
  0
LINE
  5
60D
330
17
100
AcDbEntity
  8
隐藏线
100
AcDbLine
 10
8.094104034300912
 20
96.01
 30
0.0
 11
7.686092970972027
 21
96.01
 31
0.0
  0
LINE
  5
60E
330
17
100
AcDbEntity
  8
隐藏线
100
AcDbLine
 10
7.686092970972027
 20
96.01
 30
0.0
 11
7.25517839351008
 21
96.01
 31
0.0
  0
LINE
  5
60F
330
17
100
AcDbEntity
  8
隐藏线
100
AcDbLine
 10
7.25517839351008
 20
96.01
 30
0.0
 11
6.8023817935383555
 21
96.01
 31
0.0
  0
LINE
  5
610
330
17
100
AcDbEntity
  8
隐藏线
100
AcDbLine
 10
6.8023817935383555
 20
96.01
 30
0.0
 11
6.3271612005970574
 21
96.01
 31
0.0
  0
LINE
  5
611
330
17
100
AcDbEntity
  8
隐藏线
100
AcDbLine
 10
6.3271612005970574
 20
96.01
 30
0.0
 11
5.832482491555876
 21
96.01
 31
0.0
  0
LINE
  5
612
330
17
100
AcDbEntity
  8
隐藏线
100
AcDbLine
 10
5.832482491555876
 20
96.01
 30
0.0
 11
5.319521840798625
 21
96.01
 31
0.0
  0
LINE
  5
613
330
17
100
AcDbEntity
  8
隐藏线
100
AcDbLine
 10
5.319521840798625
 20
96.01
 30
0.0
 11
4.789495942870435
 21
96.01
 31
0.0
  0
LINE
  5
614
330
17
100
AcDbEntity
  8
隐藏线
100
AcDbLine
 10
9.689156717468839
 20
104.26
 30
0.0
 11
9.558964066771729
 21
104.26
 31
0.0
  0
LINE
  5
615
330
17
100
AcDbEntity
  8
隐藏线
100
AcDbLine
 10
9.558964066771729
 20
104.26
 30
0.0
 11
9.422635819784835
 21
104.26
 31
0.0
  0
LINE
  5
616
330
17
100
AcDbEntity
  8
隐藏线
100
AcDbLine
 10
9.422635819784835
 20
104.26
 30
0.0
 11
9.280244159806562
 21
104.26
 31
0.0
  0
LINE
  5
617
330
17
100
AcDbEntity
  8
隐藏线
100
AcDbLine
 10
9.280244159806562
 20
104.26
 30
0.0
 11
9.131864262131405
 21
104.26
 31
0.0
  0
LINE
  5
618
330
17
100
AcDbEntity
  8
隐藏线
100
AcDbLine
 10
9.131864262131405
 20
104.26
 30
0.0
 11
8.977090608230528
 21
104.26
 31
0.0
  0
LINE
  5
619
330
17
100
AcDbEntity
  8
隐藏线
100
AcDbLine
 10
8.977090608230528
 20
104.26
 30
0.0
 11
8.816505016683951
 21
104.26
 31
0.0
  0
LINE
  5
61A
330
17
100
AcDbEntity
  8
隐藏线
100
AcDbLine
 10
8.816505016683951
 20
104.26
 30
0.0
 11
8.650192489664116
 21
104.26
 31
0.0
  0
LINE
  5
61B
330
17
100
AcDbEntity
  8
隐藏线
100
AcDbLine
 10
8.650192489664116
 20
104.26
 30
0.0
 11
8.478240855304445
 21
104.26
 31
0.0
  0
LINE
  5
61C
330
17
100
AcDbEntity
  8
隐藏线
100
AcDbLine
 10
8.478240855304445
 20
104.26
 30
0.0
 11
8.193702348655552
 21
104.26
 31
0.0
  0
LINE
  5
61D
330
17
100
AcDbEntity
  8
隐藏线
100
AcDbLine
 10
8.193702348655552
 20
104.26
 30
0.0
 11
7.895688375232636
 21
104.26
 31
0.0
  0
LINE
  5
61E
330
17
100
AcDbEntity
  8
隐藏线
100
AcDbLine
 10
7.895688375232636
 20
104.26
 30
0.0
 11
7.584594639771156
 21
104.26
 31
0.0
  0
LINE
  5
61F
330
17
100
AcDbEntity
  8
隐藏线
100
AcDbLine
 10
7.584594639771156
 20
104.26
 30
0.0
 11
7.26083303285073
 21
104.26
 31
0.0
  0
LINE
  5
620
330
17
100
AcDbEntity
  8
隐藏线
100
AcDbLine
 10
7.26083303285073
 20
104.26
 30
0.0
 11
6.923859509202458
 21
104.26
 31
0.0
  0
LINE
  5
621
330
17
100
AcDbEntity
  8
隐藏线
100
AcDbLine
 10
6.923859509202458
 20
104.26
 30
0.0
 11
6.575181707313725
 21
104.26
 31
0.0
  0
LINE
  5
622
330
17
100
AcDbEntity
  8
隐藏线
100
AcDbLine
 10
6.575181707313725
 20
104.26
 30
0.0
 11
6.215262424130698
 21
104.26
 31
0.0
  0
LINE
  5
623
330
17
100
AcDbEntity
  8
隐藏线
100
AcDbLine
 10
6.215262424130698
 20
104.26
 30
0.0
 11
5.844578367622084
 21
104.26
 31
0.0
  0
LINE
  5
624
330
17
100
AcDbEntity
  8
隐藏线
100
AcDbLine
 10
5.457269385965979
 20
104.26
 30
0.0
 11
5.325920322009969
 21
104.26
 31
0.0
  0
LINE
  5
625
330
17
100
AcDbEntity
  8
隐藏线
100
AcDbLine
 10
5.325920322009969
 20
104.26
 30
0.0
 11
5.193392642781662
 21
104.26
 31
0.0
  0
LINE
  5
626
330
17
100
AcDbEntity
  8
隐藏线
100
AcDbLine
 10
5.193392642781662
 20
104.26
 30
0.0
 11
5.059799138912355
 21
104.26
 31
0.0
  0
LINE
  5
627
330
17
100
AcDbEntity
  8
隐藏线
100
AcDbLine
 10
5.059799138912355
 20
104.26
 30
0.0
 11
4.925160094774689
 21
104.26
 31
0.0
  0
LINE
  5
628
330
17
100
AcDbEntity
  8
隐藏线
100
AcDbLine
 10
4.925160094774689
 20
104.26
 30
0.0
 11
4.789495942870435
 21
104.26
 31
0.0
  0
LINE
  5
629
330
17
100
AcDbEntity
  8
隐藏线
100
AcDbLine
 10
10.365220774069801
 20
106.01
 30
0.0
 11
10.362625139734918
 21
105.83695800615028
 31
0.0
  0
LINE
  5
62A
330
17
100
AcDbEntity
  8
隐藏线
100
AcDbLine
 10
10.362625139734918
 20
105.83695800615028
 30
0.0
 11
10.354814243552243
 21
105.66508196941693
 31
0.0
  0
LINE
  5
62B
330
17
100
AcDbEntity
  8
隐藏线
100
AcDbLine
 10
10.354814243552243
 20
105.66508196941693
 30
0.0
 11
10.341834417188906
 21
105.49763682991995
 31
0.0
  0
LINE
  5
62C
330
17
100
AcDbEntity
  8
隐藏线
100
AcDbLine
 10
10.341834417188906
 20
105.49763682991995
 30
0.0
 11
10.323673162187903
 21
105.33603741612849
 31
0.0
  0
LINE
  5
62D
330
17
100
AcDbEntity
  8
隐藏线
100
AcDbLine
 10
10.323673162187903
 20
105.33603741612849
 30
0.0
 11
10.300142125898086
 21
105.18057424761217
 31
0.0
  0
LINE
  5
62E
330
17
100
AcDbEntity
  8
隐藏线
100
AcDbLine
 10
10.300142125898086
 20
105.18057424761217
 30
0.0
 11
10.271357941830534
 21
105.03372006555905
 31
0.0
  0
LINE
  5
62F
330
17
100
AcDbEntity
  8
隐藏线
100
AcDbLine
 10
10.271357941830534
 20
105.03372006555905
 30
0.0
 11
10.237536385341658
 21
104.89777885860993
 31
0.0
  0
LINE
  5
630
330
17
100
AcDbEntity
  8
隐藏线
100
AcDbLine
 10
10.237536385341658
 20
104.89777885860993
 30
0.0
 11
10.198406449466939
 21
104.77257090572932
 31
0.0
  0
LINE
  5
631
330
17
100
AcDbEntity
  8
隐藏线
100
AcDbLine
 10
10.198406449466939
 20
104.77257090572932
 30
0.0
 11
10.151436434708527
 21
104.6533920907549
 31
0.0
  0
LINE
  5
632
330
17
100
AcDbEntity
  8
隐藏线
100
AcDbLine
 10
10.151436434708527
 20
104.6533920907549
 30
0.0
 11
10.099346397197325
 21
104.54975989272576
 31
0.0
  0
LINE
  5
633
330
17
100
AcDbEntity
  8
隐藏线
100
AcDbLine
 10
10.099346397197325
 20
104.54975989272576
 30
0.0
 11
10.041849150546943
 21
104.46120177113424
 31
0.0
  0
LINE
  5
634
330
17
100
AcDbEntity
  8
隐藏线
100
AcDbLine
 10
10.041849150546943
 20
104.46120177113424
 30
0.0
 11
9.979299713576784
 21
104.3883367401592
 31
0.0
  0
LINE
  5
635
330
17
100
AcDbEntity
  8
隐藏线
100
AcDbLine
 10
9.979299713576784
 20
104.3883367401592
 30
0.0
 11
9.912496910110674
 21
104.33202732973878
 31
0.0
  0
LINE
  5
636
330
17
100
AcDbEntity
  8
隐藏线
100
AcDbLine
 10
9.912496910110674
 20
104.33202732973878
 30
0.0
 11
9.841622196901367
 21
104.2919414112353
 31
0.0
  0
LINE
  5
637
330
17
100
AcDbEntity
  8
隐藏线
100
AcDbLine
 10
9.841622196901367
 20
104.2919414112353
 30
0.0
 11
9.767049642373369
 21
104.26796766898
 31
0.0
  0
LINE
  5
638
330
17
100
AcDbEntity
  8
隐藏线
100
AcDbLine
 10
9.767049642373369
 20
104.26796766898
 30
0.0
 11
9.689156717468835
 21
104.26
 31
0.0
  0
LINE
  5
639
330
17
100
AcDbEntity
  8
隐藏线
100
AcDbLine
 10
9.689156717468839
 20
107.76
 30
0.0
 11
9.558964066771729
 21
107.76
 31
0.0
  0
LINE
  5
63A
330
17
100
AcDbEntity
  8
隐藏线
100
AcDbLine
 10
9.558964066771729
 20
107.76
 30
0.0
 11
9.422635819784835
 21
107.76
 31
0.0
  0
LINE
  5
63B
330
17
100
AcDbEntity
  8
隐藏线
100
AcDbLine
 10
9.422635819784835
 20
107.76
 30
0.0
 11
9.280244159806562
 21
107.76
 31
0.0
  0
LINE
  5
63C
330
17
100
AcDbEntity
  8
隐藏线
100
AcDbLine
 10
9.280244159806562
 20
107.76
 30
0.0
 11
9.131864262131405
 21
107.76
 31
0.0
  0
LINE
  5
63D
330
17
100
AcDbEntity
  8
隐藏线
100
AcDbLine
 10
9.131864262131405
 20
107.76
 30
0.0
 11
8.977090608230528
 21
107.76
 31
0.0
  0
LINE
  5
63E
330
17
100
AcDbEntity
  8
隐藏线
100
AcDbLine
 10
8.977090608230528
 20
107.76
 30
0.0
 11
8.816505016683951
 21
107.76
 31
0.0
  0
LINE
  5
63F
330
17
100
AcDbEntity
  8
隐藏线
100
AcDbLine
 10
8.816505016683951
 20
107.76
 30
0.0
 11
8.650192489664116
 21
107.76
 31
0.0
  0
LINE
  5
640
330
17
100
AcDbEntity
  8
隐藏线
100
AcDbLine
 10
8.650192489664116
 20
107.76
 30
0.0
 11
8.478240855304445
 21
107.76
 31
0.0
  0
LINE
  5
641
330
17
100
AcDbEntity
  8
隐藏线
100
AcDbLine
 10
8.478240855304445
 20
107.76
 30
0.0
 11
8.193702348655552
 21
107.76
 31
0.0
  0
LINE
  5
642
330
17
100
AcDbEntity
  8
隐藏线
100
AcDbLine
 10
8.193702348655552
 20
107.76
 30
0.0
 11
7.895688375232636
 21
107.76
 31
0.0
  0
LINE
  5
643
330
17
100
AcDbEntity
  8
隐藏线
100
AcDbLine
 10
7.895688375232636
 20
107.76
 30
0.0
 11
7.584594639771156
 21
107.76
 31
0.0
  0
LINE
  5
644
330
17
100
AcDbEntity
  8
隐藏线
100
AcDbLine
 10
7.584594639771156
 20
107.76
 30
0.0
 11
7.26083303285073
 21
107.76
 31
0.0
  0
LINE
  5
645
330
17
100
AcDbEntity
  8
隐藏线
100
AcDbLine
 10
7.26083303285073
 20
107.76
 30
0.0
 11
6.923859509202458
 21
107.76
 31
0.0
  0
LINE
  5
646
330
17
100
AcDbEntity
  8
隐藏线
100
AcDbLine
 10
6.923859509202458
 20
107.76
 30
0.0
 11
6.575181707313725
 21
107.76
 31
0.0
  0
LINE
  5
647
330
17
100
AcDbEntity
  8
隐藏线
100
AcDbLine
 10
6.575181707313725
 20
107.76
 30
0.0
 11
6.215262424130698
 21
107.76
 31
0.0
  0
LINE
  5
648
330
17
100
AcDbEntity
  8
隐藏线
100
AcDbLine
 10
6.215262424130698
 20
107.76
 30
0.0
 11
5.844578367622084
 21
107.76
 31
0.0
  0
LINE
  5
649
330
17
100
AcDbEntity
  8
隐藏线
100
AcDbLine
 10
5.457269385965979
 20
107.76
 30
0.0
 11
5.325920322009969
 21
107.76
 31
0.0
  0
LINE
  5
64A
330
17
100
AcDbEntity
  8
隐藏线
100
AcDbLine
 10
5.325920322009969
 20
107.76
 30
0.0
 11
5.193392642781662
 21
107.76
 31
0.0
  0
LINE
  5
64B
330
17
100
AcDbEntity
  8
隐藏线
100
AcDbLine
 10
5.193392642781662
 20
107.76
 30
0.0
 11
5.059799138912355
 21
107.76
 31
0.0
  0
LINE
  5
64C
330
17
100
AcDbEntity
  8
隐藏线
100
AcDbLine
 10
5.059799138912355
 20
107.76
 30
0.0
 11
4.925160094774689
 21
107.76
 31
0.0
  0
LINE
  5
64D
330
17
100
AcDbEntity
  8
隐藏线
100
AcDbLine
 10
4.925160094774689
 20
107.76
 30
0.0
 11
4.789495942870435
 21
107.76
 31
0.0
  0
LINE
  5
64E
330
17
100
AcDbEntity
  8
隐藏线
100
AcDbLine
 10
4.789495942870438
 20
116.01
 30
0.0
 11
5.319521840798627
 21
116.01
 31
0.0
  0
LINE
  5
64F
330
17
100
AcDbEntity
  8
隐藏线
100
AcDbLine
 10
5.319521840798627
 20
116.01
 30
0.0
 11
5.8324824915558775
 21
116.01
 31
0.0
  0
LINE
  5
650
330
17
100
AcDbEntity
  8
隐藏线
100
AcDbLine
 10
5.8324824915558775
 20
116.01
 30
0.0
 11
6.327161200597061
 21
116.01
 31
0.0
  0
LINE
  5
651
330
17
100
AcDbEntity
  8
隐藏线
100
AcDbLine
 10
6.327161200597061
 20
116.01
 30
0.0
 11
6.802381793538357
 21
116.01
 31
0.0
  0
LINE
  5
652
330
17
100
AcDbEntity
  8
隐藏线
100
AcDbLine
 10
6.802381793538357
 20
116.01
 30
0.0
 11
7.25517839351008
 21
116.01
 31
0.0
  0
LINE
  5
653
330
17
100
AcDbEntity
  8
隐藏线
100
AcDbLine
 10
7.25517839351008
 20
116.01
 30
0.0
 11
7.68609297097203
 21
116.01
 31
0.0
  0
LINE
  5
654
330
17
100
AcDbEntity
  8
隐藏线
100
AcDbLine
 10
7.68609297097203
 20
116.01
 30
0.0
 11
8.094104034300914
 21
116.01
 31
0.0
  0
LINE
  5
655
330
17
100
AcDbEntity
  8
隐藏线
100
AcDbLine
 10
8.094104034300914
 20
116.01
 30
0.0
 11
8.478240855304447
 21
116.01
 31
0.0
  0
LINE
  5
656
330
17
100
AcDbEntity
  8
隐藏线
100
AcDbLine
 10
8.478240855304447
 20
116.01
 30
0.0
 11
8.83542733742539
 21
116.01
 31
0.0
  0
LINE
  5
657
330
17
100
AcDbEntity
  8
隐藏线
100
AcDbLine
 10
8.83542733742539
 20
116.01
 30
0.0
 11
9.166803300264087
 21
116.01
 31
0.0
  0
LINE
  5
658
330
17
100
AcDbEntity
  8
隐藏线
100
AcDbLine
 10
9.166803300264087
 20
116.01
 30
0.0
 11
9.471583921538109
 21
116.01
 31
0.0
  0
LINE
  5
659
330
17
100
AcDbEntity
  8
隐藏线
100
AcDbLine
 10
9.471583921538109
 20
116.01
 30
0.0
 11
9.749043324975618
 21
116.01
 31
0.0
  0
LINE
  5
65A
330
17
100
AcDbEntity
  8
隐藏线
100
AcDbLine
 10
9.749043324975618
 20
116.01
 30
0.0
 11
9.99612006535956
 21
116.01
 31
0.0
  0
LINE
  5
65B
330
17
100
AcDbEntity
  8
隐藏线
100
AcDbLine
 10
9.99612006535956
 20
116.01
 30
0.0
 11
10.214505541607274
 21
116.01
 31
0.0
  0
LINE
  5
65C
330
17
100
AcDbEntity
  8
隐藏线
100
AcDbLine
 10
10.214505541607274
 20
116.01
 30
0.0
 11
10.403683459843768
 21
116.01
 31
0.0
  0
LINE
  5
65D
330
17
100
AcDbEntity
  8
隐藏线
100
AcDbLine
 10
10.403683459843768
 20
116.01
 30
0.0
 11
10.563202261930552
 21
116.01
 31
0.0
  0
LINE
  5
65E
330
17
100
AcDbEntity
  8
隐藏线
100
AcDbLine
 10
4.100000017775324
 20
116.01
 30
0.0
 11
4.100000017775324
 21
106.01
 31
0.0
  0
LINE
  5
65F
330
17
100
AcDbEntity
  8
隐藏线
100
AcDbLine
 10
4.100000017775324
 20
106.01
 30
0.0
 11
4.100000017775324
 21
96.01
 31
0.0
  0
LINE
  5
660
330
17
100
AcDbEntity
  8
隐藏线
100
AcDbLine
 10
4.1000000177753755
 20
110.14
 30
0.0
 11
4.1000000177753755
 21
110.12901231031701
 31
0.0
  0
LINE
  5
661
330
17
100
AcDbEntity
  8
隐藏线
100
AcDbLine
 10
4.1000000177753755
 20
110.09779564632738
 30
0.0
 11
4.1000000177753755
 21
110.04649919953512
 31
0.0
  0
LINE
  5
662
330
17
100
AcDbEntity
  8
隐藏线
100
AcDbLine
 10
4.1000000177753755
 20
110.04649919953512
 30
0.0
 11
4.1000000177753755
 21
109.97535984852102
 31
0.0
  0
LINE
  5
663
330
17
100
AcDbEntity
  8
隐藏线
100
AcDbLine
 10
4.1000000177753755
 20
109.97535984852102
 30
0.0
 11
4.1000000177753755
 21
109.88312115440918
 31
0.0
  0
LINE
  5
664
330
17
100
AcDbEntity
  8
隐藏线
100
AcDbLine
 10
4.1000000177753755
 20
109.88312115440918
 30
0.0
 11
4.1000000177753755
 21
109.77188024951074
 31
0.0
  0
LINE
  5
665
330
17
100
AcDbEntity
  8
隐藏线
100
AcDbLine
 10
4.1000000177753755
 20
109.77188024951074
 30
0.0
 11
4.1000000177753755
 21
109.64216050054198
 31
0.0
  0
LINE
  5
666
330
17
100
AcDbEntity
  8
隐藏线
100
AcDbLine
 10
4.1000000177753755
 20
109.64216050054198
 30
0.0
 11
4.1000000177753755
 21
109.49456597010304
 31
0.0
  0
LINE
  5
667
330
17
100
AcDbEntity
  8
隐藏线
100
AcDbLine
 10
4.1000000177753755
 20
109.49456597010304
 30
0.0
 11
4.1000000177753755
 21
109.32843035997429
 31
0.0
  0
LINE
  5
668
330
17
100
AcDbEntity
  8
隐藏线
100
AcDbLine
 10
4.1000000177753755
 20
109.32843035997429
 30
0.0
 11
4.1000000177753755
 21
109.14603432769398
 31
0.0
  0
LINE
  5
669
330
17
100
AcDbEntity
  8
隐藏线
100
AcDbLine
 10
4.1000000177753755
 20
109.14603432769398
 30
0.0
 11
4.1000000177753755
 21
108.94823368774489
 31
0.0
  0
LINE
  5
66A
330
17
100
AcDbEntity
  8
隐藏线
100
AcDbLine
 10
4.1000000177753755
 20
108.94823368774489
 30
0.0
 11
4.1000000177753755
 21
108.73595152550767
 31
0.0
  0
LINE
  5
66B
330
17
100
AcDbEntity
  8
隐藏线
100
AcDbLine
 10
4.1000000177753755
 20
108.73595152550767
 30
0.0
 11
4.1000000177753755
 21
108.50916480663456
 31
0.0
  0
LINE
  5
66C
330
17
100
AcDbEntity
  8
隐藏线
100
AcDbLine
 10
4.1000000177753755
 20
108.50916480663456
 30
0.0
 11
4.1000000177753755
 21
108.27015587960373
 31
0.0
  0
LINE
  5
66D
330
17
100
AcDbEntity
  8
隐藏线
100
AcDbLine
 10
4.1000000177753755
 20
108.27015587960373
 30
0.0
 11
4.1000000177753755
 21
108.02004477352845
 31
0.0
  0
LINE
  5
66E
330
17
100
AcDbEntity
  8
隐藏线
100
AcDbLine
 10
4.1000000177753755
 20
108.02004477352845
 30
0.0
 11
4.1000000177753755
 21
107.76
 31
0.0
  0
LINE
  5
66F
330
17
100
AcDbEntity
  8
隐藏线
100
AcDbLine
 10
4.1000000177753755
 20
101.88000000000001
 30
0.0
 11
4.1000000177753755
 21
101.96415293530204
 31
0.0
  0
LINE
  5
670
330
17
100
AcDbEntity
  8
隐藏线
100
AcDbLine
 10
4.1000000177753755
 20
101.96415293530204
 30
0.0
 11
4.1000000177753755
 21
102.20038021069475
 31
0.0
  0
LINE
  5
671
330
17
100
AcDbEntity
  8
隐藏线
100
AcDbLine
 10
4.1000000177753755
 20
102.20038021069475
 30
0.0
 11
4.1000000177753755
 21
102.58003078724214
 31
0.0
  0
LINE
  5
672
330
17
100
AcDbEntity
  8
隐藏线
100
AcDbLine
 10
4.1000000177753755
 20
102.58003078724214
 30
0.0
 11
4.1000000177753755
 21
103.08964899369956
 31
0.0
  0
LINE
  5
673
330
17
100
AcDbEntity
  8
隐藏线
100
AcDbLine
 10
4.1000000177753755
 20
103.08964899369956
 30
0.0
 11
4.1000000177753755
 21
103.71827742257462
 31
0.0
  0
LINE
  5
674
330
17
100
AcDbEntity
  8
隐藏线
100
AcDbLine
 10
4.1000000177753755
 20
103.71827742257462
 30
0.0
 11
4.1000000177753755
 21
104.43200381578482
 31
0.0
  0
LINE
  5
675
330
17
100
AcDbEntity
  8
隐藏线
100
AcDbLine
 10
4.1000000177753755
 20
104.43200381578482
 30
0.0
 11
4.1000000177753755
 21
105.20513808549366
 31
0.0
  0
LINE
  5
676
330
17
100
AcDbEntity
  8
隐藏线
100
AcDbLine
 10
4.1000000177753755
 20
105.20513808549366
 30
0.0
 11
4.1000000177753755
 21
106.01
 31
0.0
  0
LINE
  5
677
330
17
100
AcDbEntity
  8
隐藏线
100
AcDbLine
 10
4.1000000177753755
 20
106.01
 30
0.0
 11
4.1000000177753755
 21
106.81486191450635
 31
0.0
  0
LINE
  5
678
330
17
100
AcDbEntity
  8
隐藏线
100
AcDbLine
 10
4.1000000177753755
 20
106.81486191450635
 30
0.0
 11
4.1000000177753755
 21
107.58799618421519
 31
0.0
  0
LINE
  5
679
330
17
100
AcDbEntity
  8
隐藏线
100
AcDbLine
 10
4.1000000177753755
 20
107.58799618421519
 30
0.0
 11
4.1000000177753755
 21
108.3017225774254
 31
0.0
  0
LINE
  5
67A
330
17
100
AcDbEntity
  8
隐藏线
100
AcDbLine
 10
4.1000000177753755
 20
108.3017225774254
 30
0.0
 11
4.1000000177753755
 21
108.93035100630046
 31
0.0
  0
LINE
  5
67B
330
17
100
AcDbEntity
  8
隐藏线
100
AcDbLine
 10
4.1000000177753755
 20
108.93035100630046
 30
0.0
 11
4.1000000177753755
 21
109.43996921275787
 31
0.0
  0
LINE
  5
67C
330
17
100
AcDbEntity
  8
隐藏线
100
AcDbLine
 10
4.1000000177753755
 20
109.43996921275787
 30
0.0
 11
4.1000000177753755
 21
109.81961978930526
 31
0.0
  0
LINE
  5
67D
330
17
100
AcDbEntity
  8
隐藏线
100
AcDbLine
 10
4.1000000177753755
 20
109.81961978930526
 30
0.0
 11
4.1000000177753755
 21
110.05584706469797
 31
0.0
  0
LINE
  5
67E
330
17
100
AcDbEntity
  8
隐藏线
100
AcDbLine
 10
4.1000000177753755
 20
104.26
 30
0.0
 11
4.1000000177753755
 21
103.99995522647153
 31
0.0
  0
LINE
  5
67F
330
17
100
AcDbEntity
  8
隐藏线
100
AcDbLine
 10
4.1000000177753755
 20
103.99995522647153
 30
0.0
 11
4.1000000177753755
 21
103.7498441203963
 31
0.0
  0
LINE
  5
680
330
17
100
AcDbEntity
  8
隐藏线
100
AcDbLine
 10
4.1000000177753755
 20
103.7498441203963
 30
0.0
 11
4.1000000177753755
 21
103.51083519336545
 31
0.0
  0
LINE
  5
681
330
17
100
AcDbEntity
  8
隐藏线
100
AcDbLine
 10
4.1000000177753755
 20
103.51083519336545
 30
0.0
 11
4.1000000177753755
 21
103.28404847449234
 31
0.0
  0
LINE
  5
682
330
17
100
AcDbEntity
  8
隐藏线
100
AcDbLine
 10
4.1000000177753755
 20
103.28404847449234
 30
0.0
 11
4.1000000177753755
 21
103.07176631225512
 31
0.0
  0
LINE
  5
683
330
17
100
AcDbEntity
  8
隐藏线
100
AcDbLine
 10
4.1000000177753755
 20
103.07176631225512
 30
0.0
 11
4.1000000177753755
 21
102.87396567230603
 31
0.0
  0
LINE
  5
684
330
17
100
AcDbEntity
  8
隐藏线
100
AcDbLine
 10
4.1000000177753755
 20
102.87396567230603
 30
0.0
 11
4.1000000177753755
 21
102.69156964002572
 31
0.0
  0
LINE
  5
685
330
17
100
AcDbEntity
  8
隐藏线
100
AcDbLine
 10
4.1000000177753755
 20
102.69156964002572
 30
0.0
 11
4.1000000177753755
 21
102.52543402989697
 31
0.0
  0
LINE
  5
686
330
17
100
AcDbEntity
  8
隐藏线
100
AcDbLine
 10
4.1000000177753755
 20
102.52543402989697
 30
0.0
 11
4.1000000177753755
 21
102.37783949945803
 31
0.0
  0
LINE
  5
687
330
17
100
AcDbEntity
  8
隐藏线
100
AcDbLine
 10
4.1000000177753755
 20
102.37783949945803
 30
0.0
 11
4.1000000177753755
 21
102.24811975048927
 31
0.0
  0
LINE
  5
688
330
17
100
AcDbEntity
  8
隐藏线
100
AcDbLine
 10
4.1000000177753755
 20
102.24811975048927
 30
0.0
 11
4.1000000177753755
 21
102.13687884559083
 31
0.0
  0
LINE
  5
689
330
17
100
AcDbEntity
  8
隐藏线
100
AcDbLine
 10
4.1000000177753755
 20
102.13687884559083
 30
0.0
 11
4.1000000177753755
 21
102.04464015147899
 31
0.0
  0
LINE
  5
68A
330
17
100
AcDbEntity
  8
隐藏线
100
AcDbLine
 10
4.1000000177753755
 20
102.04464015147899
 30
0.0
 11
4.1000000177753755
 21
101.97350080046489
 31
0.0
  0
LINE
  5
68B
330
17
100
AcDbEntity
  8
隐藏线
100
AcDbLine
 10
4.1000000177753755
 20
101.92220435367263
 30
0.0
 11
4.1000000177753755
 21
101.890987689683
 31
0.0
  0
LINE
  5
68C
330
17
100
AcDbEntity
  8
隐藏线
100
AcDbLine
 10
34.900000017775376
 20
104.26
 30
0.0
 11
34.900000017775376
 21
103.99995522647153
 31
0.0
  0
LINE
  5
68D
330
17
100
AcDbEntity
  8
隐藏线
100
AcDbLine
 10
34.900000017775376
 20
103.99995522647153
 30
0.0
 11
34.900000017775376
 21
103.7498441203963
 31
0.0
  0
LINE
  5
68E
330
17
100
AcDbEntity
  8
隐藏线
100
AcDbLine
 10
34.900000017775376
 20
103.7498441203963
 30
0.0
 11
34.900000017775376
 21
103.51083519336545
 31
0.0
  0
LINE
  5
68F
330
17
100
AcDbEntity
  8
隐藏线
100
AcDbLine
 10
34.900000017775376
 20
103.51083519336545
 30
0.0
 11
34.900000017775376
 21
103.28404847449234
 31
0.0
  0
LINE
  5
690
330
17
100
AcDbEntity
  8
隐藏线
100
AcDbLine
 10
34.900000017775376
 20
103.28404847449234
 30
0.0
 11
34.900000017775376
 21
103.07176631225512
 31
0.0
  0
LINE
  5
691
330
17
100
AcDbEntity
  8
隐藏线
100
AcDbLine
 10
34.900000017775376
 20
103.07176631225512
 30
0.0
 11
34.900000017775376
 21
102.87396567230603
 31
0.0
  0
LINE
  5
692
330
17
100
AcDbEntity
  8
隐藏线
100
AcDbLine
 10
34.900000017775376
 20
102.87396567230603
 30
0.0
 11
34.900000017775376
 21
102.69156964002572
 31
0.0
  0
LINE
  5
693
330
17
100
AcDbEntity
  8
隐藏线
100
AcDbLine
 10
34.900000017775376
 20
102.69156964002572
 30
0.0
 11
34.900000017775376
 21
102.52543402989697
 31
0.0
  0
LINE
  5
694
330
17
100
AcDbEntity
  8
隐藏线
100
AcDbLine
 10
34.900000017775376
 20
102.52543402989697
 30
0.0
 11
34.900000017775376
 21
102.37783949945803
 31
0.0
  0
LINE
  5
695
330
17
100
AcDbEntity
  8
隐藏线
100
AcDbLine
 10
34.900000017775376
 20
102.37783949945803
 30
0.0
 11
34.900000017775376
 21
102.24811975048927
 31
0.0
  0
LINE
  5
696
330
17
100
AcDbEntity
  8
隐藏线
100
AcDbLine
 10
34.900000017775376
 20
102.24811975048927
 30
0.0
 11
34.900000017775376
 21
102.13687884559083
 31
0.0
  0
LINE
  5
697
330
17
100
AcDbEntity
  8
隐藏线
100
AcDbLine
 10
34.900000017775376
 20
102.13687884559083
 30
0.0
 11
34.900000017775376
 21
102.04464015147899
 31
0.0
  0
LINE
  5
698
330
17
100
AcDbEntity
  8
隐藏线
100
AcDbLine
 10
34.900000017775376
 20
102.04464015147899
 30
0.0
 11
34.900000017775376
 21
101.97350080046489
 31
0.0
  0
LINE
  5
699
330
17
100
AcDbEntity
  8
隐藏线
100
AcDbLine
 10
34.900000017775376
 20
101.97350080046489
 30
0.0
 11
34.900000017775376
 21
101.92220435367263
 31
0.0
  0
LINE
  5
69A
330
17
100
AcDbEntity
  8
隐藏线
100
AcDbLine
 10
34.900000017775376
 20
101.92220435367263
 30
0.0
 11
34.900000017775376
 21
101.890987689683
 31
0.0
  0
LINE
  5
69B
330
17
100
AcDbEntity
  8
隐藏线
100
AcDbLine
 10
34.900000017775376
 20
101.96415293530204
 30
0.0
 11
34.900000017775376
 21
102.20038021069475
 31
0.0
  0
LINE
  5
69C
330
17
100
AcDbEntity
  8
隐藏线
100
AcDbLine
 10
34.900000017775376
 20
102.20038021069475
 30
0.0
 11
34.900000017775376
 21
102.58003078724214
 31
0.0
  0
LINE
  5
69D
330
17
100
AcDbEntity
  8
隐藏线
100
AcDbLine
 10
34.900000017775376
 20
102.58003078724214
 30
0.0
 11
34.900000017775376
 21
103.08964899369956
 31
0.0
  0
LINE
  5
69E
330
17
100
AcDbEntity
  8
隐藏线
100
AcDbLine
 10
34.900000017775376
 20
103.08964899369956
 30
0.0
 11
34.900000017775376
 21
103.71827742257462
 31
0.0
  0
LINE
  5
69F
330
17
100
AcDbEntity
  8
隐藏线
100
AcDbLine
 10
34.900000017775376
 20
103.71827742257462
 30
0.0
 11
34.900000017775376
 21
104.43200381578482
 31
0.0
  0
LINE
  5
6A0
330
17
100
AcDbEntity
  8
隐藏线
100
AcDbLine
 10
34.900000017775376
 20
104.43200381578482
 30
0.0
 11
34.900000017775376
 21
105.20513808549366
 31
0.0
  0
LINE
  5
6A1
330
17
100
AcDbEntity
  8
隐藏线
100
AcDbLine
 10
34.900000017775376
 20
105.20513808549366
 30
0.0
 11
34.900000017775376
 21
106.01
 31
0.0
  0
LINE
  5
6A2
330
17
100
AcDbEntity
  8
隐藏线
100
AcDbLine
 10
34.900000017775376
 20
106.01
 30
0.0
 11
34.900000017775376
 21
106.81486191450635
 31
0.0
  0
LINE
  5
6A3
330
17
100
AcDbEntity
  8
隐藏线
100
AcDbLine
 10
34.900000017775376
 20
106.81486191450635
 30
0.0
 11
34.900000017775376
 21
107.58799618421519
 31
0.0
  0
LINE
  5
6A4
330
17
100
AcDbEntity
  8
隐藏线
100
AcDbLine
 10
34.900000017775376
 20
107.58799618421519
 30
0.0
 11
34.900000017775376
 21
108.3017225774254
 31
0.0
  0
LINE
  5
6A5
330
17
100
AcDbEntity
  8
隐藏线
100
AcDbLine
 10
34.900000017775376
 20
108.3017225774254
 30
0.0
 11
34.900000017775376
 21
108.93035100630046
 31
0.0
  0
LINE
  5
6A6
330
17
100
AcDbEntity
  8
隐藏线
100
AcDbLine
 10
34.900000017775376
 20
108.93035100630046
 30
0.0
 11
34.900000017775376
 21
109.43996921275787
 31
0.0
  0
LINE
  5
6A7
330
17
100
AcDbEntity
  8
隐藏线
100
AcDbLine
 10
34.900000017775376
 20
109.43996921275787
 30
0.0
 11
34.900000017775376
 21
109.81961978930526
 31
0.0
  0
LINE
  5
6A8
330
17
100
AcDbEntity
  8
隐藏线
100
AcDbLine
 10
34.900000017775376
 20
109.81961978930526
 30
0.0
 11
34.900000017775376
 21
110.05584706469797
 31
0.0
  0
LINE
  5
6A9
330
17
100
AcDbEntity
  8
隐藏线
100
AcDbLine
 10
34.900000017775376
 20
110.05584706469797
 30
0.0
 11
34.900000017775376
 21
110.14
 31
0.0
  0
LINE
  5
6AA
330
17
100
AcDbEntity
  8
隐藏线
100
AcDbLine
 10
34.900000017775376
 20
110.14
 30
0.0
 11
34.900000017775376
 21
110.12901231031701
 31
0.0
  0
LINE
  5
6AB
330
17
100
AcDbEntity
  8
隐藏线
100
AcDbLine
 10
34.900000017775376
 20
110.04649919953512
 30
0.0
 11
34.900000017775376
 21
109.97535984852102
 31
0.0
  0
LINE
  5
6AC
330
17
100
AcDbEntity
  8
隐藏线
100
AcDbLine
 10
34.900000017775376
 20
109.97535984852102
 30
0.0
 11
34.900000017775376
 21
109.88312115440918
 31
0.0
  0
LINE
  5
6AD
330
17
100
AcDbEntity
  8
隐藏线
100
AcDbLine
 10
34.900000017775376
 20
109.88312115440918
 30
0.0
 11
34.900000017775376
 21
109.77188024951074
 31
0.0
  0
LINE
  5
6AE
330
17
100
AcDbEntity
  8
隐藏线
100
AcDbLine
 10
34.900000017775376
 20
109.77188024951074
 30
0.0
 11
34.900000017775376
 21
109.64216050054198
 31
0.0
  0
LINE
  5
6AF
330
17
100
AcDbEntity
  8
隐藏线
100
AcDbLine
 10
34.900000017775376
 20
109.64216050054198
 30
0.0
 11
34.900000017775376
 21
109.49456597010304
 31
0.0
  0
LINE
  5
6B0
330
17
100
AcDbEntity
  8
隐藏线
100
AcDbLine
 10
34.900000017775376
 20
109.49456597010304
 30
0.0
 11
34.900000017775376
 21
109.32843035997429
 31
0.0
  0
LINE
  5
6B1
330
17
100
AcDbEntity
  8
隐藏线
100
AcDbLine
 10
34.900000017775376
 20
109.32843035997429
 30
0.0
 11
34.900000017775376
 21
109.14603432769398
 31
0.0
  0
LINE
  5
6B2
330
17
100
AcDbEntity
  8
隐藏线
100
AcDbLine
 10
34.900000017775376
 20
109.14603432769398
 30
0.0
 11
34.900000017775376
 21
108.94823368774489
 31
0.0
  0
LINE
  5
6B3
330
17
100
AcDbEntity
  8
隐藏线
100
AcDbLine
 10
34.900000017775376
 20
108.94823368774489
 30
0.0
 11
34.900000017775376
 21
108.73595152550767
 31
0.0
  0
LINE
  5
6B4
330
17
100
AcDbEntity
  8
隐藏线
100
AcDbLine
 10
34.900000017775376
 20
108.73595152550767
 30
0.0
 11
34.900000017775376
 21
108.50916480663456
 31
0.0
  0
LINE
  5
6B5
330
17
100
AcDbEntity
  8
隐藏线
100
AcDbLine
 10
34.900000017775376
 20
108.50916480663456
 30
0.0
 11
34.900000017775376
 21
108.27015587960373
 31
0.0
  0
LINE
  5
6B6
330
17
100
AcDbEntity
  8
隐藏线
100
AcDbLine
 10
34.900000017775376
 20
108.27015587960373
 30
0.0
 11
34.900000017775376
 21
108.02004477352845
 31
0.0
  0
LINE
  5
6B7
330
17
100
AcDbEntity
  8
隐藏线
100
AcDbLine
 10
34.900000017775376
 20
108.02004477352845
 30
0.0
 11
34.900000017775376
 21
107.76
 31
0.0
  0
LINE
  5
6B8
330
17
100
AcDbEntity
  8
隐藏线
100
AcDbLine
 10
34.900000017775376
 20
116.01
 30
0.0
 11
34.900000017775376
 21
106.01
 31
0.0
  0
LINE
  5
6B9
330
17
100
AcDbEntity
  8
隐藏线
100
AcDbLine
 10
34.900000017775376
 20
106.01
 30
0.0
 11
34.900000017775376
 21
96.01
 31
0.0
  0
LINE
  5
6BA
330
17
100
AcDbEntity
  8
隐藏线
100
AcDbLine
 10
28.4367977736202
 20
96.01
 30
0.0
 11
28.596316575706982
 21
96.01
 31
0.0
  0
LINE
  5
6BB
330
17
100
AcDbEntity
  8
隐藏线
100
AcDbLine
 10
28.596316575706982
 20
96.01
 30
0.0
 11
28.785494493943474
 21
96.01
 31
0.0
  0
LINE
  5
6BC
330
17
100
AcDbEntity
  8
隐藏线
100
AcDbLine
 10
28.785494493943474
 20
96.01
 30
0.0
 11
29.003879970191186
 21
96.01
 31
0.0
  0
LINE
  5
6BD
330
17
100
AcDbEntity
  8
隐藏线
100
AcDbLine
 10
29.003879970191186
 20
96.01
 30
0.0
 11
29.250956710575128
 21
96.01
 31
0.0
  0
LINE
  5
6BE
330
17
100
AcDbEntity
  8
隐藏线
100
AcDbLine
 10
29.250956710575128
 20
96.01
 30
0.0
 11
29.528416114012636
 21
96.01
 31
0.0
  0
LINE
  5
6BF
330
17
100
AcDbEntity
  8
隐藏线
100
AcDbLine
 10
29.528416114012636
 20
96.01
 30
0.0
 11
29.833196735286656
 21
96.01
 31
0.0
  0
LINE
  5
6C0
330
17
100
AcDbEntity
  8
隐藏线
100
AcDbLine
 10
29.833196735286656
 20
96.01
 30
0.0
 11
30.164572698125355
 21
96.01
 31
0.0
  0
LINE
  5
6C1
330
17
100
AcDbEntity
  8
隐藏线
100
AcDbLine
 10
30.164572698125355
 20
96.01
 30
0.0
 11
30.521759180246292
 21
96.01
 31
0.0
  0
LINE
  5
6C2
330
17
100
AcDbEntity
  8
隐藏线
100
AcDbLine
 10
30.521759180246292
 20
96.01
 30
0.0
 11
30.905896001249822
 21
96.01
 31
0.0
  0
LINE
  5
6C3
330
17
100
AcDbEntity
  8
隐藏线
100
AcDbLine
 10
30.905896001249822
 20
96.01
 30
0.0
 11
31.313907064578707
 21
96.01
 31
0.0
  0
LINE
  5
6C4
330
17
100
AcDbEntity
  8
隐藏线
100
AcDbLine
 10
31.313907064578707
 20
96.01
 30
0.0
 11
31.744821642040655
 21
96.01
 31
0.0
  0
LINE
  5
6C5
330
17
100
AcDbEntity
  8
隐藏线
100
AcDbLine
 10
31.744821642040655
 20
96.01
 30
0.0
 11
32.197618242012375
 21
96.01
 31
0.0
  0
LINE
  5
6C6
330
17
100
AcDbEntity
  8
隐藏线
100
AcDbLine
 10
32.197618242012375
 20
96.01
 30
0.0
 11
32.672838834953666
 21
96.01
 31
0.0
  0
LINE
  5
6C7
330
17
100
AcDbEntity
  8
隐藏线
100
AcDbLine
 10
32.672838834953666
 20
96.01
 30
0.0
 11
33.16751754399485
 21
96.01
 31
0.0
  0
LINE
  5
6C8
330
17
100
AcDbEntity
  8
隐藏线
100
AcDbLine
 10
33.16751754399485
 20
96.01
 30
0.0
 11
33.6804781947521
 21
96.01
 31
0.0
  0
LINE
  5
6C9
330
17
100
AcDbEntity
  8
隐藏线
100
AcDbLine
 10
33.6804781947521
 20
96.01
 30
0.0
 11
34.21050409268028
 21
96.01
 31
0.0
  0
LINE
  5
6CA
330
17
100
AcDbEntity
  8
隐藏线
100
AcDbLine
 10
34.21050409268028
 20
116.01
 30
0.0
 11
33.6804781947521
 21
116.01
 31
0.0
  0
LINE
  5
6CB
330
17
100
AcDbEntity
  8
隐藏线
100
AcDbLine
 10
33.6804781947521
 20
116.01
 30
0.0
 11
33.16751754399485
 21
116.01
 31
0.0
  0
LINE
  5
6CC
330
17
100
AcDbEntity
  8
隐藏线
100
AcDbLine
 10
33.16751754399485
 20
116.01
 30
0.0
 11
32.672838834953666
 21
116.01
 31
0.0
  0
LINE
  5
6CD
330
17
100
AcDbEntity
  8
隐藏线
100
AcDbLine
 10
32.672838834953666
 20
116.01
 30
0.0
 11
32.197618242012375
 21
116.01
 31
0.0
  0
LINE
  5
6CE
330
17
100
AcDbEntity
  8
隐藏线
100
AcDbLine
 10
32.197618242012375
 20
116.01
 30
0.0
 11
31.744821642040648
 21
116.01
 31
0.0
  0
LINE
  5
6CF
330
17
100
AcDbEntity
  8
隐藏线
100
AcDbLine
 10
31.744821642040648
 20
116.01
 30
0.0
 11
31.313907064578704
 21
116.01
 31
0.0
  0
LINE
  5
6D0
330
17
100
AcDbEntity
  8
隐藏线
100
AcDbLine
 10
31.313907064578704
 20
116.01
 30
0.0
 11
30.905896001249822
 21
116.01
 31
0.0
  0
LINE
  5
6D1
330
17
100
AcDbEntity
  8
隐藏线
100
AcDbLine
 10
30.905896001249822
 20
116.01
 30
0.0
 11
30.521759180246292
 21
116.01
 31
0.0
  0
LINE
  5
6D2
330
17
100
AcDbEntity
  8
隐藏线
100
AcDbLine
 10
30.521759180246292
 20
116.01
 30
0.0
 11
30.164572698125347
 21
116.01
 31
0.0
  0
LINE
  5
6D3
330
17
100
AcDbEntity
  8
隐藏线
100
AcDbLine
 10
30.164572698125347
 20
116.01
 30
0.0
 11
29.833196735286656
 21
116.01
 31
0.0
  0
LINE
  5
6D4
330
17
100
AcDbEntity
  8
隐藏线
100
AcDbLine
 10
29.833196735286656
 20
116.01
 30
0.0
 11
29.528416114012636
 21
116.01
 31
0.0
  0
LINE
  5
6D5
330
17
100
AcDbEntity
  8
隐藏线
100
AcDbLine
 10
29.528416114012636
 20
116.01
 30
0.0
 11
29.250956710575124
 21
116.01
 31
0.0
  0
LINE
  5
6D6
330
17
100
AcDbEntity
  8
隐藏线
100
AcDbLine
 10
29.250956710575124
 20
116.01
 30
0.0
 11
29.003879970191186
 21
116.01
 31
0.0
  0
LINE
  5
6D7
330
17
100
AcDbEntity
  8
隐藏线
100
AcDbLine
 10
29.003879970191186
 20
116.01
 30
0.0
 11
28.78549449394347
 21
116.01
 31
0.0
  0
LINE
  5
6D8
330
17
100
AcDbEntity
  8
隐藏线
100
AcDbLine
 10
28.78549449394347
 20
116.01
 30
0.0
 11
28.59631657570698
 21
116.01
 31
0.0
  0
LINE
  5
6D9
330
17
100
AcDbEntity
  8
隐藏线
100
AcDbLine
 10
28.59631657570698
 20
116.01
 30
0.0
 11
28.436797773620196
 21
116.01
 31
0.0
  0
LINE
  5
6DA
330
17
100
AcDbEntity
  8
隐藏线
100
AcDbLine
 10
29.3108433180819
 20
107.76
 30
0.0
 11
29.441035968779012
 21
107.76
 31
0.0
  0
LINE
  5
6DB
330
17
100
AcDbEntity
  8
隐藏线
100
AcDbLine
 10
29.441035968779012
 20
107.76
 30
0.0
 11
29.577364215765904
 21
107.76
 31
0.0
  0
LINE
  5
6DC
330
17
100
AcDbEntity
  8
隐藏线
100
AcDbLine
 10
29.577364215765904
 20
107.76
 30
0.0
 11
29.719755875744177
 21
107.76
 31
0.0
  0
LINE
  5
6DD
330
17
100
AcDbEntity
  8
隐藏线
100
AcDbLine
 10
29.719755875744177
 20
107.76
 30
0.0
 11
29.86813577341934
 21
107.76
 31
0.0
  0
LINE
  5
6DE
330
17
100
AcDbEntity
  8
隐藏线
100
AcDbLine
 10
29.86813577341934
 20
107.76
 30
0.0
 11
30.02290942732021
 21
107.76
 31
0.0
  0
LINE
  5
6DF
330
17
100
AcDbEntity
  8
隐藏线
100
AcDbLine
 10
30.02290942732021
 20
107.76
 30
0.0
 11
30.183495018866786
 21
107.76
 31
0.0
  0
LINE
  5
6E0
330
17
100
AcDbEntity
  8
隐藏线
100
AcDbLine
 10
30.183495018866786
 20
107.76
 30
0.0
 11
30.34980754588662
 21
107.76
 31
0.0
  0
LINE
  5
6E1
330
17
100
AcDbEntity
  8
隐藏线
100
AcDbLine
 10
30.34980754588662
 20
107.76
 30
0.0
 11
30.521759180246292
 21
107.76
 31
0.0
  0
LINE
  5
6E2
330
17
100
AcDbEntity
  8
隐藏线
100
AcDbLine
 10
30.521759180246292
 20
107.76
 30
0.0
 11
30.806297686895185
 21
107.76
 31
0.0
  0
LINE
  5
6E3
330
17
100
AcDbEntity
  8
隐藏线
100
AcDbLine
 10
30.806297686895185
 20
107.76
 30
0.0
 11
31.104311660318096
 21
107.76
 31
0.0
  0
LINE
  5
6E4
330
17
100
AcDbEntity
  8
隐藏线
100
AcDbLine
 10
31.104311660318096
 20
107.76
 30
0.0
 11
31.415405395779572
 21
107.76
 31
0.0
  0
LINE
  5
6E5
330
17
100
AcDbEntity
  8
隐藏线
100
AcDbLine
 10
31.415405395779572
 20
107.76
 30
0.0
 11
31.739167002699993
 21
107.76
 31
0.0
  0
LINE
  5
6E6
330
17
100
AcDbEntity
  8
隐藏线
100
AcDbLine
 10
31.739167002699993
 20
107.76
 30
0.0
 11
32.07614052634826
 21
107.76
 31
0.0
  0
LINE
  5
6E7
330
17
100
AcDbEntity
  8
隐藏线
100
AcDbLine
 10
32.07614052634826
 20
107.76
 30
0.0
 11
32.424818328236995
 21
107.76
 31
0.0
  0
LINE
  5
6E8
330
17
100
AcDbEntity
  8
隐藏线
100
AcDbLine
 10
32.424818328236995
 20
107.76
 30
0.0
 11
32.78473761142001
 21
107.76
 31
0.0
  0
LINE
  5
6E9
330
17
100
AcDbEntity
  8
隐藏线
100
AcDbLine
 10
32.78473761142001
 20
107.76
 30
0.0
 11
33.15542166792862
 21
107.76
 31
0.0
  0
LINE
  5
6EA
330
17
100
AcDbEntity
  8
隐藏线
100
AcDbLine
 10
33.542730649584726
 20
107.76
 30
0.0
 11
33.67407971354075
 21
107.76
 31
0.0
  0
LINE
  5
6EB
330
17
100
AcDbEntity
  8
隐藏线
100
AcDbLine
 10
33.67407971354075
 20
107.76
 30
0.0
 11
33.80660739276905
 21
107.76
 31
0.0
  0
LINE
  5
6EC
330
17
100
AcDbEntity
  8
隐藏线
100
AcDbLine
 10
33.80660739276905
 20
107.76
 30
0.0
 11
33.94020089663836
 21
107.76
 31
0.0
  0
LINE
  5
6ED
330
17
100
AcDbEntity
  8
隐藏线
100
AcDbLine
 10
33.94020089663836
 20
107.76
 30
0.0
 11
34.07483994077602
 21
107.76
 31
0.0
  0
LINE
  5
6EE
330
17
100
AcDbEntity
  8
隐藏线
100
AcDbLine
 10
34.07483994077602
 20
107.76
 30
0.0
 11
34.21050409268028
 21
107.76
 31
0.0
  0
LINE
  5
6EF
330
17
100
AcDbEntity
  8
隐藏线
100
AcDbLine
 10
28.63477926148095
 20
106.01
 30
0.0
 11
28.63737489581583
 21
105.83695800615028
 31
0.0
  0
LINE
  5
6F0
330
17
100
AcDbEntity
  8
隐藏线
100
AcDbLine
 10
28.63737489581583
 20
105.83695800615028
 30
0.0
 11
28.645185791998507
 21
105.66508196941693
 31
0.0
  0
LINE
  5
6F1
330
17
100
AcDbEntity
  8
隐藏线
100
AcDbLine
 10
28.645185791998507
 20
105.66508196941693
 30
0.0
 11
28.658165618361842
 21
105.49763682991995
 31
0.0
  0
LINE
  5
6F2
330
17
100
AcDbEntity
  8
隐藏线
100
AcDbLine
 10
28.658165618361842
 20
105.49763682991995
 30
0.0
 11
28.67632687336285
 21
105.33603741612849
 31
0.0
  0
LINE
  5
6F3
330
17
100
AcDbEntity
  8
隐藏线
100
AcDbLine
 10
28.67632687336285
 20
105.33603741612849
 30
0.0
 11
28.699857909652664
 21
105.18057424761214
 31
0.0
  0
LINE
  5
6F4
330
17
100
AcDbEntity
  8
隐藏线
100
AcDbLine
 10
28.699857909652664
 20
105.18057424761214
 30
0.0
 11
28.728642093720218
 21
105.03372006555905
 31
0.0
  0
LINE
  5
6F5
330
17
100
AcDbEntity
  8
隐藏线
100
AcDbLine
 10
28.728642093720218
 20
105.03372006555905
 30
0.0
 11
28.762463650209092
 21
104.89777885860993
 31
0.0
  0
LINE
  5
6F6
330
17
100
AcDbEntity
  8
隐藏线
100
AcDbLine
 10
28.762463650209092
 20
104.89777885860993
 30
0.0
 11
28.80159358608381
 21
104.77257090572935
 31
0.0
  0
LINE
  5
6F7
330
17
100
AcDbEntity
  8
隐藏线
100
AcDbLine
 10
28.80159358608381
 20
104.77257090572935
 30
0.0
 11
28.848563600842226
 21
104.6533920907549
 31
0.0
  0
LINE
  5
6F8
330
17
100
AcDbEntity
  8
隐藏线
100
AcDbLine
 10
28.848563600842226
 20
104.6533920907549
 30
0.0
 11
28.90065363835343
 21
104.54975989272576
 31
0.0
  0
LINE
  5
6F9
330
17
100
AcDbEntity
  8
隐藏线
100
AcDbLine
 10
28.90065363835343
 20
104.54975989272576
 30
0.0
 11
28.95815088500381
 21
104.46120177113418
 31
0.0
  0
LINE
  5
6FA
330
17
100
AcDbEntity
  8
隐藏线
100
AcDbLine
 10
28.95815088500381
 20
104.46120177113418
 30
0.0
 11
29.020700321973965
 21
104.38833674015918
 31
0.0
  0
LINE
  5
6FB
330
17
100
AcDbEntity
  8
隐藏线
100
AcDbLine
 10
29.020700321973965
 20
104.38833674015918
 30
0.0
 11
29.087503125440072
 21
104.33202732973878
 31
0.0
  0
LINE
  5
6FC
330
17
100
AcDbEntity
  8
隐藏线
100
AcDbLine
 10
29.087503125440072
 20
104.33202732973878
 30
0.0
 11
29.158377838649365
 21
104.2919414112353
 31
0.0
  0
LINE
  5
6FD
330
17
100
AcDbEntity
  8
隐藏线
100
AcDbLine
 10
29.158377838649365
 20
104.2919414112353
 30
0.0
 11
29.232950393177347
 21
104.26796766898
 31
0.0
  0
LINE
  5
6FE
330
17
100
AcDbEntity
  8
隐藏线
100
AcDbLine
 10
29.232950393177347
 20
104.26796766898
 30
0.0
 11
29.310843318081876
 21
104.26
 31
0.0
  0
LINE
  5
6FF
330
17
100
AcDbEntity
  8
隐藏线
100
AcDbLine
 10
29.3108433180819
 20
104.26
 30
0.0
 11
29.441035968779012
 21
104.26
 31
0.0
  0
LINE
  5
700
330
17
100
AcDbEntity
  8
隐藏线
100
AcDbLine
 10
29.441035968779012
 20
104.26
 30
0.0
 11
29.577364215765904
 21
104.26
 31
0.0
  0
LINE
  5
701
330
17
100
AcDbEntity
  8
隐藏线
100
AcDbLine
 10
29.577364215765904
 20
104.26
 30
0.0
 11
29.719755875744177
 21
104.26
 31
0.0
  0
LINE
  5
702
330
17
100
AcDbEntity
  8
隐藏线
100
AcDbLine
 10
29.719755875744177
 20
104.26
 30
0.0
 11
29.86813577341934
 21
104.26
 31
0.0
  0
LINE
  5
703
330
17
100
AcDbEntity
  8
隐藏线
100
AcDbLine
 10
29.86813577341934
 20
104.26
 30
0.0
 11
30.02290942732021
 21
104.26
 31
0.0
  0
LINE
  5
704
330
17
100
AcDbEntity
  8
隐藏线
100
AcDbLine
 10
30.02290942732021
 20
104.26
 30
0.0
 11
30.183495018866786
 21
104.26
 31
0.0
  0
LINE
  5
705
330
17
100
AcDbEntity
  8
隐藏线
100
AcDbLine
 10
30.183495018866786
 20
104.26
 30
0.0
 11
30.34980754588662
 21
104.26
 31
0.0
  0
LINE
  5
706
330
17
100
AcDbEntity
  8
隐藏线
100
AcDbLine
 10
30.34980754588662
 20
104.26
 30
0.0
 11
30.521759180246292
 21
104.26
 31
0.0
  0
LINE
  5
707
330
17
100
AcDbEntity
  8
隐藏线
100
AcDbLine
 10
30.521759180246292
 20
104.26
 30
0.0
 11
30.806297686895185
 21
104.26
 31
0.0
  0
LINE
  5
708
330
17
100
AcDbEntity
  8
隐藏线
100
AcDbLine
 10
30.806297686895185
 20
104.26
 30
0.0
 11
31.104311660318096
 21
104.26
 31
0.0
  0
LINE
  5
709
330
17
100
AcDbEntity
  8
隐藏线
100
AcDbLine
 10
31.104311660318096
 20
104.26
 30
0.0
 11
31.415405395779572
 21
104.26
 31
0.0
  0
LINE
  5
70A
330
17
100
AcDbEntity
  8
隐藏线
100
AcDbLine
 10
31.415405395779572
 20
104.26
 30
0.0
 11
31.739167002699993
 21
104.26
 31
0.0
  0
LINE
  5
70B
330
17
100
AcDbEntity
  8
隐藏线
100
AcDbLine
 10
31.739167002699993
 20
104.26
 30
0.0
 11
32.07614052634826
 21
104.26
 31
0.0
  0
LINE
  5
70C
330
17
100
AcDbEntity
  8
隐藏线
100
AcDbLine
 10
32.07614052634826
 20
104.26
 30
0.0
 11
32.424818328236995
 21
104.26
 31
0.0
  0
LINE
  5
70D
330
17
100
AcDbEntity
  8
隐藏线
100
AcDbLine
 10
32.424818328236995
 20
104.26
 30
0.0
 11
32.78473761142001
 21
104.26
 31
0.0
  0
LINE
  5
70E
330
17
100
AcDbEntity
  8
隐藏线
100
AcDbLine
 10
32.78473761142001
 20
104.26
 30
0.0
 11
33.15542166792862
 21
104.26
 31
0.0
  0
LINE
  5
70F
330
17
100
AcDbEntity
  8
隐藏线
100
AcDbLine
 10
33.542730649584726
 20
104.26
 30
0.0
 11
33.67407971354075
 21
104.26
 31
0.0
  0
LINE
  5
710
330
17
100
AcDbEntity
  8
隐藏线
100
AcDbLine
 10
33.67407971354075
 20
104.26
 30
0.0
 11
33.80660739276905
 21
104.26
 31
0.0
  0
LINE
  5
711
330
17
100
AcDbEntity
  8
隐藏线
100
AcDbLine
 10
33.80660739276905
 20
104.26
 30
0.0
 11
33.94020089663836
 21
104.26
 31
0.0
  0
LINE
  5
712
330
17
100
AcDbEntity
  8
隐藏线
100
AcDbLine
 10
33.94020089663836
 20
104.26
 30
0.0
 11
34.07483994077602
 21
104.26
 31
0.0
  0
LINE
  5
713
330
17
100
AcDbEntity
  8
隐藏线
100
AcDbLine
 10
34.07483994077602
 20
104.26
 30
0.0
 11
34.21050409268028
 21
104.26
 31
0.0
  0
LINE
  5
714
330
17
100
AcDbEntity
  8
隐藏线
100
AcDbLine
 10
28.436797773620164
 20
96.01
 30
0.0
 11
28.432463931325273
 21
96.01
 31
0.0
  0
LINE
  5
715
330
17
100
AcDbEntity
  8
隐藏线
100
AcDbLine
 10
28.4181683041802
 20
116.01
 30
0.0
 11
28.418478564606623
 21
116.01
 31
0.0
  0
LINE
  5
716
330
17
100
AcDbEntity
  8
隐藏线
100
AcDbLine
 10
35.25000001777538
 20
104.78374925379269
 30
0.0
 11
35.25000001777538
 21
104.91081898446721
 31
0.0
  0
LINE
  5
717
330
17
100
AcDbEntity
  8
隐藏线
100
AcDbLine
 10
35.25000001777538
 20
104.91081898446721
 30
0.0
 11
35.25000001777538
 21
105.04796517863853
 31
0.0
  0
LINE
  5
718
330
17
100
AcDbEntity
  8
隐藏线
100
AcDbLine
 10
35.25000001777538
 20
105.04796517863853
 30
0.0
 11
35.25000001777538
 21
105.19398072193245
 31
0.0
  0
LINE
  5
719
330
17
100
AcDbEntity
  8
隐藏线
100
AcDbLine
 10
35.25000001777538
 20
105.19398072193245
 30
0.0
 11
35.25000001777538
 21
105.34758579712256
 31
0.0
  0
LINE
  5
71A
330
17
100
AcDbEntity
  8
隐藏线
100
AcDbLine
 10
35.25000001777538
 20
105.34758579712256
 30
0.0
 11
35.25000001777538
 21
105.50780552506849
 31
0.0
  0
LINE
  5
71B
330
17
100
AcDbEntity
  8
隐藏线
100
AcDbLine
 10
35.25000001777538
 20
105.50780552506849
 30
0.0
 11
35.25000001777538
 21
105.67258412873004
 31
0.0
  0
LINE
  5
71C
330
17
100
AcDbEntity
  8
隐藏线
100
AcDbLine
 10
35.25000001777538
 20
105.67258412873004
 30
0.0
 11
35.25000001777538
 21
105.84047349210145
 31
0.0
  0
LINE
  5
71D
330
17
100
AcDbEntity
  8
隐藏线
100
AcDbLine
 10
35.25000001777538
 20
105.84047349210145
 30
0.0
 11
35.25000001777538
 21
106.01
 31
0.0
  0
LINE
  5
71E
330
17
100
AcDbEntity
  8
隐藏线
100
AcDbLine
 10
37.00000001777537
 20
96.01
 30
0.0
 11
36.99284722341952
 21
96.01
 31
0.0
  0
LINE
  5
71F
330
17
100
AcDbEntity
  8
隐藏线
100
AcDbLine
 10
36.97255926926541
 20
96.01
 30
0.0
 11
36.93932237142565
 21
96.01
 31
0.0
  0
LINE
  5
720
330
17
100
AcDbEntity
  8
隐藏线
100
AcDbLine
 10
36.93932237142565
 20
96.01
 30
0.0
 11
36.89343136329117
 21
96.01
 31
0.0
  0
LINE
  5
721
330
17
100
AcDbEntity
  8
隐藏线
100
AcDbLine
 10
36.89343136329117
 20
96.01
 30
0.0
 11
36.834323714545405
 21
96.01
 31
0.0
  0
LINE
  5
722
330
17
100
AcDbEntity
  8
隐藏线
100
AcDbLine
 10
36.834323714545405
 20
96.01
 30
0.0
 11
36.763599565506645
 21
96.01
 31
0.0
  0
LINE
  5
723
330
17
100
AcDbEntity
  8
隐藏线
100
AcDbLine
 10
36.763599565506645
 20
96.01
 30
0.0
 11
36.681897832075904
 21
96.01
 31
0.0
  0
LINE
  5
724
330
17
100
AcDbEntity
  8
隐藏线
100
AcDbLine
 10
36.681897832075904
 20
96.01
 30
0.0
 11
36.58994951143653
 21
96.01
 31
0.0
  0
LINE
  5
725
330
17
100
AcDbEntity
  8
隐藏线
100
AcDbLine
 10
36.58994951143653
 20
96.01
 30
0.0
 11
36.48788561201023
 21
96.01
 31
0.0
  0
LINE
  5
726
330
17
100
AcDbEntity
  8
隐藏线
100
AcDbLine
 10
36.48788561201023
 20
96.01
 30
0.0
 11
36.37749237866196
 21
96.01
 31
0.0
  0
LINE
  5
727
330
17
100
AcDbEntity
  8
隐藏线
100
AcDbLine
 10
36.37749237866196
 20
96.01
 30
0.0
 11
36.25976415792701
 21
96.01
 31
0.0
  0
LINE
  5
728
330
17
100
AcDbEntity
  8
隐藏线
100
AcDbLine
 10
36.25976415792701
 20
96.01
 30
0.0
 11
36.13575682308649
 21
96.01
 31
0.0
  0
LINE
  5
729
330
17
100
AcDbEntity
  8
隐藏线
100
AcDbLine
 10
36.13575682308649
 20
96.01
 30
0.0
 11
36.00627497645577
 21
96.01
 31
0.0
  0
LINE
  5
72A
330
17
100
AcDbEntity
  8
隐藏线
100
AcDbLine
 10
36.00627497645577
 20
96.01
 30
0.0
 11
35.873019027858106
 21
96.01
 31
0.0
  0
LINE
  5
72B
330
17
100
AcDbEntity
  8
隐藏线
100
AcDbLine
 10
35.873019027858106
 20
96.01
 30
0.0
 11
35.73718737421686
 21
96.01
 31
0.0
  0
LINE
  5
72C
330
17
100
AcDbEntity
  8
隐藏线
100
AcDbLine
 10
35.73718737421686
 20
96.01
 30
0.0
 11
35.60000001777537
 21
96.01
 31
0.0
  0
LINE
  5
72D
330
17
100
AcDbEntity
  8
隐藏线
100
AcDbLine
 10
35.60000001777537
 20
116.01
 30
0.0
 11
35.73718737421686
 21
116.01
 31
0.0
  0
LINE
  5
72E
330
17
100
AcDbEntity
  8
隐藏线
100
AcDbLine
 10
35.73718737421686
 20
116.01
 30
0.0
 11
35.873019027858106
 21
116.01
 31
0.0
  0
LINE
  5
72F
330
17
100
AcDbEntity
  8
隐藏线
100
AcDbLine
 10
35.873019027858106
 20
116.01
 30
0.0
 11
36.00627497645577
 21
116.01
 31
0.0
  0
LINE
  5
730
330
17
100
AcDbEntity
  8
隐藏线
100
AcDbLine
 10
36.00627497645577
 20
116.01
 30
0.0
 11
36.13575682308649
 21
116.01
 31
0.0
  0
LINE
  5
731
330
17
100
AcDbEntity
  8
隐藏线
100
AcDbLine
 10
36.13575682308649
 20
116.01
 30
0.0
 11
36.25976415792701
 21
116.01
 31
0.0
  0
LINE
  5
732
330
17
100
AcDbEntity
  8
隐藏线
100
AcDbLine
 10
36.25976415792701
 20
116.01
 30
0.0
 11
36.377492378661955
 21
116.01
 31
0.0
  0
LINE
  5
733
330
17
100
AcDbEntity
  8
隐藏线
100
AcDbLine
 10
36.377492378661955
 20
116.01
 30
0.0
 11
36.48788561201023
 21
116.01
 31
0.0
  0
LINE
  5
734
330
17
100
AcDbEntity
  8
隐藏线
100
AcDbLine
 10
36.48788561201023
 20
116.01
 30
0.0
 11
36.58994951143653
 21
116.01
 31
0.0
  0
LINE
  5
735
330
17
100
AcDbEntity
  8
隐藏线
100
AcDbLine
 10
36.58994951143653
 20
116.01
 30
0.0
 11
36.681897832075904
 21
116.01
 31
0.0
  0
LINE
  5
736
330
17
100
AcDbEntity
  8
隐藏线
100
AcDbLine
 10
36.681897832075904
 20
116.01
 30
0.0
 11
36.763599565506645
 21
116.01
 31
0.0
  0
LINE
  5
737
330
17
100
AcDbEntity
  8
隐藏线
100
AcDbLine
 10
36.763599565506645
 20
116.01
 30
0.0
 11
36.834323714545405
 21
116.01
 31
0.0
  0
LINE
  5
738
330
17
100
AcDbEntity
  8
隐藏线
100
AcDbLine
 10
36.834323714545405
 20
116.01
 30
0.0
 11
36.89343136329117
 21
116.01
 31
0.0
  0
LINE
  5
739
330
17
100
AcDbEntity
  8
隐藏线
100
AcDbLine
 10
36.89343136329117
 20
116.01
 30
0.0
 11
36.939322371425654
 21
116.01
 31
0.0
  0
LINE
  5
73A
330
17
100
AcDbEntity
  8
隐藏线
100
AcDbLine
 10
36.939322371425654
 20
116.01
 30
0.0
 11
36.97255926926542
 21
116.01
 31
0.0
  0
LINE
  5
73B
330
17
100
AcDbEntity
  8
隐藏线
100
AcDbLine
 10
36.97255926926542
 20
116.01
 30
0.0
 11
36.99284722341952
 21
116.01
 31
0.0
  0
LINE
  5
73C
330
17
100
AcDbEntity
  8
隐藏线
100
AcDbLine
 10
35.60000001777533
 20
116.01
 30
0.0
 11
19.500000017775324
 21
116.01
 31
0.0
  0
LINE
  5
73D
330
17
100
AcDbEntity
  8
隐藏线
100
AcDbLine
 10
19.500000017775324
 20
116.01
 30
0.0
 11
3.4000000177753265
 21
116.01
 31
0.0
  0
LINE
  5
73E
330
17
100
AcDbEntity
  8
隐藏线
100
AcDbLine
 10
35.60000001777533
 20
96.01
 30
0.0
 11
19.500000017775324
 21
96.01
 31
0.0
  0
LINE
  5
73F
330
17
100
AcDbEntity
  8
隐藏线
100
AcDbLine
 10
19.500000017775324
 20
96.01
 30
0.0
 11
3.4000000177753265
 21
96.01
 31
0.0
  0
LINE
  5
740
330
17
100
AcDbEntity
  8
隐藏线
100
AcDbLine
 10
2.000000017775328
 20
96.01
 30
0.0
 11
2.007152812131185
 21
96.01
 31
0.0
  0
LINE
  5
741
330
17
100
AcDbEntity
  8
隐藏线
100
AcDbLine
 10
2.0274407662852845
 20
96.01
 30
0.0
 11
2.060677664125045
 21
96.01
 31
0.0
  0
LINE
  5
742
330
17
100
AcDbEntity
  8
隐藏线
100
AcDbLine
 10
2.060677664125045
 20
96.01
 30
0.0
 11
2.106568672259531
 21
96.01
 31
0.0
  0
LINE
  5
743
330
17
100
AcDbEntity
  8
隐藏线
100
AcDbLine
 10
2.106568672259531
 20
96.01
 30
0.0
 11
2.165676321005293
 21
96.01
 31
0.0
  0
LINE
  5
744
330
17
100
AcDbEntity
  8
隐藏线
100
AcDbLine
 10
2.165676321005293
 20
96.01
 30
0.0
 11
2.236400470044053
 21
96.01
 31
0.0
  0
LINE
  5
745
330
17
100
AcDbEntity
  8
隐藏线
100
AcDbLine
 10
2.236400470044053
 20
96.01
 30
0.0
 11
2.3181022034747976
 21
96.01
 31
0.0
  0
LINE
  5
746
330
17
100
AcDbEntity
  8
隐藏线
100
AcDbLine
 10
2.3181022034747976
 20
96.01
 30
0.0
 11
2.4100505241141725
 21
96.01
 31
0.0
  0
LINE
  5
747
330
17
100
AcDbEntity
  8
隐藏线
100
AcDbLine
 10
2.4100505241141725
 20
96.01
 30
0.0
 11
2.512114423540467
 21
96.01
 31
0.0
  0
LINE
  5
748
330
17
100
AcDbEntity
  8
隐藏线
100
AcDbLine
 10
2.512114423540467
 20
96.01
 30
0.0
 11
2.6225076568887395
 21
96.01
 31
0.0
  0
LINE
  5
749
330
17
100
AcDbEntity
  8
隐藏线
100
AcDbLine
 10
2.6225076568887395
 20
96.01
 30
0.0
 11
2.7402358776236895
 21
96.01
 31
0.0
  0
LINE
  5
74A
330
17
100
AcDbEntity
  8
隐藏线
100
AcDbLine
 10
2.7402358776236895
 20
96.01
 30
0.0
 11
2.86424321246421
 21
96.01
 31
0.0
  0
LINE
  5
74B
330
17
100
AcDbEntity
  8
隐藏线
100
AcDbLine
 10
2.86424321246421
 20
96.01
 30
0.0
 11
2.993725059094931
 21
96.01
 31
0.0
  0
LINE
  5
74C
330
17
100
AcDbEntity
  8
隐藏线
100
AcDbLine
 10
2.993725059094931
 20
96.01
 30
0.0
 11
3.1269810076925957
 21
96.01
 31
0.0
  0
LINE
  5
74D
330
17
100
AcDbEntity
  8
隐藏线
100
AcDbLine
 10
3.1269810076925957
 20
96.01
 30
0.0
 11
3.2628126613338395
 21
96.01
 31
0.0
  0
LINE
  5
74E
330
17
100
AcDbEntity
  8
隐藏线
100
AcDbLine
 10
3.2628126613338395
 20
96.01
 30
0.0
 11
3.4000000177753265
 21
96.01
 31
0.0
  0
LINE
  5
74F
330
17
100
AcDbEntity
  8
隐藏线
100
AcDbLine
 10
3.4000000177753265
 20
116.01
 30
0.0
 11
3.2628126613338395
 21
116.01
 31
0.0
  0
LINE
  5
750
330
17
100
AcDbEntity
  8
隐藏线
100
AcDbLine
 10
3.2628126613338395
 20
116.01
 30
0.0
 11
3.1269810076925957
 21
116.01
 31
0.0
  0
LINE
  5
751
330
17
100
AcDbEntity
  8
隐藏线
100
AcDbLine
 10
3.1269810076925957
 20
116.01
 30
0.0
 11
2.9937250590949347
 21
116.01
 31
0.0
  0
LINE
  5
752
330
17
100
AcDbEntity
  8
隐藏线
100
AcDbLine
 10
2.9937250590949347
 20
116.01
 30
0.0
 11
2.86424321246421
 21
116.01
 31
0.0
  0
LINE
  5
753
330
17
100
AcDbEntity
  8
隐藏线
100
AcDbLine
 10
2.86424321246421
 20
116.01
 30
0.0
 11
2.740235877623693
 21
116.01
 31
0.0
  0
LINE
  5
754
330
17
100
AcDbEntity
  8
隐藏线
100
AcDbLine
 10
2.740235877623693
 20
116.01
 30
0.0
 11
2.6225076568887395
 21
116.01
 31
0.0
  0
LINE
  5
755
330
17
100
AcDbEntity
  8
隐藏线
100
AcDbLine
 10
2.6225076568887395
 20
116.01
 30
0.0
 11
2.5121144235404707
 21
116.01
 31
0.0
  0
LINE
  5
756
330
17
100
AcDbEntity
  8
隐藏线
100
AcDbLine
 10
2.5121144235404707
 20
116.01
 30
0.0
 11
2.4100505241141725
 21
116.01
 31
0.0
  0
LINE
  5
757
330
17
100
AcDbEntity
  8
隐藏线
100
AcDbLine
 10
2.4100505241141725
 20
116.01
 30
0.0
 11
2.3181022034747976
 21
116.01
 31
0.0
  0
LINE
  5
758
330
17
100
AcDbEntity
  8
隐藏线
100
AcDbLine
 10
2.3181022034747976
 20
116.01
 30
0.0
 11
2.236400470044053
 21
116.01
 31
0.0
  0
LINE
  5
759
330
17
100
AcDbEntity
  8
隐藏线
100
AcDbLine
 10
2.236400470044053
 20
116.01
 30
0.0
 11
2.1656763210052965
 21
116.01
 31
0.0
  0
LINE
  5
75A
330
17
100
AcDbEntity
  8
隐藏线
100
AcDbLine
 10
2.1656763210052965
 20
116.01
 30
0.0
 11
2.1065686722595274
 21
116.01
 31
0.0
  0
LINE
  5
75B
330
17
100
AcDbEntity
  8
隐藏线
100
AcDbLine
 10
2.1065686722595274
 20
116.01
 30
0.0
 11
2.0606776641250484
 21
116.01
 31
0.0
  0
LINE
  5
75C
330
17
100
AcDbEntity
  8
隐藏线
100
AcDbLine
 10
2.0606776641250484
 20
116.01
 30
0.0
 11
2.027440766285288
 21
116.01
 31
0.0
  0
LINE
  5
75D
330
17
100
AcDbEntity
  8
隐藏线
100
AcDbLine
 10
2.027440766285288
 20
116.01
 30
0.0
 11
2.007152812131185
 21
116.01
 31
0.0
  0
LINE
  5
75E
330
17
100
AcDbEntity
  8
隐藏线
100
AcDbLine
 10
3.7500000177753776
 20
104.78374925379269
 30
0.0
 11
3.7500000177753776
 21
104.91081898446721
 31
0.0
  0
LINE
  5
75F
330
17
100
AcDbEntity
  8
隐藏线
100
AcDbLine
 10
3.7500000177753776
 20
104.91081898446721
 30
0.0
 11
3.7500000177753776
 21
105.04796517863853
 31
0.0
  0
LINE
  5
760
330
17
100
AcDbEntity
  8
隐藏线
100
AcDbLine
 10
3.7500000177753776
 20
105.04796517863853
 30
0.0
 11
3.7500000177753776
 21
105.19398072193245
 31
0.0
  0
LINE
  5
761
330
17
100
AcDbEntity
  8
隐藏线
100
AcDbLine
 10
3.7500000177753776
 20
105.19398072193245
 30
0.0
 11
3.7500000177753776
 21
105.34758579712256
 31
0.0
  0
LINE
  5
762
330
17
100
AcDbEntity
  8
隐藏线
100
AcDbLine
 10
3.7500000177753776
 20
105.34758579712256
 30
0.0
 11
3.7500000177753776
 21
105.50780552506849
 31
0.0
  0
LINE
  5
763
330
17
100
AcDbEntity
  8
隐藏线
100
AcDbLine
 10
3.7500000177753776
 20
105.50780552506849
 30
0.0
 11
3.7500000177753776
 21
105.67258412873004
 31
0.0
  0
LINE
  5
764
330
17
100
AcDbEntity
  8
隐藏线
100
AcDbLine
 10
3.7500000177753776
 20
105.67258412873004
 30
0.0
 11
3.7500000177753776
 21
105.84047349210145
 31
0.0
  0
LINE
  5
765
330
17
100
AcDbEntity
  8
隐藏线
100
AcDbLine
 10
3.7500000177753776
 20
105.84047349210145
 30
0.0
 11
3.7500000177753776
 21
106.01
 31
0.0
  0
LINE
  5
766
330
17
100
AcDbEntity
  8
隐藏线
100
AcDbLine
 10
10.581831731370515
 20
96.01
 30
0.0
 11
10.58152147094409
 21
96.01
 31
0.0
  0
LINE
  5
767
330
17
100
AcDbEntity
  8
隐藏线
100
AcDbLine
 10
10.56320226193054
 20
116.01
 30
0.0
 11
10.56753610422543
 21
116.01
 31
0.0
  0
LINE
  5
768
330
17
100
AcDbEntity
  8
隐藏线
100
AcDbLine
 10
5.500000017775356
 20
116.01
 30
0.0
 11
5.362812661333866
 21
116.01
 31
0.0
  0
LINE
  5
769
330
17
100
AcDbEntity
  8
隐藏线
100
AcDbLine
 10
5.22698100769262
 20
116.01
 30
0.0
 11
5.093725059094954
 21
116.01
 31
0.0
  0
LINE
  5
76A
330
17
100
AcDbEntity
  8
隐藏线
100
AcDbLine
 10
5.093725059094954
 20
116.01
 30
0.0
 11
4.964243212464229
 21
116.01
 31
0.0
  0
LINE
  5
76B
330
17
100
AcDbEntity
  8
隐藏线
100
AcDbLine
 10
4.964243212464227
 20
96.01
 30
0.0
 11
5.093725059094956
 21
96.01
 31
0.0
  0
LINE
  5
76C
330
17
100
AcDbEntity
  8
隐藏线
100
AcDbLine
 10
5.093725059094956
 20
96.01
 30
0.0
 11
5.226981007692618
 21
96.01
 31
0.0
  0
LINE
  5
76D
330
17
100
AcDbEntity
  8
隐藏线
100
AcDbLine
 10
5.362812661333866
 20
96.01
 30
0.0
 11
5.500000017775356
 21
96.01
 31
0.0
  0
LINE
  5
76E
330
17
100
AcDbEntity
  8
隐藏线
100
AcDbLine
 10
33.500000017775335
 20
116.01
 30
0.0
 11
28.4181683041802
 21
116.01
 31
0.0
  0
LINE
  5
76F
330
17
100
AcDbEntity
  8
隐藏线
100
AcDbLine
 10
10.581831731370514
 20
116.01
 30
0.0
 11
5.50000001777536
 21
116.01
 31
0.0
  0
LINE
  5
770
330
17
100
AcDbEntity
  8
隐藏线
100
AcDbLine
 10
5.50000001777536
 20
96.01
 30
0.0
 11
10.581831731370514
 21
96.01
 31
0.0
  0
LINE
  5
771
330
17
100
AcDbEntity
  8
隐藏线
100
AcDbLine
 10
28.4181683041802
 20
96.01
 30
0.0
 11
33.500000017775335
 21
96.01
 31
0.0
  0
LINE
  5
772
330
17
100
AcDbEntity
  8
隐藏线
100
AcDbLine
 10
34.03575682308648
 20
116.01
 30
0.0
 11
33.906274976455755
 21
116.01
 31
0.0
  0
LINE
  5
773
330
17
100
AcDbEntity
  8
隐藏线
100
AcDbLine
 10
33.906274976455755
 20
116.01
 30
0.0
 11
33.77301902785809
 21
116.01
 31
0.0
  0
LINE
  5
774
330
17
100
AcDbEntity
  8
隐藏线
100
AcDbLine
 10
33.63718737421684
 20
116.01
 30
0.0
 11
33.500000017775356
 21
116.01
 31
0.0
  0
LINE
  5
775
330
17
100
AcDbEntity
  8
隐藏线
100
AcDbLine
 10
33.500000017775356
 20
96.01
 30
0.0
 11
33.63718737421684
 21
96.01
 31
0.0
  0
LINE
  5
776
330
17
100
AcDbEntity
  8
隐藏线
100
AcDbLine
 10
33.77301902785809
 20
96.01
 30
0.0
 11
33.906274976455755
 21
96.01
 31
0.0
  0
LINE
  5
777
330
17
100
AcDbEntity
  8
隐藏线
100
AcDbLine
 10
33.906274976455755
 20
96.01
 30
0.0
 11
34.03575682308648
 21
96.01
 31
0.0
  0
LINE
  5
778
330
17
100
AcDbEntity
  8
隐藏线
100
AcDbLine
 10
9.689156717468837
 20
104.26
 30
0.0
 11
7.306618291289578
 21
104.26
 31
0.0
  0
LINE
  5
779
330
17
100
AcDbEntity
  8
隐藏线
100
AcDbLine
 10
4.100000017775326
 20
107.76
 30
0.0
 11
3.050000017775357
 21
107.76
 31
0.0
  0
LINE
  5
77A
330
17
100
AcDbEntity
  8
隐藏线
100
AcDbLine
 10
3.050000017775357
 20
107.76
 30
0.0
 11
2.0000000177753314
 21
107.76
 31
0.0
  0
LINE
  5
77B
330
17
100
AcDbEntity
  8
隐藏线
100
AcDbLine
 10
4.1000000177753755
 20
104.26
 30
0.0
 11
3.050000017775357
 21
104.26
 31
0.0
  0
LINE
  5
77C
330
17
100
AcDbEntity
  8
隐藏线
100
AcDbLine
 10
3.050000017775357
 20
104.26
 30
0.0
 11
2.0000000177753314
 21
104.26
 31
0.0
  0
LINE
  5
77D
330
17
100
AcDbEntity
  8
隐藏线
100
AcDbLine
 10
4.1000000177753755
 20
110.14
 30
0.0
 11
3.050000017775357
 21
110.14
 31
0.0
  0
LINE
  5
77E
330
17
100
AcDbEntity
  8
隐藏线
100
AcDbLine
 10
3.050000017775357
 20
110.14
 30
0.0
 11
2.0000000177753314
 21
110.14
 31
0.0
  0
LINE
  5
77F
330
17
100
AcDbEntity
  8
隐藏线
100
AcDbLine
 10
4.1000000177753755
 20
101.88000000000001
 30
0.0
 11
3.050000017775357
 21
101.88000000000001
 31
0.0
  0
LINE
  5
780
330
17
100
AcDbEntity
  8
隐藏线
100
AcDbLine
 10
3.050000017775357
 20
101.88000000000001
 30
0.0
 11
2.0000000177753314
 21
101.88000000000001
 31
0.0
  0
LINE
  5
781
330
17
100
AcDbEntity
  8
隐藏线
100
AcDbLine
 10
37.00000001777538
 20
101.88000000000001
 30
0.0
 11
35.95000001777538
 21
101.88000000000001
 31
0.0
  0
LINE
  5
782
330
17
100
AcDbEntity
  8
隐藏线
100
AcDbLine
 10
35.95000001777538
 20
101.88000000000001
 30
0.0
 11
34.900000017775376
 21
101.88000000000001
 31
0.0
  0
LINE
  5
783
330
17
100
AcDbEntity
  8
隐藏线
100
AcDbLine
 10
37.00000001777538
 20
104.26
 30
0.0
 11
35.95000001777538
 21
104.26
 31
0.0
  0
LINE
  5
784
330
17
100
AcDbEntity
  8
隐藏线
100
AcDbLine
 10
35.95000001777538
 20
104.26
 30
0.0
 11
34.900000017775376
 21
104.26
 31
0.0
  0
LINE
  5
785
330
17
100
AcDbEntity
  8
隐藏线
100
AcDbLine
 10
37.00000001777538
 20
110.14
 30
0.0
 11
35.95000001777538
 21
110.14
 31
0.0
  0
LINE
  5
786
330
17
100
AcDbEntity
  8
隐藏线
100
AcDbLine
 10
35.95000001777538
 20
110.14
 30
0.0
 11
34.900000017775376
 21
110.14
 31
0.0
  0
LINE
  5
787
330
17
100
AcDbEntity
  8
隐藏线
100
AcDbLine
 10
37.00000001777538
 20
107.76
 30
0.0
 11
35.95000001777538
 21
107.76
 31
0.0
  0
LINE
  5
788
330
17
100
AcDbEntity
  8
隐藏线
100
AcDbLine
 10
35.95000001777538
 20
107.76
 30
0.0
 11
34.900000017775376
 21
107.76
 31
0.0
  0
LINE
  5
789
330
17
100
AcDbEntity
  8
隐藏线
100
AcDbLine
 10
31.693381744261117
 20
104.26
 30
0.0
 11
29.310843318081876
 21
104.26
 31
0.0
  0
LINE
  5
78A
330
17
100
AcDbEntity
  8
隐藏线
100
AcDbLine
 10
31.482506199220396
 20
116.01
 30
0.0
 11
31.482506199220396
 21
111.62312537310372
 31
0.0
  0
LINE
  5
78B
330
17
100
AcDbEntity
  8
隐藏线
100
AcDbLine
 10
31.482506199220396
 20
111.62312537310372
 30
0.0
 11
31.482506199220396
 21
107.67180240163263
 31
0.0
  0
LINE
  5
78C
330
17
100
AcDbEntity
  8
隐藏线
100
AcDbLine
 10
7.517493836330315
 20
116.01
 30
0.0
 11
7.517493836330315
 21
111.62312537310375
 31
0.0
  0
LINE
  5
78D
330
17
100
AcDbEntity
  8
隐藏线
100
AcDbLine
 10
7.517493836330315
 20
111.62312537310375
 30
0.0
 11
7.517493836330315
 21
107.67180240163263
 31
0.0
  0
LINE
  5
78E
330
17
100
AcDbEntity
  8
隐藏线
100
AcDbLine
 10
31.482506199220396
 20
104.3482007630776
 30
0.0
 11
31.482506199220396
 21
100.3968746268964
 31
0.0
  0
LINE
  5
78F
330
17
100
AcDbEntity
  8
隐藏线
100
AcDbLine
 10
31.482506199220396
 20
100.3968746268964
 30
0.0
 11
31.482506199220396
 21
96.01
 31
0.0
  0
LINE
  5
790
330
17
100
AcDbEntity
  8
隐藏线
100
AcDbLine
 10
7.517493836330315
 20
104.34820076307757
 30
0.0
 11
7.517493836330315
 21
100.3968746268964
 31
0.0
  0
LINE
  5
791
330
17
100
AcDbEntity
  8
隐藏线
100
AcDbLine
 10
7.517493836330315
 20
100.3968746268964
 30
0.0
 11
7.517493836330315
 21
96.01
 31
0.0
  0
LINE
  5
792
330
17
100
AcDbEntity
  8
可见轮廓
100
AcDbLine
 10
102.7500000355507
 20
5.350986515216178
 30
0.0
 11
102.74982425799902
 21
5.325952230546523
 31
0.0
  0
LINE
  5
793
330
17
100
AcDbEntity
  8
可见轮廓
100
AcDbLine
 10
102.74982425799902
 20
5.325952230546523
 30
0.0
 11
102.74929625685763
 21
5.300932820658545
 31
0.0
  0
LINE
  5
794
330
17
100
AcDbEntity
  8
可见轮廓
100
AcDbLine
 10
102.74929625685763
 20
5.300932820658545
 30
0.0
 11
102.74841502939702
 21
5.27593020202351
 31
0.0
  0
LINE
  5
795
330
17
100
AcDbEntity
  8
可见轮廓
100
AcDbLine
 10
102.7471795728876
 20
5.25094629111268
 30
0.0
 11
102.74558888459984
 21
5.22598300439731
 31
0.0
  0
LINE
  5
796
330
17
100
AcDbEntity
  8
可见轮廓
100
AcDbLine
 10
102.74558888459984
 20
5.22598300439731
 30
0.0
 11
102.7436419618042
 21
5.2010422583486715
 31
0.0
  0
LINE
  5
797
330
17
100
AcDbEntity
  8
可见轮廓
100
AcDbLine
 10
102.34867923763099
 20
4.235877913341071
 30
0.0
 11
102.33545223973115
 21
4.220063814761517
 31
0.0
  0
LINE
  5
798
330
17
100
AcDbEntity
  8
可见轮廓
100
AcDbLine
 10
102.28056827231805
 20
4.158242552100681
 30
0.0
 11
102.26636576453083
 21
4.143171226408597
 31
0.0
  0
LINE
  5
799
330
17
100
AcDbEntity
  8
可见轮廓
100
AcDbLine
 10
102.26636576453083
 20
4.143171226408597
 30
0.0
 11
102.25198396961707
 21
4.128268611531695
 31
0.0
  0
LINE
  5
79A
330
17
100
AcDbEntity
  8
可见轮廓
100
AcDbLine
 10
102.25198396961707
 20
4.128268611531695
 30
0.0
 11
102.23743613837311
 21
4.113544363511004
 31
0.0
  0
LINE
  5
79B
330
17
100
AcDbEntity
  8
可见轮廓
100
AcDbLine
 10
102.22625885024408
 20
4.102463745129114
 30
0.0
 11
102.16809216825874
 21
4.047865730450191
 31
0.0
  0
LINE
  5
79C
330
17
100
AcDbEntity
  8
可见轮廓
100
AcDbLine
 10
102.16809216825874
 20
4.047865730450191
 30
0.0
 11
102.1074478920543
 21
3.9959508895202873
 31
0.0
  0
LINE
  5
79D
330
17
100
AcDbEntity
  8
可见轮廓
100
AcDbLine
 10
102.1074478920543
 20
3.9959508895202873
 30
0.0
 11
102.04432031804765
 21
3.946738103649018
 31
0.0
  0
LINE
  5
79E
330
17
100
AcDbEntity
  8
可见轮廓
100
AcDbLine
 10
102.04432031804765
 20
3.946738103649018
 30
0.0
 11
101.97868216383944
 21
3.900240734315709
 31
0.0
  0
LINE
  5
79F
330
17
100
AcDbEntity
  8
可见轮廓
100
AcDbLine
 10
101.97868216383944
 20
3.900240734315709
 30
0.0
 11
101.91038735721344
 21
3.8564830554281215
 31
0.0
  0
LINE
  5
7A0
330
17
100
AcDbEntity
  8
可见轮廓
100
AcDbLine
 10
101.91038735721344
 20
3.8564830554281215
 30
0.0
 11
101.839733556847
 21
3.815688835626304
 31
0.0
  0
LINE
  5
7A1
330
17
100
AcDbEntity
  8
可见轮廓
100
AcDbLine
 10
101.839733556847
 20
3.815688835626304
 30
0.0
 11
101.7671261162013
 21
3.7781192158065267
 31
0.0
  0
LINE
  5
7A2
330
17
100
AcDbEntity
  8
可见轮廓
100
AcDbLine
 10
101.7671261162013
 20
3.7781192158065267
 30
0.0
 11
101.69297038873742
 21
3.7440353368649895
 31
0.0
  0
LINE
  5
7A3
330
17
100
AcDbEntity
  8
可见轮廓
100
AcDbLine
 10
101.35523937971018
 20
3.6374215154682332
 30
0.0
 11
101.31128239992151
 21
3.6288991325287085
 31
0.0
  0
LINE
  5
7A4
330
17
100
AcDbEntity
  8
可见轮廓
100
AcDbLine
 10
101.31128239992151
 20
3.6288991325287085
 30
0.0
 11
101.26710334331639
 21
3.6215062856662783
 31
0.0
  0
LINE
  5
7A5
330
17
100
AcDbEntity
  8
可见轮廓
100
AcDbLine
 10
101.26710334331639
 20
3.6215062856662783
 30
0.0
 11
101.22274925712716
 21
3.6152450651149692
 31
0.0
  0
LINE
  5
7A6
330
17
100
AcDbEntity
  8
可见轮廓
100
AcDbLine
 10
101.22274925712716
 20
3.6152450651149692
 30
0.0
 11
101.17826718858612
 21
3.610117561108808
 31
0.0
  0
LINE
  5
7A7
330
17
100
AcDbEntity
  8
可见轮廓
100
AcDbLine
 10
101.17826718858612
 20
3.610117561108808
 30
0.0
 11
101.13370418492565
 21
3.6061258638818288
 31
0.0
  0
LINE
  5
7A8
330
17
100
AcDbEntity
  8
可见轮廓
100
AcDbLine
 10
101.13370418492565
 20
3.6061258638818288
 30
0.0
 11
101.08910729337805
 21
3.6032720636680438
 31
0.0
  0
LINE
  5
7A9
330
17
100
AcDbEntity
  8
可见轮廓
100
AcDbLine
 10
101.08910729337805
 20
3.6032720636680438
 30
0.0
 11
101.04452356117562
 21
3.601558250701487
 31
0.0
  0
LINE
  5
7AA
330
17
100
AcDbEntity
  8
可见轮廓
100
AcDbLine
 10
101.04452356117562
 20
3.601558250701487
 30
0.0
 11
101.0000000355507
 21
3.600986515216178
 31
0.0
  0
LINE
  5
7AB
330
17
100
AcDbEntity
  8
可见轮廓
100
AcDbLine
 10
102.73856258929968
 20
5.151236054136628
 30
0.0
 11
102.72634553887693
 21
5.06495880340028
 31
0.0
  0
LINE
  5
7AC
330
17
100
AcDbEntity
  8
可见轮廓
100
AcDbLine
 10
102.72634553887693
 20
5.06495880340028
 30
0.0
 11
102.70885250091473
 21
4.97474516047545
 31
0.0
  0
LINE
  5
7AD
330
17
100
AcDbEntity
  8
可见轮廓
100
AcDbLine
 10
102.70885250091473
 20
4.97474516047545
 30
0.0
 11
102.68597108160372
 21
4.8824251404289924
 31
0.0
  0
LINE
  5
7AE
330
17
100
AcDbEntity
  8
可见轮廓
100
AcDbLine
 10
102.68597108160372
 20
4.8824251404289924
 30
0.0
 11
102.65758888713452
 21
4.789828758327786
 31
0.0
  0
LINE
  5
7AF
330
17
100
AcDbEntity
  8
可见轮廓
100
AcDbLine
 10
102.65758888713452
 20
4.789828758327786
 30
0.0
 11
102.62396352849447
 21
4.699095443454304
 31
0.0
  0
LINE
  5
7B0
330
17
100
AcDbEntity
  8
可见轮廓
100
AcDbLine
 10
102.62396352849447
 20
4.699095443454304
 30
0.0
 11
102.58608822679798
 21
4.611869442632781
 31
0.0
  0
LINE
  5
7B1
330
17
100
AcDbEntity
  8
可见轮廓
100
AcDbLine
 10
102.58608822679798
 20
4.611869442632781
 30
0.0
 11
102.54490315521372
 21
4.529127993320806
 31
0.0
  0
LINE
  5
7B2
330
17
100
AcDbEntity
  8
可见轮廓
100
AcDbLine
 10
102.54490315521372
 20
4.529127993320806
 30
0.0
 11
102.50134813318562
 21
4.45184758452023
 31
0.0
  0
LINE
  5
7B3
330
17
100
AcDbEntity
  8
可见轮廓
100
AcDbLine
 10
102.50134813318562
 20
4.45184758452023
 30
0.0
 11
102.47001680833455
 21
4.401534039621097
 31
0.0
  0
LINE
  5
7B4
330
17
100
AcDbEntity
  8
可见轮廓
100
AcDbLine
 10
102.47001680833455
 20
4.401534039621097
 30
0.0
 11
102.43831182299229
 21
4.3542388144253295
 31
0.0
  0
LINE
  5
7B5
330
17
100
AcDbEntity
  8
可见轮廓
100
AcDbLine
 10
102.43831182299229
 20
4.3542388144253295
 30
0.0
 11
102.40670915795857
 21
4.310144753462083
 31
0.0
  0
LINE
  5
7B6
330
17
100
AcDbEntity
  8
可见轮廓
100
AcDbLine
 10
102.40670915795857
 20
4.310144753462083
 30
0.0
 11
102.37568571567371
 21
4.2694367234821655
 31
0.0
  0
LINE
  5
7B7
330
17
100
AcDbEntity
  8
可见轮廓
100
AcDbLine
 10
102.37568571567371
 20
4.2694367234821655
 30
0.0
 11
102.34571839857801
 21
4.232299591236384
 31
0.0
  0
LINE
  5
7B8
330
17
100
AcDbEntity
  8
可见轮廓
100
AcDbLine
 10
102.24707299185854
 20
4.123080539626763
 30
0.0
 11
102.243598491292
 21
4.119564625312201
 31
0.0
  0
LINE
  5
7B9
330
17
100
AcDbEntity
  8
可见轮廓
100
AcDbLine
 10
111.0000000355507
 20
10.639593953569626
 30
0.0
 11
111.0000000355507
 21
10.54008245802845
 31
0.0
  0
LINE
  5
7BA
330
17
100
AcDbEntity
  8
可见轮廓
100
AcDbLine
 10
111.0000000355507
 20
10.54008245802845
 30
0.0
 11
111.0000000355507
 21
10.441087685736754
 31
0.0
  0
LINE
  5
7BB
330
17
100
AcDbEntity
  8
可见轮廓
100
AcDbLine
 10
111.0000000355507
 20
10.441087685736754
 30
0.0
 11
111.0000000355507
 21
10.343076890822442
 31
0.0
  0
LINE
  5
7BC
330
17
100
AcDbEntity
  8
可见轮廓
100
AcDbLine
 10
111.0000000355507
 20
10.343076890822442
 30
0.0
 11
111.0000000355507
 21
10.246512991273441
 31
0.0
  0
LINE
  5
7BD
330
17
100
AcDbEntity
  8
可见轮廓
100
AcDbLine
 10
111.0000000355507
 20
10.246512991273441
 30
0.0
 11
111.0000000355507
 21
10.152059706525904
 31
0.0
  0
LINE
  5
7BE
330
17
100
AcDbEntity
  8
可见轮廓
100
AcDbLine
 10
111.0000000355507
 20
10.152059706525904
 30
0.0
 11
111.0000000355507
 21
10.060045192701779
 31
0.0
  0
LINE
  5
7BF
330
17
100
AcDbEntity
  8
可见轮廓
100
AcDbLine
 10
111.0000000355507
 20
10.060045192701779
 30
0.0
 11
111.0000000355507
 21
9.970903448972063
 31
0.0
  0
LINE
  5
7C0
330
17
100
AcDbEntity
  8
可见轮廓
100
AcDbLine
 10
111.0000000355507
 20
9.970903448972063
 30
0.0
 11
111.0000000355507
 21
9.885055814934987
 31
0.0
  0
LINE
  5
7C1
330
17
100
AcDbEntity
  8
可见轮廓
100
AcDbLine
 10
111.0000000355507
 20
9.885055814934987
 30
0.0
 11
111.0000000355507
 21
9.803259609271255
 31
0.0
  0
LINE
  5
7C2
330
17
100
AcDbEntity
  8
可见轮廓
100
AcDbLine
 10
111.0000000355507
 20
9.803259609271255
 30
0.0
 11
111.0000000355507
 21
9.72562802046253
 31
0.0
  0
LINE
  5
7C3
330
17
100
AcDbEntity
  8
可见轮廓
100
AcDbLine
 10
111.0000000355507
 20
9.72562802046253
 30
0.0
 11
111.0000000355507
 21
9.652526877023067
 31
0.0
  0
LINE
  5
7C4
330
17
100
AcDbEntity
  8
可见轮廓
100
AcDbLine
 10
111.0000000355507
 20
9.652526877023067
 30
0.0
 11
111.0000000355507
 21
9.584302042937807
 31
0.0
  0
LINE
  5
7C5
330
17
100
AcDbEntity
  8
可见轮廓
100
AcDbLine
 10
111.0000000355507
 20
9.584302042937807
 30
0.0
 11
111.0000000355507
 21
9.521743509030077
 31
0.0
  0
LINE
  5
7C6
330
17
100
AcDbEntity
  8
可见轮廓
100
AcDbLine
 10
111.0000000355507
 20
9.521743509030077
 30
0.0
 11
111.0000000355507
 21
9.464740390006213
 31
0.0
  0
LINE
  5
7C7
330
17
100
AcDbEntity
  8
可见轮廓
100
AcDbLine
 10
111.0000000355507
 20
9.464740390006213
 30
0.0
 11
111.0000000355507
 21
9.413560912426533
 31
0.0
  0
LINE
  5
7C8
330
17
100
AcDbEntity
  8
可见轮廓
100
AcDbLine
 10
111.0000000355507
 20
9.413560912426533
 30
0.0
 11
111.0000000355507
 21
9.368447639533294
 31
0.0
  0
LINE
  5
7C9
330
17
100
AcDbEntity
  8
可见轮廓
100
AcDbLine
 10
102.7500000355507
 20
9.368447639533294
 30
0.0
 11
102.7500000355507
 21
9.413560912426533
 31
0.0
  0
LINE
  5
7CA
330
17
100
AcDbEntity
  8
可见轮廓
100
AcDbLine
 10
102.7500000355507
 20
9.413560912426533
 30
0.0
 11
102.7500000355507
 21
9.464740390006213
 31
0.0
  0
LINE
  5
7CB
330
17
100
AcDbEntity
  8
可见轮廓
100
AcDbLine
 10
102.7500000355507
 20
9.464740390006213
 30
0.0
 11
102.7500000355507
 21
9.521743509030077
 31
0.0
  0
LINE
  5
7CC
330
17
100
AcDbEntity
  8
可见轮廓
100
AcDbLine
 10
102.7500000355507
 20
9.521743509030077
 30
0.0
 11
102.7500000355507
 21
9.584302042937807
 31
0.0
  0
LINE
  5
7CD
330
17
100
AcDbEntity
  8
可见轮廓
100
AcDbLine
 10
102.7500000355507
 20
9.584302042937807
 30
0.0
 11
102.7500000355507
 21
9.652526877023067
 31
0.0
  0
LINE
  5
7CE
330
17
100
AcDbEntity
  8
可见轮廓
100
AcDbLine
 10
102.7500000355507
 20
9.652526877023067
 30
0.0
 11
102.7500000355507
 21
9.72562802046253
 31
0.0
  0
LINE
  5
7CF
330
17
100
AcDbEntity
  8
可见轮廓
100
AcDbLine
 10
102.7500000355507
 20
9.72562802046253
 30
0.0
 11
102.7500000355507
 21
9.803259609271255
 31
0.0
  0
LINE
  5
7D0
330
17
100
AcDbEntity
  8
可见轮廓
100
AcDbLine
 10
102.7500000355507
 20
9.803259609271255
 30
0.0
 11
102.7500000355507
 21
9.885055814934987
 31
0.0
  0
LINE
  5
7D1
330
17
100
AcDbEntity
  8
可见轮廓
100
AcDbLine
 10
102.7500000355507
 20
9.885055814934987
 30
0.0
 11
102.7500000355507
 21
9.97090344897206
 31
0.0
  0
LINE
  5
7D2
330
17
100
AcDbEntity
  8
可见轮廓
100
AcDbLine
 10
102.7500000355507
 20
9.97090344897206
 30
0.0
 11
102.7500000355507
 21
10.060045192701779
 31
0.0
  0
LINE
  5
7D3
330
17
100
AcDbEntity
  8
可见轮廓
100
AcDbLine
 10
102.7500000355507
 20
10.060045192701779
 30
0.0
 11
102.7500000355507
 21
10.152059706525904
 31
0.0
  0
LINE
  5
7D4
330
17
100
AcDbEntity
  8
可见轮廓
100
AcDbLine
 10
102.7500000355507
 20
10.152059706525904
 30
0.0
 11
102.7500000355507
 21
10.246512991273441
 31
0.0
  0
LINE
  5
7D5
330
17
100
AcDbEntity
  8
可见轮廓
100
AcDbLine
 10
102.7500000355507
 20
10.246512991273441
 30
0.0
 11
102.7500000355507
 21
10.343076890822438
 31
0.0
  0
LINE
  5
7D6
330
17
100
AcDbEntity
  8
可见轮廓
100
AcDbLine
 10
102.7500000355507
 20
10.343076890822438
 30
0.0
 11
102.7500000355507
 21
10.441087685736754
 31
0.0
  0
LINE
  5
7D7
330
17
100
AcDbEntity
  8
可见轮廓
100
AcDbLine
 10
102.7500000355507
 20
10.441087685736754
 30
0.0
 11
102.7500000355507
 21
10.54008245802845
 31
0.0
  0
LINE
  5
7D8
330
17
100
AcDbEntity
  8
可见轮廓
100
AcDbLine
 10
102.7500000355507
 20
10.54008245802845
 30
0.0
 11
102.7500000355507
 21
10.639593953569626
 31
0.0
  0
LINE
  5
7D9
330
17
100
AcDbEntity
  8
可见轮廓
100
AcDbLine
 10
102.7500000355507
 20
5.350986515216178
 30
0.0
 11
102.7500000355507
 21
5.604110732217126
 31
0.0
  0
LINE
  5
7DA
330
17
100
AcDbEntity
  8
可见轮廓
100
AcDbLine
 10
102.7500000355507
 20
5.604110732217126
 30
0.0
 11
102.7500000355507
 21
5.852621712104948
 31
0.0
  0
LINE
  5
7DB
330
17
100
AcDbEntity
  8
可见轮廓
100
AcDbLine
 10
102.7500000355507
 20
5.852621712104948
 30
0.0
 11
102.7500000355507
 21
6.0963243702354255
 31
0.0
  0
LINE
  5
7DC
330
17
100
AcDbEntity
  8
可见轮廓
100
AcDbLine
 10
102.7500000355507
 20
6.0963243702354255
 30
0.0
 11
102.7500000355507
 21
6.335027147194104
 31
0.0
  0
LINE
  5
7DD
330
17
100
AcDbEntity
  8
可见轮廓
100
AcDbLine
 10
102.7500000355507
 20
6.335027147194104
 30
0.0
 11
102.7500000355507
 21
6.568089975067828
 31
0.0
  0
LINE
  5
7DE
330
17
100
AcDbEntity
  8
可见轮廓
100
AcDbLine
 10
102.7500000355507
 20
6.568089975067828
 30
0.0
 11
102.7500000355507
 21
6.795745296378776
 31
0.0
  0
LINE
  5
7DF
330
17
100
AcDbEntity
  8
可见轮廓
100
AcDbLine
 10
102.7500000355507
 20
6.795745296378776
 30
0.0
 11
102.7500000355507
 21
7.0178144294047335
 31
0.0
  0
LINE
  5
7E0
330
17
100
AcDbEntity
  8
可见轮廓
100
AcDbLine
 10
102.7500000355507
 20
7.0178144294047335
 30
0.0
 11
102.7500000355507
 21
7.234122787947491
 31
0.0
  0
LINE
  5
7E1
330
17
100
AcDbEntity
  8
可见轮廓
100
AcDbLine
 10
102.7500000355507
 20
7.234122787947491
 30
0.0
 11
102.7500000355507
 21
7.283286034650867
 31
0.0
  0
LINE
  5
7E2
330
17
100
AcDbEntity
  8
可见轮廓
100
AcDbLine
 10
102.7500000355507
 20
7.283286034650867
 30
0.0
 11
102.7500000355507
 21
7.33212824775239
 31
0.0
  0
LINE
  5
7E3
330
17
100
AcDbEntity
  8
可见轮廓
100
AcDbLine
 10
102.7500000355507
 20
7.33212824775239
 30
0.0
 11
102.7500000355507
 21
7.3806473715768774
 31
0.0
  0
LINE
  5
7E4
330
17
100
AcDbEntity
  8
可见轮廓
100
AcDbLine
 10
102.7500000355507
 20
7.3806473715768774
 30
0.0
 11
102.7500000355507
 21
7.428841363143594
 31
0.0
  0
LINE
  5
7E5
330
17
100
AcDbEntity
  8
可见轮廓
100
AcDbLine
 10
102.7500000355507
 20
7.428841363143594
 30
0.0
 11
102.7500000355507
 21
7.47668071048729
 31
0.0
  0
LINE
  5
7E6
330
17
100
AcDbEntity
  8
可见轮廓
100
AcDbLine
 10
102.7500000355507
 20
7.47668071048729
 30
0.0
 11
102.7500000355507
 21
7.524190478555919
 31
0.0
  0
LINE
  5
7E7
330
17
100
AcDbEntity
  8
可见轮廓
100
AcDbLine
 10
102.7500000355507
 20
7.524190478555919
 30
0.0
 11
102.7500000355507
 21
7.571368667778625
 31
0.0
  0
LINE
  5
7E8
330
17
100
AcDbEntity
  8
可见轮廓
100
AcDbLine
 10
102.7500000355507
 20
7.571368667778625
 30
0.0
 11
102.7500000355507
 21
7.618213291612591
 31
0.0
  0
LINE
  5
7E9
330
17
100
AcDbEntity
  8
可见轮廓
100
AcDbLine
 10
102.7500000355507
 20
7.618213291612591
 30
0.0
 11
102.7500000355507
 21
7.879948104208527
 31
0.0
  0
LINE
  5
7EA
330
17
100
AcDbEntity
  8
可见轮廓
100
AcDbLine
 10
102.7500000355507
 20
7.879948104208527
 30
0.0
 11
102.7500000355507
 21
8.130227448297155
 31
0.0
  0
LINE
  5
7EB
330
17
100
AcDbEntity
  8
可见轮廓
100
AcDbLine
 10
102.7500000355507
 20
8.130227448297155
 30
0.0
 11
102.7500000355507
 21
8.368704874881562
 31
0.0
  0
LINE
  5
7EC
330
17
100
AcDbEntity
  8
可见轮廓
100
AcDbLine
 10
102.7500000355507
 20
8.368704874881562
 30
0.0
 11
102.7500000355507
 21
8.595049206610714
 31
0.0
  0
LINE
  5
7ED
330
17
100
AcDbEntity
  8
可见轮廓
100
AcDbLine
 10
102.7500000355507
 20
8.595049206610714
 30
0.0
 11
102.7500000355507
 21
8.807875526637307
 31
0.0
  0
LINE
  5
7EE
330
17
100
AcDbEntity
  8
可见轮廓
100
AcDbLine
 10
102.7500000355507
 20
8.807875526637307
 30
0.0
 11
102.7500000355507
 21
9.007899027196391
 31
0.0
  0
LINE
  5
7EF
330
17
100
AcDbEntity
  8
可见轮廓
100
AcDbLine
 10
102.7500000355507
 20
9.007899027196391
 30
0.0
 11
102.7500000355507
 21
9.194842994474055
 31
0.0
  0
LINE
  5
7F0
330
17
100
AcDbEntity
  8
可见轮廓
100
AcDbLine
 10
102.7500000355507
 20
9.194842994474055
 30
0.0
 11
102.7500000355507
 21
9.368447639533287
 31
0.0
  0
LINE
  5
7F1
330
17
100
AcDbEntity
  8
可见轮廓
100
AcDbLine
 10
111.0000000355507
 20
9.368447639533287
 30
0.0
 11
111.0000000355507
 21
9.194842994474058
 31
0.0
  0
LINE
  5
7F2
330
17
100
AcDbEntity
  8
可见轮廓
100
AcDbLine
 10
111.0000000355507
 20
9.194842994474058
 30
0.0
 11
111.0000000355507
 21
9.007899027196391
 31
0.0
  0
LINE
  5
7F3
330
17
100
AcDbEntity
  8
可见轮廓
100
AcDbLine
 10
111.0000000355507
 20
9.007899027196391
 30
0.0
 11
111.0000000355507
 21
8.80787552663731
 31
0.0
  0
LINE
  5
7F4
330
17
100
AcDbEntity
  8
可见轮廓
100
AcDbLine
 10
111.0000000355507
 20
8.80787552663731
 30
0.0
 11
111.0000000355507
 21
8.595049206610717
 31
0.0
  0
LINE
  5
7F5
330
17
100
AcDbEntity
  8
可见轮廓
100
AcDbLine
 10
111.0000000355507
 20
8.595049206610717
 30
0.0
 11
111.0000000355507
 21
8.368704874881562
 31
0.0
  0
LINE
  5
7F6
330
17
100
AcDbEntity
  8
可见轮廓
100
AcDbLine
 10
111.0000000355507
 20
8.368704874881562
 30
0.0
 11
111.0000000355507
 21
8.130227448297159
 31
0.0
  0
LINE
  5
7F7
330
17
100
AcDbEntity
  8
可见轮廓
100
AcDbLine
 10
111.0000000355507
 20
8.130227448297159
 30
0.0
 11
111.0000000355507
 21
7.87994810420853
 31
0.0
  0
LINE
  5
7F8
330
17
100
AcDbEntity
  8
可见轮廓
100
AcDbLine
 10
111.0000000355507
 20
7.87994810420853
 30
0.0
 11
111.0000000355507
 21
7.618213291612591
 31
0.0
  0
LINE
  5
7F9
330
17
100
AcDbEntity
  8
可见轮廓
100
AcDbLine
 10
111.0000000355507
 20
7.618213291612591
 30
0.0
 11
111.0000000355507
 21
7.344500884819432
 31
0.0
  0
LINE
  5
7FA
330
17
100
AcDbEntity
  8
可见轮廓
100
AcDbLine
 10
111.0000000355507
 20
7.344500884819432
 30
0.0
 11
111.0000000355507
 21
7.060149553566156
 31
0.0
  0
LINE
  5
7FB
330
17
100
AcDbEntity
  8
可见轮廓
100
AcDbLine
 10
111.0000000355507
 20
7.060149553566156
 30
0.0
 11
111.0000000355507
 21
6.76555400410529
 31
0.0
  0
LINE
  5
7FC
330
17
100
AcDbEntity
  8
可见轮廓
100
AcDbLine
 10
111.0000000355507
 20
6.76555400410529
 30
0.0
 11
111.0000000355507
 21
6.461122198677046
 31
0.0
  0
LINE
  5
7FD
330
17
100
AcDbEntity
  8
可见轮廓
100
AcDbLine
 10
111.0000000355507
 20
6.461122198677046
 30
0.0
 11
111.0000000355507
 21
6.1465374692417925
 31
0.0
  0
LINE
  5
7FE
330
17
100
AcDbEntity
  8
可见轮廓
100
AcDbLine
 10
111.0000000355507
 20
6.1465374692417925
 30
0.0
 11
111.0000000355507
 21
5.823060469069361
 31
0.0
  0
LINE
  5
7FF
330
17
100
AcDbEntity
  8
可见轮廓
100
AcDbLine
 10
111.0000000355507
 20
5.823060469069361
 30
0.0
 11
111.0000000355507
 21
5.491140066131177
 31
0.0
  0
LINE
  5
800
330
17
100
AcDbEntity
  8
可见轮廓
100
AcDbLine
 10
111.0000000355507
 20
5.491140066131177
 30
0.0
 11
111.0000000355507
 21
5.1512360541365645
 31
0.0
  0
LINE
  5
801
330
17
100
AcDbEntity
  8
可见轮廓
100
AcDbLine
 10
111.0000000355507
 20
4.102463745129121
 30
0.0
 11
106.61312540865444
 21
4.102463745129121
 31
0.0
  0
LINE
  5
802
330
17
100
AcDbEntity
  8
可见轮廓
100
AcDbLine
 10
106.61312540865444
 20
4.102463745129121
 30
0.0
 11
102.22625078175818
 21
4.102463745129121
 31
0.0
  0
LINE
  5
803
330
17
100
AcDbEntity
  8
可见轮廓
100
AcDbLine
 10
111.0000000355507
 20
5.151236054136579
 30
0.0
 11
111.0000000355507
 21
5.068970745445867
 31
0.0
  0
LINE
  5
804
330
17
100
AcDbEntity
  8
可见轮廓
100
AcDbLine
 10
111.0000000355507
 20
5.068970745445867
 30
0.0
 11
111.0000000355507
 21
4.982313731607832
 31
0.0
  0
LINE
  5
805
330
17
100
AcDbEntity
  8
可见轮廓
100
AcDbLine
 10
111.0000000355507
 20
4.982313731607832
 30
0.0
 11
111.0000000355507
 21
4.8926479634398135
 31
0.0
  0
LINE
  5
806
330
17
100
AcDbEntity
  8
可见轮廓
100
AcDbLine
 10
111.0000000355507
 20
4.8926479634398135
 30
0.0
 11
111.0000000355507
 21
4.801401154068323
 31
0.0
  0
LINE
  5
807
330
17
100
AcDbEntity
  8
可见轮廓
100
AcDbLine
 10
111.0000000355507
 20
4.801401154068323
 30
0.0
 11
111.0000000355507
 21
4.71017359550747
 31
0.0
  0
LINE
  5
808
330
17
100
AcDbEntity
  8
可见轮廓
100
AcDbLine
 10
111.0000000355507
 20
4.71017359550747
 30
0.0
 11
111.0000000355507
 21
4.620562284076215
 31
0.0
  0
LINE
  5
809
330
17
100
AcDbEntity
  8
可见轮廓
100
AcDbLine
 10
111.0000000355507
 20
4.620562284076215
 30
0.0
 11
111.0000000355507
 21
4.533994046593918
 31
0.0
  0
LINE
  5
80A
330
17
100
AcDbEntity
  8
可见轮廓
100
AcDbLine
 10
111.0000000355507
 20
4.533994046593918
 30
0.0
 11
111.0000000355507
 21
4.451850436985566
 31
0.0
  0
LINE
  5
80B
330
17
100
AcDbEntity
  8
可见轮廓
100
AcDbLine
 10
111.0000000355507
 20
4.451850436985566
 30
0.0
 11
111.0000000355507
 21
4.376058838654238
 31
0.0
  0
LINE
  5
80C
330
17
100
AcDbEntity
  8
可见轮廓
100
AcDbLine
 10
111.0000000355507
 20
4.376058838654238
 30
0.0
 11
111.0000000355507
 21
4.307459185072375
 31
0.0
  0
LINE
  5
80D
330
17
100
AcDbEntity
  8
可见轮廓
100
AcDbLine
 10
111.0000000355507
 20
4.307459185072375
 30
0.0
 11
111.0000000355507
 21
4.247140583619526
 31
0.0
  0
LINE
  5
80E
330
17
100
AcDbEntity
  8
可见轮廓
100
AcDbLine
 10
111.0000000355507
 20
4.247140583619526
 30
0.0
 11
111.0000000355507
 21
4.196068941514973
 31
0.0
  0
LINE
  5
80F
330
17
100
AcDbEntity
  8
可见轮廓
100
AcDbLine
 10
111.0000000355507
 20
4.155983267545189
 30
0.0
 11
111.0000000355507
 21
4.126741797657104
 31
0.0
  0
LINE
  5
810
330
17
100
AcDbEntity
  8
可见轮廓
100
AcDbLine
 10
111.0000000355507
 20
4.126741797657104
 30
0.0
 11
111.0000000355507
 21
4.108804645190034
 31
0.0
  0
LINE
  5
811
330
17
100
AcDbEntity
  8
可见轮廓
100
AcDbLine
 10
91.0000000355507
 20
9.368447639533294
 30
0.0
 11
91.0000000355507
 21
9.413560912426533
 31
0.0
  0
LINE
  5
812
330
17
100
AcDbEntity
  8
可见轮廓
100
AcDbLine
 10
91.0000000355507
 20
9.413560912426533
 30
0.0
 11
91.0000000355507
 21
9.464740390006213
 31
0.0
  0
LINE
  5
813
330
17
100
AcDbEntity
  8
可见轮廓
100
AcDbLine
 10
91.0000000355507
 20
9.464740390006213
 30
0.0
 11
91.0000000355507
 21
9.521743509030077
 31
0.0
  0
LINE
  5
814
330
17
100
AcDbEntity
  8
可见轮廓
100
AcDbLine
 10
91.0000000355507
 20
9.521743509030077
 30
0.0
 11
91.0000000355507
 21
9.584302042937807
 31
0.0
  0
LINE
  5
815
330
17
100
AcDbEntity
  8
可见轮廓
100
AcDbLine
 10
91.0000000355507
 20
9.584302042937807
 30
0.0
 11
91.0000000355507
 21
9.652526877023071
 31
0.0
  0
LINE
  5
816
330
17
100
AcDbEntity
  8
可见轮廓
100
AcDbLine
 10
91.0000000355507
 20
9.652526877023071
 30
0.0
 11
91.0000000355507
 21
9.72562802046253
 31
0.0
  0
LINE
  5
817
330
17
100
AcDbEntity
  8
可见轮廓
100
AcDbLine
 10
91.0000000355507
 20
9.72562802046253
 30
0.0
 11
91.0000000355507
 21
9.803259609271255
 31
0.0
  0
LINE
  5
818
330
17
100
AcDbEntity
  8
可见轮廓
100
AcDbLine
 10
91.0000000355507
 20
9.803259609271255
 30
0.0
 11
91.0000000355507
 21
9.885055814934987
 31
0.0
  0
LINE
  5
819
330
17
100
AcDbEntity
  8
可见轮廓
100
AcDbLine
 10
91.0000000355507
 20
9.885055814934987
 30
0.0
 11
91.0000000355507
 21
9.970903448972063
 31
0.0
  0
LINE
  5
81A
330
17
100
AcDbEntity
  8
可见轮廓
100
AcDbLine
 10
91.0000000355507
 20
9.970903448972063
 30
0.0
 11
91.0000000355507
 21
10.060045192701782
 31
0.0
  0
LINE
  5
81B
330
17
100
AcDbEntity
  8
可见轮廓
100
AcDbLine
 10
91.0000000355507
 20
10.060045192701782
 30
0.0
 11
91.0000000355507
 21
10.152059706525908
 31
0.0
  0
LINE
  5
81C
330
17
100
AcDbEntity
  8
可见轮廓
100
AcDbLine
 10
91.0000000355507
 20
10.152059706525908
 30
0.0
 11
91.0000000355507
 21
10.246512991273441
 31
0.0
  0
LINE
  5
81D
330
17
100
AcDbEntity
  8
可见轮廓
100
AcDbLine
 10
91.0000000355507
 20
10.246512991273441
 30
0.0
 11
91.0000000355507
 21
10.343076890822442
 31
0.0
  0
LINE
  5
81E
330
17
100
AcDbEntity
  8
可见轮廓
100
AcDbLine
 10
91.0000000355507
 20
10.343076890822442
 30
0.0
 11
91.0000000355507
 21
10.441087685736754
 31
0.0
  0
LINE
  5
81F
330
17
100
AcDbEntity
  8
可见轮廓
100
AcDbLine
 10
91.0000000355507
 20
10.441087685736754
 30
0.0
 11
91.0000000355507
 21
10.540082458028447
 31
0.0
  0
LINE
  5
820
330
17
100
AcDbEntity
  8
可见轮廓
100
AcDbLine
 10
91.0000000355507
 20
10.540082458028447
 30
0.0
 11
91.0000000355507
 21
10.639593953569626
 31
0.0
  0
LINE
  5
821
330
17
100
AcDbEntity
  8
可见轮廓
100
AcDbLine
 10
99.2500000355507
 20
9.368447639533294
 30
0.0
 11
99.2500000355507
 21
9.413560912426533
 31
0.0
  0
LINE
  5
822
330
17
100
AcDbEntity
  8
可见轮廓
100
AcDbLine
 10
99.2500000355507
 20
9.413560912426533
 30
0.0
 11
99.2500000355507
 21
9.464740390006213
 31
0.0
  0
LINE
  5
823
330
17
100
AcDbEntity
  8
可见轮廓
100
AcDbLine
 10
99.2500000355507
 20
9.464740390006213
 30
0.0
 11
99.2500000355507
 21
9.521743509030077
 31
0.0
  0
LINE
  5
824
330
17
100
AcDbEntity
  8
可见轮廓
100
AcDbLine
 10
99.2500000355507
 20
9.521743509030077
 30
0.0
 11
99.2500000355507
 21
9.584302042937807
 31
0.0
  0
LINE
  5
825
330
17
100
AcDbEntity
  8
可见轮廓
100
AcDbLine
 10
99.2500000355507
 20
9.584302042937807
 30
0.0
 11
99.2500000355507
 21
9.652526877023067
 31
0.0
  0
LINE
  5
826
330
17
100
AcDbEntity
  8
可见轮廓
100
AcDbLine
 10
99.2500000355507
 20
9.652526877023067
 30
0.0
 11
99.2500000355507
 21
9.72562802046253
 31
0.0
  0
LINE
  5
827
330
17
100
AcDbEntity
  8
可见轮廓
100
AcDbLine
 10
99.2500000355507
 20
9.72562802046253
 30
0.0
 11
99.2500000355507
 21
9.803259609271255
 31
0.0
  0
LINE
  5
828
330
17
100
AcDbEntity
  8
可见轮廓
100
AcDbLine
 10
99.2500000355507
 20
9.803259609271255
 30
0.0
 11
99.2500000355507
 21
9.885055814934987
 31
0.0
  0
LINE
  5
829
330
17
100
AcDbEntity
  8
可见轮廓
100
AcDbLine
 10
99.2500000355507
 20
9.885055814934987
 30
0.0
 11
99.2500000355507
 21
9.97090344897206
 31
0.0
  0
LINE
  5
82A
330
17
100
AcDbEntity
  8
可见轮廓
100
AcDbLine
 10
99.2500000355507
 20
9.97090344897206
 30
0.0
 11
99.2500000355507
 21
10.060045192701779
 31
0.0
  0
LINE
  5
82B
330
17
100
AcDbEntity
  8
可见轮廓
100
AcDbLine
 10
99.2500000355507
 20
10.060045192701779
 30
0.0
 11
99.2500000355507
 21
10.152059706525904
 31
0.0
  0
LINE
  5
82C
330
17
100
AcDbEntity
  8
可见轮廓
100
AcDbLine
 10
99.2500000355507
 20
10.152059706525904
 30
0.0
 11
99.2500000355507
 21
10.246512991273441
 31
0.0
  0
LINE
  5
82D
330
17
100
AcDbEntity
  8
可见轮廓
100
AcDbLine
 10
99.2500000355507
 20
10.246512991273441
 30
0.0
 11
99.2500000355507
 21
10.343076890822438
 31
0.0
  0
LINE
  5
82E
330
17
100
AcDbEntity
  8
可见轮廓
100
AcDbLine
 10
99.2500000355507
 20
10.343076890822438
 30
0.0
 11
99.2500000355507
 21
10.441087685736754
 31
0.0
  0
LINE
  5
82F
330
17
100
AcDbEntity
  8
可见轮廓
100
AcDbLine
 10
99.2500000355507
 20
10.441087685736754
 30
0.0
 11
99.2500000355507
 21
10.54008245802845
 31
0.0
  0
LINE
  5
830
330
17
100
AcDbEntity
  8
可见轮廓
100
AcDbLine
 10
99.2500000355507
 20
10.54008245802845
 30
0.0
 11
99.2500000355507
 21
10.639593953569626
 31
0.0
  0
LINE
  5
831
330
17
100
AcDbEntity
  8
可见轮廓
100
AcDbLine
 10
99.2500000355507
 20
5.350986515216178
 30
0.0
 11
99.2500000355507
 21
5.604110732217126
 31
0.0
  0
LINE
  5
832
330
17
100
AcDbEntity
  8
可见轮廓
100
AcDbLine
 10
99.2500000355507
 20
5.604110732217126
 30
0.0
 11
99.2500000355507
 21
5.852621712104948
 31
0.0
  0
LINE
  5
833
330
17
100
AcDbEntity
  8
可见轮廓
100
AcDbLine
 10
99.2500000355507
 20
5.852621712104948
 30
0.0
 11
99.2500000355507
 21
6.0963243702354255
 31
0.0
  0
LINE
  5
834
330
17
100
AcDbEntity
  8
可见轮廓
100
AcDbLine
 10
99.2500000355507
 20
6.0963243702354255
 30
0.0
 11
99.2500000355507
 21
6.335027147194104
 31
0.0
  0
LINE
  5
835
330
17
100
AcDbEntity
  8
可见轮廓
100
AcDbLine
 10
99.2500000355507
 20
6.335027147194104
 30
0.0
 11
99.2500000355507
 21
6.568089975067828
 31
0.0
  0
LINE
  5
836
330
17
100
AcDbEntity
  8
可见轮廓
100
AcDbLine
 10
99.2500000355507
 20
6.568089975067828
 30
0.0
 11
99.2500000355507
 21
6.795745296378776
 31
0.0
  0
LINE
  5
837
330
17
100
AcDbEntity
  8
可见轮廓
100
AcDbLine
 10
99.2500000355507
 20
6.795745296378776
 30
0.0
 11
99.2500000355507
 21
7.0178144294047335
 31
0.0
  0
LINE
  5
838
330
17
100
AcDbEntity
  8
可见轮廓
100
AcDbLine
 10
99.2500000355507
 20
7.0178144294047335
 30
0.0
 11
99.2500000355507
 21
7.234122787947491
 31
0.0
  0
LINE
  5
839
330
17
100
AcDbEntity
  8
可见轮廓
100
AcDbLine
 10
99.2500000355507
 20
7.234122787947491
 30
0.0
 11
99.2500000355507
 21
7.283286034650864
 31
0.0
  0
LINE
  5
83A
330
17
100
AcDbEntity
  8
可见轮廓
100
AcDbLine
 10
99.2500000355507
 20
7.283286034650864
 30
0.0
 11
99.2500000355507
 21
7.332128247752383
 31
0.0
  0
LINE
  5
83B
330
17
100
AcDbEntity
  8
可见轮廓
100
AcDbLine
 10
99.2500000355507
 20
7.332128247752383
 30
0.0
 11
99.2500000355507
 21
7.380647371576867
 31
0.0
  0
LINE
  5
83C
330
17
100
AcDbEntity
  8
可见轮廓
100
AcDbLine
 10
99.2500000355507
 20
7.380647371576867
 30
0.0
 11
99.2500000355507
 21
7.4288413631435795
 31
0.0
  0
LINE
  5
83D
330
17
100
AcDbEntity
  8
可见轮廓
100
AcDbLine
 10
99.2500000355507
 20
7.4288413631435795
 30
0.0
 11
99.2500000355507
 21
7.476680710487273
 31
0.0
  0
LINE
  5
83E
330
17
100
AcDbEntity
  8
可见轮廓
100
AcDbLine
 10
99.2500000355507
 20
7.476680710487273
 30
0.0
 11
99.2500000355507
 21
7.5241904785559015
 31
0.0
  0
LINE
  5
83F
330
17
100
AcDbEntity
  8
可见轮廓
100
AcDbLine
 10
99.2500000355507
 20
7.5241904785559015
 30
0.0
 11
99.2500000355507
 21
7.571368667778604
 31
0.0
  0
LINE
  5
840
330
17
100
AcDbEntity
  8
可见轮廓
100
AcDbLine
 10
99.2500000355507
 20
7.571368667778604
 30
0.0
 11
99.2500000355507
 21
7.618213291612566
 31
0.0
  0
LINE
  5
841
330
17
100
AcDbEntity
  8
可见轮廓
100
AcDbLine
 10
99.2500000355507
 20
7.618213291612566
 30
0.0
 11
99.2500000355507
 21
7.879948104208509
 31
0.0
  0
LINE
  5
842
330
17
100
AcDbEntity
  8
可见轮廓
100
AcDbLine
 10
99.2500000355507
 20
7.879948104208509
 30
0.0
 11
99.2500000355507
 21
8.130227448297138
 31
0.0
  0
LINE
  5
843
330
17
100
AcDbEntity
  8
可见轮廓
100
AcDbLine
 10
99.2500000355507
 20
8.130227448297138
 30
0.0
 11
99.2500000355507
 21
8.368704874881548
 31
0.0
  0
LINE
  5
844
330
17
100
AcDbEntity
  8
可见轮廓
100
AcDbLine
 10
99.2500000355507
 20
8.368704874881548
 30
0.0
 11
99.2500000355507
 21
8.595049206610707
 31
0.0
  0
LINE
  5
845
330
17
100
AcDbEntity
  8
可见轮廓
100
AcDbLine
 10
99.2500000355507
 20
8.595049206610707
 30
0.0
 11
99.2500000355507
 21
8.8078755266373
 31
0.0
  0
LINE
  5
846
330
17
100
AcDbEntity
  8
可见轮廓
100
AcDbLine
 10
99.2500000355507
 20
8.8078755266373
 30
0.0
 11
99.2500000355507
 21
9.007899027196387
 31
0.0
  0
LINE
  5
847
330
17
100
AcDbEntity
  8
可见轮廓
100
AcDbLine
 10
99.2500000355507
 20
9.007899027196387
 30
0.0
 11
99.2500000355507
 21
9.194842994474058
 31
0.0
  0
LINE
  5
848
330
17
100
AcDbEntity
  8
可见轮廓
100
AcDbLine
 10
99.2500000355507
 20
9.194842994474058
 30
0.0
 11
99.2500000355507
 21
9.368447639533287
 31
0.0
  0
LINE
  5
849
330
17
100
AcDbEntity
  8
可见轮廓
100
AcDbLine
 10
99.26143748180169
 20
5.151236054136579
 30
0.0
 11
99.25874131528502
 21
5.176287771663343
 31
0.0
  0
LINE
  5
84A
330
17
100
AcDbEntity
  8
可见轮廓
100
AcDbLine
 10
99.25444404046453
 20
5.226321040049044
 30
0.0
 11
99.25283913255626
 21
5.251302231326488
 31
0.0
  0
LINE
  5
84B
330
17
100
AcDbEntity
  8
可见轮廓
100
AcDbLine
 10
99.25283913255626
 20
5.251302231326488
 30
0.0
 11
99.25159417791298
 21
5.2762595542726665
 31
0.0
  0
LINE
  5
84C
330
17
100
AcDbEntity
  8
可见轮廓
100
AcDbLine
 10
99.25017652921244
 20
5.326101876008259
 30
0.0
 11
99.2500000355507
 21
5.350986515216178
 31
0.0
  0
LINE
  5
84D
330
17
100
AcDbEntity
  8
可见轮廓
100
AcDbLine
 10
91.0000000355507
 20
5.1512360541365645
 30
0.0
 11
91.0000000355507
 21
5.491140066131173
 31
0.0
  0
LINE
  5
84E
330
17
100
AcDbEntity
  8
可见轮廓
100
AcDbLine
 10
91.0000000355507
 20
5.491140066131173
 30
0.0
 11
91.0000000355507
 21
5.823060469069354
 31
0.0
  0
LINE
  5
84F
330
17
100
AcDbEntity
  8
可见轮廓
100
AcDbLine
 10
91.0000000355507
 20
5.823060469069354
 30
0.0
 11
91.0000000355507
 21
6.146537469241782
 31
0.0
  0
LINE
  5
850
330
17
100
AcDbEntity
  8
可见轮廓
100
AcDbLine
 10
91.0000000355507
 20
6.146537469241782
 30
0.0
 11
91.0000000355507
 21
6.461122198677028
 31
0.0
  0
LINE
  5
851
330
17
100
AcDbEntity
  8
可见轮廓
100
AcDbLine
 10
91.0000000355507
 20
6.461122198677028
 30
0.0
 11
91.0000000355507
 21
6.765554004105272
 31
0.0
  0
LINE
  5
852
330
17
100
AcDbEntity
  8
可见轮廓
100
AcDbLine
 10
91.0000000355507
 20
6.765554004105272
 30
0.0
 11
91.0000000355507
 21
7.060149553566131
 31
0.0
  0
LINE
  5
853
330
17
100
AcDbEntity
  8
可见轮廓
100
AcDbLine
 10
91.0000000355507
 20
7.060149553566131
 30
0.0
 11
91.0000000355507
 21
7.344500884819407
 31
0.0
  0
LINE
  5
854
330
17
100
AcDbEntity
  8
可见轮廓
100
AcDbLine
 10
91.0000000355507
 20
7.344500884819407
 30
0.0
 11
91.0000000355507
 21
7.618213291612566
 31
0.0
  0
LINE
  5
855
330
17
100
AcDbEntity
  8
可见轮廓
100
AcDbLine
 10
91.0000000355507
 20
7.618213291612566
 30
0.0
 11
91.0000000355507
 21
7.879948104208509
 31
0.0
  0
LINE
  5
856
330
17
100
AcDbEntity
  8
可见轮廓
100
AcDbLine
 10
91.0000000355507
 20
7.879948104208509
 30
0.0
 11
91.0000000355507
 21
8.130227448297138
 31
0.0
  0
LINE
  5
857
330
17
100
AcDbEntity
  8
可见轮廓
100
AcDbLine
 10
91.0000000355507
 20
8.130227448297138
 30
0.0
 11
91.0000000355507
 21
8.368704874881548
 31
0.0
  0
LINE
  5
858
330
17
100
AcDbEntity
  8
可见轮廓
100
AcDbLine
 10
91.0000000355507
 20
8.368704874881548
 30
0.0
 11
91.0000000355507
 21
8.595049206610707
 31
0.0
  0
LINE
  5
859
330
17
100
AcDbEntity
  8
可见轮廓
100
AcDbLine
 10
91.0000000355507
 20
8.595049206610707
 30
0.0
 11
91.0000000355507
 21
8.8078755266373
 31
0.0
  0
LINE
  5
85A
330
17
100
AcDbEntity
  8
可见轮廓
100
AcDbLine
 10
91.0000000355507
 20
8.8078755266373
 30
0.0
 11
91.0000000355507
 21
9.007899027196387
 31
0.0
  0
LINE
  5
85B
330
17
100
AcDbEntity
  8
可见轮廓
100
AcDbLine
 10
91.0000000355507
 20
9.007899027196387
 30
0.0
 11
91.0000000355507
 21
9.194842994474058
 31
0.0
  0
LINE
  5
85C
330
17
100
AcDbEntity
  8
可见轮廓
100
AcDbLine
 10
91.0000000355507
 20
9.194842994474058
 30
0.0
 11
91.0000000355507
 21
9.368447639533287
 31
0.0
  0
LINE
  5
85D
330
17
100
AcDbEntity
  8
可见轮廓
100
AcDbLine
 10
99.77374928934347
 20
4.102463745129121
 30
0.0
 11
95.3868746624471
 21
4.102463745129121
 31
0.0
  0
LINE
  5
85E
330
17
100
AcDbEntity
  8
可见轮廓
100
AcDbLine
 10
95.3868746624471
 20
4.102463745129121
 30
0.0
 11
91.0000000355507
 21
4.102463745129121
 31
0.0
  0
LINE
  5
85F
330
17
100
AcDbEntity
  8
可见轮廓
100
AcDbLine
 10
99.77374928934347
 20
4.102463745129121
 30
0.0
 11
99.77356172114912
 21
4.102641746297557
 31
0.0
  0
LINE
  5
860
330
17
100
AcDbEntity
  8
可见轮廓
100
AcDbLine
 10
99.75294508075817
 20
4.12304963703955
 30
0.0
 11
99.74920382871574
 21
4.126862390921374
 31
0.0
  0
LINE
  5
861
330
17
100
AcDbEntity
  8
可见轮廓
100
AcDbLine
 10
99.74920382871574
 20
4.126862390921374
 30
0.0
 11
99.74519809418845
 21
4.13097554871046
 31
0.0
  0
LINE
  5
862
330
17
100
AcDbEntity
  8
可见轮廓
100
AcDbLine
 10
99.73169520860125
 20
4.145063995910959
 30
0.0
 11
99.70887008436546
 21
4.169626885523876
 31
0.0
  0
LINE
  5
863
330
17
100
AcDbEntity
  8
可见轮廓
100
AcDbLine
 10
99.70887008436546
 20
4.169626885523876
 30
0.0
 11
99.68270219190535
 21
4.1989328616547965
 31
0.0
  0
LINE
  5
864
330
17
100
AcDbEntity
  8
可见轮廓
100
AcDbLine
 10
99.65417820762525
 20
4.232424598619275
 30
0.0
 11
99.62416395607764
 21
4.269629894081675
 31
0.0
  0
LINE
  5
865
330
17
100
AcDbEntity
  8
可见轮廓
100
AcDbLine
 10
99.62416395607764
 20
4.269629894081675
 30
0.0
 11
99.59313321679082
 21
4.310360717272047
 31
0.0
  0
LINE
  5
866
330
17
100
AcDbEntity
  8
可见轮廓
100
AcDbLine
 10
99.59313321679082
 20
4.310360717272047
 30
0.0
 11
99.56155702857092
 21
4.354431029814791
 31
0.0
  0
LINE
  5
867
330
17
100
AcDbEntity
  8
可见轮廓
100
AcDbLine
 10
99.56155702857092
 20
4.354431029814791
 30
0.0
 11
99.52990643022403
 21
4.401654793334316
 31
0.0
  0
LINE
  5
868
330
17
100
AcDbEntity
  8
可见轮廓
100
AcDbLine
 10
99.52990643022403
 20
4.401654793334316
 30
0.0
 11
99.49865171431097
 21
4.451847737953003
 31
0.0
  0
LINE
  5
869
330
17
100
AcDbEntity
  8
可见轮廓
100
AcDbLine
 10
99.49865171431097
 20
4.451847737953003
 30
0.0
 11
99.45510507011417
 21
4.529132522700436
 31
0.0
  0
LINE
  5
86A
330
17
100
AcDbEntity
  8
可见轮廓
100
AcDbLine
 10
99.45510507011417
 20
4.529132522700436
 30
0.0
 11
99.41397678999192
 21
4.611770355025136
 31
0.0
  0
LINE
  5
86B
330
17
100
AcDbEntity
  8
可见轮廓
100
AcDbLine
 10
99.41397678999192
 20
4.611770355025136
 30
0.0
 11
99.37621900055012
 21
4.698667149068811
 31
0.0
  0
LINE
  5
86C
330
17
100
AcDbEntity
  8
可见轮廓
100
AcDbLine
 10
99.37621900055012
 20
4.698667149068811
 30
0.0
 11
99.34278383455086
 21
4.7887292528307555
 31
0.0
  0
LINE
  5
86D
330
17
100
AcDbEntity
  8
可见轮廓
100
AcDbLine
 10
99.34278383455086
 20
4.7887292528307555
 30
0.0
 11
99.3144650505763
 21
4.881023540312015
 31
0.0
  0
LINE
  5
86E
330
17
100
AcDbEntity
  8
可见轮廓
100
AcDbLine
 10
99.3144650505763
 20
4.881023540312015
 30
0.0
 11
99.29144453648934
 21
4.973752244649432
 31
0.0
  0
LINE
  5
86F
330
17
100
AcDbEntity
  8
可见轮廓
100
AcDbLine
 10
99.29144453648934
 20
4.973752244649432
 30
0.0
 11
99.27375708324584
 21
5.0645961534039685
 31
0.0
  0
LINE
  5
870
330
17
100
AcDbEntity
  8
可见轮廓
100
AcDbLine
 10
99.27375708324584
 20
5.0645961534039685
 30
0.0
 11
99.26143748180169
 21
5.151236054136579
 31
0.0
  0
LINE
  5
871
330
17
100
AcDbEntity
  8
可见轮廓
100
AcDbLine
 10
91.0000000355507
 20
4.102463745129128
 30
0.0
 11
91.0000000355507
 21
4.108804645190034
 31
0.0
  0
LINE
  5
872
330
17
100
AcDbEntity
  8
可见轮廓
100
AcDbLine
 10
91.0000000355507
 20
4.126741797657104
 30
0.0
 11
91.0000000355507
 21
4.155983267545189
 31
0.0
  0
LINE
  5
873
330
17
100
AcDbEntity
  8
可见轮廓
100
AcDbLine
 10
91.0000000355507
 20
4.155983267545189
 30
0.0
 11
91.0000000355507
 21
4.196068941514973
 31
0.0
  0
LINE
  5
874
330
17
100
AcDbEntity
  8
可见轮廓
100
AcDbLine
 10
91.0000000355507
 20
4.247140583619526
 30
0.0
 11
91.0000000355507
 21
4.307459185072375
 31
0.0
  0
LINE
  5
875
330
17
100
AcDbEntity
  8
可见轮廓
100
AcDbLine
 10
91.0000000355507
 20
4.307459185072375
 30
0.0
 11
91.0000000355507
 21
4.376058838654238
 31
0.0
  0
LINE
  5
876
330
17
100
AcDbEntity
  8
可见轮廓
100
AcDbLine
 10
91.0000000355507
 20
4.376058838654238
 30
0.0
 11
91.0000000355507
 21
4.451850436985566
 31
0.0
  0
LINE
  5
877
330
17
100
AcDbEntity
  8
可见轮廓
100
AcDbLine
 10
91.0000000355507
 20
4.451850436985566
 30
0.0
 11
91.0000000355507
 21
4.533994046593918
 31
0.0
  0
LINE
  5
878
330
17
100
AcDbEntity
  8
可见轮廓
100
AcDbLine
 10
91.0000000355507
 20
4.533994046593918
 30
0.0
 11
91.0000000355507
 21
4.620562284076215
 31
0.0
  0
LINE
  5
879
330
17
100
AcDbEntity
  8
可见轮廓
100
AcDbLine
 10
91.0000000355507
 20
4.620562284076215
 30
0.0
 11
91.0000000355507
 21
4.71017359550747
 31
0.0
  0
LINE
  5
87A
330
17
100
AcDbEntity
  8
可见轮廓
100
AcDbLine
 10
91.0000000355507
 20
4.71017359550747
 30
0.0
 11
91.0000000355507
 21
4.801401154068323
 31
0.0
  0
LINE
  5
87B
330
17
100
AcDbEntity
  8
可见轮廓
100
AcDbLine
 10
91.0000000355507
 20
4.801401154068323
 30
0.0
 11
91.0000000355507
 21
4.8926479634398135
 31
0.0
  0
LINE
  5
87C
330
17
100
AcDbEntity
  8
可见轮廓
100
AcDbLine
 10
91.0000000355507
 20
4.8926479634398135
 30
0.0
 11
91.0000000355507
 21
4.982313731607832
 31
0.0
  0
LINE
  5
87D
330
17
100
AcDbEntity
  8
可见轮廓
100
AcDbLine
 10
91.0000000355507
 20
4.982313731607832
 30
0.0
 11
91.0000000355507
 21
5.068970745445867
 31
0.0
  0
LINE
  5
87E
330
17
100
AcDbEntity
  8
可见轮廓
100
AcDbLine
 10
91.0000000355507
 20
5.068970745445867
 30
0.0
 11
91.0000000355507
 21
5.151236054136579
 31
0.0
  0
LINE
  5
87F
330
17
100
AcDbEntity
  8
可见轮廓
100
AcDbLine
 10
91.0000000355507
 20
40.60753625487088
 30
0.0
 11
91.0000000355507
 21
25.623565104220255
 31
0.0
  0
LINE
  5
880
330
17
100
AcDbEntity
  8
可见轮廓
100
AcDbLine
 10
91.0000000355507
 20
25.623565104220255
 30
0.0
 11
91.0000000355507
 21
22.00499999999998
 31
0.0
  0
LINE
  5
881
330
17
100
AcDbEntity
  8
可见轮廓
100
AcDbLine
 10
91.0000000355507
 20
22.00499999999998
 30
0.0
 11
91.0000000355507
 21
10.639593953569623
 31
0.0
  0
LINE
  5
882
330
17
100
AcDbEntity
  8
可见轮廓
100
AcDbLine
 10
99.2500000355507
 20
17.966627274422432
 30
0.0
 11
99.2500000355507
 21
11.658806894819307
 31
0.0
  0
LINE
  5
883
330
17
100
AcDbEntity
  8
可见轮廓
100
AcDbLine
 10
99.2500000355507
 20
11.658806894819307
 30
0.0
 11
99.2500000355507
 21
10.639593953569626
 31
0.0
  0
LINE
  5
884
330
17
100
AcDbEntity
  8
可见轮廓
100
AcDbLine
 10
96.8700000355507
 20
28.70753625487089
 30
0.0
 11
96.8700000355507
 21
25.623565104220255
 31
0.0
  0
LINE
  5
885
330
17
100
AcDbEntity
  8
可见轮廓
100
AcDbLine
 10
96.8700000355507
 20
25.623565104220255
 30
0.0
 11
96.8700000355507
 21
25.207536254870885
 31
0.0
  0
LINE
  5
886
330
17
100
AcDbEntity
  8
可见轮廓
100
AcDbLine
 10
96.8700000355507
 20
25.207536254870885
 30
0.0
 11
96.8700000355507
 21
21.707536254870877
 31
0.0
  0
LINE
  5
887
330
17
100
AcDbEntity
  8
可见轮廓
100
AcDbLine
 10
105.1300000355507
 20
28.70753625487089
 30
0.0
 11
105.1300000355507
 21
25.623565104220255
 31
0.0
  0
LINE
  5
888
330
17
100
AcDbEntity
  8
可见轮廓
100
AcDbLine
 10
105.1300000355507
 20
25.623565104220255
 30
0.0
 11
105.1300000355507
 21
25.207536254870885
 31
0.0
  0
LINE
  5
889
330
17
100
AcDbEntity
  8
可见轮廓
100
AcDbLine
 10
105.1300000355507
 20
25.207536254870885
 30
0.0
 11
105.1300000355507
 21
21.707536254870877
 31
0.0
  0
LINE
  5
88A
330
17
100
AcDbEntity
  8
可见轮廓
100
AcDbLine
 10
102.7500000355507
 20
17.966627274422432
 30
0.0
 11
102.7500000355507
 21
11.658806894819307
 31
0.0
  0
LINE
  5
88B
330
17
100
AcDbEntity
  8
可见轮廓
100
AcDbLine
 10
102.7500000355507
 20
11.658806894819307
 30
0.0
 11
102.7500000355507
 21
10.639593953569626
 31
0.0
  0
LINE
  5
88C
330
17
100
AcDbEntity
  8
可见轮廓
100
AcDbLine
 10
111.0000000355507
 20
10.639593953569623
 30
0.0
 11
111.0000000355507
 21
22.00499999999998
 31
0.0
  0
LINE
  5
88D
330
17
100
AcDbEntity
  8
可见轮廓
100
AcDbLine
 10
111.0000000355507
 20
22.00499999999998
 30
0.0
 11
111.0000000355507
 21
25.623565104220255
 31
0.0
  0
LINE
  5
88E
330
17
100
AcDbEntity
  8
可见轮廓
100
AcDbLine
 10
111.0000000355507
 20
25.623565104220255
 30
0.0
 11
111.0000000355507
 21
40.60753625487088
 31
0.0
  0
LINE
  5
88F
330
17
100
AcDbEntity
  8
可见轮廓
100
AcDbLine
 10
100.95557065759874
 20
3.6015566586899865
 30
0.0
 11
100.91107159523091
 21
3.6032653174556515
 31
0.0
  0
LINE
  5
890
330
17
100
AcDbEntity
  8
可见轮廓
100
AcDbLine
 10
100.91107159523091
 20
3.6032653174556515
 30
0.0
 11
100.86655362238844
 21
3.6061098340295388
 31
0.0
  0
LINE
  5
891
330
17
100
AcDbEntity
  8
可见轮廓
100
AcDbLine
 10
100.86655362238844
 20
3.6061098340295388
 30
0.0
 11
100.8220675130126
 21
3.610087550927986
 31
0.0
  0
LINE
  5
892
330
17
100
AcDbEntity
  8
可见轮廓
100
AcDbLine
 10
100.8220675130126
 20
3.610087550927986
 30
0.0
 11
100.7776640410446
 21
3.615195810667373
 31
0.0
  0
LINE
  5
893
330
17
100
AcDbEntity
  8
可见轮廓
100
AcDbLine
 10
100.7776640410446
 20
3.615195810667373
 30
0.0
 11
100.73339398042575
 21
3.621431955764052
 31
0.0
  0
LINE
  5
894
330
17
100
AcDbEntity
  8
可见轮廓
100
AcDbLine
 10
100.73339398042575
 20
3.621431955764052
 30
0.0
 11
100.68930810509721
 21
3.6287933287343748
 31
0.0
  0
LINE
  5
895
330
17
100
AcDbEntity
  8
可见轮廓
100
AcDbLine
 10
100.68930810509721
 20
3.6287933287343748
 30
0.0
 11
100.6454571890003
 21
3.637277272094714
 31
0.0
  0
LINE
  5
896
330
17
100
AcDbEntity
  8
可见轮廓
100
AcDbLine
 10
100.30811773349077
 20
3.743566570056764
 30
0.0
 11
100.2357314236063
 21
3.776722070068118
 31
0.0
  0
LINE
  5
897
330
17
100
AcDbEntity
  8
可见轮廓
100
AcDbLine
 10
100.2357314236063
 20
3.776722070068118
 30
0.0
 11
100.16488285841444
 21
3.8131608683137443
 31
0.0
  0
LINE
  5
898
330
17
100
AcDbEntity
  8
可见轮廓
100
AcDbLine
 10
100.16488285841444
 20
3.8131608683137443
 30
0.0
 11
100.09589971433866
 21
3.852664990508977
 31
0.0
  0
LINE
  5
899
330
17
100
AcDbEntity
  8
可见轮廓
100
AcDbLine
 10
100.09589971433866
 20
3.852664990508977
 30
0.0
 11
100.02910966780232
 21
3.895016462369128
 31
0.0
  0
LINE
  5
89A
330
17
100
AcDbEntity
  8
可见轮廓
100
AcDbLine
 10
100.02910966780232
 20
3.895016462369128
 30
0.0
 11
99.96476324180227
 21
3.9400323208482178
 31
0.0
  0
LINE
  5
89B
330
17
100
AcDbEntity
  8
可见轮廓
100
AcDbLine
 10
99.96476324180227
 20
3.9400323208482178
 30
0.0
 11
99.9026930244955
 21
3.9877375337893426
 31
0.0
  0
LINE
  5
89C
330
17
100
AcDbEntity
  8
可见轮廓
100
AcDbLine
 10
99.9026930244955
 20
3.9877375337893426
 30
0.0
 11
99.842899307402
 21
4.03810677413815
 31
0.0
  0
LINE
  5
89D
330
17
100
AcDbEntity
  8
可见轮廓
100
AcDbLine
 10
99.842899307402
 20
4.03810677413815
 30
0.0
 11
99.78542423468696
 21
4.0910972594466415
 31
0.0
  0
LINE
  5
89E
330
17
100
AcDbEntity
  8
可见轮廓
100
AcDbLine
 10
111.0000000355507
 20
42.007536254870885
 30
0.0
 11
101.0000000355507
 21
42.007536254870885
 31
0.0
  0
LINE
  5
89F
330
17
100
AcDbEntity
  8
可见轮廓
100
AcDbLine
 10
101.0000000355507
 20
42.007536254870885
 30
0.0
 11
91.0000000355507
 21
42.007536254870885
 31
0.0
  0
LINE
  5
8A0
330
17
100
AcDbEntity
  8
可见轮廓
100
AcDbLine
 10
91.0000000355507
 20
40.60753625487088
 30
0.0
 11
91.0000000355507
 21
40.744723611312374
 31
0.0
  0
LINE
  5
8A1
330
17
100
AcDbEntity
  8
可见轮廓
100
AcDbLine
 10
91.0000000355507
 20
40.744723611312374
 30
0.0
 11
91.0000000355507
 21
40.88055526495362
 31
0.0
  0
LINE
  5
8A2
330
17
100
AcDbEntity
  8
可见轮廓
100
AcDbLine
 10
91.0000000355507
 20
40.88055526495362
 30
0.0
 11
91.0000000355507
 21
41.01381121355129
 31
0.0
  0
LINE
  5
8A3
330
17
100
AcDbEntity
  8
可见轮廓
100
AcDbLine
 10
91.0000000355507
 20
41.01381121355129
 30
0.0
 11
91.0000000355507
 21
41.14329306018202
 31
0.0
  0
LINE
  5
8A4
330
17
100
AcDbEntity
  8
可见轮廓
100
AcDbLine
 10
91.0000000355507
 20
41.14329306018202
 30
0.0
 11
91.0000000355507
 21
41.26730039502254
 31
0.0
  0
LINE
  5
8A5
330
17
100
AcDbEntity
  8
可见轮廓
100
AcDbLine
 10
91.0000000355507
 20
41.26730039502254
 30
0.0
 11
91.0000000355507
 21
41.38502861575749
 31
0.0
  0
LINE
  5
8A6
330
17
100
AcDbEntity
  8
可见轮廓
100
AcDbLine
 10
91.0000000355507
 20
41.38502861575749
 30
0.0
 11
91.0000000355507
 21
41.49542184910577
 31
0.0
  0
LINE
  5
8A7
330
17
100
AcDbEntity
  8
可见轮廓
100
AcDbLine
 10
91.0000000355507
 20
41.49542184910577
 30
0.0
 11
91.0000000355507
 21
41.597485748532065
 31
0.0
  0
LINE
  5
8A8
330
17
100
AcDbEntity
  8
可见轮廓
100
AcDbLine
 10
91.0000000355507
 20
41.597485748532065
 30
0.0
 11
91.0000000355507
 21
41.68943406917143
 31
0.0
  0
LINE
  5
8A9
330
17
100
AcDbEntity
  8
可见轮廓
100
AcDbLine
 10
91.0000000355507
 20
41.68943406917143
 30
0.0
 11
91.0000000355507
 21
41.771135802602174
 31
0.0
  0
LINE
  5
8AA
330
17
100
AcDbEntity
  8
可见轮廓
100
AcDbLine
 10
91.0000000355507
 20
41.771135802602174
 30
0.0
 11
91.0000000355507
 21
41.84185995164093
 31
0.0
  0
LINE
  5
8AB
330
17
100
AcDbEntity
  8
可见轮廓
100
AcDbLine
 10
91.0000000355507
 20
41.84185995164093
 30
0.0
 11
91.0000000355507
 21
41.900967600386686
 31
0.0
  0
LINE
  5
8AC
330
17
100
AcDbEntity
  8
可见轮廓
100
AcDbLine
 10
91.0000000355507
 20
41.900967600386686
 30
0.0
 11
91.0000000355507
 21
41.94685860852117
 31
0.0
  0
LINE
  5
8AD
330
17
100
AcDbEntity
  8
可见轮廓
100
AcDbLine
 10
91.0000000355507
 20
41.94685860852117
 30
0.0
 11
91.0000000355507
 21
41.980095506360925
 31
0.0
  0
LINE
  5
8AE
330
17
100
AcDbEntity
  8
可见轮廓
100
AcDbLine
 10
91.0000000355507
 20
41.980095506360925
 30
0.0
 11
91.0000000355507
 21
42.000383460515025
 31
0.0
  0
LINE
  5
8AF
330
17
100
AcDbEntity
  8
可见轮廓
100
AcDbLine
 10
111.0000000355507
 20
42.007536254870885
 30
0.0
 11
111.0000000355507
 21
42.000383460515025
 31
0.0
  0
LINE
  5
8B0
330
17
100
AcDbEntity
  8
可见轮廓
100
AcDbLine
 10
111.0000000355507
 20
41.980095506360925
 30
0.0
 11
111.0000000355507
 21
41.94685860852117
 31
0.0
  0
LINE
  5
8B1
330
17
100
AcDbEntity
  8
可见轮廓
100
AcDbLine
 10
111.0000000355507
 20
41.94685860852117
 30
0.0
 11
111.0000000355507
 21
41.900967600386686
 31
0.0
  0
LINE
  5
8B2
330
17
100
AcDbEntity
  8
可见轮廓
100
AcDbLine
 10
111.0000000355507
 20
41.900967600386686
 30
0.0
 11
111.0000000355507
 21
41.84185995164093
 31
0.0
  0
LINE
  5
8B3
330
17
100
AcDbEntity
  8
可见轮廓
100
AcDbLine
 10
111.0000000355507
 20
41.84185995164093
 30
0.0
 11
111.0000000355507
 21
41.771135802602174
 31
0.0
  0
LINE
  5
8B4
330
17
100
AcDbEntity
  8
可见轮廓
100
AcDbLine
 10
111.0000000355507
 20
41.771135802602174
 30
0.0
 11
111.0000000355507
 21
41.68943406917143
 31
0.0
  0
LINE
  5
8B5
330
17
100
AcDbEntity
  8
可见轮廓
100
AcDbLine
 10
111.0000000355507
 20
41.68943406917143
 30
0.0
 11
111.0000000355507
 21
41.597485748532065
 31
0.0
  0
LINE
  5
8B6
330
17
100
AcDbEntity
  8
可见轮廓
100
AcDbLine
 10
111.0000000355507
 20
41.597485748532065
 30
0.0
 11
111.0000000355507
 21
41.49542184910577
 31
0.0
  0
LINE
  5
8B7
330
17
100
AcDbEntity
  8
可见轮廓
100
AcDbLine
 10
111.0000000355507
 20
41.49542184910577
 30
0.0
 11
111.0000000355507
 21
41.38502861575749
 31
0.0
  0
LINE
  5
8B8
330
17
100
AcDbEntity
  8
可见轮廓
100
AcDbLine
 10
111.0000000355507
 20
41.38502861575749
 30
0.0
 11
111.0000000355507
 21
41.267300395022545
 31
0.0
  0
LINE
  5
8B9
330
17
100
AcDbEntity
  8
可见轮廓
100
AcDbLine
 10
111.0000000355507
 20
41.267300395022545
 30
0.0
 11
111.0000000355507
 21
41.14329306018202
 31
0.0
  0
LINE
  5
8BA
330
17
100
AcDbEntity
  8
可见轮廓
100
AcDbLine
 10
111.0000000355507
 20
41.14329306018202
 30
0.0
 11
111.0000000355507
 21
41.01381121355129
 31
0.0
  0
LINE
  5
8BB
330
17
100
AcDbEntity
  8
可见轮廓
100
AcDbLine
 10
111.0000000355507
 20
41.01381121355129
 30
0.0
 11
111.0000000355507
 21
40.88055526495362
 31
0.0
  0
LINE
  5
8BC
330
17
100
AcDbEntity
  8
可见轮廓
100
AcDbLine
 10
111.0000000355507
 20
40.88055526495362
 30
0.0
 11
111.0000000355507
 21
40.744723611312374
 31
0.0
  0
LINE
  5
8BD
330
17
100
AcDbEntity
  8
可见轮廓
100
AcDbLine
 10
111.0000000355507
 20
40.744723611312374
 30
0.0
 11
111.0000000355507
 21
40.60753625487088
 31
0.0
  0
LINE
  5
8BE
330
17
100
AcDbEntity
  8
可见轮廓
100
AcDbLine
 10
91.0000000355507
 20
4.102463745129121
 30
0.0
 11
91.0000000355507
 21
3.0524637451291454
 31
0.0
  0
LINE
  5
8BF
330
17
100
AcDbEntity
  8
可见轮廓
100
AcDbLine
 10
91.0000000355507
 20
3.0524637451291454
 30
0.0
 11
91.0000000355507
 21
2.00246374512912
 31
0.0
  0
LINE
  5
8C0
330
17
100
AcDbEntity
  8
可见轮廓
100
AcDbLine
 10
111.0000000355507
 20
2.002463745129127
 30
0.0
 11
101.0000000355507
 21
2.002463745129127
 31
0.0
  0
LINE
  5
8C1
330
17
100
AcDbEntity
  8
可见轮廓
100
AcDbLine
 10
101.0000000355507
 20
2.002463745129127
 30
0.0
 11
91.0000000355507
 21
2.002463745129127
 31
0.0
  0
LINE
  5
8C2
330
17
100
AcDbEntity
  8
可见轮廓
100
AcDbLine
 10
111.0000000355507
 20
2.00246374512912
 30
0.0
 11
111.0000000355507
 21
3.0524637451291454
 31
0.0
  0
LINE
  5
8C3
330
17
100
AcDbEntity
  8
可见轮廓
100
AcDbLine
 10
111.0000000355507
 20
3.0524637451291454
 30
0.0
 11
111.0000000355507
 21
4.102463745129121
 31
0.0
  0
LINE
  5
8C4
330
17
100
AcDbEntity
  8
可见轮廓
100
AcDbLine
 10
111.0000000355507
 20
10.639593953569626
 30
0.0
 11
106.8750000355507
 21
10.639593953569626
 31
0.0
  0
LINE
  5
8C5
330
17
100
AcDbEntity
  8
可见轮廓
100
AcDbLine
 10
106.8750000355507
 20
10.639593953569626
 30
0.0
 11
102.7500000355507
 21
10.639593953569626
 31
0.0
  0
LINE
  5
8C6
330
17
100
AcDbEntity
  8
可见轮廓
100
AcDbLine
 10
111.0000000355507
 20
9.368447639533326
 30
0.0
 11
106.8750000355507
 21
9.368447639533326
 31
0.0
  0
LINE
  5
8C7
330
17
100
AcDbEntity
  8
可见轮廓
100
AcDbLine
 10
106.8750000355507
 20
9.368447639533326
 30
0.0
 11
106.86928131242519
 21
9.368447639533326
 31
0.0
  0
LINE
  5
8C8
330
17
100
AcDbEntity
  8
可见轮廓
100
AcDbLine
 10
106.86928131242519
 20
9.368447639533326
 30
0.0
 11
102.7500000355507
 21
9.368447639533326
 31
0.0
  0
LINE
  5
8C9
330
17
100
AcDbEntity
  8
可见轮廓
100
AcDbLine
 10
111.0000000355507
 20
5.151236054136628
 30
0.0
 11
106.86928131242519
 21
5.151236054136628
 31
0.0
  0
LINE
  5
8CA
330
17
100
AcDbEntity
  8
可见轮廓
100
AcDbLine
 10
106.86928131242519
 20
5.151236054136628
 30
0.0
 11
106.61312540865444
 21
5.151236054136628
 31
0.0
  0
LINE
  5
8CB
330
17
100
AcDbEntity
  8
可见轮廓
100
AcDbLine
 10
106.61312540865444
 20
5.151236054136628
 30
0.0
 11
102.73856258929968
 21
5.151236054136628
 31
0.0
  0
LINE
  5
8CC
330
17
100
AcDbEntity
  8
可见轮廓
100
AcDbLine
 10
99.2500000355507
 20
9.368447639533326
 30
0.0
 11
95.13071875867621
 21
9.368447639533326
 31
0.0
  0
LINE
  5
8CD
330
17
100
AcDbEntity
  8
可见轮廓
100
AcDbLine
 10
95.13071875867621
 20
9.368447639533326
 30
0.0
 11
95.1250000355507
 21
9.368447639533326
 31
0.0
  0
LINE
  5
8CE
330
17
100
AcDbEntity
  8
可见轮廓
100
AcDbLine
 10
95.1250000355507
 20
9.368447639533326
 30
0.0
 11
91.0000000355507
 21
9.368447639533326
 31
0.0
  0
LINE
  5
8CF
330
17
100
AcDbEntity
  8
可见轮廓
100
AcDbLine
 10
99.2500000355507
 20
10.639593953569626
 30
0.0
 11
95.1250000355507
 21
10.639593953569626
 31
0.0
  0
LINE
  5
8D0
330
17
100
AcDbEntity
  8
可见轮廓
100
AcDbLine
 10
95.1250000355507
 20
10.639593953569626
 30
0.0
 11
91.0000000355507
 21
10.639593953569626
 31
0.0
  0
LINE
  5
8D1
330
17
100
AcDbEntity
  8
可见轮廓
100
AcDbLine
 10
99.26143748180169
 20
5.151236054136628
 30
0.0
 11
95.3868746624471
 21
5.151236054136628
 31
0.0
  0
LINE
  5
8D2
330
17
100
AcDbEntity
  8
可见轮廓
100
AcDbLine
 10
95.3868746624471
 20
5.151236054136628
 30
0.0
 11
95.13071875867621
 21
5.151236054136628
 31
0.0
  0
LINE
  5
8D3
330
17
100
AcDbEntity
  8
可见轮廓
100
AcDbLine
 10
95.13071875867621
 20
5.151236054136628
 30
0.0
 11
91.0000000355507
 21
5.151236054136628
 31
0.0
  0
LINE
  5
8D4
330
17
100
AcDbEntity
  8
可见轮廓
100
AcDbLine
 10
111.0000000355507
 20
40.60753625487087
 30
0.0
 11
101.0000000355507
 21
40.60753625487087
 31
0.0
  0
LINE
  5
8D5
330
17
100
AcDbEntity
  8
可见轮廓
100
AcDbLine
 10
101.0000000355507
 20
40.60753625487087
 30
0.0
 11
91.0000000355507
 21
40.60753625487087
 31
0.0
  0
LINE
  5
8D6
330
17
100
AcDbEntity
  8
可见轮廓
100
AcDbLine
 10
111.0000000355507
 20
5.151236054136572
 30
0.0
 11
111.0000000355507
 21
4.102463745129128
 31
0.0
  0
LINE
  5
8D7
330
17
100
AcDbEntity
  8
可见轮廓
100
AcDbLine
 10
102.7500000355507
 20
5.350986515216157
 30
0.0
 11
102.7500000355507
 21
9.368447639533287
 31
0.0
  0
LINE
  5
8D8
330
17
100
AcDbEntity
  8
可见轮廓
100
AcDbLine
 10
111.0000000355507
 20
9.368447639533287
 30
0.0
 11
111.0000000355507
 21
5.151236054136543
 31
0.0
  0
LINE
  5
8D9
330
17
100
AcDbEntity
  8
可见轮廓
100
AcDbLine
 10
111.0000000355507
 20
9.368447639533297
 30
0.0
 11
111.0000000355507
 21
10.639593953569626
 31
0.0
  0
LINE
  5
8DA
330
17
100
AcDbEntity
  8
可见轮廓
100
AcDbLine
 10
102.7500000355507
 20
10.639593953569626
 30
0.0
 11
102.7500000355507
 21
9.368447639533294
 31
0.0
  0
LINE
  5
8DB
330
17
100
AcDbEntity
  8
可见轮廓
100
AcDbLine
 10
102.7500000355507
 20
10.701226195415387
 30
0.0
 11
102.7500000355507
 21
11.907536254870877
 31
0.0
  0
LINE
  5
8DC
330
17
100
AcDbEntity
  8
可见轮廓
100
AcDbLine
 10
111.0000000355507
 20
11.907536254870877
 30
0.0
 11
111.0000000355507
 21
10.701226195415387
 31
0.0
  0
LINE
  5
8DD
330
17
100
AcDbEntity
  8
可见轮廓
100
AcDbLine
 10
91.0000000355507
 20
4.102463745129128
 30
0.0
 11
91.0000000355507
 21
5.151236054136579
 31
0.0
  0
LINE
  5
8DE
330
17
100
AcDbEntity
  8
可见轮廓
100
AcDbLine
 10
99.2500000355507
 20
5.350986515216157
 30
0.0
 11
99.2500000355507
 21
9.368447639533287
 31
0.0
  0
LINE
  5
8DF
330
17
100
AcDbEntity
  8
可见轮廓
100
AcDbLine
 10
91.0000000355507
 20
5.151236054136547
 30
0.0
 11
91.0000000355507
 21
9.368447639533287
 31
0.0
  0
LINE
  5
8E0
330
17
100
AcDbEntity
  8
可见轮廓
100
AcDbLine
 10
91.0000000355507
 20
10.639593953569626
 30
0.0
 11
91.0000000355507
 21
9.368447639533297
 31
0.0
  0
LINE
  5
8E1
330
17
100
AcDbEntity
  8
可见轮廓
100
AcDbLine
 10
99.2500000355507
 20
10.639593953569626
 30
0.0
 11
99.2500000355507
 21
9.368447639533294
 31
0.0
  0
LINE
  5
8E2
330
17
100
AcDbEntity
  8
可见轮廓
100
AcDbLine
 10
99.2500000355507
 20
10.701226195415387
 30
0.0
 11
99.2500000355507
 21
11.907536254870877
 31
0.0
  0
LINE
  5
8E3
330
17
100
AcDbEntity
  8
可见轮廓
100
AcDbLine
 10
91.0000000355507
 20
10.701226195415387
 30
0.0
 11
91.0000000355507
 21
11.907536254870877
 31
0.0
  0
LINE
  5
8E4
330
17
100
AcDbEntity
  8
可见轮廓
100
AcDbLine
 10
91.0000000355507
 20
10.701226195415376
 30
0.0
 11
91.0000000355507
 21
2.8628825722172735
 31
0.0
  0
LINE
  5
8E5
330
17
100
AcDbEntity
  8
可见轮廓
100
AcDbLine
 10
99.2500000355507
 20
10.701226195415376
 30
0.0
 11
99.2500000355507
 21
5.350986515216178
 31
0.0
  0
LINE
  5
8E6
330
17
100
AcDbEntity
  8
可见轮廓
100
AcDbLine
 10
102.7500000355507
 20
10.701226195415376
 30
0.0
 11
102.7500000355507
 21
5.350986515216178
 31
0.0
  0
LINE
  5
8E7
330
17
100
AcDbEntity
  8
可见轮廓
100
AcDbLine
 10
111.0000000355507
 20
2.8628825722172735
 30
0.0
 11
111.0000000355507
 21
10.70122619541538
 31
0.0
  0
LINE
  5
8E8
330
17
100
AcDbEntity
  8
可见轮廓
100
AcDbLine
 10
91.0000000355507
 20
2.8628825722172735
 30
0.0
 11
91.0000000355507
 21
2.00246374512912
 31
0.0
  0
LINE
  5
8E9
330
17
100
AcDbEntity
  8
可见轮廓
100
AcDbLine
 10
111.0000000355507
 20
2.00246374512912
 30
0.0
 11
111.0000000355507
 21
2.8628825722172735
 31
0.0
  0
LINE
  5
8EA
330
17
100
AcDbEntity
  8
可见轮廓
100
AcDbLine
 10
91.0000000355507
 20
42.007536254870885
 30
0.0
 11
91.0000000355507
 21
40.60753625487089
 31
0.0
  0
LINE
  5
8EB
330
17
100
AcDbEntity
  8
可见轮廓
100
AcDbLine
 10
111.0000000355507
 20
40.60753625487089
 30
0.0
 11
111.0000000355507
 21
42.007536254870885
 31
0.0
  0
LINE
  5
8EC
330
17
100
AcDbEntity
  8
可见轮廓
100
AcDbLine
 10
111.0000000355507
 20
39.90753625487089
 30
0.0
 11
111.0000000355507
 21
38.50753625487088
 31
0.0
  0
LINE
  5
8ED
330
17
100
AcDbEntity
  8
可见轮廓
100
AcDbLine
 10
91.0000000355507
 20
38.50753625487088
 30
0.0
 11
91.0000000355507
 21
39.90753625487089
 31
0.0
  0
LINE
  5
8EE
330
17
100
AcDbEntity
  8
可见轮廓
100
AcDbLine
 10
111.0000000355507
 20
4.102463745129128
 30
0.0
 11
102.22625078175815
 21
4.102463745129128
 31
0.0
  0
LINE
  5
8EF
330
17
100
AcDbEntity
  8
可见轮廓
100
AcDbLine
 10
102.22625078175815
 20
4.102463745129128
 30
0.0
 11
102.22625078175815
 21
5.151236054136625
 31
0.0
  0
LINE
  5
8F0
330
17
100
AcDbEntity
  8
可见轮廓
100
AcDbLine
 10
111.0000000355507
 20
5.15123605413654
 30
0.0
 11
102.73856258929968
 21
5.15123605413654
 31
0.0
  0
LINE
  5
8F1
330
17
100
AcDbEntity
  8
可见轮廓
100
AcDbLine
 10
102.73856258929968
 20
5.15123605413654
 30
0.0
 11
102.73856258929968
 21
9.368447639533287
 31
0.0
  0
LINE
  5
8F2
330
17
100
AcDbEntity
  8
可见轮廓
100
AcDbLine
 10
111.0000000355507
 20
10.639593953569626
 30
0.0
 11
102.7500000355507
 21
10.639593953569626
 31
0.0
  0
LINE
  5
8F3
330
17
100
AcDbEntity
  8
可见轮廓
100
AcDbLine
 10
111.0000000355507
 20
9.368447639533294
 30
0.0
 11
102.7500000355507
 21
9.368447639533294
 31
0.0
  0
LINE
  5
8F4
330
17
100
AcDbEntity
  8
可见轮廓
100
AcDbLine
 10
111.0000000355507
 20
9.368447639533287
 30
0.0
 11
110.48366019516001
 21
9.368447639533287
 31
0.0
  0
LINE
  5
8F5
330
17
100
AcDbEntity
  8
可见轮廓
100
AcDbLine
 10
103.25490242969036
 20
9.368447639533287
 30
0.0
 11
102.73856258929968
 21
9.368447639533287
 31
0.0
  0
LINE
  5
8F6
330
17
100
AcDbEntity
  8
可见轮廓
100
AcDbLine
 10
111.0000000355507
 20
10.70122619541538
 30
0.0
 11
102.7500000355507
 21
10.70122619541538
 31
0.0
  0
LINE
  5
8F7
330
17
100
AcDbEntity
  8
可见轮廓
100
AcDbLine
 10
111.0000000355507
 20
11.907536254870877
 30
0.0
 11
110.4843750355507
 21
11.907536254870877
 31
0.0
  0
LINE
  5
8F8
330
17
100
AcDbEntity
  8
可见轮廓
100
AcDbLine
 10
103.2656250355507
 20
11.907536254870877
 30
0.0
 11
102.7500000355507
 21
11.907536254870877
 31
0.0
  0
LINE
  5
8F9
330
17
100
AcDbEntity
  8
可见轮廓
100
AcDbLine
 10
111.0000000355507
 20
5.1512360541366355
 30
0.0
 11
110.45164070718866
 21
5.1512360541366355
 31
0.0
  0
LINE
  5
8FA
330
17
100
AcDbEntity
  8
可见轮廓
100
AcDbLine
 10
102.77461011012022
 20
5.1512360541366355
 30
0.0
 11
102.22625078175818
 21
5.1512360541366355
 31
0.0
  0
LINE
  5
8FB
330
17
100
AcDbEntity
  8
可见轮廓
100
AcDbLine
 10
99.77374928934347
 20
4.102463745129128
 30
0.0
 11
91.0000000355507
 21
4.102463745129128
 31
0.0
  0
LINE
  5
8FC
330
17
100
AcDbEntity
  8
可见轮廓
100
AcDbLine
 10
99.77374928934347
 20
4.102463745129128
 30
0.0
 11
99.77374928934347
 21
5.151236054136625
 31
0.0
  0
LINE
  5
8FD
330
17
100
AcDbEntity
  8
可见轮廓
100
AcDbLine
 10
99.26143748180169
 20
5.151236054136493
 30
0.0
 11
91.0000000355507
 21
5.151236054136493
 31
0.0
  0
LINE
  5
8FE
330
17
100
AcDbEntity
  8
可见轮廓
100
AcDbLine
 10
99.26143748180169
 20
5.151236054136493
 30
0.0
 11
99.26143748180169
 21
9.368447639533287
 31
0.0
  0
LINE
  5
8FF
330
17
100
AcDbEntity
  8
可见轮廓
100
AcDbLine
 10
99.2500000355507
 20
10.639593953569626
 30
0.0
 11
91.0000000355507
 21
10.639593953569626
 31
0.0
  0
LINE
  5
900
330
17
100
AcDbEntity
  8
可见轮廓
100
AcDbLine
 10
99.2500000355507
 20
9.368447639533294
 30
0.0
 11
91.0000000355507
 21
9.368447639533294
 31
0.0
  0
LINE
  5
901
330
17
100
AcDbEntity
  8
可见轮廓
100
AcDbLine
 10
99.26143748180169
 20
9.368447639533287
 30
0.0
 11
98.74509764141101
 21
9.368447639533287
 31
0.0
  0
LINE
  5
902
330
17
100
AcDbEntity
  8
可见轮廓
100
AcDbLine
 10
91.51633987594138
 20
9.368447639533287
 30
0.0
 11
91.0000000355507
 21
9.368447639533287
 31
0.0
  0
LINE
  5
903
330
17
100
AcDbEntity
  8
可见轮廓
100
AcDbLine
 10
99.2500000355507
 20
10.70122619541538
 30
0.0
 11
91.0000000355507
 21
10.70122619541538
 31
0.0
  0
LINE
  5
904
330
17
100
AcDbEntity
  8
可见轮廓
100
AcDbLine
 10
99.2500000355507
 20
11.907536254870877
 30
0.0
 11
98.7343750355507
 21
11.907536254870877
 31
0.0
  0
LINE
  5
905
330
17
100
AcDbEntity
  8
可见轮廓
100
AcDbLine
 10
91.5156250355507
 20
11.907536254870877
 30
0.0
 11
91.0000000355507
 21
11.907536254870877
 31
0.0
  0
LINE
  5
906
330
17
100
AcDbEntity
  8
可见轮廓
100
AcDbLine
 10
99.77374928934347
 20
5.1512360541366355
 30
0.0
 11
99.22538996098143
 21
5.1512360541366355
 31
0.0
  0
LINE
  5
907
330
17
100
AcDbEntity
  8
可见轮廓
100
AcDbLine
 10
91.54835936391274
 20
5.1512360541366355
 30
0.0
 11
91.0000000355507
 21
5.1512360541366355
 31
0.0
  0
LINE
  5
908
330
17
100
AcDbEntity
  8
可见轮廓
100
AcDbLine
 10
111.0000000355507
 20
10.70122619541538
 30
0.0
 11
91.0000000355507
 21
10.70122619541538
 31
0.0
  0
LINE
  5
909
330
17
100
AcDbEntity
  8
可见轮廓
100
AcDbLine
 10
111.0000000355507
 20
2.8628825722172664
 30
0.0
 11
109.7500000355507
 21
2.8628825722172664
 31
0.0
  0
LINE
  5
90A
330
17
100
AcDbEntity
  8
可见轮廓
100
AcDbLine
 10
92.2500000355507
 20
2.8628825722172664
 30
0.0
 11
91.0000000355507
 21
2.8628825722172664
 31
0.0
  0
LINE
  5
90B
330
17
100
AcDbEntity
  8
可见轮廓
100
AcDbLine
 10
111.0000000355507
 20
2.00246374512912
 30
0.0
 11
91.0000000355507
 21
2.00246374512912
 31
0.0
  0
LINE
  5
90C
330
17
100
AcDbEntity
  8
可见轮廓
100
AcDbLine
 10
111.0000000355507
 20
42.007536254870885
 30
0.0
 11
91.0000000355507
 21
42.007536254870885
 31
0.0
  0
LINE
  5
90D
330
17
100
AcDbEntity
  8
可见轮廓
100
AcDbLine
 10
111.0000000355507
 20
40.60753625487087
 30
0.0
 11
91.0000000355507
 21
40.60753625487087
 31
0.0
  0
LINE
  5
90E
330
17
100
AcDbEntity
  8
可见轮廓
100
AcDbLine
 10
111.0000000355507
 20
2.8628825722172735
 30
0.0
 11
91.0000000355507
 21
2.8628825722172735
 31
0.0
  0
LINE
  5
90F
330
17
100
AcDbEntity
  8
可见轮廓
100
AcDbLine
 10
111.0000000355507
 20
38.50753625487088
 30
0.0
 11
91.0000000355507
 21
38.50753625487088
 31
0.0
  0
LINE
  5
910
330
17
100
AcDbEntity
  8
可见轮廓
100
AcDbLine
 10
111.0000000355507
 20
39.90753625487089
 30
0.0
 11
109.7500000355507
 21
39.90753625487089
 31
0.0
  0
LINE
  5
911
330
17
100
AcDbEntity
  8
可见轮廓
100
AcDbLine
 10
92.2500000355507
 20
39.90753625487089
 30
0.0
 11
91.0000000355507
 21
39.90753625487089
 31
0.0
  0
LINE
  5
912
330
17
100
AcDbEntity
  8
可见轮廓
100
AcDbLine
 10
108.0000000672554
 20
42.007536254870885
 30
0.0
 11
108.0000000672554
 21
41.87628625487089
 31
0.0
  0
LINE
  5
913
330
17
100
AcDbEntity
  8
可见轮廓
100
AcDbLine
 10
108.0000000672554
 20
40.038786254870885
 30
0.0
 11
108.0000000672554
 21
39.90753625487089
 31
0.0
  0
LINE
  5
914
330
17
100
AcDbEntity
  8
可见轮廓
100
AcDbLine
 10
104.5000000672554
 20
42.007536254870885
 30
0.0
 11
104.5000000672554
 21
41.87628625487089
 31
0.0
  0
LINE
  5
915
330
17
100
AcDbEntity
  8
可见轮廓
100
AcDbLine
 10
104.5000000672554
 20
40.038786254870885
 30
0.0
 11
104.5000000672554
 21
39.90753625487089
 31
0.0
  0
LINE
  5
916
330
17
100
AcDbEntity
  8
可见轮廓
100
AcDbLine
 10
94.0000000672554
 20
42.007536254870885
 30
0.0
 11
94.0000000672554
 21
41.87628625487089
 31
0.0
  0
LINE
  5
917
330
17
100
AcDbEntity
  8
可见轮廓
100
AcDbLine
 10
94.0000000672554
 20
40.038786254870885
 30
0.0
 11
94.0000000672554
 21
39.90753625487089
 31
0.0
  0
LINE
  5
918
330
17
100
AcDbEntity
  8
可见轮廓
100
AcDbLine
 10
97.5000000672554
 20
42.007536254870885
 30
0.0
 11
97.5000000672554
 21
41.87628625487089
 31
0.0
  0
LINE
  5
919
330
17
100
AcDbEntity
  8
可见轮廓
100
AcDbLine
 10
102.73856258929968
 20
5.151236054136628
 30
0.0
 11
102.70845228307493
 21
4.972932417304769
 31
0.0
  0
LINE
  5
91A
330
17
100
AcDbEntity
  8
可见轮廓
100
AcDbLine
 10
102.70845228307493
 20
4.972932417304769
 30
0.0
 11
102.65635069212831
 21
4.78618345002004
 31
0.0
  0
LINE
  5
91B
330
17
100
AcDbEntity
  8
可见轮廓
100
AcDbLine
 10
102.65635069212831
 20
4.78618345002004
 30
0.0
 11
102.5837260545888
 21
4.606821882637121
 31
0.0
  0
LINE
  5
91C
330
17
100
AcDbEntity
  8
可见轮廓
100
AcDbLine
 10
102.5837260545888
 20
4.606821882637121
 30
0.0
 11
102.49782666466558
 21
4.445991825113232
 31
0.0
  0
LINE
  5
91D
330
17
100
AcDbEntity
  8
可见轮廓
100
AcDbLine
 10
102.49782666466558
 20
4.445991825113232
 30
0.0
 11
102.40645845832319
 21
4.309805977215504
 31
0.0
  0
LINE
  5
91E
330
17
100
AcDbEntity
  8
可见轮廓
100
AcDbLine
 10
102.7500000355507
 20
5.350986515216178
 30
0.0
 11
102.7200192311075
 21
5.0275921946482995
 31
0.0
  0
LINE
  5
91F
330
17
100
AcDbEntity
  8
可见轮廓
100
AcDbLine
 10
102.7200192311075
 20
5.0275921946482995
 30
0.0
 11
102.62861285312871
 21
4.710580167323911
 31
0.0
  0
LINE
  5
920
330
17
100
AcDbEntity
  8
可见轮廓
100
AcDbLine
 10
102.62861285312871
 20
4.710580167323911
 30
0.0
 11
102.47653828414303
 21
4.411659734780393
 31
0.0
  0
LINE
  5
921
330
17
100
AcDbEntity
  8
可见轮廓
100
AcDbLine
 10
102.47653828414303
 20
4.411659734780393
 30
0.0
 11
102.26487691930171
 21
4.141612102987736
 31
0.0
  0
LINE
  5
922
330
17
100
AcDbEntity
  8
可见轮廓
100
AcDbLine
 10
102.26487691930171
 20
4.141612102987736
 30
0.0
 11
102.00157892269647
 21
3.9159465391793233
 31
0.0
  0
LINE
  5
923
330
17
100
AcDbEntity
  8
可见轮廓
100
AcDbLine
 10
102.00157892269647
 20
3.9159465391793233
 30
0.0
 11
101.69297245916033
 21
3.744036229701237
 31
0.0
  0
LINE
  5
924
330
17
100
AcDbEntity
  8
可见轮廓
100
AcDbLine
 10
101.69297245916033
 20
3.744036229701237
 30
0.0
 11
101.35524397265044
 21
3.6374224676375206
 31
0.0
  0
LINE
  5
925
330
17
100
AcDbEntity
  8
可见轮廓
100
AcDbLine
 10
101.35524397265044
 20
3.6374224676375206
 30
0.0
 11
101.0000000355507
 21
3.600986515216178
 31
0.0
  0
LINE
  5
926
330
17
100
AcDbEntity
  8
可见轮廓
100
AcDbLine
 10
99.5931491646165
 20
4.310339154546661
 30
0.0
 11
99.50175930609748
 21
4.446677543344357
 31
0.0
  0
LINE
  5
927
330
17
100
AcDbEntity
  8
可见轮廓
100
AcDbLine
 10
99.50175930609748
 20
4.446677543344357
 30
0.0
 11
99.41605605641337
 21
4.607325863529617
 31
0.0
  0
LINE
  5
928
330
17
100
AcDbEntity
  8
可见轮廓
100
AcDbLine
 10
99.41605605641337
 20
4.607325863529617
 30
0.0
 11
99.34386820902262
 21
4.785542111971353
 31
0.0
  0
LINE
  5
929
330
17
100
AcDbEntity
  8
可见轮廓
100
AcDbLine
 10
99.34386820902262
 20
4.785542111971353
 30
0.0
 11
99.29180088724087
 21
4.972142368731525
 31
0.0
  0
LINE
  5
92A
330
17
100
AcDbEntity
  8
可见轮廓
100
AcDbLine
 10
99.29180088724087
 20
4.972142368731525
 30
0.0
 11
99.26143748180169
 21
5.151236054136579
 31
0.0
  0
LINE
  5
92B
330
17
100
AcDbEntity
  8
可见轮廓
100
AcDbLine
 10
101.0000000355507
 20
3.600986515216178
 30
0.0
 11
100.64545272355303
 21
3.6372781959402474
 31
0.0
  0
LINE
  5
92C
330
17
100
AcDbEntity
  8
可见轮廓
100
AcDbLine
 10
100.64545272355303
 20
3.6372781959402474
 30
0.0
 11
100.30811549944232
 21
3.7435675316608297
 31
0.0
  0
LINE
  5
92D
330
17
100
AcDbEntity
  8
可见轮廓
100
AcDbLine
 10
100.30811549944232
 20
3.7435675316608297
 30
0.0
 11
99.9998843117429
 21
3.9149264402219757
 31
0.0
  0
LINE
  5
92E
330
17
100
AcDbEntity
  8
可见轮廓
100
AcDbLine
 10
99.9998843117429
 20
3.9149264402219757
 30
0.0
 11
99.73576160901194
 21
4.140944697400471
 31
0.0
  0
LINE
  5
92F
330
17
100
AcDbEntity
  8
可见轮廓
100
AcDbLine
 10
99.73576160901194
 20
4.140944697400471
 30
0.0
 11
99.524527784198
 21
4.40998617754984
 31
0.0
  0
LINE
  5
930
330
17
100
AcDbEntity
  8
可见轮廓
100
AcDbLine
 10
99.524527784198
 20
4.40998617754984
 30
0.0
 11
99.37152227692275
 21
4.710236806160765
 31
0.0
  0
LINE
  5
931
330
17
100
AcDbEntity
  8
可见轮廓
100
AcDbLine
 10
99.37152227692275
 20
4.710236806160765
 30
0.0
 11
99.28025018803794
 21
5.026990982832189
 31
0.0
  0
LINE
  5
932
330
17
100
AcDbEntity
  8
可见轮廓
100
AcDbLine
 10
99.28025018803794
 20
5.026990982832189
 30
0.0
 11
99.2500000355507
 21
5.350986515216178
 31
0.0
  0
ARC
  5
933
330
17
100
AcDbEntity
  8
可见轮廓
100
AcDbCircle
 10
100.99972861754168
 20
5.350092832952228
 30
0.0
 40
1.75
100
AcDbArc
 50
-90.0
 51
-45.51562638406216
  0
ARC
  5
934
330
17
100
AcDbEntity
  8
可见轮廓
100
AcDbCircle
 10
100.99972861754168
 20
5.350092832952228
 30
0.0
 40
1.75
100
AcDbArc
 50
-134.4843736159324
 51
-90.0
  0
ARC
  5
935
330
17
100
AcDbEntity
  8
可见轮廓
100
AcDbCircle
 10
100.99972861754168
 20
21.710092832952228
 30
0.0
 40
4.13
100
AcDbArc
 50
180.0
 51
-147.5351139746713
  0
ARC
  5
936
330
17
100
AcDbEntity
  8
可见轮廓
100
AcDbCircle
 10
100.99972861754168
 20
21.710092832952228
 30
0.0
 40
4.13
100
AcDbArc
 50
-147.5351139746713
 51
-115.07022794934234
  0
ARC
  5
937
330
17
100
AcDbEntity
  8
可见轮廓
100
AcDbCircle
 10
100.99972861754168
 20
21.710092832952228
 30
0.0
 40
4.13
100
AcDbArc
 50
-64.92977205065768
 51
-32.46488602532866
  0
ARC
  5
938
330
17
100
AcDbEntity
  8
可见轮廓
100
AcDbCircle
 10
100.99972861754168
 20
21.710092832952228
 30
0.0
 40
4.13
100
AcDbArc
 50
-32.46488602532866
 51
0.0
  0
ARC
  5
939
330
17
100
AcDbEntity
  8
可见轮廓
100
AcDbCircle
 10
100.99972861754168
 20
21.710092832952228
 30
0.0
 40
4.13
100
AcDbArc
 50
180.0
 51
-147.53511397467136
  0
CIRCLE
  5
93A
330
17
100
AcDbEntity
  8
可见轮廓
100
AcDbCircle
 10
100.99972861754168
 20
28.710092832952228
 30
0.0
 40
4.13
  0
LINE
  5
93B
330
17
100
AcDbEntity
  8
隐藏线
100
AcDbLine
 10
102.34571839857799
 20
4.2322995912363695
 30
0.0
 11
102.31728605572084
 21
4.198919437186923
 31
0.0
  0
LINE
  5
93C
330
17
100
AcDbEntity
  8
隐藏线
100
AcDbLine
 10
102.29117886478775
 20
4.16968634414031
 30
0.0
 11
102.26835214554958
 21
4.145126045806563
 31
0.0
  0
LINE
  5
93D
330
17
100
AcDbEntity
  8
隐藏线
100
AcDbLine
 10
102.26835214554958
 20
4.145126045806563
 30
0.0
 11
102.26361037006725
 21
4.140140634946434
 31
0.0
  0
LINE
  5
93E
330
17
100
AcDbEntity
  8
隐藏线
100
AcDbLine
 10
102.25082191263047
 20
4.126901842244479
 30
0.0
 11
102.24707299185857
 21
4.123080539626741
 31
0.0
  0
LINE
  5
93F
330
17
100
AcDbEntity
  8
隐藏线
100
AcDbLine
 10
102.73867540177113
 20
5.151236054136625
 30
0.0
 11
102.72040947215041
 21
5.0296750324589325
 31
0.0
  0
LINE
  5
940
330
17
100
AcDbEntity
  8
隐藏线
100
AcDbLine
 10
102.55938422692319
 20
4.556706683615516
 30
0.0
 11
102.49773814562329
 21
4.445839510022012
 31
0.0
  0
LINE
  5
941
330
17
100
AcDbEntity
  8
隐藏线
100
AcDbLine
 10
102.49773814562329
 20
4.445839510022012
 30
0.0
 11
102.42755749783404
 21
4.338804277559561
 31
0.0
  0
LINE
  5
942
330
17
100
AcDbEntity
  8
隐藏线
100
AcDbLine
 10
101.69297038873742
 20
3.7440353368649895
 30
0.0
 11
101.65215540412828
 21
3.7270380140004207
 31
0.0
  0
LINE
  5
943
330
17
100
AcDbEntity
  8
隐藏线
100
AcDbLine
 10
101.65215540412828
 20
3.7270380140004207
 30
0.0
 11
101.610942845366
 21
3.7110797636939665
 31
0.0
  0
LINE
  5
944
330
17
100
AcDbEntity
  8
隐藏线
100
AcDbLine
 10
101.610942845366
 20
3.7110797636939665
 30
0.0
 11
101.56933130073867
 21
3.6961654204079863
 31
0.0
  0
LINE
  5
945
330
17
100
AcDbEntity
  8
隐藏线
100
AcDbLine
 10
101.56933130073867
 20
3.6961654204079863
 30
0.0
 11
101.52731935853441
 21
3.6822998186048466
 31
0.0
  0
LINE
  5
946
330
17
100
AcDbEntity
  8
隐藏线
100
AcDbLine
 10
101.52731935853441
 20
3.6822998186048466
 30
0.0
 11
101.48490560704127
 21
3.6694877927469065
 31
0.0
  0
LINE
  5
947
330
17
100
AcDbEntity
  8
隐藏线
100
AcDbLine
 10
101.48490560704127
 20
3.6694877927469065
 30
0.0
 11
101.44208863454733
 21
3.6577341772965326
 31
0.0
  0
LINE
  5
948
330
17
100
AcDbEntity
  8
隐藏线
100
AcDbLine
 10
101.44208863454733
 20
3.6577341772965326
 30
0.0
 11
101.39886702934069
 21
3.6470438067160913
 31
0.0
  0
LINE
  5
949
330
17
100
AcDbEntity
  8
隐藏线
100
AcDbLine
 10
101.39886702934069
 20
3.6470438067160913
 30
0.0
 11
101.35523937971018
 21
3.6374215154682332
 31
0.0
  0
LINE
  5
94A
330
17
100
AcDbEntity
  8
隐藏线
100
AcDbLine
 10
102.7500000355507
 20
5.350986515216178
 30
0.0
 11
102.74212189073882
 21
5.184178771618516
 31
0.0
  0
LINE
  5
94B
330
17
100
AcDbEntity
  8
隐藏线
100
AcDbLine
 10
102.67820138930642
 20
4.85457789787727
 30
0.0
 11
102.62157089105833
 21
4.692951064483999
 31
0.0
  0
LINE
  5
94C
330
17
100
AcDbEntity
  8
隐藏线
100
AcDbLine
 10
102.62157089105833
 20
4.692951064483999
 30
0.0
 11
102.54900199053773
 21
4.5366461955116435
 31
0.0
  0
LINE
  5
94D
330
17
100
AcDbEntity
  8
隐藏线
100
AcDbLine
 10
102.46091404075506
 20
4.38754513797744
 30
0.0
 11
102.35673516555056
 21
4.2456969023256335
 31
0.0
  0
LINE
  5
94E
330
17
100
AcDbEntity
  8
隐藏线
100
AcDbLine
 10
102.35673516555056
 20
4.2456969023256335
 30
0.0
 11
102.23743613837314
 21
4.1135443635109965
 31
0.0
  0
LINE
  5
94F
330
17
100
AcDbEntity
  8
隐藏线
100
AcDbLine
 10
102.23743613837314
 20
4.1135443635109965
 30
0.0
 11
102.11278910807212
 21
4.000332942201048
 31
0.0
  0
LINE
  5
950
330
17
100
AcDbEntity
  8
隐藏线
100
AcDbLine
 10
102.11278910807212
 20
4.000332942201048
 30
0.0
 11
101.97705633888049
 21
3.899146084784938
 31
0.0
  0
LINE
  5
951
330
17
100
AcDbEntity
  8
隐藏线
100
AcDbLine
 10
101.97705633888049
 20
3.899146084784938
 30
0.0
 11
101.83003803951226
 21
3.8104236322389866
 31
0.0
  0
LINE
  5
952
330
17
100
AcDbEntity
  8
隐藏线
100
AcDbLine
 10
101.83003803951226
 20
3.8104236322389866
 30
0.0
 11
101.67455268916288
 21
3.7362164488063883
 31
0.0
  0
LINE
  5
953
330
17
100
AcDbEntity
  8
隐藏线
100
AcDbLine
 10
101.67455268916288
 20
3.7362164488063883
 30
0.0
 11
101.5129734812354
 21
3.677834363365939
 31
0.0
  0
LINE
  5
954
330
17
100
AcDbEntity
  8
隐藏线
100
AcDbLine
 10
101.5129734812354
 20
3.677834363365939
 30
0.0
 11
101.34532030438345
 21
3.635395434543895
 31
0.0
  0
LINE
  5
955
330
17
100
AcDbEntity
  8
隐藏线
100
AcDbLine
 10
101.34532030438345
 20
3.635395434543895
 30
0.0
 11
101.17323137409906
 21
3.609609202986867
 31
0.0
  0
LINE
  5
956
330
17
100
AcDbEntity
  8
隐藏线
100
AcDbLine
 10
101.17323137409906
 20
3.609609202986867
 30
0.0
 11
101.0000000355507
 21
3.600986515216178
 31
0.0
  0
LINE
  5
957
330
17
100
AcDbEntity
  8
隐藏线
100
AcDbLine
 10
102.7500000355507
 20
10.701226195415387
 30
0.0
 11
102.7500000355507
 21
10.750000586047161
 31
0.0
  0
LINE
  5
958
330
17
100
AcDbEntity
  8
隐藏线
100
AcDbLine
 10
102.7500000355507
 20
10.750000586047161
 30
0.0
 11
102.7500000355507
 21
10.803540519624029
 31
0.0
  0
LINE
  5
959
330
17
100
AcDbEntity
  8
隐藏线
100
AcDbLine
 10
102.7500000355507
 20
10.803540519624029
 30
0.0
 11
102.7500000355507
 21
10.86163501195055
 31
0.0
  0
LINE
  5
95A
330
17
100
AcDbEntity
  8
隐藏线
100
AcDbLine
 10
102.7500000355507
 20
10.86163501195055
 30
0.0
 11
102.7500000355507
 21
10.92405637475455
 31
0.0
  0
LINE
  5
95B
330
17
100
AcDbEntity
  8
隐藏线
100
AcDbLine
 10
102.7500000355507
 20
10.92405637475455
 30
0.0
 11
102.7500000355507
 21
10.990872831835695
 31
0.0
  0
LINE
  5
95C
330
17
100
AcDbEntity
  8
隐藏线
100
AcDbLine
 10
102.7500000355507
 20
10.990872831835695
 30
0.0
 11
102.7500000355507
 21
11.06145762830738
 31
0.0
  0
LINE
  5
95D
330
17
100
AcDbEntity
  8
隐藏线
100
AcDbLine
 10
102.7500000355507
 20
11.06145762830738
 30
0.0
 11
102.7500000355507
 21
11.135532940809593
 31
0.0
  0
LINE
  5
95E
330
17
100
AcDbEntity
  8
隐藏线
100
AcDbLine
 10
102.7500000355507
 20
11.135532940809593
 30
0.0
 11
102.7500000355507
 21
11.21280814433657
 31
0.0
  0
LINE
  5
95F
330
17
100
AcDbEntity
  8
隐藏线
100
AcDbLine
 10
102.7500000355507
 20
11.21280814433657
 30
0.0
 11
102.7500000355507
 21
11.265213219036681
 31
0.0
  0
LINE
  5
960
330
17
100
AcDbEntity
  8
隐藏线
100
AcDbLine
 10
102.7500000355507
 20
11.265213219036681
 30
0.0
 11
102.7500000355507
 21
11.318754489075026
 31
0.0
  0
LINE
  5
961
330
17
100
AcDbEntity
  8
隐藏线
100
AcDbLine
 10
102.7500000355507
 20
11.318754489075026
 30
0.0
 11
102.7500000355507
 21
11.373341337991846
 31
0.0
  0
LINE
  5
962
330
17
100
AcDbEntity
  8
隐藏线
100
AcDbLine
 10
102.7500000355507
 20
11.373341337991846
 30
0.0
 11
102.7500000355507
 21
11.428881498779393
 31
0.0
  0
LINE
  5
963
330
17
100
AcDbEntity
  8
隐藏线
100
AcDbLine
 10
102.7500000355507
 20
11.428881498779393
 30
0.0
 11
102.7500000355507
 21
11.485342470467334
 31
0.0
  0
LINE
  5
964
330
17
100
AcDbEntity
  8
隐藏线
100
AcDbLine
 10
102.7500000355507
 20
11.485342470467334
 30
0.0
 11
102.7500000355507
 21
11.542548392429943
 31
0.0
  0
LINE
  5
965
330
17
100
AcDbEntity
  8
隐藏线
100
AcDbLine
 10
102.7500000355507
 20
11.542548392429943
 30
0.0
 11
102.7500000355507
 21
11.600402472372362
 31
0.0
  0
LINE
  5
966
330
17
100
AcDbEntity
  8
隐藏线
100
AcDbLine
 10
102.7500000355507
 20
11.600402472372362
 30
0.0
 11
102.7500000355507
 21
11.658806894819307
 31
0.0
  0
LINE
  5
967
330
17
100
AcDbEntity
  8
隐藏线
100
AcDbLine
 10
102.7500000355507
 20
11.658806894819307
 30
0.0
 11
102.7500000355507
 21
11.68962953784363
 31
0.0
  0
LINE
  5
968
330
17
100
AcDbEntity
  8
隐藏线
100
AcDbLine
 10
102.7500000355507
 20
11.720557862817792
 30
0.0
 11
102.7500000355507
 21
11.751577485570401
 31
0.0
  0
LINE
  5
969
330
17
100
AcDbEntity
  8
隐藏线
100
AcDbLine
 10
102.7500000355507
 20
11.751577485570401
 30
0.0
 11
102.7500000355507
 21
11.782673982303876
 31
0.0
  0
LINE
  5
96A
330
17
100
AcDbEntity
  8
隐藏线
100
AcDbLine
 10
102.7500000355507
 20
11.845044097889115
 30
0.0
 11
102.7500000355507
 21
11.876282182716114
 31
0.0
  0
LINE
  5
96B
330
17
100
AcDbEntity
  8
隐藏线
100
AcDbLine
 10
102.7500000355507
 20
11.876282182716114
 30
0.0
 11
102.7500000355507
 21
11.907536254870877
 31
0.0
  0
LINE
  5
96C
330
17
100
AcDbEntity
  8
隐藏线
100
AcDbLine
 10
111.0000000355507
 20
11.907536254870877
 30
0.0
 11
111.0000000355507
 21
11.816740838236438
 31
0.0
  0
LINE
  5
96D
330
17
100
AcDbEntity
  8
隐藏线
100
AcDbLine
 10
111.0000000355507
 20
11.816740838236438
 30
0.0
 11
111.0000000355507
 21
11.726337814964769
 31
0.0
  0
LINE
  5
96E
330
17
100
AcDbEntity
  8
隐藏线
100
AcDbLine
 10
111.0000000355507
 20
11.726337814964769
 30
0.0
 11
111.0000000355507
 21
11.636682329852487
 31
0.0
  0
LINE
  5
96F
330
17
100
AcDbEntity
  8
隐藏线
100
AcDbLine
 10
111.0000000355507
 20
11.636682329852487
 30
0.0
 11
111.0000000355507
 21
11.548126786061847
 31
0.0
  0
LINE
  5
970
330
17
100
AcDbEntity
  8
隐藏线
100
AcDbLine
 10
111.0000000355507
 20
11.548126786061847
 30
0.0
 11
111.0000000355507
 21
11.46117741493569
 31
0.0
  0
LINE
  5
971
330
17
100
AcDbEntity
  8
隐藏线
100
AcDbLine
 10
111.0000000355507
 20
11.46117741493569
 30
0.0
 11
111.0000000355507
 21
11.376086470154977
 31
0.0
  0
LINE
  5
972
330
17
100
AcDbEntity
  8
隐藏线
100
AcDbLine
 10
111.0000000355507
 20
11.376086470154977
 30
0.0
 11
111.0000000355507
 21
11.293188033179959
 31
0.0
  0
LINE
  5
973
330
17
100
AcDbEntity
  8
隐藏线
100
AcDbLine
 10
111.0000000355507
 20
11.293188033179959
 30
0.0
 11
111.0000000355507
 21
11.21280814433657
 31
0.0
  0
LINE
  5
974
330
17
100
AcDbEntity
  8
隐藏线
100
AcDbLine
 10
111.0000000355507
 20
11.21280814433657
 30
0.0
 11
111.0000000355507
 21
11.135532940809593
 31
0.0
  0
LINE
  5
975
330
17
100
AcDbEntity
  8
隐藏线
100
AcDbLine
 10
111.0000000355507
 20
11.135532940809593
 30
0.0
 11
111.0000000355507
 21
11.06145762830738
 31
0.0
  0
LINE
  5
976
330
17
100
AcDbEntity
  8
隐藏线
100
AcDbLine
 10
111.0000000355507
 20
11.06145762830738
 30
0.0
 11
111.0000000355507
 21
10.990872831835695
 31
0.0
  0
LINE
  5
977
330
17
100
AcDbEntity
  8
隐藏线
100
AcDbLine
 10
111.0000000355507
 20
10.990872831835695
 30
0.0
 11
111.0000000355507
 21
10.92405637475455
 31
0.0
  0
LINE
  5
978
330
17
100
AcDbEntity
  8
隐藏线
100
AcDbLine
 10
111.0000000355507
 20
10.92405637475455
 30
0.0
 11
111.0000000355507
 21
10.86163501195055
 31
0.0
  0
LINE
  5
979
330
17
100
AcDbEntity
  8
隐藏线
100
AcDbLine
 10
111.0000000355507
 20
10.86163501195055
 30
0.0
 11
111.0000000355507
 21
10.803540519624029
 31
0.0
  0
LINE
  5
97A
330
17
100
AcDbEntity
  8
隐藏线
100
AcDbLine
 10
111.0000000355507
 20
10.803540519624029
 30
0.0
 11
111.0000000355507
 21
10.750000586047161
 31
0.0
  0
LINE
  5
97B
330
17
100
AcDbEntity
  8
隐藏线
100
AcDbLine
 10
111.0000000355507
 20
10.750000586047161
 30
0.0
 11
111.0000000355507
 21
10.701226195415387
 31
0.0
  0
LINE
  5
97C
330
17
100
AcDbEntity
  8
隐藏线
100
AcDbLine
 10
99.2500000355507
 20
10.701226195415387
 30
0.0
 11
99.2500000355507
 21
10.750000586047161
 31
0.0
  0
LINE
  5
97D
330
17
100
AcDbEntity
  8
隐藏线
100
AcDbLine
 10
99.2500000355507
 20
10.750000586047161
 30
0.0
 11
99.2500000355507
 21
10.803540519624029
 31
0.0
  0
LINE
  5
97E
330
17
100
AcDbEntity
  8
隐藏线
100
AcDbLine
 10
99.2500000355507
 20
10.803540519624029
 30
0.0
 11
99.2500000355507
 21
10.86163501195055
 31
0.0
  0
LINE
  5
97F
330
17
100
AcDbEntity
  8
隐藏线
100
AcDbLine
 10
99.2500000355507
 20
10.86163501195055
 30
0.0
 11
99.2500000355507
 21
10.92405637475455
 31
0.0
  0
LINE
  5
980
330
17
100
AcDbEntity
  8
隐藏线
100
AcDbLine
 10
99.2500000355507
 20
10.92405637475455
 30
0.0
 11
99.2500000355507
 21
10.990872831835695
 31
0.0
  0
LINE
  5
981
330
17
100
AcDbEntity
  8
隐藏线
100
AcDbLine
 10
99.2500000355507
 20
10.990872831835695
 30
0.0
 11
99.2500000355507
 21
11.06145762830738
 31
0.0
  0
LINE
  5
982
330
17
100
AcDbEntity
  8
隐藏线
100
AcDbLine
 10
99.2500000355507
 20
11.06145762830738
 30
0.0
 11
99.2500000355507
 21
11.135532940809593
 31
0.0
  0
LINE
  5
983
330
17
100
AcDbEntity
  8
隐藏线
100
AcDbLine
 10
99.2500000355507
 20
11.135532940809593
 30
0.0
 11
99.2500000355507
 21
11.21280814433657
 31
0.0
  0
LINE
  5
984
330
17
100
AcDbEntity
  8
隐藏线
100
AcDbLine
 10
99.2500000355507
 20
11.21280814433657
 30
0.0
 11
99.2500000355507
 21
11.265213219036681
 31
0.0
  0
LINE
  5
985
330
17
100
AcDbEntity
  8
隐藏线
100
AcDbLine
 10
99.2500000355507
 20
11.265213219036681
 30
0.0
 11
99.2500000355507
 21
11.318754489075026
 31
0.0
  0
LINE
  5
986
330
17
100
AcDbEntity
  8
隐藏线
100
AcDbLine
 10
99.2500000355507
 20
11.318754489075026
 30
0.0
 11
99.2500000355507
 21
11.373341337991846
 31
0.0
  0
LINE
  5
987
330
17
100
AcDbEntity
  8
隐藏线
100
AcDbLine
 10
99.2500000355507
 20
11.373341337991846
 30
0.0
 11
99.2500000355507
 21
11.428881498779393
 31
0.0
  0
LINE
  5
988
330
17
100
AcDbEntity
  8
隐藏线
100
AcDbLine
 10
99.2500000355507
 20
11.428881498779393
 30
0.0
 11
99.2500000355507
 21
11.485342470467334
 31
0.0
  0
LINE
  5
989
330
17
100
AcDbEntity
  8
隐藏线
100
AcDbLine
 10
99.2500000355507
 20
11.485342470467334
 30
0.0
 11
99.2500000355507
 21
11.542548392429943
 31
0.0
  0
LINE
  5
98A
330
17
100
AcDbEntity
  8
隐藏线
100
AcDbLine
 10
99.2500000355507
 20
11.542548392429943
 30
0.0
 11
99.2500000355507
 21
11.600402472372362
 31
0.0
  0
LINE
  5
98B
330
17
100
AcDbEntity
  8
隐藏线
100
AcDbLine
 10
99.2500000355507
 20
11.600402472372362
 30
0.0
 11
99.2500000355507
 21
11.658806894819307
 31
0.0
  0
LINE
  5
98C
330
17
100
AcDbEntity
  8
隐藏线
100
AcDbLine
 10
99.2500000355507
 20
11.658806894819307
 30
0.0
 11
99.2500000355507
 21
11.68962953784363
 31
0.0
  0
LINE
  5
98D
330
17
100
AcDbEntity
  8
隐藏线
100
AcDbLine
 10
99.2500000355507
 20
11.720557862817792
 30
0.0
 11
99.2500000355507
 21
11.751577485570401
 31
0.0
  0
LINE
  5
98E
330
17
100
AcDbEntity
  8
隐藏线
100
AcDbLine
 10
99.2500000355507
 20
11.751577485570401
 30
0.0
 11
99.2500000355507
 21
11.782673982303876
 31
0.0
  0
LINE
  5
98F
330
17
100
AcDbEntity
  8
隐藏线
100
AcDbLine
 10
99.2500000355507
 20
11.845044097889115
 30
0.0
 11
99.2500000355507
 21
11.876282182716114
 31
0.0
  0
LINE
  5
990
330
17
100
AcDbEntity
  8
隐藏线
100
AcDbLine
 10
99.2500000355507
 20
11.876282182716114
 30
0.0
 11
99.2500000355507
 21
11.907536254870877
 31
0.0
  0
LINE
  5
991
330
17
100
AcDbEntity
  8
隐藏线
100
AcDbLine
 10
91.0000000355507
 20
10.701226195415387
 30
0.0
 11
91.0000000355507
 21
10.750000586047161
 31
0.0
  0
LINE
  5
992
330
17
100
AcDbEntity
  8
隐藏线
100
AcDbLine
 10
91.0000000355507
 20
10.750000586047161
 30
0.0
 11
91.0000000355507
 21
10.803540519624029
 31
0.0
  0
LINE
  5
993
330
17
100
AcDbEntity
  8
隐藏线
100
AcDbLine
 10
91.0000000355507
 20
10.803540519624029
 30
0.0
 11
91.0000000355507
 21
10.86163501195055
 31
0.0
  0
LINE
  5
994
330
17
100
AcDbEntity
  8
隐藏线
100
AcDbLine
 10
91.0000000355507
 20
10.86163501195055
 30
0.0
 11
91.0000000355507
 21
10.92405637475455
 31
0.0
  0
LINE
  5
995
330
17
100
AcDbEntity
  8
隐藏线
100
AcDbLine
 10
91.0000000355507
 20
10.92405637475455
 30
0.0
 11
91.0000000355507
 21
10.990872831835695
 31
0.0
  0
LINE
  5
996
330
17
100
AcDbEntity
  8
隐藏线
100
AcDbLine
 10
91.0000000355507
 20
10.990872831835695
 30
0.0
 11
91.0000000355507
 21
11.06145762830738
 31
0.0
  0
LINE
  5
997
330
17
100
AcDbEntity
  8
隐藏线
100
AcDbLine
 10
91.0000000355507
 20
11.06145762830738
 30
0.0
 11
91.0000000355507
 21
11.135532940809593
 31
0.0
  0
LINE
  5
998
330
17
100
AcDbEntity
  8
隐藏线
100
AcDbLine
 10
91.0000000355507
 20
11.135532940809593
 30
0.0
 11
91.0000000355507
 21
11.21280814433657
 31
0.0
  0
LINE
  5
999
330
17
100
AcDbEntity
  8
隐藏线
100
AcDbLine
 10
91.0000000355507
 20
11.21280814433657
 30
0.0
 11
91.0000000355507
 21
11.293188033179959
 31
0.0
  0
LINE
  5
99A
330
17
100
AcDbEntity
  8
隐藏线
100
AcDbLine
 10
91.0000000355507
 20
11.293188033179959
 30
0.0
 11
91.0000000355507
 21
11.37608647015498
 31
0.0
  0
LINE
  5
99B
330
17
100
AcDbEntity
  8
隐藏线
100
AcDbLine
 10
91.0000000355507
 20
11.37608647015498
 30
0.0
 11
91.0000000355507
 21
11.46117741493569
 31
0.0
  0
LINE
  5
99C
330
17
100
AcDbEntity
  8
隐藏线
100
AcDbLine
 10
91.0000000355507
 20
11.46117741493569
 30
0.0
 11
91.0000000355507
 21
11.548126786061847
 31
0.0
  0
LINE
  5
99D
330
17
100
AcDbEntity
  8
隐藏线
100
AcDbLine
 10
91.0000000355507
 20
11.548126786061847
 30
0.0
 11
91.0000000355507
 21
11.636682329852487
 31
0.0
  0
LINE
  5
99E
330
17
100
AcDbEntity
  8
隐藏线
100
AcDbLine
 10
91.0000000355507
 20
11.636682329852487
 30
0.0
 11
91.0000000355507
 21
11.726337814964769
 31
0.0
  0
LINE
  5
99F
330
17
100
AcDbEntity
  8
隐藏线
100
AcDbLine
 10
91.0000000355507
 20
11.726337814964769
 30
0.0
 11
91.0000000355507
 21
11.816740838236438
 31
0.0
  0
LINE
  5
9A0
330
17
100
AcDbEntity
  8
隐藏线
100
AcDbLine
 10
91.0000000355507
 20
11.816740838236438
 30
0.0
 11
91.0000000355507
 21
11.907536254870877
 31
0.0
  0
LINE
  5
9A1
330
17
100
AcDbEntity
  8
隐藏线
100
AcDbLine
 10
91.0000000355507
 20
2.8628825722172735
 30
0.0
 11
91.0000000355507
 21
3.467400469088915
 31
0.0
  0
LINE
  5
9A2
330
17
100
AcDbEntity
  8
隐藏线
100
AcDbLine
 10
91.0000000355507
 20
3.467400469088915
 30
0.0
 11
91.0000000355507
 21
4.063258509943317
 31
0.0
  0
LINE
  5
9A3
330
17
100
AcDbEntity
  8
隐藏线
100
AcDbLine
 10
91.0000000355507
 20
4.063258509943317
 30
0.0
 11
91.0000000355507
 21
4.6490424917686966
 31
0.0
  0
LINE
  5
9A4
330
17
100
AcDbEntity
  8
隐藏线
100
AcDbLine
 10
91.0000000355507
 20
4.6490424917686966
 30
0.0
 11
91.0000000355507
 21
5.2233605397339
 31
0.0
  0
LINE
  5
9A5
330
17
100
AcDbEntity
  8
隐藏线
100
AcDbLine
 10
91.0000000355507
 20
5.2233605397339
 30
0.0
 11
91.0000000355507
 21
5.783632273182423
 31
0.0
  0
LINE
  5
9A6
330
17
100
AcDbEntity
  8
隐藏线
100
AcDbLine
 10
91.0000000355507
 20
5.783632273182423
 30
0.0
 11
91.0000000355507
 21
6.329474615342647
 31
0.0
  0
LINE
  5
9A7
330
17
100
AcDbEntity
  8
隐藏线
100
AcDbLine
 10
91.0000000355507
 20
6.329474615342647
 30
0.0
 11
91.0000000355507
 21
6.859592584149464
 31
0.0
  0
LINE
  5
9A8
330
17
100
AcDbEntity
  8
隐藏线
100
AcDbLine
 10
91.0000000355507
 20
6.859592584149464
 30
0.0
 11
91.0000000355507
 21
7.372726049095359
 31
0.0
  0
LINE
  5
9A9
330
17
100
AcDbEntity
  8
隐藏线
100
AcDbLine
 10
91.0000000355507
 20
7.372726049095359
 30
0.0
 11
91.0000000355507
 21
7.866007954912526
 31
0.0
  0
LINE
  5
9AA
330
17
100
AcDbEntity
  8
隐藏线
100
AcDbLine
 10
91.0000000355507
 20
7.866007954912526
 30
0.0
 11
91.0000000355507
 21
8.339676680711868
 31
0.0
  0
LINE
  5
9AB
330
17
100
AcDbEntity
  8
隐藏线
100
AcDbLine
 10
91.0000000355507
 20
8.339676680711868
 30
0.0
 11
91.0000000355507
 21
8.792609033861794
 31
0.0
  0
LINE
  5
9AC
330
17
100
AcDbEntity
  8
隐藏线
100
AcDbLine
 10
91.0000000355507
 20
8.792609033861794
 30
0.0
 11
91.0000000355507
 21
9.223727781901541
 31
0.0
  0
LINE
  5
9AD
330
17
100
AcDbEntity
  8
隐藏线
100
AcDbLine
 10
91.0000000355507
 20
9.223727781901541
 30
0.0
 11
91.0000000355507
 21
9.629995580160077
 31
0.0
  0
LINE
  5
9AE
330
17
100
AcDbEntity
  8
隐藏线
100
AcDbLine
 10
91.0000000355507
 20
9.629995580160077
 30
0.0
 11
91.0000000355507
 21
10.01226258687199
 31
0.0
  0
LINE
  5
9AF
330
17
100
AcDbEntity
  8
隐藏线
100
AcDbLine
 10
91.0000000355507
 20
10.01226258687199
 30
0.0
 11
91.0000000355507
 21
10.369622993707779
 31
0.0
  0
LINE
  5
9B0
330
17
100
AcDbEntity
  8
隐藏线
100
AcDbLine
 10
91.0000000355507
 20
10.369622993707779
 30
0.0
 11
91.0000000355507
 21
10.701226195415376
 31
0.0
  0
LINE
  5
9B1
330
17
100
AcDbEntity
  8
隐藏线
100
AcDbLine
 10
99.2500000355507
 20
6.135718226613811
 30
0.0
 11
99.2500000355507
 21
6.390704873980113
 31
0.0
  0
LINE
  5
9B2
330
17
100
AcDbEntity
  8
隐藏线
100
AcDbLine
 10
99.2500000355507
 20
6.390704873980113
 30
0.0
 11
99.2500000355507
 21
6.641861996967645
 31
0.0
  0
LINE
  5
9B3
330
17
100
AcDbEntity
  8
隐藏线
100
AcDbLine
 10
99.2500000355507
 20
6.641861996967645
 30
0.0
 11
99.2500000355507
 21
6.889338102252605
 31
0.0
  0
LINE
  5
9B4
330
17
100
AcDbEntity
  8
隐藏线
100
AcDbLine
 10
99.2500000355507
 20
6.889338102252605
 30
0.0
 11
99.2500000355507
 21
7.133002416947338
 31
0.0
  0
LINE
  5
9B5
330
17
100
AcDbEntity
  8
隐藏线
100
AcDbLine
 10
99.2500000355507
 20
7.133002416947338
 30
0.0
 11
99.2500000355507
 21
7.372726049095359
 31
0.0
  0
LINE
  5
9B6
330
17
100
AcDbEntity
  8
隐藏线
100
AcDbLine
 10
99.2500000355507
 20
7.372726049095359
 30
0.0
 11
99.2500000355507
 21
7.743257017783407
 31
0.0
  0
LINE
  5
9B7
330
17
100
AcDbEntity
  8
隐藏线
100
AcDbLine
 10
99.2500000355507
 20
7.743257017783407
 30
0.0
 11
99.2500000355507
 21
8.103015958953936
 31
0.0
  0
LINE
  5
9B8
330
17
100
AcDbEntity
  8
隐藏线
100
AcDbLine
 10
99.2500000355507
 20
8.103015958953936
 30
0.0
 11
99.2500000355507
 21
8.451526377541494
 31
0.0
  0
LINE
  5
9B9
330
17
100
AcDbEntity
  8
隐藏线
100
AcDbLine
 10
99.2500000355507
 20
8.451526377541494
 30
0.0
 11
99.2500000355507
 21
8.788325698216575
 31
0.0
  0
LINE
  5
9BA
330
17
100
AcDbEntity
  8
隐藏线
100
AcDbLine
 10
99.2500000355507
 20
8.788325698216575
 30
0.0
 11
99.2500000355507
 21
9.111905989462738
 31
0.0
  0
LINE
  5
9BB
330
17
100
AcDbEntity
  8
隐藏线
100
AcDbLine
 10
99.2500000355507
 20
9.111905989462738
 30
0.0
 11
99.2500000355507
 21
9.422812108054014
 31
0.0
  0
LINE
  5
9BC
330
17
100
AcDbEntity
  8
隐藏线
100
AcDbLine
 10
99.2500000355507
 20
9.422812108054014
 30
0.0
 11
99.2500000355507
 21
9.720632412433133
 31
0.0
  0
LINE
  5
9BD
330
17
100
AcDbEntity
  8
隐藏线
100
AcDbLine
 10
99.2500000355507
 20
9.720632412433133
 30
0.0
 11
99.2500000355507
 21
10.004971454376381
 31
0.0
  0
LINE
  5
9BE
330
17
100
AcDbEntity
  8
隐藏线
100
AcDbLine
 10
99.2500000355507
 20
10.452733939660558
 30
0.0
 11
99.2500000355507
 21
10.537244745046298
 31
0.0
  0
LINE
  5
9BF
330
17
100
AcDbEntity
  8
隐藏线
100
AcDbLine
 10
99.2500000355507
 20
10.620079691154352
 30
0.0
 11
99.2500000355507
 21
10.701226195415376
 31
0.0
  0
LINE
  5
9C0
330
17
100
AcDbEntity
  8
隐藏线
100
AcDbLine
 10
101.0000000355507
 20
3.600986515216178
 30
0.0
 11
100.82695804170098
 21
3.6095945957607256
 31
0.0
  0
LINE
  5
9C1
330
17
100
AcDbEntity
  8
隐藏线
100
AcDbLine
 10
100.82695804170098
 20
3.6095945957607256
 30
0.0
 11
100.65508200496762
 21
3.635314551211259
 31
0.0
  0
LINE
  5
9C2
330
17
100
AcDbEntity
  8
隐藏线
100
AcDbLine
 10
100.65508200496762
 20
3.635314551211259
 30
0.0
 11
100.48763686547065
 21
3.6776476392338893
 31
0.0
  0
LINE
  5
9C3
330
17
100
AcDbEntity
  8
隐藏线
100
AcDbLine
 10
100.48763686547065
 20
3.6776476392338893
 30
0.0
 11
100.32603745167918
 21
3.7359701470198416
 31
0.0
  0
LINE
  5
9C4
330
17
100
AcDbEntity
  8
隐藏线
100
AcDbLine
 10
100.32603745167918
 20
3.7359701470198416
 30
0.0
 11
100.17057428316286
 21
3.810082767226824
 31
0.0
  0
LINE
  5
9C5
330
17
100
AcDbEntity
  8
隐藏线
100
AcDbLine
 10
100.17057428316286
 20
3.810082767226824
 30
0.0
 11
100.02372010110975
 21
3.898622430157559
 31
0.0
  0
LINE
  5
9C6
330
17
100
AcDbEntity
  8
隐藏线
100
AcDbLine
 10
100.02372010110975
 20
3.898622430157559
 30
0.0
 11
99.88777889416062
 21
3.999876465873527
 31
0.0
  0
LINE
  5
9C7
330
17
100
AcDbEntity
  8
隐藏线
100
AcDbLine
 10
99.88777889416062
 20
3.999876465873527
 30
0.0
 11
99.76257094128002
 21
4.113539593821834
 31
0.0
  0
LINE
  5
9C8
330
17
100
AcDbEntity
  8
隐藏线
100
AcDbLine
 10
99.76257094128002
 20
4.113539593821834
 30
0.0
 11
99.6433921263056
 21
4.2454635374899965
 31
0.0
  0
LINE
  5
9C9
330
17
100
AcDbEntity
  8
隐藏线
100
AcDbLine
 10
99.6433921263056
 20
4.2454635374899965
 30
0.0
 11
99.53975992827645
 21
4.38651506317985
 31
0.0
  0
LINE
  5
9CA
330
17
100
AcDbEntity
  8
隐藏线
100
AcDbLine
 10
99.45120180668494
 20
4.536377709942144
 30
0.0
 11
99.3783367757099
 21
4.693185529138994
 31
0.0
  0
LINE
  5
9CB
330
17
100
AcDbEntity
  8
隐藏线
100
AcDbLine
 10
99.3783367757099
 20
4.693185529138994
 30
0.0
 11
99.32202736528947
 21
4.854076654026471
 31
0.0
  0
LINE
  5
9CC
330
17
100
AcDbEntity
  8
隐藏线
100
AcDbLine
 10
99.28194144678599
 20
5.01813846605917
 30
0.0
 11
99.2579677045307
 21
5.1841760186294685
 31
0.0
  0
LINE
  5
9CD
330
17
100
AcDbEntity
  8
隐藏线
100
AcDbLine
 10
99.2579677045307
 20
5.1841760186294685
 30
0.0
 11
99.2500000355507
 21
5.350986515216178
 31
0.0
  0
LINE
  5
9CE
330
17
100
AcDbEntity
  8
隐藏线
100
AcDbLine
 10
102.7500000355507
 20
6.135718226613811
 30
0.0
 11
102.7500000355507
 21
6.390704873980113
 31
0.0
  0
LINE
  5
9CF
330
17
100
AcDbEntity
  8
隐藏线
100
AcDbLine
 10
102.7500000355507
 20
6.390704873980113
 30
0.0
 11
102.7500000355507
 21
6.641861996967645
 31
0.0
  0
LINE
  5
9D0
330
17
100
AcDbEntity
  8
隐藏线
100
AcDbLine
 10
102.7500000355507
 20
6.641861996967645
 30
0.0
 11
102.7500000355507
 21
6.889338102252605
 31
0.0
  0
LINE
  5
9D1
330
17
100
AcDbEntity
  8
隐藏线
100
AcDbLine
 10
102.7500000355507
 20
6.889338102252605
 30
0.0
 11
102.7500000355507
 21
7.133002416947338
 31
0.0
  0
LINE
  5
9D2
330
17
100
AcDbEntity
  8
隐藏线
100
AcDbLine
 10
102.7500000355507
 20
7.133002416947338
 30
0.0
 11
102.7500000355507
 21
7.372726049095359
 31
0.0
  0
LINE
  5
9D3
330
17
100
AcDbEntity
  8
隐藏线
100
AcDbLine
 10
102.7500000355507
 20
7.372726049095359
 30
0.0
 11
102.7500000355507
 21
7.743257017783407
 31
0.0
  0
LINE
  5
9D4
330
17
100
AcDbEntity
  8
隐藏线
100
AcDbLine
 10
102.7500000355507
 20
7.743257017783407
 30
0.0
 11
102.7500000355507
 21
8.103015958953936
 31
0.0
  0
LINE
  5
9D5
330
17
100
AcDbEntity
  8
隐藏线
100
AcDbLine
 10
102.7500000355507
 20
8.103015958953936
 30
0.0
 11
102.7500000355507
 21
8.451526377541494
 31
0.0
  0
LINE
  5
9D6
330
17
100
AcDbEntity
  8
隐藏线
100
AcDbLine
 10
102.7500000355507
 20
8.451526377541494
 30
0.0
 11
102.7500000355507
 21
8.788325698216575
 31
0.0
  0
LINE
  5
9D7
330
17
100
AcDbEntity
  8
隐藏线
100
AcDbLine
 10
102.7500000355507
 20
8.788325698216575
 30
0.0
 11
102.7500000355507
 21
9.111905989462738
 31
0.0
  0
LINE
  5
9D8
330
17
100
AcDbEntity
  8
隐藏线
100
AcDbLine
 10
102.7500000355507
 20
9.111905989462738
 30
0.0
 11
102.7500000355507
 21
9.422812108054014
 31
0.0
  0
LINE
  5
9D9
330
17
100
AcDbEntity
  8
隐藏线
100
AcDbLine
 10
102.7500000355507
 20
9.422812108054014
 30
0.0
 11
102.7500000355507
 21
9.720632412433133
 31
0.0
  0
LINE
  5
9DA
330
17
100
AcDbEntity
  8
隐藏线
100
AcDbLine
 10
102.7500000355507
 20
9.720632412433133
 30
0.0
 11
102.7500000355507
 21
10.004971454376381
 31
0.0
  0
LINE
  5
9DB
330
17
100
AcDbEntity
  8
隐藏线
100
AcDbLine
 10
102.7500000355507
 20
10.452733939660558
 30
0.0
 11
102.7500000355507
 21
10.537244745046298
 31
0.0
  0
LINE
  5
9DC
330
17
100
AcDbEntity
  8
隐藏线
100
AcDbLine
 10
102.7500000355507
 20
10.620079691154352
 30
0.0
 11
102.7500000355507
 21
10.701226195415376
 31
0.0
  0
LINE
  5
9DD
330
17
100
AcDbEntity
  8
隐藏线
100
AcDbLine
 10
111.0000000355507
 20
10.70122619541538
 30
0.0
 11
111.0000000355507
 21
10.369622993707786
 31
0.0
  0
LINE
  5
9DE
330
17
100
AcDbEntity
  8
隐藏线
100
AcDbLine
 10
111.0000000355507
 20
10.369622993707786
 30
0.0
 11
111.0000000355507
 21
10.012262586871994
 31
0.0
  0
LINE
  5
9DF
330
17
100
AcDbEntity
  8
隐藏线
100
AcDbLine
 10
111.0000000355507
 20
10.012262586871994
 30
0.0
 11
111.0000000355507
 21
9.629995580160081
 31
0.0
  0
LINE
  5
9E0
330
17
100
AcDbEntity
  8
隐藏线
100
AcDbLine
 10
111.0000000355507
 20
9.629995580160081
 30
0.0
 11
111.0000000355507
 21
9.223727781901545
 31
0.0
  0
LINE
  5
9E1
330
17
100
AcDbEntity
  8
隐藏线
100
AcDbLine
 10
111.0000000355507
 20
9.223727781901545
 30
0.0
 11
111.0000000355507
 21
8.792609033861794
 31
0.0
  0
LINE
  5
9E2
330
17
100
AcDbEntity
  8
隐藏线
100
AcDbLine
 10
111.0000000355507
 20
8.792609033861794
 30
0.0
 11
111.0000000355507
 21
8.339676680711872
 31
0.0
  0
LINE
  5
9E3
330
17
100
AcDbEntity
  8
隐藏线
100
AcDbLine
 10
111.0000000355507
 20
8.339676680711872
 30
0.0
 11
111.0000000355507
 21
7.866007954912529
 31
0.0
  0
LINE
  5
9E4
330
17
100
AcDbEntity
  8
隐藏线
100
AcDbLine
 10
111.0000000355507
 20
7.866007954912529
 30
0.0
 11
111.0000000355507
 21
7.3727260490953626
 31
0.0
  0
LINE
  5
9E5
330
17
100
AcDbEntity
  8
隐藏线
100
AcDbLine
 10
111.0000000355507
 20
7.3727260490953626
 30
0.0
 11
111.0000000355507
 21
6.859592584149468
 31
0.0
  0
LINE
  5
9E6
330
17
100
AcDbEntity
  8
隐藏线
100
AcDbLine
 10
111.0000000355507
 20
6.859592584149468
 30
0.0
 11
111.0000000355507
 21
6.329474615342651
 31
0.0
  0
LINE
  5
9E7
330
17
100
AcDbEntity
  8
隐藏线
100
AcDbLine
 10
111.0000000355507
 20
6.329474615342651
 30
0.0
 11
111.0000000355507
 21
5.783632273182427
 31
0.0
  0
LINE
  5
9E8
330
17
100
AcDbEntity
  8
隐藏线
100
AcDbLine
 10
111.0000000355507
 20
5.783632273182427
 30
0.0
 11
111.0000000355507
 21
5.223360539733896
 31
0.0
  0
LINE
  5
9E9
330
17
100
AcDbEntity
  8
隐藏线
100
AcDbLine
 10
111.0000000355507
 20
5.223360539733896
 30
0.0
 11
111.0000000355507
 21
4.6490424917686966
 31
0.0
  0
LINE
  5
9EA
330
17
100
AcDbEntity
  8
隐藏线
100
AcDbLine
 10
111.0000000355507
 20
4.6490424917686966
 30
0.0
 11
111.0000000355507
 21
4.063258509943317
 31
0.0
  0
LINE
  5
9EB
330
17
100
AcDbEntity
  8
隐藏线
100
AcDbLine
 10
111.0000000355507
 20
4.063258509943317
 30
0.0
 11
111.0000000355507
 21
3.4674004690889078
 31
0.0
  0
LINE
  5
9EC
330
17
100
AcDbEntity
  8
隐藏线
100
AcDbLine
 10
111.0000000355507
 20
3.4674004690889078
 30
0.0
 11
111.0000000355507
 21
2.8628825722172735
 31
0.0
  0
LINE
  5
9ED
330
17
100
AcDbEntity
  8
隐藏线
100
AcDbLine
 10
91.0000000355507
 20
11.907536254870877
 30
0.0
 11
91.0000000355507
 21
22.00499999999998
 31
0.0
  0
LINE
  5
9EE
330
17
100
AcDbEntity
  8
隐藏线
100
AcDbLine
 10
91.0000000355507
 20
22.00499999999998
 30
0.0
 11
91.0000000355507
 21
25.207536254870877
 31
0.0
  0
LINE
  5
9EF
330
17
100
AcDbEntity
  8
隐藏线
100
AcDbLine
 10
91.0000000355507
 20
25.207536254870877
 30
0.0
 11
91.0000000355507
 21
38.50753625487088
 31
0.0
  0
LINE
  5
9F0
330
17
100
AcDbEntity
  8
隐藏线
100
AcDbLine
 10
111.0000000355507
 20
38.50753625487088
 30
0.0
 11
111.0000000355507
 21
25.207536254870877
 31
0.0
  0
LINE
  5
9F1
330
17
100
AcDbEntity
  8
隐藏线
100
AcDbLine
 10
111.0000000355507
 20
25.207536254870877
 30
0.0
 11
111.0000000355507
 21
22.00499999999998
 31
0.0
  0
LINE
  5
9F2
330
17
100
AcDbEntity
  8
隐藏线
100
AcDbLine
 10
111.0000000355507
 20
22.00499999999998
 30
0.0
 11
111.0000000355507
 21
11.907536254870877
 31
0.0
  0
LINE
  5
9F3
330
17
100
AcDbEntity
  8
隐藏线
100
AcDbLine
 10
102.7500000355507
 20
11.907536254870877
 30
0.0
 11
102.7500000355507
 21
17.966627274422432
 31
0.0
  0
LINE
  5
9F4
330
17
100
AcDbEntity
  8
隐藏线
100
AcDbLine
 10
105.1300000355507
 20
25.207536254870877
 30
0.0
 11
105.1300000355507
 21
28.707536254870888
 31
0.0
  0
LINE
  5
9F5
330
17
100
AcDbEntity
  8
隐藏线
100
AcDbLine
 10
96.8700000355507
 20
25.207536254870877
 30
0.0
 11
96.8700000355507
 21
28.707536254870888
 31
0.0
  0
LINE
  5
9F6
330
17
100
AcDbEntity
  8
隐藏线
100
AcDbLine
 10
99.2500000355507
 20
11.907536254870877
 30
0.0
 11
99.2500000355507
 21
17.966627274422432
 31
0.0
  0
LINE
  5
9F7
330
17
100
AcDbEntity
  8
隐藏线
100
AcDbLine
 10
100.6454571890003
 20
3.637277272094714
 30
0.0
 11
100.6019347231908
 21
3.646856405309059
 31
0.0
  0
LINE
  5
9F8
330
17
100
AcDbEntity
  8
隐藏线
100
AcDbLine
 10
100.6019347231908
 20
3.646856405309059
 30
0.0
 11
100.55880135434055
 21
3.657502251275446
 31
0.0
  0
LINE
  5
9F9
330
17
100
AcDbEntity
  8
隐藏线
100
AcDbLine
 10
100.55880135434055
 20
3.657502251275446
 30
0.0
 11
100.51605611023751
 21
3.6692110291935336
 31
0.0
  0
LINE
  5
9FA
330
17
100
AcDbEntity
  8
隐藏线
100
AcDbLine
 10
100.51605611023751
 20
3.6692110291935336
 30
0.0
 11
100.47369801866913
 21
3.681978958263251
 31
0.0
  0
LINE
  5
9FB
330
17
100
AcDbEntity
  8
隐藏线
100
AcDbLine
 10
100.47369801866913
 20
3.681978958263251
 30
0.0
 11
100.4317261074228
 21
3.6958022576845124
 31
0.0
  0
LINE
  5
9FC
330
17
100
AcDbEntity
  8
隐藏线
100
AcDbLine
 10
100.4317261074228
 20
3.6958022576845124
 30
0.0
 11
100.39013940428603
 21
3.7106771466572397
 31
0.0
  0
LINE
  5
9FD
330
17
100
AcDbEntity
  8
隐藏线
100
AcDbLine
 10
100.39013940428603
 20
3.7106771466572397
 30
0.0
 11
100.3489369370462
 21
3.7265998443813473
 31
0.0
  0
LINE
  5
9FE
330
17
100
AcDbEntity
  8
隐藏线
100
AcDbLine
 10
100.3489369370462
 20
3.7265998443813473
 30
0.0
 11
100.30811773349077
 21
3.743566570056764
 31
0.0
  0
LINE
  5
9FF
330
17
100
AcDbEntity
  8
隐藏线
100
AcDbLine
 10
99.60285745901635
 20
4.297156335889177
 30
0.0
 11
99.52300102915325
 21
4.4123844810126585
 31
0.0
  0
LINE
  5
A00
330
17
100
AcDbEntity
  8
隐藏线
100
AcDbLine
 10
91.0000000355507
 20
2.8628825722172735
 30
0.0
 11
91.0000000355507
 21
2.785253050386018
 31
0.0
  0
LINE
  5
A01
330
17
100
AcDbEntity
  8
隐藏线
100
AcDbLine
 10
91.0000000355507
 20
2.785253050386018
 30
0.0
 11
91.0000000355507
 21
2.7066419757256384
 31
0.0
  0
LINE
  5
A02
330
17
100
AcDbEntity
  8
隐藏线
100
AcDbLine
 10
91.0000000355507
 20
2.7066419757256384
 30
0.0
 11
91.0000000355507
 21
2.6279790368786706
 31
0.0
  0
LINE
  5
A03
330
17
100
AcDbEntity
  8
隐藏线
100
AcDbLine
 10
91.0000000355507
 20
2.6279790368786706
 30
0.0
 11
91.0000000355507
 21
2.5501944949409108
 31
0.0
  0
LINE
  5
A04
330
17
100
AcDbEntity
  8
隐藏线
100
AcDbLine
 10
91.0000000355507
 20
2.5501944949409108
 30
0.0
 11
91.0000000355507
 21
2.4744570297133706
 31
0.0
  0
LINE
  5
A05
330
17
100
AcDbEntity
  8
隐藏线
100
AcDbLine
 10
91.0000000355507
 20
2.4744570297133706
 30
0.0
 11
91.0000000355507
 21
2.401594028770596
 31
0.0
  0
LINE
  5
A06
330
17
100
AcDbEntity
  8
隐藏线
100
AcDbLine
 10
91.0000000355507
 20
2.401594028770596
 30
0.0
 11
91.0000000355507
 21
2.3324657099495028
 31
0.0
  0
LINE
  5
A07
330
17
100
AcDbEntity
  8
隐藏线
100
AcDbLine
 10
91.0000000355507
 20
2.3324657099495028
 30
0.0
 11
91.0000000355507
 21
2.2678910693668897
 31
0.0
  0
LINE
  5
A08
330
17
100
AcDbEntity
  8
隐藏线
100
AcDbLine
 10
91.0000000355507
 20
2.2678910693668897
 30
0.0
 11
91.0000000355507
 21
2.2091587351091277
 31
0.0
  0
LINE
  5
A09
330
17
100
AcDbEntity
  8
隐藏线
100
AcDbLine
 10
91.0000000355507
 20
2.2091587351091277
 30
0.0
 11
91.0000000355507
 21
2.1565832956853086
 31
0.0
  0
LINE
  5
A0A
330
17
100
AcDbEntity
  8
隐藏线
100
AcDbLine
 10
91.0000000355507
 20
2.1565832956853086
 30
0.0
 11
91.0000000355507
 21
2.1107838454829775
 31
0.0
  0
LINE
  5
A0B
330
17
100
AcDbEntity
  8
隐藏线
100
AcDbLine
 10
91.0000000355507
 20
2.1107838454829775
 30
0.0
 11
91.0000000355507
 21
2.072304688607055
 31
0.0
  0
LINE
  5
A0C
330
17
100
AcDbEntity
  8
隐藏线
100
AcDbLine
 10
91.0000000355507
 20
2.072304688607055
 30
0.0
 11
91.0000000355507
 21
2.042297261425418
 31
0.0
  0
LINE
  5
A0D
330
17
100
AcDbEntity
  8
隐藏线
100
AcDbLine
 10
91.0000000355507
 20
2.042297261425418
 30
0.0
 11
91.0000000355507
 21
2.0205005786437837
 31
0.0
  0
LINE
  5
A0E
330
17
100
AcDbEntity
  8
隐藏线
100
AcDbLine
 10
111.0000000355507
 20
2.00246374512912
 30
0.0
 11
111.0000000355507
 21
2.0071690736685
 31
0.0
  0
LINE
  5
A0F
330
17
100
AcDbEntity
  8
隐藏线
100
AcDbLine
 10
111.0000000355507
 20
2.042297261425418
 30
0.0
 11
111.0000000355507
 21
2.072304688607055
 31
0.0
  0
LINE
  5
A10
330
17
100
AcDbEntity
  8
隐藏线
100
AcDbLine
 10
111.0000000355507
 20
2.072304688607055
 30
0.0
 11
111.0000000355507
 21
2.1107838454829775
 31
0.0
  0
LINE
  5
A11
330
17
100
AcDbEntity
  8
隐藏线
100
AcDbLine
 10
111.0000000355507
 20
2.1107838454829775
 30
0.0
 11
111.0000000355507
 21
2.1565832956853086
 31
0.0
  0
LINE
  5
A12
330
17
100
AcDbEntity
  8
隐藏线
100
AcDbLine
 10
111.0000000355507
 20
2.1565832956853086
 30
0.0
 11
111.0000000355507
 21
2.2091587351091277
 31
0.0
  0
LINE
  5
A13
330
17
100
AcDbEntity
  8
隐藏线
100
AcDbLine
 10
111.0000000355507
 20
2.2091587351091277
 30
0.0
 11
111.0000000355507
 21
2.2678910693668897
 31
0.0
  0
LINE
  5
A14
330
17
100
AcDbEntity
  8
隐藏线
100
AcDbLine
 10
111.0000000355507
 20
2.2678910693668897
 30
0.0
 11
111.0000000355507
 21
2.3324657099495028
 31
0.0
  0
LINE
  5
A15
330
17
100
AcDbEntity
  8
隐藏线
100
AcDbLine
 10
111.0000000355507
 20
2.3324657099495028
 30
0.0
 11
111.0000000355507
 21
2.401594028770596
 31
0.0
  0
LINE
  5
A16
330
17
100
AcDbEntity
  8
隐藏线
100
AcDbLine
 10
111.0000000355507
 20
2.401594028770596
 30
0.0
 11
111.0000000355507
 21
2.4744570297133706
 31
0.0
  0
LINE
  5
A17
330
17
100
AcDbEntity
  8
隐藏线
100
AcDbLine
 10
111.0000000355507
 20
2.4744570297133706
 30
0.0
 11
111.0000000355507
 21
2.5501944949409037
 31
0.0
  0
LINE
  5
A18
330
17
100
AcDbEntity
  8
隐藏线
100
AcDbLine
 10
111.0000000355507
 20
2.5501944949409037
 30
0.0
 11
111.0000000355507
 21
2.6279790368786706
 31
0.0
  0
LINE
  5
A19
330
17
100
AcDbEntity
  8
隐藏线
100
AcDbLine
 10
111.0000000355507
 20
2.6279790368786706
 30
0.0
 11
111.0000000355507
 21
2.7066419757256384
 31
0.0
  0
LINE
  5
A1A
330
17
100
AcDbEntity
  8
隐藏线
100
AcDbLine
 10
111.0000000355507
 20
2.7066419757256384
 30
0.0
 11
111.0000000355507
 21
2.785253050386018
 31
0.0
  0
LINE
  5
A1B
330
17
100
AcDbEntity
  8
隐藏线
100
AcDbLine
 10
111.0000000355507
 20
2.785253050386018
 30
0.0
 11
111.0000000355507
 21
2.8628825722172735
 31
0.0
  0
LINE
  5
A1C
330
17
100
AcDbEntity
  8
隐藏线
100
AcDbLine
 10
97.5000000672554
 20
42.007536254870885
 30
0.0
 11
101.0000000355507
 21
42.007536254870885
 31
0.0
  0
LINE
  5
A1D
330
17
100
AcDbEntity
  8
隐藏线
100
AcDbLine
 10
101.0000000355507
 20
42.007536254870885
 30
0.0
 11
104.5000000672554
 21
42.007536254870885
 31
0.0
  0
LINE
  5
A1E
330
17
100
AcDbEntity
  8
隐藏线
100
AcDbLine
 10
104.5000000672554
 20
42.007536254870885
 30
0.0
 11
105.18208643113678
 21
42.007536254870885
 31
0.0
  0
LINE
  5
A1F
330
17
100
AcDbEntity
  8
隐藏线
100
AcDbLine
 10
105.18208643113678
 20
42.007536254870885
 30
0.0
 11
105.83728496096171
 21
42.007536254870885
 31
0.0
  0
LINE
  5
A20
330
17
100
AcDbEntity
  8
隐藏线
100
AcDbLine
 10
105.83728496096171
 20
42.007536254870885
 30
0.0
 11
106.44213783369361
 21
42.007536254870885
 31
0.0
  0
LINE
  5
A21
330
17
100
AcDbEntity
  8
隐藏线
100
AcDbLine
 10
106.44213783369361
 20
42.007536254870885
 30
0.0
 11
106.97487378883926
 21
42.007536254870885
 31
0.0
  0
LINE
  5
A22
330
17
100
AcDbEntity
  8
隐藏线
100
AcDbLine
 10
106.97487378883926
 20
42.007536254870885
 30
0.0
 11
107.40675362510336
 21
42.007536254870885
 31
0.0
  0
LINE
  5
A23
330
17
100
AcDbEntity
  8
隐藏线
100
AcDbLine
 10
107.40675362510336
 20
42.007536254870885
 30
0.0
 11
107.7284914040026
 21
42.007536254870885
 31
0.0
  0
LINE
  5
A24
330
17
100
AcDbEntity
  8
隐藏线
100
AcDbLine
 10
107.7284914040026
 20
42.007536254870885
 30
0.0
 11
107.92868401437977
 21
42.007536254870885
 31
0.0
  0
LINE
  5
A25
330
17
100
AcDbEntity
  8
隐藏线
100
AcDbLine
 10
107.92868401437977
 20
42.007536254870885
 30
0.0
 11
108.0000000672554
 21
42.007536254870885
 31
0.0
  0
LINE
  5
A26
330
17
100
AcDbEntity
  8
隐藏线
100
AcDbLine
 10
97.5000000672554
 20
42.007536254870885
 30
0.0
 11
96.81791369468536
 21
42.007536254870885
 31
0.0
  0
LINE
  5
A27
330
17
100
AcDbEntity
  8
隐藏线
100
AcDbLine
 10
96.81791369468536
 20
42.007536254870885
 30
0.0
 11
96.16271515720717
 21
42.007536254870885
 31
0.0
  0
LINE
  5
A28
330
17
100
AcDbEntity
  8
隐藏线
100
AcDbLine
 10
96.16271515720717
 20
42.007536254870885
 30
0.0
 11
95.55786227873534
 21
42.007536254870885
 31
0.0
  0
LINE
  5
A29
330
17
100
AcDbEntity
  8
隐藏线
100
AcDbLine
 10
95.55786227873534
 20
42.007536254870885
 30
0.0
 11
95.02512632053342
 21
42.007536254870885
 31
0.0
  0
LINE
  5
A2A
330
17
100
AcDbEntity
  8
隐藏线
100
AcDbLine
 10
95.02512632053342
 20
42.007536254870885
 30
0.0
 11
94.59324648483584
 21
42.007536254870885
 31
0.0
  0
LINE
  5
A2B
330
17
100
AcDbEntity
  8
隐藏线
100
AcDbLine
 10
94.59324648483584
 20
42.007536254870885
 30
0.0
 11
94.27150871026487
 21
42.007536254870885
 31
0.0
  0
LINE
  5
A2C
330
17
100
AcDbEntity
  8
隐藏线
100
AcDbLine
 10
94.27150871026487
 20
42.007536254870885
 30
0.0
 11
94.071316108112
 21
42.007536254870885
 31
0.0
  0
LINE
  5
A2D
330
17
100
AcDbEntity
  8
隐藏线
100
AcDbLine
 10
94.071316108112
 20
42.007536254870885
 30
0.0
 11
94.0000000672554
 21
42.007536254870885
 31
0.0
  0
LINE
  5
A2E
330
17
100
AcDbEntity
  8
隐藏线
100
AcDbLine
 10
111.0000000355507
 20
39.90753625487089
 30
0.0
 11
111.0000000355507
 21
39.90038346051503
 31
0.0
  0
LINE
  5
A2F
330
17
100
AcDbEntity
  8
隐藏线
100
AcDbLine
 10
111.0000000355507
 20
39.88009550636093
 30
0.0
 11
111.0000000355507
 21
39.846858608521174
 31
0.0
  0
LINE
  5
A30
330
17
100
AcDbEntity
  8
隐藏线
100
AcDbLine
 10
111.0000000355507
 20
39.846858608521174
 30
0.0
 11
111.0000000355507
 21
39.80096760038669
 31
0.0
  0
LINE
  5
A31
330
17
100
AcDbEntity
  8
隐藏线
100
AcDbLine
 10
111.0000000355507
 20
39.80096760038669
 30
0.0
 11
111.0000000355507
 21
39.741859951640926
 31
0.0
  0
LINE
  5
A32
330
17
100
AcDbEntity
  8
隐藏线
100
AcDbLine
 10
111.0000000355507
 20
39.741859951640926
 30
0.0
 11
111.0000000355507
 21
39.671135802602166
 31
0.0
  0
LINE
  5
A33
330
17
100
AcDbEntity
  8
隐藏线
100
AcDbLine
 10
111.0000000355507
 20
39.671135802602166
 30
0.0
 11
111.0000000355507
 21
39.589434069171425
 31
0.0
  0
LINE
  5
A34
330
17
100
AcDbEntity
  8
隐藏线
100
AcDbLine
 10
111.0000000355507
 20
39.589434069171425
 30
0.0
 11
111.0000000355507
 21
39.49748574853205
 31
0.0
  0
LINE
  5
A35
330
17
100
AcDbEntity
  8
隐藏线
100
AcDbLine
 10
111.0000000355507
 20
39.49748574853205
 30
0.0
 11
111.0000000355507
 21
39.39542184910576
 31
0.0
  0
LINE
  5
A36
330
17
100
AcDbEntity
  8
隐藏线
100
AcDbLine
 10
111.0000000355507
 20
39.39542184910576
 30
0.0
 11
111.0000000355507
 21
39.28502861575748
 31
0.0
  0
LINE
  5
A37
330
17
100
AcDbEntity
  8
隐藏线
100
AcDbLine
 10
111.0000000355507
 20
39.28502861575748
 30
0.0
 11
111.0000000355507
 21
39.16730039502253
 31
0.0
  0
LINE
  5
A38
330
17
100
AcDbEntity
  8
隐藏线
100
AcDbLine
 10
111.0000000355507
 20
39.16730039502253
 30
0.0
 11
111.0000000355507
 21
39.04329306018201
 31
0.0
  0
LINE
  5
A39
330
17
100
AcDbEntity
  8
隐藏线
100
AcDbLine
 10
111.0000000355507
 20
39.04329306018201
 30
0.0
 11
111.0000000355507
 21
38.913811213551284
 31
0.0
  0
LINE
  5
A3A
330
17
100
AcDbEntity
  8
隐藏线
100
AcDbLine
 10
111.0000000355507
 20
38.913811213551284
 30
0.0
 11
111.0000000355507
 21
38.78055526495362
 31
0.0
  0
LINE
  5
A3B
330
17
100
AcDbEntity
  8
隐藏线
100
AcDbLine
 10
111.0000000355507
 20
38.78055526495362
 30
0.0
 11
111.0000000355507
 21
38.64472361131237
 31
0.0
  0
LINE
  5
A3C
330
17
100
AcDbEntity
  8
隐藏线
100
AcDbLine
 10
111.0000000355507
 20
38.64472361131237
 30
0.0
 11
111.0000000355507
 21
38.50753625487088
 31
0.0
  0
LINE
  5
A3D
330
17
100
AcDbEntity
  8
隐藏线
100
AcDbLine
 10
111.0000000355507
 20
39.90753625487089
 30
0.0
 11
101.0000000355507
 21
39.90753625487089
 31
0.0
  0
LINE
  5
A3E
330
17
100
AcDbEntity
  8
隐藏线
100
AcDbLine
 10
101.0000000355507
 20
39.90753625487089
 30
0.0
 11
91.0000000355507
 21
39.90753625487089
 31
0.0
  0
LINE
  5
A3F
330
17
100
AcDbEntity
  8
隐藏线
100
AcDbLine
 10
91.0000000355507
 20
38.50753625487088
 30
0.0
 11
91.0000000355507
 21
38.64472361131237
 31
0.0
  0
LINE
  5
A40
330
17
100
AcDbEntity
  8
隐藏线
100
AcDbLine
 10
91.0000000355507
 20
38.64472361131237
 30
0.0
 11
91.0000000355507
 21
38.78055526495362
 31
0.0
  0
LINE
  5
A41
330
17
100
AcDbEntity
  8
隐藏线
100
AcDbLine
 10
91.0000000355507
 20
38.78055526495362
 30
0.0
 11
91.0000000355507
 21
38.913811213551284
 31
0.0
  0
LINE
  5
A42
330
17
100
AcDbEntity
  8
隐藏线
100
AcDbLine
 10
91.0000000355507
 20
38.913811213551284
 30
0.0
 11
91.0000000355507
 21
39.04329306018201
 31
0.0
  0
LINE
  5
A43
330
17
100
AcDbEntity
  8
隐藏线
100
AcDbLine
 10
91.0000000355507
 20
39.04329306018201
 30
0.0
 11
91.0000000355507
 21
39.16730039502253
 31
0.0
  0
LINE
  5
A44
330
17
100
AcDbEntity
  8
隐藏线
100
AcDbLine
 10
91.0000000355507
 20
39.16730039502253
 30
0.0
 11
91.0000000355507
 21
39.28502861575748
 31
0.0
  0
LINE
  5
A45
330
17
100
AcDbEntity
  8
隐藏线
100
AcDbLine
 10
91.0000000355507
 20
39.28502861575748
 30
0.0
 11
91.0000000355507
 21
39.39542184910576
 31
0.0
  0
LINE
  5
A46
330
17
100
AcDbEntity
  8
隐藏线
100
AcDbLine
 10
91.0000000355507
 20
39.39542184910576
 30
0.0
 11
91.0000000355507
 21
39.49748574853205
 31
0.0
  0
LINE
  5
A47
330
17
100
AcDbEntity
  8
隐藏线
100
AcDbLine
 10
91.0000000355507
 20
39.49748574853205
 30
0.0
 11
91.0000000355507
 21
39.589434069171425
 31
0.0
  0
LINE
  5
A48
330
17
100
AcDbEntity
  8
隐藏线
100
AcDbLine
 10
91.0000000355507
 20
39.589434069171425
 30
0.0
 11
91.0000000355507
 21
39.671135802602166
 31
0.0
  0
LINE
  5
A49
330
17
100
AcDbEntity
  8
隐藏线
100
AcDbLine
 10
91.0000000355507
 20
39.671135802602166
 30
0.0
 11
91.0000000355507
 21
39.741859951640926
 31
0.0
  0
LINE
  5
A4A
330
17
100
AcDbEntity
  8
隐藏线
100
AcDbLine
 10
91.0000000355507
 20
39.741859951640926
 30
0.0
 11
91.0000000355507
 21
39.80096760038669
 31
0.0
  0
LINE
  5
A4B
330
17
100
AcDbEntity
  8
隐藏线
100
AcDbLine
 10
91.0000000355507
 20
39.80096760038669
 30
0.0
 11
91.0000000355507
 21
39.846858608521174
 31
0.0
  0
LINE
  5
A4C
330
17
100
AcDbEntity
  8
隐藏线
100
AcDbLine
 10
91.0000000355507
 20
39.846858608521174
 30
0.0
 11
91.0000000355507
 21
39.88009550636093
 31
0.0
  0
LINE
  5
A4D
330
17
100
AcDbEntity
  8
隐藏线
100
AcDbLine
 10
91.0000000355507
 20
39.88009550636093
 30
0.0
 11
91.0000000355507
 21
39.90038346051503
 31
0.0
  0
LINE
  5
A4E
330
17
100
AcDbEntity
  8
隐藏线
100
AcDbLine
 10
104.5000000672554
 20
39.90753625487089
 30
0.0
 11
105.18208643113678
 21
39.90753625487089
 31
0.0
  0
LINE
  5
A4F
330
17
100
AcDbEntity
  8
隐藏线
100
AcDbLine
 10
105.18208643113678
 20
39.90753625487089
 30
0.0
 11
105.83728496096171
 21
39.90753625487089
 31
0.0
  0
LINE
  5
A50
330
17
100
AcDbEntity
  8
隐藏线
100
AcDbLine
 10
105.83728496096171
 20
39.90753625487089
 30
0.0
 11
106.44213783369361
 21
39.90753625487089
 31
0.0
  0
LINE
  5
A51
330
17
100
AcDbEntity
  8
隐藏线
100
AcDbLine
 10
106.44213783369361
 20
39.90753625487089
 30
0.0
 11
106.97487378883926
 21
39.90753625487089
 31
0.0
  0
LINE
  5
A52
330
17
100
AcDbEntity
  8
隐藏线
100
AcDbLine
 10
106.97487378883926
 20
39.90753625487089
 30
0.0
 11
107.40675362510336
 21
39.90753625487089
 31
0.0
  0
LINE
  5
A53
330
17
100
AcDbEntity
  8
隐藏线
100
AcDbLine
 10
107.40675362510336
 20
39.90753625487089
 30
0.0
 11
107.7284914040026
 21
39.90753625487089
 31
0.0
  0
LINE
  5
A54
330
17
100
AcDbEntity
  8
隐藏线
100
AcDbLine
 10
107.7284914040026
 20
39.90753625487089
 30
0.0
 11
107.92868401437977
 21
39.90753625487089
 31
0.0
  0
LINE
  5
A55
330
17
100
AcDbEntity
  8
隐藏线
100
AcDbLine
 10
107.92868401437977
 20
39.90753625487089
 30
0.0
 11
108.0000000672554
 21
39.90753625487089
 31
0.0
  0
LINE
  5
A56
330
17
100
AcDbEntity
  8
隐藏线
100
AcDbLine
 10
97.5000000672554
 20
39.90753625487089
 30
0.0
 11
101.0000000355507
 21
39.90753625487089
 31
0.0
  0
LINE
  5
A57
330
17
100
AcDbEntity
  8
隐藏线
100
AcDbLine
 10
101.0000000355507
 20
39.90753625487089
 30
0.0
 11
104.5000000672554
 21
39.90753625487089
 31
0.0
  0
LINE
  5
A58
330
17
100
AcDbEntity
  8
隐藏线
100
AcDbLine
 10
97.5000000672554
 20
39.90753625487089
 30
0.0
 11
96.81791369468533
 21
39.90753625487089
 31
0.0
  0
LINE
  5
A59
330
17
100
AcDbEntity
  8
隐藏线
100
AcDbLine
 10
96.81791369468533
 20
39.90753625487089
 30
0.0
 11
96.16271515720715
 21
39.90753625487089
 31
0.0
  0
LINE
  5
A5A
330
17
100
AcDbEntity
  8
隐藏线
100
AcDbLine
 10
96.16271515720715
 20
39.90753625487089
 30
0.0
 11
95.55786227873534
 21
39.90753625487089
 31
0.0
  0
LINE
  5
A5B
330
17
100
AcDbEntity
  8
隐藏线
100
AcDbLine
 10
95.55786227873534
 20
39.90753625487089
 30
0.0
 11
95.02512632053342
 21
39.90753625487089
 31
0.0
  0
LINE
  5
A5C
330
17
100
AcDbEntity
  8
隐藏线
100
AcDbLine
 10
95.02512632053342
 20
39.90753625487089
 30
0.0
 11
94.59324648483582
 21
39.90753625487089
 31
0.0
  0
LINE
  5
A5D
330
17
100
AcDbEntity
  8
隐藏线
100
AcDbLine
 10
94.59324648483582
 20
39.90753625487089
 30
0.0
 11
94.27150871026487
 21
39.90753625487089
 31
0.0
  0
LINE
  5
A5E
330
17
100
AcDbEntity
  8
隐藏线
100
AcDbLine
 10
94.27150871026487
 20
39.90753625487089
 30
0.0
 11
94.071316108112
 21
39.90753625487089
 31
0.0
  0
LINE
  5
A5F
330
17
100
AcDbEntity
  8
隐藏线
100
AcDbLine
 10
94.071316108112
 20
39.90753625487089
 30
0.0
 11
94.0000000672554
 21
39.90753625487089
 31
0.0
  0
LINE
  5
A60
330
17
100
AcDbEntity
  8
隐藏线
100
AcDbLine
 10
108.0000000672554
 20
42.007536254870885
 30
0.0
 11
108.0000000672554
 21
40.95753625487089
 31
0.0
  0
LINE
  5
A61
330
17
100
AcDbEntity
  8
隐藏线
100
AcDbLine
 10
108.0000000672554
 20
40.95753625487089
 30
0.0
 11
108.0000000672554
 21
39.90753625487089
 31
0.0
  0
LINE
  5
A62
330
17
100
AcDbEntity
  8
隐藏线
100
AcDbLine
 10
94.0000000672554
 20
42.007536254870885
 30
0.0
 11
94.0000000672554
 21
40.95753625487089
 31
0.0
  0
LINE
  5
A63
330
17
100
AcDbEntity
  8
隐藏线
100
AcDbLine
 10
94.0000000672554
 20
40.95753625487089
 30
0.0
 11
94.0000000672554
 21
39.90753625487089
 31
0.0
  0
TEXT
  5
A64
330
17
100
AcDbEntity
  8
标注
100
AcDbText
 10
19.50000001777535
 20
-14.0
 30
0.0
 40
6.0
  1
主视图
  7
中文字体
 72
1
 11
19.50000001777535
 21
-14.0
 31
0.0
100
AcDbText
 73
2
  0
TEXT
  5
A65
330
17
100
AcDbEntity
  8
标注
100
AcDbText
 10
19.50000001777535
 20
80.01
 30
0.0
 40
6.0
  1
俯视图
  7
中文字体
 72
1
 11
19.50000001777535
 21
80.01
 31
0.0
100
AcDbText
 73
2
  0
TEXT
  5
A66
330
17
100
AcDbEntity
  8
标注
100
AcDbText
 10
101.0000000355507
 20
-13.99753625487088
 30
0.0
 40
6.0
  1
左视图
  7
中文字体
 72
1
 11
101.0000000355507
 21
-13.99753625487088
 31
0.0
100
AcDbText
 73
2
  0
LINE
  5
A67
330
17
100
AcDbEntity
  8
可见轮廓
100
AcDbLine
 10
37.00000000000004
 20
-63.400000000000006
 30
0.0
 11
37.00000000000004
 21
-93.36794230130126
 31
0.0
  0
LINE
  5
A68
330
17
100
AcDbEntity
  8
可见轮廓
100
AcDbLine
 10
36.99957130799879
 20
-93.40258553767615
 30
0.0
 11
37.00000000000004
 21
-93.36794230130126
 31
0.0
  0
LINE
  5
A69
330
17
100
AcDbEntity
  8
可见轮廓
100
AcDbLine
 10
36.998285494533526
 20
-93.43720755793912
 30
0.0
 11
36.99957130799879
 21
-93.40258553767615
 31
0.0
  0
LINE
  5
A6A
330
17
100
AcDbEntity
  8
可见轮廓
100
AcDbLine
 10
36.99614334705841
 20
-93.47178715897141
 30
0.0
 11
36.998285494533526
 21
-93.43720755793912
 31
0.0
  0
LINE
  5
A6B
330
17
100
AcDbEntity
  8
可见轮廓
100
AcDbLine
 10
36.99314617746127
 20
-93.5063031636325
 30
0.0
 11
36.99614334705841
 21
-93.47178715897141
 31
0.0
  0
LINE
  5
A6C
330
17
100
AcDbEntity
  8
可见轮廓
100
AcDbLine
 10
36.98929582126016
 20
-93.54073443372934
 30
0.0
 11
36.99314617746127
 21
-93.5063031636325
 31
0.0
  0
LINE
  5
A6D
330
17
100
AcDbEntity
  8
可见轮廓
100
AcDbLine
 10
36.98459463647923
 20
-93.57505988296185
 30
0.0
 11
36.98929582126016
 21
-93.54073443372934
 31
0.0
  0
LINE
  5
A6E
330
17
100
AcDbEntity
  8
可见轮廓
100
AcDbLine
 10
36.97904550220464
 20
-93.6092584898364
 30
0.0
 11
36.98459463647923
 21
-93.57505988296185
 31
0.0
  0
LINE
  5
A6F
330
17
100
AcDbEntity
  8
可见轮廓
100
AcDbLine
 10
36.972651816821354
 20
-93.64330931053985
 30
0.0
 11
36.97904550220464
 21
-93.6092584898364
 31
0.0
  0
LINE
  5
A70
330
17
100
AcDbEntity
  8
可见轮廓
100
AcDbLine
 10
36.96541749593193
 20
-93.67719149176577
 30
0.0
 11
36.972651816821354
 21
-93.64330931053985
 31
0.0
  0
LINE
  5
A71
330
17
100
AcDbEntity
  8
可见轮廓
100
AcDbLine
 10
36.9573469699585
 20
-93.71088428348551
 30
0.0
 11
36.96541749593193
 21
-93.67719149176577
 31
0.0
  0
LINE
  5
A72
330
17
100
AcDbEntity
  8
可见轮廓
100
AcDbLine
 10
36.948445181429534
 20
-93.74436705165577
 30
0.0
 11
36.9573469699585
 21
-93.71088428348551
 31
0.0
  0
LINE
  5
A73
330
17
100
AcDbEntity
  8
可见轮廓
100
AcDbLine
 10
36.93871758195294
 20
-93.77761929085527
 30
0.0
 11
36.948445181429534
 21
-93.74436705165577
 31
0.0
  0
LINE
  5
A74
330
17
100
AcDbEntity
  8
可见轮廓
100
AcDbLine
 10
36.92817012887743
 20
-93.81062063684263
 30
0.0
 11
36.93871758195294
 21
-93.77761929085527
 31
0.0
  0
LINE
  5
A75
330
17
100
AcDbEntity
  8
可见轮廓
100
AcDbLine
 10
36.91680928164409
 20
-93.84335087902778
 30
0.0
 11
36.92817012887743
 21
-93.81062063684263
 31
0.0
  0
LINE
  5
A76
330
17
100
AcDbEntity
  8
可见轮廓
100
AcDbLine
 10
36.90464199783054
 20
-93.87578997284925
 30
0.0
 11
36.91680928164409
 21
-93.84335087902778
 31
0.0
  0
LINE
  5
A77
330
17
100
AcDbEntity
  8
可见轮廓
100
AcDbLine
 10
36.89167572888999
 20
-93.90791805204984
 30
0.0
 11
36.90464199783054
 21
-93.87578997284925
 31
0.0
  0
LINE
  5
A78
330
17
100
AcDbEntity
  8
可见轮廓
100
AcDbLine
 10
36.87791841558784
 20
-93.93971544084302
 30
0.0
 11
36.89167572888999
 21
-93.90791805204984
 31
0.0
  0
LINE
  5
A79
330
17
100
AcDbEntity
  8
可见轮廓
100
AcDbLine
 10
36.86337848313863
 20
-93.97116266596272
 30
0.0
 11
36.87791841558784
 21
-93.93971544084302
 31
0.0
  0
LINE
  5
A7A
330
17
100
AcDbEntity
  8
可见轮廓
100
AcDbLine
 10
36.84806483604626
 20
-94.00224046858916
 30
0.0
 11
36.86337848313863
 21
-93.97116266596272
 31
0.0
  0
LINE
  5
A7B
330
17
100
AcDbEntity
  8
可见轮廓
100
AcDbLine
 10
36.83198685265076
 20
-94.0329298161432
 30
0.0
 11
36.84806483604626
 21
-94.00224046858916
 31
0.0
  0
LINE
  5
A7C
330
17
100
AcDbEntity
  8
可见轮廓
100
AcDbLine
 10
36.81515437938481
 20
-94.06321191394221
 30
0.0
 11
36.83198685265076
 21
-94.0329298161432
 31
0.0
  0
LINE
  5
A7D
330
17
100
AcDbEntity
  8
可见轮廓
100
AcDbLine
 10
36.79757772474363
 20
-94.09306821671034
 30
0.0
 11
36.81515437938481
 21
-94.06321191394221
 31
0.0
  0
LINE
  5
A7E
330
17
100
AcDbEntity
  8
可见轮廓
100
AcDbLine
 10
36.77926765297185
 20
-94.1224804399359
 30
0.0
 11
36.79757772474363
 21
-94.09306821671034
 31
0.0
  0
LINE
  5
A7F
330
17
100
AcDbEntity
  8
可见轮廓
100
AcDbLine
 10
36.76023537747137
 20
-94.15143057106913
 30
0.0
 11
36.77926765297185
 21
-94.1224804399359
 31
0.0
  0
LINE
  5
A80
330
17
100
AcDbEntity
  8
可见轮廓
100
AcDbLine
 10
36.740492553933976
 20
-94.17990088055339
 30
0.0
 11
36.76023537747137
 21
-94.15143057106913
 31
0.0
  0
LINE
  5
A81
330
17
100
AcDbEntity
  8
可见轮廓
100
AcDbLine
 10
36.72005127320331
 20
-94.20787393268303
 30
0.0
 11
36.740492553933976
 21
-94.17990088055339
 31
0.0
  0
LINE
  5
A82
330
17
100
AcDbEntity
  8
可见轮廓
100
AcDbLine
 10
36.69892405387013
 20
-94.23533259628134
 30
0.0
 11
36.72005127320331
 21
-94.20787393268303
 31
0.0
  0
LINE
  5
A83
330
17
100
AcDbEntity
  8
可见轮廓
100
AcDbLine
 10
36.67712383460577
 20
-94.26226005519197
 30
0.0
 11
36.69892405387013
 21
-94.23533259628134
 31
0.0
  0
LINE
  5
A84
330
17
100
AcDbEntity
  8
可见轮廓
100
AcDbLine
 10
36.65466396623829
 20
-94.28863981857744
 30
0.0
 11
36.67712383460577
 21
-94.26226005519197
 31
0.0
  0
LINE
  5
A85
330
17
100
AcDbEntity
  8
可见轮廓
100
AcDbLine
 10
36.63155820357611
 20
-94.31445573101834
 30
0.0
 11
36.65466396623829
 21
-94.28863981857744
 31
0.0
  0
LINE
  5
A86
330
17
100
AcDbEntity
  8
可见轮廓
100
AcDbLine
 10
36.60782069698445
 20
-94.33969198240734
 30
0.0
 11
36.63155820357611
 21
-94.31445573101834
 31
0.0
  0
LINE
  5
A87
330
17
100
AcDbEntity
  8
可见轮廓
100
AcDbLine
 10
36.58346598371929
 20
-94.36433311763139
 30
0.0
 11
36.60782069698445
 21
-94.33969198240734
 31
0.0
  0
LINE
  5
A88
330
17
100
AcDbEntity
  8
可见轮廓
100
AcDbLine
 10
36.55850897902461
 20
-94.38836404603683
 30
0.0
 11
36.58346598371929
 21
-94.36433311763139
 31
0.0
  0
LINE
  5
A89
330
17
100
AcDbEntity
  8
可见轮廓
100
AcDbLine
 10
36.532964966997945
 20
-94.4117700506711
 30
0.0
 11
36.55850897902461
 21
-94.38836404603683
 31
0.0
  0
LINE
  5
A8A
330
17
100
AcDbEntity
  8
可见轮廓
100
AcDbLine
 10
36.50684959123021
 20
-94.43453679729568
 30
0.0
 11
36.532964966997945
 21
-94.4117700506711
 31
0.0
  0
LINE
  5
A8B
330
17
100
AcDbEntity
  8
可见轮廓
100
AcDbLine
 10
36.480178845225254
 20
-94.4566503431646
 30
0.0
 11
36.50684959123021
 21
-94.43453679729568
 31
0.0
  0
LINE
  5
A8C
330
17
100
AcDbEntity
  8
可见轮廓
100
AcDbLine
 10
36.452969062605206
 20
-94.47809714556325
 30
0.0
 11
36.480178845225254
 21
-94.4566503431646
 31
0.0
  0
LINE
  5
A8D
330
17
100
AcDbEntity
  8
可见轮廓
100
AcDbLine
 10
36.42523690710742
 20
-94.49886407010217
 30
0.0
 11
36.452969062605206
 21
-94.47809714556325
 31
0.0
  0
LINE
  5
A8E
330
17
100
AcDbEntity
  8
可见轮廓
100
AcDbLine
 10
36.39699936237939
 20
-94.51893839876068
 30
0.0
 11
36.42523690710742
 21
-94.49886407010217
 31
0.0
  0
LINE
  5
A8F
330
17
100
AcDbEntity
  8
可见轮廓
100
AcDbLine
 10
36.36827372157763
 20
-94.53830783767579
 30
0.0
 11
36.39699936237939
 21
-94.51893839876068
 31
0.0
  0
LINE
  5
A90
330
17
100
AcDbEntity
  8
可见轮廓
100
AcDbLine
 10
36.33907757677705
 20
-94.55696052467101
 30
0.0
 11
36.36827372157763
 21
-94.53830783767579
 31
0.0
  0
LINE
  5
A91
330
17
100
AcDbEntity
  8
可见轮廓
100
AcDbLine
 10
36.30942880819729
 20
-94.57488503652102
 30
0.0
 11
36.33907757677705
 21
-94.55696052467101
 31
0.0
  0
LINE
  5
A92
330
17
100
AcDbEntity
  8
可见轮廓
100
AcDbLine
 10
36.279345573252535
 20
-94.59207039594747
 30
0.0
 11
36.30942880819729
 21
-94.57488503652102
 31
0.0
  0
LINE
  5
A93
330
17
100
AcDbEntity
  8
可见轮廓
100
AcDbLine
 10
36.24884629543163
 20
-94.60850607834162
 30
0.0
 11
36.279345573252535
 21
-94.59207039594747
 31
0.0
  0
LINE
  5
A94
330
17
100
AcDbEntity
  8
可见轮廓
100
AcDbLine
 10
36.21794965301521
 20
-94.62418201820977
 30
0.0
 11
36.24884629543163
 21
-94.60850607834162
 31
0.0
  0
LINE
  5
A95
330
17
100
AcDbEntity
  8
可见轮廓
100
AcDbLine
 10
36.186674567636814
 20
-94.6390886153376
 30
0.0
 11
36.21794965301521
 21
-94.62418201820977
 31
0.0
  0
LINE
  5
A96
330
17
100
AcDbEntity
  8
可见轮廓
100
AcDbLine
 10
35.957427181518106
 20
-94.74834391439154
 30
0.0
 11
36.186674567636814
 21
-94.6390886153376
 31
0.0
  0
LINE
  5
A97
330
17
100
AcDbEntity
  8
可见轮廓
100
AcDbLine
 10
35.730944925550816
 20
-94.8632215542768
 30
0.0
 11
35.957427181518106
 21
-94.74834391439154
 31
0.0
  0
LINE
  5
A98
330
17
100
AcDbEntity
  8
可见轮廓
100
AcDbLine
 10
35.50736566277864
 20
-94.983651607303
 30
0.0
 11
35.730944925550816
 21
-94.8632215542768
 31
0.0
  0
LINE
  5
A99
330
17
100
AcDbEntity
  8
可见轮廓
100
AcDbLine
 10
35.28682548915102
 20
-95.10956076594505
 30
0.0
 11
35.50736566277864
 21
-94.983651607303
 31
0.0
  0
LINE
  5
A9A
330
17
100
AcDbEntity
  8
可见轮廓
100
AcDbLine
 10
35.069458650679664
 20
-95.24087238746657
 30
0.0
 11
35.28682548915102
 21
-95.10956076594505
 31
0.0
  0
LINE
  5
A9B
330
17
100
AcDbEntity
  8
可见轮廓
100
AcDbLine
 10
34.85539746172099
 20
-95.37750654057348
 30
0.0
 11
35.069458650679664
 21
-95.24087238746657
 31
0.0
  0
LINE
  5
A9C
330
17
100
AcDbEntity
  8
可见轮廓
100
AcDbLine
 10
34.64477222443448
 20
-95.51938005406927
 30
0.0
 11
34.85539746172099
 21
-95.37750654057348
 31
0.0
  0
LINE
  5
A9D
330
17
100
AcDbEntity
  8
可见轮廓
100
AcDbLine
 10
34.437711149465855
 20
-95.6664065674826
 30
0.0
 11
34.64477222443448
 21
-95.51938005406927
 31
0.0
  0
LINE
  5
A9E
330
17
100
AcDbEntity
  8
可见轮廓
100
AcDbLine
 10
34.23434027790337
 20
-95.81849658363606
 30
0.0
 11
34.437711149465855
 21
-95.6664065674826
 31
0.0
  0
LINE
  5
A9F
330
17
100
AcDbEntity
  8
可见轮廓
100
AcDbLine
 10
34.03478340455483
 20
-95.97555752312452
 30
0.0
 11
34.23434027790337
 21
-95.81849658363606
 31
0.0
  0
LINE
  5
AA0
330
17
100
AcDbEntity
  8
可见轮廓
100
AcDbLine
 10
33.83916200259179
 20
-96.13749378066947
 30
0.0
 11
34.03478340455483
 21
-95.97555752312452
 31
0.0
  0
LINE
  5
AA1
330
17
100
AcDbEntity
  8
可见轮廓
100
AcDbLine
 10
33.64759514960719
 20
-96.30420678331538
 30
0.0
 11
33.83916200259179
 21
-96.13749378066947
 31
0.0
  0
LINE
  5
AA2
330
17
100
AcDbEntity
  8
可见轮廓
100
AcDbLine
 10
33.460199455130976
 20
-96.47559505043255
 30
0.0
 11
33.64759514960719
 21
-96.30420678331538
 31
0.0
  0
LINE
  5
AA3
330
17
100
AcDbEntity
  8
可见轮廓
100
AcDbLine
 10
33.27708898964828
 20
-96.65155425548971
 30
0.0
 11
33.460199455130976
 21
-96.47559505043255
 31
0.0
  0
LINE
  5
AA4
330
17
100
AcDbEntity
  8
可见轮廓
100
AcDbLine
 10
33.09837521516296
 20
-96.83197728955925
 30
0.0
 11
33.27708898964828
 21
-96.65155425548971
 31
0.0
  0
LINE
  5
AA5
330
17
100
AcDbEntity
  8
可见轮廓
100
AcDbLine
 10
32.924166917349154
 20
-97.01675432651585
 30
0.0
 11
33.09837521516296
 21
-96.83197728955925
 31
0.0
  0
LINE
  5
AA6
330
17
100
AcDbEntity
  8
可见轮廓
100
AcDbLine
 10
32.754570139331804
 20
-97.20577288988935
 30
0.0
 11
32.924166917349154
 21
-97.01675432651585
 31
0.0
  0
LINE
  5
AA7
330
17
100
AcDbEntity
  8
可见轮廓
100
AcDbLine
 10
32.58968811713666
 20
-97.39891792133069
 30
0.0
 11
32.754570139331804
 21
-97.20577288988935
 31
0.0
  0
LINE
  5
AA8
330
17
100
AcDbEntity
  8
可见轮廓
100
AcDbLine
 10
32.42962121684903
 20
-97.59607185064976
 30
0.0
 11
32.58968811713666
 21
-97.39891792133069
 31
0.0
  0
LINE
  5
AA9
330
17
100
AcDbEntity
  8
可见轮廓
100
AcDbLine
 10
32.27446687351946
 20
-97.79711466738196
 30
0.0
 11
32.42962121684903
 21
-97.59607185064976
 31
0.0
  0
LINE
  5
AAA
330
17
100
AcDbEntity
  8
可见轮廓
100
AcDbLine
 10
32.124319531853644
 20
-98.00192399384034
 30
0.0
 11
32.27446687351946
 21
-97.79711466738196
 31
0.0
  0
LINE
  5
AAB
330
17
100
AcDbEntity
  8
可见轮廓
100
AcDbLine
 10
31.979270588722507
 20
-98.21037515960869
 30
0.0
 11
32.124319531853644
 21
-98.00192399384034
 31
0.0
  0
LINE
  5
AAC
330
17
100
AcDbEntity
  8
可见轮廓
100
AcDbLine
 10
31.839408337527637
 20
-98.42234127743026
 30
0.0
 11
31.979270588722507
 21
-98.21037515960869
 31
0.0
  0
LINE
  5
AAD
330
17
100
AcDbEntity
  8
可见轮廓
100
AcDbLine
 10
31.704817914455795
 20
-98.63769332044585
 30
0.0
 11
31.839408337527637
 21
-98.42234127743026
 31
0.0
  0
LINE
  5
AAE
330
17
100
AcDbEntity
  8
可见轮廓
100
AcDbLine
 10
31.575581246655247
 20
-98.85630020073431
 30
0.0
 11
31.704817914455795
 21
-98.63769332044585
 31
0.0
  0
LINE
  5
AAF
330
17
100
AcDbEntity
  8
可见轮廓
100
AcDbLine
 10
31.567082791593958
 20
-98.87152483515209
 30
0.0
 11
31.575581246655247
 21
-98.85630020073431
 31
0.0
  0
LINE
  5
AB0
330
17
100
AcDbEntity
  8
可见轮廓
100
AcDbLine
 10
31.558966166846012
 20
-98.88695641427687
 30
0.0
 11
31.567082791593958
 21
-98.87152483515209
 31
0.0
  0
LINE
  5
AB1
330
17
100
AcDbEntity
  8
可见轮廓
100
AcDbLine
 10
31.551236408250844
 20
-98.90258536381432
 30
0.0
 11
31.558966166846012
 21
-98.88695641427687
 31
0.0
  0
LINE
  5
AB2
330
17
100
AcDbEntity
  8
可见轮廓
100
AcDbLine
 10
31.543898311622513
 20
-98.9184019870145
 30
0.0
 11
31.551236408250844
 21
-98.90258536381432
 31
0.0
  0
LINE
  5
AB3
330
17
100
AcDbEntity
  8
可见轮廓
100
AcDbLine
 10
31.53695642977422
 20
-98.9343964706882
 30
0.0
 11
31.543898311622513
 21
-98.9184019870145
 31
0.0
  0
LINE
  5
AB4
330
17
100
AcDbEntity
  8
可见轮廓
100
AcDbLine
 10
31.53041506969359
 20
-98.95055889129526
 30
0.0
 11
31.53695642977422
 21
-98.9343964706882
 31
0.0
  0
LINE
  5
AB5
330
17
100
AcDbEntity
  8
可见轮廓
100
AcDbLine
 10
31.524278289870445
 20
-98.96687922110155
 30
0.0
 11
31.53041506969359
 21
-98.95055889129526
 31
0.0
  0
LINE
  5
AB6
330
17
100
AcDbEntity
  8
可见轮廓
100
AcDbLine
 10
31.518549897778804
 20
-98.98334733440052
 30
0.0
 11
31.524278289870445
 21
-98.96687922110155
 31
0.0
  0
LINE
  5
AB7
330
17
100
AcDbEntity
  8
可见轮廓
100
AcDbLine
 10
31.51323344751457
 20
-98.99995301379559
 30
0.0
 11
31.518549897778804
 21
-98.98334733440052
 31
0.0
  0
LINE
  5
AB8
330
17
100
AcDbEntity
  8
可见轮廓
100
AcDbLine
 10
31.508332237590444
 20
-99.01668595653926
 30
0.0
 11
31.51323344751457
 21
-98.99995301379559
 31
0.0
  0
LINE
  5
AB9
330
17
100
AcDbEntity
  8
可见轮廓
100
AcDbLine
 10
31.503849308889418
 20
-99.03353578092545
 30
0.0
 11
31.508332237590444
 21
-99.01668595653926
 31
0.0
  0
LINE
  5
ABA
330
17
100
AcDbEntity
  8
可见轮廓
100
AcDbLine
 10
31.499787442778114
 20
-99.05049203273055
 30
0.0
 11
31.503849308889418
 21
-99.03353578092545
 31
0.0
  0
LINE
  5
ABB
330
17
100
AcDbEntity
  8
可见轮廓
100
AcDbLine
 10
31.496149159381105
 20
-99.06754419169961
 30
0.0
 11
31.499787442778114
 21
-99.05049203273055
 31
0.0
  0
LINE
  5
ABC
330
17
100
AcDbEntity
  8
可见轮廓
100
AcDbLine
 10
31.492936716017354
 20
-99.0846816780736
 30
0.0
 11
31.496149159381105
 21
-99.06754419169961
 31
0.0
  0
LINE
  5
ABD
330
17
100
AcDbEntity
  8
可见轮廓
100
AcDbLine
 10
31.490152105799698
 20
-99.10189385915326
 30
0.0
 11
31.492936716017354
 21
-99.0846816780736
 31
0.0
  0
LINE
  5
ABE
330
17
100
AcDbEntity
  8
可见轮廓
100
AcDbLine
 10
31.487797056398243
 20
-99.11917005589619
 30
0.0
 11
31.490152105799698
 21
-99.10189385915326
 31
0.0
  0
LINE
  5
ABF
330
17
100
AcDbEntity
  8
可见轮廓
100
AcDbLine
 10
31.48587302896845
 20
-99.13649954954238
 30
0.0
 11
31.487797056398243
 21
-99.11917005589619
 31
0.0
  0
LINE
  5
AC0
330
17
100
AcDbEntity
  8
可见轮廓
100
AcDbLine
 10
31.484381217244604
 20
-99.15387158826454
 30
0.0
 11
31.48587302896845
 21
-99.13649954954238
 31
0.0
  0
LINE
  5
AC1
330
17
100
AcDbEntity
  8
可见轮廓
100
AcDbLine
 10
31.483322546799155
 20
-99.17127539383894
 30
0.0
 11
31.484381217244604
 21
-99.15387158826454
 31
0.0
  0
LINE
  5
AC2
330
17
100
AcDbEntity
  8
可见轮廓
100
AcDbLine
 10
31.482697674468483
 20
-99.18870016833257
 30
0.0
 11
31.483322546799155
 21
-99.17127539383894
 31
0.0
  0
LINE
  5
AC3
330
17
100
AcDbEntity
  8
可见轮廓
100
AcDbLine
 10
31.48250698794535
 20
-99.20613510080258
 30
0.0
 11
31.482697674468483
 21
-99.18870016833257
 31
0.0
  0
LINE
  5
AC4
330
17
100
AcDbEntity
  8
可见轮廓
100
AcDbLine
 10
31.482750605538385
 20
-99.22356937400372
 30
0.0
 11
31.48250698794535
 21
-99.20613510080258
 31
0.0
  0
LINE
  5
AC5
330
17
100
AcDbEntity
  8
可见轮廓
100
AcDbLine
 10
31.483428376098665
 20
-99.2409921710998
 30
0.0
 11
31.482750605538385
 21
-99.22356937400372
 31
0.0
  0
LINE
  5
AC6
330
17
100
AcDbEntity
  8
可见轮廓
100
AcDbLine
 10
31.484539879113502
 20
-99.25839268237482
 30
0.0
 11
31.483428376098665
 21
-99.2409921710998
 31
0.0
  0
LINE
  5
AC7
330
17
100
AcDbEntity
  8
可见轮廓
100
AcDbLine
 10
31.486084424967334
 20
-99.27576011193963
 30
0.0
 11
31.484539879113502
 21
-99.25839268237482
 31
0.0
  0
LINE
  5
AC8
330
17
100
AcDbEntity
  8
可见轮廓
100
AcDbLine
 10
31.4880610553696
 20
-99.29308368443021
 30
0.0
 11
31.486084424967334
 21
-99.27576011193963
 31
0.0
  0
LINE
  5
AC9
330
17
100
AcDbEntity
  8
可见轮廓
100
AcDbLine
 10
31.490468543949284
 20
-99.31035265169298
 30
0.0
 11
31.4880610553696
 21
-99.29308368443021
 31
0.0
  0
LINE
  5
ACA
330
17
100
AcDbEntity
  8
可见轮廓
100
AcDbLine
 10
31.49330539701581
 20
-99.32755629945333
 30
0.0
 11
31.490468543949284
 21
-99.31035265169298
 31
0.0
  0
LINE
  5
ACB
330
17
100
AcDbEntity
  8
可见轮廓
100
AcDbLine
 10
31.49656985448577
 20
-99.34468395396324
 30
0.0
 11
31.49330539701581
 21
-99.32755629945333
 31
0.0
  0
LINE
  5
ACC
330
17
100
AcDbEntity
  8
可见轮廓
100
AcDbLine
 10
31.50025989097496
 20
-99.36172498862351
 30
0.0
 11
31.49656985448577
 21
-99.34468395396324
 31
0.0
  0
LINE
  5
ACD
330
17
100
AcDbEntity
  8
可见轮廓
100
AcDbLine
 10
31.50437321705497
 20
-99.37866883057694
 30
0.0
 11
31.50025989097496
 21
-99.36172498862351
 31
0.0
  0
LINE
  5
ACE
330
17
100
AcDbEntity
  8
可见轮廓
100
AcDbLine
 10
31.508907280673643
 20
-99.39550496726815
 30
0.0
 11
31.50437321705497
 21
-99.37866883057694
 31
0.0
  0
LINE
  5
ACF
330
17
100
AcDbEntity
  8
可见轮廓
100
AcDbLine
 10
31.51385926873847
 20
-99.41222295296589
 30
0.0
 11
31.508907280673643
 21
-99.39550496726815
 31
0.0
  0
LINE
  5
AD0
330
17
100
AcDbEntity
  8
可见轮廓
100
AcDbLine
 10
31.519226108861915
 20
-99.4288124152439
 30
0.0
 11
31.51385926873847
 21
-99.41222295296589
 31
0.0
  0
LINE
  5
AD1
330
17
100
AcDbEntity
  8
可见轮廓
100
AcDbLine
 10
31.52500447126762
 20
-99.44526306141637
 30
0.0
 11
31.519226108861915
 21
-99.4288124152439
 31
0.0
  0
LINE
  5
AD2
330
17
100
AcDbEntity
  8
可见轮廓
100
AcDbLine
 10
31.531190770856355
 20
-99.46156468492393
 30
0.0
 11
31.52500447126762
 21
-99.44526306141637
 31
0.0
  0
LINE
  5
AD3
330
17
100
AcDbEntity
  8
可见轮廓
100
AcDbLine
 10
31.537781169430303
 20
-99.47770717166605
 30
0.0
 11
31.531190770856355
 21
-99.46156468492393
 31
0.0
  0
LINE
  5
AD4
330
17
100
AcDbEntity
  8
可见轮廓
100
AcDbLine
 10
31.544771578074425
 20
-99.49368050627633
 30
0.0
 11
31.537781169430303
 21
-99.47770717166605
 31
0.0
  0
LINE
  5
AD5
330
17
100
AcDbEntity
  8
可见轮廓
100
AcDbLine
 10
31.552157659693364
 20
-99.50947477833623
 30
0.0
 11
31.544771578074425
 21
-99.49368050627633
 31
0.0
  0
LINE
  5
AD6
330
17
100
AcDbEntity
  8
可见轮廓
100
AcDbLine
 10
31.559934831702353
 20
-99.52508018852393
 30
0.0
 11
31.552157659693364
 21
-99.50947477833623
 31
0.0
  0
LINE
  5
AD7
330
17
100
AcDbEntity
  8
可见轮廓
100
AcDbLine
 10
31.568098268870376
 20
-99.54048705469415
 30
0.0
 11
31.559934831702353
 21
-99.52508018852393
 31
0.0
  0
LINE
  5
AD8
330
17
100
AcDbEntity
  8
可见轮廓
100
AcDbLine
 10
31.576642906313936
 20
-99.55568581788535
 30
0.0
 11
31.568098268870376
 21
-99.54048705469415
 31
0.0
  0
LINE
  5
AD9
330
17
100
AcDbEntity
  8
可见轮廓
100
AcDbLine
 10
31.585563442639472
 20
-99.57066704825033
 30
0.0
 11
31.576642906313936
 21
-99.55568581788535
 31
0.0
  0
LINE
  5
ADA
330
17
100
AcDbEntity
  8
可见轮廓
100
AcDbLine
 10
31.594854343232548
 20
-99.58542145090692
 30
0.0
 11
31.585563442639472
 21
-99.57066704825033
 31
0.0
  0
LINE
  5
ADB
330
17
100
AcDbEntity
  8
可见轮廓
100
AcDbLine
 10
31.604509843691712
 20
-99.59993987170489
 30
0.0
 11
31.594854343232548
 21
-99.58542145090692
 31
0.0
  0
LINE
  5
ADC
330
17
100
AcDbEntity
  8
可见轮廓
100
AcDbLine
 10
31.614523953404923
 20
-99.6142133029054
 30
0.0
 11
31.604509843691712
 21
-99.59993987170489
 31
0.0
  0
LINE
  5
ADD
330
17
100
AcDbEntity
  8
可见轮廓
100
AcDbLine
 10
31.624890459266354
 20
-99.62823288876976
 30
0.0
 11
31.614523953404923
 21
-99.6142133029054
 31
0.0
  0
LINE
  5
ADE
330
17
100
AcDbEntity
  8
可见轮廓
100
AcDbLine
 10
31.635602929531217
 20
-99.64198993105393
 30
0.0
 11
31.624890459266354
 21
-99.62823288876976
 31
0.0
  0
LINE
  5
ADF
330
17
100
AcDbEntity
  8
可见轮廓
100
AcDbLine
 10
31.646654717806243
 20
-99.65547589440504
 30
0.0
 11
31.635602929531217
 21
-99.64198993105393
 31
0.0
  0
LINE
  5
AE0
330
17
100
AcDbEntity
  8
可见轮廓
100
AcDbLine
 10
31.658038967173326
 20
-99.66868241165722
 30
0.0
 11
31.646654717806243
 21
-99.65547589440504
 31
0.0
  0
LINE
  5
AE1
330
17
100
AcDbEntity
  8
可见轮廓
100
AcDbLine
 10
31.66974861444382
 20
-99.6816012890227
 30
0.0
 11
31.658038967173326
 21
-99.66868241165722
 31
0.0
  0
LINE
  5
AE2
330
17
100
AcDbEntity
  8
可见轮廓
100
AcDbLine
 10
31.681776394540766
 20
-99.69422451117566
 30
0.0
 11
31.66974861444382
 21
-99.6816012890227
 31
0.0
  0
LINE
  5
AE3
330
17
100
AcDbEntity
  8
可见轮廓
100
AcDbLine
 10
31.69411484500642
 20
-99.70654424622518
 30
0.0
 11
31.681776394540766
 21
-99.69422451117566
 31
0.0
  0
LINE
  5
AE4
330
17
100
AcDbEntity
  8
可见轮廓
100
AcDbLine
 10
31.706756310632215
 20
-99.71855285057435
 30
0.0
 11
31.69411484500642
 21
-99.70654424622518
 31
0.0
  0
LINE
  5
AE5
330
17
100
AcDbEntity
  8
可见轮廓
100
AcDbLine
 10
31.71969294820832
 20
-99.7302428736628
 30
0.0
 11
31.706756310632215
 21
-99.71855285057435
 31
0.0
  0
LINE
  5
AE6
330
17
100
AcDbEntity
  8
可见轮廓
100
AcDbLine
 10
31.732916731389842
 20
-99.74160706258905
 30
0.0
 11
31.71969294820832
 21
-99.7302428736628
 31
0.0
  0
LINE
  5
AE7
330
17
100
AcDbEntity
  8
可见轮廓
100
AcDbLine
 10
31.74641945567667
 20
-99.7526383666107
 30
0.0
 11
31.732916731389842
 21
-99.74160706258905
 31
0.0
  0
LINE
  5
AE8
330
17
100
AcDbEntity
  8
可见轮廓
100
AcDbLine
 10
31.7601927435038
 20
-99.76332994151875
 30
0.0
 11
31.74641945567667
 21
-99.7526383666107
 31
0.0
  0
LINE
  5
AE9
330
17
100
AcDbEntity
  8
可见轮廓
100
AcDbLine
 10
31.77422804943912
 20
-99.77367515388417
 30
0.0
 11
31.7601927435038
 21
-99.76332994151875
 31
0.0
  0
LINE
  5
AEA
330
17
100
AcDbEntity
  8
可见轮廓
100
AcDbLine
 10
31.788516665485247
 20
-99.78366758517342
 30
0.0
 11
31.77422804943912
 21
-99.77367515388417
 31
0.0
  0
LINE
  5
AEB
330
17
100
AcDbEntity
  8
可见轮廓
100
AcDbLine
 10
31.803049726482303
 20
-99.79330103573068
 30
0.0
 11
31.788516665485247
 21
-99.78366758517342
 31
0.0
  0
LINE
  5
AEC
330
17
100
AcDbEntity
  8
可见轮廓
100
AcDbLine
 10
31.817818215608177
 20
-99.8025695286245
 30
0.0
 11
31.803049726482303
 21
-99.79330103573068
 31
0.0
  0
LINE
  5
AED
330
17
100
AcDbEntity
  8
可见轮廓
100
AcDbLine
 10
31.83281296997285
 20
-99.81146731335592
 30
0.0
 11
31.817818215608177
 21
-99.8025695286245
 31
0.0
  0
LINE
  5
AEE
330
17
100
AcDbEntity
  8
可见轮廓
100
AcDbLine
 10
31.848024686303408
 20
-99.8199888694264
 30
0.0
 11
31.83281296997285
 21
-99.81146731335592
 31
0.0
  0
LINE
  5
AEF
330
17
100
AcDbEntity
  8
可见轮廓
100
AcDbLine
 10
31.863443926716094
 20
-99.82812890976288
 30
0.0
 11
31.848024686303408
 21
-99.8199888694264
 31
0.0
  0
LINE
  5
AF0
330
17
100
AcDbEntity
  8
可见轮廓
100
AcDbLine
 10
31.879061124571916
 20
-99.83588238399807
 30
0.0
 11
31.863443926716094
 21
-99.82812890976288
 31
0.0
  0
LINE
  5
AF1
330
17
100
AcDbEntity
  8
可见轮廓
100
AcDbLine
 10
31.89486659041212
 20
-99.8432444816039
 30
0.0
 11
31.879061124571916
 21
-99.83588238399807
 31
0.0
  0
LINE
  5
AF2
330
17
100
AcDbEntity
  8
可见轮廓
100
AcDbLine
 10
31.910850517969884
 20
-99.8502106348761
 30
0.0
 11
31.89486659041212
 21
-99.8432444816039
 31
0.0
  0
LINE
  5
AF3
330
17
100
AcDbEntity
  8
可见轮廓
100
AcDbLine
 10
31.927002990254437
 20
-99.85677652176824
 30
0.0
 11
31.910850517969884
 21
-99.8502106348761
 31
0.0
  0
LINE
  5
AF4
330
17
100
AcDbEntity
  8
可见轮廓
100
AcDbLine
 10
31.943313985703963
 20
-99.86293806857316
 30
0.0
 11
31.927002990254437
 21
-99.85677652176824
 31
0.0
  0
LINE
  5
AF5
330
17
100
AcDbEntity
  8
可见轮廓
100
AcDbLine
 10
31.959773384403277
 20
-99.86869145245056
 30
0.0
 11
31.943313985703963
 21
-99.86293806857316
 31
0.0
  0
LINE
  5
AF6
330
17
100
AcDbEntity
  8
可见轮廓
100
AcDbLine
 10
31.97637097436261
 20
-99.87403310379875
 30
0.0
 11
31.959773384403277
 21
-99.86869145245056
 31
0.0
  0
LINE
  5
AF7
330
17
100
AcDbEntity
  8
可见轮廓
100
AcDbLine
 10
31.99309645785347
 20
-99.87895970846938
 30
0.0
 11
31.97637097436261
 21
-99.87403310379875
 31
0.0
  0
LINE
  5
AF8
330
17
100
AcDbEntity
  8
可见轮廓
100
AcDbLine
 10
32.009939457797714
 20
-99.88346820982366
 30
0.0
 11
31.99309645785347
 21
-99.87895970846938
 31
0.0
  0
LINE
  5
AF9
330
17
100
AcDbEntity
  8
可见轮廓
100
AcDbLine
 10
32.026889524205885
 20
-99.88755581062883
 30
0.0
 11
32.009939457797714
 21
-99.88346820982366
 31
0.0
  0
LINE
  5
AFA
330
17
100
AcDbEntity
  8
可见轮廓
100
AcDbLine
 10
32.0439361406607
 20
-99.89121997479357
 30
0.0
 11
32.026889524205885
 21
-99.88755581062883
 31
0.0
  0
LINE
  5
AFB
330
17
100
AcDbEntity
  8
可见轮廓
100
AcDbLine
 10
32.06106873084184
 20
-99.89445842894159
 30
0.0
 11
32.0439361406607
 21
-99.89121997479357
 31
0.0
  0
LINE
  5
AFC
330
17
100
AcDbEntity
  8
可见轮廓
100
AcDbLine
 10
32.07827666508786
 20
-99.89726916382205
 30
0.0
 11
32.06106873084184
 21
-99.89445842894159
 31
0.0
  0
LINE
  5
AFD
330
17
100
AcDbEntity
  8
可见轮廓
100
AcDbLine
 10
32.09554926699122
 20
-99.89965043555618
 30
0.0
 11
32.07827666508786
 21
-99.89726916382205
 31
0.0
  0
LINE
  5
AFE
330
17
100
AcDbEntity
  8
可见轮廓
100
AcDbLine
 10
32.112875820022275
 20
-99.90160076671927
 30
0.0
 11
32.09554926699122
 21
-99.89965043555618
 31
0.0
  0
LINE
  5
AFF
330
17
100
AcDbEntity
  8
可见轮廓
100
AcDbLine
 10
32.13024557417821
 20
-99.90311894725727
 30
0.0
 11
32.112875820022275
 21
-99.90160076671927
 31
0.0
  0
LINE
  5
B00
330
17
100
AcDbEntity
  8
可见轮廓
100
AcDbLine
 10
32.147647752652716
 20
-99.9042040352376
 30
0.0
 11
32.13024557417821
 21
-99.90311894725727
 31
0.0
  0
LINE
  5
B01
330
17
100
AcDbEntity
  8
可见轮廓
100
AcDbLine
 10
32.1650715585223
 20
-99.90485535743349
 30
0.0
 11
32.147647752652716
 21
-99.9042040352376
 31
0.0
  0
LINE
  5
B02
330
17
100
AcDbEntity
  8
可见轮廓
100
AcDbLine
 10
32.182506181445056
 20
-99.90507250974176
 30
0.0
 11
32.1650715585223
 21
-99.90485535743349
 31
0.0
  0
LINE
  5
B03
330
17
100
AcDbEntity
  8
可见轮廓
100
AcDbLine
 10
35.24999999999999
 20
-99.90507250974176
 30
0.0
 11
32.182506181445056
 21
-99.90507250974176
 31
0.0
  0
LINE
  5
B04
330
17
100
AcDbEntity
  8
可见轮廓
100
AcDbLine
 10
35.24999999999999
 20
-99.90507250974176
 30
0.0
 11
35.24999999999999
 21
-102.00507250974177
 31
0.0
  0
LINE
  5
B05
330
17
100
AcDbEntity
  8
可见轮廓
100
AcDbLine
 10
29.118168286404853
 20
-102.00507250974177
 30
0.0
 11
35.24999999999999
 21
-102.00507250974177
 31
0.0
  0
LINE
  5
B06
330
17
100
AcDbEntity
  8
可见轮廓
100
AcDbLine
 10
28.433045773593086
 20
-101.16152062909065
 30
0.0
 11
28.43679775584482
 21
-101.14465368265361
 31
0.0
  0
LINE
  5
B07
330
17
100
AcDbEntity
  8
可见轮廓
100
AcDbLine
 10
28.429711256416965
 20
-101.17847504586413
 30
0.0
 11
28.433045773593086
 21
-101.16152062909065
 31
0.0
  0
LINE
  5
B08
330
17
100
AcDbEntity
  8
可见轮廓
100
AcDbLine
 10
28.42679623613479
 20
-101.1955066021548
 30
0.0
 11
28.429711256416965
 21
-101.17847504586413
 31
0.0
  0
LINE
  5
B09
330
17
100
AcDbEntity
  8
可见轮廓
100
AcDbLine
 10
28.4243024889532
 20
-101.21260492013994
 30
0.0
 11
28.42679623613479
 21
-101.1955066021548
 31
0.0
  0
LINE
  5
B0A
330
17
100
AcDbEntity
  8
可见轮廓
100
AcDbLine
 10
28.422231534384892
 20
-101.2297595813171
 30
0.0
 11
28.4243024889532
 21
-101.21260492013994
 31
0.0
  0
LINE
  5
B0B
330
17
100
AcDbEntity
  8
可见轮廓
100
AcDbLine
 10
28.420584634322722
 20
-101.24696013285222
 30
0.0
 11
28.422231534384892
 21
-101.2297595813171
 31
0.0
  0
LINE
  5
B0C
330
17
100
AcDbEntity
  8
可见轮廓
100
AcDbLine
 10
28.41936279227081
 20
-101.26419609394894
 30
0.0
 11
28.420584634322722
 21
-101.24696013285222
 31
0.0
  0
LINE
  5
B0D
330
17
100
AcDbEntity
  8
可见轮廓
100
AcDbLine
 10
28.41856675273305
 20
-101.28145696223478
 30
0.0
 11
28.41936279227081
 21
-101.26419609394894
 31
0.0
  0
LINE
  5
B0E
330
17
100
AcDbEntity
  8
可见轮廓
100
AcDbLine
 10
28.418197000759488
 20
-101.29873222016064
 30
0.0
 11
28.41856675273305
 21
-101.28145696223478
 31
0.0
  0
LINE
  5
B0F
330
17
100
AcDbEntity
  8
可见轮廓
100
AcDbLine
 10
28.41825376165076
 20
-101.31601134140939
 30
0.0
 11
28.418197000759488
 21
-101.29873222016064
 31
0.0
  0
LINE
  5
B10
330
17
100
AcDbEntity
  8
可见轮廓
100
AcDbLine
 10
28.418737000820805
 20
-101.3332837973098
 30
0.0
 11
28.41825376165076
 21
-101.31601134140939
 31
0.0
  0
LINE
  5
B11
330
17
100
AcDbEntity
  8
可见轮廓
100
AcDbLine
 10
28.419646423817937
 20
-101.35053906325209
 30
0.0
 11
28.418737000820805
 21
-101.3332837973098
 31
0.0
  0
LINE
  5
B12
330
17
100
AcDbEntity
  8
可见轮廓
100
AcDbLine
 10
28.420981476504274
 20
-101.36776662510083
 30
0.0
 11
28.419646423817937
 21
-101.35053906325209
 31
0.0
  0
LINE
  5
B13
330
17
100
AcDbEntity
  8
可见轮廓
100
AcDbLine
 10
28.422741345393376
 20
-101.38495598560144
 30
0.0
 11
28.420981476504274
 21
-101.36776662510083
 31
0.0
  0
LINE
  5
B14
330
17
100
AcDbEntity
  8
可见轮廓
100
AcDbLine
 10
28.424924958145944
 20
-101.40209667077661
 30
0.0
 11
28.422741345393376
 21
-101.38495598560144
 31
0.0
  0
LINE
  5
B15
330
17
100
AcDbEntity
  8
可见轮廓
100
AcDbLine
 10
28.427530984223207
 20
-101.41917823630826
 30
0.0
 11
28.424924958145944
 21
-101.40209667077661
 31
0.0
  0
LINE
  5
B16
330
17
100
AcDbEntity
  8
可见轮廓
100
AcDbLine
 10
28.430557835697677
 20
-101.43619027390163
 30
0.0
 11
28.427530984223207
 21
-101.41917823630826
 31
0.0
  0
LINE
  5
B17
330
17
100
AcDbEntity
  8
可见轮廓
100
AcDbLine
 10
28.434003668220704
 20
-101.45312241762741
 30
0.0
 11
28.430557835697677
 21
-101.43619027390163
 31
0.0
  0
LINE
  5
B18
330
17
100
AcDbEntity
  8
可见轮廓
100
AcDbLine
 10
28.437866382146304
 20
-101.46996435023789
 30
0.0
 11
28.434003668220704
 21
-101.45312241762741
 31
0.0
  0
LINE
  5
B19
330
17
100
AcDbEntity
  8
可见轮廓
100
AcDbLine
 10
28.44214362381052
 20
-101.48670580945365
 30
0.0
 11
28.437866382146304
 21
-101.46996435023789
 31
0.0
  0
LINE
  5
B1A
330
17
100
AcDbEntity
  8
可见轮廓
100
AcDbLine
 10
28.446832786965594
 20
-101.50333659421662
 30
0.0
 11
28.44214362381052
 21
-101.48670580945365
 31
0.0
  0
LINE
  5
B1B
330
17
100
AcDbEntity
  8
可见轮廓
100
AcDbLine
 10
28.45193101436802
 20
-101.5198465709059
 30
0.0
 11
28.446832786965594
 21
-101.50333659421662
 31
0.0
  0
LINE
  5
B1C
330
17
100
AcDbEntity
  8
可见轮廓
100
AcDbLine
 10
28.457435199519544
 20
-101.53622567951244
 30
0.0
 11
28.45193101436802
 21
-101.5198465709059
 31
0.0
  0
LINE
  5
B1D
330
17
100
AcDbEntity
  8
可见轮廓
100
AcDbLine
 10
28.463341988560053
 20
-101.55246393976896
 30
0.0
 11
28.457435199519544
 21
-101.53622567951244
 31
0.0
  0
LINE
  5
B1E
330
17
100
AcDbEntity
  8
可见轮廓
100
AcDbLine
 10
28.46964778231117
 20
-101.56855145723111
 30
0.0
 11
28.463341988560053
 21
-101.55246393976896
 31
0.0
  0
LINE
  5
B1F
330
17
100
AcDbEntity
  8
可见轮廓
100
AcDbLine
 10
28.47634873846934
 20
-101.5844784293066
 30
0.0
 11
28.46964778231117
 21
-101.56855145723111
 31
0.0
  0
LINE
  5
B20
330
17
100
AcDbEntity
  8
可见轮廓
100
AcDbLine
 10
28.48344077394706
 20
-101.60023515122805
 30
0.0
 11
28.47634873846934
 21
-101.5844784293066
 31
0.0
  0
LINE
  5
B21
330
17
100
AcDbEntity
  8
可见轮廓
100
AcDbLine
 10
28.490919567360827
 20
-101.61581202196646
 30
0.0
 11
28.48344077394706
 21
-101.60023515122805
 31
0.0
  0
LINE
  5
B22
330
17
100
AcDbEntity
  8
可见轮廓
100
AcDbLine
 10
28.49878056166427
 20
-101.63119955008142
 30
0.0
 11
28.490919567360827
 21
-101.61581202196646
 31
0.0
  0
LINE
  5
B23
330
17
100
AcDbEntity
  8
可见轮廓
100
AcDbLine
 10
28.5070189669249
 20
-101.64638835950444
 30
0.0
 11
28.49878056166427
 21
-101.63119955008142
 31
0.0
  0
LINE
  5
B24
330
17
100
AcDbEntity
  8
可见轮廓
100
AcDbLine
 10
28.515629763242764
 20
-101.66136919525214
 30
0.0
 11
28.5070189669249
 21
-101.64638835950444
 31
0.0
  0
LINE
  5
B25
330
17
100
AcDbEntity
  8
可见轮廓
100
AcDbLine
 10
28.524607703809192
 20
-101.67613292906553
 30
0.0
 11
28.515629763242764
 21
-101.66136919525214
 31
0.0
  0
LINE
  5
B26
330
17
100
AcDbEntity
  8
可见轮廓
100
AcDbLine
 10
28.533947318103856
 20
-101.69067056497218
 30
0.0
 11
28.524607703809192
 21
-101.67613292906553
 31
0.0
  0
LINE
  5
B27
330
17
100
AcDbEntity
  8
可见轮廓
100
AcDbLine
 10
28.54364291522809
 20
-101.70497324476764
 30
0.0
 11
28.533947318103856
 21
-101.69067056497218
 31
0.0
  0
LINE
  5
B28
330
17
100
AcDbEntity
  8
可见轮廓
100
AcDbLine
 10
28.55368858737255
 20
-101.7190322534131
 30
0.0
 11
28.54364291522809
 21
-101.70497324476764
 31
0.0
  0
LINE
  5
B29
330
17
100
AcDbEntity
  8
可见轮廓
100
AcDbLine
 10
28.564078213416998
 20
-101.73283902434564
 30
0.0
 11
28.55368858737255
 21
-101.7190322534131
 31
0.0
  0
LINE
  5
B2A
330
17
100
AcDbEntity
  8
可见轮廓
100
AcDbLine
 10
28.57480546266007
 20
-101.74638514469814
 30
0.0
 11
28.564078213416998
 21
-101.73283902434564
 31
0.0
  0
LINE
  5
B2B
330
17
100
AcDbEntity
  8
可见轮廓
100
AcDbLine
 10
28.585863798676776
 20
-101.75966236042541
 30
0.0
 11
28.57480546266007
 21
-101.74638514469814
 31
0.0
  0
LINE
  5
B2C
330
17
100
AcDbEntity
  8
可见轮廓
100
AcDbLine
 10
28.597246483301312
 20
-101.77266258133375
 30
0.0
 11
28.585863798676776
 21
-101.75966236042541
 31
0.0
  0
LINE
  5
B2D
330
17
100
AcDbEntity
  8
可见轮廓
100
AcDbLine
 10
28.60894658073285
 20
-101.78537788601038
 30
0.0
 11
28.597246483301312
 21
-101.77266258133375
 31
0.0
  0
LINE
  5
B2E
330
17
100
AcDbEntity
  8
可见轮廓
100
AcDbLine
 10
28.6209569617617
 20
-101.79780052665032
 30
0.0
 11
28.60894658073285
 21
-101.78537788601038
 31
0.0
  0
LINE
  5
B2F
330
17
100
AcDbEntity
  8
可见轮廓
100
AcDbLine
 10
28.633270308113335
 20
-101.80992293377727
 30
0.0
 11
28.6209569617617
 21
-101.79780052665032
 31
0.0
  0
LINE
  5
B30
330
17
100
AcDbEntity
  8
可见轮廓
100
AcDbLine
 10
28.64587911690767
 20
-101.82173772085599
 30
0.0
 11
28.633270308113335
 21
-101.80992293377727
 31
0.0
  0
LINE
  5
B31
330
17
100
AcDbEntity
  8
可见轮廓
100
AcDbLine
 10
28.658775705230738
 20
-101.83323768879299
 30
0.0
 11
28.64587911690767
 21
-101.82173772085599
 31
0.0
  0
LINE
  5
B32
330
17
100
AcDbEntity
  8
可见轮廓
100
AcDbLine
 10
28.671952214816145
 20
-101.84441583032336
 30
0.0
 11
28.658775705230738
 21
-101.83323768879299
 31
0.0
  0
LINE
  5
B33
330
17
100
AcDbEntity
  8
可见轮廓
100
AcDbLine
 10
28.685400616833327
 20
-101.85526533428029
 30
0.0
 11
28.671952214816145
 21
-101.84441583032336
 31
0.0
  0
LINE
  5
B34
330
17
100
AcDbEntity
  8
可见轮廓
100
AcDbLine
 10
28.69911271677976
 20
-101.86577958974543
 30
0.0
 11
28.685400616833327
 21
-101.85526533428029
 31
0.0
  0
LINE
  5
B35
330
17
100
AcDbEntity
  8
可见轮廓
100
AcDbLine
 10
28.71308015947409
 20
-101.8759521900771
 30
0.0
 11
28.69911271677976
 21
-101.86577958974543
 31
0.0
  0
LINE
  5
B36
330
17
100
AcDbEntity
  8
可见轮廓
100
AcDbLine
 10
28.727294434147197
 20
-101.88577693681401
 30
0.0
 11
28.71308015947409
 21
-101.8759521900771
 31
0.0
  0
LINE
  5
B37
330
17
100
AcDbEntity
  8
可见轮廓
100
AcDbLine
 10
28.74174687962807
 20
-101.89524784345221
 30
0.0
 11
28.727294434147197
 21
-101.88577693681401
 31
0.0
  0
LINE
  5
B38
330
17
100
AcDbEntity
  8
可见轮廓
100
AcDbLine
 10
28.75642868962129
 20
-101.90435913909279
 30
0.0
 11
28.74174687962807
 21
-101.89524784345221
 31
0.0
  0
LINE
  5
B39
330
17
100
AcDbEntity
  8
可见轮廓
100
AcDbLine
 10
28.771330918072973
 20
-101.9131052719583
 30
0.0
 11
28.75642868962129
 21
-101.90435913909279
 31
0.0
  0
LINE
  5
B3A
330
17
100
AcDbEntity
  8
可见轮廓
100
AcDbLine
 10
28.786444484621846
 20
-101.92148091277556
 30
0.0
 11
28.771330918072973
 21
-101.9131052719583
 31
0.0
  0
LINE
  5
B3B
330
17
100
AcDbEntity
  8
可见轮廓
100
AcDbLine
 10
28.8017601801322
 20
-101.92948095802302
 30
0.0
 11
28.786444484621846
 21
-101.92148091277556
 31
0.0
  0
LINE
  5
B3C
330
17
100
AcDbEntity
  8
可见轮廓
100
AcDbLine
 10
28.817268672305257
 20
-101.9371005330404
 30
0.0
 11
28.8017601801322
 21
-101.92948095802302
 31
0.0
  0
LINE
  5
B3D
330
17
100
AcDbEntity
  8
可见轮廓
100
AcDbLine
 10
28.832960511365634
 20
-101.94433499499898
 30
0.0
 11
28.817268672305257
 21
-101.9371005330404
 31
0.0
  0
LINE
  5
B3E
330
17
100
AcDbEntity
  8
可见轮廓
100
AcDbLine
 10
28.84882613581936
 20
-101.95117993573069
 30
0.0
 11
28.832960511365634
 21
-101.94433499499898
 31
0.0
  0
LINE
  5
B3F
330
17
100
AcDbEntity
  8
可见轮廓
100
AcDbLine
 10
28.86485587827995
 20
-101.95763118441403
 30
0.0
 11
28.84882613581936
 21
-101.95117993573069
 31
0.0
  0
LINE
  5
B40
330
17
100
AcDbEntity
  8
可见轮廓
100
AcDbLine
 10
28.881039971359066
 20
-101.96368481011551
 30
0.0
 11
28.86485587827995
 21
-101.95763118441403
 31
0.0
  0
LINE
  5
B41
330
17
100
AcDbEntity
  8
可见轮廓
100
AcDbLine
 10
28.89736855361803
 20
-101.96933712418493
 30
0.0
 11
28.881039971359066
 21
-101.96368481011551
 31
0.0
  0
LINE
  5
B42
330
17
100
AcDbEntity
  8
可见轮廓
100
AcDbLine
 10
28.91383167557672
 20
-101.9745846825029
 30
0.0
 11
28.89736855361803
 21
-101.96933712418493
 31
0.0
  0
LINE
  5
B43
330
17
100
AcDbEntity
  8
可见轮廓
100
AcDbLine
 10
28.93041930577605
 20
-101.97942428757949
 30
0.0
 11
28.91383167557672
 21
-101.9745846825029
 31
0.0
  0
LINE
  5
B44
330
17
100
AcDbEntity
  8
可见轮廓
100
AcDbLine
 10
28.947121336890447
 20
-101.98385299050257
 30
0.0
 11
28.93041930577605
 21
-101.97942428757949
 31
0.0
  0
LINE
  5
B45
330
17
100
AcDbEntity
  8
可见轮廓
100
AcDbLine
 10
28.963927591886527
 20
-101.98786809273463
 30
0.0
 11
28.947121336890447
 21
-101.98385299050257
 31
0.0
  0
LINE
  5
B46
330
17
100
AcDbEntity
  8
可见轮廓
100
AcDbLine
 10
28.98082783022427
 20
-101.99146714775708
 30
0.0
 11
28.963927591886527
 21
-101.98786809273463
 31
0.0
  0
LINE
  5
B47
330
17
100
AcDbEntity
  8
可见轮廓
100
AcDbLine
 10
28.997811754096873
 20
-101.994647962561
 30
0.0
 11
28.98082783022427
 21
-101.99146714775708
 31
0.0
  0
LINE
  5
B48
330
17
100
AcDbEntity
  8
可见轮廓
100
AcDbLine
 10
29.01486901470549
 20
-101.99740859898343
 30
0.0
 11
28.997811754096873
 21
-101.994647962561
 31
0.0
  0
LINE
  5
B49
330
17
100
AcDbEntity
  8
可见轮廓
100
AcDbLine
 10
29.03198921856508
 20
-101.99974737488827
 30
0.0
 11
29.01486901470549
 21
-101.99740859898343
 31
0.0
  0
LINE
  5
B4A
330
17
100
AcDbEntity
  8
可见轮廓
100
AcDbLine
 10
29.049161933837453
 20
-102.00166286519136
 30
0.0
 11
29.03198921856508
 21
-101.99974737488827
 31
0.0
  0
LINE
  5
B4B
330
17
100
AcDbEntity
  8
可见轮廓
100
AcDbLine
 10
29.06637669668767
 20
-102.00315390272874
 30
0.0
 11
29.049161933837453
 21
-102.00166286519136
 31
0.0
  0
LINE
  5
B4C
330
17
100
AcDbEntity
  8
可见轮廓
100
AcDbLine
 10
29.08362301766
 20
-102.00421957896783
 30
0.0
 11
29.06637669668767
 21
-102.00315390272874
 31
0.0
  0
LINE
  5
B4D
330
17
100
AcDbEntity
  8
可见轮廓
100
AcDbLine
 10
29.100890388069413
 20
-102.00485924456115
 30
0.0
 11
29.08362301766
 21
-102.00421957896783
 31
0.0
  0
LINE
  5
B4E
330
17
100
AcDbEntity
  8
可见轮廓
100
AcDbLine
 10
29.118168286404853
 20
-102.00507250974177
 30
0.0
 11
29.100890388069413
 21
-102.00485924456115
 31
0.0
  0
LINE
  5
B4F
330
17
100
AcDbEntity
  8
可见轮廓
100
AcDbLine
 10
33.95118237352152
 20
-93.46335135748988
 30
0.0
 11
34.21050407490493
 21
-93.3063100594555
 31
0.0
  0
LINE
  5
B50
330
17
100
AcDbEntity
  8
可见轮廓
100
AcDbLine
 10
33.69577962198825
 20
-93.62668888718204
 30
0.0
 11
33.95118237352152
 21
-93.46335135748988
 31
0.0
  0
LINE
  5
B51
330
17
100
AcDbEntity
  8
可见轮廓
100
AcDbLine
 10
33.44444865866953
 20
-93.79622490392768
 30
0.0
 11
33.69577962198825
 21
-93.62668888718204
 31
0.0
  0
LINE
  5
B52
330
17
100
AcDbEntity
  8
可见轮廓
100
AcDbLine
 10
33.19733988528627
 20
-93.97185795381785
 30
0.0
 11
33.44444865866953
 21
-93.79622490392768
 31
0.0
  0
LINE
  5
B53
330
17
100
AcDbEntity
  8
可见轮廓
100
AcDbLine
 10
32.95460117691238
 20
-94.153482934351
 30
0.0
 11
33.19733988528627
 21
-93.97185795381785
 31
0.0
  0
LINE
  5
B54
330
17
100
AcDbEntity
  8
可见轮廓
100
AcDbLine
 10
32.71637779348314
 20
-94.34099115732863
 30
0.0
 11
32.95460117691238
 21
-94.153482934351
 31
0.0
  0
LINE
  5
B55
330
17
100
AcDbEntity
  8
可见轮廓
100
AcDbLine
 10
32.48281229286873
 20
-94.53427041389651
 30
0.0
 11
32.71637779348314
 21
-94.34099115732863
 31
0.0
  0
LINE
  5
B56
330
17
100
AcDbEntity
  8
可见轮廓
100
AcDbLine
 10
32.254044445564475
 20
-94.73320504169288
 30
0.0
 11
32.48281229286873
 21
-94.53427041389651
 31
0.0
  0
LINE
  5
B57
330
17
100
AcDbEntity
  8
可见轮廓
100
AcDbLine
 10
32.03021115104936
 20
-94.93767599406314
 30
0.0
 11
32.254044445564475
 21
-94.73320504169288
 31
0.0
  0
LINE
  5
B58
330
17
100
AcDbEntity
  8
可见轮廓
100
AcDbLine
 10
31.81144635586243
 20
-95.1475609113
 30
0.0
 11
32.03021115104936
 21
-94.93767599406314
 31
0.0
  0
LINE
  5
B59
330
17
100
AcDbEntity
  8
可见轮廓
100
AcDbLine
 10
31.59788097344643
 20
-95.36273419386595
 30
0.0
 11
31.81144635586243
 21
-95.1475609113
 31
0.0
  0
LINE
  5
B5A
330
17
100
AcDbEntity
  8
可见轮廓
100
AcDbLine
 10
31.389642805806407
 20
-95.58306707755474
 30
0.0
 11
31.59788097344643
 21
-95.36273419386595
 31
0.0
  0
LINE
  5
B5B
330
17
100
AcDbEntity
  8
可见轮廓
100
AcDbLine
 10
31.186856467030346
 20
-95.80842771054662
 30
0.0
 11
31.389642805806407
 21
-95.58306707755474
 31
0.0
  0
LINE
  5
B5C
330
17
100
AcDbEntity
  8
可见轮廓
100
AcDbLine
 10
30.98964330871746
 20
-96.03868123231112
 30
0.0
 11
31.186856467030346
 21
-95.80842771054662
 31
0.0
  0
LINE
  5
B5D
330
17
100
AcDbEntity
  8
可见轮廓
100
AcDbLine
 10
30.798121347358865
 20
-96.27368985431052
 30
0.0
 11
30.98964330871746
 21
-96.03868123231112
 31
0.0
  0
LINE
  5
B5E
330
17
100
AcDbEntity
  8
可见轮廓
100
AcDbLine
 10
30.612405193714025
 20
-96.51331294245534
 30
0.0
 11
30.798121347358865
 21
-96.27368985431052
 31
0.0
  0
LINE
  5
B5F
330
17
100
AcDbEntity
  8
可见轮廓
100
AcDbLine
 10
30.43260598422527
 20
-96.7574071012628
 30
0.0
 11
30.612405193714025
 21
-96.51331294245534
 31
0.0
  0
LINE
  5
B60
330
17
100
AcDbEntity
  8
可见轮廓
100
AcDbLine
 10
30.258831314511426
 20
-97.00582625966759
 30
0.0
 11
30.43260598422527
 21
-96.7574071012628
 31
0.0
  0
LINE
  5
B61
330
17
100
AcDbEntity
  8
可见轮廓
100
AcDbLine
 10
30.091185174980325
 20
-97.25842175843393
 30
0.0
 11
30.258831314511426
 21
-97.00582625966759
 31
0.0
  0
LINE
  5
B62
330
17
100
AcDbEntity
  8
可见轮廓
100
AcDbLine
 10
29.92976788859879
 20
-97.51504243911636
 30
0.0
 11
30.091185174980325
 21
-97.25842175843393
 31
0.0
  0
LINE
  5
B63
330
17
100
AcDbEntity
  8
可见轮廓
100
AcDbLine
 10
29.774676050857224
 20
-97.77553473451613
 30
0.0
 11
29.92976788859879
 21
-97.51504243911636
 31
0.0
  0
LINE
  5
B64
330
17
100
AcDbEntity
  8
可见轮廓
100
AcDbLine
 10
29.62600247196489
 20
-98.039742760579
 30
0.0
 11
29.774676050857224
 21
-97.77553473451613
 31
0.0
  0
LINE
  5
B65
330
17
100
AcDbEntity
  8
可见轮廓
100
AcDbLine
 10
29.483836121310294
 20
-98.30750840967958
 30
0.0
 11
29.62600247196489
 21
-98.039742760579
 31
0.0
  0
LINE
  5
B66
330
17
100
AcDbEntity
  8
可见轮廓
100
AcDbLine
 10
29.348262074220067
 20
-98.5786714452362
 30
0.0
 11
29.483836121310294
 21
-98.30750840967958
 31
0.0
  0
LINE
  5
B67
330
17
100
AcDbEntity
  8
可见轮廓
100
AcDbLine
 10
29.219361461048088
 20
-98.85306959759984
 30
0.0
 11
29.348262074220067
 21
-98.5786714452362
 31
0.0
  0
LINE
  5
B68
330
17
100
AcDbEntity
  8
可见轮廓
100
AcDbLine
 10
29.097211418625378
 20
-99.13053866115979
 30
0.0
 11
29.219361461048088
 21
-98.85306959759984
 31
0.0
  0
LINE
  5
B69
330
17
100
AcDbEntity
  8
可见轮廓
100
AcDbLine
 10
28.98188504409982
 20
-99.41091259260757
 30
0.0
 11
29.097211418625378
 21
-99.13053866115979
 31
0.0
  0
LINE
  5
B6A
330
17
100
AcDbEntity
  8
可见轮廓
100
AcDbLine
 10
28.873451351193268
 20
-99.69402361030089
 30
0.0
 11
28.98188504409982
 21
-99.41091259260757
 31
0.0
  0
LINE
  5
B6B
330
17
100
AcDbEntity
  8
可见轮廓
100
AcDbLine
 10
28.771975228902292
 20
-99.97970229466759
 30
0.0
 11
28.873451351193268
 21
-99.69402361030089
 31
0.0
  0
LINE
  5
B6C
330
17
100
AcDbEntity
  8
可见轮廓
100
AcDbLine
 10
28.677517402667274
 20
-100.26777768958992
 30
0.0
 11
28.771975228902292
 21
-99.97970229466759
 31
0.0
  0
LINE
  5
B6D
330
17
100
AcDbEntity
  8
可见轮廓
100
AcDbLine
 10
28.59013439803298
 20
-100.55807740470824
 30
0.0
 11
28.677517402667274
 21
-100.26777768958992
 31
0.0
  0
LINE
  5
B6E
330
17
100
AcDbEntity
  8
可见轮廓
100
AcDbLine
 10
28.509878506822517
 20
-100.85042771858308
 30
0.0
 11
28.59013439803298
 21
-100.55807740470824
 31
0.0
  0
LINE
  5
B6F
330
17
100
AcDbEntity
  8
可见轮廓
100
AcDbLine
 10
28.43679775584482
 20
-101.14465368265361
 30
0.0
 11
28.509878506822517
 21
-100.85042771858308
 31
0.0
  0
LINE
  5
B70
330
17
100
AcDbEntity
  8
可见轮廓
100
AcDbLine
 10
34.89957204272639
 20
-92.1346135409733
 30
0.0
 11
34.90000000000005
 21
-92.10000000000001
 31
0.0
  0
LINE
  5
B71
330
17
100
AcDbEntity
  8
可见轮廓
100
AcDbLine
 10
34.89828843254471
 20
-92.16920592035143
 30
0.0
 11
34.89957204272639
 21
-92.1346135409733
 31
0.0
  0
LINE
  5
B72
330
17
100
AcDbEntity
  8
可见轮廓
100
AcDbLine
 10
34.89614995421256
 20
-92.2037559894767
 30
0.0
 11
34.89828843254471
 21
-92.16920592035143
 31
0.0
  0
LINE
  5
B73
330
17
100
AcDbEntity
  8
可见轮廓
100
AcDbLine
 10
34.893157915126174
 20
-92.23824262555858
 30
0.0
 11
34.89614995421256
 21
-92.2037559894767
 31
0.0
  0
LINE
  5
B74
330
17
100
AcDbEntity
  8
可见轮廓
100
AcDbLine
 10
34.889314144521094
 20
-92.27264474458741
 30
0.0
 11
34.893157915126174
 21
-92.23824262555858
 31
0.0
  0
LINE
  5
B75
330
17
100
AcDbEntity
  8
可见轮廓
100
AcDbLine
 10
34.88462099235389
 20
-92.30694131422453
 30
0.0
 11
34.889314144521094
 21
-92.27264474458741
 31
0.0
  0
LINE
  5
B76
330
17
100
AcDbEntity
  8
可见轮廓
100
AcDbLine
 10
34.87908132786541
 20
-92.34111136666075
 30
0.0
 11
34.88462099235389
 21
-92.30694131422453
 31
0.0
  0
LINE
  5
B77
330
17
100
AcDbEntity
  8
可见轮廓
100
AcDbLine
 10
34.872698537826686
 20
-92.37513401143536
 30
0.0
 11
34.87908132786541
 21
-92.34111136666075
 31
0.0
  0
LINE
  5
B78
330
17
100
AcDbEntity
  8
可见轮廓
100
AcDbLine
 10
34.86547652446832
 20
-92.40898844820796
 30
0.0
 11
34.872698537826686
 21
-92.37513401143536
 31
0.0
  0
LINE
  5
B79
330
17
100
AcDbEntity
  8
可见轮廓
100
AcDbLine
 10
34.8574197030948
 20
-92.44265397947503
 30
0.0
 11
34.86547652446832
 21
-92.40898844820796
 31
0.0
  0
LINE
  5
B7A
330
17
100
AcDbEntity
  8
可见轮廓
100
AcDbLine
 10
34.84853299938514
 20
-92.47611002322373
 30
0.0
 11
34.8574197030948
 21
-92.44265397947503
 31
0.0
  0
LINE
  5
B7B
330
17
100
AcDbEntity
  8
可见轮廓
100
AcDbLine
 10
34.83882184638148
 20
-92.50933612551512
 30
0.0
 11
34.84853299938514
 21
-92.47611002322373
 31
0.0
  0
LINE
  5
B7C
330
17
100
AcDbEntity
  8
可见轮廓
100
AcDbLine
 10
34.82829218116747
 20
-92.54231197298898
 30
0.0
 11
34.83882184638148
 21
-92.50933612551512
 31
0.0
  0
LINE
  5
B7D
330
17
100
AcDbEntity
  8
可见轮廓
100
AcDbLine
 10
34.816950441238575
 20
-92.57501740528278
 30
0.0
 11
34.82829218116747
 21
-92.54231197298898
 31
0.0
  0
LINE
  5
B7E
330
17
100
AcDbEntity
  8
可见轮廓
100
AcDbLine
 10
34.80480356056635
 20
-92.60743242735701
 30
0.0
 11
34.816950441238575
 21
-92.57501740528278
 31
0.0
  0
LINE
  5
B7F
330
17
100
AcDbEntity
  8
可见轮廓
100
AcDbLine
 10
34.79185896535928
 20
-92.63953722171959
 30
0.0
 11
34.80480356056635
 21
-92.60743242735701
 31
0.0
  0
LINE
  5
B80
330
17
100
AcDbEntity
  8
可见轮廓
100
AcDbLine
 10
34.77812456952262
 20
-92.67131216054156
 30
0.0
 11
34.79185896535928
 21
-92.63953722171959
 31
0.0
  0
LINE
  5
B81
330
17
100
AcDbEntity
  8
可见轮廓
100
AcDbLine
 10
34.76360876982007
 20
-92.70273781765695
 30
0.0
 11
34.77812456952262
 21
-92.67131216054156
 31
0.0
  0
LINE
  5
B82
330
17
100
AcDbEntity
  8
可见轮廓
100
AcDbLine
 10
34.748320440740294
 20
-92.73379498043926
 30
0.0
 11
34.76360876982007
 21
-92.70273781765695
 31
0.0
  0
LINE
  5
B83
330
17
100
AcDbEntity
  8
可见轮廓
100
AcDbLine
 10
34.732268929071346
 20
-92.76446466154748
 30
0.0
 11
34.748320440740294
 21
-92.73379498043926
 31
0.0
  0
LINE
  5
B84
330
17
100
AcDbEntity
  8
可见轮廓
100
AcDbLine
 10
34.71546404818632
 20
-92.79472811053431
 30
0.0
 11
34.732268929071346
 21
-92.76446466154748
 31
0.0
  0
LINE
  5
B85
330
17
100
AcDbEntity
  8
可见轮廓
100
AcDbLine
 10
34.697916072043796
 20
-92.82456682530957
 30
0.0
 11
34.71546404818632
 21
-92.79472811053431
 31
0.0
  0
LINE
  5
B86
330
17
100
AcDbEntity
  8
可见轮廓
100
AcDbLine
 10
34.67963572890668
 20
-92.85396256345183
 30
0.0
 11
34.697916072043796
 21
-92.82456682530957
 31
0.0
  0
LINE
  5
B87
330
17
100
AcDbEntity
  8
可见轮廓
100
AcDbLine
 10
34.66063419478326
 20
-92.88289735336112
 30
0.0
 11
34.67963572890668
 21
-92.85396256345183
 31
0.0
  0
LINE
  5
B88
330
17
100
AcDbEntity
  8
可见轮廓
100
AcDbLine
 10
34.640923086594604
 20
-92.91135350524632
 30
0.0
 11
34.66063419478326
 21
-92.88289735336112
 31
0.0
  0
LINE
  5
B89
330
17
100
AcDbEntity
  8
可见轮廓
100
AcDbLine
 10
34.6205144550723
 20
-92.93931362194002
 30
0.0
 11
34.640923086594604
 21
-92.91135350524632
 31
0.0
  0
LINE
  5
B8A
330
17
100
AcDbEntity
  8
可见轮廓
100
AcDbLine
 10
34.599420777391074
 20
-92.96676060953463
 30
0.0
 11
34.6205144550723
 21
-92.93931362194002
 31
0.0
  0
LINE
  5
B8B
330
17
100
AcDbEntity
  8
可见轮廓
100
AcDbLine
 10
34.57765494954063
 20
-92.99367768783304
 30
0.0
 11
34.599420777391074
 21
-92.96676060953463
 31
0.0
  0
LINE
  5
B8C
330
17
100
AcDbEntity
  8
可见轮廓
100
AcDbLine
 10
34.55523027844146
 20
-93.0200484006075
 30
0.0
 11
34.57765494954063
 21
-92.99367768783304
 31
0.0
  0
LINE
  5
B8D
330
17
100
AcDbEntity
  8
可见轮廓
100
AcDbLine
 10
34.53216047380942
 20
-93.04585662566033
 30
0.0
 11
34.55523027844146
 21
-93.0200484006075
 31
0.0
  0
LINE
  5
B8E
330
17
100
AcDbEntity
  8
可见轮廓
100
AcDbLine
 10
34.50845963977409
 20
-93.07108658468067
 30
0.0
 11
34.53216047380942
 21
-93.04585662566033
 31
0.0
  0
LINE
  5
B8F
330
17
100
AcDbEntity
  8
可见轮廓
100
AcDbLine
 10
34.4841422662559
 20
-93.09572285289067
 30
0.0
 11
34.50845963977409
 21
-93.07108658468067
 31
0.0
  0
LINE
  5
B90
330
17
100
AcDbEntity
  8
可见轮廓
100
AcDbLine
 10
34.45922322010754
 20
-93.11975036847582
 30
0.0
 11
34.4841422662559
 21
-93.09572285289067
 31
0.0
  0
LINE
  5
B91
330
17
100
AcDbEntity
  8
可见轮廓
100
AcDbLine
 10
34.43371773602479
 20
-93.14315444179314
 30
0.0
 11
34.45922322010754
 21
-93.11975036847582
 31
0.0
  0
LINE
  5
B92
330
17
100
AcDbEntity
  8
可见轮廓
100
AcDbLine
 10
34.40764140723256
 20
-93.1659207643521
 30
0.0
 11
34.43371773602479
 21
-93.14315444179314
 31
0.0
  0
LINE
  5
B93
330
17
100
AcDbEntity
  8
可见轮廓
100
AcDbLine
 10
34.38101017595166
 20
-93.18803541756216
 30
0.0
 11
34.40764140723256
 21
-93.1659207643521
 31
0.0
  0
LINE
  5
B94
330
17
100
AcDbEntity
  8
可见轮廓
100
AcDbLine
 10
34.353840323652285
 20
-93.20948488124237
 30
0.0
 11
34.38101017595166
 21
-93.18803541756216
 31
0.0
  0
LINE
  5
B95
330
17
100
AcDbEntity
  8
可见轮廓
100
AcDbLine
 10
34.32614846110003
 20
-93.230256041887
 30
0.0
 11
34.353840323652285
 21
-93.20948488124237
 31
0.0
  0
LINE
  5
B96
330
17
100
AcDbEntity
  8
可见轮廓
100
AcDbLine
 10
34.297951518200605
 20
-93.25033620068282
 30
0.0
 11
34.32614846110003
 21
-93.230256041887
 31
0.0
  0
LINE
  5
B97
330
17
100
AcDbEntity
  8
可见轮廓
100
AcDbLine
 10
34.26926673364945
 20
-93.26971308127264
 30
0.0
 11
34.297951518200605
 21
-93.25033620068282
 31
0.0
  0
LINE
  5
B98
330
17
100
AcDbEntity
  8
可见轮廓
100
AcDbLine
 10
34.240111644392556
 20
-93.28837483726078
 30
0.0
 11
34.26926673364945
 21
-93.26971308127264
 31
0.0
  0
LINE
  5
B99
330
17
100
AcDbEntity
  8
可见轮廓
100
AcDbLine
 10
34.21050407490493
 20
-93.3063100594555
 30
0.0
 11
34.240111644392556
 21
-93.28837483726078
 31
0.0
  0
LINE
  5
B9A
330
17
100
AcDbEntity
  8
可见轮廓
100
AcDbLine
 10
34.90000000000005
 20
-92.10000000000001
 30
0.0
 11
34.90000000000001
 21
-65.5
 31
0.0
  0
LINE
  5
B9B
330
17
100
AcDbEntity
  8
可见轮廓
100
AcDbLine
 10
33.534902968433315
 20
-64.10043514519886
 30
0.0
 11
33.500000000000014
 21
-64.1
 31
0.0
  0
LINE
  5
B9C
330
17
100
AcDbEntity
  8
可见轮廓
100
AcDbLine
 10
33.56978423992499
 20
-64.10174031029351
 30
0.0
 11
33.534902968433315
 21
-64.10043514519886
 31
0.0
  0
LINE
  5
B9D
330
17
100
AcDbEntity
  8
可见轮廓
100
AcDbLine
 10
33.60462213102101
 20
-64.10391468394634
 30
0.0
 11
33.56978423992499
 21
-64.10174031029351
 31
0.0
  0
LINE
  5
B9E
330
17
100
AcDbEntity
  8
可见轮廓
100
AcDbLine
 10
33.63939498523416
 20
-64.10695691448844
 30
0.0
 11
33.60462213102101
 21
-64.10391468394634
 31
0.0
  0
LINE
  5
B9F
330
17
100
AcDbEntity
  8
可见轮廓
100
AcDbLine
 10
33.6740811865065
 20
-64.11086511075976
 30
0.0
 11
33.63939498523416
 21
-64.10695691448844
 31
0.0
  0
LINE
  5
BA0
330
17
100
AcDbEntity
  8
可见轮廓
100
AcDbLine
 10
33.70865917264666
 20
-64.11563684328482
 30
0.0
 11
33.6740811865065
 21
-64.11086511075976
 31
0.0
  0
LINE
  5
BA1
330
17
100
AcDbEntity
  8
可见轮廓
100
AcDbLine
 10
33.74310744873372
 20
-64.1212691457829
 30
0.0
 11
33.70865917264666
 21
-64.11563684328482
 31
0.0
  0
LINE
  5
BA2
330
17
100
AcDbEntity
  8
可见轮廓
100
AcDbLine
 10
33.77740460047917
 20
-64.12775851701204
 30
0.0
 11
33.74310744873372
 21
-64.1212691457829
 31
0.0
  0
LINE
  5
BA3
330
17
100
AcDbEntity
  8
可见轮廓
100
AcDbLine
 10
33.811529307538855
 20
-64.13510092294544
 30
0.0
 11
33.77740460047917
 21
-64.12775851701204
 31
0.0
  0
LINE
  5
BA4
330
17
100
AcDbEntity
  8
可见轮廓
100
AcDbLine
 10
33.845460356766424
 20
-64.14329179927928
 30
0.0
 11
33.811529307538855
 21
-64.13510092294544
 31
0.0
  0
LINE
  5
BA5
330
17
100
AcDbEntity
  8
可见轮廓
100
AcDbLine
 10
33.87917665540022
 20
-64.15232605426998
 30
0.0
 11
33.845460356766424
 21
-64.14329179927928
 31
0.0
  0
LINE
  5
BA6
330
17
100
AcDbEntity
  8
可见轮廓
100
AcDbLine
 10
33.912657244175286
 20
-64.1621980718994
 30
0.0
 11
33.87917665540022
 21
-64.15232605426998
 31
0.0
  0
LINE
  5
BA7
330
17
100
AcDbEntity
  8
可见轮廓
100
AcDbLine
 10
33.94588131035238
 20
-64.17290171536601
 30
0.0
 11
33.912657244175286
 21
-64.1621980718994
 31
0.0
  0
LINE
  5
BA8
330
17
100
AcDbEntity
  8
可见轮廓
100
AcDbLine
 10
33.978828200655954
 20
-64.18443033089973
 30
0.0
 11
33.94588131035238
 21
-64.17290171536601
 31
0.0
  0
LINE
  5
BA9
330
17
100
AcDbEntity
  8
可见轮廓
100
AcDbLine
 10
34.01147743411297
 20
-64.19677675189811
 30
0.0
 11
33.978828200655954
 21
-64.18443033089973
 31
0.0
  0
LINE
  5
BAA
330
17
100
AcDbEntity
  8
可见轮廓
100
AcDbLine
 10
34.04380871478459
 20
-64.20993330338143
 30
0.0
 11
34.01147743411297
 21
-64.19677675189811
 31
0.0
  0
LINE
  5
BAB
330
17
100
AcDbEntity
  8
可见轮廓
100
AcDbLine
 10
34.075801944382874
 20
-64.22389180676366
 30
0.0
 11
34.04380871478459
 21
-64.20993330338143
 31
0.0
  0
LINE
  5
BAC
330
17
100
AcDbEntity
  8
可见轮廓
100
AcDbLine
 10
34.1074372347646
 20
-64.23864358493661
 30
0.0
 11
34.075801944382874
 21
-64.22389180676366
 31
0.0
  0
LINE
  5
BAD
330
17
100
AcDbEntity
  8
可见轮廓
100
AcDbLine
 10
34.13869492029445
 20
-64.25417946766395
 30
0.0
 11
34.1074372347646
 21
-64.23864358493661
 31
0.0
  0
LINE
  5
BAE
330
17
100
AcDbEntity
  8
可见轮廓
100
AcDbLine
 10
34.16955557006986
 20
-64.27048979728168
 30
0.0
 11
34.13869492029445
 21
-64.25417946766395
 31
0.0
  0
LINE
  5
BAF
330
17
100
AcDbEntity
  8
可见轮廓
100
AcDbLine
 10
34.20000000000002
 20
-64.28756443470178
 30
0.0
 11
34.16955557006986
 21
-64.27048979728168
 31
0.0
  0
LINE
  5
BB0
330
17
100
AcDbEntity
  8
可见轮廓
100
AcDbLine
 10
34.23000928473132
 20
-64.30539276571498
 30
0.0
 11
34.20000000000002
 21
-64.28756443470178
 31
0.0
  0
LINE
  5
BB1
330
17
100
AcDbEntity
  8
可见轮廓
100
AcDbLine
 10
34.25956476941208
 20
-64.32396370758892
 30
0.0
 11
34.23000928473132
 21
-64.30539276571498
 31
0.0
  0
LINE
  5
BB2
330
17
100
AcDbEntity
  8
可见轮廓
100
AcDbLine
 10
34.28864808128909
 20
-64.3432657159576
 30
0.0
 11
34.25956476941208
 21
-64.32396370758892
 31
0.0
  0
LINE
  5
BB3
330
17
100
AcDbEntity
  8
可见轮廓
100
AcDbLine
 10
34.317241141128726
 20
-64.3632867919978
 30
0.0
 11
34.28864808128909
 21
-64.3432657159576
 31
0.0
  0
LINE
  5
BB4
330
17
100
AcDbEntity
  8
可见轮廓
100
AcDbLine
 10
34.345326174455685
 20
-64.3840144898879
 30
0.0
 11
34.317241141128726
 21
-64.3632867919978
 31
0.0
  0
LINE
  5
BB5
330
17
100
AcDbEntity
  8
可见轮廓
100
AcDbLine
 10
34.37288572260225
 20
-64.40543592454476
 30
0.0
 11
34.345326174455685
 21
-64.3840144898879
 31
0.0
  0
LINE
  5
BB6
330
17
100
AcDbEntity
  8
可见轮廓
100
AcDbLine
 10
34.39990265356117
 20
-64.42753777963343
 30
0.0
 11
34.37288572260225
 21
-64.40543592454476
 31
0.0
  0
LINE
  5
BB7
330
17
100
AcDbEntity
  8
可见轮廓
100
AcDbLine
 10
34.426360172635626
 20
-64.45030631584517
 30
0.0
 11
34.39990265356117
 21
-64.42753777963343
 31
0.0
  0
LINE
  5
BB8
330
17
100
AcDbEntity
  8
可见轮廓
100
AcDbLine
 10
34.45224183287931
 20
-64.47372737943824
 30
0.0
 11
34.426360172635626
 21
-64.45030631584517
 31
0.0
  0
LINE
  5
BB9
330
17
100
AcDbEntity
  8
可见轮廓
100
AcDbLine
 10
34.47753154532052
 20
-64.49778641103639
 30
0.0
 11
34.45224183287931
 21
-64.47372737943824
 31
0.0
  0
LINE
  5
BBA
330
17
100
AcDbEntity
  8
可见轮廓
100
AcDbLine
 10
34.50221358896363
 20
-64.5224684546795
 30
0.0
 11
34.47753154532052
 21
-64.49778641103639
 31
0.0
  0
LINE
  5
BBB
330
17
100
AcDbEntity
  8
可见轮廓
100
AcDbLine
 10
34.52627262056178
 20
-64.54775816712072
 30
0.0
 11
34.50221358896363
 21
-64.5224684546795
 31
0.0
  0
LINE
  5
BBC
330
17
100
AcDbEntity
  8
可见轮廓
100
AcDbLine
 10
34.549693684154846
 20
-64.5736398273644
 30
0.0
 11
34.52627262056178
 21
-64.54775816712072
 31
0.0
  0
LINE
  5
BBD
330
17
100
AcDbEntity
  8
可见轮廓
100
AcDbLine
 10
34.57246222036659
 20
-64.60009734643884
 30
0.0
 11
34.549693684154846
 21
-64.5736398273644
 31
0.0
  0
LINE
  5
BBE
330
17
100
AcDbEntity
  8
可见轮廓
100
AcDbLine
 10
34.59456407545526
 20
-64.62711427739777
 30
0.0
 11
34.57246222036659
 21
-64.60009734643884
 31
0.0
  0
LINE
  5
BBF
330
17
100
AcDbEntity
  8
可见轮廓
100
AcDbLine
 10
34.61598551011211
 20
-64.65467382554434
 30
0.0
 11
34.59456407545526
 21
-64.62711427739777
 31
0.0
  0
LINE
  5
BC0
330
17
100
AcDbEntity
  8
可见轮廓
100
AcDbLine
 10
34.63671320800222
 20
-64.6827588588713
 30
0.0
 11
34.61598551011211
 21
-64.65467382554434
 31
0.0
  0
LINE
  5
BC1
330
17
100
AcDbEntity
  8
可见轮廓
100
AcDbLine
 10
34.656734284042415
 20
-64.71135191871093
 30
0.0
 11
34.63671320800222
 21
-64.6827588588713
 31
0.0
  0
LINE
  5
BC2
330
17
100
AcDbEntity
  8
可见轮廓
100
AcDbLine
 10
34.6760362924111
 20
-64.74043523058793
 30
0.0
 11
34.656734284042415
 21
-64.71135191871093
 31
0.0
  0
LINE
  5
BC3
330
17
100
AcDbEntity
  8
可见轮廓
100
AcDbLine
 10
34.69460723428504
 20
-64.7699907152687
 30
0.0
 11
34.6760362924111
 21
-64.74043523058793
 31
0.0
  0
LINE
  5
BC4
330
17
100
AcDbEntity
  8
可见轮廓
100
AcDbLine
 10
34.712435565298236
 20
-64.8
 30
0.0
 11
34.69460723428504
 21
-64.7699907152687
 31
0.0
  0
LINE
  5
BC5
330
17
100
AcDbEntity
  8
可见轮廓
100
AcDbLine
 10
34.72951020271834
 20
-64.83044442993015
 30
0.0
 11
34.712435565298236
 21
-64.8
 31
0.0
  0
LINE
  5
BC6
330
17
100
AcDbEntity
  8
可见轮廓
100
AcDbLine
 10
34.745820532336076
 20
-64.86130507970557
 30
0.0
 11
34.72951020271834
 21
-64.83044442993015
 31
0.0
  0
LINE
  5
BC7
330
17
100
AcDbEntity
  8
可见轮廓
100
AcDbLine
 10
34.7613564150634
 20
-64.89256276523543
 30
0.0
 11
34.745820532336076
 21
-64.86130507970557
 31
0.0
  0
LINE
  5
BC8
330
17
100
AcDbEntity
  8
可见轮廓
100
AcDbLine
 10
34.77610819323636
 20
-64.92419805561714
 30
0.0
 11
34.7613564150634
 21
-64.89256276523543
 31
0.0
  0
LINE
  5
BC9
330
17
100
AcDbEntity
  8
可见轮廓
100
AcDbLine
 10
34.79006669661859
 20
-64.95619128521543
 30
0.0
 11
34.77610819323636
 21
-64.92419805561714
 31
0.0
  0
LINE
  5
BCA
330
17
100
AcDbEntity
  8
可见轮廓
100
AcDbLine
 10
34.8032232481019
 20
-64.98852256588705
 30
0.0
 11
34.79006669661859
 21
-64.95619128521543
 31
0.0
  0
LINE
  5
BCB
330
17
100
AcDbEntity
  8
可见轮廓
100
AcDbLine
 10
34.815569669100285
 20
-65.02117179934406
 30
0.0
 11
34.8032232481019
 21
-64.98852256588705
 31
0.0
  0
LINE
  5
BCC
330
17
100
AcDbEntity
  8
可见轮廓
100
AcDbLine
 10
34.827098284634005
 20
-65.05411868964765
 30
0.0
 11
34.815569669100285
 21
-65.02117179934406
 31
0.0
  0
LINE
  5
BCD
330
17
100
AcDbEntity
  8
可见轮廓
100
AcDbLine
 10
34.83780192810062
 20
-65.08734275582474
 30
0.0
 11
34.827098284634005
 21
-65.05411868964765
 31
0.0
  0
LINE
  5
BCE
330
17
100
AcDbEntity
  8
可见轮廓
100
AcDbLine
 10
34.84767394573004
 20
-65.1208233445998
 30
0.0
 11
34.83780192810062
 21
-65.08734275582474
 31
0.0
  0
LINE
  5
BCF
330
17
100
AcDbEntity
  8
可见轮廓
100
AcDbLine
 10
34.856708200720725
 20
-65.15453964323359
 30
0.0
 11
34.84767394573004
 21
-65.1208233445998
 31
0.0
  0
LINE
  5
BD0
330
17
100
AcDbEntity
  8
可见轮廓
100
AcDbLine
 10
34.86489907705457
 20
-65.18847069246117
 30
0.0
 11
34.856708200720725
 21
-65.15453964323359
 31
0.0
  0
LINE
  5
BD1
330
17
100
AcDbEntity
  8
可见轮廓
100
AcDbLine
 10
34.872241482987974
 20
-65.22259539952084
 30
0.0
 11
34.86489907705457
 21
-65.18847069246117
 31
0.0
  0
LINE
  5
BD2
330
17
100
AcDbEntity
  8
可见轮廓
100
AcDbLine
 10
34.87873085421711
 20
-65.2568925512663
 30
0.0
 11
34.872241482987974
 21
-65.22259539952084
 31
0.0
  0
LINE
  5
BD3
330
17
100
AcDbEntity
  8
可见轮廓
100
AcDbLine
 10
34.884363156715196
 20
-65.29134082735337
 30
0.0
 11
34.87873085421711
 21
-65.2568925512663
 31
0.0
  0
LINE
  5
BD4
330
17
100
AcDbEntity
  8
可见轮廓
100
AcDbLine
 10
34.88913488924025
 20
-65.32591881349353
 30
0.0
 11
34.884363156715196
 21
-65.29134082735337
 31
0.0
  0
LINE
  5
BD5
330
17
100
AcDbEntity
  8
可见轮廓
100
AcDbLine
 10
34.89304308551158
 20
-65.36060501476587
 30
0.0
 11
34.88913488924025
 21
-65.32591881349353
 31
0.0
  0
LINE
  5
BD6
330
17
100
AcDbEntity
  8
可见轮廓
100
AcDbLine
 10
34.89608531605367
 20
-65.39537786897901
 30
0.0
 11
34.89304308551158
 21
-65.36060501476587
 31
0.0
  0
LINE
  5
BD7
330
17
100
AcDbEntity
  8
可见轮廓
100
AcDbLine
 10
34.89825968970651
 20
-65.43021576007503
 30
0.0
 11
34.89608531605367
 21
-65.39537786897901
 31
0.0
  0
LINE
  5
BD8
330
17
100
AcDbEntity
  8
可见轮廓
100
AcDbLine
 10
34.899564854801156
 20
-65.4650970315667
 30
0.0
 11
34.89825968970651
 21
-65.43021576007503
 31
0.0
  0
LINE
  5
BD9
330
17
100
AcDbEntity
  8
可见轮廓
100
AcDbLine
 10
34.90000000000001
 20
-65.5
 30
0.0
 11
34.899564854801156
 21
-65.4650970315667
 31
0.0
  0
LINE
  5
BDA
330
17
100
AcDbEntity
  8
可见轮廓
100
AcDbLine
 10
33.500000000000014
 20
-64.1
 30
0.0
 11
5.5000000000000355
 21
-64.1
 31
0.0
  0
LINE
  5
BDB
330
17
100
AcDbEntity
  8
可见轮廓
100
AcDbLine
 10
4.1004351451988725
 20
-65.4650970315667
 30
0.0
 11
4.100000000000016
 21
-65.5
 31
0.0
  0
LINE
  5
BDC
330
17
100
AcDbEntity
  8
可见轮廓
100
AcDbLine
 10
4.101740310293524
 20
-65.43021576007503
 30
0.0
 11
4.1004351451988725
 21
-65.4650970315667
 31
0.0
  0
LINE
  5
BDD
330
17
100
AcDbEntity
  8
可见轮廓
100
AcDbLine
 10
4.103914683946364
 20
-65.39537786897901
 30
0.0
 11
4.101740310293524
 21
-65.43021576007503
 31
0.0
  0
LINE
  5
BDE
330
17
100
AcDbEntity
  8
可见轮廓
100
AcDbLine
 10
4.106956914488453
 20
-65.36060501476587
 30
0.0
 11
4.103914683946364
 21
-65.39537786897901
 31
0.0
  0
LINE
  5
BDF
330
17
100
AcDbEntity
  8
可见轮廓
100
AcDbLine
 10
4.110865110759775
 20
-65.32591881349353
 30
0.0
 11
4.106956914488453
 21
-65.36060501476587
 31
0.0
  0
LINE
  5
BE0
330
17
100
AcDbEntity
  8
可见轮廓
100
AcDbLine
 10
4.115636843284834
 20
-65.29134082735335
 30
0.0
 11
4.110865110759775
 21
-65.32591881349353
 31
0.0
  0
LINE
  5
BE1
330
17
100
AcDbEntity
  8
可见轮廓
100
AcDbLine
 10
4.121269145782923
 20
-65.2568925512663
 30
0.0
 11
4.115636843284834
 21
-65.29134082735335
 31
0.0
  0
LINE
  5
BE2
330
17
100
AcDbEntity
  8
可见轮廓
100
AcDbLine
 10
4.127758517012053
 20
-65.22259539952084
 30
0.0
 11
4.121269145782923
 21
-65.2568925512663
 31
0.0
  0
LINE
  5
BE3
330
17
100
AcDbEntity
  8
可见轮廓
100
AcDbLine
 10
4.135100922945462
 20
-65.18847069246117
 30
0.0
 11
4.127758517012053
 21
-65.22259539952084
 31
0.0
  0
LINE
  5
BE4
330
17
100
AcDbEntity
  8
可见轮廓
100
AcDbLine
 10
4.1432917992793055
 20
-65.15453964323359
 30
0.0
 11
4.135100922945462
 21
-65.18847069246117
 31
0.0
  0
LINE
  5
BE5
330
17
100
AcDbEntity
  8
可见轮廓
100
AcDbLine
 10
4.152326054269997
 20
-65.1208233445998
 30
0.0
 11
4.1432917992793055
 21
-65.15453964323359
 31
0.0
  0
LINE
  5
BE6
330
17
100
AcDbEntity
  8
可见轮廓
100
AcDbLine
 10
4.162198071899418
 20
-65.08734275582474
 30
0.0
 11
4.152326054269997
 21
-65.1208233445998
 31
0.0
  0
LINE
  5
BE7
330
17
100
AcDbEntity
  8
可见轮廓
100
AcDbLine
 10
4.172901715366029
 20
-65.05411868964764
 30
0.0
 11
4.162198071899418
 21
-65.08734275582474
 31
0.0
  0
LINE
  5
BE8
330
17
100
AcDbEntity
  8
可见轮廓
100
AcDbLine
 10
4.184430330899742
 20
-65.02117179934406
 30
0.0
 11
4.172901715366029
 21
-65.05411868964764
 31
0.0
  0
LINE
  5
BE9
330
17
100
AcDbEntity
  8
可见轮廓
100
AcDbLine
 10
4.196776751898128
 20
-64.98852256588705
 30
0.0
 11
4.184430330899742
 21
-65.02117179934406
 31
0.0
  0
LINE
  5
BEA
330
17
100
AcDbEntity
  8
可见轮廓
100
AcDbLine
 10
4.209933303381444
 20
-64.95619128521543
 30
0.0
 11
4.196776751898128
 21
-64.98852256588705
 31
0.0
  0
LINE
  5
BEB
330
17
100
AcDbEntity
  8
可见轮廓
100
AcDbLine
 10
4.223891806763671
 20
-64.92419805561714
 30
0.0
 11
4.209933303381444
 21
-64.95619128521543
 31
0.0
  0
LINE
  5
BEC
330
17
100
AcDbEntity
  8
可见轮廓
100
AcDbLine
 10
4.238643584936627
 20
-64.89256276523543
 30
0.0
 11
4.223891806763671
 21
-64.92419805561714
 31
0.0
  0
LINE
  5
BED
330
17
100
AcDbEntity
  8
可见轮廓
100
AcDbLine
 10
4.254179467663958
 20
-64.86130507970557
 30
0.0
 11
4.238643584936627
 21
-64.89256276523543
 31
0.0
  0
LINE
  5
BEE
330
17
100
AcDbEntity
  8
可见轮廓
100
AcDbLine
 10
4.270489797281693
 20
-64.83044442993015
 30
0.0
 11
4.254179467663958
 21
-64.86130507970557
 31
0.0
  0
LINE
  5
BEF
330
17
100
AcDbEntity
  8
可见轮廓
100
AcDbLine
 10
4.2875644347018
 20
-64.8
 30
0.0
 11
4.270489797281693
 21
-64.83044442993015
 31
0.0
  0
LINE
  5
BF0
330
17
100
AcDbEntity
  8
可见轮廓
100
AcDbLine
 10
4.305392765714995
 20
-64.7699907152687
 30
0.0
 11
4.2875644347018
 21
-64.8
 31
0.0
  0
LINE
  5
BF1
330
17
100
AcDbEntity
  8
可见轮廓
100
AcDbLine
 10
4.323963707588934
 20
-64.74043523058793
 30
0.0
 11
4.305392765714995
 21
-64.7699907152687
 31
0.0
  0
LINE
  5
BF2
330
17
100
AcDbEntity
  8
可见轮廓
100
AcDbLine
 10
4.343265715957621
 20
-64.71135191871093
 30
0.0
 11
4.323963707588934
 21
-64.74043523058793
 31
0.0
  0
LINE
  5
BF3
330
17
100
AcDbEntity
  8
可见轮廓
100
AcDbLine
 10
4.3632867919978136
 20
-64.6827588588713
 30
0.0
 11
4.343265715957621
 21
-64.71135191871093
 31
0.0
  0
LINE
  5
BF4
330
17
100
AcDbEntity
  8
可见轮廓
100
AcDbLine
 10
4.384014489887921
 20
-64.65467382554434
 30
0.0
 11
4.3632867919978136
 21
-64.6827588588713
 31
0.0
  0
LINE
  5
BF5
330
17
100
AcDbEntity
  8
可见轮廓
100
AcDbLine
 10
4.405435924544772
 20
-64.62711427739777
 30
0.0
 11
4.384014489887921
 21
-64.65467382554434
 31
0.0
  0
LINE
  5
BF6
330
17
100
AcDbEntity
  8
可见轮廓
100
AcDbLine
 10
4.427537779633443
 20
-64.60009734643884
 30
0.0
 11
4.405435924544772
 21
-64.62711427739777
 31
0.0
  0
LINE
  5
BF7
330
17
100
AcDbEntity
  8
可见轮廓
100
AcDbLine
 10
4.450306315845186
 20
-64.57363982736439
 30
0.0
 11
4.427537779633443
 21
-64.60009734643884
 31
0.0
  0
LINE
  5
BF8
330
17
100
AcDbEntity
  8
可见轮廓
100
AcDbLine
 10
4.473727379438255
 20
-64.5477581671207
 30
0.0
 11
4.450306315845186
 21
-64.57363982736439
 31
0.0
  0
LINE
  5
BF9
330
17
100
AcDbEntity
  8
可见轮廓
100
AcDbLine
 10
4.497786411036408
 20
-64.5224684546795
 30
0.0
 11
4.473727379438255
 21
-64.5477581671207
 31
0.0
  0
LINE
  5
BFA
330
17
100
AcDbEntity
  8
可见轮廓
100
AcDbLine
 10
4.522468454679512
 20
-64.49778641103639
 30
0.0
 11
4.497786411036408
 21
-64.5224684546795
 31
0.0
  0
LINE
  5
BFB
330
17
100
AcDbEntity
  8
可见轮廓
100
AcDbLine
 10
4.547758167120726
 20
-64.47372737943824
 30
0.0
 11
4.522468454679512
 21
-64.49778641103639
 31
0.0
  0
LINE
  5
BFC
330
17
100
AcDbEntity
  8
可见轮廓
100
AcDbLine
 10
4.57363982736441
 20
-64.45030631584517
 30
0.0
 11
4.547758167120726
 21
-64.47372737943824
 31
0.0
  0
LINE
  5
BFD
330
17
100
AcDbEntity
  8
可见轮廓
100
AcDbLine
 10
4.600097346438858
 20
-64.42753777963343
 30
0.0
 11
4.57363982736441
 21
-64.45030631584517
 31
0.0
  0
LINE
  5
BFE
330
17
100
AcDbEntity
  8
可见轮廓
100
AcDbLine
 10
4.627114277397787
 20
-64.40543592454476
 30
0.0
 11
4.600097346438858
 21
-64.42753777963343
 31
0.0
  0
LINE
  5
BFF
330
17
100
AcDbEntity
  8
可见轮廓
100
AcDbLine
 10
4.654673825544345
 20
-64.3840144898879
 30
0.0
 11
4.627114277397787
 21
-64.40543592454476
 31
0.0
  0
LINE
  5
C00
330
17
100
AcDbEntity
  8
可见轮廓
100
AcDbLine
 10
4.682758858871308
 20
-64.3632867919978
 30
0.0
 11
4.654673825544345
 21
-64.3840144898879
 31
0.0
  0
LINE
  5
C01
330
17
100
AcDbEntity
  8
可见轮廓
100
AcDbLine
 10
4.7113519187109425
 20
-64.3432657159576
 30
0.0
 11
4.682758858871308
 21
-64.3632867919978
 31
0.0
  0
LINE
  5
C02
330
17
100
AcDbEntity
  8
可见轮廓
100
AcDbLine
 10
4.74043523058795
 20
-64.32396370758892
 30
0.0
 11
4.7113519187109425
 21
-64.3432657159576
 31
0.0
  0
LINE
  5
C03
330
17
100
AcDbEntity
  8
可见轮廓
100
AcDbLine
 10
4.769990715268717
 20
-64.30539276571498
 30
0.0
 11
4.74043523058795
 21
-64.32396370758892
 31
0.0
  0
LINE
  5
C04
330
17
100
AcDbEntity
  8
可见轮廓
100
AcDbLine
 10
4.800000000000013
 20
-64.28756443470178
 30
0.0
 11
4.769990715268717
 21
-64.30539276571498
 31
0.0
  0
LINE
  5
C05
330
17
100
AcDbEntity
  8
可见轮廓
100
AcDbLine
 10
4.830444429930168
 20
-64.27048979728167
 30
0.0
 11
4.800000000000013
 21
-64.28756443470178
 31
0.0
  0
LINE
  5
C06
330
17
100
AcDbEntity
  8
可见轮廓
100
AcDbLine
 10
4.861305079705586
 20
-64.25417946766395
 30
0.0
 11
4.830444429930168
 21
-64.27048979728167
 31
0.0
  0
LINE
  5
C07
330
17
100
AcDbEntity
  8
可见轮廓
100
AcDbLine
 10
4.892562765235432
 20
-64.23864358493661
 30
0.0
 11
4.861305079705586
 21
-64.25417946766395
 31
0.0
  0
LINE
  5
C08
330
17
100
AcDbEntity
  8
可见轮廓
100
AcDbLine
 10
4.924198055617158
 20
-64.22389180676366
 30
0.0
 11
4.892562765235432
 21
-64.23864358493661
 31
0.0
  0
LINE
  5
C09
330
17
100
AcDbEntity
  8
可见轮廓
100
AcDbLine
 10
4.956191285215441
 20
-64.20993330338142
 30
0.0
 11
4.924198055617158
 21
-64.22389180676366
 31
0.0
  0
LINE
  5
C0A
330
17
100
AcDbEntity
  8
可见轮廓
100
AcDbLine
 10
4.988522565887061
 20
-64.19677675189811
 30
0.0
 11
4.956191285215441
 21
-64.20993330338142
 31
0.0
  0
LINE
  5
C0B
330
17
100
AcDbEntity
  8
可见轮廓
100
AcDbLine
 10
5.021171799344078
 20
-64.18443033089973
 30
0.0
 11
4.988522565887061
 21
-64.19677675189811
 31
0.0
  0
LINE
  5
C0C
330
17
100
AcDbEntity
  8
可见轮廓
100
AcDbLine
 10
5.054118689647657
 20
-64.17290171536601
 30
0.0
 11
5.021171799344078
 21
-64.18443033089973
 31
0.0
  0
LINE
  5
C0D
330
17
100
AcDbEntity
  8
可见轮廓
100
AcDbLine
 10
5.087342755824748
 20
-64.1621980718994
 30
0.0
 11
5.054118689647657
 21
-64.17290171536601
 31
0.0
  0
LINE
  5
C0E
330
17
100
AcDbEntity
  8
可见轮廓
100
AcDbLine
 10
5.120823344599808
 20
-64.15232605426998
 30
0.0
 11
5.087342755824748
 21
-64.1621980718994
 31
0.0
  0
LINE
  5
C0F
330
17
100
AcDbEntity
  8
可见轮廓
100
AcDbLine
 10
5.154539643233603
 20
-64.14329179927928
 30
0.0
 11
5.120823344599808
 21
-64.15232605426998
 31
0.0
  0
LINE
  5
C10
330
17
100
AcDbEntity
  8
可见轮廓
100
AcDbLine
 10
5.188470692461175
 20
-64.13510092294544
 30
0.0
 11
5.154539643233603
 21
-64.14329179927928
 31
0.0
  0
LINE
  5
C11
330
17
100
AcDbEntity
  8
可见轮廓
100
AcDbLine
 10
5.222595399520859
 20
-64.12775851701204
 30
0.0
 11
5.188470692461175
 21
-64.13510092294544
 31
0.0
  0
LINE
  5
C12
330
17
100
AcDbEntity
  8
可见轮廓
100
AcDbLine
 10
5.256892551266313
 20
-64.1212691457829
 30
0.0
 11
5.222595399520859
 21
-64.12775851701204
 31
0.0
  0
LINE
  5
C13
330
17
100
AcDbEntity
  8
可见轮廓
100
AcDbLine
 10
5.2913408273533715
 20
-64.11563684328482
 30
0.0
 11
5.256892551266313
 21
-64.1212691457829
 31
0.0
  0
LINE
  5
C14
330
17
100
AcDbEntity
  8
可见轮廓
100
AcDbLine
 10
5.325918813493537
 20
-64.11086511075976
 30
0.0
 11
5.2913408273533715
 21
-64.11563684328482
 31
0.0
  0
LINE
  5
C15
330
17
100
AcDbEntity
  8
可见轮廓
100
AcDbLine
 10
5.360605014765872
 20
-64.10695691448844
 30
0.0
 11
5.325918813493537
 21
-64.11086511075976
 31
0.0
  0
LINE
  5
C16
330
17
100
AcDbEntity
  8
可见轮廓
100
AcDbLine
 10
5.395377868979022
 20
-64.10391468394634
 30
0.0
 11
5.360605014765872
 21
-64.10695691448844
 31
0.0
  0
LINE
  5
C17
330
17
100
AcDbEntity
  8
可见轮廓
100
AcDbLine
 10
5.43021576007504
 20
-64.10174031029351
 30
0.0
 11
5.395377868979022
 21
-64.10391468394634
 31
0.0
  0
LINE
  5
C18
330
17
100
AcDbEntity
  8
可见轮廓
100
AcDbLine
 10
5.465097031566714
 20
-64.10043514519886
 30
0.0
 11
5.43021576007504
 21
-64.10174031029351
 31
0.0
  0
LINE
  5
C19
330
17
100
AcDbEntity
  8
可见轮廓
100
AcDbLine
 10
5.5000000000000355
 20
-64.1
 30
0.0
 11
5.465097031566714
 21
-64.10043514519886
 31
0.0
  0
LINE
  5
C1A
330
17
100
AcDbEntity
  8
可见轮廓
100
AcDbLine
 10
4.0999999999999925
 20
-92.10000000000001
 30
0.0
 11
4.100000000000016
 21
-65.5
 31
0.0
  0
LINE
  5
C1B
330
17
100
AcDbEntity
  8
可见轮廓
100
AcDbLine
 10
4.759888355607496
 20
-93.28837483726079
 30
0.0
 11
4.7894959250951
 21
-93.3063100594555
 31
0.0
  0
LINE
  5
C1C
330
17
100
AcDbEntity
  8
可见轮廓
100
AcDbLine
 10
4.730733266350597
 20
-93.26971308127266
 30
0.0
 11
4.759888355607496
 21
-93.28837483726079
 31
0.0
  0
LINE
  5
C1D
330
17
100
AcDbEntity
  8
可见轮廓
100
AcDbLine
 10
4.702048481799443
 20
-93.25033620068284
 30
0.0
 11
4.730733266350597
 21
-93.26971308127266
 31
0.0
  0
LINE
  5
C1E
330
17
100
AcDbEntity
  8
可见轮廓
100
AcDbLine
 10
4.673851538900017
 20
-93.23025604188703
 30
0.0
 11
4.702048481799443
 21
-93.25033620068284
 31
0.0
  0
LINE
  5
C1F
330
17
100
AcDbEntity
  8
可见轮廓
100
AcDbLine
 10
4.646159676347761
 20
-93.20948488124239
 30
0.0
 11
4.673851538900017
 21
-93.23025604188703
 31
0.0
  0
LINE
  5
C20
330
17
100
AcDbEntity
  8
可见轮廓
100
AcDbLine
 10
4.618989824048388
 20
-93.18803541756218
 30
0.0
 11
4.646159676347761
 21
-93.20948488124239
 31
0.0
  0
LINE
  5
C21
330
17
100
AcDbEntity
  8
可见轮廓
100
AcDbLine
 10
4.592358592767489
 20
-93.16592076435211
 30
0.0
 11
4.618989824048388
 21
-93.18803541756218
 31
0.0
  0
LINE
  5
C22
330
17
100
AcDbEntity
  8
可见轮廓
100
AcDbLine
 10
4.566282263975255
 20
-93.14315444179317
 30
0.0
 11
4.592358592767489
 21
-93.16592076435211
 31
0.0
  0
LINE
  5
C23
330
17
100
AcDbEntity
  8
可见轮廓
100
AcDbLine
 10
4.540776779892507
 20
-93.11975036847583
 30
0.0
 11
4.566282263975255
 21
-93.14315444179317
 31
0.0
  0
LINE
  5
C24
330
17
100
AcDbEntity
  8
可见轮廓
100
AcDbLine
 10
4.515857733744145
 20
-93.09572285289069
 30
0.0
 11
4.540776779892507
 21
-93.11975036847583
 31
0.0
  0
LINE
  5
C25
330
17
100
AcDbEntity
  8
可见轮廓
100
AcDbLine
 10
4.491540360225958
 20
-93.07108658468069
 30
0.0
 11
4.515857733744145
 21
-93.09572285289069
 31
0.0
  0
LINE
  5
C26
330
17
100
AcDbEntity
  8
可见轮廓
100
AcDbLine
 10
4.46783952619062
 20
-93.04585662566035
 30
0.0
 11
4.491540360225958
 21
-93.07108658468069
 31
0.0
  0
LINE
  5
C27
330
17
100
AcDbEntity
  8
可见轮廓
100
AcDbLine
 10
4.444769721558584
 20
-93.02004840060751
 30
0.0
 11
4.46783952619062
 21
-93.04585662566035
 31
0.0
  0
LINE
  5
C28
330
17
100
AcDbEntity
  8
可见轮廓
100
AcDbLine
 10
4.422345050459409
 20
-92.99367768783306
 30
0.0
 11
4.444769721558584
 21
-93.02004840060751
 31
0.0
  0
LINE
  5
C29
330
17
100
AcDbEntity
  8
可见轮廓
100
AcDbLine
 10
4.400579222608963
 20
-92.96676060953465
 30
0.0
 11
4.422345050459409
 21
-92.99367768783306
 31
0.0
  0
LINE
  5
C2A
330
17
100
AcDbEntity
  8
可见轮廓
100
AcDbLine
 10
4.3794855449277375
 20
-92.93931362194003
 30
0.0
 11
4.400579222608963
 21
-92.96676060953465
 31
0.0
  0
LINE
  5
C2B
330
17
100
AcDbEntity
  8
可见轮廓
100
AcDbLine
 10
4.359076913405435
 20
-92.91135350524632
 30
0.0
 11
4.3794855449277375
 21
-92.93931362194003
 31
0.0
  0
LINE
  5
C2C
330
17
100
AcDbEntity
  8
可见轮廓
100
AcDbLine
 10
4.339365805216774
 20
-92.88289735336113
 30
0.0
 11
4.359076913405435
 21
-92.91135350524632
 31
0.0
  0
LINE
  5
C2D
330
17
100
AcDbEntity
  8
可见轮廓
100
AcDbLine
 10
4.320364271093357
 20
-92.85396256345183
 30
0.0
 11
4.339365805216774
 21
-92.88289735336113
 31
0.0
  0
LINE
  5
C2E
330
17
100
AcDbEntity
  8
可见轮廓
100
AcDbLine
 10
4.302083927956238
 20
-92.82456682530959
 30
0.0
 11
4.320364271093357
 21
-92.85396256345183
 31
0.0
  0
LINE
  5
C2F
330
17
100
AcDbEntity
  8
可见轮廓
100
AcDbLine
 10
4.284535951813718
 20
-92.79472811053432
 30
0.0
 11
4.302083927956238
 21
-92.82456682530959
 31
0.0
  0
LINE
  5
C30
330
17
100
AcDbEntity
  8
可见轮廓
100
AcDbLine
 10
4.267731070928692
 20
-92.76446466154749
 30
0.0
 11
4.284535951813718
 21
-92.79472811053432
 31
0.0
  0
LINE
  5
C31
330
17
100
AcDbEntity
  8
可见轮廓
100
AcDbLine
 10
4.25167955925974
 20
-92.73379498043927
 30
0.0
 11
4.267731070928692
 21
-92.76446466154749
 31
0.0
  0
LINE
  5
C32
330
17
100
AcDbEntity
  8
可见轮廓
100
AcDbLine
 10
4.236391230179967
 20
-92.70273781765695
 30
0.0
 11
4.25167955925974
 21
-92.73379498043927
 31
0.0
  0
LINE
  5
C33
330
17
100
AcDbEntity
  8
可见轮廓
100
AcDbLine
 10
4.221875430477416
 20
-92.67131216054156
 30
0.0
 11
4.236391230179967
 21
-92.70273781765695
 31
0.0
  0
LINE
  5
C34
330
17
100
AcDbEntity
  8
可见轮廓
100
AcDbLine
 10
4.208141034640752
 20
-92.63953722171959
 30
0.0
 11
4.221875430477416
 21
-92.67131216054156
 31
0.0
  0
LINE
  5
C35
330
17
100
AcDbEntity
  8
可见轮廓
100
AcDbLine
 10
4.195196439433685
 20
-92.60743242735701
 30
0.0
 11
4.208141034640752
 21
-92.63953722171959
 31
0.0
  0
LINE
  5
C36
330
17
100
AcDbEntity
  8
可见轮廓
100
AcDbLine
 10
4.1830495587614624
 20
-92.57501740528278
 30
0.0
 11
4.195196439433685
 21
-92.60743242735701
 31
0.0
  0
LINE
  5
C37
330
17
100
AcDbEntity
  8
可见轮廓
100
AcDbLine
 10
4.171707818832562
 20
-92.54231197298898
 30
0.0
 11
4.1830495587614624
 21
-92.57501740528278
 31
0.0
  0
LINE
  5
C38
330
17
100
AcDbEntity
  8
可见轮廓
100
AcDbLine
 10
4.161178153618554
 20
-92.50933612551512
 30
0.0
 11
4.171707818832562
 21
-92.54231197298898
 31
0.0
  0
LINE
  5
C39
330
17
100
AcDbEntity
  8
可见轮廓
100
AcDbLine
 10
4.1514670006148915
 20
-92.47611002322374
 30
0.0
 11
4.161178153618554
 21
-92.50933612551512
 31
0.0
  0
LINE
  5
C3A
330
17
100
AcDbEntity
  8
可见轮廓
100
AcDbLine
 10
4.142580296905235
 20
-92.44265397947504
 30
0.0
 11
4.1514670006148915
 21
-92.47611002322374
 31
0.0
  0
LINE
  5
C3B
330
17
100
AcDbEntity
  8
可见轮廓
100
AcDbLine
 10
4.134523475531715
 20
-92.40898844820796
 30
0.0
 11
4.142580296905235
 21
-92.44265397947504
 31
0.0
  0
LINE
  5
C3C
330
17
100
AcDbEntity
  8
可见轮廓
100
AcDbLine
 10
4.127301462173344
 20
-92.37513401143536
 30
0.0
 11
4.134523475531715
 21
-92.40898844820796
 31
0.0
  0
LINE
  5
C3D
330
17
100
AcDbEntity
  8
可见轮廓
100
AcDbLine
 10
4.12091867213462
 20
-92.34111136666075
 30
0.0
 11
4.127301462173344
 21
-92.37513401143536
 31
0.0
  0
LINE
  5
C3E
330
17
100
AcDbEntity
  8
可见轮廓
100
AcDbLine
 10
4.115379007646144
 20
-92.30694131422453
 30
0.0
 11
4.12091867213462
 21
-92.34111136666075
 31
0.0
  0
LINE
  5
C3F
330
17
100
AcDbEntity
  8
可见轮廓
100
AcDbLine
 10
4.110685855478934
 20
-92.27264474458741
 30
0.0
 11
4.115379007646144
 21
-92.30694131422453
 31
0.0
  0
LINE
  5
C40
330
17
100
AcDbEntity
  8
可见轮廓
100
AcDbLine
 10
4.106842084873858
 20
-92.23824262555858
 30
0.0
 11
4.110685855478934
 21
-92.27264474458741
 31
0.0
  0
LINE
  5
C41
330
17
100
AcDbEntity
  8
可见轮廓
100
AcDbLine
 10
4.103850045787466
 20
-92.2037559894767
 30
0.0
 11
4.106842084873858
 21
-92.23824262555858
 31
0.0
  0
LINE
  5
C42
330
17
100
AcDbEntity
  8
可见轮廓
100
AcDbLine
 10
4.101711567455318
 20
-92.16920592035143
 30
0.0
 11
4.103850045787466
 21
-92.2037559894767
 31
0.0
  0
LINE
  5
C43
330
17
100
AcDbEntity
  8
可见轮廓
100
AcDbLine
 10
4.100427957273638
 20
-92.1346135409733
 30
0.0
 11
4.101711567455318
 21
-92.16920592035143
 31
0.0
  0
LINE
  5
C44
330
17
100
AcDbEntity
  8
可见轮廓
100
AcDbLine
 10
4.0999999999999925
 20
-92.10000000000001
 30
0.0
 11
4.100427957273638
 21
-92.1346135409733
 31
0.0
  0
LINE
  5
C45
330
17
100
AcDbEntity
  8
可见轮廓
100
AcDbLine
 10
9.899109611930609
 20
-102.00485924456109
 30
0.0
 11
9.881831713595174
 21
-102.00507250974177
 31
0.0
  0
LINE
  5
C46
330
17
100
AcDbEntity
  8
可见轮廓
100
AcDbLine
 10
9.91637698234002
 20
-102.00421957896779
 30
0.0
 11
9.899109611930609
 21
-102.00485924456109
 31
0.0
  0
LINE
  5
C47
330
17
100
AcDbEntity
  8
可见轮廓
100
AcDbLine
 10
9.933623303312348
 20
-102.00315390272868
 30
0.0
 11
9.91637698234002
 21
-102.00421957896779
 31
0.0
  0
LINE
  5
C48
330
17
100
AcDbEntity
  8
可见轮廓
100
AcDbLine
 10
9.950838066162568
 20
-102.00166286519132
 30
0.0
 11
9.933623303312348
 21
-102.00315390272868
 31
0.0
  0
LINE
  5
C49
330
17
100
AcDbEntity
  8
可见轮廓
100
AcDbLine
 10
9.968010781434938
 20
-101.99974737488824
 30
0.0
 11
9.950838066162568
 21
-102.00166286519132
 31
0.0
  0
LINE
  5
C4A
330
17
100
AcDbEntity
  8
可见轮廓
100
AcDbLine
 10
9.98513098529453
 20
-101.99740859898338
 30
0.0
 11
9.968010781434938
 21
-101.99974737488824
 31
0.0
  0
LINE
  5
C4B
330
17
100
AcDbEntity
  8
可见轮廓
100
AcDbLine
 10
10.002188245903149
 20
-101.99464796256096
 30
0.0
 11
9.98513098529453
 21
-101.99740859898338
 31
0.0
  0
LINE
  5
C4C
330
17
100
AcDbEntity
  8
可见轮廓
100
AcDbLine
 10
10.019172169775748
 20
-101.99146714775702
 30
0.0
 11
10.002188245903149
 21
-101.99464796256096
 31
0.0
  0
LINE
  5
C4D
330
17
100
AcDbEntity
  8
可见轮廓
100
AcDbLine
 10
10.03607240811349
 20
-101.98786809273459
 30
0.0
 11
10.019172169775748
 21
-101.99146714775702
 31
0.0
  0
LINE
  5
C4E
330
17
100
AcDbEntity
  8
可见轮廓
100
AcDbLine
 10
10.052878663109572
 20
-101.98385299050253
 30
0.0
 11
10.03607240811349
 21
-101.98786809273459
 31
0.0
  0
LINE
  5
C4F
330
17
100
AcDbEntity
  8
可见轮廓
100
AcDbLine
 10
10.069580694223967
 20
-101.97942428757945
 30
0.0
 11
10.052878663109572
 21
-101.98385299050253
 31
0.0
  0
LINE
  5
C50
330
17
100
AcDbEntity
  8
可见轮廓
100
AcDbLine
 10
10.086168324423296
 20
-101.97458468250285
 30
0.0
 11
10.069580694223967
 21
-101.97942428757945
 31
0.0
  0
LINE
  5
C51
330
17
100
AcDbEntity
  8
可见轮廓
100
AcDbLine
 10
10.102631446381984
 20
-101.96933712418489
 30
0.0
 11
10.086168324423296
 21
-101.97458468250285
 31
0.0
  0
LINE
  5
C52
330
17
100
AcDbEntity
  8
可见轮廓
100
AcDbLine
 10
10.118960028640952
 20
-101.96368481011547
 30
0.0
 11
10.102631446381984
 21
-101.96933712418489
 31
0.0
  0
LINE
  5
C53
330
17
100
AcDbEntity
  8
可见轮廓
100
AcDbLine
 10
10.135144121720066
 20
-101.95763118441398
 30
0.0
 11
10.118960028640952
 21
-101.96368481011547
 31
0.0
  0
LINE
  5
C54
330
17
100
AcDbEntity
  8
可见轮廓
100
AcDbLine
 10
10.151173864180658
 20
-101.95117993573065
 30
0.0
 11
10.135144121720066
 21
-101.95763118441398
 31
0.0
  0
LINE
  5
C55
330
17
100
AcDbEntity
  8
可见轮廓
100
AcDbLine
 10
10.167039488634378
 20
-101.94433499499894
 30
0.0
 11
10.151173864180658
 21
-101.95117993573065
 31
0.0
  0
LINE
  5
C56
330
17
100
AcDbEntity
  8
可见轮廓
100
AcDbLine
 10
10.182731327694757
 20
-101.93710053304035
 30
0.0
 11
10.167039488634378
 21
-101.94433499499894
 31
0.0
  0
LINE
  5
C57
330
17
100
AcDbEntity
  8
可见轮廓
100
AcDbLine
 10
10.198239819867815
 20
-101.92948095802299
 30
0.0
 11
10.182731327694757
 21
-101.93710053304035
 31
0.0
  0
LINE
  5
C58
330
17
100
AcDbEntity
  8
可见轮廓
100
AcDbLine
 10
10.213555515378166
 20
-101.92148091277554
 30
0.0
 11
10.198239819867815
 21
-101.92948095802299
 31
0.0
  0
LINE
  5
C59
330
17
100
AcDbEntity
  8
可见轮廓
100
AcDbLine
 10
10.228669081927041
 20
-101.91310527195826
 30
0.0
 11
10.213555515378166
 21
-101.92148091277554
 31
0.0
  0
LINE
  5
C5A
330
17
100
AcDbEntity
  8
可见轮廓
100
AcDbLine
 10
10.243571310378721
 20
-101.90435913909275
 30
0.0
 11
10.228669081927041
 21
-101.91310527195826
 31
0.0
  0
LINE
  5
C5B
330
17
100
AcDbEntity
  8
可见轮廓
100
AcDbLine
 10
10.258253120371943
 20
-101.89524784345218
 30
0.0
 11
10.243571310378721
 21
-101.90435913909275
 31
0.0
  0
LINE
  5
C5C
330
17
100
AcDbEntity
  8
可见轮廓
100
AcDbLine
 10
10.272705565852817
 20
-101.88577693681398
 30
0.0
 11
10.258253120371943
 21
-101.89524784345218
 31
0.0
  0
LINE
  5
C5D
330
17
100
AcDbEntity
  8
可见轮廓
100
AcDbLine
 10
10.286919840525927
 20
-101.87595219007707
 30
0.0
 11
10.272705565852817
 21
-101.88577693681398
 31
0.0
  0
LINE
  5
C5E
330
17
100
AcDbEntity
  8
可见轮廓
100
AcDbLine
 10
10.300887283220254
 20
-101.86577958974539
 30
0.0
 11
10.286919840525927
 21
-101.87595219007707
 31
0.0
  0
LINE
  5
C5F
330
17
100
AcDbEntity
  8
可见轮廓
100
AcDbLine
 10
10.314599383166684
 20
-101.85526533428026
 30
0.0
 11
10.300887283220254
 21
-101.86577958974539
 31
0.0
  0
LINE
  5
C60
330
17
100
AcDbEntity
  8
可见轮廓
100
AcDbLine
 10
10.328047785183868
 20
-101.84441583032333
 30
0.0
 11
10.314599383166684
 21
-101.85526533428026
 31
0.0
  0
LINE
  5
C61
330
17
100
AcDbEntity
  8
可见轮廓
100
AcDbLine
 10
10.341224294769278
 20
-101.83323768879296
 30
0.0
 11
10.328047785183868
 21
-101.84441583032333
 31
0.0
  0
LINE
  5
C62
330
17
100
AcDbEntity
  8
可见轮廓
100
AcDbLine
 10
10.354120883092346
 20
-101.82173772085595
 30
0.0
 11
10.341224294769278
 21
-101.83323768879296
 31
0.0
  0
LINE
  5
C63
330
17
100
AcDbEntity
  8
可见轮廓
100
AcDbLine
 10
10.366729691886677
 20
-101.80992293377724
 30
0.0
 11
10.354120883092346
 21
-101.82173772085595
 31
0.0
  0
LINE
  5
C64
330
17
100
AcDbEntity
  8
可见轮廓
100
AcDbLine
 10
10.379043038238315
 20
-101.79780052665029
 30
0.0
 11
10.366729691886677
 21
-101.80992293377724
 31
0.0
  0
LINE
  5
C65
330
17
100
AcDbEntity
  8
可见轮廓
100
AcDbLine
 10
10.39105341926716
 20
-101.78537788601035
 30
0.0
 11
10.379043038238315
 21
-101.79780052665029
 31
0.0
  0
LINE
  5
C66
330
17
100
AcDbEntity
  8
可见轮廓
100
AcDbLine
 10
10.4027535166987
 20
-101.77266258133372
 30
0.0
 11
10.39105341926716
 21
-101.78537788601035
 31
0.0
  0
LINE
  5
C67
330
17
100
AcDbEntity
  8
可见轮廓
100
AcDbLine
 10
10.41413620132324
 20
-101.75966236042538
 30
0.0
 11
10.4027535166987
 21
-101.77266258133372
 31
0.0
  0
LINE
  5
C68
330
17
100
AcDbEntity
  8
可见轮廓
100
AcDbLine
 10
10.425194537339943
 20
-101.74638514469811
 30
0.0
 11
10.41413620132324
 21
-101.75966236042538
 31
0.0
  0
LINE
  5
C69
330
17
100
AcDbEntity
  8
可见轮廓
100
AcDbLine
 10
10.435921786583014
 20
-101.73283902434562
 30
0.0
 11
10.425194537339943
 21
-101.74638514469811
 31
0.0
  0
LINE
  5
C6A
330
17
100
AcDbEntity
  8
可见轮廓
100
AcDbLine
 10
10.44631141262746
 20
-101.71903225341308
 30
0.0
 11
10.435921786583014
 21
-101.73283902434562
 31
0.0
  0
LINE
  5
C6B
330
17
100
AcDbEntity
  8
可见轮廓
100
AcDbLine
 10
10.456357084771923
 20
-101.70497324476761
 30
0.0
 11
10.44631141262746
 21
-101.71903225341308
 31
0.0
  0
LINE
  5
C6C
330
17
100
AcDbEntity
  8
可见轮廓
100
AcDbLine
 10
10.46605268189616
 20
-101.69067056497215
 30
0.0
 11
10.456357084771923
 21
-101.70497324476761
 31
0.0
  0
LINE
  5
C6D
330
17
100
AcDbEntity
  8
可见轮廓
100
AcDbLine
 10
10.475392296190822
 20
-101.67613292906552
 30
0.0
 11
10.46605268189616
 21
-101.69067056497215
 31
0.0
  0
LINE
  5
C6E
330
17
100
AcDbEntity
  8
可见轮廓
100
AcDbLine
 10
10.484370236757252
 20
-101.66136919525212
 30
0.0
 11
10.475392296190822
 21
-101.67613292906552
 31
0.0
  0
LINE
  5
C6F
330
17
100
AcDbEntity
  8
可见轮廓
100
AcDbLine
 10
10.492981033075116
 20
-101.64638835950441
 30
0.0
 11
10.484370236757252
 21
-101.66136919525212
 31
0.0
  0
LINE
  5
C70
330
17
100
AcDbEntity
  8
可见轮廓
100
AcDbLine
 10
10.501219438335749
 20
-101.6311995500814
 30
0.0
 11
10.492981033075116
 21
-101.64638835950441
 31
0.0
  0
LINE
  5
C71
330
17
100
AcDbEntity
  8
可见轮廓
100
AcDbLine
 10
10.509080432639191
 20
-101.61581202196646
 30
0.0
 11
10.501219438335749
 21
-101.6311995500814
 31
0.0
  0
LINE
  5
C72
330
17
100
AcDbEntity
  8
可见轮廓
100
AcDbLine
 10
10.516559226052957
 20
-101.60023515122803
 30
0.0
 11
10.509080432639191
 21
-101.61581202196646
 31
0.0
  0
LINE
  5
C73
330
17
100
AcDbEntity
  8
可见轮廓
100
AcDbLine
 10
10.523651261530677
 20
-101.58447842930659
 30
0.0
 11
10.516559226052957
 21
-101.60023515122803
 31
0.0
  0
LINE
  5
C74
330
17
100
AcDbEntity
  8
可见轮廓
100
AcDbLine
 10
10.530352217688847
 20
-101.5685514572311
 30
0.0
 11
10.523651261530677
 21
-101.58447842930659
 31
0.0
  0
LINE
  5
C75
330
17
100
AcDbEntity
  8
可见轮廓
100
AcDbLine
 10
10.536658011439963
 20
-101.55246393976893
 30
0.0
 11
10.530352217688847
 21
-101.5685514572311
 31
0.0
  0
LINE
  5
C76
330
17
100
AcDbEntity
  8
可见轮廓
100
AcDbLine
 10
10.542564800480472
 20
-101.53622567951243
 30
0.0
 11
10.536658011439963
 21
-101.55246393976893
 31
0.0
  0
LINE
  5
C77
330
17
100
AcDbEntity
  8
可见轮廓
100
AcDbLine
 10
10.548068985631998
 20
-101.51984657090588
 30
0.0
 11
10.542564800480472
 21
-101.53622567951243
 31
0.0
  0
LINE
  5
C78
330
17
100
AcDbEntity
  8
可见轮廓
100
AcDbLine
 10
10.553167213034426
 20
-101.50333659421662
 30
0.0
 11
10.548068985631998
 21
-101.51984657090588
 31
0.0
  0
LINE
  5
C79
330
17
100
AcDbEntity
  8
可见轮廓
100
AcDbLine
 10
10.5578563761895
 20
-101.48670580945364
 30
0.0
 11
10.553167213034426
 21
-101.50333659421662
 31
0.0
  0
LINE
  5
C7A
330
17
100
AcDbEntity
  8
可见轮廓
100
AcDbLine
 10
10.562133617853718
 20
-101.46996435023789
 30
0.0
 11
10.5578563761895
 21
-101.48670580945364
 31
0.0
  0
LINE
  5
C7B
330
17
100
AcDbEntity
  8
可见轮廓
100
AcDbLine
 10
10.565996331779317
 20
-101.4531224176274
 30
0.0
 11
10.562133617853718
 21
-101.46996435023789
 31
0.0
  0
LINE
  5
C7C
330
17
100
AcDbEntity
  8
可见轮廓
100
AcDbLine
 10
10.569442164302345
 20
-101.43619027390162
 30
0.0
 11
10.565996331779317
 21
-101.4531224176274
 31
0.0
  0
LINE
  5
C7D
330
17
100
AcDbEntity
  8
可见轮廓
100
AcDbLine
 10
10.572469015776814
 20
-101.41917823630824
 30
0.0
 11
10.569442164302345
 21
-101.43619027390162
 31
0.0
  0
LINE
  5
C7E
330
17
100
AcDbEntity
  8
可见轮廓
100
AcDbLine
 10
10.57507504185408
 20
-101.4020966707766
 30
0.0
 11
10.572469015776814
 21
-101.41917823630824
 31
0.0
  0
LINE
  5
C7F
330
17
100
AcDbEntity
  8
可见轮廓
100
AcDbLine
 10
10.577258654606648
 20
-101.38495598560144
 30
0.0
 11
10.57507504185408
 21
-101.4020966707766
 31
0.0
  0
LINE
  5
C80
330
17
100
AcDbEntity
  8
可见轮廓
100
AcDbLine
 10
10.579018523495751
 20
-101.36776662510081
 30
0.0
 11
10.577258654606648
 21
-101.38495598560144
 31
0.0
  0
LINE
  5
C81
330
17
100
AcDbEntity
  8
可见轮廓
100
AcDbLine
 10
10.580353576182087
 20
-101.35053906325209
 30
0.0
 11
10.579018523495751
 21
-101.36776662510081
 31
0.0
  0
LINE
  5
C82
330
17
100
AcDbEntity
  8
可见轮廓
100
AcDbLine
 10
10.581262999179222
 20
-101.33328379730979
 30
0.0
 11
10.580353576182087
 21
-101.35053906325209
 31
0.0
  0
LINE
  5
C83
330
17
100
AcDbEntity
  8
可见轮廓
100
AcDbLine
 10
10.581746238349266
 20
-101.31601134140938
 30
0.0
 11
10.581262999179222
 21
-101.33328379730979
 31
0.0
  0
LINE
  5
C84
330
17
100
AcDbEntity
  8
可见轮廓
100
AcDbLine
 10
10.58180299924054
 20
-101.29873222016064
 30
0.0
 11
10.581746238349266
 21
-101.31601134140938
 31
0.0
  0
LINE
  5
C85
330
17
100
AcDbEntity
  8
可见轮廓
100
AcDbLine
 10
10.58143324726698
 20
-101.28145696223478
 30
0.0
 11
10.58180299924054
 21
-101.29873222016064
 31
0.0
  0
LINE
  5
C86
330
17
100
AcDbEntity
  8
可见轮廓
100
AcDbLine
 10
10.580637207729222
 20
-101.26419609394893
 30
0.0
 11
10.58143324726698
 21
-101.28145696223478
 31
0.0
  0
LINE
  5
C87
330
17
100
AcDbEntity
  8
可见轮廓
100
AcDbLine
 10
10.579415365677308
 20
-101.24696013285222
 30
0.0
 11
10.580637207729222
 21
-101.26419609394893
 31
0.0
  0
LINE
  5
C88
330
17
100
AcDbEntity
  8
可见轮廓
100
AcDbLine
 10
10.57776846561514
 20
-101.2297595813171
 30
0.0
 11
10.579415365677308
 21
-101.24696013285222
 31
0.0
  0
LINE
  5
C89
330
17
100
AcDbEntity
  8
可见轮廓
100
AcDbLine
 10
10.575697511046835
 20
-101.21260492013994
 30
0.0
 11
10.57776846561514
 21
-101.2297595813171
 31
0.0
  0
LINE
  5
C8A
330
17
100
AcDbEntity
  8
可见轮廓
100
AcDbLine
 10
10.573203763865244
 20
-101.19550660215478
 30
0.0
 11
10.575697511046835
 21
-101.21260492013994
 31
0.0
  0
LINE
  5
C8B
330
17
100
AcDbEntity
  8
可见轮廓
100
AcDbLine
 10
10.570288743583069
 20
-101.17847504586413
 30
0.0
 11
10.573203763865244
 21
-101.19550660215478
 31
0.0
  0
LINE
  5
C8C
330
17
100
AcDbEntity
  8
可见轮廓
100
AcDbLine
 10
10.566954226406953
 20
-101.16152062909065
 30
0.0
 11
10.570288743583069
 21
-101.17847504586413
 31
0.0
  0
LINE
  5
C8D
330
17
100
AcDbEntity
  8
可见轮廓
100
AcDbLine
 10
10.563202244155175
 20
-101.14465368265363
 30
0.0
 11
10.566954226406953
 21
-101.16152062909065
 31
0.0
  0
LINE
  5
C8E
330
17
100
AcDbEntity
  8
可见轮廓
100
AcDbLine
 10
3.7499999999999964
 20
-102.00507250974177
 30
0.0
 11
9.881831713595174
 21
-102.00507250974177
 31
0.0
  0
LINE
  5
C8F
330
17
100
AcDbEntity
  8
可见轮廓
100
AcDbLine
 10
2.0004286920012007
 20
-93.40258553767615
 30
0.0
 11
2.0
 21
-93.36794230130126
 31
0.0
  0
LINE
  5
C90
330
17
100
AcDbEntity
  8
可见轮廓
100
AcDbLine
 10
2.0017145054664667
 20
-93.43720755793912
 30
0.0
 11
2.0004286920012007
 21
-93.40258553767615
 31
0.0
  0
LINE
  5
C91
330
17
100
AcDbEntity
  8
可见轮廓
100
AcDbLine
 10
2.0038566529415895
 20
-93.47178715897141
 30
0.0
 11
2.0017145054664667
 21
-93.43720755793912
 31
0.0
  0
LINE
  5
C92
330
17
100
AcDbEntity
  8
可见轮廓
100
AcDbLine
 10
2.0068538225387265
 20
-93.5063031636325
 30
0.0
 11
2.0038566529415895
 21
-93.47178715897141
 31
0.0
  0
LINE
  5
C93
330
17
100
AcDbEntity
  8
可见轮廓
100
AcDbLine
 10
2.010704178739836
 20
-93.54073443372934
 30
0.0
 11
2.0068538225387265
 21
-93.5063031636325
 31
0.0
  0
LINE
  5
C94
330
17
100
AcDbEntity
  8
可见轮廓
100
AcDbLine
 10
2.015405363520763
 20
-93.57505988296185
 30
0.0
 11
2.010704178739836
 21
-93.54073443372934
 31
0.0
  0
LINE
  5
C95
330
17
100
AcDbEntity
  8
可见轮廓
100
AcDbLine
 10
2.0209544977953513
 20
-93.6092584898364
 30
0.0
 11
2.015405363520763
 21
-93.57505988296185
 31
0.0
  0
LINE
  5
C96
330
17
100
AcDbEntity
  8
可见轮廓
100
AcDbLine
 10
2.0273481831786313
 20
-93.64330931053983
 30
0.0
 11
2.0209544977953513
 21
-93.6092584898364
 31
0.0
  0
LINE
  5
C97
330
17
100
AcDbEntity
  8
可见轮廓
100
AcDbLine
 10
2.0345825040680587
 20
-93.67719149176577
 30
0.0
 11
2.0273481831786313
 21
-93.64330931053983
 31
0.0
  0
LINE
  5
C98
330
17
100
AcDbEntity
  8
可见轮廓
100
AcDbLine
 10
2.0426530300414925
 20
-93.71088428348551
 30
0.0
 11
2.0345825040680587
 21
-93.67719149176577
 31
0.0
  0
LINE
  5
C99
330
17
100
AcDbEntity
  8
可见轮廓
100
AcDbLine
 10
2.051554818570459
 20
-93.74436705165576
 30
0.0
 11
2.0426530300414925
 21
-93.71088428348551
 31
0.0
  0
LINE
  5
C9A
330
17
100
AcDbEntity
  8
可见轮廓
100
AcDbLine
 10
2.061282418047046
 20
-93.77761929085527
 30
0.0
 11
2.051554818570459
 21
-93.74436705165576
 31
0.0
  0
LINE
  5
C9B
330
17
100
AcDbEntity
  8
可见轮廓
100
AcDbLine
 10
2.0718298711225565
 20
-93.81062063684263
 30
0.0
 11
2.061282418047046
 21
-93.77761929085527
 31
0.0
  0
LINE
  5
C9C
330
17
100
AcDbEntity
  8
可见轮廓
100
AcDbLine
 10
2.083190718355901
 20
-93.84335087902778
 30
0.0
 11
2.0718298711225565
 21
-93.81062063684263
 31
0.0
  0
LINE
  5
C9D
330
17
100
AcDbEntity
  8
可见轮廓
100
AcDbLine
 10
2.0953580021694513
 20
-93.87578997284925
 30
0.0
 11
2.083190718355901
 21
-93.84335087902778
 31
0.0
  0
LINE
  5
C9E
330
17
100
AcDbEntity
  8
可见轮廓
100
AcDbLine
 10
2.10832427111
 20
-93.90791805204984
 30
0.0
 11
2.0953580021694513
 21
-93.87578997284925
 31
0.0
  0
LINE
  5
C9F
330
17
100
AcDbEntity
  8
可见轮廓
100
AcDbLine
 10
2.122081584412147
 20
-93.939715440843
 30
0.0
 11
2.10832427111
 21
-93.90791805204984
 31
0.0
  0
LINE
  5
CA0
330
17
100
AcDbEntity
  8
可见轮廓
100
AcDbLine
 10
2.1366215168613607
 20
-93.97116266596272
 30
0.0
 11
2.122081584412147
 21
-93.939715440843
 31
0.0
  0
LINE
  5
CA1
330
17
100
AcDbEntity
  8
可见轮廓
100
AcDbLine
 10
2.1519351639537305
 20
-94.00224046858916
 30
0.0
 11
2.1366215168613607
 21
-93.97116266596272
 31
0.0
  0
LINE
  5
CA2
330
17
100
AcDbEntity
  8
可见轮廓
100
AcDbLine
 10
2.1680131473492317
 20
-94.0329298161432
 30
0.0
 11
2.1519351639537305
 21
-94.00224046858916
 31
0.0
  0
LINE
  5
CA3
330
17
100
AcDbEntity
  8
可见轮廓
100
AcDbLine
 10
2.184845620615178
 20
-94.06321191394221
 30
0.0
 11
2.1680131473492317
 21
-94.0329298161432
 31
0.0
  0
LINE
  5
CA4
330
17
100
AcDbEntity
  8
可见轮廓
100
AcDbLine
 10
2.2024222752563603
 20
-94.09306821671034
 30
0.0
 11
2.184845620615178
 21
-94.06321191394221
 31
0.0
  0
LINE
  5
CA5
330
17
100
AcDbEntity
  8
可见轮廓
100
AcDbLine
 10
2.2207323470281324
 20
-94.1224804399359
 30
0.0
 11
2.2024222752563603
 21
-94.09306821671034
 31
0.0
  0
LINE
  5
CA6
330
17
100
AcDbEntity
  8
可见轮廓
100
AcDbLine
 10
2.2397646225286216
 20
-94.15143057106913
 30
0.0
 11
2.2207323470281324
 21
-94.1224804399359
 31
0.0
  0
LINE
  5
CA7
330
17
100
AcDbEntity
  8
可见轮廓
100
AcDbLine
 10
2.25950744606601
 20
-94.17990088055339
 30
0.0
 11
2.2397646225286216
 21
-94.15143057106913
 31
0.0
  0
LINE
  5
CA8
330
17
100
AcDbEntity
  8
可见轮廓
100
AcDbLine
 10
2.279948726796686
 20
-94.20787393268301
 30
0.0
 11
2.25950744606601
 21
-94.17990088055339
 31
0.0
  0
LINE
  5
CA9
330
17
100
AcDbEntity
  8
可见轮廓
100
AcDbLine
 10
2.301075946129867
 20
-94.23533259628134
 30
0.0
 11
2.279948726796686
 21
-94.20787393268301
 31
0.0
  0
LINE
  5
CAA
330
17
100
AcDbEntity
  8
可见轮廓
100
AcDbLine
 10
2.3228761653942165
 20
-94.26226005519197
 30
0.0
 11
2.301075946129867
 21
-94.23533259628134
 31
0.0
  0
LINE
  5
CAB
330
17
100
AcDbEntity
  8
可见轮廓
100
AcDbLine
 10
2.345336033761704
 20
-94.28863981857744
 30
0.0
 11
2.3228761653942165
 21
-94.26226005519197
 31
0.0
  0
LINE
  5
CAC
330
17
100
AcDbEntity
  8
可见轮廓
100
AcDbLine
 10
2.3684417964238804
 20
-94.31445573101834
 30
0.0
 11
2.345336033761704
 21
-94.28863981857744
 31
0.0
  0
LINE
  5
CAD
330
17
100
AcDbEntity
  8
可见轮廓
100
AcDbLine
 10
2.3921793030155456
 20
-94.33969198240734
 30
0.0
 11
2.3684417964238804
 21
-94.31445573101834
 31
0.0
  0
LINE
  5
CAE
330
17
100
AcDbEntity
  8
可见轮廓
100
AcDbLine
 10
2.4165340162806963
 20
-94.36433311763139
 30
0.0
 11
2.3921793030155456
 21
-94.33969198240734
 31
0.0
  0
LINE
  5
CAF
330
17
100
AcDbEntity
  8
可见轮廓
100
AcDbLine
 10
2.4414910209753806
 20
-94.38836404603683
 30
0.0
 11
2.4165340162806963
 21
-94.36433311763139
 31
0.0
  0
LINE
  5
CB0
330
17
100
AcDbEntity
  8
可见轮廓
100
AcDbLine
 10
2.4670350330020447
 20
-94.4117700506711
 30
0.0
 11
2.4414910209753806
 21
-94.38836404603683
 31
0.0
  0
LINE
  5
CB1
330
17
100
AcDbEntity
  8
可见轮廓
100
AcDbLine
 10
2.493150408769779
 20
-94.43453679729568
 30
0.0
 11
2.4670350330020447
 21
-94.4117700506711
 31
0.0
  0
LINE
  5
CB2
330
17
100
AcDbEntity
  8
可见轮廓
100
AcDbLine
 10
2.519821154774732
 20
-94.4566503431646
 30
0.0
 11
2.493150408769779
 21
-94.43453679729568
 31
0.0
  0
LINE
  5
CB3
330
17
100
AcDbEntity
  8
可见轮廓
100
AcDbLine
 10
2.547030937394787
 20
-94.47809714556325
 30
0.0
 11
2.519821154774732
 21
-94.4566503431646
 31
0.0
  0
LINE
  5
CB4
330
17
100
AcDbEntity
  8
可见轮廓
100
AcDbLine
 10
2.574763092892571
 20
-94.49886407010216
 30
0.0
 11
2.547030937394787
 21
-94.47809714556325
 31
0.0
  0
LINE
  5
CB5
330
17
100
AcDbEntity
  8
可见轮廓
100
AcDbLine
 10
2.6030006376205996
 20
-94.51893839876068
 30
0.0
 11
2.574763092892571
 21
-94.49886407010216
 31
0.0
  0
LINE
  5
CB6
330
17
100
AcDbEntity
  8
可见轮廓
100
AcDbLine
 10
2.6317262784223594
 20
-94.53830783767579
 30
0.0
 11
2.6030006376205996
 21
-94.51893839876068
 31
0.0
  0
LINE
  5
CB7
330
17
100
AcDbEntity
  8
可见轮廓
100
AcDbLine
 10
2.660922423222935
 20
-94.556960524671
 30
0.0
 11
2.6317262784223594
 21
-94.53830783767579
 31
0.0
  0
LINE
  5
CB8
330
17
100
AcDbEntity
  8
可见轮廓
100
AcDbLine
 10
2.6905711918027
 20
-94.57488503652101
 30
0.0
 11
2.660922423222935
 21
-94.556960524671
 31
0.0
  0
LINE
  5
CB9
330
17
100
AcDbEntity
  8
可见轮廓
100
AcDbLine
 10
2.720654426747455
 20
-94.59207039594747
 30
0.0
 11
2.6905711918027
 21
-94.57488503652101
 31
0.0
  0
LINE
  5
CBA
330
17
100
AcDbEntity
  8
可见轮廓
100
AcDbLine
 10
2.7511537045683596
 20
-94.6085060783416
 30
0.0
 11
2.720654426747455
 21
-94.59207039594747
 31
0.0
  0
LINE
  5
CBB
330
17
100
AcDbEntity
  8
可见轮廓
100
AcDbLine
 10
2.782050346984775
 20
-94.62418201820977
 30
0.0
 11
2.7511537045683596
 21
-94.6085060783416
 31
0.0
  0
LINE
  5
CBC
330
17
100
AcDbEntity
  8
可见轮廓
100
AcDbLine
 10
2.8133254323631753
 20
-94.6390886153376
 30
0.0
 11
2.782050346984775
 21
-94.62418201820977
 31
0.0
  0
LINE
  5
CBD
330
17
100
AcDbEntity
  8
可见轮廓
100
AcDbLine
 10
2.0
 20
-63.4
 30
0.0
 11
2.0
 21
-93.36794230130126
 31
0.0
  0
LINE
  5
CBE
330
17
100
AcDbEntity
  8
可见轮廓
100
AcDbLine
 10
3.3650970315667053
 20
-62.00043514519886
 30
0.0
 11
3.4000000000000448
 21
-62.0
 31
0.0
  0
LINE
  5
CBF
330
17
100
AcDbEntity
  8
可见轮廓
100
AcDbLine
 10
3.3302157600750313
 20
-62.001740310293506
 30
0.0
 11
3.3650970315667053
 21
-62.00043514519886
 31
0.0
  0
LINE
  5
CC0
330
17
100
AcDbEntity
  8
可见轮廓
100
AcDbLine
 10
3.2953778689790134
 20
-62.00391468394635
 30
0.0
 11
3.3302157600750313
 21
-62.001740310293506
 31
0.0
  0
LINE
  5
CC1
330
17
100
AcDbEntity
  8
可见轮廓
100
AcDbLine
 10
3.260605014765865
 20
-62.006956914488434
 30
0.0
 11
3.2953778689790134
 21
-62.00391468394635
 31
0.0
  0
LINE
  5
CC2
330
17
100
AcDbEntity
  8
可见轮廓
100
AcDbLine
 10
3.2259188134935286
 20
-62.01086511075975
 30
0.0
 11
3.260605014765865
 21
-62.006956914488434
 31
0.0
  0
LINE
  5
CC3
330
17
100
AcDbEntity
  8
可见轮廓
100
AcDbLine
 10
3.191340827353361
 20
-62.01563684328482
 30
0.0
 11
3.2259188134935286
 21
-62.01086511075975
 31
0.0
  0
LINE
  5
CC4
330
17
100
AcDbEntity
  8
可见轮廓
100
AcDbLine
 10
3.156892551266303
 20
-62.0212691457829
 30
0.0
 11
3.191340827353361
 21
-62.01563684328482
 31
0.0
  0
LINE
  5
CC5
330
17
100
AcDbEntity
  8
可见轮廓
100
AcDbLine
 10
3.1225953995208506
 20
-62.02775851701203
 30
0.0
 11
3.156892551266303
 21
-62.0212691457829
 31
0.0
  0
LINE
  5
CC6
330
17
100
AcDbEntity
  8
可见轮廓
100
AcDbLine
 10
3.088470692461165
 20
-62.035100922945446
 30
0.0
 11
3.1225953995208506
 21
-62.02775851701203
 31
0.0
  0
LINE
  5
CC7
330
17
100
AcDbEntity
  8
可见轮廓
100
AcDbLine
 10
3.0545396432335927
 20
-62.04329179927929
 30
0.0
 11
3.088470692461165
 21
-62.035100922945446
 31
0.0
  0
LINE
  5
CC8
330
17
100
AcDbEntity
  8
可见轮廓
100
AcDbLine
 10
3.0208233445997976
 20
-62.052326054269976
 30
0.0
 11
3.0545396432335927
 21
-62.04329179927929
 31
0.0
  0
LINE
  5
CC9
330
17
100
AcDbEntity
  8
可见轮廓
100
AcDbLine
 10
2.987342755824738
 20
-62.0621980718994
 30
0.0
 11
3.0208233445997976
 21
-62.052326054269976
 31
0.0
  0
LINE
  5
CCA
330
17
100
AcDbEntity
  8
可见轮廓
100
AcDbLine
 10
2.954118689647647
 20
-62.07290171536601
 30
0.0
 11
2.987342755824738
 21
-62.0621980718994
 31
0.0
  0
LINE
  5
CCB
330
17
100
AcDbEntity
  8
可见轮廓
100
AcDbLine
 10
2.9211717993440693
 20
-62.08443033089972
 30
0.0
 11
2.954118689647647
 21
-62.07290171536601
 31
0.0
  0
LINE
  5
CCC
330
17
100
AcDbEntity
  8
可见轮廓
100
AcDbLine
 10
2.888522565887051
 20
-62.09677675189811
 30
0.0
 11
2.9211717993440693
 21
-62.08443033089972
 31
0.0
  0
LINE
  5
CCD
330
17
100
AcDbEntity
  8
可见轮廓
100
AcDbLine
 10
2.8561912852154308
 20
-62.109933303381425
 30
0.0
 11
2.888522565887051
 21
-62.09677675189811
 31
0.0
  0
LINE
  5
CCE
330
17
100
AcDbEntity
  8
可见轮廓
100
AcDbLine
 10
2.824198055617149
 20
-62.12389180676365
 30
0.0
 11
2.8561912852154308
 21
-62.109933303381425
 31
0.0
  0
LINE
  5
CCF
330
17
100
AcDbEntity
  8
可见轮廓
100
AcDbLine
 10
2.7925627652354237
 20
-62.13864358493661
 30
0.0
 11
2.824198055617149
 21
-62.12389180676365
 31
0.0
  0
LINE
  5
CD0
330
17
100
AcDbEntity
  8
可见轮廓
100
AcDbLine
 10
2.7613050797055756
 20
-62.15417946766394
 30
0.0
 11
2.7925627652354237
 21
-62.13864358493661
 31
0.0
  0
LINE
  5
CD1
330
17
100
AcDbEntity
  8
可见轮廓
100
AcDbLine
 10
2.7304444299301593
 20
-62.170489797281675
 30
0.0
 11
2.7613050797055756
 21
-62.15417946766394
 31
0.0
  0
LINE
  5
CD2
330
17
100
AcDbEntity
  8
可见轮廓
100
AcDbLine
 10
2.700000000000003
 20
-62.187564434701784
 30
0.0
 11
2.7304444299301593
 21
-62.170489797281675
 31
0.0
  0
LINE
  5
CD3
330
17
100
AcDbEntity
  8
可见轮廓
100
AcDbLine
 10
2.669990715268707
 20
-62.205392765714976
 30
0.0
 11
2.700000000000003
 21
-62.187564434701784
 31
0.0
  0
LINE
  5
CD4
330
17
100
AcDbEntity
  8
可见轮廓
100
AcDbLine
 10
2.64043523058794
 20
-62.223963707588915
 30
0.0
 11
2.669990715268707
 21
-62.205392765714976
 31
0.0
  0
LINE
  5
CD5
330
17
100
AcDbEntity
  8
可见轮廓
100
AcDbLine
 10
2.611351918710934
 20
-62.243265715957605
 30
0.0
 11
2.64043523058794
 21
-62.223963707588915
 31
0.0
  0
LINE
  5
CD6
330
17
100
AcDbEntity
  8
可见轮廓
100
AcDbLine
 10
2.5827588588712977
 20
-62.26328679199779
 30
0.0
 11
2.611351918710934
 21
-62.243265715957605
 31
0.0
  0
LINE
  5
CD7
330
17
100
AcDbEntity
  8
可见轮廓
100
AcDbLine
 10
2.5546738255443344
 20
-62.2840144898879
 30
0.0
 11
2.5827588588712977
 21
-62.26328679199779
 31
0.0
  0
LINE
  5
CD8
330
17
100
AcDbEntity
  8
可见轮廓
100
AcDbLine
 10
2.527114277397775
 20
-62.30543592454475
 30
0.0
 11
2.5546738255443344
 21
-62.2840144898879
 31
0.0
  0
LINE
  5
CD9
330
17
100
AcDbEntity
  8
可见轮廓
100
AcDbLine
 10
2.500097346438846
 20
-62.327537779633424
 30
0.0
 11
2.527114277397775
 21
-62.30543592454475
 31
0.0
  0
LINE
  5
CDA
330
17
100
AcDbEntity
  8
可见轮廓
100
AcDbLine
 10
2.473639827364398
 20
-62.35030631584517
 30
0.0
 11
2.500097346438846
 21
-62.327537779633424
 31
0.0
  0
LINE
  5
CDB
330
17
100
AcDbEntity
  8
可见轮廓
100
AcDbLine
 10
2.447758167120714
 20
-62.373727379438236
 30
0.0
 11
2.473639827364398
 21
-62.35030631584517
 31
0.0
  0
LINE
  5
CDC
330
17
100
AcDbEntity
  8
可见轮廓
100
AcDbLine
 10
2.4224684546794997
 20
-62.39778641103639
 30
0.0
 11
2.447758167120714
 21
-62.373727379438236
 31
0.0
  0
LINE
  5
CDD
330
17
100
AcDbEntity
  8
可见轮廓
100
AcDbLine
 10
2.397786411036396
 20
-62.42246845467949
 30
0.0
 11
2.4224684546794997
 21
-62.39778641103639
 31
0.0
  0
LINE
  5
CDE
330
17
100
AcDbEntity
  8
可见轮廓
100
AcDbLine
 10
2.373727379438243
 20
-62.44775816712071
 30
0.0
 11
2.397786411036396
 21
-62.42246845467949
 31
0.0
  0
LINE
  5
CDF
330
17
100
AcDbEntity
  8
可见轮廓
100
AcDbLine
 10
2.350306315845174
 20
-62.473639827364394
 30
0.0
 11
2.373727379438243
 21
-62.44775816712071
 31
0.0
  0
LINE
  5
CE0
330
17
100
AcDbEntity
  8
可见轮廓
100
AcDbLine
 10
2.327537779633431
 20
-62.50009734643884
 30
0.0
 11
2.350306315845174
 21
-62.473639827364394
 31
0.0
  0
LINE
  5
CE1
330
17
100
AcDbEntity
  8
可见轮廓
100
AcDbLine
 10
2.30543592454476
 20
-62.52711427739777
 30
0.0
 11
2.327537779633431
 21
-62.50009734643884
 31
0.0
  0
LINE
  5
CE2
330
17
100
AcDbEntity
  8
可见轮廓
100
AcDbLine
 10
2.284014489887909
 20
-62.55467382554433
 30
0.0
 11
2.30543592454476
 21
-62.52711427739777
 31
0.0
  0
LINE
  5
CE3
330
17
100
AcDbEntity
  8
可见轮廓
100
AcDbLine
 10
2.2632867919978032
 20
-62.58275885887129
 30
0.0
 11
2.284014489887909
 21
-62.55467382554433
 31
0.0
  0
LINE
  5
CE4
330
17
100
AcDbEntity
  8
可见轮廓
100
AcDbLine
 10
2.243265715957609
 20
-62.61135191871092
 30
0.0
 11
2.2632867919978032
 21
-62.58275885887129
 31
0.0
  0
LINE
  5
CE5
330
17
100
AcDbEntity
  8
可见轮廓
100
AcDbLine
 10
2.223963707588922
 20
-62.64043523058793
 30
0.0
 11
2.243265715957609
 21
-62.61135191871092
 31
0.0
  0
LINE
  5
CE6
330
17
100
AcDbEntity
  8
可见轮廓
100
AcDbLine
 10
2.2053927657149828
 20
-62.669990715268696
 30
0.0
 11
2.223963707588922
 21
-62.64043523058793
 31
0.0
  0
LINE
  5
CE7
330
17
100
AcDbEntity
  8
可见轮廓
100
AcDbLine
 10
2.1875644347017875
 20
-62.699999999999996
 30
0.0
 11
2.2053927657149828
 21
-62.669990715268696
 31
0.0
  0
LINE
  5
CE8
330
17
100
AcDbEntity
  8
可见轮廓
100
AcDbLine
 10
2.170489797281679
 20
-62.73044442993015
 30
0.0
 11
2.1875644347017875
 21
-62.699999999999996
 31
0.0
  0
LINE
  5
CE9
330
17
100
AcDbEntity
  8
可见轮廓
100
AcDbLine
 10
2.154179467663944
 20
-62.761305079705565
 30
0.0
 11
2.170489797281679
 21
-62.73044442993015
 31
0.0
  0
LINE
  5
CEA
330
17
100
AcDbEntity
  8
可见轮廓
100
AcDbLine
 10
2.138643584936613
 20
-62.79256276523542
 30
0.0
 11
2.154179467663944
 21
-62.761305079705565
 31
0.0
  0
LINE
  5
CEB
330
17
100
AcDbEntity
  8
可见轮廓
100
AcDbLine
 10
2.123891806763659
 20
-62.82419805561714
 30
0.0
 11
2.138643584936613
 21
-62.79256276523542
 31
0.0
  0
LINE
  5
CEC
330
17
100
AcDbEntity
  8
可见轮廓
100
AcDbLine
 10
2.1099333033814283
 20
-62.856191285215424
 30
0.0
 11
2.123891806763659
 21
-62.82419805561714
 31
0.0
  0
LINE
  5
CED
330
17
100
AcDbEntity
  8
可见轮廓
100
AcDbLine
 10
2.096776751898112
 20
-62.888522565887044
 30
0.0
 11
2.1099333033814283
 21
-62.856191285215424
 31
0.0
  0
LINE
  5
CEE
330
17
100
AcDbEntity
  8
可见轮廓
100
AcDbLine
 10
2.0844303308997283
 20
-62.92117179934406
 30
0.0
 11
2.096776751898112
 21
-62.888522565887044
 31
0.0
  0
LINE
  5
CEF
330
17
100
AcDbEntity
  8
可见轮廓
100
AcDbLine
 10
2.072901715366015
 20
-62.954118689647636
 30
0.0
 11
2.0844303308997283
 21
-62.92117179934406
 31
0.0
  0
LINE
  5
CF0
330
17
100
AcDbEntity
  8
可见轮廓
100
AcDbLine
 10
2.0621980718994024
 20
-62.98734275582473
 30
0.0
 11
2.072901715366015
 21
-62.954118689647636
 31
0.0
  0
LINE
  5
CF1
330
17
100
AcDbEntity
  8
可见轮廓
100
AcDbLine
 10
2.052326054269983
 20
-63.02082334459979
 30
0.0
 11
2.0621980718994024
 21
-62.98734275582473
 31
0.0
  0
LINE
  5
CF2
330
17
100
AcDbEntity
  8
可见轮廓
100
AcDbLine
 10
2.0432917992792916
 20
-63.05453964323358
 30
0.0
 11
2.052326054269983
 21
-63.02082334459979
 31
0.0
  0
LINE
  5
CF3
330
17
100
AcDbEntity
  8
可见轮廓
100
AcDbLine
 10
2.035100922945446
 20
-63.08847069246116
 30
0.0
 11
2.0432917992792916
 21
-63.05453964323358
 31
0.0
  0
LINE
  5
CF4
330
17
100
AcDbEntity
  8
可见轮廓
100
AcDbLine
 10
2.027758517012039
 20
-63.12259539952084
 30
0.0
 11
2.035100922945446
 21
-63.08847069246116
 31
0.0
  0
LINE
  5
CF5
330
17
100
AcDbEntity
  8
可见轮廓
100
AcDbLine
 10
2.021269145782906
 20
-63.156892551266296
 30
0.0
 11
2.027758517012039
 21
-63.12259539952084
 31
0.0
  0
LINE
  5
CF6
330
17
100
AcDbEntity
  8
可见轮廓
100
AcDbLine
 10
2.0156368432848204
 20
-63.19134082735335
 30
0.0
 11
2.021269145782906
 21
-63.156892551266296
 31
0.0
  0
LINE
  5
CF7
330
17
100
AcDbEntity
  8
可见轮廓
100
AcDbLine
 10
2.0108651107597595
 20
-63.225918813493514
 30
0.0
 11
2.0156368432848204
 21
-63.19134082735335
 31
0.0
  0
LINE
  5
CF8
330
17
100
AcDbEntity
  8
可见轮廓
100
AcDbLine
 10
2.0069569144884376
 20
-63.26060501476585
 30
0.0
 11
2.0108651107597595
 21
-63.225918813493514
 31
0.0
  0
LINE
  5
CF9
330
17
100
AcDbEntity
  8
可见轮廓
100
AcDbLine
 10
2.003914683946345
 20
-63.295377868979
 30
0.0
 11
2.0069569144884376
 21
-63.26060501476585
 31
0.0
  0
LINE
  5
CFA
330
17
100
AcDbEntity
  8
可见轮廓
100
AcDbLine
 10
2.0017403102935063
 20
-63.33021576007502
 30
0.0
 11
2.003914683946345
 21
-63.295377868979
 31
0.0
  0
LINE
  5
CFB
330
17
100
AcDbEntity
  8
可见轮廓
100
AcDbLine
 10
2.000435145198857
 20
-63.3650970315667
 30
0.0
 11
2.0017403102935063
 21
-63.33021576007502
 31
0.0
  0
LINE
  5
CFC
330
17
100
AcDbEntity
  8
可见轮廓
100
AcDbLine
 10
2.0
 20
-63.4
 30
0.0
 11
2.000435145198857
 21
-63.3650970315667
 31
0.0
  0
LINE
  5
CFD
330
17
100
AcDbEntity
  8
可见轮廓
100
AcDbLine
 10
3.4000000000000448
 20
-62.0
 30
0.0
 11
35.60000000000005
 21
-62.0
 31
0.0
  0
LINE
  5
CFE
330
17
100
AcDbEntity
  8
可见轮廓
100
AcDbLine
 10
35.63490296843334
 20
-62.00043514519886
 30
0.0
 11
35.600000000000044
 21
-62.0
 31
0.0
  0
LINE
  5
CFF
330
17
100
AcDbEntity
  8
可见轮廓
100
AcDbLine
 10
35.66978423992501
 20
-62.00174031029351
 30
0.0
 11
35.63490296843334
 21
-62.00043514519886
 31
0.0
  0
LINE
  5
D00
330
17
100
AcDbEntity
  8
可见轮廓
100
AcDbLine
 10
35.704622131021026
 20
-62.00391468394635
 30
0.0
 11
35.66978423992501
 21
-62.00174031029351
 31
0.0
  0
LINE
  5
D01
330
17
100
AcDbEntity
  8
可见轮廓
100
AcDbLine
 10
35.73939498523418
 20
-62.00695691448844
 30
0.0
 11
35.704622131021026
 21
-62.00391468394635
 31
0.0
  0
LINE
  5
D02
330
17
100
AcDbEntity
  8
可见轮廓
100
AcDbLine
 10
35.774081186506514
 20
-62.01086511075976
 30
0.0
 11
35.73939498523418
 21
-62.00695691448844
 31
0.0
  0
LINE
  5
D03
330
17
100
AcDbEntity
  8
可见轮廓
100
AcDbLine
 10
35.808659172646685
 20
-62.015636843284824
 30
0.0
 11
35.774081186506514
 21
-62.01086511075976
 31
0.0
  0
LINE
  5
D04
330
17
100
AcDbEntity
  8
可见轮廓
100
AcDbLine
 10
35.84310744873374
 20
-62.02126914578291
 30
0.0
 11
35.808659172646685
 21
-62.015636843284824
 31
0.0
  0
LINE
  5
D05
330
17
100
AcDbEntity
  8
可见轮廓
100
AcDbLine
 10
35.877404600479196
 20
-62.02775851701204
 30
0.0
 11
35.84310744873374
 21
-62.02126914578291
 31
0.0
  0
LINE
  5
D06
330
17
100
AcDbEntity
  8
可见轮廓
100
AcDbLine
 10
35.91152930753888
 20
-62.035100922945446
 30
0.0
 11
35.877404600479196
 21
-62.02775851701204
 31
0.0
  0
LINE
  5
D07
330
17
100
AcDbEntity
  8
可见轮廓
100
AcDbLine
 10
35.945460356766446
 20
-62.04329179927929
 30
0.0
 11
35.91152930753888
 21
-62.035100922945446
 31
0.0
  0
LINE
  5
D08
330
17
100
AcDbEntity
  8
可见轮廓
100
AcDbLine
 10
35.979176655400245
 20
-62.05232605426998
 30
0.0
 11
35.945460356766446
 21
-62.04329179927929
 31
0.0
  0
LINE
  5
D09
330
17
100
AcDbEntity
  8
可见轮廓
100
AcDbLine
 10
36.0126572441753
 20
-62.0621980718994
 30
0.0
 11
35.979176655400245
 21
-62.05232605426998
 31
0.0
  0
LINE
  5
D0A
330
17
100
AcDbEntity
  8
可见轮廓
100
AcDbLine
 10
36.0458813103524
 20
-62.072901715366015
 30
0.0
 11
36.0126572441753
 21
-62.0621980718994
 31
0.0
  0
LINE
  5
D0B
330
17
100
AcDbEntity
  8
可见轮廓
100
AcDbLine
 10
36.07882820065598
 20
-62.08443033089973
 30
0.0
 11
36.0458813103524
 21
-62.072901715366015
 31
0.0
  0
LINE
  5
D0C
330
17
100
AcDbEntity
  8
可见轮廓
100
AcDbLine
 10
36.11147743411299
 20
-62.09677675189811
 30
0.0
 11
36.07882820065598
 21
-62.08443033089973
 31
0.0
  0
LINE
  5
D0D
330
17
100
AcDbEntity
  8
可见轮廓
100
AcDbLine
 10
36.14380871478461
 20
-62.10993330338143
 30
0.0
 11
36.11147743411299
 21
-62.09677675189811
 31
0.0
  0
LINE
  5
D0E
330
17
100
AcDbEntity
  8
可见轮廓
100
AcDbLine
 10
36.1758019443829
 20
-62.12389180676366
 30
0.0
 11
36.14380871478461
 21
-62.10993330338143
 31
0.0
  0
LINE
  5
D0F
330
17
100
AcDbEntity
  8
可见轮廓
100
AcDbLine
 10
36.20743723476462
 20
-62.13864358493662
 30
0.0
 11
36.1758019443829
 21
-62.12389180676366
 31
0.0
  0
LINE
  5
D10
330
17
100
AcDbEntity
  8
可见轮廓
100
AcDbLine
 10
36.23869492029446
 20
-62.154179467663944
 30
0.0
 11
36.20743723476462
 21
-62.13864358493662
 31
0.0
  0
LINE
  5
D11
330
17
100
AcDbEntity
  8
可见轮廓
100
AcDbLine
 10
36.26955557006988
 20
-62.17048979728168
 30
0.0
 11
36.23869492029446
 21
-62.154179467663944
 31
0.0
  0
LINE
  5
D12
330
17
100
AcDbEntity
  8
可见轮廓
100
AcDbLine
 10
36.30000000000004
 20
-62.187564434701784
 30
0.0
 11
36.26955557006988
 21
-62.17048979728168
 31
0.0
  0
LINE
  5
D13
330
17
100
AcDbEntity
  8
可见轮廓
100
AcDbLine
 10
36.33000928473133
 20
-62.20539276571498
 30
0.0
 11
36.30000000000004
 21
-62.187564434701784
 31
0.0
  0
LINE
  5
D14
330
17
100
AcDbEntity
  8
可见轮廓
100
AcDbLine
 10
36.3595647694121
 20
-62.22396370758892
 30
0.0
 11
36.33000928473133
 21
-62.20539276571498
 31
0.0
  0
LINE
  5
D15
330
17
100
AcDbEntity
  8
可见轮廓
100
AcDbLine
 10
36.388648081289105
 20
-62.243265715957605
 30
0.0
 11
36.3595647694121
 21
-62.22396370758892
 31
0.0
  0
LINE
  5
D16
330
17
100
AcDbEntity
  8
可见轮廓
100
AcDbLine
 10
36.41724114112874
 20
-62.2632867919978
 30
0.0
 11
36.388648081289105
 21
-62.243265715957605
 31
0.0
  0
LINE
  5
D17
330
17
100
AcDbEntity
  8
可见轮廓
100
AcDbLine
 10
36.44532617445571
 20
-62.28401448988791
 30
0.0
 11
36.41724114112874
 21
-62.2632867919978
 31
0.0
  0
LINE
  5
D18
330
17
100
AcDbEntity
  8
可见轮廓
100
AcDbLine
 10
36.47288572260227
 20
-62.30543592454476
 30
0.0
 11
36.44532617445571
 21
-62.28401448988791
 31
0.0
  0
LINE
  5
D19
330
17
100
AcDbEntity
  8
可见轮廓
100
AcDbLine
 10
36.49990265356119
 20
-62.32753777963343
 30
0.0
 11
36.47288572260227
 21
-62.30543592454476
 31
0.0
  0
LINE
  5
D1A
330
17
100
AcDbEntity
  8
可见轮廓
100
AcDbLine
 10
36.52636017263565
 20
-62.350306315845174
 30
0.0
 11
36.49990265356119
 21
-62.32753777963343
 31
0.0
  0
LINE
  5
D1B
330
17
100
AcDbEntity
  8
可见轮廓
100
AcDbLine
 10
36.55224183287933
 20
-62.37372737943824
 30
0.0
 11
36.52636017263565
 21
-62.350306315845174
 31
0.0
  0
LINE
  5
D1C
330
17
100
AcDbEntity
  8
可见轮廓
100
AcDbLine
 10
36.57753154532054
 20
-62.39778641103639
 30
0.0
 11
36.55224183287933
 21
-62.37372737943824
 31
0.0
  0
LINE
  5
D1D
330
17
100
AcDbEntity
  8
可见轮廓
100
AcDbLine
 10
36.60221358896365
 20
-62.422468454679496
 30
0.0
 11
36.57753154532054
 21
-62.39778641103639
 31
0.0
  0
LINE
  5
D1E
330
17
100
AcDbEntity
  8
可见轮廓
100
AcDbLine
 10
36.6262726205618
 20
-62.44775816712071
 30
0.0
 11
36.60221358896365
 21
-62.422468454679496
 31
0.0
  0
LINE
  5
D1F
330
17
100
AcDbEntity
  8
可见轮廓
100
AcDbLine
 10
36.64969368415487
 20
-62.473639827364394
 30
0.0
 11
36.6262726205618
 21
-62.44775816712071
 31
0.0
  0
LINE
  5
D20
330
17
100
AcDbEntity
  8
可见轮廓
100
AcDbLine
 10
36.67246222036661
 20
-62.50009734643884
 30
0.0
 11
36.64969368415487
 21
-62.473639827364394
 31
0.0
  0
LINE
  5
D21
330
17
100
AcDbEntity
  8
可见轮廓
100
AcDbLine
 10
36.69456407545528
 20
-62.52711427739777
 30
0.0
 11
36.67246222036661
 21
-62.50009734643884
 31
0.0
  0
LINE
  5
D22
330
17
100
AcDbEntity
  8
可见轮廓
100
AcDbLine
 10
36.715985510112134
 20
-62.55467382554433
 30
0.0
 11
36.69456407545528
 21
-62.52711427739777
 31
0.0
  0
LINE
  5
D23
330
17
100
AcDbEntity
  8
可见轮廓
100
AcDbLine
 10
36.73671320800224
 20
-62.582758858871294
 30
0.0
 11
36.715985510112134
 21
-62.55467382554433
 31
0.0
  0
LINE
  5
D24
330
17
100
AcDbEntity
  8
可见轮廓
100
AcDbLine
 10
36.75673428404244
 20
-62.61135191871093
 30
0.0
 11
36.73671320800224
 21
-62.582758858871294
 31
0.0
  0
LINE
  5
D25
330
17
100
AcDbEntity
  8
可见轮廓
100
AcDbLine
 10
36.77603629241112
 20
-62.64043523058794
 30
0.0
 11
36.75673428404244
 21
-62.61135191871093
 31
0.0
  0
LINE
  5
D26
330
17
100
AcDbEntity
  8
可见轮廓
100
AcDbLine
 10
36.79460723428506
 20
-62.6699907152687
 30
0.0
 11
36.77603629241112
 21
-62.64043523058794
 31
0.0
  0
LINE
  5
D27
330
17
100
AcDbEntity
  8
可见轮廓
100
AcDbLine
 10
36.81243556529826
 20
-62.7
 30
0.0
 11
36.79460723428506
 21
-62.6699907152687
 31
0.0
  0
LINE
  5
D28
330
17
100
AcDbEntity
  8
可见轮廓
100
AcDbLine
 10
36.82951020271837
 20
-62.73044442993015
 30
0.0
 11
36.81243556529826
 21
-62.7
 31
0.0
  0
LINE
  5
D29
330
17
100
AcDbEntity
  8
可见轮廓
100
AcDbLine
 10
36.8458205323361
 20
-62.76130507970557
 30
0.0
 11
36.82951020271837
 21
-62.73044442993015
 31
0.0
  0
LINE
  5
D2A
330
17
100
AcDbEntity
  8
可见轮廓
100
AcDbLine
 10
36.861356415063426
 20
-62.79256276523542
 30
0.0
 11
36.8458205323361
 21
-62.76130507970557
 31
0.0
  0
LINE
  5
D2B
330
17
100
AcDbEntity
  8
可见轮廓
100
AcDbLine
 10
36.876108193236384
 20
-62.824198055617146
 30
0.0
 11
36.861356415063426
 21
-62.79256276523542
 31
0.0
  0
LINE
  5
D2C
330
17
100
AcDbEntity
  8
可见轮廓
100
AcDbLine
 10
36.89006669661862
 20
-62.85619128521543
 30
0.0
 11
36.876108193236384
 21
-62.824198055617146
 31
0.0
  0
LINE
  5
D2D
330
17
100
AcDbEntity
  8
可见轮廓
100
AcDbLine
 10
36.90322324810193
 20
-62.888522565887044
 30
0.0
 11
36.89006669661862
 21
-62.85619128521543
 31
0.0
  0
LINE
  5
D2E
330
17
100
AcDbEntity
  8
可见轮廓
100
AcDbLine
 10
36.915569669100314
 20
-62.921171799344066
 30
0.0
 11
36.90322324810193
 21
-62.888522565887044
 31
0.0
  0
LINE
  5
D2F
330
17
100
AcDbEntity
  8
可见轮廓
100
AcDbLine
 10
36.92709828463403
 20
-62.95411868964764
 30
0.0
 11
36.915569669100314
 21
-62.921171799344066
 31
0.0
  0
LINE
  5
D30
330
17
100
AcDbEntity
  8
可见轮廓
100
AcDbLine
 10
36.93780192810064
 20
-62.987342755824734
 30
0.0
 11
36.92709828463403
 21
-62.95411868964764
 31
0.0
  0
LINE
  5
D31
330
17
100
AcDbEntity
  8
可见轮廓
100
AcDbLine
 10
36.94767394573006
 20
-63.02082334459979
 30
0.0
 11
36.93780192810064
 21
-62.987342755824734
 31
0.0
  0
LINE
  5
D32
330
17
100
AcDbEntity
  8
可见轮廓
100
AcDbLine
 10
36.956708200720755
 20
-63.05453964323359
 30
0.0
 11
36.94767394573006
 21
-63.02082334459979
 31
0.0
  0
LINE
  5
D33
330
17
100
AcDbEntity
  8
可见轮廓
100
AcDbLine
 10
36.964899077054596
 20
-63.08847069246116
 30
0.0
 11
36.956708200720755
 21
-63.05453964323359
 31
0.0
  0
LINE
  5
D34
330
17
100
AcDbEntity
  8
可见轮廓
100
AcDbLine
 10
36.972241482988004
 20
-63.12259539952085
 30
0.0
 11
36.964899077054596
 21
-63.08847069246116
 31
0.0
  0
LINE
  5
D35
330
17
100
AcDbEntity
  8
可见轮廓
100
AcDbLine
 10
36.97873085421713
 20
-63.156892551266296
 30
0.0
 11
36.972241482988004
 21
-63.12259539952085
 31
0.0
  0
LINE
  5
D36
330
17
100
AcDbEntity
  8
可见轮廓
100
AcDbLine
 10
36.98436315671522
 20
-63.19134082735336
 30
0.0
 11
36.97873085421713
 21
-63.156892551266296
 31
0.0
  0
LINE
  5
D37
330
17
100
AcDbEntity
  8
可见轮廓
100
AcDbLine
 10
36.98913488924028
 20
-63.22591881349352
 30
0.0
 11
36.98436315671522
 21
-63.19134082735336
 31
0.0
  0
LINE
  5
D38
330
17
100
AcDbEntity
  8
可见轮廓
100
AcDbLine
 10
36.9930430855116
 20
-63.26060501476586
 30
0.0
 11
36.98913488924028
 21
-63.22591881349352
 31
0.0
  0
LINE
  5
D39
330
17
100
AcDbEntity
  8
可见轮廓
100
AcDbLine
 10
36.996085316053694
 20
-63.29537786897901
 30
0.0
 11
36.9930430855116
 21
-63.26060501476586
 31
0.0
  0
LINE
  5
D3A
330
17
100
AcDbEntity
  8
可见轮廓
100
AcDbLine
 10
36.998259689706536
 20
-63.33021576007503
 30
0.0
 11
36.996085316053694
 21
-63.29537786897901
 31
0.0
  0
LINE
  5
D3B
330
17
100
AcDbEntity
  8
可见轮廓
100
AcDbLine
 10
36.999564854801186
 20
-63.3650970315667
 30
0.0
 11
36.998259689706536
 21
-63.33021576007503
 31
0.0
  0
LINE
  5
D3C
330
17
100
AcDbEntity
  8
可见轮廓
100
AcDbLine
 10
37.00000000000004
 20
-63.400000000000006
 30
0.0
 11
36.999564854801186
 21
-63.3650970315667
 31
0.0
  0
LINE
  5
D3D
330
17
100
AcDbEntity
  8
可见轮廓
100
AcDbLine
 10
3.7499999999999964
 20
-99.90507250974176
 30
0.0
 11
3.7499999999999964
 21
-102.00507250974177
 31
0.0
  0
LINE
  5
D3E
330
17
100
AcDbEntity
  8
可见轮廓
100
AcDbLine
 10
3.7499999999999964
 20
-99.90507250974176
 30
0.0
 11
6.817493818554976
 21
-99.90507250974176
 31
0.0
  0
LINE
  5
D3F
330
17
100
AcDbEntity
  8
可见轮廓
100
AcDbLine
 10
7.432917208406073
 20
-98.87152483515209
 30
0.0
 11
7.424418753344781
 21
-98.85630020073431
 31
0.0
  0
LINE
  5
D40
330
17
100
AcDbEntity
  8
可见轮廓
100
AcDbLine
 10
7.441033833154016
 20
-98.88695641427687
 30
0.0
 11
7.432917208406073
 21
-98.87152483515209
 31
0.0
  0
LINE
  5
D41
330
17
100
AcDbEntity
  8
可见轮廓
100
AcDbLine
 10
7.448763591749186
 20
-98.90258536381432
 30
0.0
 11
7.441033833154016
 21
-98.88695641427687
 31
0.0
  0
LINE
  5
D42
330
17
100
AcDbEntity
  8
可见轮廓
100
AcDbLine
 10
7.456101688377519
 20
-98.9184019870145
 30
0.0
 11
7.448763591749186
 21
-98.90258536381432
 31
0.0
  0
LINE
  5
D43
330
17
100
AcDbEntity
  8
可见轮廓
100
AcDbLine
 10
7.46304357022581
 20
-98.9343964706882
 30
0.0
 11
7.456101688377519
 21
-98.9184019870145
 31
0.0
  0
LINE
  5
D44
330
17
100
AcDbEntity
  8
可见轮廓
100
AcDbLine
 10
7.469584930306443
 20
-98.95055889129526
 30
0.0
 11
7.46304357022581
 21
-98.9343964706882
 31
0.0
  0
LINE
  5
D45
330
17
100
AcDbEntity
  8
可见轮廓
100
AcDbLine
 10
7.475721710129585
 20
-98.96687922110155
 30
0.0
 11
7.469584930306443
 21
-98.95055889129526
 31
0.0
  0
LINE
  5
D46
330
17
100
AcDbEntity
  8
可见轮廓
100
AcDbLine
 10
7.481450102221224
 20
-98.98334733440052
 30
0.0
 11
7.475721710129585
 21
-98.96687922110155
 31
0.0
  0
LINE
  5
D47
330
17
100
AcDbEntity
  8
可见轮廓
100
AcDbLine
 10
7.486766552485461
 20
-98.99995301379559
 30
0.0
 11
7.481450102221224
 21
-98.98334733440052
 31
0.0
  0
LINE
  5
D48
330
17
100
AcDbEntity
  8
可见轮廓
100
AcDbLine
 10
7.4916677624095875
 20
-99.01668595653926
 30
0.0
 11
7.486766552485461
 21
-98.99995301379559
 31
0.0
  0
LINE
  5
D49
330
17
100
AcDbEntity
  8
可见轮廓
100
AcDbLine
 10
7.496150691110612
 20
-99.03353578092545
 30
0.0
 11
7.4916677624095875
 21
-99.01668595653926
 31
0.0
  0
LINE
  5
D4A
330
17
100
AcDbEntity
  8
可见轮廓
100
AcDbLine
 10
7.500212557221918
 20
-99.05049203273055
 30
0.0
 11
7.496150691110612
 21
-99.03353578092545
 31
0.0
  0
LINE
  5
D4B
330
17
100
AcDbEntity
  8
可见轮廓
100
AcDbLine
 10
7.503850840618927
 20
-99.06754419169961
 30
0.0
 11
7.500212557221918
 21
-99.05049203273055
 31
0.0
  0
LINE
  5
D4C
330
17
100
AcDbEntity
  8
可见轮廓
100
AcDbLine
 10
7.507063283982678
 20
-99.0846816780736
 30
0.0
 11
7.503850840618927
 21
-99.06754419169961
 31
0.0
  0
LINE
  5
D4D
330
17
100
AcDbEntity
  8
可见轮廓
100
AcDbLine
 10
7.509847894200332
 20
-99.10189385915326
 30
0.0
 11
7.507063283982678
 21
-99.0846816780736
 31
0.0
  0
LINE
  5
D4E
330
17
100
AcDbEntity
  8
可见轮廓
100
AcDbLine
 10
7.512202943601789
 20
-99.11917005589619
 30
0.0
 11
7.509847894200332
 21
-99.10189385915326
 31
0.0
  0
LINE
  5
D4F
330
17
100
AcDbEntity
  8
可见轮廓
100
AcDbLine
 10
7.51412697103158
 20
-99.13649954954238
 30
0.0
 11
7.512202943601789
 21
-99.11917005589619
 31
0.0
  0
LINE
  5
D50
330
17
100
AcDbEntity
  8
可见轮廓
100
AcDbLine
 10
7.515618782755427
 20
-99.15387158826454
 30
0.0
 11
7.51412697103158
 21
-99.13649954954238
 31
0.0
  0
LINE
  5
D51
330
17
100
AcDbEntity
  8
可见轮廓
100
AcDbLine
 10
7.5166774532008755
 20
-99.17127539383894
 30
0.0
 11
7.515618782755427
 21
-99.15387158826454
 31
0.0
  0
LINE
  5
D52
330
17
100
AcDbEntity
  8
可见轮廓
100
AcDbLine
 10
7.517302325531549
 20
-99.18870016833257
 30
0.0
 11
7.5166774532008755
 21
-99.17127539383894
 31
0.0
  0
LINE
  5
D53
330
17
100
AcDbEntity
  8
可见轮廓
100
AcDbLine
 10
7.517493012054679
 20
-99.20613510080258
 30
0.0
 11
7.517302325531549
 21
-99.18870016833257
 31
0.0
  0
LINE
  5
D54
330
17
100
AcDbEntity
  8
可见轮廓
100
AcDbLine
 10
7.517249394461645
 20
-99.22356937400372
 30
0.0
 11
7.517493012054679
 21
-99.20613510080258
 31
0.0
  0
LINE
  5
D55
330
17
100
AcDbEntity
  8
可见轮廓
100
AcDbLine
 10
7.516571623901363
 20
-99.2409921710998
 30
0.0
 11
7.517249394461645
 21
-99.22356937400372
 31
0.0
  0
LINE
  5
D56
330
17
100
AcDbEntity
  8
可见轮廓
100
AcDbLine
 10
7.515460120886528
 20
-99.25839268237482
 30
0.0
 11
7.516571623901363
 21
-99.2409921710998
 31
0.0
  0
LINE
  5
D57
330
17
100
AcDbEntity
  8
可见轮廓
100
AcDbLine
 10
7.513915575032696
 20
-99.27576011193963
 30
0.0
 11
7.515460120886528
 21
-99.25839268237482
 31
0.0
  0
LINE
  5
D58
330
17
100
AcDbEntity
  8
可见轮廓
100
AcDbLine
 10
7.511938944630433
 20
-99.29308368443021
 30
0.0
 11
7.513915575032696
 21
-99.27576011193963
 31
0.0
  0
LINE
  5
D59
330
17
100
AcDbEntity
  8
可见轮廓
100
AcDbLine
 10
7.509531456050748
 20
-99.31035265169298
 30
0.0
 11
7.511938944630433
 21
-99.29308368443021
 31
0.0
  0
LINE
  5
D5A
330
17
100
AcDbEntity
  8
可见轮廓
100
AcDbLine
 10
7.506694602984222
 20
-99.32755629945333
 30
0.0
 11
7.509531456050748
 21
-99.31035265169298
 31
0.0
  0
LINE
  5
D5B
330
17
100
AcDbEntity
  8
可见轮廓
100
AcDbLine
 10
7.503430145514258
 20
-99.34468395396324
 30
0.0
 11
7.506694602984222
 21
-99.32755629945333
 31
0.0
  0
LINE
  5
D5C
330
17
100
AcDbEntity
  8
可见轮廓
100
AcDbLine
 10
7.499740109025071
 20
-99.36172498862351
 30
0.0
 11
7.503430145514258
 21
-99.34468395396324
 31
0.0
  0
LINE
  5
D5D
330
17
100
AcDbEntity
  8
可见轮廓
100
AcDbLine
 10
7.495626782945063
 20
-99.37866883057694
 30
0.0
 11
7.499740109025071
 21
-99.36172498862351
 31
0.0
  0
LINE
  5
D5E
330
17
100
AcDbEntity
  8
可见轮廓
100
AcDbLine
 10
7.491092719326387
 20
-99.39550496726815
 30
0.0
 11
7.495626782945063
 21
-99.37866883057694
 31
0.0
  0
LINE
  5
D5F
330
17
100
AcDbEntity
  8
可见轮廓
100
AcDbLine
 10
7.486140731261559
 20
-99.41222295296589
 30
0.0
 11
7.491092719326387
 21
-99.39550496726815
 31
0.0
  0
LINE
  5
D60
330
17
100
AcDbEntity
  8
可见轮廓
100
AcDbLine
 10
7.480773891138117
 20
-99.4288124152439
 30
0.0
 11
7.486140731261559
 21
-99.41222295296589
 31
0.0
  0
LINE
  5
D61
330
17
100
AcDbEntity
  8
可见轮廓
100
AcDbLine
 10
7.474995528732409
 20
-99.44526306141637
 30
0.0
 11
7.480773891138117
 21
-99.4288124152439
 31
0.0
  0
LINE
  5
D62
330
17
100
AcDbEntity
  8
可见轮廓
100
AcDbLine
 10
7.468809229143673
 20
-99.46156468492393
 30
0.0
 11
7.474995528732409
 21
-99.44526306141637
 31
0.0
  0
LINE
  5
D63
330
17
100
AcDbEntity
  8
可见轮廓
100
AcDbLine
 10
7.462218830569729
 20
-99.47770717166605
 30
0.0
 11
7.468809229143673
 21
-99.46156468492393
 31
0.0
  0
LINE
  5
D64
330
17
100
AcDbEntity
  8
可见轮廓
100
AcDbLine
 10
7.455228421925607
 20
-99.49368050627633
 30
0.0
 11
7.462218830569729
 21
-99.47770717166605
 31
0.0
  0
LINE
  5
D65
330
17
100
AcDbEntity
  8
可见轮廓
100
AcDbLine
 10
7.447842340306664
 20
-99.50947477833623
 30
0.0
 11
7.455228421925607
 21
-99.49368050627633
 31
0.0
  0
LINE
  5
D66
330
17
100
AcDbEntity
  8
可见轮廓
100
AcDbLine
 10
7.440065168297677
 20
-99.52508018852393
 30
0.0
 11
7.447842340306664
 21
-99.50947477833623
 31
0.0
  0
LINE
  5
D67
330
17
100
AcDbEntity
  8
可见轮廓
100
AcDbLine
 10
7.4319017311296545
 20
-99.54048705469415
 30
0.0
 11
7.440065168297677
 21
-99.52508018852393
 31
0.0
  0
LINE
  5
D68
330
17
100
AcDbEntity
  8
可见轮廓
100
AcDbLine
 10
7.423357093686096
 20
-99.55568581788535
 30
0.0
 11
7.4319017311296545
 21
-99.54048705469415
 31
0.0
  0
LINE
  5
D69
330
17
100
AcDbEntity
  8
可见轮廓
100
AcDbLine
 10
7.414436557360558
 20
-99.57066704825033
 30
0.0
 11
7.423357093686096
 21
-99.55568581788535
 31
0.0
  0
LINE
  5
D6A
330
17
100
AcDbEntity
  8
可见轮廓
100
AcDbLine
 10
7.4051456567674805
 20
-99.58542145090692
 30
0.0
 11
7.414436557360558
 21
-99.57066704825033
 31
0.0
  0
LINE
  5
D6B
330
17
100
AcDbEntity
  8
可见轮廓
100
AcDbLine
 10
7.395490156308318
 20
-99.59993987170489
 30
0.0
 11
7.4051456567674805
 21
-99.58542145090692
 31
0.0
  0
LINE
  5
D6C
330
17
100
AcDbEntity
  8
可见轮廓
100
AcDbLine
 10
7.385476046595107
 20
-99.6142133029054
 30
0.0
 11
7.395490156308318
 21
-99.59993987170489
 31
0.0
  0
LINE
  5
D6D
330
17
100
AcDbEntity
  8
可见轮廓
100
AcDbLine
 10
7.375109540733675
 20
-99.62823288876976
 30
0.0
 11
7.385476046595107
 21
-99.6142133029054
 31
0.0
  0
LINE
  5
D6E
330
17
100
AcDbEntity
  8
可见轮廓
100
AcDbLine
 10
7.3643970704688115
 20
-99.64198993105393
 30
0.0
 11
7.375109540733675
 21
-99.62823288876976
 31
0.0
  0
LINE
  5
D6F
330
17
100
AcDbEntity
  8
可见轮廓
100
AcDbLine
 10
7.3533452821937875
 20
-99.65547589440504
 30
0.0
 11
7.3643970704688115
 21
-99.64198993105393
 31
0.0
  0
LINE
  5
D70
330
17
100
AcDbEntity
  8
可见轮廓
100
AcDbLine
 10
7.341961032826704
 20
-99.66868241165722
 30
0.0
 11
7.3533452821937875
 21
-99.65547589440504
 31
0.0
  0
LINE
  5
D71
330
17
100
AcDbEntity
  8
可见轮廓
100
AcDbLine
 10
7.3302513855562115
 20
-99.6816012890227
 30
0.0
 11
7.341961032826704
 21
-99.66868241165722
 31
0.0
  0
LINE
  5
D72
330
17
100
AcDbEntity
  8
可见轮廓
100
AcDbLine
 10
7.318223605459265
 20
-99.69422451117566
 30
0.0
 11
7.3302513855562115
 21
-99.6816012890227
 31
0.0
  0
LINE
  5
D73
330
17
100
AcDbEntity
  8
可见轮廓
100
AcDbLine
 10
7.305885154993609
 20
-99.70654424622518
 30
0.0
 11
7.318223605459265
 21
-99.69422451117566
 31
0.0
  0
LINE
  5
D74
330
17
100
AcDbEntity
  8
可见轮廓
100
AcDbLine
 10
7.293243689367813
 20
-99.71855285057435
 30
0.0
 11
7.305885154993609
 21
-99.70654424622518
 31
0.0
  0
LINE
  5
D75
330
17
100
AcDbEntity
  8
可见轮廓
100
AcDbLine
 10
7.280307051791709
 20
-99.7302428736628
 30
0.0
 11
7.293243689367813
 21
-99.71855285057435
 31
0.0
  0
LINE
  5
D76
330
17
100
AcDbEntity
  8
可见轮廓
100
AcDbLine
 10
7.267083268610186
 20
-99.74160706258905
 30
0.0
 11
7.280307051791709
 21
-99.7302428736628
 31
0.0
  0
LINE
  5
D77
330
17
100
AcDbEntity
  8
可见轮廓
100
AcDbLine
 10
7.253580544323361
 20
-99.7526383666107
 30
0.0
 11
7.267083268610186
 21
-99.74160706258905
 31
0.0
  0
LINE
  5
D78
330
17
100
AcDbEntity
  8
可见轮廓
100
AcDbLine
 10
7.239807256496228
 20
-99.76332994151875
 30
0.0
 11
7.253580544323361
 21
-99.7526383666107
 31
0.0
  0
LINE
  5
D79
330
17
100
AcDbEntity
  8
可见轮廓
100
AcDbLine
 10
7.22577195056091
 20
-99.77367515388417
 30
0.0
 11
7.239807256496228
 21
-99.76332994151875
 31
0.0
  0
LINE
  5
D7A
330
17
100
AcDbEntity
  8
可见轮廓
100
AcDbLine
 10
7.211483334514785
 20
-99.78366758517342
 30
0.0
 11
7.22577195056091
 21
-99.77367515388417
 31
0.0
  0
LINE
  5
D7B
330
17
100
AcDbEntity
  8
可见轮廓
100
AcDbLine
 10
7.196950273517727
 20
-99.79330103573068
 30
0.0
 11
7.211483334514785
 21
-99.78366758517342
 31
0.0
  0
LINE
  5
D7C
330
17
100
AcDbEntity
  8
可见轮廓
100
AcDbLine
 10
7.1821817843918545
 20
-99.8025695286245
 30
0.0
 11
7.196950273517727
 21
-99.79330103573068
 31
0.0
  0
LINE
  5
D7D
330
17
100
AcDbEntity
  8
可见轮廓
100
AcDbLine
 10
7.167187030027179
 20
-99.81146731335592
 30
0.0
 11
7.1821817843918545
 21
-99.8025695286245
 31
0.0
  0
LINE
  5
D7E
330
17
100
AcDbEntity
  8
可见轮廓
100
AcDbLine
 10
7.151975313696623
 20
-99.8199888694264
 30
0.0
 11
7.167187030027179
 21
-99.81146731335592
 31
0.0
  0
LINE
  5
D7F
330
17
100
AcDbEntity
  8
可见轮廓
100
AcDbLine
 10
7.136556073283936
 20
-99.82812890976288
 30
0.0
 11
7.151975313696623
 21
-99.8199888694264
 31
0.0
  0
LINE
  5
D80
330
17
100
AcDbEntity
  8
可见轮廓
100
AcDbLine
 10
7.120938875428115
 20
-99.83588238399807
 30
0.0
 11
7.136556073283936
 21
-99.82812890976288
 31
0.0
  0
LINE
  5
D81
330
17
100
AcDbEntity
  8
可见轮廓
100
AcDbLine
 10
7.105133409587909
 20
-99.8432444816039
 30
0.0
 11
7.120938875428115
 21
-99.83588238399807
 31
0.0
  0
LINE
  5
D82
330
17
100
AcDbEntity
  8
可见轮廓
100
AcDbLine
 10
7.089149482030148
 20
-99.8502106348761
 30
0.0
 11
7.105133409587909
 21
-99.8432444816039
 31
0.0
  0
LINE
  5
D83
330
17
100
AcDbEntity
  8
可见轮廓
100
AcDbLine
 10
7.072997009745592
 20
-99.85677652176824
 30
0.0
 11
7.089149482030148
 21
-99.8502106348761
 31
0.0
  0
LINE
  5
D84
330
17
100
AcDbEntity
  8
可见轮廓
100
AcDbLine
 10
7.0566860142960675
 20
-99.86293806857316
 30
0.0
 11
7.072997009745592
 21
-99.85677652176824
 31
0.0
  0
LINE
  5
D85
330
17
100
AcDbEntity
  8
可见轮廓
100
AcDbLine
 10
7.040226615596753
 20
-99.86869145245056
 30
0.0
 11
7.0566860142960675
 21
-99.86293806857316
 31
0.0
  0
LINE
  5
D86
330
17
100
AcDbEntity
  8
可见轮廓
100
AcDbLine
 10
7.023629025637421
 20
-99.87403310379875
 30
0.0
 11
7.040226615596753
 21
-99.86869145245056
 31
0.0
  0
LINE
  5
D87
330
17
100
AcDbEntity
  8
可见轮廓
100
AcDbLine
 10
7.0069035421465635
 20
-99.87895970846938
 30
0.0
 11
7.023629025637421
 21
-99.87403310379875
 31
0.0
  0
LINE
  5
D88
330
17
100
AcDbEntity
  8
可见轮廓
100
AcDbLine
 10
6.990060542202313
 20
-99.88346820982366
 30
0.0
 11
7.0069035421465635
 21
-99.87895970846938
 31
0.0
  0
LINE
  5
D89
330
17
100
AcDbEntity
  8
可见轮廓
100
AcDbLine
 10
6.973110475794144
 20
-99.88755581062883
 30
0.0
 11
6.990060542202313
 21
-99.88346820982366
 31
0.0
  0
LINE
  5
D8A
330
17
100
AcDbEntity
  8
可见轮廓
100
AcDbLine
 10
6.956063859339331
 20
-99.89121997479357
 30
0.0
 11
6.973110475794144
 21
-99.88755581062883
 31
0.0
  0
LINE
  5
D8B
330
17
100
AcDbEntity
  8
可见轮廓
100
AcDbLine
 10
6.938931269158191
 20
-99.89445842894159
 30
0.0
 11
6.956063859339331
 21
-99.89121997479357
 31
0.0
  0
LINE
  5
D8C
330
17
100
AcDbEntity
  8
可见轮廓
100
AcDbLine
 10
6.921723334912169
 20
-99.89726916382205
 30
0.0
 11
6.938931269158191
 21
-99.89445842894159
 31
0.0
  0
LINE
  5
D8D
330
17
100
AcDbEntity
  8
可见轮廓
100
AcDbLine
 10
6.904450733008812
 20
-99.89965043555618
 30
0.0
 11
6.921723334912169
 21
-99.89726916382205
 31
0.0
  0
LINE
  5
D8E
330
17
100
AcDbEntity
  8
可见轮廓
100
AcDbLine
 10
6.887124179977757
 20
-99.90160076671927
 30
0.0
 11
6.904450733008812
 21
-99.89965043555618
 31
0.0
  0
LINE
  5
D8F
330
17
100
AcDbEntity
  8
可见轮廓
100
AcDbLine
 10
6.869754425821819
 20
-99.90311894725727
 30
0.0
 11
6.887124179977757
 21
-99.90160076671927
 31
0.0
  0
LINE
  5
D90
330
17
100
AcDbEntity
  8
可见轮廓
100
AcDbLine
 10
6.85235224734731
 20
-99.9042040352376
 30
0.0
 11
6.869754425821819
 21
-99.90311894725727
 31
0.0
  0
LINE
  5
D91
330
17
100
AcDbEntity
  8
可见轮廓
100
AcDbLine
 10
6.8349284414777305
 20
-99.90485535743349
 30
0.0
 11
6.85235224734731
 21
-99.9042040352376
 31
0.0
  0
LINE
  5
D92
330
17
100
AcDbEntity
  8
可见轮廓
100
AcDbLine
 10
6.817493818554976
 20
-99.90507250974176
 30
0.0
 11
6.8349284414777305
 21
-99.90485535743349
 31
0.0
  0
LINE
  5
D93
330
17
100
AcDbEntity
  8
可见轮廓
100
AcDbLine
 10
3.0425728184819043
 20
-94.74834391439154
 30
0.0
 11
2.8133254323631753
 21
-94.6390886153376
 31
0.0
  0
LINE
  5
D94
330
17
100
AcDbEntity
  8
可见轮廓
100
AcDbLine
 10
3.269055074449188
 20
-94.86322155427682
 30
0.0
 11
3.0425728184819043
 21
-94.74834391439154
 31
0.0
  0
LINE
  5
D95
330
17
100
AcDbEntity
  8
可见轮廓
100
AcDbLine
 10
3.4926343372213715
 20
-94.98365160730302
 30
0.0
 11
3.269055074449188
 21
-94.86322155427682
 31
0.0
  0
LINE
  5
D96
330
17
100
AcDbEntity
  8
可见轮廓
100
AcDbLine
 10
3.7131745108489866
 20
-95.10956076594505
 30
0.0
 11
3.4926343372213715
 21
-94.98365160730302
 31
0.0
  0
LINE
  5
D97
330
17
100
AcDbEntity
  8
可见轮廓
100
AcDbLine
 10
3.930541349320343
 20
-95.24087238746657
 30
0.0
 11
3.7131745108489866
 21
-95.10956076594505
 31
0.0
  0
LINE
  5
D98
330
17
100
AcDbEntity
  8
可见轮廓
100
AcDbLine
 10
4.144602538279017
 20
-95.37750654057348
 30
0.0
 11
3.930541349320343
 21
-95.24087238746657
 31
0.0
  0
LINE
  5
D99
330
17
100
AcDbEntity
  8
可见轮廓
100
AcDbLine
 10
4.3552277755655275
 20
-95.51938005406929
 30
0.0
 11
4.144602538279017
 21
-95.37750654057348
 31
0.0
  0
LINE
  5
D9A
330
17
100
AcDbEntity
  8
可见轮廓
100
AcDbLine
 10
4.562288850534156
 20
-95.66640656748261
 30
0.0
 11
4.3552277755655275
 21
-95.51938005406929
 31
0.0
  0
LINE
  5
D9B
330
17
100
AcDbEntity
  8
可见轮廓
100
AcDbLine
 10
4.765659722096634
 20
-95.81849658363609
 30
0.0
 11
4.562288850534156
 21
-95.66640656748261
 31
0.0
  0
LINE
  5
D9C
330
17
100
AcDbEntity
  8
可见轮廓
100
AcDbLine
 10
4.965216595445183
 20
-95.97555752312454
 30
0.0
 11
4.765659722096634
 21
-95.81849658363609
 31
0.0
  0
LINE
  5
D9D
330
17
100
AcDbEntity
  8
可见轮廓
100
AcDbLine
 10
5.160837997408212
 20
-96.13749378066947
 30
0.0
 11
4.965216595445183
 21
-95.97555752312454
 31
0.0
  0
LINE
  5
D9E
330
17
100
AcDbEntity
  8
可见轮廓
100
AcDbLine
 10
5.352404850392816
 20
-96.30420678331541
 30
0.0
 11
5.160837997408212
 21
-96.13749378066947
 31
0.0
  0
LINE
  5
D9F
330
17
100
AcDbEntity
  8
可见轮廓
100
AcDbLine
 10
5.539800544869024
 20
-96.47559505043256
 30
0.0
 11
5.352404850392816
 21
-96.30420678331541
 31
0.0
  0
LINE
  5
DA0
330
17
100
AcDbEntity
  8
可见轮廓
100
AcDbLine
 10
5.722911010351732
 20
-96.65155425548973
 30
0.0
 11
5.539800544869024
 21
-96.47559505043256
 31
0.0
  0
LINE
  5
DA1
330
17
100
AcDbEntity
  8
可见轮廓
100
AcDbLine
 10
5.901624784837047
 20
-96.83197728955926
 30
0.0
 11
5.722911010351732
 21
-96.65155425548973
 31
0.0
  0
LINE
  5
DA2
330
17
100
AcDbEntity
  8
可见轮廓
100
AcDbLine
 10
6.075833082650847
 20
-97.01675432651587
 30
0.0
 11
5.901624784837047
 21
-96.83197728955926
 31
0.0
  0
LINE
  5
DA3
330
17
100
AcDbEntity
  8
可见轮廓
100
AcDbLine
 10
6.2454298606681995
 20
-97.20577288988935
 30
0.0
 11
6.075833082650847
 21
-97.01675432651587
 31
0.0
  0
LINE
  5
DA4
330
17
100
AcDbEntity
  8
可见轮廓
100
AcDbLine
 10
6.410311882863343
 20
-97.3989179213307
 30
0.0
 11
6.2454298606681995
 21
-97.20577288988935
 31
0.0
  0
LINE
  5
DA5
330
17
100
AcDbEntity
  8
可见轮廓
100
AcDbLine
 10
6.57037878315098
 20
-97.59607185064979
 30
0.0
 11
6.410311882863343
 21
-97.3989179213307
 31
0.0
  0
LINE
  5
DA6
330
17
100
AcDbEntity
  8
可见轮廓
100
AcDbLine
 10
6.725533126480546
 20
-97.79711466738198
 30
0.0
 11
6.57037878315098
 21
-97.59607185064979
 31
0.0
  0
LINE
  5
DA7
330
17
100
AcDbEntity
  8
可见轮廓
100
AcDbLine
 10
6.8756804681463635
 20
-98.00192399384035
 30
0.0
 11
6.725533126480546
 21
-97.79711466738198
 31
0.0
  0
LINE
  5
DA8
330
17
100
AcDbEntity
  8
可见轮廓
100
AcDbLine
 10
7.020729411277497
 20
-98.2103751596087
 30
0.0
 11
6.8756804681463635
 21
-98.00192399384035
 31
0.0
  0
LINE
  5
DA9
330
17
100
AcDbEntity
  8
可见轮廓
100
AcDbLine
 10
7.160591662472365
 20
-98.42234127743028
 30
0.0
 11
7.020729411277497
 21
-98.2103751596087
 31
0.0
  0
LINE
  5
DAA
330
17
100
AcDbEntity
  8
可见轮廓
100
AcDbLine
 10
7.295182085544207
 20
-98.63769332044586
 30
0.0
 11
7.160591662472365
 21
-98.42234127743028
 31
0.0
  0
LINE
  5
DAB
330
17
100
AcDbEntity
  8
可见轮廓
100
AcDbLine
 10
7.424418753344781
 20
-98.85630020073431
 30
0.0
 11
7.295182085544207
 21
-98.63769332044586
 31
0.0
  0
LINE
  5
DAC
330
17
100
AcDbEntity
  8
可见轮廓
100
AcDbLine
 10
5.048817626478501
 20
-93.4633513574899
 30
0.0
 11
4.7894959250951
 21
-93.3063100594555
 31
0.0
  0
LINE
  5
DAD
330
17
100
AcDbEntity
  8
可见轮廓
100
AcDbLine
 10
5.304220378011767
 20
-93.62668888718206
 30
0.0
 11
5.048817626478501
 21
-93.4633513574899
 31
0.0
  0
LINE
  5
DAE
330
17
100
AcDbEntity
  8
可见轮廓
100
AcDbLine
 10
5.555551341330485
 20
-93.79622490392771
 30
0.0
 11
5.304220378011767
 21
-93.62668888718206
 31
0.0
  0
LINE
  5
DAF
330
17
100
AcDbEntity
  8
可见轮廓
100
AcDbLine
 10
5.802660114713742
 20
-93.97185795381787
 30
0.0
 11
5.555551341330485
 21
-93.79622490392771
 31
0.0
  0
LINE
  5
DB0
330
17
100
AcDbEntity
  8
可见轮廓
100
AcDbLine
 10
6.045398823087643
 20
-94.15348293435102
 30
0.0
 11
5.802660114713742
 21
-93.97185795381787
 31
0.0
  0
LINE
  5
DB1
330
17
100
AcDbEntity
  8
可见轮廓
100
AcDbLine
 10
6.283622206516874
 20
-94.34099115732865
 30
0.0
 11
6.045398823087643
 21
-94.15348293435102
 31
0.0
  0
LINE
  5
DB2
330
17
100
AcDbEntity
  8
可见轮廓
100
AcDbLine
 10
6.5171877071312885
 20
-94.53427041389654
 30
0.0
 11
6.283622206516874
 21
-94.34099115732865
 31
0.0
  0
LINE
  5
DB3
330
17
100
AcDbEntity
  8
可见轮廓
100
AcDbLine
 10
6.745955554435538
 20
-94.7332050416929
 30
0.0
 11
6.5171877071312885
 21
-94.53427041389654
 31
0.0
  0
LINE
  5
DB4
330
17
100
AcDbEntity
  8
可见轮廓
100
AcDbLine
 10
6.969788848950657
 20
-94.93767599406317
 30
0.0
 11
6.745955554435538
 21
-94.7332050416929
 31
0.0
  0
LINE
  5
DB5
330
17
100
AcDbEntity
  8
可见轮廓
100
AcDbLine
 10
7.188553644137583
 20
-95.14756091130002
 30
0.0
 11
6.969788848950657
 21
-94.93767599406317
 31
0.0
  0
LINE
  5
DB6
330
17
100
AcDbEntity
  8
可见轮廓
100
AcDbLine
 10
7.402119026553583
 20
-95.36273419386598
 30
0.0
 11
7.188553644137583
 21
-95.14756091130002
 31
0.0
  0
LINE
  5
DB7
330
17
100
AcDbEntity
  8
可见轮廓
100
AcDbLine
 10
7.610357194193606
 20
-95.58306707755477
 30
0.0
 11
7.402119026553583
 21
-95.36273419386598
 31
0.0
  0
LINE
  5
DB8
330
17
100
AcDbEntity
  8
可见轮廓
100
AcDbLine
 10
7.813143532969667
 20
-95.80842771054665
 30
0.0
 11
7.610357194193606
 21
-95.58306707755477
 31
0.0
  0
LINE
  5
DB9
330
17
100
AcDbEntity
  8
可见轮廓
100
AcDbLine
 10
8.010356691282551
 20
-96.03868123231115
 30
0.0
 11
7.813143532969667
 21
-95.80842771054665
 31
0.0
  0
LINE
  5
DBA
330
17
100
AcDbEntity
  8
可见轮廓
100
AcDbLine
 10
8.201878652641145
 20
-96.27368985431053
 30
0.0
 11
8.010356691282551
 21
-96.03868123231115
 31
0.0
  0
LINE
  5
DBB
330
17
100
AcDbEntity
  8
可见轮廓
100
AcDbLine
 10
8.387594806285986
 20
-96.51331294245537
 30
0.0
 11
8.201878652641145
 21
-96.27368985431053
 31
0.0
  0
LINE
  5
DBC
330
17
100
AcDbEntity
  8
可见轮廓
100
AcDbLine
 10
8.56739401577474
 20
-96.75740710126281
 30
0.0
 11
8.387594806285986
 21
-96.51331294245537
 31
0.0
  0
LINE
  5
DBD
330
17
100
AcDbEntity
  8
可见轮廓
100
AcDbLine
 10
8.741168685488585
 20
-97.0058262596676
 30
0.0
 11
8.56739401577474
 21
-96.75740710126281
 31
0.0
  0
LINE
  5
DBE
330
17
100
AcDbEntity
  8
可见轮廓
100
AcDbLine
 10
8.908814825019679
 20
-97.25842175843394
 30
0.0
 11
8.741168685488585
 21
-97.0058262596676
 31
0.0
  0
LINE
  5
DBF
330
17
100
AcDbEntity
  8
可见轮廓
100
AcDbLine
 10
9.070232111401218
 20
-97.51504243911639
 30
0.0
 11
8.908814825019679
 21
-97.25842175843394
 31
0.0
  0
LINE
  5
DC0
330
17
100
AcDbEntity
  8
可见轮廓
100
AcDbLine
 10
9.225323949142782
 20
-97.77553473451616
 30
0.0
 11
9.070232111401218
 21
-97.51504243911639
 31
0.0
  0
LINE
  5
DC1
330
17
100
AcDbEntity
  8
可见轮廓
100
AcDbLine
 10
9.373997528035119
 20
-98.03974276057903
 30
0.0
 11
9.225323949142782
 21
-97.77553473451616
 31
0.0
  0
LINE
  5
DC2
330
17
100
AcDbEntity
  8
可见轮廓
100
AcDbLine
 10
9.516163878689712
 20
-98.30750840967961
 30
0.0
 11
9.373997528035119
 21
-98.03974276057903
 31
0.0
  0
LINE
  5
DC3
330
17
100
AcDbEntity
  8
可见轮廓
100
AcDbLine
 10
9.651737925779939
 20
-98.57867144523621
 30
0.0
 11
9.516163878689712
 21
-98.30750840967961
 31
0.0
  0
LINE
  5
DC4
330
17
100
AcDbEntity
  8
可见轮廓
100
AcDbLine
 10
9.78063853895192
 20
-98.85306959759987
 30
0.0
 11
9.651737925779939
 21
-98.57867144523621
 31
0.0
  0
LINE
  5
DC5
330
17
100
AcDbEntity
  8
可见轮廓
100
AcDbLine
 10
9.902788581374624
 20
-99.13053866115982
 30
0.0
 11
9.78063853895192
 21
-98.85306959759987
 31
0.0
  0
LINE
  5
DC6
330
17
100
AcDbEntity
  8
可见轮廓
100
AcDbLine
 10
10.018114955900183
 20
-99.41091259260759
 30
0.0
 11
9.902788581374624
 21
-99.13053866115982
 31
0.0
  0
LINE
  5
DC7
330
17
100
AcDbEntity
  8
可见轮廓
100
AcDbLine
 10
10.126548648806736
 20
-99.69402361030092
 30
0.0
 11
10.018114955900183
 21
-99.41091259260759
 31
0.0
  0
LINE
  5
DC8
330
17
100
AcDbEntity
  8
可见轮廓
100
AcDbLine
 10
10.228024771097704
 20
-99.97970229466762
 30
0.0
 11
10.126548648806736
 21
-99.69402361030092
 31
0.0
  0
LINE
  5
DC9
330
17
100
AcDbEntity
  8
可见轮廓
100
AcDbLine
 10
10.322482597332725
 20
-100.26777768958993
 30
0.0
 11
10.228024771097704
 21
-99.97970229466762
 31
0.0
  0
LINE
  5
DCA
330
17
100
AcDbEntity
  8
可见轮廓
100
AcDbLine
 10
10.409865601967018
 20
-100.55807740470826
 30
0.0
 11
10.322482597332725
 21
-100.26777768958993
 31
0.0
  0
LINE
  5
DCB
330
17
100
AcDbEntity
  8
可见轮廓
100
AcDbLine
 10
10.490121493177476
 20
-100.85042771858309
 30
0.0
 11
10.409865601967018
 21
-100.55807740470826
 31
0.0
  0
LINE
  5
DCC
330
17
100
AcDbEntity
  8
可见轮廓
100
AcDbLine
 10
10.563202244155175
 20
-101.14465368265363
 30
0.0
 11
10.490121493177476
 21
-100.85042771858309
 31
0.0
  0
HATCH
  5
DCD
330
17
100
AcDbEntity
  8
剖面线
 62
7
100
AcDbHatch
 10
0.0
 20
0.0
 30
0.0
210
0.0
220
0.0
230
1.0
  2
ANSI31
 70
0
 71
0
 91
1
 92
3
 72
0
 73
1
 93
7
 10
3.7499999999999964
 20
-102.00507250974175
 10
3.7499999999999964
 20
-100.40654973965471
 10
10.365220756294422
 20
-100.40654973965471
 10
10.563202244155173
 20
-101.14465368265363
 10
10.534600229283665
 20
-101.55784368081521
 10
10.277470551582917
 20
-101.88254104557355
 10
9.881831713595174
 20
-102.00507250974177
 97
0
 75
0
 76
1
 52
0.0
 41
2.0
 77
0
 78
1
 53
45.0
 43
0.0
 44
0.0
 45
-4.4901280606
 46
4.4901280606
 79
0
 98
0
  0
HATCH
  5
DCE
330
17
100
AcDbEntity
  8
剖面线
 62
7
100
AcDbHatch
 10
0.0
 20
0.0
 30
0.0
210
0.0
220
0.0
230
1.0
  2
ANSI31
 70
0
 71
0
 91
1
 92
3
 72
0
 73
1
 93
12
 10
1.9999999999999964
 20
-71.17
 10
1.9999999999999964
 20
-63.39999999999999
 10
2.187564434701791
 20
-62.69999999999999
 10
2.700000000000024
 20
-62.18756443470177
 10
3.4000000000000448
 20
-62.0
 10
16.000000035550695
 20
-62.0
 10
16.000000035550695
 20
-64.1
 10
5.500000000000039
 20
-64.1
 10
4.800000000000024
 20
-64.28756443470178
 10
4.287564434701801
 20
-64.8
 10
4.100000000000016
 20
-65.5
 10
4.099999999999987
 20
-71.17
 97
0
 75
0
 76
1
 52
0.0
 41
2.0
 77
0
 78
1
 53
45.0
 43
0.0
 44
0.0
 45
-4.4901280606
 46
4.4901280606
 79
0
 98
0
  0
HATCH
  5
DCF
330
17
100
AcDbEntity
  8
剖面线
 62
7
100
AcDbHatch
 10
0.0
 20
0.0
 30
0.0
210
0.0
220
0.0
230
1.0
  2
ANSI31
 70
0
 71
0
 91
1
 92
3
 72
0
 73
1
 93
12
 10
35.599999999999994
 20
-62.0
 10
36.30000000000002
 20
-62.18756443470177
 10
36.81243556529825
 20
-62.699999999999996
 10
37.00000000000004
 20
-63.40000000000001
 10
37.00000000000004
 20
-71.17
 10
34.89999999999999
 20
-71.17
 10
34.90000000000005
 20
-65.5
 10
34.712435565298236
 20
-64.8
 10
34.20000000000002
 20
-64.28756443470178
 10
33.500000000000014
 20
-64.1
 10
23.000000035550695
 20
-64.1
 10
23.000000035550695
 20
-62.0
 97
0
 75
0
 76
1
 52
0.0
 41
2.0
 77
0
 78
1
 53
45.0
 43
0.0
 44
0.0
 45
-4.4901280606
 46
4.4901280606
 79
0
 98
0
  0
HATCH
  5
DD0
330
17
100
AcDbEntity
  8
剖面线
 62
7
100
AcDbHatch
 10
0.0
 20
0.0
 30
0.0
210
0.0
220
0.0
230
1.0
  2
ANSI31
 70
0
 71
0
 91
1
 92
3
 72
0
 73
1
 93
7
 10
28.43679775584482
 20
-101.1446536826536
 10
28.634779243705577
 20
-100.4065497396547
 10
35.25
 20
-100.40654973965471
 10
35.24999999999999
 20
-102.00507250974175
 10
29.11816828640485
 20
-102.00507250974175
 10
28.7225294484171
 20
-101.88254104557359
 10
28.465399770716353
 20
-101.55784368081524
 97
0
 75
0
 76
1
 52
0.0
 41
2.0
 77
0
 78
1
 53
45.0
 43
0.0
 44
0.0
 45
-4.4901280606
 46
4.4901280606
 79
0
 98
0
  0
TEXT
  5
DD1
330
17
100
AcDbEntity
  8
标注
100
AcDbText
 10
19.50000000000002
 20
-120.00507250974177
 30
0.0
 40
6.0
  1
A—A  纵向全剖 y=151.20（中截面）
  7
中文字体
 72
1
 11
19.50000000000002
 21
-120.00507250974177
 31
0.0
100
AcDbText
 73
2
  0
LINE
  5
DD2
330
17
100
AcDbEntity
  8
剖切线
100
AcDbLine
 10
-5.999999982224672
 20
106.01
 30
0.0
 11
2.000000017775328
 21
106.01
 31
0.0
  0
LINE
  5
DD3
330
17
100
AcDbEntity
  8
剖切线
100
AcDbLine
 10
37.00000001777538
 20
106.01
 30
0.0
 11
45.00000001777538
 21
106.01
 31
0.0
  0
LINE
  5
DD4
330
17
100
AcDbEntity
  8
剖切线
100
AcDbLine
 10
-5.999999982224672
 20
106.01
 30
0.0
 11
-1.9999999822246721
 21
100.01
 31
0.0
  0
TEXT
  5
DD5
330
17
100
AcDbEntity
  8
标注
100
AcDbText
 10
-3.999999982224672
 20
109.01
 30
0.0
 40
5.0
  1
A—A
  7
中文字体
 11
-3.999999982224672
 21
109.01
 31
0.0
100
AcDbText
  0
LINE
  5
DD6
330
17
100
AcDbEntity
  8
剖切线
100
AcDbLine
 10
45.00000001777538
 20
106.01
 30
0.0
 11
41.00000001777538
 21
100.01
 31
0.0
  0
TEXT
  5
DD7
330
17
100
AcDbEntity
  8
标注
100
AcDbText
 10
43.00000001777538
 20
109.01
 30
0.0
 40
5.0
  1
A—A
  7
中文字体
 11
43.00000001777538
 21
109.01
 31
0.0
100
AcDbText
  0
LINE
  5
DD8
330
17
100
AcDbEntity
  8
可见轮廓
100
AcDbLine
 10
27.35071680218816
 20
-181.00507250974172
 30
0.0
 11
27.368168286404817
 21
-181.00507250974172
 31
0.0
  0
LINE
  5
DD9
330
17
100
AcDbEntity
  8
可见轮廓
100
AcDbLine
 10
27.333276166442324
 20
-181.00507250974172
 30
0.0
 11
27.35071680218816
 21
-181.00507250974172
 31
0.0
  0
LINE
  5
DDA
330
17
100
AcDbEntity
  8
可见轮廓
100
AcDbLine
 10
27.315857220894316
 20
-181.00507250974172
 30
0.0
 11
27.333276166442324
 21
-181.00507250974172
 31
0.0
  0
LINE
  5
DDB
330
17
100
AcDbEntity
  8
可见轮廓
100
AcDbLine
 10
27.298470793787743
 20
-181.00507250974172
 30
0.0
 11
27.315857220894316
 21
-181.00507250974172
 31
0.0
  0
LINE
  5
DDC
330
17
100
AcDbEntity
  8
可见轮廓
100
AcDbLine
 10
27.281127693151575
 20
-181.00507250974172
 30
0.0
 11
27.298470793787743
 21
-181.00507250974172
 31
0.0
  0
LINE
  5
DDD
330
17
100
AcDbEntity
  8
可见轮廓
100
AcDbLine
 10
27.263838700081493
 20
-181.00507250974172
 30
0.0
 11
27.281127693151575
 21
-181.00507250974172
 31
0.0
  0
LINE
  5
DDE
330
17
100
AcDbEntity
  8
可见轮廓
100
AcDbLine
 10
27.246614562037966
 20
-181.00507250974172
 30
0.0
 11
27.263838700081493
 21
-181.00507250974172
 31
0.0
  0
LINE
  5
DDF
330
17
100
AcDbEntity
  8
可见轮廓
100
AcDbLine
 10
27.229465986165238
 20
-181.00507250974172
 30
0.0
 11
27.246614562037966
 21
-181.00507250974172
 31
0.0
  0
LINE
  5
DE0
330
17
100
AcDbEntity
  8
可见轮廓
100
AcDbLine
 10
27.212403632635397
 20
-181.00507250974172
 30
0.0
 11
27.229465986165238
 21
-181.00507250974172
 31
0.0
  0
LINE
  5
DE1
330
17
100
AcDbEntity
  8
可见轮廓
100
AcDbLine
 10
27.195438108021612
 20
-181.00507250974172
 30
0.0
 11
27.212403632635397
 21
-181.00507250974172
 31
0.0
  0
LINE
  5
DE2
330
17
100
AcDbEntity
  8
可见轮廓
100
AcDbLine
 10
27.178579958704717
 20
-181.00507250974172
 30
0.0
 11
27.195438108021612
 21
-181.00507250974172
 31
0.0
  0
LINE
  5
DE3
330
17
100
AcDbEntity
  8
可见轮廓
100
AcDbLine
 10
27.161839664317185
 20
-181.00507250974172
 30
0.0
 11
27.178579958704717
 21
-181.00507250974172
 31
0.0
  0
LINE
  5
DE4
330
17
100
AcDbEntity
  8
可见轮廓
100
AcDbLine
 10
27.14522763122864
 20
-181.00507250974172
 30
0.0
 11
27.161839664317185
 21
-181.00507250974172
 31
0.0
  0
LINE
  5
DE5
330
17
100
AcDbEntity
  8
可见轮廓
100
AcDbLine
 10
27.128754186076854
 20
-181.00507250974172
 30
0.0
 11
27.14522763122864
 21
-181.00507250974172
 31
0.0
  0
LINE
  5
DE6
330
17
100
AcDbEntity
  8
可见轮廓
100
AcDbLine
 10
27.112429569348343
 20
-181.00507250974172
 30
0.0
 11
27.128754186076854
 21
-181.00507250974172
 31
0.0
  0
LINE
  5
DE7
330
17
100
AcDbEntity
  8
可见轮廓
100
AcDbLine
 10
27.096263929012537
 20
-181.00507250974172
 30
0.0
 11
27.112429569348343
 21
-181.00507250974172
 31
0.0
  0
LINE
  5
DE8
330
17
100
AcDbEntity
  8
可见轮廓
100
AcDbLine
 10
27.080267314213394
 20
-181.00507250974172
 30
0.0
 11
27.096263929012537
 21
-181.00507250974172
 31
0.0
  0
LINE
  5
DE9
330
17
100
AcDbEntity
  8
可见轮廓
100
AcDbLine
 10
27.06444966902253
 20
-181.00507250974172
 30
0.0
 11
27.080267314213394
 21
-181.00507250974172
 31
0.0
  0
LINE
  5
DEA
330
17
100
AcDbEntity
  8
可见轮廓
100
AcDbLine
 10
27.04882082625761
 20
-181.00507250974172
 30
0.0
 11
27.06444966902253
 21
-181.00507250974172
 31
0.0
  0
LINE
  5
DEB
330
17
100
AcDbEntity
  8
可见轮廓
100
AcDbLine
 10
27.0333905013699
 20
-181.00507250974172
 30
0.0
 11
27.04882082625761
 21
-181.00507250974172
 31
0.0
  0
LINE
  5
DEC
330
17
100
AcDbEntity
  8
可见轮廓
100
AcDbLine
 10
27.018168286404823
 20
-181.00507250974172
 30
0.0
 11
27.0333905013699
 21
-181.00507250974172
 31
0.0
  0
LINE
  5
DED
330
17
100
AcDbEntity
  8
可见轮廓
100
AcDbLine
 10
27.003163644039176
 20
-181.00507250974172
 30
0.0
 11
27.018168286404823
 21
-181.00507250974172
 31
0.0
  0
LINE
  5
DEE
330
17
100
AcDbEntity
  8
可见轮廓
100
AcDbLine
 10
26.98838590169879
 20
-181.00507250974172
 30
0.0
 11
27.003163644039176
 21
-181.00507250974172
 31
0.0
  0
LINE
  5
DEF
330
17
100
AcDbEntity
  8
可见轮廓
100
AcDbLine
 10
26.97384424576029
 20
-181.00507250974172
 30
0.0
 11
26.98838590169879
 21
-181.00507250974172
 31
0.0
  0
LINE
  5
DF0
330
17
100
AcDbEntity
  8
可见轮廓
100
AcDbLine
 10
26.959547715840472
 20
-181.00507250974172
 30
0.0
 11
26.97384424576029
 21
-181.00507250974172
 31
0.0
  0
LINE
  5
DF1
330
17
100
AcDbEntity
  8
可见轮廓
100
AcDbLine
 10
26.945505199176992
 20
-181.00507250974172
 30
0.0
 11
26.959547715840472
 21
-181.00507250974172
 31
0.0
  0
LINE
  5
DF2
330
17
100
AcDbEntity
  8
可见轮廓
100
AcDbLine
 10
26.931725425103714
 20
-181.00507250974172
 30
0.0
 11
26.945505199176992
 21
-181.00507250974172
 31
0.0
  0
LINE
  5
DF3
330
17
100
AcDbEntity
  8
可见轮廓
100
AcDbLine
 10
26.918216959624246
 20
-181.00507250974172
 30
0.0
 11
26.931725425103714
 21
-181.00507250974172
 31
0.0
  0
LINE
  5
DF4
330
17
100
AcDbEntity
  8
可见轮廓
100
AcDbLine
 10
26.904988200087026
 20
-181.00507250974172
 30
0.0
 11
26.918216959624246
 21
-181.00507250974172
 31
0.0
  0
LINE
  5
DF5
330
17
100
AcDbEntity
  8
可见轮廓
100
AcDbLine
 10
26.892047369965184
 20
-181.00507250974172
 30
0.0
 11
26.904988200087026
 21
-181.00507250974172
 31
0.0
  0
LINE
  5
DF6
330
17
100
AcDbEntity
  8
可见轮廓
100
AcDbLine
 10
26.879402513744576
 20
-181.00507250974172
 30
0.0
 11
26.892047369965184
 21
-181.00507250974172
 31
0.0
  0
LINE
  5
DF7
330
17
100
AcDbEntity
  8
可见轮廓
100
AcDbLine
 10
26.867061491923025
 20
-181.00507250974172
 30
0.0
 11
26.879402513744576
 21
-181.00507250974172
 31
0.0
  0
LINE
  5
DF8
330
17
100
AcDbEntity
  8
可见轮廓
100
AcDbLine
 10
26.855031976123946
 20
-181.00507250974172
 30
0.0
 11
26.867061491923025
 21
-181.00507250974172
 31
0.0
  0
LINE
  5
DF9
330
17
100
AcDbEntity
  8
可见轮廓
100
AcDbLine
 10
26.843321444327415
 20
-181.00507250974172
 30
0.0
 11
26.855031976123946
 21
-181.00507250974172
 31
0.0
  0
LINE
  5
DFA
330
17
100
AcDbEntity
  8
可见轮廓
100
AcDbLine
 10
26.831937176221544
 20
-181.00507250974172
 30
0.0
 11
26.843321444327415
 21
-181.00507250974172
 31
0.0
  0
LINE
  5
DFB
330
17
100
AcDbEntity
  8
可见轮廓
100
AcDbLine
 10
26.820886248677205
 20
-181.00507250974172
 30
0.0
 11
26.831937176221544
 21
-181.00507250974172
 31
0.0
  0
LINE
  5
DFC
330
17
100
AcDbEntity
  8
可见轮廓
100
AcDbLine
 10
26.810175531348783
 20
-181.00507250974172
 30
0.0
 11
26.820886248677205
 21
-181.00507250974172
 31
0.0
  0
LINE
  5
DFD
330
17
100
AcDbEntity
  8
可见轮廓
100
AcDbLine
 10
26.79981168240373
 20
-181.00507250974172
 30
0.0
 11
26.810175531348783
 21
-181.00507250974172
 31
0.0
  0
LINE
  5
DFE
330
17
100
AcDbEntity
  8
可见轮廓
100
AcDbLine
 10
26.78980114438363
 20
-181.00507250974172
 30
0.0
 11
26.79981168240373
 21
-181.00507250974172
 31
0.0
  0
LINE
  5
DFF
330
17
100
AcDbEntity
  8
可见轮廓
100
AcDbLine
 10
26.78015014019929
 20
-181.00507250974172
 30
0.0
 11
26.78980114438363
 21
-181.00507250974172
 31
0.0
  0
LINE
  5
E00
330
17
100
AcDbEntity
  8
可见轮廓
100
AcDbLine
 10
26.770864669262316
 20
-181.00507250974172
 30
0.0
 11
26.78015014019929
 21
-181.00507250974172
 31
0.0
  0
LINE
  5
E01
330
17
100
AcDbEntity
  8
可见轮廓
100
AcDbLine
 10
26.76195050375572
 20
-181.00507250974172
 30
0.0
 11
26.770864669262316
 21
-181.00507250974172
 31
0.0
  0
LINE
  5
E02
330
17
100
AcDbEntity
  8
可见轮廓
100
AcDbLine
 10
26.753413185045666
 20
-181.00507250974172
 30
0.0
 11
26.76195050375572
 21
-181.00507250974172
 31
0.0
  0
LINE
  5
E03
330
17
100
AcDbEntity
  8
可见轮廓
100
AcDbLine
 10
26.745258020236797
 20
-181.00507250974172
 30
0.0
 11
26.753413185045666
 21
-181.00507250974172
 31
0.0
  0
LINE
  5
E04
330
17
100
AcDbEntity
  8
可见轮廓
100
AcDbLine
 10
26.737490078873133
 20
-181.00507250974172
 30
0.0
 11
26.745258020236797
 21
-181.00507250974172
 31
0.0
  0
LINE
  5
E05
330
17
100
AcDbEntity
  8
可见轮廓
100
AcDbLine
 10
26.730114189786654
 20
-181.00507250974172
 30
0.0
 11
26.737490078873133
 21
-181.00507250974172
 31
0.0
  0
LINE
  5
E06
330
17
100
AcDbEntity
  8
可见轮廓
100
AcDbLine
 10
26.72313493809554
 20
-181.00507250974172
 30
0.0
 11
26.730114189786654
 21
-181.00507250974172
 31
0.0
  0
LINE
  5
E07
330
17
100
AcDbEntity
  8
可见轮廓
100
AcDbLine
 10
26.716556662353884
 20
-181.00507250974172
 30
0.0
 11
26.72313493809554
 21
-181.00507250974172
 31
0.0
  0
LINE
  5
E08
330
17
100
AcDbEntity
  8
可见轮廓
100
AcDbLine
 10
26.71038345185469
 20
-181.00507250974172
 30
0.0
 11
26.716556662353884
 21
-181.00507250974172
 31
0.0
  0
LINE
  5
E09
330
17
100
AcDbEntity
  8
可见轮廓
100
AcDbLine
 10
26.704619144087836
 20
-181.00507250974172
 30
0.0
 11
26.71038345185469
 21
-181.00507250974172
 31
0.0
  0
LINE
  5
E0A
330
17
100
AcDbEntity
  8
可见轮廓
100
AcDbLine
 10
26.69926732235453
 20
-181.00507250974172
 30
0.0
 11
26.704619144087836
 21
-181.00507250974172
 31
0.0
  0
LINE
  5
E0B
330
17
100
AcDbEntity
  8
可见轮廓
100
AcDbLine
 10
26.694331313539816
 20
-181.00507250974172
 30
0.0
 11
26.69926732235453
 21
-181.00507250974172
 31
0.0
  0
LINE
  5
E0C
330
17
100
AcDbEntity
  8
可见轮廓
100
AcDbLine
 10
26.689814186044472
 20
-181.00507250974172
 30
0.0
 11
26.694331313539816
 21
-181.00507250974172
 31
0.0
  0
LINE
  5
E0D
330
17
100
AcDbEntity
  8
可见轮廓
100
AcDbLine
 10
26.685718747877548
 20
-181.00507250974172
 30
0.0
 11
26.689814186044472
 21
-181.00507250974172
 31
0.0
  0
LINE
  5
E0E
330
17
100
AcDbEntity
  8
可见轮廓
100
AcDbLine
 10
26.682047544910844
 20
-181.00507250974172
 30
0.0
 11
26.685718747877548
 21
-181.00507250974172
 31
0.0
  0
LINE
  5
E0F
330
17
100
AcDbEntity
  8
可见轮廓
100
AcDbLine
 10
26.678802859296276
 20
-181.00507250974172
 30
0.0
 11
26.682047544910844
 21
-181.00507250974172
 31
0.0
  0
LINE
  5
E10
330
17
100
AcDbEntity
  8
可见轮廓
100
AcDbLine
 10
26.675986708047233
 20
-181.00507250974172
 30
0.0
 11
26.678802859296276
 21
-181.00507250974172
 31
0.0
  0
LINE
  5
E11
330
17
100
AcDbEntity
  8
可见轮廓
100
AcDbLine
 10
26.673600841784705
 20
-181.00507250974172
 30
0.0
 11
26.675986708047233
 21
-181.00507250974172
 31
0.0
  0
LINE
  5
E12
330
17
100
AcDbEntity
  8
可见轮廓
100
AcDbLine
 10
26.671646743649042
 20
-181.00507250974172
 30
0.0
 11
26.673600841784705
 21
-181.00507250974172
 31
0.0
  0
LINE
  5
E13
330
17
100
AcDbEntity
  8
可见轮廓
100
AcDbLine
 10
26.670125628377995
 20
-181.00507250974172
 30
0.0
 11
26.671646743649042
 21
-181.00507250974172
 31
0.0
  0
LINE
  5
E14
330
17
100
AcDbEntity
  8
可见轮廓
100
AcDbLine
 10
26.669038441551574
 20
-181.00507250974172
 30
0.0
 11
26.670125628377995
 21
-181.00507250974172
 31
0.0
  0
LINE
  5
E15
330
17
100
AcDbEntity
  8
可见轮廓
100
AcDbLine
 10
26.66838585900425
 20
-181.00507250974172
 30
0.0
 11
26.669038441551574
 21
-181.00507250974172
 31
0.0
  0
LINE
  5
E16
330
17
100
AcDbEntity
  8
可见轮廓
100
AcDbLine
 10
26.66816828640482
 20
-181.00507250974172
 30
0.0
 11
26.66838585900425
 21
-181.00507250974172
 31
0.0
  0
LINE
  5
E17
330
17
100
AcDbEntity
  8
可见轮廓
100
AcDbLine
 10
33.5
 20
-181.00507250974172
 30
0.0
 11
27.368168286404817
 21
-181.00507250974172
 31
0.0
  0
LINE
  5
E18
330
17
100
AcDbEntity
  8
可见轮廓
100
AcDbLine
 10
26.66838585900425
 20
-161.00507250974172
 30
0.0
 11
26.66816828640482
 21
-161.00507250974172
 31
0.0
  0
LINE
  5
E19
330
17
100
AcDbEntity
  8
可见轮廓
100
AcDbLine
 10
26.669038441551578
 20
-161.00507250974172
 30
0.0
 11
26.66838585900425
 21
-161.00507250974172
 31
0.0
  0
LINE
  5
E1A
330
17
100
AcDbEntity
  8
可见轮廓
100
AcDbLine
 10
26.670125628377995
 20
-161.00507250974172
 30
0.0
 11
26.669038441551578
 21
-161.00507250974172
 31
0.0
  0
LINE
  5
E1B
330
17
100
AcDbEntity
  8
可见轮廓
100
AcDbLine
 10
26.671646743649042
 20
-161.00507250974172
 30
0.0
 11
26.670125628377995
 21
-161.00507250974172
 31
0.0
  0
LINE
  5
E1C
330
17
100
AcDbEntity
  8
可见轮廓
100
AcDbLine
 10
26.673600841784705
 20
-161.00507250974172
 30
0.0
 11
26.671646743649042
 21
-161.00507250974172
 31
0.0
  0
LINE
  5
E1D
330
17
100
AcDbEntity
  8
可见轮廓
100
AcDbLine
 10
26.675986708047233
 20
-161.00507250974172
 30
0.0
 11
26.673600841784705
 21
-161.00507250974172
 31
0.0
  0
LINE
  5
E1E
330
17
100
AcDbEntity
  8
可见轮廓
100
AcDbLine
 10
26.67880285929628
 20
-161.00507250974172
 30
0.0
 11
26.675986708047233
 21
-161.00507250974172
 31
0.0
  0
LINE
  5
E1F
330
17
100
AcDbEntity
  8
可见轮廓
100
AcDbLine
 10
26.682047544910844
 20
-161.00507250974172
 30
0.0
 11
26.67880285929628
 21
-161.00507250974172
 31
0.0
  0
LINE
  5
E20
330
17
100
AcDbEntity
  8
可见轮廓
100
AcDbLine
 10
26.68571874787755
 20
-161.00507250974172
 30
0.0
 11
26.682047544910844
 21
-161.00507250974172
 31
0.0
  0
LINE
  5
E21
330
17
100
AcDbEntity
  8
可见轮廓
100
AcDbLine
 10
26.689814186044472
 20
-161.00507250974172
 30
0.0
 11
26.68571874787755
 21
-161.00507250974172
 31
0.0
  0
LINE
  5
E22
330
17
100
AcDbEntity
  8
可见轮廓
100
AcDbLine
 10
26.69433131353982
 20
-161.00507250974172
 30
0.0
 11
26.689814186044472
 21
-161.00507250974172
 31
0.0
  0
LINE
  5
E23
330
17
100
AcDbEntity
  8
可见轮廓
100
AcDbLine
 10
26.69926732235453
 20
-161.00507250974172
 30
0.0
 11
26.69433131353982
 21
-161.00507250974172
 31
0.0
  0
LINE
  5
E24
330
17
100
AcDbEntity
  8
可见轮廓
100
AcDbLine
 10
26.704619144087836
 20
-161.00507250974172
 30
0.0
 11
26.69926732235453
 21
-161.00507250974172
 31
0.0
  0
LINE
  5
E25
330
17
100
AcDbEntity
  8
可见轮廓
100
AcDbLine
 10
26.710383451854693
 20
-161.00507250974172
 30
0.0
 11
26.704619144087836
 21
-161.00507250974172
 31
0.0
  0
LINE
  5
E26
330
17
100
AcDbEntity
  8
可见轮廓
100
AcDbLine
 10
26.716556662353888
 20
-161.00507250974172
 30
0.0
 11
26.710383451854693
 21
-161.00507250974172
 31
0.0
  0
LINE
  5
E27
330
17
100
AcDbEntity
  8
可见轮廓
100
AcDbLine
 10
26.723134938095544
 20
-161.00507250974172
 30
0.0
 11
26.716556662353888
 21
-161.00507250974172
 31
0.0
  0
LINE
  5
E28
330
17
100
AcDbEntity
  8
可见轮廓
100
AcDbLine
 10
26.73011418978666
 20
-161.00507250974172
 30
0.0
 11
26.723134938095544
 21
-161.00507250974172
 31
0.0
  0
LINE
  5
E29
330
17
100
AcDbEntity
  8
可见轮廓
100
AcDbLine
 10
26.737490078873137
 20
-161.00507250974172
 30
0.0
 11
26.73011418978666
 21
-161.00507250974172
 31
0.0
  0
LINE
  5
E2A
330
17
100
AcDbEntity
  8
可见轮廓
100
AcDbLine
 10
26.745258020236804
 20
-161.00507250974172
 30
0.0
 11
26.737490078873137
 21
-161.00507250974172
 31
0.0
  0
LINE
  5
E2B
330
17
100
AcDbEntity
  8
可见轮廓
100
AcDbLine
 10
26.753413185045673
 20
-161.00507250974172
 30
0.0
 11
26.745258020236804
 21
-161.00507250974172
 31
0.0
  0
LINE
  5
E2C
330
17
100
AcDbEntity
  8
可见轮廓
100
AcDbLine
 10
26.761950503755727
 20
-161.00507250974172
 30
0.0
 11
26.753413185045673
 21
-161.00507250974172
 31
0.0
  0
LINE
  5
E2D
330
17
100
AcDbEntity
  8
可见轮廓
100
AcDbLine
 10
26.770864669262323
 20
-161.00507250974172
 30
0.0
 11
26.761950503755727
 21
-161.00507250974172
 31
0.0
  0
LINE
  5
E2E
330
17
100
AcDbEntity
  8
可见轮廓
100
AcDbLine
 10
26.780150140199293
 20
-161.00507250974172
 30
0.0
 11
26.770864669262323
 21
-161.00507250974172
 31
0.0
  0
LINE
  5
E2F
330
17
100
AcDbEntity
  8
可见轮廓
100
AcDbLine
 10
26.789801144383638
 20
-161.00507250974172
 30
0.0
 11
26.780150140199293
 21
-161.00507250974172
 31
0.0
  0
LINE
  5
E30
330
17
100
AcDbEntity
  8
可见轮廓
100
AcDbLine
 10
26.799811682403735
 20
-161.00507250974172
 30
0.0
 11
26.789801144383638
 21
-161.00507250974172
 31
0.0
  0
LINE
  5
E31
330
17
100
AcDbEntity
  8
可见轮廓
100
AcDbLine
 10
26.810175531348786
 20
-161.00507250974172
 30
0.0
 11
26.799811682403735
 21
-161.00507250974172
 31
0.0
  0
LINE
  5
E32
330
17
100
AcDbEntity
  8
可见轮廓
100
AcDbLine
 10
26.820886248677212
 20
-161.00507250974172
 30
0.0
 11
26.810175531348786
 21
-161.00507250974172
 31
0.0
  0
LINE
  5
E33
330
17
100
AcDbEntity
  8
可见轮廓
100
AcDbLine
 10
26.831937176221548
 20
-161.00507250974172
 30
0.0
 11
26.820886248677212
 21
-161.00507250974172
 31
0.0
  0
LINE
  5
E34
330
17
100
AcDbEntity
  8
可见轮廓
100
AcDbLine
 10
26.84332144432742
 20
-161.00507250974172
 30
0.0
 11
26.831937176221548
 21
-161.00507250974172
 31
0.0
  0
LINE
  5
E35
330
17
100
AcDbEntity
  8
可见轮廓
100
AcDbLine
 10
26.855031976123954
 20
-161.00507250974172
 30
0.0
 11
26.84332144432742
 21
-161.00507250974172
 31
0.0
  0
LINE
  5
E36
330
17
100
AcDbEntity
  8
可见轮廓
100
AcDbLine
 10
26.86706149192303
 20
-161.00507250974172
 30
0.0
 11
26.855031976123954
 21
-161.00507250974172
 31
0.0
  0
LINE
  5
E37
330
17
100
AcDbEntity
  8
可见轮廓
100
AcDbLine
 10
26.87940251374458
 20
-161.00507250974172
 30
0.0
 11
26.86706149192303
 21
-161.00507250974172
 31
0.0
  0
LINE
  5
E38
330
17
100
AcDbEntity
  8
可见轮廓
100
AcDbLine
 10
26.89204736996519
 20
-161.00507250974172
 30
0.0
 11
26.87940251374458
 21
-161.00507250974172
 31
0.0
  0
LINE
  5
E39
330
17
100
AcDbEntity
  8
可见轮廓
100
AcDbLine
 10
26.904988200087033
 20
-161.00507250974172
 30
0.0
 11
26.89204736996519
 21
-161.00507250974172
 31
0.0
  0
LINE
  5
E3A
330
17
100
AcDbEntity
  8
可见轮廓
100
AcDbLine
 10
26.918216959624253
 20
-161.00507250974172
 30
0.0
 11
26.904988200087033
 21
-161.00507250974172
 31
0.0
  0
LINE
  5
E3B
330
17
100
AcDbEntity
  8
可见轮廓
100
AcDbLine
 10
26.93172542510372
 20
-161.00507250974172
 30
0.0
 11
26.918216959624253
 21
-161.00507250974172
 31
0.0
  0
LINE
  5
E3C
330
17
100
AcDbEntity
  8
可见轮廓
100
AcDbLine
 10
26.945505199177
 20
-161.00507250974172
 30
0.0
 11
26.93172542510372
 21
-161.00507250974172
 31
0.0
  0
LINE
  5
E3D
330
17
100
AcDbEntity
  8
可见轮廓
100
AcDbLine
 10
26.95954771584048
 20
-161.00507250974172
 30
0.0
 11
26.945505199177
 21
-161.00507250974172
 31
0.0
  0
LINE
  5
E3E
330
17
100
AcDbEntity
  8
可见轮廓
100
AcDbLine
 10
26.973844245760297
 20
-161.00507250974172
 30
0.0
 11
26.95954771584048
 21
-161.00507250974172
 31
0.0
  0
LINE
  5
E3F
330
17
100
AcDbEntity
  8
可见轮廓
100
AcDbLine
 10
26.9883859016988
 20
-161.00507250974172
 30
0.0
 11
26.973844245760297
 21
-161.00507250974172
 31
0.0
  0
LINE
  5
E40
330
17
100
AcDbEntity
  8
可见轮廓
100
AcDbLine
 10
27.003163644039184
 20
-161.00507250974172
 30
0.0
 11
26.9883859016988
 21
-161.00507250974172
 31
0.0
  0
LINE
  5
E41
330
17
100
AcDbEntity
  8
可见轮廓
100
AcDbLine
 10
27.01816828640483
 20
-161.00507250974172
 30
0.0
 11
27.003163644039184
 21
-161.00507250974172
 31
0.0
  0
LINE
  5
E42
330
17
100
AcDbEntity
  8
可见轮廓
100
AcDbLine
 10
27.033390501369908
 20
-161.00507250974172
 30
0.0
 11
27.01816828640483
 21
-161.00507250974172
 31
0.0
  0
LINE
  5
E43
330
17
100
AcDbEntity
  8
可见轮廓
100
AcDbLine
 10
27.048820826257618
 20
-161.00507250974172
 30
0.0
 11
27.033390501369908
 21
-161.00507250974172
 31
0.0
  0
LINE
  5
E44
330
17
100
AcDbEntity
  8
可见轮廓
100
AcDbLine
 10
27.064449669022537
 20
-161.00507250974172
 30
0.0
 11
27.048820826257618
 21
-161.00507250974172
 31
0.0
  0
LINE
  5
E45
330
17
100
AcDbEntity
  8
可见轮廓
100
AcDbLine
 10
27.0802673142134
 20
-161.00507250974172
 30
0.0
 11
27.064449669022537
 21
-161.00507250974172
 31
0.0
  0
LINE
  5
E46
330
17
100
AcDbEntity
  8
可见轮廓
100
AcDbLine
 10
27.096263929012544
 20
-161.00507250974172
 30
0.0
 11
27.0802673142134
 21
-161.00507250974172
 31
0.0
  0
LINE
  5
E47
330
17
100
AcDbEntity
  8
可见轮廓
100
AcDbLine
 10
27.11242956934835
 20
-161.00507250974172
 30
0.0
 11
27.096263929012544
 21
-161.00507250974172
 31
0.0
  0
LINE
  5
E48
330
17
100
AcDbEntity
  8
可见轮廓
100
AcDbLine
 10
27.12875418607686
 20
-161.00507250974172
 30
0.0
 11
27.11242956934835
 21
-161.00507250974172
 31
0.0
  0
LINE
  5
E49
330
17
100
AcDbEntity
  8
可见轮廓
100
AcDbLine
 10
27.14522763122865
 20
-161.00507250974172
 30
0.0
 11
27.12875418607686
 21
-161.00507250974172
 31
0.0
  0
LINE
  5
E4A
330
17
100
AcDbEntity
  8
可见轮廓
100
AcDbLine
 10
27.161839664317192
 20
-161.00507250974172
 30
0.0
 11
27.14522763122865
 21
-161.00507250974172
 31
0.0
  0
LINE
  5
E4B
330
17
100
AcDbEntity
  8
可见轮廓
100
AcDbLine
 10
27.178579958704724
 20
-161.00507250974172
 30
0.0
 11
27.161839664317192
 21
-161.00507250974172
 31
0.0
  0
LINE
  5
E4C
330
17
100
AcDbEntity
  8
可见轮廓
100
AcDbLine
 10
27.19543810802162
 20
-161.00507250974172
 30
0.0
 11
27.178579958704724
 21
-161.00507250974172
 31
0.0
  0
LINE
  5
E4D
330
17
100
AcDbEntity
  8
可见轮廓
100
AcDbLine
 10
27.212403632635407
 20
-161.00507250974172
 30
0.0
 11
27.19543810802162
 21
-161.00507250974172
 31
0.0
  0
LINE
  5
E4E
330
17
100
AcDbEntity
  8
可见轮廓
100
AcDbLine
 10
27.229465986165245
 20
-161.00507250974172
 30
0.0
 11
27.212403632635407
 21
-161.00507250974172
 31
0.0
  0
LINE
  5
E4F
330
17
100
AcDbEntity
  8
可见轮廓
100
AcDbLine
 10
27.246614562037973
 20
-161.00507250974172
 30
0.0
 11
27.229465986165245
 21
-161.00507250974172
 31
0.0
  0
LINE
  5
E50
330
17
100
AcDbEntity
  8
可见轮廓
100
AcDbLine
 10
27.2638387000815
 20
-161.00507250974172
 30
0.0
 11
27.246614562037973
 21
-161.00507250974172
 31
0.0
  0
LINE
  5
E51
330
17
100
AcDbEntity
  8
可见轮廓
100
AcDbLine
 10
27.281127693151582
 20
-161.00507250974172
 30
0.0
 11
27.2638387000815
 21
-161.00507250974172
 31
0.0
  0
LINE
  5
E52
330
17
100
AcDbEntity
  8
可见轮廓
100
AcDbLine
 10
27.29847079378775
 20
-161.00507250974172
 30
0.0
 11
27.281127693151582
 21
-161.00507250974172
 31
0.0
  0
LINE
  5
E53
330
17
100
AcDbEntity
  8
可见轮廓
100
AcDbLine
 10
27.315857220894326
 20
-161.00507250974172
 30
0.0
 11
27.29847079378775
 21
-161.00507250974172
 31
0.0
  0
LINE
  5
E54
330
17
100
AcDbEntity
  8
可见轮廓
100
AcDbLine
 10
27.33327616644233
 20
-161.00507250974172
 30
0.0
 11
27.315857220894326
 21
-161.00507250974172
 31
0.0
  0
LINE
  5
E55
330
17
100
AcDbEntity
  8
可见轮廓
100
AcDbLine
 10
27.35071680218817
 20
-161.00507250974172
 30
0.0
 11
27.33327616644233
 21
-161.00507250974172
 31
0.0
  0
LINE
  5
E56
330
17
100
AcDbEntity
  8
可见轮廓
100
AcDbLine
 10
27.368168286404817
 20
-161.00507250974172
 30
0.0
 11
27.35071680218817
 21
-161.00507250974172
 31
0.0
  0
LINE
  5
E57
330
17
100
AcDbEntity
  8
可见轮廓
100
AcDbLine
 10
33.5
 20
-161.00507250974172
 30
0.0
 11
27.368168286404817
 21
-161.00507250974172
 31
0.0
  0
LINE
  5
E58
330
17
100
AcDbEntity
  8
可见轮廓
100
AcDbLine
 10
26.66816828640482
 20
-161.00507250974172
 30
0.0
 11
26.66816828640482
 21
-181.00507250974172
 31
0.0
  0
LINE
  5
E59
330
17
100
AcDbEntity
  8
可见轮廓
100
AcDbLine
 10
33.5
 20
-161.00507250974172
 30
0.0
 11
33.5
 21
-181.00507250974172
 31
0.0
  0
LINE
  5
E5A
330
17
100
AcDbEntity
  8
可见轮廓
100
AcDbLine
 10
8.131831713595139
 20
-181.00507250974172
 30
0.0
 11
2.0
 21
-181.00507250974172
 31
0.0
  0
LINE
  5
E5B
330
17
100
AcDbEntity
  8
可见轮廓
100
AcDbLine
 10
2.0
 20
-161.00507250974172
 30
0.0
 11
2.0
 21
-181.00507250974172
 31
0.0
  0
LINE
  5
E5C
330
17
100
AcDbEntity
  8
可见轮廓
100
AcDbLine
 10
8.83161414099571
 20
-181.00507250974172
 30
0.0
 11
8.831831713595138
 21
-181.00507250974172
 31
0.0
  0
LINE
  5
E5D
330
17
100
AcDbEntity
  8
可见轮廓
100
AcDbLine
 10
8.830961558448385
 20
-181.00507250974172
 30
0.0
 11
8.83161414099571
 21
-181.00507250974172
 31
0.0
  0
LINE
  5
E5E
330
17
100
AcDbEntity
  8
可见轮廓
100
AcDbLine
 10
8.829874371621965
 20
-181.00507250974172
 30
0.0
 11
8.830961558448385
 21
-181.00507250974172
 31
0.0
  0
LINE
  5
E5F
330
17
100
AcDbEntity
  8
可见轮廓
100
AcDbLine
 10
8.82835325635092
 20
-181.00507250974172
 30
0.0
 11
8.829874371621965
 21
-181.00507250974172
 31
0.0
  0
LINE
  5
E60
330
17
100
AcDbEntity
  8
可见轮廓
100
AcDbLine
 10
8.82639915821526
 20
-181.00507250974172
 30
0.0
 11
8.82835325635092
 21
-181.00507250974172
 31
0.0
  0
LINE
  5
E61
330
17
100
AcDbEntity
  8
可见轮廓
100
AcDbLine
 10
8.82401329195273
 20
-181.00507250974172
 30
0.0
 11
8.82639915821526
 21
-181.00507250974172
 31
0.0
  0
LINE
  5
E62
330
17
100
AcDbEntity
  8
可见轮廓
100
AcDbLine
 10
8.821197140703685
 20
-181.00507250974172
 30
0.0
 11
8.82401329195273
 21
-181.00507250974172
 31
0.0
  0
LINE
  5
E63
330
17
100
AcDbEntity
  8
可见轮廓
100
AcDbLine
 10
8.81795245508912
 20
-181.00507250974172
 30
0.0
 11
8.821197140703685
 21
-181.00507250974172
 31
0.0
  0
LINE
  5
E64
330
17
100
AcDbEntity
  8
可见轮廓
100
AcDbLine
 10
8.814281252122417
 20
-181.00507250974172
 30
0.0
 11
8.81795245508912
 21
-181.00507250974172
 31
0.0
  0
LINE
  5
E65
330
17
100
AcDbEntity
  8
可见轮廓
100
AcDbLine
 10
8.810185813955496
 20
-181.00507250974172
 30
0.0
 11
8.814281252122417
 21
-181.00507250974172
 31
0.0
  0
LINE
  5
E66
330
17
100
AcDbEntity
  8
可见轮廓
100
AcDbLine
 10
8.80566868646015
 20
-181.00507250974172
 30
0.0
 11
8.810185813955496
 21
-181.00507250974172
 31
0.0
  0
LINE
  5
E67
330
17
100
AcDbEntity
  8
可见轮廓
100
AcDbLine
 10
8.80073267764544
 20
-181.00507250974172
 30
0.0
 11
8.80566868646015
 21
-181.00507250974172
 31
0.0
  0
LINE
  5
E68
330
17
100
AcDbEntity
  8
可见轮廓
100
AcDbLine
 10
8.795380855912134
 20
-181.00507250974172
 30
0.0
 11
8.80073267764544
 21
-181.00507250974172
 31
0.0
  0
LINE
  5
E69
330
17
100
AcDbEntity
  8
可见轮廓
100
AcDbLine
 10
8.789616548145277
 20
-181.00507250974172
 30
0.0
 11
8.795380855912134
 21
-181.00507250974172
 31
0.0
  0
LINE
  5
E6A
330
17
100
AcDbEntity
  8
可见轮廓
100
AcDbLine
 10
8.783443337646085
 20
-181.00507250974172
 30
0.0
 11
8.789616548145277
 21
-181.00507250974172
 31
0.0
  0
LINE
  5
E6B
330
17
100
AcDbEntity
  8
可见轮廓
100
AcDbLine
 10
8.776865061904427
 20
-181.00507250974172
 30
0.0
 11
8.783443337646085
 21
-181.00507250974172
 31
0.0
  0
LINE
  5
E6C
330
17
100
AcDbEntity
  8
可见轮廓
100
AcDbLine
 10
8.769885810213314
 20
-181.00507250974172
 30
0.0
 11
8.776865061904427
 21
-181.00507250974172
 31
0.0
  0
LINE
  5
E6D
330
17
100
AcDbEntity
  8
可见轮廓
100
AcDbLine
 10
8.762509921126835
 20
-181.00507250974172
 30
0.0
 11
8.769885810213314
 21
-181.00507250974172
 31
0.0
  0
LINE
  5
E6E
330
17
100
AcDbEntity
  8
可见轮廓
100
AcDbLine
 10
8.754741979763171
 20
-181.00507250974172
 30
0.0
 11
8.762509921126835
 21
-181.00507250974172
 31
0.0
  0
LINE
  5
E6F
330
17
100
AcDbEntity
  8
可见轮廓
100
AcDbLine
 10
8.746586814954302
 20
-181.00507250974172
 30
0.0
 11
8.754741979763171
 21
-181.00507250974172
 31
0.0
  0
LINE
  5
E70
330
17
100
AcDbEntity
  8
可见轮廓
100
AcDbLine
 10
8.73804949624425
 20
-181.00507250974172
 30
0.0
 11
8.746586814954302
 21
-181.00507250974172
 31
0.0
  0
LINE
  5
E71
330
17
100
AcDbEntity
  8
可见轮廓
100
AcDbLine
 10
8.729135330737652
 20
-181.00507250974172
 30
0.0
 11
8.73804949624425
 21
-181.00507250974172
 31
0.0
  0
LINE
  5
E72
330
17
100
AcDbEntity
  8
可见轮廓
100
AcDbLine
 10
8.719849859800682
 20
-181.00507250974172
 30
0.0
 11
8.729135330737652
 21
-181.00507250974172
 31
0.0
  0
LINE
  5
E73
330
17
100
AcDbEntity
  8
可见轮廓
100
AcDbLine
 10
8.710198855616339
 20
-181.00507250974172
 30
0.0
 11
8.719849859800682
 21
-181.00507250974172
 31
0.0
  0
LINE
  5
E74
330
17
100
AcDbEntity
  8
可见轮廓
100
AcDbLine
 10
8.700188317596243
 20
-181.00507250974172
 30
0.0
 11
8.710198855616339
 21
-181.00507250974172
 31
0.0
  0
LINE
  5
E75
330
17
100
AcDbEntity
  8
可见轮廓
100
AcDbLine
 10
8.689824468651189
 20
-181.00507250974172
 30
0.0
 11
8.700188317596243
 21
-181.00507250974172
 31
0.0
  0
LINE
  5
E76
330
17
100
AcDbEntity
  8
可见轮廓
100
AcDbLine
 10
8.679113751322763
 20
-181.00507250974172
 30
0.0
 11
8.689824468651189
 21
-181.00507250974172
 31
0.0
  0
LINE
  5
E77
330
17
100
AcDbEntity
  8
可见轮廓
100
AcDbLine
 10
8.668062823778428
 20
-181.00507250974172
 30
0.0
 11
8.679113751322763
 21
-181.00507250974172
 31
0.0
  0
LINE
  5
E78
330
17
100
AcDbEntity
  8
可见轮廓
100
AcDbLine
 10
8.656678555672556
 20
-181.00507250974172
 30
0.0
 11
8.668062823778428
 21
-181.00507250974172
 31
0.0
  0
LINE
  5
E79
330
17
100
AcDbEntity
  8
可见轮廓
100
AcDbLine
 10
8.644968023876022
 20
-181.00507250974172
 30
0.0
 11
8.656678555672556
 21
-181.00507250974172
 31
0.0
  0
LINE
  5
E7A
330
17
100
AcDbEntity
  8
可见轮廓
100
AcDbLine
 10
8.632938508076947
 20
-181.00507250974172
 30
0.0
 11
8.644968023876022
 21
-181.00507250974172
 31
0.0
  0
LINE
  5
E7B
330
17
100
AcDbEntity
  8
可见轮廓
100
AcDbLine
 10
8.620597486255393
 20
-181.00507250974172
 30
0.0
 11
8.632938508076947
 21
-181.00507250974172
 31
0.0
  0
LINE
  5
E7C
330
17
100
AcDbEntity
  8
可见轮廓
100
AcDbLine
 10
8.607952630034786
 20
-181.00507250974172
 30
0.0
 11
8.620597486255393
 21
-181.00507250974172
 31
0.0
  0
LINE
  5
E7D
330
17
100
AcDbEntity
  8
可见轮廓
100
AcDbLine
 10
8.595011799912944
 20
-181.00507250974172
 30
0.0
 11
8.607952630034786
 21
-181.00507250974172
 31
0.0
  0
LINE
  5
E7E
330
17
100
AcDbEntity
  8
可见轮廓
100
AcDbLine
 10
8.58178304037572
 20
-181.00507250974172
 30
0.0
 11
8.595011799912944
 21
-181.00507250974172
 31
0.0
  0
LINE
  5
E7F
330
17
100
AcDbEntity
  8
可见轮廓
100
AcDbLine
 10
8.568274574896256
 20
-181.00507250974172
 30
0.0
 11
8.58178304037572
 21
-181.00507250974172
 31
0.0
  0
LINE
  5
E80
330
17
100
AcDbEntity
  8
可见轮廓
100
AcDbLine
 10
8.554494800822978
 20
-181.00507250974172
 30
0.0
 11
8.568274574896256
 21
-181.00507250974172
 31
0.0
  0
LINE
  5
E81
330
17
100
AcDbEntity
  8
可见轮廓
100
AcDbLine
 10
8.540452284159496
 20
-181.00507250974172
 30
0.0
 11
8.554494800822978
 21
-181.00507250974172
 31
0.0
  0
LINE
  5
E82
330
17
100
AcDbEntity
  8
可见轮廓
100
AcDbLine
 10
8.526155754239678
 20
-181.00507250974172
 30
0.0
 11
8.540452284159496
 21
-181.00507250974172
 31
0.0
  0
LINE
  5
E83
330
17
100
AcDbEntity
  8
可见轮廓
100
AcDbLine
 10
8.511614098301175
 20
-181.00507250974172
 30
0.0
 11
8.526155754239678
 21
-181.00507250974172
 31
0.0
  0
LINE
  5
E84
330
17
100
AcDbEntity
  8
可见轮廓
100
AcDbLine
 10
8.496836355960792
 20
-181.00507250974172
 30
0.0
 11
8.511614098301175
 21
-181.00507250974172
 31
0.0
  0
LINE
  5
E85
330
17
100
AcDbEntity
  8
可见轮廓
100
AcDbLine
 10
8.481831713595142
 20
-181.00507250974172
 30
0.0
 11
8.496836355960792
 21
-181.00507250974172
 31
0.0
  0
LINE
  5
E86
330
17
100
AcDbEntity
  8
可见轮廓
100
AcDbLine
 10
8.466609498630065
 20
-181.00507250974172
 30
0.0
 11
8.481831713595142
 21
-181.00507250974172
 31
0.0
  0
LINE
  5
E87
330
17
100
AcDbEntity
  8
可见轮廓
100
AcDbLine
 10
8.451179173742355
 20
-181.00507250974172
 30
0.0
 11
8.466609498630065
 21
-181.00507250974172
 31
0.0
  0
LINE
  5
E88
330
17
100
AcDbEntity
  8
可见轮廓
100
AcDbLine
 10
8.435550330977433
 20
-181.00507250974172
 30
0.0
 11
8.451179173742355
 21
-181.00507250974172
 31
0.0
  0
LINE
  5
E89
330
17
100
AcDbEntity
  8
可见轮廓
100
AcDbLine
 10
8.41973268578657
 20
-181.00507250974172
 30
0.0
 11
8.435550330977433
 21
-181.00507250974172
 31
0.0
  0
LINE
  5
E8A
330
17
100
AcDbEntity
  8
可见轮廓
100
AcDbLine
 10
8.403736070987428
 20
-181.00507250974172
 30
0.0
 11
8.41973268578657
 21
-181.00507250974172
 31
0.0
  0
LINE
  5
E8B
330
17
100
AcDbEntity
  8
可见轮廓
100
AcDbLine
 10
8.387570430651618
 20
-181.00507250974172
 30
0.0
 11
8.403736070987428
 21
-181.00507250974172
 31
0.0
  0
LINE
  5
E8C
330
17
100
AcDbEntity
  8
可见轮廓
100
AcDbLine
 10
8.37124581392311
 20
-181.00507250974172
 30
0.0
 11
8.387570430651618
 21
-181.00507250974172
 31
0.0
  0
LINE
  5
E8D
330
17
100
AcDbEntity
  8
可见轮廓
100
AcDbLine
 10
8.35477236877132
 20
-181.00507250974172
 30
0.0
 11
8.37124581392311
 21
-181.00507250974172
 31
0.0
  0
LINE
  5
E8E
330
17
100
AcDbEntity
  8
可见轮廓
100
AcDbLine
 10
8.338160335682774
 20
-181.00507250974172
 30
0.0
 11
8.35477236877132
 21
-181.00507250974172
 31
0.0
  0
LINE
  5
E8F
330
17
100
AcDbEntity
  8
可见轮廓
100
AcDbLine
 10
8.321420041295244
 20
-181.00507250974172
 30
0.0
 11
8.338160335682774
 21
-181.00507250974172
 31
0.0
  0
LINE
  5
E90
330
17
100
AcDbEntity
  8
可见轮廓
100
AcDbLine
 10
8.304561891978347
 20
-181.00507250974172
 30
0.0
 11
8.321420041295244
 21
-181.00507250974172
 31
0.0
  0
LINE
  5
E91
330
17
100
AcDbEntity
  8
可见轮廓
100
AcDbLine
 10
8.28759636736456
 20
-181.00507250974172
 30
0.0
 11
8.304561891978347
 21
-181.00507250974172
 31
0.0
  0
LINE
  5
E92
330
17
100
AcDbEntity
  8
可见轮廓
100
AcDbLine
 10
8.270534013834718
 20
-181.00507250974172
 30
0.0
 11
8.28759636736456
 21
-181.00507250974172
 31
0.0
  0
LINE
  5
E93
330
17
100
AcDbEntity
  8
可见轮廓
100
AcDbLine
 10
8.253385437961992
 20
-181.00507250974172
 30
0.0
 11
8.270534013834718
 21
-181.00507250974172
 31
0.0
  0
LINE
  5
E94
330
17
100
AcDbEntity
  8
可见轮廓
100
AcDbLine
 10
8.236161299918463
 20
-181.00507250974172
 30
0.0
 11
8.253385437961992
 21
-181.00507250974172
 31
0.0
  0
LINE
  5
E95
330
17
100
AcDbEntity
  8
可见轮廓
100
AcDbLine
 10
8.218872306848379
 20
-181.00507250974172
 30
0.0
 11
8.236161299918463
 21
-181.00507250974172
 31
0.0
  0
LINE
  5
E96
330
17
100
AcDbEntity
  8
可见轮廓
100
AcDbLine
 10
8.20152920621221
 20
-181.00507250974172
 30
0.0
 11
8.218872306848379
 21
-181.00507250974172
 31
0.0
  0
LINE
  5
E97
330
17
100
AcDbEntity
  8
可见轮廓
100
AcDbLine
 10
8.184142779105636
 20
-181.00507250974172
 30
0.0
 11
8.20152920621221
 21
-181.00507250974172
 31
0.0
  0
LINE
  5
E98
330
17
100
AcDbEntity
  8
可见轮廓
100
AcDbLine
 10
8.166723833557628
 20
-181.00507250974172
 30
0.0
 11
8.184142779105636
 21
-181.00507250974172
 31
0.0
  0
LINE
  5
E99
330
17
100
AcDbEntity
  8
可见轮廓
100
AcDbLine
 10
8.14928319781179
 20
-181.00507250974172
 30
0.0
 11
8.166723833557628
 21
-181.00507250974172
 31
0.0
  0
LINE
  5
E9A
330
17
100
AcDbEntity
  8
可见轮廓
100
AcDbLine
 10
8.131831713595139
 20
-181.00507250974172
 30
0.0
 11
8.14928319781179
 21
-181.00507250974172
 31
0.0
  0
LINE
  5
E9B
330
17
100
AcDbEntity
  8
可见轮廓
100
AcDbLine
 10
8.831831713595138
 20
-161.00507250974172
 30
0.0
 11
8.831831713595138
 21
-181.00507250974172
 31
0.0
  0
LINE
  5
E9C
330
17
100
AcDbEntity
  8
可见轮廓
100
AcDbLine
 10
8.131831713595139
 20
-161.00507250974172
 30
0.0
 11
2.0
 21
-161.00507250974172
 31
0.0
  0
LINE
  5
E9D
330
17
100
AcDbEntity
  8
可见轮廓
100
AcDbLine
 10
8.14928319781178
 20
-161.00507250974172
 30
0.0
 11
8.131831713595139
 21
-161.00507250974172
 31
0.0
  0
LINE
  5
E9E
330
17
100
AcDbEntity
  8
可见轮廓
100
AcDbLine
 10
8.166723833557619
 20
-161.00507250974172
 30
0.0
 11
8.14928319781178
 21
-161.00507250974172
 31
0.0
  0
LINE
  5
E9F
330
17
100
AcDbEntity
  8
可见轮廓
100
AcDbLine
 10
8.184142779105628
 20
-161.00507250974172
 30
0.0
 11
8.166723833557619
 21
-161.00507250974172
 31
0.0
  0
LINE
  5
EA0
330
17
100
AcDbEntity
  8
可见轮廓
100
AcDbLine
 10
8.201529206212202
 20
-161.00507250974172
 30
0.0
 11
8.184142779105628
 21
-161.00507250974172
 31
0.0
  0
LINE
  5
EA1
330
17
100
AcDbEntity
  8
可见轮廓
100
AcDbLine
 10
8.21887230684837
 20
-161.00507250974172
 30
0.0
 11
8.201529206212202
 21
-161.00507250974172
 31
0.0
  0
LINE
  5
EA2
330
17
100
AcDbEntity
  8
可见轮廓
100
AcDbLine
 10
8.236161299918454
 20
-161.00507250974172
 30
0.0
 11
8.21887230684837
 21
-161.00507250974172
 31
0.0
  0
LINE
  5
EA3
330
17
100
AcDbEntity
  8
可见轮廓
100
AcDbLine
 10
8.253385437961983
 20
-161.00507250974172
 30
0.0
 11
8.236161299918454
 21
-161.00507250974172
 31
0.0
  0
LINE
  5
EA4
330
17
100
AcDbEntity
  8
可见轮廓
100
AcDbLine
 10
8.27053401383471
 20
-161.00507250974172
 30
0.0
 11
8.253385437961983
 21
-161.00507250974172
 31
0.0
  0
LINE
  5
EA5
330
17
100
AcDbEntity
  8
可见轮廓
100
AcDbLine
 10
8.287596367364552
 20
-161.00507250974172
 30
0.0
 11
8.27053401383471
 21
-161.00507250974172
 31
0.0
  0
LINE
  5
EA6
330
17
100
AcDbEntity
  8
可见轮廓
100
AcDbLine
 10
8.304561891978338
 20
-161.00507250974172
 30
0.0
 11
8.287596367364552
 21
-161.00507250974172
 31
0.0
  0
LINE
  5
EA7
330
17
100
AcDbEntity
  8
可见轮廓
100
AcDbLine
 10
8.321420041295237
 20
-161.00507250974172
 30
0.0
 11
8.304561891978338
 21
-161.00507250974172
 31
0.0
  0
LINE
  5
EA8
330
17
100
AcDbEntity
  8
可见轮廓
100
AcDbLine
 10
8.338160335682767
 20
-161.00507250974172
 30
0.0
 11
8.321420041295237
 21
-161.00507250974172
 31
0.0
  0
LINE
  5
EA9
330
17
100
AcDbEntity
  8
可见轮廓
100
AcDbLine
 10
8.354772368771313
 20
-161.00507250974172
 30
0.0
 11
8.338160335682767
 21
-161.00507250974172
 31
0.0
  0
LINE
  5
EAA
330
17
100
AcDbEntity
  8
可见轮廓
100
AcDbLine
 10
8.371245813923103
 20
-161.00507250974172
 30
0.0
 11
8.354772368771313
 21
-161.00507250974172
 31
0.0
  0
LINE
  5
EAB
330
17
100
AcDbEntity
  8
可见轮廓
100
AcDbLine
 10
8.38757043065161
 20
-161.00507250974172
 30
0.0
 11
8.371245813923103
 21
-161.00507250974172
 31
0.0
  0
LINE
  5
EAC
330
17
100
AcDbEntity
  8
可见轮廓
100
AcDbLine
 10
8.40373607098742
 20
-161.00507250974172
 30
0.0
 11
8.38757043065161
 21
-161.00507250974172
 31
0.0
  0
LINE
  5
EAD
330
17
100
AcDbEntity
  8
可见轮廓
100
AcDbLine
 10
8.419732685786563
 20
-161.00507250974172
 30
0.0
 11
8.40373607098742
 21
-161.00507250974172
 31
0.0
  0
LINE
  5
EAE
330
17
100
AcDbEntity
  8
可见轮廓
100
AcDbLine
 10
8.435550330977426
 20
-161.00507250974172
 30
0.0
 11
8.419732685786563
 21
-161.00507250974172
 31
0.0
  0
LINE
  5
EAF
330
17
100
AcDbEntity
  8
可见轮廓
100
AcDbLine
 10
8.45117917374235
 20
-161.00507250974172
 30
0.0
 11
8.435550330977426
 21
-161.00507250974172
 31
0.0
  0
LINE
  5
EB0
330
17
100
AcDbEntity
  8
可见轮廓
100
AcDbLine
 10
8.46660949863006
 20
-161.00507250974172
 30
0.0
 11
8.45117917374235
 21
-161.00507250974172
 31
0.0
  0
LINE
  5
EB1
330
17
100
AcDbEntity
  8
可见轮廓
100
AcDbLine
 10
8.481831713595136
 20
-161.00507250974172
 30
0.0
 11
8.46660949863006
 21
-161.00507250974172
 31
0.0
  0
LINE
  5
EB2
330
17
100
AcDbEntity
  8
可见轮廓
100
AcDbLine
 10
8.496836355960786
 20
-161.00507250974172
 30
0.0
 11
8.481831713595136
 21
-161.00507250974172
 31
0.0
  0
LINE
  5
EB3
330
17
100
AcDbEntity
  8
可见轮廓
100
AcDbLine
 10
8.51161409830117
 20
-161.00507250974172
 30
0.0
 11
8.496836355960786
 21
-161.00507250974172
 31
0.0
  0
LINE
  5
EB4
330
17
100
AcDbEntity
  8
可见轮廓
100
AcDbLine
 10
8.526155754239673
 20
-161.00507250974172
 30
0.0
 11
8.51161409830117
 21
-161.00507250974172
 31
0.0
  0
LINE
  5
EB5
330
17
100
AcDbEntity
  8
可见轮廓
100
AcDbLine
 10
8.54045228415949
 20
-161.00507250974172
 30
0.0
 11
8.526155754239673
 21
-161.00507250974172
 31
0.0
  0
LINE
  5
EB6
330
17
100
AcDbEntity
  8
可见轮廓
100
AcDbLine
 10
8.554494800822972
 20
-161.00507250974172
 30
0.0
 11
8.54045228415949
 21
-161.00507250974172
 31
0.0
  0
LINE
  5
EB7
330
17
100
AcDbEntity
  8
可见轮廓
100
AcDbLine
 10
8.568274574896252
 20
-161.00507250974172
 30
0.0
 11
8.554494800822972
 21
-161.00507250974172
 31
0.0
  0
LINE
  5
EB8
330
17
100
AcDbEntity
  8
可见轮廓
100
AcDbLine
 10
8.581783040375717
 20
-161.00507250974172
 30
0.0
 11
8.568274574896252
 21
-161.00507250974172
 31
0.0
  0
LINE
  5
EB9
330
17
100
AcDbEntity
  8
可见轮廓
100
AcDbLine
 10
8.59501179991294
 20
-161.00507250974172
 30
0.0
 11
8.581783040375717
 21
-161.00507250974172
 31
0.0
  0
LINE
  5
EBA
330
17
100
AcDbEntity
  8
可见轮廓
100
AcDbLine
 10
8.607952630034783
 20
-161.00507250974172
 30
0.0
 11
8.59501179991294
 21
-161.00507250974172
 31
0.0
  0
LINE
  5
EBB
330
17
100
AcDbEntity
  8
可见轮廓
100
AcDbLine
 10
8.620597486255392
 20
-161.00507250974172
 30
0.0
 11
8.607952630034783
 21
-161.00507250974172
 31
0.0
  0
LINE
  5
EBC
330
17
100
AcDbEntity
  8
可见轮廓
100
AcDbLine
 10
8.632938508076943
 20
-161.00507250974172
 30
0.0
 11
8.620597486255392
 21
-161.00507250974172
 31
0.0
  0
LINE
  5
EBD
330
17
100
AcDbEntity
  8
可见轮廓
100
AcDbLine
 10
8.644968023876018
 20
-161.00507250974172
 30
0.0
 11
8.632938508076943
 21
-161.00507250974172
 31
0.0
  0
LINE
  5
EBE
330
17
100
AcDbEntity
  8
可见轮廓
100
AcDbLine
 10
8.656678555672555
 20
-161.00507250974172
 30
0.0
 11
8.644968023876018
 21
-161.00507250974172
 31
0.0
  0
LINE
  5
EBF
330
17
100
AcDbEntity
  8
可见轮廓
100
AcDbLine
 10
8.668062823778426
 20
-161.00507250974172
 30
0.0
 11
8.656678555672555
 21
-161.00507250974172
 31
0.0
  0
LINE
  5
EC0
330
17
100
AcDbEntity
  8
可见轮廓
100
AcDbLine
 10
8.679113751322761
 20
-161.00507250974172
 30
0.0
 11
8.668062823778426
 21
-161.00507250974172
 31
0.0
  0
LINE
  5
EC1
330
17
100
AcDbEntity
  8
可见轮廓
100
AcDbLine
 10
8.689824468651187
 20
-161.00507250974172
 30
0.0
 11
8.679113751322761
 21
-161.00507250974172
 31
0.0
  0
LINE
  5
EC2
330
17
100
AcDbEntity
  8
可见轮廓
100
AcDbLine
 10
8.70018831759624
 20
-161.00507250974172
 30
0.0
 11
8.689824468651187
 21
-161.00507250974172
 31
0.0
  0
LINE
  5
EC3
330
17
100
AcDbEntity
  8
可见轮廓
100
AcDbLine
 10
8.710198855616337
 20
-161.00507250974172
 30
0.0
 11
8.70018831759624
 21
-161.00507250974172
 31
0.0
  0
LINE
  5
EC4
330
17
100
AcDbEntity
  8
可见轮廓
100
AcDbLine
 10
8.71984985980068
 20
-161.00507250974172
 30
0.0
 11
8.710198855616337
 21
-161.00507250974172
 31
0.0
  0
LINE
  5
EC5
330
17
100
AcDbEntity
  8
可见轮廓
100
AcDbLine
 10
8.72913533073765
 20
-161.00507250974172
 30
0.0
 11
8.71984985980068
 21
-161.00507250974172
 31
0.0
  0
LINE
  5
EC6
330
17
100
AcDbEntity
  8
可见轮廓
100
AcDbLine
 10
8.738049496244248
 20
-161.00507250974172
 30
0.0
 11
8.72913533073765
 21
-161.00507250974172
 31
0.0
  0
LINE
  5
EC7
330
17
100
AcDbEntity
  8
可见轮廓
100
AcDbLine
 10
8.746586814954302
 20
-161.00507250974172
 30
0.0
 11
8.738049496244248
 21
-161.00507250974172
 31
0.0
  0
LINE
  5
EC8
330
17
100
AcDbEntity
  8
可见轮廓
100
AcDbLine
 10
8.75474197976317
 20
-161.00507250974172
 30
0.0
 11
8.746586814954302
 21
-161.00507250974172
 31
0.0
  0
LINE
  5
EC9
330
17
100
AcDbEntity
  8
可见轮廓
100
AcDbLine
 10
8.762509921126835
 20
-161.00507250974172
 30
0.0
 11
8.75474197976317
 21
-161.00507250974172
 31
0.0
  0
LINE
  5
ECA
330
17
100
AcDbEntity
  8
可见轮廓
100
AcDbLine
 10
8.769885810213312
 20
-161.00507250974172
 30
0.0
 11
8.762509921126835
 21
-161.00507250974172
 31
0.0
  0
LINE
  5
ECB
330
17
100
AcDbEntity
  8
可见轮廓
100
AcDbLine
 10
8.776865061904427
 20
-161.00507250974172
 30
0.0
 11
8.769885810213312
 21
-161.00507250974172
 31
0.0
  0
LINE
  5
ECC
330
17
100
AcDbEntity
  8
可见轮廓
100
AcDbLine
 10
8.783443337646084
 20
-161.00507250974172
 30
0.0
 11
8.776865061904427
 21
-161.00507250974172
 31
0.0
  0
LINE
  5
ECD
330
17
100
AcDbEntity
  8
可见轮廓
100
AcDbLine
 10
8.789616548145277
 20
-161.00507250974172
 30
0.0
 11
8.783443337646084
 21
-161.00507250974172
 31
0.0
  0
LINE
  5
ECE
330
17
100
AcDbEntity
  8
可见轮廓
100
AcDbLine
 10
8.795380855912134
 20
-161.00507250974172
 30
0.0
 11
8.789616548145277
 21
-161.00507250974172
 31
0.0
  0
LINE
  5
ECF
330
17
100
AcDbEntity
  8
可见轮廓
100
AcDbLine
 10
8.800732677645438
 20
-161.00507250974172
 30
0.0
 11
8.795380855912134
 21
-161.00507250974172
 31
0.0
  0
LINE
  5
ED0
330
17
100
AcDbEntity
  8
可见轮廓
100
AcDbLine
 10
8.80566868646015
 20
-161.00507250974172
 30
0.0
 11
8.800732677645438
 21
-161.00507250974172
 31
0.0
  0
LINE
  5
ED1
330
17
100
AcDbEntity
  8
可见轮廓
100
AcDbLine
 10
8.810185813955496
 20
-161.00507250974172
 30
0.0
 11
8.80566868646015
 21
-161.00507250974172
 31
0.0
  0
LINE
  5
ED2
330
17
100
AcDbEntity
  8
可见轮廓
100
AcDbLine
 10
8.814281252122417
 20
-161.00507250974172
 30
0.0
 11
8.810185813955496
 21
-161.00507250974172
 31
0.0
  0
LINE
  5
ED3
330
17
100
AcDbEntity
  8
可见轮廓
100
AcDbLine
 10
8.81795245508912
 20
-161.00507250974172
 30
0.0
 11
8.814281252122417
 21
-161.00507250974172
 31
0.0
  0
LINE
  5
ED4
330
17
100
AcDbEntity
  8
可见轮廓
100
AcDbLine
 10
8.821197140703685
 20
-161.00507250974172
 30
0.0
 11
8.81795245508912
 21
-161.00507250974172
 31
0.0
  0
LINE
  5
ED5
330
17
100
AcDbEntity
  8
可见轮廓
100
AcDbLine
 10
8.82401329195273
 20
-161.00507250974172
 30
0.0
 11
8.821197140703685
 21
-161.00507250974172
 31
0.0
  0
LINE
  5
ED6
330
17
100
AcDbEntity
  8
可见轮廓
100
AcDbLine
 10
8.82639915821526
 20
-161.00507250974172
 30
0.0
 11
8.82401329195273
 21
-161.00507250974172
 31
0.0
  0
LINE
  5
ED7
330
17
100
AcDbEntity
  8
可见轮廓
100
AcDbLine
 10
8.82835325635092
 20
-161.00507250974172
 30
0.0
 11
8.82639915821526
 21
-161.00507250974172
 31
0.0
  0
LINE
  5
ED8
330
17
100
AcDbEntity
  8
可见轮廓
100
AcDbLine
 10
8.829874371621965
 20
-161.00507250974172
 30
0.0
 11
8.82835325635092
 21
-161.00507250974172
 31
0.0
  0
LINE
  5
ED9
330
17
100
AcDbEntity
  8
可见轮廓
100
AcDbLine
 10
8.830961558448385
 20
-161.00507250974172
 30
0.0
 11
8.829874371621965
 21
-161.00507250974172
 31
0.0
  0
LINE
  5
EDA
330
17
100
AcDbEntity
  8
可见轮廓
100
AcDbLine
 10
8.83161414099571
 20
-161.00507250974172
 30
0.0
 11
8.830961558448385
 21
-161.00507250974172
 31
0.0
  0
LINE
  5
EDB
330
17
100
AcDbEntity
  8
可见轮廓
100
AcDbLine
 10
8.831831713595138
 20
-161.00507250974172
 30
0.0
 11
8.83161414099571
 21
-161.00507250974172
 31
0.0
  0
HATCH
  5
EDC
330
17
100
AcDbEntity
  8
剖面线
 62
7
100
AcDbHatch
 10
0.0
 20
0.0
 30
0.0
210
0.0
220
0.0
230
1.0
  2
ANSI31
 70
0
 71
0
 91
1
 92
3
 72
0
 73
1
 93
4
 10
26.66816828640482
 20
-181.00507250974172
 10
26.66816828640482
 20
-161.00507250974172
 10
33.5
 20
-161.00507250974172
 10
33.5
 20
-181.00507250974172
 97
0
 75
0
 76
1
 52
0.0
 41
2.0
 77
0
 78
1
 53
45.0
 43
0.0
 44
0.0
 45
-4.4901280606
 46
4.4901280606
 79
0
 98
0
  0
HATCH
  5
EDD
330
17
100
AcDbEntity
  8
剖面线
 62
7
100
AcDbHatch
 10
0.0
 20
0.0
 30
0.0
210
0.0
220
0.0
230
1.0
  2
ANSI31
 70
0
 71
0
 91
1
 92
3
 72
0
 73
1
 93
4
 10
1.9999999999999982
 20
-181.00507250974172
 10
1.9999999999999982
 20
-161.00507250974172
 10
8.831831713595133
 20
-161.00507250974172
 10
8.831831713595138
 20
-181.00507250974172
 97
0
 75
0
 76
1
 52
0.0
 41
2.0
 77
0
 78
1
 53
45.0
 43
0.0
 44
0.0
 45
-4.4901280606
 46
4.4901280606
 79
0
 98
0
  0
TEXT
  5
EDE
330
17
100
AcDbEntity
  8
标注
100
AcDbText
 10
17.75
 20
-199.00507250974175
 30
0.0
 40
6.0
  1
B—B  横剖 z=-34.40（穿 r12.4 孔轴）
  7
中文字体
 72
1
 11
17.75
 21
-199.00507250974175
 31
0.0
100
AcDbText
 73
2
  0
LINE
  5
EDF
330
17
100
AcDbEntity
  8
剖切线
100
AcDbLine
 10
-6.0
 20
2.7023709121768533
 30
0.0
 11
2.0
 21
2.7023709121768533
 31
0.0
  0
LINE
  5
EE0
330
17
100
AcDbEntity
  8
剖切线
100
AcDbLine
 10
37.0000000355507
 20
2.7023709121768533
 30
0.0
 11
45.0000000355507
 21
2.7023709121768533
 31
0.0
  0
LINE
  5
EE1
330
17
100
AcDbEntity
  8
剖切线
100
AcDbLine
 10
-6.0
 20
2.7023709121768533
 30
0.0
 11
-2.0
 21
-3.2976290878231467
 31
0.0
  0
TEXT
  5
EE2
330
17
100
AcDbEntity
  8
标注
100
AcDbText
 10
-4.0
 20
5.702370912176853
 30
0.0
 40
5.0
  1
B—B
  7
中文字体
 11
-4.0
 21
5.702370912176853
 31
0.0
100
AcDbText
  0
LINE
  5
EE3
330
17
100
AcDbEntity
  8
剖切线
100
AcDbLine
 10
45.0000000355507
 20
2.7023709121768533
 30
0.0
 11
41.0000000355507
 21
-3.2976290878231467
 31
0.0
  0
TEXT
  5
EE4
330
17
100
AcDbEntity
  8
标注
100
AcDbText
 10
43.0000000355507
 20
5.702370912176853
 30
0.0
 40
5.0
  1
B—B
  7
中文字体
 11
43.0000000355507
 21
5.702370912176853
 31
0.0
100
AcDbText
  0
LINE
  5
EE5
330
17
100
AcDbEntity
  8
可见轮廓
100
AcDbLine
 10
37.00000000000004
 20
-251.75507250974172
 30
0.0
 11
37.00000000000004
 21
-260.0050725097417
 31
0.0
  0
LINE
  5
EE6
330
17
100
AcDbEntity
  8
可见轮廓
100
AcDbLine
 10
36.99957130799884
 20
-251.75507250974172
 30
0.0
 11
37.00000000000004
 21
-251.75507250974172
 31
0.0
  0
LINE
  5
EE7
330
17
100
AcDbEntity
  8
可见轮廓
100
AcDbLine
 10
36.998285494533576
 20
-251.75507250974172
 30
0.0
 11
36.99957130799884
 21
-251.75507250974172
 31
0.0
  0
LINE
  5
EE8
330
17
100
AcDbEntity
  8
可见轮廓
100
AcDbLine
 10
36.99614334705845
 20
-251.75507250974172
 30
0.0
 11
36.998285494533576
 21
-251.75507250974172
 31
0.0
  0
LINE
  5
EE9
330
17
100
AcDbEntity
  8
可见轮廓
100
AcDbLine
 10
36.99314617746131
 20
-251.75507250974172
 30
0.0
 11
36.99614334705845
 21
-251.75507250974172
 31
0.0
  0
LINE
  5
EEA
330
17
100
AcDbEntity
  8
可见轮廓
100
AcDbLine
 10
36.98929582126021
 20
-251.75507250974172
 30
0.0
 11
36.99314617746131
 21
-251.75507250974172
 31
0.0
  0
LINE
  5
EEB
330
17
100
AcDbEntity
  8
可见轮廓
100
AcDbLine
 10
36.98459463647928
 20
-251.75507250974172
 30
0.0
 11
36.98929582126021
 21
-251.75507250974172
 31
0.0
  0
LINE
  5
EEC
330
17
100
AcDbEntity
  8
可见轮廓
100
AcDbLine
 10
36.97904550220469
 20
-251.75507250974172
 30
0.0
 11
36.98459463647928
 21
-251.75507250974172
 31
0.0
  0
LINE
  5
EED
330
17
100
AcDbEntity
  8
可见轮廓
100
AcDbLine
 10
36.97265181682141
 20
-251.75507250974172
 30
0.0
 11
36.97904550220469
 21
-251.75507250974172
 31
0.0
  0
LINE
  5
EEE
330
17
100
AcDbEntity
  8
可见轮廓
100
AcDbLine
 10
36.96541749593198
 20
-251.75507250974172
 30
0.0
 11
36.97265181682141
 21
-251.75507250974172
 31
0.0
  0
LINE
  5
EEF
330
17
100
AcDbEntity
  8
可见轮廓
100
AcDbLine
 10
36.95734696995855
 20
-251.75507250974172
 30
0.0
 11
36.96541749593198
 21
-251.75507250974172
 31
0.0
  0
LINE
  5
EF0
330
17
100
AcDbEntity
  8
可见轮廓
100
AcDbLine
 10
36.948445181429584
 20
-251.75507250974172
 30
0.0
 11
36.95734696995855
 21
-251.75507250974172
 31
0.0
  0
LINE
  5
EF1
330
17
100
AcDbEntity
  8
可见轮廓
100
AcDbLine
 10
36.938717581953
 20
-251.75507250974172
 30
0.0
 11
36.948445181429584
 21
-251.75507250974172
 31
0.0
  0
LINE
  5
EF2
330
17
100
AcDbEntity
  8
可见轮廓
100
AcDbLine
 10
36.92817012887748
 20
-251.75507250974172
 30
0.0
 11
36.938717581953
 21
-251.75507250974172
 31
0.0
  0
LINE
  5
EF3
330
17
100
AcDbEntity
  8
可见轮廓
100
AcDbLine
 10
36.91680928164414
 20
-251.75507250974172
 30
0.0
 11
36.92817012887748
 21
-251.75507250974172
 31
0.0
  0
LINE
  5
EF4
330
17
100
AcDbEntity
  8
可见轮廓
100
AcDbLine
 10
36.904641997830595
 20
-251.75507250974172
 30
0.0
 11
36.91680928164414
 21
-251.75507250974172
 31
0.0
  0
LINE
  5
EF5
330
17
100
AcDbEntity
  8
可见轮廓
100
AcDbLine
 10
36.89167572889004
 20
-251.75507250974172
 30
0.0
 11
36.904641997830595
 21
-251.75507250974172
 31
0.0
  0
LINE
  5
EF6
330
17
100
AcDbEntity
  8
可见轮廓
100
AcDbLine
 10
36.8779184155879
 20
-251.75507250974172
 30
0.0
 11
36.89167572889004
 21
-251.75507250974172
 31
0.0
  0
LINE
  5
EF7
330
17
100
AcDbEntity
  8
可见轮廓
100
AcDbLine
 10
36.86337848313868
 20
-251.75507250974172
 30
0.0
 11
36.8779184155879
 21
-251.75507250974172
 31
0.0
  0
LINE
  5
EF8
330
17
100
AcDbEntity
  8
可见轮廓
100
AcDbLine
 10
36.84806483604631
 20
-251.75507250974172
 30
0.0
 11
36.86337848313868
 21
-251.75507250974172
 31
0.0
  0
LINE
  5
EF9
330
17
100
AcDbEntity
  8
可见轮廓
100
AcDbLine
 10
36.831986852650815
 20
-251.75507250974172
 30
0.0
 11
36.84806483604631
 21
-251.75507250974172
 31
0.0
  0
LINE
  5
EFA
330
17
100
AcDbEntity
  8
可见轮廓
100
AcDbLine
 10
36.815154379384865
 20
-251.75507250974172
 30
0.0
 11
36.831986852650815
 21
-251.75507250974172
 31
0.0
  0
LINE
  5
EFB
330
17
100
AcDbEntity
  8
可见轮廓
100
AcDbLine
 10
36.797577724743675
 20
-251.75507250974172
 30
0.0
 11
36.815154379384865
 21
-251.75507250974172
 31
0.0
  0
LINE
  5
EFC
330
17
100
AcDbEntity
  8
可见轮廓
100
AcDbLine
 10
36.77926765297191
 20
-251.75507250974172
 30
0.0
 11
36.797577724743675
 21
-251.75507250974172
 31
0.0
  0
LINE
  5
EFD
330
17
100
AcDbEntity
  8
可见轮廓
100
AcDbLine
 10
36.76023537747142
 20
-251.75507250974172
 30
0.0
 11
36.77926765297191
 21
-251.75507250974172
 31
0.0
  0
LINE
  5
EFE
330
17
100
AcDbEntity
  8
可见轮廓
100
AcDbLine
 10
36.74049255393403
 20
-251.75507250974172
 30
0.0
 11
36.76023537747142
 21
-251.75507250974172
 31
0.0
  0
LINE
  5
EFF
330
17
100
AcDbEntity
  8
可见轮廓
100
AcDbLine
 10
36.72005127320335
 20
-251.75507250974172
 30
0.0
 11
36.74049255393403
 21
-251.75507250974172
 31
0.0
  0
LINE
  5
F00
330
17
100
AcDbEntity
  8
可见轮廓
100
AcDbLine
 10
36.69892405387017
 20
-251.75507250974172
 30
0.0
 11
36.72005127320335
 21
-251.75507250974172
 31
0.0
  0
LINE
  5
F01
330
17
100
AcDbEntity
  8
可见轮廓
100
AcDbLine
 10
36.67712383460582
 20
-251.75507250974172
 30
0.0
 11
36.69892405387017
 21
-251.75507250974172
 31
0.0
  0
LINE
  5
F02
330
17
100
AcDbEntity
  8
可见轮廓
100
AcDbLine
 10
36.65466396623833
 20
-251.75507250974172
 30
0.0
 11
36.67712383460582
 21
-251.75507250974172
 31
0.0
  0
LINE
  5
F03
330
17
100
AcDbEntity
  8
可见轮廓
100
AcDbLine
 10
36.63155820357616
 20
-251.75507250974172
 30
0.0
 11
36.65466396623833
 21
-251.75507250974172
 31
0.0
  0
LINE
  5
F04
330
17
100
AcDbEntity
  8
可见轮廓
100
AcDbLine
 10
36.6078206969845
 20
-251.75507250974172
 30
0.0
 11
36.63155820357616
 21
-251.75507250974172
 31
0.0
  0
LINE
  5
F05
330
17
100
AcDbEntity
  8
可见轮廓
100
AcDbLine
 10
36.58346598371934
 20
-251.75507250974172
 30
0.0
 11
36.6078206969845
 21
-251.75507250974172
 31
0.0
  0
LINE
  5
F06
330
17
100
AcDbEntity
  8
可见轮廓
100
AcDbLine
 10
36.55850897902466
 20
-251.75507250974172
 30
0.0
 11
36.58346598371934
 21
-251.75507250974172
 31
0.0
  0
LINE
  5
F07
330
17
100
AcDbEntity
  8
可见轮廓
100
AcDbLine
 10
36.532964966997994
 20
-251.75507250974172
 30
0.0
 11
36.55850897902466
 21
-251.75507250974172
 31
0.0
  0
LINE
  5
F08
330
17
100
AcDbEntity
  8
可见轮廓
100
AcDbLine
 10
36.506849591230264
 20
-251.75507250974172
 30
0.0
 11
36.532964966997994
 21
-251.75507250974172
 31
0.0
  0
LINE
  5
F09
330
17
100
AcDbEntity
  8
可见轮廓
100
AcDbLine
 10
36.48017884522531
 20
-251.75507250974172
 30
0.0
 11
36.506849591230264
 21
-251.75507250974172
 31
0.0
  0
LINE
  5
F0A
330
17
100
AcDbEntity
  8
可见轮廓
100
AcDbLine
 10
36.45296906260525
 20
-251.75507250974172
 30
0.0
 11
36.48017884522531
 21
-251.75507250974172
 31
0.0
  0
LINE
  5
F0B
330
17
100
AcDbEntity
  8
可见轮廓
100
AcDbLine
 10
36.42523690710747
 20
-251.75507250974172
 30
0.0
 11
36.45296906260525
 21
-251.75507250974172
 31
0.0
  0
LINE
  5
F0C
330
17
100
AcDbEntity
  8
可见轮廓
100
AcDbLine
 10
36.39699936237945
 20
-251.75507250974172
 30
0.0
 11
36.42523690710747
 21
-251.75507250974172
 31
0.0
  0
LINE
  5
F0D
330
17
100
AcDbEntity
  8
可见轮廓
100
AcDbLine
 10
36.36827372157768
 20
-251.75507250974172
 30
0.0
 11
36.39699936237945
 21
-251.75507250974172
 31
0.0
  0
LINE
  5
F0E
330
17
100
AcDbEntity
  8
可见轮廓
100
AcDbLine
 10
36.3390775767771
 20
-251.75507250974172
 30
0.0
 11
36.36827372157768
 21
-251.75507250974172
 31
0.0
  0
LINE
  5
F0F
330
17
100
AcDbEntity
  8
可见轮廓
100
AcDbLine
 10
36.30942880819734
 20
-251.75507250974172
 30
0.0
 11
36.3390775767771
 21
-251.75507250974172
 31
0.0
  0
LINE
  5
F10
330
17
100
AcDbEntity
  8
可见轮廓
100
AcDbLine
 10
36.279345573252584
 20
-251.75507250974172
 30
0.0
 11
36.30942880819734
 21
-251.75507250974172
 31
0.0
  0
LINE
  5
F11
330
17
100
AcDbEntity
  8
可见轮廓
100
AcDbLine
 10
36.248846295431676
 20
-251.75507250974172
 30
0.0
 11
36.279345573252584
 21
-251.75507250974172
 31
0.0
  0
LINE
  5
F12
330
17
100
AcDbEntity
  8
可见轮廓
100
AcDbLine
 10
36.21794965301527
 20
-251.75507250974172
 30
0.0
 11
36.248846295431676
 21
-251.75507250974172
 31
0.0
  0
LINE
  5
F13
330
17
100
AcDbEntity
  8
可见轮廓
100
AcDbLine
 10
36.18667456763684
 20
-251.75507250974172
 30
0.0
 11
36.21794965301527
 21
-251.75507250974172
 31
0.0
  0
LINE
  5
F14
330
17
100
AcDbEntity
  8
可见轮廓
100
AcDbLine
 10
35.95660263592218
 20
-251.75507250974172
 30
0.0
 11
36.18667456763684
 21
-251.75507250974172
 31
0.0
  0
LINE
  5
F15
330
17
100
AcDbEntity
  8
可见轮廓
100
AcDbLine
 10
35.72931638514933
 20
-251.75507250974172
 30
0.0
 11
35.95660263592218
 21
-251.75507250974172
 31
0.0
  0
LINE
  5
F16
330
17
100
AcDbEntity
  8
可见轮廓
100
AcDbLine
 10
35.50495517072277
 20
-251.75507250974172
 30
0.0
 11
35.72931638514933
 21
-251.75507250974172
 31
0.0
  0
LINE
  5
F17
330
17
100
AcDbEntity
  8
可见轮廓
100
AcDbLine
 10
35.2836565546273
 20
-251.75507250974172
 30
0.0
 11
35.50495517072277
 21
-251.75507250974172
 31
0.0
  0
LINE
  5
F18
330
17
100
AcDbEntity
  8
可见轮廓
100
AcDbLine
 10
35.25000000000004
 20
-251.75507250974172
 30
0.0
 11
35.2836565546273
 21
-251.75507250974172
 31
0.0
  0
LINE
  5
F19
330
17
100
AcDbEntity
  8
可见轮廓
100
AcDbLine
 10
36.99957130799884
 20
-260.0050725097417
 30
0.0
 11
37.00000000000004
 21
-260.0050725097417
 31
0.0
  0
LINE
  5
F1A
330
17
100
AcDbEntity
  8
可见轮廓
100
AcDbLine
 10
36.998285494533576
 20
-260.0050725097417
 30
0.0
 11
36.99957130799884
 21
-260.0050725097417
 31
0.0
  0
LINE
  5
F1B
330
17
100
AcDbEntity
  8
可见轮廓
100
AcDbLine
 10
36.99614334705845
 20
-260.0050725097417
 30
0.0
 11
36.998285494533576
 21
-260.0050725097417
 31
0.0
  0
LINE
  5
F1C
330
17
100
AcDbEntity
  8
可见轮廓
100
AcDbLine
 10
36.99314617746131
 20
-260.0050725097417
 30
0.0
 11
36.99614334705845
 21
-260.0050725097417
 31
0.0
  0
LINE
  5
F1D
330
17
100
AcDbEntity
  8
可见轮廓
100
AcDbLine
 10
36.98929582126021
 20
-260.0050725097417
 30
0.0
 11
36.99314617746131
 21
-260.0050725097417
 31
0.0
  0
LINE
  5
F1E
330
17
100
AcDbEntity
  8
可见轮廓
100
AcDbLine
 10
36.98459463647928
 20
-260.0050725097417
 30
0.0
 11
36.98929582126021
 21
-260.0050725097417
 31
0.0
  0
LINE
  5
F1F
330
17
100
AcDbEntity
  8
可见轮廓
100
AcDbLine
 10
36.97904550220469
 20
-260.0050725097417
 30
0.0
 11
36.98459463647928
 21
-260.0050725097417
 31
0.0
  0
LINE
  5
F20
330
17
100
AcDbEntity
  8
可见轮廓
100
AcDbLine
 10
36.97265181682141
 20
-260.0050725097417
 30
0.0
 11
36.97904550220469
 21
-260.0050725097417
 31
0.0
  0
LINE
  5
F21
330
17
100
AcDbEntity
  8
可见轮廓
100
AcDbLine
 10
36.96541749593199
 20
-260.0050725097417
 30
0.0
 11
36.97265181682141
 21
-260.0050725097417
 31
0.0
  0
LINE
  5
F22
330
17
100
AcDbEntity
  8
可见轮廓
100
AcDbLine
 10
36.95734696995855
 20
-260.0050725097417
 30
0.0
 11
36.96541749593199
 21
-260.0050725097417
 31
0.0
  0
LINE
  5
F23
330
17
100
AcDbEntity
  8
可见轮廓
100
AcDbLine
 10
36.948445181429584
 20
-260.0050725097417
 30
0.0
 11
36.95734696995855
 21
-260.0050725097417
 31
0.0
  0
LINE
  5
F24
330
17
100
AcDbEntity
  8
可见轮廓
100
AcDbLine
 10
36.938717581953
 20
-260.0050725097417
 30
0.0
 11
36.948445181429584
 21
-260.0050725097417
 31
0.0
  0
LINE
  5
F25
330
17
100
AcDbEntity
  8
可见轮廓
100
AcDbLine
 10
36.92817012887748
 20
-260.0050725097417
 30
0.0
 11
36.938717581953
 21
-260.0050725097417
 31
0.0
  0
LINE
  5
F26
330
17
100
AcDbEntity
  8
可见轮廓
100
AcDbLine
 10
36.91680928164414
 20
-260.0050725097417
 30
0.0
 11
36.92817012887748
 21
-260.0050725097417
 31
0.0
  0
LINE
  5
F27
330
17
100
AcDbEntity
  8
可见轮廓
100
AcDbLine
 10
36.904641997830595
 20
-260.0050725097417
 30
0.0
 11
36.91680928164414
 21
-260.0050725097417
 31
0.0
  0
LINE
  5
F28
330
17
100
AcDbEntity
  8
可见轮廓
100
AcDbLine
 10
36.89167572889004
 20
-260.0050725097417
 30
0.0
 11
36.904641997830595
 21
-260.0050725097417
 31
0.0
  0
LINE
  5
F29
330
17
100
AcDbEntity
  8
可见轮廓
100
AcDbLine
 10
36.8779184155879
 20
-260.0050725097417
 30
0.0
 11
36.89167572889004
 21
-260.0050725097417
 31
0.0
  0
LINE
  5
F2A
330
17
100
AcDbEntity
  8
可见轮廓
100
AcDbLine
 10
36.86337848313868
 20
-260.0050725097417
 30
0.0
 11
36.8779184155879
 21
-260.0050725097417
 31
0.0
  0
LINE
  5
F2B
330
17
100
AcDbEntity
  8
可见轮廓
100
AcDbLine
 10
36.84806483604631
 20
-260.0050725097417
 30
0.0
 11
36.86337848313868
 21
-260.0050725097417
 31
0.0
  0
LINE
  5
F2C
330
17
100
AcDbEntity
  8
可见轮廓
100
AcDbLine
 10
36.831986852650815
 20
-260.0050725097417
 30
0.0
 11
36.84806483604631
 21
-260.0050725097417
 31
0.0
  0
LINE
  5
F2D
330
17
100
AcDbEntity
  8
可见轮廓
100
AcDbLine
 10
36.815154379384865
 20
-260.0050725097417
 30
0.0
 11
36.831986852650815
 21
-260.0050725097417
 31
0.0
  0
LINE
  5
F2E
330
17
100
AcDbEntity
  8
可见轮廓
100
AcDbLine
 10
36.79757772474368
 20
-260.0050725097417
 30
0.0
 11
36.815154379384865
 21
-260.0050725097417
 31
0.0
  0
LINE
  5
F2F
330
17
100
AcDbEntity
  8
可见轮廓
100
AcDbLine
 10
36.77926765297191
 20
-260.0050725097417
 30
0.0
 11
36.79757772474368
 21
-260.0050725097417
 31
0.0
  0
LINE
  5
F30
330
17
100
AcDbEntity
  8
可见轮廓
100
AcDbLine
 10
36.76023537747142
 20
-260.0050725097417
 30
0.0
 11
36.77926765297191
 21
-260.0050725097417
 31
0.0
  0
LINE
  5
F31
330
17
100
AcDbEntity
  8
可见轮廓
100
AcDbLine
 10
36.74049255393403
 20
-260.0050725097417
 30
0.0
 11
36.76023537747142
 21
-260.0050725097417
 31
0.0
  0
LINE
  5
F32
330
17
100
AcDbEntity
  8
可见轮廓
100
AcDbLine
 10
36.72005127320335
 20
-260.0050725097417
 30
0.0
 11
36.74049255393403
 21
-260.0050725097417
 31
0.0
  0
LINE
  5
F33
330
17
100
AcDbEntity
  8
可见轮廓
100
AcDbLine
 10
36.69892405387017
 20
-260.0050725097417
 30
0.0
 11
36.72005127320335
 21
-260.0050725097417
 31
0.0
  0
LINE
  5
F34
330
17
100
AcDbEntity
  8
可见轮廓
100
AcDbLine
 10
36.67712383460582
 20
-260.0050725097417
 30
0.0
 11
36.69892405387017
 21
-260.0050725097417
 31
0.0
  0
LINE
  5
F35
330
17
100
AcDbEntity
  8
可见轮廓
100
AcDbLine
 10
36.65466396623834
 20
-260.0050725097417
 30
0.0
 11
36.67712383460582
 21
-260.0050725097417
 31
0.0
  0
LINE
  5
F36
330
17
100
AcDbEntity
  8
可见轮廓
100
AcDbLine
 10
36.63155820357616
 20
-260.0050725097417
 30
0.0
 11
36.65466396623834
 21
-260.0050725097417
 31
0.0
  0
LINE
  5
F37
330
17
100
AcDbEntity
  8
可见轮廓
100
AcDbLine
 10
36.6078206969845
 20
-260.0050725097417
 30
0.0
 11
36.63155820357616
 21
-260.0050725097417
 31
0.0
  0
LINE
  5
F38
330
17
100
AcDbEntity
  8
可见轮廓
100
AcDbLine
 10
36.58346598371935
 20
-260.0050725097417
 30
0.0
 11
36.6078206969845
 21
-260.0050725097417
 31
0.0
  0
LINE
  5
F39
330
17
100
AcDbEntity
  8
可见轮廓
100
AcDbLine
 10
36.558508979024666
 20
-260.0050725097417
 30
0.0
 11
36.58346598371935
 21
-260.0050725097417
 31
0.0
  0
LINE
  5
F3A
330
17
100
AcDbEntity
  8
可见轮廓
100
AcDbLine
 10
36.532964966997994
 20
-260.0050725097417
 30
0.0
 11
36.558508979024666
 21
-260.0050725097417
 31
0.0
  0
LINE
  5
F3B
330
17
100
AcDbEntity
  8
可见轮廓
100
AcDbLine
 10
36.506849591230264
 20
-260.0050725097417
 30
0.0
 11
36.532964966997994
 21
-260.0050725097417
 31
0.0
  0
LINE
  5
F3C
330
17
100
AcDbEntity
  8
可见轮廓
100
AcDbLine
 10
36.48017884522531
 20
-260.0050725097417
 30
0.0
 11
36.506849591230264
 21
-260.0050725097417
 31
0.0
  0
LINE
  5
F3D
330
17
100
AcDbEntity
  8
可见轮廓
100
AcDbLine
 10
36.452969062605256
 20
-260.0050725097417
 30
0.0
 11
36.48017884522531
 21
-260.0050725097417
 31
0.0
  0
LINE
  5
F3E
330
17
100
AcDbEntity
  8
可见轮廓
100
AcDbLine
 10
36.425236907107475
 20
-260.0050725097417
 30
0.0
 11
36.452969062605256
 21
-260.0050725097417
 31
0.0
  0
LINE
  5
F3F
330
17
100
AcDbEntity
  8
可见轮廓
100
AcDbLine
 10
36.39699936237945
 20
-260.0050725097417
 30
0.0
 11
36.425236907107475
 21
-260.0050725097417
 31
0.0
  0
LINE
  5
F40
330
17
100
AcDbEntity
  8
可见轮廓
100
AcDbLine
 10
36.36827372157768
 20
-260.0050725097417
 30
0.0
 11
36.39699936237945
 21
-260.0050725097417
 31
0.0
  0
LINE
  5
F41
330
17
100
AcDbEntity
  8
可见轮廓
100
AcDbLine
 10
36.33907757677711
 20
-260.0050725097417
 30
0.0
 11
36.36827372157768
 21
-260.0050725097417
 31
0.0
  0
LINE
  5
F42
330
17
100
AcDbEntity
  8
可见轮廓
100
AcDbLine
 10
36.30942880819734
 20
-260.0050725097417
 30
0.0
 11
36.33907757677711
 21
-260.0050725097417
 31
0.0
  0
LINE
  5
F43
330
17
100
AcDbEntity
  8
可见轮廓
100
AcDbLine
 10
36.279345573252584
 20
-260.0050725097417
 30
0.0
 11
36.30942880819734
 21
-260.0050725097417
 31
0.0
  0
LINE
  5
F44
330
17
100
AcDbEntity
  8
可见轮廓
100
AcDbLine
 10
36.24884629543168
 20
-260.0050725097417
 30
0.0
 11
36.279345573252584
 21
-260.0050725097417
 31
0.0
  0
LINE
  5
F45
330
17
100
AcDbEntity
  8
可见轮廓
100
AcDbLine
 10
36.21794965301527
 20
-260.0050725097417
 30
0.0
 11
36.24884629543168
 21
-260.0050725097417
 31
0.0
  0
LINE
  5
F46
330
17
100
AcDbEntity
  8
可见轮廓
100
AcDbLine
 10
36.18667456763687
 20
-260.0050725097417
 30
0.0
 11
36.21794965301527
 21
-260.0050725097417
 31
0.0
  0
LINE
  5
F47
330
17
100
AcDbEntity
  8
可见轮廓
100
AcDbLine
 10
35.95742718151814
 20
-260.0050725097417
 30
0.0
 11
36.18667456763687
 21
-260.0050725097417
 31
0.0
  0
LINE
  5
F48
330
17
100
AcDbEntity
  8
可见轮廓
100
AcDbLine
 10
35.73094492555086
 20
-260.0050725097417
 30
0.0
 11
35.95742718151814
 21
-260.0050725097417
 31
0.0
  0
LINE
  5
F49
330
17
100
AcDbEntity
  8
可见轮廓
100
AcDbLine
 10
35.50736566277867
 20
-260.0050725097417
 30
0.0
 11
35.73094492555086
 21
-260.0050725097417
 31
0.0
  0
LINE
  5
F4A
330
17
100
AcDbEntity
  8
可见轮廓
100
AcDbLine
 10
35.286825489151056
 20
-260.0050725097417
 30
0.0
 11
35.50736566277867
 21
-260.0050725097417
 31
0.0
  0
LINE
  5
F4B
330
17
100
AcDbEntity
  8
可见轮廓
100
AcDbLine
 10
35.25000000000004
 20
-260.0050725097417
 30
0.0
 11
35.286825489151056
 21
-260.0050725097417
 31
0.0
  0
LINE
  5
F4C
330
17
100
AcDbEntity
  8
可见轮廓
100
AcDbLine
 10
35.25000000000004
 20
-260.0050725097417
 30
0.0
 11
29.118168286404867
 21
-260.0050725097417
 31
0.0
  0
LINE
  5
F4D
330
17
100
AcDbEntity
  8
可见轮廓
100
AcDbLine
 10
29.100890388069434
 20
-260.0050725097417
 30
0.0
 11
29.118168286404867
 21
-260.0050725097417
 31
0.0
  0
LINE
  5
F4E
330
17
100
AcDbEntity
  8
可见轮廓
100
AcDbLine
 10
29.083623017660024
 20
-260.0050725097417
 30
0.0
 11
29.100890388069434
 21
-260.0050725097417
 31
0.0
  0
LINE
  5
F4F
330
17
100
AcDbEntity
  8
可见轮廓
100
AcDbLine
 10
29.066376696687694
 20
-260.0050725097417
 30
0.0
 11
29.083623017660024
 21
-260.0050725097417
 31
0.0
  0
LINE
  5
F50
330
17
100
AcDbEntity
  8
可见轮廓
100
AcDbLine
 10
29.049161933837475
 20
-260.0050725097417
 30
0.0
 11
29.066376696687694
 21
-260.0050725097417
 31
0.0
  0
LINE
  5
F51
330
17
100
AcDbEntity
  8
可见轮廓
100
AcDbLine
 10
29.031989218565105
 20
-260.0050725097417
 30
0.0
 11
29.049161933837475
 21
-260.0050725097417
 31
0.0
  0
LINE
  5
F52
330
17
100
AcDbEntity
  8
可见轮廓
100
AcDbLine
 10
29.01486901470551
 20
-260.0050725097417
 30
0.0
 11
29.031989218565105
 21
-260.0050725097417
 31
0.0
  0
LINE
  5
F53
330
17
100
AcDbEntity
  8
可见轮廓
100
AcDbLine
 10
28.997811754096894
 20
-260.0050725097417
 30
0.0
 11
29.01486901470551
 21
-260.0050725097417
 31
0.0
  0
LINE
  5
F54
330
17
100
AcDbEntity
  8
可见轮廓
100
AcDbLine
 10
28.980827830224293
 20
-260.0050725097417
 30
0.0
 11
28.997811754096894
 21
-260.0050725097417
 31
0.0
  0
LINE
  5
F55
330
17
100
AcDbEntity
  8
可见轮廓
100
AcDbLine
 10
28.963927591886552
 20
-260.0050725097417
 30
0.0
 11
28.980827830224293
 21
-260.0050725097417
 31
0.0
  0
LINE
  5
F56
330
17
100
AcDbEntity
  8
可见轮廓
100
AcDbLine
 10
28.94712133689047
 20
-260.0050725097417
 30
0.0
 11
28.963927591886552
 21
-260.0050725097417
 31
0.0
  0
LINE
  5
F57
330
17
100
AcDbEntity
  8
可见轮廓
100
AcDbLine
 10
28.930419305776077
 20
-260.0050725097417
 30
0.0
 11
28.94712133689047
 21
-260.0050725097417
 31
0.0
  0
LINE
  5
F58
330
17
100
AcDbEntity
  8
可见轮廓
100
AcDbLine
 10
28.913831675576745
 20
-260.0050725097417
 30
0.0
 11
28.930419305776077
 21
-260.0050725097417
 31
0.0
  0
LINE
  5
F59
330
17
100
AcDbEntity
  8
可见轮廓
100
AcDbLine
 10
28.89736855361806
 20
-260.0050725097417
 30
0.0
 11
28.913831675576745
 21
-260.0050725097417
 31
0.0
  0
LINE
  5
F5A
330
17
100
AcDbEntity
  8
可见轮廓
100
AcDbLine
 10
28.88103997135909
 20
-260.0050725097417
 30
0.0
 11
28.89736855361806
 21
-260.0050725097417
 31
0.0
  0
LINE
  5
F5B
330
17
100
AcDbEntity
  8
可见轮廓
100
AcDbLine
 10
28.864855878279975
 20
-260.0050725097417
 30
0.0
 11
28.88103997135909
 21
-260.0050725097417
 31
0.0
  0
LINE
  5
F5C
330
17
100
AcDbEntity
  8
可见轮廓
100
AcDbLine
 10
28.848826135819387
 20
-260.0050725097417
 30
0.0
 11
28.864855878279975
 21
-260.0050725097417
 31
0.0
  0
LINE
  5
F5D
330
17
100
AcDbEntity
  8
可见轮廓
100
AcDbLine
 10
28.832960511365663
 20
-260.0050725097417
 30
0.0
 11
28.848826135819387
 21
-260.0050725097417
 31
0.0
  0
LINE
  5
F5E
330
17
100
AcDbEntity
  8
可见轮廓
100
AcDbLine
 10
28.817268672305286
 20
-260.0050725097417
 30
0.0
 11
28.832960511365663
 21
-260.0050725097417
 31
0.0
  0
LINE
  5
F5F
330
17
100
AcDbEntity
  8
可见轮廓
100
AcDbLine
 10
28.801760180132227
 20
-260.0050725097417
 30
0.0
 11
28.817268672305286
 21
-260.0050725097417
 31
0.0
  0
LINE
  5
F60
330
17
100
AcDbEntity
  8
可见轮廓
100
AcDbLine
 10
28.786444484621875
 20
-260.0050725097417
 30
0.0
 11
28.801760180132227
 21
-260.0050725097417
 31
0.0
  0
LINE
  5
F61
330
17
100
AcDbEntity
  8
可见轮廓
100
AcDbLine
 10
28.771330918073
 20
-260.0050725097417
 30
0.0
 11
28.786444484621875
 21
-260.0050725097417
 31
0.0
  0
LINE
  5
F62
330
17
100
AcDbEntity
  8
可见轮廓
100
AcDbLine
 10
28.756428689621323
 20
-260.0050725097417
 30
0.0
 11
28.771330918073
 21
-260.0050725097417
 31
0.0
  0
LINE
  5
F63
330
17
100
AcDbEntity
  8
可见轮廓
100
AcDbLine
 10
28.7417468796281
 20
-260.0050725097417
 30
0.0
 11
28.756428689621323
 21
-260.0050725097417
 31
0.0
  0
LINE
  5
F64
330
17
100
AcDbEntity
  8
可见轮廓
100
AcDbLine
 10
28.727294434147225
 20
-260.0050725097417
 30
0.0
 11
28.7417468796281
 21
-260.0050725097417
 31
0.0
  0
LINE
  5
F65
330
17
100
AcDbEntity
  8
可见轮廓
100
AcDbLine
 10
28.713080159474117
 20
-260.0050725097417
 30
0.0
 11
28.727294434147225
 21
-260.0050725097417
 31
0.0
  0
LINE
  5
F66
330
17
100
AcDbEntity
  8
可见轮廓
100
AcDbLine
 10
28.699112716779787
 20
-260.0050725097417
 30
0.0
 11
28.713080159474117
 21
-260.0050725097417
 31
0.0
  0
LINE
  5
F67
330
17
100
AcDbEntity
  8
可见轮廓
100
AcDbLine
 10
28.68540061683336
 20
-260.0050725097417
 30
0.0
 11
28.699112716779787
 21
-260.0050725097417
 31
0.0
  0
LINE
  5
F68
330
17
100
AcDbEntity
  8
可见轮廓
100
AcDbLine
 10
28.671952214816173
 20
-260.0050725097417
 30
0.0
 11
28.68540061683336
 21
-260.0050725097417
 31
0.0
  0
LINE
  5
F69
330
17
100
AcDbEntity
  8
可见轮廓
100
AcDbLine
 10
28.658775705230767
 20
-260.0050725097417
 30
0.0
 11
28.671952214816173
 21
-260.0050725097417
 31
0.0
  0
LINE
  5
F6A
330
17
100
AcDbEntity
  8
可见轮廓
100
AcDbLine
 10
28.645879116907697
 20
-260.0050725097417
 30
0.0
 11
28.658775705230767
 21
-260.0050725097417
 31
0.0
  0
LINE
  5
F6B
330
17
100
AcDbEntity
  8
可见轮廓
100
AcDbLine
 10
28.633270308113367
 20
-260.0050725097417
 30
0.0
 11
28.645879116907697
 21
-260.0050725097417
 31
0.0
  0
LINE
  5
F6C
330
17
100
AcDbEntity
  8
可见轮廓
100
AcDbLine
 10
28.620956961761728
 20
-260.0050725097417
 30
0.0
 11
28.633270308113367
 21
-260.0050725097417
 31
0.0
  0
LINE
  5
F6D
330
17
100
AcDbEntity
  8
可见轮廓
100
AcDbLine
 10
28.608946580732884
 20
-260.0050725097417
 30
0.0
 11
28.620956961761728
 21
-260.0050725097417
 31
0.0
  0
LINE
  5
F6E
330
17
100
AcDbEntity
  8
可见轮廓
100
AcDbLine
 10
28.59724648330134
 20
-260.0050725097417
 30
0.0
 11
28.608946580732884
 21
-260.0050725097417
 31
0.0
  0
LINE
  5
F6F
330
17
100
AcDbEntity
  8
可见轮廓
100
AcDbLine
 10
28.585863798676804
 20
-260.0050725097417
 30
0.0
 11
28.59724648330134
 21
-260.0050725097417
 31
0.0
  0
LINE
  5
F70
330
17
100
AcDbEntity
  8
可见轮廓
100
AcDbLine
 10
28.574805462660102
 20
-260.0050725097417
 30
0.0
 11
28.585863798676804
 21
-260.0050725097417
 31
0.0
  0
LINE
  5
F71
330
17
100
AcDbEntity
  8
可见轮廓
100
AcDbLine
 10
28.564078213417027
 20
-260.0050725097417
 30
0.0
 11
28.574805462660102
 21
-260.0050725097417
 31
0.0
  0
LINE
  5
F72
330
17
100
AcDbEntity
  8
可见轮廓
100
AcDbLine
 10
28.553688587372584
 20
-260.0050725097417
 30
0.0
 11
28.564078213417027
 21
-260.0050725097417
 31
0.0
  0
LINE
  5
F73
330
17
100
AcDbEntity
  8
可见轮廓
100
AcDbLine
 10
28.54364291522812
 20
-260.0050725097417
 30
0.0
 11
28.553688587372584
 21
-260.0050725097417
 31
0.0
  0
LINE
  5
F74
330
17
100
AcDbEntity
  8
可见轮廓
100
AcDbLine
 10
28.533947318103884
 20
-260.0050725097417
 30
0.0
 11
28.54364291522812
 21
-260.0050725097417
 31
0.0
  0
LINE
  5
F75
330
17
100
AcDbEntity
  8
可见轮廓
100
AcDbLine
 10
28.52460770380922
 20
-260.0050725097417
 30
0.0
 11
28.533947318103884
 21
-260.0050725097417
 31
0.0
  0
LINE
  5
F76
330
17
100
AcDbEntity
  8
可见轮廓
100
AcDbLine
 10
28.515629763242792
 20
-260.0050725097417
 30
0.0
 11
28.52460770380922
 21
-260.0050725097417
 31
0.0
  0
LINE
  5
F77
330
17
100
AcDbEntity
  8
可见轮廓
100
AcDbLine
 10
28.507018966924925
 20
-260.0050725097417
 30
0.0
 11
28.515629763242792
 21
-260.0050725097417
 31
0.0
  0
LINE
  5
F78
330
17
100
AcDbEntity
  8
可见轮廓
100
AcDbLine
 10
28.498780561664294
 20
-260.0050725097417
 30
0.0
 11
28.507018966924925
 21
-260.0050725097417
 31
0.0
  0
LINE
  5
F79
330
17
100
AcDbEntity
  8
可见轮廓
100
AcDbLine
 10
28.49091956736085
 20
-260.0050725097417
 30
0.0
 11
28.498780561664294
 21
-260.0050725097417
 31
0.0
  0
LINE
  5
F7A
330
17
100
AcDbEntity
  8
可见轮廓
100
AcDbLine
 10
28.483440773947088
 20
-260.0050725097417
 30
0.0
 11
28.49091956736085
 21
-260.0050725097417
 31
0.0
  0
LINE
  5
F7B
330
17
100
AcDbEntity
  8
可见轮廓
100
AcDbLine
 10
28.476348738469365
 20
-260.0050725097417
 30
0.0
 11
28.483440773947088
 21
-260.0050725097417
 31
0.0
  0
LINE
  5
F7C
330
17
100
AcDbEntity
  8
可见轮廓
100
AcDbLine
 10
28.469647782311196
 20
-260.0050725097417
 30
0.0
 11
28.476348738469365
 21
-260.0050725097417
 31
0.0
  0
LINE
  5
F7D
330
17
100
AcDbEntity
  8
可见轮廓
100
AcDbLine
 10
28.46334198856008
 20
-260.0050725097417
 30
0.0
 11
28.469647782311196
 21
-260.0050725097417
 31
0.0
  0
LINE
  5
F7E
330
17
100
AcDbEntity
  8
可见轮廓
100
AcDbLine
 10
28.457435199519573
 20
-260.0050725097417
 30
0.0
 11
28.46334198856008
 21
-260.0050725097417
 31
0.0
  0
LINE
  5
F7F
330
17
100
AcDbEntity
  8
可见轮廓
100
AcDbLine
 10
28.451931014368043
 20
-260.0050725097417
 30
0.0
 11
28.457435199519573
 21
-260.0050725097417
 31
0.0
  0
LINE
  5
F80
330
17
100
AcDbEntity
  8
可见轮廓
100
AcDbLine
 10
28.446832786965615
 20
-260.0050725097417
 30
0.0
 11
28.451931014368043
 21
-260.0050725097417
 31
0.0
  0
LINE
  5
F81
330
17
100
AcDbEntity
  8
可见轮廓
100
AcDbLine
 10
28.442143623810544
 20
-260.0050725097417
 30
0.0
 11
28.446832786965615
 21
-260.0050725097417
 31
0.0
  0
LINE
  5
F82
330
17
100
AcDbEntity
  8
可见轮廓
100
AcDbLine
 10
28.437866382146325
 20
-260.0050725097417
 30
0.0
 11
28.442143623810544
 21
-260.0050725097417
 31
0.0
  0
LINE
  5
F83
330
17
100
AcDbEntity
  8
可见轮廓
100
AcDbLine
 10
28.434003668220726
 20
-260.0050725097417
 30
0.0
 11
28.437866382146325
 21
-260.0050725097417
 31
0.0
  0
LINE
  5
F84
330
17
100
AcDbEntity
  8
可见轮廓
100
AcDbLine
 10
28.430557835697698
 20
-260.0050725097417
 30
0.0
 11
28.434003668220726
 21
-260.0050725097417
 31
0.0
  0
LINE
  5
F85
330
17
100
AcDbEntity
  8
可见轮廓
100
AcDbLine
 10
28.427530984223228
 20
-260.0050725097417
 30
0.0
 11
28.430557835697698
 21
-260.0050725097417
 31
0.0
  0
LINE
  5
F86
330
17
100
AcDbEntity
  8
可见轮廓
100
AcDbLine
 10
28.424924958145965
 20
-260.0050725097417
 30
0.0
 11
28.427530984223228
 21
-260.0050725097417
 31
0.0
  0
LINE
  5
F87
330
17
100
AcDbEntity
  8
可见轮廓
100
AcDbLine
 10
28.422741345393394
 20
-260.0050725097417
 30
0.0
 11
28.424924958145965
 21
-260.0050725097417
 31
0.0
  0
LINE
  5
F88
330
17
100
AcDbEntity
  8
可见轮廓
100
AcDbLine
 10
28.42098147650429
 20
-260.0050725097417
 30
0.0
 11
28.422741345393394
 21
-260.0050725097417
 31
0.0
  0
LINE
  5
F89
330
17
100
AcDbEntity
  8
可见轮廓
100
AcDbLine
 10
28.419646423817955
 20
-260.0050725097417
 30
0.0
 11
28.42098147650429
 21
-260.0050725097417
 31
0.0
  0
LINE
  5
F8A
330
17
100
AcDbEntity
  8
可见轮廓
100
AcDbLine
 10
28.41873700082082
 20
-260.0050725097417
 30
0.0
 11
28.419646423817955
 21
-260.0050725097417
 31
0.0
  0
LINE
  5
F8B
330
17
100
AcDbEntity
  8
可见轮廓
100
AcDbLine
 10
28.418253761650774
 20
-260.0050725097417
 30
0.0
 11
28.41873700082082
 21
-260.0050725097417
 31
0.0
  0
LINE
  5
F8C
330
17
100
AcDbEntity
  8
可见轮廓
100
AcDbLine
 10
28.418168286404878
 20
-260.0050725097417
 30
0.0
 11
28.418253761650774
 21
-260.0050725097417
 31
0.0
  0
LINE
  5
F8D
330
17
100
AcDbEntity
  8
可见轮廓
100
AcDbLine
 10
37.00000000000004
 20
-240.00507250974172
 30
0.0
 11
37.00000000000004
 21
-248.25507250974172
 31
0.0
  0
LINE
  5
F8E
330
17
100
AcDbEntity
  8
可见轮廓
100
AcDbLine
 10
28.418253761650774
 20
-240.00507250974172
 30
0.0
 11
28.418168286404878
 21
-240.00507250974172
 31
0.0
  0
LINE
  5
F8F
330
17
100
AcDbEntity
  8
可见轮廓
100
AcDbLine
 10
28.41873700082082
 20
-240.00507250974172
 30
0.0
 11
28.418253761650774
 21
-240.00507250974172
 31
0.0
  0
LINE
  5
F90
330
17
100
AcDbEntity
  8
可见轮廓
100
AcDbLine
 10
28.41964642381795
 20
-240.00507250974172
 30
0.0
 11
28.41873700082082
 21
-240.00507250974172
 31
0.0
  0
LINE
  5
F91
330
17
100
AcDbEntity
  8
可见轮廓
100
AcDbLine
 10
28.420981476504288
 20
-240.00507250974172
 30
0.0
 11
28.41964642381795
 21
-240.00507250974172
 31
0.0
  0
LINE
  5
F92
330
17
100
AcDbEntity
  8
可见轮廓
100
AcDbLine
 10
28.422741345393394
 20
-240.00507250974172
 30
0.0
 11
28.420981476504288
 21
-240.00507250974172
 31
0.0
  0
LINE
  5
F93
330
17
100
AcDbEntity
  8
可见轮廓
100
AcDbLine
 10
28.42492495814596
 20
-240.00507250974172
 30
0.0
 11
28.422741345393394
 21
-240.00507250974172
 31
0.0
  0
LINE
  5
F94
330
17
100
AcDbEntity
  8
可见轮廓
100
AcDbLine
 10
28.427530984223225
 20
-240.00507250974172
 30
0.0
 11
28.42492495814596
 21
-240.00507250974172
 31
0.0
  0
LINE
  5
F95
330
17
100
AcDbEntity
  8
可见轮廓
100
AcDbLine
 10
28.430557835697698
 20
-240.00507250974172
 30
0.0
 11
28.427530984223225
 21
-240.00507250974172
 31
0.0
  0
LINE
  5
F96
330
17
100
AcDbEntity
  8
可见轮廓
100
AcDbLine
 10
28.434003668220726
 20
-240.00507250974172
 30
0.0
 11
28.430557835697698
 21
-240.00507250974172
 31
0.0
  0
LINE
  5
F97
330
17
100
AcDbEntity
  8
可见轮廓
100
AcDbLine
 10
28.437866382146325
 20
-240.00507250974172
 30
0.0
 11
28.434003668220726
 21
-240.00507250974172
 31
0.0
  0
LINE
  5
F98
330
17
100
AcDbEntity
  8
可见轮廓
100
AcDbLine
 10
28.44214362381054
 20
-240.00507250974172
 30
0.0
 11
28.437866382146325
 21
-240.00507250974172
 31
0.0
  0
LINE
  5
F99
330
17
100
AcDbEntity
  8
可见轮廓
100
AcDbLine
 10
28.446832786965615
 20
-240.00507250974172
 30
0.0
 11
28.44214362381054
 21
-240.00507250974172
 31
0.0
  0
LINE
  5
F9A
330
17
100
AcDbEntity
  8
可见轮廓
100
AcDbLine
 10
28.451931014368043
 20
-240.00507250974172
 30
0.0
 11
28.446832786965615
 21
-240.00507250974172
 31
0.0
  0
LINE
  5
F9B
330
17
100
AcDbEntity
  8
可见轮廓
100
AcDbLine
 10
28.45743519951957
 20
-240.00507250974172
 30
0.0
 11
28.451931014368043
 21
-240.00507250974172
 31
0.0
  0
LINE
  5
F9C
330
17
100
AcDbEntity
  8
可见轮廓
100
AcDbLine
 10
28.463341988560078
 20
-240.00507250974172
 30
0.0
 11
28.45743519951957
 21
-240.00507250974172
 31
0.0
  0
LINE
  5
F9D
330
17
100
AcDbEntity
  8
可见轮廓
100
AcDbLine
 10
28.469647782311192
 20
-240.00507250974172
 30
0.0
 11
28.463341988560078
 21
-240.00507250974172
 31
0.0
  0
LINE
  5
F9E
330
17
100
AcDbEntity
  8
可见轮廓
100
AcDbLine
 10
28.476348738469362
 20
-240.00507250974172
 30
0.0
 11
28.469647782311192
 21
-240.00507250974172
 31
0.0
  0
LINE
  5
F9F
330
17
100
AcDbEntity
  8
可见轮廓
100
AcDbLine
 10
28.483440773947084
 20
-240.00507250974172
 30
0.0
 11
28.476348738469362
 21
-240.00507250974172
 31
0.0
  0
LINE
  5
FA0
330
17
100
AcDbEntity
  8
可见轮廓
100
AcDbLine
 10
28.490919567360848
 20
-240.00507250974172
 30
0.0
 11
28.483440773947084
 21
-240.00507250974172
 31
0.0
  0
LINE
  5
FA1
330
17
100
AcDbEntity
  8
可见轮廓
100
AcDbLine
 10
28.49878056166429
 20
-240.00507250974172
 30
0.0
 11
28.490919567360848
 21
-240.00507250974172
 31
0.0
  0
LINE
  5
FA2
330
17
100
AcDbEntity
  8
可见轮廓
100
AcDbLine
 10
28.507018966924925
 20
-240.00507250974172
 30
0.0
 11
28.49878056166429
 21
-240.00507250974172
 31
0.0
  0
LINE
  5
FA3
330
17
100
AcDbEntity
  8
可见轮廓
100
AcDbLine
 10
28.51562976324279
 20
-240.00507250974172
 30
0.0
 11
28.507018966924925
 21
-240.00507250974172
 31
0.0
  0
LINE
  5
FA4
330
17
100
AcDbEntity
  8
可见轮廓
100
AcDbLine
 10
28.524607703809217
 20
-240.00507250974172
 30
0.0
 11
28.51562976324279
 21
-240.00507250974172
 31
0.0
  0
LINE
  5
FA5
330
17
100
AcDbEntity
  8
可见轮廓
100
AcDbLine
 10
28.533947318103877
 20
-240.00507250974172
 30
0.0
 11
28.524607703809217
 21
-240.00507250974172
 31
0.0
  0
LINE
  5
FA6
330
17
100
AcDbEntity
  8
可见轮廓
100
AcDbLine
 10
28.543642915228116
 20
-240.00507250974172
 30
0.0
 11
28.533947318103877
 21
-240.00507250974172
 31
0.0
  0
LINE
  5
FA7
330
17
100
AcDbEntity
  8
可见轮廓
100
AcDbLine
 10
28.553688587372577
 20
-240.00507250974172
 30
0.0
 11
28.543642915228116
 21
-240.00507250974172
 31
0.0
  0
LINE
  5
FA8
330
17
100
AcDbEntity
  8
可见轮廓
100
AcDbLine
 10
28.564078213417027
 20
-240.00507250974172
 30
0.0
 11
28.553688587372577
 21
-240.00507250974172
 31
0.0
  0
LINE
  5
FA9
330
17
100
AcDbEntity
  8
可见轮廓
100
AcDbLine
 10
28.574805462660095
 20
-240.00507250974172
 30
0.0
 11
28.564078213417027
 21
-240.00507250974172
 31
0.0
  0
LINE
  5
FAA
330
17
100
AcDbEntity
  8
可见轮廓
100
AcDbLine
 10
28.585863798676797
 20
-240.00507250974172
 30
0.0
 11
28.574805462660095
 21
-240.00507250974172
 31
0.0
  0
LINE
  5
FAB
330
17
100
AcDbEntity
  8
可见轮廓
100
AcDbLine
 10
28.59724648330134
 20
-240.00507250974172
 30
0.0
 11
28.585863798676797
 21
-240.00507250974172
 31
0.0
  0
LINE
  5
FAC
330
17
100
AcDbEntity
  8
可见轮廓
100
AcDbLine
 10
28.608946580732876
 20
-240.00507250974172
 30
0.0
 11
28.59724648330134
 21
-240.00507250974172
 31
0.0
  0
LINE
  5
FAD
330
17
100
AcDbEntity
  8
可见轮廓
100
AcDbLine
 10
28.620956961761724
 20
-240.00507250974172
 30
0.0
 11
28.608946580732876
 21
-240.00507250974172
 31
0.0
  0
LINE
  5
FAE
330
17
100
AcDbEntity
  8
可见轮廓
100
AcDbLine
 10
28.63327030811336
 20
-240.00507250974172
 30
0.0
 11
28.620956961761724
 21
-240.00507250974172
 31
0.0
  0
LINE
  5
FAF
330
17
100
AcDbEntity
  8
可见轮廓
100
AcDbLine
 10
28.645879116907693
 20
-240.00507250974172
 30
0.0
 11
28.63327030811336
 21
-240.00507250974172
 31
0.0
  0
LINE
  5
FB0
330
17
100
AcDbEntity
  8
可见轮廓
100
AcDbLine
 10
28.65877570523076
 20
-240.00507250974172
 30
0.0
 11
28.645879116907693
 21
-240.00507250974172
 31
0.0
  0
LINE
  5
FB1
330
17
100
AcDbEntity
  8
可见轮廓
100
AcDbLine
 10
28.67195221481617
 20
-240.00507250974172
 30
0.0
 11
28.65877570523076
 21
-240.00507250974172
 31
0.0
  0
LINE
  5
FB2
330
17
100
AcDbEntity
  8
可见轮廓
100
AcDbLine
 10
28.685400616833356
 20
-240.00507250974172
 30
0.0
 11
28.67195221481617
 21
-240.00507250974172
 31
0.0
  0
LINE
  5
FB3
330
17
100
AcDbEntity
  8
可见轮廓
100
AcDbLine
 10
28.699112716779787
 20
-240.00507250974172
 30
0.0
 11
28.685400616833356
 21
-240.00507250974172
 31
0.0
  0
LINE
  5
FB4
330
17
100
AcDbEntity
  8
可见轮廓
100
AcDbLine
 10
28.71308015947411
 20
-240.00507250974172
 30
0.0
 11
28.699112716779787
 21
-240.00507250974172
 31
0.0
  0
LINE
  5
FB5
330
17
100
AcDbEntity
  8
可见轮廓
100
AcDbLine
 10
28.72729443414722
 20
-240.00507250974172
 30
0.0
 11
28.71308015947411
 21
-240.00507250974172
 31
0.0
  0
LINE
  5
FB6
330
17
100
AcDbEntity
  8
可见轮廓
100
AcDbLine
 10
28.741746879628096
 20
-240.00507250974172
 30
0.0
 11
28.72729443414722
 21
-240.00507250974172
 31
0.0
  0
LINE
  5
FB7
330
17
100
AcDbEntity
  8
可见轮廓
100
AcDbLine
 10
28.756428689621316
 20
-240.00507250974172
 30
0.0
 11
28.741746879628096
 21
-240.00507250974172
 31
0.0
  0
LINE
  5
FB8
330
17
100
AcDbEntity
  8
可见轮廓
100
AcDbLine
 10
28.771330918072998
 20
-240.00507250974172
 30
0.0
 11
28.756428689621316
 21
-240.00507250974172
 31
0.0
  0
LINE
  5
FB9
330
17
100
AcDbEntity
  8
可见轮廓
100
AcDbLine
 10
28.78644448462187
 20
-240.00507250974172
 30
0.0
 11
28.771330918072998
 21
-240.00507250974172
 31
0.0
  0
LINE
  5
FBA
330
17
100
AcDbEntity
  8
可见轮廓
100
AcDbLine
 10
28.801760180132224
 20
-240.00507250974172
 30
0.0
 11
28.78644448462187
 21
-240.00507250974172
 31
0.0
  0
LINE
  5
FBB
330
17
100
AcDbEntity
  8
可见轮廓
100
AcDbLine
 10
28.817268672305282
 20
-240.00507250974172
 30
0.0
 11
28.801760180132224
 21
-240.00507250974172
 31
0.0
  0
LINE
  5
FBC
330
17
100
AcDbEntity
  8
可见轮廓
100
AcDbLine
 10
28.83296051136566
 20
-240.00507250974172
 30
0.0
 11
28.817268672305282
 21
-240.00507250974172
 31
0.0
  0
LINE
  5
FBD
330
17
100
AcDbEntity
  8
可见轮廓
100
AcDbLine
 10
28.84882613581938
 20
-240.00507250974172
 30
0.0
 11
28.83296051136566
 21
-240.00507250974172
 31
0.0
  0
LINE
  5
FBE
330
17
100
AcDbEntity
  8
可见轮廓
100
AcDbLine
 10
28.864855878279975
 20
-240.00507250974172
 30
0.0
 11
28.84882613581938
 21
-240.00507250974172
 31
0.0
  0
LINE
  5
FBF
330
17
100
AcDbEntity
  8
可见轮廓
100
AcDbLine
 10
28.881039971359087
 20
-240.00507250974172
 30
0.0
 11
28.864855878279975
 21
-240.00507250974172
 31
0.0
  0
LINE
  5
FC0
330
17
100
AcDbEntity
  8
可见轮廓
100
AcDbLine
 10
28.89736855361805
 20
-240.00507250974172
 30
0.0
 11
28.881039971359087
 21
-240.00507250974172
 31
0.0
  0
LINE
  5
FC1
330
17
100
AcDbEntity
  8
可见轮廓
100
AcDbLine
 10
28.91383167557674
 20
-240.00507250974172
 30
0.0
 11
28.89736855361805
 21
-240.00507250974172
 31
0.0
  0
LINE
  5
FC2
330
17
100
AcDbEntity
  8
可见轮廓
100
AcDbLine
 10
28.93041930577607
 20
-240.00507250974172
 30
0.0
 11
28.91383167557674
 21
-240.00507250974172
 31
0.0
  0
LINE
  5
FC3
330
17
100
AcDbEntity
  8
可见轮廓
100
AcDbLine
 10
28.94712133689047
 20
-240.00507250974172
 30
0.0
 11
28.93041930577607
 21
-240.00507250974172
 31
0.0
  0
LINE
  5
FC4
330
17
100
AcDbEntity
  8
可见轮廓
100
AcDbLine
 10
28.963927591886545
 20
-240.00507250974172
 30
0.0
 11
28.94712133689047
 21
-240.00507250974172
 31
0.0
  0
LINE
  5
FC5
330
17
100
AcDbEntity
  8
可见轮廓
100
AcDbLine
 10
28.980827830224293
 20
-240.00507250974172
 30
0.0
 11
28.963927591886545
 21
-240.00507250974172
 31
0.0
  0
LINE
  5
FC6
330
17
100
AcDbEntity
  8
可见轮廓
100
AcDbLine
 10
28.997811754096887
 20
-240.00507250974172
 30
0.0
 11
28.980827830224293
 21
-240.00507250974172
 31
0.0
  0
LINE
  5
FC7
330
17
100
AcDbEntity
  8
可见轮廓
100
AcDbLine
 10
29.014869014705507
 20
-240.00507250974172
 30
0.0
 11
28.997811754096887
 21
-240.00507250974172
 31
0.0
  0
LINE
  5
FC8
330
17
100
AcDbEntity
  8
可见轮廓
100
AcDbLine
 10
29.0319892185651
 20
-240.00507250974172
 30
0.0
 11
29.014869014705507
 21
-240.00507250974172
 31
0.0
  0
LINE
  5
FC9
330
17
100
AcDbEntity
  8
可见轮廓
100
AcDbLine
 10
29.049161933837468
 20
-240.00507250974172
 30
0.0
 11
29.0319892185651
 21
-240.00507250974172
 31
0.0
  0
LINE
  5
FCA
330
17
100
AcDbEntity
  8
可见轮廓
100
AcDbLine
 10
29.06637669668769
 20
-240.00507250974172
 30
0.0
 11
29.049161933837468
 21
-240.00507250974172
 31
0.0
  0
LINE
  5
FCB
330
17
100
AcDbEntity
  8
可见轮廓
100
AcDbLine
 10
29.083623017660017
 20
-240.00507250974172
 30
0.0
 11
29.06637669668769
 21
-240.00507250974172
 31
0.0
  0
LINE
  5
FCC
330
17
100
AcDbEntity
  8
可见轮廓
100
AcDbLine
 10
29.10089038806943
 20
-240.00507250974172
 30
0.0
 11
29.083623017660017
 21
-240.00507250974172
 31
0.0
  0
LINE
  5
FCD
330
17
100
AcDbEntity
  8
可见轮廓
100
AcDbLine
 10
29.118168286404867
 20
-240.00507250974172
 30
0.0
 11
29.10089038806943
 21
-240.00507250974172
 31
0.0
  0
LINE
  5
FCE
330
17
100
AcDbEntity
  8
可见轮廓
100
AcDbLine
 10
35.25000000000004
 20
-240.00507250974172
 30
0.0
 11
29.118168286404867
 21
-240.00507250974172
 31
0.0
  0
LINE
  5
FCF
330
17
100
AcDbEntity
  8
可见轮廓
100
AcDbLine
 10
36.21794965301527
 20
-240.00507250974172
 30
0.0
 11
36.18667456763687
 21
-240.00507250974172
 31
0.0
  0
LINE
  5
FD0
330
17
100
AcDbEntity
  8
可见轮廓
100
AcDbLine
 10
36.24884629543169
 20
-240.00507250974172
 30
0.0
 11
36.21794965301527
 21
-240.00507250974172
 31
0.0
  0
LINE
  5
FD1
330
17
100
AcDbEntity
  8
可见轮廓
100
AcDbLine
 10
36.27934557325259
 20
-240.00507250974172
 30
0.0
 11
36.24884629543169
 21
-240.00507250974172
 31
0.0
  0
LINE
  5
FD2
330
17
100
AcDbEntity
  8
可见轮廓
100
AcDbLine
 10
36.309428808197346
 20
-240.00507250974172
 30
0.0
 11
36.27934557325259
 21
-240.00507250974172
 31
0.0
  0
LINE
  5
FD3
330
17
100
AcDbEntity
  8
可见轮廓
100
AcDbLine
 10
36.33907757677711
 20
-240.00507250974172
 30
0.0
 11
36.309428808197346
 21
-240.00507250974172
 31
0.0
  0
LINE
  5
FD4
330
17
100
AcDbEntity
  8
可见轮廓
100
AcDbLine
 10
36.36827372157769
 20
-240.00507250974172
 30
0.0
 11
36.33907757677711
 21
-240.00507250974172
 31
0.0
  0
LINE
  5
FD5
330
17
100
AcDbEntity
  8
可见轮廓
100
AcDbLine
 10
36.39699936237945
 20
-240.00507250974172
 30
0.0
 11
36.36827372157769
 21
-240.00507250974172
 31
0.0
  0
LINE
  5
FD6
330
17
100
AcDbEntity
  8
可见轮廓
100
AcDbLine
 10
36.425236907107475
 20
-240.00507250974172
 30
0.0
 11
36.39699936237945
 21
-240.00507250974172
 31
0.0
  0
LINE
  5
FD7
330
17
100
AcDbEntity
  8
可见轮廓
100
AcDbLine
 10
36.452969062605256
 20
-240.00507250974172
 30
0.0
 11
36.425236907107475
 21
-240.00507250974172
 31
0.0
  0
LINE
  5
FD8
330
17
100
AcDbEntity
  8
可见轮廓
100
AcDbLine
 10
36.48017884522531
 20
-240.00507250974172
 30
0.0
 11
36.452969062605256
 21
-240.00507250974172
 31
0.0
  0
LINE
  5
FD9
330
17
100
AcDbEntity
  8
可见轮廓
100
AcDbLine
 10
36.506849591230264
 20
-240.00507250974172
 30
0.0
 11
36.48017884522531
 21
-240.00507250974172
 31
0.0
  0
LINE
  5
FDA
330
17
100
AcDbEntity
  8
可见轮廓
100
AcDbLine
 10
36.532964966997994
 20
-240.00507250974172
 30
0.0
 11
36.506849591230264
 21
-240.00507250974172
 31
0.0
  0
LINE
  5
FDB
330
17
100
AcDbEntity
  8
可见轮廓
100
AcDbLine
 10
36.558508979024666
 20
-240.00507250974172
 30
0.0
 11
36.532964966997994
 21
-240.00507250974172
 31
0.0
  0
LINE
  5
FDC
330
17
100
AcDbEntity
  8
可见轮廓
100
AcDbLine
 10
36.58346598371935
 20
-240.00507250974172
 30
0.0
 11
36.558508979024666
 21
-240.00507250974172
 31
0.0
  0
LINE
  5
FDD
330
17
100
AcDbEntity
  8
可见轮廓
100
AcDbLine
 10
36.6078206969845
 20
-240.00507250974172
 30
0.0
 11
36.58346598371935
 21
-240.00507250974172
 31
0.0
  0
LINE
  5
FDE
330
17
100
AcDbEntity
  8
可见轮廓
100
AcDbLine
 10
36.63155820357616
 20
-240.00507250974172
 30
0.0
 11
36.6078206969845
 21
-240.00507250974172
 31
0.0
  0
LINE
  5
FDF
330
17
100
AcDbEntity
  8
可见轮廓
100
AcDbLine
 10
36.65466396623834
 20
-240.00507250974172
 30
0.0
 11
36.63155820357616
 21
-240.00507250974172
 31
0.0
  0
LINE
  5
FE0
330
17
100
AcDbEntity
  8
可见轮廓
100
AcDbLine
 10
36.67712383460582
 20
-240.00507250974172
 30
0.0
 11
36.65466396623834
 21
-240.00507250974172
 31
0.0
  0
LINE
  5
FE1
330
17
100
AcDbEntity
  8
可见轮廓
100
AcDbLine
 10
36.69892405387017
 20
-240.00507250974172
 30
0.0
 11
36.67712383460582
 21
-240.00507250974172
 31
0.0
  0
LINE
  5
FE2
330
17
100
AcDbEntity
  8
可见轮廓
100
AcDbLine
 10
36.72005127320335
 20
-240.00507250974172
 30
0.0
 11
36.69892405387017
 21
-240.00507250974172
 31
0.0
  0
LINE
  5
FE3
330
17
100
AcDbEntity
  8
可见轮廓
100
AcDbLine
 10
36.74049255393403
 20
-240.00507250974172
 30
0.0
 11
36.72005127320335
 21
-240.00507250974172
 31
0.0
  0
LINE
  5
FE4
330
17
100
AcDbEntity
  8
可见轮廓
100
AcDbLine
 10
36.76023537747142
 20
-240.00507250974172
 30
0.0
 11
36.74049255393403
 21
-240.00507250974172
 31
0.0
  0
LINE
  5
FE5
330
17
100
AcDbEntity
  8
可见轮廓
100
AcDbLine
 10
36.77926765297191
 20
-240.00507250974172
 30
0.0
 11
36.76023537747142
 21
-240.00507250974172
 31
0.0
  0
LINE
  5
FE6
330
17
100
AcDbEntity
  8
可见轮廓
100
AcDbLine
 10
36.797577724743675
 20
-240.00507250974172
 30
0.0
 11
36.77926765297191
 21
-240.00507250974172
 31
0.0
  0
LINE
  5
FE7
330
17
100
AcDbEntity
  8
可见轮廓
100
AcDbLine
 10
36.815154379384865
 20
-240.00507250974172
 30
0.0
 11
36.797577724743675
 21
-240.00507250974172
 31
0.0
  0
LINE
  5
FE8
330
17
100
AcDbEntity
  8
可见轮廓
100
AcDbLine
 10
36.831986852650815
 20
-240.00507250974172
 30
0.0
 11
36.815154379384865
 21
-240.00507250974172
 31
0.0
  0
LINE
  5
FE9
330
17
100
AcDbEntity
  8
可见轮廓
100
AcDbLine
 10
36.84806483604631
 20
-240.00507250974172
 30
0.0
 11
36.831986852650815
 21
-240.00507250974172
 31
0.0
  0
LINE
  5
FEA
330
17
100
AcDbEntity
  8
可见轮廓
100
AcDbLine
 10
36.86337848313868
 20
-240.00507250974172
 30
0.0
 11
36.84806483604631
 21
-240.00507250974172
 31
0.0
  0
LINE
  5
FEB
330
17
100
AcDbEntity
  8
可见轮廓
100
AcDbLine
 10
36.8779184155879
 20
-240.00507250974172
 30
0.0
 11
36.86337848313868
 21
-240.00507250974172
 31
0.0
  0
LINE
  5
FEC
330
17
100
AcDbEntity
  8
可见轮廓
100
AcDbLine
 10
36.89167572889004
 20
-240.00507250974172
 30
0.0
 11
36.8779184155879
 21
-240.00507250974172
 31
0.0
  0
LINE
  5
FED
330
17
100
AcDbEntity
  8
可见轮廓
100
AcDbLine
 10
36.904641997830595
 20
-240.00507250974172
 30
0.0
 11
36.89167572889004
 21
-240.00507250974172
 31
0.0
  0
LINE
  5
FEE
330
17
100
AcDbEntity
  8
可见轮廓
100
AcDbLine
 10
36.91680928164414
 20
-240.00507250974172
 30
0.0
 11
36.904641997830595
 21
-240.00507250974172
 31
0.0
  0
LINE
  5
FEF
330
17
100
AcDbEntity
  8
可见轮廓
100
AcDbLine
 10
36.92817012887748
 20
-240.00507250974172
 30
0.0
 11
36.91680928164414
 21
-240.00507250974172
 31
0.0
  0
LINE
  5
FF0
330
17
100
AcDbEntity
  8
可见轮廓
100
AcDbLine
 10
36.938717581953
 20
-240.00507250974172
 30
0.0
 11
36.92817012887748
 21
-240.00507250974172
 31
0.0
  0
LINE
  5
FF1
330
17
100
AcDbEntity
  8
可见轮廓
100
AcDbLine
 10
36.948445181429584
 20
-240.00507250974172
 30
0.0
 11
36.938717581953
 21
-240.00507250974172
 31
0.0
  0
LINE
  5
FF2
330
17
100
AcDbEntity
  8
可见轮廓
100
AcDbLine
 10
36.95734696995855
 20
-240.00507250974172
 30
0.0
 11
36.948445181429584
 21
-240.00507250974172
 31
0.0
  0
LINE
  5
FF3
330
17
100
AcDbEntity
  8
可见轮廓
100
AcDbLine
 10
36.96541749593198
 20
-240.00507250974172
 30
0.0
 11
36.95734696995855
 21
-240.00507250974172
 31
0.0
  0
LINE
  5
FF4
330
17
100
AcDbEntity
  8
可见轮廓
100
AcDbLine
 10
36.97265181682141
 20
-240.00507250974172
 30
0.0
 11
36.96541749593198
 21
-240.00507250974172
 31
0.0
  0
LINE
  5
FF5
330
17
100
AcDbEntity
  8
可见轮廓
100
AcDbLine
 10
36.97904550220469
 20
-240.00507250974172
 30
0.0
 11
36.97265181682141
 21
-240.00507250974172
 31
0.0
  0
LINE
  5
FF6
330
17
100
AcDbEntity
  8
可见轮廓
100
AcDbLine
 10
36.98459463647928
 20
-240.00507250974172
 30
0.0
 11
36.97904550220469
 21
-240.00507250974172
 31
0.0
  0
LINE
  5
FF7
330
17
100
AcDbEntity
  8
可见轮廓
100
AcDbLine
 10
36.98929582126021
 20
-240.00507250974172
 30
0.0
 11
36.98459463647928
 21
-240.00507250974172
 31
0.0
  0
LINE
  5
FF8
330
17
100
AcDbEntity
  8
可见轮廓
100
AcDbLine
 10
36.99314617746131
 20
-240.00507250974172
 30
0.0
 11
36.98929582126021
 21
-240.00507250974172
 31
0.0
  0
LINE
  5
FF9
330
17
100
AcDbEntity
  8
可见轮廓
100
AcDbLine
 10
36.99614334705845
 20
-240.00507250974172
 30
0.0
 11
36.99314617746131
 21
-240.00507250974172
 31
0.0
  0
LINE
  5
FFA
330
17
100
AcDbEntity
  8
可见轮廓
100
AcDbLine
 10
36.998285494533576
 20
-240.00507250974172
 30
0.0
 11
36.99614334705845
 21
-240.00507250974172
 31
0.0
  0
LINE
  5
FFB
330
17
100
AcDbEntity
  8
可见轮廓
100
AcDbLine
 10
36.99957130799884
 20
-240.00507250974172
 30
0.0
 11
36.998285494533576
 21
-240.00507250974172
 31
0.0
  0
LINE
  5
FFC
330
17
100
AcDbEntity
  8
可见轮廓
100
AcDbLine
 10
37.00000000000004
 20
-240.00507250974172
 30
0.0
 11
36.99957130799884
 21
-240.00507250974172
 31
0.0
  0
LINE
  5
FFD
330
17
100
AcDbEntity
  8
可见轮廓
100
AcDbLine
 10
35.25000000000004
 20
-240.00507250974172
 30
0.0
 11
35.25000000000004
 21
-260.0050725097417
 31
0.0
  0
LINE
  5
FFE
330
17
100
AcDbEntity
  8
可见轮廓
100
AcDbLine
 10
36.99957130799884
 20
-248.25507250974172
 30
0.0
 11
37.00000000000004
 21
-248.25507250974172
 31
0.0
  0
LINE
  5
FFF
330
17
100
AcDbEntity
  8
可见轮廓
100
AcDbLine
 10
36.998285494533576
 20
-248.25507250974172
 30
0.0
 11
36.99957130799884
 21
-248.25507250974172
 31
0.0
  0
LINE
  5
1000
330
17
100
AcDbEntity
  8
可见轮廓
100
AcDbLine
 10
36.99614334705845
 20
-248.25507250974172
 30
0.0
 11
36.998285494533576
 21
-248.25507250974172
 31
0.0
  0
LINE
  5
1001
330
17
100
AcDbEntity
  8
可见轮廓
100
AcDbLine
 10
36.99314617746131
 20
-248.25507250974172
 30
0.0
 11
36.99614334705845
 21
-248.25507250974172
 31
0.0
  0
LINE
  5
1002
330
17
100
AcDbEntity
  8
可见轮廓
100
AcDbLine
 10
36.98929582126021
 20
-248.25507250974172
 30
0.0
 11
36.99314617746131
 21
-248.25507250974172
 31
0.0
  0
LINE
  5
1003
330
17
100
AcDbEntity
  8
可见轮廓
100
AcDbLine
 10
36.98459463647928
 20
-248.25507250974172
 30
0.0
 11
36.98929582126021
 21
-248.25507250974172
 31
0.0
  0
LINE
  5
1004
330
17
100
AcDbEntity
  8
可见轮廓
100
AcDbLine
 10
36.97904550220469
 20
-248.25507250974172
 30
0.0
 11
36.98459463647928
 21
-248.25507250974172
 31
0.0
  0
LINE
  5
1005
330
17
100
AcDbEntity
  8
可见轮廓
100
AcDbLine
 10
36.97265181682141
 20
-248.25507250974172
 30
0.0
 11
36.97904550220469
 21
-248.25507250974172
 31
0.0
  0
LINE
  5
1006
330
17
100
AcDbEntity
  8
可见轮廓
100
AcDbLine
 10
36.96541749593198
 20
-248.25507250974172
 30
0.0
 11
36.97265181682141
 21
-248.25507250974172
 31
0.0
  0
LINE
  5
1007
330
17
100
AcDbEntity
  8
可见轮廓
100
AcDbLine
 10
36.95734696995855
 20
-248.25507250974172
 30
0.0
 11
36.96541749593198
 21
-248.25507250974172
 31
0.0
  0
LINE
  5
1008
330
17
100
AcDbEntity
  8
可见轮廓
100
AcDbLine
 10
36.948445181429584
 20
-248.25507250974172
 30
0.0
 11
36.95734696995855
 21
-248.25507250974172
 31
0.0
  0
LINE
  5
1009
330
17
100
AcDbEntity
  8
可见轮廓
100
AcDbLine
 10
36.938717581953
 20
-248.25507250974172
 30
0.0
 11
36.948445181429584
 21
-248.25507250974172
 31
0.0
  0
LINE
  5
100A
330
17
100
AcDbEntity
  8
可见轮廓
100
AcDbLine
 10
36.92817012887748
 20
-248.25507250974172
 30
0.0
 11
36.938717581953
 21
-248.25507250974172
 31
0.0
  0
LINE
  5
100B
330
17
100
AcDbEntity
  8
可见轮廓
100
AcDbLine
 10
36.91680928164414
 20
-248.25507250974172
 30
0.0
 11
36.92817012887748
 21
-248.25507250974172
 31
0.0
  0
LINE
  5
100C
330
17
100
AcDbEntity
  8
可见轮廓
100
AcDbLine
 10
36.904641997830595
 20
-248.25507250974172
 30
0.0
 11
36.91680928164414
 21
-248.25507250974172
 31
0.0
  0
LINE
  5
100D
330
17
100
AcDbEntity
  8
可见轮廓
100
AcDbLine
 10
36.89167572889004
 20
-248.25507250974172
 30
0.0
 11
36.904641997830595
 21
-248.25507250974172
 31
0.0
  0
LINE
  5
100E
330
17
100
AcDbEntity
  8
可见轮廓
100
AcDbLine
 10
36.8779184155879
 20
-248.25507250974172
 30
0.0
 11
36.89167572889004
 21
-248.25507250974172
 31
0.0
  0
LINE
  5
100F
330
17
100
AcDbEntity
  8
可见轮廓
100
AcDbLine
 10
36.86337848313868
 20
-248.25507250974172
 30
0.0
 11
36.8779184155879
 21
-248.25507250974172
 31
0.0
  0
LINE
  5
1010
330
17
100
AcDbEntity
  8
可见轮廓
100
AcDbLine
 10
36.84806483604631
 20
-248.25507250974172
 30
0.0
 11
36.86337848313868
 21
-248.25507250974172
 31
0.0
  0
LINE
  5
1011
330
17
100
AcDbEntity
  8
可见轮廓
100
AcDbLine
 10
36.831986852650815
 20
-248.25507250974172
 30
0.0
 11
36.84806483604631
 21
-248.25507250974172
 31
0.0
  0
LINE
  5
1012
330
17
100
AcDbEntity
  8
可见轮廓
100
AcDbLine
 10
36.815154379384865
 20
-248.25507250974172
 30
0.0
 11
36.831986852650815
 21
-248.25507250974172
 31
0.0
  0
LINE
  5
1013
330
17
100
AcDbEntity
  8
可见轮廓
100
AcDbLine
 10
36.797577724743675
 20
-248.25507250974172
 30
0.0
 11
36.815154379384865
 21
-248.25507250974172
 31
0.0
  0
LINE
  5
1014
330
17
100
AcDbEntity
  8
可见轮廓
100
AcDbLine
 10
36.77926765297191
 20
-248.25507250974172
 30
0.0
 11
36.797577724743675
 21
-248.25507250974172
 31
0.0
  0
LINE
  5
1015
330
17
100
AcDbEntity
  8
可见轮廓
100
AcDbLine
 10
36.76023537747142
 20
-248.25507250974172
 30
0.0
 11
36.77926765297191
 21
-248.25507250974172
 31
0.0
  0
LINE
  5
1016
330
17
100
AcDbEntity
  8
可见轮廓
100
AcDbLine
 10
36.74049255393403
 20
-248.25507250974172
 30
0.0
 11
36.76023537747142
 21
-248.25507250974172
 31
0.0
  0
LINE
  5
1017
330
17
100
AcDbEntity
  8
可见轮廓
100
AcDbLine
 10
36.72005127320335
 20
-248.25507250974172
 30
0.0
 11
36.74049255393403
 21
-248.25507250974172
 31
0.0
  0
LINE
  5
1018
330
17
100
AcDbEntity
  8
可见轮廓
100
AcDbLine
 10
36.69892405387017
 20
-248.25507250974172
 30
0.0
 11
36.72005127320335
 21
-248.25507250974172
 31
0.0
  0
LINE
  5
1019
330
17
100
AcDbEntity
  8
可见轮廓
100
AcDbLine
 10
36.67712383460582
 20
-248.25507250974172
 30
0.0
 11
36.69892405387017
 21
-248.25507250974172
 31
0.0
  0
LINE
  5
101A
330
17
100
AcDbEntity
  8
可见轮廓
100
AcDbLine
 10
36.65466396623833
 20
-248.25507250974172
 30
0.0
 11
36.67712383460582
 21
-248.25507250974172
 31
0.0
  0
LINE
  5
101B
330
17
100
AcDbEntity
  8
可见轮廓
100
AcDbLine
 10
36.63155820357616
 20
-248.25507250974172
 30
0.0
 11
36.65466396623833
 21
-248.25507250974172
 31
0.0
  0
LINE
  5
101C
330
17
100
AcDbEntity
  8
可见轮廓
100
AcDbLine
 10
36.6078206969845
 20
-248.25507250974172
 30
0.0
 11
36.63155820357616
 21
-248.25507250974172
 31
0.0
  0
LINE
  5
101D
330
17
100
AcDbEntity
  8
可见轮廓
100
AcDbLine
 10
36.58346598371934
 20
-248.25507250974172
 30
0.0
 11
36.6078206969845
 21
-248.25507250974172
 31
0.0
  0
LINE
  5
101E
330
17
100
AcDbEntity
  8
可见轮廓
100
AcDbLine
 10
36.55850897902466
 20
-248.25507250974172
 30
0.0
 11
36.58346598371934
 21
-248.25507250974172
 31
0.0
  0
LINE
  5
101F
330
17
100
AcDbEntity
  8
可见轮廓
100
AcDbLine
 10
36.532964966997994
 20
-248.25507250974172
 30
0.0
 11
36.55850897902466
 21
-248.25507250974172
 31
0.0
  0
LINE
  5
1020
330
17
100
AcDbEntity
  8
可见轮廓
100
AcDbLine
 10
36.506849591230264
 20
-248.25507250974172
 30
0.0
 11
36.532964966997994
 21
-248.25507250974172
 31
0.0
  0
LINE
  5
1021
330
17
100
AcDbEntity
  8
可见轮廓
100
AcDbLine
 10
36.48017884522531
 20
-248.25507250974172
 30
0.0
 11
36.506849591230264
 21
-248.25507250974172
 31
0.0
  0
LINE
  5
1022
330
17
100
AcDbEntity
  8
可见轮廓
100
AcDbLine
 10
36.45296906260525
 20
-248.25507250974172
 30
0.0
 11
36.48017884522531
 21
-248.25507250974172
 31
0.0
  0
LINE
  5
1023
330
17
100
AcDbEntity
  8
可见轮廓
100
AcDbLine
 10
36.42523690710747
 20
-248.25507250974172
 30
0.0
 11
36.45296906260525
 21
-248.25507250974172
 31
0.0
  0
LINE
  5
1024
330
17
100
AcDbEntity
  8
可见轮廓
100
AcDbLine
 10
36.39699936237945
 20
-248.25507250974172
 30
0.0
 11
36.42523690710747
 21
-248.25507250974172
 31
0.0
  0
LINE
  5
1025
330
17
100
AcDbEntity
  8
可见轮廓
100
AcDbLine
 10
36.36827372157768
 20
-248.25507250974172
 30
0.0
 11
36.39699936237945
 21
-248.25507250974172
 31
0.0
  0
LINE
  5
1026
330
17
100
AcDbEntity
  8
可见轮廓
100
AcDbLine
 10
36.3390775767771
 20
-248.25507250974172
 30
0.0
 11
36.36827372157768
 21
-248.25507250974172
 31
0.0
  0
LINE
  5
1027
330
17
100
AcDbEntity
  8
可见轮廓
100
AcDbLine
 10
36.30942880819734
 20
-248.25507250974172
 30
0.0
 11
36.3390775767771
 21
-248.25507250974172
 31
0.0
  0
LINE
  5
1028
330
17
100
AcDbEntity
  8
可见轮廓
100
AcDbLine
 10
36.279345573252584
 20
-248.25507250974172
 30
0.0
 11
36.30942880819734
 21
-248.25507250974172
 31
0.0
  0
LINE
  5
1029
330
17
100
AcDbEntity
  8
可见轮廓
100
AcDbLine
 10
36.248846295431676
 20
-248.25507250974172
 30
0.0
 11
36.279345573252584
 21
-248.25507250974172
 31
0.0
  0
LINE
  5
102A
330
17
100
AcDbEntity
  8
可见轮廓
100
AcDbLine
 10
36.21794965301527
 20
-248.25507250974172
 30
0.0
 11
36.248846295431676
 21
-248.25507250974172
 31
0.0
  0
LINE
  5
102B
330
17
100
AcDbEntity
  8
可见轮廓
100
AcDbLine
 10
36.18667456763684
 20
-248.25507250974172
 30
0.0
 11
36.21794965301527
 21
-248.25507250974172
 31
0.0
  0
LINE
  5
102C
330
17
100
AcDbEntity
  8
可见轮廓
100
AcDbLine
 10
35.28682548915104
 20
-240.00507250974172
 30
0.0
 11
35.25000000000004
 21
-240.00507250974172
 31
0.0
  0
LINE
  5
102D
330
17
100
AcDbEntity
  8
可见轮廓
100
AcDbLine
 10
35.50736566277866
 20
-240.00507250974172
 30
0.0
 11
35.28682548915104
 21
-240.00507250974172
 31
0.0
  0
LINE
  5
102E
330
17
100
AcDbEntity
  8
可见轮廓
100
AcDbLine
 10
35.730944925550844
 20
-240.00507250974172
 30
0.0
 11
35.50736566277866
 21
-240.00507250974172
 31
0.0
  0
LINE
  5
102F
330
17
100
AcDbEntity
  8
可见轮廓
100
AcDbLine
 10
35.95742718151813
 20
-240.00507250974172
 30
0.0
 11
35.730944925550844
 21
-240.00507250974172
 31
0.0
  0
LINE
  5
1030
330
17
100
AcDbEntity
  8
可见轮廓
100
AcDbLine
 10
36.18667456763687
 20
-240.00507250974172
 30
0.0
 11
35.95742718151813
 21
-240.00507250974172
 31
0.0
  0
LINE
  5
1031
330
17
100
AcDbEntity
  8
可见轮廓
100
AcDbLine
 10
35.95660263592218
 20
-248.25507250974172
 30
0.0
 11
36.18667456763684
 21
-248.25507250974172
 31
0.0
  0
LINE
  5
1032
330
17
100
AcDbEntity
  8
可见轮廓
100
AcDbLine
 10
35.72931638514933
 20
-248.25507250974172
 30
0.0
 11
35.95660263592218
 21
-248.25507250974172
 31
0.0
  0
LINE
  5
1033
330
17
100
AcDbEntity
  8
可见轮廓
100
AcDbLine
 10
35.50495517072277
 20
-248.25507250974172
 30
0.0
 11
35.72931638514933
 21
-248.25507250974172
 31
0.0
  0
LINE
  5
1034
330
17
100
AcDbEntity
  8
可见轮廓
100
AcDbLine
 10
35.2836565546273
 20
-248.25507250974172
 30
0.0
 11
35.50495517072277
 21
-248.25507250974172
 31
0.0
  0
LINE
  5
1035
330
17
100
AcDbEntity
  8
可见轮廓
100
AcDbLine
 10
35.25000000000004
 20
-248.25507250974172
 30
0.0
 11
35.2836565546273
 21
-248.25507250974172
 31
0.0
  0
LINE
  5
1036
330
17
100
AcDbEntity
  8
可见轮廓
100
AcDbLine
 10
2.0
 20
-251.75507250974172
 30
0.0
 11
2.0
 21
-260.0050725097417
 31
0.0
  0
LINE
  5
1037
330
17
100
AcDbEntity
  8
可见轮廓
100
AcDbLine
 10
2.0004286920012504
 20
-251.75507250974172
 30
0.0
 11
2.0
 21
-251.75507250974172
 31
0.0
  0
LINE
  5
1038
330
17
100
AcDbEntity
  8
可见轮廓
100
AcDbLine
 10
2.0017145054665164
 20
-251.75507250974172
 30
0.0
 11
2.0004286920012504
 21
-251.75507250974172
 31
0.0
  0
LINE
  5
1039
330
17
100
AcDbEntity
  8
可见轮廓
100
AcDbLine
 10
2.0038566529416393
 20
-251.75507250974172
 30
0.0
 11
2.0017145054665164
 21
-251.75507250974172
 31
0.0
  0
LINE
  5
103A
330
17
100
AcDbEntity
  8
可见轮廓
100
AcDbLine
 10
2.006853822538776
 20
-251.75507250974172
 30
0.0
 11
2.0038566529416393
 21
-251.75507250974172
 31
0.0
  0
LINE
  5
103B
330
17
100
AcDbEntity
  8
可见轮廓
100
AcDbLine
 10
2.0107041787398856
 20
-251.75507250974172
 30
0.0
 11
2.006853822538776
 21
-251.75507250974172
 31
0.0
  0
LINE
  5
103C
330
17
100
AcDbEntity
  8
可见轮廓
100
AcDbLine
 10
2.015405363520813
 20
-251.75507250974172
 30
0.0
 11
2.0107041787398856
 21
-251.75507250974172
 31
0.0
  0
LINE
  5
103D
330
17
100
AcDbEntity
  8
可见轮廓
100
AcDbLine
 10
2.020954497795401
 20
-251.75507250974172
 30
0.0
 11
2.015405363520813
 21
-251.75507250974172
 31
0.0
  0
LINE
  5
103E
330
17
100
AcDbEntity
  8
可见轮廓
100
AcDbLine
 10
2.0273481831786846
 20
-251.75507250974172
 30
0.0
 11
2.020954497795401
 21
-251.75507250974172
 31
0.0
  0
LINE
  5
103F
330
17
100
AcDbEntity
  8
可见轮廓
100
AcDbLine
 10
2.034582504068112
 20
-251.75507250974172
 30
0.0
 11
2.0273481831786846
 21
-251.75507250974172
 31
0.0
  0
LINE
  5
1040
330
17
100
AcDbEntity
  8
可见轮廓
100
AcDbLine
 10
2.0426530300415457
 20
-251.75507250974172
 30
0.0
 11
2.034582504068112
 21
-251.75507250974172
 31
0.0
  0
LINE
  5
1041
330
17
100
AcDbEntity
  8
可见轮廓
100
AcDbLine
 10
2.0515548185705086
 20
-251.75507250974172
 30
0.0
 11
2.0426530300415457
 21
-251.75507250974172
 31
0.0
  0
LINE
  5
1042
330
17
100
AcDbEntity
  8
可见轮廓
100
AcDbLine
 10
2.061282418047096
 20
-251.75507250974172
 30
0.0
 11
2.0515548185705086
 21
-251.75507250974172
 31
0.0
  0
LINE
  5
1043
330
17
100
AcDbEntity
  8
可见轮廓
100
AcDbLine
 10
2.0718298711226097
 20
-251.75507250974172
 30
0.0
 11
2.061282418047096
 21
-251.75507250974172
 31
0.0
  0
LINE
  5
1044
330
17
100
AcDbEntity
  8
可见轮廓
100
AcDbLine
 10
2.083190718355951
 20
-251.75507250974172
 30
0.0
 11
2.0718298711226097
 21
-251.75507250974172
 31
0.0
  0
LINE
  5
1045
330
17
100
AcDbEntity
  8
可见轮廓
100
AcDbLine
 10
2.095358002169501
 20
-251.75507250974172
 30
0.0
 11
2.083190718355951
 21
-251.75507250974172
 31
0.0
  0
LINE
  5
1046
330
17
100
AcDbEntity
  8
可见轮廓
100
AcDbLine
 10
2.108324271110053
 20
-251.75507250974172
 30
0.0
 11
2.095358002169501
 21
-251.75507250974172
 31
0.0
  0
LINE
  5
1047
330
17
100
AcDbEntity
  8
可见轮廓
100
AcDbLine
 10
2.1220815844121965
 20
-251.75507250974172
 30
0.0
 11
2.108324271110053
 21
-251.75507250974172
 31
0.0
  0
LINE
  5
1048
330
17
100
AcDbEntity
  8
可见轮廓
100
AcDbLine
 10
2.136621516861414
 20
-251.75507250974172
 30
0.0
 11
2.1220815844121965
 21
-251.75507250974172
 31
0.0
  0
LINE
  5
1049
330
17
100
AcDbEntity
  8
可见轮廓
100
AcDbLine
 10
2.151935163953784
 20
-251.75507250974172
 30
0.0
 11
2.136621516861414
 21
-251.75507250974172
 31
0.0
  0
LINE
  5
104A
330
17
100
AcDbEntity
  8
可见轮廓
100
AcDbLine
 10
2.1680131473492814
 20
-251.75507250974172
 30
0.0
 11
2.151935163953784
 21
-251.75507250974172
 31
0.0
  0
LINE
  5
104B
330
17
100
AcDbEntity
  8
可见轮廓
100
AcDbLine
 10
2.1848456206152314
 20
-251.75507250974172
 30
0.0
 11
2.1680131473492814
 21
-251.75507250974172
 31
0.0
  0
LINE
  5
104C
330
17
100
AcDbEntity
  8
可见轮廓
100
AcDbLine
 10
2.2024222752564135
 20
-251.75507250974172
 30
0.0
 11
2.1848456206152314
 21
-251.75507250974172
 31
0.0
  0
LINE
  5
104D
330
17
100
AcDbEntity
  8
可见轮廓
100
AcDbLine
 10
2.2207323470281857
 20
-251.75507250974172
 30
0.0
 11
2.2024222752564135
 21
-251.75507250974172
 31
0.0
  0
LINE
  5
104E
330
17
100
AcDbEntity
  8
可见轮廓
100
AcDbLine
 10
2.239764622528675
 20
-251.75507250974172
 30
0.0
 11
2.2207323470281857
 21
-251.75507250974172
 31
0.0
  0
LINE
  5
104F
330
17
100
AcDbEntity
  8
可见轮廓
100
AcDbLine
 10
2.2595074460660634
 20
-251.75507250974172
 30
0.0
 11
2.239764622528675
 21
-251.75507250974172
 31
0.0
  0
LINE
  5
1050
330
17
100
AcDbEntity
  8
可见轮廓
100
AcDbLine
 10
2.2799487267967358
 20
-251.75507250974172
 30
0.0
 11
2.2595074460660634
 21
-251.75507250974172
 31
0.0
  0
LINE
  5
1051
330
17
100
AcDbEntity
  8
可见轮廓
100
AcDbLine
 10
2.3010759461299166
 20
-251.75507250974172
 30
0.0
 11
2.2799487267967358
 21
-251.75507250974172
 31
0.0
  0
LINE
  5
1052
330
17
100
AcDbEntity
  8
可见轮廓
100
AcDbLine
 10
2.3228761653942698
 20
-251.75507250974172
 30
0.0
 11
2.3010759461299166
 21
-251.75507250974172
 31
0.0
  0
LINE
  5
1053
330
17
100
AcDbEntity
  8
可见轮廓
100
AcDbLine
 10
2.3453360337617575
 20
-251.75507250974172
 30
0.0
 11
2.3228761653942698
 21
-251.75507250974172
 31
0.0
  0
LINE
  5
1054
330
17
100
AcDbEntity
  8
可见轮廓
100
AcDbLine
 10
2.3684417964239337
 20
-251.75507250974172
 30
0.0
 11
2.3453360337617575
 21
-251.75507250974172
 31
0.0
  0
LINE
  5
1055
330
17
100
AcDbEntity
  8
可见轮廓
100
AcDbLine
 10
2.392179303015599
 20
-251.75507250974172
 30
0.0
 11
2.3684417964239337
 21
-251.75507250974172
 31
0.0
  0
LINE
  5
1056
330
17
100
AcDbEntity
  8
可见轮廓
100
AcDbLine
 10
2.416534016280753
 20
-251.75507250974172
 30
0.0
 11
2.392179303015599
 21
-251.75507250974172
 31
0.0
  0
LINE
  5
1057
330
17
100
AcDbEntity
  8
可见轮廓
100
AcDbLine
 10
2.441491020975434
 20
-251.75507250974172
 30
0.0
 11
2.416534016280753
 21
-251.75507250974172
 31
0.0
  0
LINE
  5
1058
330
17
100
AcDbEntity
  8
可见轮廓
100
AcDbLine
 10
2.467035033002098
 20
-251.75507250974172
 30
0.0
 11
2.441491020975434
 21
-251.75507250974172
 31
0.0
  0
LINE
  5
1059
330
17
100
AcDbEntity
  8
可见轮廓
100
AcDbLine
 10
2.4931504087698357
 20
-251.75507250974172
 30
0.0
 11
2.467035033002098
 21
-251.75507250974172
 31
0.0
  0
LINE
  5
105A
330
17
100
AcDbEntity
  8
可见轮廓
100
AcDbLine
 10
2.5198211547747853
 20
-251.75507250974172
 30
0.0
 11
2.4931504087698357
 21
-251.75507250974172
 31
0.0
  0
LINE
  5
105B
330
17
100
AcDbEntity
  8
可见轮廓
100
AcDbLine
 10
2.5470309373948403
 20
-251.75507250974172
 30
0.0
 11
2.5198211547747853
 21
-251.75507250974172
 31
0.0
  0
LINE
  5
105C
330
17
100
AcDbEntity
  8
可见轮廓
100
AcDbLine
 10
2.574763092892624
 20
-251.75507250974172
 30
0.0
 11
2.5470309373948403
 21
-251.75507250974172
 31
0.0
  0
LINE
  5
105D
330
17
100
AcDbEntity
  8
可见轮廓
100
AcDbLine
 10
2.603000637620653
 20
-251.75507250974172
 30
0.0
 11
2.574763092892624
 21
-251.75507250974172
 31
0.0
  0
LINE
  5
105E
330
17
100
AcDbEntity
  8
可见轮廓
100
AcDbLine
 10
2.6317262784224127
 20
-251.75507250974172
 30
0.0
 11
2.603000637620653
 21
-251.75507250974172
 31
0.0
  0
LINE
  5
105F
330
17
100
AcDbEntity
  8
可见轮廓
100
AcDbLine
 10
2.660922423222992
 20
-251.75507250974172
 30
0.0
 11
2.6317262784224127
 21
-251.75507250974172
 31
0.0
  0
LINE
  5
1060
330
17
100
AcDbEntity
  8
可见轮廓
100
AcDbLine
 10
2.690571191802757
 20
-251.75507250974172
 30
0.0
 11
2.660922423222992
 21
-251.75507250974172
 31
0.0
  0
LINE
  5
1061
330
17
100
AcDbEntity
  8
可见轮廓
100
AcDbLine
 10
2.7206544267475117
 20
-251.75507250974172
 30
0.0
 11
2.690571191802757
 21
-251.75507250974172
 31
0.0
  0
LINE
  5
1062
330
17
100
AcDbEntity
  8
可见轮廓
100
AcDbLine
 10
2.751153704568413
 20
-251.75507250974172
 30
0.0
 11
2.7206544267475117
 21
-251.75507250974172
 31
0.0
  0
LINE
  5
1063
330
17
100
AcDbEntity
  8
可见轮廓
100
AcDbLine
 10
2.782050346984832
 20
-251.75507250974172
 30
0.0
 11
2.751153704568413
 21
-251.75507250974172
 31
0.0
  0
LINE
  5
1064
330
17
100
AcDbEntity
  8
可见轮廓
100
AcDbLine
 10
2.81332543236325
 20
-251.75507250974172
 30
0.0
 11
2.782050346984832
 21
-251.75507250974172
 31
0.0
  0
LINE
  5
1065
330
17
100
AcDbEntity
  8
可见轮廓
100
AcDbLine
 10
3.043397364077979
 20
-251.75507250974172
 30
0.0
 11
2.81332543236325
 21
-251.75507250974172
 31
0.0
  0
LINE
  5
1066
330
17
100
AcDbEntity
  8
可见轮廓
100
AcDbLine
 10
3.2706836148508245
 20
-251.75507250974172
 30
0.0
 11
3.043397364077979
 21
-251.75507250974172
 31
0.0
  0
LINE
  5
1067
330
17
100
AcDbEntity
  8
可见轮廓
100
AcDbLine
 10
3.4950448292773793
 20
-251.75507250974172
 30
0.0
 11
3.2706836148508245
 21
-251.75507250974172
 31
0.0
  0
LINE
  5
1068
330
17
100
AcDbEntity
  8
可见轮廓
100
AcDbLine
 10
3.716343445372848
 20
-251.75507250974172
 30
0.0
 11
3.4950448292773793
 21
-251.75507250974172
 31
0.0
  0
LINE
  5
1069
330
17
100
AcDbEntity
  8
可见轮廓
100
AcDbLine
 10
3.7500000000000497
 20
-251.75507250974172
 30
0.0
 11
3.716343445372848
 21
-251.75507250974172
 31
0.0
  0
LINE
  5
106A
330
17
100
AcDbEntity
  8
可见轮廓
100
AcDbLine
 10
3.0425728184819363
 20
-260.0050725097417
 30
0.0
 11
2.813325432363232
 21
-260.0050725097417
 31
0.0
  0
LINE
  5
106B
330
17
100
AcDbEntity
  8
可见轮廓
100
AcDbLine
 10
3.2690550744492235
 20
-260.0050725097417
 30
0.0
 11
3.0425728184819363
 21
-260.0050725097417
 31
0.0
  0
LINE
  5
106C
330
17
100
AcDbEntity
  8
可见轮廓
100
AcDbLine
 10
3.4926343372214035
 20
-260.0050725097417
 30
0.0
 11
3.2690550744492235
 21
-260.0050725097417
 31
0.0
  0
LINE
  5
106D
330
17
100
AcDbEntity
  8
可见轮廓
100
AcDbLine
 10
3.7131745108490204
 20
-260.0050725097417
 30
0.0
 11
3.4926343372214035
 21
-260.0050725097417
 31
0.0
  0
LINE
  5
106E
330
17
100
AcDbEntity
  8
可见轮廓
100
AcDbLine
 10
3.7500000000000533
 20
-260.0050725097417
 30
0.0
 11
3.7131745108490204
 21
-260.0050725097417
 31
0.0
  0
LINE
  5
106F
330
17
100
AcDbEntity
  8
可见轮廓
100
AcDbLine
 10
2.0004286920012504
 20
-260.0050725097417
 30
0.0
 11
2.0
 21
-260.0050725097417
 31
0.0
  0
LINE
  5
1070
330
17
100
AcDbEntity
  8
可见轮廓
100
AcDbLine
 10
2.0017145054665164
 20
-260.0050725097417
 30
0.0
 11
2.0004286920012504
 21
-260.0050725097417
 31
0.0
  0
LINE
  5
1071
330
17
100
AcDbEntity
  8
可见轮廓
100
AcDbLine
 10
2.0038566529416393
 20
-260.0050725097417
 30
0.0
 11
2.0017145054665164
 21
-260.0050725097417
 31
0.0
  0
LINE
  5
1072
330
17
100
AcDbEntity
  8
可见轮廓
100
AcDbLine
 10
2.006853822538776
 20
-260.0050725097417
 30
0.0
 11
2.0038566529416393
 21
-260.0050725097417
 31
0.0
  0
LINE
  5
1073
330
17
100
AcDbEntity
  8
可见轮廓
100
AcDbLine
 10
2.0107041787398856
 20
-260.0050725097417
 30
0.0
 11
2.006853822538776
 21
-260.0050725097417
 31
0.0
  0
LINE
  5
1074
330
17
100
AcDbEntity
  8
可见轮廓
100
AcDbLine
 10
2.015405363520813
 20
-260.0050725097417
 30
0.0
 11
2.0107041787398856
 21
-260.0050725097417
 31
0.0
  0
LINE
  5
1075
330
17
100
AcDbEntity
  8
可见轮廓
100
AcDbLine
 10
2.020954497795401
 20
-260.0050725097417
 30
0.0
 11
2.015405363520813
 21
-260.0050725097417
 31
0.0
  0
LINE
  5
1076
330
17
100
AcDbEntity
  8
可见轮廓
100
AcDbLine
 10
2.0273481831786846
 20
-260.0050725097417
 30
0.0
 11
2.020954497795401
 21
-260.0050725097417
 31
0.0
  0
LINE
  5
1077
330
17
100
AcDbEntity
  8
可见轮廓
100
AcDbLine
 10
2.034582504068112
 20
-260.0050725097417
 30
0.0
 11
2.0273481831786846
 21
-260.0050725097417
 31
0.0
  0
LINE
  5
1078
330
17
100
AcDbEntity
  8
可见轮廓
100
AcDbLine
 10
2.042653030041542
 20
-260.0050725097417
 30
0.0
 11
2.034582504068112
 21
-260.0050725097417
 31
0.0
  0
LINE
  5
1079
330
17
100
AcDbEntity
  8
可见轮廓
100
AcDbLine
 10
2.0515548185705086
 20
-260.0050725097417
 30
0.0
 11
2.042653030041542
 21
-260.0050725097417
 31
0.0
  0
LINE
  5
107A
330
17
100
AcDbEntity
  8
可见轮廓
100
AcDbLine
 10
2.061282418047096
 20
-260.0050725097417
 30
0.0
 11
2.0515548185705086
 21
-260.0050725097417
 31
0.0
  0
LINE
  5
107B
330
17
100
AcDbEntity
  8
可见轮廓
100
AcDbLine
 10
2.0718298711226097
 20
-260.0050725097417
 30
0.0
 11
2.061282418047096
 21
-260.0050725097417
 31
0.0
  0
LINE
  5
107C
330
17
100
AcDbEntity
  8
可见轮廓
100
AcDbLine
 10
2.083190718355951
 20
-260.0050725097417
 30
0.0
 11
2.0718298711226097
 21
-260.0050725097417
 31
0.0
  0
LINE
  5
107D
330
17
100
AcDbEntity
  8
可见轮廓
100
AcDbLine
 10
2.095358002169501
 20
-260.0050725097417
 30
0.0
 11
2.083190718355951
 21
-260.0050725097417
 31
0.0
  0
LINE
  5
107E
330
17
100
AcDbEntity
  8
可见轮廓
100
AcDbLine
 10
2.1083242711100496
 20
-260.0050725097417
 30
0.0
 11
2.095358002169501
 21
-260.0050725097417
 31
0.0
  0
LINE
  5
107F
330
17
100
AcDbEntity
  8
可见轮廓
100
AcDbLine
 10
2.1220815844121965
 20
-260.0050725097417
 30
0.0
 11
2.1083242711100496
 21
-260.0050725097417
 31
0.0
  0
LINE
  5
1080
330
17
100
AcDbEntity
  8
可见轮廓
100
AcDbLine
 10
2.1366215168614104
 20
-260.0050725097417
 30
0.0
 11
2.1220815844121965
 21
-260.0050725097417
 31
0.0
  0
LINE
  5
1081
330
17
100
AcDbEntity
  8
可见轮廓
100
AcDbLine
 10
2.1519351639537803
 20
-260.0050725097417
 30
0.0
 11
2.1366215168614104
 21
-260.0050725097417
 31
0.0
  0
LINE
  5
1082
330
17
100
AcDbEntity
  8
可见轮廓
100
AcDbLine
 10
2.1680131473492814
 20
-260.0050725097417
 30
0.0
 11
2.1519351639537803
 21
-260.0050725097417
 31
0.0
  0
LINE
  5
1083
330
17
100
AcDbEntity
  8
可见轮廓
100
AcDbLine
 10
2.1848456206152314
 20
-260.0050725097417
 30
0.0
 11
2.1680131473492814
 21
-260.0050725097417
 31
0.0
  0
LINE
  5
1084
330
17
100
AcDbEntity
  8
可见轮廓
100
AcDbLine
 10
2.2024222752564135
 20
-260.0050725097417
 30
0.0
 11
2.1848456206152314
 21
-260.0050725097417
 31
0.0
  0
LINE
  5
1085
330
17
100
AcDbEntity
  8
可见轮廓
100
AcDbLine
 10
2.2207323470281857
 20
-260.0050725097417
 30
0.0
 11
2.2024222752564135
 21
-260.0050725097417
 31
0.0
  0
LINE
  5
1086
330
17
100
AcDbEntity
  8
可见轮廓
100
AcDbLine
 10
2.239764622528675
 20
-260.0050725097417
 30
0.0
 11
2.2207323470281857
 21
-260.0050725097417
 31
0.0
  0
LINE
  5
1087
330
17
100
AcDbEntity
  8
可见轮廓
100
AcDbLine
 10
2.2595074460660634
 20
-260.0050725097417
 30
0.0
 11
2.239764622528675
 21
-260.0050725097417
 31
0.0
  0
LINE
  5
1088
330
17
100
AcDbEntity
  8
可见轮廓
100
AcDbLine
 10
2.2799487267967358
 20
-260.0050725097417
 30
0.0
 11
2.2595074460660634
 21
-260.0050725097417
 31
0.0
  0
LINE
  5
1089
330
17
100
AcDbEntity
  8
可见轮廓
100
AcDbLine
 10
2.3010759461299166
 20
-260.0050725097417
 30
0.0
 11
2.2799487267967358
 21
-260.0050725097417
 31
0.0
  0
LINE
  5
108A
330
17
100
AcDbEntity
  8
可见轮廓
100
AcDbLine
 10
2.3228761653942698
 20
-260.0050725097417
 30
0.0
 11
2.3010759461299166
 21
-260.0050725097417
 31
0.0
  0
LINE
  5
108B
330
17
100
AcDbEntity
  8
可见轮廓
100
AcDbLine
 10
2.3453360337617575
 20
-260.0050725097417
 30
0.0
 11
2.3228761653942698
 21
-260.0050725097417
 31
0.0
  0
LINE
  5
108C
330
17
100
AcDbEntity
  8
可见轮廓
100
AcDbLine
 10
2.36844179642393
 20
-260.0050725097417
 30
0.0
 11
2.3453360337617575
 21
-260.0050725097417
 31
0.0
  0
LINE
  5
108D
330
17
100
AcDbEntity
  8
可见轮廓
100
AcDbLine
 10
2.392179303015599
 20
-260.0050725097417
 30
0.0
 11
2.36844179642393
 21
-260.0050725097417
 31
0.0
  0
LINE
  5
108E
330
17
100
AcDbEntity
  8
可见轮廓
100
AcDbLine
 10
2.4165340162807496
 20
-260.0050725097417
 30
0.0
 11
2.392179303015599
 21
-260.0050725097417
 31
0.0
  0
LINE
  5
108F
330
17
100
AcDbEntity
  8
可见轮廓
100
AcDbLine
 10
2.441491020975434
 20
-260.0050725097417
 30
0.0
 11
2.4165340162807496
 21
-260.0050725097417
 31
0.0
  0
LINE
  5
1090
330
17
100
AcDbEntity
  8
可见轮廓
100
AcDbLine
 10
2.467035033002098
 20
-260.0050725097417
 30
0.0
 11
2.441491020975434
 21
-260.0050725097417
 31
0.0
  0
LINE
  5
1091
330
17
100
AcDbEntity
  8
可见轮廓
100
AcDbLine
 10
2.493150408769832
 20
-260.0050725097417
 30
0.0
 11
2.467035033002098
 21
-260.0050725097417
 31
0.0
  0
LINE
  5
1092
330
17
100
AcDbEntity
  8
可见轮廓
100
AcDbLine
 10
2.5198211547747853
 20
-260.0050725097417
 30
0.0
 11
2.493150408769832
 21
-260.0050725097417
 31
0.0
  0
LINE
  5
1093
330
17
100
AcDbEntity
  8
可见轮廓
100
AcDbLine
 10
2.5470309373948403
 20
-260.0050725097417
 30
0.0
 11
2.5198211547747853
 21
-260.0050725097417
 31
0.0
  0
LINE
  5
1094
330
17
100
AcDbEntity
  8
可见轮廓
100
AcDbLine
 10
2.574763092892624
 20
-260.0050725097417
 30
0.0
 11
2.5470309373948403
 21
-260.0050725097417
 31
0.0
  0
LINE
  5
1095
330
17
100
AcDbEntity
  8
可见轮廓
100
AcDbLine
 10
2.603000637620653
 20
-260.0050725097417
 30
0.0
 11
2.574763092892624
 21
-260.0050725097417
 31
0.0
  0
LINE
  5
1096
330
17
100
AcDbEntity
  8
可见轮廓
100
AcDbLine
 10
2.6317262784224127
 20
-260.0050725097417
 30
0.0
 11
2.603000637620653
 21
-260.0050725097417
 31
0.0
  0
LINE
  5
1097
330
17
100
AcDbEntity
  8
可见轮廓
100
AcDbLine
 10
2.660922423222992
 20
-260.0050725097417
 30
0.0
 11
2.6317262784224127
 21
-260.0050725097417
 31
0.0
  0
LINE
  5
1098
330
17
100
AcDbEntity
  8
可见轮廓
100
AcDbLine
 10
2.6905711918027535
 20
-260.0050725097417
 30
0.0
 11
2.660922423222992
 21
-260.0050725097417
 31
0.0
  0
LINE
  5
1099
330
17
100
AcDbEntity
  8
可见轮廓
100
AcDbLine
 10
2.720654426747508
 20
-260.0050725097417
 30
0.0
 11
2.6905711918027535
 21
-260.0050725097417
 31
0.0
  0
LINE
  5
109A
330
17
100
AcDbEntity
  8
可见轮廓
100
AcDbLine
 10
2.751153704568413
 20
-260.0050725097417
 30
0.0
 11
2.720654426747508
 21
-260.0050725097417
 31
0.0
  0
LINE
  5
109B
330
17
100
AcDbEntity
  8
可见轮廓
100
AcDbLine
 10
2.7820503469848283
 20
-260.0050725097417
 30
0.0
 11
2.751153704568413
 21
-260.0050725097417
 31
0.0
  0
LINE
  5
109C
330
17
100
AcDbEntity
  8
可见轮廓
100
AcDbLine
 10
2.813325432363232
 20
-260.0050725097417
 30
0.0
 11
2.7820503469848283
 21
-260.0050725097417
 31
0.0
  0
LINE
  5
109D
330
17
100
AcDbEntity
  8
可见轮廓
100
AcDbLine
 10
2.0004286920012504
 20
-248.25507250974172
 30
0.0
 11
2.0
 21
-248.25507250974172
 31
0.0
  0
LINE
  5
109E
330
17
100
AcDbEntity
  8
可见轮廓
100
AcDbLine
 10
2.0017145054665164
 20
-248.25507250974172
 30
0.0
 11
2.0004286920012504
 21
-248.25507250974172
 31
0.0
  0
LINE
  5
109F
330
17
100
AcDbEntity
  8
可见轮廓
100
AcDbLine
 10
2.0038566529416393
 20
-248.25507250974172
 30
0.0
 11
2.0017145054665164
 21
-248.25507250974172
 31
0.0
  0
LINE
  5
10A0
330
17
100
AcDbEntity
  8
可见轮廓
100
AcDbLine
 10
2.006853822538776
 20
-248.25507250974172
 30
0.0
 11
2.0038566529416393
 21
-248.25507250974172
 31
0.0
  0
LINE
  5
10A1
330
17
100
AcDbEntity
  8
可见轮廓
100
AcDbLine
 10
2.0107041787398856
 20
-248.25507250974172
 30
0.0
 11
2.006853822538776
 21
-248.25507250974172
 31
0.0
  0
LINE
  5
10A2
330
17
100
AcDbEntity
  8
可见轮廓
100
AcDbLine
 10
2.015405363520813
 20
-248.25507250974172
 30
0.0
 11
2.0107041787398856
 21
-248.25507250974172
 31
0.0
  0
LINE
  5
10A3
330
17
100
AcDbEntity
  8
可见轮廓
100
AcDbLine
 10
2.020954497795401
 20
-248.25507250974172
 30
0.0
 11
2.015405363520813
 21
-248.25507250974172
 31
0.0
  0
LINE
  5
10A4
330
17
100
AcDbEntity
  8
可见轮廓
100
AcDbLine
 10
2.0273481831786846
 20
-248.25507250974172
 30
0.0
 11
2.020954497795401
 21
-248.25507250974172
 31
0.0
  0
LINE
  5
10A5
330
17
100
AcDbEntity
  8
可见轮廓
100
AcDbLine
 10
2.034582504068112
 20
-248.25507250974172
 30
0.0
 11
2.0273481831786846
 21
-248.25507250974172
 31
0.0
  0
LINE
  5
10A6
330
17
100
AcDbEntity
  8
可见轮廓
100
AcDbLine
 10
2.0426530300415457
 20
-248.25507250974172
 30
0.0
 11
2.034582504068112
 21
-248.25507250974172
 31
0.0
  0
LINE
  5
10A7
330
17
100
AcDbEntity
  8
可见轮廓
100
AcDbLine
 10
2.0515548185705086
 20
-248.25507250974172
 30
0.0
 11
2.0426530300415457
 21
-248.25507250974172
 31
0.0
  0
LINE
  5
10A8
330
17
100
AcDbEntity
  8
可见轮廓
100
AcDbLine
 10
2.061282418047096
 20
-248.25507250974172
 30
0.0
 11
2.0515548185705086
 21
-248.25507250974172
 31
0.0
  0
LINE
  5
10A9
330
17
100
AcDbEntity
  8
可见轮廓
100
AcDbLine
 10
2.0718298711226097
 20
-248.25507250974172
 30
0.0
 11
2.061282418047096
 21
-248.25507250974172
 31
0.0
  0
LINE
  5
10AA
330
17
100
AcDbEntity
  8
可见轮廓
100
AcDbLine
 10
2.083190718355951
 20
-248.25507250974172
 30
0.0
 11
2.0718298711226097
 21
-248.25507250974172
 31
0.0
  0
LINE
  5
10AB
330
17
100
AcDbEntity
  8
可见轮廓
100
AcDbLine
 10
2.095358002169501
 20
-248.25507250974172
 30
0.0
 11
2.083190718355951
 21
-248.25507250974172
 31
0.0
  0
LINE
  5
10AC
330
17
100
AcDbEntity
  8
可见轮廓
100
AcDbLine
 10
2.108324271110053
 20
-248.25507250974172
 30
0.0
 11
2.095358002169501
 21
-248.25507250974172
 31
0.0
  0
LINE
  5
10AD
330
17
100
AcDbEntity
  8
可见轮廓
100
AcDbLine
 10
2.1220815844121965
 20
-248.25507250974172
 30
0.0
 11
2.108324271110053
 21
-248.25507250974172
 31
0.0
  0
LINE
  5
10AE
330
17
100
AcDbEntity
  8
可见轮廓
100
AcDbLine
 10
2.136621516861414
 20
-248.25507250974172
 30
0.0
 11
2.1220815844121965
 21
-248.25507250974172
 31
0.0
  0
LINE
  5
10AF
330
17
100
AcDbEntity
  8
可见轮廓
100
AcDbLine
 10
2.151935163953784
 20
-248.25507250974172
 30
0.0
 11
2.136621516861414
 21
-248.25507250974172
 31
0.0
  0
LINE
  5
10B0
330
17
100
AcDbEntity
  8
可见轮廓
100
AcDbLine
 10
2.1680131473492814
 20
-248.25507250974172
 30
0.0
 11
2.151935163953784
 21
-248.25507250974172
 31
0.0
  0
LINE
  5
10B1
330
17
100
AcDbEntity
  8
可见轮廓
100
AcDbLine
 10
2.1848456206152314
 20
-248.25507250974172
 30
0.0
 11
2.1680131473492814
 21
-248.25507250974172
 31
0.0
  0
LINE
  5
10B2
330
17
100
AcDbEntity
  8
可见轮廓
100
AcDbLine
 10
2.2024222752564135
 20
-248.25507250974172
 30
0.0
 11
2.1848456206152314
 21
-248.25507250974172
 31
0.0
  0
LINE
  5
10B3
330
17
100
AcDbEntity
  8
可见轮廓
100
AcDbLine
 10
2.2207323470281857
 20
-248.25507250974172
 30
0.0
 11
2.2024222752564135
 21
-248.25507250974172
 31
0.0
  0
LINE
  5
10B4
330
17
100
AcDbEntity
  8
可见轮廓
100
AcDbLine
 10
2.239764622528675
 20
-248.25507250974172
 30
0.0
 11
2.2207323470281857
 21
-248.25507250974172
 31
0.0
  0
LINE
  5
10B5
330
17
100
AcDbEntity
  8
可见轮廓
100
AcDbLine
 10
2.2595074460660634
 20
-248.25507250974172
 30
0.0
 11
2.239764622528675
 21
-248.25507250974172
 31
0.0
  0
LINE
  5
10B6
330
17
100
AcDbEntity
  8
可见轮廓
100
AcDbLine
 10
2.2799487267967358
 20
-248.25507250974172
 30
0.0
 11
2.2595074460660634
 21
-248.25507250974172
 31
0.0
  0
LINE
  5
10B7
330
17
100
AcDbEntity
  8
可见轮廓
100
AcDbLine
 10
2.3010759461299166
 20
-248.25507250974172
 30
0.0
 11
2.2799487267967358
 21
-248.25507250974172
 31
0.0
  0
LINE
  5
10B8
330
17
100
AcDbEntity
  8
可见轮廓
100
AcDbLine
 10
2.3228761653942698
 20
-248.25507250974172
 30
0.0
 11
2.3010759461299166
 21
-248.25507250974172
 31
0.0
  0
LINE
  5
10B9
330
17
100
AcDbEntity
  8
可见轮廓
100
AcDbLine
 10
2.3453360337617575
 20
-248.25507250974172
 30
0.0
 11
2.3228761653942698
 21
-248.25507250974172
 31
0.0
  0
LINE
  5
10BA
330
17
100
AcDbEntity
  8
可见轮廓
100
AcDbLine
 10
2.3684417964239337
 20
-248.25507250974172
 30
0.0
 11
2.3453360337617575
 21
-248.25507250974172
 31
0.0
  0
LINE
  5
10BB
330
17
100
AcDbEntity
  8
可见轮廓
100
AcDbLine
 10
2.392179303015599
 20
-248.25507250974172
 30
0.0
 11
2.3684417964239337
 21
-248.25507250974172
 31
0.0
  0
LINE
  5
10BC
330
17
100
AcDbEntity
  8
可见轮廓
100
AcDbLine
 10
2.416534016280753
 20
-248.25507250974172
 30
0.0
 11
2.392179303015599
 21
-248.25507250974172
 31
0.0
  0
LINE
  5
10BD
330
17
100
AcDbEntity
  8
可见轮廓
100
AcDbLine
 10
2.441491020975434
 20
-248.25507250974172
 30
0.0
 11
2.416534016280753
 21
-248.25507250974172
 31
0.0
  0
LINE
  5
10BE
330
17
100
AcDbEntity
  8
可见轮廓
100
AcDbLine
 10
2.467035033002098
 20
-248.25507250974172
 30
0.0
 11
2.441491020975434
 21
-248.25507250974172
 31
0.0
  0
LINE
  5
10BF
330
17
100
AcDbEntity
  8
可见轮廓
100
AcDbLine
 10
2.4931504087698357
 20
-248.25507250974172
 30
0.0
 11
2.467035033002098
 21
-248.25507250974172
 31
0.0
  0
LINE
  5
10C0
330
17
100
AcDbEntity
  8
可见轮廓
100
AcDbLine
 10
2.5198211547747853
 20
-248.25507250974172
 30
0.0
 11
2.4931504087698357
 21
-248.25507250974172
 31
0.0
  0
LINE
  5
10C1
330
17
100
AcDbEntity
  8
可见轮廓
100
AcDbLine
 10
2.5470309373948403
 20
-248.25507250974172
 30
0.0
 11
2.5198211547747853
 21
-248.25507250974172
 31
0.0
  0
LINE
  5
10C2
330
17
100
AcDbEntity
  8
可见轮廓
100
AcDbLine
 10
2.574763092892624
 20
-248.25507250974172
 30
0.0
 11
2.5470309373948403
 21
-248.25507250974172
 31
0.0
  0
LINE
  5
10C3
330
17
100
AcDbEntity
  8
可见轮廓
100
AcDbLine
 10
2.603000637620653
 20
-248.25507250974172
 30
0.0
 11
2.574763092892624
 21
-248.25507250974172
 31
0.0
  0
LINE
  5
10C4
330
17
100
AcDbEntity
  8
可见轮廓
100
AcDbLine
 10
2.6317262784224127
 20
-248.25507250974172
 30
0.0
 11
2.603000637620653
 21
-248.25507250974172
 31
0.0
  0
LINE
  5
10C5
330
17
100
AcDbEntity
  8
可见轮廓
100
AcDbLine
 10
2.660922423222992
 20
-248.25507250974172
 30
0.0
 11
2.6317262784224127
 21
-248.25507250974172
 31
0.0
  0
LINE
  5
10C6
330
17
100
AcDbEntity
  8
可见轮廓
100
AcDbLine
 10
2.690571191802757
 20
-248.25507250974172
 30
0.0
 11
2.660922423222992
 21
-248.25507250974172
 31
0.0
  0
LINE
  5
10C7
330
17
100
AcDbEntity
  8
可见轮廓
100
AcDbLine
 10
2.7206544267475117
 20
-248.25507250974172
 30
0.0
 11
2.690571191802757
 21
-248.25507250974172
 31
0.0
  0
LINE
  5
10C8
330
17
100
AcDbEntity
  8
可见轮廓
100
AcDbLine
 10
2.751153704568413
 20
-248.25507250974172
 30
0.0
 11
2.7206544267475117
 21
-248.25507250974172
 31
0.0
  0
LINE
  5
10C9
330
17
100
AcDbEntity
  8
可见轮廓
100
AcDbLine
 10
2.782050346984832
 20
-248.25507250974172
 30
0.0
 11
2.751153704568413
 21
-248.25507250974172
 31
0.0
  0
LINE
  5
10CA
330
17
100
AcDbEntity
  8
可见轮廓
100
AcDbLine
 10
2.81332543236325
 20
-248.25507250974172
 30
0.0
 11
2.782050346984832
 21
-248.25507250974172
 31
0.0
  0
LINE
  5
10CB
330
17
100
AcDbEntity
  8
可见轮廓
100
AcDbLine
 10
2.0
 20
-240.00507250974172
 30
0.0
 11
2.0
 21
-248.25507250974172
 31
0.0
  0
LINE
  5
10CC
330
17
100
AcDbEntity
  8
可见轮廓
100
AcDbLine
 10
3.043397364077979
 20
-248.25507250974172
 30
0.0
 11
2.81332543236325
 21
-248.25507250974172
 31
0.0
  0
LINE
  5
10CD
330
17
100
AcDbEntity
  8
可见轮廓
100
AcDbLine
 10
3.2706836148508245
 20
-248.25507250974172
 30
0.0
 11
3.043397364077979
 21
-248.25507250974172
 31
0.0
  0
LINE
  5
10CE
330
17
100
AcDbEntity
  8
可见轮廓
100
AcDbLine
 10
3.4950448292773793
 20
-248.25507250974172
 30
0.0
 11
3.2706836148508245
 21
-248.25507250974172
 31
0.0
  0
LINE
  5
10CF
330
17
100
AcDbEntity
  8
可见轮廓
100
AcDbLine
 10
3.716343445372848
 20
-248.25507250974172
 30
0.0
 11
3.4950448292773793
 21
-248.25507250974172
 31
0.0
  0
LINE
  5
10D0
330
17
100
AcDbEntity
  8
可见轮廓
100
AcDbLine
 10
3.7500000000000497
 20
-248.25507250974172
 30
0.0
 11
3.716343445372848
 21
-248.25507250974172
 31
0.0
  0
LINE
  5
10D1
330
17
100
AcDbEntity
  8
可见轮廓
100
AcDbLine
 10
9.881831713595188
 20
-260.0050725097417
 30
0.0
 11
3.7500000000000497
 21
-260.0050725097417
 31
0.0
  0
LINE
  5
10D2
330
17
100
AcDbEntity
  8
可见轮廓
100
AcDbLine
 10
3.7500000000000497
 20
-240.00507250974172
 30
0.0
 11
3.7500000000000497
 21
-260.0050725097417
 31
0.0
  0
LINE
  5
10D3
330
17
100
AcDbEntity
  8
可见轮廓
100
AcDbLine
 10
10.58174623834928
 20
-260.0050725097417
 30
0.0
 11
10.581831713595179
 21
-260.0050725097417
 31
0.0
  0
LINE
  5
10D4
330
17
100
AcDbEntity
  8
可见轮廓
100
AcDbLine
 10
10.581262999179238
 20
-260.0050725097417
 30
0.0
 11
10.58174623834928
 21
-260.0050725097417
 31
0.0
  0
LINE
  5
10D5
330
17
100
AcDbEntity
  8
可见轮廓
100
AcDbLine
 10
10.580353576182105
 20
-260.0050725097417
 30
0.0
 11
10.581262999179238
 21
-260.0050725097417
 31
0.0
  0
LINE
  5
10D6
330
17
100
AcDbEntity
  8
可见轮廓
100
AcDbLine
 10
10.579018523495769
 20
-260.0050725097417
 30
0.0
 11
10.580353576182105
 21
-260.0050725097417
 31
0.0
  0
LINE
  5
10D7
330
17
100
AcDbEntity
  8
可见轮廓
100
AcDbLine
 10
10.577258654606666
 20
-260.0050725097417
 30
0.0
 11
10.579018523495769
 21
-260.0050725097417
 31
0.0
  0
LINE
  5
10D8
330
17
100
AcDbEntity
  8
可见轮廓
100
AcDbLine
 10
10.575075041854099
 20
-260.0050725097417
 30
0.0
 11
10.577258654606666
 21
-260.0050725097417
 31
0.0
  0
LINE
  5
10D9
330
17
100
AcDbEntity
  8
可见轮廓
100
AcDbLine
 10
10.572469015776836
 20
-260.0050725097417
 30
0.0
 11
10.575075041854099
 21
-260.0050725097417
 31
0.0
  0
LINE
  5
10DA
330
17
100
AcDbEntity
  8
可见轮廓
100
AcDbLine
 10
10.569442164302366
 20
-260.0050725097417
 30
0.0
 11
10.572469015776836
 21
-260.0050725097417
 31
0.0
  0
LINE
  5
10DB
330
17
100
AcDbEntity
  8
可见轮廓
100
AcDbLine
 10
10.565996331779338
 20
-260.0050725097417
 30
0.0
 11
10.569442164302366
 21
-260.0050725097417
 31
0.0
  0
LINE
  5
10DC
330
17
100
AcDbEntity
  8
可见轮廓
100
AcDbLine
 10
10.562133617853739
 20
-260.0050725097417
 30
0.0
 11
10.565996331779338
 21
-260.0050725097417
 31
0.0
  0
LINE
  5
10DD
330
17
100
AcDbEntity
  8
可见轮廓
100
AcDbLine
 10
10.557856376189523
 20
-260.0050725097417
 30
0.0
 11
10.562133617853739
 21
-260.0050725097417
 31
0.0
  0
LINE
  5
10DE
330
17
100
AcDbEntity
  8
可见轮廓
100
AcDbLine
 10
10.553167213034447
 20
-260.0050725097417
 30
0.0
 11
10.557856376189523
 21
-260.0050725097417
 31
0.0
  0
LINE
  5
10DF
330
17
100
AcDbEntity
  8
可见轮廓
100
AcDbLine
 10
10.548068985632021
 20
-260.0050725097417
 30
0.0
 11
10.553167213034447
 21
-260.0050725097417
 31
0.0
  0
LINE
  5
10E0
330
17
100
AcDbEntity
  8
可见轮廓
100
AcDbLine
 10
10.542564800480497
 20
-260.0050725097417
 30
0.0
 11
10.548068985632021
 21
-260.0050725097417
 31
0.0
  0
LINE
  5
10E1
330
17
100
AcDbEntity
  8
可见轮廓
100
AcDbLine
 10
10.536658011439988
 20
-260.0050725097417
 30
0.0
 11
10.542564800480497
 21
-260.0050725097417
 31
0.0
  0
LINE
  5
10E2
330
17
100
AcDbEntity
  8
可见轮廓
100
AcDbLine
 10
10.530352217688872
 20
-260.0050725097417
 30
0.0
 11
10.536658011439988
 21
-260.0050725097417
 31
0.0
  0
LINE
  5
10E3
330
17
100
AcDbEntity
  8
可见轮廓
100
AcDbLine
 10
10.523651261530704
 20
-260.0050725097417
 30
0.0
 11
10.530352217688872
 21
-260.0050725097417
 31
0.0
  0
LINE
  5
10E4
330
17
100
AcDbEntity
  8
可见轮廓
100
AcDbLine
 10
10.516559226052983
 20
-260.0050725097417
 30
0.0
 11
10.523651261530704
 21
-260.0050725097417
 31
0.0
  0
LINE
  5
10E5
330
17
100
AcDbEntity
  8
可见轮廓
100
AcDbLine
 10
10.509080432639218
 20
-260.0050725097417
 30
0.0
 11
10.516559226052983
 21
-260.0050725097417
 31
0.0
  0
LINE
  5
10E6
330
17
100
AcDbEntity
  8
可见轮廓
100
AcDbLine
 10
10.501219438335776
 20
-260.0050725097417
 30
0.0
 11
10.509080432639218
 21
-260.0050725097417
 31
0.0
  0
LINE
  5
10E7
330
17
100
AcDbEntity
  8
可见轮廓
100
AcDbLine
 10
10.492981033075143
 20
-260.0050725097417
 30
0.0
 11
10.501219438335776
 21
-260.0050725097417
 31
0.0
  0
LINE
  5
10E8
330
17
100
AcDbEntity
  8
可见轮廓
100
AcDbLine
 10
10.484370236757279
 20
-260.0050725097417
 30
0.0
 11
10.492981033075143
 21
-260.0050725097417
 31
0.0
  0
LINE
  5
10E9
330
17
100
AcDbEntity
  8
可见轮廓
100
AcDbLine
 10
10.47539229619085
 20
-260.0050725097417
 30
0.0
 11
10.484370236757279
 21
-260.0050725097417
 31
0.0
  0
LINE
  5
10EA
330
17
100
AcDbEntity
  8
可见轮廓
100
AcDbLine
 10
10.466052681896189
 20
-260.0050725097417
 30
0.0
 11
10.47539229619085
 21
-260.0050725097417
 31
0.0
  0
LINE
  5
10EB
330
17
100
AcDbEntity
  8
可见轮廓
100
AcDbLine
 10
10.456357084771952
 20
-260.0050725097417
 30
0.0
 11
10.466052681896189
 21
-260.0050725097417
 31
0.0
  0
LINE
  5
10EC
330
17
100
AcDbEntity
  8
可见轮廓
100
AcDbLine
 10
10.446311412627491
 20
-260.0050725097417
 30
0.0
 11
10.456357084771952
 21
-260.0050725097417
 31
0.0
  0
LINE
  5
10ED
330
17
100
AcDbEntity
  8
可见轮廓
100
AcDbLine
 10
10.435921786583044
 20
-260.0050725097417
 30
0.0
 11
10.446311412627491
 21
-260.0050725097417
 31
0.0
  0
LINE
  5
10EE
330
17
100
AcDbEntity
  8
可见轮廓
100
AcDbLine
 10
10.425194537339973
 20
-260.0050725097417
 30
0.0
 11
10.435921786583044
 21
-260.0050725097417
 31
0.0
  0
LINE
  5
10EF
330
17
100
AcDbEntity
  8
可见轮廓
100
AcDbLine
 10
10.414136201323268
 20
-260.0050725097417
 30
0.0
 11
10.425194537339973
 21
-260.0050725097417
 31
0.0
  0
LINE
  5
10F0
330
17
100
AcDbEntity
  8
可见轮廓
100
AcDbLine
 10
10.402753516698729
 20
-260.0050725097417
 30
0.0
 11
10.414136201323268
 21
-260.0050725097417
 31
0.0
  0
LINE
  5
10F1
330
17
100
AcDbEntity
  8
可见轮廓
100
AcDbLine
 10
10.391053419267191
 20
-260.0050725097417
 30
0.0
 11
10.402753516698729
 21
-260.0050725097417
 31
0.0
  0
LINE
  5
10F2
330
17
100
AcDbEntity
  8
可见轮廓
100
AcDbLine
 10
10.379043038238345
 20
-260.0050725097417
 30
0.0
 11
10.391053419267191
 21
-260.0050725097417
 31
0.0
  0
LINE
  5
10F3
330
17
100
AcDbEntity
  8
可见轮廓
100
AcDbLine
 10
10.366729691886707
 20
-260.0050725097417
 30
0.0
 11
10.379043038238345
 21
-260.0050725097417
 31
0.0
  0
LINE
  5
10F4
330
17
100
AcDbEntity
  8
可见轮廓
100
AcDbLine
 10
10.354120883092374
 20
-260.0050725097417
 30
0.0
 11
10.366729691886707
 21
-260.0050725097417
 31
0.0
  0
LINE
  5
10F5
330
17
100
AcDbEntity
  8
可见轮廓
100
AcDbLine
 10
10.341224294769306
 20
-260.0050725097417
 30
0.0
 11
10.354120883092374
 21
-260.0050725097417
 31
0.0
  0
LINE
  5
10F6
330
17
100
AcDbEntity
  8
可见轮廓
100
AcDbLine
 10
10.328047785183898
 20
-260.0050725097417
 30
0.0
 11
10.341224294769306
 21
-260.0050725097417
 31
0.0
  0
LINE
  5
10F7
330
17
100
AcDbEntity
  8
可见轮廓
100
AcDbLine
 10
10.314599383166714
 20
-260.0050725097417
 30
0.0
 11
10.328047785183898
 21
-260.0050725097417
 31
0.0
  0
LINE
  5
10F8
330
17
100
AcDbEntity
  8
可见轮廓
100
AcDbLine
 10
10.300887283220282
 20
-260.0050725097417
 30
0.0
 11
10.314599383166714
 21
-260.0050725097417
 31
0.0
  0
LINE
  5
10F9
330
17
100
AcDbEntity
  8
可见轮廓
100
AcDbLine
 10
10.286919840525956
 20
-260.0050725097417
 30
0.0
 11
10.300887283220282
 21
-260.0050725097417
 31
0.0
  0
LINE
  5
10FA
330
17
100
AcDbEntity
  8
可见轮廓
100
AcDbLine
 10
10.272705565852847
 20
-260.0050725097417
 30
0.0
 11
10.286919840525956
 21
-260.0050725097417
 31
0.0
  0
LINE
  5
10FB
330
17
100
AcDbEntity
  8
可见轮廓
100
AcDbLine
 10
10.258253120371972
 20
-260.0050725097417
 30
0.0
 11
10.272705565852847
 21
-260.0050725097417
 31
0.0
  0
LINE
  5
10FC
330
17
100
AcDbEntity
  8
可见轮廓
100
AcDbLine
 10
10.243571310378751
 20
-260.0050725097417
 30
0.0
 11
10.258253120371972
 21
-260.0050725097417
 31
0.0
  0
LINE
  5
10FD
330
17
100
AcDbEntity
  8
可见轮廓
100
AcDbLine
 10
10.22866908192707
 20
-260.0050725097417
 30
0.0
 11
10.243571310378751
 21
-260.0050725097417
 31
0.0
  0
LINE
  5
10FE
330
17
100
AcDbEntity
  8
可见轮廓
100
AcDbLine
 10
10.213555515378195
 20
-260.0050725097417
 30
0.0
 11
10.22866908192707
 21
-260.0050725097417
 31
0.0
  0
LINE
  5
10FF
330
17
100
AcDbEntity
  8
可见轮廓
100
AcDbLine
 10
10.198239819867844
 20
-260.0050725097417
 30
0.0
 11
10.213555515378195
 21
-260.0050725097417
 31
0.0
  0
LINE
  5
1100
330
17
100
AcDbEntity
  8
可见轮廓
100
AcDbLine
 10
10.182731327694786
 20
-260.0050725097417
 30
0.0
 11
10.198239819867844
 21
-260.0050725097417
 31
0.0
  0
LINE
  5
1101
330
17
100
AcDbEntity
  8
可见轮廓
100
AcDbLine
 10
10.167039488634407
 20
-260.0050725097417
 30
0.0
 11
10.182731327694786
 21
-260.0050725097417
 31
0.0
  0
LINE
  5
1102
330
17
100
AcDbEntity
  8
可见轮廓
100
AcDbLine
 10
10.151173864180684
 20
-260.0050725097417
 30
0.0
 11
10.167039488634407
 21
-260.0050725097417
 31
0.0
  0
LINE
  5
1103
330
17
100
AcDbEntity
  8
可见轮廓
100
AcDbLine
 10
10.135144121720092
 20
-260.0050725097417
 30
0.0
 11
10.151173864180684
 21
-260.0050725097417
 31
0.0
  0
LINE
  5
1104
330
17
100
AcDbEntity
  8
可见轮廓
100
AcDbLine
 10
10.118960028640979
 20
-260.0050725097417
 30
0.0
 11
10.135144121720092
 21
-260.0050725097417
 31
0.0
  0
LINE
  5
1105
330
17
100
AcDbEntity
  8
可见轮廓
100
AcDbLine
 10
10.102631446382011
 20
-260.0050725097417
 30
0.0
 11
10.118960028640979
 21
-260.0050725097417
 31
0.0
  0
LINE
  5
1106
330
17
100
AcDbEntity
  8
可见轮廓
100
AcDbLine
 10
10.086168324423323
 20
-260.0050725097417
 30
0.0
 11
10.102631446382011
 21
-260.0050725097417
 31
0.0
  0
LINE
  5
1107
330
17
100
AcDbEntity
  8
可见轮廓
100
AcDbLine
 10
10.069580694223992
 20
-260.0050725097417
 30
0.0
 11
10.086168324423323
 21
-260.0050725097417
 31
0.0
  0
LINE
  5
1108
330
17
100
AcDbEntity
  8
可见轮廓
100
AcDbLine
 10
10.052878663109597
 20
-260.0050725097417
 30
0.0
 11
10.069580694223992
 21
-260.0050725097417
 31
0.0
  0
LINE
  5
1109
330
17
100
AcDbEntity
  8
可见轮廓
100
AcDbLine
 10
10.036072408113515
 20
-260.0050725097417
 30
0.0
 11
10.052878663109597
 21
-260.0050725097417
 31
0.0
  0
LINE
  5
110A
330
17
100
AcDbEntity
  8
可见轮廓
100
AcDbLine
 10
10.019172169775771
 20
-260.0050725097417
 30
0.0
 11
10.036072408113515
 21
-260.0050725097417
 31
0.0
  0
LINE
  5
110B
330
17
100
AcDbEntity
  8
可见轮廓
100
AcDbLine
 10
10.002188245903172
 20
-260.0050725097417
 30
0.0
 11
10.019172169775771
 21
-260.0050725097417
 31
0.0
  0
LINE
  5
110C
330
17
100
AcDbEntity
  8
可见轮廓
100
AcDbLine
 10
9.985130985294555
 20
-260.0050725097417
 30
0.0
 11
10.002188245903172
 21
-260.0050725097417
 31
0.0
  0
LINE
  5
110D
330
17
100
AcDbEntity
  8
可见轮廓
100
AcDbLine
 10
9.96801078143496
 20
-260.0050725097417
 30
0.0
 11
9.985130985294555
 21
-260.0050725097417
 31
0.0
  0
LINE
  5
110E
330
17
100
AcDbEntity
  8
可见轮廓
100
AcDbLine
 10
9.950838066162591
 20
-260.0050725097417
 30
0.0
 11
9.96801078143496
 21
-260.0050725097417
 31
0.0
  0
LINE
  5
110F
330
17
100
AcDbEntity
  8
可见轮廓
100
AcDbLine
 10
9.933623303312372
 20
-260.0050725097417
 30
0.0
 11
9.950838066162591
 21
-260.0050725097417
 31
0.0
  0
LINE
  5
1110
330
17
100
AcDbEntity
  8
可见轮廓
100
AcDbLine
 10
9.916376982340044
 20
-260.0050725097417
 30
0.0
 11
9.933623303312372
 21
-260.0050725097417
 31
0.0
  0
LINE
  5
1111
330
17
100
AcDbEntity
  8
可见轮廓
100
AcDbLine
 10
9.89910961193063
 20
-260.0050725097417
 30
0.0
 11
9.916376982340044
 21
-260.0050725097417
 31
0.0
  0
LINE
  5
1112
330
17
100
AcDbEntity
  8
可见轮廓
100
AcDbLine
 10
9.881831713595188
 20
-260.0050725097417
 30
0.0
 11
9.89910961193063
 21
-260.0050725097417
 31
0.0
  0
LINE
  5
1113
330
17
100
AcDbEntity
  8
可见轮廓
100
AcDbLine
 10
2.7820503469848354
 20
-240.00507250974172
 30
0.0
 11
2.813325432363232
 21
-240.00507250974172
 31
0.0
  0
LINE
  5
1114
330
17
100
AcDbEntity
  8
可见轮廓
100
AcDbLine
 10
2.75115370456842
 20
-240.00507250974172
 30
0.0
 11
2.7820503469848354
 21
-240.00507250974172
 31
0.0
  0
LINE
  5
1115
330
17
100
AcDbEntity
  8
可见轮廓
100
AcDbLine
 10
2.7206544267475152
 20
-240.00507250974172
 30
0.0
 11
2.75115370456842
 21
-240.00507250974172
 31
0.0
  0
LINE
  5
1116
330
17
100
AcDbEntity
  8
可见轮廓
100
AcDbLine
 10
2.6905711918027606
 20
-240.00507250974172
 30
0.0
 11
2.7206544267475152
 21
-240.00507250974172
 31
0.0
  0
LINE
  5
1117
330
17
100
AcDbEntity
  8
可见轮廓
100
AcDbLine
 10
2.6609224232229955
 20
-240.00507250974172
 30
0.0
 11
2.6905711918027606
 21
-240.00507250974172
 31
0.0
  0
LINE
  5
1118
330
17
100
AcDbEntity
  8
可见轮廓
100
AcDbLine
 10
2.63172627842242
 20
-240.00507250974172
 30
0.0
 11
2.6609224232229955
 21
-240.00507250974172
 31
0.0
  0
LINE
  5
1119
330
17
100
AcDbEntity
  8
可见轮廓
100
AcDbLine
 10
2.6030006376206565
 20
-240.00507250974172
 30
0.0
 11
2.63172627842242
 21
-240.00507250974172
 31
0.0
  0
LINE
  5
111A
330
17
100
AcDbEntity
  8
可见轮廓
100
AcDbLine
 10
2.5747630928926277
 20
-240.00507250974172
 30
0.0
 11
2.6030006376206565
 21
-240.00507250974172
 31
0.0
  0
LINE
  5
111B
330
17
100
AcDbEntity
  8
可见轮廓
100
AcDbLine
 10
2.547030937394844
 20
-240.00507250974172
 30
0.0
 11
2.5747630928926277
 21
-240.00507250974172
 31
0.0
  0
LINE
  5
111C
330
17
100
AcDbEntity
  8
可见轮廓
100
AcDbLine
 10
2.519821154774789
 20
-240.00507250974172
 30
0.0
 11
2.547030937394844
 21
-240.00507250974172
 31
0.0
  0
LINE
  5
111D
330
17
100
AcDbEntity
  8
可见轮廓
100
AcDbLine
 10
2.4931504087698357
 20
-240.00507250974172
 30
0.0
 11
2.519821154774789
 21
-240.00507250974172
 31
0.0
  0
LINE
  5
111E
330
17
100
AcDbEntity
  8
可见轮廓
100
AcDbLine
 10
2.4670350330021016
 20
-240.00507250974172
 30
0.0
 11
2.4931504087698357
 21
-240.00507250974172
 31
0.0
  0
LINE
  5
111F
330
17
100
AcDbEntity
  8
可见轮廓
100
AcDbLine
 10
2.4414910209754375
 20
-240.00507250974172
 30
0.0
 11
2.4670350330021016
 21
-240.00507250974172
 31
0.0
  0
LINE
  5
1120
330
17
100
AcDbEntity
  8
可见轮廓
100
AcDbLine
 10
2.416534016280753
 20
-240.00507250974172
 30
0.0
 11
2.4414910209754375
 21
-240.00507250974172
 31
0.0
  0
LINE
  5
1121
330
17
100
AcDbEntity
  8
可见轮廓
100
AcDbLine
 10
2.392179303015599
 20
-240.00507250974172
 30
0.0
 11
2.416534016280753
 21
-240.00507250974172
 31
0.0
  0
LINE
  5
1122
330
17
100
AcDbEntity
  8
可见轮廓
100
AcDbLine
 10
2.3684417964239337
 20
-240.00507250974172
 30
0.0
 11
2.392179303015599
 21
-240.00507250974172
 31
0.0
  0
LINE
  5
1123
330
17
100
AcDbEntity
  8
可见轮廓
100
AcDbLine
 10
2.345336033761761
 20
-240.00507250974172
 30
0.0
 11
2.3684417964239337
 21
-240.00507250974172
 31
0.0
  0
LINE
  5
1124
330
17
100
AcDbEntity
  8
可见轮廓
100
AcDbLine
 10
2.3228761653942698
 20
-240.00507250974172
 30
0.0
 11
2.345336033761761
 21
-240.00507250974172
 31
0.0
  0
LINE
  5
1125
330
17
100
AcDbEntity
  8
可见轮廓
100
AcDbLine
 10
2.3010759461299166
 20
-240.00507250974172
 30
0.0
 11
2.3228761653942698
 21
-240.00507250974172
 31
0.0
  0
LINE
  5
1126
330
17
100
AcDbEntity
  8
可见轮廓
100
AcDbLine
 10
2.2799487267967358
 20
-240.00507250974172
 30
0.0
 11
2.3010759461299166
 21
-240.00507250974172
 31
0.0
  0
LINE
  5
1127
330
17
100
AcDbEntity
  8
可见轮廓
100
AcDbLine
 10
2.2595074460660634
 20
-240.00507250974172
 30
0.0
 11
2.2799487267967358
 21
-240.00507250974172
 31
0.0
  0
LINE
  5
1128
330
17
100
AcDbEntity
  8
可见轮廓
100
AcDbLine
 10
2.239764622528675
 20
-240.00507250974172
 30
0.0
 11
2.2595074460660634
 21
-240.00507250974172
 31
0.0
  0
LINE
  5
1129
330
17
100
AcDbEntity
  8
可见轮廓
100
AcDbLine
 10
2.2207323470281857
 20
-240.00507250974172
 30
0.0
 11
2.239764622528675
 21
-240.00507250974172
 31
0.0
  0
LINE
  5
112A
330
17
100
AcDbEntity
  8
可见轮廓
100
AcDbLine
 10
2.2024222752564135
 20
-240.00507250974172
 30
0.0
 11
2.2207323470281857
 21
-240.00507250974172
 31
0.0
  0
LINE
  5
112B
330
17
100
AcDbEntity
  8
可见轮廓
100
AcDbLine
 10
2.1848456206152314
 20
-240.00507250974172
 30
0.0
 11
2.2024222752564135
 21
-240.00507250974172
 31
0.0
  0
LINE
  5
112C
330
17
100
AcDbEntity
  8
可见轮廓
100
AcDbLine
 10
2.1680131473492814
 20
-240.00507250974172
 30
0.0
 11
2.1848456206152314
 21
-240.00507250974172
 31
0.0
  0
LINE
  5
112D
330
17
100
AcDbEntity
  8
可见轮廓
100
AcDbLine
 10
2.1519351639537803
 20
-240.00507250974172
 30
0.0
 11
2.1680131473492814
 21
-240.00507250974172
 31
0.0
  0
LINE
  5
112E
330
17
100
AcDbEntity
  8
可见轮廓
100
AcDbLine
 10
2.1366215168614104
 20
-240.00507250974172
 30
0.0
 11
2.1519351639537803
 21
-240.00507250974172
 31
0.0
  0
LINE
  5
112F
330
17
100
AcDbEntity
  8
可见轮廓
100
AcDbLine
 10
2.1220815844121965
 20
-240.00507250974172
 30
0.0
 11
2.1366215168614104
 21
-240.00507250974172
 31
0.0
  0
LINE
  5
1130
330
17
100
AcDbEntity
  8
可见轮廓
100
AcDbLine
 10
2.1083242711100496
 20
-240.00507250974172
 30
0.0
 11
2.1220815844121965
 21
-240.00507250974172
 31
0.0
  0
LINE
  5
1131
330
17
100
AcDbEntity
  8
可见轮廓
100
AcDbLine
 10
2.095358002169501
 20
-240.00507250974172
 30
0.0
 11
2.1083242711100496
 21
-240.00507250974172
 31
0.0
  0
LINE
  5
1132
330
17
100
AcDbEntity
  8
可见轮廓
100
AcDbLine
 10
2.083190718355951
 20
-240.00507250974172
 30
0.0
 11
2.095358002169501
 21
-240.00507250974172
 31
0.0
  0
LINE
  5
1133
330
17
100
AcDbEntity
  8
可见轮廓
100
AcDbLine
 10
2.0718298711226097
 20
-240.00507250974172
 30
0.0
 11
2.083190718355951
 21
-240.00507250974172
 31
0.0
  0
LINE
  5
1134
330
17
100
AcDbEntity
  8
可见轮廓
100
AcDbLine
 10
2.061282418047096
 20
-240.00507250974172
 30
0.0
 11
2.0718298711226097
 21
-240.00507250974172
 31
0.0
  0
LINE
  5
1135
330
17
100
AcDbEntity
  8
可见轮廓
100
AcDbLine
 10
2.0515548185705086
 20
-240.00507250974172
 30
0.0
 11
2.061282418047096
 21
-240.00507250974172
 31
0.0
  0
LINE
  5
1136
330
17
100
AcDbEntity
  8
可见轮廓
100
AcDbLine
 10
2.042653030041542
 20
-240.00507250974172
 30
0.0
 11
2.0515548185705086
 21
-240.00507250974172
 31
0.0
  0
LINE
  5
1137
330
17
100
AcDbEntity
  8
可见轮廓
100
AcDbLine
 10
2.034582504068112
 20
-240.00507250974172
 30
0.0
 11
2.042653030041542
 21
-240.00507250974172
 31
0.0
  0
LINE
  5
1138
330
17
100
AcDbEntity
  8
可见轮廓
100
AcDbLine
 10
2.0273481831786846
 20
-240.00507250974172
 30
0.0
 11
2.034582504068112
 21
-240.00507250974172
 31
0.0
  0
LINE
  5
1139
330
17
100
AcDbEntity
  8
可见轮廓
100
AcDbLine
 10
2.020954497795401
 20
-240.00507250974172
 30
0.0
 11
2.0273481831786846
 21
-240.00507250974172
 31
0.0
  0
LINE
  5
113A
330
17
100
AcDbEntity
  8
可见轮廓
100
AcDbLine
 10
2.015405363520813
 20
-240.00507250974172
 30
0.0
 11
2.020954497795401
 21
-240.00507250974172
 31
0.0
  0
LINE
  5
113B
330
17
100
AcDbEntity
  8
可见轮廓
100
AcDbLine
 10
2.0107041787398856
 20
-240.00507250974172
 30
0.0
 11
2.015405363520813
 21
-240.00507250974172
 31
0.0
  0
LINE
  5
113C
330
17
100
AcDbEntity
  8
可见轮廓
100
AcDbLine
 10
2.006853822538776
 20
-240.00507250974172
 30
0.0
 11
2.0107041787398856
 21
-240.00507250974172
 31
0.0
  0
LINE
  5
113D
330
17
100
AcDbEntity
  8
可见轮廓
100
AcDbLine
 10
2.0038566529416393
 20
-240.00507250974172
 30
0.0
 11
2.006853822538776
 21
-240.00507250974172
 31
0.0
  0
LINE
  5
113E
330
17
100
AcDbEntity
  8
可见轮廓
100
AcDbLine
 10
2.0017145054665164
 20
-240.00507250974172
 30
0.0
 11
2.0038566529416393
 21
-240.00507250974172
 31
0.0
  0
LINE
  5
113F
330
17
100
AcDbEntity
  8
可见轮廓
100
AcDbLine
 10
2.0004286920012504
 20
-240.00507250974172
 30
0.0
 11
2.0017145054665164
 21
-240.00507250974172
 31
0.0
  0
LINE
  5
1140
330
17
100
AcDbEntity
  8
可见轮廓
100
AcDbLine
 10
2.0
 20
-240.00507250974172
 30
0.0
 11
2.0004286920012504
 21
-240.00507250974172
 31
0.0
  0
LINE
  5
1141
330
17
100
AcDbEntity
  8
可见轮廓
100
AcDbLine
 10
3.713174510849049
 20
-240.00507250974172
 30
0.0
 11
3.7500000000000497
 21
-240.00507250974172
 31
0.0
  0
LINE
  5
1142
330
17
100
AcDbEntity
  8
可见轮廓
100
AcDbLine
 10
3.4926343372214355
 20
-240.00507250974172
 30
0.0
 11
3.713174510849049
 21
-240.00507250974172
 31
0.0
  0
LINE
  5
1143
330
17
100
AcDbEntity
  8
可见轮廓
100
AcDbLine
 10
3.2690550744492555
 20
-240.00507250974172
 30
0.0
 11
3.4926343372214355
 21
-240.00507250974172
 31
0.0
  0
LINE
  5
1144
330
17
100
AcDbEntity
  8
可见轮廓
100
AcDbLine
 10
3.042572818481972
 20
-240.00507250974172
 30
0.0
 11
3.2690550744492555
 21
-240.00507250974172
 31
0.0
  0
LINE
  5
1145
330
17
100
AcDbEntity
  8
可见轮廓
100
AcDbLine
 10
2.813325432363232
 20
-240.00507250974172
 30
0.0
 11
3.042572818481972
 21
-240.00507250974172
 31
0.0
  0
LINE
  5
1146
330
17
100
AcDbEntity
  8
可见轮廓
100
AcDbLine
 10
9.881831713595188
 20
-240.00507250974172
 30
0.0
 11
3.7500000000000497
 21
-240.00507250974172
 31
0.0
  0
LINE
  5
1147
330
17
100
AcDbEntity
  8
可见轮廓
100
AcDbLine
 10
9.899109611930623
 20
-240.00507250974172
 30
0.0
 11
9.881831713595188
 21
-240.00507250974172
 31
0.0
  0
LINE
  5
1148
330
17
100
AcDbEntity
  8
可见轮廓
100
AcDbLine
 10
9.916376982340037
 20
-240.00507250974172
 30
0.0
 11
9.899109611930623
 21
-240.00507250974172
 31
0.0
  0
LINE
  5
1149
330
17
100
AcDbEntity
  8
可见轮廓
100
AcDbLine
 10
9.933623303312364
 20
-240.00507250974172
 30
0.0
 11
9.916376982340037
 21
-240.00507250974172
 31
0.0
  0
LINE
  5
114A
330
17
100
AcDbEntity
  8
可见轮廓
100
AcDbLine
 10
9.950838066162584
 20
-240.00507250974172
 30
0.0
 11
9.933623303312364
 21
-240.00507250974172
 31
0.0
  0
LINE
  5
114B
330
17
100
AcDbEntity
  8
可见轮廓
100
AcDbLine
 10
9.968010781434955
 20
-240.00507250974172
 30
0.0
 11
9.950838066162584
 21
-240.00507250974172
 31
0.0
  0
LINE
  5
114C
330
17
100
AcDbEntity
  8
可见轮廓
100
AcDbLine
 10
9.985130985294548
 20
-240.00507250974172
 30
0.0
 11
9.968010781434955
 21
-240.00507250974172
 31
0.0
  0
LINE
  5
114D
330
17
100
AcDbEntity
  8
可见轮廓
100
AcDbLine
 10
10.002188245903167
 20
-240.00507250974172
 30
0.0
 11
9.985130985294548
 21
-240.00507250974172
 31
0.0
  0
LINE
  5
114E
330
17
100
AcDbEntity
  8
可见轮廓
100
AcDbLine
 10
10.019172169775766
 20
-240.00507250974172
 30
0.0
 11
10.002188245903167
 21
-240.00507250974172
 31
0.0
  0
LINE
  5
114F
330
17
100
AcDbEntity
  8
可见轮廓
100
AcDbLine
 10
10.03607240811351
 20
-240.00507250974172
 30
0.0
 11
10.019172169775766
 21
-240.00507250974172
 31
0.0
  0
LINE
  5
1150
330
17
100
AcDbEntity
  8
可见轮廓
100
AcDbLine
 10
10.05287866310959
 20
-240.00507250974172
 30
0.0
 11
10.03607240811351
 21
-240.00507250974172
 31
0.0
  0
LINE
  5
1151
330
17
100
AcDbEntity
  8
可见轮廓
100
AcDbLine
 10
10.069580694223987
 20
-240.00507250974172
 30
0.0
 11
10.05287866310959
 21
-240.00507250974172
 31
0.0
  0
LINE
  5
1152
330
17
100
AcDbEntity
  8
可见轮廓
100
AcDbLine
 10
10.086168324423317
 20
-240.00507250974172
 30
0.0
 11
10.069580694223987
 21
-240.00507250974172
 31
0.0
  0
LINE
  5
1153
330
17
100
AcDbEntity
  8
可见轮廓
100
AcDbLine
 10
10.102631446382006
 20
-240.00507250974172
 30
0.0
 11
10.086168324423317
 21
-240.00507250974172
 31
0.0
  0
LINE
  5
1154
330
17
100
AcDbEntity
  8
可见轮廓
100
AcDbLine
 10
10.118960028640974
 20
-240.00507250974172
 30
0.0
 11
10.102631446382006
 21
-240.00507250974172
 31
0.0
  0
LINE
  5
1155
330
17
100
AcDbEntity
  8
可见轮廓
100
AcDbLine
 10
10.135144121720087
 20
-240.00507250974172
 30
0.0
 11
10.118960028640974
 21
-240.00507250974172
 31
0.0
  0
LINE
  5
1156
330
17
100
AcDbEntity
  8
可见轮廓
100
AcDbLine
 10
10.151173864180679
 20
-240.00507250974172
 30
0.0
 11
10.135144121720087
 21
-240.00507250974172
 31
0.0
  0
LINE
  5
1157
330
17
100
AcDbEntity
  8
可见轮廓
100
AcDbLine
 10
10.167039488634401
 20
-240.00507250974172
 30
0.0
 11
10.151173864180679
 21
-240.00507250974172
 31
0.0
  0
LINE
  5
1158
330
17
100
AcDbEntity
  8
可见轮廓
100
AcDbLine
 10
10.18273132769478
 20
-240.00507250974172
 30
0.0
 11
10.167039488634401
 21
-240.00507250974172
 31
0.0
  0
LINE
  5
1159
330
17
100
AcDbEntity
  8
可见轮廓
100
AcDbLine
 10
10.198239819867839
 20
-240.00507250974172
 30
0.0
 11
10.18273132769478
 21
-240.00507250974172
 31
0.0
  0
LINE
  5
115A
330
17
100
AcDbEntity
  8
可见轮廓
100
AcDbLine
 10
10.213555515378191
 20
-240.00507250974172
 30
0.0
 11
10.198239819867839
 21
-240.00507250974172
 31
0.0
  0
LINE
  5
115B
330
17
100
AcDbEntity
  8
可见轮廓
100
AcDbLine
 10
10.228669081927066
 20
-240.00507250974172
 30
0.0
 11
10.213555515378191
 21
-240.00507250974172
 31
0.0
  0
LINE
  5
115C
330
17
100
AcDbEntity
  8
可见轮廓
100
AcDbLine
 10
10.243571310378748
 20
-240.00507250974172
 30
0.0
 11
10.228669081927066
 21
-240.00507250974172
 31
0.0
  0
LINE
  5
115D
330
17
100
AcDbEntity
  8
可见轮廓
100
AcDbLine
 10
10.258253120371968
 20
-240.00507250974172
 30
0.0
 11
10.243571310378748
 21
-240.00507250974172
 31
0.0
  0
LINE
  5
115E
330
17
100
AcDbEntity
  8
可见轮廓
100
AcDbLine
 10
10.272705565852844
 20
-240.00507250974172
 30
0.0
 11
10.258253120371968
 21
-240.00507250974172
 31
0.0
  0
LINE
  5
115F
330
17
100
AcDbEntity
  8
可见轮廓
100
AcDbLine
 10
10.286919840525954
 20
-240.00507250974172
 30
0.0
 11
10.272705565852844
 21
-240.00507250974172
 31
0.0
  0
LINE
  5
1160
330
17
100
AcDbEntity
  8
可见轮廓
100
AcDbLine
 10
10.30088728322028
 20
-240.00507250974172
 30
0.0
 11
10.286919840525954
 21
-240.00507250974172
 31
0.0
  0
LINE
  5
1161
330
17
100
AcDbEntity
  8
可见轮廓
100
AcDbLine
 10
10.31459938316671
 20
-240.00507250974172
 30
0.0
 11
10.30088728322028
 21
-240.00507250974172
 31
0.0
  0
LINE
  5
1162
330
17
100
AcDbEntity
  8
可见轮廓
100
AcDbLine
 10
10.328047785183896
 20
-240.00507250974172
 30
0.0
 11
10.31459938316671
 21
-240.00507250974172
 31
0.0
  0
LINE
  5
1163
330
17
100
AcDbEntity
  8
可见轮廓
100
AcDbLine
 10
10.341224294769304
 20
-240.00507250974172
 30
0.0
 11
10.328047785183896
 21
-240.00507250974172
 31
0.0
  0
LINE
  5
1164
330
17
100
AcDbEntity
  8
可见轮廓
100
AcDbLine
 10
10.354120883092373
 20
-240.00507250974172
 30
0.0
 11
10.341224294769304
 21
-240.00507250974172
 31
0.0
  0
LINE
  5
1165
330
17
100
AcDbEntity
  8
可见轮廓
100
AcDbLine
 10
10.366729691886706
 20
-240.00507250974172
 30
0.0
 11
10.354120883092373
 21
-240.00507250974172
 31
0.0
  0
LINE
  5
1166
330
17
100
AcDbEntity
  8
可见轮廓
100
AcDbLine
 10
10.379043038238343
 20
-240.00507250974172
 30
0.0
 11
10.366729691886706
 21
-240.00507250974172
 31
0.0
  0
LINE
  5
1167
330
17
100
AcDbEntity
  8
可见轮廓
100
AcDbLine
 10
10.39105341926719
 20
-240.00507250974172
 30
0.0
 11
10.379043038238343
 21
-240.00507250974172
 31
0.0
  0
LINE
  5
1168
330
17
100
AcDbEntity
  8
可见轮廓
100
AcDbLine
 10
10.402753516698727
 20
-240.00507250974172
 30
0.0
 11
10.39105341926719
 21
-240.00507250974172
 31
0.0
  0
LINE
  5
1169
330
17
100
AcDbEntity
  8
可见轮廓
100
AcDbLine
 10
10.414136201323268
 20
-240.00507250974172
 30
0.0
 11
10.402753516698727
 21
-240.00507250974172
 31
0.0
  0
LINE
  5
116A
330
17
100
AcDbEntity
  8
可见轮廓
100
AcDbLine
 10
10.425194537339971
 20
-240.00507250974172
 30
0.0
 11
10.414136201323268
 21
-240.00507250974172
 31
0.0
  0
LINE
  5
116B
330
17
100
AcDbEntity
  8
可见轮廓
100
AcDbLine
 10
10.435921786583043
 20
-240.00507250974172
 30
0.0
 11
10.425194537339971
 21
-240.00507250974172
 31
0.0
  0
LINE
  5
116C
330
17
100
AcDbEntity
  8
可见轮廓
100
AcDbLine
 10
10.44631141262749
 20
-240.00507250974172
 30
0.0
 11
10.435921786583043
 21
-240.00507250974172
 31
0.0
  0
LINE
  5
116D
330
17
100
AcDbEntity
  8
可见轮廓
100
AcDbLine
 10
10.456357084771952
 20
-240.00507250974172
 30
0.0
 11
10.44631141262749
 21
-240.00507250974172
 31
0.0
  0
LINE
  5
116E
330
17
100
AcDbEntity
  8
可见轮廓
100
AcDbLine
 10
10.466052681896189
 20
-240.00507250974172
 30
0.0
 11
10.456357084771952
 21
-240.00507250974172
 31
0.0
  0
LINE
  5
116F
330
17
100
AcDbEntity
  8
可见轮廓
100
AcDbLine
 10
10.47539229619085
 20
-240.00507250974172
 30
0.0
 11
10.466052681896189
 21
-240.00507250974172
 31
0.0
  0
LINE
  5
1170
330
17
100
AcDbEntity
  8
可见轮廓
100
AcDbLine
 10
10.484370236757279
 20
-240.00507250974172
 30
0.0
 11
10.47539229619085
 21
-240.00507250974172
 31
0.0
  0
LINE
  5
1171
330
17
100
AcDbEntity
  8
可见轮廓
100
AcDbLine
 10
10.492981033075143
 20
-240.00507250974172
 30
0.0
 11
10.484370236757279
 21
-240.00507250974172
 31
0.0
  0
LINE
  5
1172
330
17
100
AcDbEntity
  8
可见轮廓
100
AcDbLine
 10
10.501219438335776
 20
-240.00507250974172
 30
0.0
 11
10.492981033075143
 21
-240.00507250974172
 31
0.0
  0
LINE
  5
1173
330
17
100
AcDbEntity
  8
可见轮廓
100
AcDbLine
 10
10.509080432639218
 20
-240.00507250974172
 30
0.0
 11
10.501219438335776
 21
-240.00507250974172
 31
0.0
  0
LINE
  5
1174
330
17
100
AcDbEntity
  8
可见轮廓
100
AcDbLine
 10
10.516559226052983
 20
-240.00507250974172
 30
0.0
 11
10.509080432639218
 21
-240.00507250974172
 31
0.0
  0
LINE
  5
1175
330
17
100
AcDbEntity
  8
可见轮廓
100
AcDbLine
 10
10.523651261530704
 20
-240.00507250974172
 30
0.0
 11
10.516559226052983
 21
-240.00507250974172
 31
0.0
  0
LINE
  5
1176
330
17
100
AcDbEntity
  8
可见轮廓
100
AcDbLine
 10
10.530352217688872
 20
-240.00507250974172
 30
0.0
 11
10.523651261530704
 21
-240.00507250974172
 31
0.0
  0
LINE
  5
1177
330
17
100
AcDbEntity
  8
可见轮廓
100
AcDbLine
 10
10.536658011439988
 20
-240.00507250974172
 30
0.0
 11
10.530352217688872
 21
-240.00507250974172
 31
0.0
  0
LINE
  5
1178
330
17
100
AcDbEntity
  8
可见轮廓
100
AcDbLine
 10
10.542564800480497
 20
-240.00507250974172
 30
0.0
 11
10.536658011439988
 21
-240.00507250974172
 31
0.0
  0
LINE
  5
1179
330
17
100
AcDbEntity
  8
可见轮廓
100
AcDbLine
 10
10.548068985632021
 20
-240.00507250974172
 30
0.0
 11
10.542564800480497
 21
-240.00507250974172
 31
0.0
  0
LINE
  5
117A
330
17
100
AcDbEntity
  8
可见轮廓
100
AcDbLine
 10
10.553167213034449
 20
-240.00507250974172
 30
0.0
 11
10.548068985632021
 21
-240.00507250974172
 31
0.0
  0
LINE
  5
117B
330
17
100
AcDbEntity
  8
可见轮廓
100
AcDbLine
 10
10.557856376189523
 20
-240.00507250974172
 30
0.0
 11
10.553167213034449
 21
-240.00507250974172
 31
0.0
  0
LINE
  5
117C
330
17
100
AcDbEntity
  8
可见轮廓
100
AcDbLine
 10
10.562133617853739
 20
-240.00507250974172
 30
0.0
 11
10.557856376189523
 21
-240.00507250974172
 31
0.0
  0
LINE
  5
117D
330
17
100
AcDbEntity
  8
可见轮廓
100
AcDbLine
 10
10.565996331779338
 20
-240.00507250974172
 30
0.0
 11
10.562133617853739
 21
-240.00507250974172
 31
0.0
  0
LINE
  5
117E
330
17
100
AcDbEntity
  8
可见轮廓
100
AcDbLine
 10
10.569442164302366
 20
-240.00507250974172
 30
0.0
 11
10.565996331779338
 21
-240.00507250974172
 31
0.0
  0
LINE
  5
117F
330
17
100
AcDbEntity
  8
可见轮廓
100
AcDbLine
 10
10.572469015776836
 20
-240.00507250974172
 30
0.0
 11
10.569442164302366
 21
-240.00507250974172
 31
0.0
  0
LINE
  5
1180
330
17
100
AcDbEntity
  8
可见轮廓
100
AcDbLine
 10
10.575075041854099
 20
-240.00507250974172
 30
0.0
 11
10.572469015776836
 21
-240.00507250974172
 31
0.0
  0
LINE
  5
1181
330
17
100
AcDbEntity
  8
可见轮廓
100
AcDbLine
 10
10.577258654606666
 20
-240.00507250974172
 30
0.0
 11
10.575075041854099
 21
-240.00507250974172
 31
0.0
  0
LINE
  5
1182
330
17
100
AcDbEntity
  8
可见轮廓
100
AcDbLine
 10
10.579018523495769
 20
-240.00507250974172
 30
0.0
 11
10.577258654606666
 21
-240.00507250974172
 31
0.0
  0
LINE
  5
1183
330
17
100
AcDbEntity
  8
可见轮廓
100
AcDbLine
 10
10.580353576182105
 20
-240.00507250974172
 30
0.0
 11
10.579018523495769
 21
-240.00507250974172
 31
0.0
  0
LINE
  5
1184
330
17
100
AcDbEntity
  8
可见轮廓
100
AcDbLine
 10
10.581262999179238
 20
-240.00507250974172
 30
0.0
 11
10.580353576182105
 21
-240.00507250974172
 31
0.0
  0
LINE
  5
1185
330
17
100
AcDbEntity
  8
可见轮廓
100
AcDbLine
 10
10.58174623834928
 20
-240.00507250974172
 30
0.0
 11
10.581262999179238
 21
-240.00507250974172
 31
0.0
  0
LINE
  5
1186
330
17
100
AcDbEntity
  8
可见轮廓
100
AcDbLine
 10
10.581831713595179
 20
-240.00507250974172
 30
0.0
 11
10.58174623834928
 21
-240.00507250974172
 31
0.0
  0
LINE
  5
1187
330
17
100
AcDbEntity
  8
可见轮廓
100
AcDbLine
 10
28.418168286404878
 20
-252.6664011851418
 30
0.0
 11
28.418168286404878
 21
-260.0050725097417
 31
0.0
  0
LINE
  5
1188
330
17
100
AcDbEntity
  8
可见轮廓
100
AcDbLine
 10
28.418168286404878
 20
-252.6664011851418
 30
0.0
 11
28.418168286404878
 21
-240.00507250974172
 31
0.0
  0
LINE
  5
1189
330
17
100
AcDbEntity
  8
可见轮廓
100
AcDbLine
 10
10.581831713595179
 20
-252.66640118510082
 30
0.0
 11
10.581831713595179
 21
-240.00507250974172
 31
0.0
  0
LINE
  5
118A
330
17
100
AcDbEntity
  8
可见轮廓
100
AcDbLine
 10
10.581831713595179
 20
-252.66640118510082
 30
0.0
 11
10.581831713595179
 21
-260.0050725097417
 31
0.0
  0
HATCH
  5
118B
330
17
100
AcDbEntity
  8
剖面线
 62
7
100
AcDbHatch
 10
0.0
 20
0.0
 30
0.0
210
0.0
220
0.0
230
1.0
  2
ANSI31
 70
0
 71
0
 91
1
 92
3
 72
0
 73
1
 93
4
 10
37.00000000000004
 20
-240.00507250974172
 10
37.00000000000004
 20
-245.87507250974173
 10
34.90000000000005
 20
-245.87507250974173
 10
34.90000000000005
 20
-240.00507250974172
 97
0
 75
0
 76
1
 52
0.0
 41
2.0
 77
0
 78
1
 53
45.0
 43
0.0
 44
0.0
 45
-4.4901280606
 46
4.4901280606
 79
0
 98
0
  0
HATCH
  5
118C
330
17
100
AcDbEntity
  8
剖面线
 62
7
100
AcDbHatch
 10
0.0
 20
0.0
 30
0.0
210
0.0
220
0.0
230
1.0
  2
ANSI31
 70
0
 71
0
 91
1
 92
3
 72
0
 73
1
 93
4
 10
34.90000000000005
 20
-254.13507250974172
 10
37.00000000000004
 20
-254.13507250974172
 10
37.00000000000004
 20
-260.0050725097417
 10
34.90000000000005
 20
-260.0050725097417
 97
0
 75
0
 76
1
 52
0.0
 41
2.0
 77
0
 78
1
 53
45.0
 43
0.0
 44
0.0
 45
-4.4901280606
 46
4.4901280606
 79
0
 98
0
  0
HATCH
  5
118D
330
17
100
AcDbEntity
  8
剖面线
 62
7
100
AcDbHatch
 10
0.0
 20
0.0
 30
0.0
210
0.0
220
0.0
230
1.0
  2
ANSI31
 70
0
 71
0
 91
1
 92
3
 72
0
 73
1
 93
4
 10
4.099999999999991
 20
-240.00507250974172
 10
4.099999999999991
 20
-245.87507250974173
 10
2.0000000000000036
 20
-245.87507250974173
 10
1.9999999999999964
 20
-240.00507250974172
 97
0
 75
0
 76
1
 52
0.0
 41
2.0
 77
0
 78
1
 53
45.0
 43
0.0
 44
0.0
 45
-4.4901280606
 46
4.4901280606
 79
0
 98
0
  0
HATCH
  5
118E
330
17
100
AcDbEntity
  8
剖面线
 62
7
100
AcDbHatch
 10
0.0
 20
0.0
 30
0.0
210
0.0
220
0.0
230
1.0
  2
ANSI31
 70
0
 71
0
 91
1
 92
3
 72
0
 73
1
 93
4
 10
2.0000000000000036
 20
-254.13507250974172
 10
4.100000000000048
 20
-254.13507250974172
 10
4.099999999999991
 20
-260.0050725097417
 10
2.0000000000000036
 20
-260.0050725097417
 97
0
 75
0
 76
1
 52
0.0
 41
2.0
 77
0
 78
1
 53
45.0
 43
0.0
 44
0.0
 45
-4.4901280606
 46
4.4901280606
 79
0
 98
0
  0
TEXT
  5
118F
330
17
100
AcDbEntity
  8
标注
100
AcDbText
 10
19.50000000000002
 20
-278.00507250974175
 30
0.0
 40
6.0
  1
C—C  横剖 z=-15.39（穿 r4.1 孔轴）
  7
中文字体
 72
1
 11
19.50000000000002
 21
-278.00507250974175
 31
0.0
100
AcDbText
 73
2
  0
LINE
  5
1190
330
17
100
AcDbEntity
  8
剖切线
100
AcDbLine
 10
-6.0
 20
21.70744342191865
 30
0.0
 11
2.0
 21
21.70744342191865
 31
0.0
  0
LINE
  5
1191
330
17
100
AcDbEntity
  8
剖切线
100
AcDbLine
 10
37.0000000355507
 20
21.70744342191865
 30
0.0
 11
45.0000000355507
 21
21.70744342191865
 31
0.0
  0
LINE
  5
1192
330
17
100
AcDbEntity
  8
剖切线
100
AcDbLine
 10
-6.0
 20
21.70744342191865
 30
0.0
 11
-2.0
 21
15.70744342191865
 31
0.0
  0
TEXT
  5
1193
330
17
100
AcDbEntity
  8
标注
100
AcDbText
 10
-4.0
 20
24.70744342191865
 30
0.0
 40
5.0
  1
C—C
  7
中文字体
 11
-4.0
 21
24.70744342191865
 31
0.0
100
AcDbText
  0
LINE
  5
1194
330
17
100
AcDbEntity
  8
剖切线
100
AcDbLine
 10
45.0000000355507
 20
21.70744342191865
 30
0.0
 11
41.0000000355507
 21
15.70744342191865
 31
0.0
  0
TEXT
  5
1195
330
17
100
AcDbEntity
  8
标注
100
AcDbText
 10
43.0000000355507
 20
24.70744342191865
 30
0.0
 40
5.0
  1
C—C
  7
中文字体
 11
43.0000000355507
 21
24.70744342191865
 31
0.0
100
AcDbText
  0
ENDSEC
  0
SECTION
  2
OBJECTS
  0
DICTIONARY
  5
A
330
0
100
AcDbDictionary
281
1
  3
ACAD_COLOR
350
B
  3
ACAD_GROUP
350
C
  3
ACAD_LAYOUT
350
D
  3
ACAD_MATERIAL
350
E
  3
ACAD_MLEADERSTYLE
350
F
  3
ACAD_MLINESTYLE
350
10
  3
ACAD_PLOTSETTINGS
350
11
  3
ACAD_PLOTSTYLENAME
350
12
  3
ACAD_SCALELIST
350
14
  3
ACAD_TABLESTYLE
350
15
  3
ACAD_VISUALSTYLE
350
16
  3
EZDXF_META
350
2D
  0
DICTIONARY
  5
B
330
A
100
AcDbDictionary
281
1
  0
DICTIONARY
  5
C
330
A
100
AcDbDictionary
281
1
  0
DICTIONARY
  5
D
330
A
100
AcDbDictionary
281
1
  3
Model
350
1A
  3
Layout1
350
1E
  0
DICTIONARY
  5
E
330
A
100
AcDbDictionary
281
1
  3
ByBlock
350
1F
  3
ByLayer
350
20
  3
Global
350
21
  0
DICTIONARY
  5
F
330
A
100
AcDbDictionary
281
1
  3
Standard
350
2C
  0
DICTIONARY
  5
10
330
A
100
AcDbDictionary
281
1
  3
Standard
350
22
  0
DICTIONARY
  5
11
330
A
100
AcDbDictionary
281
1
  0
ACDBDICTIONARYWDFLT
  5
12
330
A
100
AcDbDictionary
281
1
  3
Normal
350
13
100
AcDbDictionaryWithDefault
340
13
  0
ACDBPLACEHOLDER
  5
13
330
12
  0
DICTIONARY
  5
14
330
A
100
AcDbDictionary
281
1
  0
DICTIONARY
  5
15
330
A
100
AcDbDictionary
281
1
  0
DICTIONARY
  5
16
330
A
100
AcDbDictionary
281
1
  0
LAYOUT
  5
1A
330
D
100
AcDbPlotSettings
  1

  4
A3
  6

 40
7.5
 41
20.0
 42
7.5
 43
20.0
 44
420.0
 45
297.0
 46
0.0
 47
0.0
 48
0.0
 49
0.0
140
0.0
141
0.0
142
1.0
143
1.0
 70
1024
 72
1
 73
0
 74
5
  7

 75
16
 76
0
 77
2
 78
300
147
1.0
148
0.0
149
0.0
100
AcDbLayout
  1
Model
 70
1
 71
0
 10
0.0
 20
0.0
 11
420.0
 21
297.0
 12
0.0
 22
0.0
 32
0.0
 14
1e+20
 24
1e+20
 34
1e+20
 15
-1e+20
 25
-1e+20
 35
-1e+20
146
0.0
 13
0.0
 23
0.0
 33
0.0
 16
1.0
 26
0.0
 36
0.0
 17
0.0
 27
1.0
 37
0.0
 76
1
330
17
  0
LAYOUT
  5
1E
330
D
100
AcDbPlotSettings
  1

  4
A3
  6

 40
7.5
 41
20.0
 42
7.5
 43
20.0
 44
420.0
 45
297.0
 46
0.0
 47
0.0
 48
0.0
 49
0.0
140
0.0
141
0.0
142
1.0
143
1.0
 70
0
 72
1
 73
0
 74
5
  7

 75
16
 76
0
 77
2
 78
300
147
1.0
148
0.0
149
0.0
100
AcDbLayout
  1
Layout1
 70
1
 71
1
 10
0.0
 20
0.0
 11
420.0
 21
297.0
 12
0.0
 22
0.0
 32
0.0
 14
1e+20
 24
1e+20
 34
1e+20
 15
-1e+20
 25
-1e+20
 35
-1e+20
146
0.0
 13
0.0
 23
0.0
 33
0.0
 16
1.0
 26
0.0
 36
0.0
 17
0.0
 27
1.0
 37
0.0
 76
1
330
1B
  0
MATERIAL
  5
1F
102
{ACAD_REACTORS
330
E
102
}
330
E
100
AcDbMaterial
  1
ByBlock
  2

 70
0
 40
1.0
 71
1
 41
1.0
 91
-1023410177
 42
1.0
 72
1
  3

 73
1
 74
1
 75
1
 44
0.5
 73
0
 45
1.0
 46
1.0
 77
1
  4

 78
1
 79
1
170
1
 48
1.0
171
1
  6

172
1
173
1
174
1
140
1.0
141
1.0
175
1
  7

176
1
177
1
178
1
143
1.0
179
1
  8

270
1
271
1
272
1
145
1.0
146
1.0
273
1
  9

274
1
275
1
276
1
 42
1.0
 72
1
  3

 73
1
 74
1
 75
1
 94
63
  0
MATERIAL
  5
20
102
{ACAD_REACTORS
330
E
102
}
330
E
100
AcDbMaterial
  1
ByLayer
  2

 70
0
 40
1.0
 71
1
 41
1.0
 91
-1023410177
 42
1.0
 72
1
  3

 73
1
 74
1
 75
1
 44
0.5
 73
0
 45
1.0
 46
1.0
 77
1
  4

 78
1
 79
1
170
1
 48
1.0
171
1
  6

172
1
173
1
174
1
140
1.0
141
1.0
175
1
  7

176
1
177
1
178
1
143
1.0
179
1
  8

270
1
271
1
272
1
145
1.0
146
1.0
273
1
  9

274
1
275
1
276
1
 42
1.0
 72
1
  3

 73
1
 74
1
 75
1
 94
63
  0
MATERIAL
  5
21
102
{ACAD_REACTORS
330
E
102
}
330
E
100
AcDbMaterial
  1
Global
  2

 70
0
 40
1.0
 71
1
 41
1.0
 91
-1023410177
 42
1.0
 72
1
  3

 73
1
 74
1
 75
1
 44
0.5
 73
0
 45
1.0
 46
1.0
 77
1
  4

 78
1
 79
1
170
1
 48
1.0
171
1
  6

172
1
173
1
174
1
140
1.0
141
1.0
175
1
  7

176
1
177
1
178
1
143
1.0
179
1
  8

270
1
271
1
272
1
145
1.0
146
1.0
273
1
  9

274
1
275
1
276
1
 42
1.0
 72
1
  3

 73
1
 74
1
 75
1
 94
63
  0
MLINESTYLE
  5
22
102
{ACAD_REACTORS
330
10
102
}
330
10
100
AcDbMlineStyle
  2
Standard
 70
0
  3

 62
256
 51
90.0
 52
90.0
 71
2
 49
0.5
 62
256
  6
BYLAYER
 49
-0.5
 62
256
  6
BYLAYER
  0
MLEADERSTYLE
  5
2C
102
{ACAD_REACTORS
330
F
102
}
330
F
100
AcDbMLeaderStyle
179
2
170
2
171
1
172
0
 90
2
 40
0.0
 41
0.0
173
1
 91
-1056964608
 92
-2
290
1
 42
2.0
291
1
 43
8.0
  3
Standard
 44
4.0
300

342
29
174
1
175
1
176
0
178
1
 93
-1056964608
 45
4.0
292
0
297
0
 46
4.0
 94
-1056964608
 47
1.0
 49
1.0
140
1.0
294
1
141
0.0
177
0
142
1.0
295
0
296
0
143
3.75
271
0
272
9
273
9
  0
DICTIONARY
  5
2D
330
A
100
AcDbDictionary
280
1
281
1
  3
CREATED_BY_EZDXF
350
2E
  3
WRITTEN_BY_EZDXF
350
1198
  0
DICTIONARYVAR
  5
2E
330
2D
100
DictionaryVariables
280
0
  1
1.4.2 @ 2026-10-01T11:28:51.323600+00:00
  0
DICTIONARYVAR
  5
1198
330
2D
100
DictionaryVariables
280
0
  1
1.4.2 @ 2026-10-01T11:28:51.434844+00:00
  0
ENDSEC
  0
EOF
