  0
SECTION
  2
HEADER
  9
$ACADVER
  1
AC1027
  9
$ACADMAINTVER
 70
105
  9
$DWGCODEPAGE
  3
ANSI_1252
  9
$LASTSAVEDBY
  1
ezdxf
  9
$REQUIREDVERSIONS
160
0
  9
$INSBASE
 10
0.0
 20
0.0
 30
0.0
  9
$EXTMIN
 10
1e+20
 20
1e+20
 30
1e+20
  9
$EXTMAX
 10
-1e+20
 20
-1e+20
 30
-1e+20
  9
$LIMMIN
 10
0.0
 20
0.0
  9
$LIMMAX
 10
420.0
 20
297.0
  9
$ORTHOMODE
 70
0
  9
$REGENMODE
 70
1
  9
$FILLMODE
 70
1
  9
$QTEXTMODE
 70
0
  9
$MIRRTEXT
 70
1
  9
$LTSCALE
 40
1.0
  9
$ATTMODE
 70
1
  9
$TEXTSIZE
 40
2.5
  9
$TRACEWID
 40
1.0
  9
$TEXTSTYLE
  7
Standard
  9
$CLAYER
  8
0
  9
$CELTYPE
  6
ByLayer
  9
$CECOLOR
 62
256
  9
$CELTSCALE
 40
1.0
  9
$DISPSILH
 70
0
  9
$DIMSCALE
 40
1.0
  9
$DIMASZ
 40
2.5
  9
$DIMEXO
 40
0.625
  9
$DIMDLI
 40
3.75
  9
$DIMRND
 40
0.0
  9
$DIMDLE
 40
0.0
  9
$DIMEXE
 40
1.25
  9
$DIMTP
 40
0.0
  9
$DIMTM
 40
0.0
  9
$DIMTXT
 40
2.5
  9
$DIMCEN
 40
2.5
  9
$DIMTSZ
 40
0.0
  9
$DIMTOL
 70
0
  9
$DIMLIM
 70
0
  9
$DIMTIH
 70
0
  9
$DIMTOH
 70
0
  9
$DIMSE1
 70
0
  9
$DIMSE2
 70
0
  9
$DIMTAD
 70
1
  9
$DIMZIN
 70
8
  9
$DIMBLK
  1

  9
$DIMASO
 70
1
  9
$DIMSHO
 70
1
  9
$DIMPOST
  1

  9
$DIMAPOST
  1

  9
$DIMALT
 70
0
  9
$DIMALTD
 70
3
  9
$DIMALTF
 40
0.03937007874
  9
$DIMLFAC
 40
1.0
  9
$DIMTOFL
 70
1
  9
$DIMTVP
 40
0.0
  9
$DIMTIX
 70
0
  9
$DIMSOXD
 70
0
  9
$DIMSAH
 70
0
  9
$DIMBLK1
  1

  9
$DIMBLK2
  1

  9
$DIMSTYLE
  2
ISO-25
  9
$DIMCLRD
 70
0
  9
$DIMCLRE
 70
0
  9
$DIMCLRT
 70
0
  9
$DIMTFAC
 40
1.0
  9
$DIMGAP
 40
0.625
  9
$DIMJUST
 70
0
  9
$DIMSD1
 70
0
  9
$DIMSD2
 70
0
  9
$DIMTOLJ
 70
0
  9
$DIMTZIN
 70
8
  9
$DIMALTZ
 70
0
  9
$DIMALTTZ
 70
0
  9
$DIMUPT
 70
0
  9
$DIMDEC
 70
2
  9
$DIMTDEC
 70
2
  9
$DIMALTU
 70
2
  9
$DIMALTTD
 70
3
  9
$DIMTXSTY
  7
Standard
  9
$DIMAUNIT
 70
0
  9
$DIMADEC
 70
0
  9
$DIMALTRND
 40
0.0
  9
$DIMAZIN
 70
0
  9
$DIMDSEP
 70
44
  9
$DIMATFIT
 70
3
  9
$DIMFRAC
 70
0
  9
$DIMLDRBLK
  1

  9
$DIMLUNIT
 70
2
  9
$DIMLWD
 70
-2
  9
$DIMLWE
 70
-2
  9
$DIMTMOVE
 70
0
  9
$DIMFXL
 40
1.0
  9
$DIMFXLON
 70
0
  9
$DIMJOGANG
 40
0.785398163397
  9
$DIMTFILL
 70
0
  9
$DIMTFILLCLR
 70
0
  9
$DIMARCSYM
 70
0
  9
$DIMLTYPE
  6

  9
$DIMLTEX1
  6

  9
$DIMLTEX2
  6

  9
$DIMTXTDIRECTION
 70
0
  9
$LUNITS
 70
2
  9
$LUPREC
 70
4
  9
$SKETCHINC
 40
1.0
  9
$FILLETRAD
 40
10.0
  9
$AUNITS
 70
0
  9
$AUPREC
 70
2
  9
$MENU
  1
.
  9
$ELEVATION
 40
0.0
  9
$PELEVATION
 40
0.0
  9
$THICKNESS
 40
0.0
  9
$LIMCHECK
 70
0
  9
$CHAMFERA
 40
0.0
  9
$CHAMFERB
 40
0.0
  9
$CHAMFERC
 40
0.0
  9
$CHAMFERD
 40
0.0
  9
$SKPOLY
 70
0
  9
$TDCREATE
 40
2461315.8120254627
  9
$TDUCREATE
 40
2458532.153996898
  9
$TDUPDATE
 40
2461315.812037037
  9
$TDUUPDATE
 40
2458532.1544311
  9
$TDINDWG
 40
0.0
  9
$TDUSRTIMER
 40
0.0
  9
$USRTIMER
 70
1
  9
$ANGBASE
 50
0.0
  9
$ANGDIR
 70
0
  9
$PDMODE
 70
0
  9
$PDSIZE
 40
0.0
  9
$PLINEWID
 40
0.0
  9
$SPLFRAME
 70
0
  9
$SPLINETYPE
 70
6
  9
$SPLINESEGS
 70
8
  9
$HANDSEED
  5
B65
  9
$SURFTAB1
 70
6
  9
$SURFTAB2
 70
6
  9
$SURFTYPE
 70
6
  9
$SURFU
 70
6
  9
$SURFV
 70
6
  9
$UCSBASE
  2

  9
$UCSNAME
  2

  9
$UCSORG
 10
0.0
 20
0.0
 30
0.0
  9
$UCSXDIR
 10
1.0
 20
0.0
 30
0.0
  9
$UCSYDIR
 10
0.0
 20
1.0
 30
0.0
  9
$UCSORTHOREF
  2

  9
$UCSORTHOVIEW
 70
0
  9
$UCSORGTOP
 10
0.0
 20
0.0
 30
0.0
  9
$UCSORGBOTTOM
 10
0.0
 20
0.0
 30
0.0
  9
$UCSORGLEFT
 10
0.0
 20
0.0
 30
0.0
  9
$UCSORGRIGHT
 10
0.0
 20
0.0
 30
0.0
  9
$UCSORGFRONT
 10
0.0
 20
0.0
 30
0.0
  9
$UCSORGBACK
 10
0.0
 20
0.0
 30
0.0
  9
$PUCSBASE
  2

  9
$PUCSNAME
  2

  9
$PUCSORG
 10
0.0
 20
0.0
 30
0.0
  9
$PUCSXDIR
 10
1.0
 20
0.0
 30
0.0
  9
$PUCSYDIR
 10
0.0
 20
1.0
 30
0.0
  9
$PUCSORTHOREF
  2

  9
$PUCSORTHOVIEW
 70
0
  9
$PUCSORGTOP
 10
0.0
 20
0.0
 30
0.0
  9
$PUCSORGBOTTOM
 10
0.0
 20
0.0
 30
0.0
  9
$PUCSORGLEFT
 10
0.0
 20
0.0
 30
0.0
  9
$PUCSORGRIGHT
 10
0.0
 20
0.0
 30
0.0
  9
$PUCSORGFRONT
 10
0.0
 20
0.0
 30
0.0
  9
$PUCSORGBACK
 10
0.0
 20
0.0
 30
0.0
  9
$USERI1
 70
0
  9
$USERI2
 70
0
  9
$USERI3
 70
0
  9
$USERI4
 70
0
  9
$USERI5
 70
0
  9
$USERR1
 40
0.0
  9
$USERR2
 40
0.0
  9
$USERR3
 40
0.0
  9
$USERR4
 40
0.0
  9
$USERR5
 40
0.0
  9
$WORLDVIEW
 70
1
  9
$SHADEDGE
 70
3
  9
$SHADEDIF
 70
70
  9
$TILEMODE
 70
1
  9
$MAXACTVP
 70
64
  9
$PINSBASE
 10
0.0
 20
0.0
 30
0.0
  9
$PLIMCHECK
 70
0
  9
$PEXTMIN
 10
1e+20
 20
1e+20
 30
1e+20
  9
$PEXTMAX
 10
-1e+20
 20
-1e+20
 30
-1e+20
  9
$PLIMMIN
 10
0.0
 20
0.0
  9
$PLIMMAX
 10
420.0
 20
297.0
  9
$UNITMODE
 70
0
  9
$VISRETAIN
 70
1
  9
$PLINEGEN
 70
0
  9
$PSLTSCALE
 70
1
  9
$TREEDEPTH
 70
3020
  9
$CMLSTYLE
  2
Standard
  9
$CMLJUST
 70
0
  9
$CMLSCALE
 40
20.0
  9
$PROXYGRAPHICS
 70
1
  9
$MEASUREMENT
 70
1
  9
$CELWEIGHT
370
-1
  9
$ENDCAPS
280
0
  9
$JOINSTYLE
280
0
  9
$LWDISPLAY
290
0
  9
$INSUNITS
 70
4
  9
$HYPERLINKBASE
  1

  9
$STYLESHEET
  1

  9
$XEDIT
290
1
  9
$CEPSNTYPE
380
0
  9
$PSTYLEMODE
290
1
  9
$FINGERPRINTGUID
  2
{6341B1D1-AA5C-42E8-988F-A2D609DF7D8C}
  9
$VERSIONGUID
  2
{A96D809A-95F7-4F93-BBE1-BAC48DF0DBB9}
  9
$EXTNAMES
290
1
  9
$PSVPSCALE
 40
0.0
  9
$OLESTARTUP
290
0
  9
$SORTENTS
280
127
  9
$INDEXCTL
280
0
  9
$HIDETEXT
280
1
  9
$XCLIPFRAME
280
1
  9
$HALOGAP
280
0
  9
$OBSCOLOR
 70
257
  9
$OBSLTYPE
280
0
  9
$INTERSECTIONDISPLAY
280
0
  9
$INTERSECTIONCOLOR
 70
257
  9
$DIMASSOC
280
2
  9
$PROJECTNAME
  1

  9
$CAMERADISPLAY
290
0
  9
$LENSLENGTH
 40
50.0
  9
$CAMERAHEIGHT
 40
0.0
  9
$STEPSPERSEC
 40
24.0
  9
$STEPSIZE
 40
100.0
  9
$3DDWFPREC
 40
2.0
  9
$PSOLWIDTH
 40
0.005
  9
$PSOLHEIGHT
 40
0.08
  9
$LOFTANG1
 40
1.570796326795
  9
$LOFTANG2
 40
1.570796326795
  9
$LOFTMAG1
 40
0.0
  9
$LOFTMAG2
 40
0.0
  9
$LOFTPARAM
 70
7
  9
$LOFTNORMALS
280
1
  9
$LATITUDE
 40
37.795
  9
$LONGITUDE
 40
-122.394
  9
$NORTHDIRECTION
 40
0.0
  9
$TIMEZONE
 70
-8000
  9
$LIGHTGLYPHDISPLAY
280
1
  9
$TILEMODELIGHTSYNCH
280
1
  9
$CMATERIAL
347
20
  9
$SOLIDHIST
280
0
  9
$SHOWHIST
280
1
  9
$DWFFRAME
280
2
  9
$DGNFRAME
280
2
  9
$REALWORLDSCALE
290
1
  9
$INTERFERECOLOR
 62
256
  9
$CSHADOW
280
0
  9
$SHADOWPLANELOCATION
 40
0.0
  0
ENDSEC
  0
SECTION
  2
CLASSES
  0
CLASS
  1
ACDBDICTIONARYWDFLT
  2
AcDbDictionaryWithDefault
  3
ObjectDBX Classes
 90
0
 91
0
280
0
281
0
  0
CLASS
  1
SUN
  2
AcDbSun
  3
SCENEOE
 90
1153
 91
0
280
0
281
0
  0
CLASS
  1
VISUALSTYLE
  2
AcDbVisualStyle
  3
ObjectDBX Classes
 90
4095
 91
0
280
0
281
0
  0
CLASS
  1
MATERIAL
  2
AcDbMaterial
  3
ObjectDBX Classes
 90
1153
 91
0
280
0
281
0
  0
CLASS
  1
SCALE
  2
AcDbScale
  3
ObjectDBX Classes
 90
1153
 91
0
280
0
281
0
  0
CLASS
  1
TABLESTYLE
  2
AcDbTableStyle
  3
ObjectDBX Classes
 90
4095
 91
0
280
0
281
0
  0
CLASS
  1
MLEADERSTYLE
  2
AcDbMLeaderStyle
  3
ACDB_MLEADERSTYLE_CLASS
 90
4095
 91
0
280
0
281
0
  0
CLASS
  1
DICTIONARYVAR
  2
AcDbDictionaryVar
  3
ObjectDBX Classes
 90
0
 91
0
280
0
281
0
  0
CLASS
  1
CELLSTYLEMAP
  2
AcDbCellStyleMap
  3
ObjectDBX Classes
 90
1152
 91
0
280
0
281
0
  0
CLASS
  1
MENTALRAYRENDERSETTINGS
  2
AcDbMentalRayRenderSettings
  3
SCENEOE
 90
1024
 91
0
280
0
281
0
  0
CLASS
  1
ACDBDETAILVIEWSTYLE
  2
AcDbDetailViewStyle
  3
ObjectDBX Classes
 90
1025
 91
0
280
0
281
0
  0
CLASS
  1
ACDBSECTIONVIEWSTYLE
  2
AcDbSectionViewStyle
  3
ObjectDBX Classes
 90
1025
 91
0
280
0
281
0
  0
CLASS
  1
RASTERVARIABLES
  2
AcDbRasterVariables
  3
ISM
 90
0
 91
0
280
0
281
0
  0
CLASS
  1
ACDBPLACEHOLDER
  2
AcDbPlaceHolder
  3
ObjectDBX Classes
 90
0
 91
0
280
0
281
0
  0
CLASS
  1
LAYOUT
  2
AcDbLayout
  3
ObjectDBX Classes
 90
0
 91
0
280
0
281
0
  0
ENDSEC
  0
SECTION
  2
TABLES
  0
TABLE
  2
VPORT
  5
8
330
0
100
AcDbSymbolTable
 70
1
  0
VPORT
  5
23
330
8
100
AcDbSymbolTableRecord
100
AcDbViewportTableRecord
  2
*Active
 70
0
 10
0.0
 20
0.0
 11
1.0
 21
1.0
 12
0.0
 22
0.0
 13
0.0
 23
0.0
 14
0.5
 24
0.5
 15
0.5
 25
0.5
 16
0.0
 26
0.0
 36
1.0
 17
0.0
 27
0.0
 37
0.0
 40
1000.0
 41
1.34
 42
50.0
 43
0.0
 44
0.0
 50
0.0
 51
0.0
 71
0
 72
1000
 73
1
 74
3
 75
0
 76
0
 77
0
 78
0
281
0
 65
0
146
0.0
  0
ENDTAB
  0
TABLE
  2
LTYPE
  5
2
330
0
100
AcDbSymbolTable
 70
3
  0
LTYPE
  5
24
330
2
100
AcDbSymbolTableRecord
100
AcDbLinetypeTableRecord
  2
ByBlock
 70
0
  3

 72
65
 73
0
 40
0.0
  0
LTYPE
  5
25
330
2
100
AcDbSymbolTableRecord
100
AcDbLinetypeTableRecord
  2
ByLayer
 70
0
  3

 72
65
 73
0
 40
0.0
  0
LTYPE
  5
26
330
2
100
AcDbSymbolTableRecord
100
AcDbLinetypeTableRecord
  2
Continuous
 70
0
  3

 72
65
 73
0
 40
0.0
  0
ENDTAB
  0
TABLE
  2
LAYER
  5
1
330
0
100
AcDbSymbolTable
 70
7
  0
LAYER
  5
27
330
1
100
AcDbSymbolTableRecord
100
AcDbLayerTableRecord
  2
0
 70
0
 62
7
  6
Continuous
370
-3
390
13
347
21
  0
LAYER
  5
28
330
1
100
AcDbSymbolTableRecord
100
AcDbLayerTableRecord
  2
Defpoints
 70
0
 62
7
  6
Continuous
290
0
370
-3
390
13
347
21
  0
LAYER
  5
2F
330
1
100
AcDbSymbolTableRecord
100
AcDbLayerTableRecord
  2
可见轮廓
 70
0
 62
7
  6
Continuous
370
50
390
13
347
21
  0
LAYER
  5
30
330
1
100
AcDbSymbolTableRecord
100
AcDbLayerTableRecord
  2
隐藏线
 70
0
 62
5
  6
Continuous
370
25
390
13
347
21
  0
LAYER
  5
31
330
1
100
AcDbSymbolTableRecord
100
AcDbLayerTableRecord
  2
剖面线
 70
0
 62
3
  6
Continuous
370
18
390
13
347
21
  0
LAYER
  5
32
330
1
100
AcDbSymbolTableRecord
100
AcDbLayerTableRecord
  2
剖切线
 70
0
 62
1
  6
Continuous
370
70
390
13
347
21
  0
LAYER
  5
33
330
1
100
AcDbSymbolTableRecord
100
AcDbLayerTableRecord
  2
标注
 70
0
 62
2
  6
Continuous
370
25
390
13
347
21
  0
ENDTAB
  0
TABLE
  2
STYLE
  5
5
330
0
100
AcDbSymbolTable
 70
2
  0
STYLE
  5
29
330
5
100
AcDbSymbolTableRecord
100
AcDbTextStyleTableRecord
  2
Standard
 70
0
 40
0.0
 41
1.0
 50
0.0
 71
0
 42
2.5
  3
txt
  4

  0
STYLE
  5
34
330
5
100
AcDbSymbolTableRecord
100
AcDbTextStyleTableRecord
  2
中文字体
 70
0
 40
0.0
 41
1.0
 50
0.0
 71
0
 42
2.5
  3
simhei.ttf
  4

  0
ENDTAB
  0
TABLE
  2
VIEW
  5
7
330
0
100
AcDbSymbolTable
 70
0
  0
ENDTAB
  0
TABLE
  2
UCS
  5
6
330
0
100
AcDbSymbolTable
 70
0
  0
ENDTAB
  0
TABLE
  2
APPID
  5
3
330
0
100
AcDbSymbolTable
 70
3
  0
APPID
  5
2A
330
3
100
AcDbSymbolTableRecord
100
AcDbRegAppTableRecord
  2
ACAD
 70
0
  0
APPID
  5
B62
330
3
100
AcDbSymbolTableRecord
100
AcDbRegAppTableRecord
  2
HATCHBACKGROUNDCOLOR
 70
0
  0
APPID
  5
B63
330
3
100
AcDbSymbolTableRecord
100
AcDbRegAppTableRecord
  2
EZDXF
 70
0
  0
ENDTAB
  0
TABLE
  2
DIMSTYLE
  5
4
330
0
100
AcDbSymbolTable
 70
1
100
AcDbDimStyleTable
  0
DIMSTYLE
105
2B
330
4
100
AcDbSymbolTableRecord
100
AcDbDimStyleTableRecord
  2
Standard
 70
0
 40
1.0
 41
2.5
 42
0.625
 43
3.75
 44
1.25
 45
0.0
 46
0.0
 47
0.0
 48
0.0
 49
2.5
140
2.5
141
2.5
142
0.0
143
0.03937007874
144
1.0
145
0.0
146
1.0
147
0.625
148
0.0
 69
0
 70
0
 71
0
 72
0
 73
0
 74
0
 75
0
 76
0
 77
1
 78
8
 79
3
170
0
171
3
172
1
173
0
174
0
175
0
176
0
177
0
178
0
179
2
271
2
272
2
273
2
274
3
275
0
276
0
277
2
278
44
279
0
280
0
281
0
282
0
283
0
284
8
285
0
286
0
288
0
289
3
290
0
371
-2
372
-2
  0
ENDTAB
  0
TABLE
  2
BLOCK_RECORD
  5
9
330
0
100
AcDbSymbolTable
 70
2
  0
BLOCK_RECORD
  5
17
330
9
100
AcDbSymbolTableRecord
100
AcDbBlockTableRecord
  2
*Model_Space
340
1A
 70
0
280
1
281
0
  0
BLOCK_RECORD
  5
1B
330
9
100
AcDbSymbolTableRecord
100
AcDbBlockTableRecord
  2
*Paper_Space
340
1E
 70
0
280
1
281
0
  0
ENDTAB
  0
ENDSEC
  0
SECTION
  2
BLOCKS
  0
BLOCK
  5
18
330
17
100
AcDbEntity
  8
0
100
AcDbBlockBegin
  2
*Model_Space
 70
0
 10
0.0
 20
0.0
 30
0.0
  3
*Model_Space
  1

  0
ENDBLK
  5
19
330
17
100
AcDbEntity
  8
0
100
AcDbBlockEnd
  0
BLOCK
  5
1C
330
1B
100
AcDbEntity
  8
0
100
AcDbBlockBegin
  2
*Paper_Space
 70
0
 10
0.0
 20
0.0
 30
0.0
  3
*Paper_Space
  1

  0
ENDBLK
  5
1D
330
1B
100
AcDbEntity
  8
0
100
AcDbBlockEnd
  0
ENDSEC
  0
SECTION
  2
ENTITIES
  0
LINE
  5
35
330
17
100
AcDbEntity
  8
可见轮廓
100
AcDbLine
 10
42.0
 20
45.0
 30
0.0
 11
42.0
 21
24.500000000000004
 31
0.0
  0
LINE
  5
36
330
17
100
AcDbEntity
  8
可见轮廓
100
AcDbLine
 10
42.0
 20
24.500000000000004
 30
0.0
 11
42.0
 21
4.000000000000018
 31
0.0
  0
LINE
  5
37
330
17
100
AcDbEntity
  8
可见轮廓
100
AcDbLine
 10
40.00000000000001
 20
2.0000000000000036
 30
0.0
 11
22.000000000000004
 21
2.0000000000000036
 31
0.0
  0
LINE
  5
38
330
17
100
AcDbEntity
  8
可见轮廓
100
AcDbLine
 10
22.000000000000004
 20
2.0000000000000036
 30
0.0
 11
3.9999999999999964
 21
2.0000000000000036
 31
0.0
  0
LINE
  5
39
330
17
100
AcDbEntity
  8
可见轮廓
100
AcDbLine
 10
2.0
 20
4.000000000000018
 30
0.0
 11
2.0
 21
24.5
 31
0.0
  0
LINE
  5
3A
330
17
100
AcDbEntity
  8
可见轮廓
100
AcDbLine
 10
2.0
 20
24.5
 30
0.0
 11
2.0
 21
45.0
 31
0.0
  0
LINE
  5
3B
330
17
100
AcDbEntity
  8
可见轮廓
100
AcDbLine
 10
3.9999999999999964
 20
47.0
 30
0.0
 11
22.0
 21
47.0
 31
0.0
  0
LINE
  5
3C
330
17
100
AcDbEntity
  8
可见轮廓
100
AcDbLine
 10
22.0
 20
47.0
 30
0.0
 11
40.00000000000001
 21
47.0
 31
0.0
  0
CIRCLE
  5
3D
330
17
100
AcDbEntity
  8
可见轮廓
100
AcDbCircle
 10
22.0
 20
44.0
 30
0.0
 40
1.65
  0
CIRCLE
  5
3E
330
17
100
AcDbEntity
  8
可见轮廓
100
AcDbCircle
 10
39.0
 20
5.0000000000000036
 30
0.0
 40
1.65
  0
CIRCLE
  5
3F
330
17
100
AcDbEntity
  8
可见轮廓
100
AcDbCircle
 10
5.0
 20
5.0000000000000036
 30
0.0
 40
1.65
  0
ARC
  5
40
330
17
100
AcDbEntity
  8
可见轮廓
100
AcDbCircle
 10
40.0
 20
45.0
 30
0.0
 40
2.0
100
AcDbArc
 50
0.0
 51
45.0
  0
ARC
  5
41
330
17
100
AcDbEntity
  8
可见轮廓
100
AcDbCircle
 10
40.0
 20
45.0
 30
0.0
 40
2.0
100
AcDbArc
 50
45.0
 51
90.0
  0
ARC
  5
42
330
17
100
AcDbEntity
  8
可见轮廓
100
AcDbCircle
 10
4.0
 20
45.0
 30
0.0
 40
2.0
100
AcDbArc
 50
90.0
 51
135.0
  0
ARC
  5
43
330
17
100
AcDbEntity
  8
可见轮廓
100
AcDbCircle
 10
4.0
 20
45.0
 30
0.0
 40
2.0
100
AcDbArc
 50
135.0
 51
180.0
  0
ARC
  5
44
330
17
100
AcDbEntity
  8
可见轮廓
100
AcDbCircle
 10
4.0
 20
4.0000000000000036
 30
0.0
 40
2.0
100
AcDbArc
 50
179.9999999999996
 51
-135.00000000000023
  0
ARC
  5
45
330
17
100
AcDbEntity
  8
可见轮廓
100
AcDbCircle
 10
4.0
 20
4.0000000000000036
 30
0.0
 40
2.0
100
AcDbArc
 50
-135.00000000000023
 51
-90.0
  0
ARC
  5
46
330
17
100
AcDbEntity
  8
可见轮廓
100
AcDbCircle
 10
40.0
 20
4.0000000000000036
 30
0.0
 40
2.0
100
AcDbArc
 50
-90.0
 51
-44.99999999999979
  0
ARC
  5
47
330
17
100
AcDbEntity
  8
可见轮廓
100
AcDbCircle
 10
40.0
 20
4.0000000000000036
 30
0.0
 40
2.0
100
AcDbArc
 50
-44.99999999999979
 51
4.0711099922733015e-13
  0
LINE
  5
48
330
17
100
AcDbEntity
  8
隐藏线
100
AcDbLine
 10
42.0
 20
24.500000000000004
 30
0.0
 11
42.0
 21
12.00000000000001
 31
0.0
  0
LINE
  5
49
330
17
100
AcDbEntity
  8
隐藏线
100
AcDbLine
 10
42.0
 20
12.0
 30
0.0
 11
42.0
 21
7.0
 31
0.0
  0
LINE
  5
4A
330
17
100
AcDbEntity
  8
隐藏线
100
AcDbLine
 10
42.0
 20
7.0
 30
0.0
 11
42.0
 21
4.000000000000007
 31
0.0
  0
LINE
  5
4B
330
17
100
AcDbEntity
  8
隐藏线
100
AcDbLine
 10
11.999999999999998
 20
2.0000000000000036
 30
0.0
 11
6.9999999999999964
 21
2.0000000000000036
 31
0.0
  0
LINE
  5
4C
330
17
100
AcDbEntity
  8
隐藏线
100
AcDbLine
 10
6.9999999999999964
 20
2.0000000000000036
 30
0.0
 11
3.9999999999999964
 21
2.0000000000000036
 31
0.0
  0
LINE
  5
4D
330
17
100
AcDbEntity
  8
隐藏线
100
AcDbLine
 10
32.00000000000001
 20
2.0000000000000036
 30
0.0
 11
22.000000000000004
 21
2.0000000000000036
 31
0.0
  0
LINE
  5
4E
330
17
100
AcDbEntity
  8
隐藏线
100
AcDbLine
 10
22.000000000000004
 20
2.0000000000000036
 30
0.0
 11
11.999999999999998
 21
2.0000000000000036
 31
0.0
  0
LINE
  5
4F
330
17
100
AcDbEntity
  8
隐藏线
100
AcDbLine
 10
40.00000000000001
 20
2.0
 30
0.0
 11
37.00000000000001
 21
2.0
 31
0.0
  0
LINE
  5
50
330
17
100
AcDbEntity
  8
隐藏线
100
AcDbLine
 10
37.00000000000001
 20
2.0
 30
0.0
 11
32.00000000000001
 21
2.0
 31
0.0
  0
LINE
  5
51
330
17
100
AcDbEntity
  8
隐藏线
100
AcDbLine
 10
2.0
 20
12.000000000000018
 30
0.0
 11
2.0
 21
24.5
 31
0.0
  0
LINE
  5
52
330
17
100
AcDbEntity
  8
隐藏线
100
AcDbLine
 10
2.0
 20
4.000000000000007
 30
0.0
 11
2.0000000000000036
 21
7.0000000000000036
 31
0.0
  0
LINE
  5
53
330
17
100
AcDbEntity
  8
隐藏线
100
AcDbLine
 10
2.0000000000000036
 20
7.0000000000000036
 30
0.0
 11
2.0000000000000036
 21
12.000000000000005
 31
0.0
  0
LINE
  5
54
330
17
100
AcDbEntity
  8
隐藏线
100
AcDbLine
 10
28.000000000000007
 20
47.0
 30
0.0
 11
40.00000000000001
 21
47.0
 31
0.0
  0
LINE
  5
55
330
17
100
AcDbEntity
  8
隐藏线
100
AcDbLine
 10
16.000000000000007
 20
47.0
 30
0.0
 11
22.0
 21
47.0
 31
0.0
  0
LINE
  5
56
330
17
100
AcDbEntity
  8
隐藏线
100
AcDbLine
 10
22.0
 20
47.0
 30
0.0
 11
28.000000000000007
 21
47.0
 31
0.0
  0
LINE
  5
57
330
17
100
AcDbEntity
  8
隐藏线
100
AcDbLine
 10
3.9999999999999964
 20
47.0
 30
0.0
 11
16.000000000000007
 21
47.0
 31
0.0
  0
LINE
  5
58
330
17
100
AcDbEntity
  8
隐藏线
100
AcDbLine
 10
26.000000000000007
 20
45.0
 30
0.0
 11
26.000000000000007
 21
44.0
 31
0.0
  0
LINE
  5
59
330
17
100
AcDbEntity
  8
隐藏线
100
AcDbLine
 10
26.000000000000007
 20
44.0
 30
0.0
 11
26.000000000000007
 21
43.0
 31
0.0
  0
LINE
  5
5A
330
17
100
AcDbEntity
  8
隐藏线
100
AcDbLine
 10
34.0
 20
10.000000000000002
 30
0.0
 11
37.0
 21
10.000000000000002
 31
0.0
  0
LINE
  5
5B
330
17
100
AcDbEntity
  8
隐藏线
100
AcDbLine
 10
37.0
 20
10.000000000000002
 30
0.0
 11
40.0
 21
10.0
 31
0.0
  0
LINE
  5
5C
330
17
100
AcDbEntity
  8
隐藏线
100
AcDbLine
 10
34.00000000000001
 20
4.000000000000007
 30
0.0
 11
34.0
 21
7.0000000000000036
 31
0.0
  0
LINE
  5
5D
330
17
100
AcDbEntity
  8
隐藏线
100
AcDbLine
 10
34.0
 20
7.0000000000000036
 30
0.0
 11
34.0
 21
10.000000000000002
 31
0.0
  0
LINE
  5
5E
330
17
100
AcDbEntity
  8
隐藏线
100
AcDbLine
 10
10.0
 20
10.000000000000005
 30
0.0
 11
10.0
 21
7.000000000000007
 31
0.0
  0
LINE
  5
5F
330
17
100
AcDbEntity
  8
隐藏线
100
AcDbLine
 10
10.0
 20
7.000000000000007
 30
0.0
 11
9.999999999999998
 21
4.000000000000007
 31
0.0
  0
LINE
  5
60
330
17
100
AcDbEntity
  8
隐藏线
100
AcDbLine
 10
3.9999999999999964
 20
10.000000000000005
 30
0.0
 11
6.999999999999998
 21
10.000000000000005
 31
0.0
  0
LINE
  5
61
330
17
100
AcDbEntity
  8
隐藏线
100
AcDbLine
 10
6.999999999999998
 20
10.000000000000005
 30
0.0
 11
10.0
 21
10.000000000000005
 31
0.0
  0
LINE
  5
62
330
17
100
AcDbEntity
  8
隐藏线
100
AcDbLine
 10
18.000000000000007
 20
43.0
 30
0.0
 11
18.000000000000007
 21
44.0
 31
0.0
  0
LINE
  5
63
330
17
100
AcDbEntity
  8
隐藏线
100
AcDbLine
 10
18.000000000000007
 20
44.0
 30
0.0
 11
18.000000000000007
 21
45.0
 31
0.0
  0
CIRCLE
  5
64
330
17
100
AcDbEntity
  8
隐藏线
100
AcDbCircle
 10
22.0
 20
43.0
 30
0.0
 40
4.0
  0
ARC
  5
65
330
17
100
AcDbEntity
  8
隐藏线
100
AcDbCircle
 10
28.0
 20
45.0
 30
0.0
 40
2.0
100
AcDbArc
 50
135.00000000000003
 51
180.0
  0
ARC
  5
66
330
17
100
AcDbEntity
  8
隐藏线
100
AcDbCircle
 10
28.0
 20
45.0
 30
0.0
 40
2.0
100
AcDbArc
 50
90.0
 51
135.00000000000003
  0
ARC
  5
67
330
17
100
AcDbEntity
  8
隐藏线
100
AcDbCircle
 10
28.0
 20
45.0
 30
0.0
 40
2.0
100
AcDbArc
 50
90.0
 51
135.00000000000003
  0
ARC
  5
68
330
17
100
AcDbEntity
  8
隐藏线
100
AcDbCircle
 10
28.0
 20
45.0
 30
0.0
 40
2.0
100
AcDbArc
 50
135.00000000000003
 51
180.0
  0
ARC
  5
69
330
17
100
AcDbEntity
  8
隐藏线
100
AcDbCircle
 10
40.0
 20
12.000000000000004
 30
0.0
 40
2.0
100
AcDbArc
 50
-44.99999999999982
 51
3.562221243239139e-13
  0
ARC
  5
6A
330
17
100
AcDbEntity
  8
隐藏线
100
AcDbCircle
 10
40.0
 20
12.000000000000004
 30
0.0
 40
2.0
100
AcDbArc
 50
-90.0
 51
-44.99999999999982
  0
ARC
  5
6B
330
17
100
AcDbEntity
  8
隐藏线
100
AcDbCircle
 10
40.0
 20
12.000000000000004
 30
0.0
 40
2.0
100
AcDbArc
 50
-90.0
 51
-44.99999999999982
  0
ARC
  5
6C
330
17
100
AcDbEntity
  8
隐藏线
100
AcDbCircle
 10
40.0
 20
12.000000000000004
 30
0.0
 40
2.0
100
AcDbArc
 50
-44.99999999999982
 51
0.0
  0
ARC
  5
6D
330
17
100
AcDbEntity
  8
隐藏线
100
AcDbCircle
 10
32.0
 20
4.0000000000000036
 30
0.0
 40
2.0
100
AcDbArc
 50
-44.999999999999964
 51
0.0
  0
ARC
  5
6E
330
17
100
AcDbEntity
  8
隐藏线
100
AcDbCircle
 10
32.0
 20
4.0000000000000036
 30
0.0
 40
2.0
100
AcDbArc
 50
-90.0
 51
-44.999999999999964
  0
ARC
  5
6F
330
17
100
AcDbEntity
  8
隐藏线
100
AcDbCircle
 10
32.0
 20
4.0000000000000036
 30
0.0
 40
2.0
100
AcDbArc
 50
-90.0
 51
-45.0
  0
ARC
  5
70
330
17
100
AcDbEntity
  8
隐藏线
100
AcDbCircle
 10
32.0
 20
4.0000000000000036
 30
0.0
 40
2.0
100
AcDbArc
 50
-45.0
 51
0.0
  0
ARC
  5
71
330
17
100
AcDbEntity
  8
隐藏线
100
AcDbCircle
 10
12.0
 20
4.0000000000000036
 30
0.0
 40
2.0
100
AcDbArc
 50
-135.0
 51
-90.0
  0
ARC
  5
72
330
17
100
AcDbEntity
  8
隐藏线
100
AcDbCircle
 10
12.0
 20
4.0000000000000036
 30
0.0
 40
2.0
100
AcDbArc
 50
180.0
 51
-135.0
  0
ARC
  5
73
330
17
100
AcDbEntity
  8
隐藏线
100
AcDbCircle
 10
12.0
 20
4.0000000000000036
 30
0.0
 40
2.0
100
AcDbArc
 50
180.0
 51
-135.0
  0
ARC
  5
74
330
17
100
AcDbEntity
  8
隐藏线
100
AcDbCircle
 10
12.0
 20
4.0000000000000036
 30
0.0
 40
2.0
100
AcDbArc
 50
-135.0
 51
-90.0
  0
ARC
  5
75
330
17
100
AcDbEntity
  8
隐藏线
100
AcDbCircle
 10
4.0
 20
12.000000000000004
 30
0.0
 40
2.0
100
AcDbArc
 50
-135.00000000000017
 51
-90.0
  0
ARC
  5
76
330
17
100
AcDbEntity
  8
隐藏线
100
AcDbCircle
 10
4.0
 20
12.000000000000004
 30
0.0
 40
2.0
100
AcDbArc
 50
179.9999999999996
 51
-135.00000000000017
  0
ARC
  5
77
330
17
100
AcDbEntity
  8
隐藏线
100
AcDbCircle
 10
4.0
 20
12.000000000000004
 30
0.0
 40
2.0
100
AcDbArc
 50
180.0
 51
-135.00000000000017
  0
ARC
  5
78
330
17
100
AcDbEntity
  8
隐藏线
100
AcDbCircle
 10
4.0
 20
12.000000000000004
 30
0.0
 40
2.0
100
AcDbArc
 50
-135.00000000000017
 51
-90.0
  0
ARC
  5
79
330
17
100
AcDbEntity
  8
隐藏线
100
AcDbCircle
 10
16.0
 20
45.0
 30
0.0
 40
2.0
100
AcDbArc
 50
45.0
 51
90.0
  0
ARC
  5
7A
330
17
100
AcDbEntity
  8
隐藏线
100
AcDbCircle
 10
16.0
 20
45.0
 30
0.0
 40
2.0
100
AcDbArc
 50
0.0
 51
45.0
  0
ARC
  5
7B
330
17
100
AcDbEntity
  8
隐藏线
100
AcDbCircle
 10
16.0
 20
45.0
 30
0.0
 40
2.0
100
AcDbArc
 50
0.0
 51
44.99999999999998
  0
ARC
  5
7C
330
17
100
AcDbEntity
  8
隐藏线
100
AcDbCircle
 10
16.0
 20
45.0
 30
0.0
 40
2.0
100
AcDbArc
 50
44.99999999999998
 51
89.99999999999997
  0
LINE
  5
7D
330
17
100
AcDbEntity
  8
可见轮廓
100
AcDbLine
 10
2.0
 20
104.0
 30
0.0
 11
2.0
 21
101.0
 31
0.0
  0
LINE
  5
7E
330
17
100
AcDbEntity
  8
可见轮廓
100
AcDbLine
 10
2.0
 20
101.0
 30
0.0
 11
2.0
 21
102.5
 31
0.0
  0
LINE
  5
7F
330
17
100
AcDbEntity
  8
可见轮廓
100
AcDbLine
 10
2.0
 20
102.5
 30
0.0
 11
2.0
 21
104.0
 31
0.0
  0
LINE
  5
80
330
17
100
AcDbEntity
  8
可见轮廓
100
AcDbLine
 10
2.0
 20
104.0
 30
0.0
 11
2.0
 21
111.0
 31
0.0
  0
LINE
  5
81
330
17
100
AcDbEntity
  8
可见轮廓
100
AcDbLine
 10
2.0
 20
111.0
 30
0.0
 11
2.0
 21
112.5
 31
0.0
  0
LINE
  5
82
330
17
100
AcDbEntity
  8
可见轮廓
100
AcDbLine
 10
2.0
 20
112.5
 30
0.0
 11
2.0
 21
121.0
 31
0.0
  0
LINE
  5
83
330
17
100
AcDbEntity
  8
可见轮廓
100
AcDbLine
 10
3.999999999999993
 20
101.0
 30
0.0
 11
21.999999999999996
 21
101.0
 31
0.0
  0
LINE
  5
84
330
17
100
AcDbEntity
  8
可见轮廓
100
AcDbLine
 10
21.999999999999996
 20
101.0
 30
0.0
 11
40.0
 21
101.0
 31
0.0
  0
LINE
  5
85
330
17
100
AcDbEntity
  8
可见轮廓
100
AcDbLine
 10
32.0
 20
104.0
 30
0.0
 11
37.0
 21
104.0
 31
0.0
  0
LINE
  5
86
330
17
100
AcDbEntity
  8
可见轮廓
100
AcDbLine
 10
37.0
 20
104.0
 30
0.0
 11
40.0
 21
104.0
 31
0.0
  0
LINE
  5
87
330
17
100
AcDbEntity
  8
可见轮廓
100
AcDbLine
 10
11.999999999999993
 20
121.0
 30
0.0
 11
21.999999999999996
 21
121.0
 31
0.0
  0
LINE
  5
88
330
17
100
AcDbEntity
  8
可见轮廓
100
AcDbLine
 10
21.999999999999996
 20
121.0
 30
0.0
 11
32.0
 21
121.0
 31
0.0
  0
LINE
  5
89
330
17
100
AcDbEntity
  8
可见轮廓
100
AcDbLine
 10
3.999999999999993
 20
104.0
 30
0.0
 11
6.999999999999993
 21
104.0
 31
0.0
  0
LINE
  5
8A
330
17
100
AcDbEntity
  8
可见轮廓
100
AcDbLine
 10
6.999999999999993
 20
104.0
 30
0.0
 11
11.999999999999995
 21
104.0
 31
0.0
  0
LINE
  5
8B
330
17
100
AcDbEntity
  8
可见轮廓
100
AcDbLine
 10
42.0
 20
104.0
 30
0.0
 11
42.0
 21
111.0
 31
0.0
  0
LINE
  5
8C
330
17
100
AcDbEntity
  8
可见轮廓
100
AcDbLine
 10
42.0
 20
111.0
 30
0.0
 11
42.0
 21
121.0
 31
0.0
  0
LINE
  5
8D
330
17
100
AcDbEntity
  8
可见轮廓
100
AcDbLine
 10
42.0
 20
121.0
 30
0.0
 11
42.0
 21
112.5
 31
0.0
  0
LINE
  5
8E
330
17
100
AcDbEntity
  8
可见轮廓
100
AcDbLine
 10
42.0
 20
112.5
 30
0.0
 11
42.0
 21
111.0
 31
0.0
  0
LINE
  5
8F
330
17
100
AcDbEntity
  8
可见轮廓
100
AcDbLine
 10
42.0
 20
104.0
 30
0.0
 11
42.0
 21
102.5
 31
0.0
  0
LINE
  5
90
330
17
100
AcDbEntity
  8
可见轮廓
100
AcDbLine
 10
42.0
 20
102.5
 30
0.0
 11
42.0
 21
101.0
 31
0.0
  0
LINE
  5
91
330
17
100
AcDbEntity
  8
可见轮廓
100
AcDbLine
 10
1.9999999999999964
 20
121.0
 30
0.0
 11
2.010218277651223
 21
121.0
 31
0.0
  0
LINE
  5
92
330
17
100
AcDbEntity
  8
可见轮廓
100
AcDbLine
 10
2.039201069299935
 20
121.0
 30
0.0
 11
2.086682351928161
 21
121.0
 31
0.0
  0
LINE
  5
93
330
17
100
AcDbEntity
  8
可见轮廓
100
AcDbLine
 10
2.086682351928161
 20
121.0
 30
0.0
 11
2.1522409349774207
 21
121.0
 31
0.0
  0
LINE
  5
94
330
17
100
AcDbEntity
  8
可见轮廓
100
AcDbLine
 10
2.1522409349774207
 20
121.0
 30
0.0
 11
2.2366804331856507
 21
121.0
 31
0.0
  0
LINE
  5
95
330
17
100
AcDbEntity
  8
可见轮廓
100
AcDbLine
 10
2.2366804331856507
 20
121.0
 30
0.0
 11
2.337714931812446
 21
121.0
 31
0.0
  0
LINE
  5
96
330
17
100
AcDbEntity
  8
可见轮廓
100
AcDbLine
 10
2.337714931812446
 20
121.0
 30
0.0
 11
2.454431693856364
 21
121.0
 31
0.0
  0
LINE
  5
97
330
17
100
AcDbEntity
  8
可见轮廓
100
AcDbLine
 10
2.454431693856364
 20
121.0
 30
0.0
 11
2.585786437626897
 21
121.0
 31
0.0
  0
LINE
  5
98
330
17
100
AcDbEntity
  8
可见轮廓
100
AcDbLine
 10
2.585786437626897
 20
121.0
 30
0.0
 11
2.7315920082358893
 21
121.0
 31
0.0
  0
LINE
  5
99
330
17
100
AcDbEntity
  8
可见轮廓
100
AcDbLine
 10
2.7315920082358893
 20
121.0
 30
0.0
 11
2.8892966273048515
 21
121.0
 31
0.0
  0
LINE
  5
9A
330
17
100
AcDbEntity
  8
可见轮廓
100
AcDbLine
 10
2.8892966273048515
 20
121.0
 30
0.0
 11
3.057479799783355
 21
121.0
 31
0.0
  0
LINE
  5
9B
330
17
100
AcDbEntity
  8
可见轮廓
100
AcDbLine
 10
3.057479799783355
 20
121.0
 30
0.0
 11
3.2346331352698137
 21
121.0
 31
0.0
  0
LINE
  5
9C
330
17
100
AcDbEntity
  8
可见轮廓
100
AcDbLine
 10
3.2346331352698137
 20
121.0
 30
0.0
 11
3.419607201885139
 21
121.0
 31
0.0
  0
LINE
  5
9D
330
17
100
AcDbEntity
  8
可见轮廓
100
AcDbLine
 10
3.419607201885139
 20
121.0
 30
0.0
 11
3.6099728427389444
 21
121.0
 31
0.0
  0
LINE
  5
9E
330
17
100
AcDbEntity
  8
可见轮廓
100
AcDbLine
 10
3.6099728427389444
 20
121.0
 30
0.0
 11
3.8040180622264366
 21
121.0
 31
0.0
  0
LINE
  5
9F
330
17
100
AcDbEntity
  8
可见轮廓
100
AcDbLine
 10
3.8040180622264366
 20
121.0
 30
0.0
 11
3.9999999999999964
 21
121.0
 31
0.0
  0
LINE
  5
A0
330
17
100
AcDbEntity
  8
可见轮廓
100
AcDbLine
 10
9.999999999999996
 20
121.0
 30
0.0
 11
6.9999999999999964
 21
121.0
 31
0.0
  0
LINE
  5
A1
330
17
100
AcDbEntity
  8
可见轮廓
100
AcDbLine
 10
6.9999999999999964
 20
121.0
 30
0.0
 11
3.9999999999999964
 21
121.0
 31
0.0
  0
LINE
  5
A2
330
17
100
AcDbEntity
  8
可见轮廓
100
AcDbLine
 10
9.999999999999993
 20
121.0
 30
0.0
 11
10.010218277651221
 21
121.0
 31
0.0
  0
LINE
  5
A3
330
17
100
AcDbEntity
  8
可见轮廓
100
AcDbLine
 10
10.039201069299933
 20
121.0
 30
0.0
 11
10.08668235192816
 21
121.0
 31
0.0
  0
LINE
  5
A4
330
17
100
AcDbEntity
  8
可见轮廓
100
AcDbLine
 10
10.08668235192816
 20
121.0
 30
0.0
 11
10.15224093497742
 21
121.0
 31
0.0
  0
LINE
  5
A5
330
17
100
AcDbEntity
  8
可见轮廓
100
AcDbLine
 10
10.15224093497742
 20
121.0
 30
0.0
 11
10.236680433185654
 21
121.0
 31
0.0
  0
LINE
  5
A6
330
17
100
AcDbEntity
  8
可见轮廓
100
AcDbLine
 10
10.236680433185654
 20
121.0
 30
0.0
 11
10.337714931812448
 21
121.0
 31
0.0
  0
LINE
  5
A7
330
17
100
AcDbEntity
  8
可见轮廓
100
AcDbLine
 10
10.337714931812448
 20
121.0
 30
0.0
 11
10.454431693856366
 21
121.0
 31
0.0
  0
LINE
  5
A8
330
17
100
AcDbEntity
  8
可见轮廓
100
AcDbLine
 10
10.454431693856366
 20
121.0
 30
0.0
 11
10.585786437626897
 21
121.0
 31
0.0
  0
LINE
  5
A9
330
17
100
AcDbEntity
  8
可见轮廓
100
AcDbLine
 10
10.585786437626897
 20
121.0
 30
0.0
 11
10.731592008235891
 21
121.0
 31
0.0
  0
LINE
  5
AA
330
17
100
AcDbEntity
  8
可见轮廓
100
AcDbLine
 10
10.731592008235891
 20
121.0
 30
0.0
 11
10.889296627304851
 21
121.0
 31
0.0
  0
LINE
  5
AB
330
17
100
AcDbEntity
  8
可见轮廓
100
AcDbLine
 10
10.889296627304851
 20
121.0
 30
0.0
 11
11.057479799783355
 21
121.0
 31
0.0
  0
LINE
  5
AC
330
17
100
AcDbEntity
  8
可见轮廓
100
AcDbLine
 10
11.057479799783355
 20
121.0
 30
0.0
 11
11.234633135269814
 21
121.0
 31
0.0
  0
LINE
  5
AD
330
17
100
AcDbEntity
  8
可见轮廓
100
AcDbLine
 10
11.234633135269814
 20
121.0
 30
0.0
 11
11.419607201885137
 21
121.0
 31
0.0
  0
LINE
  5
AE
330
17
100
AcDbEntity
  8
可见轮廓
100
AcDbLine
 10
11.419607201885137
 20
121.0
 30
0.0
 11
11.609972842738943
 21
121.0
 31
0.0
  0
LINE
  5
AF
330
17
100
AcDbEntity
  8
可见轮廓
100
AcDbLine
 10
11.609972842738943
 20
121.0
 30
0.0
 11
11.804018062226437
 21
121.0
 31
0.0
  0
LINE
  5
B0
330
17
100
AcDbEntity
  8
可见轮廓
100
AcDbLine
 10
11.804018062226437
 20
121.0
 30
0.0
 11
11.999999999999995
 21
121.0
 31
0.0
  0
LINE
  5
B1
330
17
100
AcDbEntity
  8
可见轮廓
100
AcDbLine
 10
32.0
 20
121.0
 30
0.0
 11
32.19598193777356
 21
121.0
 31
0.0
  0
LINE
  5
B2
330
17
100
AcDbEntity
  8
可见轮廓
100
AcDbLine
 10
32.19598193777356
 20
121.0
 30
0.0
 11
32.39002715726105
 21
121.0
 31
0.0
  0
LINE
  5
B3
330
17
100
AcDbEntity
  8
可见轮廓
100
AcDbLine
 10
32.39002715726105
 20
121.0
 30
0.0
 11
32.58039279811486
 21
121.0
 31
0.0
  0
LINE
  5
B4
330
17
100
AcDbEntity
  8
可见轮廓
100
AcDbLine
 10
32.58039279811486
 20
121.0
 30
0.0
 11
32.76536686473018
 21
121.0
 31
0.0
  0
LINE
  5
B5
330
17
100
AcDbEntity
  8
可见轮廓
100
AcDbLine
 10
32.76536686473018
 20
121.0
 30
0.0
 11
32.94252020021664
 21
121.0
 31
0.0
  0
LINE
  5
B6
330
17
100
AcDbEntity
  8
可见轮廓
100
AcDbLine
 10
32.94252020021664
 20
121.0
 30
0.0
 11
33.11070337269514
 21
121.0
 31
0.0
  0
LINE
  5
B7
330
17
100
AcDbEntity
  8
可见轮廓
100
AcDbLine
 10
33.11070337269514
 20
121.0
 30
0.0
 11
33.26840799176411
 21
121.0
 31
0.0
  0
LINE
  5
B8
330
17
100
AcDbEntity
  8
可见轮廓
100
AcDbLine
 10
33.26840799176411
 20
121.0
 30
0.0
 11
33.4142135623731
 21
121.0
 31
0.0
  0
LINE
  5
B9
330
17
100
AcDbEntity
  8
可见轮廓
100
AcDbLine
 10
33.4142135623731
 20
121.0
 30
0.0
 11
33.54556830614363
 21
121.0
 31
0.0
  0
LINE
  5
BA
330
17
100
AcDbEntity
  8
可见轮廓
100
AcDbLine
 10
33.54556830614363
 20
121.0
 30
0.0
 11
33.66228506818754
 21
121.0
 31
0.0
  0
LINE
  5
BB
330
17
100
AcDbEntity
  8
可见轮廓
100
AcDbLine
 10
33.66228506818754
 20
121.0
 30
0.0
 11
33.763319566814346
 21
121.0
 31
0.0
  0
LINE
  5
BC
330
17
100
AcDbEntity
  8
可见轮廓
100
AcDbLine
 10
33.763319566814346
 20
121.0
 30
0.0
 11
33.84775906502258
 21
121.0
 31
0.0
  0
LINE
  5
BD
330
17
100
AcDbEntity
  8
可见轮廓
100
AcDbLine
 10
33.84775906502258
 20
121.0
 30
0.0
 11
33.91331764807184
 21
121.0
 31
0.0
  0
LINE
  5
BE
330
17
100
AcDbEntity
  8
可见轮廓
100
AcDbLine
 10
33.91331764807184
 20
121.0
 30
0.0
 11
33.960798930700065
 21
121.0
 31
0.0
  0
LINE
  5
BF
330
17
100
AcDbEntity
  8
可见轮廓
100
AcDbLine
 10
33.960798930700065
 20
121.0
 30
0.0
 11
33.98978172234877
 21
121.0
 31
0.0
  0
LINE
  5
C0
330
17
100
AcDbEntity
  8
可见轮廓
100
AcDbLine
 10
40.0
 20
121.0
 30
0.0
 11
37.0
 21
121.0
 31
0.0
  0
LINE
  5
C1
330
17
100
AcDbEntity
  8
可见轮廓
100
AcDbLine
 10
37.0
 20
121.0
 30
0.0
 11
34.0
 21
121.0
 31
0.0
  0
LINE
  5
C2
330
17
100
AcDbEntity
  8
可见轮廓
100
AcDbLine
 10
40.0
 20
121.0
 30
0.0
 11
40.19598193777356
 21
121.0
 31
0.0
  0
LINE
  5
C3
330
17
100
AcDbEntity
  8
可见轮廓
100
AcDbLine
 10
40.19598193777356
 20
121.0
 30
0.0
 11
40.39002715726106
 21
121.0
 31
0.0
  0
LINE
  5
C4
330
17
100
AcDbEntity
  8
可见轮廓
100
AcDbLine
 10
40.39002715726106
 20
121.0
 30
0.0
 11
40.580392798114865
 21
121.0
 31
0.0
  0
LINE
  5
C5
330
17
100
AcDbEntity
  8
可见轮廓
100
AcDbLine
 10
40.580392798114865
 20
121.0
 30
0.0
 11
40.76536686473018
 21
121.0
 31
0.0
  0
LINE
  5
C6
330
17
100
AcDbEntity
  8
可见轮廓
100
AcDbLine
 10
40.76536686473018
 20
121.0
 30
0.0
 11
40.94252020021665
 21
121.0
 31
0.0
  0
LINE
  5
C7
330
17
100
AcDbEntity
  8
可见轮廓
100
AcDbLine
 10
40.94252020021665
 20
121.0
 30
0.0
 11
41.110703372695156
 21
121.0
 31
0.0
  0
LINE
  5
C8
330
17
100
AcDbEntity
  8
可见轮廓
100
AcDbLine
 10
41.110703372695156
 20
121.0
 30
0.0
 11
41.26840799176411
 21
121.0
 31
0.0
  0
LINE
  5
C9
330
17
100
AcDbEntity
  8
可见轮廓
100
AcDbLine
 10
41.26840799176411
 20
121.0
 30
0.0
 11
41.41421356237311
 21
121.0
 31
0.0
  0
LINE
  5
CA
330
17
100
AcDbEntity
  8
可见轮廓
100
AcDbLine
 10
41.41421356237311
 20
121.0
 30
0.0
 11
41.545568306143636
 21
121.0
 31
0.0
  0
LINE
  5
CB
330
17
100
AcDbEntity
  8
可见轮廓
100
AcDbLine
 10
41.545568306143636
 20
121.0
 30
0.0
 11
41.66228506818756
 21
121.0
 31
0.0
  0
LINE
  5
CC
330
17
100
AcDbEntity
  8
可见轮廓
100
AcDbLine
 10
41.66228506818756
 20
121.0
 30
0.0
 11
41.763319566814346
 21
121.0
 31
0.0
  0
LINE
  5
CD
330
17
100
AcDbEntity
  8
可见轮廓
100
AcDbLine
 10
41.763319566814346
 20
121.0
 30
0.0
 11
41.84775906502258
 21
121.0
 31
0.0
  0
LINE
  5
CE
330
17
100
AcDbEntity
  8
可见轮廓
100
AcDbLine
 10
41.84775906502258
 20
121.0
 30
0.0
 11
41.91331764807184
 21
121.0
 31
0.0
  0
LINE
  5
CF
330
17
100
AcDbEntity
  8
可见轮廓
100
AcDbLine
 10
41.91331764807184
 20
121.0
 30
0.0
 11
41.960798930700065
 21
121.0
 31
0.0
  0
LINE
  5
D0
330
17
100
AcDbEntity
  8
可见轮廓
100
AcDbLine
 10
41.960798930700065
 20
121.0
 30
0.0
 11
41.98978172234878
 21
121.0
 31
0.0
  0
LINE
  5
D1
330
17
100
AcDbEntity
  8
可见轮廓
100
AcDbLine
 10
3.349999999999998
 20
101.0
 30
0.0
 11
3.361555339734121
 21
101.0
 31
0.0
  0
LINE
  5
D2
330
17
100
AcDbEntity
  8
可见轮廓
100
AcDbLine
 10
3.361555339734121
 20
101.0
 30
0.0
 11
3.3942886048203853
 21
101.0
 31
0.0
  0
LINE
  5
D3
330
17
100
AcDbEntity
  8
可见轮廓
100
AcDbLine
 10
3.4477879418708923
 20
101.0
 30
0.0
 11
3.5214026917378725
 21
101.0
 31
0.0
  0
LINE
  5
D4
330
17
100
AcDbEntity
  8
可见轮廓
100
AcDbLine
 10
3.5214026917378725
 20
101.0
 30
0.0
 11
3.615727374001125
 21
101.0
 31
0.0
  0
LINE
  5
D5
330
17
100
AcDbEntity
  8
可见轮廓
100
AcDbLine
 10
3.615727374001125
 20
101.0
 30
0.0
 11
3.7278925506239773
 21
101.0
 31
0.0
  0
LINE
  5
D6
330
17
100
AcDbEntity
  8
可见轮廓
100
AcDbLine
 10
3.7278925506239773
 20
101.0
 30
0.0
 11
3.8565094226880454
 21
101.0
 31
0.0
  0
LINE
  5
D7
330
17
100
AcDbEntity
  8
可见轮廓
100
AcDbLine
 10
3.8565094226880454
 20
101.0
 30
0.0
 11
3.999999999999993
 21
101.0
 31
0.0
  0
LINE
  5
D8
330
17
100
AcDbEntity
  8
可见轮廓
100
AcDbLine
 10
1.999999999999993
 20
101.0
 30
0.0
 11
2.010218277651223
 21
101.0
 31
0.0
  0
LINE
  5
D9
330
17
100
AcDbEntity
  8
可见轮廓
100
AcDbLine
 10
2.039201069299935
 20
101.0
 30
0.0
 11
2.086682351928161
 21
101.0
 31
0.0
  0
LINE
  5
DA
330
17
100
AcDbEntity
  8
可见轮廓
100
AcDbLine
 10
2.086682351928161
 20
101.0
 30
0.0
 11
2.1522409349774207
 21
101.0
 31
0.0
  0
LINE
  5
DB
330
17
100
AcDbEntity
  8
可见轮廓
100
AcDbLine
 10
2.1522409349774207
 20
101.0
 30
0.0
 11
2.2366804331856542
 21
101.0
 31
0.0
  0
LINE
  5
DC
330
17
100
AcDbEntity
  8
可见轮廓
100
AcDbLine
 10
2.2366804331856542
 20
101.0
 30
0.0
 11
2.3377149318124495
 21
101.0
 31
0.0
  0
LINE
  5
DD
330
17
100
AcDbEntity
  8
可见轮廓
100
AcDbLine
 10
2.3377149318124495
 20
101.0
 30
0.0
 11
2.4544316938563675
 21
101.0
 31
0.0
  0
LINE
  5
DE
330
17
100
AcDbEntity
  8
可见轮廓
100
AcDbLine
 10
2.4544316938563675
 20
101.0
 30
0.0
 11
2.5857864376269006
 21
101.0
 31
0.0
  0
LINE
  5
DF
330
17
100
AcDbEntity
  8
可见轮廓
100
AcDbLine
 10
2.5857864376269006
 20
101.0
 30
0.0
 11
2.668481036495468
 21
101.0
 31
0.0
  0
LINE
  5
E0
330
17
100
AcDbEntity
  8
可见轮廓
100
AcDbLine
 10
2.668481036495468
 20
101.0
 30
0.0
 11
2.755369753091422
 21
101.0
 31
0.0
  0
LINE
  5
E1
330
17
100
AcDbEntity
  8
可见轮廓
100
AcDbLine
 10
2.755369753091422
 20
101.0
 30
0.0
 11
2.8461907265424102
 21
101.0
 31
0.0
  0
LINE
  5
E2
330
17
100
AcDbEntity
  8
可见轮廓
100
AcDbLine
 10
2.8461907265424102
 20
101.0
 30
0.0
 11
2.9406710519098738
 21
101.0
 31
0.0
  0
LINE
  5
E3
330
17
100
AcDbEntity
  8
可见轮廓
100
AcDbLine
 10
2.9406710519098738
 20
101.0
 30
0.0
 11
3.0387768541925873
 21
101.0
 31
0.0
  0
LINE
  5
E4
330
17
100
AcDbEntity
  8
可见轮廓
100
AcDbLine
 10
3.0387768541925873
 20
101.0
 30
0.0
 11
3.139904609801519
 21
101.0
 31
0.0
  0
LINE
  5
E5
330
17
100
AcDbEntity
  8
可见轮廓
100
AcDbLine
 10
3.139904609801519
 20
101.0
 30
0.0
 11
3.243749731473585
 21
101.0
 31
0.0
  0
LINE
  5
E6
330
17
100
AcDbEntity
  8
可见轮廓
100
AcDbLine
 10
3.243749731473585
 20
101.0
 30
0.0
 11
3.349999999999998
 21
101.0
 31
0.0
  0
LINE
  5
E7
330
17
100
AcDbEntity
  8
可见轮廓
100
AcDbLine
 10
42.00000000000001
 20
101.0
 30
0.0
 11
41.98978172234878
 21
101.0
 31
0.0
  0
LINE
  5
E8
330
17
100
AcDbEntity
  8
可见轮廓
100
AcDbLine
 10
41.960798930700065
 20
101.0
 30
0.0
 11
41.91331764807184
 21
101.0
 31
0.0
  0
LINE
  5
E9
330
17
100
AcDbEntity
  8
可见轮廓
100
AcDbLine
 10
41.91331764807184
 20
101.0
 30
0.0
 11
41.847759065022586
 21
101.0
 31
0.0
  0
LINE
  5
EA
330
17
100
AcDbEntity
  8
可见轮廓
100
AcDbLine
 10
41.847759065022586
 20
101.0
 30
0.0
 11
41.76331956681435
 21
101.0
 31
0.0
  0
LINE
  5
EB
330
17
100
AcDbEntity
  8
可见轮廓
100
AcDbLine
 10
41.76331956681435
 20
101.0
 30
0.0
 11
41.66228506818756
 21
101.0
 31
0.0
  0
LINE
  5
EC
330
17
100
AcDbEntity
  8
可见轮廓
100
AcDbLine
 10
41.66228506818756
 20
101.0
 30
0.0
 11
41.545568306143636
 21
101.0
 31
0.0
  0
LINE
  5
ED
330
17
100
AcDbEntity
  8
可见轮廓
100
AcDbLine
 10
41.545568306143636
 20
101.0
 30
0.0
 11
41.41421356237311
 21
101.0
 31
0.0
  0
LINE
  5
EE
330
17
100
AcDbEntity
  8
可见轮廓
100
AcDbLine
 10
41.41421356237311
 20
101.0
 30
0.0
 11
41.268407991764114
 21
101.0
 31
0.0
  0
LINE
  5
EF
330
17
100
AcDbEntity
  8
可见轮廓
100
AcDbLine
 10
41.268407991764114
 20
101.0
 30
0.0
 11
41.110703372695156
 21
101.0
 31
0.0
  0
LINE
  5
F0
330
17
100
AcDbEntity
  8
可见轮廓
100
AcDbLine
 10
41.110703372695156
 20
101.0
 30
0.0
 11
40.94252020021665
 21
101.0
 31
0.0
  0
LINE
  5
F1
330
17
100
AcDbEntity
  8
可见轮廓
100
AcDbLine
 10
40.94252020021665
 20
101.0
 30
0.0
 11
40.76536686473019
 21
101.0
 31
0.0
  0
LINE
  5
F2
330
17
100
AcDbEntity
  8
可见轮廓
100
AcDbLine
 10
40.76536686473019
 20
101.0
 30
0.0
 11
40.580392798114865
 21
101.0
 31
0.0
  0
LINE
  5
F3
330
17
100
AcDbEntity
  8
可见轮廓
100
AcDbLine
 10
40.580392798114865
 20
101.0
 30
0.0
 11
40.39002715726106
 21
101.0
 31
0.0
  0
LINE
  5
F4
330
17
100
AcDbEntity
  8
可见轮廓
100
AcDbLine
 10
40.39002715726106
 20
101.0
 30
0.0
 11
40.19598193777357
 21
101.0
 31
0.0
  0
LINE
  5
F5
330
17
100
AcDbEntity
  8
可见轮廓
100
AcDbLine
 10
40.19598193777357
 20
101.0
 30
0.0
 11
40.0
 21
101.0
 31
0.0
  0
LINE
  5
F6
330
17
100
AcDbEntity
  8
可见轮廓
100
AcDbLine
 10
3.999999999999993
 20
101.0
 30
0.0
 11
3.804018062226433
 21
101.0
 31
0.0
  0
LINE
  5
F7
330
17
100
AcDbEntity
  8
可见轮廓
100
AcDbLine
 10
3.804018062226433
 20
101.0
 30
0.0
 11
3.609972842738941
 21
101.0
 31
0.0
  0
LINE
  5
F8
330
17
100
AcDbEntity
  8
可见轮廓
100
AcDbLine
 10
3.609972842738941
 20
101.0
 30
0.0
 11
3.419607201885132
 21
101.0
 31
0.0
  0
LINE
  5
F9
330
17
100
AcDbEntity
  8
可见轮廓
100
AcDbLine
 10
3.419607201885132
 20
101.0
 30
0.0
 11
3.23463313526981
 21
101.0
 31
0.0
  0
LINE
  5
FA
330
17
100
AcDbEntity
  8
可见轮廓
100
AcDbLine
 10
3.0574797997833514
 20
101.0
 30
0.0
 11
2.8892966273048444
 21
101.0
 31
0.0
  0
LINE
  5
FB
330
17
100
AcDbEntity
  8
可见轮廓
100
AcDbLine
 10
2.8892966273048444
 20
101.0
 30
0.0
 11
2.731592008235882
 21
101.0
 31
0.0
  0
LINE
  5
FC
330
17
100
AcDbEntity
  8
可见轮廓
100
AcDbLine
 10
9.999999999999995
 20
104.0
 30
0.0
 11
9.999999999999995
 21
112.5
 31
0.0
  0
LINE
  5
FD
330
17
100
AcDbEntity
  8
可见轮廓
100
AcDbLine
 10
9.999999999999995
 20
112.5
 30
0.0
 11
9.999999999999995
 21
121.0
 31
0.0
  0
LINE
  5
FE
330
17
100
AcDbEntity
  8
可见轮廓
100
AcDbLine
 10
3.349999999999998
 20
104.0
 30
0.0
 11
3.361555339734121
 21
104.0
 31
0.0
  0
LINE
  5
FF
330
17
100
AcDbEntity
  8
可见轮廓
100
AcDbLine
 10
3.361555339734121
 20
104.0
 30
0.0
 11
3.3942886048203853
 21
104.0
 31
0.0
  0
LINE
  5
100
330
17
100
AcDbEntity
  8
可见轮廓
100
AcDbLine
 10
3.4477879418708923
 20
104.0
 30
0.0
 11
3.5214026917378725
 21
104.0
 31
0.0
  0
LINE
  5
101
330
17
100
AcDbEntity
  8
可见轮廓
100
AcDbLine
 10
3.5214026917378725
 20
104.0
 30
0.0
 11
3.615727374001125
 21
104.0
 31
0.0
  0
LINE
  5
102
330
17
100
AcDbEntity
  8
可见轮廓
100
AcDbLine
 10
3.615727374001125
 20
104.0
 30
0.0
 11
3.7278925506239773
 21
104.0
 31
0.0
  0
LINE
  5
103
330
17
100
AcDbEntity
  8
可见轮廓
100
AcDbLine
 10
3.7278925506239773
 20
104.0
 30
0.0
 11
3.8565094226880454
 21
104.0
 31
0.0
  0
LINE
  5
104
330
17
100
AcDbEntity
  8
可见轮廓
100
AcDbLine
 10
3.8565094226880454
 20
104.0
 30
0.0
 11
3.999999999999993
 21
104.0
 31
0.0
  0
LINE
  5
105
330
17
100
AcDbEntity
  8
可见轮廓
100
AcDbLine
 10
1.999999999999993
 20
104.0
 30
0.0
 11
2.0102182776512194
 21
104.0
 31
0.0
  0
LINE
  5
106
330
17
100
AcDbEntity
  8
可见轮廓
100
AcDbLine
 10
2.0392010692999314
 20
104.0
 30
0.0
 11
2.0866823519281574
 21
104.0
 31
0.0
  0
LINE
  5
107
330
17
100
AcDbEntity
  8
可见轮廓
100
AcDbLine
 10
2.0866823519281574
 20
104.0
 30
0.0
 11
2.152240934977417
 21
104.0
 31
0.0
  0
LINE
  5
108
330
17
100
AcDbEntity
  8
可见轮廓
100
AcDbLine
 10
2.152240934977417
 20
104.0
 30
0.0
 11
2.2366804331856507
 21
104.0
 31
0.0
  0
LINE
  5
109
330
17
100
AcDbEntity
  8
可见轮廓
100
AcDbLine
 10
2.2366804331856507
 20
104.0
 30
0.0
 11
2.3377149318124424
 21
104.0
 31
0.0
  0
LINE
  5
10A
330
17
100
AcDbEntity
  8
可见轮廓
100
AcDbLine
 10
2.3377149318124424
 20
104.0
 30
0.0
 11
2.4544316938563604
 21
104.0
 31
0.0
  0
LINE
  5
10B
330
17
100
AcDbEntity
  8
可见轮廓
100
AcDbLine
 10
2.4544316938563604
 20
104.0
 30
0.0
 11
2.58578643762689
 21
104.0
 31
0.0
  0
LINE
  5
10C
330
17
100
AcDbEntity
  8
可见轮廓
100
AcDbLine
 10
2.58578643762689
 20
104.0
 30
0.0
 11
2.731592008235882
 21
104.0
 31
0.0
  0
LINE
  5
10D
330
17
100
AcDbEntity
  8
可见轮廓
100
AcDbLine
 10
2.731592008235882
 20
104.0
 30
0.0
 11
2.8892966273048444
 21
104.0
 31
0.0
  0
LINE
  5
10E
330
17
100
AcDbEntity
  8
可见轮廓
100
AcDbLine
 10
2.8892966273048444
 20
104.0
 30
0.0
 11
3.057479799783348
 21
104.0
 31
0.0
  0
LINE
  5
10F
330
17
100
AcDbEntity
  8
可见轮廓
100
AcDbLine
 10
3.057479799783348
 20
104.0
 30
0.0
 11
3.2346331352698066
 21
104.0
 31
0.0
  0
LINE
  5
110
330
17
100
AcDbEntity
  8
可见轮廓
100
AcDbLine
 10
3.2346331352698066
 20
104.0
 30
0.0
 11
3.419607201885132
 21
104.0
 31
0.0
  0
LINE
  5
111
330
17
100
AcDbEntity
  8
可见轮廓
100
AcDbLine
 10
3.419607201885132
 20
104.0
 30
0.0
 11
3.6099728427389373
 21
104.0
 31
0.0
  0
LINE
  5
112
330
17
100
AcDbEntity
  8
可见轮廓
100
AcDbLine
 10
3.6099728427389373
 20
104.0
 30
0.0
 11
3.804018062226433
 21
104.0
 31
0.0
  0
LINE
  5
113
330
17
100
AcDbEntity
  8
可见轮廓
100
AcDbLine
 10
3.804018062226433
 20
104.0
 30
0.0
 11
3.999999999999993
 21
104.0
 31
0.0
  0
LINE
  5
114
330
17
100
AcDbEntity
  8
可见轮廓
100
AcDbLine
 10
3.349999999999998
 20
104.0
 30
0.0
 11
3.2437497314735815
 21
104.0
 31
0.0
  0
LINE
  5
115
330
17
100
AcDbEntity
  8
可见轮廓
100
AcDbLine
 10
3.139904609801519
 20
104.0
 30
0.0
 11
3.0387768541925837
 21
104.0
 31
0.0
  0
LINE
  5
116
330
17
100
AcDbEntity
  8
可见轮廓
100
AcDbLine
 10
3.0387768541925837
 20
104.0
 30
0.0
 11
2.94067105190987
 21
104.0
 31
0.0
  0
LINE
  5
117
330
17
100
AcDbEntity
  8
可见轮廓
100
AcDbLine
 10
2.94067105190987
 20
104.0
 30
0.0
 11
2.8461907265424102
 21
104.0
 31
0.0
  0
LINE
  5
118
330
17
100
AcDbEntity
  8
可见轮廓
100
AcDbLine
 10
2.8461907265424102
 20
104.0
 30
0.0
 11
2.7553697530914185
 21
104.0
 31
0.0
  0
LINE
  5
119
330
17
100
AcDbEntity
  8
可见轮廓
100
AcDbLine
 10
2.7553697530914185
 20
104.0
 30
0.0
 11
2.6684810364954643
 21
104.0
 31
0.0
  0
LINE
  5
11A
330
17
100
AcDbEntity
  8
可见轮廓
100
AcDbLine
 10
34.0
 20
121.0
 30
0.0
 11
34.0
 21
112.5
 31
0.0
  0
LINE
  5
11B
330
17
100
AcDbEntity
  8
可见轮廓
100
AcDbLine
 10
34.0
 20
112.5
 30
0.0
 11
34.0
 21
104.0
 31
0.0
  0
LINE
  5
11C
330
17
100
AcDbEntity
  8
可见轮廓
100
AcDbLine
 10
40.0
 20
104.0
 30
0.0
 11
40.19598193777356
 21
104.0
 31
0.0
  0
LINE
  5
11D
330
17
100
AcDbEntity
  8
可见轮廓
100
AcDbLine
 10
40.19598193777356
 20
104.0
 30
0.0
 11
40.39002715726106
 21
104.0
 31
0.0
  0
LINE
  5
11E
330
17
100
AcDbEntity
  8
可见轮廓
100
AcDbLine
 10
40.39002715726106
 20
104.0
 30
0.0
 11
40.58039279811486
 21
104.0
 31
0.0
  0
LINE
  5
11F
330
17
100
AcDbEntity
  8
可见轮廓
100
AcDbLine
 10
40.58039279811486
 20
104.0
 30
0.0
 11
40.76536686473018
 21
104.0
 31
0.0
  0
LINE
  5
120
330
17
100
AcDbEntity
  8
可见轮廓
100
AcDbLine
 10
40.76536686473018
 20
104.0
 30
0.0
 11
40.94252020021665
 21
104.0
 31
0.0
  0
LINE
  5
121
330
17
100
AcDbEntity
  8
可见轮廓
100
AcDbLine
 10
40.94252020021665
 20
104.0
 30
0.0
 11
41.11070337269515
 21
104.0
 31
0.0
  0
LINE
  5
122
330
17
100
AcDbEntity
  8
可见轮廓
100
AcDbLine
 10
41.11070337269515
 20
104.0
 30
0.0
 11
41.26840799176411
 21
104.0
 31
0.0
  0
LINE
  5
123
330
17
100
AcDbEntity
  8
可见轮廓
100
AcDbLine
 10
41.26840799176411
 20
104.0
 30
0.0
 11
41.41421356237311
 21
104.0
 31
0.0
  0
LINE
  5
124
330
17
100
AcDbEntity
  8
可见轮廓
100
AcDbLine
 10
41.41421356237311
 20
104.0
 30
0.0
 11
41.545568306143636
 21
104.0
 31
0.0
  0
LINE
  5
125
330
17
100
AcDbEntity
  8
可见轮廓
100
AcDbLine
 10
41.545568306143636
 20
104.0
 30
0.0
 11
41.66228506818755
 21
104.0
 31
0.0
  0
LINE
  5
126
330
17
100
AcDbEntity
  8
可见轮廓
100
AcDbLine
 10
41.66228506818755
 20
104.0
 30
0.0
 11
41.763319566814346
 21
104.0
 31
0.0
  0
LINE
  5
127
330
17
100
AcDbEntity
  8
可见轮廓
100
AcDbLine
 10
41.763319566814346
 20
104.0
 30
0.0
 11
41.84775906502258
 21
104.0
 31
0.0
  0
LINE
  5
128
330
17
100
AcDbEntity
  8
可见轮廓
100
AcDbLine
 10
41.84775906502258
 20
104.0
 30
0.0
 11
41.91331764807184
 21
104.0
 31
0.0
  0
LINE
  5
129
330
17
100
AcDbEntity
  8
可见轮廓
100
AcDbLine
 10
41.91331764807184
 20
104.0
 30
0.0
 11
41.960798930700065
 21
104.0
 31
0.0
  0
LINE
  5
12A
330
17
100
AcDbEntity
  8
可见轮廓
100
AcDbLine
 10
41.960798930700065
 20
104.0
 30
0.0
 11
41.98978172234878
 21
104.0
 31
0.0
  0
LINE
  5
12B
330
17
100
AcDbEntity
  8
可见轮廓
100
AcDbLine
 10
3.349999999999998
 20
101.0
 30
0.0
 11
3.349999999999998
 21
102.5
 31
0.0
  0
LINE
  5
12C
330
17
100
AcDbEntity
  8
可见轮廓
100
AcDbLine
 10
3.349999999999998
 20
102.5
 30
0.0
 11
3.349999999999998
 21
104.0
 31
0.0
  0
LINE
  5
12D
330
17
100
AcDbEntity
  8
可见轮廓
100
AcDbLine
 10
40.0
 20
101.0
 30
0.0
 11
40.0
 21
102.5
 31
0.0
  0
LINE
  5
12E
330
17
100
AcDbEntity
  8
可见轮廓
100
AcDbLine
 10
40.0
 20
102.5
 30
0.0
 11
40.0
 21
104.0
 31
0.0
  0
LINE
  5
12F
330
17
100
AcDbEntity
  8
可见轮廓
100
AcDbLine
 10
32.0
 20
104.0
 30
0.0
 11
32.0
 21
111.0
 31
0.0
  0
LINE
  5
130
330
17
100
AcDbEntity
  8
可见轮廓
100
AcDbLine
 10
32.0
 20
111.0
 30
0.0
 11
32.0
 21
112.5
 31
0.0
  0
LINE
  5
131
330
17
100
AcDbEntity
  8
可见轮廓
100
AcDbLine
 10
32.0
 20
112.5
 30
0.0
 11
32.0
 21
121.0
 31
0.0
  0
LINE
  5
132
330
17
100
AcDbEntity
  8
可见轮廓
100
AcDbLine
 10
11.999999999999995
 20
121.0
 30
0.0
 11
11.999999999999995
 21
112.5
 31
0.0
  0
LINE
  5
133
330
17
100
AcDbEntity
  8
可见轮廓
100
AcDbLine
 10
11.999999999999995
 20
112.5
 30
0.0
 11
11.999999999999995
 21
111.0
 31
0.0
  0
LINE
  5
134
330
17
100
AcDbEntity
  8
可见轮廓
100
AcDbLine
 10
11.999999999999995
 20
111.0
 30
0.0
 11
11.999999999999995
 21
104.0
 31
0.0
  0
LINE
  5
135
330
17
100
AcDbEntity
  8
可见轮廓
100
AcDbLine
 10
3.999999999999993
 20
104.0
 30
0.0
 11
3.999999999999993
 21
102.5
 31
0.0
  0
LINE
  5
136
330
17
100
AcDbEntity
  8
可见轮廓
100
AcDbLine
 10
3.999999999999993
 20
102.5
 30
0.0
 11
3.999999999999993
 21
101.0
 31
0.0
  0
LINE
  5
137
330
17
100
AcDbEntity
  8
可见轮廓
100
AcDbLine
 10
3.9999999999999964
 20
121.0
 30
0.0
 11
3.9999999999999964
 21
112.5
 31
0.0
  0
LINE
  5
138
330
17
100
AcDbEntity
  8
可见轮廓
100
AcDbLine
 10
3.9999999999999964
 20
112.5
 30
0.0
 11
3.9999999999999964
 21
104.0
 31
0.0
  0
LINE
  5
139
330
17
100
AcDbEntity
  8
可见轮廓
100
AcDbLine
 10
40.0
 20
104.0
 30
0.0
 11
40.0
 21
112.5
 31
0.0
  0
LINE
  5
13A
330
17
100
AcDbEntity
  8
可见轮廓
100
AcDbLine
 10
40.0
 20
112.5
 30
0.0
 11
40.0
 21
121.0
 31
0.0
  0
LINE
  5
13B
330
17
100
AcDbEntity
  8
可见轮廓
100
AcDbLine
 10
17.999999999999993
 20
121.0
 30
0.0
 11
25.999999999999993
 21
121.0
 31
0.0
  0
LINE
  5
13C
330
17
100
AcDbEntity
  8
可见轮廓
100
AcDbLine
 10
17.999999999999993
 20
104.0
 30
0.0
 11
25.999999999999993
 21
104.0
 31
0.0
  0
LINE
  5
13D
330
17
100
AcDbEntity
  8
可见轮廓
100
AcDbLine
 10
15.999999999999993
 20
121.0
 30
0.0
 11
17.999999999999993
 21
121.0
 31
0.0
  0
LINE
  5
13E
330
17
100
AcDbEntity
  8
可见轮廓
100
AcDbLine
 10
1.999999999999993
 20
121.0
 30
0.0
 11
3.9999999999999964
 21
121.0
 31
0.0
  0
LINE
  5
13F
330
17
100
AcDbEntity
  8
可见轮廓
100
AcDbLine
 10
9.999999999999993
 20
121.0
 30
0.0
 11
11.999999999999995
 21
121.0
 31
0.0
  0
LINE
  5
140
330
17
100
AcDbEntity
  8
可见轮廓
100
AcDbLine
 10
32.0
 20
121.0
 30
0.0
 11
34.0
 21
121.0
 31
0.0
  0
LINE
  5
141
330
17
100
AcDbEntity
  8
可见轮廓
100
AcDbLine
 10
40.0
 20
121.0
 30
0.0
 11
42.0
 21
121.0
 31
0.0
  0
LINE
  5
142
330
17
100
AcDbEntity
  8
可见轮廓
100
AcDbLine
 10
25.999999999999993
 20
121.0
 30
0.0
 11
27.999999999999993
 21
121.0
 31
0.0
  0
LINE
  5
143
330
17
100
AcDbEntity
  8
可见轮廓
100
AcDbLine
 10
3.9999999999999964
 20
101.0
 30
0.0
 11
1.999999999999993
 21
101.0
 31
0.0
  0
LINE
  5
144
330
17
100
AcDbEntity
  8
可见轮廓
100
AcDbLine
 10
42.00000000000001
 20
101.0
 30
0.0
 11
40.0
 21
101.0
 31
0.0
  0
LINE
  5
145
330
17
100
AcDbEntity
  8
可见轮廓
100
AcDbLine
 10
27.999999999999993
 20
104.0
 30
0.0
 11
25.999999999999993
 21
104.0
 31
0.0
  0
LINE
  5
146
330
17
100
AcDbEntity
  8
可见轮廓
100
AcDbLine
 10
17.999999999999993
 20
104.0
 30
0.0
 11
15.999999999999993
 21
104.0
 31
0.0
  0
LINE
  5
147
330
17
100
AcDbEntity
  8
可见轮廓
100
AcDbLine
 10
23.64999999999999
 20
101.0
 30
0.0
 11
23.64999999999999
 21
101.1875
 31
0.0
  0
LINE
  5
148
330
17
100
AcDbEntity
  8
可见轮廓
100
AcDbLine
 10
23.64999999999999
 20
103.8125
 30
0.0
 11
23.64999999999999
 21
104.0
 31
0.0
  0
LINE
  5
149
330
17
100
AcDbEntity
  8
可见轮廓
100
AcDbLine
 10
21.999999999999993
 20
101.0
 30
0.0
 11
21.999999999999993
 21
104.0
 31
0.0
  0
LINE
  5
14A
330
17
100
AcDbEntity
  8
可见轮廓
100
AcDbLine
 10
6.649999999999995
 20
101.0
 30
0.0
 11
6.649999999999995
 21
101.1875
 31
0.0
  0
LINE
  5
14B
330
17
100
AcDbEntity
  8
可见轮廓
100
AcDbLine
 10
4.9999999999999964
 20
101.0
 30
0.0
 11
4.9999999999999964
 21
101.1875
 31
0.0
  0
LINE
  5
14C
330
17
100
AcDbEntity
  8
可见轮廓
100
AcDbLine
 10
40.64999999999999
 20
101.0
 30
0.0
 11
40.64999999999999
 21
101.1875
 31
0.0
  0
LINE
  5
14D
330
17
100
AcDbEntity
  8
可见轮廓
100
AcDbLine
 10
39.0
 20
101.0
 30
0.0
 11
39.0
 21
101.1875
 31
0.0
  0
LINE
  5
14E
330
17
100
AcDbEntity
  8
可见轮廓
100
AcDbLine
 10
17.999999999999993
 20
104.0
 30
0.0
 11
17.999999999999993
 21
121.0
 31
0.0
  0
LINE
  5
14F
330
17
100
AcDbEntity
  8
可见轮廓
100
AcDbLine
 10
1.999999999999993
 20
121.0
 30
0.0
 11
1.999999999999993
 21
101.0
 31
0.0
  0
LINE
  5
150
330
17
100
AcDbEntity
  8
可见轮廓
100
AcDbLine
 10
40.0
 20
121.0
 30
0.0
 11
40.0
 21
101.0
 31
0.0
  0
LINE
  5
151
330
17
100
AcDbEntity
  8
可见轮廓
100
AcDbLine
 10
42.00000000000001
 20
104.0
 30
0.0
 11
42.00000000000001
 21
101.0
 31
0.0
  0
LINE
  5
152
330
17
100
AcDbEntity
  8
可见轮廓
100
AcDbLine
 10
3.999999999999993
 20
104.0
 30
0.0
 11
3.999999999999993
 21
101.0
 31
0.0
  0
LINE
  5
153
330
17
100
AcDbEntity
  8
可见轮廓
100
AcDbLine
 10
42.0
 20
104.0
 30
0.0
 11
42.0
 21
121.0
 31
0.0
  0
LINE
  5
154
330
17
100
AcDbEntity
  8
可见轮廓
100
AcDbLine
 10
40.0
 20
104.0
 30
0.0
 11
40.0
 21
121.0
 31
0.0
  0
LINE
  5
155
330
17
100
AcDbEntity
  8
可见轮廓
100
AcDbLine
 10
32.0
 20
104.0
 30
0.0
 11
32.0
 21
121.0
 31
0.0
  0
LINE
  5
156
330
17
100
AcDbEntity
  8
可见轮廓
100
AcDbLine
 10
9.999999999999993
 20
104.0
 30
0.0
 11
9.999999999999993
 21
121.0
 31
0.0
  0
LINE
  5
157
330
17
100
AcDbEntity
  8
可见轮廓
100
AcDbLine
 10
1.9999999999999964
 20
104.0
 30
0.0
 11
1.9999999999999964
 21
121.0
 31
0.0
  0
LINE
  5
158
330
17
100
AcDbEntity
  8
可见轮廓
100
AcDbLine
 10
27.999999999999993
 20
104.0
 30
0.0
 11
27.999999999999993
 21
121.0
 31
0.0
  0
LINE
  5
159
330
17
100
AcDbEntity
  8
可见轮廓
100
AcDbLine
 10
37.349999999999994
 20
101.0
 30
0.0
 11
37.349999999999994
 21
101.1875
 31
0.0
  0
LINE
  5
15A
330
17
100
AcDbEntity
  8
可见轮廓
100
AcDbLine
 10
3.349999999999998
 20
101.0
 30
0.0
 11
3.349999999999998
 21
101.1875
 31
0.0
  0
LINE
  5
15B
330
17
100
AcDbEntity
  8
可见轮廓
100
AcDbLine
 10
20.349999999999994
 20
101.0
 30
0.0
 11
20.349999999999994
 21
101.1875
 31
0.0
  0
LINE
  5
15C
330
17
100
AcDbEntity
  8
可见轮廓
100
AcDbLine
 10
20.349999999999994
 20
103.8125
 30
0.0
 11
20.349999999999994
 21
104.0
 31
0.0
  0
LINE
  5
15D
330
17
100
AcDbEntity
  8
可见轮廓
100
AcDbLine
 10
21.999999999999993
 20
101.0
 30
0.0
 11
21.999999999999993
 21
101.1875
 31
0.0
  0
LINE
  5
15E
330
17
100
AcDbEntity
  8
可见轮廓
100
AcDbLine
 10
21.999999999999993
 20
103.8125
 30
0.0
 11
21.999999999999993
 21
104.0
 31
0.0
  0
LINE
  5
15F
330
17
100
AcDbEntity
  8
隐藏线
100
AcDbLine
 10
21.999999999999993
 20
104.0
 30
0.0
 11
22.18920080343375
 21
104.0
 31
0.0
  0
LINE
  5
160
330
17
100
AcDbEntity
  8
隐藏线
100
AcDbLine
 10
22.18920080343375
 20
104.0
 30
0.0
 11
22.375838680493825
 21
104.0
 31
0.0
  0
LINE
  5
161
330
17
100
AcDbEntity
  8
隐藏线
100
AcDbLine
 10
22.375838680493825
 20
104.0
 30
0.0
 11
22.557615974818106
 21
104.0
 31
0.0
  0
LINE
  5
162
330
17
100
AcDbEntity
  8
隐藏线
100
AcDbLine
 10
22.557615974818106
 20
104.0
 30
0.0
 11
22.73229092579383
 21
104.0
 31
0.0
  0
LINE
  5
163
330
17
100
AcDbEntity
  8
隐藏线
100
AcDbLine
 10
22.73229092579383
 20
104.0
 30
0.0
 11
22.896709064124995
 21
104.0
 31
0.0
  0
LINE
  5
164
330
17
100
AcDbEntity
  8
隐藏线
100
AcDbLine
 10
22.896709064124995
 20
104.0
 30
0.0
 11
23.049431482092576
 21
104.0
 31
0.0
  0
LINE
  5
165
330
17
100
AcDbEntity
  8
隐藏线
100
AcDbLine
 10
23.049431482092576
 20
104.0
 30
0.0
 11
23.188581990597413
 21
104.0
 31
0.0
  0
LINE
  5
166
330
17
100
AcDbEntity
  8
隐藏线
100
AcDbLine
 10
23.188581990597413
 20
104.0
 30
0.0
 11
23.312440474840656
 21
104.0
 31
0.0
  0
LINE
  5
167
330
17
100
AcDbEntity
  8
隐藏线
100
AcDbLine
 10
23.312440474840656
 20
104.0
 30
0.0
 11
23.389113331846563
 21
104.0
 31
0.0
  0
LINE
  5
168
330
17
100
AcDbEntity
  8
隐藏线
100
AcDbLine
 10
23.389113331846563
 20
104.0
 30
0.0
 11
23.456754746126805
 21
104.0
 31
0.0
  0
LINE
  5
169
330
17
100
AcDbEntity
  8
隐藏线
100
AcDbLine
 10
23.456754746126805
 20
104.0
 30
0.0
 11
23.514948804161985
 21
104.0
 31
0.0
  0
LINE
  5
16A
330
17
100
AcDbEntity
  8
隐藏线
100
AcDbLine
 10
23.514948804161985
 20
104.0
 30
0.0
 11
23.563334062746513
 21
104.0
 31
0.0
  0
LINE
  5
16B
330
17
100
AcDbEntity
  8
隐藏线
100
AcDbLine
 10
23.563334062746513
 20
104.0
 30
0.0
 11
23.60073742047939
 21
104.0
 31
0.0
  0
LINE
  5
16C
330
17
100
AcDbEntity
  8
隐藏线
100
AcDbLine
 10
23.370326683063055
 20
104.0
 30
0.0
 11
23.166726188957796
 21
104.0
 31
0.0
  0
LINE
  5
16D
330
17
100
AcDbEntity
  8
隐藏线
100
AcDbLine
 10
23.166726188957796
 20
104.0
 30
0.0
 11
22.91557923795445
 21
104.0
 31
0.0
  0
LINE
  5
16E
330
17
100
AcDbEntity
  8
隐藏线
100
AcDbLine
 10
22.91557923795445
 20
104.0
 30
0.0
 11
22.630434310884993
 21
104.0
 31
0.0
  0
LINE
  5
16F
330
17
100
AcDbEntity
  8
隐藏线
100
AcDbLine
 10
22.630434310884993
 20
104.0
 30
0.0
 11
22.321555002163546
 21
104.0
 31
0.0
  0
LINE
  5
170
330
17
100
AcDbEntity
  8
隐藏线
100
AcDbLine
 10
22.321555002163546
 20
104.0
 30
0.0
 11
21.999999999999993
 21
104.0
 31
0.0
  0
LINE
  5
171
330
17
100
AcDbEntity
  8
隐藏线
100
AcDbLine
 10
21.999999999999993
 20
101.0
 30
0.0
 11
22.321555002163546
 21
101.0
 31
0.0
  0
LINE
  5
172
330
17
100
AcDbEntity
  8
隐藏线
100
AcDbLine
 10
22.321555002163546
 20
101.0
 30
0.0
 11
22.63043431088499
 21
101.0
 31
0.0
  0
LINE
  5
173
330
17
100
AcDbEntity
  8
隐藏线
100
AcDbLine
 10
22.63043431088499
 20
101.0
 30
0.0
 11
22.91557923795445
 21
101.0
 31
0.0
  0
LINE
  5
174
330
17
100
AcDbEntity
  8
隐藏线
100
AcDbLine
 10
22.91557923795445
 20
101.0
 30
0.0
 11
23.166726188957796
 21
101.0
 31
0.0
  0
LINE
  5
175
330
17
100
AcDbEntity
  8
隐藏线
100
AcDbLine
 10
23.166726188957796
 20
101.0
 30
0.0
 11
23.370326683063055
 21
101.0
 31
0.0
  0
LINE
  5
176
330
17
100
AcDbEntity
  8
隐藏线
100
AcDbLine
 10
23.370326683063055
 20
101.0
 30
0.0
 11
23.52200306352389
 21
101.0
 31
0.0
  0
LINE
  5
177
330
17
100
AcDbEntity
  8
隐藏线
100
AcDbLine
 10
23.52200306352389
 20
101.0
 30
0.0
 11
23.61637957790596
 21
101.0
 31
0.0
  0
LINE
  5
178
330
17
100
AcDbEntity
  8
隐藏线
100
AcDbLine
 10
23.61637957790596
 20
101.0
 30
0.0
 11
23.64999999999999
 21
101.0
 31
0.0
  0
LINE
  5
179
330
17
100
AcDbEntity
  8
隐藏线
100
AcDbLine
 10
4.9999999999999964
 20
104.0
 30
0.0
 11
5.321555002163549
 21
104.0
 31
0.0
  0
LINE
  5
17A
330
17
100
AcDbEntity
  8
隐藏线
100
AcDbLine
 10
5.321555002163549
 20
104.0
 30
0.0
 11
5.6304343108849935
 21
104.0
 31
0.0
  0
LINE
  5
17B
330
17
100
AcDbEntity
  8
隐藏线
100
AcDbLine
 10
5.6304343108849935
 20
104.0
 30
0.0
 11
5.915579237954454
 21
104.0
 31
0.0
  0
LINE
  5
17C
330
17
100
AcDbEntity
  8
隐藏线
100
AcDbLine
 10
5.915579237954454
 20
104.0
 30
0.0
 11
6.166726188957799
 21
104.0
 31
0.0
  0
LINE
  5
17D
330
17
100
AcDbEntity
  8
隐藏线
100
AcDbLine
 10
6.166726188957799
 20
104.0
 30
0.0
 11
6.370326683063059
 21
104.0
 31
0.0
  0
LINE
  5
17E
330
17
100
AcDbEntity
  8
隐藏线
100
AcDbLine
 10
6.370326683063059
 20
104.0
 30
0.0
 11
6.5220030635238935
 21
104.0
 31
0.0
  0
LINE
  5
17F
330
17
100
AcDbEntity
  8
隐藏线
100
AcDbLine
 10
6.5220030635238935
 20
104.0
 30
0.0
 11
6.616379577905963
 21
104.0
 31
0.0
  0
LINE
  5
180
330
17
100
AcDbEntity
  8
隐藏线
100
AcDbLine
 10
6.616379577905963
 20
104.0
 30
0.0
 11
6.649999999999995
 21
104.0
 31
0.0
  0
LINE
  5
181
330
17
100
AcDbEntity
  8
隐藏线
100
AcDbLine
 10
4.9999999999999964
 20
101.0
 30
0.0
 11
5.321555002163549
 21
101.0
 31
0.0
  0
LINE
  5
182
330
17
100
AcDbEntity
  8
隐藏线
100
AcDbLine
 10
5.321555002163549
 20
101.0
 30
0.0
 11
5.6304343108849935
 21
101.0
 31
0.0
  0
LINE
  5
183
330
17
100
AcDbEntity
  8
隐藏线
100
AcDbLine
 10
5.6304343108849935
 20
101.0
 30
0.0
 11
5.915579237954454
 21
101.0
 31
0.0
  0
LINE
  5
184
330
17
100
AcDbEntity
  8
隐藏线
100
AcDbLine
 10
5.915579237954454
 20
101.0
 30
0.0
 11
6.166726188957799
 21
101.0
 31
0.0
  0
LINE
  5
185
330
17
100
AcDbEntity
  8
隐藏线
100
AcDbLine
 10
6.166726188957799
 20
101.0
 30
0.0
 11
6.370326683063059
 21
101.0
 31
0.0
  0
LINE
  5
186
330
17
100
AcDbEntity
  8
隐藏线
100
AcDbLine
 10
6.370326683063059
 20
101.0
 30
0.0
 11
6.5220030635238935
 21
101.0
 31
0.0
  0
LINE
  5
187
330
17
100
AcDbEntity
  8
隐藏线
100
AcDbLine
 10
6.5220030635238935
 20
101.0
 30
0.0
 11
6.616379577905963
 21
101.0
 31
0.0
  0
LINE
  5
188
330
17
100
AcDbEntity
  8
隐藏线
100
AcDbLine
 10
6.616379577905963
 20
101.0
 30
0.0
 11
6.649999999999995
 21
101.0
 31
0.0
  0
LINE
  5
189
330
17
100
AcDbEntity
  8
隐藏线
100
AcDbLine
 10
39.0
 20
104.0
 30
0.0
 11
39.32155500216355
 21
104.0
 31
0.0
  0
LINE
  5
18A
330
17
100
AcDbEntity
  8
隐藏线
100
AcDbLine
 10
39.32155500216355
 20
104.0
 30
0.0
 11
39.63043431088499
 21
104.0
 31
0.0
  0
LINE
  5
18B
330
17
100
AcDbEntity
  8
隐藏线
100
AcDbLine
 10
39.63043431088499
 20
104.0
 30
0.0
 11
39.915579237954454
 21
104.0
 31
0.0
  0
LINE
  5
18C
330
17
100
AcDbEntity
  8
隐藏线
100
AcDbLine
 10
39.915579237954454
 20
104.0
 30
0.0
 11
40.166726188957796
 21
104.0
 31
0.0
  0
LINE
  5
18D
330
17
100
AcDbEntity
  8
隐藏线
100
AcDbLine
 10
40.166726188957796
 20
104.0
 30
0.0
 11
40.370326683063055
 21
104.0
 31
0.0
  0
LINE
  5
18E
330
17
100
AcDbEntity
  8
隐藏线
100
AcDbLine
 10
40.370326683063055
 20
104.0
 30
0.0
 11
40.5220030635239
 21
104.0
 31
0.0
  0
LINE
  5
18F
330
17
100
AcDbEntity
  8
隐藏线
100
AcDbLine
 10
40.5220030635239
 20
104.0
 30
0.0
 11
40.61637957790597
 21
104.0
 31
0.0
  0
LINE
  5
190
330
17
100
AcDbEntity
  8
隐藏线
100
AcDbLine
 10
40.61637957790597
 20
104.0
 30
0.0
 11
40.64999999999999
 21
104.0
 31
0.0
  0
LINE
  5
191
330
17
100
AcDbEntity
  8
隐藏线
100
AcDbLine
 10
39.0
 20
101.0
 30
0.0
 11
39.32155500216355
 21
101.0
 31
0.0
  0
LINE
  5
192
330
17
100
AcDbEntity
  8
隐藏线
100
AcDbLine
 10
39.32155500216355
 20
101.0
 30
0.0
 11
39.63043431088499
 21
101.0
 31
0.0
  0
LINE
  5
193
330
17
100
AcDbEntity
  8
隐藏线
100
AcDbLine
 10
39.63043431088499
 20
101.0
 30
0.0
 11
39.915579237954454
 21
101.0
 31
0.0
  0
LINE
  5
194
330
17
100
AcDbEntity
  8
隐藏线
100
AcDbLine
 10
39.915579237954454
 20
101.0
 30
0.0
 11
40.166726188957796
 21
101.0
 31
0.0
  0
LINE
  5
195
330
17
100
AcDbEntity
  8
隐藏线
100
AcDbLine
 10
40.166726188957796
 20
101.0
 30
0.0
 11
40.370326683063055
 21
101.0
 31
0.0
  0
LINE
  5
196
330
17
100
AcDbEntity
  8
隐藏线
100
AcDbLine
 10
40.370326683063055
 20
101.0
 30
0.0
 11
40.5220030635239
 21
101.0
 31
0.0
  0
LINE
  5
197
330
17
100
AcDbEntity
  8
隐藏线
100
AcDbLine
 10
40.5220030635239
 20
101.0
 30
0.0
 11
40.61637957790597
 21
101.0
 31
0.0
  0
LINE
  5
198
330
17
100
AcDbEntity
  8
隐藏线
100
AcDbLine
 10
40.61637957790597
 20
101.0
 30
0.0
 11
40.64999999999999
 21
101.0
 31
0.0
  0
LINE
  5
199
330
17
100
AcDbEntity
  8
隐藏线
100
AcDbLine
 10
17.999999999999993
 20
121.0
 30
0.0
 11
18.08150405356128
 21
121.0
 31
0.0
  0
LINE
  5
19A
330
17
100
AcDbEntity
  8
隐藏线
100
AcDbLine
 10
18.08150405356128
 20
121.0
 30
0.0
 11
18.31029560357842
 21
121.0
 31
0.0
  0
LINE
  5
19B
330
17
100
AcDbEntity
  8
隐藏线
100
AcDbLine
 10
18.31029560357842
 20
121.0
 30
0.0
 11
18.677995919847113
 21
121.0
 31
0.0
  0
LINE
  5
19C
330
17
100
AcDbEntity
  8
隐藏线
100
AcDbLine
 10
18.677995919847113
 20
121.0
 30
0.0
 11
19.171572875253805
 21
121.0
 31
0.0
  0
LINE
  5
19D
330
17
100
AcDbEntity
  8
隐藏线
100
AcDbLine
 10
19.171572875253805
 20
121.0
 30
0.0
 11
19.780413968595248
 21
121.0
 31
0.0
  0
LINE
  5
19E
330
17
100
AcDbEntity
  8
隐藏线
100
AcDbLine
 10
19.780413968595248
 20
121.0
 30
0.0
 11
20.471674397854542
 21
121.0
 31
0.0
  0
LINE
  5
19F
330
17
100
AcDbEntity
  8
隐藏线
100
AcDbLine
 10
20.471674397854542
 20
121.0
 30
0.0
 11
21.220472722027743
 21
121.0
 31
0.0
  0
LINE
  5
1A0
330
17
100
AcDbEntity
  8
隐藏线
100
AcDbLine
 10
21.220472722027743
 20
121.0
 30
0.0
 11
21.999999999999993
 21
121.0
 31
0.0
  0
LINE
  5
1A1
330
17
100
AcDbEntity
  8
隐藏线
100
AcDbLine
 10
21.999999999999993
 20
121.0
 30
0.0
 11
22.779527277972242
 21
121.0
 31
0.0
  0
LINE
  5
1A2
330
17
100
AcDbEntity
  8
隐藏线
100
AcDbLine
 10
22.779527277972242
 20
121.0
 30
0.0
 11
23.528325602145443
 21
121.0
 31
0.0
  0
LINE
  5
1A3
330
17
100
AcDbEntity
  8
隐藏线
100
AcDbLine
 10
23.528325602145443
 20
121.0
 30
0.0
 11
24.219586031404734
 21
121.0
 31
0.0
  0
LINE
  5
1A4
330
17
100
AcDbEntity
  8
隐藏线
100
AcDbLine
 10
24.219586031404734
 20
121.0
 30
0.0
 11
24.82842712474618
 21
121.0
 31
0.0
  0
LINE
  5
1A5
330
17
100
AcDbEntity
  8
隐藏线
100
AcDbLine
 10
24.82842712474618
 20
121.0
 30
0.0
 11
25.322004080152876
 21
121.0
 31
0.0
  0
LINE
  5
1A6
330
17
100
AcDbEntity
  8
隐藏线
100
AcDbLine
 10
25.322004080152876
 20
121.0
 30
0.0
 11
25.689704396421565
 21
121.0
 31
0.0
  0
LINE
  5
1A7
330
17
100
AcDbEntity
  8
隐藏线
100
AcDbLine
 10
25.689704396421565
 20
121.0
 30
0.0
 11
25.918495946438707
 21
121.0
 31
0.0
  0
LINE
  5
1A8
330
17
100
AcDbEntity
  8
隐藏线
100
AcDbLine
 10
25.918495946438707
 20
121.0
 30
0.0
 11
25.999999999999993
 21
121.0
 31
0.0
  0
LINE
  5
1A9
330
17
100
AcDbEntity
  8
隐藏线
100
AcDbLine
 10
17.999999999999993
 20
121.0
 30
0.0
 11
17.999999999999993
 21
112.5
 31
0.0
  0
LINE
  5
1AA
330
17
100
AcDbEntity
  8
隐藏线
100
AcDbLine
 10
17.999999999999993
 20
112.5
 30
0.0
 11
17.999999999999993
 21
104.0
 31
0.0
  0
LINE
  5
1AB
330
17
100
AcDbEntity
  8
隐藏线
100
AcDbLine
 10
17.999999999999993
 20
104.0
 30
0.0
 11
18.08150405356128
 21
104.0
 31
0.0
  0
LINE
  5
1AC
330
17
100
AcDbEntity
  8
隐藏线
100
AcDbLine
 10
18.08150405356128
 20
104.0
 30
0.0
 11
18.31029560357842
 21
104.0
 31
0.0
  0
LINE
  5
1AD
330
17
100
AcDbEntity
  8
隐藏线
100
AcDbLine
 10
18.31029560357842
 20
104.0
 30
0.0
 11
18.677995919847113
 21
104.0
 31
0.0
  0
LINE
  5
1AE
330
17
100
AcDbEntity
  8
隐藏线
100
AcDbLine
 10
18.677995919847113
 20
104.0
 30
0.0
 11
19.171572875253805
 21
104.0
 31
0.0
  0
LINE
  5
1AF
330
17
100
AcDbEntity
  8
隐藏线
100
AcDbLine
 10
19.171572875253805
 20
104.0
 30
0.0
 11
19.78041396859525
 21
104.0
 31
0.0
  0
LINE
  5
1B0
330
17
100
AcDbEntity
  8
隐藏线
100
AcDbLine
 10
19.78041396859525
 20
104.0
 30
0.0
 11
20.471674397854542
 21
104.0
 31
0.0
  0
LINE
  5
1B1
330
17
100
AcDbEntity
  8
隐藏线
100
AcDbLine
 10
20.471674397854542
 20
104.0
 30
0.0
 11
21.220472722027743
 21
104.0
 31
0.0
  0
LINE
  5
1B2
330
17
100
AcDbEntity
  8
隐藏线
100
AcDbLine
 10
21.220472722027743
 20
104.0
 30
0.0
 11
21.999999999999993
 21
104.0
 31
0.0
  0
LINE
  5
1B3
330
17
100
AcDbEntity
  8
隐藏线
100
AcDbLine
 10
21.999999999999993
 20
104.0
 30
0.0
 11
22.779527277972246
 21
104.0
 31
0.0
  0
LINE
  5
1B4
330
17
100
AcDbEntity
  8
隐藏线
100
AcDbLine
 10
22.779527277972246
 20
104.0
 30
0.0
 11
23.528325602145443
 21
104.0
 31
0.0
  0
LINE
  5
1B5
330
17
100
AcDbEntity
  8
隐藏线
100
AcDbLine
 10
23.528325602145443
 20
104.0
 30
0.0
 11
24.219586031404734
 21
104.0
 31
0.0
  0
LINE
  5
1B6
330
17
100
AcDbEntity
  8
隐藏线
100
AcDbLine
 10
24.219586031404734
 20
104.0
 30
0.0
 11
24.828427124746185
 21
104.0
 31
0.0
  0
LINE
  5
1B7
330
17
100
AcDbEntity
  8
隐藏线
100
AcDbLine
 10
24.828427124746185
 20
104.0
 30
0.0
 11
25.322004080152876
 21
104.0
 31
0.0
  0
LINE
  5
1B8
330
17
100
AcDbEntity
  8
隐藏线
100
AcDbLine
 10
25.322004080152876
 20
104.0
 30
0.0
 11
25.689704396421565
 21
104.0
 31
0.0
  0
LINE
  5
1B9
330
17
100
AcDbEntity
  8
隐藏线
100
AcDbLine
 10
25.689704396421565
 20
104.0
 30
0.0
 11
25.918495946438707
 21
104.0
 31
0.0
  0
LINE
  5
1BA
330
17
100
AcDbEntity
  8
隐藏线
100
AcDbLine
 10
25.918495946438707
 20
104.0
 30
0.0
 11
25.999999999999993
 21
104.0
 31
0.0
  0
LINE
  5
1BB
330
17
100
AcDbEntity
  8
隐藏线
100
AcDbLine
 10
25.999999999999993
 20
104.0
 30
0.0
 11
25.999999999999993
 21
112.5
 31
0.0
  0
LINE
  5
1BC
330
17
100
AcDbEntity
  8
隐藏线
100
AcDbLine
 10
25.999999999999993
 20
112.5
 30
0.0
 11
25.999999999999993
 21
121.0
 31
0.0
  0
LINE
  5
1BD
330
17
100
AcDbEntity
  8
隐藏线
100
AcDbLine
 10
2.0
 20
121.0
 30
0.0
 11
2.0
 21
111.0
 31
0.0
  0
LINE
  5
1BE
330
17
100
AcDbEntity
  8
隐藏线
100
AcDbLine
 10
15.999999999999993
 20
121.0
 30
0.0
 11
3.999999999999993
 21
121.0
 31
0.0
  0
LINE
  5
1BF
330
17
100
AcDbEntity
  8
隐藏线
100
AcDbLine
 10
27.999999999999993
 20
104.0
 30
0.0
 11
22.0
 21
104.0
 31
0.0
  0
LINE
  5
1C0
330
17
100
AcDbEntity
  8
隐藏线
100
AcDbLine
 10
22.0
 20
104.0
 30
0.0
 11
15.999999999999993
 21
104.0
 31
0.0
  0
LINE
  5
1C1
330
17
100
AcDbEntity
  8
隐藏线
100
AcDbLine
 10
40.0
 20
121.0
 30
0.0
 11
27.999999999999993
 21
121.0
 31
0.0
  0
LINE
  5
1C2
330
17
100
AcDbEntity
  8
隐藏线
100
AcDbLine
 10
17.999999999999993
 20
121.0
 30
0.0
 11
17.989781722348766
 21
121.0
 31
0.0
  0
LINE
  5
1C3
330
17
100
AcDbEntity
  8
隐藏线
100
AcDbLine
 10
17.960798930700054
 20
121.0
 30
0.0
 11
17.91331764807183
 21
121.0
 31
0.0
  0
LINE
  5
1C4
330
17
100
AcDbEntity
  8
隐藏线
100
AcDbLine
 10
17.91331764807183
 20
121.0
 30
0.0
 11
17.84775906502257
 21
121.0
 31
0.0
  0
LINE
  5
1C5
330
17
100
AcDbEntity
  8
隐藏线
100
AcDbLine
 10
17.84775906502257
 20
121.0
 30
0.0
 11
17.763319566814335
 21
121.0
 31
0.0
  0
LINE
  5
1C6
330
17
100
AcDbEntity
  8
隐藏线
100
AcDbLine
 10
17.763319566814335
 20
121.0
 30
0.0
 11
17.66228506818754
 21
121.0
 31
0.0
  0
LINE
  5
1C7
330
17
100
AcDbEntity
  8
隐藏线
100
AcDbLine
 10
17.66228506818754
 20
121.0
 30
0.0
 11
17.545568306143622
 21
121.0
 31
0.0
  0
LINE
  5
1C8
330
17
100
AcDbEntity
  8
隐藏线
100
AcDbLine
 10
17.545568306143622
 20
121.0
 30
0.0
 11
17.41421356237309
 21
121.0
 31
0.0
  0
LINE
  5
1C9
330
17
100
AcDbEntity
  8
隐藏线
100
AcDbLine
 10
17.41421356237309
 20
121.0
 30
0.0
 11
17.268407991764096
 21
121.0
 31
0.0
  0
LINE
  5
1CA
330
17
100
AcDbEntity
  8
隐藏线
100
AcDbLine
 10
17.268407991764096
 20
121.0
 30
0.0
 11
17.110703372695134
 21
121.0
 31
0.0
  0
LINE
  5
1CB
330
17
100
AcDbEntity
  8
隐藏线
100
AcDbLine
 10
17.110703372695134
 20
121.0
 30
0.0
 11
16.942520200216634
 21
121.0
 31
0.0
  0
LINE
  5
1CC
330
17
100
AcDbEntity
  8
隐藏线
100
AcDbLine
 10
16.942520200216634
 20
121.0
 30
0.0
 11
16.765366864730172
 21
121.0
 31
0.0
  0
LINE
  5
1CD
330
17
100
AcDbEntity
  8
隐藏线
100
AcDbLine
 10
16.765366864730172
 20
121.0
 30
0.0
 11
16.58039279811485
 21
121.0
 31
0.0
  0
LINE
  5
1CE
330
17
100
AcDbEntity
  8
隐藏线
100
AcDbLine
 10
16.58039279811485
 20
121.0
 30
0.0
 11
16.390027157261045
 21
121.0
 31
0.0
  0
LINE
  5
1CF
330
17
100
AcDbEntity
  8
隐藏线
100
AcDbLine
 10
16.390027157261045
 20
121.0
 30
0.0
 11
16.195981937773553
 21
121.0
 31
0.0
  0
LINE
  5
1D0
330
17
100
AcDbEntity
  8
隐藏线
100
AcDbLine
 10
16.195981937773553
 20
121.0
 30
0.0
 11
15.999999999999993
 21
121.0
 31
0.0
  0
LINE
  5
1D1
330
17
100
AcDbEntity
  8
隐藏线
100
AcDbLine
 10
2.039201069299935
 20
121.0
 30
0.0
 11
2.010218277651223
 21
121.0
 31
0.0
  0
LINE
  5
1D2
330
17
100
AcDbEntity
  8
隐藏线
100
AcDbLine
 10
27.999999999999993
 20
121.0
 30
0.0
 11
27.804018062226433
 21
121.0
 31
0.0
  0
LINE
  5
1D3
330
17
100
AcDbEntity
  8
隐藏线
100
AcDbLine
 10
27.804018062226433
 20
121.0
 30
0.0
 11
27.60997284273894
 21
121.0
 31
0.0
  0
LINE
  5
1D4
330
17
100
AcDbEntity
  8
隐藏线
100
AcDbLine
 10
27.60997284273894
 20
121.0
 30
0.0
 11
27.419607201885135
 21
121.0
 31
0.0
  0
LINE
  5
1D5
330
17
100
AcDbEntity
  8
隐藏线
100
AcDbLine
 10
27.419607201885135
 20
121.0
 30
0.0
 11
27.234633135269814
 21
121.0
 31
0.0
  0
LINE
  5
1D6
330
17
100
AcDbEntity
  8
隐藏线
100
AcDbLine
 10
27.234633135269814
 20
121.0
 30
0.0
 11
27.05747979978335
 21
121.0
 31
0.0
  0
LINE
  5
1D7
330
17
100
AcDbEntity
  8
隐藏线
100
AcDbLine
 10
27.05747979978335
 20
121.0
 30
0.0
 11
26.88929662730485
 21
121.0
 31
0.0
  0
LINE
  5
1D8
330
17
100
AcDbEntity
  8
隐藏线
100
AcDbLine
 10
26.88929662730485
 20
121.0
 30
0.0
 11
26.73159200823589
 21
121.0
 31
0.0
  0
LINE
  5
1D9
330
17
100
AcDbEntity
  8
隐藏线
100
AcDbLine
 10
26.73159200823589
 20
121.0
 30
0.0
 11
26.585786437626897
 21
121.0
 31
0.0
  0
LINE
  5
1DA
330
17
100
AcDbEntity
  8
隐藏线
100
AcDbLine
 10
26.585786437626897
 20
121.0
 30
0.0
 11
26.454431693856364
 21
121.0
 31
0.0
  0
LINE
  5
1DB
330
17
100
AcDbEntity
  8
隐藏线
100
AcDbLine
 10
26.454431693856364
 20
121.0
 30
0.0
 11
26.337714931812446
 21
121.0
 31
0.0
  0
LINE
  5
1DC
330
17
100
AcDbEntity
  8
隐藏线
100
AcDbLine
 10
26.337714931812446
 20
121.0
 30
0.0
 11
26.23668043318565
 21
121.0
 31
0.0
  0
LINE
  5
1DD
330
17
100
AcDbEntity
  8
隐藏线
100
AcDbLine
 10
26.23668043318565
 20
121.0
 30
0.0
 11
26.15224093497742
 21
121.0
 31
0.0
  0
LINE
  5
1DE
330
17
100
AcDbEntity
  8
隐藏线
100
AcDbLine
 10
26.15224093497742
 20
121.0
 30
0.0
 11
26.086682351928157
 21
121.0
 31
0.0
  0
LINE
  5
1DF
330
17
100
AcDbEntity
  8
隐藏线
100
AcDbLine
 10
26.086682351928157
 20
121.0
 30
0.0
 11
26.03920106929993
 21
121.0
 31
0.0
  0
LINE
  5
1E0
330
17
100
AcDbEntity
  8
隐藏线
100
AcDbLine
 10
26.03920106929993
 20
121.0
 30
0.0
 11
26.01021827765122
 21
121.0
 31
0.0
  0
LINE
  5
1E1
330
17
100
AcDbEntity
  8
隐藏线
100
AcDbLine
 10
4.9999999999999964
 20
101.0
 30
0.0
 11
4.6784449978364435
 21
101.0
 31
0.0
  0
LINE
  5
1E2
330
17
100
AcDbEntity
  8
隐藏线
100
AcDbLine
 10
4.6784449978364435
 20
101.0
 30
0.0
 11
4.369565689114999
 21
101.0
 31
0.0
  0
LINE
  5
1E3
330
17
100
AcDbEntity
  8
隐藏线
100
AcDbLine
 10
4.369565689114999
 20
101.0
 30
0.0
 11
4.084420762045539
 21
101.0
 31
0.0
  0
LINE
  5
1E4
330
17
100
AcDbEntity
  8
隐藏线
100
AcDbLine
 10
4.084420762045539
 20
101.0
 30
0.0
 11
3.8332738110421936
 21
101.0
 31
0.0
  0
LINE
  5
1E5
330
17
100
AcDbEntity
  8
隐藏线
100
AcDbLine
 10
3.8332738110421936
 20
101.0
 30
0.0
 11
3.629673316936934
 21
101.0
 31
0.0
  0
LINE
  5
1E6
330
17
100
AcDbEntity
  8
隐藏线
100
AcDbLine
 10
3.629673316936934
 20
101.0
 30
0.0
 11
3.477996936476096
 21
101.0
 31
0.0
  0
LINE
  5
1E7
330
17
100
AcDbEntity
  8
隐藏线
100
AcDbLine
 10
3.477996936476096
 20
101.0
 30
0.0
 11
3.383620422094026
 21
101.0
 31
0.0
  0
LINE
  5
1E8
330
17
100
AcDbEntity
  8
隐藏线
100
AcDbLine
 10
3.383620422094026
 20
101.0
 30
0.0
 11
3.349999999999998
 21
101.0
 31
0.0
  0
LINE
  5
1E9
330
17
100
AcDbEntity
  8
隐藏线
100
AcDbLine
 10
3.999999999999993
 20
101.0
 30
0.0
 11
4.1101908885061675
 21
101.0
 31
0.0
  0
LINE
  5
1EA
330
17
100
AcDbEntity
  8
隐藏线
100
AcDbLine
 10
4.1101908885061675
 20
101.0
 30
0.0
 11
4.2261177429444245
 21
101.0
 31
0.0
  0
LINE
  5
1EB
330
17
100
AcDbEntity
  8
隐藏线
100
AcDbLine
 10
4.2261177429444245
 20
101.0
 30
0.0
 11
4.347063384102661
 21
101.0
 31
0.0
  0
LINE
  5
1EC
330
17
100
AcDbEntity
  8
隐藏线
100
AcDbLine
 10
4.347063384102661
 20
101.0
 30
0.0
 11
4.472281696113871
 21
101.0
 31
0.0
  0
LINE
  5
1ED
330
17
100
AcDbEntity
  8
隐藏线
100
AcDbLine
 10
4.472281696113871
 20
101.0
 30
0.0
 11
4.601207053361911
 21
101.0
 31
0.0
  0
LINE
  5
1EE
330
17
100
AcDbEntity
  8
隐藏线
100
AcDbLine
 10
4.601207053361911
 20
101.0
 30
0.0
 11
4.732678576238765
 21
101.0
 31
0.0
  0
LINE
  5
1EF
330
17
100
AcDbEntity
  8
隐藏线
100
AcDbLine
 10
4.732678576238765
 20
101.0
 30
0.0
 11
4.865883733915108
 21
101.0
 31
0.0
  0
LINE
  5
1F0
330
17
100
AcDbEntity
  8
隐藏线
100
AcDbLine
 10
4.865883733915108
 20
101.0
 30
0.0
 11
4.9999999999999964
 21
101.0
 31
0.0
  0
LINE
  5
1F1
330
17
100
AcDbEntity
  8
隐藏线
100
AcDbLine
 10
39.0
 20
101.0
 30
0.0
 11
38.67844499783644
 21
101.0
 31
0.0
  0
LINE
  5
1F2
330
17
100
AcDbEntity
  8
隐藏线
100
AcDbLine
 10
38.67844499783644
 20
101.0
 30
0.0
 11
38.369565689115
 21
101.0
 31
0.0
  0
LINE
  5
1F3
330
17
100
AcDbEntity
  8
隐藏线
100
AcDbLine
 10
38.369565689115
 20
101.0
 30
0.0
 11
38.08442076204554
 21
101.0
 31
0.0
  0
LINE
  5
1F4
330
17
100
AcDbEntity
  8
隐藏线
100
AcDbLine
 10
38.08442076204554
 20
101.0
 30
0.0
 11
37.83327381104219
 21
101.0
 31
0.0
  0
LINE
  5
1F5
330
17
100
AcDbEntity
  8
隐藏线
100
AcDbLine
 10
37.83327381104219
 20
101.0
 30
0.0
 11
37.62967331693693
 21
101.0
 31
0.0
  0
LINE
  5
1F6
330
17
100
AcDbEntity
  8
隐藏线
100
AcDbLine
 10
37.62967331693693
 20
101.0
 30
0.0
 11
37.4779969364761
 21
101.0
 31
0.0
  0
LINE
  5
1F7
330
17
100
AcDbEntity
  8
隐藏线
100
AcDbLine
 10
37.4779969364761
 20
101.0
 30
0.0
 11
37.383620422094026
 21
101.0
 31
0.0
  0
LINE
  5
1F8
330
17
100
AcDbEntity
  8
隐藏线
100
AcDbLine
 10
37.383620422094026
 20
101.0
 30
0.0
 11
37.349999999999994
 21
101.0
 31
0.0
  0
LINE
  5
1F9
330
17
100
AcDbEntity
  8
隐藏线
100
AcDbLine
 10
21.999999999999993
 20
101.0
 30
0.0
 11
21.67844499783644
 21
101.0
 31
0.0
  0
LINE
  5
1FA
330
17
100
AcDbEntity
  8
隐藏线
100
AcDbLine
 10
21.67844499783644
 20
101.0
 30
0.0
 11
21.369565689114996
 21
101.0
 31
0.0
  0
LINE
  5
1FB
330
17
100
AcDbEntity
  8
隐藏线
100
AcDbLine
 10
21.369565689114996
 20
101.0
 30
0.0
 11
21.08442076204554
 21
101.0
 31
0.0
  0
LINE
  5
1FC
330
17
100
AcDbEntity
  8
隐藏线
100
AcDbLine
 10
21.08442076204554
 20
101.0
 30
0.0
 11
20.83327381104219
 21
101.0
 31
0.0
  0
LINE
  5
1FD
330
17
100
AcDbEntity
  8
隐藏线
100
AcDbLine
 10
20.83327381104219
 20
101.0
 30
0.0
 11
20.62967331693693
 21
101.0
 31
0.0
  0
LINE
  5
1FE
330
17
100
AcDbEntity
  8
隐藏线
100
AcDbLine
 10
20.62967331693693
 20
101.0
 30
0.0
 11
20.477996936476096
 21
101.0
 31
0.0
  0
LINE
  5
1FF
330
17
100
AcDbEntity
  8
隐藏线
100
AcDbLine
 10
20.477996936476096
 20
101.0
 30
0.0
 11
20.383620422094026
 21
101.0
 31
0.0
  0
LINE
  5
200
330
17
100
AcDbEntity
  8
隐藏线
100
AcDbLine
 10
20.383620422094026
 20
101.0
 30
0.0
 11
20.349999999999994
 21
101.0
 31
0.0
  0
LINE
  5
201
330
17
100
AcDbEntity
  8
隐藏线
100
AcDbLine
 10
3.5892016975779164
 20
101.0
 30
0.0
 11
3.670497392935612
 21
101.0
 31
0.0
  0
LINE
  5
202
330
17
100
AcDbEntity
  8
隐藏线
100
AcDbLine
 10
3.670497392935612
 20
101.0
 30
0.0
 11
3.7523916330746445
 21
101.0
 31
0.0
  0
LINE
  5
203
330
17
100
AcDbEntity
  8
隐藏线
100
AcDbLine
 10
3.7523916330746445
 20
101.0
 30
0.0
 11
3.8346945218586406
 21
101.0
 31
0.0
  0
LINE
  5
204
330
17
100
AcDbEntity
  8
隐藏线
100
AcDbLine
 10
3.8346945218586406
 20
101.0
 30
0.0
 11
3.9172746012417754
 21
101.0
 31
0.0
  0
LINE
  5
205
330
17
100
AcDbEntity
  8
隐藏线
100
AcDbLine
 10
3.9172746012417754
 20
101.0
 30
0.0
 11
3.9999999999999964
 21
101.0
 31
0.0
  0
LINE
  5
206
330
17
100
AcDbEntity
  8
隐藏线
100
AcDbLine
 10
41.960798930700065
 20
101.0
 30
0.0
 11
41.98978172234878
 21
101.0
 31
0.0
  0
LINE
  5
207
330
17
100
AcDbEntity
  8
隐藏线
100
AcDbLine
 10
21.999999999999993
 20
104.0
 30
0.0
 11
21.67844499783644
 21
104.0
 31
0.0
  0
LINE
  5
208
330
17
100
AcDbEntity
  8
隐藏线
100
AcDbLine
 10
21.67844499783644
 20
104.0
 30
0.0
 11
21.369565689114996
 21
104.0
 31
0.0
  0
LINE
  5
209
330
17
100
AcDbEntity
  8
隐藏线
100
AcDbLine
 10
21.369565689114996
 20
104.0
 30
0.0
 11
21.08442076204554
 21
104.0
 31
0.0
  0
LINE
  5
20A
330
17
100
AcDbEntity
  8
隐藏线
100
AcDbLine
 10
21.08442076204554
 20
104.0
 30
0.0
 11
20.83327381104219
 21
104.0
 31
0.0
  0
LINE
  5
20B
330
17
100
AcDbEntity
  8
隐藏线
100
AcDbLine
 10
20.83327381104219
 20
104.0
 30
0.0
 11
20.62967331693693
 21
104.0
 31
0.0
  0
LINE
  5
20C
330
17
100
AcDbEntity
  8
隐藏线
100
AcDbLine
 10
20.62967331693693
 20
104.0
 30
0.0
 11
20.477996936476096
 21
104.0
 31
0.0
  0
LINE
  5
20D
330
17
100
AcDbEntity
  8
隐藏线
100
AcDbLine
 10
20.477996936476096
 20
104.0
 30
0.0
 11
20.383620422094026
 21
104.0
 31
0.0
  0
LINE
  5
20E
330
17
100
AcDbEntity
  8
隐藏线
100
AcDbLine
 10
20.383620422094026
 20
104.0
 30
0.0
 11
20.349999999999994
 21
104.0
 31
0.0
  0
LINE
  5
20F
330
17
100
AcDbEntity
  8
隐藏线
100
AcDbLine
 10
20.355795350090876
 20
104.0
 30
0.0
 11
20.372250819522026
 21
104.0
 31
0.0
  0
LINE
  5
210
330
17
100
AcDbEntity
  8
隐藏线
100
AcDbLine
 10
20.485051195838
 20
104.0
 30
0.0
 11
20.54324525387318
 21
104.0
 31
0.0
  0
LINE
  5
211
330
17
100
AcDbEntity
  8
隐藏线
100
AcDbLine
 10
20.610886668153423
 20
104.0
 30
0.0
 11
20.68755952515933
 21
104.0
 31
0.0
  0
LINE
  5
212
330
17
100
AcDbEntity
  8
隐藏线
100
AcDbLine
 10
20.68755952515933
 20
104.0
 30
0.0
 11
20.811418009402573
 21
104.0
 31
0.0
  0
LINE
  5
213
330
17
100
AcDbEntity
  8
隐藏线
100
AcDbLine
 10
20.811418009402573
 20
104.0
 30
0.0
 11
20.95056851790741
 21
104.0
 31
0.0
  0
LINE
  5
214
330
17
100
AcDbEntity
  8
隐藏线
100
AcDbLine
 10
20.95056851790741
 20
104.0
 30
0.0
 11
21.10329093587499
 21
104.0
 31
0.0
  0
LINE
  5
215
330
17
100
AcDbEntity
  8
隐藏线
100
AcDbLine
 10
21.10329093587499
 20
104.0
 30
0.0
 11
21.267709074206156
 21
104.0
 31
0.0
  0
LINE
  5
216
330
17
100
AcDbEntity
  8
隐藏线
100
AcDbLine
 10
21.267709074206156
 20
104.0
 30
0.0
 11
21.44238402518188
 21
104.0
 31
0.0
  0
LINE
  5
217
330
17
100
AcDbEntity
  8
隐藏线
100
AcDbLine
 10
21.44238402518188
 20
104.0
 30
0.0
 11
21.62416131950616
 21
104.0
 31
0.0
  0
LINE
  5
218
330
17
100
AcDbEntity
  8
隐藏线
100
AcDbLine
 10
21.62416131950616
 20
104.0
 30
0.0
 11
21.810799196566236
 21
104.0
 31
0.0
  0
LINE
  5
219
330
17
100
AcDbEntity
  8
隐藏线
100
AcDbLine
 10
21.810799196566236
 20
104.0
 30
0.0
 11
21.999999999999993
 21
104.0
 31
0.0
  0
LINE
  5
21A
330
17
100
AcDbEntity
  8
隐藏线
100
AcDbLine
 10
25.999999999999993
 20
104.0
 30
0.0
 11
26.01021827765122
 21
104.0
 31
0.0
  0
LINE
  5
21B
330
17
100
AcDbEntity
  8
隐藏线
100
AcDbLine
 10
26.03920106929993
 20
104.0
 30
0.0
 11
26.086682351928157
 21
104.0
 31
0.0
  0
LINE
  5
21C
330
17
100
AcDbEntity
  8
隐藏线
100
AcDbLine
 10
26.086682351928157
 20
104.0
 30
0.0
 11
26.152240934977417
 21
104.0
 31
0.0
  0
LINE
  5
21D
330
17
100
AcDbEntity
  8
隐藏线
100
AcDbLine
 10
26.152240934977417
 20
104.0
 30
0.0
 11
26.23668043318565
 21
104.0
 31
0.0
  0
LINE
  5
21E
330
17
100
AcDbEntity
  8
隐藏线
100
AcDbLine
 10
26.23668043318565
 20
104.0
 30
0.0
 11
26.337714931812446
 21
104.0
 31
0.0
  0
LINE
  5
21F
330
17
100
AcDbEntity
  8
隐藏线
100
AcDbLine
 10
26.337714931812446
 20
104.0
 30
0.0
 11
26.454431693856364
 21
104.0
 31
0.0
  0
LINE
  5
220
330
17
100
AcDbEntity
  8
隐藏线
100
AcDbLine
 10
26.454431693856364
 20
104.0
 30
0.0
 11
26.585786437626897
 21
104.0
 31
0.0
  0
LINE
  5
221
330
17
100
AcDbEntity
  8
隐藏线
100
AcDbLine
 10
26.585786437626897
 20
104.0
 30
0.0
 11
26.73159200823589
 21
104.0
 31
0.0
  0
LINE
  5
222
330
17
100
AcDbEntity
  8
隐藏线
100
AcDbLine
 10
26.73159200823589
 20
104.0
 30
0.0
 11
26.88929662730485
 21
104.0
 31
0.0
  0
LINE
  5
223
330
17
100
AcDbEntity
  8
隐藏线
100
AcDbLine
 10
26.88929662730485
 20
104.0
 30
0.0
 11
27.05747979978335
 21
104.0
 31
0.0
  0
LINE
  5
224
330
17
100
AcDbEntity
  8
隐藏线
100
AcDbLine
 10
27.05747979978335
 20
104.0
 30
0.0
 11
27.23463313526981
 21
104.0
 31
0.0
  0
LINE
  5
225
330
17
100
AcDbEntity
  8
隐藏线
100
AcDbLine
 10
27.23463313526981
 20
104.0
 30
0.0
 11
27.419607201885135
 21
104.0
 31
0.0
  0
LINE
  5
226
330
17
100
AcDbEntity
  8
隐藏线
100
AcDbLine
 10
27.419607201885135
 20
104.0
 30
0.0
 11
27.60997284273894
 21
104.0
 31
0.0
  0
LINE
  5
227
330
17
100
AcDbEntity
  8
隐藏线
100
AcDbLine
 10
27.60997284273894
 20
104.0
 30
0.0
 11
27.804018062226433
 21
104.0
 31
0.0
  0
LINE
  5
228
330
17
100
AcDbEntity
  8
隐藏线
100
AcDbLine
 10
27.804018062226433
 20
104.0
 30
0.0
 11
27.999999999999993
 21
104.0
 31
0.0
  0
LINE
  5
229
330
17
100
AcDbEntity
  8
隐藏线
100
AcDbLine
 10
15.999999999999993
 20
104.0
 30
0.0
 11
16.195981937773553
 21
104.0
 31
0.0
  0
LINE
  5
22A
330
17
100
AcDbEntity
  8
隐藏线
100
AcDbLine
 10
16.195981937773553
 20
104.0
 30
0.0
 11
16.390027157261045
 21
104.0
 31
0.0
  0
LINE
  5
22B
330
17
100
AcDbEntity
  8
隐藏线
100
AcDbLine
 10
16.390027157261045
 20
104.0
 30
0.0
 11
16.58039279811485
 21
104.0
 31
0.0
  0
LINE
  5
22C
330
17
100
AcDbEntity
  8
隐藏线
100
AcDbLine
 10
16.58039279811485
 20
104.0
 30
0.0
 11
16.765366864730172
 21
104.0
 31
0.0
  0
LINE
  5
22D
330
17
100
AcDbEntity
  8
隐藏线
100
AcDbLine
 10
16.765366864730172
 20
104.0
 30
0.0
 11
16.942520200216634
 21
104.0
 31
0.0
  0
LINE
  5
22E
330
17
100
AcDbEntity
  8
隐藏线
100
AcDbLine
 10
16.942520200216634
 20
104.0
 30
0.0
 11
17.110703372695138
 21
104.0
 31
0.0
  0
LINE
  5
22F
330
17
100
AcDbEntity
  8
隐藏线
100
AcDbLine
 10
17.110703372695138
 20
104.0
 30
0.0
 11
17.268407991764096
 21
104.0
 31
0.0
  0
LINE
  5
230
330
17
100
AcDbEntity
  8
隐藏线
100
AcDbLine
 10
17.268407991764096
 20
104.0
 30
0.0
 11
17.41421356237309
 21
104.0
 31
0.0
  0
LINE
  5
231
330
17
100
AcDbEntity
  8
隐藏线
100
AcDbLine
 10
17.41421356237309
 20
104.0
 30
0.0
 11
17.545568306143622
 21
104.0
 31
0.0
  0
LINE
  5
232
330
17
100
AcDbEntity
  8
隐藏线
100
AcDbLine
 10
17.545568306143622
 20
104.0
 30
0.0
 11
17.66228506818754
 21
104.0
 31
0.0
  0
LINE
  5
233
330
17
100
AcDbEntity
  8
隐藏线
100
AcDbLine
 10
17.66228506818754
 20
104.0
 30
0.0
 11
17.763319566814335
 21
104.0
 31
0.0
  0
LINE
  5
234
330
17
100
AcDbEntity
  8
隐藏线
100
AcDbLine
 10
17.763319566814335
 20
104.0
 30
0.0
 11
17.84775906502257
 21
104.0
 31
0.0
  0
LINE
  5
235
330
17
100
AcDbEntity
  8
隐藏线
100
AcDbLine
 10
17.84775906502257
 20
104.0
 30
0.0
 11
17.91331764807183
 21
104.0
 31
0.0
  0
LINE
  5
236
330
17
100
AcDbEntity
  8
隐藏线
100
AcDbLine
 10
17.91331764807183
 20
104.0
 30
0.0
 11
17.960798930700054
 21
104.0
 31
0.0
  0
LINE
  5
237
330
17
100
AcDbEntity
  8
隐藏线
100
AcDbLine
 10
17.960798930700054
 20
104.0
 30
0.0
 11
17.989781722348766
 21
104.0
 31
0.0
  0
LINE
  5
238
330
17
100
AcDbEntity
  8
隐藏线
100
AcDbLine
 10
9.999999999999996
 20
104.0
 30
0.0
 11
6.9999999999999964
 21
104.0
 31
0.0
  0
LINE
  5
239
330
17
100
AcDbEntity
  8
隐藏线
100
AcDbLine
 10
4.9999999999999964
 20
104.0
 30
0.0
 11
4.6784449978364435
 21
104.0
 31
0.0
  0
LINE
  5
23A
330
17
100
AcDbEntity
  8
隐藏线
100
AcDbLine
 10
4.6784449978364435
 20
104.0
 30
0.0
 11
4.369565689114999
 21
104.0
 31
0.0
  0
LINE
  5
23B
330
17
100
AcDbEntity
  8
隐藏线
100
AcDbLine
 10
4.369565689114999
 20
104.0
 30
0.0
 11
4.084420762045539
 21
104.0
 31
0.0
  0
LINE
  5
23C
330
17
100
AcDbEntity
  8
隐藏线
100
AcDbLine
 10
4.084420762045539
 20
104.0
 30
0.0
 11
3.8332738110421936
 21
104.0
 31
0.0
  0
LINE
  5
23D
330
17
100
AcDbEntity
  8
隐藏线
100
AcDbLine
 10
3.8332738110421936
 20
104.0
 30
0.0
 11
3.629673316936934
 21
104.0
 31
0.0
  0
LINE
  5
23E
330
17
100
AcDbEntity
  8
隐藏线
100
AcDbLine
 10
3.629673316936934
 20
104.0
 30
0.0
 11
3.477996936476096
 21
104.0
 31
0.0
  0
LINE
  5
23F
330
17
100
AcDbEntity
  8
隐藏线
100
AcDbLine
 10
3.477996936476096
 20
104.0
 30
0.0
 11
3.383620422094026
 21
104.0
 31
0.0
  0
LINE
  5
240
330
17
100
AcDbEntity
  8
隐藏线
100
AcDbLine
 10
3.383620422094026
 20
104.0
 30
0.0
 11
3.349999999999998
 21
104.0
 31
0.0
  0
LINE
  5
241
330
17
100
AcDbEntity
  8
隐藏线
100
AcDbLine
 10
3.999999999999993
 20
104.0
 30
0.0
 11
4.1101908885061675
 21
104.0
 31
0.0
  0
LINE
  5
242
330
17
100
AcDbEntity
  8
隐藏线
100
AcDbLine
 10
4.1101908885061675
 20
104.0
 30
0.0
 11
4.2261177429444245
 21
104.0
 31
0.0
  0
LINE
  5
243
330
17
100
AcDbEntity
  8
隐藏线
100
AcDbLine
 10
4.2261177429444245
 20
104.0
 30
0.0
 11
4.347063384102661
 21
104.0
 31
0.0
  0
LINE
  5
244
330
17
100
AcDbEntity
  8
隐藏线
100
AcDbLine
 10
4.347063384102661
 20
104.0
 30
0.0
 11
4.472281696113871
 21
104.0
 31
0.0
  0
LINE
  5
245
330
17
100
AcDbEntity
  8
隐藏线
100
AcDbLine
 10
4.472281696113871
 20
104.0
 30
0.0
 11
4.601207053361911
 21
104.0
 31
0.0
  0
LINE
  5
246
330
17
100
AcDbEntity
  8
隐藏线
100
AcDbLine
 10
4.601207053361911
 20
104.0
 30
0.0
 11
4.732678576238765
 21
104.0
 31
0.0
  0
LINE
  5
247
330
17
100
AcDbEntity
  8
隐藏线
100
AcDbLine
 10
4.732678576238765
 20
104.0
 30
0.0
 11
4.865883733915108
 21
104.0
 31
0.0
  0
LINE
  5
248
330
17
100
AcDbEntity
  8
隐藏线
100
AcDbLine
 10
4.865883733915108
 20
104.0
 30
0.0
 11
4.9999999999999964
 21
104.0
 31
0.0
  0
LINE
  5
249
330
17
100
AcDbEntity
  8
隐藏线
100
AcDbLine
 10
11.999999999999995
 20
104.0
 30
0.0
 11
11.804018062226438
 21
104.0
 31
0.0
  0
LINE
  5
24A
330
17
100
AcDbEntity
  8
隐藏线
100
AcDbLine
 10
11.804018062226438
 20
104.0
 30
0.0
 11
11.609972842738943
 21
104.0
 31
0.0
  0
LINE
  5
24B
330
17
100
AcDbEntity
  8
隐藏线
100
AcDbLine
 10
11.609972842738943
 20
104.0
 30
0.0
 11
11.419607201885137
 21
104.0
 31
0.0
  0
LINE
  5
24C
330
17
100
AcDbEntity
  8
隐藏线
100
AcDbLine
 10
11.419607201885137
 20
104.0
 30
0.0
 11
11.234633135269815
 21
104.0
 31
0.0
  0
LINE
  5
24D
330
17
100
AcDbEntity
  8
隐藏线
100
AcDbLine
 10
11.234633135269815
 20
104.0
 30
0.0
 11
11.057479799783355
 21
104.0
 31
0.0
  0
LINE
  5
24E
330
17
100
AcDbEntity
  8
隐藏线
100
AcDbLine
 10
11.057479799783355
 20
104.0
 30
0.0
 11
10.889296627304851
 21
104.0
 31
0.0
  0
LINE
  5
24F
330
17
100
AcDbEntity
  8
隐藏线
100
AcDbLine
 10
10.889296627304851
 20
104.0
 30
0.0
 11
10.731592008235891
 21
104.0
 31
0.0
  0
LINE
  5
250
330
17
100
AcDbEntity
  8
隐藏线
100
AcDbLine
 10
10.731592008235891
 20
104.0
 30
0.0
 11
10.585786437626899
 21
104.0
 31
0.0
  0
LINE
  5
251
330
17
100
AcDbEntity
  8
隐藏线
100
AcDbLine
 10
10.585786437626899
 20
104.0
 30
0.0
 11
10.454431693856366
 21
104.0
 31
0.0
  0
LINE
  5
252
330
17
100
AcDbEntity
  8
隐藏线
100
AcDbLine
 10
10.454431693856366
 20
104.0
 30
0.0
 11
10.337714931812448
 21
104.0
 31
0.0
  0
LINE
  5
253
330
17
100
AcDbEntity
  8
隐藏线
100
AcDbLine
 10
10.337714931812448
 20
104.0
 30
0.0
 11
10.236680433185652
 21
104.0
 31
0.0
  0
LINE
  5
254
330
17
100
AcDbEntity
  8
隐藏线
100
AcDbLine
 10
10.236680433185652
 20
104.0
 30
0.0
 11
10.152240934977419
 21
104.0
 31
0.0
  0
LINE
  5
255
330
17
100
AcDbEntity
  8
隐藏线
100
AcDbLine
 10
10.152240934977419
 20
104.0
 30
0.0
 11
10.08668235192816
 21
104.0
 31
0.0
  0
LINE
  5
256
330
17
100
AcDbEntity
  8
隐藏线
100
AcDbLine
 10
10.08668235192816
 20
104.0
 30
0.0
 11
10.039201069299933
 21
104.0
 31
0.0
  0
LINE
  5
257
330
17
100
AcDbEntity
  8
隐藏线
100
AcDbLine
 10
10.039201069299933
 20
104.0
 30
0.0
 11
10.010218277651221
 21
104.0
 31
0.0
  0
LINE
  5
258
330
17
100
AcDbEntity
  8
隐藏线
100
AcDbLine
 10
3.9999999999999964
 20
104.0
 30
0.0
 11
3.917274601241779
 21
104.0
 31
0.0
  0
LINE
  5
259
330
17
100
AcDbEntity
  8
隐藏线
100
AcDbLine
 10
3.917274601241779
 20
104.0
 30
0.0
 11
3.8346945218586406
 21
104.0
 31
0.0
  0
LINE
  5
25A
330
17
100
AcDbEntity
  8
隐藏线
100
AcDbLine
 10
3.8346945218586406
 20
104.0
 30
0.0
 11
3.752391633074648
 21
104.0
 31
0.0
  0
LINE
  5
25B
330
17
100
AcDbEntity
  8
隐藏线
100
AcDbLine
 10
3.752391633074648
 20
104.0
 30
0.0
 11
3.670497392935612
 21
104.0
 31
0.0
  0
LINE
  5
25C
330
17
100
AcDbEntity
  8
隐藏线
100
AcDbLine
 10
3.670497392935612
 20
104.0
 30
0.0
 11
3.5892016975779164
 21
104.0
 31
0.0
  0
LINE
  5
25D
330
17
100
AcDbEntity
  8
隐藏线
100
AcDbLine
 10
37.0
 20
104.0
 30
0.0
 11
34.0
 21
104.0
 31
0.0
  0
LINE
  5
25E
330
17
100
AcDbEntity
  8
隐藏线
100
AcDbLine
 10
39.0
 20
104.0
 30
0.0
 11
38.67844499783644
 21
104.0
 31
0.0
  0
LINE
  5
25F
330
17
100
AcDbEntity
  8
隐藏线
100
AcDbLine
 10
38.67844499783644
 20
104.0
 30
0.0
 11
38.369565689115
 21
104.0
 31
0.0
  0
LINE
  5
260
330
17
100
AcDbEntity
  8
隐藏线
100
AcDbLine
 10
38.369565689115
 20
104.0
 30
0.0
 11
38.08442076204554
 21
104.0
 31
0.0
  0
LINE
  5
261
330
17
100
AcDbEntity
  8
隐藏线
100
AcDbLine
 10
38.08442076204554
 20
104.0
 30
0.0
 11
37.83327381104219
 21
104.0
 31
0.0
  0
LINE
  5
262
330
17
100
AcDbEntity
  8
隐藏线
100
AcDbLine
 10
37.83327381104219
 20
104.0
 30
0.0
 11
37.62967331693693
 21
104.0
 31
0.0
  0
LINE
  5
263
330
17
100
AcDbEntity
  8
隐藏线
100
AcDbLine
 10
37.62967331693693
 20
104.0
 30
0.0
 11
37.4779969364761
 21
104.0
 31
0.0
  0
LINE
  5
264
330
17
100
AcDbEntity
  8
隐藏线
100
AcDbLine
 10
37.4779969364761
 20
104.0
 30
0.0
 11
37.383620422094026
 21
104.0
 31
0.0
  0
LINE
  5
265
330
17
100
AcDbEntity
  8
隐藏线
100
AcDbLine
 10
37.383620422094026
 20
104.0
 30
0.0
 11
37.349999999999994
 21
104.0
 31
0.0
  0
LINE
  5
266
330
17
100
AcDbEntity
  8
隐藏线
100
AcDbLine
 10
42.0
 20
104.0
 30
0.0
 11
41.98978172234878
 21
104.0
 31
0.0
  0
LINE
  5
267
330
17
100
AcDbEntity
  8
隐藏线
100
AcDbLine
 10
34.0
 20
104.0
 30
0.0
 11
33.98978172234877
 21
104.0
 31
0.0
  0
LINE
  5
268
330
17
100
AcDbEntity
  8
隐藏线
100
AcDbLine
 10
33.960798930700065
 20
104.0
 30
0.0
 11
33.91331764807184
 21
104.0
 31
0.0
  0
LINE
  5
269
330
17
100
AcDbEntity
  8
隐藏线
100
AcDbLine
 10
33.91331764807184
 20
104.0
 30
0.0
 11
33.84775906502258
 21
104.0
 31
0.0
  0
LINE
  5
26A
330
17
100
AcDbEntity
  8
隐藏线
100
AcDbLine
 10
33.84775906502258
 20
104.0
 30
0.0
 11
33.763319566814346
 21
104.0
 31
0.0
  0
LINE
  5
26B
330
17
100
AcDbEntity
  8
隐藏线
100
AcDbLine
 10
33.763319566814346
 20
104.0
 30
0.0
 11
33.66228506818754
 21
104.0
 31
0.0
  0
LINE
  5
26C
330
17
100
AcDbEntity
  8
隐藏线
100
AcDbLine
 10
33.66228506818754
 20
104.0
 30
0.0
 11
33.54556830614363
 21
104.0
 31
0.0
  0
LINE
  5
26D
330
17
100
AcDbEntity
  8
隐藏线
100
AcDbLine
 10
33.54556830614363
 20
104.0
 30
0.0
 11
33.4142135623731
 21
104.0
 31
0.0
  0
LINE
  5
26E
330
17
100
AcDbEntity
  8
隐藏线
100
AcDbLine
 10
33.4142135623731
 20
104.0
 30
0.0
 11
33.26840799176411
 21
104.0
 31
0.0
  0
LINE
  5
26F
330
17
100
AcDbEntity
  8
隐藏线
100
AcDbLine
 10
33.26840799176411
 20
104.0
 30
0.0
 11
33.11070337269514
 21
104.0
 31
0.0
  0
LINE
  5
270
330
17
100
AcDbEntity
  8
隐藏线
100
AcDbLine
 10
33.11070337269514
 20
104.0
 30
0.0
 11
32.94252020021664
 21
104.0
 31
0.0
  0
LINE
  5
271
330
17
100
AcDbEntity
  8
隐藏线
100
AcDbLine
 10
32.94252020021664
 20
104.0
 30
0.0
 11
32.76536686473018
 21
104.0
 31
0.0
  0
LINE
  5
272
330
17
100
AcDbEntity
  8
隐藏线
100
AcDbLine
 10
32.76536686473018
 20
104.0
 30
0.0
 11
32.58039279811486
 21
104.0
 31
0.0
  0
LINE
  5
273
330
17
100
AcDbEntity
  8
隐藏线
100
AcDbLine
 10
32.58039279811486
 20
104.0
 30
0.0
 11
32.39002715726105
 21
104.0
 31
0.0
  0
LINE
  5
274
330
17
100
AcDbEntity
  8
隐藏线
100
AcDbLine
 10
32.39002715726105
 20
104.0
 30
0.0
 11
32.19598193777356
 21
104.0
 31
0.0
  0
LINE
  5
275
330
17
100
AcDbEntity
  8
隐藏线
100
AcDbLine
 10
32.19598193777356
 20
104.0
 30
0.0
 11
32.0
 21
104.0
 31
0.0
  0
LINE
  5
276
330
17
100
AcDbEntity
  8
隐藏线
100
AcDbLine
 10
23.64999999999999
 20
101.0
 30
0.0
 11
23.64999999999999
 21
102.5
 31
0.0
  0
LINE
  5
277
330
17
100
AcDbEntity
  8
隐藏线
100
AcDbLine
 10
23.64999999999999
 20
102.5
 30
0.0
 11
23.64999999999999
 21
104.0
 31
0.0
  0
LINE
  5
278
330
17
100
AcDbEntity
  8
隐藏线
100
AcDbLine
 10
6.649999999999995
 20
101.0
 30
0.0
 11
6.649999999999995
 21
102.5
 31
0.0
  0
LINE
  5
279
330
17
100
AcDbEntity
  8
隐藏线
100
AcDbLine
 10
6.649999999999995
 20
102.5
 30
0.0
 11
6.649999999999995
 21
104.0
 31
0.0
  0
LINE
  5
27A
330
17
100
AcDbEntity
  8
隐藏线
100
AcDbLine
 10
40.64999999999999
 20
101.0
 30
0.0
 11
40.64999999999999
 21
102.5
 31
0.0
  0
LINE
  5
27B
330
17
100
AcDbEntity
  8
隐藏线
100
AcDbLine
 10
40.64999999999999
 20
102.5
 30
0.0
 11
40.64999999999999
 21
104.0
 31
0.0
  0
LINE
  5
27C
330
17
100
AcDbEntity
  8
隐藏线
100
AcDbLine
 10
37.349999999999994
 20
101.0
 30
0.0
 11
37.349999999999994
 21
102.5
 31
0.0
  0
LINE
  5
27D
330
17
100
AcDbEntity
  8
隐藏线
100
AcDbLine
 10
37.349999999999994
 20
102.5
 30
0.0
 11
37.349999999999994
 21
104.0
 31
0.0
  0
LINE
  5
27E
330
17
100
AcDbEntity
  8
隐藏线
100
AcDbLine
 10
20.349999999999994
 20
101.0
 30
0.0
 11
20.349999999999994
 21
102.5
 31
0.0
  0
LINE
  5
27F
330
17
100
AcDbEntity
  8
隐藏线
100
AcDbLine
 10
20.349999999999994
 20
102.5
 30
0.0
 11
20.349999999999994
 21
104.0
 31
0.0
  0
LINE
  5
280
330
17
100
AcDbEntity
  8
可见轮廓
100
AcDbLine
 10
96.0
 20
45.650000000000006
 30
0.0
 11
97.5
 21
45.650000000000006
 31
0.0
  0
LINE
  5
281
330
17
100
AcDbEntity
  8
可见轮廓
100
AcDbLine
 10
97.5
 20
45.650000000000006
 30
0.0
 11
99.0
 21
45.650000000000006
 31
0.0
  0
LINE
  5
282
330
17
100
AcDbEntity
  8
可见轮廓
100
AcDbLine
 10
99.0
 20
45.0
 30
0.0
 11
99.0
 21
45.143490577311944
 31
0.0
  0
LINE
  5
283
330
17
100
AcDbEntity
  8
可见轮廓
100
AcDbLine
 10
99.0
 20
45.143490577311944
 30
0.0
 11
99.0
 21
45.272107449376016
 31
0.0
  0
LINE
  5
284
330
17
100
AcDbEntity
  8
可见轮廓
100
AcDbLine
 10
99.0
 20
45.272107449376016
 30
0.0
 11
99.0
 21
45.38427262599887
 31
0.0
  0
LINE
  5
285
330
17
100
AcDbEntity
  8
可见轮廓
100
AcDbLine
 10
99.0
 20
45.38427262599887
 30
0.0
 11
99.0
 21
45.478597308262124
 31
0.0
  0
LINE
  5
286
330
17
100
AcDbEntity
  8
可见轮廓
100
AcDbLine
 10
99.0
 20
45.478597308262124
 30
0.0
 11
99.0
 21
45.5522120581291
 31
0.0
  0
LINE
  5
287
330
17
100
AcDbEntity
  8
可见轮廓
100
AcDbLine
 10
99.0
 20
45.5522120581291
 30
0.0
 11
99.0
 21
45.60571139517961
 31
0.0
  0
LINE
  5
288
330
17
100
AcDbEntity
  8
可见轮廓
100
AcDbLine
 10
99.0
 20
45.638444660265876
 30
0.0
 11
99.0
 21
45.650000000000006
 31
0.0
  0
LINE
  5
289
330
17
100
AcDbEntity
  8
可见轮廓
100
AcDbLine
 10
96.0
 20
45.0
 30
0.0
 11
96.0
 21
45.143490577311944
 31
0.0
  0
LINE
  5
28A
330
17
100
AcDbEntity
  8
可见轮廓
100
AcDbLine
 10
96.0
 20
45.143490577311944
 30
0.0
 11
96.0
 21
45.272107449376016
 31
0.0
  0
LINE
  5
28B
330
17
100
AcDbEntity
  8
可见轮廓
100
AcDbLine
 10
96.0
 20
45.272107449376016
 30
0.0
 11
96.0
 21
45.38427262599887
 31
0.0
  0
LINE
  5
28C
330
17
100
AcDbEntity
  8
可见轮廓
100
AcDbLine
 10
96.0
 20
45.38427262599887
 30
0.0
 11
96.0
 21
45.478597308262124
 31
0.0
  0
LINE
  5
28D
330
17
100
AcDbEntity
  8
可见轮廓
100
AcDbLine
 10
96.0
 20
45.478597308262124
 30
0.0
 11
96.0
 21
45.5522120581291
 31
0.0
  0
LINE
  5
28E
330
17
100
AcDbEntity
  8
可见轮廓
100
AcDbLine
 10
96.0
 20
45.5522120581291
 30
0.0
 11
96.0
 21
45.60571139517961
 31
0.0
  0
LINE
  5
28F
330
17
100
AcDbEntity
  8
可见轮廓
100
AcDbLine
 10
96.0
 20
45.638444660265876
 30
0.0
 11
96.0
 21
45.650000000000006
 31
0.0
  0
LINE
  5
290
330
17
100
AcDbEntity
  8
可见轮廓
100
AcDbLine
 10
116.0
 20
45.0
 30
0.0
 11
116.0
 21
24.5
 31
0.0
  0
LINE
  5
291
330
17
100
AcDbEntity
  8
可见轮廓
100
AcDbLine
 10
116.0
 20
24.5
 30
0.0
 11
116.0
 21
12.000000000000007
 31
0.0
  0
LINE
  5
292
330
17
100
AcDbEntity
  8
可见轮廓
100
AcDbLine
 10
96.0
 20
45.0
 30
0.0
 11
96.0
 21
24.5
 31
0.0
  0
LINE
  5
293
330
17
100
AcDbEntity
  8
可见轮廓
100
AcDbLine
 10
96.0
 20
24.5
 30
0.0
 11
96.0
 21
4.000000000000014
 31
0.0
  0
LINE
  5
294
330
17
100
AcDbEntity
  8
可见轮廓
100
AcDbLine
 10
99.0
 20
11.999999999999996
 30
0.0
 11
99.0
 21
6.9999999999999964
 31
0.0
  0
LINE
  5
295
330
17
100
AcDbEntity
  8
可见轮廓
100
AcDbLine
 10
99.0
 20
6.9999999999999964
 30
0.0
 11
99.0
 21
4.0000000000000036
 31
0.0
  0
LINE
  5
296
330
17
100
AcDbEntity
  8
可见轮廓
100
AcDbLine
 10
99.0
 20
2.0
 30
0.0
 11
106.0
 21
2.0
 31
0.0
  0
LINE
  5
297
330
17
100
AcDbEntity
  8
可见轮廓
100
AcDbLine
 10
106.0
 20
2.0
 30
0.0
 11
107.5
 21
2.0
 31
0.0
  0
LINE
  5
298
330
17
100
AcDbEntity
  8
可见轮廓
100
AcDbLine
 10
107.5
 20
2.0
 30
0.0
 11
116.0
 21
2.0
 31
0.0
  0
LINE
  5
299
330
17
100
AcDbEntity
  8
可见轮廓
100
AcDbLine
 10
99.0
 20
2.0
 30
0.0
 11
97.5
 21
2.0
 31
0.0
  0
LINE
  5
29A
330
17
100
AcDbEntity
  8
可见轮廓
100
AcDbLine
 10
97.5
 20
2.0
 30
0.0
 11
96.0
 21
2.0
 31
0.0
  0
LINE
  5
29B
330
17
100
AcDbEntity
  8
可见轮廓
100
AcDbLine
 10
116.0
 20
47.0
 30
0.0
 11
107.5
 21
47.0
 31
0.0
  0
LINE
  5
29C
330
17
100
AcDbEntity
  8
可见轮廓
100
AcDbLine
 10
107.5
 20
47.0
 30
0.0
 11
106.0
 21
47.0
 31
0.0
  0
LINE
  5
29D
330
17
100
AcDbEntity
  8
可见轮廓
100
AcDbLine
 10
106.0
 20
47.0
 30
0.0
 11
99.0
 21
47.0
 31
0.0
  0
LINE
  5
29E
330
17
100
AcDbEntity
  8
可见轮廓
100
AcDbLine
 10
99.0
 20
47.0
 30
0.0
 11
96.0
 21
47.0
 31
0.0
  0
LINE
  5
29F
330
17
100
AcDbEntity
  8
可见轮廓
100
AcDbLine
 10
96.0
 20
47.0
 30
0.0
 11
106.0
 21
47.0
 31
0.0
  0
LINE
  5
2A0
330
17
100
AcDbEntity
  8
可见轮廓
100
AcDbLine
 10
106.0
 20
47.0
 30
0.0
 11
116.0
 21
47.0
 31
0.0
  0
LINE
  5
2A1
330
17
100
AcDbEntity
  8
可见轮廓
100
AcDbLine
 10
116.0
 20
45.0
 30
0.0
 11
116.0
 21
45.19598193777355
 31
0.0
  0
LINE
  5
2A2
330
17
100
AcDbEntity
  8
可见轮廓
100
AcDbLine
 10
116.0
 20
45.19598193777355
 30
0.0
 11
116.0
 21
45.390027157261045
 31
0.0
  0
LINE
  5
2A3
330
17
100
AcDbEntity
  8
可见轮廓
100
AcDbLine
 10
116.0
 20
45.390027157261045
 30
0.0
 11
116.0
 21
45.58039279811486
 31
0.0
  0
LINE
  5
2A4
330
17
100
AcDbEntity
  8
可见轮廓
100
AcDbLine
 10
116.0
 20
45.58039279811486
 30
0.0
 11
116.0
 21
45.765366864730176
 31
0.0
  0
LINE
  5
2A5
330
17
100
AcDbEntity
  8
可见轮廓
100
AcDbLine
 10
116.0
 20
45.765366864730176
 30
0.0
 11
116.0
 21
45.942520200216634
 31
0.0
  0
LINE
  5
2A6
330
17
100
AcDbEntity
  8
可见轮廓
100
AcDbLine
 10
116.0
 20
45.942520200216634
 30
0.0
 11
116.0
 21
46.11070337269514
 31
0.0
  0
LINE
  5
2A7
330
17
100
AcDbEntity
  8
可见轮廓
100
AcDbLine
 10
116.0
 20
46.11070337269514
 30
0.0
 11
116.0
 21
46.2684079917641
 31
0.0
  0
LINE
  5
2A8
330
17
100
AcDbEntity
  8
可见轮廓
100
AcDbLine
 10
116.0
 20
46.2684079917641
 30
0.0
 11
116.0
 21
46.41421356237309
 31
0.0
  0
LINE
  5
2A9
330
17
100
AcDbEntity
  8
可见轮廓
100
AcDbLine
 10
116.0
 20
46.41421356237309
 30
0.0
 11
116.0
 21
46.54556830614362
 31
0.0
  0
LINE
  5
2AA
330
17
100
AcDbEntity
  8
可见轮廓
100
AcDbLine
 10
116.0
 20
46.54556830614362
 30
0.0
 11
116.0
 21
46.66228506818754
 31
0.0
  0
LINE
  5
2AB
330
17
100
AcDbEntity
  8
可见轮廓
100
AcDbLine
 10
116.0
 20
46.66228506818754
 30
0.0
 11
116.0
 21
46.76331956681434
 31
0.0
  0
LINE
  5
2AC
330
17
100
AcDbEntity
  8
可见轮廓
100
AcDbLine
 10
116.0
 20
46.76331956681434
 30
0.0
 11
116.0
 21
46.84775906502257
 31
0.0
  0
LINE
  5
2AD
330
17
100
AcDbEntity
  8
可见轮廓
100
AcDbLine
 10
116.0
 20
46.84775906502257
 30
0.0
 11
116.0
 21
46.91331764807183
 31
0.0
  0
LINE
  5
2AE
330
17
100
AcDbEntity
  8
可见轮廓
100
AcDbLine
 10
116.0
 20
46.91331764807183
 30
0.0
 11
116.0
 21
46.96079893070006
 31
0.0
  0
LINE
  5
2AF
330
17
100
AcDbEntity
  8
可见轮廓
100
AcDbLine
 10
116.0
 20
46.96079893070006
 30
0.0
 11
116.0
 21
46.989781722348766
 31
0.0
  0
LINE
  5
2B0
330
17
100
AcDbEntity
  8
可见轮廓
100
AcDbLine
 10
116.0
 20
12.000000000000009
 30
0.0
 11
116.0
 21
11.80401806222645
 31
0.0
  0
LINE
  5
2B1
330
17
100
AcDbEntity
  8
可见轮廓
100
AcDbLine
 10
116.0
 20
11.80401806222645
 30
0.0
 11
116.0
 21
11.609972842738955
 31
0.0
  0
LINE
  5
2B2
330
17
100
AcDbEntity
  8
可见轮廓
100
AcDbLine
 10
116.0
 20
11.609972842738955
 30
0.0
 11
116.0
 21
11.419607201885148
 31
0.0
  0
LINE
  5
2B3
330
17
100
AcDbEntity
  8
可见轮廓
100
AcDbLine
 10
116.0
 20
11.419607201885148
 30
0.0
 11
116.0
 21
11.234633135269826
 31
0.0
  0
LINE
  5
2B4
330
17
100
AcDbEntity
  8
可见轮廓
100
AcDbLine
 10
116.0
 20
11.234633135269826
 30
0.0
 11
116.0
 21
11.057479799783366
 31
0.0
  0
LINE
  5
2B5
330
17
100
AcDbEntity
  8
可见轮廓
100
AcDbLine
 10
116.0
 20
11.057479799783366
 30
0.0
 11
116.0
 21
10.889296627304862
 31
0.0
  0
LINE
  5
2B6
330
17
100
AcDbEntity
  8
可见轮廓
100
AcDbLine
 10
116.0
 20
10.889296627304862
 30
0.0
 11
116.0
 21
10.7315920082359
 31
0.0
  0
LINE
  5
2B7
330
17
100
AcDbEntity
  8
可见轮廓
100
AcDbLine
 10
116.0
 20
10.7315920082359
 30
0.0
 11
116.0
 21
10.585786437626906
 31
0.0
  0
LINE
  5
2B8
330
17
100
AcDbEntity
  8
可见轮廓
100
AcDbLine
 10
116.0
 20
10.585786437626906
 30
0.0
 11
116.0
 21
10.454431693856371
 31
0.0
  0
LINE
  5
2B9
330
17
100
AcDbEntity
  8
可见轮廓
100
AcDbLine
 10
116.0
 20
10.454431693856371
 30
0.0
 11
116.0
 21
10.337714931812453
 31
0.0
  0
LINE
  5
2BA
330
17
100
AcDbEntity
  8
可见轮廓
100
AcDbLine
 10
116.0
 20
10.337714931812453
 30
0.0
 11
116.0
 21
10.236680433185658
 31
0.0
  0
LINE
  5
2BB
330
17
100
AcDbEntity
  8
可见轮廓
100
AcDbLine
 10
116.0
 20
10.236680433185658
 30
0.0
 11
116.0
 21
10.152240934977424
 31
0.0
  0
LINE
  5
2BC
330
17
100
AcDbEntity
  8
可见轮廓
100
AcDbLine
 10
116.0
 20
10.152240934977424
 30
0.0
 11
116.0
 21
10.086682351928163
 31
0.0
  0
LINE
  5
2BD
330
17
100
AcDbEntity
  8
可见轮廓
100
AcDbLine
 10
116.0
 20
10.086682351928163
 30
0.0
 11
116.0
 21
10.039201069299937
 31
0.0
  0
LINE
  5
2BE
330
17
100
AcDbEntity
  8
可见轮廓
100
AcDbLine
 10
116.0
 20
10.039201069299937
 30
0.0
 11
116.0
 21
10.010218277651225
 31
0.0
  0
LINE
  5
2BF
330
17
100
AcDbEntity
  8
可见轮廓
100
AcDbLine
 10
116.0
 20
4.0000000000000036
 30
0.0
 11
116.0
 21
7.0
 31
0.0
  0
LINE
  5
2C0
330
17
100
AcDbEntity
  8
可见轮廓
100
AcDbLine
 10
116.0
 20
7.0
 30
0.0
 11
116.0
 21
9.999999999999998
 31
0.0
  0
LINE
  5
2C1
330
17
100
AcDbEntity
  8
可见轮廓
100
AcDbLine
 10
116.0
 20
4.0000000000000036
 30
0.0
 11
116.0
 21
3.8040180622264472
 31
0.0
  0
LINE
  5
2C2
330
17
100
AcDbEntity
  8
可见轮廓
100
AcDbLine
 10
116.0
 20
3.8040180622264472
 30
0.0
 11
116.0
 21
3.609972842738955
 31
0.0
  0
LINE
  5
2C3
330
17
100
AcDbEntity
  8
可见轮廓
100
AcDbLine
 10
116.0
 20
3.609972842738955
 30
0.0
 11
116.0
 21
3.419607201885146
 31
0.0
  0
LINE
  5
2C4
330
17
100
AcDbEntity
  8
可见轮廓
100
AcDbLine
 10
116.0
 20
3.419607201885146
 30
0.0
 11
116.0
 21
3.2346331352698208
 31
0.0
  0
LINE
  5
2C5
330
17
100
AcDbEntity
  8
可见轮廓
100
AcDbLine
 10
116.0
 20
3.2346331352698208
 30
0.0
 11
116.0
 21
3.0574797997833656
 31
0.0
  0
LINE
  5
2C6
330
17
100
AcDbEntity
  8
可见轮廓
100
AcDbLine
 10
116.0
 20
3.0574797997833656
 30
0.0
 11
116.0
 21
2.8892966273048586
 31
0.0
  0
LINE
  5
2C7
330
17
100
AcDbEntity
  8
可见轮廓
100
AcDbLine
 10
116.0
 20
2.8892966273048586
 30
0.0
 11
116.0
 21
2.7315920082359
 31
0.0
  0
LINE
  5
2C8
330
17
100
AcDbEntity
  8
可见轮廓
100
AcDbLine
 10
116.0
 20
2.7315920082359
 30
0.0
 11
116.0
 21
2.5857864376269077
 31
0.0
  0
LINE
  5
2C9
330
17
100
AcDbEntity
  8
可见轮廓
100
AcDbLine
 10
116.0
 20
2.5857864376269077
 30
0.0
 11
116.0
 21
2.4544316938563746
 31
0.0
  0
LINE
  5
2CA
330
17
100
AcDbEntity
  8
可见轮廓
100
AcDbLine
 10
116.0
 20
2.4544316938563746
 30
0.0
 11
116.0
 21
2.3377149318124566
 31
0.0
  0
LINE
  5
2CB
330
17
100
AcDbEntity
  8
可见轮廓
100
AcDbLine
 10
116.0
 20
2.3377149318124566
 30
0.0
 11
116.0
 21
2.2366804331856613
 31
0.0
  0
LINE
  5
2CC
330
17
100
AcDbEntity
  8
可见轮廓
100
AcDbLine
 10
116.0
 20
2.2366804331856613
 30
0.0
 11
116.0
 21
2.1522409349774314
 31
0.0
  0
LINE
  5
2CD
330
17
100
AcDbEntity
  8
可见轮廓
100
AcDbLine
 10
116.0
 20
2.1522409349774314
 30
0.0
 11
116.0
 21
2.086682351928168
 31
0.0
  0
LINE
  5
2CE
330
17
100
AcDbEntity
  8
可见轮廓
100
AcDbLine
 10
116.0
 20
2.086682351928168
 30
0.0
 11
116.0
 21
2.039201069299942
 31
0.0
  0
LINE
  5
2CF
330
17
100
AcDbEntity
  8
可见轮廓
100
AcDbLine
 10
116.0
 20
2.039201069299942
 30
0.0
 11
116.0
 21
2.01021827765123
 31
0.0
  0
LINE
  5
2D0
330
17
100
AcDbEntity
  8
可见轮廓
100
AcDbLine
 10
96.0
 20
45.0
 30
0.0
 11
96.0
 21
45.19598193777355
 31
0.0
  0
LINE
  5
2D1
330
17
100
AcDbEntity
  8
可见轮廓
100
AcDbLine
 10
96.0
 20
45.19598193777355
 30
0.0
 11
96.0
 21
45.390027157261045
 31
0.0
  0
LINE
  5
2D2
330
17
100
AcDbEntity
  8
可见轮廓
100
AcDbLine
 10
96.0
 20
45.390027157261045
 30
0.0
 11
96.0
 21
45.58039279811486
 31
0.0
  0
LINE
  5
2D3
330
17
100
AcDbEntity
  8
可见轮廓
100
AcDbLine
 10
96.0
 20
45.58039279811486
 30
0.0
 11
96.0
 21
45.765366864730176
 31
0.0
  0
LINE
  5
2D4
330
17
100
AcDbEntity
  8
可见轮廓
100
AcDbLine
 10
96.0
 20
45.765366864730176
 30
0.0
 11
96.0
 21
45.942520200216634
 31
0.0
  0
LINE
  5
2D5
330
17
100
AcDbEntity
  8
可见轮廓
100
AcDbLine
 10
96.0
 20
45.942520200216634
 30
0.0
 11
96.0
 21
46.11070337269514
 31
0.0
  0
LINE
  5
2D6
330
17
100
AcDbEntity
  8
可见轮廓
100
AcDbLine
 10
96.0
 20
46.11070337269514
 30
0.0
 11
96.0
 21
46.2684079917641
 31
0.0
  0
LINE
  5
2D7
330
17
100
AcDbEntity
  8
可见轮廓
100
AcDbLine
 10
96.0
 20
46.2684079917641
 30
0.0
 11
96.0
 21
46.41421356237309
 31
0.0
  0
LINE
  5
2D8
330
17
100
AcDbEntity
  8
可见轮廓
100
AcDbLine
 10
96.0
 20
46.41421356237309
 30
0.0
 11
96.0
 21
46.54556830614362
 31
0.0
  0
LINE
  5
2D9
330
17
100
AcDbEntity
  8
可见轮廓
100
AcDbLine
 10
96.0
 20
46.54556830614362
 30
0.0
 11
96.0
 21
46.66228506818754
 31
0.0
  0
LINE
  5
2DA
330
17
100
AcDbEntity
  8
可见轮廓
100
AcDbLine
 10
96.0
 20
46.66228506818754
 30
0.0
 11
96.0
 21
46.76331956681434
 31
0.0
  0
LINE
  5
2DB
330
17
100
AcDbEntity
  8
可见轮廓
100
AcDbLine
 10
96.0
 20
46.76331956681434
 30
0.0
 11
96.0
 21
46.84775906502257
 31
0.0
  0
LINE
  5
2DC
330
17
100
AcDbEntity
  8
可见轮廓
100
AcDbLine
 10
96.0
 20
46.84775906502257
 30
0.0
 11
96.0
 21
46.91331764807183
 31
0.0
  0
LINE
  5
2DD
330
17
100
AcDbEntity
  8
可见轮廓
100
AcDbLine
 10
96.0
 20
46.91331764807183
 30
0.0
 11
96.0
 21
46.96079893070006
 31
0.0
  0
LINE
  5
2DE
330
17
100
AcDbEntity
  8
可见轮廓
100
AcDbLine
 10
96.0
 20
46.96079893070006
 30
0.0
 11
96.0
 21
46.989781722348766
 31
0.0
  0
LINE
  5
2DF
330
17
100
AcDbEntity
  8
可见轮廓
100
AcDbLine
 10
96.0
 20
46.33151896350452
 30
0.0
 11
96.0
 21
46.24463024690857
 31
0.0
  0
LINE
  5
2E0
330
17
100
AcDbEntity
  8
可见轮廓
100
AcDbLine
 10
96.0
 20
46.24463024690857
 30
0.0
 11
96.0
 21
46.15380927345758
 31
0.0
  0
LINE
  5
2E1
330
17
100
AcDbEntity
  8
可见轮廓
100
AcDbLine
 10
96.0
 20
46.15380927345758
 30
0.0
 11
96.0
 21
46.059328948090126
 31
0.0
  0
LINE
  5
2E2
330
17
100
AcDbEntity
  8
可见轮廓
100
AcDbLine
 10
96.0
 20
46.059328948090126
 30
0.0
 11
96.0
 21
45.96122314580741
 31
0.0
  0
LINE
  5
2E3
330
17
100
AcDbEntity
  8
可见轮廓
100
AcDbLine
 10
96.0
 20
45.96122314580741
 30
0.0
 11
96.0
 21
45.86009539019848
 31
0.0
  0
LINE
  5
2E4
330
17
100
AcDbEntity
  8
可见轮廓
100
AcDbLine
 10
96.0
 20
45.756250268526415
 30
0.0
 11
96.0
 21
45.650000000000006
 31
0.0
  0
LINE
  5
2E5
330
17
100
AcDbEntity
  8
可见轮廓
100
AcDbLine
 10
96.0
 20
2.0
 30
0.0
 11
96.0
 21
2.01021827765123
 31
0.0
  0
LINE
  5
2E6
330
17
100
AcDbEntity
  8
可见轮廓
100
AcDbLine
 10
96.0
 20
2.039201069299942
 30
0.0
 11
96.0
 21
2.086682351928168
 31
0.0
  0
LINE
  5
2E7
330
17
100
AcDbEntity
  8
可见轮廓
100
AcDbLine
 10
96.0
 20
2.086682351928168
 30
0.0
 11
96.0
 21
2.1522409349774314
 31
0.0
  0
LINE
  5
2E8
330
17
100
AcDbEntity
  8
可见轮廓
100
AcDbLine
 10
96.0
 20
2.1522409349774314
 30
0.0
 11
96.0
 21
2.236680433185665
 31
0.0
  0
LINE
  5
2E9
330
17
100
AcDbEntity
  8
可见轮廓
100
AcDbLine
 10
96.0
 20
2.236680433185665
 30
0.0
 11
96.0
 21
2.33771493181246
 31
0.0
  0
LINE
  5
2EA
330
17
100
AcDbEntity
  8
可见轮廓
100
AcDbLine
 10
96.0
 20
2.33771493181246
 30
0.0
 11
96.0
 21
2.454431693856378
 31
0.0
  0
LINE
  5
2EB
330
17
100
AcDbEntity
  8
可见轮廓
100
AcDbLine
 10
96.0
 20
2.454431693856378
 30
0.0
 11
96.0
 21
2.5857864376269113
 31
0.0
  0
LINE
  5
2EC
330
17
100
AcDbEntity
  8
可见轮廓
100
AcDbLine
 10
96.0
 20
2.5857864376269113
 30
0.0
 11
96.0
 21
2.731592008235907
 31
0.0
  0
LINE
  5
2ED
330
17
100
AcDbEntity
  8
可见轮廓
100
AcDbLine
 10
96.0
 20
2.731592008235907
 30
0.0
 11
96.0
 21
2.8892966273048692
 31
0.0
  0
LINE
  5
2EE
330
17
100
AcDbEntity
  8
可见轮廓
100
AcDbLine
 10
96.0
 20
2.8892966273048692
 30
0.0
 11
96.0
 21
3.0574797997833727
 31
0.0
  0
LINE
  5
2EF
330
17
100
AcDbEntity
  8
可见轮廓
100
AcDbLine
 10
96.0
 20
3.0574797997833727
 30
0.0
 11
96.0
 21
3.2346331352698314
 31
0.0
  0
LINE
  5
2F0
330
17
100
AcDbEntity
  8
可见轮廓
100
AcDbLine
 10
96.0
 20
3.2346331352698314
 30
0.0
 11
96.0
 21
3.4196072018851567
 31
0.0
  0
LINE
  5
2F1
330
17
100
AcDbEntity
  8
可见轮廓
100
AcDbLine
 10
96.0
 20
3.4196072018851567
 30
0.0
 11
96.0
 21
3.6099728427389657
 31
0.0
  0
LINE
  5
2F2
330
17
100
AcDbEntity
  8
可见轮廓
100
AcDbLine
 10
96.0
 20
3.6099728427389657
 30
0.0
 11
96.0
 21
3.804018062226458
 31
0.0
  0
LINE
  5
2F3
330
17
100
AcDbEntity
  8
可见轮廓
100
AcDbLine
 10
96.0
 20
3.804018062226458
 30
0.0
 11
96.0
 21
4.000000000000018
 31
0.0
  0
LINE
  5
2F4
330
17
100
AcDbEntity
  8
可见轮廓
100
AcDbLine
 10
99.0
 20
45.650000000000006
 30
0.0
 11
99.0
 21
45.756250268526415
 31
0.0
  0
LINE
  5
2F5
330
17
100
AcDbEntity
  8
可见轮廓
100
AcDbLine
 10
99.0
 20
45.756250268526415
 30
0.0
 11
99.0
 21
45.86009539019848
 31
0.0
  0
LINE
  5
2F6
330
17
100
AcDbEntity
  8
可见轮廓
100
AcDbLine
 10
99.0
 20
45.86009539019848
 30
0.0
 11
99.0
 21
45.96122314580741
 31
0.0
  0
LINE
  5
2F7
330
17
100
AcDbEntity
  8
可见轮廓
100
AcDbLine
 10
99.0
 20
45.96122314580741
 30
0.0
 11
99.0
 21
46.059328948090126
 31
0.0
  0
LINE
  5
2F8
330
17
100
AcDbEntity
  8
可见轮廓
100
AcDbLine
 10
99.0
 20
46.059328948090126
 30
0.0
 11
99.0
 21
46.15380927345758
 31
0.0
  0
LINE
  5
2F9
330
17
100
AcDbEntity
  8
可见轮廓
100
AcDbLine
 10
99.0
 20
46.15380927345758
 30
0.0
 11
99.0
 21
46.24463024690857
 31
0.0
  0
LINE
  5
2FA
330
17
100
AcDbEntity
  8
可见轮廓
100
AcDbLine
 10
99.0
 20
46.24463024690857
 30
0.0
 11
99.0
 21
46.33151896350452
 31
0.0
  0
LINE
  5
2FB
330
17
100
AcDbEntity
  8
可见轮廓
100
AcDbLine
 10
99.0
 20
46.33151896350452
 30
0.0
 11
99.0
 21
46.41421356237309
 31
0.0
  0
LINE
  5
2FC
330
17
100
AcDbEntity
  8
可见轮廓
100
AcDbLine
 10
99.0
 20
46.41421356237309
 30
0.0
 11
99.0
 21
46.54556830614362
 31
0.0
  0
LINE
  5
2FD
330
17
100
AcDbEntity
  8
可见轮廓
100
AcDbLine
 10
99.0
 20
46.54556830614362
 30
0.0
 11
99.0
 21
46.66228506818754
 31
0.0
  0
LINE
  5
2FE
330
17
100
AcDbEntity
  8
可见轮廓
100
AcDbLine
 10
99.0
 20
46.66228506818754
 30
0.0
 11
99.0
 21
46.76331956681434
 31
0.0
  0
LINE
  5
2FF
330
17
100
AcDbEntity
  8
可见轮廓
100
AcDbLine
 10
99.0
 20
46.76331956681434
 30
0.0
 11
99.0
 21
46.84775906502257
 31
0.0
  0
LINE
  5
300
330
17
100
AcDbEntity
  8
可见轮廓
100
AcDbLine
 10
99.0
 20
46.84775906502257
 30
0.0
 11
99.0
 21
46.91331764807183
 31
0.0
  0
LINE
  5
301
330
17
100
AcDbEntity
  8
可见轮廓
100
AcDbLine
 10
99.0
 20
46.91331764807183
 30
0.0
 11
99.0
 21
46.96079893070006
 31
0.0
  0
LINE
  5
302
330
17
100
AcDbEntity
  8
可见轮廓
100
AcDbLine
 10
99.0
 20
46.96079893070006
 30
0.0
 11
99.0
 21
46.989781722348766
 31
0.0
  0
LINE
  5
303
330
17
100
AcDbEntity
  8
可见轮廓
100
AcDbLine
 10
99.0
 20
46.2684079917641
 30
0.0
 11
99.0
 21
46.11070337269514
 31
0.0
  0
LINE
  5
304
330
17
100
AcDbEntity
  8
可见轮廓
100
AcDbLine
 10
99.0
 20
46.11070337269514
 30
0.0
 11
99.0
 21
45.942520200216634
 31
0.0
  0
LINE
  5
305
330
17
100
AcDbEntity
  8
可见轮廓
100
AcDbLine
 10
99.0
 20
45.765366864730176
 30
0.0
 11
99.0
 21
45.58039279811486
 31
0.0
  0
LINE
  5
306
330
17
100
AcDbEntity
  8
可见轮廓
100
AcDbLine
 10
99.0
 20
45.58039279811486
 30
0.0
 11
99.0
 21
45.390027157261045
 31
0.0
  0
LINE
  5
307
330
17
100
AcDbEntity
  8
可见轮廓
100
AcDbLine
 10
99.0
 20
45.390027157261045
 30
0.0
 11
99.0
 21
45.19598193777355
 31
0.0
  0
LINE
  5
308
330
17
100
AcDbEntity
  8
可见轮廓
100
AcDbLine
 10
99.0
 20
45.19598193777355
 30
0.0
 11
99.0
 21
45.0
 31
0.0
  0
LINE
  5
309
330
17
100
AcDbEntity
  8
可见轮廓
100
AcDbLine
 10
116.0
 20
9.999999999999996
 30
0.0
 11
107.5
 21
9.999999999999996
 31
0.0
  0
LINE
  5
30A
330
17
100
AcDbEntity
  8
可见轮廓
100
AcDbLine
 10
107.5
 20
9.999999999999996
 30
0.0
 11
99.0
 21
9.999999999999996
 31
0.0
  0
LINE
  5
30B
330
17
100
AcDbEntity
  8
可见轮廓
100
AcDbLine
 10
99.0
 20
4.0000000000000036
 30
0.0
 11
99.0
 21
3.8040180622264437
 31
0.0
  0
LINE
  5
30C
330
17
100
AcDbEntity
  8
可见轮廓
100
AcDbLine
 10
99.0
 20
3.8040180622264437
 30
0.0
 11
99.0
 21
3.609972842738955
 31
0.0
  0
LINE
  5
30D
330
17
100
AcDbEntity
  8
可见轮廓
100
AcDbLine
 10
99.0
 20
3.609972842738955
 30
0.0
 11
99.0
 21
3.419607201885146
 31
0.0
  0
LINE
  5
30E
330
17
100
AcDbEntity
  8
可见轮廓
100
AcDbLine
 10
99.0
 20
3.419607201885146
 30
0.0
 11
99.0
 21
3.234633135269828
 31
0.0
  0
LINE
  5
30F
330
17
100
AcDbEntity
  8
可见轮廓
100
AcDbLine
 10
99.0
 20
3.234633135269828
 30
0.0
 11
99.0
 21
3.057479799783369
 31
0.0
  0
LINE
  5
310
330
17
100
AcDbEntity
  8
可见轮廓
100
AcDbLine
 10
99.0
 20
3.057479799783369
 30
0.0
 11
99.0
 21
2.8892966273048657
 31
0.0
  0
LINE
  5
311
330
17
100
AcDbEntity
  8
可见轮廓
100
AcDbLine
 10
99.0
 20
2.8892966273048657
 30
0.0
 11
99.0
 21
2.7315920082359035
 31
0.0
  0
LINE
  5
312
330
17
100
AcDbEntity
  8
可见轮廓
100
AcDbLine
 10
99.0
 20
2.7315920082359035
 30
0.0
 11
99.0
 21
2.5857864376269113
 31
0.0
  0
LINE
  5
313
330
17
100
AcDbEntity
  8
可见轮廓
100
AcDbLine
 10
99.0
 20
2.5857864376269113
 30
0.0
 11
99.0
 21
2.454431693856378
 31
0.0
  0
LINE
  5
314
330
17
100
AcDbEntity
  8
可见轮廓
100
AcDbLine
 10
99.0
 20
2.454431693856378
 30
0.0
 11
99.0
 21
2.33771493181246
 31
0.0
  0
LINE
  5
315
330
17
100
AcDbEntity
  8
可见轮廓
100
AcDbLine
 10
99.0
 20
2.33771493181246
 30
0.0
 11
99.0
 21
2.236680433185665
 31
0.0
  0
LINE
  5
316
330
17
100
AcDbEntity
  8
可见轮廓
100
AcDbLine
 10
99.0
 20
2.236680433185665
 30
0.0
 11
99.0
 21
2.152240934977428
 31
0.0
  0
LINE
  5
317
330
17
100
AcDbEntity
  8
可见轮廓
100
AcDbLine
 10
99.0
 20
2.152240934977428
 30
0.0
 11
99.0
 21
2.0866823519281716
 31
0.0
  0
LINE
  5
318
330
17
100
AcDbEntity
  8
可见轮廓
100
AcDbLine
 10
99.0
 20
2.0866823519281716
 30
0.0
 11
99.0
 21
2.039201069299942
 31
0.0
  0
LINE
  5
319
330
17
100
AcDbEntity
  8
可见轮廓
100
AcDbLine
 10
99.0
 20
2.039201069299942
 30
0.0
 11
99.0
 21
2.01021827765123
 31
0.0
  0
LINE
  5
31A
330
17
100
AcDbEntity
  8
可见轮廓
100
AcDbLine
 10
99.0
 20
12.000000000000002
 30
0.0
 11
99.0
 21
11.804018062226445
 31
0.0
  0
LINE
  5
31B
330
17
100
AcDbEntity
  8
可见轮廓
100
AcDbLine
 10
99.0
 20
11.804018062226445
 30
0.0
 11
99.0
 21
11.609972842738953
 31
0.0
  0
LINE
  5
31C
330
17
100
AcDbEntity
  8
可见轮廓
100
AcDbLine
 10
99.0
 20
11.609972842738953
 30
0.0
 11
99.0
 21
11.419607201885148
 31
0.0
  0
LINE
  5
31D
330
17
100
AcDbEntity
  8
可见轮廓
100
AcDbLine
 10
99.0
 20
11.419607201885148
 30
0.0
 11
99.0
 21
11.234633135269824
 31
0.0
  0
LINE
  5
31E
330
17
100
AcDbEntity
  8
可见轮廓
100
AcDbLine
 10
99.0
 20
11.234633135269824
 30
0.0
 11
99.0
 21
11.057479799783367
 31
0.0
  0
LINE
  5
31F
330
17
100
AcDbEntity
  8
可见轮廓
100
AcDbLine
 10
99.0
 20
11.057479799783367
 30
0.0
 11
99.0
 21
10.889296627304864
 31
0.0
  0
LINE
  5
320
330
17
100
AcDbEntity
  8
可见轮廓
100
AcDbLine
 10
99.0
 20
10.889296627304864
 30
0.0
 11
99.0
 21
10.731592008235905
 31
0.0
  0
LINE
  5
321
330
17
100
AcDbEntity
  8
可见轮廓
100
AcDbLine
 10
99.0
 20
10.731592008235905
 30
0.0
 11
99.0
 21
10.585786437626911
 31
0.0
  0
LINE
  5
322
330
17
100
AcDbEntity
  8
可见轮廓
100
AcDbLine
 10
116.0
 20
45.0
 30
0.0
 11
106.0
 21
45.0
 31
0.0
  0
LINE
  5
323
330
17
100
AcDbEntity
  8
可见轮廓
100
AcDbLine
 10
106.0
 20
45.0
 30
0.0
 11
96.0
 21
45.0
 31
0.0
  0
LINE
  5
324
330
17
100
AcDbEntity
  8
可见轮廓
100
AcDbLine
 10
96.0
 20
4.0000000000000036
 30
0.0
 11
97.5
 21
4.0000000000000036
 31
0.0
  0
LINE
  5
325
330
17
100
AcDbEntity
  8
可见轮廓
100
AcDbLine
 10
97.5
 20
4.0000000000000036
 30
0.0
 11
99.0
 21
4.0000000000000036
 31
0.0
  0
LINE
  5
326
330
17
100
AcDbEntity
  8
可见轮廓
100
AcDbLine
 10
99.0
 20
11.999999999999996
 30
0.0
 11
106.0
 21
11.999999999999996
 31
0.0
  0
LINE
  5
327
330
17
100
AcDbEntity
  8
可见轮廓
100
AcDbLine
 10
106.0
 20
11.999999999999996
 30
0.0
 11
107.5
 21
11.999999999999996
 31
0.0
  0
LINE
  5
328
330
17
100
AcDbEntity
  8
可见轮廓
100
AcDbLine
 10
107.5
 20
11.999999999999996
 30
0.0
 11
116.0
 21
11.999999999999996
 31
0.0
  0
LINE
  5
329
330
17
100
AcDbEntity
  8
可见轮廓
100
AcDbLine
 10
99.0
 20
4.0000000000000036
 30
0.0
 11
107.5
 21
4.0000000000000036
 31
0.0
  0
LINE
  5
32A
330
17
100
AcDbEntity
  8
可见轮廓
100
AcDbLine
 10
107.5
 20
4.0000000000000036
 30
0.0
 11
116.0
 21
4.0000000000000036
 31
0.0
  0
LINE
  5
32B
330
17
100
AcDbEntity
  8
可见轮廓
100
AcDbLine
 10
96.0
 20
45.650000000000006
 30
0.0
 11
96.0
 21
42.35000000000001
 31
0.0
  0
LINE
  5
32C
330
17
100
AcDbEntity
  8
可见轮廓
100
AcDbLine
 10
96.0
 20
6.649999999999995
 30
0.0
 11
96.0
 21
3.349999999999998
 31
0.0
  0
LINE
  5
32D
330
17
100
AcDbEntity
  8
可见轮廓
100
AcDbLine
 10
99.0
 20
6.649999999999999
 30
0.0
 11
99.0
 21
3.3500000000000014
 31
0.0
  0
LINE
  5
32E
330
17
100
AcDbEntity
  8
可见轮廓
100
AcDbLine
 10
96.0
 20
6.649999999999999
 30
0.0
 11
96.0
 21
3.3500000000000014
 31
0.0
  0
LINE
  5
32F
330
17
100
AcDbEntity
  8
可见轮廓
100
AcDbLine
 10
116.0
 20
43.0
 30
0.0
 11
116.0
 21
39.0
 31
0.0
  0
LINE
  5
330
330
17
100
AcDbEntity
  8
可见轮廓
100
AcDbLine
 10
116.0
 20
47.0
 30
0.0
 11
116.0
 21
45.0
 31
0.0
  0
LINE
  5
331
330
17
100
AcDbEntity
  8
可见轮廓
100
AcDbLine
 10
116.0
 20
12.000000000000009
 30
0.0
 11
116.0
 21
9.999999999999996
 31
0.0
  0
LINE
  5
332
330
17
100
AcDbEntity
  8
可见轮廓
100
AcDbLine
 10
116.0
 20
4.0000000000000036
 30
0.0
 11
116.0
 21
2.0
 31
0.0
  0
LINE
  5
333
330
17
100
AcDbEntity
  8
可见轮廓
100
AcDbLine
 10
96.0
 20
45.0
 30
0.0
 11
96.0
 21
47.0
 31
0.0
  0
LINE
  5
334
330
17
100
AcDbEntity
  8
可见轮廓
100
AcDbLine
 10
96.0
 20
2.0
 30
0.0
 11
96.0
 21
4.000000000000018
 31
0.0
  0
LINE
  5
335
330
17
100
AcDbEntity
  8
可见轮廓
100
AcDbLine
 10
99.0
 20
4.0000000000000036
 30
0.0
 11
99.0
 21
2.0
 31
0.0
  0
LINE
  5
336
330
17
100
AcDbEntity
  8
可见轮廓
100
AcDbLine
 10
99.0
 20
10.000000000000002
 30
0.0
 11
99.0
 21
12.000000000000002
 31
0.0
  0
LINE
  5
337
330
17
100
AcDbEntity
  8
可见轮廓
100
AcDbLine
 10
96.0
 20
42.35000000000001
 30
0.0
 11
96.1875
 21
42.35000000000001
 31
0.0
  0
LINE
  5
338
330
17
100
AcDbEntity
  8
可见轮廓
100
AcDbLine
 10
96.0
 20
3.349999999999998
 30
0.0
 11
96.1875
 21
3.349999999999998
 31
0.0
  0
LINE
  5
339
330
17
100
AcDbEntity
  8
可见轮廓
100
AcDbLine
 10
96.0
 20
3.3500000000000014
 30
0.0
 11
96.1875
 21
3.3500000000000014
 31
0.0
  0
LINE
  5
33A
330
17
100
AcDbEntity
  8
可见轮廓
100
AcDbLine
 10
98.8125
 20
3.3500000000000014
 30
0.0
 11
99.0
 21
3.3500000000000014
 31
0.0
  0
LINE
  5
33B
330
17
100
AcDbEntity
  8
可见轮廓
100
AcDbLine
 10
114.9375
 20
39.0
 30
0.0
 11
116.0
 21
39.0
 31
0.0
  0
LINE
  5
33C
330
17
100
AcDbEntity
  8
可见轮廓
100
AcDbLine
 10
114.9375
 20
43.0
 30
0.0
 11
116.0
 21
43.0
 31
0.0
  0
LINE
  5
33D
330
17
100
AcDbEntity
  8
可见轮廓
100
AcDbLine
 10
99.0
 20
45.0
 30
0.0
 11
116.0
 21
45.0
 31
0.0
  0
LINE
  5
33E
330
17
100
AcDbEntity
  8
可见轮廓
100
AcDbLine
 10
116.0
 20
45.0
 30
0.0
 11
96.0
 21
45.0
 31
0.0
  0
LINE
  5
33F
330
17
100
AcDbEntity
  8
可见轮廓
100
AcDbLine
 10
116.0
 20
47.0
 30
0.0
 11
96.0
 21
47.0
 31
0.0
  0
LINE
  5
340
330
17
100
AcDbEntity
  8
可见轮廓
100
AcDbLine
 10
99.0
 20
4.000000000000018
 30
0.0
 11
96.0
 21
4.000000000000018
 31
0.0
  0
LINE
  5
341
330
17
100
AcDbEntity
  8
可见轮廓
100
AcDbLine
 10
99.0
 20
2.0
 30
0.0
 11
96.0
 21
2.0
 31
0.0
  0
LINE
  5
342
330
17
100
AcDbEntity
  8
可见轮廓
100
AcDbLine
 10
99.0
 20
10.000000000000002
 30
0.0
 11
116.0
 21
10.000000000000002
 31
0.0
  0
LINE
  5
343
330
17
100
AcDbEntity
  8
可见轮廓
100
AcDbLine
 10
99.0
 20
2.0
 30
0.0
 11
116.0
 21
2.0
 31
0.0
  0
LINE
  5
344
330
17
100
AcDbEntity
  8
可见轮廓
100
AcDbLine
 10
99.0
 20
4.0000000000000036
 30
0.0
 11
116.0
 21
4.0000000000000036
 31
0.0
  0
LINE
  5
345
330
17
100
AcDbEntity
  8
可见轮廓
100
AcDbLine
 10
99.0
 20
12.000000000000009
 30
0.0
 11
116.0
 21
12.000000000000009
 31
0.0
  0
LINE
  5
346
330
17
100
AcDbEntity
  8
可见轮廓
100
AcDbLine
 10
99.0
 20
47.0
 30
0.0
 11
116.0
 21
47.0
 31
0.0
  0
LINE
  5
347
330
17
100
AcDbEntity
  8
可见轮廓
100
AcDbLine
 10
96.0
 20
6.649999999999999
 30
0.0
 11
96.1875
 21
6.649999999999999
 31
0.0
  0
LINE
  5
348
330
17
100
AcDbEntity
  8
可见轮廓
100
AcDbLine
 10
98.8125
 20
6.649999999999999
 30
0.0
 11
99.0
 21
6.649999999999999
 31
0.0
  0
LINE
  5
349
330
17
100
AcDbEntity
  8
可见轮廓
100
AcDbLine
 10
96.0
 20
45.650000000000006
 30
0.0
 11
96.1875
 21
45.650000000000006
 31
0.0
  0
LINE
  5
34A
330
17
100
AcDbEntity
  8
隐藏线
100
AcDbLine
 10
99.0
 20
42.35000000000001
 30
0.0
 11
99.0
 21
42.361555339734124
 31
0.0
  0
LINE
  5
34B
330
17
100
AcDbEntity
  8
隐藏线
100
AcDbLine
 10
99.0
 20
42.4477879418709
 30
0.0
 11
99.0
 21
42.521402691737876
 31
0.0
  0
LINE
  5
34C
330
17
100
AcDbEntity
  8
隐藏线
100
AcDbLine
 10
99.0
 20
42.521402691737876
 30
0.0
 11
99.0
 21
42.61572737400113
 31
0.0
  0
LINE
  5
34D
330
17
100
AcDbEntity
  8
隐藏线
100
AcDbLine
 10
99.0
 20
42.61572737400113
 30
0.0
 11
99.0
 21
42.727892550623984
 31
0.0
  0
LINE
  5
34E
330
17
100
AcDbEntity
  8
隐藏线
100
AcDbLine
 10
99.0
 20
42.727892550623984
 30
0.0
 11
99.0
 21
42.85650942268805
 31
0.0
  0
LINE
  5
34F
330
17
100
AcDbEntity
  8
隐藏线
100
AcDbLine
 10
99.0
 20
42.85650942268805
 30
0.0
 11
99.0
 21
43.0
 31
0.0
  0
LINE
  5
350
330
17
100
AcDbEntity
  8
隐藏线
100
AcDbLine
 10
99.0
 20
43.0
 30
0.0
 11
99.0
 21
43.110190888506175
 31
0.0
  0
LINE
  5
351
330
17
100
AcDbEntity
  8
隐藏线
100
AcDbLine
 10
99.0
 20
43.110190888506175
 30
0.0
 11
99.0
 21
43.226117742944425
 31
0.0
  0
LINE
  5
352
330
17
100
AcDbEntity
  8
隐藏线
100
AcDbLine
 10
99.0
 20
43.226117742944425
 30
0.0
 11
99.0
 21
43.34706338410267
 31
0.0
  0
LINE
  5
353
330
17
100
AcDbEntity
  8
隐藏线
100
AcDbLine
 10
99.0
 20
43.34706338410267
 30
0.0
 11
99.0
 21
43.47228169611388
 31
0.0
  0
LINE
  5
354
330
17
100
AcDbEntity
  8
隐藏线
100
AcDbLine
 10
99.0
 20
43.47228169611388
 30
0.0
 11
99.0
 21
43.60120705336192
 31
0.0
  0
LINE
  5
355
330
17
100
AcDbEntity
  8
隐藏线
100
AcDbLine
 10
99.0
 20
43.60120705336192
 30
0.0
 11
99.0
 21
43.73267857623877
 31
0.0
  0
LINE
  5
356
330
17
100
AcDbEntity
  8
隐藏线
100
AcDbLine
 10
99.0
 20
43.73267857623877
 30
0.0
 11
99.0
 21
43.86588373391511
 31
0.0
  0
LINE
  5
357
330
17
100
AcDbEntity
  8
隐藏线
100
AcDbLine
 10
99.0
 20
43.86588373391511
 30
0.0
 11
99.0
 21
44.0
 31
0.0
  0
LINE
  5
358
330
17
100
AcDbEntity
  8
隐藏线
100
AcDbLine
 10
99.0
 20
44.0
 30
0.0
 11
99.0
 21
44.13411626608489
 31
0.0
  0
LINE
  5
359
330
17
100
AcDbEntity
  8
隐藏线
100
AcDbLine
 10
99.0
 20
44.13411626608489
 30
0.0
 11
99.0
 21
44.26732142376123
 31
0.0
  0
LINE
  5
35A
330
17
100
AcDbEntity
  8
隐藏线
100
AcDbLine
 10
99.0
 20
44.26732142376123
 30
0.0
 11
99.0
 21
44.39879294663808
 31
0.0
  0
LINE
  5
35B
330
17
100
AcDbEntity
  8
隐藏线
100
AcDbLine
 10
99.0
 20
44.39879294663808
 30
0.0
 11
99.0
 21
44.527718303886125
 31
0.0
  0
LINE
  5
35C
330
17
100
AcDbEntity
  8
隐藏线
100
AcDbLine
 10
99.0
 20
44.527718303886125
 30
0.0
 11
99.0
 21
44.65293661589733
 31
0.0
  0
LINE
  5
35D
330
17
100
AcDbEntity
  8
隐藏线
100
AcDbLine
 10
99.0
 20
44.65293661589733
 30
0.0
 11
99.0
 21
44.77388225705557
 31
0.0
  0
LINE
  5
35E
330
17
100
AcDbEntity
  8
隐藏线
100
AcDbLine
 10
99.0
 20
44.77388225705557
 30
0.0
 11
99.0
 21
44.889809111493825
 31
0.0
  0
LINE
  5
35F
330
17
100
AcDbEntity
  8
隐藏线
100
AcDbLine
 10
99.0
 20
44.889809111493825
 30
0.0
 11
99.0
 21
45.0
 31
0.0
  0
LINE
  5
360
330
17
100
AcDbEntity
  8
隐藏线
100
AcDbLine
 10
96.0
 20
42.35000000000001
 30
0.0
 11
97.5
 21
42.35000000000001
 31
0.0
  0
LINE
  5
361
330
17
100
AcDbEntity
  8
隐藏线
100
AcDbLine
 10
97.5
 20
42.35000000000001
 30
0.0
 11
99.0
 21
42.35000000000001
 31
0.0
  0
LINE
  5
362
330
17
100
AcDbEntity
  8
隐藏线
100
AcDbLine
 10
96.0
 20
42.35000000000001
 30
0.0
 11
96.0
 21
42.38362042209404
 31
0.0
  0
LINE
  5
363
330
17
100
AcDbEntity
  8
隐藏线
100
AcDbLine
 10
96.0
 20
42.38362042209404
 30
0.0
 11
96.0
 21
42.4779969364761
 31
0.0
  0
LINE
  5
364
330
17
100
AcDbEntity
  8
隐藏线
100
AcDbLine
 10
96.0
 20
42.4779969364761
 30
0.0
 11
96.0
 21
42.629673316936945
 31
0.0
  0
LINE
  5
365
330
17
100
AcDbEntity
  8
隐藏线
100
AcDbLine
 10
96.0
 20
42.629673316936945
 30
0.0
 11
96.0
 21
42.833273811042204
 31
0.0
  0
LINE
  5
366
330
17
100
AcDbEntity
  8
隐藏线
100
AcDbLine
 10
96.0
 20
42.833273811042204
 30
0.0
 11
96.0
 21
43.084420762045546
 31
0.0
  0
LINE
  5
367
330
17
100
AcDbEntity
  8
隐藏线
100
AcDbLine
 10
96.0
 20
43.084420762045546
 30
0.0
 11
96.0
 21
43.36956568911501
 31
0.0
  0
LINE
  5
368
330
17
100
AcDbEntity
  8
隐藏线
100
AcDbLine
 10
96.0
 20
43.36956568911501
 30
0.0
 11
96.0
 21
43.67844499783645
 31
0.0
  0
LINE
  5
369
330
17
100
AcDbEntity
  8
隐藏线
100
AcDbLine
 10
96.0
 20
43.67844499783645
 30
0.0
 11
96.0
 21
44.0
 31
0.0
  0
LINE
  5
36A
330
17
100
AcDbEntity
  8
隐藏线
100
AcDbLine
 10
96.0
 20
44.0
 30
0.0
 11
96.0
 21
44.13411626608489
 31
0.0
  0
LINE
  5
36B
330
17
100
AcDbEntity
  8
隐藏线
100
AcDbLine
 10
96.0
 20
44.13411626608489
 30
0.0
 11
96.0
 21
44.26732142376123
 31
0.0
  0
LINE
  5
36C
330
17
100
AcDbEntity
  8
隐藏线
100
AcDbLine
 10
96.0
 20
44.26732142376123
 30
0.0
 11
96.0
 21
44.39879294663808
 31
0.0
  0
LINE
  5
36D
330
17
100
AcDbEntity
  8
隐藏线
100
AcDbLine
 10
96.0
 20
44.39879294663808
 30
0.0
 11
96.0
 21
44.527718303886125
 31
0.0
  0
LINE
  5
36E
330
17
100
AcDbEntity
  8
隐藏线
100
AcDbLine
 10
96.0
 20
44.527718303886125
 30
0.0
 11
96.0
 21
44.65293661589733
 31
0.0
  0
LINE
  5
36F
330
17
100
AcDbEntity
  8
隐藏线
100
AcDbLine
 10
96.0
 20
44.65293661589733
 30
0.0
 11
96.0
 21
44.77388225705557
 31
0.0
  0
LINE
  5
370
330
17
100
AcDbEntity
  8
隐藏线
100
AcDbLine
 10
96.0
 20
44.77388225705557
 30
0.0
 11
96.0
 21
44.889809111493825
 31
0.0
  0
LINE
  5
371
330
17
100
AcDbEntity
  8
隐藏线
100
AcDbLine
 10
96.0
 20
44.889809111493825
 30
0.0
 11
96.0
 21
45.0
 31
0.0
  0
LINE
  5
372
330
17
100
AcDbEntity
  8
隐藏线
100
AcDbLine
 10
96.0
 20
6.649999999999995
 30
0.0
 11
97.5
 21
6.649999999999995
 31
0.0
  0
LINE
  5
373
330
17
100
AcDbEntity
  8
隐藏线
100
AcDbLine
 10
97.5
 20
6.649999999999995
 30
0.0
 11
99.0
 21
6.649999999999995
 31
0.0
  0
LINE
  5
374
330
17
100
AcDbEntity
  8
隐藏线
100
AcDbLine
 10
99.0
 20
3.349999999999998
 30
0.0
 11
99.0
 21
3.3836204220940296
 31
0.0
  0
LINE
  5
375
330
17
100
AcDbEntity
  8
隐藏线
100
AcDbLine
 10
99.0
 20
3.3836204220940296
 30
0.0
 11
99.0
 21
3.4779969364760994
 31
0.0
  0
LINE
  5
376
330
17
100
AcDbEntity
  8
隐藏线
100
AcDbLine
 10
99.0
 20
3.4779969364760994
 30
0.0
 11
99.0
 21
3.629673316936934
 31
0.0
  0
LINE
  5
377
330
17
100
AcDbEntity
  8
隐藏线
100
AcDbLine
 10
99.0
 20
3.629673316936934
 30
0.0
 11
99.0
 21
3.8332738110421936
 31
0.0
  0
LINE
  5
378
330
17
100
AcDbEntity
  8
隐藏线
100
AcDbLine
 10
99.0
 20
3.8332738110421936
 30
0.0
 11
99.0
 21
4.084420762045539
 31
0.0
  0
LINE
  5
379
330
17
100
AcDbEntity
  8
隐藏线
100
AcDbLine
 10
99.0
 20
4.084420762045539
 30
0.0
 11
99.0
 21
4.369565689114999
 31
0.0
  0
LINE
  5
37A
330
17
100
AcDbEntity
  8
隐藏线
100
AcDbLine
 10
99.0
 20
4.369565689114999
 30
0.0
 11
99.0
 21
4.67844499783644
 31
0.0
  0
LINE
  5
37B
330
17
100
AcDbEntity
  8
隐藏线
100
AcDbLine
 10
99.0
 20
4.67844499783644
 30
0.0
 11
99.0
 21
4.9999999999999964
 31
0.0
  0
LINE
  5
37C
330
17
100
AcDbEntity
  8
隐藏线
100
AcDbLine
 10
99.0
 20
4.9999999999999964
 30
0.0
 11
99.0
 21
5.321555002163549
 31
0.0
  0
LINE
  5
37D
330
17
100
AcDbEntity
  8
隐藏线
100
AcDbLine
 10
99.0
 20
5.321555002163549
 30
0.0
 11
99.0
 21
5.6304343108849935
 31
0.0
  0
LINE
  5
37E
330
17
100
AcDbEntity
  8
隐藏线
100
AcDbLine
 10
99.0
 20
5.6304343108849935
 30
0.0
 11
99.0
 21
5.915579237954454
 31
0.0
  0
LINE
  5
37F
330
17
100
AcDbEntity
  8
隐藏线
100
AcDbLine
 10
99.0
 20
5.915579237954454
 30
0.0
 11
99.0
 21
6.166726188957799
 31
0.0
  0
LINE
  5
380
330
17
100
AcDbEntity
  8
隐藏线
100
AcDbLine
 10
99.0
 20
6.166726188957799
 30
0.0
 11
99.0
 21
6.370326683063059
 31
0.0
  0
LINE
  5
381
330
17
100
AcDbEntity
  8
隐藏线
100
AcDbLine
 10
99.0
 20
6.370326683063059
 30
0.0
 11
99.0
 21
6.5220030635238935
 31
0.0
  0
LINE
  5
382
330
17
100
AcDbEntity
  8
隐藏线
100
AcDbLine
 10
99.0
 20
6.5220030635238935
 30
0.0
 11
99.0
 21
6.616379577905963
 31
0.0
  0
LINE
  5
383
330
17
100
AcDbEntity
  8
隐藏线
100
AcDbLine
 10
99.0
 20
6.616379577905963
 30
0.0
 11
99.0
 21
6.649999999999995
 31
0.0
  0
LINE
  5
384
330
17
100
AcDbEntity
  8
隐藏线
100
AcDbLine
 10
96.0
 20
3.349999999999998
 30
0.0
 11
97.5
 21
3.349999999999998
 31
0.0
  0
LINE
  5
385
330
17
100
AcDbEntity
  8
隐藏线
100
AcDbLine
 10
97.5
 20
3.349999999999998
 30
0.0
 11
99.0
 21
3.349999999999998
 31
0.0
  0
LINE
  5
386
330
17
100
AcDbEntity
  8
隐藏线
100
AcDbLine
 10
96.0
 20
3.349999999999998
 30
0.0
 11
96.0
 21
3.3836204220940296
 31
0.0
  0
LINE
  5
387
330
17
100
AcDbEntity
  8
隐藏线
100
AcDbLine
 10
96.0
 20
3.3836204220940296
 30
0.0
 11
96.0
 21
3.4779969364760994
 31
0.0
  0
LINE
  5
388
330
17
100
AcDbEntity
  8
隐藏线
100
AcDbLine
 10
96.0
 20
3.4779969364760994
 30
0.0
 11
96.0
 21
3.629673316936934
 31
0.0
  0
LINE
  5
389
330
17
100
AcDbEntity
  8
隐藏线
100
AcDbLine
 10
96.0
 20
3.629673316936934
 30
0.0
 11
96.0
 21
3.8332738110421936
 31
0.0
  0
LINE
  5
38A
330
17
100
AcDbEntity
  8
隐藏线
100
AcDbLine
 10
96.0
 20
3.8332738110421936
 30
0.0
 11
96.0
 21
4.084420762045539
 31
0.0
  0
LINE
  5
38B
330
17
100
AcDbEntity
  8
隐藏线
100
AcDbLine
 10
96.0
 20
4.084420762045539
 30
0.0
 11
96.0
 21
4.369565689114999
 31
0.0
  0
LINE
  5
38C
330
17
100
AcDbEntity
  8
隐藏线
100
AcDbLine
 10
96.0
 20
4.369565689114999
 30
0.0
 11
96.0
 21
4.67844499783644
 31
0.0
  0
LINE
  5
38D
330
17
100
AcDbEntity
  8
隐藏线
100
AcDbLine
 10
96.0
 20
4.67844499783644
 30
0.0
 11
96.0
 21
4.9999999999999964
 31
0.0
  0
LINE
  5
38E
330
17
100
AcDbEntity
  8
隐藏线
100
AcDbLine
 10
96.0
 20
4.9999999999999964
 30
0.0
 11
96.0
 21
5.321555002163549
 31
0.0
  0
LINE
  5
38F
330
17
100
AcDbEntity
  8
隐藏线
100
AcDbLine
 10
96.0
 20
5.321555002163549
 30
0.0
 11
96.0
 21
5.6304343108849935
 31
0.0
  0
LINE
  5
390
330
17
100
AcDbEntity
  8
隐藏线
100
AcDbLine
 10
96.0
 20
5.6304343108849935
 30
0.0
 11
96.0
 21
5.915579237954454
 31
0.0
  0
LINE
  5
391
330
17
100
AcDbEntity
  8
隐藏线
100
AcDbLine
 10
96.0
 20
5.915579237954454
 30
0.0
 11
96.0
 21
6.166726188957799
 31
0.0
  0
LINE
  5
392
330
17
100
AcDbEntity
  8
隐藏线
100
AcDbLine
 10
96.0
 20
6.166726188957799
 30
0.0
 11
96.0
 21
6.370326683063059
 31
0.0
  0
LINE
  5
393
330
17
100
AcDbEntity
  8
隐藏线
100
AcDbLine
 10
96.0
 20
6.370326683063059
 30
0.0
 11
96.0
 21
6.5220030635238935
 31
0.0
  0
LINE
  5
394
330
17
100
AcDbEntity
  8
隐藏线
100
AcDbLine
 10
96.0
 20
6.5220030635238935
 30
0.0
 11
96.0
 21
6.616379577905963
 31
0.0
  0
LINE
  5
395
330
17
100
AcDbEntity
  8
隐藏线
100
AcDbLine
 10
96.0
 20
6.616379577905963
 30
0.0
 11
96.0
 21
6.649999999999995
 31
0.0
  0
LINE
  5
396
330
17
100
AcDbEntity
  8
隐藏线
100
AcDbLine
 10
99.0
 20
3.3500000000000014
 30
0.0
 11
99.0
 21
3.383620422094033
 31
0.0
  0
LINE
  5
397
330
17
100
AcDbEntity
  8
隐藏线
100
AcDbLine
 10
96.0
 20
3.3500000000000014
 30
0.0
 11
97.5
 21
3.3500000000000014
 31
0.0
  0
LINE
  5
398
330
17
100
AcDbEntity
  8
隐藏线
100
AcDbLine
 10
97.5
 20
3.3500000000000014
 30
0.0
 11
99.0
 21
3.3500000000000014
 31
0.0
  0
LINE
  5
399
330
17
100
AcDbEntity
  8
隐藏线
100
AcDbLine
 10
96.0
 20
3.3500000000000014
 30
0.0
 11
96.0
 21
3.383620422094033
 31
0.0
  0
LINE
  5
39A
330
17
100
AcDbEntity
  8
隐藏线
100
AcDbLine
 10
116.0
 20
43.0
 30
0.0
 11
116.0
 21
42.22047272202774
 31
0.0
  0
LINE
  5
39B
330
17
100
AcDbEntity
  8
隐藏线
100
AcDbLine
 10
116.0
 20
42.22047272202774
 30
0.0
 11
116.0
 21
41.47167439785454
 31
0.0
  0
LINE
  5
39C
330
17
100
AcDbEntity
  8
隐藏线
100
AcDbLine
 10
116.0
 20
41.47167439785454
 30
0.0
 11
116.0
 21
40.780413968595255
 31
0.0
  0
LINE
  5
39D
330
17
100
AcDbEntity
  8
隐藏线
100
AcDbLine
 10
116.0
 20
40.780413968595255
 30
0.0
 11
116.0
 21
40.17157287525381
 31
0.0
  0
LINE
  5
39E
330
17
100
AcDbEntity
  8
隐藏线
100
AcDbLine
 10
116.0
 20
40.17157287525381
 30
0.0
 11
116.0
 21
39.67799591984712
 31
0.0
  0
LINE
  5
39F
330
17
100
AcDbEntity
  8
隐藏线
100
AcDbLine
 10
116.0
 20
39.67799591984712
 30
0.0
 11
116.0
 21
39.310295603578425
 31
0.0
  0
LINE
  5
3A0
330
17
100
AcDbEntity
  8
隐藏线
100
AcDbLine
 10
116.0
 20
39.310295603578425
 30
0.0
 11
116.0
 21
39.08150405356129
 31
0.0
  0
LINE
  5
3A1
330
17
100
AcDbEntity
  8
隐藏线
100
AcDbLine
 10
116.0
 20
39.08150405356129
 30
0.0
 11
116.0
 21
39.0
 31
0.0
  0
LINE
  5
3A2
330
17
100
AcDbEntity
  8
隐藏线
100
AcDbLine
 10
99.0
 20
43.0
 30
0.0
 11
99.0
 21
42.22047272202775
 31
0.0
  0
LINE
  5
3A3
330
17
100
AcDbEntity
  8
隐藏线
100
AcDbLine
 10
99.0
 20
42.22047272202775
 30
0.0
 11
99.0
 21
41.47167439785454
 31
0.0
  0
LINE
  5
3A4
330
17
100
AcDbEntity
  8
隐藏线
100
AcDbLine
 10
99.0
 20
41.47167439785454
 30
0.0
 11
99.0
 21
40.780413968595255
 31
0.0
  0
LINE
  5
3A5
330
17
100
AcDbEntity
  8
隐藏线
100
AcDbLine
 10
99.0
 20
40.780413968595255
 30
0.0
 11
99.0
 21
40.17157287525381
 31
0.0
  0
LINE
  5
3A6
330
17
100
AcDbEntity
  8
隐藏线
100
AcDbLine
 10
99.0
 20
40.17157287525381
 30
0.0
 11
99.0
 21
39.67799591984712
 31
0.0
  0
LINE
  5
3A7
330
17
100
AcDbEntity
  8
隐藏线
100
AcDbLine
 10
99.0
 20
39.67799591984712
 30
0.0
 11
99.0
 21
39.310295603578425
 31
0.0
  0
LINE
  5
3A8
330
17
100
AcDbEntity
  8
隐藏线
100
AcDbLine
 10
99.0
 20
39.310295603578425
 30
0.0
 11
99.0
 21
39.08150405356129
 31
0.0
  0
LINE
  5
3A9
330
17
100
AcDbEntity
  8
隐藏线
100
AcDbLine
 10
99.0
 20
39.08150405356129
 30
0.0
 11
99.0
 21
39.0
 31
0.0
  0
LINE
  5
3AA
330
17
100
AcDbEntity
  8
隐藏线
100
AcDbLine
 10
116.0
 20
45.0
 30
0.0
 11
116.0
 21
44.0
 31
0.0
  0
LINE
  5
3AB
330
17
100
AcDbEntity
  8
隐藏线
100
AcDbLine
 10
116.0
 20
44.0
 30
0.0
 11
116.0
 21
43.0
 31
0.0
  0
LINE
  5
3AC
330
17
100
AcDbEntity
  8
隐藏线
100
AcDbLine
 10
96.0
 20
45.650000000000006
 30
0.0
 11
96.0
 21
45.57117506516717
 31
0.0
  0
LINE
  5
3AD
330
17
100
AcDbEntity
  8
隐藏线
100
AcDbLine
 10
96.0
 20
45.57117506516717
 30
0.0
 11
96.0
 21
45.49139868192256
 31
0.0
  0
LINE
  5
3AE
330
17
100
AcDbEntity
  8
隐藏线
100
AcDbLine
 10
96.0
 20
45.49139868192256
 30
0.0
 11
96.0
 21
45.41079830242208
 31
0.0
  0
LINE
  5
3AF
330
17
100
AcDbEntity
  8
隐藏线
100
AcDbLine
 10
96.0
 20
45.41079830242208
 30
0.0
 11
96.0
 21
45.329502607064384
 31
0.0
  0
LINE
  5
3B0
330
17
100
AcDbEntity
  8
隐藏线
100
AcDbLine
 10
96.0
 20
45.329502607064384
 30
0.0
 11
96.0
 21
45.24760836692535
 31
0.0
  0
LINE
  5
3B1
330
17
100
AcDbEntity
  8
隐藏线
100
AcDbLine
 10
96.0
 20
45.24760836692535
 30
0.0
 11
96.0
 21
45.165305478141356
 31
0.0
  0
LINE
  5
3B2
330
17
100
AcDbEntity
  8
隐藏线
100
AcDbLine
 10
96.0
 20
45.165305478141356
 30
0.0
 11
96.0
 21
45.082725398758214
 31
0.0
  0
LINE
  5
3B3
330
17
100
AcDbEntity
  8
隐藏线
100
AcDbLine
 10
96.0
 20
45.082725398758214
 30
0.0
 11
96.0
 21
45.0
 31
0.0
  0
LINE
  5
3B4
330
17
100
AcDbEntity
  8
隐藏线
100
AcDbLine
 10
96.0
 20
2.039201069299942
 30
0.0
 11
96.0
 21
2.01021827765123
 31
0.0
  0
LINE
  5
3B5
330
17
100
AcDbEntity
  8
隐藏线
100
AcDbLine
 10
99.0
 20
45.0
 30
0.0
 11
99.0
 21
44.0
 31
0.0
  0
LINE
  5
3B6
330
17
100
AcDbEntity
  8
隐藏线
100
AcDbLine
 10
99.0
 20
44.0
 30
0.0
 11
99.0
 21
43.0
 31
0.0
  0
LINE
  5
3B7
330
17
100
AcDbEntity
  8
隐藏线
100
AcDbLine
 10
99.0
 20
45.0
 30
0.0
 11
99.0
 21
45.082725398758214
 31
0.0
  0
LINE
  5
3B8
330
17
100
AcDbEntity
  8
隐藏线
100
AcDbLine
 10
99.0
 20
45.082725398758214
 30
0.0
 11
99.0
 21
45.165305478141356
 31
0.0
  0
LINE
  5
3B9
330
17
100
AcDbEntity
  8
隐藏线
100
AcDbLine
 10
99.0
 20
45.165305478141356
 30
0.0
 11
99.0
 21
45.24760836692535
 31
0.0
  0
LINE
  5
3BA
330
17
100
AcDbEntity
  8
隐藏线
100
AcDbLine
 10
99.0
 20
45.24760836692535
 30
0.0
 11
99.0
 21
45.329502607064384
 31
0.0
  0
LINE
  5
3BB
330
17
100
AcDbEntity
  8
隐藏线
100
AcDbLine
 10
99.0
 20
45.329502607064384
 30
0.0
 11
99.0
 21
45.41079830242208
 31
0.0
  0
LINE
  5
3BC
330
17
100
AcDbEntity
  8
隐藏线
100
AcDbLine
 10
99.0
 20
45.41079830242208
 30
0.0
 11
99.0
 21
45.49139868192256
 31
0.0
  0
LINE
  5
3BD
330
17
100
AcDbEntity
  8
隐藏线
100
AcDbLine
 10
99.0
 20
45.49139868192256
 30
0.0
 11
99.0
 21
45.57117506516717
 31
0.0
  0
LINE
  5
3BE
330
17
100
AcDbEntity
  8
隐藏线
100
AcDbLine
 10
99.0
 20
45.57117506516717
 30
0.0
 11
99.0
 21
45.650000000000006
 31
0.0
  0
LINE
  5
3BF
330
17
100
AcDbEntity
  8
隐藏线
100
AcDbLine
 10
99.0
 20
7.0
 30
0.0
 11
99.0
 21
9.999999999999998
 31
0.0
  0
LINE
  5
3C0
330
17
100
AcDbEntity
  8
隐藏线
100
AcDbLine
 10
99.0
 20
2.0
 30
0.0
 11
99.0
 21
2.01021827765123
 31
0.0
  0
LINE
  5
3C1
330
17
100
AcDbEntity
  8
隐藏线
100
AcDbLine
 10
99.0
 20
9.999999999999996
 30
0.0
 11
99.0
 21
10.010218277651225
 31
0.0
  0
LINE
  5
3C2
330
17
100
AcDbEntity
  8
隐藏线
100
AcDbLine
 10
99.0
 20
10.039201069299937
 30
0.0
 11
99.0
 21
10.086682351928163
 31
0.0
  0
LINE
  5
3C3
330
17
100
AcDbEntity
  8
隐藏线
100
AcDbLine
 10
99.0
 20
10.086682351928163
 30
0.0
 11
99.0
 21
10.152240934977423
 31
0.0
  0
LINE
  5
3C4
330
17
100
AcDbEntity
  8
隐藏线
100
AcDbLine
 10
99.0
 20
10.152240934977423
 30
0.0
 11
99.0
 21
10.236680433185658
 31
0.0
  0
LINE
  5
3C5
330
17
100
AcDbEntity
  8
隐藏线
100
AcDbLine
 10
99.0
 20
10.236680433185658
 30
0.0
 11
99.0
 21
10.337714931812455
 31
0.0
  0
LINE
  5
3C6
330
17
100
AcDbEntity
  8
隐藏线
100
AcDbLine
 10
99.0
 20
10.337714931812455
 30
0.0
 11
99.0
 21
10.454431693856373
 31
0.0
  0
LINE
  5
3C7
330
17
100
AcDbEntity
  8
隐藏线
100
AcDbLine
 10
99.0
 20
10.454431693856373
 30
0.0
 11
99.0
 21
10.585786437626906
 31
0.0
  0
LINE
  5
3C8
330
17
100
AcDbEntity
  8
隐藏线
100
AcDbLine
 10
99.0
 20
39.0
 30
0.0
 11
107.5
 21
39.0
 31
0.0
  0
LINE
  5
3C9
330
17
100
AcDbEntity
  8
隐藏线
100
AcDbLine
 10
107.5
 20
39.0
 30
0.0
 11
116.0
 21
39.0
 31
0.0
  0
TEXT
  5
3CA
330
17
100
AcDbEntity
  8
标注
100
AcDbText
 10
22.0
 20
-14.0
 30
0.0
 40
6.0
  1
主视图
  7
中文字体
 72
1
 11
22.0
 21
-14.0
 31
0.0
100
AcDbText
 73
2
  0
TEXT
  5
3CB
330
17
100
AcDbEntity
  8
标注
100
AcDbText
 10
22.0
 20
85.0
 30
0.0
 40
6.0
  1
俯视图
  7
中文字体
 72
1
 11
22.0
 21
85.0
 31
0.0
100
AcDbText
 73
2
  0
TEXT
  5
3CC
330
17
100
AcDbEntity
  8
标注
100
AcDbText
 10
106.0
 20
-14.0
 30
0.0
 40
6.0
  1
左视图
  7
中文字体
 72
1
 11
106.0
 21
-14.0
 31
0.0
100
AcDbText
 73
2
  0
LINE
  5
3CD
330
17
100
AcDbEntity
  8
可见轮廓
100
AcDbLine
 10
41.99937836400164
 20
-105.04986138347613
 30
0.0
 11
42.0
 21
-104.99999999999999
 31
0.0
  0
LINE
  5
3CE
330
17
100
AcDbEntity
  8
可见轮廓
100
AcDbLine
 10
41.997513842437854
 20
-105.09969177132137
 30
0.0
 11
41.99937836400164
 21
-105.04986138347613
 31
0.0
  0
LINE
  5
3CF
330
17
100
AcDbEntity
  8
可见轮廓
100
AcDbLine
 10
41.99440759436237
 20
-105.14946018717283
 30
0.0
 11
41.997513842437854
 21
-105.09969177132137
 31
0.0
  0
LINE
  5
3D0
330
17
100
AcDbEntity
  8
可见轮廓
100
AcDbLine
 10
41.990061550730815
 20
-105.19913569319162
 30
0.0
 11
41.99440759436237
 21
-105.14946018717283
 31
0.0
  0
LINE
  5
3D1
330
17
100
AcDbEntity
  8
可见轮廓
100
AcDbLine
 10
41.98447841320035
 20
-105.24868740929496
 30
0.0
 11
41.990061550730815
 21
-105.19913569319162
 31
0.0
  0
LINE
  5
3D2
330
17
100
AcDbEntity
  8
可见轮廓
100
AcDbLine
 10
41.977661652450266
 20
-105.29808453235233
 30
0.0
 11
41.98447841320035
 21
-105.24868740929496
 31
0.0
  0
LINE
  5
3D3
330
17
100
AcDbEntity
  8
可见轮廓
100
AcDbLine
 10
41.969615506024425
 20
-105.34729635533384
 30
0.0
 11
41.977661652450266
 21
-105.29808453235233
 31
0.0
  0
LINE
  5
3D4
330
17
100
AcDbEntity
  8
可见轮廓
100
AcDbLine
 10
41.9603449756971
 20
-105.39629228639879
 30
0.0
 11
41.969615506024425
 21
-105.34729635533384
 31
0.0
  0
LINE
  5
3D5
330
17
100
AcDbEntity
  8
可见轮廓
100
AcDbLine
 10
41.94985582436366
 20
-105.44504186791261
 30
0.0
 11
41.9603449756971
 21
-105.39629228639879
 31
0.0
  0
LINE
  5
3D6
330
17
100
AcDbEntity
  8
可见轮廓
100
AcDbLine
 10
41.93815457245817
 20
-105.49351479538058
 30
0.0
 11
41.94985582436366
 21
-105.44504186791261
 31
0.0
  0
LINE
  5
3D7
330
17
100
AcDbEntity
  8
可见轮廓
100
AcDbLine
 10
41.925248493900035
 20
-105.541680936286
 30
0.0
 11
41.93815457245817
 21
-105.49351479538058
 31
0.0
  0
LINE
  5
3D8
330
17
100
AcDbEntity
  8
可见轮廓
100
AcDbLine
 10
41.911145611572294
 20
-105.58951034882179
 30
0.0
 11
41.925248493900035
 21
-105.541680936286
 31
0.0
  0
LINE
  5
3D9
330
17
100
AcDbEntity
  8
可见轮廓
100
AcDbLine
 10
41.895854692334275
 20
-105.63697330050336
 30
0.0
 11
41.911145611572294
 21
-105.58951034882179
 31
0.0
  0
LINE
  5
3DA
330
17
100
AcDbEntity
  8
可见轮廓
100
AcDbLine
 10
41.879385241571825
 20
-105.68404028665132
 30
0.0
 11
41.895854692334275
 21
-105.63697330050336
 31
0.0
  0
LINE
  5
3DB
330
17
100
AcDbEntity
  8
可见轮廓
100
AcDbLine
 10
41.86174749728842
 20
-105.73068204873277
 30
0.0
 11
41.879385241571825
 21
-105.68404028665132
 31
0.0
  0
LINE
  5
3DC
330
17
100
AcDbEntity
  8
可见轮廓
100
AcDbLine
 10
41.842952423740826
 20
-105.77686959254937
 30
0.0
 11
41.86174749728842
 21
-105.73068204873277
 31
0.0
  0
LINE
  5
3DD
330
17
100
AcDbEntity
  8
可见轮廓
100
AcDbLine
 10
41.823011704623354
 20
-105.82257420626121
 30
0.0
 11
41.842952423740826
 21
-105.77686959254937
 31
0.0
  0
LINE
  5
3DE
330
17
100
AcDbEntity
  8
可见轮廓
100
AcDbLine
 10
41.801937735804856
 20
-105.86776747823511
 30
0.0
 11
41.823011704623354
 21
-105.82257420626121
 31
0.0
  0
LINE
  5
3DF
330
17
100
AcDbEntity
  8
可见轮廓
100
AcDbLine
 10
41.77974361762295
 20
-105.91242131470631
 30
0.0
 11
41.801937735804856
 21
-105.86776747823511
 31
0.0
  0
LINE
  5
3E0
330
17
100
AcDbEntity
  8
可见轮廓
100
AcDbLine
 10
41.756443146740466
 20
-105.95650795724262
 30
0.0
 11
41.77974361762295
 21
-105.91242131470631
 31
0.0
  0
LINE
  5
3E1
330
17
100
AcDbEntity
  8
可见轮廓
100
AcDbLine
 10
41.73205080756889
 20
-105.99999999999999
 30
0.0
 11
41.756443146740466
 21
-105.95650795724262
 31
0.0
  0
LINE
  5
3E2
330
17
100
AcDbEntity
  8
可见轮廓
100
AcDbLine
 10
41.706581763264325
 20
-106.042870406759
 30
0.0
 11
41.73205080756889
 21
-105.99999999999999
 31
0.0
  0
LINE
  5
3E3
330
17
100
AcDbEntity
  8
可见轮廓
100
AcDbLine
 10
41.68005184630155
 20
-106.0850925277315
 30
0.0
 11
41.706581763264325
 21
-106.042870406759
 31
0.0
  0
LINE
  5
3E4
330
17
100
AcDbEntity
  8
可见轮廓
100
AcDbLine
 10
41.65247754863201
 20
-106.12664011612723
 30
0.0
 11
41.68005184630155
 21
-106.0850925277315
 31
0.0
  0
LINE
  5
3E5
330
17
100
AcDbEntity
  8
可见轮廓
100
AcDbLine
 10
41.623876011431726
 20
-106.16748734446958
 30
0.0
 11
41.65247754863201
 21
-106.12664011612723
 31
0.0
  0
LINE
  5
3E6
330
17
100
AcDbEntity
  8
可见轮廓
100
AcDbLine
 10
41.59426501444586
 20
-106.20760882065095
 30
0.0
 11
41.623876011431726
 21
-106.16748734446958
 31
0.0
  0
LINE
  5
3E7
330
17
100
AcDbEntity
  8
可见轮廓
100
AcDbLine
 10
41.56366296493607
 20
-106.24697960371746
 30
0.0
 11
41.59426501444586
 21
-106.20760882065095
 31
0.0
  0
LINE
  5
3E8
330
17
100
AcDbEntity
  8
可见轮廓
100
AcDbLine
 10
41.53208888623797
 20
-106.28557521937307
 30
0.0
 11
41.56366296493607
 21
-106.24697960371746
 31
0.0
  0
LINE
  5
3E9
330
17
100
AcDbEntity
  8
可见轮廓
100
AcDbLine
 10
41.49956240593548
 20
-106.32337167519371
 30
0.0
 11
41.53208888623797
 21
-106.28557521937307
 31
0.0
  0
LINE
  5
3EA
330
17
100
AcDbEntity
  8
可见轮廓
100
AcDbLine
 10
41.466103743659666
 20
-106.36034547554183
 30
0.0
 11
41.49956240593548
 21
-106.32337167519371
 31
0.0
  0
LINE
  5
3EB
330
17
100
AcDbEntity
  8
可见轮廓
100
AcDbLine
 10
41.43173369851945
 20
-106.39647363617215
 30
0.0
 11
41.466103743659666
 21
-106.36034547554183
 31
0.0
  0
LINE
  5
3EC
330
17
100
AcDbEntity
  8
可见轮廓
100
AcDbLine
 10
41.39647363617216
 20
-106.43173369851942
 30
0.0
 11
41.43173369851945
 21
-106.39647363617215
 31
0.0
  0
LINE
  5
3ED
330
17
100
AcDbEntity
  8
可见轮廓
100
AcDbLine
 10
41.36034547554185
 20
-106.46610374365964
 30
0.0
 11
41.39647363617216
 21
-106.43173369851942
 31
0.0
  0
LINE
  5
3EE
330
17
100
AcDbEntity
  8
可见轮廓
100
AcDbLine
 10
41.32337167519373
 20
-106.49956240593546
 30
0.0
 11
41.36034547554185
 21
-106.46610374365964
 31
0.0
  0
LINE
  5
3EF
330
17
100
AcDbEntity
  8
可见轮廓
100
AcDbLine
 10
41.28557521937309
 20
-106.53208888623794
 30
0.0
 11
41.32337167519373
 21
-106.49956240593546
 31
0.0
  0
LINE
  5
3F0
330
17
100
AcDbEntity
  8
可见轮廓
100
AcDbLine
 10
41.24697960371748
 20
-106.56366296493606
 30
0.0
 11
41.28557521937309
 21
-106.53208888623794
 31
0.0
  0
LINE
  5
3F1
330
17
100
AcDbEntity
  8
可见轮廓
100
AcDbLine
 10
41.20760882065097
 20
-106.59426501444584
 30
0.0
 11
41.24697960371748
 21
-106.56366296493606
 31
0.0
  0
LINE
  5
3F2
330
17
100
AcDbEntity
  8
可见轮廓
100
AcDbLine
 10
41.16748734446959
 20
-106.6238760114317
 30
0.0
 11
41.20760882065097
 21
-106.59426501444584
 31
0.0
  0
LINE
  5
3F3
330
17
100
AcDbEntity
  8
可见轮廓
100
AcDbLine
 10
41.126640116127255
 20
-106.65247754863199
 30
0.0
 11
41.16748734446959
 21
-106.6238760114317
 31
0.0
  0
LINE
  5
3F4
330
17
100
AcDbEntity
  8
可见轮廓
100
AcDbLine
 10
41.08509252773153
 20
-106.68005184630154
 30
0.0
 11
41.126640116127255
 21
-106.65247754863199
 31
0.0
  0
LINE
  5
3F5
330
17
100
AcDbEntity
  8
可见轮廓
100
AcDbLine
 10
41.04287040675901
 20
-106.70658176326431
 30
0.0
 11
41.08509252773153
 21
-106.68005184630154
 31
0.0
  0
LINE
  5
3F6
330
17
100
AcDbEntity
  8
可见轮廓
100
AcDbLine
 10
41.000000000000014
 20
-106.73205080756887
 30
0.0
 11
41.04287040675901
 21
-106.70658176326431
 31
0.0
  0
LINE
  5
3F7
330
17
100
AcDbEntity
  8
可见轮廓
100
AcDbLine
 10
40.95650795724265
 20
-106.75644314674045
 30
0.0
 11
41.000000000000014
 21
-106.73205080756887
 31
0.0
  0
LINE
  5
3F8
330
17
100
AcDbEntity
  8
可见轮廓
100
AcDbLine
 10
40.912421314706336
 20
-106.77974361762293
 30
0.0
 11
40.95650795724265
 21
-106.75644314674045
 31
0.0
  0
LINE
  5
3F9
330
17
100
AcDbEntity
  8
可见轮廓
100
AcDbLine
 10
40.86776747823512
 20
-106.80193773580484
 30
0.0
 11
40.912421314706336
 21
-106.77974361762293
 31
0.0
  0
LINE
  5
3FA
330
17
100
AcDbEntity
  8
可见轮廓
100
AcDbLine
 10
40.82257420626124
 20
-106.82301170462334
 30
0.0
 11
40.86776747823512
 21
-106.80193773580484
 31
0.0
  0
LINE
  5
3FB
330
17
100
AcDbEntity
  8
可见轮廓
100
AcDbLine
 10
40.7768695925494
 20
-106.84295242374081
 30
0.0
 11
40.82257420626124
 21
-106.82301170462334
 31
0.0
  0
LINE
  5
3FC
330
17
100
AcDbEntity
  8
可见轮廓
100
AcDbLine
 10
40.7306820487328
 20
-106.8617474972884
 30
0.0
 11
40.7768695925494
 21
-106.84295242374081
 31
0.0
  0
LINE
  5
3FD
330
17
100
AcDbEntity
  8
可见轮廓
100
AcDbLine
 10
40.68404028665135
 20
-106.87938524157181
 30
0.0
 11
40.7306820487328
 21
-106.8617474972884
 31
0.0
  0
LINE
  5
3FE
330
17
100
AcDbEntity
  8
可见轮廓
100
AcDbLine
 10
40.63697330050338
 20
-106.89585469233427
 30
0.0
 11
40.68404028665135
 21
-106.87938524157181
 31
0.0
  0
LINE
  5
3FF
330
17
100
AcDbEntity
  8
可见轮廓
100
AcDbLine
 10
40.58951034882182
 20
-106.91114561157228
 30
0.0
 11
40.63697330050338
 21
-106.89585469233427
 31
0.0
  0
LINE
  5
400
330
17
100
AcDbEntity
  8
可见轮廓
100
AcDbLine
 10
40.54168093628602
 20
-106.92524849390003
 30
0.0
 11
40.58951034882182
 21
-106.91114561157228
 31
0.0
  0
LINE
  5
401
330
17
100
AcDbEntity
  8
可见轮廓
100
AcDbLine
 10
40.4935147953806
 20
-106.93815457245816
 30
0.0
 11
40.54168093628602
 21
-106.92524849390003
 31
0.0
  0
LINE
  5
402
330
17
100
AcDbEntity
  8
可见轮廓
100
AcDbLine
 10
40.445041867912636
 20
-106.94985582436365
 30
0.0
 11
40.4935147953806
 21
-106.93815457245816
 31
0.0
  0
LINE
  5
403
330
17
100
AcDbEntity
  8
可见轮廓
100
AcDbLine
 10
40.396292286398804
 20
-106.96034497569708
 30
0.0
 11
40.445041867912636
 21
-106.94985582436365
 31
0.0
  0
LINE
  5
404
330
17
100
AcDbEntity
  8
可见轮廓
100
AcDbLine
 10
40.34729635533387
 20
-106.96961550602441
 30
0.0
 11
40.396292286398804
 21
-106.96034497569708
 31
0.0
  0
LINE
  5
405
330
17
100
AcDbEntity
  8
可见轮廓
100
AcDbLine
 10
40.29808453235236
 20
-106.97766165245025
 30
0.0
 11
40.34729635533387
 21
-106.96961550602441
 31
0.0
  0
LINE
  5
406
330
17
100
AcDbEntity
  8
可见轮廓
100
AcDbLine
 10
40.24868740929498
 20
-106.98447841320035
 30
0.0
 11
40.29808453235236
 21
-106.97766165245025
 31
0.0
  0
LINE
  5
407
330
17
100
AcDbEntity
  8
可见轮廓
100
AcDbLine
 10
40.19913569319164
 20
-106.9900615507308
 30
0.0
 11
40.24868740929498
 21
-106.98447841320035
 31
0.0
  0
LINE
  5
408
330
17
100
AcDbEntity
  8
可见轮廓
100
AcDbLine
 10
40.149460187172856
 20
-106.99440759436236
 30
0.0
 11
40.19913569319164
 21
-106.9900615507308
 31
0.0
  0
LINE
  5
409
330
17
100
AcDbEntity
  8
可见轮廓
100
AcDbLine
 10
40.0996917713214
 20
-106.99751384243784
 30
0.0
 11
40.149460187172856
 21
-106.99440759436236
 31
0.0
  0
LINE
  5
40A
330
17
100
AcDbEntity
  8
可见轮廓
100
AcDbLine
 10
40.049861383476156
 20
-106.99937836400163
 30
0.0
 11
40.0996917713214
 21
-106.99751384243784
 31
0.0
  0
LINE
  5
40B
330
17
100
AcDbEntity
  8
可见轮廓
100
AcDbLine
 10
40.00000000000001
 20
-107.0
 30
0.0
 11
40.049861383476156
 21
-106.99937836400163
 31
0.0
  0
LINE
  5
40C
330
17
100
AcDbEntity
  8
可见轮廓
100
AcDbLine
 10
40.00000000000001
 20
-107.0
 30
0.0
 11
3.999999999999993
 21
-107.0
 31
0.0
  0
LINE
  5
40D
330
17
100
AcDbEntity
  8
可见轮廓
100
AcDbLine
 10
3.950138616523848
 20
-106.99937836400163
 30
0.0
 11
3.9999999999999964
 21
-107.0
 31
0.0
  0
LINE
  5
40E
330
17
100
AcDbEntity
  8
可见轮廓
100
AcDbLine
 10
3.9003082286786004
 20
-106.99751384243784
 30
0.0
 11
3.950138616523848
 21
-106.99937836400163
 31
0.0
  0
LINE
  5
40F
330
17
100
AcDbEntity
  8
可见轮廓
100
AcDbLine
 10
3.8505398128271437
 20
-106.99440759436236
 30
0.0
 11
3.9003082286786004
 21
-106.99751384243784
 31
0.0
  0
LINE
  5
410
330
17
100
AcDbEntity
  8
可见轮廓
100
AcDbLine
 10
3.8008643068083607
 20
-106.9900615507308
 30
0.0
 11
3.8505398128271437
 21
-106.99440759436236
 31
0.0
  0
LINE
  5
411
330
17
100
AcDbEntity
  8
可见轮廓
100
AcDbLine
 10
3.751312590705023
 20
-106.98447841320035
 30
0.0
 11
3.8008643068083607
 21
-106.9900615507308
 31
0.0
  0
LINE
  5
412
330
17
100
AcDbEntity
  8
可见轮廓
100
AcDbLine
 10
3.7019154676476447
 20
-106.97766165245025
 30
0.0
 11
3.751312590705023
 21
-106.98447841320035
 31
0.0
  0
LINE
  5
413
330
17
100
AcDbEntity
  8
可见轮廓
100
AcDbLine
 10
3.6527036446661327
 20
-106.96961550602441
 30
0.0
 11
3.7019154676476447
 21
-106.97766165245025
 31
0.0
  0
LINE
  5
414
330
17
100
AcDbEntity
  8
可见轮廓
100
AcDbLine
 10
3.603707713601196
 20
-106.96034497569708
 30
0.0
 11
3.6527036446661327
 21
-106.96961550602441
 31
0.0
  0
LINE
  5
415
330
17
100
AcDbEntity
  8
可见轮廓
100
AcDbLine
 10
3.554958132087364
 20
-106.94985582436365
 30
0.0
 11
3.603707713601196
 21
-106.96034497569708
 31
0.0
  0
LINE
  5
416
330
17
100
AcDbEntity
  8
可见轮廓
100
AcDbLine
 10
3.5064852046194055
 20
-106.93815457245816
 30
0.0
 11
3.554958132087364
 21
-106.94985582436365
 31
0.0
  0
LINE
  5
417
330
17
100
AcDbEntity
  8
可见轮廓
100
AcDbLine
 10
3.458319063713983
 20
-106.92524849390003
 30
0.0
 11
3.5064852046194055
 21
-106.93815457245816
 31
0.0
  0
LINE
  5
418
330
17
100
AcDbEntity
  8
可见轮廓
100
AcDbLine
 10
3.4104896511781817
 20
-106.91114561157228
 30
0.0
 11
3.458319063713983
 21
-106.92524849390003
 31
0.0
  0
LINE
  5
419
330
17
100
AcDbEntity
  8
可见轮廓
100
AcDbLine
 10
3.363026699496622
 20
-106.89585469233427
 30
0.0
 11
3.4104896511781817
 21
-106.91114561157228
 31
0.0
  0
LINE
  5
41A
330
17
100
AcDbEntity
  8
可见轮廓
100
AcDbLine
 10
3.3159597133486542
 20
-106.87938524157181
 30
0.0
 11
3.363026699496622
 21
-106.89585469233427
 31
0.0
  0
LINE
  5
41B
330
17
100
AcDbEntity
  8
可见轮廓
100
AcDbLine
 10
3.269317951267201
 20
-106.8617474972884
 30
0.0
 11
3.3159597133486542
 21
-106.87938524157181
 31
0.0
  0
LINE
  5
41C
330
17
100
AcDbEntity
  8
可见轮廓
100
AcDbLine
 10
3.2231304074506006
 20
-106.84295242374081
 30
0.0
 11
3.269317951267201
 21
-106.8617474972884
 31
0.0
  0
LINE
  5
41D
330
17
100
AcDbEntity
  8
可见轮廓
100
AcDbLine
 10
3.1774257937387667
 20
-106.82301170462334
 30
0.0
 11
3.2231304074506006
 21
-106.84295242374081
 31
0.0
  0
LINE
  5
41E
330
17
100
AcDbEntity
  8
可见轮廓
100
AcDbLine
 10
3.132232521764873
 20
-106.80193773580484
 30
0.0
 11
3.1774257937387667
 21
-106.82301170462334
 31
0.0
  0
LINE
  5
41F
330
17
100
AcDbEntity
  8
可见轮廓
100
AcDbLine
 10
3.087578685293664
 20
-106.77974361762293
 30
0.0
 11
3.132232521764873
 21
-106.80193773580484
 31
0.0
  0
LINE
  5
420
330
17
100
AcDbEntity
  8
可见轮廓
100
AcDbLine
 10
3.0434920427573537
 20
-106.75644314674045
 30
0.0
 11
3.087578685293664
 21
-106.77974361762293
 31
0.0
  0
LINE
  5
421
330
17
100
AcDbEntity
  8
可见轮廓
100
AcDbLine
 10
2.9999999999999893
 20
-106.73205080756887
 30
0.0
 11
3.0434920427573537
 21
-106.75644314674045
 31
0.0
  0
LINE
  5
422
330
17
100
AcDbEntity
  8
可见轮廓
100
AcDbLine
 10
2.9571295932409924
 20
-106.70658176326431
 30
0.0
 11
2.9999999999999893
 21
-106.73205080756887
 31
0.0
  0
LINE
  5
423
330
17
100
AcDbEntity
  8
可见轮廓
100
AcDbLine
 10
2.914907472268471
 20
-106.68005184630154
 30
0.0
 11
2.9571295932409924
 21
-106.70658176326431
 31
0.0
  0
LINE
  5
424
330
17
100
AcDbEntity
  8
可见轮廓
100
AcDbLine
 10
2.8733598838727445
 20
-106.65247754863199
 30
0.0
 11
2.914907472268471
 21
-106.68005184630154
 31
0.0
  0
LINE
  5
425
330
17
100
AcDbEntity
  8
可见轮廓
100
AcDbLine
 10
2.832512655530408
 20
-106.6238760114317
 30
0.0
 11
2.8733598838727445
 21
-106.65247754863199
 31
0.0
  0
LINE
  5
426
330
17
100
AcDbEntity
  8
可见轮廓
100
AcDbLine
 10
2.7923911793490355
 20
-106.59426501444584
 30
0.0
 11
2.832512655530408
 21
-106.6238760114317
 31
0.0
  0
LINE
  5
427
330
17
100
AcDbEntity
  8
可见轮廓
100
AcDbLine
 10
2.7530203962825226
 20
-106.56366296493606
 30
0.0
 11
2.7923911793490355
 21
-106.59426501444584
 31
0.0
  0
LINE
  5
428
330
17
100
AcDbEntity
  8
可见轮廓
100
AcDbLine
 10
2.71442478062691
 20
-106.53208888623794
 30
0.0
 11
2.7530203962825226
 21
-106.56366296493606
 31
0.0
  0
LINE
  5
429
330
17
100
AcDbEntity
  8
可见轮廓
100
AcDbLine
 10
2.67662832480627
 20
-106.49956240593546
 30
0.0
 11
2.71442478062691
 21
-106.53208888623794
 31
0.0
  0
LINE
  5
42A
330
17
100
AcDbEntity
  8
可见轮廓
100
AcDbLine
 10
2.6396545244581517
 20
-106.46610374365964
 30
0.0
 11
2.67662832480627
 21
-106.49956240593546
 31
0.0
  0
LINE
  5
42B
330
17
100
AcDbEntity
  8
可见轮廓
100
AcDbLine
 10
2.603526363827843
 20
-106.43173369851942
 30
0.0
 11
2.6396545244581517
 21
-106.46610374365964
 31
0.0
  0
LINE
  5
42C
330
17
100
AcDbEntity
  8
可见轮廓
100
AcDbLine
 10
2.568266301480552
 20
-106.39647363617213
 30
0.0
 11
2.603526363827843
 21
-106.43173369851942
 31
0.0
  0
LINE
  5
42D
330
17
100
AcDbEntity
  8
可见轮廓
100
AcDbLine
 10
2.5338962563403378
 20
-106.36034547554183
 30
0.0
 11
2.568266301480552
 21
-106.39647363617213
 31
0.0
  0
LINE
  5
42E
330
17
100
AcDbEntity
  8
可见轮廓
100
AcDbLine
 10
2.500437594064522
 20
-106.32337167519371
 30
0.0
 11
2.5338962563403378
 21
-106.36034547554183
 31
0.0
  0
LINE
  5
42F
330
17
100
AcDbEntity
  8
可见轮廓
100
AcDbLine
 10
2.4679111137620318
 20
-106.28557521937307
 30
0.0
 11
2.500437594064522
 21
-106.32337167519371
 31
0.0
  0
LINE
  5
430
330
17
100
AcDbEntity
  8
可见轮廓
100
AcDbLine
 10
2.4363370350639286
 20
-106.24697960371745
 30
0.0
 11
2.4679111137620318
 21
-106.28557521937307
 31
0.0
  0
LINE
  5
431
330
17
100
AcDbEntity
  8
可见轮廓
100
AcDbLine
 10
2.405734985554144
 20
-106.20760882065095
 30
0.0
 11
2.4363370350639286
 21
-106.24697960371745
 31
0.0
  0
LINE
  5
432
330
17
100
AcDbEntity
  8
可见轮廓
100
AcDbLine
 10
2.3761239885682777
 20
-106.16748734446958
 30
0.0
 11
2.405734985554144
 21
-106.20760882065095
 31
0.0
  0
LINE
  5
433
330
17
100
AcDbEntity
  8
可见轮廓
100
AcDbLine
 10
2.3475224513680004
 20
-106.12664011612723
 30
0.0
 11
2.3761239885682777
 21
-106.16748734446958
 31
0.0
  0
LINE
  5
434
330
17
100
AcDbEntity
  8
可见轮廓
100
AcDbLine
 10
2.319948153698448
 20
-106.0850925277315
 30
0.0
 11
2.3475224513680004
 21
-106.12664011612723
 31
0.0
  0
LINE
  5
435
330
17
100
AcDbEntity
  8
可见轮廓
100
AcDbLine
 10
2.293418236735679
 20
-106.042870406759
 30
0.0
 11
2.319948153698448
 21
-106.0850925277315
 31
0.0
  0
LINE
  5
436
330
17
100
AcDbEntity
  8
可见轮廓
100
AcDbLine
 10
2.267949192431111
 20
-105.99999999999999
 30
0.0
 11
2.293418236735679
 21
-106.042870406759
 31
0.0
  0
LINE
  5
437
330
17
100
AcDbEntity
  8
可见轮廓
100
AcDbLine
 10
2.243556853259534
 20
-105.95650795724262
 30
0.0
 11
2.267949192431111
 21
-105.99999999999999
 31
0.0
  0
LINE
  5
438
330
17
100
AcDbEntity
  8
可见轮廓
100
AcDbLine
 10
2.220256382377052
 20
-105.91242131470631
 30
0.0
 11
2.243556853259534
 21
-105.95650795724262
 31
0.0
  0
LINE
  5
439
330
17
100
AcDbEntity
  8
可见轮廓
100
AcDbLine
 10
2.1980622641951513
 20
-105.8677674782351
 30
0.0
 11
2.220256382377052
 21
-105.91242131470631
 31
0.0
  0
LINE
  5
43A
330
17
100
AcDbEntity
  8
可见轮廓
100
AcDbLine
 10
2.1769882953766455
 20
-105.82257420626121
 30
0.0
 11
2.1980622641951513
 21
-105.8677674782351
 31
0.0
  0
LINE
  5
43B
330
17
100
AcDbEntity
  8
可见轮廓
100
AcDbLine
 10
2.157047576259174
 20
-105.77686959254937
 30
0.0
 11
2.1769882953766455
 21
-105.82257420626121
 31
0.0
  0
LINE
  5
43C
330
17
100
AcDbEntity
  8
可见轮廓
100
AcDbLine
 10
2.1382525027115804
 20
-105.73068204873277
 30
0.0
 11
2.157047576259174
 21
-105.77686959254937
 31
0.0
  0
LINE
  5
43D
330
17
100
AcDbEntity
  8
可见轮廓
100
AcDbLine
 10
2.120614758428175
 20
-105.68404028665132
 30
0.0
 11
2.1382525027115804
 21
-105.73068204873277
 31
0.0
  0
LINE
  5
43E
330
17
100
AcDbEntity
  8
可见轮廓
100
AcDbLine
 10
2.1041453076657284
 20
-105.63697330050336
 30
0.0
 11
2.120614758428175
 21
-105.68404028665132
 31
0.0
  0
LINE
  5
43F
330
17
100
AcDbEntity
  8
可见轮廓
100
AcDbLine
 10
2.088854388427709
 20
-105.58951034882179
 30
0.0
 11
2.1041453076657284
 21
-105.63697330050336
 31
0.0
  0
LINE
  5
440
330
17
100
AcDbEntity
  8
可见轮廓
100
AcDbLine
 10
2.074751506099968
 20
-105.541680936286
 30
0.0
 11
2.088854388427709
 21
-105.58951034882179
 31
0.0
  0
LINE
  5
441
330
17
100
AcDbEntity
  8
可见轮廓
100
AcDbLine
 10
2.0618454275418365
 20
-105.49351479538058
 30
0.0
 11
2.074751506099968
 21
-105.541680936286
 31
0.0
  0
LINE
  5
442
330
17
100
AcDbEntity
  8
可见轮廓
100
AcDbLine
 10
2.050144175636344
 20
-105.44504186791261
 30
0.0
 11
2.0618454275418365
 21
-105.49351479538058
 31
0.0
  0
LINE
  5
443
330
17
100
AcDbEntity
  8
可见轮廓
100
AcDbLine
 10
2.0396550243029026
 20
-105.39629228639878
 30
0.0
 11
2.050144175636344
 21
-105.44504186791261
 31
0.0
  0
LINE
  5
444
330
17
100
AcDbEntity
  8
可见轮廓
100
AcDbLine
 10
2.030384493975575
 20
-105.34729635533384
 30
0.0
 11
2.0396550243029026
 21
-105.39629228639878
 31
0.0
  0
LINE
  5
445
330
17
100
AcDbEntity
  8
可见轮廓
100
AcDbLine
 10
2.0223383475497343
 20
-105.29808453235233
 30
0.0
 11
2.030384493975575
 21
-105.34729635533384
 31
0.0
  0
LINE
  5
446
330
17
100
AcDbEntity
  8
可见轮廓
100
AcDbLine
 10
2.0155215867996503
 20
-105.24868740929494
 30
0.0
 11
2.0223383475497343
 21
-105.29808453235233
 31
0.0
  0
LINE
  5
447
330
17
100
AcDbEntity
  8
可见轮廓
100
AcDbLine
 10
2.009938449269189
 20
-105.19913569319162
 30
0.0
 11
2.0155215867996503
 21
-105.24868740929494
 31
0.0
  0
LINE
  5
448
330
17
100
AcDbEntity
  8
可见轮廓
100
AcDbLine
 10
2.005592405637632
 20
-105.14946018717283
 30
0.0
 11
2.009938449269189
 21
-105.19913569319162
 31
0.0
  0
LINE
  5
449
330
17
100
AcDbEntity
  8
可见轮廓
100
AcDbLine
 10
2.0024861575621493
 20
-105.09969177132137
 30
0.0
 11
2.005592405637632
 21
-105.14946018717283
 31
0.0
  0
LINE
  5
44A
330
17
100
AcDbEntity
  8
可见轮廓
100
AcDbLine
 10
2.0006216359983604
 20
-105.04986138347613
 30
0.0
 11
2.0024861575621493
 21
-105.09969177132137
 31
0.0
  0
LINE
  5
44B
330
17
100
AcDbEntity
  8
可见轮廓
100
AcDbLine
 10
2.0
 20
-104.99999999999999
 30
0.0
 11
2.0006216359983604
 21
-105.04986138347613
 31
0.0
  0
LINE
  5
44C
330
17
100
AcDbEntity
  8
可见轮廓
100
AcDbLine
 10
2.0
 20
-104.99999999999999
 30
0.0
 11
2.0
 21
-64.0
 31
0.0
  0
LINE
  5
44D
330
17
100
AcDbEntity
  8
可见轮廓
100
AcDbLine
 10
2.0006216359983604
 20
-63.95013861652387
 30
0.0
 11
2.0
 21
-64.0
 31
0.0
  0
LINE
  5
44E
330
17
100
AcDbEntity
  8
可见轮廓
100
AcDbLine
 10
2.0024861575621493
 20
-63.900308228678625
 30
0.0
 11
2.0006216359983604
 21
-63.95013861652387
 31
0.0
  0
LINE
  5
44F
330
17
100
AcDbEntity
  8
可见轮廓
100
AcDbLine
 10
2.005592405637632
 20
-63.850539812827165
 30
0.0
 11
2.0024861575621493
 21
-63.900308228678625
 31
0.0
  0
LINE
  5
450
330
17
100
AcDbEntity
  8
可见轮廓
100
AcDbLine
 10
2.0099384492691925
 20
-63.80086430680838
 30
0.0
 11
2.005592405637632
 21
-63.850539812827165
 31
0.0
  0
LINE
  5
451
330
17
100
AcDbEntity
  8
可见轮廓
100
AcDbLine
 10
2.0155215867996503
 20
-63.75131259070504
 30
0.0
 11
2.0099384492691925
 21
-63.80086430680838
 31
0.0
  0
LINE
  5
452
330
17
100
AcDbEntity
  8
可见轮廓
100
AcDbLine
 10
2.0223383475497343
 20
-63.701915467647666
 30
0.0
 11
2.0155215867996503
 21
-63.75131259070504
 31
0.0
  0
LINE
  5
453
330
17
100
AcDbEntity
  8
可见轮廓
100
AcDbLine
 10
2.030384493975575
 20
-63.652703644666154
 30
0.0
 11
2.0223383475497343
 21
-63.701915467647666
 31
0.0
  0
LINE
  5
454
330
17
100
AcDbEntity
  8
可见轮廓
100
AcDbLine
 10
2.039655024302906
 20
-63.60370771360122
 30
0.0
 11
2.030384493975575
 21
-63.652703644666154
 31
0.0
  0
LINE
  5
455
330
17
100
AcDbEntity
  8
可见轮廓
100
AcDbLine
 10
2.050144175636344
 20
-63.554958132087386
 30
0.0
 11
2.039655024302906
 21
-63.60370771360122
 31
0.0
  0
LINE
  5
456
330
17
100
AcDbEntity
  8
可见轮廓
100
AcDbLine
 10
2.0618454275418365
 20
-63.50648520461942
 30
0.0
 11
2.050144175636344
 21
-63.554958132087386
 31
0.0
  0
LINE
  5
457
330
17
100
AcDbEntity
  8
可见轮廓
100
AcDbLine
 10
2.074751506099968
 20
-63.458319063714
 30
0.0
 11
2.0618454275418365
 21
-63.50648520461942
 31
0.0
  0
LINE
  5
458
330
17
100
AcDbEntity
  8
可见轮廓
100
AcDbLine
 10
2.088854388427709
 20
-63.4104896511782
 30
0.0
 11
2.074751506099968
 21
-63.458319063714
 31
0.0
  0
LINE
  5
459
330
17
100
AcDbEntity
  8
可见轮廓
100
AcDbLine
 10
2.1041453076657284
 20
-63.36302669949664
 30
0.0
 11
2.088854388427709
 21
-63.4104896511782
 31
0.0
  0
LINE
  5
45A
330
17
100
AcDbEntity
  8
可见轮廓
100
AcDbLine
 10
2.120614758428175
 20
-63.315959713348676
 30
0.0
 11
2.1041453076657284
 21
-63.36302669949664
 31
0.0
  0
LINE
  5
45B
330
17
100
AcDbEntity
  8
可见轮廓
100
AcDbLine
 10
2.138252502711584
 20
-63.269317951267226
 30
0.0
 11
2.120614758428175
 21
-63.315959713348676
 31
0.0
  0
LINE
  5
45C
330
17
100
AcDbEntity
  8
可见轮廓
100
AcDbLine
 10
2.1570475762591776
 20
-63.223130407450626
 30
0.0
 11
2.138252502711584
 21
-63.269317951267226
 31
0.0
  0
LINE
  5
45D
330
17
100
AcDbEntity
  8
可见轮廓
100
AcDbLine
 10
2.1769882953766455
 20
-63.17742579373879
 30
0.0
 11
2.1570475762591776
 21
-63.223130407450626
 31
0.0
  0
LINE
  5
45E
330
17
100
AcDbEntity
  8
可见轮廓
100
AcDbLine
 10
2.1980622641951513
 20
-63.13223252176489
 30
0.0
 11
2.1769882953766455
 21
-63.17742579373879
 31
0.0
  0
LINE
  5
45F
330
17
100
AcDbEntity
  8
可见轮廓
100
AcDbLine
 10
2.2202563823770554
 20
-63.087578685293686
 30
0.0
 11
2.1980622641951513
 21
-63.13223252176489
 31
0.0
  0
LINE
  5
460
330
17
100
AcDbEntity
  8
可见轮廓
100
AcDbLine
 10
2.243556853259534
 20
-63.04349204275738
 30
0.0
 11
2.2202563823770554
 21
-63.087578685293686
 31
0.0
  0
LINE
  5
461
330
17
100
AcDbEntity
  8
可见轮廓
100
AcDbLine
 10
2.2679491924311144
 20
-63.000000000000014
 30
0.0
 11
2.243556853259534
 21
-63.04349204275738
 31
0.0
  0
LINE
  5
462
330
17
100
AcDbEntity
  8
可见轮廓
100
AcDbLine
 10
2.293418236735679
 20
-62.957129593241014
 30
0.0
 11
2.2679491924311144
 21
-63.000000000000014
 31
0.0
  0
LINE
  5
463
330
17
100
AcDbEntity
  8
可见轮廓
100
AcDbLine
 10
2.319948153698448
 20
-62.91490747226849
 30
0.0
 11
2.293418236735679
 21
-62.957129593241014
 31
0.0
  0
LINE
  5
464
330
17
100
AcDbEntity
  8
可见轮廓
100
AcDbLine
 10
2.3475224513680004
 20
-62.873359883872766
 30
0.0
 11
2.319948153698448
 21
-62.91490747226849
 31
0.0
  0
LINE
  5
465
330
17
100
AcDbEntity
  8
可见轮廓
100
AcDbLine
 10
2.3761239885682777
 20
-62.83251265553043
 30
0.0
 11
2.3475224513680004
 21
-62.873359883872766
 31
0.0
  0
LINE
  5
466
330
17
100
AcDbEntity
  8
可见轮廓
100
AcDbLine
 10
2.4057349855541474
 20
-62.79239117934905
 30
0.0
 11
2.3761239885682777
 21
-62.83251265553043
 31
0.0
  0
LINE
  5
467
330
17
100
AcDbEntity
  8
可见轮廓
100
AcDbLine
 10
2.436337035063932
 20
-62.75302039628254
 30
0.0
 11
2.4057349855541474
 21
-62.79239117934905
 31
0.0
  0
LINE
  5
468
330
17
100
AcDbEntity
  8
可见轮廓
100
AcDbLine
 10
2.4679111137620353
 20
-62.71442478062693
 30
0.0
 11
2.436337035063932
 21
-62.75302039628254
 31
0.0
  0
LINE
  5
469
330
17
100
AcDbEntity
  8
可见轮廓
100
AcDbLine
 10
2.500437594064522
 20
-62.67662832480629
 30
0.0
 11
2.4679111137620353
 21
-62.71442478062693
 31
0.0
  0
LINE
  5
46A
330
17
100
AcDbEntity
  8
可见轮廓
100
AcDbLine
 10
2.5338962563403378
 20
-62.639654524458166
 30
0.0
 11
2.500437594064522
 21
-62.67662832480629
 31
0.0
  0
LINE
  5
46B
330
17
100
AcDbEntity
  8
可见轮廓
100
AcDbLine
 10
2.5682663014805556
 20
-62.60352636382786
 30
0.0
 11
2.5338962563403378
 21
-62.639654524458166
 31
0.0
  0
LINE
  5
46C
330
17
100
AcDbEntity
  8
可见轮廓
100
AcDbLine
 10
2.6035263638278465
 20
-62.56826630148057
 30
0.0
 11
2.5682663014805556
 21
-62.60352636382786
 31
0.0
  0
LINE
  5
46D
330
17
100
AcDbEntity
  8
可见轮廓
100
AcDbLine
 10
2.6396545244581517
 20
-62.533896256340356
 30
0.0
 11
2.6035263638278465
 21
-62.56826630148057
 31
0.0
  0
LINE
  5
46E
330
17
100
AcDbEntity
  8
可见轮廓
100
AcDbLine
 10
2.6766283248062734
 20
-62.500437594064536
 30
0.0
 11
2.6396545244581517
 21
-62.533896256340356
 31
0.0
  0
LINE
  5
46F
330
17
100
AcDbEntity
  8
可见轮廓
100
AcDbLine
 10
2.7144247806269135
 20
-62.46791111376205
 30
0.0
 11
2.6766283248062734
 21
-62.500437594064536
 31
0.0
  0
LINE
  5
470
330
17
100
AcDbEntity
  8
可见轮廓
100
AcDbLine
 10
2.7530203962825226
 20
-62.43633703506394
 30
0.0
 11
2.7144247806269135
 21
-62.46791111376205
 31
0.0
  0
LINE
  5
471
330
17
100
AcDbEntity
  8
可见轮廓
100
AcDbLine
 10
2.7923911793490355
 20
-62.40573498555416
 30
0.0
 11
2.7530203962825226
 21
-62.43633703506394
 31
0.0
  0
LINE
  5
472
330
17
100
AcDbEntity
  8
可见轮廓
100
AcDbLine
 10
2.8325126555304116
 20
-62.376123988568295
 30
0.0
 11
2.7923911793490355
 21
-62.40573498555416
 31
0.0
  0
LINE
  5
473
330
17
100
AcDbEntity
  8
可见轮廓
100
AcDbLine
 10
2.873359883872748
 20
-62.347522451368015
 30
0.0
 11
2.8325126555304116
 21
-62.376123988568295
 31
0.0
  0
LINE
  5
474
330
17
100
AcDbEntity
  8
可见轮廓
100
AcDbLine
 10
2.9149074722684745
 20
-62.31994815369846
 30
0.0
 11
2.873359883872748
 21
-62.347522451368015
 31
0.0
  0
LINE
  5
475
330
17
100
AcDbEntity
  8
可见轮廓
100
AcDbLine
 10
2.957129593240996
 20
-62.29341823673569
 30
0.0
 11
2.9149074722684745
 21
-62.31994815369846
 31
0.0
  0
LINE
  5
476
330
17
100
AcDbEntity
  8
可见轮廓
100
AcDbLine
 10
2.999999999999993
 20
-62.267949192431125
 30
0.0
 11
2.957129593240996
 21
-62.29341823673569
 31
0.0
  0
LINE
  5
477
330
17
100
AcDbEntity
  8
可见轮廓
100
AcDbLine
 10
3.0434920427573573
 20
-62.24355685325955
 30
0.0
 11
2.999999999999993
 21
-62.267949192431125
 31
0.0
  0
LINE
  5
478
330
17
100
AcDbEntity
  8
可见轮廓
100
AcDbLine
 10
3.0875786852936677
 20
-62.220256382377066
 30
0.0
 11
3.0434920427573573
 21
-62.24355685325955
 31
0.0
  0
LINE
  5
479
330
17
100
AcDbEntity
  8
可见轮廓
100
AcDbLine
 10
3.1322325217648768
 20
-62.198062264195165
 30
0.0
 11
3.0875786852936677
 21
-62.220256382377066
 31
0.0
  0
LINE
  5
47A
330
17
100
AcDbEntity
  8
可见轮廓
100
AcDbLine
 10
3.17742579373877
 20
-62.17698829537666
 30
0.0
 11
3.1322325217648768
 21
-62.198062264195165
 31
0.0
  0
LINE
  5
47B
330
17
100
AcDbEntity
  8
可见轮廓
100
AcDbLine
 10
3.223130407450604
 20
-62.15704757625919
 30
0.0
 11
3.17742579373877
 21
-62.17698829537666
 31
0.0
  0
LINE
  5
47C
330
17
100
AcDbEntity
  8
可见轮廓
100
AcDbLine
 10
3.2693179512672046
 20
-62.138252502711595
 30
0.0
 11
3.223130407450604
 21
-62.15704757625919
 31
0.0
  0
LINE
  5
47D
330
17
100
AcDbEntity
  8
可见轮廓
100
AcDbLine
 10
3.315959713348658
 20
-62.12061475842819
 30
0.0
 11
3.2693179512672046
 21
-62.138252502711595
 31
0.0
  0
LINE
  5
47E
330
17
100
AcDbEntity
  8
可见轮廓
100
AcDbLine
 10
3.3630266994966256
 20
-62.10414530766574
 30
0.0
 11
3.315959713348658
 21
-62.12061475842819
 31
0.0
  0
LINE
  5
47F
330
17
100
AcDbEntity
  8
可见轮廓
100
AcDbLine
 10
3.4104896511781853
 20
-62.08885438842772
 30
0.0
 11
3.3630266994966256
 21
-62.10414530766574
 31
0.0
  0
LINE
  5
480
330
17
100
AcDbEntity
  8
可见轮廓
100
AcDbLine
 10
3.458319063713983
 20
-62.07475150609998
 30
0.0
 11
3.4104896511781853
 21
-62.08885438842772
 31
0.0
  0
LINE
  5
481
330
17
100
AcDbEntity
  8
可见轮廓
100
AcDbLine
 10
3.5064852046194055
 20
-62.06184542754185
 30
0.0
 11
3.458319063713983
 21
-62.07475150609998
 31
0.0
  0
LINE
  5
482
330
17
100
AcDbEntity
  8
可见轮廓
100
AcDbLine
 10
3.554958132087364
 20
-62.050144175636355
 30
0.0
 11
3.5064852046194055
 21
-62.06184542754185
 31
0.0
  0
LINE
  5
483
330
17
100
AcDbEntity
  8
可见轮廓
100
AcDbLine
 10
3.6037077136011995
 20
-62.03965502430292
 30
0.0
 11
3.554958132087364
 21
-62.050144175636355
 31
0.0
  0
LINE
  5
484
330
17
100
AcDbEntity
  8
可见轮廓
100
AcDbLine
 10
3.6527036446661327
 20
-62.03038449397559
 30
0.0
 11
3.6037077136011995
 21
-62.03965502430292
 31
0.0
  0
LINE
  5
485
330
17
100
AcDbEntity
  8
可见轮廓
100
AcDbLine
 10
3.7019154676476447
 20
-62.02233834754975
 30
0.0
 11
3.6527036446661327
 21
-62.03038449397559
 31
0.0
  0
LINE
  5
486
330
17
100
AcDbEntity
  8
可见轮廓
100
AcDbLine
 10
3.7513125907050267
 20
-62.01552158679966
 30
0.0
 11
3.7019154676476447
 21
-62.02233834754975
 31
0.0
  0
LINE
  5
487
330
17
100
AcDbEntity
  8
可见轮廓
100
AcDbLine
 10
3.8008643068083607
 20
-62.0099384492692
 30
0.0
 11
3.7513125907050267
 21
-62.01552158679966
 31
0.0
  0
LINE
  5
488
330
17
100
AcDbEntity
  8
可见轮廓
100
AcDbLine
 10
3.8505398128271473
 20
-62.00559240563764
 30
0.0
 11
3.8008643068083607
 21
-62.0099384492692
 31
0.0
  0
LINE
  5
489
330
17
100
AcDbEntity
  8
可见轮廓
100
AcDbLine
 10
3.9003082286786004
 20
-62.00248615756216
 30
0.0
 11
3.8505398128271473
 21
-62.00559240563764
 31
0.0
  0
LINE
  5
48A
330
17
100
AcDbEntity
  8
可见轮廓
100
AcDbLine
 10
3.9501386165238515
 20
-62.00062163599837
 30
0.0
 11
3.9003082286786004
 21
-62.00248615756216
 31
0.0
  0
LINE
  5
48B
330
17
100
AcDbEntity
  8
可见轮廓
100
AcDbLine
 10
3.9999999999999964
 20
-62.0
 30
0.0
 11
3.9501386165238515
 21
-62.00062163599837
 31
0.0
  0
LINE
  5
48C
330
17
100
AcDbEntity
  8
可见轮廓
100
AcDbLine
 10
3.9999999999999964
 20
-62.0
 30
0.0
 11
40.000000000000014
 21
-62.0
 31
0.0
  0
LINE
  5
48D
330
17
100
AcDbEntity
  8
可见轮廓
100
AcDbLine
 10
40.04986138347614
 20
-62.00062163599837
 30
0.0
 11
40.00000000000001
 21
-62.0
 31
0.0
  0
LINE
  5
48E
330
17
100
AcDbEntity
  8
可见轮廓
100
AcDbLine
 10
40.09969177132139
 20
-62.00248615756216
 30
0.0
 11
40.04986138347614
 21
-62.00062163599837
 31
0.0
  0
LINE
  5
48F
330
17
100
AcDbEntity
  8
可见轮廓
100
AcDbLine
 10
40.14946018717284
 20
-62.00559240563764
 30
0.0
 11
40.09969177132139
 21
-62.00248615756216
 31
0.0
  0
LINE
  5
490
330
17
100
AcDbEntity
  8
可见轮廓
100
AcDbLine
 10
40.19913569319162
 20
-62.0099384492692
 30
0.0
 11
40.14946018717284
 21
-62.00559240563764
 31
0.0
  0
LINE
  5
491
330
17
100
AcDbEntity
  8
可见轮廓
100
AcDbLine
 10
40.24868740929496
 20
-62.01552158679966
 30
0.0
 11
40.19913569319162
 21
-62.0099384492692
 31
0.0
  0
LINE
  5
492
330
17
100
AcDbEntity
  8
可见轮廓
100
AcDbLine
 10
40.29808453235234
 20
-62.02233834754974
 30
0.0
 11
40.24868740929496
 21
-62.01552158679966
 31
0.0
  0
LINE
  5
493
330
17
100
AcDbEntity
  8
可见轮廓
100
AcDbLine
 10
40.34729635533385
 20
-62.03038449397558
 30
0.0
 11
40.29808453235234
 21
-62.02233834754974
 31
0.0
  0
LINE
  5
494
330
17
100
AcDbEntity
  8
可见轮廓
100
AcDbLine
 10
40.39629228639879
 20
-62.03965502430292
 30
0.0
 11
40.34729635533385
 21
-62.03038449397558
 31
0.0
  0
LINE
  5
495
330
17
100
AcDbEntity
  8
可见轮廓
100
AcDbLine
 10
40.44504186791262
 20
-62.05014417563635
 30
0.0
 11
40.39629228639879
 21
-62.03965502430292
 31
0.0
  0
LINE
  5
496
330
17
100
AcDbEntity
  8
可见轮廓
100
AcDbLine
 10
40.49351479538058
 20
-62.06184542754184
 30
0.0
 11
40.44504186791262
 21
-62.05014417563635
 31
0.0
  0
LINE
  5
497
330
17
100
AcDbEntity
  8
可见轮廓
100
AcDbLine
 10
40.541680936286
 20
-62.07475150609997
 30
0.0
 11
40.49351479538058
 21
-62.06184542754184
 31
0.0
  0
LINE
  5
498
330
17
100
AcDbEntity
  8
可见轮廓
100
AcDbLine
 10
40.589510348821804
 20
-62.08885438842772
 30
0.0
 11
40.541680936286
 21
-62.07475150609997
 31
0.0
  0
LINE
  5
499
330
17
100
AcDbEntity
  8
可见轮廓
100
AcDbLine
 10
40.636973300503364
 20
-62.10414530766573
 30
0.0
 11
40.589510348821804
 21
-62.08885438842772
 31
0.0
  0
LINE
  5
49A
330
17
100
AcDbEntity
  8
可见轮廓
100
AcDbLine
 10
40.68404028665133
 20
-62.12061475842818
 30
0.0
 11
40.636973300503364
 21
-62.10414530766573
 31
0.0
  0
LINE
  5
49B
330
17
100
AcDbEntity
  8
可见轮廓
100
AcDbLine
 10
40.73068204873279
 20
-62.138252502711595
 30
0.0
 11
40.68404028665133
 21
-62.12061475842818
 31
0.0
  0
LINE
  5
49C
330
17
100
AcDbEntity
  8
可见轮廓
100
AcDbLine
 10
40.77686959254939
 20
-62.15704757625919
 30
0.0
 11
40.73068204873279
 21
-62.138252502711595
 31
0.0
  0
LINE
  5
49D
330
17
100
AcDbEntity
  8
可见轮廓
100
AcDbLine
 10
40.82257420626122
 20
-62.17698829537665
 30
0.0
 11
40.77686959254939
 21
-62.15704757625919
 31
0.0
  0
LINE
  5
49E
330
17
100
AcDbEntity
  8
可见轮廓
100
AcDbLine
 10
40.86776747823511
 20
-62.19806226419516
 30
0.0
 11
40.82257420626122
 21
-62.17698829537665
 31
0.0
  0
LINE
  5
49F
330
17
100
AcDbEntity
  8
可见轮廓
100
AcDbLine
 10
40.91242131470632
 20
-62.22025638237706
 30
0.0
 11
40.86776747823511
 21
-62.19806226419516
 31
0.0
  0
LINE
  5
4A0
330
17
100
AcDbEntity
  8
可见轮廓
100
AcDbLine
 10
40.956507957242636
 20
-62.24355685325954
 30
0.0
 11
40.91242131470632
 21
-62.22025638237706
 31
0.0
  0
LINE
  5
4A1
330
17
100
AcDbEntity
  8
可见轮廓
100
AcDbLine
 10
41.0
 20
-62.26794919243112
 30
0.0
 11
40.956507957242636
 21
-62.24355685325954
 31
0.0
  0
LINE
  5
4A2
330
17
100
AcDbEntity
  8
可见轮廓
100
AcDbLine
 10
41.04287040675899
 20
-62.29341823673569
 30
0.0
 11
41.0
 21
-62.26794919243112
 31
0.0
  0
LINE
  5
4A3
330
17
100
AcDbEntity
  8
可见轮廓
100
AcDbLine
 10
41.08509252773152
 20
-62.319948153698455
 30
0.0
 11
41.04287040675899
 21
-62.29341823673569
 31
0.0
  0
LINE
  5
4A4
330
17
100
AcDbEntity
  8
可见轮廓
100
AcDbLine
 10
41.12664011612724
 20
-62.34752245136801
 30
0.0
 11
41.08509252773152
 21
-62.319948153698455
 31
0.0
  0
LINE
  5
4A5
330
17
100
AcDbEntity
  8
可见轮廓
100
AcDbLine
 10
41.16748734446958
 20
-62.37612398856828
 30
0.0
 11
41.12664011612724
 21
-62.34752245136801
 31
0.0
  0
LINE
  5
4A6
330
17
100
AcDbEntity
  8
可见轮廓
100
AcDbLine
 10
41.207608820650954
 20
-62.405734985554155
 30
0.0
 11
41.16748734446958
 21
-62.37612398856828
 31
0.0
  0
LINE
  5
4A7
330
17
100
AcDbEntity
  8
可见轮廓
100
AcDbLine
 10
41.24697960371746
 20
-62.43633703506394
 30
0.0
 11
41.207608820650954
 21
-62.405734985554155
 31
0.0
  0
LINE
  5
4A8
330
17
100
AcDbEntity
  8
可见轮廓
100
AcDbLine
 10
41.28557521937308
 20
-62.46791111376204
 30
0.0
 11
41.24697960371746
 21
-62.43633703506394
 31
0.0
  0
LINE
  5
4A9
330
17
100
AcDbEntity
  8
可见轮廓
100
AcDbLine
 10
41.32337167519372
 20
-62.50043759406453
 30
0.0
 11
41.28557521937308
 21
-62.46791111376204
 31
0.0
  0
LINE
  5
4AA
330
17
100
AcDbEntity
  8
可见轮廓
100
AcDbLine
 10
41.360345475541834
 20
-62.53389625634034
 30
0.0
 11
41.32337167519372
 21
-62.50043759406453
 31
0.0
  0
LINE
  5
4AB
330
17
100
AcDbEntity
  8
可见轮廓
100
AcDbLine
 10
41.396473636172146
 20
-62.56826630148056
 30
0.0
 11
41.360345475541834
 21
-62.53389625634034
 31
0.0
  0
LINE
  5
4AC
330
17
100
AcDbEntity
  8
可见轮廓
100
AcDbLine
 10
41.43173369851944
 20
-62.603526363827854
 30
0.0
 11
41.396473636172146
 21
-62.56826630148056
 31
0.0
  0
LINE
  5
4AD
330
17
100
AcDbEntity
  8
可见轮廓
100
AcDbLine
 10
41.46610374365966
 20
-62.63965452445816
 30
0.0
 11
41.43173369851944
 21
-62.603526363827854
 31
0.0
  0
LINE
  5
4AE
330
17
100
AcDbEntity
  8
可见轮廓
100
AcDbLine
 10
41.49956240593547
 20
-62.67662832480628
 30
0.0
 11
41.46610374365966
 21
-62.63965452445816
 31
0.0
  0
LINE
  5
4AF
330
17
100
AcDbEntity
  8
可见轮廓
100
AcDbLine
 10
41.53208888623796
 20
-62.71442478062692
 30
0.0
 11
41.49956240593547
 21
-62.67662832480628
 31
0.0
  0
LINE
  5
4B0
330
17
100
AcDbEntity
  8
可见轮廓
100
AcDbLine
 10
41.56366296493606
 20
-62.75302039628253
 30
0.0
 11
41.53208888623796
 21
-62.71442478062692
 31
0.0
  0
LINE
  5
4B1
330
17
100
AcDbEntity
  8
可见轮廓
100
AcDbLine
 10
41.594265014445845
 20
-62.79239117934904
 30
0.0
 11
41.56366296493606
 21
-62.75302039628253
 31
0.0
  0
LINE
  5
4B2
330
17
100
AcDbEntity
  8
可见轮廓
100
AcDbLine
 10
41.62387601143172
 20
-62.83251265553042
 30
0.0
 11
41.594265014445845
 21
-62.79239117934904
 31
0.0
  0
LINE
  5
4B3
330
17
100
AcDbEntity
  8
可见轮廓
100
AcDbLine
 10
41.65247754863199
 20
-62.87335988387275
 30
0.0
 11
41.62387601143172
 21
-62.83251265553042
 31
0.0
  0
LINE
  5
4B4
330
17
100
AcDbEntity
  8
可见轮廓
100
AcDbLine
 10
41.680051846301545
 20
-62.91490747226848
 30
0.0
 11
41.65247754863199
 21
-62.87335988387275
 31
0.0
  0
LINE
  5
4B5
330
17
100
AcDbEntity
  8
可见轮廓
100
AcDbLine
 10
41.70658176326431
 20
-62.95712959324101
 30
0.0
 11
41.680051846301545
 21
-62.91490747226848
 31
0.0
  0
LINE
  5
4B6
330
17
100
AcDbEntity
  8
可见轮廓
100
AcDbLine
 10
41.73205080756888
 20
-63.0
 30
0.0
 11
41.70658176326431
 21
-62.95712959324101
 31
0.0
  0
LINE
  5
4B7
330
17
100
AcDbEntity
  8
可见轮廓
100
AcDbLine
 10
41.75644314674046
 20
-63.043492042757364
 30
0.0
 11
41.73205080756888
 21
-63.0
 31
0.0
  0
LINE
  5
4B8
330
17
100
AcDbEntity
  8
可见轮廓
100
AcDbLine
 10
41.77974361762294
 20
-63.08757868529368
 30
0.0
 11
41.75644314674046
 21
-63.043492042757364
 31
0.0
  0
LINE
  5
4B9
330
17
100
AcDbEntity
  8
可见轮廓
100
AcDbLine
 10
41.80193773580484
 20
-63.132232521764884
 30
0.0
 11
41.77974361762294
 21
-63.08757868529368
 31
0.0
  0
LINE
  5
4BA
330
17
100
AcDbEntity
  8
可见轮廓
100
AcDbLine
 10
41.823011704623354
 20
-63.17742579373878
 30
0.0
 11
41.80193773580484
 21
-63.132232521764884
 31
0.0
  0
LINE
  5
4BB
330
17
100
AcDbEntity
  8
可见轮廓
100
AcDbLine
 10
41.84295242374082
 20
-63.22313040745061
 30
0.0
 11
41.823011704623354
 21
-63.17742579373878
 31
0.0
  0
LINE
  5
4BC
330
17
100
AcDbEntity
  8
可见轮廓
100
AcDbLine
 10
41.86174749728841
 20
-63.26931795126721
 30
0.0
 11
41.84295242374082
 21
-63.22313040745061
 31
0.0
  0
LINE
  5
4BD
330
17
100
AcDbEntity
  8
可见轮廓
100
AcDbLine
 10
41.879385241571825
 20
-63.31595971334866
 30
0.0
 11
41.86174749728841
 21
-63.26931795126721
 31
0.0
  0
LINE
  5
4BE
330
17
100
AcDbEntity
  8
可见轮廓
100
AcDbLine
 10
41.89585469233427
 20
-63.36302669949663
 30
0.0
 11
41.879385241571825
 21
-63.31595971334866
 31
0.0
  0
LINE
  5
4BF
330
17
100
AcDbEntity
  8
可见轮廓
100
AcDbLine
 10
41.91114561157229
 20
-63.410489651178196
 30
0.0
 11
41.89585469233427
 21
-63.36302669949663
 31
0.0
  0
LINE
  5
4C0
330
17
100
AcDbEntity
  8
可见轮廓
100
AcDbLine
 10
41.92524849390003
 20
-63.45831906371399
 30
0.0
 11
41.91114561157229
 21
-63.410489651178196
 31
0.0
  0
LINE
  5
4C1
330
17
100
AcDbEntity
  8
可见轮廓
100
AcDbLine
 10
41.93815457245816
 20
-63.50648520461941
 30
0.0
 11
41.92524849390003
 21
-63.45831906371399
 31
0.0
  0
LINE
  5
4C2
330
17
100
AcDbEntity
  8
可见轮廓
100
AcDbLine
 10
41.94985582436365
 20
-63.55495813208737
 30
0.0
 11
41.93815457245816
 21
-63.50648520461941
 31
0.0
  0
LINE
  5
4C3
330
17
100
AcDbEntity
  8
可见轮廓
100
AcDbLine
 10
41.9603449756971
 20
-63.60370771360121
 30
0.0
 11
41.94985582436365
 21
-63.55495813208737
 31
0.0
  0
LINE
  5
4C4
330
17
100
AcDbEntity
  8
可见轮廓
100
AcDbLine
 10
41.969615506024425
 20
-63.65270364466614
 30
0.0
 11
41.9603449756971
 21
-63.60370771360121
 31
0.0
  0
LINE
  5
4C5
330
17
100
AcDbEntity
  8
可见轮廓
100
AcDbLine
 10
41.977661652450266
 20
-63.70191546764765
 30
0.0
 11
41.969615506024425
 21
-63.65270364466614
 31
0.0
  0
LINE
  5
4C6
330
17
100
AcDbEntity
  8
可见轮廓
100
AcDbLine
 10
41.98447841320035
 20
-63.751312590705034
 30
0.0
 11
41.977661652450266
 21
-63.70191546764765
 31
0.0
  0
LINE
  5
4C7
330
17
100
AcDbEntity
  8
可见轮廓
100
AcDbLine
 10
41.99006155073081
 20
-63.800864306808364
 30
0.0
 11
41.98447841320035
 21
-63.751312590705034
 31
0.0
  0
LINE
  5
4C8
330
17
100
AcDbEntity
  8
可见轮廓
100
AcDbLine
 10
41.994407594362364
 20
-63.85053981282715
 30
0.0
 11
41.99006155073081
 21
-63.800864306808364
 31
0.0
  0
LINE
  5
4C9
330
17
100
AcDbEntity
  8
可见轮廓
100
AcDbLine
 10
41.997513842437854
 20
-63.90030822867861
 30
0.0
 11
41.994407594362364
 21
-63.85053981282715
 31
0.0
  0
LINE
  5
4CA
330
17
100
AcDbEntity
  8
可见轮廓
100
AcDbLine
 10
41.999378364001636
 20
-63.95013861652386
 30
0.0
 11
41.997513842437854
 21
-63.90030822867861
 31
0.0
  0
LINE
  5
4CB
330
17
100
AcDbEntity
  8
可见轮廓
100
AcDbLine
 10
42.0
 20
-64.0
 30
0.0
 11
41.999378364001636
 21
-63.95013861652386
 31
0.0
  0
LINE
  5
4CC
330
17
100
AcDbEntity
  8
可见轮廓
100
AcDbLine
 10
42.0
 20
-64.0
 30
0.0
 11
42.0
 21
-104.99999999999999
 31
0.0
  0
LINE
  5
4CD
330
17
100
AcDbEntity
  8
可见轮廓
100
AcDbLine
 10
4.958864358632198
 20
-102.35051284969865
 30
0.0
 11
5.0000000000000036
 21
-102.35
 31
0.0
  0
LINE
  5
4CE
330
17
100
AcDbEntity
  8
可见轮廓
100
AcDbLine
 10
4.917754288659864
 20
-102.35205107998878
 30
0.0
 11
4.958864358632198
 21
-102.35051284969865
 31
0.0
  0
LINE
  5
4CF
330
17
100
AcDbEntity
  8
可见轮廓
100
AcDbLine
 10
4.876695345582416
 20
-102.35461373465105
 30
0.0
 11
4.917754288659864
 21
-102.35205107998878
 31
0.0
  0
LINE
  5
4D0
330
17
100
AcDbEntity
  8
可见轮廓
100
AcDbLine
 10
4.835713053116919
 20
-102.3581992206471
 30
0.0
 11
4.876695345582416
 21
-102.35461373465105
 31
0.0
  0
LINE
  5
4D1
330
17
100
AcDbEntity
  8
可见轮廓
100
AcDbLine
 10
4.7948328873316655
 20
-102.36280530910972
 30
0.0
 11
4.835713053116919
 21
-102.3581992206471
 31
0.0
  0
LINE
  5
4D2
330
17
100
AcDbEntity
  8
可见轮廓
100
AcDbLine
 10
4.754080260809328
 20
-102.36842913672854
 30
0.0
 11
4.7948328873316655
 21
-102.36280530910972
 31
0.0
  0
LINE
  5
4D3
330
17
100
AcDbEntity
  8
可见轮廓
100
AcDbLine
 10
4.7134805068495815
 20
-102.37506720752985
 30
0.0
 11
4.754080260809328
 21
-102.36842913672854
 31
0.0
  0
LINE
  5
4D4
330
17
100
AcDbEntity
  8
可见轮廓
100
AcDbLine
 10
4.67305886372101
 20
-102.3827153950499
 30
0.0
 11
4.7134805068495815
 21
-102.37506720752985
 31
0.0
  0
LINE
  5
4D5
330
17
100
AcDbEntity
  8
可见轮廓
100
AcDbLine
 10
4.6328404589720975
 20
-102.3913689449
 30
0.0
 11
4.67305886372101
 21
-102.3827153950499
 31
0.0
  0
LINE
  5
4D6
330
17
100
AcDbEntity
  8
可见轮廓
100
AcDbLine
 10
4.592850293811029
 20
-102.40102247772202
 30
0.0
 11
4.6328404589720975
 21
-102.3913689449
 31
0.0
  0
LINE
  5
4D7
330
17
100
AcDbEntity
  8
可见轮廓
100
AcDbLine
 10
4.553113227564058
 20
-102.41166999253248
 30
0.0
 11
4.592850293811029
 21
-102.40102247772202
 31
0.0
  0
LINE
  5
4D8
330
17
100
AcDbEntity
  8
可见轮廓
100
AcDbLine
 10
4.513653962222023
 20
-102.42330487045287
 30
0.0
 11
4.553113227564058
 21
-102.41166999253248
 31
0.0
  0
LINE
  5
4D9
330
17
100
AcDbEntity
  8
可见轮廓
100
AcDbLine
 10
4.474497027084734
 20
-102.43591987882422
 30
0.0
 11
4.513653962222023
 21
-102.42330487045287
 31
0.0
  0
LINE
  5
4DA
330
17
100
AcDbEntity
  8
可见轮廓
100
AcDbLine
 10
4.4356667635126605
 20
-102.44950717570325
 30
0.0
 11
4.474497027084734
 21
-102.43591987882422
 31
0.0
  0
LINE
  5
4DB
330
17
100
AcDbEntity
  8
可见轮廓
100
AcDbLine
 10
4.397187309795463
 20
-102.46405831473706
 30
0.0
 11
4.4356667635126605
 21
-102.44950717570325
 31
0.0
  0
LINE
  5
4DC
330
17
100
AcDbEntity
  8
可见轮廓
100
AcDbLine
 10
4.359082586146766
 20
-102.47956425041383
 30
0.0
 11
4.397187309795463
 21
-102.46405831473706
 31
0.0
  0
LINE
  5
4DD
330
17
100
AcDbEntity
  8
可见轮廓
100
AcDbLine
 10
4.321376279834503
 20
-102.49601534368574
 30
0.0
 11
4.359082586146766
 21
-102.47956425041383
 31
0.0
  0
LINE
  5
4DE
330
17
100
AcDbEntity
  8
可见轮廓
100
AcDbLine
 10
4.284091830456042
 20
-102.51340136796101
 30
0.0
 11
4.321376279834503
 21
-102.49601534368574
 31
0.0
  0
LINE
  5
4DF
330
17
100
AcDbEntity
  8
可见轮廓
100
AcDbLine
 10
4.247252415367296
 20
-102.53171151546107
 30
0.0
 11
4.284091830456042
 21
-102.51340136796101
 31
0.0
  0
LINE
  5
4E0
330
17
100
AcDbEntity
  8
可见轮廓
100
AcDbLine
 10
4.210880935274837
 20
-102.55093440393912
 30
0.0
 11
4.247252415367296
 21
-102.53171151546107
 31
0.0
  0
LINE
  5
4E1
330
17
100
AcDbEntity
  8
可见轮廓
100
AcDbLine
 10
4.175000000000011
 20
-102.57105808375567
 30
0.0
 11
4.210880935274837
 21
-102.55093440393912
 31
0.0
  0
LINE
  5
4E2
330
17
100
AcDbEntity
  8
可见轮廓
100
AcDbLine
 10
4.139631914423841
 20
-102.59207004530694
 30
0.0
 11
4.175000000000011
 21
-102.57105808375567
 31
0.0
  0
LINE
  5
4E3
330
17
100
AcDbEntity
  8
可见轮廓
100
AcDbLine
 10
4.104798664621509
 20
-102.61395722680122
 30
0.0
 11
4.139631914423841
 21
-102.59207004530694
 31
0.0
  0
LINE
  5
4E4
330
17
100
AcDbEntity
  8
可见轮廓
100
AcDbLine
 10
4.0705219041950365
 20
-102.6367060223786
 30
0.0
 11
4.104798664621509
 21
-102.61395722680122
 31
0.0
  0
LINE
  5
4E5
330
17
100
AcDbEntity
  8
可见轮廓
100
AcDbLine
 10
4.036822940812609
 20
-102.66030229056884
 30
0.0
 11
4.0705219041950365
 21
-102.6367060223786
 31
0.0
  0
LINE
  5
4E6
330
17
100
AcDbEntity
  8
可见轮廓
100
AcDbLine
 10
4.003722722962973
 20
-102.68473136308218
 30
0.0
 11
4.036822940812609
 21
-102.66030229056884
 31
0.0
  0
LINE
  5
4E7
330
17
100
AcDbEntity
  8
可见轮廓
100
AcDbLine
 10
3.9712418269331025
 20
-102.70997805392774
 30
0.0
 11
4.003722722962973
 21
-102.68473136308218
 31
0.0
  0
LINE
  5
4E8
330
17
100
AcDbEntity
  8
可见轮廓
100
AcDbLine
 10
3.9394004440172203
 20
-102.73602666885368
 30
0.0
 11
3.9712418269331025
 21
-102.70997805392774
 31
0.0
  0
LINE
  5
4E9
330
17
100
AcDbEntity
  8
可见轮廓
100
AcDbLine
 10
3.908218367965194
 20
-102.76286101510323
 30
0.0
 11
3.9394004440172203
 21
-102.73602666885368
 31
0.0
  0
LINE
  5
4EA
330
17
100
AcDbEntity
  8
可见轮廓
100
AcDbLine
 10
3.8777149826779933
 20
-102.79046441148078
 30
0.0
 11
3.908218367965194
 21
-102.76286101510323
 31
0.0
  0
LINE
  5
4EB
330
17
100
AcDbEntity
  8
可见轮廓
100
AcDbLine
 10
3.84790925015799
 20
-102.81881969872146
 30
0.0
 11
3.8777149826779933
 21
-102.79046441148078
 31
0.0
  0
LINE
  5
4EC
330
17
100
AcDbEntity
  8
可见轮廓
100
AcDbLine
 10
3.818819698721473
 20
-102.84790925015798
 30
0.0
 11
3.84790925015799
 21
-102.81881969872146
 31
0.0
  0
LINE
  5
4ED
330
17
100
AcDbEntity
  8
可见轮廓
100
AcDbLine
 10
3.790464411480798
 20
-102.87771498267799
 30
0.0
 11
3.818819698721473
 21
-102.84790925015798
 31
0.0
  0
LINE
  5
4EE
330
17
100
AcDbEntity
  8
可见轮廓
100
AcDbLine
 10
3.7628610151032476
 20
-102.90821836796518
 30
0.0
 11
3.790464411480798
 21
-102.87771498267799
 31
0.0
  0
LINE
  5
4EF
330
17
100
AcDbEntity
  8
可见轮廓
100
AcDbLine
 10
3.7360266688536967
 20
-102.93940044401721
 30
0.0
 11
3.7628610151032476
 21
-102.90821836796518
 31
0.0
  0
LINE
  5
4F0
330
17
100
AcDbEntity
  8
可见轮廓
100
AcDbLine
 10
3.7099780539277596
 20
-102.97124182693308
 30
0.0
 11
3.7360266688536967
 21
-102.93940044401721
 31
0.0
  0
LINE
  5
4F1
330
17
100
AcDbEntity
  8
可见轮廓
100
AcDbLine
 10
3.684731363082186
 20
-103.00372272296296
 30
0.0
 11
3.7099780539277596
 21
-102.97124182693308
 31
0.0
  0
LINE
  5
4F2
330
17
100
AcDbEntity
  8
可见轮廓
100
AcDbLine
 10
3.660302290568847
 20
-103.03682294081258
 30
0.0
 11
3.684731363082186
 21
-103.00372272296296
 31
0.0
  0
LINE
  5
4F3
330
17
100
AcDbEntity
  8
可见轮廓
100
AcDbLine
 10
3.6367060223786183
 20
-103.07052190419502
 30
0.0
 11
3.660302290568847
 21
-103.03682294081258
 31
0.0
  0
LINE
  5
4F4
330
17
100
AcDbEntity
  8
可见轮廓
100
AcDbLine
 10
3.6139572268012365
 20
-103.10479866462148
 30
0.0
 11
3.6367060223786183
 21
-103.07052190419502
 31
0.0
  0
LINE
  5
4F5
330
17
100
AcDbEntity
  8
可见轮廓
100
AcDbLine
 10
3.5920700453069507
 20
-103.13963191442383
 30
0.0
 11
3.6139572268012365
 21
-103.10479866462148
 31
0.0
  0
LINE
  5
4F6
330
17
100
AcDbEntity
  8
可见轮廓
100
AcDbLine
 10
3.571058083755684
 20
-103.175
 30
0.0
 11
3.5920700453069507
 21
-103.13963191442383
 31
0.0
  0
LINE
  5
4F7
330
17
100
AcDbEntity
  8
可见轮廓
100
AcDbLine
 10
3.550934403939131
 20
-103.21088093527482
 30
0.0
 11
3.571058083755684
 21
-103.175
 31
0.0
  0
LINE
  5
4F8
330
17
100
AcDbEntity
  8
可见轮廓
100
AcDbLine
 10
3.531711515461083
 20
-103.24725241536729
 30
0.0
 11
3.550934403939131
 21
-103.21088093527482
 31
0.0
  0
LINE
  5
4F9
330
17
100
AcDbEntity
  8
可见轮廓
100
AcDbLine
 10
3.5134013679610163
 20
-103.28409183045602
 30
0.0
 11
3.531711515461083
 21
-103.24725241536729
 31
0.0
  0
LINE
  5
4FA
330
17
100
AcDbEntity
  8
可见轮廓
100
AcDbLine
 10
3.496015343685748
 20
-103.32137627983448
 30
0.0
 11
3.5134013679610163
 21
-103.28409183045602
 31
0.0
  0
LINE
  5
4FB
330
17
100
AcDbEntity
  8
可见轮廓
100
AcDbLine
 10
3.4795642504138335
 20
-103.35908258614674
 30
0.0
 11
3.496015343685748
 21
-103.32137627983448
 31
0.0
  0
LINE
  5
4FC
330
17
100
AcDbEntity
  8
可见轮廓
100
AcDbLine
 10
3.46405831473707
 20
-103.39718730979544
 30
0.0
 11
3.4795642504138335
 21
-103.35908258614674
 31
0.0
  0
LINE
  5
4FD
330
17
100
AcDbEntity
  8
可见轮廓
100
AcDbLine
 10
3.449507175703257
 20
-103.43566676351264
 30
0.0
 11
3.46405831473707
 21
-103.39718730979544
 31
0.0
  0
LINE
  5
4FE
330
17
100
AcDbEntity
  8
可见轮廓
100
AcDbLine
 10
3.43591987882424
 20
-103.47449702708471
 30
0.0
 11
3.449507175703257
 21
-103.43566676351264
 31
0.0
  0
LINE
  5
4FF
330
17
100
AcDbEntity
  8
可见轮廓
100
AcDbLine
 10
3.423304870452874
 20
-103.51365396222201
 30
0.0
 11
3.43591987882424
 21
-103.47449702708471
 31
0.0
  0
LINE
  5
500
330
17
100
AcDbEntity
  8
可见轮廓
100
AcDbLine
 10
3.411669992532488
 20
-103.55311322756404
 30
0.0
 11
3.423304870452874
 21
-103.51365396222201
 31
0.0
  0
LINE
  5
501
330
17
100
AcDbEntity
  8
可见轮廓
100
AcDbLine
 10
3.4010224777220266
 20
-103.59285029381101
 30
0.0
 11
3.411669992532488
 21
-103.55311322756404
 31
0.0
  0
LINE
  5
502
330
17
100
AcDbEntity
  8
可见轮廓
100
AcDbLine
 10
3.391368944899998
 20
-103.63284045897208
 30
0.0
 11
3.4010224777220266
 21
-103.59285029381101
 31
0.0
  0
LINE
  5
503
330
17
100
AcDbEntity
  8
可见轮廓
100
AcDbLine
 10
3.3827153950499067
 20
-103.673058863721
 30
0.0
 11
3.391368944899998
 21
-103.63284045897208
 31
0.0
  0
LINE
  5
504
330
17
100
AcDbEntity
  8
可见轮廓
100
AcDbLine
 10
3.375067207529863
 20
-103.71348050684956
 30
0.0
 11
3.3827153950499067
 21
-103.673058863721
 31
0.0
  0
LINE
  5
505
330
17
100
AcDbEntity
  8
可见轮廓
100
AcDbLine
 10
3.368429136728544
 20
-103.7540802608093
 30
0.0
 11
3.375067207529863
 21
-103.71348050684956
 31
0.0
  0
LINE
  5
506
330
17
100
AcDbEntity
  8
可见轮廓
100
AcDbLine
 10
3.3628053091097208
 20
-103.79483288733165
 30
0.0
 11
3.368429136728544
 21
-103.7540802608093
 31
0.0
  0
LINE
  5
507
330
17
100
AcDbEntity
  8
可见轮廓
100
AcDbLine
 10
3.3581992206470943
 20
-103.8357130531169
 30
0.0
 11
3.3628053091097208
 21
-103.79483288733165
 31
0.0
  0
LINE
  5
508
330
17
100
AcDbEntity
  8
可见轮廓
100
AcDbLine
 10
3.354613734651057
 20
-103.87669534558239
 30
0.0
 11
3.3581992206470943
 21
-103.8357130531169
 31
0.0
  0
LINE
  5
509
330
17
100
AcDbEntity
  8
可见轮廓
100
AcDbLine
 10
3.352051079988783
 20
-103.91775428865985
 30
0.0
 11
3.354613734651057
 21
-103.87669534558239
 31
0.0
  0
LINE
  5
50A
330
17
100
AcDbEntity
  8
可见轮廓
100
AcDbLine
 10
3.35051284969866
 20
-103.95886435863218
 30
0.0
 11
3.352051079988783
 21
-103.91775428865985
 31
0.0
  0
LINE
  5
50B
330
17
100
AcDbEntity
  8
可见轮廓
100
AcDbLine
 10
3.350000000000005
 20
-104.0
 30
0.0
 11
3.35051284969866
 21
-103.95886435863218
 31
0.0
  0
LINE
  5
50C
330
17
100
AcDbEntity
  8
可见轮廓
100
AcDbLine
 10
3.3505128496986565
 20
-104.04113564136782
 30
0.0
 11
3.350000000000005
 21
-104.0
 31
0.0
  0
LINE
  5
50D
330
17
100
AcDbEntity
  8
可见轮廓
100
AcDbLine
 10
3.352051079988783
 20
-104.08224571134015
 30
0.0
 11
3.3505128496986565
 21
-104.04113564136782
 31
0.0
  0
LINE
  5
50E
330
17
100
AcDbEntity
  8
可见轮廓
100
AcDbLine
 10
3.354613734651057
 20
-104.1233046544176
 30
0.0
 11
3.352051079988783
 21
-104.08224571134015
 31
0.0
  0
LINE
  5
50F
330
17
100
AcDbEntity
  8
可见轮廓
100
AcDbLine
 10
3.3581992206470943
 20
-104.1642869468831
 30
0.0
 11
3.354613734651057
 21
-104.1233046544176
 31
0.0
  0
LINE
  5
510
330
17
100
AcDbEntity
  8
可见轮廓
100
AcDbLine
 10
3.3628053091097208
 20
-104.20516711266835
 30
0.0
 11
3.3581992206470943
 21
-104.1642869468831
 31
0.0
  0
LINE
  5
511
330
17
100
AcDbEntity
  8
可见轮廓
100
AcDbLine
 10
3.368429136728544
 20
-104.24591973919068
 30
0.0
 11
3.3628053091097208
 21
-104.20516711266835
 31
0.0
  0
LINE
  5
512
330
17
100
AcDbEntity
  8
可见轮廓
100
AcDbLine
 10
3.3750672075298596
 20
-104.28651949315044
 30
0.0
 11
3.368429136728544
 21
-104.24591973919068
 31
0.0
  0
LINE
  5
513
330
17
100
AcDbEntity
  8
可见轮廓
100
AcDbLine
 10
3.3827153950499067
 20
-104.326941136279
 30
0.0
 11
3.3750672075298596
 21
-104.28651949315044
 31
0.0
  0
LINE
  5
514
330
17
100
AcDbEntity
  8
可见轮廓
100
AcDbLine
 10
3.3913689448999946
 20
-104.36715954102792
 30
0.0
 11
3.3827153950499067
 21
-104.326941136279
 31
0.0
  0
LINE
  5
515
330
17
100
AcDbEntity
  8
可见轮廓
100
AcDbLine
 10
3.4010224777220266
 20
-104.40714970618899
 30
0.0
 11
3.3913689448999946
 21
-104.36715954102792
 31
0.0
  0
LINE
  5
516
330
17
100
AcDbEntity
  8
可见轮廓
100
AcDbLine
 10
3.4116699925324845
 20
-104.44688677243596
 30
0.0
 11
3.4010224777220266
 21
-104.40714970618899
 31
0.0
  0
LINE
  5
517
330
17
100
AcDbEntity
  8
可见轮廓
100
AcDbLine
 10
3.423304870452874
 20
-104.48634603777799
 30
0.0
 11
3.4116699925324845
 21
-104.44688677243596
 31
0.0
  0
LINE
  5
518
330
17
100
AcDbEntity
  8
可见轮廓
100
AcDbLine
 10
3.4359198788242367
 20
-104.52550297291528
 30
0.0
 11
3.423304870452874
 21
-104.48634603777799
 31
0.0
  0
LINE
  5
519
330
17
100
AcDbEntity
  8
可见轮廓
100
AcDbLine
 10
3.449507175703257
 20
-104.56433323648736
 30
0.0
 11
3.4359198788242367
 21
-104.52550297291528
 31
0.0
  0
LINE
  5
51A
330
17
100
AcDbEntity
  8
可见轮廓
100
AcDbLine
 10
3.4640583147370663
 20
-104.60281269020456
 30
0.0
 11
3.449507175703257
 21
-104.56433323648736
 31
0.0
  0
LINE
  5
51B
330
17
100
AcDbEntity
  8
可见轮廓
100
AcDbLine
 10
3.4795642504138335
 20
-104.64091741385324
 30
0.0
 11
3.4640583147370663
 21
-104.60281269020456
 31
0.0
  0
LINE
  5
51C
330
17
100
AcDbEntity
  8
可见轮廓
100
AcDbLine
 10
3.4960153436857446
 20
-104.6786237201655
 30
0.0
 11
3.4795642504138335
 21
-104.64091741385324
 31
0.0
  0
LINE
  5
51D
330
17
100
AcDbEntity
  8
可见轮廓
100
AcDbLine
 10
3.5134013679610128
 20
-104.71590816954397
 30
0.0
 11
3.4960153436857446
 21
-104.6786237201655
 31
0.0
  0
LINE
  5
51E
330
17
100
AcDbEntity
  8
可见轮廓
100
AcDbLine
 10
3.531711515461083
 20
-104.75274758463271
 30
0.0
 11
3.5134013679610128
 21
-104.71590816954397
 31
0.0
  0
LINE
  5
51F
330
17
100
AcDbEntity
  8
可见轮廓
100
AcDbLine
 10
3.5509344039391273
 20
-104.78911906472517
 30
0.0
 11
3.531711515461083
 21
-104.75274758463271
 31
0.0
  0
LINE
  5
520
330
17
100
AcDbEntity
  8
可见轮廓
100
AcDbLine
 10
3.5710580837556805
 20
-104.825
 30
0.0
 11
3.5509344039391273
 21
-104.78911906472517
 31
0.0
  0
LINE
  5
521
330
17
100
AcDbEntity
  8
可见轮廓
100
AcDbLine
 10
3.592070045306947
 20
-104.86036808557617
 30
0.0
 11
3.5710580837556805
 21
-104.825
 31
0.0
  0
LINE
  5
522
330
17
100
AcDbEntity
  8
可见轮廓
100
AcDbLine
 10
3.613957226801233
 20
-104.8952013353785
 30
0.0
 11
3.592070045306947
 21
-104.86036808557617
 31
0.0
  0
LINE
  5
523
330
17
100
AcDbEntity
  8
可见轮廓
100
AcDbLine
 10
3.6367060223786147
 20
-104.92947809580498
 30
0.0
 11
3.613957226801233
 21
-104.8952013353785
 31
0.0
  0
LINE
  5
524
330
17
100
AcDbEntity
  8
可见轮廓
100
AcDbLine
 10
3.6603022905688434
 20
-104.9631770591874
 30
0.0
 11
3.6367060223786147
 21
-104.92947809580498
 31
0.0
  0
LINE
  5
525
330
17
100
AcDbEntity
  8
可见轮廓
100
AcDbLine
 10
3.6847313630821823
 20
-104.99627727703704
 30
0.0
 11
3.6603022905688434
 21
-104.9631770591874
 31
0.0
  0
LINE
  5
526
330
17
100
AcDbEntity
  8
可见轮廓
100
AcDbLine
 10
3.709978053927756
 20
-105.0287581730669
 30
0.0
 11
3.6847313630821823
 21
-104.99627727703704
 31
0.0
  0
LINE
  5
527
330
17
100
AcDbEntity
  8
可见轮廓
100
AcDbLine
 10
3.7360266688536896
 20
-105.06059955598279
 30
0.0
 11
3.709978053927756
 21
-105.0287581730669
 31
0.0
  0
LINE
  5
528
330
17
100
AcDbEntity
  8
可见轮廓
100
AcDbLine
 10
3.762861015103244
 20
-105.09178163203481
 30
0.0
 11
3.7360266688536896
 21
-105.06059955598279
 31
0.0
  0
LINE
  5
529
330
17
100
AcDbEntity
  8
可见轮廓
100
AcDbLine
 10
3.790464411480791
 20
-105.12228501732201
 30
0.0
 11
3.762861015103244
 21
-105.09178163203481
 31
0.0
  0
LINE
  5
52A
330
17
100
AcDbEntity
  8
可见轮廓
100
AcDbLine
 10
3.8188196987214695
 20
-105.15209074984202
 30
0.0
 11
3.790464411480791
 21
-105.12228501732201
 31
0.0
  0
LINE
  5
52B
330
17
100
AcDbEntity
  8
可见轮廓
100
AcDbLine
 10
3.8479092501579863
 20
-105.18118030127853
 30
0.0
 11
3.8188196987214695
 21
-105.15209074984202
 31
0.0
  0
LINE
  5
52C
330
17
100
AcDbEntity
  8
可见轮廓
100
AcDbLine
 10
3.877714982677986
 20
-105.20953558851922
 30
0.0
 11
3.8479092501579863
 21
-105.18118030127853
 31
0.0
  0
LINE
  5
52D
330
17
100
AcDbEntity
  8
可见轮廓
100
AcDbLine
 10
3.908218367965187
 20
-105.23713898489676
 30
0.0
 11
3.877714982677986
 21
-105.20953558851922
 31
0.0
  0
LINE
  5
52E
330
17
100
AcDbEntity
  8
可见轮廓
100
AcDbLine
 10
3.9394004440172132
 20
-105.26397333114632
 30
0.0
 11
3.908218367965187
 21
-105.23713898489676
 31
0.0
  0
LINE
  5
52F
330
17
100
AcDbEntity
  8
可见轮廓
100
AcDbLine
 10
3.9712418269330954
 20
-105.29002194607224
 30
0.0
 11
3.9394004440172132
 21
-105.26397333114632
 31
0.0
  0
LINE
  5
530
330
17
100
AcDbEntity
  8
可见轮廓
100
AcDbLine
 10
4.003722722962966
 20
-105.31526863691782
 30
0.0
 11
3.9712418269330954
 21
-105.29002194607224
 31
0.0
  0
LINE
  5
531
330
17
100
AcDbEntity
  8
可见轮廓
100
AcDbLine
 10
4.036822940812602
 20
-105.33969770943116
 30
0.0
 11
4.003722722962966
 21
-105.31526863691782
 31
0.0
  0
LINE
  5
532
330
17
100
AcDbEntity
  8
可见轮廓
100
AcDbLine
 10
4.070521904195029
 20
-105.3632939776214
 30
0.0
 11
4.036822940812602
 21
-105.33969770943116
 31
0.0
  0
LINE
  5
533
330
17
100
AcDbEntity
  8
可见轮廓
100
AcDbLine
 10
4.104798664621502
 20
-105.38604277319877
 30
0.0
 11
4.070521904195029
 21
-105.3632939776214
 31
0.0
  0
LINE
  5
534
330
17
100
AcDbEntity
  8
可见轮廓
100
AcDbLine
 10
4.139631914423834
 20
-105.40792995469306
 30
0.0
 11
4.104798664621502
 21
-105.38604277319877
 31
0.0
  0
LINE
  5
535
330
17
100
AcDbEntity
  8
可见轮廓
100
AcDbLine
 10
4.175000000000004
 20
-105.42894191624433
 30
0.0
 11
4.139631914423834
 21
-105.40792995469306
 31
0.0
  0
LINE
  5
536
330
17
100
AcDbEntity
  8
可见轮廓
100
AcDbLine
 10
4.2108809352748295
 20
-105.44906559606088
 30
0.0
 11
4.175000000000004
 21
-105.42894191624433
 31
0.0
  0
LINE
  5
537
330
17
100
AcDbEntity
  8
可见轮廓
100
AcDbLine
 10
4.247252415367285
 20
-105.46828848453892
 30
0.0
 11
4.2108809352748295
 21
-105.44906559606088
 31
0.0
  0
LINE
  5
538
330
17
100
AcDbEntity
  8
可见轮廓
100
AcDbLine
 10
4.284091830456035
 20
-105.48659863203899
 30
0.0
 11
4.247252415367285
 21
-105.46828848453892
 31
0.0
  0
LINE
  5
539
330
17
100
AcDbEntity
  8
可见轮廓
100
AcDbLine
 10
4.321376279834496
 20
-105.50398465631426
 30
0.0
 11
4.284091830456035
 21
-105.48659863203899
 31
0.0
  0
LINE
  5
53A
330
17
100
AcDbEntity
  8
可见轮廓
100
AcDbLine
 10
4.359082586146759
 20
-105.52043574958617
 30
0.0
 11
4.321376279834496
 21
-105.50398465631426
 31
0.0
  0
LINE
  5
53B
330
17
100
AcDbEntity
  8
可见轮廓
100
AcDbLine
 10
4.397187309795452
 20
-105.53594168526294
 30
0.0
 11
4.359082586146759
 21
-105.52043574958617
 31
0.0
  0
LINE
  5
53C
330
17
100
AcDbEntity
  8
可见轮廓
100
AcDbLine
 10
4.43566676351265
 20
-105.55049282429675
 30
0.0
 11
4.397187309795452
 21
-105.53594168526294
 31
0.0
  0
LINE
  5
53D
330
17
100
AcDbEntity
  8
可见轮廓
100
AcDbLine
 10
4.474497027084723
 20
-105.56408012117576
 30
0.0
 11
4.43566676351265
 21
-105.55049282429675
 31
0.0
  0
LINE
  5
53E
330
17
100
AcDbEntity
  8
可见轮廓
100
AcDbLine
 10
4.513653962222012
 20
-105.57669512954713
 30
0.0
 11
4.474497027084723
 21
-105.56408012117576
 31
0.0
  0
LINE
  5
53F
330
17
100
AcDbEntity
  8
可见轮廓
100
AcDbLine
 10
4.553113227564044
 20
-105.58833000746752
 30
0.0
 11
4.513653962222012
 21
-105.57669512954713
 31
0.0
  0
LINE
  5
540
330
17
100
AcDbEntity
  8
可见轮廓
100
AcDbLine
 10
4.5928502938110185
 20
-105.59897752227798
 30
0.0
 11
4.553113227564044
 21
-105.58833000746752
 31
0.0
  0
LINE
  5
541
330
17
100
AcDbEntity
  8
可见轮廓
100
AcDbLine
 10
4.632840458972087
 20
-105.6086310551
 30
0.0
 11
4.5928502938110185
 21
-105.59897752227798
 31
0.0
  0
LINE
  5
542
330
17
100
AcDbEntity
  8
可见轮廓
100
AcDbLine
 10
4.673058863720996
 20
-105.6172846049501
 30
0.0
 11
4.632840458972087
 21
-105.6086310551
 31
0.0
  0
LINE
  5
543
330
17
100
AcDbEntity
  8
可见轮廓
100
AcDbLine
 10
4.713480506849567
 20
-105.62493279247013
 30
0.0
 11
4.673058863720996
 21
-105.6172846049501
 31
0.0
  0
LINE
  5
544
330
17
100
AcDbEntity
  8
可见轮廓
100
AcDbLine
 10
4.754080260809317
 20
-105.63157086327146
 30
0.0
 11
4.713480506849567
 21
-105.62493279247013
 31
0.0
  0
LINE
  5
545
330
17
100
AcDbEntity
  8
可见轮廓
100
AcDbLine
 10
4.794832887331655
 20
-105.63719469089028
 30
0.0
 11
4.754080260809317
 21
-105.63157086327146
 31
0.0
  0
LINE
  5
546
330
17
100
AcDbEntity
  8
可见轮廓
100
AcDbLine
 10
4.835713053116905
 20
-105.6418007793529
 30
0.0
 11
4.794832887331655
 21
-105.63719469089028
 31
0.0
  0
LINE
  5
547
330
17
100
AcDbEntity
  8
可见轮廓
100
AcDbLine
 10
4.876695345582405
 20
-105.64538626534895
 30
0.0
 11
4.835713053116905
 21
-105.6418007793529
 31
0.0
  0
LINE
  5
548
330
17
100
AcDbEntity
  8
可见轮廓
100
AcDbLine
 10
4.917754288659854
 20
-105.64794892001122
 30
0.0
 11
4.876695345582405
 21
-105.64538626534895
 31
0.0
  0
LINE
  5
549
330
17
100
AcDbEntity
  8
可见轮廓
100
AcDbLine
 10
4.958864358632184
 20
-105.64948715030135
 30
0.0
 11
4.917754288659854
 21
-105.64794892001122
 31
0.0
  0
LINE
  5
54A
330
17
100
AcDbEntity
  8
可见轮廓
100
AcDbLine
 10
5.0000000000000036
 20
-105.65
 30
0.0
 11
4.958864358632184
 21
-105.64948715030135
 31
0.0
  0
LINE
  5
54B
330
17
100
AcDbEntity
  8
可见轮廓
100
AcDbLine
 10
5.041135641367802
 20
-105.64948715030135
 30
0.0
 11
5.0000000000000036
 21
-105.65
 31
0.0
  0
LINE
  5
54C
330
17
100
AcDbEntity
  8
可见轮廓
100
AcDbLine
 10
5.082245711340136
 20
-105.64794892001122
 30
0.0
 11
5.041135641367802
 21
-105.64948715030135
 31
0.0
  0
LINE
  5
54D
330
17
100
AcDbEntity
  8
可见轮廓
100
AcDbLine
 10
5.123304654417584
 20
-105.64538626534895
 30
0.0
 11
5.082245711340136
 21
-105.64794892001122
 31
0.0
  0
LINE
  5
54E
330
17
100
AcDbEntity
  8
可见轮廓
100
AcDbLine
 10
5.164286946883081
 20
-105.6418007793529
 30
0.0
 11
5.123304654417584
 21
-105.64538626534895
 31
0.0
  0
LINE
  5
54F
330
17
100
AcDbEntity
  8
可见轮廓
100
AcDbLine
 10
5.2051671126683345
 20
-105.63719469089028
 30
0.0
 11
5.164286946883081
 21
-105.6418007793529
 31
0.0
  0
LINE
  5
550
330
17
100
AcDbEntity
  8
可见轮廓
100
AcDbLine
 10
5.245919739190672
 20
-105.63157086327146
 30
0.0
 11
5.2051671126683345
 21
-105.63719469089028
 31
0.0
  0
LINE
  5
551
330
17
100
AcDbEntity
  8
可见轮廓
100
AcDbLine
 10
5.2865194931504185
 20
-105.62493279247015
 30
0.0
 11
5.245919739190672
 21
-105.63157086327146
 31
0.0
  0
LINE
  5
552
330
17
100
AcDbEntity
  8
可见轮廓
100
AcDbLine
 10
5.32694113627899
 20
-105.6172846049501
 30
0.0
 11
5.2865194931504185
 21
-105.62493279247015
 31
0.0
  0
LINE
  5
553
330
17
100
AcDbEntity
  8
可见轮廓
100
AcDbLine
 10
5.3671595410279025
 20
-105.6086310551
 30
0.0
 11
5.32694113627899
 21
-105.6172846049501
 31
0.0
  0
LINE
  5
554
330
17
100
AcDbEntity
  8
可见轮廓
100
AcDbLine
 10
5.407149706188971
 20
-105.59897752227798
 30
0.0
 11
5.3671595410279025
 21
-105.6086310551
 31
0.0
  0
LINE
  5
555
330
17
100
AcDbEntity
  8
可见轮廓
100
AcDbLine
 10
5.4468867724359455
 20
-105.58833000746752
 30
0.0
 11
5.407149706188971
 21
-105.59897752227798
 31
0.0
  0
LINE
  5
556
330
17
100
AcDbEntity
  8
可见轮廓
100
AcDbLine
 10
5.486346037777977
 20
-105.57669512954713
 30
0.0
 11
5.4468867724359455
 21
-105.58833000746752
 31
0.0
  0
LINE
  5
557
330
17
100
AcDbEntity
  8
可见轮廓
100
AcDbLine
 10
5.525502972915266
 20
-105.56408012117578
 30
0.0
 11
5.486346037777977
 21
-105.57669512954713
 31
0.0
  0
LINE
  5
558
330
17
100
AcDbEntity
  8
可见轮廓
100
AcDbLine
 10
5.5643332364873395
 20
-105.55049282429675
 30
0.0
 11
5.525502972915266
 21
-105.56408012117578
 31
0.0
  0
LINE
  5
559
330
17
100
AcDbEntity
  8
可见轮廓
100
AcDbLine
 10
5.602812690204537
 20
-105.53594168526294
 30
0.0
 11
5.5643332364873395
 21
-105.55049282429675
 31
0.0
  0
LINE
  5
55A
330
17
100
AcDbEntity
  8
可见轮廓
100
AcDbLine
 10
5.640917413853234
 20
-105.52043574958617
 30
0.0
 11
5.602812690204537
 21
-105.53594168526294
 31
0.0
  0
LINE
  5
55B
330
17
100
AcDbEntity
  8
可见轮廓
100
AcDbLine
 10
5.678623720165497
 20
-105.50398465631426
 30
0.0
 11
5.640917413853234
 21
-105.52043574958617
 31
0.0
  0
LINE
  5
55C
330
17
100
AcDbEntity
  8
可见轮廓
100
AcDbLine
 10
5.715908169543958
 20
-105.486598632039
 30
0.0
 11
5.678623720165497
 21
-105.50398465631426
 31
0.0
  0
LINE
  5
55D
330
17
100
AcDbEntity
  8
可见轮廓
100
AcDbLine
 10
5.752747584632708
 20
-105.46828848453893
 30
0.0
 11
5.715908169543958
 21
-105.486598632039
 31
0.0
  0
LINE
  5
55E
330
17
100
AcDbEntity
  8
可见轮廓
100
AcDbLine
 10
5.789119064725163
 20
-105.44906559606088
 30
0.0
 11
5.752747584632708
 21
-105.46828848453893
 31
0.0
  0
LINE
  5
55F
330
17
100
AcDbEntity
  8
可见轮廓
100
AcDbLine
 10
5.824999999999989
 20
-105.42894191624433
 30
0.0
 11
5.789119064725163
 21
-105.44906559606088
 31
0.0
  0
LINE
  5
560
330
17
100
AcDbEntity
  8
可见轮廓
100
AcDbLine
 10
5.860368085576159
 20
-105.40792995469306
 30
0.0
 11
5.824999999999989
 21
-105.42894191624433
 31
0.0
  0
LINE
  5
561
330
17
100
AcDbEntity
  8
可见轮廓
100
AcDbLine
 10
5.895201335378491
 20
-105.38604277319878
 30
0.0
 11
5.860368085576159
 21
-105.40792995469306
 31
0.0
  0
LINE
  5
562
330
17
100
AcDbEntity
  8
可见轮廓
100
AcDbLine
 10
5.929478095804967
 20
-105.3632939776214
 30
0.0
 11
5.895201335378491
 21
-105.38604277319878
 31
0.0
  0
LINE
  5
563
330
17
100
AcDbEntity
  8
可见轮廓
100
AcDbLine
 10
5.9631770591873945
 20
-105.33969770943116
 30
0.0
 11
5.929478095804967
 21
-105.3632939776214
 31
0.0
  0
LINE
  5
564
330
17
100
AcDbEntity
  8
可见轮廓
100
AcDbLine
 10
5.996277277037027
 20
-105.31526863691784
 30
0.0
 11
5.9631770591873945
 21
-105.33969770943116
 31
0.0
  0
LINE
  5
565
330
17
100
AcDbEntity
  8
可见轮廓
100
AcDbLine
 10
6.028758173066901
 20
-105.29002194607226
 30
0.0
 11
5.996277277037027
 21
-105.31526863691784
 31
0.0
  0
LINE
  5
566
330
17
100
AcDbEntity
  8
可见轮廓
100
AcDbLine
 10
6.060599555982781
 20
-105.26397333114632
 30
0.0
 11
6.028758173066901
 21
-105.29002194607226
 31
0.0
  0
LINE
  5
567
330
17
100
AcDbEntity
  8
可见轮廓
100
AcDbLine
 10
6.0917816320348095
 20
-105.23713898489677
 30
0.0
 11
6.060599555982781
 21
-105.26397333114632
 31
0.0
  0
LINE
  5
568
330
17
100
AcDbEntity
  8
可见轮廓
100
AcDbLine
 10
6.1222850173220085
 20
-105.20953558851923
 30
0.0
 11
6.0917816320348095
 21
-105.23713898489677
 31
0.0
  0
LINE
  5
569
330
17
100
AcDbEntity
  8
可见轮廓
100
AcDbLine
 10
6.152090749842012
 20
-105.18118030127854
 30
0.0
 11
6.1222850173220085
 21
-105.20953558851923
 31
0.0
  0
LINE
  5
56A
330
17
100
AcDbEntity
  8
可见轮廓
100
AcDbLine
 10
6.181180301278527
 20
-105.15209074984203
 30
0.0
 11
6.152090749842012
 21
-105.18118030127854
 31
0.0
  0
LINE
  5
56B
330
17
100
AcDbEntity
  8
可见轮廓
100
AcDbLine
 10
6.209535588519206
 20
-105.12228501732203
 30
0.0
 11
6.181180301278527
 21
-105.15209074984203
 31
0.0
  0
LINE
  5
56C
330
17
100
AcDbEntity
  8
可见轮廓
100
AcDbLine
 10
6.237138984896754
 20
-105.09178163203482
 30
0.0
 11
6.209535588519206
 21
-105.12228501732203
 31
0.0
  0
LINE
  5
56D
330
17
100
AcDbEntity
  8
可见轮廓
100
AcDbLine
 10
6.263973331146307
 20
-105.0605995559828
 30
0.0
 11
6.237138984896754
 21
-105.09178163203482
 31
0.0
  0
LINE
  5
56E
330
17
100
AcDbEntity
  8
可见轮廓
100
AcDbLine
 10
6.290021946072242
 20
-105.02875817306692
 30
0.0
 11
6.263973331146307
 21
-105.0605995559828
 31
0.0
  0
LINE
  5
56F
330
17
100
AcDbEntity
  8
可见轮廓
100
AcDbLine
 10
6.315268636917816
 20
-104.99627727703705
 30
0.0
 11
6.290021946072242
 21
-105.02875817306692
 31
0.0
  0
LINE
  5
570
330
17
100
AcDbEntity
  8
可见轮廓
100
AcDbLine
 10
6.339697709431157
 20
-104.96317705918742
 30
0.0
 11
6.315268636917816
 21
-104.99627727703705
 31
0.0
  0
LINE
  5
571
330
17
100
AcDbEntity
  8
可见轮廓
100
AcDbLine
 10
6.363293977621385
 20
-104.929478095805
 30
0.0
 11
6.339697709431157
 21
-104.96317705918742
 31
0.0
  0
LINE
  5
572
330
17
100
AcDbEntity
  8
可见轮廓
100
AcDbLine
 10
6.386042773198767
 20
-104.89520133537852
 30
0.0
 11
6.363293977621385
 21
-104.929478095805
 31
0.0
  0
LINE
  5
573
330
17
100
AcDbEntity
  8
可见轮廓
100
AcDbLine
 10
6.407929954693053
 20
-104.86036808557618
 30
0.0
 11
6.386042773198767
 21
-104.89520133537852
 31
0.0
  0
LINE
  5
574
330
17
100
AcDbEntity
  8
可见轮廓
100
AcDbLine
 10
6.4289419162443195
 20
-104.82500000000002
 30
0.0
 11
6.407929954693053
 21
-104.86036808557618
 31
0.0
  0
LINE
  5
575
330
17
100
AcDbEntity
  8
可见轮廓
100
AcDbLine
 10
6.449065596060873
 20
-104.78911906472518
 30
0.0
 11
6.4289419162443195
 21
-104.82500000000002
 31
0.0
  0
LINE
  5
576
330
17
100
AcDbEntity
  8
可见轮廓
100
AcDbLine
 10
6.46828848453892
 20
-104.75274758463273
 30
0.0
 11
6.449065596060873
 21
-104.78911906472518
 31
0.0
  0
LINE
  5
577
330
17
100
AcDbEntity
  8
可见轮廓
100
AcDbLine
 10
6.486598632038987
 20
-104.71590816954398
 30
0.0
 11
6.46828848453892
 21
-104.75274758463273
 31
0.0
  0
LINE
  5
578
330
17
100
AcDbEntity
  8
可见轮廓
100
AcDbLine
 10
6.503984656314257
 20
-104.67862372016552
 30
0.0
 11
6.486598632038987
 21
-104.71590816954398
 31
0.0
  0
LINE
  5
579
330
17
100
AcDbEntity
  8
可见轮廓
100
AcDbLine
 10
6.52043574958617
 20
-104.64091741385326
 30
0.0
 11
6.503984656314257
 21
-104.67862372016552
 31
0.0
  0
LINE
  5
57A
330
17
100
AcDbEntity
  8
可见轮廓
100
AcDbLine
 10
6.535941685262934
 20
-104.60281269020456
 30
0.0
 11
6.52043574958617
 21
-104.64091741385326
 31
0.0
  0
LINE
  5
57B
330
17
100
AcDbEntity
  8
可见轮廓
100
AcDbLine
 10
6.550492824296747
 20
-104.56433323648736
 30
0.0
 11
6.535941685262934
 21
-104.60281269020456
 31
0.0
  0
LINE
  5
57C
330
17
100
AcDbEntity
  8
可见轮廓
100
AcDbLine
 10
6.564080121175765
 20
-104.52550297291529
 30
0.0
 11
6.550492824296747
 21
-104.56433323648736
 31
0.0
  0
LINE
  5
57D
330
17
100
AcDbEntity
  8
可见轮廓
100
AcDbLine
 10
6.576695129547131
 20
-104.486346037778
 30
0.0
 11
6.564080121175765
 21
-104.52550297291529
 31
0.0
  0
LINE
  5
57E
330
17
100
AcDbEntity
  8
可见轮廓
100
AcDbLine
 10
6.588330007467519
 20
-104.44688677243597
 30
0.0
 11
6.576695129547131
 21
-104.486346037778
 31
0.0
  0
LINE
  5
57F
330
17
100
AcDbEntity
  8
可见轮廓
100
AcDbLine
 10
6.598977522277977
 20
-104.40714970618899
 30
0.0
 11
6.588330007467519
 21
-104.44688677243597
 31
0.0
  0
LINE
  5
580
330
17
100
AcDbEntity
  8
可见轮廓
100
AcDbLine
 10
6.608631055100009
 20
-104.36715954102793
 30
0.0
 11
6.598977522277977
 21
-104.40714970618899
 31
0.0
  0
LINE
  5
581
330
17
100
AcDbEntity
  8
可见轮廓
100
AcDbLine
 10
6.617284604950097
 20
-104.32694113627902
 30
0.0
 11
6.608631055100009
 21
-104.36715954102793
 31
0.0
  0
LINE
  5
582
330
17
100
AcDbEntity
  8
可见轮廓
100
AcDbLine
 10
6.624932792470144
 20
-104.28651949315045
 30
0.0
 11
6.617284604950097
 21
-104.32694113627902
 31
0.0
  0
LINE
  5
583
330
17
100
AcDbEntity
  8
可见轮廓
100
AcDbLine
 10
6.631570863271463
 20
-104.2459197391907
 30
0.0
 11
6.624932792470144
 21
-104.28651949315045
 31
0.0
  0
LINE
  5
584
330
17
100
AcDbEntity
  8
可见轮廓
100
AcDbLine
 10
6.637194690890285
 20
-104.20516711266836
 30
0.0
 11
6.631570863271463
 21
-104.2459197391907
 31
0.0
  0
LINE
  5
585
330
17
100
AcDbEntity
  8
可见轮廓
100
AcDbLine
 10
6.641800779352913
 20
-104.16428694688311
 30
0.0
 11
6.637194690890285
 21
-104.20516711266836
 31
0.0
  0
LINE
  5
586
330
17
100
AcDbEntity
  8
可见轮廓
100
AcDbLine
 10
6.645386265348948
 20
-104.12330465441761
 30
0.0
 11
6.641800779352913
 21
-104.16428694688311
 31
0.0
  0
LINE
  5
587
330
17
100
AcDbEntity
  8
可见轮廓
100
AcDbLine
 10
6.647948920011224
 20
-104.08224571134016
 30
0.0
 11
6.645386265348948
 21
-104.12330465441761
 31
0.0
  0
LINE
  5
588
330
17
100
AcDbEntity
  8
可见轮廓
100
AcDbLine
 10
6.649487150301349
 20
-104.04113564136783
 30
0.0
 11
6.647948920011224
 21
-104.08224571134016
 31
0.0
  0
LINE
  5
589
330
17
100
AcDbEntity
  8
可见轮廓
100
AcDbLine
 10
6.650000000000002
 20
-104.00000000000001
 30
0.0
 11
6.649487150301349
 21
-104.04113564136783
 31
0.0
  0
LINE
  5
58A
330
17
100
AcDbEntity
  8
可见轮廓
100
AcDbLine
 10
6.649487150301349
 20
-103.95886435863218
 30
0.0
 11
6.650000000000002
 21
-104.00000000000001
 31
0.0
  0
LINE
  5
58B
330
17
100
AcDbEntity
  8
可见轮廓
100
AcDbLine
 10
6.647948920011224
 20
-103.91775428865986
 30
0.0
 11
6.649487150301349
 21
-103.95886435863218
 31
0.0
  0
LINE
  5
58C
330
17
100
AcDbEntity
  8
可见轮廓
100
AcDbLine
 10
6.64538626534895
 20
-103.8766953455824
 30
0.0
 11
6.647948920011224
 21
-103.91775428865986
 31
0.0
  0
LINE
  5
58D
330
17
100
AcDbEntity
  8
可见轮廓
100
AcDbLine
 10
6.641800779352916
 20
-103.8357130531169
 30
0.0
 11
6.64538626534895
 21
-103.8766953455824
 31
0.0
  0
LINE
  5
58E
330
17
100
AcDbEntity
  8
可见轮廓
100
AcDbLine
 10
6.637194690890286
 20
-103.79483288733167
 30
0.0
 11
6.641800779352916
 21
-103.8357130531169
 31
0.0
  0
LINE
  5
58F
330
17
100
AcDbEntity
  8
可见轮廓
100
AcDbLine
 10
6.631570863271465
 20
-103.75408026080932
 30
0.0
 11
6.637194690890286
 21
-103.79483288733167
 31
0.0
  0
LINE
  5
590
330
17
100
AcDbEntity
  8
可见轮廓
100
AcDbLine
 10
6.6249327924701475
 20
-103.71348050684958
 30
0.0
 11
6.631570863271465
 21
-103.75408026080932
 31
0.0
  0
LINE
  5
591
330
17
100
AcDbEntity
  8
可见轮廓
100
AcDbLine
 10
6.6172846049501
 20
-103.673058863721
 30
0.0
 11
6.6249327924701475
 21
-103.71348050684958
 31
0.0
  0
LINE
  5
592
330
17
100
AcDbEntity
  8
可见轮廓
100
AcDbLine
 10
6.6086310551000125
 20
-103.63284045897208
 30
0.0
 11
6.6172846049501
 21
-103.673058863721
 31
0.0
  0
LINE
  5
593
330
17
100
AcDbEntity
  8
可见轮廓
100
AcDbLine
 10
6.598977522277982
 20
-103.59285029381103
 30
0.0
 11
6.6086310551000125
 21
-103.63284045897208
 31
0.0
  0
LINE
  5
594
330
17
100
AcDbEntity
  8
可见轮廓
100
AcDbLine
 10
6.588330007467524
 20
-103.55311322756405
 30
0.0
 11
6.598977522277982
 21
-103.59285029381103
 31
0.0
  0
LINE
  5
595
330
17
100
AcDbEntity
  8
可见轮廓
100
AcDbLine
 10
6.5766951295471365
 20
-103.51365396222201
 30
0.0
 11
6.588330007467524
 21
-103.55311322756405
 31
0.0
  0
LINE
  5
596
330
17
100
AcDbEntity
  8
可见轮廓
100
AcDbLine
 10
6.564080121175772
 20
-103.47449702708472
 30
0.0
 11
6.5766951295471365
 21
-103.51365396222201
 31
0.0
  0
LINE
  5
597
330
17
100
AcDbEntity
  8
可见轮廓
100
AcDbLine
 10
6.550492824296754
 20
-103.43566676351266
 30
0.0
 11
6.564080121175772
 21
-103.47449702708472
 31
0.0
  0
LINE
  5
598
330
17
100
AcDbEntity
  8
可见轮廓
100
AcDbLine
 10
6.535941685262943
 20
-103.39718730979546
 30
0.0
 11
6.550492824296754
 21
-103.43566676351266
 31
0.0
  0
LINE
  5
599
330
17
100
AcDbEntity
  8
可见轮廓
100
AcDbLine
 10
6.520435749586177
 20
-103.35908258614677
 30
0.0
 11
6.535941685262943
 21
-103.39718730979546
 31
0.0
  0
LINE
  5
59A
330
17
100
AcDbEntity
  8
可见轮廓
100
AcDbLine
 10
6.503984656314266
 20
-103.3213762798345
 30
0.0
 11
6.520435749586177
 21
-103.35908258614677
 31
0.0
  0
LINE
  5
59B
330
17
100
AcDbEntity
  8
可见轮廓
100
AcDbLine
 10
6.486598632038998
 20
-103.28409183045603
 30
0.0
 11
6.503984656314266
 21
-103.3213762798345
 31
0.0
  0
LINE
  5
59C
330
17
100
AcDbEntity
  8
可见轮廓
100
AcDbLine
 10
6.468288484538929
 20
-103.24725241536729
 30
0.0
 11
6.486598632038998
 21
-103.28409183045603
 31
0.0
  0
LINE
  5
59D
330
17
100
AcDbEntity
  8
可见轮廓
100
AcDbLine
 10
6.449065596060883
 20
-103.21088093527483
 30
0.0
 11
6.468288484538929
 21
-103.24725241536729
 31
0.0
  0
LINE
  5
59E
330
17
100
AcDbEntity
  8
可见轮廓
100
AcDbLine
 10
6.42894191624433
 20
-103.17500000000001
 30
0.0
 11
6.449065596060883
 21
-103.21088093527483
 31
0.0
  0
LINE
  5
59F
330
17
100
AcDbEntity
  8
可见轮廓
100
AcDbLine
 10
6.4079299546930635
 20
-103.13963191442383
 30
0.0
 11
6.42894191624433
 21
-103.17500000000001
 31
0.0
  0
LINE
  5
5A0
330
17
100
AcDbEntity
  8
可见轮廓
100
AcDbLine
 10
6.386042773198778
 20
-103.1047986646215
 30
0.0
 11
6.4079299546930635
 21
-103.13963191442383
 31
0.0
  0
LINE
  5
5A1
330
17
100
AcDbEntity
  8
可见轮廓
100
AcDbLine
 10
6.363293977621398
 20
-103.07052190419503
 30
0.0
 11
6.386042773198778
 21
-103.1047986646215
 31
0.0
  0
LINE
  5
5A2
330
17
100
AcDbEntity
  8
可见轮廓
100
AcDbLine
 10
6.339697709431169
 20
-103.0368229408126
 30
0.0
 11
6.363293977621398
 21
-103.07052190419503
 31
0.0
  0
LINE
  5
5A3
330
17
100
AcDbEntity
  8
可见轮廓
100
AcDbLine
 10
6.315268636917828
 20
-103.00372272296298
 30
0.0
 11
6.339697709431169
 21
-103.0368229408126
 31
0.0
  0
LINE
  5
5A4
330
17
100
AcDbEntity
  8
可见轮廓
100
AcDbLine
 10
6.290021946072255
 20
-102.9712418269331
 30
0.0
 11
6.315268636917828
 21
-103.00372272296298
 31
0.0
  0
LINE
  5
5A5
330
17
100
AcDbEntity
  8
可见轮廓
100
AcDbLine
 10
6.263973331146319
 20
-102.93940044401722
 30
0.0
 11
6.290021946072255
 21
-102.9712418269331
 31
0.0
  0
LINE
  5
5A6
330
17
100
AcDbEntity
  8
可见轮廓
100
AcDbLine
 10
6.237138984896767
 20
-102.90821836796519
 30
0.0
 11
6.263973331146319
 21
-102.93940044401722
 31
0.0
  0
LINE
  5
5A7
330
17
100
AcDbEntity
  8
可见轮廓
100
AcDbLine
 10
6.20953558851922
 20
-102.87771498267799
 30
0.0
 11
6.237138984896767
 21
-102.90821836796519
 31
0.0
  0
LINE
  5
5A8
330
17
100
AcDbEntity
  8
可见轮廓
100
AcDbLine
 10
6.181180301278541
 20
-102.84790925015798
 30
0.0
 11
6.20953558851922
 21
-102.87771498267799
 31
0.0
  0
LINE
  5
5A9
330
17
100
AcDbEntity
  8
可见轮廓
100
AcDbLine
 10
6.152090749842026
 20
-102.81881969872147
 30
0.0
 11
6.181180301278541
 21
-102.84790925015798
 31
0.0
  0
LINE
  5
5AA
330
17
100
AcDbEntity
  8
可见轮廓
100
AcDbLine
 10
6.122285017322023
 20
-102.7904644114808
 30
0.0
 11
6.152090749842026
 21
-102.81881969872147
 31
0.0
  0
LINE
  5
5AB
330
17
100
AcDbEntity
  8
可见轮廓
100
AcDbLine
 10
6.091781632034824
 20
-102.76286101510324
 30
0.0
 11
6.122285017322023
 21
-102.7904644114808
 31
0.0
  0
LINE
  5
5AC
330
17
100
AcDbEntity
  8
可见轮廓
100
AcDbLine
 10
6.060599555982796
 20
-102.7360266688537
 30
0.0
 11
6.091781632034824
 21
-102.76286101510324
 31
0.0
  0
LINE
  5
5AD
330
17
100
AcDbEntity
  8
可见轮廓
100
AcDbLine
 10
6.028758173066915
 20
-102.70997805392776
 30
0.0
 11
6.060599555982796
 21
-102.7360266688537
 31
0.0
  0
LINE
  5
5AE
330
17
100
AcDbEntity
  8
可见轮廓
100
AcDbLine
 10
5.996277277037045
 20
-102.68473136308218
 30
0.0
 11
6.028758173066915
 21
-102.70997805392776
 31
0.0
  0
LINE
  5
5AF
330
17
100
AcDbEntity
  8
可见轮廓
100
AcDbLine
 10
5.963177059187409
 20
-102.66030229056884
 30
0.0
 11
5.996277277037045
 21
-102.68473136308218
 31
0.0
  0
LINE
  5
5B0
330
17
100
AcDbEntity
  8
可见轮廓
100
AcDbLine
 10
5.929478095804981
 20
-102.6367060223786
 30
0.0
 11
5.963177059187409
 21
-102.66030229056884
 31
0.0
  0
LINE
  5
5B1
330
17
100
AcDbEntity
  8
可见轮廓
100
AcDbLine
 10
5.895201335378509
 20
-102.61395722680123
 30
0.0
 11
5.929478095804981
 21
-102.6367060223786
 31
0.0
  0
LINE
  5
5B2
330
17
100
AcDbEntity
  8
可见轮廓
100
AcDbLine
 10
5.860368085576177
 20
-102.59207004530694
 30
0.0
 11
5.895201335378509
 21
-102.61395722680123
 31
0.0
  0
LINE
  5
5B3
330
17
100
AcDbEntity
  8
可见轮廓
100
AcDbLine
 10
5.825000000000006
 20
-102.57105808375567
 30
0.0
 11
5.860368085576177
 21
-102.59207004530694
 31
0.0
  0
LINE
  5
5B4
330
17
100
AcDbEntity
  8
可见轮廓
100
AcDbLine
 10
5.789119064725181
 20
-102.55093440393912
 30
0.0
 11
5.825000000000006
 21
-102.57105808375567
 31
0.0
  0
LINE
  5
5B5
330
17
100
AcDbEntity
  8
可见轮廓
100
AcDbLine
 10
5.752747584632726
 20
-102.53171151546108
 30
0.0
 11
5.789119064725181
 21
-102.55093440393912
 31
0.0
  0
LINE
  5
5B6
330
17
100
AcDbEntity
  8
可见轮廓
100
AcDbLine
 10
5.715908169543976
 20
-102.51340136796101
 30
0.0
 11
5.752747584632726
 21
-102.53171151546108
 31
0.0
  0
LINE
  5
5B7
330
17
100
AcDbEntity
  8
可见轮廓
100
AcDbLine
 10
5.678623720165515
 20
-102.49601534368574
 30
0.0
 11
5.715908169543976
 21
-102.51340136796101
 31
0.0
  0
LINE
  5
5B8
330
17
100
AcDbEntity
  8
可见轮廓
100
AcDbLine
 10
5.640917413853252
 20
-102.47956425041383
 30
0.0
 11
5.678623720165515
 21
-102.49601534368574
 31
0.0
  0
LINE
  5
5B9
330
17
100
AcDbEntity
  8
可见轮廓
100
AcDbLine
 10
5.6028126902045585
 20
-102.46405831473706
 30
0.0
 11
5.640917413853252
 21
-102.47956425041383
 31
0.0
  0
LINE
  5
5BA
330
17
100
AcDbEntity
  8
可见轮廓
100
AcDbLine
 10
5.564333236487357
 20
-102.44950717570325
 30
0.0
 11
5.6028126902045585
 21
-102.46405831473706
 31
0.0
  0
LINE
  5
5BB
330
17
100
AcDbEntity
  8
可见轮廓
100
AcDbLine
 10
5.525502972915284
 20
-102.43591987882424
 30
0.0
 11
5.564333236487357
 21
-102.44950717570325
 31
0.0
  0
LINE
  5
5BC
330
17
100
AcDbEntity
  8
可见轮廓
100
AcDbLine
 10
5.486346037777995
 20
-102.42330487045287
 30
0.0
 11
5.525502972915284
 21
-102.43591987882424
 31
0.0
  0
LINE
  5
5BD
330
17
100
AcDbEntity
  8
可见轮廓
100
AcDbLine
 10
5.446886772435963
 20
-102.41166999253248
 30
0.0
 11
5.486346037777995
 21
-102.42330487045287
 31
0.0
  0
LINE
  5
5BE
330
17
100
AcDbEntity
  8
可见轮廓
100
AcDbLine
 10
5.407149706188989
 20
-102.40102247772202
 30
0.0
 11
5.446886772435963
 21
-102.41166999253248
 31
0.0
  0
LINE
  5
5BF
330
17
100
AcDbEntity
  8
可见轮廓
100
AcDbLine
 10
5.367159541027924
 20
-102.3913689449
 30
0.0
 11
5.407149706188989
 21
-102.40102247772202
 31
0.0
  0
LINE
  5
5C0
330
17
100
AcDbEntity
  8
可见轮廓
100
AcDbLine
 10
5.326941136279011
 20
-102.3827153950499
 30
0.0
 11
5.367159541027924
 21
-102.3913689449
 31
0.0
  0
LINE
  5
5C1
330
17
100
AcDbEntity
  8
可见轮廓
100
AcDbLine
 10
5.28651949315044
 20
-102.37506720752987
 30
0.0
 11
5.326941136279011
 21
-102.3827153950499
 31
0.0
  0
LINE
  5
5C2
330
17
100
AcDbEntity
  8
可见轮廓
100
AcDbLine
 10
5.245919739190693
 20
-102.36842913672854
 30
0.0
 11
5.28651949315044
 21
-102.37506720752987
 31
0.0
  0
LINE
  5
5C3
330
17
100
AcDbEntity
  8
可见轮廓
100
AcDbLine
 10
5.205167112668356
 20
-102.36280530910972
 30
0.0
 11
5.245919739190693
 21
-102.36842913672854
 31
0.0
  0
LINE
  5
5C4
330
17
100
AcDbEntity
  8
可见轮廓
100
AcDbLine
 10
5.164286946883102
 20
-102.3581992206471
 30
0.0
 11
5.205167112668356
 21
-102.36280530910972
 31
0.0
  0
LINE
  5
5C5
330
17
100
AcDbEntity
  8
可见轮廓
100
AcDbLine
 10
5.123304654417602
 20
-102.35461373465105
 30
0.0
 11
5.164286946883102
 21
-102.3581992206471
 31
0.0
  0
LINE
  5
5C6
330
17
100
AcDbEntity
  8
可见轮廓
100
AcDbLine
 10
5.082245711340153
 20
-102.35205107998878
 30
0.0
 11
5.123304654417602
 21
-102.35461373465105
 31
0.0
  0
LINE
  5
5C7
330
17
100
AcDbEntity
  8
可见轮廓
100
AcDbLine
 10
5.041135641367823
 20
-102.35051284969865
 30
0.0
 11
5.082245711340153
 21
-102.35205107998878
 31
0.0
  0
LINE
  5
5C8
330
17
100
AcDbEntity
  8
可见轮廓
100
AcDbLine
 10
5.0000000000000036
 20
-102.35
 30
0.0
 11
5.041135641367823
 21
-102.35051284969865
 31
0.0
  0
LINE
  5
5C9
330
17
100
AcDbEntity
  8
可见轮廓
100
AcDbLine
 10
38.958864358632205
 20
-102.35051284969866
 30
0.0
 11
39.0
 21
-102.35000000000001
 31
0.0
  0
LINE
  5
5CA
330
17
100
AcDbEntity
  8
可见轮廓
100
AcDbLine
 10
38.91775428865987
 20
-102.35205107998878
 30
0.0
 11
38.958864358632205
 21
-102.35051284969866
 31
0.0
  0
LINE
  5
5CB
330
17
100
AcDbEntity
  8
可见轮廓
100
AcDbLine
 10
38.87669534558242
 20
-102.35461373465105
 30
0.0
 11
38.91775428865987
 21
-102.35205107998878
 31
0.0
  0
LINE
  5
5CC
330
17
100
AcDbEntity
  8
可见轮廓
100
AcDbLine
 10
38.835713053116926
 20
-102.3581992206471
 30
0.0
 11
38.87669534558242
 21
-102.35461373465105
 31
0.0
  0
LINE
  5
5CD
330
17
100
AcDbEntity
  8
可见轮廓
100
AcDbLine
 10
38.79483288733167
 20
-102.36280530910972
 30
0.0
 11
38.835713053116926
 21
-102.3581992206471
 31
0.0
  0
LINE
  5
5CE
330
17
100
AcDbEntity
  8
可见轮廓
100
AcDbLine
 10
38.75408026080933
 20
-102.36842913672854
 30
0.0
 11
38.79483288733167
 21
-102.36280530910972
 31
0.0
  0
LINE
  5
5CF
330
17
100
AcDbEntity
  8
可见轮廓
100
AcDbLine
 10
38.71348050684959
 20
-102.37506720752987
 30
0.0
 11
38.75408026080933
 21
-102.36842913672854
 31
0.0
  0
LINE
  5
5D0
330
17
100
AcDbEntity
  8
可见轮廓
100
AcDbLine
 10
38.67305886372102
 20
-102.3827153950499
 30
0.0
 11
38.71348050684959
 21
-102.37506720752987
 31
0.0
  0
LINE
  5
5D1
330
17
100
AcDbEntity
  8
可见轮廓
100
AcDbLine
 10
38.632840458972105
 20
-102.3913689449
 30
0.0
 11
38.67305886372102
 21
-102.3827153950499
 31
0.0
  0
LINE
  5
5D2
330
17
100
AcDbEntity
  8
可见轮廓
100
AcDbLine
 10
38.59285029381104
 20
-102.40102247772202
 30
0.0
 11
38.632840458972105
 21
-102.3913689449
 31
0.0
  0
LINE
  5
5D3
330
17
100
AcDbEntity
  8
可见轮廓
100
AcDbLine
 10
38.55311322756406
 20
-102.41166999253248
 30
0.0
 11
38.59285029381104
 21
-102.40102247772202
 31
0.0
  0
LINE
  5
5D4
330
17
100
AcDbEntity
  8
可见轮廓
100
AcDbLine
 10
38.51365396222203
 20
-102.42330487045287
 30
0.0
 11
38.55311322756406
 21
-102.41166999253248
 31
0.0
  0
LINE
  5
5D5
330
17
100
AcDbEntity
  8
可见轮廓
100
AcDbLine
 10
38.47449702708474
 20
-102.43591987882424
 30
0.0
 11
38.51365396222203
 21
-102.42330487045287
 31
0.0
  0
LINE
  5
5D6
330
17
100
AcDbEntity
  8
可见轮廓
100
AcDbLine
 10
38.43566676351267
 20
-102.44950717570325
 30
0.0
 11
38.47449702708474
 21
-102.43591987882424
 31
0.0
  0
LINE
  5
5D7
330
17
100
AcDbEntity
  8
可见轮廓
100
AcDbLine
 10
38.39718730979547
 20
-102.46405831473706
 30
0.0
 11
38.43566676351267
 21
-102.44950717570325
 31
0.0
  0
LINE
  5
5D8
330
17
100
AcDbEntity
  8
可见轮廓
100
AcDbLine
 10
38.35908258614677
 20
-102.47956425041383
 30
0.0
 11
38.39718730979547
 21
-102.46405831473706
 31
0.0
  0
LINE
  5
5D9
330
17
100
AcDbEntity
  8
可见轮廓
100
AcDbLine
 10
38.32137627983451
 20
-102.49601534368574
 30
0.0
 11
38.35908258614677
 21
-102.47956425041383
 31
0.0
  0
LINE
  5
5DA
330
17
100
AcDbEntity
  8
可见轮廓
100
AcDbLine
 10
38.28409183045605
 20
-102.51340136796101
 30
0.0
 11
38.32137627983451
 21
-102.49601534368574
 31
0.0
  0
LINE
  5
5DB
330
17
100
AcDbEntity
  8
可见轮廓
100
AcDbLine
 10
38.2472524153673
 20
-102.53171151546107
 30
0.0
 11
38.28409183045605
 21
-102.51340136796101
 31
0.0
  0
LINE
  5
5DC
330
17
100
AcDbEntity
  8
可见轮廓
100
AcDbLine
 10
38.210880935274844
 20
-102.55093440393912
 30
0.0
 11
38.2472524153673
 21
-102.53171151546107
 31
0.0
  0
LINE
  5
5DD
330
17
100
AcDbEntity
  8
可见轮廓
100
AcDbLine
 10
38.17500000000002
 20
-102.57105808375567
 30
0.0
 11
38.210880935274844
 21
-102.55093440393912
 31
0.0
  0
LINE
  5
5DE
330
17
100
AcDbEntity
  8
可见轮廓
100
AcDbLine
 10
38.139631914423845
 20
-102.59207004530694
 30
0.0
 11
38.17500000000002
 21
-102.57105808375567
 31
0.0
  0
LINE
  5
5DF
330
17
100
AcDbEntity
  8
可见轮廓
100
AcDbLine
 10
38.10479866462151
 20
-102.61395722680122
 30
0.0
 11
38.139631914423845
 21
-102.59207004530694
 31
0.0
  0
LINE
  5
5E0
330
17
100
AcDbEntity
  8
可见轮廓
100
AcDbLine
 10
38.07052190419504
 20
-102.6367060223786
 30
0.0
 11
38.10479866462151
 21
-102.61395722680122
 31
0.0
  0
LINE
  5
5E1
330
17
100
AcDbEntity
  8
可见轮廓
100
AcDbLine
 10
38.03682294081261
 20
-102.66030229056884
 30
0.0
 11
38.07052190419504
 21
-102.6367060223786
 31
0.0
  0
LINE
  5
5E2
330
17
100
AcDbEntity
  8
可见轮廓
100
AcDbLine
 10
38.003722722962976
 20
-102.68473136308216
 30
0.0
 11
38.03682294081261
 21
-102.66030229056884
 31
0.0
  0
LINE
  5
5E3
330
17
100
AcDbEntity
  8
可见轮廓
100
AcDbLine
 10
37.97124182693311
 20
-102.70997805392774
 30
0.0
 11
38.003722722962976
 21
-102.68473136308216
 31
0.0
  0
LINE
  5
5E4
330
17
100
AcDbEntity
  8
可见轮廓
100
AcDbLine
 10
37.939400444017224
 20
-102.73602666885368
 30
0.0
 11
37.97124182693311
 21
-102.70997805392774
 31
0.0
  0
LINE
  5
5E5
330
17
100
AcDbEntity
  8
可见轮廓
100
AcDbLine
 10
37.9082183679652
 20
-102.76286101510323
 30
0.0
 11
37.939400444017224
 21
-102.73602666885368
 31
0.0
  0
LINE
  5
5E6
330
17
100
AcDbEntity
  8
可见轮廓
100
AcDbLine
 10
37.877714982678
 20
-102.79046441148078
 30
0.0
 11
37.9082183679652
 21
-102.76286101510323
 31
0.0
  0
LINE
  5
5E7
330
17
100
AcDbEntity
  8
可见轮廓
100
AcDbLine
 10
37.847909250158
 20
-102.81881969872146
 30
0.0
 11
37.877714982678
 21
-102.79046441148078
 31
0.0
  0
LINE
  5
5E8
330
17
100
AcDbEntity
  8
可见轮廓
100
AcDbLine
 10
37.818819698721484
 20
-102.84790925015797
 30
0.0
 11
37.847909250158
 21
-102.81881969872146
 31
0.0
  0
LINE
  5
5E9
330
17
100
AcDbEntity
  8
可见轮廓
100
AcDbLine
 10
37.7904644114808
 20
-102.87771498267797
 30
0.0
 11
37.818819698721484
 21
-102.84790925015797
 31
0.0
  0
LINE
  5
5EA
330
17
100
AcDbEntity
  8
可见轮廓
100
AcDbLine
 10
37.762861015103255
 20
-102.90821836796518
 30
0.0
 11
37.7904644114808
 21
-102.87771498267797
 31
0.0
  0
LINE
  5
5EB
330
17
100
AcDbEntity
  8
可见轮廓
100
AcDbLine
 10
37.7360266688537
 20
-102.9394004440172
 30
0.0
 11
37.762861015103255
 21
-102.90821836796518
 31
0.0
  0
LINE
  5
5EC
330
17
100
AcDbEntity
  8
可见轮廓
100
AcDbLine
 10
37.70997805392776
 20
-102.97124182693308
 30
0.0
 11
37.7360266688537
 21
-102.9394004440172
 31
0.0
  0
LINE
  5
5ED
330
17
100
AcDbEntity
  8
可见轮廓
100
AcDbLine
 10
37.68473136308219
 20
-103.00372272296295
 30
0.0
 11
37.70997805392776
 21
-102.97124182693308
 31
0.0
  0
LINE
  5
5EE
330
17
100
AcDbEntity
  8
可见轮廓
100
AcDbLine
 10
37.66030229056885
 20
-103.03682294081258
 30
0.0
 11
37.68473136308219
 21
-103.00372272296295
 31
0.0
  0
LINE
  5
5EF
330
17
100
AcDbEntity
  8
可见轮廓
100
AcDbLine
 10
37.63670602237862
 20
-103.07052190419502
 30
0.0
 11
37.66030229056885
 21
-103.03682294081258
 31
0.0
  0
LINE
  5
5F0
330
17
100
AcDbEntity
  8
可见轮廓
100
AcDbLine
 10
37.61395722680124
 20
-103.10479866462148
 30
0.0
 11
37.63670602237862
 21
-103.07052190419502
 31
0.0
  0
LINE
  5
5F1
330
17
100
AcDbEntity
  8
可见轮廓
100
AcDbLine
 10
37.592070045306954
 20
-103.13963191442382
 30
0.0
 11
37.61395722680124
 21
-103.10479866462148
 31
0.0
  0
LINE
  5
5F2
330
17
100
AcDbEntity
  8
可见轮廓
100
AcDbLine
 10
37.57105808375569
 20
-103.175
 30
0.0
 11
37.592070045306954
 21
-103.13963191442382
 31
0.0
  0
LINE
  5
5F3
330
17
100
AcDbEntity
  8
可见轮廓
100
AcDbLine
 10
37.55093440393914
 20
-103.21088093527482
 30
0.0
 11
37.57105808375569
 21
-103.175
 31
0.0
  0
LINE
  5
5F4
330
17
100
AcDbEntity
  8
可见轮廓
100
AcDbLine
 10
37.53171151546108
 20
-103.24725241536727
 30
0.0
 11
37.55093440393914
 21
-103.21088093527482
 31
0.0
  0
LINE
  5
5F5
330
17
100
AcDbEntity
  8
可见轮廓
100
AcDbLine
 10
37.51340136796102
 20
-103.28409183045602
 30
0.0
 11
37.53171151546108
 21
-103.24725241536727
 31
0.0
  0
LINE
  5
5F6
330
17
100
AcDbEntity
  8
可见轮廓
100
AcDbLine
 10
37.49601534368575
 20
-103.32137627983448
 30
0.0
 11
37.51340136796102
 21
-103.28409183045602
 31
0.0
  0
LINE
  5
5F7
330
17
100
AcDbEntity
  8
可见轮廓
100
AcDbLine
 10
37.47956425041384
 20
-103.35908258614674
 30
0.0
 11
37.49601534368575
 21
-103.32137627983448
 31
0.0
  0
LINE
  5
5F8
330
17
100
AcDbEntity
  8
可见轮廓
100
AcDbLine
 10
37.46405831473707
 20
-103.39718730979544
 30
0.0
 11
37.47956425041384
 21
-103.35908258614674
 31
0.0
  0
LINE
  5
5F9
330
17
100
AcDbEntity
  8
可见轮廓
100
AcDbLine
 10
37.44950717570326
 20
-103.43566676351264
 30
0.0
 11
37.46405831473707
 21
-103.39718730979544
 31
0.0
  0
LINE
  5
5FA
330
17
100
AcDbEntity
  8
可见轮廓
100
AcDbLine
 10
37.435919878824244
 20
-103.47449702708471
 30
0.0
 11
37.44950717570326
 21
-103.43566676351264
 31
0.0
  0
LINE
  5
5FB
330
17
100
AcDbEntity
  8
可见轮廓
100
AcDbLine
 10
37.423304870452874
 20
-103.51365396222201
 30
0.0
 11
37.435919878824244
 21
-103.47449702708471
 31
0.0
  0
LINE
  5
5FC
330
17
100
AcDbEntity
  8
可见轮廓
100
AcDbLine
 10
37.41166999253249
 20
-103.55311322756404
 30
0.0
 11
37.423304870452874
 21
-103.51365396222201
 31
0.0
  0
LINE
  5
5FD
330
17
100
AcDbEntity
  8
可见轮廓
100
AcDbLine
 10
37.40102247772203
 20
-103.59285029381101
 30
0.0
 11
37.41166999253249
 21
-103.55311322756404
 31
0.0
  0
LINE
  5
5FE
330
17
100
AcDbEntity
  8
可见轮廓
100
AcDbLine
 10
37.391368944899995
 20
-103.63284045897207
 30
0.0
 11
37.40102247772203
 21
-103.59285029381101
 31
0.0
  0
LINE
  5
5FF
330
17
100
AcDbEntity
  8
可见轮廓
100
AcDbLine
 10
37.382715395049914
 20
-103.67305886372098
 30
0.0
 11
37.391368944899995
 21
-103.63284045897207
 31
0.0
  0
LINE
  5
600
330
17
100
AcDbEntity
  8
可见轮廓
100
AcDbLine
 10
37.37506720752987
 20
-103.71348050684955
 30
0.0
 11
37.382715395049914
 21
-103.67305886372098
 31
0.0
  0
LINE
  5
601
330
17
100
AcDbEntity
  8
可见轮廓
100
AcDbLine
 10
37.368429136728544
 20
-103.7540802608093
 30
0.0
 11
37.37506720752987
 21
-103.71348050684955
 31
0.0
  0
LINE
  5
602
330
17
100
AcDbEntity
  8
可见轮廓
100
AcDbLine
 10
37.362805309109724
 20
-103.79483288733164
 30
0.0
 11
37.368429136728544
 21
-103.7540802608093
 31
0.0
  0
LINE
  5
603
330
17
100
AcDbEntity
  8
可见轮廓
100
AcDbLine
 10
37.358199220647094
 20
-103.83571305311689
 30
0.0
 11
37.362805309109724
 21
-103.79483288733164
 31
0.0
  0
LINE
  5
604
330
17
100
AcDbEntity
  8
可见轮廓
100
AcDbLine
 10
37.35461373465106
 20
-103.87669534558239
 30
0.0
 11
37.358199220647094
 21
-103.83571305311689
 31
0.0
  0
LINE
  5
605
330
17
100
AcDbEntity
  8
可见轮廓
100
AcDbLine
 10
37.35205107998878
 20
-103.91775428865984
 30
0.0
 11
37.35461373465106
 21
-103.87669534558239
 31
0.0
  0
LINE
  5
606
330
17
100
AcDbEntity
  8
可见轮廓
100
AcDbLine
 10
37.35051284969866
 20
-103.95886435863217
 30
0.0
 11
37.35205107998878
 21
-103.91775428865984
 31
0.0
  0
LINE
  5
607
330
17
100
AcDbEntity
  8
可见轮廓
100
AcDbLine
 10
37.35000000000001
 20
-104.0
 30
0.0
 11
37.35051284969866
 21
-103.95886435863217
 31
0.0
  0
LINE
  5
608
330
17
100
AcDbEntity
  8
可见轮廓
100
AcDbLine
 10
37.35051284969866
 20
-104.04113564136782
 30
0.0
 11
37.35000000000001
 21
-104.0
 31
0.0
  0
LINE
  5
609
330
17
100
AcDbEntity
  8
可见轮廓
100
AcDbLine
 10
37.35205107998878
 20
-104.08224571134014
 30
0.0
 11
37.35051284969866
 21
-104.04113564136782
 31
0.0
  0
LINE
  5
60A
330
17
100
AcDbEntity
  8
可见轮廓
100
AcDbLine
 10
37.35461373465105
 20
-104.1233046544176
 30
0.0
 11
37.35205107998878
 21
-104.08224571134014
 31
0.0
  0
LINE
  5
60B
330
17
100
AcDbEntity
  8
可见轮廓
100
AcDbLine
 10
37.358199220647094
 20
-104.1642869468831
 30
0.0
 11
37.35461373465105
 21
-104.1233046544176
 31
0.0
  0
LINE
  5
60C
330
17
100
AcDbEntity
  8
可见轮廓
100
AcDbLine
 10
37.36280530910972
 20
-104.20516711266835
 30
0.0
 11
37.358199220647094
 21
-104.1642869468831
 31
0.0
  0
LINE
  5
60D
330
17
100
AcDbEntity
  8
可见轮廓
100
AcDbLine
 10
37.368429136728544
 20
-104.24591973919068
 30
0.0
 11
37.36280530910972
 21
-104.20516711266835
 31
0.0
  0
LINE
  5
60E
330
17
100
AcDbEntity
  8
可见轮廓
100
AcDbLine
 10
37.37506720752986
 20
-104.28651949315042
 30
0.0
 11
37.368429136728544
 21
-104.24591973919068
 31
0.0
  0
LINE
  5
60F
330
17
100
AcDbEntity
  8
可见轮廓
100
AcDbLine
 10
37.38271539504991
 20
-104.326941136279
 30
0.0
 11
37.37506720752986
 21
-104.28651949315042
 31
0.0
  0
LINE
  5
610
330
17
100
AcDbEntity
  8
可见轮廓
100
AcDbLine
 10
37.391368944899995
 20
-104.36715954102792
 30
0.0
 11
37.38271539504991
 21
-104.326941136279
 31
0.0
  0
LINE
  5
611
330
17
100
AcDbEntity
  8
可见轮廓
100
AcDbLine
 10
37.40102247772202
 20
-104.40714970618897
 30
0.0
 11
37.391368944899995
 21
-104.36715954102792
 31
0.0
  0
LINE
  5
612
330
17
100
AcDbEntity
  8
可见轮廓
100
AcDbLine
 10
37.41166999253248
 20
-104.44688677243596
 30
0.0
 11
37.40102247772202
 21
-104.40714970618897
 31
0.0
  0
LINE
  5
613
330
17
100
AcDbEntity
  8
可见轮廓
100
AcDbLine
 10
37.42330487045287
 20
-104.48634603777799
 30
0.0
 11
37.41166999253248
 21
-104.44688677243596
 31
0.0
  0
LINE
  5
614
330
17
100
AcDbEntity
  8
可见轮廓
100
AcDbLine
 10
37.43591987882424
 20
-104.52550297291528
 30
0.0
 11
37.42330487045287
 21
-104.48634603777799
 31
0.0
  0
LINE
  5
615
330
17
100
AcDbEntity
  8
可见轮廓
100
AcDbLine
 10
37.44950717570325
 20
-104.56433323648736
 30
0.0
 11
37.43591987882424
 21
-104.52550297291528
 31
0.0
  0
LINE
  5
616
330
17
100
AcDbEntity
  8
可见轮廓
100
AcDbLine
 10
37.464058314737066
 20
-104.60281269020454
 30
0.0
 11
37.44950717570325
 21
-104.56433323648736
 31
0.0
  0
LINE
  5
617
330
17
100
AcDbEntity
  8
可见轮廓
100
AcDbLine
 10
37.47956425041383
 20
-104.64091741385324
 30
0.0
 11
37.464058314737066
 21
-104.60281269020454
 31
0.0
  0
LINE
  5
618
330
17
100
AcDbEntity
  8
可见轮廓
100
AcDbLine
 10
37.49601534368574
 20
-104.6786237201655
 30
0.0
 11
37.47956425041383
 21
-104.64091741385324
 31
0.0
  0
LINE
  5
619
330
17
100
AcDbEntity
  8
可见轮廓
100
AcDbLine
 10
37.51340136796101
 20
-104.71590816954397
 30
0.0
 11
37.49601534368574
 21
-104.6786237201655
 31
0.0
  0
LINE
  5
61A
330
17
100
AcDbEntity
  8
可见轮廓
100
AcDbLine
 10
37.531711515461076
 20
-104.75274758463271
 30
0.0
 11
37.51340136796101
 21
-104.71590816954397
 31
0.0
  0
LINE
  5
61B
330
17
100
AcDbEntity
  8
可见轮廓
100
AcDbLine
 10
37.550934403939124
 20
-104.78911906472517
 30
0.0
 11
37.531711515461076
 21
-104.75274758463271
 31
0.0
  0
LINE
  5
61C
330
17
100
AcDbEntity
  8
可见轮廓
100
AcDbLine
 10
37.57105808375567
 20
-104.82499999999999
 30
0.0
 11
37.550934403939124
 21
-104.78911906472517
 31
0.0
  0
LINE
  5
61D
330
17
100
AcDbEntity
  8
可见轮廓
100
AcDbLine
 10
37.59207004530694
 20
-104.86036808557617
 30
0.0
 11
37.57105808375567
 21
-104.82499999999999
 31
0.0
  0
LINE
  5
61E
330
17
100
AcDbEntity
  8
可见轮廓
100
AcDbLine
 10
37.61395722680123
 20
-104.8952013353785
 30
0.0
 11
37.59207004530694
 21
-104.86036808557617
 31
0.0
  0
LINE
  5
61F
330
17
100
AcDbEntity
  8
可见轮廓
100
AcDbLine
 10
37.63670602237861
 20
-104.92947809580497
 30
0.0
 11
37.61395722680123
 21
-104.8952013353785
 31
0.0
  0
LINE
  5
620
330
17
100
AcDbEntity
  8
可见轮廓
100
AcDbLine
 10
37.660302290568836
 20
-104.9631770591874
 30
0.0
 11
37.63670602237861
 21
-104.92947809580497
 31
0.0
  0
LINE
  5
621
330
17
100
AcDbEntity
  8
可见轮廓
100
AcDbLine
 10
37.68473136308218
 20
-104.99627727703704
 30
0.0
 11
37.660302290568836
 21
-104.9631770591874
 31
0.0
  0
LINE
  5
622
330
17
100
AcDbEntity
  8
可见轮廓
100
AcDbLine
 10
37.709978053927756
 20
-105.0287581730669
 30
0.0
 11
37.68473136308218
 21
-104.99627727703704
 31
0.0
  0
LINE
  5
623
330
17
100
AcDbEntity
  8
可见轮廓
100
AcDbLine
 10
37.73602666885369
 20
-105.06059955598279
 30
0.0
 11
37.709978053927756
 21
-105.0287581730669
 31
0.0
  0
LINE
  5
624
330
17
100
AcDbEntity
  8
可见轮廓
100
AcDbLine
 10
37.76286101510324
 20
-105.09178163203481
 30
0.0
 11
37.73602666885369
 21
-105.06059955598279
 31
0.0
  0
LINE
  5
625
330
17
100
AcDbEntity
  8
可见轮廓
100
AcDbLine
 10
37.790464411480784
 20
-105.12228501732201
 30
0.0
 11
37.76286101510324
 21
-105.09178163203481
 31
0.0
  0
LINE
  5
626
330
17
100
AcDbEntity
  8
可见轮廓
100
AcDbLine
 10
37.81881969872147
 20
-105.15209074984202
 30
0.0
 11
37.790464411480784
 21
-105.12228501732201
 31
0.0
  0
LINE
  5
627
330
17
100
AcDbEntity
  8
可见轮廓
100
AcDbLine
 10
37.84790925015798
 20
-105.18118030127853
 30
0.0
 11
37.81881969872147
 21
-105.15209074984202
 31
0.0
  0
LINE
  5
628
330
17
100
AcDbEntity
  8
可见轮廓
100
AcDbLine
 10
37.877714982677986
 20
-105.20953558851922
 30
0.0
 11
37.84790925015798
 21
-105.18118030127853
 31
0.0
  0
LINE
  5
629
330
17
100
AcDbEntity
  8
可见轮廓
100
AcDbLine
 10
37.90821836796518
 20
-105.23713898489676
 30
0.0
 11
37.877714982677986
 21
-105.20953558851922
 31
0.0
  0
LINE
  5
62A
330
17
100
AcDbEntity
  8
可见轮廓
100
AcDbLine
 10
37.93940044401721
 20
-105.26397333114632
 30
0.0
 11
37.90821836796518
 21
-105.23713898489676
 31
0.0
  0
LINE
  5
62B
330
17
100
AcDbEntity
  8
可见轮廓
100
AcDbLine
 10
37.971241826933095
 20
-105.29002194607224
 30
0.0
 11
37.93940044401721
 21
-105.26397333114632
 31
0.0
  0
LINE
  5
62C
330
17
100
AcDbEntity
  8
可见轮廓
100
AcDbLine
 10
38.00372272296296
 20
-105.31526863691782
 30
0.0
 11
37.971241826933095
 21
-105.29002194607224
 31
0.0
  0
LINE
  5
62D
330
17
100
AcDbEntity
  8
可见轮廓
100
AcDbLine
 10
38.0368229408126
 20
-105.33969770943116
 30
0.0
 11
38.00372272296296
 21
-105.31526863691782
 31
0.0
  0
LINE
  5
62E
330
17
100
AcDbEntity
  8
可见轮廓
100
AcDbLine
 10
38.070521904195026
 20
-105.3632939776214
 30
0.0
 11
38.0368229408126
 21
-105.33969770943116
 31
0.0
  0
LINE
  5
62F
330
17
100
AcDbEntity
  8
可见轮廓
100
AcDbLine
 10
38.1047986646215
 20
-105.38604277319877
 30
0.0
 11
38.070521904195026
 21
-105.3632939776214
 31
0.0
  0
LINE
  5
630
330
17
100
AcDbEntity
  8
可见轮廓
100
AcDbLine
 10
38.13963191442383
 20
-105.40792995469306
 30
0.0
 11
38.1047986646215
 21
-105.38604277319877
 31
0.0
  0
LINE
  5
631
330
17
100
AcDbEntity
  8
可见轮廓
100
AcDbLine
 10
38.175
 20
-105.42894191624433
 30
0.0
 11
38.13963191442383
 21
-105.40792995469306
 31
0.0
  0
LINE
  5
632
330
17
100
AcDbEntity
  8
可见轮廓
100
AcDbLine
 10
38.21088093527483
 20
-105.44906559606088
 30
0.0
 11
38.175
 21
-105.42894191624433
 31
0.0
  0
LINE
  5
633
330
17
100
AcDbEntity
  8
可见轮廓
100
AcDbLine
 10
38.247252415367285
 20
-105.46828848453893
 30
0.0
 11
38.21088093527483
 21
-105.44906559606088
 31
0.0
  0
LINE
  5
634
330
17
100
AcDbEntity
  8
可见轮廓
100
AcDbLine
 10
38.284091830456035
 20
-105.48659863203899
 30
0.0
 11
38.247252415367285
 21
-105.46828848453893
 31
0.0
  0
LINE
  5
635
330
17
100
AcDbEntity
  8
可见轮廓
100
AcDbLine
 10
38.321376279834496
 20
-105.50398465631426
 30
0.0
 11
38.284091830456035
 21
-105.48659863203899
 31
0.0
  0
LINE
  5
636
330
17
100
AcDbEntity
  8
可见轮廓
100
AcDbLine
 10
38.359082586146755
 20
-105.52043574958617
 30
0.0
 11
38.321376279834496
 21
-105.50398465631426
 31
0.0
  0
LINE
  5
637
330
17
100
AcDbEntity
  8
可见轮廓
100
AcDbLine
 10
38.39718730979545
 20
-105.53594168526294
 30
0.0
 11
38.359082586146755
 21
-105.52043574958617
 31
0.0
  0
LINE
  5
638
330
17
100
AcDbEntity
  8
可见轮廓
100
AcDbLine
 10
38.43566676351265
 20
-105.55049282429675
 30
0.0
 11
38.39718730979545
 21
-105.53594168526294
 31
0.0
  0
LINE
  5
639
330
17
100
AcDbEntity
  8
可见轮廓
100
AcDbLine
 10
38.47449702708472
 20
-105.56408012117578
 30
0.0
 11
38.43566676351265
 21
-105.55049282429675
 31
0.0
  0
LINE
  5
63A
330
17
100
AcDbEntity
  8
可见轮廓
100
AcDbLine
 10
38.51365396222201
 20
-105.57669512954713
 30
0.0
 11
38.47449702708472
 21
-105.56408012117578
 31
0.0
  0
LINE
  5
63B
330
17
100
AcDbEntity
  8
可见轮廓
100
AcDbLine
 10
38.55311322756404
 20
-105.58833000746752
 30
0.0
 11
38.51365396222201
 21
-105.57669512954713
 31
0.0
  0
LINE
  5
63C
330
17
100
AcDbEntity
  8
可见轮廓
100
AcDbLine
 10
38.59285029381102
 20
-105.59897752227798
 30
0.0
 11
38.55311322756404
 21
-105.58833000746752
 31
0.0
  0
LINE
  5
63D
330
17
100
AcDbEntity
  8
可见轮廓
100
AcDbLine
 10
38.63284045897208
 20
-105.6086310551
 30
0.0
 11
38.59285029381102
 21
-105.59897752227798
 31
0.0
  0
LINE
  5
63E
330
17
100
AcDbEntity
  8
可见轮廓
100
AcDbLine
 10
38.673058863720996
 20
-105.6172846049501
 30
0.0
 11
38.63284045897208
 21
-105.6086310551
 31
0.0
  0
LINE
  5
63F
330
17
100
AcDbEntity
  8
可见轮廓
100
AcDbLine
 10
38.713480506849564
 20
-105.62493279247015
 30
0.0
 11
38.673058863720996
 21
-105.6172846049501
 31
0.0
  0
LINE
  5
640
330
17
100
AcDbEntity
  8
可见轮廓
100
AcDbLine
 10
38.75408026080932
 20
-105.63157086327146
 30
0.0
 11
38.713480506849564
 21
-105.62493279247015
 31
0.0
  0
LINE
  5
641
330
17
100
AcDbEntity
  8
可见轮廓
100
AcDbLine
 10
38.79483288733165
 20
-105.63719469089028
 30
0.0
 11
38.75408026080932
 21
-105.63157086327146
 31
0.0
  0
LINE
  5
642
330
17
100
AcDbEntity
  8
可见轮廓
100
AcDbLine
 10
38.835713053116905
 20
-105.6418007793529
 30
0.0
 11
38.79483288733165
 21
-105.63719469089028
 31
0.0
  0
LINE
  5
643
330
17
100
AcDbEntity
  8
可见轮廓
100
AcDbLine
 10
38.876695345582405
 20
-105.64538626534895
 30
0.0
 11
38.835713053116905
 21
-105.6418007793529
 31
0.0
  0
LINE
  5
644
330
17
100
AcDbEntity
  8
可见轮廓
100
AcDbLine
 10
38.91775428865985
 20
-105.64794892001123
 30
0.0
 11
38.876695345582405
 21
-105.64538626534895
 31
0.0
  0
LINE
  5
645
330
17
100
AcDbEntity
  8
可见轮廓
100
AcDbLine
 10
38.958864358632184
 20
-105.64948715030135
 30
0.0
 11
38.91775428865985
 21
-105.64794892001123
 31
0.0
  0
LINE
  5
646
330
17
100
AcDbEntity
  8
可见轮廓
100
AcDbLine
 10
39.0
 20
-105.65
 30
0.0
 11
38.958864358632184
 21
-105.64948715030135
 31
0.0
  0
LINE
  5
647
330
17
100
AcDbEntity
  8
可见轮廓
100
AcDbLine
 10
39.04113564136781
 20
-105.64948715030135
 30
0.0
 11
39.0
 21
-105.65
 31
0.0
  0
LINE
  5
648
330
17
100
AcDbEntity
  8
可见轮廓
100
AcDbLine
 10
39.08224571134014
 20
-105.64794892001123
 30
0.0
 11
39.04113564136781
 21
-105.64948715030135
 31
0.0
  0
LINE
  5
649
330
17
100
AcDbEntity
  8
可见轮廓
100
AcDbLine
 10
39.123304654417595
 20
-105.64538626534895
 30
0.0
 11
39.08224571134014
 21
-105.64794892001123
 31
0.0
  0
LINE
  5
64A
330
17
100
AcDbEntity
  8
可见轮廓
100
AcDbLine
 10
39.16428694688309
 20
-105.64180077935292
 30
0.0
 11
39.123304654417595
 21
-105.64538626534895
 31
0.0
  0
LINE
  5
64B
330
17
100
AcDbEntity
  8
可见轮廓
100
AcDbLine
 10
39.20516711266834
 20
-105.63719469089028
 30
0.0
 11
39.16428694688309
 21
-105.64180077935292
 31
0.0
  0
LINE
  5
64C
330
17
100
AcDbEntity
  8
可见轮廓
100
AcDbLine
 10
39.24591973919068
 20
-105.63157086327146
 30
0.0
 11
39.20516711266834
 21
-105.63719469089028
 31
0.0
  0
LINE
  5
64D
330
17
100
AcDbEntity
  8
可见轮廓
100
AcDbLine
 10
39.28651949315042
 20
-105.62493279247015
 30
0.0
 11
39.24591973919068
 21
-105.63157086327146
 31
0.0
  0
LINE
  5
64E
330
17
100
AcDbEntity
  8
可见轮廓
100
AcDbLine
 10
39.326941136279
 20
-105.6172846049501
 30
0.0
 11
39.28651949315042
 21
-105.62493279247015
 31
0.0
  0
LINE
  5
64F
330
17
100
AcDbEntity
  8
可见轮廓
100
AcDbLine
 10
39.36715954102791
 20
-105.6086310551
 30
0.0
 11
39.326941136279
 21
-105.6172846049501
 31
0.0
  0
LINE
  5
650
330
17
100
AcDbEntity
  8
可见轮廓
100
AcDbLine
 10
39.407149706188974
 20
-105.59897752227798
 30
0.0
 11
39.36715954102791
 21
-105.6086310551
 31
0.0
  0
LINE
  5
651
330
17
100
AcDbEntity
  8
可见轮廓
100
AcDbLine
 10
39.446886772435946
 20
-105.58833000746753
 30
0.0
 11
39.407149706188974
 21
-105.59897752227798
 31
0.0
  0
LINE
  5
652
330
17
100
AcDbEntity
  8
可见轮廓
100
AcDbLine
 10
39.486346037777984
 20
-105.57669512954713
 30
0.0
 11
39.446886772435946
 21
-105.58833000746753
 31
0.0
  0
LINE
  5
653
330
17
100
AcDbEntity
  8
可见轮廓
100
AcDbLine
 10
39.52550297291528
 20
-105.56408012117578
 30
0.0
 11
39.486346037777984
 21
-105.57669512954713
 31
0.0
  0
LINE
  5
654
330
17
100
AcDbEntity
  8
可见轮廓
100
AcDbLine
 10
39.56433323648734
 20
-105.55049282429675
 30
0.0
 11
39.52550297291528
 21
-105.56408012117578
 31
0.0
  0
LINE
  5
655
330
17
100
AcDbEntity
  8
可见轮廓
100
AcDbLine
 10
39.602812690204544
 20
-105.53594168526294
 30
0.0
 11
39.56433323648734
 21
-105.55049282429675
 31
0.0
  0
LINE
  5
656
330
17
100
AcDbEntity
  8
可见轮廓
100
AcDbLine
 10
39.640917413853245
 20
-105.52043574958617
 30
0.0
 11
39.602812690204544
 21
-105.53594168526294
 31
0.0
  0
LINE
  5
657
330
17
100
AcDbEntity
  8
可见轮廓
100
AcDbLine
 10
39.678623720165504
 20
-105.50398465631426
 30
0.0
 11
39.640917413853245
 21
-105.52043574958617
 31
0.0
  0
LINE
  5
658
330
17
100
AcDbEntity
  8
可见轮廓
100
AcDbLine
 10
39.715908169543965
 20
-105.486598632039
 30
0.0
 11
39.678623720165504
 21
-105.50398465631426
 31
0.0
  0
LINE
  5
659
330
17
100
AcDbEntity
  8
可见轮廓
100
AcDbLine
 10
39.752747584632715
 20
-105.46828848453893
 30
0.0
 11
39.715908169543965
 21
-105.486598632039
 31
0.0
  0
LINE
  5
65A
330
17
100
AcDbEntity
  8
可见轮廓
100
AcDbLine
 10
39.78911906472517
 20
-105.44906559606088
 30
0.0
 11
39.752747584632715
 21
-105.46828848453893
 31
0.0
  0
LINE
  5
65B
330
17
100
AcDbEntity
  8
可见轮廓
100
AcDbLine
 10
39.824999999999996
 20
-105.42894191624433
 30
0.0
 11
39.78911906472517
 21
-105.44906559606088
 31
0.0
  0
LINE
  5
65C
330
17
100
AcDbEntity
  8
可见轮廓
100
AcDbLine
 10
39.86036808557617
 20
-105.40792995469306
 30
0.0
 11
39.824999999999996
 21
-105.42894191624433
 31
0.0
  0
LINE
  5
65D
330
17
100
AcDbEntity
  8
可见轮廓
100
AcDbLine
 10
39.8952013353785
 20
-105.38604277319878
 30
0.0
 11
39.86036808557617
 21
-105.40792995469306
 31
0.0
  0
LINE
  5
65E
330
17
100
AcDbEntity
  8
可见轮廓
100
AcDbLine
 10
39.92947809580497
 20
-105.3632939776214
 30
0.0
 11
39.8952013353785
 21
-105.38604277319878
 31
0.0
  0
LINE
  5
65F
330
17
100
AcDbEntity
  8
可见轮廓
100
AcDbLine
 10
39.9631770591874
 20
-105.33969770943116
 30
0.0
 11
39.92947809580497
 21
-105.3632939776214
 31
0.0
  0
LINE
  5
660
330
17
100
AcDbEntity
  8
可见轮廓
100
AcDbLine
 10
39.99627727703704
 20
-105.31526863691784
 30
0.0
 11
39.9631770591874
 21
-105.33969770943116
 31
0.0
  0
LINE
  5
661
330
17
100
AcDbEntity
  8
可见轮廓
100
AcDbLine
 10
40.028758173066905
 20
-105.29002194607226
 30
0.0
 11
39.99627727703704
 21
-105.31526863691784
 31
0.0
  0
LINE
  5
662
330
17
100
AcDbEntity
  8
可见轮廓
100
AcDbLine
 10
40.06059955598279
 20
-105.26397333114632
 30
0.0
 11
40.028758173066905
 21
-105.29002194607226
 31
0.0
  0
LINE
  5
663
330
17
100
AcDbEntity
  8
可见轮廓
100
AcDbLine
 10
40.09178163203481
 20
-105.23713898489677
 30
0.0
 11
40.06059955598279
 21
-105.26397333114632
 31
0.0
  0
LINE
  5
664
330
17
100
AcDbEntity
  8
可见轮廓
100
AcDbLine
 10
40.122285017322014
 20
-105.20953558851922
 30
0.0
 11
40.09178163203481
 21
-105.23713898489677
 31
0.0
  0
LINE
  5
665
330
17
100
AcDbEntity
  8
可见轮廓
100
AcDbLine
 10
40.15209074984202
 20
-105.18118030127854
 30
0.0
 11
40.122285017322014
 21
-105.20953558851922
 31
0.0
  0
LINE
  5
666
330
17
100
AcDbEntity
  8
可见轮廓
100
AcDbLine
 10
40.18118030127853
 20
-105.15209074984203
 30
0.0
 11
40.15209074984202
 21
-105.18118030127854
 31
0.0
  0
LINE
  5
667
330
17
100
AcDbEntity
  8
可见轮廓
100
AcDbLine
 10
40.20953558851921
 20
-105.12228501732203
 30
0.0
 11
40.18118030127853
 21
-105.15209074984203
 31
0.0
  0
LINE
  5
668
330
17
100
AcDbEntity
  8
可见轮廓
100
AcDbLine
 10
40.23713898489676
 20
-105.09178163203482
 30
0.0
 11
40.20953558851921
 21
-105.12228501732203
 31
0.0
  0
LINE
  5
669
330
17
100
AcDbEntity
  8
可见轮廓
100
AcDbLine
 10
40.26397333114631
 20
-105.0605995559828
 30
0.0
 11
40.23713898489676
 21
-105.09178163203482
 31
0.0
  0
LINE
  5
66A
330
17
100
AcDbEntity
  8
可见轮廓
100
AcDbLine
 10
40.290021946072244
 20
-105.02875817306692
 30
0.0
 11
40.26397333114631
 21
-105.0605995559828
 31
0.0
  0
LINE
  5
66B
330
17
100
AcDbEntity
  8
可见轮廓
100
AcDbLine
 10
40.31526863691782
 20
-104.99627727703705
 30
0.0
 11
40.290021946072244
 21
-105.02875817306692
 31
0.0
  0
LINE
  5
66C
330
17
100
AcDbEntity
  8
可见轮廓
100
AcDbLine
 10
40.339697709431164
 20
-104.96317705918742
 30
0.0
 11
40.31526863691782
 21
-104.99627727703705
 31
0.0
  0
LINE
  5
66D
330
17
100
AcDbEntity
  8
可见轮廓
100
AcDbLine
 10
40.36329397762139
 20
-104.92947809580498
 30
0.0
 11
40.339697709431164
 21
-104.96317705918742
 31
0.0
  0
LINE
  5
66E
330
17
100
AcDbEntity
  8
可见轮廓
100
AcDbLine
 10
40.38604277319877
 20
-104.89520133537852
 30
0.0
 11
40.36329397762139
 21
-104.92947809580498
 31
0.0
  0
LINE
  5
66F
330
17
100
AcDbEntity
  8
可见轮廓
100
AcDbLine
 10
40.40792995469306
 20
-104.86036808557618
 30
0.0
 11
40.38604277319877
 21
-104.89520133537852
 31
0.0
  0
LINE
  5
670
330
17
100
AcDbEntity
  8
可见轮廓
100
AcDbLine
 10
40.42894191624433
 20
-104.82500000000002
 30
0.0
 11
40.40792995469306
 21
-104.86036808557618
 31
0.0
  0
LINE
  5
671
330
17
100
AcDbEntity
  8
可见轮廓
100
AcDbLine
 10
40.449065596060876
 20
-104.78911906472518
 30
0.0
 11
40.42894191624433
 21
-104.82500000000002
 31
0.0
  0
LINE
  5
672
330
17
100
AcDbEntity
  8
可见轮廓
100
AcDbLine
 10
40.468288484538924
 20
-104.75274758463273
 30
0.0
 11
40.449065596060876
 21
-104.78911906472518
 31
0.0
  0
LINE
  5
673
330
17
100
AcDbEntity
  8
可见轮廓
100
AcDbLine
 10
40.48659863203899
 20
-104.71590816954398
 30
0.0
 11
40.468288484538924
 21
-104.75274758463273
 31
0.0
  0
LINE
  5
674
330
17
100
AcDbEntity
  8
可见轮廓
100
AcDbLine
 10
40.50398465631426
 20
-104.67862372016552
 30
0.0
 11
40.48659863203899
 21
-104.71590816954398
 31
0.0
  0
LINE
  5
675
330
17
100
AcDbEntity
  8
可见轮廓
100
AcDbLine
 10
40.52043574958617
 20
-104.64091741385326
 30
0.0
 11
40.50398465631426
 21
-104.67862372016552
 31
0.0
  0
LINE
  5
676
330
17
100
AcDbEntity
  8
可见轮廓
100
AcDbLine
 10
40.53594168526294
 20
-104.60281269020456
 30
0.0
 11
40.52043574958617
 21
-104.64091741385326
 31
0.0
  0
LINE
  5
677
330
17
100
AcDbEntity
  8
可见轮廓
100
AcDbLine
 10
40.550492824296754
 20
-104.56433323648736
 30
0.0
 11
40.53594168526294
 21
-104.60281269020456
 31
0.0
  0
LINE
  5
678
330
17
100
AcDbEntity
  8
可见轮廓
100
AcDbLine
 10
40.56408012117576
 20
-104.52550297291529
 30
0.0
 11
40.550492824296754
 21
-104.56433323648736
 31
0.0
  0
LINE
  5
679
330
17
100
AcDbEntity
  8
可见轮廓
100
AcDbLine
 10
40.57669512954713
 20
-104.48634603777799
 30
0.0
 11
40.56408012117576
 21
-104.52550297291529
 31
0.0
  0
LINE
  5
67A
330
17
100
AcDbEntity
  8
可见轮廓
100
AcDbLine
 10
40.58833000746752
 20
-104.44688677243596
 30
0.0
 11
40.57669512954713
 21
-104.48634603777799
 31
0.0
  0
LINE
  5
67B
330
17
100
AcDbEntity
  8
可见轮廓
100
AcDbLine
 10
40.59897752227798
 20
-104.40714970618899
 30
0.0
 11
40.58833000746752
 21
-104.44688677243596
 31
0.0
  0
LINE
  5
67C
330
17
100
AcDbEntity
  8
可见轮廓
100
AcDbLine
 10
40.608631055100005
 20
-104.36715954102793
 30
0.0
 11
40.59897752227798
 21
-104.40714970618899
 31
0.0
  0
LINE
  5
67D
330
17
100
AcDbEntity
  8
可见轮廓
100
AcDbLine
 10
40.6172846049501
 20
-104.32694113627902
 30
0.0
 11
40.608631055100005
 21
-104.36715954102793
 31
0.0
  0
LINE
  5
67E
330
17
100
AcDbEntity
  8
可见轮廓
100
AcDbLine
 10
40.62493279247015
 20
-104.28651949315045
 30
0.0
 11
40.6172846049501
 21
-104.32694113627902
 31
0.0
  0
LINE
  5
67F
330
17
100
AcDbEntity
  8
可见轮廓
100
AcDbLine
 10
40.63157086327146
 20
-104.2459197391907
 30
0.0
 11
40.62493279247015
 21
-104.28651949315045
 31
0.0
  0
LINE
  5
680
330
17
100
AcDbEntity
  8
可见轮廓
100
AcDbLine
 10
40.63719469089028
 20
-104.20516711266836
 30
0.0
 11
40.63157086327146
 21
-104.2459197391907
 31
0.0
  0
LINE
  5
681
330
17
100
AcDbEntity
  8
可见轮廓
100
AcDbLine
 10
40.64180077935291
 20
-104.16428694688311
 30
0.0
 11
40.63719469089028
 21
-104.20516711266836
 31
0.0
  0
LINE
  5
682
330
17
100
AcDbEntity
  8
可见轮廓
100
AcDbLine
 10
40.64538626534895
 20
-104.12330465441761
 30
0.0
 11
40.64180077935291
 21
-104.16428694688311
 31
0.0
  0
LINE
  5
683
330
17
100
AcDbEntity
  8
可见轮廓
100
AcDbLine
 10
40.647948920011224
 20
-104.08224571134016
 30
0.0
 11
40.64538626534895
 21
-104.12330465441761
 31
0.0
  0
LINE
  5
684
330
17
100
AcDbEntity
  8
可见轮廓
100
AcDbLine
 10
40.64948715030135
 20
-104.04113564136783
 30
0.0
 11
40.647948920011224
 21
-104.08224571134016
 31
0.0
  0
LINE
  5
685
330
17
100
AcDbEntity
  8
可见轮廓
100
AcDbLine
 10
40.650000000000006
 20
-104.0
 30
0.0
 11
40.64948715030135
 21
-104.04113564136783
 31
0.0
  0
LINE
  5
686
330
17
100
AcDbEntity
  8
可见轮廓
100
AcDbLine
 10
40.649487150301354
 20
-103.95886435863218
 30
0.0
 11
40.650000000000006
 21
-104.0
 31
0.0
  0
LINE
  5
687
330
17
100
AcDbEntity
  8
可见轮廓
100
AcDbLine
 10
40.647948920011224
 20
-103.91775428865986
 30
0.0
 11
40.649487150301354
 21
-103.95886435863218
 31
0.0
  0
LINE
  5
688
330
17
100
AcDbEntity
  8
可见轮廓
100
AcDbLine
 10
40.64538626534895
 20
-103.8766953455824
 30
0.0
 11
40.647948920011224
 21
-103.91775428865986
 31
0.0
  0
LINE
  5
689
330
17
100
AcDbEntity
  8
可见轮廓
100
AcDbLine
 10
40.64180077935291
 20
-103.8357130531169
 30
0.0
 11
40.64538626534895
 21
-103.8766953455824
 31
0.0
  0
LINE
  5
68A
330
17
100
AcDbEntity
  8
可见轮廓
100
AcDbLine
 10
40.63719469089028
 20
-103.79483288733165
 30
0.0
 11
40.64180077935291
 21
-103.8357130531169
 31
0.0
  0
LINE
  5
68B
330
17
100
AcDbEntity
  8
可见轮廓
100
AcDbLine
 10
40.63157086327146
 20
-103.75408026080932
 30
0.0
 11
40.63719469089028
 21
-103.79483288733165
 31
0.0
  0
LINE
  5
68C
330
17
100
AcDbEntity
  8
可见轮廓
100
AcDbLine
 10
40.62493279247015
 20
-103.71348050684958
 30
0.0
 11
40.63157086327146
 21
-103.75408026080932
 31
0.0
  0
LINE
  5
68D
330
17
100
AcDbEntity
  8
可见轮廓
100
AcDbLine
 10
40.6172846049501
 20
-103.673058863721
 30
0.0
 11
40.62493279247015
 21
-103.71348050684958
 31
0.0
  0
LINE
  5
68E
330
17
100
AcDbEntity
  8
可见轮廓
100
AcDbLine
 10
40.60863105510001
 20
-103.63284045897208
 30
0.0
 11
40.6172846049501
 21
-103.673058863721
 31
0.0
  0
LINE
  5
68F
330
17
100
AcDbEntity
  8
可见轮廓
100
AcDbLine
 10
40.59897752227798
 20
-103.59285029381103
 30
0.0
 11
40.60863105510001
 21
-103.63284045897208
 31
0.0
  0
LINE
  5
690
330
17
100
AcDbEntity
  8
可见轮廓
100
AcDbLine
 10
40.58833000746752
 20
-103.55311322756404
 30
0.0
 11
40.59897752227798
 21
-103.59285029381103
 31
0.0
  0
LINE
  5
691
330
17
100
AcDbEntity
  8
可见轮廓
100
AcDbLine
 10
40.57669512954713
 20
-103.51365396222201
 30
0.0
 11
40.58833000746752
 21
-103.55311322756404
 31
0.0
  0
LINE
  5
692
330
17
100
AcDbEntity
  8
可见轮廓
100
AcDbLine
 10
40.56408012117577
 20
-103.47449702708472
 30
0.0
 11
40.57669512954713
 21
-103.51365396222201
 31
0.0
  0
LINE
  5
693
330
17
100
AcDbEntity
  8
可见轮廓
100
AcDbLine
 10
40.550492824296754
 20
-103.43566676351264
 30
0.0
 11
40.56408012117577
 21
-103.47449702708472
 31
0.0
  0
LINE
  5
694
330
17
100
AcDbEntity
  8
可见轮廓
100
AcDbLine
 10
40.53594168526294
 20
-103.39718730979546
 30
0.0
 11
40.550492824296754
 21
-103.43566676351264
 31
0.0
  0
LINE
  5
695
330
17
100
AcDbEntity
  8
可见轮廓
100
AcDbLine
 10
40.52043574958617
 20
-103.35908258614676
 30
0.0
 11
40.53594168526294
 21
-103.39718730979546
 31
0.0
  0
LINE
  5
696
330
17
100
AcDbEntity
  8
可见轮廓
100
AcDbLine
 10
40.50398465631426
 20
-103.3213762798345
 30
0.0
 11
40.52043574958617
 21
-103.35908258614676
 31
0.0
  0
LINE
  5
697
330
17
100
AcDbEntity
  8
可见轮廓
100
AcDbLine
 10
40.48659863203899
 20
-103.28409183045603
 30
0.0
 11
40.50398465631426
 21
-103.3213762798345
 31
0.0
  0
LINE
  5
698
330
17
100
AcDbEntity
  8
可见轮廓
100
AcDbLine
 10
40.468288484538924
 20
-103.24725241536729
 30
0.0
 11
40.48659863203899
 21
-103.28409183045603
 31
0.0
  0
LINE
  5
699
330
17
100
AcDbEntity
  8
可见轮廓
100
AcDbLine
 10
40.449065596060876
 20
-103.21088093527483
 30
0.0
 11
40.468288484538924
 21
-103.24725241536729
 31
0.0
  0
LINE
  5
69A
330
17
100
AcDbEntity
  8
可见轮廓
100
AcDbLine
 10
40.42894191624433
 20
-103.17500000000001
 30
0.0
 11
40.449065596060876
 21
-103.21088093527483
 31
0.0
  0
LINE
  5
69B
330
17
100
AcDbEntity
  8
可见轮廓
100
AcDbLine
 10
40.40792995469306
 20
-103.13963191442383
 30
0.0
 11
40.42894191624433
 21
-103.17500000000001
 31
0.0
  0
LINE
  5
69C
330
17
100
AcDbEntity
  8
可见轮廓
100
AcDbLine
 10
40.386042773198774
 20
-103.1047986646215
 30
0.0
 11
40.40792995469306
 21
-103.13963191442383
 31
0.0
  0
LINE
  5
69D
330
17
100
AcDbEntity
  8
可见轮廓
100
AcDbLine
 10
40.363293977621396
 20
-103.07052190419503
 30
0.0
 11
40.386042773198774
 21
-103.1047986646215
 31
0.0
  0
LINE
  5
69E
330
17
100
AcDbEntity
  8
可见轮廓
100
AcDbLine
 10
40.339697709431164
 20
-103.0368229408126
 30
0.0
 11
40.363293977621396
 21
-103.07052190419503
 31
0.0
  0
LINE
  5
69F
330
17
100
AcDbEntity
  8
可见轮廓
100
AcDbLine
 10
40.31526863691782
 20
-103.00372272296296
 30
0.0
 11
40.339697709431164
 21
-103.0368229408126
 31
0.0
  0
LINE
  5
6A0
330
17
100
AcDbEntity
  8
可见轮廓
100
AcDbLine
 10
40.29002194607225
 20
-102.9712418269331
 30
0.0
 11
40.31526863691782
 21
-103.00372272296296
 31
0.0
  0
LINE
  5
6A1
330
17
100
AcDbEntity
  8
可见轮廓
100
AcDbLine
 10
40.26397333114632
 20
-102.93940044401721
 30
0.0
 11
40.29002194607225
 21
-102.9712418269331
 31
0.0
  0
LINE
  5
6A2
330
17
100
AcDbEntity
  8
可见轮廓
100
AcDbLine
 10
40.23713898489676
 20
-102.90821836796519
 30
0.0
 11
40.26397333114632
 21
-102.93940044401721
 31
0.0
  0
LINE
  5
6A3
330
17
100
AcDbEntity
  8
可见轮廓
100
AcDbLine
 10
40.209535588519216
 20
-102.87771498267799
 30
0.0
 11
40.23713898489676
 21
-102.90821836796519
 31
0.0
  0
LINE
  5
6A4
330
17
100
AcDbEntity
  8
可见轮廓
100
AcDbLine
 10
40.18118030127854
 20
-102.84790925015798
 30
0.0
 11
40.209535588519216
 21
-102.87771498267799
 31
0.0
  0
LINE
  5
6A5
330
17
100
AcDbEntity
  8
可见轮廓
100
AcDbLine
 10
40.15209074984202
 20
-102.81881969872147
 30
0.0
 11
40.18118030127854
 21
-102.84790925015798
 31
0.0
  0
LINE
  5
6A6
330
17
100
AcDbEntity
  8
可见轮廓
100
AcDbLine
 10
40.12228501732202
 20
-102.7904644114808
 30
0.0
 11
40.15209074984202
 21
-102.81881969872147
 31
0.0
  0
LINE
  5
6A7
330
17
100
AcDbEntity
  8
可见轮廓
100
AcDbLine
 10
40.091781632034824
 20
-102.76286101510324
 30
0.0
 11
40.12228501732202
 21
-102.7904644114808
 31
0.0
  0
LINE
  5
6A8
330
17
100
AcDbEntity
  8
可见轮廓
100
AcDbLine
 10
40.06059955598279
 20
-102.7360266688537
 30
0.0
 11
40.091781632034824
 21
-102.76286101510324
 31
0.0
  0
LINE
  5
6A9
330
17
100
AcDbEntity
  8
可见轮廓
100
AcDbLine
 10
40.02875817306691
 20
-102.70997805392776
 30
0.0
 11
40.06059955598279
 21
-102.7360266688537
 31
0.0
  0
LINE
  5
6AA
330
17
100
AcDbEntity
  8
可见轮廓
100
AcDbLine
 10
39.99627727703704
 20
-102.68473136308218
 30
0.0
 11
40.02875817306691
 21
-102.70997805392776
 31
0.0
  0
LINE
  5
6AB
330
17
100
AcDbEntity
  8
可见轮廓
100
AcDbLine
 10
39.9631770591874
 20
-102.66030229056884
 30
0.0
 11
39.99627727703704
 21
-102.68473136308218
 31
0.0
  0
LINE
  5
6AC
330
17
100
AcDbEntity
  8
可见轮廓
100
AcDbLine
 10
39.92947809580498
 20
-102.6367060223786
 30
0.0
 11
39.9631770591874
 21
-102.66030229056884
 31
0.0
  0
LINE
  5
6AD
330
17
100
AcDbEntity
  8
可见轮廓
100
AcDbLine
 10
39.8952013353785
 20
-102.61395722680123
 30
0.0
 11
39.92947809580498
 21
-102.6367060223786
 31
0.0
  0
LINE
  5
6AE
330
17
100
AcDbEntity
  8
可见轮廓
100
AcDbLine
 10
39.86036808557617
 20
-102.59207004530694
 30
0.0
 11
39.8952013353785
 21
-102.61395722680123
 31
0.0
  0
LINE
  5
6AF
330
17
100
AcDbEntity
  8
可见轮廓
100
AcDbLine
 10
39.825
 20
-102.57105808375567
 30
0.0
 11
39.86036808557617
 21
-102.59207004530694
 31
0.0
  0
LINE
  5
6B0
330
17
100
AcDbEntity
  8
可见轮廓
100
AcDbLine
 10
39.78911906472518
 20
-102.55093440393912
 30
0.0
 11
39.825
 21
-102.57105808375567
 31
0.0
  0
LINE
  5
6B1
330
17
100
AcDbEntity
  8
可见轮廓
100
AcDbLine
 10
39.75274758463272
 20
-102.53171151546108
 30
0.0
 11
39.78911906472518
 21
-102.55093440393912
 31
0.0
  0
LINE
  5
6B2
330
17
100
AcDbEntity
  8
可见轮廓
100
AcDbLine
 10
39.71590816954397
 20
-102.51340136796101
 30
0.0
 11
39.75274758463272
 21
-102.53171151546108
 31
0.0
  0
LINE
  5
6B3
330
17
100
AcDbEntity
  8
可见轮廓
100
AcDbLine
 10
39.67862372016551
 20
-102.49601534368574
 30
0.0
 11
39.71590816954397
 21
-102.51340136796101
 31
0.0
  0
LINE
  5
6B4
330
17
100
AcDbEntity
  8
可见轮廓
100
AcDbLine
 10
39.640917413853245
 20
-102.47956425041383
 30
0.0
 11
39.67862372016551
 21
-102.49601534368574
 31
0.0
  0
LINE
  5
6B5
330
17
100
AcDbEntity
  8
可见轮廓
100
AcDbLine
 10
39.60281269020456
 20
-102.46405831473706
 30
0.0
 11
39.640917413853245
 21
-102.47956425041383
 31
0.0
  0
LINE
  5
6B6
330
17
100
AcDbEntity
  8
可见轮廓
100
AcDbLine
 10
39.56433323648736
 20
-102.44950717570326
 30
0.0
 11
39.60281269020456
 21
-102.46405831473706
 31
0.0
  0
LINE
  5
6B7
330
17
100
AcDbEntity
  8
可见轮廓
100
AcDbLine
 10
39.525502972915284
 20
-102.43591987882424
 30
0.0
 11
39.56433323648736
 21
-102.44950717570326
 31
0.0
  0
LINE
  5
6B8
330
17
100
AcDbEntity
  8
可见轮廓
100
AcDbLine
 10
39.48634603777799
 20
-102.42330487045288
 30
0.0
 11
39.525502972915284
 21
-102.43591987882424
 31
0.0
  0
LINE
  5
6B9
330
17
100
AcDbEntity
  8
可见轮廓
100
AcDbLine
 10
39.44688677243596
 20
-102.41166999253248
 30
0.0
 11
39.48634603777799
 21
-102.42330487045288
 31
0.0
  0
LINE
  5
6BA
330
17
100
AcDbEntity
  8
可见轮廓
100
AcDbLine
 10
39.40714970618899
 20
-102.40102247772202
 30
0.0
 11
39.44688677243596
 21
-102.41166999253248
 31
0.0
  0
LINE
  5
6BB
330
17
100
AcDbEntity
  8
可见轮廓
100
AcDbLine
 10
39.36715954102792
 20
-102.3913689449
 30
0.0
 11
39.40714970618899
 21
-102.40102247772202
 31
0.0
  0
LINE
  5
6BC
330
17
100
AcDbEntity
  8
可见轮廓
100
AcDbLine
 10
39.32694113627901
 20
-102.3827153950499
 30
0.0
 11
39.36715954102792
 21
-102.3913689449
 31
0.0
  0
LINE
  5
6BD
330
17
100
AcDbEntity
  8
可见轮廓
100
AcDbLine
 10
39.286519493150436
 20
-102.37506720752987
 30
0.0
 11
39.32694113627901
 21
-102.3827153950499
 31
0.0
  0
LINE
  5
6BE
330
17
100
AcDbEntity
  8
可见轮廓
100
AcDbLine
 10
39.24591973919069
 20
-102.36842913672854
 30
0.0
 11
39.286519493150436
 21
-102.37506720752987
 31
0.0
  0
LINE
  5
6BF
330
17
100
AcDbEntity
  8
可见轮廓
100
AcDbLine
 10
39.20516711266835
 20
-102.36280530910972
 30
0.0
 11
39.24591973919069
 21
-102.36842913672854
 31
0.0
  0
LINE
  5
6C0
330
17
100
AcDbEntity
  8
可见轮廓
100
AcDbLine
 10
39.1642869468831
 20
-102.3581992206471
 30
0.0
 11
39.20516711266835
 21
-102.36280530910972
 31
0.0
  0
LINE
  5
6C1
330
17
100
AcDbEntity
  8
可见轮廓
100
AcDbLine
 10
39.1233046544176
 20
-102.35461373465105
 30
0.0
 11
39.1642869468831
 21
-102.3581992206471
 31
0.0
  0
LINE
  5
6C2
330
17
100
AcDbEntity
  8
可见轮廓
100
AcDbLine
 10
39.08224571134015
 20
-102.35205107998878
 30
0.0
 11
39.1233046544176
 21
-102.35461373465105
 31
0.0
  0
LINE
  5
6C3
330
17
100
AcDbEntity
  8
可见轮廓
100
AcDbLine
 10
39.04113564136782
 20
-102.35051284969866
 30
0.0
 11
39.08224571134015
 21
-102.35205107998878
 31
0.0
  0
LINE
  5
6C4
330
17
100
AcDbEntity
  8
可见轮廓
100
AcDbLine
 10
39.0
 20
-102.35000000000001
 30
0.0
 11
39.04113564136782
 21
-102.35051284969866
 31
0.0
  0
LINE
  5
6C5
330
17
100
AcDbEntity
  8
可见轮廓
100
AcDbLine
 10
22.041135641367813
 20
-66.64948715030134
 30
0.0
 11
22.000000000000007
 21
-66.64999999999999
 31
0.0
  0
LINE
  5
6C6
330
17
100
AcDbEntity
  8
可见轮廓
100
AcDbLine
 10
22.082245711340143
 20
-66.64794892001122
 30
0.0
 11
22.041135641367813
 21
-66.64948715030134
 31
0.0
  0
LINE
  5
6C7
330
17
100
AcDbEntity
  8
可见轮廓
100
AcDbLine
 10
22.123304654417595
 20
-66.64538626534895
 30
0.0
 11
22.082245711340143
 21
-66.64794892001122
 31
0.0
  0
LINE
  5
6C8
330
17
100
AcDbEntity
  8
可见轮廓
100
AcDbLine
 10
22.16428694688309
 20
-66.6418007793529
 30
0.0
 11
22.123304654417595
 21
-66.64538626534895
 31
0.0
  0
LINE
  5
6C9
330
17
100
AcDbEntity
  8
可见轮廓
100
AcDbLine
 10
22.205167112668345
 20
-66.63719469089028
 30
0.0
 11
22.16428694688309
 21
-66.6418007793529
 31
0.0
  0
LINE
  5
6CA
330
17
100
AcDbEntity
  8
可见轮廓
100
AcDbLine
 10
22.245919739190683
 20
-66.63157086327146
 30
0.0
 11
22.205167112668345
 21
-66.63719469089028
 31
0.0
  0
LINE
  5
6CB
330
17
100
AcDbEntity
  8
可见轮廓
100
AcDbLine
 10
22.28651949315043
 20
-66.62493279247013
 30
0.0
 11
22.245919739190683
 21
-66.63157086327146
 31
0.0
  0
LINE
  5
6CC
330
17
100
AcDbEntity
  8
可见轮廓
100
AcDbLine
 10
22.326941136279
 20
-66.6172846049501
 30
0.0
 11
22.28651949315043
 21
-66.62493279247013
 31
0.0
  0
LINE
  5
6CD
330
17
100
AcDbEntity
  8
可见轮廓
100
AcDbLine
 10
22.367159541027913
 20
-66.6086310551
 30
0.0
 11
22.326941136279
 21
-66.6172846049501
 31
0.0
  0
LINE
  5
6CE
330
17
100
AcDbEntity
  8
可见轮廓
100
AcDbLine
 10
22.40714970618898
 20
-66.59897752227798
 30
0.0
 11
22.367159541027913
 21
-66.6086310551
 31
0.0
  0
LINE
  5
6CF
330
17
100
AcDbEntity
  8
可见轮廓
100
AcDbLine
 10
22.446886772435953
 20
-66.58833000746752
 30
0.0
 11
22.40714970618898
 21
-66.59897752227798
 31
0.0
  0
LINE
  5
6D0
330
17
100
AcDbEntity
  8
可见轮廓
100
AcDbLine
 10
22.486346037777988
 20
-66.57669512954713
 30
0.0
 11
22.446886772435953
 21
-66.58833000746752
 31
0.0
  0
LINE
  5
6D1
330
17
100
AcDbEntity
  8
可见轮廓
100
AcDbLine
 10
22.525502972915277
 20
-66.56408012117576
 30
0.0
 11
22.486346037777988
 21
-66.57669512954713
 31
0.0
  0
LINE
  5
6D2
330
17
100
AcDbEntity
  8
可见轮廓
100
AcDbLine
 10
22.56433323648735
 20
-66.55049282429675
 30
0.0
 11
22.525502972915277
 21
-66.56408012117576
 31
0.0
  0
LINE
  5
6D3
330
17
100
AcDbEntity
  8
可见轮廓
100
AcDbLine
 10
22.602812690204548
 20
-66.53594168526294
 30
0.0
 11
22.56433323648735
 21
-66.55049282429675
 31
0.0
  0
LINE
  5
6D4
330
17
100
AcDbEntity
  8
可见轮廓
100
AcDbLine
 10
22.64091741385324
 20
-66.52043574958617
 30
0.0
 11
22.602812690204548
 21
-66.53594168526294
 31
0.0
  0
LINE
  5
6D5
330
17
100
AcDbEntity
  8
可见轮廓
100
AcDbLine
 10
22.678623720165504
 20
-66.50398465631426
 30
0.0
 11
22.64091741385324
 21
-66.52043574958617
 31
0.0
  0
LINE
  5
6D6
330
17
100
AcDbEntity
  8
可见轮廓
100
AcDbLine
 10
22.71590816954397
 20
-66.48659863203899
 30
0.0
 11
22.678623720165504
 21
-66.50398465631426
 31
0.0
  0
LINE
  5
6D7
330
17
100
AcDbEntity
  8
可见轮廓
100
AcDbLine
 10
22.752747584632715
 20
-66.46828848453893
 30
0.0
 11
22.71590816954397
 21
-66.48659863203899
 31
0.0
  0
LINE
  5
6D8
330
17
100
AcDbEntity
  8
可见轮廓
100
AcDbLine
 10
22.789119064725174
 20
-66.44906559606088
 30
0.0
 11
22.752747584632715
 21
-66.46828848453893
 31
0.0
  0
LINE
  5
6D9
330
17
100
AcDbEntity
  8
可见轮廓
100
AcDbLine
 10
22.824999999999996
 20
-66.42894191624433
 30
0.0
 11
22.789119064725174
 21
-66.44906559606088
 31
0.0
  0
LINE
  5
6DA
330
17
100
AcDbEntity
  8
可见轮廓
100
AcDbLine
 10
22.86036808557617
 20
-66.40792995469306
 30
0.0
 11
22.824999999999996
 21
-66.42894191624433
 31
0.0
  0
LINE
  5
6DB
330
17
100
AcDbEntity
  8
可见轮廓
100
AcDbLine
 10
22.895201335378502
 20
-66.38604277319877
 30
0.0
 11
22.86036808557617
 21
-66.40792995469306
 31
0.0
  0
LINE
  5
6DC
330
17
100
AcDbEntity
  8
可见轮廓
100
AcDbLine
 10
22.929478095804974
 20
-66.3632939776214
 30
0.0
 11
22.895201335378502
 21
-66.38604277319877
 31
0.0
  0
LINE
  5
6DD
330
17
100
AcDbEntity
  8
可见轮廓
100
AcDbLine
 10
22.9631770591874
 20
-66.33969770943116
 30
0.0
 11
22.929478095804974
 21
-66.3632939776214
 31
0.0
  0
LINE
  5
6DE
330
17
100
AcDbEntity
  8
可见轮廓
100
AcDbLine
 10
22.996277277037038
 20
-66.31526863691782
 30
0.0
 11
22.9631770591874
 21
-66.33969770943116
 31
0.0
  0
LINE
  5
6DF
330
17
100
AcDbEntity
  8
可见轮廓
100
AcDbLine
 10
23.028758173066908
 20
-66.29002194607224
 30
0.0
 11
22.996277277037038
 21
-66.31526863691782
 31
0.0
  0
LINE
  5
6E0
330
17
100
AcDbEntity
  8
可见轮廓
100
AcDbLine
 10
23.06059955598279
 20
-66.26397333114632
 30
0.0
 11
23.028758173066908
 21
-66.29002194607224
 31
0.0
  0
LINE
  5
6E1
330
17
100
AcDbEntity
  8
可见轮廓
100
AcDbLine
 10
23.091781632034817
 20
-66.23713898489676
 30
0.0
 11
23.06059955598279
 21
-66.26397333114632
 31
0.0
  0
LINE
  5
6E2
330
17
100
AcDbEntity
  8
可见轮廓
100
AcDbLine
 10
23.122285017322017
 20
-66.20953558851922
 30
0.0
 11
23.091781632034817
 21
-66.23713898489676
 31
0.0
  0
LINE
  5
6E3
330
17
100
AcDbEntity
  8
可见轮廓
100
AcDbLine
 10
23.15209074984202
 20
-66.18118030127854
 30
0.0
 11
23.122285017322017
 21
-66.20953558851922
 31
0.0
  0
LINE
  5
6E4
330
17
100
AcDbEntity
  8
可见轮廓
100
AcDbLine
 10
23.181180301278534
 20
-66.15209074984202
 30
0.0
 11
23.15209074984202
 21
-66.18118030127854
 31
0.0
  0
LINE
  5
6E5
330
17
100
AcDbEntity
  8
可见轮廓
100
AcDbLine
 10
23.209535588519213
 20
-66.12228501732201
 30
0.0
 11
23.181180301278534
 21
-66.15209074984202
 31
0.0
  0
LINE
  5
6E6
330
17
100
AcDbEntity
  8
可见轮廓
100
AcDbLine
 10
23.237138984896763
 20
-66.09178163203482
 30
0.0
 11
23.209535588519213
 21
-66.12228501732201
 31
0.0
  0
LINE
  5
6E7
330
17
100
AcDbEntity
  8
可见轮廓
100
AcDbLine
 10
23.263973331146314
 20
-66.06059955598279
 30
0.0
 11
23.237138984896763
 21
-66.09178163203482
 31
0.0
  0
LINE
  5
6E8
330
17
100
AcDbEntity
  8
可见轮廓
100
AcDbLine
 10
23.29002194607225
 20
-66.0287581730669
 30
0.0
 11
23.263973331146314
 21
-66.06059955598279
 31
0.0
  0
LINE
  5
6E9
330
17
100
AcDbEntity
  8
可见轮廓
100
AcDbLine
 10
23.315268636917825
 20
-65.99627727703704
 30
0.0
 11
23.29002194607225
 21
-66.0287581730669
 31
0.0
  0
LINE
  5
6EA
330
17
100
AcDbEntity
  8
可见轮廓
100
AcDbLine
 10
23.339697709431164
 20
-65.9631770591874
 30
0.0
 11
23.315268636917825
 21
-65.99627727703704
 31
0.0
  0
LINE
  5
6EB
330
17
100
AcDbEntity
  8
可见轮廓
100
AcDbLine
 10
23.363293977621392
 20
-65.92947809580498
 30
0.0
 11
23.339697709431164
 21
-65.9631770591874
 31
0.0
  0
LINE
  5
6EC
330
17
100
AcDbEntity
  8
可见轮廓
100
AcDbLine
 10
23.386042773198774
 20
-65.8952013353785
 30
0.0
 11
23.363293977621392
 21
-65.92947809580498
 31
0.0
  0
LINE
  5
6ED
330
17
100
AcDbEntity
  8
可见轮廓
100
AcDbLine
 10
23.40792995469306
 20
-65.86036808557617
 30
0.0
 11
23.386042773198774
 21
-65.8952013353785
 31
0.0
  0
LINE
  5
6EE
330
17
100
AcDbEntity
  8
可见轮廓
100
AcDbLine
 10
23.428941916244327
 20
-65.825
 30
0.0
 11
23.40792995469306
 21
-65.86036808557617
 31
0.0
  0
LINE
  5
6EF
330
17
100
AcDbEntity
  8
可见轮廓
100
AcDbLine
 10
23.44906559606088
 20
-65.78911906472518
 30
0.0
 11
23.428941916244327
 21
-65.825
 31
0.0
  0
LINE
  5
6F0
330
17
100
AcDbEntity
  8
可见轮廓
100
AcDbLine
 10
23.468288484538927
 20
-65.75274758463271
 30
0.0
 11
23.44906559606088
 21
-65.78911906472518
 31
0.0
  0
LINE
  5
6F1
330
17
100
AcDbEntity
  8
可见轮廓
100
AcDbLine
 10
23.486598632038994
 20
-65.71590816954398
 30
0.0
 11
23.468288484538927
 21
-65.75274758463271
 31
0.0
  0
LINE
  5
6F2
330
17
100
AcDbEntity
  8
可见轮廓
100
AcDbLine
 10
23.503984656314262
 20
-65.67862372016552
 30
0.0
 11
23.486598632038994
 21
-65.71590816954398
 31
0.0
  0
LINE
  5
6F3
330
17
100
AcDbEntity
  8
可见轮廓
100
AcDbLine
 10
23.520435749586177
 20
-65.64091741385324
 30
0.0
 11
23.503984656314262
 21
-65.67862372016552
 31
0.0
  0
LINE
  5
6F4
330
17
100
AcDbEntity
  8
可见轮廓
100
AcDbLine
 10
23.53594168526294
 20
-65.60281269020456
 30
0.0
 11
23.520435749586177
 21
-65.64091741385324
 31
0.0
  0
LINE
  5
6F5
330
17
100
AcDbEntity
  8
可见轮廓
100
AcDbLine
 10
23.550492824296754
 20
-65.56433323648736
 30
0.0
 11
23.53594168526294
 21
-65.60281269020456
 31
0.0
  0
LINE
  5
6F6
330
17
100
AcDbEntity
  8
可见轮廓
100
AcDbLine
 10
23.56408012117577
 20
-65.52550297291528
 30
0.0
 11
23.550492824296754
 21
-65.56433323648736
 31
0.0
  0
LINE
  5
6F7
330
17
100
AcDbEntity
  8
可见轮廓
100
AcDbLine
 10
23.576695129547137
 20
-65.48634603777799
 30
0.0
 11
23.56408012117577
 21
-65.52550297291528
 31
0.0
  0
LINE
  5
6F8
330
17
100
AcDbEntity
  8
可见轮廓
100
AcDbLine
 10
23.588330007467523
 20
-65.44688677243596
 30
0.0
 11
23.576695129547137
 21
-65.48634603777799
 31
0.0
  0
LINE
  5
6F9
330
17
100
AcDbEntity
  8
可见轮廓
100
AcDbLine
 10
23.598977522277984
 20
-65.40714970618899
 30
0.0
 11
23.588330007467523
 21
-65.44688677243596
 31
0.0
  0
LINE
  5
6FA
330
17
100
AcDbEntity
  8
可见轮廓
100
AcDbLine
 10
23.608631055100012
 20
-65.36715954102792
 30
0.0
 11
23.598977522277984
 21
-65.40714970618899
 31
0.0
  0
LINE
  5
6FB
330
17
100
AcDbEntity
  8
可见轮廓
100
AcDbLine
 10
23.6172846049501
 20
-65.326941136279
 30
0.0
 11
23.608631055100012
 21
-65.36715954102792
 31
0.0
  0
LINE
  5
6FC
330
17
100
AcDbEntity
  8
可见轮廓
100
AcDbLine
 10
23.624932792470148
 20
-65.28651949315044
 30
0.0
 11
23.6172846049501
 21
-65.326941136279
 31
0.0
  0
LINE
  5
6FD
330
17
100
AcDbEntity
  8
可见轮廓
100
AcDbLine
 10
23.631570863271467
 20
-65.24591973919068
 30
0.0
 11
23.624932792470148
 21
-65.28651949315044
 31
0.0
  0
LINE
  5
6FE
330
17
100
AcDbEntity
  8
可见轮廓
100
AcDbLine
 10
23.63719469089029
 20
-65.20516711266835
 30
0.0
 11
23.631570863271467
 21
-65.24591973919068
 31
0.0
  0
LINE
  5
6FF
330
17
100
AcDbEntity
  8
可见轮廓
100
AcDbLine
 10
23.641800779352916
 20
-65.1642869468831
 30
0.0
 11
23.63719469089029
 21
-65.20516711266835
 31
0.0
  0
LINE
  5
700
330
17
100
AcDbEntity
  8
可见轮廓
100
AcDbLine
 10
23.645386265348954
 20
-65.1233046544176
 30
0.0
 11
23.641800779352916
 21
-65.1642869468831
 31
0.0
  0
LINE
  5
701
330
17
100
AcDbEntity
  8
可见轮廓
100
AcDbLine
 10
23.647948920011228
 20
-65.08224571134015
 30
0.0
 11
23.645386265348954
 21
-65.1233046544176
 31
0.0
  0
LINE
  5
702
330
17
100
AcDbEntity
  8
可见轮廓
100
AcDbLine
 10
23.64948715030135
 20
-65.04113564136782
 30
0.0
 11
23.647948920011228
 21
-65.08224571134015
 31
0.0
  0
LINE
  5
703
330
17
100
AcDbEntity
  8
可见轮廓
100
AcDbLine
 10
23.650000000000006
 20
-65.0
 30
0.0
 11
23.64948715030135
 21
-65.04113564136782
 31
0.0
  0
LINE
  5
704
330
17
100
AcDbEntity
  8
可见轮廓
100
AcDbLine
 10
23.64948715030135
 20
-64.95886435863218
 30
0.0
 11
23.650000000000006
 21
-65.0
 31
0.0
  0
LINE
  5
705
330
17
100
AcDbEntity
  8
可见轮廓
100
AcDbLine
 10
23.647948920011228
 20
-64.91775428865985
 30
0.0
 11
23.64948715030135
 21
-64.95886435863218
 31
0.0
  0
LINE
  5
706
330
17
100
AcDbEntity
  8
可见轮廓
100
AcDbLine
 10
23.645386265348954
 20
-64.87669534558239
 30
0.0
 11
23.647948920011228
 21
-64.91775428865985
 31
0.0
  0
LINE
  5
707
330
17
100
AcDbEntity
  8
可见轮廓
100
AcDbLine
 10
23.641800779352916
 20
-64.8357130531169
 30
0.0
 11
23.645386265348954
 21
-64.87669534558239
 31
0.0
  0
LINE
  5
708
330
17
100
AcDbEntity
  8
可见轮廓
100
AcDbLine
 10
23.63719469089029
 20
-64.79483288733165
 30
0.0
 11
23.641800779352916
 21
-64.8357130531169
 31
0.0
  0
LINE
  5
709
330
17
100
AcDbEntity
  8
可见轮廓
100
AcDbLine
 10
23.631570863271467
 20
-64.7540802608093
 30
0.0
 11
23.63719469089029
 21
-64.79483288733165
 31
0.0
  0
LINE
  5
70A
330
17
100
AcDbEntity
  8
可见轮廓
100
AcDbLine
 10
23.624932792470148
 20
-64.71348050684956
 30
0.0
 11
23.631570863271467
 21
-64.7540802608093
 31
0.0
  0
LINE
  5
70B
330
17
100
AcDbEntity
  8
可见轮廓
100
AcDbLine
 10
23.617284604950104
 20
-64.673058863721
 30
0.0
 11
23.624932792470148
 21
-64.71348050684956
 31
0.0
  0
LINE
  5
70C
330
17
100
AcDbEntity
  8
可见轮廓
100
AcDbLine
 10
23.608631055100016
 20
-64.63284045897208
 30
0.0
 11
23.617284604950104
 21
-64.673058863721
 31
0.0
  0
LINE
  5
70D
330
17
100
AcDbEntity
  8
可见轮廓
100
AcDbLine
 10
23.598977522277984
 20
-64.59285029381101
 30
0.0
 11
23.608631055100016
 21
-64.63284045897208
 31
0.0
  0
LINE
  5
70E
330
17
100
AcDbEntity
  8
可见轮廓
100
AcDbLine
 10
23.588330007467526
 20
-64.55311322756404
 30
0.0
 11
23.598977522277984
 21
-64.59285029381101
 31
0.0
  0
LINE
  5
70F
330
17
100
AcDbEntity
  8
可见轮廓
100
AcDbLine
 10
23.576695129547137
 20
-64.51365396222201
 30
0.0
 11
23.588330007467526
 21
-64.55311322756404
 31
0.0
  0
LINE
  5
710
330
17
100
AcDbEntity
  8
可见轮廓
100
AcDbLine
 10
23.564080121175774
 20
-64.47449702708472
 30
0.0
 11
23.576695129547137
 21
-64.51365396222201
 31
0.0
  0
LINE
  5
711
330
17
100
AcDbEntity
  8
可见轮廓
100
AcDbLine
 10
23.550492824296754
 20
-64.43566676351264
 30
0.0
 11
23.564080121175774
 21
-64.47449702708472
 31
0.0
  0
LINE
  5
712
330
17
100
AcDbEntity
  8
可见轮廓
100
AcDbLine
 10
23.53594168526294
 20
-64.39718730979544
 30
0.0
 11
23.550492824296754
 21
-64.43566676351264
 31
0.0
  0
LINE
  5
713
330
17
100
AcDbEntity
  8
可见轮廓
100
AcDbLine
 10
23.520435749586177
 20
-64.35908258614676
 30
0.0
 11
23.53594168526294
 21
-64.39718730979544
 31
0.0
  0
LINE
  5
714
330
17
100
AcDbEntity
  8
可见轮廓
100
AcDbLine
 10
23.503984656314266
 20
-64.32137627983448
 30
0.0
 11
23.520435749586177
 21
-64.35908258614676
 31
0.0
  0
LINE
  5
715
330
17
100
AcDbEntity
  8
可见轮廓
100
AcDbLine
 10
23.486598632038998
 20
-64.28409183045602
 30
0.0
 11
23.503984656314266
 21
-64.32137627983448
 31
0.0
  0
LINE
  5
716
330
17
100
AcDbEntity
  8
可见轮廓
100
AcDbLine
 10
23.468288484538927
 20
-64.24725241536729
 30
0.0
 11
23.486598632038998
 21
-64.28409183045602
 31
0.0
  0
LINE
  5
717
330
17
100
AcDbEntity
  8
可见轮廓
100
AcDbLine
 10
23.449065596060883
 20
-64.21088093527482
 30
0.0
 11
23.468288484538927
 21
-64.24725241536729
 31
0.0
  0
LINE
  5
718
330
17
100
AcDbEntity
  8
可见轮廓
100
AcDbLine
 10
23.42894191624433
 20
-64.175
 30
0.0
 11
23.449065596060883
 21
-64.21088093527482
 31
0.0
  0
LINE
  5
719
330
17
100
AcDbEntity
  8
可见轮廓
100
AcDbLine
 10
23.407929954693063
 20
-64.13963191442383
 30
0.0
 11
23.42894191624433
 21
-64.175
 31
0.0
  0
LINE
  5
71A
330
17
100
AcDbEntity
  8
可见轮廓
100
AcDbLine
 10
23.386042773198778
 20
-64.1047986646215
 30
0.0
 11
23.407929954693063
 21
-64.13963191442383
 31
0.0
  0
LINE
  5
71B
330
17
100
AcDbEntity
  8
可见轮廓
100
AcDbLine
 10
23.363293977621396
 20
-64.07052190419502
 30
0.0
 11
23.386042773198778
 21
-64.1047986646215
 31
0.0
  0
LINE
  5
71C
330
17
100
AcDbEntity
  8
可见轮廓
100
AcDbLine
 10
23.339697709431167
 20
-64.0368229408126
 30
0.0
 11
23.363293977621396
 21
-64.07052190419502
 31
0.0
  0
LINE
  5
71D
330
17
100
AcDbEntity
  8
可见轮廓
100
AcDbLine
 10
23.31526863691783
 20
-64.00372272296296
 30
0.0
 11
23.339697709431167
 21
-64.0368229408126
 31
0.0
  0
LINE
  5
71E
330
17
100
AcDbEntity
  8
可见轮廓
100
AcDbLine
 10
23.290021946072255
 20
-63.97124182693309
 30
0.0
 11
23.31526863691783
 21
-64.00372272296296
 31
0.0
  0
LINE
  5
71F
330
17
100
AcDbEntity
  8
可见轮廓
100
AcDbLine
 10
23.263973331146317
 20
-63.93940044401721
 30
0.0
 11
23.290021946072255
 21
-63.97124182693309
 31
0.0
  0
LINE
  5
720
330
17
100
AcDbEntity
  8
可见轮廓
100
AcDbLine
 10
23.237138984896767
 20
-63.908218367965176
 30
0.0
 11
23.263973331146317
 21
-63.93940044401721
 31
0.0
  0
LINE
  5
721
330
17
100
AcDbEntity
  8
可见轮廓
100
AcDbLine
 10
23.20953558851922
 20
-63.87771498267798
 30
0.0
 11
23.237138984896767
 21
-63.908218367965176
 31
0.0
  0
LINE
  5
722
330
17
100
AcDbEntity
  8
可见轮廓
100
AcDbLine
 10
23.18118030127854
 20
-63.847909250157976
 30
0.0
 11
23.20953558851922
 21
-63.87771498267798
 31
0.0
  0
LINE
  5
723
330
17
100
AcDbEntity
  8
可见轮廓
100
AcDbLine
 10
23.152090749842024
 20
-63.81881969872146
 30
0.0
 11
23.18118030127854
 21
-63.847909250157976
 31
0.0
  0
LINE
  5
724
330
17
100
AcDbEntity
  8
可见轮廓
100
AcDbLine
 10
23.12228501732202
 20
-63.790464411480784
 30
0.0
 11
23.152090749842024
 21
-63.81881969872146
 31
0.0
  0
LINE
  5
725
330
17
100
AcDbEntity
  8
可见轮廓
100
AcDbLine
 10
23.091781632034824
 20
-63.76286101510324
 30
0.0
 11
23.12228501732202
 21
-63.790464411480784
 31
0.0
  0
LINE
  5
726
330
17
100
AcDbEntity
  8
可见轮廓
100
AcDbLine
 10
23.060599555982794
 20
-63.73602666885368
 30
0.0
 11
23.091781632034824
 21
-63.76286101510324
 31
0.0
  0
LINE
  5
727
330
17
100
AcDbEntity
  8
可见轮廓
100
AcDbLine
 10
23.028758173066915
 20
-63.70997805392775
 30
0.0
 11
23.060599555982794
 21
-63.73602666885368
 31
0.0
  0
LINE
  5
728
330
17
100
AcDbEntity
  8
可见轮廓
100
AcDbLine
 10
22.99627727703704
 20
-63.68473136308218
 30
0.0
 11
23.028758173066915
 21
-63.70997805392775
 31
0.0
  0
LINE
  5
729
330
17
100
AcDbEntity
  8
可见轮廓
100
AcDbLine
 10
22.96317705918741
 20
-63.660302290568836
 30
0.0
 11
22.99627727703704
 21
-63.68473136308218
 31
0.0
  0
LINE
  5
72A
330
17
100
AcDbEntity
  8
可见轮廓
100
AcDbLine
 10
22.92947809580498
 20
-63.636706022378604
 30
0.0
 11
22.96317705918741
 21
-63.660302290568836
 31
0.0
  0
LINE
  5
72B
330
17
100
AcDbEntity
  8
可见轮廓
100
AcDbLine
 10
22.89520133537851
 20
-63.613957226801226
 30
0.0
 11
22.92947809580498
 21
-63.636706022378604
 31
0.0
  0
LINE
  5
72C
330
17
100
AcDbEntity
  8
可见轮廓
100
AcDbLine
 10
22.860368085576177
 20
-63.59207004530694
 30
0.0
 11
22.89520133537851
 21
-63.613957226801226
 31
0.0
  0
LINE
  5
72D
330
17
100
AcDbEntity
  8
可见轮廓
100
AcDbLine
 10
22.825000000000006
 20
-63.57105808375567
 30
0.0
 11
22.860368085576177
 21
-63.59207004530694
 31
0.0
  0
LINE
  5
72E
330
17
100
AcDbEntity
  8
可见轮廓
100
AcDbLine
 10
22.78911906472518
 20
-63.550934403939124
 30
0.0
 11
22.825000000000006
 21
-63.57105808375567
 31
0.0
  0
LINE
  5
72F
330
17
100
AcDbEntity
  8
可见轮廓
100
AcDbLine
 10
22.752747584632726
 20
-63.531711515461076
 30
0.0
 11
22.78911906472518
 21
-63.550934403939124
 31
0.0
  0
LINE
  5
730
330
17
100
AcDbEntity
  8
可见轮廓
100
AcDbLine
 10
22.715908169543976
 20
-63.51340136796101
 30
0.0
 11
22.752747584632726
 21
-63.531711515461076
 31
0.0
  0
LINE
  5
731
330
17
100
AcDbEntity
  8
可见轮廓
100
AcDbLine
 10
22.678623720165515
 20
-63.49601534368574
 30
0.0
 11
22.715908169543976
 21
-63.51340136796101
 31
0.0
  0
LINE
  5
732
330
17
100
AcDbEntity
  8
可见轮廓
100
AcDbLine
 10
22.640917413853252
 20
-63.47956425041383
 30
0.0
 11
22.678623720165515
 21
-63.49601534368574
 31
0.0
  0
LINE
  5
733
330
17
100
AcDbEntity
  8
可见轮廓
100
AcDbLine
 10
22.60281269020456
 20
-63.46405831473706
 30
0.0
 11
22.640917413853252
 21
-63.47956425041383
 31
0.0
  0
LINE
  5
734
330
17
100
AcDbEntity
  8
可见轮廓
100
AcDbLine
 10
22.56433323648736
 20
-63.449507175703246
 30
0.0
 11
22.60281269020456
 21
-63.46405831473706
 31
0.0
  0
LINE
  5
735
330
17
100
AcDbEntity
  8
可见轮廓
100
AcDbLine
 10
22.525502972915284
 20
-63.43591987882423
 30
0.0
 11
22.56433323648736
 21
-63.449507175703246
 31
0.0
  0
LINE
  5
736
330
17
100
AcDbEntity
  8
可见轮廓
100
AcDbLine
 10
22.486346037778
 20
-63.42330487045287
 30
0.0
 11
22.525502972915284
 21
-63.43591987882423
 31
0.0
  0
LINE
  5
737
330
17
100
AcDbEntity
  8
可见轮廓
100
AcDbLine
 10
22.446886772435963
 20
-63.41166999253248
 30
0.0
 11
22.486346037778
 21
-63.42330487045287
 31
0.0
  0
LINE
  5
738
330
17
100
AcDbEntity
  8
可见轮廓
100
AcDbLine
 10
22.407149706188992
 20
-63.40102247772202
 30
0.0
 11
22.446886772435963
 21
-63.41166999253248
 31
0.0
  0
LINE
  5
739
330
17
100
AcDbEntity
  8
可见轮廓
100
AcDbLine
 10
22.367159541027924
 20
-63.39136894489999
 30
0.0
 11
22.407149706188992
 21
-63.40102247772202
 31
0.0
  0
LINE
  5
73A
330
17
100
AcDbEntity
  8
可见轮廓
100
AcDbLine
 10
22.32694113627901
 20
-63.3827153950499
 30
0.0
 11
22.367159541027924
 21
-63.39136894489999
 31
0.0
  0
LINE
  5
73B
330
17
100
AcDbEntity
  8
可见轮廓
100
AcDbLine
 10
22.28651949315044
 20
-63.37506720752985
 30
0.0
 11
22.32694113627901
 21
-63.3827153950499
 31
0.0
  0
LINE
  5
73C
330
17
100
AcDbEntity
  8
可见轮廓
100
AcDbLine
 10
22.245919739190693
 20
-63.36842913672854
 30
0.0
 11
22.28651949315044
 21
-63.37506720752985
 31
0.0
  0
LINE
  5
73D
330
17
100
AcDbEntity
  8
可见轮廓
100
AcDbLine
 10
22.205167112668356
 20
-63.36280530910972
 30
0.0
 11
22.245919739190693
 21
-63.36842913672854
 31
0.0
  0
LINE
  5
73E
330
17
100
AcDbEntity
  8
可见轮廓
100
AcDbLine
 10
22.164286946883102
 20
-63.35819922064709
 30
0.0
 11
22.205167112668356
 21
-63.36280530910972
 31
0.0
  0
LINE
  5
73F
330
17
100
AcDbEntity
  8
可见轮廓
100
AcDbLine
 10
22.123304654417606
 20
-63.35461373465105
 30
0.0
 11
22.164286946883102
 21
-63.35819922064709
 31
0.0
  0
LINE
  5
740
330
17
100
AcDbEntity
  8
可见轮廓
100
AcDbLine
 10
22.082245711340157
 20
-63.352051079988776
 30
0.0
 11
22.123304654417606
 21
-63.35461373465105
 31
0.0
  0
LINE
  5
741
330
17
100
AcDbEntity
  8
可见轮廓
100
AcDbLine
 10
22.041135641367827
 20
-63.35051284969865
 30
0.0
 11
22.082245711340157
 21
-63.352051079988776
 31
0.0
  0
LINE
  5
742
330
17
100
AcDbEntity
  8
可见轮廓
100
AcDbLine
 10
22.000000000000007
 20
-63.349999999999994
 30
0.0
 11
22.041135641367827
 21
-63.35051284969865
 31
0.0
  0
LINE
  5
743
330
17
100
AcDbEntity
  8
可见轮廓
100
AcDbLine
 10
21.958864358632205
 20
-63.350512849698646
 30
0.0
 11
22.000000000000007
 21
-63.349999999999994
 31
0.0
  0
LINE
  5
744
330
17
100
AcDbEntity
  8
可见轮廓
100
AcDbLine
 10
21.917754288659875
 20
-63.352051079988776
 30
0.0
 11
21.958864358632205
 21
-63.350512849698646
 31
0.0
  0
LINE
  5
745
330
17
100
AcDbEntity
  8
可见轮廓
100
AcDbLine
 10
21.876695345582426
 20
-63.35461373465105
 30
0.0
 11
21.917754288659875
 21
-63.352051079988776
 31
0.0
  0
LINE
  5
746
330
17
100
AcDbEntity
  8
可见轮廓
100
AcDbLine
 10
21.83571305311693
 20
-63.35819922064708
 30
0.0
 11
21.876695345582426
 21
-63.35461373465105
 31
0.0
  0
LINE
  5
747
330
17
100
AcDbEntity
  8
可见轮廓
100
AcDbLine
 10
21.794832887331676
 20
-63.36280530910971
 30
0.0
 11
21.83571305311693
 21
-63.35819922064708
 31
0.0
  0
LINE
  5
748
330
17
100
AcDbEntity
  8
可见轮廓
100
AcDbLine
 10
21.75408026080934
 20
-63.36842913672854
 30
0.0
 11
21.794832887331676
 21
-63.36280530910971
 31
0.0
  0
LINE
  5
749
330
17
100
AcDbEntity
  8
可见轮廓
100
AcDbLine
 10
21.713480506849592
 20
-63.37506720752985
 30
0.0
 11
21.75408026080934
 21
-63.36842913672854
 31
0.0
  0
LINE
  5
74A
330
17
100
AcDbEntity
  8
可见轮廓
100
AcDbLine
 10
21.67305886372102
 20
-63.3827153950499
 30
0.0
 11
21.713480506849592
 21
-63.37506720752985
 31
0.0
  0
LINE
  5
74B
330
17
100
AcDbEntity
  8
可见轮廓
100
AcDbLine
 10
21.632840458972105
 20
-63.39136894489998
 30
0.0
 11
21.67305886372102
 21
-63.3827153950499
 31
0.0
  0
LINE
  5
74C
330
17
100
AcDbEntity
  8
可见轮廓
100
AcDbLine
 10
21.59285029381104
 20
-63.401022477722016
 30
0.0
 11
21.632840458972105
 21
-63.39136894489998
 31
0.0
  0
LINE
  5
74D
330
17
100
AcDbEntity
  8
可见轮廓
100
AcDbLine
 10
21.553113227564065
 20
-63.411669992532474
 30
0.0
 11
21.59285029381104
 21
-63.401022477722016
 31
0.0
  0
LINE
  5
74E
330
17
100
AcDbEntity
  8
可见轮廓
100
AcDbLine
 10
21.513653962222033
 20
-63.42330487045286
 30
0.0
 11
21.553113227564065
 21
-63.411669992532474
 31
0.0
  0
LINE
  5
74F
330
17
100
AcDbEntity
  8
可见轮廓
100
AcDbLine
 10
21.474497027084745
 20
-63.43591987882422
 30
0.0
 11
21.513653962222033
 21
-63.42330487045286
 31
0.0
  0
LINE
  5
750
330
17
100
AcDbEntity
  8
可见轮廓
100
AcDbLine
 10
21.43566676351267
 20
-63.449507175703246
 30
0.0
 11
21.474497027084745
 21
-63.43591987882422
 31
0.0
  0
LINE
  5
751
330
17
100
AcDbEntity
  8
可见轮廓
100
AcDbLine
 10
21.397187309795473
 20
-63.46405831473706
 30
0.0
 11
21.43566676351267
 21
-63.449507175703246
 31
0.0
  0
LINE
  5
752
330
17
100
AcDbEntity
  8
可见轮廓
100
AcDbLine
 10
21.359082586146776
 20
-63.479564250413816
 30
0.0
 11
21.397187309795473
 21
-63.46405831473706
 31
0.0
  0
LINE
  5
753
330
17
100
AcDbEntity
  8
可见轮廓
100
AcDbLine
 10
21.321376279834514
 20
-63.49601534368573
 30
0.0
 11
21.359082586146776
 21
-63.479564250413816
 31
0.0
  0
LINE
  5
754
330
17
100
AcDbEntity
  8
可见轮廓
100
AcDbLine
 10
21.284091830456052
 20
-63.513401367960995
 30
0.0
 11
21.321376279834514
 21
-63.49601534368573
 31
0.0
  0
LINE
  5
755
330
17
100
AcDbEntity
  8
可见轮廓
100
AcDbLine
 10
21.247252415367303
 20
-63.53171151546107
 30
0.0
 11
21.284091830456052
 21
-63.513401367960995
 31
0.0
  0
LINE
  5
756
330
17
100
AcDbEntity
  8
可见轮廓
100
AcDbLine
 10
21.210880935274847
 20
-63.55093440393911
 30
0.0
 11
21.247252415367303
 21
-63.53171151546107
 31
0.0
  0
LINE
  5
757
330
17
100
AcDbEntity
  8
可见轮廓
100
AcDbLine
 10
21.175000000000022
 20
-63.571058083755666
 30
0.0
 11
21.210880935274847
 21
-63.55093440393911
 31
0.0
  0
LINE
  5
758
330
17
100
AcDbEntity
  8
可见轮廓
100
AcDbLine
 10
21.13963191442385
 20
-63.59207004530693
 30
0.0
 11
21.175000000000022
 21
-63.571058083755666
 31
0.0
  0
LINE
  5
759
330
17
100
AcDbEntity
  8
可见轮廓
100
AcDbLine
 10
21.10479866462152
 20
-63.61395722680122
 30
0.0
 11
21.13963191442385
 21
-63.59207004530693
 31
0.0
  0
LINE
  5
75A
330
17
100
AcDbEntity
  8
可见轮廓
100
AcDbLine
 10
21.070521904195044
 20
-63.6367060223786
 30
0.0
 11
21.10479866462152
 21
-63.61395722680122
 31
0.0
  0
LINE
  5
75B
330
17
100
AcDbEntity
  8
可见轮廓
100
AcDbLine
 10
21.036822940812616
 20
-63.66030229056882
 30
0.0
 11
21.070521904195044
 21
-63.6367060223786
 31
0.0
  0
LINE
  5
75C
330
17
100
AcDbEntity
  8
可见轮廓
100
AcDbLine
 10
21.003722722962983
 20
-63.684731363082165
 30
0.0
 11
21.036822940812616
 21
-63.66030229056882
 31
0.0
  0
LINE
  5
75D
330
17
100
AcDbEntity
  8
可见轮廓
100
AcDbLine
 10
20.97124182693311
 20
-63.70997805392774
 30
0.0
 11
21.003722722962983
 21
-63.684731363082165
 31
0.0
  0
LINE
  5
75E
330
17
100
AcDbEntity
  8
可见轮廓
100
AcDbLine
 10
20.93940044401723
 20
-63.736026668853675
 30
0.0
 11
20.97124182693311
 21
-63.70997805392774
 31
0.0
  0
LINE
  5
75F
330
17
100
AcDbEntity
  8
可见轮廓
100
AcDbLine
 10
20.9082183679652
 20
-63.762861015103226
 30
0.0
 11
20.93940044401723
 21
-63.736026668853675
 31
0.0
  0
LINE
  5
760
330
17
100
AcDbEntity
  8
可见轮廓
100
AcDbLine
 10
20.877714982678
 20
-63.79046441148077
 30
0.0
 11
20.9082183679652
 21
-63.762861015103226
 31
0.0
  0
LINE
  5
761
330
17
100
AcDbEntity
  8
可见轮廓
100
AcDbLine
 10
20.847909250157997
 20
-63.818819698721455
 30
0.0
 11
20.877714982678
 21
-63.79046441148077
 31
0.0
  0
LINE
  5
762
330
17
100
AcDbEntity
  8
可见轮廓
100
AcDbLine
 10
20.818819698721484
 20
-63.84790925015797
 30
0.0
 11
20.847909250157997
 21
-63.818819698721455
 31
0.0
  0
LINE
  5
763
330
17
100
AcDbEntity
  8
可见轮廓
100
AcDbLine
 10
20.790464411480805
 20
-63.87771498267797
 30
0.0
 11
20.818819698721484
 21
-63.84790925015797
 31
0.0
  0
LINE
  5
764
330
17
100
AcDbEntity
  8
可见轮廓
100
AcDbLine
 10
20.762861015103255
 20
-63.90821836796517
 30
0.0
 11
20.790464411480805
 21
-63.87771498267797
 31
0.0
  0
LINE
  5
765
330
17
100
AcDbEntity
  8
可见轮廓
100
AcDbLine
 10
20.736026668853704
 20
-63.939400444017195
 30
0.0
 11
20.762861015103255
 21
-63.90821836796517
 31
0.0
  0
LINE
  5
766
330
17
100
AcDbEntity
  8
可见轮廓
100
AcDbLine
 10
20.709978053927767
 20
-63.971241826933074
 30
0.0
 11
20.736026668853704
 21
-63.939400444017195
 31
0.0
  0
LINE
  5
767
330
17
100
AcDbEntity
  8
可见轮廓
100
AcDbLine
 10
20.684731363082193
 20
-64.00372272296295
 30
0.0
 11
20.709978053927767
 21
-63.971241826933074
 31
0.0
  0
LINE
  5
768
330
17
100
AcDbEntity
  8
可见轮廓
100
AcDbLine
 10
20.660302290568854
 20
-64.03682294081258
 30
0.0
 11
20.684731363082193
 21
-64.00372272296295
 31
0.0
  0
LINE
  5
769
330
17
100
AcDbEntity
  8
可见轮廓
100
AcDbLine
 10
20.636706022378625
 20
-64.070521904195
 30
0.0
 11
20.660302290568854
 21
-64.03682294081258
 31
0.0
  0
LINE
  5
76A
330
17
100
AcDbEntity
  8
可见轮廓
100
AcDbLine
 10
20.613957226801244
 20
-64.10479866462148
 30
0.0
 11
20.636706022378625
 21
-64.070521904195
 31
0.0
  0
LINE
  5
76B
330
17
100
AcDbEntity
  8
可见轮廓
100
AcDbLine
 10
20.592070045306958
 20
-64.13963191442382
 30
0.0
 11
20.613957226801244
 21
-64.10479866462148
 31
0.0
  0
LINE
  5
76C
330
17
100
AcDbEntity
  8
可见轮廓
100
AcDbLine
 10
20.57105808375569
 20
-64.17499999999998
 30
0.0
 11
20.592070045306958
 21
-64.13963191442382
 31
0.0
  0
LINE
  5
76D
330
17
100
AcDbEntity
  8
可见轮廓
100
AcDbLine
 10
20.550934403939138
 20
-64.21088093527482
 30
0.0
 11
20.57105808375569
 21
-64.17499999999998
 31
0.0
  0
LINE
  5
76E
330
17
100
AcDbEntity
  8
可见轮廓
100
AcDbLine
 10
20.53171151546109
 20
-64.24725241536727
 30
0.0
 11
20.550934403939138
 21
-64.21088093527482
 31
0.0
  0
LINE
  5
76F
330
17
100
AcDbEntity
  8
可见轮廓
100
AcDbLine
 10
20.513401367961023
 20
-64.28409183045602
 30
0.0
 11
20.53171151546109
 21
-64.24725241536727
 31
0.0
  0
LINE
  5
770
330
17
100
AcDbEntity
  8
可见轮廓
100
AcDbLine
 10
20.49601534368575
 20
-64.32137627983448
 30
0.0
 11
20.513401367961023
 21
-64.28409183045602
 31
0.0
  0
LINE
  5
771
330
17
100
AcDbEntity
  8
可见轮廓
100
AcDbLine
 10
20.47956425041384
 20
-64.35908258614674
 30
0.0
 11
20.49601534368575
 21
-64.32137627983448
 31
0.0
  0
LINE
  5
772
330
17
100
AcDbEntity
  8
可见轮廓
100
AcDbLine
 10
20.464058314737077
 20
-64.39718730979544
 30
0.0
 11
20.47956425041384
 21
-64.35908258614674
 31
0.0
  0
LINE
  5
773
330
17
100
AcDbEntity
  8
可见轮廓
100
AcDbLine
 10
20.449507175703264
 20
-64.43566676351263
 30
0.0
 11
20.464058314737077
 21
-64.39718730979544
 31
0.0
  0
LINE
  5
774
330
17
100
AcDbEntity
  8
可见轮廓
100
AcDbLine
 10
20.435919878824244
 20
-64.47449702708471
 30
0.0
 11
20.449507175703264
 21
-64.43566676351263
 31
0.0
  0
LINE
  5
775
330
17
100
AcDbEntity
  8
可见轮廓
100
AcDbLine
 10
20.42330487045288
 20
-64.513653962222
 30
0.0
 11
20.435919878824244
 21
-64.47449702708471
 31
0.0
  0
LINE
  5
776
330
17
100
AcDbEntity
  8
可见轮廓
100
AcDbLine
 10
20.41166999253249
 20
-64.55311322756403
 30
0.0
 11
20.42330487045288
 21
-64.513653962222
 31
0.0
  0
LINE
  5
777
330
17
100
AcDbEntity
  8
可见轮廓
100
AcDbLine
 10
20.401022477722034
 20
-64.592850293811
 30
0.0
 11
20.41166999253249
 21
-64.55311322756403
 31
0.0
  0
LINE
  5
778
330
17
100
AcDbEntity
  8
可见轮廓
100
AcDbLine
 10
20.3913689449
 20
-64.63284045897207
 30
0.0
 11
20.401022477722034
 21
-64.592850293811
 31
0.0
  0
LINE
  5
779
330
17
100
AcDbEntity
  8
可见轮廓
100
AcDbLine
 10
20.382715395049914
 20
-64.67305886372098
 30
0.0
 11
20.3913689449
 21
-64.63284045897207
 31
0.0
  0
LINE
  5
77A
330
17
100
AcDbEntity
  8
可见轮廓
100
AcDbLine
 10
20.375067207529867
 20
-64.71348050684955
 30
0.0
 11
20.382715395049914
 21
-64.67305886372098
 31
0.0
  0
LINE
  5
77B
330
17
100
AcDbEntity
  8
可见轮廓
100
AcDbLine
 10
20.368429136728547
 20
-64.7540802608093
 30
0.0
 11
20.375067207529867
 21
-64.71348050684955
 31
0.0
  0
LINE
  5
77C
330
17
100
AcDbEntity
  8
可见轮廓
100
AcDbLine
 10
20.362805309109724
 20
-64.79483288733164
 30
0.0
 11
20.368429136728547
 21
-64.7540802608093
 31
0.0
  0
LINE
  5
77D
330
17
100
AcDbEntity
  8
可见轮廓
100
AcDbLine
 10
20.358199220647098
 20
-64.83571305311689
 30
0.0
 11
20.362805309109724
 21
-64.79483288733164
 31
0.0
  0
LINE
  5
77E
330
17
100
AcDbEntity
  8
可见轮廓
100
AcDbLine
 10
20.35461373465106
 20
-64.87669534558239
 30
0.0
 11
20.358199220647098
 21
-64.83571305311689
 31
0.0
  0
LINE
  5
77F
330
17
100
AcDbEntity
  8
可见轮廓
100
AcDbLine
 10
20.352051079988787
 20
-64.91775428865984
 30
0.0
 11
20.35461373465106
 21
-64.87669534558239
 31
0.0
  0
LINE
  5
780
330
17
100
AcDbEntity
  8
可见轮廓
100
AcDbLine
 10
20.35051284969866
 20
-64.95886435863217
 30
0.0
 11
20.352051079988787
 21
-64.91775428865984
 31
0.0
  0
LINE
  5
781
330
17
100
AcDbEntity
  8
可见轮廓
100
AcDbLine
 10
20.35000000000001
 20
-64.99999999999999
 30
0.0
 11
20.35051284969866
 21
-64.95886435863217
 31
0.0
  0
LINE
  5
782
330
17
100
AcDbEntity
  8
可见轮廓
100
AcDbLine
 10
20.35051284969866
 20
-65.0411356413678
 30
0.0
 11
20.35000000000001
 21
-64.99999999999999
 31
0.0
  0
LINE
  5
783
330
17
100
AcDbEntity
  8
可见轮廓
100
AcDbLine
 10
20.352051079988787
 20
-65.08224571134014
 30
0.0
 11
20.35051284969866
 21
-65.0411356413678
 31
0.0
  0
LINE
  5
784
330
17
100
AcDbEntity
  8
可见轮廓
100
AcDbLine
 10
20.35461373465106
 20
-65.12330465441758
 30
0.0
 11
20.352051079988787
 21
-65.08224571134014
 31
0.0
  0
LINE
  5
785
330
17
100
AcDbEntity
  8
可见轮廓
100
AcDbLine
 10
20.358199220647094
 20
-65.16428694688308
 30
0.0
 11
20.35461373465106
 21
-65.12330465441758
 31
0.0
  0
LINE
  5
786
330
17
100
AcDbEntity
  8
可见轮廓
100
AcDbLine
 10
20.362805309109724
 20
-65.20516711266833
 30
0.0
 11
20.358199220647094
 21
-65.16428694688308
 31
0.0
  0
LINE
  5
787
330
17
100
AcDbEntity
  8
可见轮廓
100
AcDbLine
 10
20.368429136728544
 20
-65.24591973919067
 30
0.0
 11
20.362805309109724
 21
-65.20516711266833
 31
0.0
  0
LINE
  5
788
330
17
100
AcDbEntity
  8
可见轮廓
100
AcDbLine
 10
20.375067207529863
 20
-65.28651949315042
 30
0.0
 11
20.368429136728544
 21
-65.24591973919067
 31
0.0
  0
LINE
  5
789
330
17
100
AcDbEntity
  8
可见轮廓
100
AcDbLine
 10
20.38271539504991
 20
-65.32694113627899
 30
0.0
 11
20.375067207529863
 21
-65.28651949315042
 31
0.0
  0
LINE
  5
78A
330
17
100
AcDbEntity
  8
可见轮廓
100
AcDbLine
 10
20.391368944899998
 20
-65.3671595410279
 30
0.0
 11
20.38271539504991
 21
-65.32694113627899
 31
0.0
  0
LINE
  5
78B
330
17
100
AcDbEntity
  8
可见轮廓
100
AcDbLine
 10
20.401022477722027
 20
-65.40714970618897
 30
0.0
 11
20.391368944899998
 21
-65.3671595410279
 31
0.0
  0
LINE
  5
78C
330
17
100
AcDbEntity
  8
可见轮廓
100
AcDbLine
 10
20.411669992532484
 20
-65.44688677243595
 30
0.0
 11
20.401022477722027
 21
-65.40714970618897
 31
0.0
  0
LINE
  5
78D
330
17
100
AcDbEntity
  8
可见轮廓
100
AcDbLine
 10
20.423304870452874
 20
-65.48634603777798
 30
0.0
 11
20.411669992532484
 21
-65.44688677243595
 31
0.0
  0
LINE
  5
78E
330
17
100
AcDbEntity
  8
可见轮廓
100
AcDbLine
 10
20.435919878824237
 20
-65.52550297291526
 30
0.0
 11
20.423304870452874
 21
-65.48634603777798
 31
0.0
  0
LINE
  5
78F
330
17
100
AcDbEntity
  8
可见轮廓
100
AcDbLine
 10
20.449507175703257
 20
-65.56433323648734
 30
0.0
 11
20.435919878824237
 21
-65.52550297291526
 31
0.0
  0
LINE
  5
790
330
17
100
AcDbEntity
  8
可见轮廓
100
AcDbLine
 10
20.46405831473707
 20
-65.60281269020454
 30
0.0
 11
20.449507175703257
 21
-65.56433323648734
 31
0.0
  0
LINE
  5
791
330
17
100
AcDbEntity
  8
可见轮廓
100
AcDbLine
 10
20.479564250413834
 20
-65.64091741385323
 30
0.0
 11
20.46405831473707
 21
-65.60281269020454
 31
0.0
  0
LINE
  5
792
330
17
100
AcDbEntity
  8
可见轮廓
100
AcDbLine
 10
20.496015343685745
 20
-65.67862372016549
 30
0.0
 11
20.479564250413834
 21
-65.64091741385323
 31
0.0
  0
LINE
  5
793
330
17
100
AcDbEntity
  8
可见轮廓
100
AcDbLine
 10
20.513401367961013
 20
-65.71590816954397
 30
0.0
 11
20.496015343685745
 21
-65.67862372016549
 31
0.0
  0
LINE
  5
794
330
17
100
AcDbEntity
  8
可见轮廓
100
AcDbLine
 10
20.531711515461083
 20
-65.75274758463271
 30
0.0
 11
20.513401367961013
 21
-65.71590816954397
 31
0.0
  0
LINE
  5
795
330
17
100
AcDbEntity
  8
可见轮廓
100
AcDbLine
 10
20.550934403939127
 20
-65.78911906472516
 30
0.0
 11
20.531711515461083
 21
-65.75274758463271
 31
0.0
  0
LINE
  5
796
330
17
100
AcDbEntity
  8
可见轮廓
100
AcDbLine
 10
20.57105808375568
 20
-65.82499999999999
 30
0.0
 11
20.550934403939127
 21
-65.78911906472516
 31
0.0
  0
LINE
  5
797
330
17
100
AcDbEntity
  8
可见轮廓
100
AcDbLine
 10
20.592070045306947
 20
-65.86036808557617
 30
0.0
 11
20.57105808375568
 21
-65.82499999999999
 31
0.0
  0
LINE
  5
798
330
17
100
AcDbEntity
  8
可见轮廓
100
AcDbLine
 10
20.613957226801233
 20
-65.89520133537849
 30
0.0
 11
20.592070045306947
 21
-65.86036808557617
 31
0.0
  0
LINE
  5
799
330
17
100
AcDbEntity
  8
可见轮廓
100
AcDbLine
 10
20.63670602237861
 20
-65.92947809580497
 30
0.0
 11
20.613957226801233
 21
-65.89520133537849
 31
0.0
  0
LINE
  5
79A
330
17
100
AcDbEntity
  8
可见轮廓
100
AcDbLine
 10
20.66030229056884
 20
-65.96317705918739
 30
0.0
 11
20.63670602237861
 21
-65.92947809580497
 31
0.0
  0
LINE
  5
79B
330
17
100
AcDbEntity
  8
可见轮廓
100
AcDbLine
 10
20.684731363082182
 20
-65.99627727703702
 30
0.0
 11
20.66030229056884
 21
-65.96317705918739
 31
0.0
  0
LINE
  5
79C
330
17
100
AcDbEntity
  8
可见轮廓
100
AcDbLine
 10
20.709978053927756
 20
-66.0287581730669
 30
0.0
 11
20.684731363082182
 21
-65.99627727703702
 31
0.0
  0
LINE
  5
79D
330
17
100
AcDbEntity
  8
可见轮廓
100
AcDbLine
 10
20.73602666885369
 20
-66.06059955598278
 30
0.0
 11
20.709978053927756
 21
-66.0287581730669
 31
0.0
  0
LINE
  5
79E
330
17
100
AcDbEntity
  8
可见轮廓
100
AcDbLine
 10
20.762861015103244
 20
-66.09178163203481
 30
0.0
 11
20.73602666885369
 21
-66.06059955598278
 31
0.0
  0
LINE
  5
79F
330
17
100
AcDbEntity
  8
可见轮廓
100
AcDbLine
 10
20.79046441148079
 20
-66.12228501732201
 30
0.0
 11
20.762861015103244
 21
-66.09178163203481
 31
0.0
  0
LINE
  5
7A0
330
17
100
AcDbEntity
  8
可见轮廓
100
AcDbLine
 10
20.81881969872147
 20
-66.15209074984202
 30
0.0
 11
20.79046441148079
 21
-66.12228501732201
 31
0.0
  0
LINE
  5
7A1
330
17
100
AcDbEntity
  8
可见轮廓
100
AcDbLine
 10
20.847909250157983
 20
-66.18118030127853
 30
0.0
 11
20.81881969872147
 21
-66.15209074984202
 31
0.0
  0
LINE
  5
7A2
330
17
100
AcDbEntity
  8
可见轮廓
100
AcDbLine
 10
20.877714982677986
 20
-66.2095355885192
 30
0.0
 11
20.847909250157983
 21
-66.18118030127853
 31
0.0
  0
LINE
  5
7A3
330
17
100
AcDbEntity
  8
可见轮廓
100
AcDbLine
 10
20.908218367965187
 20
-66.23713898489675
 30
0.0
 11
20.877714982677986
 21
-66.2095355885192
 31
0.0
  0
LINE
  5
7A4
330
17
100
AcDbEntity
  8
可见轮廓
100
AcDbLine
 10
20.939400444017213
 20
-66.2639733311463
 30
0.0
 11
20.908218367965187
 21
-66.23713898489675
 31
0.0
  0
LINE
  5
7A5
330
17
100
AcDbEntity
  8
可见轮廓
100
AcDbLine
 10
20.971241826933095
 20
-66.29002194607224
 30
0.0
 11
20.939400444017213
 21
-66.2639733311463
 31
0.0
  0
LINE
  5
7A6
330
17
100
AcDbEntity
  8
可见轮廓
100
AcDbLine
 10
21.003722722962966
 20
-66.3152686369178
 30
0.0
 11
20.971241826933095
 21
-66.29002194607224
 31
0.0
  0
LINE
  5
7A7
330
17
100
AcDbEntity
  8
可见轮廓
100
AcDbLine
 10
21.036822940812602
 20
-66.33969770943116
 30
0.0
 11
21.003722722962966
 21
-66.3152686369178
 31
0.0
  0
LINE
  5
7A8
330
17
100
AcDbEntity
  8
可见轮廓
100
AcDbLine
 10
21.07052190419503
 20
-66.36329397762138
 30
0.0
 11
21.036822940812602
 21
-66.33969770943116
 31
0.0
  0
LINE
  5
7A9
330
17
100
AcDbEntity
  8
可见轮廓
100
AcDbLine
 10
21.1047986646215
 20
-66.38604277319877
 30
0.0
 11
21.07052190419503
 21
-66.36329397762138
 31
0.0
  0
LINE
  5
7AA
330
17
100
AcDbEntity
  8
可见轮廓
100
AcDbLine
 10
21.139631914423834
 20
-66.40792995469305
 30
0.0
 11
21.1047986646215
 21
-66.38604277319877
 31
0.0
  0
LINE
  5
7AB
330
17
100
AcDbEntity
  8
可见轮廓
100
AcDbLine
 10
21.175000000000004
 20
-66.42894191624431
 30
0.0
 11
21.139631914423834
 21
-66.40792995469305
 31
0.0
  0
LINE
  5
7AC
330
17
100
AcDbEntity
  8
可见轮廓
100
AcDbLine
 10
21.21088093527483
 20
-66.44906559606088
 30
0.0
 11
21.175000000000004
 21
-66.42894191624431
 31
0.0
  0
LINE
  5
7AD
330
17
100
AcDbEntity
  8
可见轮廓
100
AcDbLine
 10
21.247252415367285
 20
-66.46828848453892
 30
0.0
 11
21.21088093527483
 21
-66.44906559606088
 31
0.0
  0
LINE
  5
7AE
330
17
100
AcDbEntity
  8
可见轮廓
100
AcDbLine
 10
21.284091830456035
 20
-66.48659863203898
 30
0.0
 11
21.247252415367285
 21
-66.46828848453892
 31
0.0
  0
LINE
  5
7AF
330
17
100
AcDbEntity
  8
可见轮廓
100
AcDbLine
 10
21.321376279834496
 20
-66.50398465631426
 30
0.0
 11
21.284091830456035
 21
-66.48659863203898
 31
0.0
  0
LINE
  5
7B0
330
17
100
AcDbEntity
  8
可见轮廓
100
AcDbLine
 10
21.35908258614676
 20
-66.52043574958617
 30
0.0
 11
21.321376279834496
 21
-66.50398465631426
 31
0.0
  0
LINE
  5
7B1
330
17
100
AcDbEntity
  8
可见轮廓
100
AcDbLine
 10
21.397187309795452
 20
-66.53594168526293
 30
0.0
 11
21.35908258614676
 21
-66.52043574958617
 31
0.0
  0
LINE
  5
7B2
330
17
100
AcDbEntity
  8
可见轮廓
100
AcDbLine
 10
21.435666763512653
 20
-66.55049282429674
 30
0.0
 11
21.397187309795452
 21
-66.53594168526293
 31
0.0
  0
LINE
  5
7B3
330
17
100
AcDbEntity
  8
可见轮廓
100
AcDbLine
 10
21.474497027084727
 20
-66.56408012117576
 30
0.0
 11
21.435666763512653
 21
-66.55049282429674
 31
0.0
  0
LINE
  5
7B4
330
17
100
AcDbEntity
  8
可见轮廓
100
AcDbLine
 10
21.513653962222012
 20
-66.57669512954712
 30
0.0
 11
21.474497027084727
 21
-66.56408012117576
 31
0.0
  0
LINE
  5
7B5
330
17
100
AcDbEntity
  8
可见轮廓
100
AcDbLine
 10
21.553113227564047
 20
-66.58833000746752
 30
0.0
 11
21.513653962222012
 21
-66.57669512954712
 31
0.0
  0
LINE
  5
7B6
330
17
100
AcDbEntity
  8
可见轮廓
100
AcDbLine
 10
21.592850293811022
 20
-66.59897752227798
 30
0.0
 11
21.553113227564047
 21
-66.58833000746752
 31
0.0
  0
LINE
  5
7B7
330
17
100
AcDbEntity
  8
可见轮廓
100
AcDbLine
 10
21.632840458972087
 20
-66.6086310551
 30
0.0
 11
21.592850293811022
 21
-66.59897752227798
 31
0.0
  0
LINE
  5
7B8
330
17
100
AcDbEntity
  8
可见轮廓
100
AcDbLine
 10
21.673058863721
 20
-66.6172846049501
 30
0.0
 11
21.632840458972087
 21
-66.6086310551
 31
0.0
  0
LINE
  5
7B9
330
17
100
AcDbEntity
  8
可见轮廓
100
AcDbLine
 10
21.71348050684957
 20
-66.62493279247013
 30
0.0
 11
21.673058863721
 21
-66.6172846049501
 31
0.0
  0
LINE
  5
7BA
330
17
100
AcDbEntity
  8
可见轮廓
100
AcDbLine
 10
21.754080260809317
 20
-66.63157086327146
 30
0.0
 11
21.71348050684957
 21
-66.62493279247013
 31
0.0
  0
LINE
  5
7BB
330
17
100
AcDbEntity
  8
可见轮廓
100
AcDbLine
 10
21.794832887331655
 20
-66.63719469089028
 30
0.0
 11
21.754080260809317
 21
-66.63157086327146
 31
0.0
  0
LINE
  5
7BC
330
17
100
AcDbEntity
  8
可见轮廓
100
AcDbLine
 10
21.83571305311691
 20
-66.6418007793529
 30
0.0
 11
21.794832887331655
 21
-66.63719469089028
 31
0.0
  0
LINE
  5
7BD
330
17
100
AcDbEntity
  8
可见轮廓
100
AcDbLine
 10
21.876695345582405
 20
-66.64538626534895
 30
0.0
 11
21.83571305311691
 21
-66.6418007793529
 31
0.0
  0
LINE
  5
7BE
330
17
100
AcDbEntity
  8
可见轮廓
100
AcDbLine
 10
21.917754288659857
 20
-66.64794892001122
 30
0.0
 11
21.876695345582405
 21
-66.64538626534895
 31
0.0
  0
LINE
  5
7BF
330
17
100
AcDbEntity
  8
可见轮廓
100
AcDbLine
 10
21.958864358632187
 20
-66.64948715030134
 30
0.0
 11
21.917754288659857
 21
-66.64794892001122
 31
0.0
  0
LINE
  5
7C0
330
17
100
AcDbEntity
  8
可见轮廓
100
AcDbLine
 10
22.000000000000007
 20
-66.64999999999999
 30
0.0
 11
21.958864358632187
 21
-66.64948715030134
 31
0.0
  0
HATCH
  5
7C1
330
17
100
AcDbEntity
  8
剖面线
 62
7
100
AcDbHatch
 10
0.0
 20
0.0
 30
0.0
210
0.0
220
0.0
230
1.0
  2
ANSI31
 70
0
 71
0
 91
1
 92
3
 72
0
 73
1
 93
53
 10
18.000000000000007
 20
-66.0
 10
18.195773934819393
 20
-67.23606797749979
 10
18.763932022500217
 20
-68.3511410091699
 10
19.648858990830114
 20
-69.23606797749979
 10
20.763932022500217
 20
-69.80422606518061
 10
22.000000000000007
 20
-70.0
 10
23.236067977499797
 20
-69.80422606518061
 10
24.3511410091699
 20
-69.23606797749979
 10
25.236067977499797
 20
-68.3511410091699
 10
25.80422606518062
 20
-67.23606797749979
 10
26.000000000000007
 20
-66.0
 10
26.000000000000007
 20
-64.0
 10
26.15224093497743
 20
-63.234633135269824
 10
26.58578643762691
 20
-62.58578643762691
 10
27.234633135269828
 20
-62.15224093497743
 10
28.00000000000001
 20
-62.0
 10
40.0
 20
-62.0
 10
40.76536686473018
 20
-62.15224093497743
 10
41.4142135623731
 20
-62.58578643762691
 10
41.84775906502258
 20
-63.234633135269824
 10
42.00000000000001
 20
-64.0
 10
42.0
 20
-97.0
 10
41.84775906502258
 20
-97.76536686473017
 10
41.41421356237311
 20
-98.41421356237309
 10
40.76536686473018
 20
-98.84775906502257
 10
40.0
 20
-99.0
 10
34.0
 20
-99.0
 10
34.000000000000014
 20
-105.0
 10
33.84775906502258
 20
-105.76536686473017
 10
33.4142135623731
 20
-106.41421356237309
 10
32.76536686473018
 20
-106.84775906502257
 10
32.00000000000001
 20
-107.0
 10
12.0
 20
-107.0
 10
11.234633135269819
 20
-106.84775906502257
 10
10.585786437626902
 20
-106.41421356237309
 10
10.152240934977424
 20
-105.76536686473018
 10
9.999999999999996
 20
-105.0
 10
9.999999999999995
 20
-99.0
 10
4.0
 20
-99.0
 10
3.2346331352698137
 20
-98.84775906502257
 10
2.585786437626897
 20
-98.41421356237309
 10
2.1522409349774207
 20
-97.76536686473017
 10
1.9999999999999964
 20
-96.99999999999999
 10
2.0
 20
-64.0
 10
2.1522409349774207
 20
-63.23463313526982
 10
2.5857864376269006
 20
-62.58578643762691
 10
3.234633135269817
 20
-62.15224093497743
 10
3.9999999999999964
 20
-62.0
 10
16.0
 20
-62.0
 10
16.765366864730186
 20
-62.15224093497743
 10
17.414213562373103
 20
-62.58578643762691
 10
17.847759065022583
 20
-63.234633135269824
 10
18.000000000000007
 20
-64.0
 97
0
 75
0
 76
1
 52
0.0
 41
2.0
 77
0
 78
1
 53
45.0
 43
0.0
 44
0.0
 45
-4.4901280606
 46
4.4901280606
 79
0
 98
0
  0
TEXT
  5
7C2
330
17
100
AcDbEntity
  8
标注
100
AcDbText
 10
22.0
 20
-125.0
 30
0.0
 40
6.0
  1
A—A  纵向全剖 y=10.00（中截面）
  7
中文字体
 72
1
 11
22.0
 21
-125.0
 31
0.0
100
AcDbText
 73
2
  0
LINE
  5
7C3
330
17
100
AcDbEntity
  8
剖切线
100
AcDbLine
 10
-6.000000000000007
 20
111.0
 30
0.0
 11
1.999999999999993
 21
111.0
 31
0.0
  0
LINE
  5
7C4
330
17
100
AcDbEntity
  8
剖切线
100
AcDbLine
 10
42.00000000000001
 20
111.0
 30
0.0
 11
50.00000000000001
 21
111.0
 31
0.0
  0
LINE
  5
7C5
330
17
100
AcDbEntity
  8
剖切线
100
AcDbLine
 10
-6.000000000000007
 20
111.0
 30
0.0
 11
-2.000000000000007
 21
105.0
 31
0.0
  0
TEXT
  5
7C6
330
17
100
AcDbEntity
  8
标注
100
AcDbText
 10
-4.000000000000007
 20
114.0
 30
0.0
 40
5.0
  1
A—A
  7
中文字体
 11
-4.000000000000007
 21
114.0
 31
0.0
100
AcDbText
  0
LINE
  5
7C7
330
17
100
AcDbEntity
  8
剖切线
100
AcDbLine
 10
50.00000000000001
 20
111.0
 30
0.0
 11
46.00000000000001
 21
105.0
 31
0.0
  0
TEXT
  5
7C8
330
17
100
AcDbEntity
  8
标注
100
AcDbText
 10
48.00000000000001
 20
114.0
 30
0.0
 40
5.0
  1
A—A
  7
中文字体
 11
48.00000000000001
 21
114.0
 31
0.0
100
AcDbText
  0
LINE
  5
7C9
330
17
100
AcDbEntity
  8
可见轮廓
100
AcDbLine
 10
9.999999999999998
 20
-183.0
 30
0.0
 11
9.999999999999998
 21
-166.0
 31
0.0
  0
LINE
  5
7CA
330
17
100
AcDbEntity
  8
可见轮廓
100
AcDbLine
 10
34.00000000000001
 20
-166.0
 30
0.0
 11
34.00000000000001
 21
-183.0
 31
0.0
  0
LINE
  5
7CB
330
17
100
AcDbEntity
  8
可见轮廓
100
AcDbLine
 10
41.99937836400164
 20
-166.0
 30
0.0
 11
42.0
 21
-166.0
 31
0.0
  0
LINE
  5
7CC
330
17
100
AcDbEntity
  8
可见轮廓
100
AcDbLine
 10
41.997513842437854
 20
-166.0
 30
0.0
 11
41.99937836400164
 21
-166.0
 31
0.0
  0
LINE
  5
7CD
330
17
100
AcDbEntity
  8
可见轮廓
100
AcDbLine
 10
41.99440759436237
 20
-166.0
 30
0.0
 11
41.997513842437854
 21
-166.0
 31
0.0
  0
LINE
  5
7CE
330
17
100
AcDbEntity
  8
可见轮廓
100
AcDbLine
 10
41.990061550730815
 20
-166.0
 30
0.0
 11
41.99440759436237
 21
-166.0
 31
0.0
  0
LINE
  5
7CF
330
17
100
AcDbEntity
  8
可见轮廓
100
AcDbLine
 10
41.98447841320035
 20
-166.0
 30
0.0
 11
41.990061550730815
 21
-166.0
 31
0.0
  0
LINE
  5
7D0
330
17
100
AcDbEntity
  8
可见轮廓
100
AcDbLine
 10
41.977661652450266
 20
-166.0
 30
0.0
 11
41.98447841320035
 21
-166.0
 31
0.0
  0
LINE
  5
7D1
330
17
100
AcDbEntity
  8
可见轮廓
100
AcDbLine
 10
41.969615506024425
 20
-166.0
 30
0.0
 11
41.977661652450266
 21
-166.0
 31
0.0
  0
LINE
  5
7D2
330
17
100
AcDbEntity
  8
可见轮廓
100
AcDbLine
 10
41.9603449756971
 20
-166.0
 30
0.0
 11
41.969615506024425
 21
-166.0
 31
0.0
  0
LINE
  5
7D3
330
17
100
AcDbEntity
  8
可见轮廓
100
AcDbLine
 10
41.94985582436365
 20
-166.0
 30
0.0
 11
41.9603449756971
 21
-166.0
 31
0.0
  0
LINE
  5
7D4
330
17
100
AcDbEntity
  8
可见轮廓
100
AcDbLine
 10
41.93815457245817
 20
-166.0
 30
0.0
 11
41.94985582436365
 21
-166.0
 31
0.0
  0
LINE
  5
7D5
330
17
100
AcDbEntity
  8
可见轮廓
100
AcDbLine
 10
41.925248493900035
 20
-166.0
 30
0.0
 11
41.93815457245817
 21
-166.0
 31
0.0
  0
LINE
  5
7D6
330
17
100
AcDbEntity
  8
可见轮廓
100
AcDbLine
 10
41.911145611572294
 20
-166.0
 30
0.0
 11
41.925248493900035
 21
-166.0
 31
0.0
  0
LINE
  5
7D7
330
17
100
AcDbEntity
  8
可见轮廓
100
AcDbLine
 10
41.895854692334275
 20
-166.0
 30
0.0
 11
41.911145611572294
 21
-166.0
 31
0.0
  0
LINE
  5
7D8
330
17
100
AcDbEntity
  8
可见轮廓
100
AcDbLine
 10
41.879385241571825
 20
-166.0
 30
0.0
 11
41.895854692334275
 21
-166.0
 31
0.0
  0
LINE
  5
7D9
330
17
100
AcDbEntity
  8
可见轮廓
100
AcDbLine
 10
41.86174749728842
 20
-166.0
 30
0.0
 11
41.879385241571825
 21
-166.0
 31
0.0
  0
LINE
  5
7DA
330
17
100
AcDbEntity
  8
可见轮廓
100
AcDbLine
 10
41.842952423740826
 20
-166.0
 30
0.0
 11
41.86174749728842
 21
-166.0
 31
0.0
  0
LINE
  5
7DB
330
17
100
AcDbEntity
  8
可见轮廓
100
AcDbLine
 10
41.823011704623354
 20
-166.0
 30
0.0
 11
41.842952423740826
 21
-166.0
 31
0.0
  0
LINE
  5
7DC
330
17
100
AcDbEntity
  8
可见轮廓
100
AcDbLine
 10
41.80193773580485
 20
-166.0
 30
0.0
 11
41.823011704623354
 21
-166.0
 31
0.0
  0
LINE
  5
7DD
330
17
100
AcDbEntity
  8
可见轮廓
100
AcDbLine
 10
41.77974361762295
 20
-166.0
 30
0.0
 11
41.80193773580485
 21
-166.0
 31
0.0
  0
LINE
  5
7DE
330
17
100
AcDbEntity
  8
可见轮廓
100
AcDbLine
 10
41.756443146740466
 20
-166.0
 30
0.0
 11
41.77974361762295
 21
-166.0
 31
0.0
  0
LINE
  5
7DF
330
17
100
AcDbEntity
  8
可见轮廓
100
AcDbLine
 10
41.73205080756889
 20
-166.0
 30
0.0
 11
41.756443146740466
 21
-166.0
 31
0.0
  0
LINE
  5
7E0
330
17
100
AcDbEntity
  8
可见轮廓
100
AcDbLine
 10
41.706581763264325
 20
-166.0
 30
0.0
 11
41.73205080756889
 21
-166.0
 31
0.0
  0
LINE
  5
7E1
330
17
100
AcDbEntity
  8
可见轮廓
100
AcDbLine
 10
41.68005184630155
 20
-166.0
 30
0.0
 11
41.706581763264325
 21
-166.0
 31
0.0
  0
LINE
  5
7E2
330
17
100
AcDbEntity
  8
可见轮廓
100
AcDbLine
 10
41.65247754863201
 20
-166.0
 30
0.0
 11
41.68005184630155
 21
-166.0
 31
0.0
  0
LINE
  5
7E3
330
17
100
AcDbEntity
  8
可见轮廓
100
AcDbLine
 10
41.623876011431726
 20
-166.0
 30
0.0
 11
41.65247754863201
 21
-166.0
 31
0.0
  0
LINE
  5
7E4
330
17
100
AcDbEntity
  8
可见轮廓
100
AcDbLine
 10
41.59426501444585
 20
-166.0
 30
0.0
 11
41.623876011431726
 21
-166.0
 31
0.0
  0
LINE
  5
7E5
330
17
100
AcDbEntity
  8
可见轮廓
100
AcDbLine
 10
41.56366296493607
 20
-166.0
 30
0.0
 11
41.59426501444585
 21
-166.0
 31
0.0
  0
LINE
  5
7E6
330
17
100
AcDbEntity
  8
可见轮廓
100
AcDbLine
 10
41.53208888623797
 20
-166.0
 30
0.0
 11
41.56366296493607
 21
-166.0
 31
0.0
  0
LINE
  5
7E7
330
17
100
AcDbEntity
  8
可见轮廓
100
AcDbLine
 10
41.49956240593548
 20
-166.0
 30
0.0
 11
41.53208888623797
 21
-166.0
 31
0.0
  0
LINE
  5
7E8
330
17
100
AcDbEntity
  8
可见轮廓
100
AcDbLine
 10
41.466103743659666
 20
-166.0
 30
0.0
 11
41.49956240593548
 21
-166.0
 31
0.0
  0
LINE
  5
7E9
330
17
100
AcDbEntity
  8
可见轮廓
100
AcDbLine
 10
41.43173369851945
 20
-166.0
 30
0.0
 11
41.466103743659666
 21
-166.0
 31
0.0
  0
LINE
  5
7EA
330
17
100
AcDbEntity
  8
可见轮廓
100
AcDbLine
 10
41.39647363617216
 20
-166.0
 30
0.0
 11
41.43173369851945
 21
-166.0
 31
0.0
  0
LINE
  5
7EB
330
17
100
AcDbEntity
  8
可见轮廓
100
AcDbLine
 10
41.36034547554185
 20
-166.0
 30
0.0
 11
41.39647363617216
 21
-166.0
 31
0.0
  0
LINE
  5
7EC
330
17
100
AcDbEntity
  8
可见轮廓
100
AcDbLine
 10
41.32337167519373
 20
-166.0
 30
0.0
 11
41.36034547554185
 21
-166.0
 31
0.0
  0
LINE
  5
7ED
330
17
100
AcDbEntity
  8
可见轮廓
100
AcDbLine
 10
41.28557521937309
 20
-166.0
 30
0.0
 11
41.32337167519373
 21
-166.0
 31
0.0
  0
LINE
  5
7EE
330
17
100
AcDbEntity
  8
可见轮廓
100
AcDbLine
 10
41.24697960371748
 20
-166.0
 30
0.0
 11
41.28557521937309
 21
-166.0
 31
0.0
  0
LINE
  5
7EF
330
17
100
AcDbEntity
  8
可见轮廓
100
AcDbLine
 10
41.20760882065096
 20
-166.0
 30
0.0
 11
41.24697960371748
 21
-166.0
 31
0.0
  0
LINE
  5
7F0
330
17
100
AcDbEntity
  8
可见轮廓
100
AcDbLine
 10
41.16748734446959
 20
-166.0
 30
0.0
 11
41.20760882065096
 21
-166.0
 31
0.0
  0
LINE
  5
7F1
330
17
100
AcDbEntity
  8
可见轮廓
100
AcDbLine
 10
41.126640116127255
 20
-166.0
 30
0.0
 11
41.16748734446959
 21
-166.0
 31
0.0
  0
LINE
  5
7F2
330
17
100
AcDbEntity
  8
可见轮廓
100
AcDbLine
 10
41.08509252773153
 20
-166.0
 30
0.0
 11
41.126640116127255
 21
-166.0
 31
0.0
  0
LINE
  5
7F3
330
17
100
AcDbEntity
  8
可见轮廓
100
AcDbLine
 10
41.04287040675901
 20
-166.0
 30
0.0
 11
41.08509252773153
 21
-166.0
 31
0.0
  0
LINE
  5
7F4
330
17
100
AcDbEntity
  8
可见轮廓
100
AcDbLine
 10
41.000000000000014
 20
-166.0
 30
0.0
 11
41.04287040675901
 21
-166.0
 31
0.0
  0
LINE
  5
7F5
330
17
100
AcDbEntity
  8
可见轮廓
100
AcDbLine
 10
40.95650795724265
 20
-166.0
 30
0.0
 11
41.000000000000014
 21
-166.0
 31
0.0
  0
LINE
  5
7F6
330
17
100
AcDbEntity
  8
可见轮廓
100
AcDbLine
 10
40.912421314706336
 20
-166.0
 30
0.0
 11
40.95650795724265
 21
-166.0
 31
0.0
  0
LINE
  5
7F7
330
17
100
AcDbEntity
  8
可见轮廓
100
AcDbLine
 10
40.86776747823512
 20
-166.0
 30
0.0
 11
40.912421314706336
 21
-166.0
 31
0.0
  0
LINE
  5
7F8
330
17
100
AcDbEntity
  8
可见轮廓
100
AcDbLine
 10
40.82257420626124
 20
-166.0
 30
0.0
 11
40.86776747823512
 21
-166.0
 31
0.0
  0
LINE
  5
7F9
330
17
100
AcDbEntity
  8
可见轮廓
100
AcDbLine
 10
40.7768695925494
 20
-166.0
 30
0.0
 11
40.82257420626124
 21
-166.0
 31
0.0
  0
LINE
  5
7FA
330
17
100
AcDbEntity
  8
可见轮廓
100
AcDbLine
 10
40.7306820487328
 20
-166.0
 30
0.0
 11
40.7768695925494
 21
-166.0
 31
0.0
  0
LINE
  5
7FB
330
17
100
AcDbEntity
  8
可见轮廓
100
AcDbLine
 10
40.684040286651346
 20
-166.0
 30
0.0
 11
40.7306820487328
 21
-166.0
 31
0.0
  0
LINE
  5
7FC
330
17
100
AcDbEntity
  8
可见轮廓
100
AcDbLine
 10
40.63697330050338
 20
-166.0
 30
0.0
 11
40.684040286651346
 21
-166.0
 31
0.0
  0
LINE
  5
7FD
330
17
100
AcDbEntity
  8
可见轮廓
100
AcDbLine
 10
40.58951034882182
 20
-166.0
 30
0.0
 11
40.63697330050338
 21
-166.0
 31
0.0
  0
LINE
  5
7FE
330
17
100
AcDbEntity
  8
可见轮廓
100
AcDbLine
 10
40.54168093628602
 20
-166.0
 30
0.0
 11
40.58951034882182
 21
-166.0
 31
0.0
  0
LINE
  5
7FF
330
17
100
AcDbEntity
  8
可见轮廓
100
AcDbLine
 10
40.4935147953806
 20
-166.0
 30
0.0
 11
40.54168093628602
 21
-166.0
 31
0.0
  0
LINE
  5
800
330
17
100
AcDbEntity
  8
可见轮廓
100
AcDbLine
 10
40.445041867912636
 20
-166.0
 30
0.0
 11
40.4935147953806
 21
-166.0
 31
0.0
  0
LINE
  5
801
330
17
100
AcDbEntity
  8
可见轮廓
100
AcDbLine
 10
40.396292286398804
 20
-166.0
 30
0.0
 11
40.445041867912636
 21
-166.0
 31
0.0
  0
LINE
  5
802
330
17
100
AcDbEntity
  8
可见轮廓
100
AcDbLine
 10
40.34729635533387
 20
-166.0
 30
0.0
 11
40.396292286398804
 21
-166.0
 31
0.0
  0
LINE
  5
803
330
17
100
AcDbEntity
  8
可见轮廓
100
AcDbLine
 10
40.29808453235236
 20
-166.0
 30
0.0
 11
40.34729635533387
 21
-166.0
 31
0.0
  0
LINE
  5
804
330
17
100
AcDbEntity
  8
可见轮廓
100
AcDbLine
 10
40.24868740929497
 20
-166.0
 30
0.0
 11
40.29808453235236
 21
-166.0
 31
0.0
  0
LINE
  5
805
330
17
100
AcDbEntity
  8
可见轮廓
100
AcDbLine
 10
40.19913569319164
 20
-166.0
 30
0.0
 11
40.24868740929497
 21
-166.0
 31
0.0
  0
LINE
  5
806
330
17
100
AcDbEntity
  8
可见轮廓
100
AcDbLine
 10
40.149460187172856
 20
-166.0
 30
0.0
 11
40.19913569319164
 21
-166.0
 31
0.0
  0
LINE
  5
807
330
17
100
AcDbEntity
  8
可见轮廓
100
AcDbLine
 10
40.0996917713214
 20
-166.0
 30
0.0
 11
40.149460187172856
 21
-166.0
 31
0.0
  0
LINE
  5
808
330
17
100
AcDbEntity
  8
可见轮廓
100
AcDbLine
 10
40.049861383476156
 20
-166.0
 30
0.0
 11
40.0996917713214
 21
-166.0
 31
0.0
  0
LINE
  5
809
330
17
100
AcDbEntity
  8
可见轮廓
100
AcDbLine
 10
40.00000000000001
 20
-166.0
 30
0.0
 11
40.049861383476156
 21
-166.0
 31
0.0
  0
LINE
  5
80A
330
17
100
AcDbEntity
  8
可见轮廓
100
AcDbLine
 10
40.00000000000001
 20
-166.0
 30
0.0
 11
34.0
 21
-166.0
 31
0.0
  0
LINE
  5
80B
330
17
100
AcDbEntity
  8
可见轮廓
100
AcDbLine
 10
33.99937836400164
 20
-166.0
 30
0.0
 11
34.00000000000001
 21
-166.0
 31
0.0
  0
LINE
  5
80C
330
17
100
AcDbEntity
  8
可见轮廓
100
AcDbLine
 10
33.997513842437854
 20
-166.0
 30
0.0
 11
33.99937836400164
 21
-166.0
 31
0.0
  0
LINE
  5
80D
330
17
100
AcDbEntity
  8
可见轮廓
100
AcDbLine
 10
33.99440759436237
 20
-166.0
 30
0.0
 11
33.997513842437854
 21
-166.0
 31
0.0
  0
LINE
  5
80E
330
17
100
AcDbEntity
  8
可见轮廓
100
AcDbLine
 10
33.990061550730815
 20
-166.0
 30
0.0
 11
33.99440759436237
 21
-166.0
 31
0.0
  0
LINE
  5
80F
330
17
100
AcDbEntity
  8
可见轮廓
100
AcDbLine
 10
33.98447841320035
 20
-166.0
 30
0.0
 11
33.990061550730815
 21
-166.0
 31
0.0
  0
LINE
  5
810
330
17
100
AcDbEntity
  8
可见轮廓
100
AcDbLine
 10
33.977661652450266
 20
-166.0
 30
0.0
 11
33.98447841320035
 21
-166.0
 31
0.0
  0
LINE
  5
811
330
17
100
AcDbEntity
  8
可见轮廓
100
AcDbLine
 10
33.969615506024425
 20
-166.0
 30
0.0
 11
33.977661652450266
 21
-166.0
 31
0.0
  0
LINE
  5
812
330
17
100
AcDbEntity
  8
可见轮廓
100
AcDbLine
 10
33.9603449756971
 20
-166.0
 30
0.0
 11
33.969615506024425
 21
-166.0
 31
0.0
  0
LINE
  5
813
330
17
100
AcDbEntity
  8
可见轮廓
100
AcDbLine
 10
33.94985582436365
 20
-166.0
 30
0.0
 11
33.9603449756971
 21
-166.0
 31
0.0
  0
LINE
  5
814
330
17
100
AcDbEntity
  8
可见轮廓
100
AcDbLine
 10
33.93815457245816
 20
-166.0
 30
0.0
 11
33.94985582436365
 21
-166.0
 31
0.0
  0
LINE
  5
815
330
17
100
AcDbEntity
  8
可见轮廓
100
AcDbLine
 10
33.92524849390003
 20
-166.0
 30
0.0
 11
33.93815457245816
 21
-166.0
 31
0.0
  0
LINE
  5
816
330
17
100
AcDbEntity
  8
可见轮廓
100
AcDbLine
 10
33.91114561157229
 20
-166.0
 30
0.0
 11
33.92524849390003
 21
-166.0
 31
0.0
  0
LINE
  5
817
330
17
100
AcDbEntity
  8
可见轮廓
100
AcDbLine
 10
33.89585469233427
 20
-166.0
 30
0.0
 11
33.91114561157229
 21
-166.0
 31
0.0
  0
LINE
  5
818
330
17
100
AcDbEntity
  8
可见轮廓
100
AcDbLine
 10
33.879385241571825
 20
-166.0
 30
0.0
 11
33.89585469233427
 21
-166.0
 31
0.0
  0
LINE
  5
819
330
17
100
AcDbEntity
  8
可见轮廓
100
AcDbLine
 10
33.86174749728842
 20
-166.0
 30
0.0
 11
33.879385241571825
 21
-166.0
 31
0.0
  0
LINE
  5
81A
330
17
100
AcDbEntity
  8
可见轮廓
100
AcDbLine
 10
33.842952423740826
 20
-166.0
 30
0.0
 11
33.86174749728842
 21
-166.0
 31
0.0
  0
LINE
  5
81B
330
17
100
AcDbEntity
  8
可见轮廓
100
AcDbLine
 10
33.823011704623354
 20
-166.0
 30
0.0
 11
33.842952423740826
 21
-166.0
 31
0.0
  0
LINE
  5
81C
330
17
100
AcDbEntity
  8
可见轮廓
100
AcDbLine
 10
33.80193773580484
 20
-166.0
 30
0.0
 11
33.823011704623354
 21
-166.0
 31
0.0
  0
LINE
  5
81D
330
17
100
AcDbEntity
  8
可见轮廓
100
AcDbLine
 10
33.77974361762294
 20
-166.0
 30
0.0
 11
33.80193773580484
 21
-166.0
 31
0.0
  0
LINE
  5
81E
330
17
100
AcDbEntity
  8
可见轮廓
100
AcDbLine
 10
33.756443146740466
 20
-166.0
 30
0.0
 11
33.77974361762294
 21
-166.0
 31
0.0
  0
LINE
  5
81F
330
17
100
AcDbEntity
  8
可见轮廓
100
AcDbLine
 10
33.73205080756888
 20
-166.0
 30
0.0
 11
33.756443146740466
 21
-166.0
 31
0.0
  0
LINE
  5
820
330
17
100
AcDbEntity
  8
可见轮廓
100
AcDbLine
 10
33.70658176326432
 20
-166.0
 30
0.0
 11
33.73205080756888
 21
-166.0
 31
0.0
  0
LINE
  5
821
330
17
100
AcDbEntity
  8
可见轮廓
100
AcDbLine
 10
33.68005184630155
 20
-166.0
 30
0.0
 11
33.70658176326432
 21
-166.0
 31
0.0
  0
LINE
  5
822
330
17
100
AcDbEntity
  8
可见轮廓
100
AcDbLine
 10
33.65247754863199
 20
-166.0
 30
0.0
 11
33.68005184630155
 21
-166.0
 31
0.0
  0
LINE
  5
823
330
17
100
AcDbEntity
  8
可见轮廓
100
AcDbLine
 10
33.62387601143172
 20
-166.0
 30
0.0
 11
33.65247754863199
 21
-166.0
 31
0.0
  0
LINE
  5
824
330
17
100
AcDbEntity
  8
可见轮廓
100
AcDbLine
 10
33.59426501444585
 20
-166.0
 30
0.0
 11
33.62387601143172
 21
-166.0
 31
0.0
  0
LINE
  5
825
330
17
100
AcDbEntity
  8
可见轮廓
100
AcDbLine
 10
33.563662964936064
 20
-166.0
 30
0.0
 11
33.59426501444585
 21
-166.0
 31
0.0
  0
LINE
  5
826
330
17
100
AcDbEntity
  8
可见轮廓
100
AcDbLine
 10
33.532088886237965
 20
-166.0
 30
0.0
 11
33.563662964936064
 21
-166.0
 31
0.0
  0
LINE
  5
827
330
17
100
AcDbEntity
  8
可见轮廓
100
AcDbLine
 10
33.49956240593548
 20
-166.0
 30
0.0
 11
33.532088886237965
 21
-166.0
 31
0.0
  0
LINE
  5
828
330
17
100
AcDbEntity
  8
可见轮廓
100
AcDbLine
 10
33.46610374365966
 20
-166.0
 30
0.0
 11
33.49956240593548
 21
-166.0
 31
0.0
  0
LINE
  5
829
330
17
100
AcDbEntity
  8
可见轮廓
100
AcDbLine
 10
33.431733698519444
 20
-166.0
 30
0.0
 11
33.46610374365966
 21
-166.0
 31
0.0
  0
LINE
  5
82A
330
17
100
AcDbEntity
  8
可见轮廓
100
AcDbLine
 10
33.39647363617215
 20
-166.0
 30
0.0
 11
33.431733698519444
 21
-166.0
 31
0.0
  0
LINE
  5
82B
330
17
100
AcDbEntity
  8
可见轮廓
100
AcDbLine
 10
33.36034547554185
 20
-166.0
 30
0.0
 11
33.39647363617215
 21
-166.0
 31
0.0
  0
LINE
  5
82C
330
17
100
AcDbEntity
  8
可见轮廓
100
AcDbLine
 10
33.32337167519373
 20
-166.0
 30
0.0
 11
33.36034547554185
 21
-166.0
 31
0.0
  0
LINE
  5
82D
330
17
100
AcDbEntity
  8
可见轮廓
100
AcDbLine
 10
33.28557521937309
 20
-166.0
 30
0.0
 11
33.32337167519373
 21
-166.0
 31
0.0
  0
LINE
  5
82E
330
17
100
AcDbEntity
  8
可见轮廓
100
AcDbLine
 10
33.24697960371748
 20
-166.0
 30
0.0
 11
33.28557521937309
 21
-166.0
 31
0.0
  0
LINE
  5
82F
330
17
100
AcDbEntity
  8
可见轮廓
100
AcDbLine
 10
33.20760882065096
 20
-166.0
 30
0.0
 11
33.24697960371748
 21
-166.0
 31
0.0
  0
LINE
  5
830
330
17
100
AcDbEntity
  8
可见轮廓
100
AcDbLine
 10
33.167487344469585
 20
-166.0
 30
0.0
 11
33.20760882065096
 21
-166.0
 31
0.0
  0
LINE
  5
831
330
17
100
AcDbEntity
  8
可见轮廓
100
AcDbLine
 10
33.12664011612725
 20
-166.0
 30
0.0
 11
33.167487344469585
 21
-166.0
 31
0.0
  0
LINE
  5
832
330
17
100
AcDbEntity
  8
可见轮廓
100
AcDbLine
 10
33.085092527731526
 20
-166.0
 30
0.0
 11
33.12664011612725
 21
-166.0
 31
0.0
  0
LINE
  5
833
330
17
100
AcDbEntity
  8
可见轮廓
100
AcDbLine
 10
33.042870406759
 20
-166.0
 30
0.0
 11
33.085092527731526
 21
-166.0
 31
0.0
  0
LINE
  5
834
330
17
100
AcDbEntity
  8
可见轮廓
100
AcDbLine
 10
33.00000000000001
 20
-166.0
 30
0.0
 11
33.042870406759
 21
-166.0
 31
0.0
  0
LINE
  5
835
330
17
100
AcDbEntity
  8
可见轮廓
100
AcDbLine
 10
32.95650795724264
 20
-166.0
 30
0.0
 11
33.00000000000001
 21
-166.0
 31
0.0
  0
LINE
  5
836
330
17
100
AcDbEntity
  8
可见轮廓
100
AcDbLine
 10
32.912421314706336
 20
-166.0
 30
0.0
 11
32.95650795724264
 21
-166.0
 31
0.0
  0
LINE
  5
837
330
17
100
AcDbEntity
  8
可见轮廓
100
AcDbLine
 10
32.86776747823512
 20
-166.0
 30
0.0
 11
32.912421314706336
 21
-166.0
 31
0.0
  0
LINE
  5
838
330
17
100
AcDbEntity
  8
可见轮廓
100
AcDbLine
 10
32.82257420626123
 20
-166.0
 30
0.0
 11
32.86776747823512
 21
-166.0
 31
0.0
  0
LINE
  5
839
330
17
100
AcDbEntity
  8
可见轮廓
100
AcDbLine
 10
32.776869592549396
 20
-166.0
 30
0.0
 11
32.82257420626123
 21
-166.0
 31
0.0
  0
LINE
  5
83A
330
17
100
AcDbEntity
  8
可见轮廓
100
AcDbLine
 10
32.730682048732795
 20
-166.0
 30
0.0
 11
32.776869592549396
 21
-166.0
 31
0.0
  0
LINE
  5
83B
330
17
100
AcDbEntity
  8
可见轮廓
100
AcDbLine
 10
32.684040286651346
 20
-166.0
 30
0.0
 11
32.730682048732795
 21
-166.0
 31
0.0
  0
LINE
  5
83C
330
17
100
AcDbEntity
  8
可见轮廓
100
AcDbLine
 10
32.63697330050337
 20
-166.0
 30
0.0
 11
32.684040286651346
 21
-166.0
 31
0.0
  0
LINE
  5
83D
330
17
100
AcDbEntity
  8
可见轮廓
100
AcDbLine
 10
32.58951034882182
 20
-166.0
 30
0.0
 11
32.63697330050337
 21
-166.0
 31
0.0
  0
LINE
  5
83E
330
17
100
AcDbEntity
  8
可见轮廓
100
AcDbLine
 10
32.54168093628601
 20
-166.0
 30
0.0
 11
32.58951034882182
 21
-166.0
 31
0.0
  0
LINE
  5
83F
330
17
100
AcDbEntity
  8
可见轮廓
100
AcDbLine
 10
32.49351479538059
 20
-166.0
 30
0.0
 11
32.54168093628601
 21
-166.0
 31
0.0
  0
LINE
  5
840
330
17
100
AcDbEntity
  8
可见轮廓
100
AcDbLine
 10
32.445041867912636
 20
-166.0
 30
0.0
 11
32.49351479538059
 21
-166.0
 31
0.0
  0
LINE
  5
841
330
17
100
AcDbEntity
  8
可见轮廓
100
AcDbLine
 10
32.396292286398804
 20
-166.0
 30
0.0
 11
32.445041867912636
 21
-166.0
 31
0.0
  0
LINE
  5
842
330
17
100
AcDbEntity
  8
可见轮廓
100
AcDbLine
 10
32.34729635533387
 20
-166.0
 30
0.0
 11
32.396292286398804
 21
-166.0
 31
0.0
  0
LINE
  5
843
330
17
100
AcDbEntity
  8
可见轮廓
100
AcDbLine
 10
32.298084532352355
 20
-166.0
 30
0.0
 11
32.34729635533387
 21
-166.0
 31
0.0
  0
LINE
  5
844
330
17
100
AcDbEntity
  8
可见轮廓
100
AcDbLine
 10
32.24868740929497
 20
-166.0
 30
0.0
 11
32.298084532352355
 21
-166.0
 31
0.0
  0
LINE
  5
845
330
17
100
AcDbEntity
  8
可见轮廓
100
AcDbLine
 10
32.199135693191636
 20
-166.0
 30
0.0
 11
32.24868740929497
 21
-166.0
 31
0.0
  0
LINE
  5
846
330
17
100
AcDbEntity
  8
可见轮廓
100
AcDbLine
 10
32.149460187172856
 20
-166.0
 30
0.0
 11
32.199135693191636
 21
-166.0
 31
0.0
  0
LINE
  5
847
330
17
100
AcDbEntity
  8
可见轮廓
100
AcDbLine
 10
32.0996917713214
 20
-166.0
 30
0.0
 11
32.149460187172856
 21
-166.0
 31
0.0
  0
LINE
  5
848
330
17
100
AcDbEntity
  8
可见轮廓
100
AcDbLine
 10
32.04986138347615
 20
-166.0
 30
0.0
 11
32.0996917713214
 21
-166.0
 31
0.0
  0
LINE
  5
849
330
17
100
AcDbEntity
  8
可见轮廓
100
AcDbLine
 10
32.00000000000001
 20
-166.0
 30
0.0
 11
32.04986138347615
 21
-166.0
 31
0.0
  0
LINE
  5
84A
330
17
100
AcDbEntity
  8
可见轮廓
100
AcDbLine
 10
11.950138616523864
 20
-166.0
 30
0.0
 11
11.999999999999998
 21
-166.0
 31
0.0
  0
LINE
  5
84B
330
17
100
AcDbEntity
  8
可见轮廓
100
AcDbLine
 10
11.900308228678615
 20
-166.0
 30
0.0
 11
11.950138616523864
 21
-166.0
 31
0.0
  0
LINE
  5
84C
330
17
100
AcDbEntity
  8
可见轮廓
100
AcDbLine
 10
11.850539812827162
 20
-166.0
 30
0.0
 11
11.900308228678615
 21
-166.0
 31
0.0
  0
LINE
  5
84D
330
17
100
AcDbEntity
  8
可见轮廓
100
AcDbLine
 10
11.800864306808375
 20
-166.0
 30
0.0
 11
11.850539812827162
 21
-166.0
 31
0.0
  0
LINE
  5
84E
330
17
100
AcDbEntity
  8
可见轮廓
100
AcDbLine
 10
11.751312590705039
 20
-166.0
 30
0.0
 11
11.800864306808375
 21
-166.0
 31
0.0
  0
LINE
  5
84F
330
17
100
AcDbEntity
  8
可见轮廓
100
AcDbLine
 10
11.701915467647659
 20
-166.0
 30
0.0
 11
11.751312590705039
 21
-166.0
 31
0.0
  0
LINE
  5
850
330
17
100
AcDbEntity
  8
可见轮廓
100
AcDbLine
 10
11.652703644666147
 20
-166.0
 30
0.0
 11
11.701915467647659
 21
-166.0
 31
0.0
  0
LINE
  5
851
330
17
100
AcDbEntity
  8
可见轮廓
100
AcDbLine
 10
11.603707713601214
 20
-166.0
 30
0.0
 11
11.652703644666147
 21
-166.0
 31
0.0
  0
LINE
  5
852
330
17
100
AcDbEntity
  8
可见轮廓
100
AcDbLine
 10
11.554958132087378
 20
-166.0
 30
0.0
 11
11.603707713601214
 21
-166.0
 31
0.0
  0
LINE
  5
853
330
17
100
AcDbEntity
  8
可见轮廓
100
AcDbLine
 10
11.50648520461942
 20
-166.0
 30
0.0
 11
11.554958132087378
 21
-166.0
 31
0.0
  0
LINE
  5
854
330
17
100
AcDbEntity
  8
可见轮廓
100
AcDbLine
 10
11.458319063713997
 20
-166.0
 30
0.0
 11
11.50648520461942
 21
-166.0
 31
0.0
  0
LINE
  5
855
330
17
100
AcDbEntity
  8
可见轮廓
100
AcDbLine
 10
11.410489651178198
 20
-166.0
 30
0.0
 11
11.458319063713997
 21
-166.0
 31
0.0
  0
LINE
  5
856
330
17
100
AcDbEntity
  8
可见轮廓
100
AcDbLine
 10
11.363026699496638
 20
-166.0
 30
0.0
 11
11.410489651178198
 21
-166.0
 31
0.0
  0
LINE
  5
857
330
17
100
AcDbEntity
  8
可见轮廓
100
AcDbLine
 10
11.315959713348668
 20
-166.0
 30
0.0
 11
11.363026699496638
 21
-166.0
 31
0.0
  0
LINE
  5
858
330
17
100
AcDbEntity
  8
可见轮廓
100
AcDbLine
 10
11.269317951267215
 20
-166.0
 30
0.0
 11
11.315959713348668
 21
-166.0
 31
0.0
  0
LINE
  5
859
330
17
100
AcDbEntity
  8
可见轮廓
100
AcDbLine
 10
11.223130407450617
 20
-166.0
 30
0.0
 11
11.269317951267215
 21
-166.0
 31
0.0
  0
LINE
  5
85A
330
17
100
AcDbEntity
  8
可见轮廓
100
AcDbLine
 10
11.177425793738783
 20
-166.0
 30
0.0
 11
11.223130407450617
 21
-166.0
 31
0.0
  0
LINE
  5
85B
330
17
100
AcDbEntity
  8
可见轮廓
100
AcDbLine
 10
11.13223252176489
 20
-166.0
 30
0.0
 11
11.177425793738783
 21
-166.0
 31
0.0
  0
LINE
  5
85C
330
17
100
AcDbEntity
  8
可见轮廓
100
AcDbLine
 10
11.087578685293678
 20
-166.0
 30
0.0
 11
11.13223252176489
 21
-166.0
 31
0.0
  0
LINE
  5
85D
330
17
100
AcDbEntity
  8
可见轮廓
100
AcDbLine
 10
11.043492042757368
 20
-166.0
 30
0.0
 11
11.087578685293678
 21
-166.0
 31
0.0
  0
LINE
  5
85E
330
17
100
AcDbEntity
  8
可见轮廓
100
AcDbLine
 10
11.000000000000004
 20
-166.0
 30
0.0
 11
11.043492042757368
 21
-166.0
 31
0.0
  0
LINE
  5
85F
330
17
100
AcDbEntity
  8
可见轮廓
100
AcDbLine
 10
10.957129593241008
 20
-166.0
 30
0.0
 11
11.000000000000004
 21
-166.0
 31
0.0
  0
LINE
  5
860
330
17
100
AcDbEntity
  8
可见轮廓
100
AcDbLine
 10
10.914907472268485
 20
-166.0
 30
0.0
 11
10.957129593241008
 21
-166.0
 31
0.0
  0
LINE
  5
861
330
17
100
AcDbEntity
  8
可见轮廓
100
AcDbLine
 10
10.873359883872759
 20
-166.0
 30
0.0
 11
10.914907472268485
 21
-166.0
 31
0.0
  0
LINE
  5
862
330
17
100
AcDbEntity
  8
可见轮廓
100
AcDbLine
 10
10.832512655530422
 20
-166.0
 30
0.0
 11
10.873359883872759
 21
-166.0
 31
0.0
  0
LINE
  5
863
330
17
100
AcDbEntity
  8
可见轮廓
100
AcDbLine
 10
10.792391179349048
 20
-166.0
 30
0.0
 11
10.832512655530422
 21
-166.0
 31
0.0
  0
LINE
  5
864
330
17
100
AcDbEntity
  8
可见轮廓
100
AcDbLine
 10
10.753020396282535
 20
-166.0
 30
0.0
 11
10.792391179349048
 21
-166.0
 31
0.0
  0
LINE
  5
865
330
17
100
AcDbEntity
  8
可见轮廓
100
AcDbLine
 10
10.714424780626924
 20
-166.0
 30
0.0
 11
10.753020396282535
 21
-166.0
 31
0.0
  0
LINE
  5
866
330
17
100
AcDbEntity
  8
可见轮廓
100
AcDbLine
 10
10.676628324806282
 20
-166.0
 30
0.0
 11
10.714424780626924
 21
-166.0
 31
0.0
  0
LINE
  5
867
330
17
100
AcDbEntity
  8
可见轮廓
100
AcDbLine
 10
10.639654524458162
 20
-166.0
 30
0.0
 11
10.676628324806282
 21
-166.0
 31
0.0
  0
LINE
  5
868
330
17
100
AcDbEntity
  8
可见轮廓
100
AcDbLine
 10
10.603526363827855
 20
-166.0
 30
0.0
 11
10.639654524458162
 21
-166.0
 31
0.0
  0
LINE
  5
869
330
17
100
AcDbEntity
  8
可见轮廓
100
AcDbLine
 10
10.568266301480564
 20
-166.0
 30
0.0
 11
10.603526363827855
 21
-166.0
 31
0.0
  0
LINE
  5
86A
330
17
100
AcDbEntity
  8
可见轮廓
100
AcDbLine
 10
10.533896256340348
 20
-166.0
 30
0.0
 11
10.568266301480564
 21
-166.0
 31
0.0
  0
LINE
  5
86B
330
17
100
AcDbEntity
  8
可见轮廓
100
AcDbLine
 10
10.500437594064532
 20
-166.0
 30
0.0
 11
10.533896256340348
 21
-166.0
 31
0.0
  0
LINE
  5
86C
330
17
100
AcDbEntity
  8
可见轮廓
100
AcDbLine
 10
10.467911113762044
 20
-166.0
 30
0.0
 11
10.500437594064532
 21
-166.0
 31
0.0
  0
LINE
  5
86D
330
17
100
AcDbEntity
  8
可见轮廓
100
AcDbLine
 10
10.436337035063941
 20
-166.0
 30
0.0
 11
10.467911113762044
 21
-166.0
 31
0.0
  0
LINE
  5
86E
330
17
100
AcDbEntity
  8
可见轮廓
100
AcDbLine
 10
10.405734985554155
 20
-166.0
 30
0.0
 11
10.436337035063941
 21
-166.0
 31
0.0
  0
LINE
  5
86F
330
17
100
AcDbEntity
  8
可见轮廓
100
AcDbLine
 10
10.376123988568287
 20
-166.0
 30
0.0
 11
10.405734985554155
 21
-166.0
 31
0.0
  0
LINE
  5
870
330
17
100
AcDbEntity
  8
可见轮廓
100
AcDbLine
 10
10.34752245136801
 20
-166.0
 30
0.0
 11
10.376123988568287
 21
-166.0
 31
0.0
  0
LINE
  5
871
330
17
100
AcDbEntity
  8
可见轮廓
100
AcDbLine
 10
10.319948153698457
 20
-166.0
 30
0.0
 11
10.34752245136801
 21
-166.0
 31
0.0
  0
LINE
  5
872
330
17
100
AcDbEntity
  8
可见轮廓
100
AcDbLine
 10
10.293418236735688
 20
-166.0
 30
0.0
 11
10.319948153698457
 21
-166.0
 31
0.0
  0
LINE
  5
873
330
17
100
AcDbEntity
  8
可见轮廓
100
AcDbLine
 10
10.267949192431121
 20
-166.0
 30
0.0
 11
10.293418236735688
 21
-166.0
 31
0.0
  0
LINE
  5
874
330
17
100
AcDbEntity
  8
可见轮廓
100
AcDbLine
 10
10.243556853259541
 20
-166.0
 30
0.0
 11
10.267949192431121
 21
-166.0
 31
0.0
  0
LINE
  5
875
330
17
100
AcDbEntity
  8
可见轮廓
100
AcDbLine
 10
10.22025638237706
 20
-166.0
 30
0.0
 11
10.243556853259541
 21
-166.0
 31
0.0
  0
LINE
  5
876
330
17
100
AcDbEntity
  8
可见轮廓
100
AcDbLine
 10
10.19806226419516
 20
-166.0
 30
0.0
 11
10.22025638237706
 21
-166.0
 31
0.0
  0
LINE
  5
877
330
17
100
AcDbEntity
  8
可见轮廓
100
AcDbLine
 10
10.17698829537665
 20
-166.0
 30
0.0
 11
10.19806226419516
 21
-166.0
 31
0.0
  0
LINE
  5
878
330
17
100
AcDbEntity
  8
可见轮廓
100
AcDbLine
 10
10.157047576259183
 20
-166.0
 30
0.0
 11
10.17698829537665
 21
-166.0
 31
0.0
  0
LINE
  5
879
330
17
100
AcDbEntity
  8
可见轮廓
100
AcDbLine
 10
10.13825250271159
 20
-166.0
 30
0.0
 11
10.157047576259183
 21
-166.0
 31
0.0
  0
LINE
  5
87A
330
17
100
AcDbEntity
  8
可见轮廓
100
AcDbLine
 10
10.12061475842818
 20
-166.0
 30
0.0
 11
10.13825250271159
 21
-166.0
 31
0.0
  0
LINE
  5
87B
330
17
100
AcDbEntity
  8
可见轮廓
100
AcDbLine
 10
10.104145307665734
 20
-166.0
 30
0.0
 11
10.12061475842818
 21
-166.0
 31
0.0
  0
LINE
  5
87C
330
17
100
AcDbEntity
  8
可见轮廓
100
AcDbLine
 10
10.088854388427716
 20
-166.0
 30
0.0
 11
10.104145307665734
 21
-166.0
 31
0.0
  0
LINE
  5
87D
330
17
100
AcDbEntity
  8
可见轮廓
100
AcDbLine
 10
10.074751506099973
 20
-166.0
 30
0.0
 11
10.088854388427716
 21
-166.0
 31
0.0
  0
LINE
  5
87E
330
17
100
AcDbEntity
  8
可见轮廓
100
AcDbLine
 10
10.06184542754184
 20
-166.0
 30
0.0
 11
10.074751506099973
 21
-166.0
 31
0.0
  0
LINE
  5
87F
330
17
100
AcDbEntity
  8
可见轮廓
100
AcDbLine
 10
10.05014417563635
 20
-166.0
 30
0.0
 11
10.06184542754184
 21
-166.0
 31
0.0
  0
LINE
  5
880
330
17
100
AcDbEntity
  8
可见轮廓
100
AcDbLine
 10
10.03965502430291
 20
-166.0
 30
0.0
 11
10.05014417563635
 21
-166.0
 31
0.0
  0
LINE
  5
881
330
17
100
AcDbEntity
  8
可见轮廓
100
AcDbLine
 10
10.03038449397558
 20
-166.0
 30
0.0
 11
10.03965502430291
 21
-166.0
 31
0.0
  0
LINE
  5
882
330
17
100
AcDbEntity
  8
可见轮廓
100
AcDbLine
 10
10.02233834754974
 20
-166.0
 30
0.0
 11
10.03038449397558
 21
-166.0
 31
0.0
  0
LINE
  5
883
330
17
100
AcDbEntity
  8
可见轮廓
100
AcDbLine
 10
10.015521586799652
 20
-166.0
 30
0.0
 11
10.02233834754974
 21
-166.0
 31
0.0
  0
LINE
  5
884
330
17
100
AcDbEntity
  8
可见轮廓
100
AcDbLine
 10
10.009938449269194
 20
-166.0
 30
0.0
 11
10.015521586799652
 21
-166.0
 31
0.0
  0
LINE
  5
885
330
17
100
AcDbEntity
  8
可见轮廓
100
AcDbLine
 10
10.005592405637636
 20
-166.0
 30
0.0
 11
10.009938449269194
 21
-166.0
 31
0.0
  0
LINE
  5
886
330
17
100
AcDbEntity
  8
可见轮廓
100
AcDbLine
 10
10.002486157562151
 20
-166.0
 30
0.0
 11
10.005592405637636
 21
-166.0
 31
0.0
  0
LINE
  5
887
330
17
100
AcDbEntity
  8
可见轮廓
100
AcDbLine
 10
10.000621635998364
 20
-166.0
 30
0.0
 11
10.002486157562151
 21
-166.0
 31
0.0
  0
LINE
  5
888
330
17
100
AcDbEntity
  8
可见轮廓
100
AcDbLine
 10
9.999999999999998
 20
-166.0
 30
0.0
 11
10.000621635998364
 21
-166.0
 31
0.0
  0
LINE
  5
889
330
17
100
AcDbEntity
  8
可见轮廓
100
AcDbLine
 10
10.0
 20
-166.0
 30
0.0
 11
4.0
 21
-166.0
 31
0.0
  0
LINE
  5
88A
330
17
100
AcDbEntity
  8
可见轮廓
100
AcDbLine
 10
3.950138616523855
 20
-166.0
 30
0.0
 11
4.0
 21
-166.0
 31
0.0
  0
LINE
  5
88B
330
17
100
AcDbEntity
  8
可见轮廓
100
AcDbLine
 10
3.900308228678604
 20
-166.0
 30
0.0
 11
3.950138616523855
 21
-166.0
 31
0.0
  0
LINE
  5
88C
330
17
100
AcDbEntity
  8
可见轮廓
100
AcDbLine
 10
3.850539812827151
 20
-166.0
 30
0.0
 11
3.900308228678604
 21
-166.0
 31
0.0
  0
LINE
  5
88D
330
17
100
AcDbEntity
  8
可见轮廓
100
AcDbLine
 10
3.8008643068083643
 20
-166.0
 30
0.0
 11
3.850539812827151
 21
-166.0
 31
0.0
  0
LINE
  5
88E
330
17
100
AcDbEntity
  8
可见轮廓
100
AcDbLine
 10
3.7513125907050267
 20
-166.0
 30
0.0
 11
3.8008643068083643
 21
-166.0
 31
0.0
  0
LINE
  5
88F
330
17
100
AcDbEntity
  8
可见轮廓
100
AcDbLine
 10
3.7019154676476482
 20
-166.0
 30
0.0
 11
3.7513125907050267
 21
-166.0
 31
0.0
  0
LINE
  5
890
330
17
100
AcDbEntity
  8
可见轮廓
100
AcDbLine
 10
3.6527036446661363
 20
-166.0
 30
0.0
 11
3.7019154676476482
 21
-166.0
 31
0.0
  0
LINE
  5
891
330
17
100
AcDbEntity
  8
可见轮廓
100
AcDbLine
 10
3.603707713601203
 20
-166.0
 30
0.0
 11
3.6527036446661363
 21
-166.0
 31
0.0
  0
LINE
  5
892
330
17
100
AcDbEntity
  8
可见轮廓
100
AcDbLine
 10
3.5549581320873678
 20
-166.0
 30
0.0
 11
3.603707713601203
 21
-166.0
 31
0.0
  0
LINE
  5
893
330
17
100
AcDbEntity
  8
可见轮廓
100
AcDbLine
 10
3.506485204619409
 20
-166.0
 30
0.0
 11
3.5549581320873678
 21
-166.0
 31
0.0
  0
LINE
  5
894
330
17
100
AcDbEntity
  8
可见轮廓
100
AcDbLine
 10
3.4583190637139865
 20
-166.0
 30
0.0
 11
3.506485204619409
 21
-166.0
 31
0.0
  0
LINE
  5
895
330
17
100
AcDbEntity
  8
可见轮廓
100
AcDbLine
 10
3.410489651178189
 20
-166.0
 30
0.0
 11
3.4583190637139865
 21
-166.0
 31
0.0
  0
LINE
  5
896
330
17
100
AcDbEntity
  8
可见轮廓
100
AcDbLine
 10
3.363026699496629
 20
-166.0
 30
0.0
 11
3.410489651178189
 21
-166.0
 31
0.0
  0
LINE
  5
897
330
17
100
AcDbEntity
  8
可见轮廓
100
AcDbLine
 10
3.315959713348658
 20
-166.0
 30
0.0
 11
3.363026699496629
 21
-166.0
 31
0.0
  0
LINE
  5
898
330
17
100
AcDbEntity
  8
可见轮廓
100
AcDbLine
 10
3.269317951267208
 20
-166.0
 30
0.0
 11
3.315959713348658
 21
-166.0
 31
0.0
  0
LINE
  5
899
330
17
100
AcDbEntity
  8
可见轮廓
100
AcDbLine
 10
3.2231304074506077
 20
-166.0
 30
0.0
 11
3.269317951267208
 21
-166.0
 31
0.0
  0
LINE
  5
89A
330
17
100
AcDbEntity
  8
可见轮廓
100
AcDbLine
 10
3.1774257937387738
 20
-166.0
 30
0.0
 11
3.2231304074506077
 21
-166.0
 31
0.0
  0
LINE
  5
89B
330
17
100
AcDbEntity
  8
可见轮廓
100
AcDbLine
 10
3.1322325217648803
 20
-166.0
 30
0.0
 11
3.1774257937387738
 21
-166.0
 31
0.0
  0
LINE
  5
89C
330
17
100
AcDbEntity
  8
可见轮廓
100
AcDbLine
 10
3.0875786852936713
 20
-166.0
 30
0.0
 11
3.1322325217648803
 21
-166.0
 31
0.0
  0
LINE
  5
89D
330
17
100
AcDbEntity
  8
可见轮廓
100
AcDbLine
 10
3.043492042757361
 20
-166.0
 30
0.0
 11
3.0875786852936713
 21
-166.0
 31
0.0
  0
LINE
  5
89E
330
17
100
AcDbEntity
  8
可见轮廓
100
AcDbLine
 10
2.9999999999999964
 20
-166.0
 30
0.0
 11
3.043492042757361
 21
-166.0
 31
0.0
  0
LINE
  5
89F
330
17
100
AcDbEntity
  8
可见轮廓
100
AcDbLine
 10
2.9571295932409996
 20
-166.0
 30
0.0
 11
2.9999999999999964
 21
-166.0
 31
0.0
  0
LINE
  5
8A0
330
17
100
AcDbEntity
  8
可见轮廓
100
AcDbLine
 10
2.914907472268478
 20
-166.0
 30
0.0
 11
2.9571295932409996
 21
-166.0
 31
0.0
  0
LINE
  5
8A1
330
17
100
AcDbEntity
  8
可见轮廓
100
AcDbLine
 10
2.8733598838727517
 20
-166.0
 30
0.0
 11
2.914907472268478
 21
-166.0
 31
0.0
  0
LINE
  5
8A2
330
17
100
AcDbEntity
  8
可见轮廓
100
AcDbLine
 10
2.832512655530415
 20
-166.0
 30
0.0
 11
2.8733598838727517
 21
-166.0
 31
0.0
  0
LINE
  5
8A3
330
17
100
AcDbEntity
  8
可见轮廓
100
AcDbLine
 10
2.7923911793490426
 20
-166.0
 30
0.0
 11
2.832512655530415
 21
-166.0
 31
0.0
  0
LINE
  5
8A4
330
17
100
AcDbEntity
  8
可见轮廓
100
AcDbLine
 10
2.7530203962825297
 20
-166.0
 30
0.0
 11
2.7923911793490426
 21
-166.0
 31
0.0
  0
LINE
  5
8A5
330
17
100
AcDbEntity
  8
可见轮廓
100
AcDbLine
 10
2.714424780626917
 20
-166.0
 30
0.0
 11
2.7530203962825297
 21
-166.0
 31
0.0
  0
LINE
  5
8A6
330
17
100
AcDbEntity
  8
可见轮廓
100
AcDbLine
 10
2.676628324806277
 20
-166.0
 30
0.0
 11
2.714424780626917
 21
-166.0
 31
0.0
  0
LINE
  5
8A7
330
17
100
AcDbEntity
  8
可见轮廓
100
AcDbLine
 10
2.6396545244581553
 20
-166.0
 30
0.0
 11
2.676628324806277
 21
-166.0
 31
0.0
  0
LINE
  5
8A8
330
17
100
AcDbEntity
  8
可见轮廓
100
AcDbLine
 10
2.60352636382785
 20
-166.0
 30
0.0
 11
2.6396545244581553
 21
-166.0
 31
0.0
  0
LINE
  5
8A9
330
17
100
AcDbEntity
  8
可见轮廓
100
AcDbLine
 10
2.568266301480559
 20
-166.0
 30
0.0
 11
2.60352636382785
 21
-166.0
 31
0.0
  0
LINE
  5
8AA
330
17
100
AcDbEntity
  8
可见轮廓
100
AcDbLine
 10
2.5338962563403413
 20
-166.0
 30
0.0
 11
2.568266301480559
 21
-166.0
 31
0.0
  0
LINE
  5
8AB
330
17
100
AcDbEntity
  8
可见轮廓
100
AcDbLine
 10
2.5004375940645254
 20
-166.0
 30
0.0
 11
2.5338962563403413
 21
-166.0
 31
0.0
  0
LINE
  5
8AC
330
17
100
AcDbEntity
  8
可见轮廓
100
AcDbLine
 10
2.467911113762039
 20
-166.0
 30
0.0
 11
2.5004375940645254
 21
-166.0
 31
0.0
  0
LINE
  5
8AD
330
17
100
AcDbEntity
  8
可见轮廓
100
AcDbLine
 10
2.4363370350639357
 20
-166.0
 30
0.0
 11
2.467911113762039
 21
-166.0
 31
0.0
  0
LINE
  5
8AE
330
17
100
AcDbEntity
  8
可见轮廓
100
AcDbLine
 10
2.405734985554151
 20
-166.0
 30
0.0
 11
2.4363370350639357
 21
-166.0
 31
0.0
  0
LINE
  5
8AF
330
17
100
AcDbEntity
  8
可见轮廓
100
AcDbLine
 10
2.376123988568281
 20
-166.0
 30
0.0
 11
2.405734985554151
 21
-166.0
 31
0.0
  0
LINE
  5
8B0
330
17
100
AcDbEntity
  8
可见轮廓
100
AcDbLine
 10
2.347522451368004
 20
-166.0
 30
0.0
 11
2.376123988568281
 21
-166.0
 31
0.0
  0
LINE
  5
8B1
330
17
100
AcDbEntity
  8
可见轮廓
100
AcDbLine
 10
2.3199481536984514
 20
-166.0
 30
0.0
 11
2.347522451368004
 21
-166.0
 31
0.0
  0
LINE
  5
8B2
330
17
100
AcDbEntity
  8
可见轮廓
100
AcDbLine
 10
2.293418236735686
 20
-166.0
 30
0.0
 11
2.3199481536984514
 21
-166.0
 31
0.0
  0
LINE
  5
8B3
330
17
100
AcDbEntity
  8
可见轮廓
100
AcDbLine
 10
2.267949192431118
 20
-166.0
 30
0.0
 11
2.293418236735686
 21
-166.0
 31
0.0
  0
LINE
  5
8B4
330
17
100
AcDbEntity
  8
可见轮廓
100
AcDbLine
 10
2.2435568532595376
 20
-166.0
 30
0.0
 11
2.267949192431118
 21
-166.0
 31
0.0
  0
LINE
  5
8B5
330
17
100
AcDbEntity
  8
可见轮廓
100
AcDbLine
 10
2.220256382377059
 20
-166.0
 30
0.0
 11
2.2435568532595376
 21
-166.0
 31
0.0
  0
LINE
  5
8B6
330
17
100
AcDbEntity
  8
可见轮廓
100
AcDbLine
 10
2.1980622641951584
 20
-166.0
 30
0.0
 11
2.220256382377059
 21
-166.0
 31
0.0
  0
LINE
  5
8B7
330
17
100
AcDbEntity
  8
可见轮廓
100
AcDbLine
 10
2.176988295376649
 20
-166.0
 30
0.0
 11
2.1980622641951584
 21
-166.0
 31
0.0
  0
LINE
  5
8B8
330
17
100
AcDbEntity
  8
可见轮廓
100
AcDbLine
 10
2.157047576259181
 20
-166.0
 30
0.0
 11
2.176988295376649
 21
-166.0
 31
0.0
  0
LINE
  5
8B9
330
17
100
AcDbEntity
  8
可见轮廓
100
AcDbLine
 10
2.1382525027115875
 20
-166.0
 30
0.0
 11
2.157047576259181
 21
-166.0
 31
0.0
  0
LINE
  5
8BA
330
17
100
AcDbEntity
  8
可见轮廓
100
AcDbLine
 10
2.1206147584281787
 20
-166.0
 30
0.0
 11
2.1382525027115875
 21
-166.0
 31
0.0
  0
LINE
  5
8BB
330
17
100
AcDbEntity
  8
可见轮廓
100
AcDbLine
 10
2.104145307665732
 20
-166.0
 30
0.0
 11
2.1206147584281787
 21
-166.0
 31
0.0
  0
LINE
  5
8BC
330
17
100
AcDbEntity
  8
可见轮廓
100
AcDbLine
 10
2.088854388427716
 20
-166.0
 30
0.0
 11
2.104145307665732
 21
-166.0
 31
0.0
  0
LINE
  5
8BD
330
17
100
AcDbEntity
  8
可见轮廓
100
AcDbLine
 10
2.0747515060999717
 20
-166.0
 30
0.0
 11
2.088854388427716
 21
-166.0
 31
0.0
  0
LINE
  5
8BE
330
17
100
AcDbEntity
  8
可见轮廓
100
AcDbLine
 10
2.06184542754184
 20
-166.0
 30
0.0
 11
2.0747515060999717
 21
-166.0
 31
0.0
  0
LINE
  5
8BF
330
17
100
AcDbEntity
  8
可见轮廓
100
AcDbLine
 10
2.050144175636351
 20
-166.0
 30
0.0
 11
2.06184542754184
 21
-166.0
 31
0.0
  0
LINE
  5
8C0
330
17
100
AcDbEntity
  8
可见轮廓
100
AcDbLine
 10
2.0396550243029097
 20
-166.0
 30
0.0
 11
2.050144175636351
 21
-166.0
 31
0.0
  0
LINE
  5
8C1
330
17
100
AcDbEntity
  8
可见轮廓
100
AcDbLine
 10
2.030384493975582
 20
-166.0
 30
0.0
 11
2.0396550243029097
 21
-166.0
 31
0.0
  0
LINE
  5
8C2
330
17
100
AcDbEntity
  8
可见轮廓
100
AcDbLine
 10
2.0223383475497414
 20
-166.0
 30
0.0
 11
2.030384493975582
 21
-166.0
 31
0.0
  0
LINE
  5
8C3
330
17
100
AcDbEntity
  8
可见轮廓
100
AcDbLine
 10
2.015521586799654
 20
-166.0
 30
0.0
 11
2.0223383475497414
 21
-166.0
 31
0.0
  0
LINE
  5
8C4
330
17
100
AcDbEntity
  8
可见轮廓
100
AcDbLine
 10
2.009938449269196
 20
-166.0
 30
0.0
 11
2.015521586799654
 21
-166.0
 31
0.0
  0
LINE
  5
8C5
330
17
100
AcDbEntity
  8
可见轮廓
100
AcDbLine
 10
2.005592405637639
 20
-166.0
 30
0.0
 11
2.009938449269196
 21
-166.0
 31
0.0
  0
LINE
  5
8C6
330
17
100
AcDbEntity
  8
可见轮廓
100
AcDbLine
 10
2.0024861575621564
 20
-166.0
 30
0.0
 11
2.005592405637639
 21
-166.0
 31
0.0
  0
LINE
  5
8C7
330
17
100
AcDbEntity
  8
可见轮廓
100
AcDbLine
 10
2.0006216359983675
 20
-166.0
 30
0.0
 11
2.0024861575621564
 21
-166.0
 31
0.0
  0
LINE
  5
8C8
330
17
100
AcDbEntity
  8
可见轮廓
100
AcDbLine
 10
2.0000000000000036
 20
-166.0
 30
0.0
 11
2.0006216359983675
 21
-166.0
 31
0.0
  0
LINE
  5
8C9
330
17
100
AcDbEntity
  8
可见轮廓
100
AcDbLine
 10
42.0
 20
-166.0
 30
0.0
 11
42.0
 21
-183.0
 31
0.0
  0
LINE
  5
8CA
330
17
100
AcDbEntity
  8
可见轮廓
100
AcDbLine
 10
42.0
 20
-183.0
 30
0.0
 11
42.0
 21
-186.0
 31
0.0
  0
LINE
  5
8CB
330
17
100
AcDbEntity
  8
可见轮廓
100
AcDbLine
 10
41.99937836400164
 20
-183.0
 30
0.0
 11
42.0
 21
-183.0
 31
0.0
  0
LINE
  5
8CC
330
17
100
AcDbEntity
  8
可见轮廓
100
AcDbLine
 10
41.997513842437854
 20
-183.0
 30
0.0
 11
41.99937836400164
 21
-183.0
 31
0.0
  0
LINE
  5
8CD
330
17
100
AcDbEntity
  8
可见轮廓
100
AcDbLine
 10
41.99440759436237
 20
-183.0
 30
0.0
 11
41.997513842437854
 21
-183.0
 31
0.0
  0
LINE
  5
8CE
330
17
100
AcDbEntity
  8
可见轮廓
100
AcDbLine
 10
41.990061550730815
 20
-183.0
 30
0.0
 11
41.99440759436237
 21
-183.0
 31
0.0
  0
LINE
  5
8CF
330
17
100
AcDbEntity
  8
可见轮廓
100
AcDbLine
 10
41.98447841320035
 20
-183.0
 30
0.0
 11
41.990061550730815
 21
-183.0
 31
0.0
  0
LINE
  5
8D0
330
17
100
AcDbEntity
  8
可见轮廓
100
AcDbLine
 10
41.977661652450266
 20
-183.0
 30
0.0
 11
41.98447841320035
 21
-183.0
 31
0.0
  0
LINE
  5
8D1
330
17
100
AcDbEntity
  8
可见轮廓
100
AcDbLine
 10
41.969615506024425
 20
-183.0
 30
0.0
 11
41.977661652450266
 21
-183.0
 31
0.0
  0
LINE
  5
8D2
330
17
100
AcDbEntity
  8
可见轮廓
100
AcDbLine
 10
41.9603449756971
 20
-183.0
 30
0.0
 11
41.969615506024425
 21
-183.0
 31
0.0
  0
LINE
  5
8D3
330
17
100
AcDbEntity
  8
可见轮廓
100
AcDbLine
 10
41.94985582436366
 20
-183.0
 30
0.0
 11
41.9603449756971
 21
-183.0
 31
0.0
  0
LINE
  5
8D4
330
17
100
AcDbEntity
  8
可见轮廓
100
AcDbLine
 10
41.93815457245817
 20
-183.0
 30
0.0
 11
41.94985582436366
 21
-183.0
 31
0.0
  0
LINE
  5
8D5
330
17
100
AcDbEntity
  8
可见轮廓
100
AcDbLine
 10
41.925248493900035
 20
-183.0
 30
0.0
 11
41.93815457245817
 21
-183.0
 31
0.0
  0
LINE
  5
8D6
330
17
100
AcDbEntity
  8
可见轮廓
100
AcDbLine
 10
41.911145611572294
 20
-183.0
 30
0.0
 11
41.925248493900035
 21
-183.0
 31
0.0
  0
LINE
  5
8D7
330
17
100
AcDbEntity
  8
可见轮廓
100
AcDbLine
 10
41.895854692334275
 20
-183.0
 30
0.0
 11
41.911145611572294
 21
-183.0
 31
0.0
  0
LINE
  5
8D8
330
17
100
AcDbEntity
  8
可见轮廓
100
AcDbLine
 10
41.879385241571825
 20
-183.0
 30
0.0
 11
41.895854692334275
 21
-183.0
 31
0.0
  0
LINE
  5
8D9
330
17
100
AcDbEntity
  8
可见轮廓
100
AcDbLine
 10
41.86174749728842
 20
-183.0
 30
0.0
 11
41.879385241571825
 21
-183.0
 31
0.0
  0
LINE
  5
8DA
330
17
100
AcDbEntity
  8
可见轮廓
100
AcDbLine
 10
41.842952423740826
 20
-183.0
 30
0.0
 11
41.86174749728842
 21
-183.0
 31
0.0
  0
LINE
  5
8DB
330
17
100
AcDbEntity
  8
可见轮廓
100
AcDbLine
 10
41.823011704623354
 20
-183.0
 30
0.0
 11
41.842952423740826
 21
-183.0
 31
0.0
  0
LINE
  5
8DC
330
17
100
AcDbEntity
  8
可见轮廓
100
AcDbLine
 10
41.801937735804856
 20
-183.0
 30
0.0
 11
41.823011704623354
 21
-183.0
 31
0.0
  0
LINE
  5
8DD
330
17
100
AcDbEntity
  8
可见轮廓
100
AcDbLine
 10
41.77974361762295
 20
-183.0
 30
0.0
 11
41.801937735804856
 21
-183.0
 31
0.0
  0
LINE
  5
8DE
330
17
100
AcDbEntity
  8
可见轮廓
100
AcDbLine
 10
41.756443146740466
 20
-183.0
 30
0.0
 11
41.77974361762295
 21
-183.0
 31
0.0
  0
LINE
  5
8DF
330
17
100
AcDbEntity
  8
可见轮廓
100
AcDbLine
 10
41.73205080756889
 20
-183.0
 30
0.0
 11
41.756443146740466
 21
-183.0
 31
0.0
  0
LINE
  5
8E0
330
17
100
AcDbEntity
  8
可见轮廓
100
AcDbLine
 10
41.706581763264325
 20
-183.0
 30
0.0
 11
41.73205080756889
 21
-183.0
 31
0.0
  0
LINE
  5
8E1
330
17
100
AcDbEntity
  8
可见轮廓
100
AcDbLine
 10
41.68005184630155
 20
-183.0
 30
0.0
 11
41.706581763264325
 21
-183.0
 31
0.0
  0
LINE
  5
8E2
330
17
100
AcDbEntity
  8
可见轮廓
100
AcDbLine
 10
41.65247754863201
 20
-183.0
 30
0.0
 11
41.68005184630155
 21
-183.0
 31
0.0
  0
LINE
  5
8E3
330
17
100
AcDbEntity
  8
可见轮廓
100
AcDbLine
 10
41.623876011431726
 20
-183.0
 30
0.0
 11
41.65247754863201
 21
-183.0
 31
0.0
  0
LINE
  5
8E4
330
17
100
AcDbEntity
  8
可见轮廓
100
AcDbLine
 10
41.59426501444585
 20
-183.0
 30
0.0
 11
41.623876011431726
 21
-183.0
 31
0.0
  0
LINE
  5
8E5
330
17
100
AcDbEntity
  8
可见轮廓
100
AcDbLine
 10
41.56366296493607
 20
-183.0
 30
0.0
 11
41.59426501444585
 21
-183.0
 31
0.0
  0
LINE
  5
8E6
330
17
100
AcDbEntity
  8
可见轮廓
100
AcDbLine
 10
41.53208888623797
 20
-183.0
 30
0.0
 11
41.56366296493607
 21
-183.0
 31
0.0
  0
LINE
  5
8E7
330
17
100
AcDbEntity
  8
可见轮廓
100
AcDbLine
 10
41.49956240593548
 20
-183.0
 30
0.0
 11
41.53208888623797
 21
-183.0
 31
0.0
  0
LINE
  5
8E8
330
17
100
AcDbEntity
  8
可见轮廓
100
AcDbLine
 10
41.466103743659666
 20
-183.0
 30
0.0
 11
41.49956240593548
 21
-183.0
 31
0.0
  0
LINE
  5
8E9
330
17
100
AcDbEntity
  8
可见轮廓
100
AcDbLine
 10
41.43173369851945
 20
-183.0
 30
0.0
 11
41.466103743659666
 21
-183.0
 31
0.0
  0
LINE
  5
8EA
330
17
100
AcDbEntity
  8
可见轮廓
100
AcDbLine
 10
41.39647363617216
 20
-183.0
 30
0.0
 11
41.43173369851945
 21
-183.0
 31
0.0
  0
LINE
  5
8EB
330
17
100
AcDbEntity
  8
可见轮廓
100
AcDbLine
 10
41.36034547554185
 20
-183.0
 30
0.0
 11
41.39647363617216
 21
-183.0
 31
0.0
  0
LINE
  5
8EC
330
17
100
AcDbEntity
  8
可见轮廓
100
AcDbLine
 10
41.32337167519373
 20
-183.0
 30
0.0
 11
41.36034547554185
 21
-183.0
 31
0.0
  0
LINE
  5
8ED
330
17
100
AcDbEntity
  8
可见轮廓
100
AcDbLine
 10
41.28557521937309
 20
-183.0
 30
0.0
 11
41.32337167519373
 21
-183.0
 31
0.0
  0
LINE
  5
8EE
330
17
100
AcDbEntity
  8
可见轮廓
100
AcDbLine
 10
41.24697960371748
 20
-183.0
 30
0.0
 11
41.28557521937309
 21
-183.0
 31
0.0
  0
LINE
  5
8EF
330
17
100
AcDbEntity
  8
可见轮廓
100
AcDbLine
 10
41.20760882065097
 20
-183.0
 30
0.0
 11
41.24697960371748
 21
-183.0
 31
0.0
  0
LINE
  5
8F0
330
17
100
AcDbEntity
  8
可见轮廓
100
AcDbLine
 10
41.16748734446959
 20
-183.0
 30
0.0
 11
41.20760882065097
 21
-183.0
 31
0.0
  0
LINE
  5
8F1
330
17
100
AcDbEntity
  8
可见轮廓
100
AcDbLine
 10
41.126640116127255
 20
-183.0
 30
0.0
 11
41.16748734446959
 21
-183.0
 31
0.0
  0
LINE
  5
8F2
330
17
100
AcDbEntity
  8
可见轮廓
100
AcDbLine
 10
41.08509252773153
 20
-183.0
 30
0.0
 11
41.126640116127255
 21
-183.0
 31
0.0
  0
LINE
  5
8F3
330
17
100
AcDbEntity
  8
可见轮廓
100
AcDbLine
 10
41.04287040675901
 20
-183.0
 30
0.0
 11
41.08509252773153
 21
-183.0
 31
0.0
  0
LINE
  5
8F4
330
17
100
AcDbEntity
  8
可见轮廓
100
AcDbLine
 10
41.000000000000014
 20
-183.0
 30
0.0
 11
41.04287040675901
 21
-183.0
 31
0.0
  0
LINE
  5
8F5
330
17
100
AcDbEntity
  8
可见轮廓
100
AcDbLine
 10
40.95650795724265
 20
-183.0
 30
0.0
 11
41.000000000000014
 21
-183.0
 31
0.0
  0
LINE
  5
8F6
330
17
100
AcDbEntity
  8
可见轮廓
100
AcDbLine
 10
40.912421314706336
 20
-183.0
 30
0.0
 11
40.95650795724265
 21
-183.0
 31
0.0
  0
LINE
  5
8F7
330
17
100
AcDbEntity
  8
可见轮廓
100
AcDbLine
 10
40.86776747823512
 20
-183.0
 30
0.0
 11
40.912421314706336
 21
-183.0
 31
0.0
  0
LINE
  5
8F8
330
17
100
AcDbEntity
  8
可见轮廓
100
AcDbLine
 10
40.82257420626124
 20
-183.0
 30
0.0
 11
40.86776747823512
 21
-183.0
 31
0.0
  0
LINE
  5
8F9
330
17
100
AcDbEntity
  8
可见轮廓
100
AcDbLine
 10
40.7768695925494
 20
-183.0
 30
0.0
 11
40.82257420626124
 21
-183.0
 31
0.0
  0
LINE
  5
8FA
330
17
100
AcDbEntity
  8
可见轮廓
100
AcDbLine
 10
40.7306820487328
 20
-183.0
 30
0.0
 11
40.7768695925494
 21
-183.0
 31
0.0
  0
LINE
  5
8FB
330
17
100
AcDbEntity
  8
可见轮廓
100
AcDbLine
 10
40.684040286651346
 20
-183.0
 30
0.0
 11
40.7306820487328
 21
-183.0
 31
0.0
  0
LINE
  5
8FC
330
17
100
AcDbEntity
  8
可见轮廓
100
AcDbLine
 10
40.63697330050338
 20
-183.0
 30
0.0
 11
40.684040286651346
 21
-183.0
 31
0.0
  0
LINE
  5
8FD
330
17
100
AcDbEntity
  8
可见轮廓
100
AcDbLine
 10
40.58951034882182
 20
-183.0
 30
0.0
 11
40.63697330050338
 21
-183.0
 31
0.0
  0
LINE
  5
8FE
330
17
100
AcDbEntity
  8
可见轮廓
100
AcDbLine
 10
40.54168093628602
 20
-183.0
 30
0.0
 11
40.58951034882182
 21
-183.0
 31
0.0
  0
LINE
  5
8FF
330
17
100
AcDbEntity
  8
可见轮廓
100
AcDbLine
 10
40.4935147953806
 20
-183.0
 30
0.0
 11
40.54168093628602
 21
-183.0
 31
0.0
  0
LINE
  5
900
330
17
100
AcDbEntity
  8
可见轮廓
100
AcDbLine
 10
40.445041867912636
 20
-183.0
 30
0.0
 11
40.4935147953806
 21
-183.0
 31
0.0
  0
LINE
  5
901
330
17
100
AcDbEntity
  8
可见轮廓
100
AcDbLine
 10
40.396292286398804
 20
-183.0
 30
0.0
 11
40.445041867912636
 21
-183.0
 31
0.0
  0
LINE
  5
902
330
17
100
AcDbEntity
  8
可见轮廓
100
AcDbLine
 10
40.34729635533387
 20
-183.0
 30
0.0
 11
40.396292286398804
 21
-183.0
 31
0.0
  0
LINE
  5
903
330
17
100
AcDbEntity
  8
可见轮廓
100
AcDbLine
 10
40.29808453235236
 20
-183.0
 30
0.0
 11
40.34729635533387
 21
-183.0
 31
0.0
  0
LINE
  5
904
330
17
100
AcDbEntity
  8
可见轮廓
100
AcDbLine
 10
40.24868740929497
 20
-183.0
 30
0.0
 11
40.29808453235236
 21
-183.0
 31
0.0
  0
LINE
  5
905
330
17
100
AcDbEntity
  8
可见轮廓
100
AcDbLine
 10
40.19913569319164
 20
-183.0
 30
0.0
 11
40.24868740929497
 21
-183.0
 31
0.0
  0
LINE
  5
906
330
17
100
AcDbEntity
  8
可见轮廓
100
AcDbLine
 10
40.149460187172856
 20
-183.0
 30
0.0
 11
40.19913569319164
 21
-183.0
 31
0.0
  0
LINE
  5
907
330
17
100
AcDbEntity
  8
可见轮廓
100
AcDbLine
 10
40.0996917713214
 20
-183.0
 30
0.0
 11
40.149460187172856
 21
-183.0
 31
0.0
  0
LINE
  5
908
330
17
100
AcDbEntity
  8
可见轮廓
100
AcDbLine
 10
40.049861383476156
 20
-183.0
 30
0.0
 11
40.0996917713214
 21
-183.0
 31
0.0
  0
LINE
  5
909
330
17
100
AcDbEntity
  8
可见轮廓
100
AcDbLine
 10
40.00000000000001
 20
-183.0
 30
0.0
 11
40.049861383476156
 21
-183.0
 31
0.0
  0
LINE
  5
90A
330
17
100
AcDbEntity
  8
可见轮廓
100
AcDbLine
 10
3.9999999999999964
 20
-183.0
 30
0.0
 11
11.999999999999998
 21
-183.0
 31
0.0
  0
LINE
  5
90B
330
17
100
AcDbEntity
  8
可见轮廓
100
AcDbLine
 10
11.999999999999998
 20
-166.0
 30
0.0
 11
32.00000000000001
 21
-166.0
 31
0.0
  0
LINE
  5
90C
330
17
100
AcDbEntity
  8
可见轮廓
100
AcDbLine
 10
32.00000000000001
 20
-183.0
 30
0.0
 11
40.00000000000001
 21
-183.0
 31
0.0
  0
LINE
  5
90D
330
17
100
AcDbEntity
  8
可见轮廓
100
AcDbLine
 10
3.950138616523862
 20
-183.0
 30
0.0
 11
3.9999999999999964
 21
-183.0
 31
0.0
  0
LINE
  5
90E
330
17
100
AcDbEntity
  8
可见轮廓
100
AcDbLine
 10
3.9003082286786146
 20
-183.0
 30
0.0
 11
3.950138616523862
 21
-183.0
 31
0.0
  0
LINE
  5
90F
330
17
100
AcDbEntity
  8
可见轮廓
100
AcDbLine
 10
3.850539812827158
 20
-183.0
 30
0.0
 11
3.9003082286786146
 21
-183.0
 31
0.0
  0
LINE
  5
910
330
17
100
AcDbEntity
  8
可见轮廓
100
AcDbLine
 10
3.800864306808375
 20
-183.0
 30
0.0
 11
3.850539812827158
 21
-183.0
 31
0.0
  0
LINE
  5
911
330
17
100
AcDbEntity
  8
可见轮廓
100
AcDbLine
 10
3.7513125907050373
 20
-183.0
 30
0.0
 11
3.800864306808375
 21
-183.0
 31
0.0
  0
LINE
  5
912
330
17
100
AcDbEntity
  8
可见轮廓
100
AcDbLine
 10
3.701915467647659
 20
-183.0
 30
0.0
 11
3.7513125907050373
 21
-183.0
 31
0.0
  0
LINE
  5
913
330
17
100
AcDbEntity
  8
可见轮廓
100
AcDbLine
 10
3.652703644666147
 20
-183.0
 30
0.0
 11
3.701915467647659
 21
-183.0
 31
0.0
  0
LINE
  5
914
330
17
100
AcDbEntity
  8
可见轮廓
100
AcDbLine
 10
3.60370771360121
 20
-183.0
 30
0.0
 11
3.652703644666147
 21
-183.0
 31
0.0
  0
LINE
  5
915
330
17
100
AcDbEntity
  8
可见轮廓
100
AcDbLine
 10
3.5549581320873784
 20
-183.0
 30
0.0
 11
3.60370771360121
 21
-183.0
 31
0.0
  0
LINE
  5
916
330
17
100
AcDbEntity
  8
可见轮廓
100
AcDbLine
 10
3.5064852046194197
 20
-183.0
 30
0.0
 11
3.5549581320873784
 21
-183.0
 31
0.0
  0
LINE
  5
917
330
17
100
AcDbEntity
  8
可见轮廓
100
AcDbLine
 10
3.458319063713997
 20
-183.0
 30
0.0
 11
3.5064852046194197
 21
-183.0
 31
0.0
  0
LINE
  5
918
330
17
100
AcDbEntity
  8
可见轮廓
100
AcDbLine
 10
3.410489651178196
 20
-183.0
 30
0.0
 11
3.458319063713997
 21
-183.0
 31
0.0
  0
LINE
  5
919
330
17
100
AcDbEntity
  8
可见轮廓
100
AcDbLine
 10
3.3630266994966362
 20
-183.0
 30
0.0
 11
3.410489651178196
 21
-183.0
 31
0.0
  0
LINE
  5
91A
330
17
100
AcDbEntity
  8
可见轮廓
100
AcDbLine
 10
3.3159597133486685
 20
-183.0
 30
0.0
 11
3.3630266994966362
 21
-183.0
 31
0.0
  0
LINE
  5
91B
330
17
100
AcDbEntity
  8
可见轮廓
100
AcDbLine
 10
3.2693179512672152
 20
-183.0
 30
0.0
 11
3.3159597133486685
 21
-183.0
 31
0.0
  0
LINE
  5
91C
330
17
100
AcDbEntity
  8
可见轮廓
100
AcDbLine
 10
3.223130407450615
 20
-183.0
 30
0.0
 11
3.2693179512672152
 21
-183.0
 31
0.0
  0
LINE
  5
91D
330
17
100
AcDbEntity
  8
可见轮廓
100
AcDbLine
 10
3.177425793738781
 20
-183.0
 30
0.0
 11
3.223130407450615
 21
-183.0
 31
0.0
  0
LINE
  5
91E
330
17
100
AcDbEntity
  8
可见轮廓
100
AcDbLine
 10
3.1322325217648874
 20
-183.0
 30
0.0
 11
3.177425793738781
 21
-183.0
 31
0.0
  0
LINE
  5
91F
330
17
100
AcDbEntity
  8
可见轮廓
100
AcDbLine
 10
3.0875786852936784
 20
-183.0
 30
0.0
 11
3.1322325217648874
 21
-183.0
 31
0.0
  0
LINE
  5
920
330
17
100
AcDbEntity
  8
可见轮廓
100
AcDbLine
 10
3.043492042757368
 20
-183.0
 30
0.0
 11
3.0875786852936784
 21
-183.0
 31
0.0
  0
LINE
  5
921
330
17
100
AcDbEntity
  8
可见轮廓
100
AcDbLine
 10
3.0000000000000036
 20
-183.0
 30
0.0
 11
3.043492042757368
 21
-183.0
 31
0.0
  0
LINE
  5
922
330
17
100
AcDbEntity
  8
可见轮廓
100
AcDbLine
 10
2.9571295932410067
 20
-183.0
 30
0.0
 11
3.0000000000000036
 21
-183.0
 31
0.0
  0
LINE
  5
923
330
17
100
AcDbEntity
  8
可见轮廓
100
AcDbLine
 10
2.9149074722684816
 20
-183.0
 30
0.0
 11
2.9571295932410067
 21
-183.0
 31
0.0
  0
LINE
  5
924
330
17
100
AcDbEntity
  8
可见轮廓
100
AcDbLine
 10
2.8733598838727588
 20
-183.0
 30
0.0
 11
2.9149074722684816
 21
-183.0
 31
0.0
  0
LINE
  5
925
330
17
100
AcDbEntity
  8
可见轮廓
100
AcDbLine
 10
2.8325126555304223
 20
-183.0
 30
0.0
 11
2.8733598838727588
 21
-183.0
 31
0.0
  0
LINE
  5
926
330
17
100
AcDbEntity
  8
可见轮廓
100
AcDbLine
 10
2.792391179349046
 20
-183.0
 30
0.0
 11
2.8325126555304223
 21
-183.0
 31
0.0
  0
LINE
  5
927
330
17
100
AcDbEntity
  8
可见轮廓
100
AcDbLine
 10
2.7530203962825333
 20
-183.0
 30
0.0
 11
2.792391179349046
 21
-183.0
 31
0.0
  0
LINE
  5
928
330
17
100
AcDbEntity
  8
可见轮廓
100
AcDbLine
 10
2.7144247806269206
 20
-183.0
 30
0.0
 11
2.7530203962825333
 21
-183.0
 31
0.0
  0
LINE
  5
929
330
17
100
AcDbEntity
  8
可见轮廓
100
AcDbLine
 10
2.6766283248062805
 20
-183.0
 30
0.0
 11
2.7144247806269206
 21
-183.0
 31
0.0
  0
LINE
  5
92A
330
17
100
AcDbEntity
  8
可见轮廓
100
AcDbLine
 10
2.6396545244581624
 20
-183.0
 30
0.0
 11
2.6766283248062805
 21
-183.0
 31
0.0
  0
LINE
  5
92B
330
17
100
AcDbEntity
  8
可见轮廓
100
AcDbLine
 10
2.6035263638278536
 20
-183.0
 30
0.0
 11
2.6396545244581624
 21
-183.0
 31
0.0
  0
LINE
  5
92C
330
17
100
AcDbEntity
  8
可见轮廓
100
AcDbLine
 10
2.5682663014805627
 20
-183.0
 30
0.0
 11
2.6035263638278536
 21
-183.0
 31
0.0
  0
LINE
  5
92D
330
17
100
AcDbEntity
  8
可见轮廓
100
AcDbLine
 10
2.533896256340345
 20
-183.0
 30
0.0
 11
2.5682663014805627
 21
-183.0
 31
0.0
  0
LINE
  5
92E
330
17
100
AcDbEntity
  8
可见轮廓
100
AcDbLine
 10
2.500437594064529
 20
-183.0
 30
0.0
 11
2.533896256340345
 21
-183.0
 31
0.0
  0
LINE
  5
92F
330
17
100
AcDbEntity
  8
可见轮廓
100
AcDbLine
 10
2.4679111137620424
 20
-183.0
 30
0.0
 11
2.500437594064529
 21
-183.0
 31
0.0
  0
LINE
  5
930
330
17
100
AcDbEntity
  8
可见轮廓
100
AcDbLine
 10
2.4363370350639393
 20
-183.0
 30
0.0
 11
2.4679111137620424
 21
-183.0
 31
0.0
  0
LINE
  5
931
330
17
100
AcDbEntity
  8
可见轮廓
100
AcDbLine
 10
2.4057349855541545
 20
-183.0
 30
0.0
 11
2.4363370350639393
 21
-183.0
 31
0.0
  0
LINE
  5
932
330
17
100
AcDbEntity
  8
可见轮廓
100
AcDbLine
 10
2.3761239885682848
 20
-183.0
 30
0.0
 11
2.4057349855541545
 21
-183.0
 31
0.0
  0
LINE
  5
933
330
17
100
AcDbEntity
  8
可见轮廓
100
AcDbLine
 10
2.3475224513680075
 20
-183.0
 30
0.0
 11
2.3761239885682848
 21
-183.0
 31
0.0
  0
LINE
  5
934
330
17
100
AcDbEntity
  8
可见轮廓
100
AcDbLine
 10
2.319948153698455
 20
-183.0
 30
0.0
 11
2.3475224513680075
 21
-183.0
 31
0.0
  0
LINE
  5
935
330
17
100
AcDbEntity
  8
可见轮廓
100
AcDbLine
 10
2.293418236735686
 20
-183.0
 30
0.0
 11
2.319948153698455
 21
-183.0
 31
0.0
  0
LINE
  5
936
330
17
100
AcDbEntity
  8
可见轮廓
100
AcDbLine
 10
2.2679491924311215
 20
-183.0
 30
0.0
 11
2.293418236735686
 21
-183.0
 31
0.0
  0
LINE
  5
937
330
17
100
AcDbEntity
  8
可见轮廓
100
AcDbLine
 10
2.243556853259541
 20
-183.0
 30
0.0
 11
2.2679491924311215
 21
-183.0
 31
0.0
  0
LINE
  5
938
330
17
100
AcDbEntity
  8
可见轮廓
100
AcDbLine
 10
2.220256382377059
 20
-183.0
 30
0.0
 11
2.243556853259541
 21
-183.0
 31
0.0
  0
LINE
  5
939
330
17
100
AcDbEntity
  8
可见轮廓
100
AcDbLine
 10
2.1980622641951584
 20
-183.0
 30
0.0
 11
2.220256382377059
 21
-183.0
 31
0.0
  0
LINE
  5
93A
330
17
100
AcDbEntity
  8
可见轮廓
100
AcDbLine
 10
2.176988295376649
 20
-183.0
 30
0.0
 11
2.1980622641951584
 21
-183.0
 31
0.0
  0
LINE
  5
93B
330
17
100
AcDbEntity
  8
可见轮廓
100
AcDbLine
 10
2.157047576259181
 20
-183.0
 30
0.0
 11
2.176988295376649
 21
-183.0
 31
0.0
  0
LINE
  5
93C
330
17
100
AcDbEntity
  8
可见轮廓
100
AcDbLine
 10
2.1382525027115875
 20
-183.0
 30
0.0
 11
2.157047576259181
 21
-183.0
 31
0.0
  0
LINE
  5
93D
330
17
100
AcDbEntity
  8
可见轮廓
100
AcDbLine
 10
2.1206147584281787
 20
-183.0
 30
0.0
 11
2.1382525027115875
 21
-183.0
 31
0.0
  0
LINE
  5
93E
330
17
100
AcDbEntity
  8
可见轮廓
100
AcDbLine
 10
2.104145307665732
 20
-183.0
 30
0.0
 11
2.1206147584281787
 21
-183.0
 31
0.0
  0
LINE
  5
93F
330
17
100
AcDbEntity
  8
可见轮廓
100
AcDbLine
 10
2.0888543884277126
 20
-183.0
 30
0.0
 11
2.104145307665732
 21
-183.0
 31
0.0
  0
LINE
  5
940
330
17
100
AcDbEntity
  8
可见轮廓
100
AcDbLine
 10
2.0747515060999717
 20
-183.0
 30
0.0
 11
2.0888543884277126
 21
-183.0
 31
0.0
  0
LINE
  5
941
330
17
100
AcDbEntity
  8
可见轮廓
100
AcDbLine
 10
2.06184542754184
 20
-183.0
 30
0.0
 11
2.0747515060999717
 21
-183.0
 31
0.0
  0
LINE
  5
942
330
17
100
AcDbEntity
  8
可见轮廓
100
AcDbLine
 10
2.0501441756363477
 20
-183.0
 30
0.0
 11
2.06184542754184
 21
-183.0
 31
0.0
  0
LINE
  5
943
330
17
100
AcDbEntity
  8
可见轮廓
100
AcDbLine
 10
2.039655024302906
 20
-183.0
 30
0.0
 11
2.0501441756363477
 21
-183.0
 31
0.0
  0
LINE
  5
944
330
17
100
AcDbEntity
  8
可见轮廓
100
AcDbLine
 10
2.0303844939755784
 20
-183.0
 30
0.0
 11
2.039655024302906
 21
-183.0
 31
0.0
  0
LINE
  5
945
330
17
100
AcDbEntity
  8
可见轮廓
100
AcDbLine
 10
2.022338347549738
 20
-183.0
 30
0.0
 11
2.0303844939755784
 21
-183.0
 31
0.0
  0
LINE
  5
946
330
17
100
AcDbEntity
  8
可见轮廓
100
AcDbLine
 10
2.0155215867996503
 20
-183.0
 30
0.0
 11
2.022338347549738
 21
-183.0
 31
0.0
  0
LINE
  5
947
330
17
100
AcDbEntity
  8
可见轮廓
100
AcDbLine
 10
2.0099384492691925
 20
-183.0
 30
0.0
 11
2.0155215867996503
 21
-183.0
 31
0.0
  0
LINE
  5
948
330
17
100
AcDbEntity
  8
可见轮廓
100
AcDbLine
 10
2.0055924056376355
 20
-183.0
 30
0.0
 11
2.0099384492691925
 21
-183.0
 31
0.0
  0
LINE
  5
949
330
17
100
AcDbEntity
  8
可见轮廓
100
AcDbLine
 10
2.0024861575621493
 20
-183.0
 30
0.0
 11
2.0055924056376355
 21
-183.0
 31
0.0
  0
LINE
  5
94A
330
17
100
AcDbEntity
  8
可见轮廓
100
AcDbLine
 10
2.0006216359983604
 20
-183.0
 30
0.0
 11
2.0024861575621493
 21
-183.0
 31
0.0
  0
LINE
  5
94B
330
17
100
AcDbEntity
  8
可见轮廓
100
AcDbLine
 10
2.0000000000000036
 20
-183.0
 30
0.0
 11
2.0006216359983604
 21
-183.0
 31
0.0
  0
LINE
  5
94C
330
17
100
AcDbEntity
  8
可见轮廓
100
AcDbLine
 10
2.0
 20
-183.0
 30
0.0
 11
2.0000000000000036
 21
-166.0
 31
0.0
  0
LINE
  5
94D
330
17
100
AcDbEntity
  8
可见轮廓
100
AcDbLine
 10
2.0000000000000036
 20
-186.0
 30
0.0
 11
2.0000000000000036
 21
-183.0
 31
0.0
  0
LINE
  5
94E
330
17
100
AcDbEntity
  8
可见轮廓
100
AcDbLine
 10
40.049861383476156
 20
-186.0
 30
0.0
 11
40.00000000000001
 21
-186.0
 31
0.0
  0
LINE
  5
94F
330
17
100
AcDbEntity
  8
可见轮廓
100
AcDbLine
 10
40.0996917713214
 20
-186.0
 30
0.0
 11
40.049861383476156
 21
-186.0
 31
0.0
  0
LINE
  5
950
330
17
100
AcDbEntity
  8
可见轮廓
100
AcDbLine
 10
40.14946018717286
 20
-186.0
 30
0.0
 11
40.0996917713214
 21
-186.0
 31
0.0
  0
LINE
  5
951
330
17
100
AcDbEntity
  8
可见轮廓
100
AcDbLine
 10
40.19913569319164
 20
-186.0
 30
0.0
 11
40.14946018717286
 21
-186.0
 31
0.0
  0
LINE
  5
952
330
17
100
AcDbEntity
  8
可见轮廓
100
AcDbLine
 10
40.24868740929498
 20
-186.0
 30
0.0
 11
40.19913569319164
 21
-186.0
 31
0.0
  0
LINE
  5
953
330
17
100
AcDbEntity
  8
可见轮廓
100
AcDbLine
 10
40.29808453235236
 20
-186.0
 30
0.0
 11
40.24868740929498
 21
-186.0
 31
0.0
  0
LINE
  5
954
330
17
100
AcDbEntity
  8
可见轮廓
100
AcDbLine
 10
40.34729635533387
 20
-186.0
 30
0.0
 11
40.29808453235236
 21
-186.0
 31
0.0
  0
LINE
  5
955
330
17
100
AcDbEntity
  8
可见轮廓
100
AcDbLine
 10
40.396292286398804
 20
-186.0
 30
0.0
 11
40.34729635533387
 21
-186.0
 31
0.0
  0
LINE
  5
956
330
17
100
AcDbEntity
  8
可见轮廓
100
AcDbLine
 10
40.445041867912636
 20
-186.0
 30
0.0
 11
40.396292286398804
 21
-186.0
 31
0.0
  0
LINE
  5
957
330
17
100
AcDbEntity
  8
可见轮廓
100
AcDbLine
 10
40.4935147953806
 20
-186.0
 30
0.0
 11
40.445041867912636
 21
-186.0
 31
0.0
  0
LINE
  5
958
330
17
100
AcDbEntity
  8
可见轮廓
100
AcDbLine
 10
40.54168093628602
 20
-186.0
 30
0.0
 11
40.4935147953806
 21
-186.0
 31
0.0
  0
LINE
  5
959
330
17
100
AcDbEntity
  8
可见轮廓
100
AcDbLine
 10
40.58951034882182
 20
-186.0
 30
0.0
 11
40.54168093628602
 21
-186.0
 31
0.0
  0
LINE
  5
95A
330
17
100
AcDbEntity
  8
可见轮廓
100
AcDbLine
 10
40.636973300503385
 20
-186.0
 30
0.0
 11
40.58951034882182
 21
-186.0
 31
0.0
  0
LINE
  5
95B
330
17
100
AcDbEntity
  8
可见轮廓
100
AcDbLine
 10
40.68404028665135
 20
-186.0
 30
0.0
 11
40.636973300503385
 21
-186.0
 31
0.0
  0
LINE
  5
95C
330
17
100
AcDbEntity
  8
可见轮廓
100
AcDbLine
 10
40.7306820487328
 20
-186.0
 30
0.0
 11
40.68404028665135
 21
-186.0
 31
0.0
  0
LINE
  5
95D
330
17
100
AcDbEntity
  8
可见轮廓
100
AcDbLine
 10
40.7768695925494
 20
-186.0
 30
0.0
 11
40.7306820487328
 21
-186.0
 31
0.0
  0
LINE
  5
95E
330
17
100
AcDbEntity
  8
可见轮廓
100
AcDbLine
 10
40.82257420626124
 20
-186.0
 30
0.0
 11
40.7768695925494
 21
-186.0
 31
0.0
  0
LINE
  5
95F
330
17
100
AcDbEntity
  8
可见轮廓
100
AcDbLine
 10
40.86776747823513
 20
-186.0
 30
0.0
 11
40.82257420626124
 21
-186.0
 31
0.0
  0
LINE
  5
960
330
17
100
AcDbEntity
  8
可见轮廓
100
AcDbLine
 10
40.912421314706336
 20
-186.0
 30
0.0
 11
40.86776747823513
 21
-186.0
 31
0.0
  0
LINE
  5
961
330
17
100
AcDbEntity
  8
可见轮廓
100
AcDbLine
 10
40.95650795724265
 20
-186.0
 30
0.0
 11
40.912421314706336
 21
-186.0
 31
0.0
  0
LINE
  5
962
330
17
100
AcDbEntity
  8
可见轮廓
100
AcDbLine
 10
41.000000000000014
 20
-186.0
 30
0.0
 11
40.95650795724265
 21
-186.0
 31
0.0
  0
LINE
  5
963
330
17
100
AcDbEntity
  8
可见轮廓
100
AcDbLine
 10
41.04287040675901
 20
-186.0
 30
0.0
 11
41.000000000000014
 21
-186.0
 31
0.0
  0
LINE
  5
964
330
17
100
AcDbEntity
  8
可见轮廓
100
AcDbLine
 10
41.08509252773153
 20
-186.0
 30
0.0
 11
41.04287040675901
 21
-186.0
 31
0.0
  0
LINE
  5
965
330
17
100
AcDbEntity
  8
可见轮廓
100
AcDbLine
 10
41.12664011612726
 20
-186.0
 30
0.0
 11
41.08509252773153
 21
-186.0
 31
0.0
  0
LINE
  5
966
330
17
100
AcDbEntity
  8
可见轮廓
100
AcDbLine
 10
41.16748734446959
 20
-186.0
 30
0.0
 11
41.12664011612726
 21
-186.0
 31
0.0
  0
LINE
  5
967
330
17
100
AcDbEntity
  8
可见轮廓
100
AcDbLine
 10
41.20760882065097
 20
-186.0
 30
0.0
 11
41.16748734446959
 21
-186.0
 31
0.0
  0
LINE
  5
968
330
17
100
AcDbEntity
  8
可见轮廓
100
AcDbLine
 10
41.24697960371748
 20
-186.0
 30
0.0
 11
41.20760882065097
 21
-186.0
 31
0.0
  0
LINE
  5
969
330
17
100
AcDbEntity
  8
可见轮廓
100
AcDbLine
 10
41.285575219373094
 20
-186.0
 30
0.0
 11
41.24697960371748
 21
-186.0
 31
0.0
  0
LINE
  5
96A
330
17
100
AcDbEntity
  8
可见轮廓
100
AcDbLine
 10
41.323371675193734
 20
-186.0
 30
0.0
 11
41.285575219373094
 21
-186.0
 31
0.0
  0
LINE
  5
96B
330
17
100
AcDbEntity
  8
可见轮廓
100
AcDbLine
 10
41.36034547554185
 20
-186.0
 30
0.0
 11
41.323371675193734
 21
-186.0
 31
0.0
  0
LINE
  5
96C
330
17
100
AcDbEntity
  8
可见轮廓
100
AcDbLine
 10
41.39647363617216
 20
-186.0
 30
0.0
 11
41.36034547554185
 21
-186.0
 31
0.0
  0
LINE
  5
96D
330
17
100
AcDbEntity
  8
可见轮廓
100
AcDbLine
 10
41.43173369851945
 20
-186.0
 30
0.0
 11
41.39647363617216
 21
-186.0
 31
0.0
  0
LINE
  5
96E
330
17
100
AcDbEntity
  8
可见轮廓
100
AcDbLine
 10
41.466103743659666
 20
-186.0
 30
0.0
 11
41.43173369851945
 21
-186.0
 31
0.0
  0
LINE
  5
96F
330
17
100
AcDbEntity
  8
可见轮廓
100
AcDbLine
 10
41.49956240593548
 20
-186.0
 30
0.0
 11
41.466103743659666
 21
-186.0
 31
0.0
  0
LINE
  5
970
330
17
100
AcDbEntity
  8
可见轮廓
100
AcDbLine
 10
41.53208888623797
 20
-186.0
 30
0.0
 11
41.49956240593548
 21
-186.0
 31
0.0
  0
LINE
  5
971
330
17
100
AcDbEntity
  8
可见轮廓
100
AcDbLine
 10
41.56366296493607
 20
-186.0
 30
0.0
 11
41.53208888623797
 21
-186.0
 31
0.0
  0
LINE
  5
972
330
17
100
AcDbEntity
  8
可见轮廓
100
AcDbLine
 10
41.59426501444586
 20
-186.0
 30
0.0
 11
41.56366296493607
 21
-186.0
 31
0.0
  0
LINE
  5
973
330
17
100
AcDbEntity
  8
可见轮廓
100
AcDbLine
 10
41.623876011431726
 20
-186.0
 30
0.0
 11
41.59426501444586
 21
-186.0
 31
0.0
  0
LINE
  5
974
330
17
100
AcDbEntity
  8
可见轮廓
100
AcDbLine
 10
41.65247754863201
 20
-186.0
 30
0.0
 11
41.623876011431726
 21
-186.0
 31
0.0
  0
LINE
  5
975
330
17
100
AcDbEntity
  8
可见轮廓
100
AcDbLine
 10
41.68005184630155
 20
-186.0
 30
0.0
 11
41.65247754863201
 21
-186.0
 31
0.0
  0
LINE
  5
976
330
17
100
AcDbEntity
  8
可见轮廓
100
AcDbLine
 10
41.706581763264325
 20
-186.0
 30
0.0
 11
41.68005184630155
 21
-186.0
 31
0.0
  0
LINE
  5
977
330
17
100
AcDbEntity
  8
可见轮廓
100
AcDbLine
 10
41.732050807568896
 20
-186.0
 30
0.0
 11
41.706581763264325
 21
-186.0
 31
0.0
  0
LINE
  5
978
330
17
100
AcDbEntity
  8
可见轮廓
100
AcDbLine
 10
41.756443146740466
 20
-186.0
 30
0.0
 11
41.732050807568896
 21
-186.0
 31
0.0
  0
LINE
  5
979
330
17
100
AcDbEntity
  8
可见轮廓
100
AcDbLine
 10
41.779743617622955
 20
-186.0
 30
0.0
 11
41.756443146740466
 21
-186.0
 31
0.0
  0
LINE
  5
97A
330
17
100
AcDbEntity
  8
可见轮廓
100
AcDbLine
 10
41.801937735804856
 20
-186.0
 30
0.0
 11
41.779743617622955
 21
-186.0
 31
0.0
  0
LINE
  5
97B
330
17
100
AcDbEntity
  8
可见轮廓
100
AcDbLine
 10
41.823011704623354
 20
-186.0
 30
0.0
 11
41.801937735804856
 21
-186.0
 31
0.0
  0
LINE
  5
97C
330
17
100
AcDbEntity
  8
可见轮廓
100
AcDbLine
 10
41.842952423740826
 20
-186.0
 30
0.0
 11
41.823011704623354
 21
-186.0
 31
0.0
  0
LINE
  5
97D
330
17
100
AcDbEntity
  8
可见轮廓
100
AcDbLine
 10
41.86174749728842
 20
-186.0
 30
0.0
 11
41.842952423740826
 21
-186.0
 31
0.0
  0
LINE
  5
97E
330
17
100
AcDbEntity
  8
可见轮廓
100
AcDbLine
 10
41.879385241571825
 20
-186.0
 30
0.0
 11
41.86174749728842
 21
-186.0
 31
0.0
  0
LINE
  5
97F
330
17
100
AcDbEntity
  8
可见轮廓
100
AcDbLine
 10
41.895854692334275
 20
-186.0
 30
0.0
 11
41.879385241571825
 21
-186.0
 31
0.0
  0
LINE
  5
980
330
17
100
AcDbEntity
  8
可见轮廓
100
AcDbLine
 10
41.911145611572294
 20
-186.0
 30
0.0
 11
41.895854692334275
 21
-186.0
 31
0.0
  0
LINE
  5
981
330
17
100
AcDbEntity
  8
可见轮廓
100
AcDbLine
 10
41.925248493900035
 20
-186.0
 30
0.0
 11
41.911145611572294
 21
-186.0
 31
0.0
  0
LINE
  5
982
330
17
100
AcDbEntity
  8
可见轮廓
100
AcDbLine
 10
41.93815457245817
 20
-186.0
 30
0.0
 11
41.925248493900035
 21
-186.0
 31
0.0
  0
LINE
  5
983
330
17
100
AcDbEntity
  8
可见轮廓
100
AcDbLine
 10
41.94985582436366
 20
-186.0
 30
0.0
 11
41.93815457245817
 21
-186.0
 31
0.0
  0
LINE
  5
984
330
17
100
AcDbEntity
  8
可见轮廓
100
AcDbLine
 10
41.9603449756971
 20
-186.0
 30
0.0
 11
41.94985582436366
 21
-186.0
 31
0.0
  0
LINE
  5
985
330
17
100
AcDbEntity
  8
可见轮廓
100
AcDbLine
 10
41.969615506024425
 20
-186.0
 30
0.0
 11
41.9603449756971
 21
-186.0
 31
0.0
  0
LINE
  5
986
330
17
100
AcDbEntity
  8
可见轮廓
100
AcDbLine
 10
41.977661652450266
 20
-186.0
 30
0.0
 11
41.969615506024425
 21
-186.0
 31
0.0
  0
LINE
  5
987
330
17
100
AcDbEntity
  8
可见轮廓
100
AcDbLine
 10
41.98447841320035
 20
-186.0
 30
0.0
 11
41.977661652450266
 21
-186.0
 31
0.0
  0
LINE
  5
988
330
17
100
AcDbEntity
  8
可见轮廓
100
AcDbLine
 10
41.990061550730815
 20
-186.0
 30
0.0
 11
41.98447841320035
 21
-186.0
 31
0.0
  0
LINE
  5
989
330
17
100
AcDbEntity
  8
可见轮廓
100
AcDbLine
 10
41.99440759436237
 20
-186.0
 30
0.0
 11
41.990061550730815
 21
-186.0
 31
0.0
  0
LINE
  5
98A
330
17
100
AcDbEntity
  8
可见轮廓
100
AcDbLine
 10
41.997513842437854
 20
-186.0
 30
0.0
 11
41.99440759436237
 21
-186.0
 31
0.0
  0
LINE
  5
98B
330
17
100
AcDbEntity
  8
可见轮廓
100
AcDbLine
 10
41.99937836400164
 20
-186.0
 30
0.0
 11
41.997513842437854
 21
-186.0
 31
0.0
  0
LINE
  5
98C
330
17
100
AcDbEntity
  8
可见轮廓
100
AcDbLine
 10
42.0
 20
-186.0
 30
0.0
 11
41.99937836400164
 21
-186.0
 31
0.0
  0
LINE
  5
98D
330
17
100
AcDbEntity
  8
可见轮廓
100
AcDbLine
 10
3.9999999999999964
 20
-186.0
 30
0.0
 11
40.000000000000014
 21
-186.0
 31
0.0
  0
LINE
  5
98E
330
17
100
AcDbEntity
  8
可见轮廓
100
AcDbLine
 10
2.0006216359983604
 20
-186.0
 30
0.0
 11
2.0000000000000036
 21
-186.0
 31
0.0
  0
LINE
  5
98F
330
17
100
AcDbEntity
  8
可见轮廓
100
AcDbLine
 10
2.0024861575621493
 20
-186.0
 30
0.0
 11
2.0006216359983604
 21
-186.0
 31
0.0
  0
LINE
  5
990
330
17
100
AcDbEntity
  8
可见轮廓
100
AcDbLine
 10
2.005592405637632
 20
-186.0
 30
0.0
 11
2.0024861575621493
 21
-186.0
 31
0.0
  0
LINE
  5
991
330
17
100
AcDbEntity
  8
可见轮廓
100
AcDbLine
 10
2.009938449269189
 20
-186.0
 30
0.0
 11
2.005592405637632
 21
-186.0
 31
0.0
  0
LINE
  5
992
330
17
100
AcDbEntity
  8
可见轮廓
100
AcDbLine
 10
2.0155215867996503
 20
-186.0
 30
0.0
 11
2.009938449269189
 21
-186.0
 31
0.0
  0
LINE
  5
993
330
17
100
AcDbEntity
  8
可见轮廓
100
AcDbLine
 10
2.0223383475497343
 20
-186.0
 30
0.0
 11
2.0155215867996503
 21
-186.0
 31
0.0
  0
LINE
  5
994
330
17
100
AcDbEntity
  8
可见轮廓
100
AcDbLine
 10
2.0303844939755784
 20
-186.0
 30
0.0
 11
2.0223383475497343
 21
-186.0
 31
0.0
  0
LINE
  5
995
330
17
100
AcDbEntity
  8
可见轮廓
100
AcDbLine
 10
2.039655024302906
 20
-186.0
 30
0.0
 11
2.0303844939755784
 21
-186.0
 31
0.0
  0
LINE
  5
996
330
17
100
AcDbEntity
  8
可见轮廓
100
AcDbLine
 10
2.050144175636344
 20
-186.0
 30
0.0
 11
2.039655024302906
 21
-186.0
 31
0.0
  0
LINE
  5
997
330
17
100
AcDbEntity
  8
可见轮廓
100
AcDbLine
 10
2.0618454275418365
 20
-186.0
 30
0.0
 11
2.050144175636344
 21
-186.0
 31
0.0
  0
LINE
  5
998
330
17
100
AcDbEntity
  8
可见轮廓
100
AcDbLine
 10
2.074751506099968
 20
-186.0
 30
0.0
 11
2.0618454275418365
 21
-186.0
 31
0.0
  0
LINE
  5
999
330
17
100
AcDbEntity
  8
可见轮廓
100
AcDbLine
 10
2.088854388427709
 20
-186.0
 30
0.0
 11
2.074751506099968
 21
-186.0
 31
0.0
  0
LINE
  5
99A
330
17
100
AcDbEntity
  8
可见轮廓
100
AcDbLine
 10
2.1041453076657284
 20
-186.0
 30
0.0
 11
2.088854388427709
 21
-186.0
 31
0.0
  0
LINE
  5
99B
330
17
100
AcDbEntity
  8
可见轮廓
100
AcDbLine
 10
2.120614758428175
 20
-186.0
 30
0.0
 11
2.1041453076657284
 21
-186.0
 31
0.0
  0
LINE
  5
99C
330
17
100
AcDbEntity
  8
可见轮廓
100
AcDbLine
 10
2.138252502711584
 20
-186.0
 30
0.0
 11
2.120614758428175
 21
-186.0
 31
0.0
  0
LINE
  5
99D
330
17
100
AcDbEntity
  8
可见轮廓
100
AcDbLine
 10
2.1570475762591776
 20
-186.0
 30
0.0
 11
2.138252502711584
 21
-186.0
 31
0.0
  0
LINE
  5
99E
330
17
100
AcDbEntity
  8
可见轮廓
100
AcDbLine
 10
2.1769882953766455
 20
-186.0
 30
0.0
 11
2.1570475762591776
 21
-186.0
 31
0.0
  0
LINE
  5
99F
330
17
100
AcDbEntity
  8
可见轮廓
100
AcDbLine
 10
2.1980622641951513
 20
-186.0
 30
0.0
 11
2.1769882953766455
 21
-186.0
 31
0.0
  0
LINE
  5
9A0
330
17
100
AcDbEntity
  8
可见轮廓
100
AcDbLine
 10
2.2202563823770554
 20
-186.0
 30
0.0
 11
2.1980622641951513
 21
-186.0
 31
0.0
  0
LINE
  5
9A1
330
17
100
AcDbEntity
  8
可见轮廓
100
AcDbLine
 10
2.243556853259534
 20
-186.0
 30
0.0
 11
2.2202563823770554
 21
-186.0
 31
0.0
  0
LINE
  5
9A2
330
17
100
AcDbEntity
  8
可见轮廓
100
AcDbLine
 10
2.2679491924311144
 20
-186.0
 30
0.0
 11
2.243556853259534
 21
-186.0
 31
0.0
  0
LINE
  5
9A3
330
17
100
AcDbEntity
  8
可见轮廓
100
AcDbLine
 10
2.293418236735679
 20
-186.0
 30
0.0
 11
2.2679491924311144
 21
-186.0
 31
0.0
  0
LINE
  5
9A4
330
17
100
AcDbEntity
  8
可见轮廓
100
AcDbLine
 10
2.319948153698448
 20
-186.0
 30
0.0
 11
2.293418236735679
 21
-186.0
 31
0.0
  0
LINE
  5
9A5
330
17
100
AcDbEntity
  8
可见轮廓
100
AcDbLine
 10
2.3475224513680004
 20
-186.0
 30
0.0
 11
2.319948153698448
 21
-186.0
 31
0.0
  0
LINE
  5
9A6
330
17
100
AcDbEntity
  8
可见轮廓
100
AcDbLine
 10
2.3761239885682777
 20
-186.0
 30
0.0
 11
2.3475224513680004
 21
-186.0
 31
0.0
  0
LINE
  5
9A7
330
17
100
AcDbEntity
  8
可见轮廓
100
AcDbLine
 10
2.405734985554144
 20
-186.0
 30
0.0
 11
2.3761239885682777
 21
-186.0
 31
0.0
  0
LINE
  5
9A8
330
17
100
AcDbEntity
  8
可见轮廓
100
AcDbLine
 10
2.436337035063932
 20
-186.0
 30
0.0
 11
2.405734985554144
 21
-186.0
 31
0.0
  0
LINE
  5
9A9
330
17
100
AcDbEntity
  8
可见轮廓
100
AcDbLine
 10
2.4679111137620353
 20
-186.0
 30
0.0
 11
2.436337035063932
 21
-186.0
 31
0.0
  0
LINE
  5
9AA
330
17
100
AcDbEntity
  8
可见轮廓
100
AcDbLine
 10
2.500437594064522
 20
-186.0
 30
0.0
 11
2.4679111137620353
 21
-186.0
 31
0.0
  0
LINE
  5
9AB
330
17
100
AcDbEntity
  8
可见轮廓
100
AcDbLine
 10
2.5338962563403378
 20
-186.0
 30
0.0
 11
2.500437594064522
 21
-186.0
 31
0.0
  0
LINE
  5
9AC
330
17
100
AcDbEntity
  8
可见轮廓
100
AcDbLine
 10
2.568266301480552
 20
-186.0
 30
0.0
 11
2.5338962563403378
 21
-186.0
 31
0.0
  0
LINE
  5
9AD
330
17
100
AcDbEntity
  8
可见轮廓
100
AcDbLine
 10
2.6035263638278465
 20
-186.0
 30
0.0
 11
2.568266301480552
 21
-186.0
 31
0.0
  0
LINE
  5
9AE
330
17
100
AcDbEntity
  8
可见轮廓
100
AcDbLine
 10
2.6396545244581517
 20
-186.0
 30
0.0
 11
2.6035263638278465
 21
-186.0
 31
0.0
  0
LINE
  5
9AF
330
17
100
AcDbEntity
  8
可见轮廓
100
AcDbLine
 10
2.6766283248062734
 20
-186.0
 30
0.0
 11
2.6396545244581517
 21
-186.0
 31
0.0
  0
LINE
  5
9B0
330
17
100
AcDbEntity
  8
可见轮廓
100
AcDbLine
 10
2.7144247806269135
 20
-186.0
 30
0.0
 11
2.6766283248062734
 21
-186.0
 31
0.0
  0
LINE
  5
9B1
330
17
100
AcDbEntity
  8
可见轮廓
100
AcDbLine
 10
2.7530203962825226
 20
-186.0
 30
0.0
 11
2.7144247806269135
 21
-186.0
 31
0.0
  0
LINE
  5
9B2
330
17
100
AcDbEntity
  8
可见轮廓
100
AcDbLine
 10
2.7923911793490355
 20
-186.0
 30
0.0
 11
2.7530203962825226
 21
-186.0
 31
0.0
  0
LINE
  5
9B3
330
17
100
AcDbEntity
  8
可见轮廓
100
AcDbLine
 10
2.8325126555304116
 20
-186.0
 30
0.0
 11
2.7923911793490355
 21
-186.0
 31
0.0
  0
LINE
  5
9B4
330
17
100
AcDbEntity
  8
可见轮廓
100
AcDbLine
 10
2.873359883872748
 20
-186.0
 30
0.0
 11
2.8325126555304116
 21
-186.0
 31
0.0
  0
LINE
  5
9B5
330
17
100
AcDbEntity
  8
可见轮廓
100
AcDbLine
 10
2.914907472268471
 20
-186.0
 30
0.0
 11
2.873359883872748
 21
-186.0
 31
0.0
  0
LINE
  5
9B6
330
17
100
AcDbEntity
  8
可见轮廓
100
AcDbLine
 10
2.957129593240996
 20
-186.0
 30
0.0
 11
2.914907472268471
 21
-186.0
 31
0.0
  0
LINE
  5
9B7
330
17
100
AcDbEntity
  8
可见轮廓
100
AcDbLine
 10
2.999999999999993
 20
-186.0
 30
0.0
 11
2.957129593240996
 21
-186.0
 31
0.0
  0
LINE
  5
9B8
330
17
100
AcDbEntity
  8
可见轮廓
100
AcDbLine
 10
3.0434920427573537
 20
-186.0
 30
0.0
 11
2.999999999999993
 21
-186.0
 31
0.0
  0
LINE
  5
9B9
330
17
100
AcDbEntity
  8
可见轮廓
100
AcDbLine
 10
3.0875786852936677
 20
-186.0
 30
0.0
 11
3.0434920427573537
 21
-186.0
 31
0.0
  0
LINE
  5
9BA
330
17
100
AcDbEntity
  8
可见轮廓
100
AcDbLine
 10
3.1322325217648768
 20
-186.0
 30
0.0
 11
3.0875786852936677
 21
-186.0
 31
0.0
  0
LINE
  5
9BB
330
17
100
AcDbEntity
  8
可见轮廓
100
AcDbLine
 10
3.17742579373877
 20
-186.0
 30
0.0
 11
3.1322325217648768
 21
-186.0
 31
0.0
  0
LINE
  5
9BC
330
17
100
AcDbEntity
  8
可见轮廓
100
AcDbLine
 10
3.223130407450604
 20
-186.0
 30
0.0
 11
3.17742579373877
 21
-186.0
 31
0.0
  0
LINE
  5
9BD
330
17
100
AcDbEntity
  8
可见轮廓
100
AcDbLine
 10
3.269317951267201
 20
-186.0
 30
0.0
 11
3.223130407450604
 21
-186.0
 31
0.0
  0
LINE
  5
9BE
330
17
100
AcDbEntity
  8
可见轮廓
100
AcDbLine
 10
3.3159597133486542
 20
-186.0
 30
0.0
 11
3.269317951267201
 21
-186.0
 31
0.0
  0
LINE
  5
9BF
330
17
100
AcDbEntity
  8
可见轮廓
100
AcDbLine
 10
3.3630266994966256
 20
-186.0
 30
0.0
 11
3.3159597133486542
 21
-186.0
 31
0.0
  0
LINE
  5
9C0
330
17
100
AcDbEntity
  8
可见轮廓
100
AcDbLine
 10
3.4104896511781853
 20
-186.0
 30
0.0
 11
3.3630266994966256
 21
-186.0
 31
0.0
  0
LINE
  5
9C1
330
17
100
AcDbEntity
  8
可见轮廓
100
AcDbLine
 10
3.458319063713983
 20
-186.0
 30
0.0
 11
3.4104896511781853
 21
-186.0
 31
0.0
  0
LINE
  5
9C2
330
17
100
AcDbEntity
  8
可见轮廓
100
AcDbLine
 10
3.5064852046194055
 20
-186.0
 30
0.0
 11
3.458319063713983
 21
-186.0
 31
0.0
  0
LINE
  5
9C3
330
17
100
AcDbEntity
  8
可见轮廓
100
AcDbLine
 10
3.554958132087364
 20
-186.0
 30
0.0
 11
3.5064852046194055
 21
-186.0
 31
0.0
  0
LINE
  5
9C4
330
17
100
AcDbEntity
  8
可见轮廓
100
AcDbLine
 10
3.6037077136011995
 20
-186.0
 30
0.0
 11
3.554958132087364
 21
-186.0
 31
0.0
  0
LINE
  5
9C5
330
17
100
AcDbEntity
  8
可见轮廓
100
AcDbLine
 10
3.6527036446661327
 20
-186.0
 30
0.0
 11
3.6037077136011995
 21
-186.0
 31
0.0
  0
LINE
  5
9C6
330
17
100
AcDbEntity
  8
可见轮廓
100
AcDbLine
 10
3.7019154676476447
 20
-186.0
 30
0.0
 11
3.6527036446661327
 21
-186.0
 31
0.0
  0
LINE
  5
9C7
330
17
100
AcDbEntity
  8
可见轮廓
100
AcDbLine
 10
3.751312590705023
 20
-186.0
 30
0.0
 11
3.7019154676476447
 21
-186.0
 31
0.0
  0
LINE
  5
9C8
330
17
100
AcDbEntity
  8
可见轮廓
100
AcDbLine
 10
3.8008643068083607
 20
-186.0
 30
0.0
 11
3.751312590705023
 21
-186.0
 31
0.0
  0
LINE
  5
9C9
330
17
100
AcDbEntity
  8
可见轮廓
100
AcDbLine
 10
3.8505398128271473
 20
-186.0
 30
0.0
 11
3.8008643068083607
 21
-186.0
 31
0.0
  0
LINE
  5
9CA
330
17
100
AcDbEntity
  8
可见轮廓
100
AcDbLine
 10
3.9003082286786004
 20
-186.0
 30
0.0
 11
3.8505398128271473
 21
-186.0
 31
0.0
  0
LINE
  5
9CB
330
17
100
AcDbEntity
  8
可见轮廓
100
AcDbLine
 10
3.9501386165238515
 20
-186.0
 30
0.0
 11
3.9003082286786004
 21
-186.0
 31
0.0
  0
LINE
  5
9CC
330
17
100
AcDbEntity
  8
可见轮廓
100
AcDbLine
 10
3.9999999999999964
 20
-186.0
 30
0.0
 11
3.9501386165238515
 21
-186.0
 31
0.0
  0
HATCH
  5
9CD
330
17
100
AcDbEntity
  8
剖面线
 62
7
100
AcDbHatch
 10
0.0
 20
0.0
 30
0.0
210
0.0
220
0.0
230
1.0
  2
ANSI31
 70
0
 71
0
 91
1
 92
3
 72
0
 73
1
 93
6
 10
23.31244047484066
 20
-183.0
 10
26.000000000000004
 20
-183.0
 10
25.999999999999996
 20
-166.0
 10
42.000000000000014
 20
-166.0
 10
42.0
 20
-186.0
 10
23.31244047484066
 20
-186.0
 97
0
 75
0
 76
1
 52
0.0
 41
2.0
 77
0
 78
1
 53
45.0
 43
0.0
 44
0.0
 45
-4.4901280606
 46
4.4901280606
 79
0
 98
0
  0
HATCH
  5
9CE
330
17
100
AcDbEntity
  8
剖面线
 62
7
100
AcDbHatch
 10
0.0
 20
0.0
 30
0.0
210
0.0
220
0.0
230
1.0
  2
ANSI31
 70
0
 71
0
 91
1
 92
3
 72
0
 73
1
 93
6
 10
1.9999999999999893
 20
-166.0
 10
17.99999999999999
 20
-166.0
 10
17.999999999999996
 20
-183.0
 10
20.687559525159333
 20
-183.0
 10
20.687559525159333
 20
-186.0
 10
1.9999999999999893
 20
-186.0
 97
0
 75
0
 76
1
 52
0.0
 41
2.0
 77
0
 78
1
 53
45.0
 43
0.0
 44
0.0
 45
-4.4901280606
 46
4.4901280606
 79
0
 98
0
  0
TEXT
  5
9CF
330
17
100
AcDbEntity
  8
标注
100
AcDbText
 10
22.0
 20
-204.0
 30
0.0
 40
6.0
  1
B—B  横剖 z=18.50（穿 r4.0 孔轴）
  7
中文字体
 72
1
 11
22.0
 21
-204.0
 31
0.0
100
AcDbText
 73
2
  0
LINE
  5
9D0
330
17
100
AcDbEntity
  8
剖切线
100
AcDbLine
 10
-6.0
 20
43.0
 30
0.0
 11
2.0
 21
43.0
 31
0.0
  0
LINE
  5
9D1
330
17
100
AcDbEntity
  8
剖切线
100
AcDbLine
 10
42.0
 20
43.0
 30
0.0
 11
50.0
 21
43.0
 31
0.0
  0
LINE
  5
9D2
330
17
100
AcDbEntity
  8
剖切线
100
AcDbLine
 10
-6.0
 20
43.0
 30
0.0
 11
-2.0
 21
37.0
 31
0.0
  0
TEXT
  5
9D3
330
17
100
AcDbEntity
  8
标注
100
AcDbText
 10
-4.0
 20
46.0
 30
0.0
 40
5.0
  1
B—B
  7
中文字体
 11
-4.0
 21
46.0
 31
0.0
100
AcDbText
  0
LINE
  5
9D4
330
17
100
AcDbEntity
  8
剖切线
100
AcDbLine
 10
50.0
 20
43.0
 30
0.0
 11
46.0
 21
37.0
 31
0.0
  0
TEXT
  5
9D5
330
17
100
AcDbEntity
  8
标注
100
AcDbText
 10
48.0
 20
46.0
 30
0.0
 40
5.0
  1
B—B
  7
中文字体
 11
48.0
 21
46.0
 31
0.0
100
AcDbText
  0
LINE
  5
9D6
330
17
100
AcDbEntity
  8
可见轮廓
100
AcDbLine
 10
11.95013861652386
 20
-245.0
 30
0.0
 11
11.999999999999995
 21
-245.0
 31
0.0
  0
LINE
  5
9D7
330
17
100
AcDbEntity
  8
可见轮廓
100
AcDbLine
 10
11.900308228678611
 20
-245.0
 30
0.0
 11
11.95013861652386
 21
-245.0
 31
0.0
  0
LINE
  5
9D8
330
17
100
AcDbEntity
  8
可见轮廓
100
AcDbLine
 10
11.850539812827158
 20
-245.0
 30
0.0
 11
11.900308228678611
 21
-245.0
 31
0.0
  0
LINE
  5
9D9
330
17
100
AcDbEntity
  8
可见轮廓
100
AcDbLine
 10
11.800864306808371
 20
-245.0
 30
0.0
 11
11.850539812827158
 21
-245.0
 31
0.0
  0
LINE
  5
9DA
330
17
100
AcDbEntity
  8
可见轮廓
100
AcDbLine
 10
11.751312590705036
 20
-245.0
 30
0.0
 11
11.800864306808371
 21
-245.0
 31
0.0
  0
LINE
  5
9DB
330
17
100
AcDbEntity
  8
可见轮廓
100
AcDbLine
 10
11.701915467647655
 20
-245.0
 30
0.0
 11
11.751312590705036
 21
-245.0
 31
0.0
  0
LINE
  5
9DC
330
17
100
AcDbEntity
  8
可见轮廓
100
AcDbLine
 10
11.652703644666143
 20
-245.0
 30
0.0
 11
11.701915467647655
 21
-245.0
 31
0.0
  0
LINE
  5
9DD
330
17
100
AcDbEntity
  8
可见轮廓
100
AcDbLine
 10
11.60370771360121
 20
-245.0
 30
0.0
 11
11.652703644666143
 21
-245.0
 31
0.0
  0
LINE
  5
9DE
330
17
100
AcDbEntity
  8
可见轮廓
100
AcDbLine
 10
11.554958132087375
 20
-245.0
 30
0.0
 11
11.60370771360121
 21
-245.0
 31
0.0
  0
LINE
  5
9DF
330
17
100
AcDbEntity
  8
可见轮廓
100
AcDbLine
 10
11.506485204619416
 20
-245.0
 30
0.0
 11
11.554958132087375
 21
-245.0
 31
0.0
  0
LINE
  5
9E0
330
17
100
AcDbEntity
  8
可见轮廓
100
AcDbLine
 10
11.458319063713994
 20
-245.0
 30
0.0
 11
11.506485204619416
 21
-245.0
 31
0.0
  0
LINE
  5
9E1
330
17
100
AcDbEntity
  8
可见轮廓
100
AcDbLine
 10
11.410489651178194
 20
-245.0
 30
0.0
 11
11.458319063713994
 21
-245.0
 31
0.0
  0
LINE
  5
9E2
330
17
100
AcDbEntity
  8
可见轮廓
100
AcDbLine
 10
11.363026699496634
 20
-245.0
 30
0.0
 11
11.410489651178194
 21
-245.0
 31
0.0
  0
LINE
  5
9E3
330
17
100
AcDbEntity
  8
可见轮廓
100
AcDbLine
 10
11.315959713348665
 20
-245.0
 30
0.0
 11
11.363026699496634
 21
-245.0
 31
0.0
  0
LINE
  5
9E4
330
17
100
AcDbEntity
  8
可见轮廓
100
AcDbLine
 10
11.269317951267212
 20
-245.0
 30
0.0
 11
11.315959713348665
 21
-245.0
 31
0.0
  0
LINE
  5
9E5
330
17
100
AcDbEntity
  8
可见轮廓
100
AcDbLine
 10
11.223130407450613
 20
-245.0
 30
0.0
 11
11.269317951267212
 21
-245.0
 31
0.0
  0
LINE
  5
9E6
330
17
100
AcDbEntity
  8
可见轮廓
100
AcDbLine
 10
11.177425793738779
 20
-245.0
 30
0.0
 11
11.223130407450613
 21
-245.0
 31
0.0
  0
LINE
  5
9E7
330
17
100
AcDbEntity
  8
可见轮廓
100
AcDbLine
 10
11.132232521764886
 20
-245.0
 30
0.0
 11
11.177425793738779
 21
-245.0
 31
0.0
  0
LINE
  5
9E8
330
17
100
AcDbEntity
  8
可见轮廓
100
AcDbLine
 10
11.087578685293675
 20
-245.0
 30
0.0
 11
11.132232521764886
 21
-245.0
 31
0.0
  0
LINE
  5
9E9
330
17
100
AcDbEntity
  8
可见轮廓
100
AcDbLine
 10
11.043492042757364
 20
-245.0
 30
0.0
 11
11.087578685293675
 21
-245.0
 31
0.0
  0
LINE
  5
9EA
330
17
100
AcDbEntity
  8
可见轮廓
100
AcDbLine
 10
11.0
 20
-245.0
 30
0.0
 11
11.043492042757364
 21
-245.0
 31
0.0
  0
LINE
  5
9EB
330
17
100
AcDbEntity
  8
可见轮廓
100
AcDbLine
 10
10.957129593241005
 20
-245.0
 30
0.0
 11
11.0
 21
-245.0
 31
0.0
  0
LINE
  5
9EC
330
17
100
AcDbEntity
  8
可见轮廓
100
AcDbLine
 10
10.914907472268482
 20
-245.0
 30
0.0
 11
10.957129593241005
 21
-245.0
 31
0.0
  0
LINE
  5
9ED
330
17
100
AcDbEntity
  8
可见轮廓
100
AcDbLine
 10
10.873359883872755
 20
-245.0
 30
0.0
 11
10.914907472268482
 21
-245.0
 31
0.0
  0
LINE
  5
9EE
330
17
100
AcDbEntity
  8
可见轮廓
100
AcDbLine
 10
10.832512655530419
 20
-245.0
 30
0.0
 11
10.873359883872755
 21
-245.0
 31
0.0
  0
LINE
  5
9EF
330
17
100
AcDbEntity
  8
可见轮廓
100
AcDbLine
 10
10.792391179349044
 20
-245.0
 30
0.0
 11
10.832512655530419
 21
-245.0
 31
0.0
  0
LINE
  5
9F0
330
17
100
AcDbEntity
  8
可见轮廓
100
AcDbLine
 10
10.753020396282531
 20
-245.0
 30
0.0
 11
10.792391179349044
 21
-245.0
 31
0.0
  0
LINE
  5
9F1
330
17
100
AcDbEntity
  8
可见轮廓
100
AcDbLine
 10
10.71442478062692
 20
-245.0
 30
0.0
 11
10.753020396282531
 21
-245.0
 31
0.0
  0
LINE
  5
9F2
330
17
100
AcDbEntity
  8
可见轮廓
100
AcDbLine
 10
10.676628324806279
 20
-245.0
 30
0.0
 11
10.71442478062692
 21
-245.0
 31
0.0
  0
LINE
  5
9F3
330
17
100
AcDbEntity
  8
可见轮廓
100
AcDbLine
 10
10.639654524458159
 20
-245.0
 30
0.0
 11
10.676628324806279
 21
-245.0
 31
0.0
  0
LINE
  5
9F4
330
17
100
AcDbEntity
  8
可见轮廓
100
AcDbLine
 10
10.603526363827852
 20
-245.0
 30
0.0
 11
10.639654524458159
 21
-245.0
 31
0.0
  0
LINE
  5
9F5
330
17
100
AcDbEntity
  8
可见轮廓
100
AcDbLine
 10
10.568266301480561
 20
-245.0
 30
0.0
 11
10.603526363827852
 21
-245.0
 31
0.0
  0
LINE
  5
9F6
330
17
100
AcDbEntity
  8
可见轮廓
100
AcDbLine
 10
10.533896256340345
 20
-245.0
 30
0.0
 11
10.568266301480561
 21
-245.0
 31
0.0
  0
LINE
  5
9F7
330
17
100
AcDbEntity
  8
可见轮廓
100
AcDbLine
 10
10.500437594064529
 20
-245.0
 30
0.0
 11
10.533896256340345
 21
-245.0
 31
0.0
  0
LINE
  5
9F8
330
17
100
AcDbEntity
  8
可见轮廓
100
AcDbLine
 10
10.46791111376204
 20
-245.0
 30
0.0
 11
10.500437594064529
 21
-245.0
 31
0.0
  0
LINE
  5
9F9
330
17
100
AcDbEntity
  8
可见轮廓
100
AcDbLine
 10
10.436337035063938
 20
-245.0
 30
0.0
 11
10.46791111376204
 21
-245.0
 31
0.0
  0
LINE
  5
9FA
330
17
100
AcDbEntity
  8
可见轮廓
100
AcDbLine
 10
10.405734985554151
 20
-245.0
 30
0.0
 11
10.436337035063938
 21
-245.0
 31
0.0
  0
LINE
  5
9FB
330
17
100
AcDbEntity
  8
可见轮廓
100
AcDbLine
 10
10.376123988568283
 20
-245.0
 30
0.0
 11
10.405734985554151
 21
-245.0
 31
0.0
  0
LINE
  5
9FC
330
17
100
AcDbEntity
  8
可见轮廓
100
AcDbLine
 10
10.347522451368006
 20
-245.0
 30
0.0
 11
10.376123988568283
 21
-245.0
 31
0.0
  0
LINE
  5
9FD
330
17
100
AcDbEntity
  8
可见轮廓
100
AcDbLine
 10
10.319948153698453
 20
-245.0
 30
0.0
 11
10.347522451368006
 21
-245.0
 31
0.0
  0
LINE
  5
9FE
330
17
100
AcDbEntity
  8
可见轮廓
100
AcDbLine
 10
10.293418236735684
 20
-245.0
 30
0.0
 11
10.319948153698453
 21
-245.0
 31
0.0
  0
LINE
  5
9FF
330
17
100
AcDbEntity
  8
可见轮廓
100
AcDbLine
 10
10.267949192431118
 20
-245.0
 30
0.0
 11
10.293418236735684
 21
-245.0
 31
0.0
  0
LINE
  5
A00
330
17
100
AcDbEntity
  8
可见轮廓
100
AcDbLine
 10
10.243556853259538
 20
-245.0
 30
0.0
 11
10.267949192431118
 21
-245.0
 31
0.0
  0
LINE
  5
A01
330
17
100
AcDbEntity
  8
可见轮廓
100
AcDbLine
 10
10.220256382377057
 20
-245.0
 30
0.0
 11
10.243556853259538
 21
-245.0
 31
0.0
  0
LINE
  5
A02
330
17
100
AcDbEntity
  8
可见轮廓
100
AcDbLine
 10
10.198062264195157
 20
-245.0
 30
0.0
 11
10.220256382377057
 21
-245.0
 31
0.0
  0
LINE
  5
A03
330
17
100
AcDbEntity
  8
可见轮廓
100
AcDbLine
 10
10.176988295376647
 20
-245.0
 30
0.0
 11
10.198062264195157
 21
-245.0
 31
0.0
  0
LINE
  5
A04
330
17
100
AcDbEntity
  8
可见轮廓
100
AcDbLine
 10
10.15704757625918
 20
-245.0
 30
0.0
 11
10.176988295376647
 21
-245.0
 31
0.0
  0
LINE
  5
A05
330
17
100
AcDbEntity
  8
可见轮廓
100
AcDbLine
 10
10.138252502711586
 20
-245.0
 30
0.0
 11
10.15704757625918
 21
-245.0
 31
0.0
  0
LINE
  5
A06
330
17
100
AcDbEntity
  8
可见轮廓
100
AcDbLine
 10
10.120614758428177
 20
-245.0
 30
0.0
 11
10.138252502711586
 21
-245.0
 31
0.0
  0
LINE
  5
A07
330
17
100
AcDbEntity
  8
可见轮廓
100
AcDbLine
 10
10.10414530766573
 20
-245.0
 30
0.0
 11
10.120614758428177
 21
-245.0
 31
0.0
  0
LINE
  5
A08
330
17
100
AcDbEntity
  8
可见轮廓
100
AcDbLine
 10
10.088854388427713
 20
-245.0
 30
0.0
 11
10.10414530766573
 21
-245.0
 31
0.0
  0
LINE
  5
A09
330
17
100
AcDbEntity
  8
可见轮廓
100
AcDbLine
 10
10.07475150609997
 20
-245.0
 30
0.0
 11
10.088854388427713
 21
-245.0
 31
0.0
  0
LINE
  5
A0A
330
17
100
AcDbEntity
  8
可见轮廓
100
AcDbLine
 10
10.061845427541837
 20
-245.0
 30
0.0
 11
10.07475150609997
 21
-245.0
 31
0.0
  0
LINE
  5
A0B
330
17
100
AcDbEntity
  8
可见轮廓
100
AcDbLine
 10
10.050144175636346
 20
-245.0
 30
0.0
 11
10.061845427541837
 21
-245.0
 31
0.0
  0
LINE
  5
A0C
330
17
100
AcDbEntity
  8
可见轮廓
100
AcDbLine
 10
10.039655024302906
 20
-245.0
 30
0.0
 11
10.050144175636346
 21
-245.0
 31
0.0
  0
LINE
  5
A0D
330
17
100
AcDbEntity
  8
可见轮廓
100
AcDbLine
 10
10.030384493975577
 20
-245.0
 30
0.0
 11
10.039655024302906
 21
-245.0
 31
0.0
  0
LINE
  5
A0E
330
17
100
AcDbEntity
  8
可见轮廓
100
AcDbLine
 10
10.022338347549736
 20
-245.0
 30
0.0
 11
10.030384493975577
 21
-245.0
 31
0.0
  0
LINE
  5
A0F
330
17
100
AcDbEntity
  8
可见轮廓
100
AcDbLine
 10
10.015521586799649
 20
-245.0
 30
0.0
 11
10.022338347549736
 21
-245.0
 31
0.0
  0
LINE
  5
A10
330
17
100
AcDbEntity
  8
可见轮廓
100
AcDbLine
 10
10.00993844926919
 20
-245.0
 30
0.0
 11
10.015521586799649
 21
-245.0
 31
0.0
  0
LINE
  5
A11
330
17
100
AcDbEntity
  8
可见轮廓
100
AcDbLine
 10
10.005592405637632
 20
-245.0
 30
0.0
 11
10.00993844926919
 21
-245.0
 31
0.0
  0
LINE
  5
A12
330
17
100
AcDbEntity
  8
可见轮廓
100
AcDbLine
 10
10.002486157562148
 20
-245.0
 30
0.0
 11
10.005592405637632
 21
-245.0
 31
0.0
  0
LINE
  5
A13
330
17
100
AcDbEntity
  8
可见轮廓
100
AcDbLine
 10
10.00062163599836
 20
-245.0
 30
0.0
 11
10.002486157562148
 21
-245.0
 31
0.0
  0
LINE
  5
A14
330
17
100
AcDbEntity
  8
可见轮廓
100
AcDbLine
 10
9.999999999999995
 20
-245.0
 30
0.0
 11
10.00062163599836
 21
-245.0
 31
0.0
  0
LINE
  5
A15
330
17
100
AcDbEntity
  8
可见轮廓
100
AcDbLine
 10
33.999378364001636
 20
-245.0
 30
0.0
 11
34.0
 21
-245.0
 31
0.0
  0
LINE
  5
A16
330
17
100
AcDbEntity
  8
可见轮廓
100
AcDbLine
 10
33.99751384243785
 20
-245.0
 30
0.0
 11
33.999378364001636
 21
-245.0
 31
0.0
  0
LINE
  5
A17
330
17
100
AcDbEntity
  8
可见轮廓
100
AcDbLine
 10
33.994407594362364
 20
-245.0
 30
0.0
 11
33.99751384243785
 21
-245.0
 31
0.0
  0
LINE
  5
A18
330
17
100
AcDbEntity
  8
可见轮廓
100
AcDbLine
 10
33.99006155073081
 20
-245.0
 30
0.0
 11
33.994407594362364
 21
-245.0
 31
0.0
  0
LINE
  5
A19
330
17
100
AcDbEntity
  8
可见轮廓
100
AcDbLine
 10
33.98447841320035
 20
-245.0
 30
0.0
 11
33.99006155073081
 21
-245.0
 31
0.0
  0
LINE
  5
A1A
330
17
100
AcDbEntity
  8
可见轮廓
100
AcDbLine
 10
33.97766165245026
 20
-245.0
 30
0.0
 11
33.98447841320035
 21
-245.0
 31
0.0
  0
LINE
  5
A1B
330
17
100
AcDbEntity
  8
可见轮廓
100
AcDbLine
 10
33.96961550602442
 20
-245.0
 30
0.0
 11
33.97766165245026
 21
-245.0
 31
0.0
  0
LINE
  5
A1C
330
17
100
AcDbEntity
  8
可见轮廓
100
AcDbLine
 10
33.96034497569709
 20
-245.0
 30
0.0
 11
33.96961550602442
 21
-245.0
 31
0.0
  0
LINE
  5
A1D
330
17
100
AcDbEntity
  8
可见轮廓
100
AcDbLine
 10
33.94985582436365
 20
-245.0
 30
0.0
 11
33.96034497569709
 21
-245.0
 31
0.0
  0
LINE
  5
A1E
330
17
100
AcDbEntity
  8
可见轮廓
100
AcDbLine
 10
33.93815457245816
 20
-245.0
 30
0.0
 11
33.94985582436365
 21
-245.0
 31
0.0
  0
LINE
  5
A1F
330
17
100
AcDbEntity
  8
可见轮廓
100
AcDbLine
 10
33.92524849390003
 20
-245.0
 30
0.0
 11
33.93815457245816
 21
-245.0
 31
0.0
  0
LINE
  5
A20
330
17
100
AcDbEntity
  8
可见轮廓
100
AcDbLine
 10
33.91114561157229
 20
-245.0
 30
0.0
 11
33.92524849390003
 21
-245.0
 31
0.0
  0
LINE
  5
A21
330
17
100
AcDbEntity
  8
可见轮廓
100
AcDbLine
 10
33.89585469233427
 20
-245.0
 30
0.0
 11
33.91114561157229
 21
-245.0
 31
0.0
  0
LINE
  5
A22
330
17
100
AcDbEntity
  8
可见轮廓
100
AcDbLine
 10
33.879385241571825
 20
-245.0
 30
0.0
 11
33.89585469233427
 21
-245.0
 31
0.0
  0
LINE
  5
A23
330
17
100
AcDbEntity
  8
可见轮廓
100
AcDbLine
 10
33.86174749728841
 20
-245.0
 30
0.0
 11
33.879385241571825
 21
-245.0
 31
0.0
  0
LINE
  5
A24
330
17
100
AcDbEntity
  8
可见轮廓
100
AcDbLine
 10
33.84295242374082
 20
-245.0
 30
0.0
 11
33.86174749728841
 21
-245.0
 31
0.0
  0
LINE
  5
A25
330
17
100
AcDbEntity
  8
可见轮廓
100
AcDbLine
 10
33.82301170462335
 20
-245.0
 30
0.0
 11
33.84295242374082
 21
-245.0
 31
0.0
  0
LINE
  5
A26
330
17
100
AcDbEntity
  8
可见轮廓
100
AcDbLine
 10
33.80193773580484
 20
-245.0
 30
0.0
 11
33.82301170462335
 21
-245.0
 31
0.0
  0
LINE
  5
A27
330
17
100
AcDbEntity
  8
可见轮廓
100
AcDbLine
 10
33.77974361762294
 20
-245.0
 30
0.0
 11
33.80193773580484
 21
-245.0
 31
0.0
  0
LINE
  5
A28
330
17
100
AcDbEntity
  8
可见轮廓
100
AcDbLine
 10
33.75644314674046
 20
-245.0
 30
0.0
 11
33.77974361762294
 21
-245.0
 31
0.0
  0
LINE
  5
A29
330
17
100
AcDbEntity
  8
可见轮廓
100
AcDbLine
 10
33.73205080756888
 20
-245.0
 30
0.0
 11
33.75644314674046
 21
-245.0
 31
0.0
  0
LINE
  5
A2A
330
17
100
AcDbEntity
  8
可见轮廓
100
AcDbLine
 10
33.70658176326431
 20
-245.0
 30
0.0
 11
33.73205080756888
 21
-245.0
 31
0.0
  0
LINE
  5
A2B
330
17
100
AcDbEntity
  8
可见轮廓
100
AcDbLine
 10
33.680051846301545
 20
-245.0
 30
0.0
 11
33.70658176326431
 21
-245.0
 31
0.0
  0
LINE
  5
A2C
330
17
100
AcDbEntity
  8
可见轮廓
100
AcDbLine
 10
33.65247754863199
 20
-245.0
 30
0.0
 11
33.680051846301545
 21
-245.0
 31
0.0
  0
LINE
  5
A2D
330
17
100
AcDbEntity
  8
可见轮廓
100
AcDbLine
 10
33.62387601143172
 20
-245.0
 30
0.0
 11
33.65247754863199
 21
-245.0
 31
0.0
  0
LINE
  5
A2E
330
17
100
AcDbEntity
  8
可见轮廓
100
AcDbLine
 10
33.594265014445845
 20
-245.0
 30
0.0
 11
33.62387601143172
 21
-245.0
 31
0.0
  0
LINE
  5
A2F
330
17
100
AcDbEntity
  8
可见轮廓
100
AcDbLine
 10
33.563662964936064
 20
-245.0
 30
0.0
 11
33.594265014445845
 21
-245.0
 31
0.0
  0
LINE
  5
A30
330
17
100
AcDbEntity
  8
可见轮廓
100
AcDbLine
 10
33.53208888623796
 20
-245.0
 30
0.0
 11
33.563662964936064
 21
-245.0
 31
0.0
  0
LINE
  5
A31
330
17
100
AcDbEntity
  8
可见轮廓
100
AcDbLine
 10
33.49956240593547
 20
-245.0
 30
0.0
 11
33.53208888623796
 21
-245.0
 31
0.0
  0
LINE
  5
A32
330
17
100
AcDbEntity
  8
可见轮廓
100
AcDbLine
 10
33.46610374365966
 20
-245.0
 30
0.0
 11
33.49956240593547
 21
-245.0
 31
0.0
  0
LINE
  5
A33
330
17
100
AcDbEntity
  8
可见轮廓
100
AcDbLine
 10
33.43173369851944
 20
-245.0
 30
0.0
 11
33.46610374365966
 21
-245.0
 31
0.0
  0
LINE
  5
A34
330
17
100
AcDbEntity
  8
可见轮廓
100
AcDbLine
 10
33.396473636172146
 20
-245.0
 30
0.0
 11
33.43173369851944
 21
-245.0
 31
0.0
  0
LINE
  5
A35
330
17
100
AcDbEntity
  8
可见轮廓
100
AcDbLine
 10
33.36034547554184
 20
-245.0
 30
0.0
 11
33.396473636172146
 21
-245.0
 31
0.0
  0
LINE
  5
A36
330
17
100
AcDbEntity
  8
可见轮廓
100
AcDbLine
 10
33.32337167519372
 20
-245.0
 30
0.0
 11
33.36034547554184
 21
-245.0
 31
0.0
  0
LINE
  5
A37
330
17
100
AcDbEntity
  8
可见轮廓
100
AcDbLine
 10
33.28557521937308
 20
-245.0
 30
0.0
 11
33.32337167519372
 21
-245.0
 31
0.0
  0
LINE
  5
A38
330
17
100
AcDbEntity
  8
可见轮廓
100
AcDbLine
 10
33.24697960371747
 20
-245.0
 30
0.0
 11
33.28557521937308
 21
-245.0
 31
0.0
  0
LINE
  5
A39
330
17
100
AcDbEntity
  8
可见轮廓
100
AcDbLine
 10
33.20760882065096
 20
-245.0
 30
0.0
 11
33.24697960371747
 21
-245.0
 31
0.0
  0
LINE
  5
A3A
330
17
100
AcDbEntity
  8
可见轮廓
100
AcDbLine
 10
33.167487344469585
 20
-245.0
 30
0.0
 11
33.20760882065096
 21
-245.0
 31
0.0
  0
LINE
  5
A3B
330
17
100
AcDbEntity
  8
可见轮廓
100
AcDbLine
 10
33.12664011612725
 20
-245.0
 30
0.0
 11
33.167487344469585
 21
-245.0
 31
0.0
  0
LINE
  5
A3C
330
17
100
AcDbEntity
  8
可见轮廓
100
AcDbLine
 10
33.08509252773152
 20
-245.0
 30
0.0
 11
33.12664011612725
 21
-245.0
 31
0.0
  0
LINE
  5
A3D
330
17
100
AcDbEntity
  8
可见轮廓
100
AcDbLine
 10
33.042870406759
 20
-245.0
 30
0.0
 11
33.08509252773152
 21
-245.0
 31
0.0
  0
LINE
  5
A3E
330
17
100
AcDbEntity
  8
可见轮廓
100
AcDbLine
 10
33.0
 20
-245.0
 30
0.0
 11
33.042870406759
 21
-245.0
 31
0.0
  0
LINE
  5
A3F
330
17
100
AcDbEntity
  8
可见轮廓
100
AcDbLine
 10
32.956507957242636
 20
-245.0
 30
0.0
 11
33.0
 21
-245.0
 31
0.0
  0
LINE
  5
A40
330
17
100
AcDbEntity
  8
可见轮廓
100
AcDbLine
 10
32.91242131470633
 20
-245.0
 30
0.0
 11
32.956507957242636
 21
-245.0
 31
0.0
  0
LINE
  5
A41
330
17
100
AcDbEntity
  8
可见轮廓
100
AcDbLine
 10
32.867767478235116
 20
-245.0
 30
0.0
 11
32.91242131470633
 21
-245.0
 31
0.0
  0
LINE
  5
A42
330
17
100
AcDbEntity
  8
可见轮廓
100
AcDbLine
 10
32.82257420626122
 20
-245.0
 30
0.0
 11
32.867767478235116
 21
-245.0
 31
0.0
  0
LINE
  5
A43
330
17
100
AcDbEntity
  8
可见轮廓
100
AcDbLine
 10
32.77686959254939
 20
-245.0
 30
0.0
 11
32.82257420626122
 21
-245.0
 31
0.0
  0
LINE
  5
A44
330
17
100
AcDbEntity
  8
可见轮廓
100
AcDbLine
 10
32.73068204873279
 20
-245.0
 30
0.0
 11
32.77686959254939
 21
-245.0
 31
0.0
  0
LINE
  5
A45
330
17
100
AcDbEntity
  8
可见轮廓
100
AcDbLine
 10
32.68404028665134
 20
-245.0
 30
0.0
 11
32.73068204873279
 21
-245.0
 31
0.0
  0
LINE
  5
A46
330
17
100
AcDbEntity
  8
可见轮廓
100
AcDbLine
 10
32.63697330050337
 20
-245.0
 30
0.0
 11
32.68404028665134
 21
-245.0
 31
0.0
  0
LINE
  5
A47
330
17
100
AcDbEntity
  8
可见轮廓
100
AcDbLine
 10
32.58951034882181
 20
-245.0
 30
0.0
 11
32.63697330050337
 21
-245.0
 31
0.0
  0
LINE
  5
A48
330
17
100
AcDbEntity
  8
可见轮廓
100
AcDbLine
 10
32.54168093628601
 20
-245.0
 30
0.0
 11
32.58951034882181
 21
-245.0
 31
0.0
  0
LINE
  5
A49
330
17
100
AcDbEntity
  8
可见轮廓
100
AcDbLine
 10
32.49351479538059
 20
-245.0
 30
0.0
 11
32.54168093628601
 21
-245.0
 31
0.0
  0
LINE
  5
A4A
330
17
100
AcDbEntity
  8
可见轮廓
100
AcDbLine
 10
32.44504186791263
 20
-245.0
 30
0.0
 11
32.49351479538059
 21
-245.0
 31
0.0
  0
LINE
  5
A4B
330
17
100
AcDbEntity
  8
可见轮廓
100
AcDbLine
 10
32.3962922863988
 20
-245.0
 30
0.0
 11
32.44504186791263
 21
-245.0
 31
0.0
  0
LINE
  5
A4C
330
17
100
AcDbEntity
  8
可见轮廓
100
AcDbLine
 10
32.34729635533387
 20
-245.0
 30
0.0
 11
32.3962922863988
 21
-245.0
 31
0.0
  0
LINE
  5
A4D
330
17
100
AcDbEntity
  8
可见轮廓
100
AcDbLine
 10
32.29808453235235
 20
-245.0
 30
0.0
 11
32.34729635533387
 21
-245.0
 31
0.0
  0
LINE
  5
A4E
330
17
100
AcDbEntity
  8
可见轮廓
100
AcDbLine
 10
32.24868740929497
 20
-245.0
 30
0.0
 11
32.29808453235235
 21
-245.0
 31
0.0
  0
LINE
  5
A4F
330
17
100
AcDbEntity
  8
可见轮廓
100
AcDbLine
 10
32.199135693191636
 20
-245.0
 30
0.0
 11
32.24868740929497
 21
-245.0
 31
0.0
  0
LINE
  5
A50
330
17
100
AcDbEntity
  8
可见轮廓
100
AcDbLine
 10
32.14946018717285
 20
-245.0
 30
0.0
 11
32.199135693191636
 21
-245.0
 31
0.0
  0
LINE
  5
A51
330
17
100
AcDbEntity
  8
可见轮廓
100
AcDbLine
 10
32.099691771321396
 20
-245.0
 30
0.0
 11
32.14946018717285
 21
-245.0
 31
0.0
  0
LINE
  5
A52
330
17
100
AcDbEntity
  8
可见轮廓
100
AcDbLine
 10
32.04986138347615
 20
-245.0
 30
0.0
 11
32.099691771321396
 21
-245.0
 31
0.0
  0
LINE
  5
A53
330
17
100
AcDbEntity
  8
可见轮廓
100
AcDbLine
 10
32.0
 20
-245.0
 30
0.0
 11
32.04986138347615
 21
-245.0
 31
0.0
  0
LINE
  5
A54
330
17
100
AcDbEntity
  8
可见轮廓
100
AcDbLine
 10
9.999999999999995
 20
-262.0
 30
0.0
 11
9.999999999999995
 21
-245.0
 31
0.0
  0
LINE
  5
A55
330
17
100
AcDbEntity
  8
可见轮廓
100
AcDbLine
 10
34.0
 20
-245.0
 30
0.0
 11
34.0
 21
-262.0
 31
0.0
  0
LINE
  5
A56
330
17
100
AcDbEntity
  8
可见轮廓
100
AcDbLine
 10
42.0
 20
-262.0
 30
0.0
 11
42.0
 21
-265.0
 31
0.0
  0
LINE
  5
A57
330
17
100
AcDbEntity
  8
可见轮廓
100
AcDbLine
 10
41.99937836400164
 20
-262.0
 30
0.0
 11
42.0
 21
-262.0
 31
0.0
  0
LINE
  5
A58
330
17
100
AcDbEntity
  8
可见轮廓
100
AcDbLine
 10
41.997513842437854
 20
-262.0
 30
0.0
 11
41.99937836400164
 21
-262.0
 31
0.0
  0
LINE
  5
A59
330
17
100
AcDbEntity
  8
可见轮廓
100
AcDbLine
 10
41.99440759436237
 20
-262.0
 30
0.0
 11
41.997513842437854
 21
-262.0
 31
0.0
  0
LINE
  5
A5A
330
17
100
AcDbEntity
  8
可见轮廓
100
AcDbLine
 10
41.99006155073081
 20
-262.0
 30
0.0
 11
41.99440759436237
 21
-262.0
 31
0.0
  0
LINE
  5
A5B
330
17
100
AcDbEntity
  8
可见轮廓
100
AcDbLine
 10
41.98447841320035
 20
-262.0
 30
0.0
 11
41.99006155073081
 21
-262.0
 31
0.0
  0
LINE
  5
A5C
330
17
100
AcDbEntity
  8
可见轮廓
100
AcDbLine
 10
41.977661652450266
 20
-262.0
 30
0.0
 11
41.98447841320035
 21
-262.0
 31
0.0
  0
LINE
  5
A5D
330
17
100
AcDbEntity
  8
可见轮廓
100
AcDbLine
 10
41.969615506024425
 20
-262.0
 30
0.0
 11
41.977661652450266
 21
-262.0
 31
0.0
  0
LINE
  5
A5E
330
17
100
AcDbEntity
  8
可见轮廓
100
AcDbLine
 10
41.9603449756971
 20
-262.0
 30
0.0
 11
41.969615506024425
 21
-262.0
 31
0.0
  0
LINE
  5
A5F
330
17
100
AcDbEntity
  8
可见轮廓
100
AcDbLine
 10
41.94985582436365
 20
-262.0
 30
0.0
 11
41.9603449756971
 21
-262.0
 31
0.0
  0
LINE
  5
A60
330
17
100
AcDbEntity
  8
可见轮廓
100
AcDbLine
 10
41.93815457245816
 20
-262.0
 30
0.0
 11
41.94985582436365
 21
-262.0
 31
0.0
  0
LINE
  5
A61
330
17
100
AcDbEntity
  8
可见轮廓
100
AcDbLine
 10
41.92524849390003
 20
-262.0
 30
0.0
 11
41.93815457245816
 21
-262.0
 31
0.0
  0
LINE
  5
A62
330
17
100
AcDbEntity
  8
可见轮廓
100
AcDbLine
 10
41.911145611572294
 20
-262.0
 30
0.0
 11
41.92524849390003
 21
-262.0
 31
0.0
  0
LINE
  5
A63
330
17
100
AcDbEntity
  8
可见轮廓
100
AcDbLine
 10
41.89585469233427
 20
-262.0
 30
0.0
 11
41.911145611572294
 21
-262.0
 31
0.0
  0
LINE
  5
A64
330
17
100
AcDbEntity
  8
可见轮廓
100
AcDbLine
 10
41.879385241571825
 20
-262.0
 30
0.0
 11
41.89585469233427
 21
-262.0
 31
0.0
  0
LINE
  5
A65
330
17
100
AcDbEntity
  8
可见轮廓
100
AcDbLine
 10
41.86174749728842
 20
-262.0
 30
0.0
 11
41.879385241571825
 21
-262.0
 31
0.0
  0
LINE
  5
A66
330
17
100
AcDbEntity
  8
可见轮廓
100
AcDbLine
 10
41.842952423740826
 20
-262.0
 30
0.0
 11
41.86174749728842
 21
-262.0
 31
0.0
  0
LINE
  5
A67
330
17
100
AcDbEntity
  8
可见轮廓
100
AcDbLine
 10
41.823011704623354
 20
-262.0
 30
0.0
 11
41.842952423740826
 21
-262.0
 31
0.0
  0
LINE
  5
A68
330
17
100
AcDbEntity
  8
可见轮廓
100
AcDbLine
 10
41.80193773580485
 20
-262.0
 30
0.0
 11
41.823011704623354
 21
-262.0
 31
0.0
  0
LINE
  5
A69
330
17
100
AcDbEntity
  8
可见轮廓
100
AcDbLine
 10
41.77974361762294
 20
-262.0
 30
0.0
 11
41.80193773580485
 21
-262.0
 31
0.0
  0
LINE
  5
A6A
330
17
100
AcDbEntity
  8
可见轮廓
100
AcDbLine
 10
41.756443146740466
 20
-262.0
 30
0.0
 11
41.77974361762294
 21
-262.0
 31
0.0
  0
LINE
  5
A6B
330
17
100
AcDbEntity
  8
可见轮廓
100
AcDbLine
 10
41.73205080756888
 20
-262.0
 30
0.0
 11
41.756443146740466
 21
-262.0
 31
0.0
  0
LINE
  5
A6C
330
17
100
AcDbEntity
  8
可见轮廓
100
AcDbLine
 10
41.706581763264325
 20
-262.0
 30
0.0
 11
41.73205080756888
 21
-262.0
 31
0.0
  0
LINE
  5
A6D
330
17
100
AcDbEntity
  8
可见轮廓
100
AcDbLine
 10
41.68005184630155
 20
-262.0
 30
0.0
 11
41.706581763264325
 21
-262.0
 31
0.0
  0
LINE
  5
A6E
330
17
100
AcDbEntity
  8
可见轮廓
100
AcDbLine
 10
41.652477548632
 20
-262.0
 30
0.0
 11
41.68005184630155
 21
-262.0
 31
0.0
  0
LINE
  5
A6F
330
17
100
AcDbEntity
  8
可见轮廓
100
AcDbLine
 10
41.62387601143172
 20
-262.0
 30
0.0
 11
41.652477548632
 21
-262.0
 31
0.0
  0
LINE
  5
A70
330
17
100
AcDbEntity
  8
可见轮廓
100
AcDbLine
 10
41.59426501444585
 20
-262.0
 30
0.0
 11
41.62387601143172
 21
-262.0
 31
0.0
  0
LINE
  5
A71
330
17
100
AcDbEntity
  8
可见轮廓
100
AcDbLine
 10
41.56366296493607
 20
-262.0
 30
0.0
 11
41.59426501444585
 21
-262.0
 31
0.0
  0
LINE
  5
A72
330
17
100
AcDbEntity
  8
可见轮廓
100
AcDbLine
 10
41.532088886237965
 20
-262.0
 30
0.0
 11
41.56366296493607
 21
-262.0
 31
0.0
  0
LINE
  5
A73
330
17
100
AcDbEntity
  8
可见轮廓
100
AcDbLine
 10
41.49956240593548
 20
-262.0
 30
0.0
 11
41.532088886237965
 21
-262.0
 31
0.0
  0
LINE
  5
A74
330
17
100
AcDbEntity
  8
可见轮廓
100
AcDbLine
 10
41.46610374365966
 20
-262.0
 30
0.0
 11
41.49956240593548
 21
-262.0
 31
0.0
  0
LINE
  5
A75
330
17
100
AcDbEntity
  8
可见轮廓
100
AcDbLine
 10
41.431733698519444
 20
-262.0
 30
0.0
 11
41.46610374365966
 21
-262.0
 31
0.0
  0
LINE
  5
A76
330
17
100
AcDbEntity
  8
可见轮廓
100
AcDbLine
 10
41.39647363617215
 20
-262.0
 30
0.0
 11
41.431733698519444
 21
-262.0
 31
0.0
  0
LINE
  5
A77
330
17
100
AcDbEntity
  8
可见轮廓
100
AcDbLine
 10
41.36034547554185
 20
-262.0
 30
0.0
 11
41.39647363617215
 21
-262.0
 31
0.0
  0
LINE
  5
A78
330
17
100
AcDbEntity
  8
可见轮廓
100
AcDbLine
 10
41.32337167519373
 20
-262.0
 30
0.0
 11
41.36034547554185
 21
-262.0
 31
0.0
  0
LINE
  5
A79
330
17
100
AcDbEntity
  8
可见轮廓
100
AcDbLine
 10
41.28557521937309
 20
-262.0
 30
0.0
 11
41.32337167519373
 21
-262.0
 31
0.0
  0
LINE
  5
A7A
330
17
100
AcDbEntity
  8
可见轮廓
100
AcDbLine
 10
41.24697960371748
 20
-262.0
 30
0.0
 11
41.28557521937309
 21
-262.0
 31
0.0
  0
LINE
  5
A7B
330
17
100
AcDbEntity
  8
可见轮廓
100
AcDbLine
 10
41.20760882065096
 20
-262.0
 30
0.0
 11
41.24697960371748
 21
-262.0
 31
0.0
  0
LINE
  5
A7C
330
17
100
AcDbEntity
  8
可见轮廓
100
AcDbLine
 10
41.16748734446959
 20
-262.0
 30
0.0
 11
41.20760882065096
 21
-262.0
 31
0.0
  0
LINE
  5
A7D
330
17
100
AcDbEntity
  8
可见轮廓
100
AcDbLine
 10
41.12664011612725
 20
-262.0
 30
0.0
 11
41.16748734446959
 21
-262.0
 31
0.0
  0
LINE
  5
A7E
330
17
100
AcDbEntity
  8
可见轮廓
100
AcDbLine
 10
41.085092527731526
 20
-262.0
 30
0.0
 11
41.12664011612725
 21
-262.0
 31
0.0
  0
LINE
  5
A7F
330
17
100
AcDbEntity
  8
可见轮廓
100
AcDbLine
 10
41.04287040675901
 20
-262.0
 30
0.0
 11
41.085092527731526
 21
-262.0
 31
0.0
  0
LINE
  5
A80
330
17
100
AcDbEntity
  8
可见轮廓
100
AcDbLine
 10
41.00000000000001
 20
-262.0
 30
0.0
 11
41.04287040675901
 21
-262.0
 31
0.0
  0
LINE
  5
A81
330
17
100
AcDbEntity
  8
可见轮廓
100
AcDbLine
 10
40.95650795724264
 20
-262.0
 30
0.0
 11
41.00000000000001
 21
-262.0
 31
0.0
  0
LINE
  5
A82
330
17
100
AcDbEntity
  8
可见轮廓
100
AcDbLine
 10
40.912421314706336
 20
-262.0
 30
0.0
 11
40.95650795724264
 21
-262.0
 31
0.0
  0
LINE
  5
A83
330
17
100
AcDbEntity
  8
可见轮廓
100
AcDbLine
 10
40.86776747823512
 20
-262.0
 30
0.0
 11
40.912421314706336
 21
-262.0
 31
0.0
  0
LINE
  5
A84
330
17
100
AcDbEntity
  8
可见轮廓
100
AcDbLine
 10
40.82257420626123
 20
-262.0
 30
0.0
 11
40.86776747823512
 21
-262.0
 31
0.0
  0
LINE
  5
A85
330
17
100
AcDbEntity
  8
可见轮廓
100
AcDbLine
 10
40.776869592549396
 20
-262.0
 30
0.0
 11
40.82257420626123
 21
-262.0
 31
0.0
  0
LINE
  5
A86
330
17
100
AcDbEntity
  8
可见轮廓
100
AcDbLine
 10
40.730682048732795
 20
-262.0
 30
0.0
 11
40.776869592549396
 21
-262.0
 31
0.0
  0
LINE
  5
A87
330
17
100
AcDbEntity
  8
可见轮廓
100
AcDbLine
 10
40.68404028665134
 20
-262.0
 30
0.0
 11
40.730682048732795
 21
-262.0
 31
0.0
  0
LINE
  5
A88
330
17
100
AcDbEntity
  8
可见轮廓
100
AcDbLine
 10
40.63697330050337
 20
-262.0
 30
0.0
 11
40.68404028665134
 21
-262.0
 31
0.0
  0
LINE
  5
A89
330
17
100
AcDbEntity
  8
可见轮廓
100
AcDbLine
 10
40.58951034882182
 20
-262.0
 30
0.0
 11
40.63697330050337
 21
-262.0
 31
0.0
  0
LINE
  5
A8A
330
17
100
AcDbEntity
  8
可见轮廓
100
AcDbLine
 10
40.54168093628601
 20
-262.0
 30
0.0
 11
40.58951034882182
 21
-262.0
 31
0.0
  0
LINE
  5
A8B
330
17
100
AcDbEntity
  8
可见轮廓
100
AcDbLine
 10
40.49351479538059
 20
-262.0
 30
0.0
 11
40.54168093628601
 21
-262.0
 31
0.0
  0
LINE
  5
A8C
330
17
100
AcDbEntity
  8
可见轮廓
100
AcDbLine
 10
40.445041867912636
 20
-262.0
 30
0.0
 11
40.49351479538059
 21
-262.0
 31
0.0
  0
LINE
  5
A8D
330
17
100
AcDbEntity
  8
可见轮廓
100
AcDbLine
 10
40.396292286398804
 20
-262.0
 30
0.0
 11
40.445041867912636
 21
-262.0
 31
0.0
  0
LINE
  5
A8E
330
17
100
AcDbEntity
  8
可见轮廓
100
AcDbLine
 10
40.34729635533387
 20
-262.0
 30
0.0
 11
40.396292286398804
 21
-262.0
 31
0.0
  0
LINE
  5
A8F
330
17
100
AcDbEntity
  8
可见轮廓
100
AcDbLine
 10
40.298084532352355
 20
-262.0
 30
0.0
 11
40.34729635533387
 21
-262.0
 31
0.0
  0
LINE
  5
A90
330
17
100
AcDbEntity
  8
可见轮廓
100
AcDbLine
 10
40.24868740929497
 20
-262.0
 30
0.0
 11
40.298084532352355
 21
-262.0
 31
0.0
  0
LINE
  5
A91
330
17
100
AcDbEntity
  8
可见轮廓
100
AcDbLine
 10
40.199135693191636
 20
-262.0
 30
0.0
 11
40.24868740929497
 21
-262.0
 31
0.0
  0
LINE
  5
A92
330
17
100
AcDbEntity
  8
可见轮廓
100
AcDbLine
 10
40.14946018717285
 20
-262.0
 30
0.0
 11
40.199135693191636
 21
-262.0
 31
0.0
  0
LINE
  5
A93
330
17
100
AcDbEntity
  8
可见轮廓
100
AcDbLine
 10
40.0996917713214
 20
-262.0
 30
0.0
 11
40.14946018717285
 21
-262.0
 31
0.0
  0
LINE
  5
A94
330
17
100
AcDbEntity
  8
可见轮廓
100
AcDbLine
 10
40.04986138347615
 20
-262.0
 30
0.0
 11
40.0996917713214
 21
-262.0
 31
0.0
  0
LINE
  5
A95
330
17
100
AcDbEntity
  8
可见轮廓
100
AcDbLine
 10
40.0
 20
-262.0
 30
0.0
 11
40.04986138347615
 21
-262.0
 31
0.0
  0
LINE
  5
A96
330
17
100
AcDbEntity
  8
可见轮廓
100
AcDbLine
 10
3.999999999999993
 20
-262.0
 30
0.0
 11
11.999999999999995
 21
-262.0
 31
0.0
  0
LINE
  5
A97
330
17
100
AcDbEntity
  8
可见轮廓
100
AcDbLine
 10
11.999999999999995
 20
-245.0
 30
0.0
 11
32.0
 21
-245.0
 31
0.0
  0
LINE
  5
A98
330
17
100
AcDbEntity
  8
可见轮廓
100
AcDbLine
 10
32.0
 20
-262.0
 30
0.0
 11
40.0
 21
-262.0
 31
0.0
  0
LINE
  5
A99
330
17
100
AcDbEntity
  8
可见轮廓
100
AcDbLine
 10
3.9501386165238586
 20
-262.0
 30
0.0
 11
3.999999999999993
 21
-262.0
 31
0.0
  0
LINE
  5
A9A
330
17
100
AcDbEntity
  8
可见轮廓
100
AcDbLine
 10
3.900308228678611
 20
-262.0
 30
0.0
 11
3.9501386165238586
 21
-262.0
 31
0.0
  0
LINE
  5
A9B
330
17
100
AcDbEntity
  8
可见轮廓
100
AcDbLine
 10
3.8505398128271544
 20
-262.0
 30
0.0
 11
3.900308228678611
 21
-262.0
 31
0.0
  0
LINE
  5
A9C
330
17
100
AcDbEntity
  8
可见轮廓
100
AcDbLine
 10
3.8008643068083714
 20
-262.0
 30
0.0
 11
3.8505398128271544
 21
-262.0
 31
0.0
  0
LINE
  5
A9D
330
17
100
AcDbEntity
  8
可见轮廓
100
AcDbLine
 10
3.7513125907050338
 20
-262.0
 30
0.0
 11
3.8008643068083714
 21
-262.0
 31
0.0
  0
LINE
  5
A9E
330
17
100
AcDbEntity
  8
可见轮廓
100
AcDbLine
 10
3.7019154676476553
 20
-262.0
 30
0.0
 11
3.7513125907050338
 21
-262.0
 31
0.0
  0
LINE
  5
A9F
330
17
100
AcDbEntity
  8
可见轮廓
100
AcDbLine
 10
3.6527036446661434
 20
-262.0
 30
0.0
 11
3.7019154676476553
 21
-262.0
 31
0.0
  0
LINE
  5
AA0
330
17
100
AcDbEntity
  8
可见轮廓
100
AcDbLine
 10
3.6037077136012066
 20
-262.0
 30
0.0
 11
3.6527036446661434
 21
-262.0
 31
0.0
  0
LINE
  5
AA1
330
17
100
AcDbEntity
  8
可见轮廓
100
AcDbLine
 10
3.554958132087375
 20
-262.0
 30
0.0
 11
3.6037077136012066
 21
-262.0
 31
0.0
  0
LINE
  5
AA2
330
17
100
AcDbEntity
  8
可见轮廓
100
AcDbLine
 10
3.506485204619416
 20
-262.0
 30
0.0
 11
3.554958132087375
 21
-262.0
 31
0.0
  0
LINE
  5
AA3
330
17
100
AcDbEntity
  8
可见轮廓
100
AcDbLine
 10
3.4583190637139936
 20
-262.0
 30
0.0
 11
3.506485204619416
 21
-262.0
 31
0.0
  0
LINE
  5
AA4
330
17
100
AcDbEntity
  8
可见轮廓
100
AcDbLine
 10
3.4104896511781924
 20
-262.0
 30
0.0
 11
3.4583190637139936
 21
-262.0
 31
0.0
  0
LINE
  5
AA5
330
17
100
AcDbEntity
  8
可见轮廓
100
AcDbLine
 10
3.3630266994966327
 20
-262.0
 30
0.0
 11
3.4104896511781924
 21
-262.0
 31
0.0
  0
LINE
  5
AA6
330
17
100
AcDbEntity
  8
可见轮廓
100
AcDbLine
 10
3.315959713348665
 20
-262.0
 30
0.0
 11
3.3630266994966327
 21
-262.0
 31
0.0
  0
LINE
  5
AA7
330
17
100
AcDbEntity
  8
可见轮廓
100
AcDbLine
 10
3.2693179512672117
 20
-262.0
 30
0.0
 11
3.315959713348665
 21
-262.0
 31
0.0
  0
LINE
  5
AA8
330
17
100
AcDbEntity
  8
可见轮廓
100
AcDbLine
 10
3.2231304074506113
 20
-262.0
 30
0.0
 11
3.2693179512672117
 21
-262.0
 31
0.0
  0
LINE
  5
AA9
330
17
100
AcDbEntity
  8
可见轮廓
100
AcDbLine
 10
3.1774257937387773
 20
-262.0
 30
0.0
 11
3.2231304074506113
 21
-262.0
 31
0.0
  0
LINE
  5
AAA
330
17
100
AcDbEntity
  8
可见轮廓
100
AcDbLine
 10
3.132232521764884
 20
-262.0
 30
0.0
 11
3.1774257937387773
 21
-262.0
 31
0.0
  0
LINE
  5
AAB
330
17
100
AcDbEntity
  8
可见轮廓
100
AcDbLine
 10
3.087578685293675
 20
-262.0
 30
0.0
 11
3.132232521764884
 21
-262.0
 31
0.0
  0
LINE
  5
AAC
330
17
100
AcDbEntity
  8
可见轮廓
100
AcDbLine
 10
3.0434920427573644
 20
-262.0
 30
0.0
 11
3.087578685293675
 21
-262.0
 31
0.0
  0
LINE
  5
AAD
330
17
100
AcDbEntity
  8
可见轮廓
100
AcDbLine
 10
3.0
 20
-262.0
 30
0.0
 11
3.0434920427573644
 21
-262.0
 31
0.0
  0
LINE
  5
AAE
330
17
100
AcDbEntity
  8
可见轮廓
100
AcDbLine
 10
2.957129593241003
 20
-262.0
 30
0.0
 11
3.0
 21
-262.0
 31
0.0
  0
LINE
  5
AAF
330
17
100
AcDbEntity
  8
可见轮廓
100
AcDbLine
 10
2.914907472268478
 20
-262.0
 30
0.0
 11
2.957129593241003
 21
-262.0
 31
0.0
  0
LINE
  5
AB0
330
17
100
AcDbEntity
  8
可见轮廓
100
AcDbLine
 10
2.873359883872755
 20
-262.0
 30
0.0
 11
2.914907472268478
 21
-262.0
 31
0.0
  0
LINE
  5
AB1
330
17
100
AcDbEntity
  8
可见轮廓
100
AcDbLine
 10
2.8325126555304188
 20
-262.0
 30
0.0
 11
2.873359883872755
 21
-262.0
 31
0.0
  0
LINE
  5
AB2
330
17
100
AcDbEntity
  8
可见轮廓
100
AcDbLine
 10
2.7923911793490426
 20
-262.0
 30
0.0
 11
2.8325126555304188
 21
-262.0
 31
0.0
  0
LINE
  5
AB3
330
17
100
AcDbEntity
  8
可见轮廓
100
AcDbLine
 10
2.7530203962825297
 20
-262.0
 30
0.0
 11
2.7923911793490426
 21
-262.0
 31
0.0
  0
LINE
  5
AB4
330
17
100
AcDbEntity
  8
可见轮廓
100
AcDbLine
 10
2.714424780626917
 20
-262.0
 30
0.0
 11
2.7530203962825297
 21
-262.0
 31
0.0
  0
LINE
  5
AB5
330
17
100
AcDbEntity
  8
可见轮廓
100
AcDbLine
 10
2.676628324806277
 20
-262.0
 30
0.0
 11
2.714424780626917
 21
-262.0
 31
0.0
  0
LINE
  5
AB6
330
17
100
AcDbEntity
  8
可见轮廓
100
AcDbLine
 10
2.639654524458159
 20
-262.0
 30
0.0
 11
2.676628324806277
 21
-262.0
 31
0.0
  0
LINE
  5
AB7
330
17
100
AcDbEntity
  8
可见轮廓
100
AcDbLine
 10
2.60352636382785
 20
-262.0
 30
0.0
 11
2.639654524458159
 21
-262.0
 31
0.0
  0
LINE
  5
AB8
330
17
100
AcDbEntity
  8
可见轮廓
100
AcDbLine
 10
2.568266301480559
 20
-262.0
 30
0.0
 11
2.60352636382785
 21
-262.0
 31
0.0
  0
LINE
  5
AB9
330
17
100
AcDbEntity
  8
可见轮廓
100
AcDbLine
 10
2.5338962563403413
 20
-262.0
 30
0.0
 11
2.568266301480559
 21
-262.0
 31
0.0
  0
LINE
  5
ABA
330
17
100
AcDbEntity
  8
可见轮廓
100
AcDbLine
 10
2.5004375940645254
 20
-262.0
 30
0.0
 11
2.5338962563403413
 21
-262.0
 31
0.0
  0
LINE
  5
ABB
330
17
100
AcDbEntity
  8
可见轮廓
100
AcDbLine
 10
2.467911113762039
 20
-262.0
 30
0.0
 11
2.5004375940645254
 21
-262.0
 31
0.0
  0
LINE
  5
ABC
330
17
100
AcDbEntity
  8
可见轮廓
100
AcDbLine
 10
2.4363370350639357
 20
-262.0
 30
0.0
 11
2.467911113762039
 21
-262.0
 31
0.0
  0
LINE
  5
ABD
330
17
100
AcDbEntity
  8
可见轮廓
100
AcDbLine
 10
2.405734985554151
 20
-262.0
 30
0.0
 11
2.4363370350639357
 21
-262.0
 31
0.0
  0
LINE
  5
ABE
330
17
100
AcDbEntity
  8
可见轮廓
100
AcDbLine
 10
2.376123988568281
 20
-262.0
 30
0.0
 11
2.405734985554151
 21
-262.0
 31
0.0
  0
LINE
  5
ABF
330
17
100
AcDbEntity
  8
可见轮廓
100
AcDbLine
 10
2.347522451368004
 20
-262.0
 30
0.0
 11
2.376123988568281
 21
-262.0
 31
0.0
  0
LINE
  5
AC0
330
17
100
AcDbEntity
  8
可见轮廓
100
AcDbLine
 10
2.3199481536984514
 20
-262.0
 30
0.0
 11
2.347522451368004
 21
-262.0
 31
0.0
  0
LINE
  5
AC1
330
17
100
AcDbEntity
  8
可见轮廓
100
AcDbLine
 10
2.2934182367356826
 20
-262.0
 30
0.0
 11
2.3199481536984514
 21
-262.0
 31
0.0
  0
LINE
  5
AC2
330
17
100
AcDbEntity
  8
可见轮廓
100
AcDbLine
 10
2.267949192431118
 20
-262.0
 30
0.0
 11
2.2934182367356826
 21
-262.0
 31
0.0
  0
LINE
  5
AC3
330
17
100
AcDbEntity
  8
可见轮廓
100
AcDbLine
 10
2.2435568532595376
 20
-262.0
 30
0.0
 11
2.267949192431118
 21
-262.0
 31
0.0
  0
LINE
  5
AC4
330
17
100
AcDbEntity
  8
可见轮廓
100
AcDbLine
 10
2.2202563823770554
 20
-262.0
 30
0.0
 11
2.2435568532595376
 21
-262.0
 31
0.0
  0
LINE
  5
AC5
330
17
100
AcDbEntity
  8
可见轮廓
100
AcDbLine
 10
2.198062264195155
 20
-262.0
 30
0.0
 11
2.2202563823770554
 21
-262.0
 31
0.0
  0
LINE
  5
AC6
330
17
100
AcDbEntity
  8
可见轮廓
100
AcDbLine
 10
2.1769882953766455
 20
-262.0
 30
0.0
 11
2.198062264195155
 21
-262.0
 31
0.0
  0
LINE
  5
AC7
330
17
100
AcDbEntity
  8
可见轮廓
100
AcDbLine
 10
2.1570475762591776
 20
-262.0
 30
0.0
 11
2.1769882953766455
 21
-262.0
 31
0.0
  0
LINE
  5
AC8
330
17
100
AcDbEntity
  8
可见轮廓
100
AcDbLine
 10
2.138252502711584
 20
-262.0
 30
0.0
 11
2.1570475762591776
 21
-262.0
 31
0.0
  0
LINE
  5
AC9
330
17
100
AcDbEntity
  8
可见轮廓
100
AcDbLine
 10
2.120614758428175
 20
-262.0
 30
0.0
 11
2.138252502711584
 21
-262.0
 31
0.0
  0
LINE
  5
ACA
330
17
100
AcDbEntity
  8
可见轮廓
100
AcDbLine
 10
2.1041453076657284
 20
-262.0
 30
0.0
 11
2.120614758428175
 21
-262.0
 31
0.0
  0
LINE
  5
ACB
330
17
100
AcDbEntity
  8
可见轮廓
100
AcDbLine
 10
2.088854388427709
 20
-262.0
 30
0.0
 11
2.1041453076657284
 21
-262.0
 31
0.0
  0
LINE
  5
ACC
330
17
100
AcDbEntity
  8
可见轮廓
100
AcDbLine
 10
2.074751506099968
 20
-262.0
 30
0.0
 11
2.088854388427709
 21
-262.0
 31
0.0
  0
LINE
  5
ACD
330
17
100
AcDbEntity
  8
可见轮廓
100
AcDbLine
 10
2.0618454275418365
 20
-262.0
 30
0.0
 11
2.074751506099968
 21
-262.0
 31
0.0
  0
LINE
  5
ACE
330
17
100
AcDbEntity
  8
可见轮廓
100
AcDbLine
 10
2.050144175636344
 20
-262.0
 30
0.0
 11
2.0618454275418365
 21
-262.0
 31
0.0
  0
LINE
  5
ACF
330
17
100
AcDbEntity
  8
可见轮廓
100
AcDbLine
 10
2.0396550243029026
 20
-262.0
 30
0.0
 11
2.050144175636344
 21
-262.0
 31
0.0
  0
LINE
  5
AD0
330
17
100
AcDbEntity
  8
可见轮廓
100
AcDbLine
 10
2.030384493975575
 20
-262.0
 30
0.0
 11
2.0396550243029026
 21
-262.0
 31
0.0
  0
LINE
  5
AD1
330
17
100
AcDbEntity
  8
可见轮廓
100
AcDbLine
 10
2.0223383475497343
 20
-262.0
 30
0.0
 11
2.030384493975575
 21
-262.0
 31
0.0
  0
LINE
  5
AD2
330
17
100
AcDbEntity
  8
可见轮廓
100
AcDbLine
 10
2.0155215867996468
 20
-262.0
 30
0.0
 11
2.0223383475497343
 21
-262.0
 31
0.0
  0
LINE
  5
AD3
330
17
100
AcDbEntity
  8
可见轮廓
100
AcDbLine
 10
2.009938449269189
 20
-262.0
 30
0.0
 11
2.0155215867996468
 21
-262.0
 31
0.0
  0
LINE
  5
AD4
330
17
100
AcDbEntity
  8
可见轮廓
100
AcDbLine
 10
2.005592405637632
 20
-262.0
 30
0.0
 11
2.009938449269189
 21
-262.0
 31
0.0
  0
LINE
  5
AD5
330
17
100
AcDbEntity
  8
可见轮廓
100
AcDbLine
 10
2.0024861575621458
 20
-262.0
 30
0.0
 11
2.005592405637632
 21
-262.0
 31
0.0
  0
LINE
  5
AD6
330
17
100
AcDbEntity
  8
可见轮廓
100
AcDbLine
 10
2.000621635998357
 20
-262.0
 30
0.0
 11
2.0024861575621458
 21
-262.0
 31
0.0
  0
LINE
  5
AD7
330
17
100
AcDbEntity
  8
可见轮廓
100
AcDbLine
 10
2.0
 20
-262.0
 30
0.0
 11
2.000621635998357
 21
-262.0
 31
0.0
  0
LINE
  5
AD8
330
17
100
AcDbEntity
  8
可见轮廓
100
AcDbLine
 10
2.0
 20
-265.0
 30
0.0
 11
2.0
 21
-262.0
 31
0.0
  0
LINE
  5
AD9
330
17
100
AcDbEntity
  8
可见轮廓
100
AcDbLine
 10
40.049861383476156
 20
-265.0
 30
0.0
 11
40.0
 21
-265.0
 31
0.0
  0
LINE
  5
ADA
330
17
100
AcDbEntity
  8
可见轮廓
100
AcDbLine
 10
40.0996917713214
 20
-265.0
 30
0.0
 11
40.049861383476156
 21
-265.0
 31
0.0
  0
LINE
  5
ADB
330
17
100
AcDbEntity
  8
可见轮廓
100
AcDbLine
 10
40.149460187172856
 20
-265.0
 30
0.0
 11
40.0996917713214
 21
-265.0
 31
0.0
  0
LINE
  5
ADC
330
17
100
AcDbEntity
  8
可见轮廓
100
AcDbLine
 10
40.199135693191636
 20
-265.0
 30
0.0
 11
40.149460187172856
 21
-265.0
 31
0.0
  0
LINE
  5
ADD
330
17
100
AcDbEntity
  8
可见轮廓
100
AcDbLine
 10
40.24868740929497
 20
-265.0
 30
0.0
 11
40.199135693191636
 21
-265.0
 31
0.0
  0
LINE
  5
ADE
330
17
100
AcDbEntity
  8
可见轮廓
100
AcDbLine
 10
40.298084532352355
 20
-265.0
 30
0.0
 11
40.24868740929497
 21
-265.0
 31
0.0
  0
LINE
  5
ADF
330
17
100
AcDbEntity
  8
可见轮廓
100
AcDbLine
 10
40.34729635533387
 20
-265.0
 30
0.0
 11
40.298084532352355
 21
-265.0
 31
0.0
  0
LINE
  5
AE0
330
17
100
AcDbEntity
  8
可见轮廓
100
AcDbLine
 10
40.396292286398804
 20
-265.0
 30
0.0
 11
40.34729635533387
 21
-265.0
 31
0.0
  0
LINE
  5
AE1
330
17
100
AcDbEntity
  8
可见轮廓
100
AcDbLine
 10
40.445041867912636
 20
-265.0
 30
0.0
 11
40.396292286398804
 21
-265.0
 31
0.0
  0
LINE
  5
AE2
330
17
100
AcDbEntity
  8
可见轮廓
100
AcDbLine
 10
40.49351479538059
 20
-265.0
 30
0.0
 11
40.445041867912636
 21
-265.0
 31
0.0
  0
LINE
  5
AE3
330
17
100
AcDbEntity
  8
可见轮廓
100
AcDbLine
 10
40.54168093628601
 20
-265.0
 30
0.0
 11
40.49351479538059
 21
-265.0
 31
0.0
  0
LINE
  5
AE4
330
17
100
AcDbEntity
  8
可见轮廓
100
AcDbLine
 10
40.58951034882182
 20
-265.0
 30
0.0
 11
40.54168093628601
 21
-265.0
 31
0.0
  0
LINE
  5
AE5
330
17
100
AcDbEntity
  8
可见轮廓
100
AcDbLine
 10
40.63697330050338
 20
-265.0
 30
0.0
 11
40.58951034882182
 21
-265.0
 31
0.0
  0
LINE
  5
AE6
330
17
100
AcDbEntity
  8
可见轮廓
100
AcDbLine
 10
40.684040286651346
 20
-265.0
 30
0.0
 11
40.63697330050338
 21
-265.0
 31
0.0
  0
LINE
  5
AE7
330
17
100
AcDbEntity
  8
可见轮廓
100
AcDbLine
 10
40.7306820487328
 20
-265.0
 30
0.0
 11
40.684040286651346
 21
-265.0
 31
0.0
  0
LINE
  5
AE8
330
17
100
AcDbEntity
  8
可见轮廓
100
AcDbLine
 10
40.7768695925494
 20
-265.0
 30
0.0
 11
40.7306820487328
 21
-265.0
 31
0.0
  0
LINE
  5
AE9
330
17
100
AcDbEntity
  8
可见轮廓
100
AcDbLine
 10
40.82257420626124
 20
-265.0
 30
0.0
 11
40.7768695925494
 21
-265.0
 31
0.0
  0
LINE
  5
AEA
330
17
100
AcDbEntity
  8
可见轮廓
100
AcDbLine
 10
40.86776747823512
 20
-265.0
 30
0.0
 11
40.82257420626124
 21
-265.0
 31
0.0
  0
LINE
  5
AEB
330
17
100
AcDbEntity
  8
可见轮廓
100
AcDbLine
 10
40.912421314706336
 20
-265.0
 30
0.0
 11
40.86776747823512
 21
-265.0
 31
0.0
  0
LINE
  5
AEC
330
17
100
AcDbEntity
  8
可见轮廓
100
AcDbLine
 10
40.95650795724265
 20
-265.0
 30
0.0
 11
40.912421314706336
 21
-265.0
 31
0.0
  0
LINE
  5
AED
330
17
100
AcDbEntity
  8
可见轮廓
100
AcDbLine
 10
41.000000000000014
 20
-265.0
 30
0.0
 11
40.95650795724265
 21
-265.0
 31
0.0
  0
LINE
  5
AEE
330
17
100
AcDbEntity
  8
可见轮廓
100
AcDbLine
 10
41.04287040675901
 20
-265.0
 30
0.0
 11
41.000000000000014
 21
-265.0
 31
0.0
  0
LINE
  5
AEF
330
17
100
AcDbEntity
  8
可见轮廓
100
AcDbLine
 10
41.08509252773153
 20
-265.0
 30
0.0
 11
41.04287040675901
 21
-265.0
 31
0.0
  0
LINE
  5
AF0
330
17
100
AcDbEntity
  8
可见轮廓
100
AcDbLine
 10
41.126640116127255
 20
-265.0
 30
0.0
 11
41.08509252773153
 21
-265.0
 31
0.0
  0
LINE
  5
AF1
330
17
100
AcDbEntity
  8
可见轮廓
100
AcDbLine
 10
41.16748734446959
 20
-265.0
 30
0.0
 11
41.126640116127255
 21
-265.0
 31
0.0
  0
LINE
  5
AF2
330
17
100
AcDbEntity
  8
可见轮廓
100
AcDbLine
 10
41.20760882065096
 20
-265.0
 30
0.0
 11
41.16748734446959
 21
-265.0
 31
0.0
  0
LINE
  5
AF3
330
17
100
AcDbEntity
  8
可见轮廓
100
AcDbLine
 10
41.24697960371748
 20
-265.0
 30
0.0
 11
41.20760882065096
 21
-265.0
 31
0.0
  0
LINE
  5
AF4
330
17
100
AcDbEntity
  8
可见轮廓
100
AcDbLine
 10
41.28557521937309
 20
-265.0
 30
0.0
 11
41.24697960371748
 21
-265.0
 31
0.0
  0
LINE
  5
AF5
330
17
100
AcDbEntity
  8
可见轮廓
100
AcDbLine
 10
41.32337167519373
 20
-265.0
 30
0.0
 11
41.28557521937309
 21
-265.0
 31
0.0
  0
LINE
  5
AF6
330
17
100
AcDbEntity
  8
可见轮廓
100
AcDbLine
 10
41.36034547554185
 20
-265.0
 30
0.0
 11
41.32337167519373
 21
-265.0
 31
0.0
  0
LINE
  5
AF7
330
17
100
AcDbEntity
  8
可见轮廓
100
AcDbLine
 10
41.39647363617216
 20
-265.0
 30
0.0
 11
41.36034547554185
 21
-265.0
 31
0.0
  0
LINE
  5
AF8
330
17
100
AcDbEntity
  8
可见轮廓
100
AcDbLine
 10
41.43173369851945
 20
-265.0
 30
0.0
 11
41.39647363617216
 21
-265.0
 31
0.0
  0
LINE
  5
AF9
330
17
100
AcDbEntity
  8
可见轮廓
100
AcDbLine
 10
41.46610374365966
 20
-265.0
 30
0.0
 11
41.43173369851945
 21
-265.0
 31
0.0
  0
LINE
  5
AFA
330
17
100
AcDbEntity
  8
可见轮廓
100
AcDbLine
 10
41.49956240593548
 20
-265.0
 30
0.0
 11
41.46610374365966
 21
-265.0
 31
0.0
  0
LINE
  5
AFB
330
17
100
AcDbEntity
  8
可见轮廓
100
AcDbLine
 10
41.53208888623797
 20
-265.0
 30
0.0
 11
41.49956240593548
 21
-265.0
 31
0.0
  0
LINE
  5
AFC
330
17
100
AcDbEntity
  8
可见轮廓
100
AcDbLine
 10
41.56366296493607
 20
-265.0
 30
0.0
 11
41.53208888623797
 21
-265.0
 31
0.0
  0
LINE
  5
AFD
330
17
100
AcDbEntity
  8
可见轮廓
100
AcDbLine
 10
41.59426501444585
 20
-265.0
 30
0.0
 11
41.56366296493607
 21
-265.0
 31
0.0
  0
LINE
  5
AFE
330
17
100
AcDbEntity
  8
可见轮廓
100
AcDbLine
 10
41.62387601143172
 20
-265.0
 30
0.0
 11
41.59426501444585
 21
-265.0
 31
0.0
  0
LINE
  5
AFF
330
17
100
AcDbEntity
  8
可见轮廓
100
AcDbLine
 10
41.652477548632
 20
-265.0
 30
0.0
 11
41.62387601143172
 21
-265.0
 31
0.0
  0
LINE
  5
B00
330
17
100
AcDbEntity
  8
可见轮廓
100
AcDbLine
 10
41.68005184630155
 20
-265.0
 30
0.0
 11
41.652477548632
 21
-265.0
 31
0.0
  0
LINE
  5
B01
330
17
100
AcDbEntity
  8
可见轮廓
100
AcDbLine
 10
41.706581763264325
 20
-265.0
 30
0.0
 11
41.68005184630155
 21
-265.0
 31
0.0
  0
LINE
  5
B02
330
17
100
AcDbEntity
  8
可见轮廓
100
AcDbLine
 10
41.73205080756889
 20
-265.0
 30
0.0
 11
41.706581763264325
 21
-265.0
 31
0.0
  0
LINE
  5
B03
330
17
100
AcDbEntity
  8
可见轮廓
100
AcDbLine
 10
41.756443146740466
 20
-265.0
 30
0.0
 11
41.73205080756889
 21
-265.0
 31
0.0
  0
LINE
  5
B04
330
17
100
AcDbEntity
  8
可见轮廓
100
AcDbLine
 10
41.77974361762295
 20
-265.0
 30
0.0
 11
41.756443146740466
 21
-265.0
 31
0.0
  0
LINE
  5
B05
330
17
100
AcDbEntity
  8
可见轮廓
100
AcDbLine
 10
41.80193773580485
 20
-265.0
 30
0.0
 11
41.77974361762295
 21
-265.0
 31
0.0
  0
LINE
  5
B06
330
17
100
AcDbEntity
  8
可见轮廓
100
AcDbLine
 10
41.823011704623354
 20
-265.0
 30
0.0
 11
41.80193773580485
 21
-265.0
 31
0.0
  0
LINE
  5
B07
330
17
100
AcDbEntity
  8
可见轮廓
100
AcDbLine
 10
41.842952423740826
 20
-265.0
 30
0.0
 11
41.823011704623354
 21
-265.0
 31
0.0
  0
LINE
  5
B08
330
17
100
AcDbEntity
  8
可见轮廓
100
AcDbLine
 10
41.86174749728842
 20
-265.0
 30
0.0
 11
41.842952423740826
 21
-265.0
 31
0.0
  0
LINE
  5
B09
330
17
100
AcDbEntity
  8
可见轮廓
100
AcDbLine
 10
41.879385241571825
 20
-265.0
 30
0.0
 11
41.86174749728842
 21
-265.0
 31
0.0
  0
LINE
  5
B0A
330
17
100
AcDbEntity
  8
可见轮廓
100
AcDbLine
 10
41.89585469233427
 20
-265.0
 30
0.0
 11
41.879385241571825
 21
-265.0
 31
0.0
  0
LINE
  5
B0B
330
17
100
AcDbEntity
  8
可见轮廓
100
AcDbLine
 10
41.911145611572294
 20
-265.0
 30
0.0
 11
41.89585469233427
 21
-265.0
 31
0.0
  0
LINE
  5
B0C
330
17
100
AcDbEntity
  8
可见轮廓
100
AcDbLine
 10
41.92524849390003
 20
-265.0
 30
0.0
 11
41.911145611572294
 21
-265.0
 31
0.0
  0
LINE
  5
B0D
330
17
100
AcDbEntity
  8
可见轮廓
100
AcDbLine
 10
41.93815457245816
 20
-265.0
 30
0.0
 11
41.92524849390003
 21
-265.0
 31
0.0
  0
LINE
  5
B0E
330
17
100
AcDbEntity
  8
可见轮廓
100
AcDbLine
 10
41.94985582436365
 20
-265.0
 30
0.0
 11
41.93815457245816
 21
-265.0
 31
0.0
  0
LINE
  5
B0F
330
17
100
AcDbEntity
  8
可见轮廓
100
AcDbLine
 10
41.9603449756971
 20
-265.0
 30
0.0
 11
41.94985582436365
 21
-265.0
 31
0.0
  0
LINE
  5
B10
330
17
100
AcDbEntity
  8
可见轮廓
100
AcDbLine
 10
41.969615506024425
 20
-265.0
 30
0.0
 11
41.9603449756971
 21
-265.0
 31
0.0
  0
LINE
  5
B11
330
17
100
AcDbEntity
  8
可见轮廓
100
AcDbLine
 10
41.977661652450266
 20
-265.0
 30
0.0
 11
41.969615506024425
 21
-265.0
 31
0.0
  0
LINE
  5
B12
330
17
100
AcDbEntity
  8
可见轮廓
100
AcDbLine
 10
41.98447841320035
 20
-265.0
 30
0.0
 11
41.977661652450266
 21
-265.0
 31
0.0
  0
LINE
  5
B13
330
17
100
AcDbEntity
  8
可见轮廓
100
AcDbLine
 10
41.990061550730815
 20
-265.0
 30
0.0
 11
41.98447841320035
 21
-265.0
 31
0.0
  0
LINE
  5
B14
330
17
100
AcDbEntity
  8
可见轮廓
100
AcDbLine
 10
41.99440759436237
 20
-265.0
 30
0.0
 11
41.990061550730815
 21
-265.0
 31
0.0
  0
LINE
  5
B15
330
17
100
AcDbEntity
  8
可见轮廓
100
AcDbLine
 10
41.997513842437854
 20
-265.0
 30
0.0
 11
41.99440759436237
 21
-265.0
 31
0.0
  0
LINE
  5
B16
330
17
100
AcDbEntity
  8
可见轮廓
100
AcDbLine
 10
41.99937836400164
 20
-265.0
 30
0.0
 11
41.997513842437854
 21
-265.0
 31
0.0
  0
LINE
  5
B17
330
17
100
AcDbEntity
  8
可见轮廓
100
AcDbLine
 10
42.0
 20
-265.0
 30
0.0
 11
41.99937836400164
 21
-265.0
 31
0.0
  0
LINE
  5
B18
330
17
100
AcDbEntity
  8
可见轮廓
100
AcDbLine
 10
3.999999999999993
 20
-265.0
 30
0.0
 11
40.00000000000001
 21
-265.0
 31
0.0
  0
LINE
  5
B19
330
17
100
AcDbEntity
  8
可见轮廓
100
AcDbLine
 10
2.000621635998357
 20
-265.0
 30
0.0
 11
2.0
 21
-265.0
 31
0.0
  0
LINE
  5
B1A
330
17
100
AcDbEntity
  8
可见轮廓
100
AcDbLine
 10
2.0024861575621458
 20
-265.0
 30
0.0
 11
2.000621635998357
 21
-265.0
 31
0.0
  0
LINE
  5
B1B
330
17
100
AcDbEntity
  8
可见轮廓
100
AcDbLine
 10
2.0055924056376284
 20
-265.0
 30
0.0
 11
2.0024861575621458
 21
-265.0
 31
0.0
  0
LINE
  5
B1C
330
17
100
AcDbEntity
  8
可见轮廓
100
AcDbLine
 10
2.0099384492691854
 20
-265.0
 30
0.0
 11
2.0055924056376284
 21
-265.0
 31
0.0
  0
LINE
  5
B1D
330
17
100
AcDbEntity
  8
可见轮廓
100
AcDbLine
 10
2.0155215867996468
 20
-265.0
 30
0.0
 11
2.0099384492691854
 21
-265.0
 31
0.0
  0
LINE
  5
B1E
330
17
100
AcDbEntity
  8
可见轮廓
100
AcDbLine
 10
2.0223383475497307
 20
-265.0
 30
0.0
 11
2.0155215867996468
 21
-265.0
 31
0.0
  0
LINE
  5
B1F
330
17
100
AcDbEntity
  8
可见轮廓
100
AcDbLine
 10
2.030384493975575
 20
-265.0
 30
0.0
 11
2.0223383475497307
 21
-265.0
 31
0.0
  0
LINE
  5
B20
330
17
100
AcDbEntity
  8
可见轮廓
100
AcDbLine
 10
2.0396550243029026
 20
-265.0
 30
0.0
 11
2.030384493975575
 21
-265.0
 31
0.0
  0
LINE
  5
B21
330
17
100
AcDbEntity
  8
可见轮廓
100
AcDbLine
 10
2.0501441756363405
 20
-265.0
 30
0.0
 11
2.0396550243029026
 21
-265.0
 31
0.0
  0
LINE
  5
B22
330
17
100
AcDbEntity
  8
可见轮廓
100
AcDbLine
 10
2.061845427541833
 20
-265.0
 30
0.0
 11
2.0501441756363405
 21
-265.0
 31
0.0
  0
LINE
  5
B23
330
17
100
AcDbEntity
  8
可见轮廓
100
AcDbLine
 10
2.0747515060999646
 20
-265.0
 30
0.0
 11
2.061845427541833
 21
-265.0
 31
0.0
  0
LINE
  5
B24
330
17
100
AcDbEntity
  8
可见轮廓
100
AcDbLine
 10
2.0888543884277055
 20
-265.0
 30
0.0
 11
2.0747515060999646
 21
-265.0
 31
0.0
  0
LINE
  5
B25
330
17
100
AcDbEntity
  8
可见轮廓
100
AcDbLine
 10
2.104145307665725
 20
-265.0
 30
0.0
 11
2.0888543884277055
 21
-265.0
 31
0.0
  0
LINE
  5
B26
330
17
100
AcDbEntity
  8
可见轮廓
100
AcDbLine
 10
2.1206147584281716
 20
-265.0
 30
0.0
 11
2.104145307665725
 21
-265.0
 31
0.0
  0
LINE
  5
B27
330
17
100
AcDbEntity
  8
可见轮廓
100
AcDbLine
 10
2.1382525027115804
 20
-265.0
 30
0.0
 11
2.1206147584281716
 21
-265.0
 31
0.0
  0
LINE
  5
B28
330
17
100
AcDbEntity
  8
可见轮廓
100
AcDbLine
 10
2.157047576259174
 20
-265.0
 30
0.0
 11
2.1382525027115804
 21
-265.0
 31
0.0
  0
LINE
  5
B29
330
17
100
AcDbEntity
  8
可见轮廓
100
AcDbLine
 10
2.176988295376642
 20
-265.0
 30
0.0
 11
2.157047576259174
 21
-265.0
 31
0.0
  0
LINE
  5
B2A
330
17
100
AcDbEntity
  8
可见轮廓
100
AcDbLine
 10
2.1980622641951477
 20
-265.0
 30
0.0
 11
2.176988295376642
 21
-265.0
 31
0.0
  0
LINE
  5
B2B
330
17
100
AcDbEntity
  8
可见轮廓
100
AcDbLine
 10
2.220256382377052
 20
-265.0
 30
0.0
 11
2.1980622641951477
 21
-265.0
 31
0.0
  0
LINE
  5
B2C
330
17
100
AcDbEntity
  8
可见轮廓
100
AcDbLine
 10
2.2435568532595305
 20
-265.0
 30
0.0
 11
2.220256382377052
 21
-265.0
 31
0.0
  0
LINE
  5
B2D
330
17
100
AcDbEntity
  8
可见轮廓
100
AcDbLine
 10
2.267949192431111
 20
-265.0
 30
0.0
 11
2.2435568532595305
 21
-265.0
 31
0.0
  0
LINE
  5
B2E
330
17
100
AcDbEntity
  8
可见轮廓
100
AcDbLine
 10
2.2934182367356755
 20
-265.0
 30
0.0
 11
2.267949192431111
 21
-265.0
 31
0.0
  0
LINE
  5
B2F
330
17
100
AcDbEntity
  8
可见轮廓
100
AcDbLine
 10
2.3199481536984443
 20
-265.0
 30
0.0
 11
2.2934182367356755
 21
-265.0
 31
0.0
  0
LINE
  5
B30
330
17
100
AcDbEntity
  8
可见轮廓
100
AcDbLine
 10
2.347522451367997
 20
-265.0
 30
0.0
 11
2.3199481536984443
 21
-265.0
 31
0.0
  0
LINE
  5
B31
330
17
100
AcDbEntity
  8
可见轮廓
100
AcDbLine
 10
2.376123988568274
 20
-265.0
 30
0.0
 11
2.347522451367997
 21
-265.0
 31
0.0
  0
LINE
  5
B32
330
17
100
AcDbEntity
  8
可见轮廓
100
AcDbLine
 10
2.4057349855541403
 20
-265.0
 30
0.0
 11
2.376123988568274
 21
-265.0
 31
0.0
  0
LINE
  5
B33
330
17
100
AcDbEntity
  8
可见轮廓
100
AcDbLine
 10
2.4363370350639286
 20
-265.0
 30
0.0
 11
2.4057349855541403
 21
-265.0
 31
0.0
  0
LINE
  5
B34
330
17
100
AcDbEntity
  8
可见轮廓
100
AcDbLine
 10
2.4679111137620318
 20
-265.0
 30
0.0
 11
2.4363370350639286
 21
-265.0
 31
0.0
  0
LINE
  5
B35
330
17
100
AcDbEntity
  8
可见轮廓
100
AcDbLine
 10
2.5004375940645183
 20
-265.0
 30
0.0
 11
2.4679111137620318
 21
-265.0
 31
0.0
  0
LINE
  5
B36
330
17
100
AcDbEntity
  8
可见轮廓
100
AcDbLine
 10
2.533896256340334
 20
-265.0
 30
0.0
 11
2.5004375940645183
 21
-265.0
 31
0.0
  0
LINE
  5
B37
330
17
100
AcDbEntity
  8
可见轮廓
100
AcDbLine
 10
2.5682663014805485
 20
-265.0
 30
0.0
 11
2.533896256340334
 21
-265.0
 31
0.0
  0
LINE
  5
B38
330
17
100
AcDbEntity
  8
可见轮廓
100
AcDbLine
 10
2.603526363827843
 20
-265.0
 30
0.0
 11
2.5682663014805485
 21
-265.0
 31
0.0
  0
LINE
  5
B39
330
17
100
AcDbEntity
  8
可见轮廓
100
AcDbLine
 10
2.639654524458148
 20
-265.0
 30
0.0
 11
2.603526363827843
 21
-265.0
 31
0.0
  0
LINE
  5
B3A
330
17
100
AcDbEntity
  8
可见轮廓
100
AcDbLine
 10
2.67662832480627
 20
-265.0
 30
0.0
 11
2.639654524458148
 21
-265.0
 31
0.0
  0
LINE
  5
B3B
330
17
100
AcDbEntity
  8
可见轮廓
100
AcDbLine
 10
2.71442478062691
 20
-265.0
 30
0.0
 11
2.67662832480627
 21
-265.0
 31
0.0
  0
LINE
  5
B3C
330
17
100
AcDbEntity
  8
可见轮廓
100
AcDbLine
 10
2.753020396282519
 20
-265.0
 30
0.0
 11
2.71442478062691
 21
-265.0
 31
0.0
  0
LINE
  5
B3D
330
17
100
AcDbEntity
  8
可见轮廓
100
AcDbLine
 10
2.792391179349032
 20
-265.0
 30
0.0
 11
2.753020396282519
 21
-265.0
 31
0.0
  0
LINE
  5
B3E
330
17
100
AcDbEntity
  8
可见轮廓
100
AcDbLine
 10
2.832512655530408
 20
-265.0
 30
0.0
 11
2.792391179349032
 21
-265.0
 31
0.0
  0
LINE
  5
B3F
330
17
100
AcDbEntity
  8
可见轮廓
100
AcDbLine
 10
2.8733598838727445
 20
-265.0
 30
0.0
 11
2.832512655530408
 21
-265.0
 31
0.0
  0
LINE
  5
B40
330
17
100
AcDbEntity
  8
可见轮廓
100
AcDbLine
 10
2.9149074722684674
 20
-265.0
 30
0.0
 11
2.8733598838727445
 21
-265.0
 31
0.0
  0
LINE
  5
B41
330
17
100
AcDbEntity
  8
可见轮廓
100
AcDbLine
 10
2.9571295932409924
 20
-265.0
 30
0.0
 11
2.9149074722684674
 21
-265.0
 31
0.0
  0
LINE
  5
B42
330
17
100
AcDbEntity
  8
可见轮廓
100
AcDbLine
 10
2.9999999999999893
 20
-265.0
 30
0.0
 11
2.9571295932409924
 21
-265.0
 31
0.0
  0
LINE
  5
B43
330
17
100
AcDbEntity
  8
可见轮廓
100
AcDbLine
 10
3.04349204275735
 20
-265.0
 30
0.0
 11
2.9999999999999893
 21
-265.0
 31
0.0
  0
LINE
  5
B44
330
17
100
AcDbEntity
  8
可见轮廓
100
AcDbLine
 10
3.087578685293664
 20
-265.0
 30
0.0
 11
3.04349204275735
 21
-265.0
 31
0.0
  0
LINE
  5
B45
330
17
100
AcDbEntity
  8
可见轮廓
100
AcDbLine
 10
3.132232521764873
 20
-265.0
 30
0.0
 11
3.087578685293664
 21
-265.0
 31
0.0
  0
LINE
  5
B46
330
17
100
AcDbEntity
  8
可见轮廓
100
AcDbLine
 10
3.1774257937387667
 20
-265.0
 30
0.0
 11
3.132232521764873
 21
-265.0
 31
0.0
  0
LINE
  5
B47
330
17
100
AcDbEntity
  8
可见轮廓
100
AcDbLine
 10
3.2231304074506006
 20
-265.0
 30
0.0
 11
3.1774257937387667
 21
-265.0
 31
0.0
  0
LINE
  5
B48
330
17
100
AcDbEntity
  8
可见轮廓
100
AcDbLine
 10
3.2693179512671975
 20
-265.0
 30
0.0
 11
3.2231304074506006
 21
-265.0
 31
0.0
  0
LINE
  5
B49
330
17
100
AcDbEntity
  8
可见轮廓
100
AcDbLine
 10
3.3159597133486507
 20
-265.0
 30
0.0
 11
3.2693179512671975
 21
-265.0
 31
0.0
  0
LINE
  5
B4A
330
17
100
AcDbEntity
  8
可见轮廓
100
AcDbLine
 10
3.363026699496622
 20
-265.0
 30
0.0
 11
3.3159597133486507
 21
-265.0
 31
0.0
  0
LINE
  5
B4B
330
17
100
AcDbEntity
  8
可见轮廓
100
AcDbLine
 10
3.4104896511781817
 20
-265.0
 30
0.0
 11
3.363026699496622
 21
-265.0
 31
0.0
  0
LINE
  5
B4C
330
17
100
AcDbEntity
  8
可见轮廓
100
AcDbLine
 10
3.4583190637139793
 20
-265.0
 30
0.0
 11
3.4104896511781817
 21
-265.0
 31
0.0
  0
LINE
  5
B4D
330
17
100
AcDbEntity
  8
可见轮廓
100
AcDbLine
 10
3.506485204619402
 20
-265.0
 30
0.0
 11
3.4583190637139793
 21
-265.0
 31
0.0
  0
LINE
  5
B4E
330
17
100
AcDbEntity
  8
可见轮廓
100
AcDbLine
 10
3.5549581320873607
 20
-265.0
 30
0.0
 11
3.506485204619402
 21
-265.0
 31
0.0
  0
LINE
  5
B4F
330
17
100
AcDbEntity
  8
可见轮廓
100
AcDbLine
 10
3.603707713601196
 20
-265.0
 30
0.0
 11
3.5549581320873607
 21
-265.0
 31
0.0
  0
LINE
  5
B50
330
17
100
AcDbEntity
  8
可见轮廓
100
AcDbLine
 10
3.652703644666129
 20
-265.0
 30
0.0
 11
3.603707713601196
 21
-265.0
 31
0.0
  0
LINE
  5
B51
330
17
100
AcDbEntity
  8
可见轮廓
100
AcDbLine
 10
3.701915467647641
 20
-265.0
 30
0.0
 11
3.652703644666129
 21
-265.0
 31
0.0
  0
LINE
  5
B52
330
17
100
AcDbEntity
  8
可见轮廓
100
AcDbLine
 10
3.7513125907050195
 20
-265.0
 30
0.0
 11
3.701915467647641
 21
-265.0
 31
0.0
  0
LINE
  5
B53
330
17
100
AcDbEntity
  8
可见轮廓
100
AcDbLine
 10
3.800864306808357
 20
-265.0
 30
0.0
 11
3.7513125907050195
 21
-265.0
 31
0.0
  0
LINE
  5
B54
330
17
100
AcDbEntity
  8
可见轮廓
100
AcDbLine
 10
3.8505398128271437
 20
-265.0
 30
0.0
 11
3.800864306808357
 21
-265.0
 31
0.0
  0
LINE
  5
B55
330
17
100
AcDbEntity
  8
可见轮廓
100
AcDbLine
 10
3.900308228678597
 20
-265.0
 30
0.0
 11
3.8505398128271437
 21
-265.0
 31
0.0
  0
LINE
  5
B56
330
17
100
AcDbEntity
  8
可见轮廓
100
AcDbLine
 10
3.950138616523848
 20
-265.0
 30
0.0
 11
3.900308228678597
 21
-265.0
 31
0.0
  0
LINE
  5
B57
330
17
100
AcDbEntity
  8
可见轮廓
100
AcDbLine
 10
3.999999999999993
 20
-265.0
 30
0.0
 11
3.950138616523848
 21
-265.0
 31
0.0
  0
HATCH
  5
B58
330
17
100
AcDbEntity
  8
剖面线
 62
7
100
AcDbHatch
 10
0.0
 20
0.0
 30
0.0
210
0.0
220
0.0
230
1.0
  2
ANSI31
 70
0
 71
0
 91
1
 92
3
 72
0
 73
1
 93
4
 10
3.6875595251593296
 20
-265.0
 10
1.9999999999999858
 20
-265.0
 10
2.0
 20
-262.0
 10
3.6875595251593296
 20
-262.0
 97
0
 75
0
 76
1
 52
0.0
 41
2.0
 77
0
 78
1
 53
45.0
 43
0.0
 44
0.0
 45
-4.4901280606
 46
4.4901280606
 79
0
 98
0
  0
HATCH
  5
B59
330
17
100
AcDbEntity
  8
剖面线
 62
7
100
AcDbHatch
 10
0.0
 20
0.0
 30
0.0
210
0.0
220
0.0
230
1.0
  2
ANSI31
 70
0
 71
0
 91
1
 92
3
 72
0
 73
1
 93
4
 10
40.312440474840656
 20
-262.0
 10
42.0
 20
-262.0
 10
42.0
 20
-265.0
 10
40.312440474840656
 20
-265.0
 97
0
 75
0
 76
1
 52
0.0
 41
2.0
 77
0
 78
1
 53
45.0
 43
0.0
 44
0.0
 45
-4.4901280606
 46
4.4901280606
 79
0
 98
0
  0
HATCH
  5
B5A
330
17
100
AcDbEntity
  8
剖面线
 62
7
100
AcDbHatch
 10
0.0
 20
0.0
 30
0.0
210
0.0
220
0.0
230
1.0
  2
ANSI31
 70
0
 71
0
 91
1
 92
3
 72
0
 73
1
 93
8
 10
6.31244047484067
 20
-262.0
 10
10.0
 20
-262.0
 10
9.999999999999995
 20
-245.0
 10
34.0
 20
-245.0
 10
34.0
 20
-262.0
 10
37.68755952515933
 20
-262.0
 10
37.68755952515933
 20
-265.0
 10
6.31244047484067
 20
-265.0
 97
0
 75
0
 76
1
 52
0.0
 41
2.0
 77
0
 78
1
 53
45.0
 43
0.0
 44
0.0
 45
-4.4901280606
 46
4.4901280606
 79
0
 98
0
  0
TEXT
  5
B5B
330
17
100
AcDbEntity
  8
标注
100
AcDbText
 10
22.0
 20
-283.0
 30
0.0
 40
6.0
  1
C—C  横剖 z=-20.50（穿 r2.0 孔轴）
  7
中文字体
 72
1
 11
22.0
 21
-283.0
 31
0.0
100
AcDbText
 73
2
  0
LINE
  5
B5C
330
17
100
AcDbEntity
  8
剖切线
100
AcDbLine
 10
-6.0
 20
4.000000000000007
 30
0.0
 11
2.0
 21
4.000000000000007
 31
0.0
  0
LINE
  5
B5D
330
17
100
AcDbEntity
  8
剖切线
100
AcDbLine
 10
42.0
 20
4.000000000000007
 30
0.0
 11
50.0
 21
4.000000000000007
 31
0.0
  0
LINE
  5
B5E
330
17
100
AcDbEntity
  8
剖切线
100
AcDbLine
 10
-6.0
 20
4.000000000000007
 30
0.0
 11
-2.0
 21
-1.999999999999993
 31
0.0
  0
TEXT
  5
B5F
330
17
100
AcDbEntity
  8
标注
100
AcDbText
 10
-4.0
 20
7.000000000000007
 30
0.0
 40
5.0
  1
C—C
  7
中文字体
 11
-4.0
 21
7.000000000000007
 31
0.0
100
AcDbText
  0
LINE
  5
B60
330
17
100
AcDbEntity
  8
剖切线
100
AcDbLine
 10
50.0
 20
4.000000000000007
 30
0.0
 11
46.0
 21
-1.999999999999993
 31
0.0
  0
TEXT
  5
B61
330
17
100
AcDbEntity
  8
标注
100
AcDbText
 10
48.0
 20
7.000000000000007
 30
0.0
 40
5.0
  1
C—C
  7
中文字体
 11
48.0
 21
7.000000000000007
 31
0.0
100
AcDbText
  0
ENDSEC
  0
SECTION
  2
OBJECTS
  0
DICTIONARY
  5
A
330
0
100
AcDbDictionary
281
1
  3
ACAD_COLOR
350
B
  3
ACAD_GROUP
350
C
  3
ACAD_LAYOUT
350
D
  3
ACAD_MATERIAL
350
E
  3
ACAD_MLEADERSTYLE
350
F
  3
ACAD_MLINESTYLE
350
10
  3
ACAD_PLOTSETTINGS
350
11
  3
ACAD_PLOTSTYLENAME
350
12
  3
ACAD_SCALELIST
350
14
  3
ACAD_TABLESTYLE
350
15
  3
ACAD_VISUALSTYLE
350
16
  3
EZDXF_META
350
2D
  0
DICTIONARY
  5
B
330
A
100
AcDbDictionary
281
1
  0
DICTIONARY
  5
C
330
A
100
AcDbDictionary
281
1
  0
DICTIONARY
  5
D
330
A
100
AcDbDictionary
281
1
  3
Model
350
1A
  3
Layout1
350
1E
  0
DICTIONARY
  5
E
330
A
100
AcDbDictionary
281
1
  3
ByBlock
350
1F
  3
ByLayer
350
20
  3
Global
350
21
  0
DICTIONARY
  5
F
330
A
100
AcDbDictionary
281
1
  3
Standard
350
2C
  0
DICTIONARY
  5
10
330
A
100
AcDbDictionary
281
1
  3
Standard
350
22
  0
DICTIONARY
  5
11
330
A
100
AcDbDictionary
281
1
  0
ACDBDICTIONARYWDFLT
  5
12
330
A
100
AcDbDictionary
281
1
  3
Normal
350
13
100
AcDbDictionaryWithDefault
340
13
  0
ACDBPLACEHOLDER
  5
13
330
12
  0
DICTIONARY
  5
14
330
A
100
AcDbDictionary
281
1
  0
DICTIONARY
  5
15
330
A
100
AcDbDictionary
281
1
  0
DICTIONARY
  5
16
330
A
100
AcDbDictionary
281
1
  0
LAYOUT
  5
1A
330
D
100
AcDbPlotSettings
  1

  4
A3
  6

 40
7.5
 41
20.0
 42
7.5
 43
20.0
 44
420.0
 45
297.0
 46
0.0
 47
0.0
 48
0.0
 49
0.0
140
0.0
141
0.0
142
1.0
143
1.0
 70
1024
 72
1
 73
0
 74
5
  7

 75
16
 76
0
 77
2
 78
300
147
1.0
148
0.0
149
0.0
100
AcDbLayout
  1
Model
 70
1
 71
0
 10
0.0
 20
0.0
 11
420.0
 21
297.0
 12
0.0
 22
0.0
 32
0.0
 14
1e+20
 24
1e+20
 34
1e+20
 15
-1e+20
 25
-1e+20
 35
-1e+20
146
0.0
 13
0.0
 23
0.0
 33
0.0
 16
1.0
 26
0.0
 36
0.0
 17
0.0
 27
1.0
 37
0.0
 76
1
330
17
  0
LAYOUT
  5
1E
330
D
100
AcDbPlotSettings
  1

  4
A3
  6

 40
7.5
 41
20.0
 42
7.5
 43
20.0
 44
420.0
 45
297.0
 46
0.0
 47
0.0
 48
0.0
 49
0.0
140
0.0
141
0.0
142
1.0
143
1.0
 70
0
 72
1
 73
0
 74
5
  7

 75
16
 76
0
 77
2
 78
300
147
1.0
148
0.0
149
0.0
100
AcDbLayout
  1
Layout1
 70
1
 71
1
 10
0.0
 20
0.0
 11
420.0
 21
297.0
 12
0.0
 22
0.0
 32
0.0
 14
1e+20
 24
1e+20
 34
1e+20
 15
-1e+20
 25
-1e+20
 35
-1e+20
146
0.0
 13
0.0
 23
0.0
 33
0.0
 16
1.0
 26
0.0
 36
0.0
 17
0.0
 27
1.0
 37
0.0
 76
1
330
1B
  0
MATERIAL
  5
1F
102
{ACAD_REACTORS
330
E
102
}
330
E
100
AcDbMaterial
  1
ByBlock
  2

 70
0
 40
1.0
 71
1
 41
1.0
 91
-1023410177
 42
1.0
 72
1
  3

 73
1
 74
1
 75
1
 44
0.5
 73
0
 45
1.0
 46
1.0
 77
1
  4

 78
1
 79
1
170
1
 48
1.0
171
1
  6

172
1
173
1
174
1
140
1.0
141
1.0
175
1
  7

176
1
177
1
178
1
143
1.0
179
1
  8

270
1
271
1
272
1
145
1.0
146
1.0
273
1
  9

274
1
275
1
276
1
 42
1.0
 72
1
  3

 73
1
 74
1
 75
1
 94
63
  0
MATERIAL
  5
20
102
{ACAD_REACTORS
330
E
102
}
330
E
100
AcDbMaterial
  1
ByLayer
  2

 70
0
 40
1.0
 71
1
 41
1.0
 91
-1023410177
 42
1.0
 72
1
  3

 73
1
 74
1
 75
1
 44
0.5
 73
0
 45
1.0
 46
1.0
 77
1
  4

 78
1
 79
1
170
1
 48
1.0
171
1
  6

172
1
173
1
174
1
140
1.0
141
1.0
175
1
  7

176
1
177
1
178
1
143
1.0
179
1
  8

270
1
271
1
272
1
145
1.0
146
1.0
273
1
  9

274
1
275
1
276
1
 42
1.0
 72
1
  3

 73
1
 74
1
 75
1
 94
63
  0
MATERIAL
  5
21
102
{ACAD_REACTORS
330
E
102
}
330
E
100
AcDbMaterial
  1
Global
  2

 70
0
 40
1.0
 71
1
 41
1.0
 91
-1023410177
 42
1.0
 72
1
  3

 73
1
 74
1
 75
1
 44
0.5
 73
0
 45
1.0
 46
1.0
 77
1
  4

 78
1
 79
1
170
1
 48
1.0
171
1
  6

172
1
173
1
174
1
140
1.0
141
1.0
175
1
  7

176
1
177
1
178
1
143
1.0
179
1
  8

270
1
271
1
272
1
145
1.0
146
1.0
273
1
  9

274
1
275
1
276
1
 42
1.0
 72
1
  3

 73
1
 74
1
 75
1
 94
63
  0
MLINESTYLE
  5
22
102
{ACAD_REACTORS
330
10
102
}
330
10
100
AcDbMlineStyle
  2
Standard
 70
0
  3

 62
256
 51
90.0
 52
90.0
 71
2
 49
0.5
 62
256
  6
BYLAYER
 49
-0.5
 62
256
  6
BYLAYER
  0
MLEADERSTYLE
  5
2C
102
{ACAD_REACTORS
330
F
102
}
330
F
100
AcDbMLeaderStyle
179
2
170
2
171
1
172
0
 90
2
 40
0.0
 41
0.0
173
1
 91
-1056964608
 92
-2
290
1
 42
2.0
291
1
 43
8.0
  3
Standard
 44
4.0
300

342
29
174
1
175
1
176
0
178
1
 93
-1056964608
 45
4.0
292
0
297
0
 46
4.0
 94
-1056964608
 47
1.0
 49
1.0
140
1.0
294
1
141
0.0
177
0
142
1.0
295
0
296
0
143
3.75
271
0
272
9
273
9
  0
DICTIONARY
  5
2D
330
A
100
AcDbDictionary
280
1
281
1
  3
CREATED_BY_EZDXF
350
2E
  3
WRITTEN_BY_EZDXF
350
B64
  0
DICTIONARYVAR
  5
2E
330
2D
100
DictionaryVariables
280
0
  1
1.4.2 @ 2026-10-01T11:29:19.984595+00:00
  0
DICTIONARYVAR
  5
B64
330
2D
100
DictionaryVariables
280
0
  1
1.4.2 @ 2026-10-01T11:29:20.041329+00:00
  0
ENDSEC
  0
EOF
