  0
SECTION
  2
HEADER
  9
$ACADVER
  1
AC1027
  9
$ACADMAINTVER
 70
105
  9
$DWGCODEPAGE
  3
ANSI_1252
  9
$LASTSAVEDBY
  1
ezdxf
  9
$REQUIREDVERSIONS
160
0
  9
$INSBASE
 10
0.0
 20
0.0
 30
0.0
  9
$EXTMIN
 10
1e+20
 20
1e+20
 30
1e+20
  9
$EXTMAX
 10
-1e+20
 20
-1e+20
 30
-1e+20
  9
$LIMMIN
 10
0.0
 20
0.0
  9
$LIMMAX
 10
420.0
 20
297.0
  9
$ORTHOMODE
 70
0
  9
$REGENMODE
 70
1
  9
$FILLMODE
 70
1
  9
$QTEXTMODE
 70
0
  9
$MIRRTEXT
 70
1
  9
$LTSCALE
 40
1.0
  9
$ATTMODE
 70
1
  9
$TEXTSIZE
 40
2.5
  9
$TRACEWID
 40
1.0
  9
$TEXTSTYLE
  7
Standard
  9
$CLAYER
  8
0
  9
$CELTYPE
  6
ByLayer
  9
$CECOLOR
 62
256
  9
$CELTSCALE
 40
1.0
  9
$DISPSILH
 70
0
  9
$DIMSCALE
 40
1.0
  9
$DIMASZ
 40
2.5
  9
$DIMEXO
 40
0.625
  9
$DIMDLI
 40
3.75
  9
$DIMRND
 40
0.0
  9
$DIMDLE
 40
0.0
  9
$DIMEXE
 40
1.25
  9
$DIMTP
 40
0.0
  9
$DIMTM
 40
0.0
  9
$DIMTXT
 40
2.5
  9
$DIMCEN
 40
2.5
  9
$DIMTSZ
 40
0.0
  9
$DIMTOL
 70
0
  9
$DIMLIM
 70
0
  9
$DIMTIH
 70
0
  9
$DIMTOH
 70
0
  9
$DIMSE1
 70
0
  9
$DIMSE2
 70
0
  9
$DIMTAD
 70
1
  9
$DIMZIN
 70
8
  9
$DIMBLK
  1

  9
$DIMASO
 70
1
  9
$DIMSHO
 70
1
  9
$DIMPOST
  1

  9
$DIMAPOST
  1

  9
$DIMALT
 70
0
  9
$DIMALTD
 70
3
  9
$DIMALTF
 40
0.03937007874
  9
$DIMLFAC
 40
1.0
  9
$DIMTOFL
 70
1
  9
$DIMTVP
 40
0.0
  9
$DIMTIX
 70
0
  9
$DIMSOXD
 70
0
  9
$DIMSAH
 70
0
  9
$DIMBLK1
  1

  9
$DIMBLK2
  1

  9
$DIMSTYLE
  2
ISO-25
  9
$DIMCLRD
 70
0
  9
$DIMCLRE
 70
0
  9
$DIMCLRT
 70
0
  9
$DIMTFAC
 40
1.0
  9
$DIMGAP
 40
0.625
  9
$DIMJUST
 70
0
  9
$DIMSD1
 70
0
  9
$DIMSD2
 70
0
  9
$DIMTOLJ
 70
0
  9
$DIMTZIN
 70
8
  9
$DIMALTZ
 70
0
  9
$DIMALTTZ
 70
0
  9
$DIMUPT
 70
0
  9
$DIMDEC
 70
2
  9
$DIMTDEC
 70
2
  9
$DIMALTU
 70
2
  9
$DIMALTTD
 70
3
  9
$DIMTXSTY
  7
Standard
  9
$DIMAUNIT
 70
0
  9
$DIMADEC
 70
0
  9
$DIMALTRND
 40
0.0
  9
$DIMAZIN
 70
0
  9
$DIMDSEP
 70
44
  9
$DIMATFIT
 70
3
  9
$DIMFRAC
 70
0
  9
$DIMLDRBLK
  1

  9
$DIMLUNIT
 70
2
  9
$DIMLWD
 70
-2
  9
$DIMLWE
 70
-2
  9
$DIMTMOVE
 70
0
  9
$DIMFXL
 40
1.0
  9
$DIMFXLON
 70
0
  9
$DIMJOGANG
 40
0.785398163397
  9
$DIMTFILL
 70
0
  9
$DIMTFILLCLR
 70
0
  9
$DIMARCSYM
 70
0
  9
$DIMLTYPE
  6

  9
$DIMLTEX1
  6

  9
$DIMLTEX2
  6

  9
$DIMTXTDIRECTION
 70
0
  9
$LUNITS
 70
2
  9
$LUPREC
 70
4
  9
$SKETCHINC
 40
1.0
  9
$FILLETRAD
 40
10.0
  9
$AUNITS
 70
0
  9
$AUPREC
 70
2
  9
$MENU
  1
.
  9
$ELEVATION
 40
0.0
  9
$PELEVATION
 40
0.0
  9
$THICKNESS
 40
0.0
  9
$LIMCHECK
 70
0
  9
$CHAMFERA
 40
0.0
  9
$CHAMFERB
 40
0.0
  9
$CHAMFERC
 40
0.0
  9
$CHAMFERD
 40
0.0
  9
$SKPOLY
 70
0
  9
$TDCREATE
 40
2461269.0305439816
  9
$TDUCREATE
 40
2458532.153996898
  9
$TDUPDATE
 40
2461269.0305439816
  9
$TDUUPDATE
 40
2458532.1544311
  9
$TDINDWG
 40
0.0
  9
$TDUSRTIMER
 40
0.0
  9
$USRTIMER
 70
1
  9
$ANGBASE
 50
0.0
  9
$ANGDIR
 70
0
  9
$PDMODE
 70
0
  9
$PDSIZE
 40
0.0
  9
$PLINEWID
 40
0.0
  9
$SPLFRAME
 70
0
  9
$SPLINETYPE
 70
6
  9
$SPLINESEGS
 70
8
  9
$HANDSEED
  5
A25
  9
$SURFTAB1
 70
6
  9
$SURFTAB2
 70
6
  9
$SURFTYPE
 70
6
  9
$SURFU
 70
6
  9
$SURFV
 70
6
  9
$UCSBASE
  2

  9
$UCSNAME
  2

  9
$UCSORG
 10
0.0
 20
0.0
 30
0.0
  9
$UCSXDIR
 10
1.0
 20
0.0
 30
0.0
  9
$UCSYDIR
 10
0.0
 20
1.0
 30
0.0
  9
$UCSORTHOREF
  2

  9
$UCSORTHOVIEW
 70
0
  9
$UCSORGTOP
 10
0.0
 20
0.0
 30
0.0
  9
$UCSORGBOTTOM
 10
0.0
 20
0.0
 30
0.0
  9
$UCSORGLEFT
 10
0.0
 20
0.0
 30
0.0
  9
$UCSORGRIGHT
 10
0.0
 20
0.0
 30
0.0
  9
$UCSORGFRONT
 10
0.0
 20
0.0
 30
0.0
  9
$UCSORGBACK
 10
0.0
 20
0.0
 30
0.0
  9
$PUCSBASE
  2

  9
$PUCSNAME
  2

  9
$PUCSORG
 10
0.0
 20
0.0
 30
0.0
  9
$PUCSXDIR
 10
1.0
 20
0.0
 30
0.0
  9
$PUCSYDIR
 10
0.0
 20
1.0
 30
0.0
  9
$PUCSORTHOREF
  2

  9
$PUCSORTHOVIEW
 70
0
  9
$PUCSORGTOP
 10
0.0
 20
0.0
 30
0.0
  9
$PUCSORGBOTTOM
 10
0.0
 20
0.0
 30
0.0
  9
$PUCSORGLEFT
 10
0.0
 20
0.0
 30
0.0
  9
$PUCSORGRIGHT
 10
0.0
 20
0.0
 30
0.0
  9
$PUCSORGFRONT
 10
0.0
 20
0.0
 30
0.0
  9
$PUCSORGBACK
 10
0.0
 20
0.0
 30
0.0
  9
$USERI1
 70
0
  9
$USERI2
 70
0
  9
$USERI3
 70
0
  9
$USERI4
 70
0
  9
$USERI5
 70
0
  9
$USERR1
 40
0.0
  9
$USERR2
 40
0.0
  9
$USERR3
 40
0.0
  9
$USERR4
 40
0.0
  9
$USERR5
 40
0.0
  9
$WORLDVIEW
 70
1
  9
$SHADEDGE
 70
3
  9
$SHADEDIF
 70
70
  9
$TILEMODE
 70
1
  9
$MAXACTVP
 70
64
  9
$PINSBASE
 10
0.0
 20
0.0
 30
0.0
  9
$PLIMCHECK
 70
0
  9
$PEXTMIN
 10
1e+20
 20
1e+20
 30
1e+20
  9
$PEXTMAX
 10
-1e+20
 20
-1e+20
 30
-1e+20
  9
$PLIMMIN
 10
0.0
 20
0.0
  9
$PLIMMAX
 10
420.0
 20
297.0
  9
$UNITMODE
 70
0
  9
$VISRETAIN
 70
1
  9
$PLINEGEN
 70
0
  9
$PSLTSCALE
 70
1
  9
$TREEDEPTH
 70
3020
  9
$CMLSTYLE
  2
Standard
  9
$CMLJUST
 70
0
  9
$CMLSCALE
 40
20.0
  9
$PROXYGRAPHICS
 70
1
  9
$MEASUREMENT
 70
1
  9
$CELWEIGHT
370
-1
  9
$ENDCAPS
280
0
  9
$JOINSTYLE
280
0
  9
$LWDISPLAY
290
0
  9
$INSUNITS
 70
4
  9
$HYPERLINKBASE
  1

  9
$STYLESHEET
  1

  9
$XEDIT
290
1
  9
$CEPSNTYPE
380
0
  9
$PSTYLEMODE
290
1
  9
$FINGERPRINTGUID
  2
{89554CC9-123C-49CD-B3C0-ACB444B7AA8D}
  9
$VERSIONGUID
  2
{21811EB6-3ED5-413A-99D0-5CFAA4F5FE91}
  9
$EXTNAMES
290
1
  9
$PSVPSCALE
 40
0.0
  9
$OLESTARTUP
290
0
  9
$SORTENTS
280
127
  9
$INDEXCTL
280
0
  9
$HIDETEXT
280
1
  9
$XCLIPFRAME
280
1
  9
$HALOGAP
280
0
  9
$OBSCOLOR
 70
257
  9
$OBSLTYPE
280
0
  9
$INTERSECTIONDISPLAY
280
0
  9
$INTERSECTIONCOLOR
 70
257
  9
$DIMASSOC
280
2
  9
$PROJECTNAME
  1

  9
$CAMERADISPLAY
290
0
  9
$LENSLENGTH
 40
50.0
  9
$CAMERAHEIGHT
 40
0.0
  9
$STEPSPERSEC
 40
24.0
  9
$STEPSIZE
 40
100.0
  9
$3DDWFPREC
 40
2.0
  9
$PSOLWIDTH
 40
0.005
  9
$PSOLHEIGHT
 40
0.08
  9
$LOFTANG1
 40
1.570796326795
  9
$LOFTANG2
 40
1.570796326795
  9
$LOFTMAG1
 40
0.0
  9
$LOFTMAG2
 40
0.0
  9
$LOFTPARAM
 70
7
  9
$LOFTNORMALS
280
1
  9
$LATITUDE
 40
37.795
  9
$LONGITUDE
 40
-122.394
  9
$NORTHDIRECTION
 40
0.0
  9
$TIMEZONE
 70
-8000
  9
$LIGHTGLYPHDISPLAY
280
1
  9
$TILEMODELIGHTSYNCH
280
1
  9
$CMATERIAL
347
20
  9
$SOLIDHIST
280
0
  9
$SHOWHIST
280
1
  9
$DWFFRAME
280
2
  9
$DGNFRAME
280
2
  9
$REALWORLDSCALE
290
1
  9
$INTERFERECOLOR
 62
256
  9
$CSHADOW
280
0
  9
$SHADOWPLANELOCATION
 40
0.0
  0
ENDSEC
  0
SECTION
  2
CLASSES
  0
CLASS
  1
ACDBDICTIONARYWDFLT
  2
AcDbDictionaryWithDefault
  3
ObjectDBX Classes
 90
0
 91
0
280
0
281
0
  0
CLASS
  1
SUN
  2
AcDbSun
  3
SCENEOE
 90
1153
 91
0
280
0
281
0
  0
CLASS
  1
VISUALSTYLE
  2
AcDbVisualStyle
  3
ObjectDBX Classes
 90
4095
 91
0
280
0
281
0
  0
CLASS
  1
MATERIAL
  2
AcDbMaterial
  3
ObjectDBX Classes
 90
1153
 91
0
280
0
281
0
  0
CLASS
  1
SCALE
  2
AcDbScale
  3
ObjectDBX Classes
 90
1153
 91
0
280
0
281
0
  0
CLASS
  1
TABLESTYLE
  2
AcDbTableStyle
  3
ObjectDBX Classes
 90
4095
 91
0
280
0
281
0
  0
CLASS
  1
MLEADERSTYLE
  2
AcDbMLeaderStyle
  3
ACDB_MLEADERSTYLE_CLASS
 90
4095
 91
0
280
0
281
0
  0
CLASS
  1
DICTIONARYVAR
  2
AcDbDictionaryVar
  3
ObjectDBX Classes
 90
0
 91
0
280
0
281
0
  0
CLASS
  1
CELLSTYLEMAP
  2
AcDbCellStyleMap
  3
ObjectDBX Classes
 90
1152
 91
0
280
0
281
0
  0
CLASS
  1
MENTALRAYRENDERSETTINGS
  2
AcDbMentalRayRenderSettings
  3
SCENEOE
 90
1024
 91
0
280
0
281
0
  0
CLASS
  1
ACDBDETAILVIEWSTYLE
  2
AcDbDetailViewStyle
  3
ObjectDBX Classes
 90
1025
 91
0
280
0
281
0
  0
CLASS
  1
ACDBSECTIONVIEWSTYLE
  2
AcDbSectionViewStyle
  3
ObjectDBX Classes
 90
1025
 91
0
280
0
281
0
  0
CLASS
  1
RASTERVARIABLES
  2
AcDbRasterVariables
  3
ISM
 90
0
 91
0
280
0
281
0
  0
CLASS
  1
ACDBPLACEHOLDER
  2
AcDbPlaceHolder
  3
ObjectDBX Classes
 90
0
 91
0
280
0
281
0
  0
CLASS
  1
LAYOUT
  2
AcDbLayout
  3
ObjectDBX Classes
 90
0
 91
0
280
0
281
0
  0
ENDSEC
  0
SECTION
  2
TABLES
  0
TABLE
  2
VPORT
  5
8
330
0
100
AcDbSymbolTable
 70
1
  0
VPORT
  5
23
330
8
100
AcDbSymbolTableRecord
100
AcDbViewportTableRecord
  2
*Active
 70
0
 10
0.0
 20
0.0
 11
1.0
 21
1.0
 12
0.0
 22
0.0
 13
0.0
 23
0.0
 14
0.5
 24
0.5
 15
0.5
 25
0.5
 16
0.0
 26
0.0
 36
1.0
 17
0.0
 27
0.0
 37
0.0
 40
1000.0
 41
1.34
 42
50.0
 43
0.0
 44
0.0
 50
0.0
 51
0.0
 71
0
 72
1000
 73
1
 74
3
 75
0
 76
0
 77
0
 78
0
281
0
 65
0
146
0.0
  0
ENDTAB
  0
TABLE
  2
LTYPE
  5
2
330
0
100
AcDbSymbolTable
 70
3
  0
LTYPE
  5
24
330
2
100
AcDbSymbolTableRecord
100
AcDbLinetypeTableRecord
  2
ByBlock
 70
0
  3

 72
65
 73
0
 40
0.0
  0
LTYPE
  5
25
330
2
100
AcDbSymbolTableRecord
100
AcDbLinetypeTableRecord
  2
ByLayer
 70
0
  3

 72
65
 73
0
 40
0.0
  0
LTYPE
  5
26
330
2
100
AcDbSymbolTableRecord
100
AcDbLinetypeTableRecord
  2
Continuous
 70
0
  3

 72
65
 73
0
 40
0.0
  0
ENDTAB
  0
TABLE
  2
LAYER
  5
1
330
0
100
AcDbSymbolTable
 70
4
  0
LAYER
  5
27
330
1
100
AcDbSymbolTableRecord
100
AcDbLayerTableRecord
  2
0
 70
0
 62
7
  6
Continuous
370
-3
390
13
347
21
  0
LAYER
  5
28
330
1
100
AcDbSymbolTableRecord
100
AcDbLayerTableRecord
  2
Defpoints
 70
0
 62
7
  6
Continuous
290
0
370
-3
390
13
347
21
  0
LAYER
  5
2F
330
1
100
AcDbSymbolTableRecord
100
AcDbLayerTableRecord
  2
可见轮廓
 70
0
 62
7
  6
Continuous
370
-3
390
13
347
21
  0
LAYER
  5
30
330
1
100
AcDbSymbolTableRecord
100
AcDbLayerTableRecord
  2
隐藏线
 70
0
 62
5
  6
Continuous
370
-3
390
13
347
21
  0
ENDTAB
  0
TABLE
  2
STYLE
  5
5
330
0
100
AcDbSymbolTable
 70
1
  0
STYLE
  5
29
330
5
100
AcDbSymbolTableRecord
100
AcDbTextStyleTableRecord
  2
Standard
 70
0
 40
0.0
 41
1.0
 50
0.0
 71
0
 42
2.5
  3
txt
  4

  0
ENDTAB
  0
TABLE
  2
VIEW
  5
7
330
0
100
AcDbSymbolTable
 70
0
  0
ENDTAB
  0
TABLE
  2
UCS
  5
6
330
0
100
AcDbSymbolTable
 70
0
  0
ENDTAB
  0
TABLE
  2
APPID
  5
3
330
0
100
AcDbSymbolTable
 70
3
  0
APPID
  5
2A
330
3
100
AcDbSymbolTableRecord
100
AcDbRegAppTableRecord
  2
ACAD
 70
0
  0
APPID
  5
A22
330
3
100
AcDbSymbolTableRecord
100
AcDbRegAppTableRecord
  2
HATCHBACKGROUNDCOLOR
 70
0
  0
APPID
  5
A23
330
3
100
AcDbSymbolTableRecord
100
AcDbRegAppTableRecord
  2
EZDXF
 70
0
  0
ENDTAB
  0
TABLE
  2
DIMSTYLE
  5
4
330
0
100
AcDbSymbolTable
 70
1
100
AcDbDimStyleTable
  0
DIMSTYLE
105
2B
330
4
100
AcDbSymbolTableRecord
100
AcDbDimStyleTableRecord
  2
Standard
 70
0
 40
1.0
 41
2.5
 42
0.625
 43
3.75
 44
1.25
 45
0.0
 46
0.0
 47
0.0
 48
0.0
 49
2.5
140
2.5
141
2.5
142
0.0
143
0.03937007874
144
1.0
145
0.0
146
1.0
147
0.625
148
0.0
 69
0
 70
0
 71
0
 72
0
 73
0
 74
0
 75
0
 76
0
 77
1
 78
8
 79
3
170
0
171
3
172
1
173
0
174
0
175
0
176
0
177
0
178
0
179
2
271
2
272
2
273
2
274
3
275
0
276
0
277
2
278
44
279
0
280
0
281
0
282
0
283
0
284
8
285
0
286
0
288
0
289
3
290
0
371
-2
372
-2
  0
ENDTAB
  0
TABLE
  2
BLOCK_RECORD
  5
9
330
0
100
AcDbSymbolTable
 70
2
  0
BLOCK_RECORD
  5
17
330
9
100
AcDbSymbolTableRecord
100
AcDbBlockTableRecord
  2
*Model_Space
340
1A
 70
0
280
1
281
0
  0
BLOCK_RECORD
  5
1B
330
9
100
AcDbSymbolTableRecord
100
AcDbBlockTableRecord
  2
*Paper_Space
340
1E
 70
0
280
1
281
0
  0
ENDTAB
  0
ENDSEC
  0
SECTION
  2
BLOCKS
  0
BLOCK
  5
18
330
17
100
AcDbEntity
  8
0
100
AcDbBlockBegin
  2
*Model_Space
 70
0
 10
0.0
 20
0.0
 30
0.0
  3
*Model_Space
  1

  0
ENDBLK
  5
19
330
17
100
AcDbEntity
  8
0
100
AcDbBlockEnd
  0
BLOCK
  5
1C
330
1B
100
AcDbEntity
  8
0
100
AcDbBlockBegin
  2
*Paper_Space
 70
0
 10
0.0
 20
0.0
 30
0.0
  3
*Paper_Space
  1

  0
ENDBLK
  5
1D
330
1B
100
AcDbEntity
  8
0
100
AcDbBlockEnd
  0
ENDSEC
  0
SECTION
  2
ENTITIES
  0
LINE
  5
31
330
17
100
AcDbEntity
  8
可见轮廓
  6
CONTINUOUS
100
AcDbLine
 10
39.75304839978325
 20
23.485101709843757
 30
0.0
 11
42.0
 21
23.5
 31
0.0
  0
LINE
  5
32
330
17
100
AcDbEntity
  8
可见轮廓
  6
CONTINUOUS
100
AcDbLine
 10
37.487254936095745
 20
23.440406839375033
 30
0.0
 11
39.75304839978325
 21
23.485101709843757
 31
0.0
  0
LINE
  5
33
330
17
100
AcDbEntity
  8
可见轮廓
  6
CONTINUOUS
100
AcDbLine
 10
35.21016636652696
 20
23.366209272590496
 30
0.0
 11
37.487254936095745
 21
23.440406839375033
 31
0.0
  0
LINE
  5
34
330
17
100
AcDbEntity
  8
可见轮廓
  6
CONTINUOUS
100
AcDbLine
 10
32.996148872255006
 20
23.26682988862309
 30
0.0
 11
35.21016636652696
 21
23.366209272590496
 31
0.0
  0
LINE
  5
35
330
17
100
AcDbEntity
  8
可见轮廓
  6
CONTINUOUS
100
AcDbLine
 10
30.73100576917243
 20
23.139058415807234
 30
0.0
 11
32.996148872255006
 21
23.26682988862309
 31
0.0
  0
LINE
  5
36
330
17
100
AcDbEntity
  8
可见轮廓
  6
CONTINUOUS
100
AcDbLine
 10
28.43961098837397
 20
22.98470524304395
 30
0.0
 11
30.73100576917243
 21
23.139058415807234
 31
0.0
  0
LINE
  5
37
330
17
100
AcDbEntity
  8
可见轮廓
  6
CONTINUOUS
100
AcDbLine
 10
26.239239261300888
 20
22.814492996880325
 30
0.0
 11
28.43961098837397
 21
22.98470524304395
 31
0.0
  0
LINE
  5
38
330
17
100
AcDbEntity
  8
可见轮廓
  6
CONTINUOUS
100
AcDbLine
 10
23.972167617509196
 20
22.618587377694336
 30
0.0
 11
26.239239261300888
 21
22.814492996880325
 31
0.0
  0
LINE
  5
39
330
17
100
AcDbEntity
  8
可见轮廓
  6
CONTINUOUS
100
AcDbLine
 10
22.896076926903145
 20
22.518817066704838
 30
0.0
 11
23.972167617509196
 21
22.618587377694336
 31
0.0
  0
LINE
  5
3A
330
17
100
AcDbEntity
  8
可见轮廓
  6
CONTINUOUS
100
AcDbLine
 10
21.838362221512305
 20
22.416724298564333
 30
0.0
 11
22.896076926903145
 21
22.518817066704838
 31
0.0
  0
LINE
  5
3B
330
17
100
AcDbEntity
  8
可见轮廓
  6
CONTINUOUS
100
AcDbLine
 10
20.837839525056125
 20
22.31662250534152
 30
0.0
 11
21.838362221512305
 21
22.416724298564333
 31
0.0
  0
LINE
  5
3C
330
17
100
AcDbEntity
  8
可见轮廓
  6
CONTINUOUS
100
AcDbLine
 10
19.81780088503853
 20
22.211228489031228
 30
0.0
 11
20.837839525056125
 21
22.31662250534152
 31
0.0
  0
LINE
  5
3D
330
17
100
AcDbEntity
  8
可见轮廓
  6
CONTINUOUS
100
AcDbLine
 10
18.778246301459532
 20
22.10054224963347
 30
0.0
 11
19.81780088503853
 21
22.211228489031228
 31
0.0
  0
LINE
  5
3E
330
17
100
AcDbEntity
  8
可见轮廓
  6
CONTINUOUS
100
AcDbLine
 10
17.719175774319126
 20
21.984563787148236
 30
0.0
 11
18.778246301459532
 21
22.10054224963347
 31
0.0
  0
LINE
  5
3F
330
17
100
AcDbEntity
  8
可见轮廓
  6
CONTINUOUS
100
AcDbLine
 10
16.64058930361731
 20
21.86329310157553
 30
0.0
 11
17.719175774319126
 21
21.984563787148236
 31
0.0
  0
LINE
  5
40
330
17
100
AcDbEntity
  8
可见轮廓
  6
CONTINUOUS
100
AcDbLine
 10
15.542486889354098
 20
21.73673019291535
 30
0.0
 11
16.64058930361731
 21
21.86329310157553
 31
0.0
  0
LINE
  5
41
330
17
100
AcDbEntity
  8
可见轮廓
  6
CONTINUOUS
100
AcDbLine
 10
39.06027093339665
 20
23.5
 30
0.0
 11
42.00000000000001
 21
23.5
 31
0.0
  0
LINE
  5
42
330
17
100
AcDbEntity
  8
可见轮廓
  6
CONTINUOUS
100
AcDbLine
 10
36.14959264108424
 20
23.5
 30
0.0
 11
39.06027093339665
 21
23.5
 31
0.0
  0
LINE
  5
43
330
17
100
AcDbEntity
  8
可见轮廓
  6
CONTINUOUS
100
AcDbLine
 10
33.294108028277144
 20
23.5
 30
0.0
 11
36.14959264108424
 21
23.5
 31
0.0
  0
LINE
  5
44
330
17
100
AcDbEntity
  8
可见轮廓
  6
CONTINUOUS
100
AcDbLine
 10
30.5194970290473
 20
23.5
 30
0.0
 11
33.294108028277144
 21
23.5
 31
0.0
  0
LINE
  5
45
330
17
100
AcDbEntity
  8
可见轮廓
  6
CONTINUOUS
100
AcDbLine
 10
27.86219699675042
 20
23.5
 30
0.0
 11
30.5194970290473
 21
23.5
 31
0.0
  0
LINE
  5
46
330
17
100
AcDbEntity
  8
可见轮廓
  6
CONTINUOUS
100
AcDbLine
 10
25.33944940957288
 20
23.5
 30
0.0
 11
27.86219699675042
 21
23.5
 31
0.0
  0
LINE
  5
47
330
17
100
AcDbEntity
  8
可见轮廓
  6
CONTINUOUS
100
AcDbLine
 10
22.973880123538468
 20
23.5
 30
0.0
 11
25.33944940957288
 21
23.5
 31
0.0
  0
LINE
  5
48
330
17
100
AcDbEntity
  8
可见轮廓
  6
CONTINUOUS
100
AcDbLine
 10
20.78679656440358
 20
23.5
 30
0.0
 11
22.973880123538468
 21
23.5
 31
0.0
  0
LINE
  5
49
330
17
100
AcDbEntity
  8
可见轮廓
  6
CONTINUOUS
100
AcDbLine
 10
18.816475407845598
 20
23.5
 30
0.0
 11
20.78679656440358
 21
23.5
 31
0.0
  0
LINE
  5
4A
330
17
100
AcDbEntity
  8
可见轮廓
  6
CONTINUOUS
100
AcDbLine
 10
17.065723977186835
 20
23.5
 30
0.0
 11
18.816475407845598
 21
23.5
 31
0.0
  0
LINE
  5
4B
330
17
100
AcDbEntity
  8
可见轮廓
  6
CONTINUOUS
100
AcDbLine
 10
15.550206497784906
 20
23.5
 30
0.0
 11
17.065723977186835
 21
23.5
 31
0.0
  0
LINE
  5
4C
330
17
100
AcDbEntity
  8
可见轮廓
  6
CONTINUOUS
100
AcDbLine
 10
14.283614024661407
 20
23.5
 30
0.0
 11
15.550206497784906
 21
23.5
 31
0.0
  0
LINE
  5
4D
330
17
100
AcDbEntity
  8
可见轮廓
  6
CONTINUOUS
100
AcDbLine
 10
13.300235278922504
 20
23.5
 30
0.0
 11
14.283614024661407
 21
23.5
 31
0.0
  0
LINE
  5
4E
330
17
100
AcDbEntity
  8
可见轮廓
  6
CONTINUOUS
100
AcDbLine
 10
12.588016039499113
 20
23.5
 30
0.0
 11
13.300235278922504
 21
23.5
 31
0.0
  0
LINE
  5
4F
330
17
100
AcDbEntity
  8
可见轮廓
  6
CONTINUOUS
100
AcDbLine
 10
12.153274164768423
 20
23.5
 30
0.0
 11
12.588016039499113
 21
23.5
 31
0.0
  0
LINE
  5
50
330
17
100
AcDbEntity
  8
可见轮廓
  6
CONTINUOUS
100
AcDbLine
 10
12.0
 20
23.5
 30
0.0
 11
12.153274164768423
 21
23.5
 31
0.0
  0
LINE
  5
51
330
17
100
AcDbEntity
  8
可见轮廓
  6
CONTINUOUS
100
AcDbLine
 10
12.0
 20
21.73673019291535
 30
0.0
 11
12.0
 21
21.863254684149137
 31
0.0
  0
LINE
  5
52
330
17
100
AcDbEntity
  8
可见轮廓
  6
CONTINUOUS
100
AcDbLine
 10
12.0
 20
21.863254684149137
 30
0.0
 11
12.0
 21
21.984506811930405
 31
0.0
  0
LINE
  5
53
330
17
100
AcDbEntity
  8
可见轮廓
  6
CONTINUOUS
100
AcDbLine
 10
12.0
 20
21.984506811930405
 30
0.0
 11
12.000000000000004
 21
22.10048657625915
 31
0.0
  0
LINE
  5
54
330
17
100
AcDbEntity
  8
可见轮廓
  6
CONTINUOUS
100
AcDbLine
 10
12.000000000000004
 20
22.10048657625915
 30
0.0
 11
12.000000000000004
 21
22.211193977135377
 31
0.0
  0
LINE
  5
55
330
17
100
AcDbEntity
  8
可见轮廓
  6
CONTINUOUS
100
AcDbLine
 10
12.000000000000004
 20
22.211193977135377
 30
0.0
 11
12.000000000000007
 21
22.31662901455909
 31
0.0
  0
LINE
  5
56
330
17
100
AcDbEntity
  8
可见轮廓
  6
CONTINUOUS
100
AcDbLine
 10
12.000000000000004
 20
22.416791688530278
 30
0.0
 11
12.000000000000007
 21
22.31662901455909
 31
0.0
  0
LINE
  5
57
330
17
100
AcDbEntity
  8
可见轮廓
  6
CONTINUOUS
100
AcDbLine
 10
11.999999999999996
 20
22.51886950271261
 30
0.0
 11
12.000000000000004
 21
22.416791688530278
 31
0.0
  0
LINE
  5
58
330
17
100
AcDbEntity
  8
可见轮廓
  6
CONTINUOUS
100
AcDbLine
 10
11.999999999999996
 20
22.51886950271261
 30
0.0
 11
12.000000000000004
 21
22.61859416029234
 31
0.0
  0
LINE
  5
59
330
17
100
AcDbEntity
  8
可见轮廓
  6
CONTINUOUS
100
AcDbLine
 10
12.000000000000004
 20
22.61859416029234
 30
0.0
 11
12.000000000000007
 21
22.814450284576395
 31
0.0
  0
LINE
  5
5A
330
17
100
AcDbEntity
  8
可见轮廓
  6
CONTINUOUS
100
AcDbLine
 10
11.999999999999996
 20
22.984745163386137
 30
0.0
 11
12.000000000000007
 21
22.814450284576395
 31
0.0
  0
LINE
  5
5B
330
17
100
AcDbEntity
  8
可见轮廓
  6
CONTINUOUS
100
AcDbLine
 10
11.999999999999996
 20
22.984745163386137
 30
0.0
 11
11.999999999999996
 21
23.139034308100463
 31
0.0
  0
LINE
  5
5C
330
17
100
AcDbEntity
  8
可见轮廓
  6
CONTINUOUS
100
AcDbLine
 10
11.999999999999996
 20
23.139034308100463
 30
0.0
 11
11.999999999999996
 21
23.266779440871314
 31
0.0
  0
LINE
  5
5D
330
17
100
AcDbEntity
  8
可见轮廓
  6
CONTINUOUS
100
AcDbLine
 10
11.999999999999996
 20
23.266779440871314
 30
0.0
 11
12.000000000000007
 21
23.366218631914187
 31
0.0
  0
LINE
  5
5E
330
17
100
AcDbEntity
  8
可见轮廓
  6
CONTINUOUS
100
AcDbLine
 10
12.0
 20
23.440415069243084
 30
0.0
 11
12.000000000000007
 21
23.366218631914187
 31
0.0
  0
LINE
  5
5F
330
17
100
AcDbEntity
  8
可见轮廓
  6
CONTINUOUS
100
AcDbLine
 10
11.999999999999996
 20
23.48510376731077
 30
0.0
 11
12.0
 21
23.440415069243084
 31
0.0
  0
LINE
  5
60
330
17
100
AcDbEntity
  8
可见轮廓
  6
CONTINUOUS
100
AcDbLine
 10
11.999999999999996
 20
23.48510376731077
 30
0.0
 11
12.0
 21
23.5
 31
0.0
  0
LINE
  5
61
330
17
100
AcDbEntity
  8
可见轮廓
  6
CONTINUOUS
100
AcDbLine
 10
15.30836135620493
 20
21.73673019291535
 30
0.0
 11
15.542486889354116
 21
21.73673019291535
 31
0.0
  0
LINE
  5
62
330
17
100
AcDbEntity
  8
可见轮廓
  6
CONTINUOUS
100
AcDbLine
 10
15.075840746239411
 20
21.73673019291535
 30
0.0
 11
15.30836135620493
 21
21.73673019291535
 31
0.0
  0
LINE
  5
63
330
17
100
AcDbEntity
  8
可见轮廓
  6
CONTINUOUS
100
AcDbLine
 10
14.844938366153237
 20
21.73673019291535
 30
0.0
 11
15.075840746239411
 21
21.73673019291535
 31
0.0
  0
LINE
  5
64
330
17
100
AcDbEntity
  8
可见轮廓
  6
CONTINUOUS
100
AcDbLine
 10
14.61566743618782
 20
21.73673019291535
 30
0.0
 11
14.844938366153237
 21
21.73673019291535
 31
0.0
  0
LINE
  5
65
330
17
100
AcDbEntity
  8
可见轮廓
  6
CONTINUOUS
100
AcDbLine
 10
14.388179549046715
 20
21.73673019291535
 30
0.0
 11
14.61566743618782
 21
21.73673019291535
 31
0.0
  0
LINE
  5
66
330
17
100
AcDbEntity
  8
可见轮廓
  6
CONTINUOUS
100
AcDbLine
 10
14.162351871970184
 20
21.73673019291535
 30
0.0
 11
14.388179549046715
 21
21.73673019291535
 31
0.0
  0
LINE
  5
67
330
17
100
AcDbEntity
  8
可见轮廓
  6
CONTINUOUS
100
AcDbLine
 10
13.938197328436917
 20
21.73673019291535
 30
0.0
 11
14.162351871970184
 21
21.73673019291535
 31
0.0
  0
LINE
  5
68
330
17
100
AcDbEntity
  8
可见轮廓
  6
CONTINUOUS
100
AcDbLine
 10
13.715728752538105
 20
21.73673019291535
 30
0.0
 11
13.938197328436917
 21
21.73673019291535
 31
0.0
  0
LINE
  5
69
330
17
100
AcDbEntity
  8
可见轮廓
  6
CONTINUOUS
100
AcDbLine
 10
13.495101816079355
 20
21.73673019291535
 30
0.0
 11
13.715728752538105
 21
21.73673019291535
 31
0.0
  0
LINE
  5
6A
330
17
100
AcDbEntity
  8
可见轮廓
  6
CONTINUOUS
100
AcDbLine
 10
13.276188746885136
 20
21.73673019291535
 30
0.0
 11
13.495101816079355
 21
21.73673019291535
 31
0.0
  0
LINE
  5
6B
330
17
100
AcDbEntity
  8
可见轮廓
  6
CONTINUOUS
100
AcDbLine
 10
13.059002072531342
 20
21.73673019291535
 30
0.0
 11
13.276188746885136
 21
21.73673019291535
 31
0.0
  0
LINE
  5
6C
330
17
100
AcDbEntity
  8
可见轮廓
  6
CONTINUOUS
100
AcDbLine
 10
12.84355422836084
 20
21.73673019291535
 30
0.0
 11
13.059002072531342
 21
21.73673019291535
 31
0.0
  0
LINE
  5
6D
330
17
100
AcDbEntity
  8
可见轮廓
  6
CONTINUOUS
100
AcDbLine
 10
12.63000481247212
 20
21.73673019291535
 30
0.0
 11
12.84355422836084
 21
21.73673019291535
 31
0.0
  0
LINE
  5
6E
330
17
100
AcDbEntity
  8
可见轮廓
  6
CONTINUOUS
100
AcDbLine
 10
12.418221238696482
 20
21.73673019291535
 30
0.0
 11
12.63000481247212
 21
21.73673019291535
 31
0.0
  0
LINE
  5
6F
330
17
100
AcDbEntity
  8
可见轮廓
  6
CONTINUOUS
100
AcDbLine
 10
12.208215626409803
 20
21.73673019291535
 30
0.0
 11
12.418221238696482
 21
21.73673019291535
 31
0.0
  0
LINE
  5
70
330
17
100
AcDbEntity
  8
可见轮廓
  6
CONTINUOUS
100
AcDbLine
 10
11.999999999999993
 20
21.73673019291535
 30
0.0
 11
12.208215626409803
 21
21.73673019291535
 31
0.0
  0
LINE
  5
71
330
17
100
AcDbEntity
  8
可见轮廓
  6
CONTINUOUS
100
AcDbLine
 10
72.0
 20
23.48510170984354
 30
0.0
 11
72.0
 21
23.5
 31
0.0
  0
LINE
  5
72
330
17
100
AcDbEntity
  8
可见轮廓
  6
CONTINUOUS
100
AcDbLine
 10
72.0
 20
23.440406839374162
 30
0.0
 11
72.0
 21
23.48510170984354
 31
0.0
  0
LINE
  5
73
330
17
100
AcDbEntity
  8
可见轮廓
  6
CONTINUOUS
100
AcDbLine
 10
72.0
 20
23.366209272591092
 30
0.0
 11
72.0
 21
23.440406839374162
 31
0.0
  0
LINE
  5
74
330
17
100
AcDbEntity
  8
可见轮廓
  6
CONTINUOUS
100
AcDbLine
 10
72.0
 20
23.366209272591092
 30
0.0
 11
72.0
 21
23.26682988864401
 31
0.0
  0
LINE
  5
75
330
17
100
AcDbEntity
  8
可见轮廓
  6
CONTINUOUS
100
AcDbLine
 10
72.0
 20
23.26682988864401
 30
0.0
 11
72.0
 21
23.139058415823722
 31
0.0
  0
LINE
  5
76
330
17
100
AcDbEntity
  8
可见轮廓
  6
CONTINUOUS
100
AcDbLine
 10
72.0
 20
22.984705243040317
 30
0.0
 11
72.0
 21
23.139058415823722
 31
0.0
  0
LINE
  5
77
330
17
100
AcDbEntity
  8
可见轮廓
  6
CONTINUOUS
100
AcDbLine
 10
72.0
 20
22.814492996887626
 30
0.0
 11
72.0
 21
22.984705243040317
 31
0.0
  0
LINE
  5
78
330
17
100
AcDbEntity
  8
可见轮廓
  6
CONTINUOUS
100
AcDbLine
 10
72.0
 20
22.814492996887626
 30
0.0
 11
72.0
 21
22.618587377695867
 31
0.0
  0
LINE
  5
79
330
17
100
AcDbEntity
  8
可见轮廓
  6
CONTINUOUS
100
AcDbLine
 10
72.0
 20
22.518817066700386
 30
0.0
 11
72.0
 21
22.618587377695867
 31
0.0
  0
LINE
  5
7A
330
17
100
AcDbEntity
  8
可见轮廓
  6
CONTINUOUS
100
AcDbLine
 10
72.0
 20
22.416724298554243
 30
0.0
 11
72.0
 21
22.518817066700386
 31
0.0
  0
LINE
  5
7B
330
17
100
AcDbEntity
  8
可见轮廓
  6
CONTINUOUS
100
AcDbLine
 10
72.0
 20
22.316622505330304
 30
0.0
 11
72.0
 21
22.416724298554243
 31
0.0
  0
LINE
  5
7C
330
17
100
AcDbEntity
  8
可见轮廓
  6
CONTINUOUS
100
AcDbLine
 10
72.0
 20
22.211228489020016
 30
0.0
 11
72.0
 21
22.316622505330304
 31
0.0
  0
LINE
  5
7D
330
17
100
AcDbEntity
  8
可见轮廓
  6
CONTINUOUS
100
AcDbLine
 10
72.0
 20
22.100542249623377
 30
0.0
 11
72.0
 21
22.211228489020016
 31
0.0
  0
LINE
  5
7E
330
17
100
AcDbEntity
  8
可见轮廓
  6
CONTINUOUS
100
AcDbLine
 10
72.0
 20
21.984563787140385
 30
0.0
 11
72.0
 21
22.100542249623377
 31
0.0
  0
LINE
  5
7F
330
17
100
AcDbEntity
  8
可见轮廓
  6
CONTINUOUS
100
AcDbLine
 10
72.0
 20
21.984563787140385
 30
0.0
 11
72.0
 21
21.863293101571045
 31
0.0
  0
LINE
  5
80
330
17
100
AcDbEntity
  8
可见轮廓
  6
CONTINUOUS
100
AcDbLine
 10
72.0
 20
21.73673019291535
 30
0.0
 11
72.0
 21
21.863293101571045
 31
0.0
  0
LINE
  5
81
330
17
100
AcDbEntity
  8
可见轮廓
  6
CONTINUOUS
100
AcDbLine
 10
71.84672583523158
 20
23.5
 30
0.0
 11
72.0
 21
23.5
 31
0.0
  0
LINE
  5
82
330
17
100
AcDbEntity
  8
可见轮廓
  6
CONTINUOUS
100
AcDbLine
 10
71.41198396050089
 20
23.5
 30
0.0
 11
71.84672583523158
 21
23.5
 31
0.0
  0
LINE
  5
83
330
17
100
AcDbEntity
  8
可见轮廓
  6
CONTINUOUS
100
AcDbLine
 10
70.6997647210775
 20
23.5
 30
0.0
 11
71.41198396050089
 21
23.5
 31
0.0
  0
LINE
  5
84
330
17
100
AcDbEntity
  8
可见轮廓
  6
CONTINUOUS
100
AcDbLine
 10
69.71638597533861
 20
23.5
 30
0.0
 11
70.6997647210775
 21
23.5
 31
0.0
  0
LINE
  5
85
330
17
100
AcDbEntity
  8
可见轮廓
  6
CONTINUOUS
100
AcDbLine
 10
68.4497935022151
 20
23.5
 30
0.0
 11
69.71638597533861
 21
23.5
 31
0.0
  0
LINE
  5
86
330
17
100
AcDbEntity
  8
可见轮廓
  6
CONTINUOUS
100
AcDbLine
 10
66.93427602281318
 20
23.5
 30
0.0
 11
68.4497935022151
 21
23.5
 31
0.0
  0
LINE
  5
87
330
17
100
AcDbEntity
  8
可见轮廓
  6
CONTINUOUS
100
AcDbLine
 10
65.18352459215441
 20
23.5
 30
0.0
 11
66.93427602281318
 21
23.5
 31
0.0
  0
LINE
  5
88
330
17
100
AcDbEntity
  8
可见轮廓
  6
CONTINUOUS
100
AcDbLine
 10
63.21320343559643
 20
23.5
 30
0.0
 11
65.18352459215441
 21
23.5
 31
0.0
  0
LINE
  5
89
330
17
100
AcDbEntity
  8
可见轮廓
  6
CONTINUOUS
100
AcDbLine
 10
61.02611987646155
 20
23.5
 30
0.0
 11
63.21320343559643
 21
23.5
 31
0.0
  0
LINE
  5
8A
330
17
100
AcDbEntity
  8
可见轮廓
  6
CONTINUOUS
100
AcDbLine
 10
58.660550590427135
 20
23.5
 30
0.0
 11
61.02611987646155
 21
23.5
 31
0.0
  0
LINE
  5
8B
330
17
100
AcDbEntity
  8
可见轮廓
  6
CONTINUOUS
100
AcDbLine
 10
56.13780300324959
 20
23.5
 30
0.0
 11
58.660550590427135
 21
23.5
 31
0.0
  0
LINE
  5
8C
330
17
100
AcDbEntity
  8
可见轮廓
  6
CONTINUOUS
100
AcDbLine
 10
53.48050297095271
 20
23.5
 30
0.0
 11
56.13780300324959
 21
23.5
 31
0.0
  0
LINE
  5
8D
330
17
100
AcDbEntity
  8
可见轮廓
  6
CONTINUOUS
100
AcDbLine
 10
50.70589197172286
 20
23.5
 30
0.0
 11
53.48050297095271
 21
23.5
 31
0.0
  0
LINE
  5
8E
330
17
100
AcDbEntity
  8
可见轮廓
  6
CONTINUOUS
100
AcDbLine
 10
47.850407358915774
 20
23.5
 30
0.0
 11
50.70589197172286
 21
23.5
 31
0.0
  0
LINE
  5
8F
330
17
100
AcDbEntity
  8
可见轮廓
  6
CONTINUOUS
100
AcDbLine
 10
44.93972906660336
 20
23.5
 30
0.0
 11
47.850407358915774
 21
23.5
 31
0.0
  0
LINE
  5
90
330
17
100
AcDbEntity
  8
可见轮廓
  6
CONTINUOUS
100
AcDbLine
 10
42.00000000000001
 20
23.5
 30
0.0
 11
44.93972906660336
 21
23.5
 31
0.0
  0
LINE
  5
91
330
17
100
AcDbEntity
  8
可见轮廓
  6
CONTINUOUS
100
AcDbLine
 10
67.35973625044394
 20
21.8632546841593
 30
0.0
 11
68.4575131106459
 21
21.73673019291535
 31
0.0
  0
LINE
  5
92
330
17
100
AcDbEntity
  8
可见轮廓
  6
CONTINUOUS
100
AcDbLine
 10
66.28129736695439
 20
21.984506811946044
 30
0.0
 11
67.35973625044394
 21
21.8632546841593
 31
0.0
  0
LINE
  5
93
330
17
100
AcDbEntity
  8
可见轮廓
  6
CONTINUOUS
100
AcDbLine
 10
65.22219646017723
 20
22.100486576275582
 30
0.0
 11
66.28129736695439
 21
21.984506811946044
 31
0.0
  0
LINE
  5
94
330
17
100
AcDbEntity
  8
可见轮廓
  6
CONTINUOUS
100
AcDbLine
 10
64.18243353011249
 20
22.21119397714791
 30
0.0
 11
65.22219646017723
 21
22.100486576275582
 31
0.0
  0
LINE
  5
95
330
17
100
AcDbEntity
  8
可见轮廓
  6
CONTINUOUS
100
AcDbLine
 10
63.16200857676017
 20
22.316629014563034
 30
0.0
 11
64.18243353011249
 21
22.21119397714791
 31
0.0
  0
LINE
  5
96
330
17
100
AcDbEntity
  8
可见轮廓
  6
CONTINUOUS
100
AcDbLine
 10
62.16092160012025
 20
22.416791688520952
 30
0.0
 11
63.16200857676017
 21
22.316629014563034
 31
0.0
  0
LINE
  5
97
330
17
100
AcDbEntity
  8
可见轮廓
  6
CONTINUOUS
100
AcDbLine
 10
61.10343235133055
 20
22.518869502703772
 30
0.0
 11
62.16092160012025
 21
22.416791688520952
 31
0.0
  0
LINE
  5
98
330
17
100
AcDbEntity
  8
可见轮廓
  6
CONTINUOUS
100
AcDbLine
 10
60.02783470847732
 20
22.618594160290233
 30
0.0
 11
61.10343235133055
 21
22.518869502703772
 31
0.0
  0
LINE
  5
99
330
17
100
AcDbEntity
  8
可见轮廓
  6
CONTINUOUS
100
AcDbLine
 10
57.76121997881133
 20
22.814450284581987
 30
0.0
 11
60.02783470847732
 21
22.618594160290233
 31
0.0
  0
LINE
  5
9A
330
17
100
AcDbEntity
  8
可见轮廓
  6
CONTINUOUS
100
AcDbLine
 10
55.559787685685386
 20
22.984745163379543
 30
0.0
 11
57.76121997881133
 21
22.814450284581987
 31
0.0
  0
LINE
  5
9B
330
17
100
AcDbEntity
  8
可见轮廓
  6
CONTINUOUS
100
AcDbLine
 10
53.269514145335464
 20
23.139034308093677
 30
0.0
 11
55.559787685685386
 21
22.984745163379543
 31
0.0
  0
LINE
  5
9C
330
17
100
AcDbEntity
  8
可见轮廓
  6
CONTINUOUS
100
AcDbLine
 10
51.00469921443041
 20
23.266779440867445
 30
0.0
 11
53.269514145335464
 21
23.139034308093677
 31
0.0
  0
LINE
  5
9D
330
17
100
AcDbEntity
  8
可见轮廓
  6
CONTINUOUS
100
AcDbLine
 10
48.7895288240299
 20
23.36621863191146
 30
0.0
 11
51.00469921443041
 21
23.266779440867445
 31
0.0
  0
LINE
  5
9E
330
17
100
AcDbEntity
  8
可见轮廓
  6
CONTINUOUS
100
AcDbLine
 10
46.5130988852161
 20
23.44041506924176
 30
0.0
 11
48.7895288240299
 21
23.36621863191146
 31
0.0
  0
LINE
  5
9F
330
17
100
AcDbEntity
  8
可见轮廓
  6
CONTINUOUS
100
AcDbLine
 10
44.24748916622953
 20
23.48510376731044
 30
0.0
 11
46.5130988852161
 21
23.44041506924176
 31
0.0
  0
LINE
  5
A0
330
17
100
AcDbEntity
  8
可见轮廓
  6
CONTINUOUS
100
AcDbLine
 10
42.0
 20
23.5
 30
0.0
 11
44.24748916622953
 21
23.48510376731044
 31
0.0
  0
LINE
  5
A1
330
17
100
AcDbEntity
  8
可见轮廓
  6
CONTINUOUS
100
AcDbLine
 10
71.79178437359019
 20
21.73673019291535
 30
0.0
 11
72.0
 21
21.73673019291535
 31
0.0
  0
LINE
  5
A2
330
17
100
AcDbEntity
  8
可见轮廓
  6
CONTINUOUS
100
AcDbLine
 10
71.5817787613035
 20
21.73673019291535
 30
0.0
 11
71.79178437359019
 21
21.73673019291535
 31
0.0
  0
LINE
  5
A3
330
17
100
AcDbEntity
  8
可见轮廓
  6
CONTINUOUS
100
AcDbLine
 10
71.36999518752786
 20
21.73673019291535
 30
0.0
 11
71.5817787613035
 21
21.73673019291535
 31
0.0
  0
LINE
  5
A4
330
17
100
AcDbEntity
  8
可见轮廓
  6
CONTINUOUS
100
AcDbLine
 10
71.15644577163914
 20
21.73673019291535
 30
0.0
 11
71.36999518752786
 21
21.73673019291535
 31
0.0
  0
LINE
  5
A5
330
17
100
AcDbEntity
  8
可见轮廓
  6
CONTINUOUS
100
AcDbLine
 10
70.94099792746866
 20
21.73673019291535
 30
0.0
 11
71.15644577163914
 21
21.73673019291535
 31
0.0
  0
LINE
  5
A6
330
17
100
AcDbEntity
  8
可见轮廓
  6
CONTINUOUS
100
AcDbLine
 10
70.72381125311487
 20
21.73673019291535
 30
0.0
 11
70.94099792746866
 21
21.73673019291535
 31
0.0
  0
LINE
  5
A7
330
17
100
AcDbEntity
  8
可见轮廓
  6
CONTINUOUS
100
AcDbLine
 10
70.50489818392064
 20
21.73673019291535
 30
0.0
 11
70.72381125311487
 21
21.73673019291535
 31
0.0
  0
LINE
  5
A8
330
17
100
AcDbEntity
  8
可见轮廓
  6
CONTINUOUS
100
AcDbLine
 10
70.2842712474619
 20
21.73673019291535
 30
0.0
 11
70.50489818392064
 21
21.73673019291535
 31
0.0
  0
LINE
  5
A9
330
17
100
AcDbEntity
  8
可见轮廓
  6
CONTINUOUS
100
AcDbLine
 10
70.06180267156307
 20
21.73673019291535
 30
0.0
 11
70.2842712474619
 21
21.73673019291535
 31
0.0
  0
LINE
  5
AA
330
17
100
AcDbEntity
  8
可见轮廓
  6
CONTINUOUS
100
AcDbLine
 10
69.83764812802981
 20
21.73673019291535
 30
0.0
 11
70.06180267156307
 21
21.73673019291535
 31
0.0
  0
LINE
  5
AB
330
17
100
AcDbEntity
  8
可见轮廓
  6
CONTINUOUS
100
AcDbLine
 10
69.61182045095327
 20
21.73673019291535
 30
0.0
 11
69.83764812802981
 21
21.73673019291535
 31
0.0
  0
LINE
  5
AC
330
17
100
AcDbEntity
  8
可见轮廓
  6
CONTINUOUS
100
AcDbLine
 10
69.38433256381221
 20
21.73673019291535
 30
0.0
 11
69.61182045095327
 21
21.73673019291535
 31
0.0
  0
LINE
  5
AD
330
17
100
AcDbEntity
  8
可见轮廓
  6
CONTINUOUS
100
AcDbLine
 10
69.15506163384678
 20
21.73673019291535
 30
0.0
 11
69.38433256381221
 21
21.73673019291535
 31
0.0
  0
LINE
  5
AE
330
17
100
AcDbEntity
  8
可见轮廓
  6
CONTINUOUS
100
AcDbLine
 10
68.92415925376062
 20
21.73673019291535
 30
0.0
 11
69.15506163384678
 21
21.73673019291535
 31
0.0
  0
LINE
  5
AF
330
17
100
AcDbEntity
  8
可见轮廓
  6
CONTINUOUS
100
AcDbLine
 10
68.69163864379509
 20
21.73673019291535
 30
0.0
 11
68.92415925376062
 21
21.73673019291535
 31
0.0
  0
LINE
  5
B0
330
17
100
AcDbEntity
  8
可见轮廓
  6
CONTINUOUS
100
AcDbLine
 10
68.45751311064592
 20
21.73673019291535
 30
0.0
 11
68.69163864379509
 21
21.73673019291535
 31
0.0
  0
LINE
  5
B1
330
17
100
AcDbEntity
  8
可见轮廓
  6
CONTINUOUS
100
AcDbLine
 10
71.79178437359019
 20
2.0
 30
0.0
 11
72.0
 21
2.0
 31
0.0
  0
LINE
  5
B2
330
17
100
AcDbEntity
  8
可见轮廓
  6
CONTINUOUS
100
AcDbLine
 10
71.58177876130353
 20
2.0
 30
0.0
 11
71.79178437359019
 21
2.0
 31
0.0
  0
LINE
  5
B3
330
17
100
AcDbEntity
  8
可见轮廓
  6
CONTINUOUS
100
AcDbLine
 10
71.36999518752788
 20
2.0
 30
0.0
 11
71.58177876130353
 21
2.0
 31
0.0
  0
LINE
  5
B4
330
17
100
AcDbEntity
  8
可见轮廓
  6
CONTINUOUS
100
AcDbLine
 10
71.15644577163914
 20
2.0
 30
0.0
 11
71.36999518752788
 21
2.0
 31
0.0
  0
LINE
  5
B5
330
17
100
AcDbEntity
  8
可见轮廓
  6
CONTINUOUS
100
AcDbLine
 10
70.94099792746866
 20
2.0
 30
0.0
 11
71.15644577163914
 21
2.0
 31
0.0
  0
LINE
  5
B6
330
17
100
AcDbEntity
  8
可见轮廓
  6
CONTINUOUS
100
AcDbLine
 10
70.72381125311487
 20
2.0
 30
0.0
 11
70.94099792746866
 21
2.0
 31
0.0
  0
LINE
  5
B7
330
17
100
AcDbEntity
  8
可见轮廓
  6
CONTINUOUS
100
AcDbLine
 10
70.50489818392066
 20
2.0
 30
0.0
 11
70.72381125311487
 21
2.0
 31
0.0
  0
LINE
  5
B8
330
17
100
AcDbEntity
  8
可见轮廓
  6
CONTINUOUS
100
AcDbLine
 10
70.2842712474619
 20
2.0
 30
0.0
 11
70.50489818392066
 21
2.0
 31
0.0
  0
LINE
  5
B9
330
17
100
AcDbEntity
  8
可见轮廓
  6
CONTINUOUS
100
AcDbLine
 10
70.0618026715631
 20
2.0
 30
0.0
 11
70.2842712474619
 21
2.0
 31
0.0
  0
LINE
  5
BA
330
17
100
AcDbEntity
  8
可见轮廓
  6
CONTINUOUS
100
AcDbLine
 10
69.83764812802983
 20
2.0
 30
0.0
 11
70.0618026715631
 21
2.0
 31
0.0
  0
LINE
  5
BB
330
17
100
AcDbEntity
  8
可见轮廓
  6
CONTINUOUS
100
AcDbLine
 10
69.61182045095329
 20
2.0
 30
0.0
 11
69.83764812802983
 21
2.0
 31
0.0
  0
LINE
  5
BC
330
17
100
AcDbEntity
  8
可见轮廓
  6
CONTINUOUS
100
AcDbLine
 10
69.38433256381222
 20
2.0
 30
0.0
 11
69.61182045095329
 21
2.0
 31
0.0
  0
LINE
  5
BD
330
17
100
AcDbEntity
  8
可见轮廓
  6
CONTINUOUS
100
AcDbLine
 10
69.15506163384678
 20
2.0
 30
0.0
 11
69.38433256381222
 21
2.0
 31
0.0
  0
LINE
  5
BE
330
17
100
AcDbEntity
  8
可见轮廓
  6
CONTINUOUS
100
AcDbLine
 10
68.92415925376062
 20
2.0
 30
0.0
 11
69.15506163384678
 21
2.0
 31
0.0
  0
LINE
  5
BF
330
17
100
AcDbEntity
  8
可见轮廓
  6
CONTINUOUS
100
AcDbLine
 10
68.69163864379509
 20
2.0
 30
0.0
 11
68.92415925376062
 21
2.0
 31
0.0
  0
LINE
  5
C0
330
17
100
AcDbEntity
  8
可见轮廓
  6
CONTINUOUS
100
AcDbLine
 10
68.45751311064592
 20
2.0
 30
0.0
 11
68.69163864379509
 21
2.0
 31
0.0
  0
LINE
  5
C1
330
17
100
AcDbEntity
  8
可见轮廓
  6
CONTINUOUS
100
AcDbLine
 10
42.0
 20
2.0
 30
0.0
 11
68.4575131106459
 21
2.0
 31
0.0
  0
LINE
  5
C2
330
17
100
AcDbEntity
  8
可见轮廓
  6
CONTINUOUS
100
AcDbLine
 10
15.542486889354098
 20
2.0
 30
0.0
 11
42.0
 21
2.0
 31
0.0
  0
LINE
  5
C3
330
17
100
AcDbEntity
  8
可见轮廓
  6
CONTINUOUS
100
AcDbLine
 10
15.30836135620493
 20
2.0
 30
0.0
 11
15.542486889354116
 21
2.0
 31
0.0
  0
LINE
  5
C4
330
17
100
AcDbEntity
  8
可见轮廓
  6
CONTINUOUS
100
AcDbLine
 10
15.075840746239411
 20
2.0
 30
0.0
 11
15.30836135620493
 21
2.0
 31
0.0
  0
LINE
  5
C5
330
17
100
AcDbEntity
  8
可见轮廓
  6
CONTINUOUS
100
AcDbLine
 10
14.844938366153237
 20
2.0
 30
0.0
 11
15.075840746239411
 21
2.0
 31
0.0
  0
LINE
  5
C6
330
17
100
AcDbEntity
  8
可见轮廓
  6
CONTINUOUS
100
AcDbLine
 10
14.61566743618782
 20
2.0
 30
0.0
 11
14.844938366153237
 21
2.0
 31
0.0
  0
LINE
  5
C7
330
17
100
AcDbEntity
  8
可见轮廓
  6
CONTINUOUS
100
AcDbLine
 10
14.388179549046715
 20
2.0
 30
0.0
 11
14.61566743618782
 21
2.0
 31
0.0
  0
LINE
  5
C8
330
17
100
AcDbEntity
  8
可见轮廓
  6
CONTINUOUS
100
AcDbLine
 10
14.162351871970184
 20
2.0
 30
0.0
 11
14.388179549046715
 21
2.0
 31
0.0
  0
LINE
  5
C9
330
17
100
AcDbEntity
  8
可见轮廓
  6
CONTINUOUS
100
AcDbLine
 10
13.938197328436917
 20
2.0
 30
0.0
 11
14.162351871970184
 21
2.0
 31
0.0
  0
LINE
  5
CA
330
17
100
AcDbEntity
  8
可见轮廓
  6
CONTINUOUS
100
AcDbLine
 10
13.715728752538105
 20
2.0
 30
0.0
 11
13.938197328436917
 21
2.0
 31
0.0
  0
LINE
  5
CB
330
17
100
AcDbEntity
  8
可见轮廓
  6
CONTINUOUS
100
AcDbLine
 10
13.495101816079355
 20
2.0
 30
0.0
 11
13.715728752538105
 21
2.0
 31
0.0
  0
LINE
  5
CC
330
17
100
AcDbEntity
  8
可见轮廓
  6
CONTINUOUS
100
AcDbLine
 10
13.276188746885136
 20
2.0
 30
0.0
 11
13.495101816079355
 21
2.0
 31
0.0
  0
LINE
  5
CD
330
17
100
AcDbEntity
  8
可见轮廓
  6
CONTINUOUS
100
AcDbLine
 10
13.059002072531342
 20
2.0
 30
0.0
 11
13.276188746885136
 21
2.0
 31
0.0
  0
LINE
  5
CE
330
17
100
AcDbEntity
  8
可见轮廓
  6
CONTINUOUS
100
AcDbLine
 10
12.84355422836084
 20
2.0
 30
0.0
 11
13.059002072531342
 21
2.0
 31
0.0
  0
LINE
  5
CF
330
17
100
AcDbEntity
  8
可见轮廓
  6
CONTINUOUS
100
AcDbLine
 10
12.63000481247212
 20
2.0
 30
0.0
 11
12.84355422836084
 21
2.0
 31
0.0
  0
LINE
  5
D0
330
17
100
AcDbEntity
  8
可见轮廓
  6
CONTINUOUS
100
AcDbLine
 10
12.418221238696482
 20
2.0
 30
0.0
 11
12.63000481247212
 21
2.0
 31
0.0
  0
LINE
  5
D1
330
17
100
AcDbEntity
  8
可见轮廓
  6
CONTINUOUS
100
AcDbLine
 10
12.208215626409803
 20
2.0
 30
0.0
 11
12.418221238696482
 21
2.0
 31
0.0
  0
LINE
  5
D2
330
17
100
AcDbEntity
  8
可见轮廓
  6
CONTINUOUS
100
AcDbLine
 10
11.999999999999993
 20
2.0
 30
0.0
 11
12.208215626409803
 21
2.0
 31
0.0
  0
LINE
  5
D3
330
17
100
AcDbEntity
  8
可见轮廓
  6
CONTINUOUS
100
AcDbLine
 10
72.0
 20
2.0
 30
0.0
 11
72.0
 21
11.868365096457673
 31
0.0
  0
LINE
  5
D4
330
17
100
AcDbEntity
  8
可见轮廓
  6
CONTINUOUS
100
AcDbLine
 10
72.0
 20
11.868365096457673
 30
0.0
 11
72.0
 21
12.75
 31
0.0
  0
LINE
  5
D5
330
17
100
AcDbEntity
  8
可见轮廓
  6
CONTINUOUS
100
AcDbLine
 10
72.0
 20
12.75
 30
0.0
 11
72.0
 21
21.73673019291535
 31
0.0
  0
LINE
  5
D6
330
17
100
AcDbEntity
  8
可见轮廓
  6
CONTINUOUS
100
AcDbLine
 10
12.0
 20
2.0
 30
0.0
 11
12.0
 21
11.868365096457673
 31
0.0
  0
LINE
  5
D7
330
17
100
AcDbEntity
  8
可见轮廓
  6
CONTINUOUS
100
AcDbLine
 10
12.0
 20
11.868365096457673
 30
0.0
 11
12.0
 21
12.75
 31
0.0
  0
LINE
  5
D8
330
17
100
AcDbEntity
  8
可见轮廓
  6
CONTINUOUS
100
AcDbLine
 10
12.0
 20
12.75
 30
0.0
 11
12.0
 21
21.73673019291535
 31
0.0
  0
LINE
  5
D9
330
17
100
AcDbEntity
  8
可见轮廓
  6
CONTINUOUS
100
AcDbLine
 10
15.542486889354098
 20
2.0
 30
0.0
 11
15.542486889354098
 21
11.868365096457673
 31
0.0
  0
LINE
  5
DA
330
17
100
AcDbEntity
  8
可见轮廓
  6
CONTINUOUS
100
AcDbLine
 10
15.542486889354098
 20
11.868365096457673
 30
0.0
 11
15.542486889354098
 21
12.75
 31
0.0
  0
LINE
  5
DB
330
17
100
AcDbEntity
  8
可见轮廓
  6
CONTINUOUS
100
AcDbLine
 10
15.542486889354098
 20
12.75
 30
0.0
 11
15.542486889354098
 21
21.73673019291535
 31
0.0
  0
LINE
  5
DC
330
17
100
AcDbEntity
  8
可见轮廓
  6
CONTINUOUS
100
AcDbLine
 10
68.4575131106459
 20
2.0
 30
0.0
 11
68.4575131106459
 21
11.868365096457673
 31
0.0
  0
LINE
  5
DD
330
17
100
AcDbEntity
  8
可见轮廓
  6
CONTINUOUS
100
AcDbLine
 10
68.4575131106459
 20
11.868365096457673
 30
0.0
 11
68.4575131106459
 21
12.75
 31
0.0
  0
LINE
  5
DE
330
17
100
AcDbEntity
  8
可见轮廓
  6
CONTINUOUS
100
AcDbLine
 10
68.4575131106459
 20
12.75
 30
0.0
 11
68.4575131106459
 21
21.73673019291535
 31
0.0
  0
LINE
  5
DF
330
17
100
AcDbEntity
  8
可见轮廓
  6
CONTINUOUS
100
AcDbLine
 10
12.0
 20
28.5
 30
0.0
 11
12.611280401709653
 21
28.5
 31
0.0
  0
LINE
  5
E0
330
17
100
AcDbEntity
  8
可见轮廓
  6
CONTINUOUS
100
AcDbLine
 10
12.611280401709653
 20
28.5
 30
0.0
 11
14.327217026838198
 21
28.5
 31
0.0
  0
LINE
  5
E1
330
17
100
AcDbEntity
  8
可见轮廓
  6
CONTINUOUS
100
AcDbLine
 10
14.327217026838198
 20
28.5
 30
0.0
 11
17.084969398853374
 21
28.5
 31
0.0
  0
LINE
  5
E2
330
17
100
AcDbEntity
  8
可见轮廓
  6
CONTINUOUS
100
AcDbLine
 10
17.084969398853374
 20
28.5
 30
0.0
 11
20.78679656440357
 21
28.5
 31
0.0
  0
LINE
  5
E3
330
17
100
AcDbEntity
  8
可见轮廓
  6
CONTINUOUS
100
AcDbLine
 10
20.78679656440357
 20
28.5
 30
0.0
 11
25.353104764464426
 21
28.5
 31
0.0
  0
LINE
  5
E4
330
17
100
AcDbEntity
  8
可见轮廓
  6
CONTINUOUS
100
AcDbLine
 10
25.353104764464426
 20
28.5
 30
0.0
 11
30.537557983909103
 21
28.5
 31
0.0
  0
LINE
  5
E5
330
17
100
AcDbEntity
  8
可见轮廓
  6
CONTINUOUS
100
AcDbLine
 10
30.537557983909103
 20
28.5
 30
0.0
 11
36.15354541520811
 21
28.5
 31
0.0
  0
LINE
  5
E6
330
17
100
AcDbEntity
  8
可见轮廓
  6
CONTINUOUS
100
AcDbLine
 10
36.15354541520811
 20
28.5
 30
0.0
 11
41.99999999999999
 21
28.5
 31
0.0
  0
LINE
  5
E7
330
17
100
AcDbEntity
  8
可见轮廓
  6
CONTINUOUS
100
AcDbLine
 10
41.99999999999999
 20
28.5
 30
0.0
 11
47.846454584791886
 21
28.5
 31
0.0
  0
LINE
  5
E8
330
17
100
AcDbEntity
  8
可见轮廓
  6
CONTINUOUS
100
AcDbLine
 10
47.846454584791886
 20
28.5
 30
0.0
 11
53.46244201609088
 21
28.5
 31
0.0
  0
LINE
  5
E9
330
17
100
AcDbEntity
  8
可见轮廓
  6
CONTINUOUS
100
AcDbLine
 10
53.46244201609088
 20
28.5
 30
0.0
 11
58.64689523553557
 21
28.5
 31
0.0
  0
LINE
  5
EA
330
17
100
AcDbEntity
  8
可见轮廓
  6
CONTINUOUS
100
AcDbLine
 10
58.64689523553557
 20
28.5
 30
0.0
 11
63.21320343559642
 21
28.5
 31
0.0
  0
LINE
  5
EB
330
17
100
AcDbEntity
  8
可见轮廓
  6
CONTINUOUS
100
AcDbLine
 10
63.21320343559642
 20
28.5
 30
0.0
 11
66.91503060114661
 21
28.5
 31
0.0
  0
LINE
  5
EC
330
17
100
AcDbEntity
  8
可见轮廓
  6
CONTINUOUS
100
AcDbLine
 10
66.91503060114661
 20
28.5
 30
0.0
 11
69.67278297316179
 21
28.5
 31
0.0
  0
LINE
  5
ED
330
17
100
AcDbEntity
  8
可见轮廓
  6
CONTINUOUS
100
AcDbLine
 10
69.67278297316179
 20
28.5
 30
0.0
 11
71.38871959829035
 21
28.5
 31
0.0
  0
LINE
  5
EE
330
17
100
AcDbEntity
  8
可见轮廓
  6
CONTINUOUS
100
AcDbLine
 10
71.38871959829035
 20
28.5
 30
0.0
 11
72.0
 21
28.5
 31
0.0
  0
LINE
  5
EF
330
17
100
AcDbEntity
  8
可见轮廓
  6
CONTINUOUS
100
AcDbLine
 10
72.0
 20
26.0
 30
0.0
 11
72.0
 21
28.5
 31
0.0
  0
LINE
  5
F0
330
17
100
AcDbEntity
  8
可见轮廓
  6
CONTINUOUS
100
AcDbLine
 10
72.0
 20
23.5
 30
0.0
 11
72.0
 21
26.0
 31
0.0
  0
LINE
  5
F1
330
17
100
AcDbEntity
  8
可见轮廓
  6
CONTINUOUS
100
AcDbLine
 10
12.0
 20
26.0
 30
0.0
 11
12.0
 21
28.5
 31
0.0
  0
LINE
  5
F2
330
17
100
AcDbEntity
  8
可见轮廓
  6
CONTINUOUS
100
AcDbLine
 10
12.0
 20
23.5
 30
0.0
 11
12.0
 21
26.0
 31
0.0
  0
LINE
  5
F3
330
17
100
AcDbEntity
  8
可见轮廓
  6
CONTINUOUS
100
AcDbLine
 10
33.5
 20
98.9
 30
0.0
 11
33.67319611381774
 21
98.9
 31
0.0
  0
LINE
  5
F4
330
17
100
AcDbEntity
  8
可见轮廓
  6
CONTINUOUS
100
AcDbLine
 10
33.67319611381774
 20
98.9
 30
0.0
 11
34.15937815760416
 21
98.9
 31
0.0
  0
LINE
  5
F5
330
17
100
AcDbEntity
  8
可见轮廓
  6
CONTINUOUS
100
AcDbLine
 10
34.15937815760416
 20
98.9
 30
0.0
 11
34.94074132967512
 21
98.9
 31
0.0
  0
LINE
  5
F6
330
17
100
AcDbEntity
  8
可见轮廓
  6
CONTINUOUS
100
AcDbLine
 10
34.94074132967512
 20
98.9
 30
0.0
 11
35.98959235991435
 21
98.9
 31
0.0
  0
LINE
  5
F7
330
17
100
AcDbEntity
  8
可见轮廓
  6
CONTINUOUS
100
AcDbLine
 10
35.98959235991435
 20
98.9
 30
0.0
 11
37.28337968326492
 21
98.9
 31
0.0
  0
LINE
  5
F8
330
17
100
AcDbEntity
  8
可见轮廓
  6
CONTINUOUS
100
AcDbLine
 10
37.28337968326492
 20
98.9
 30
0.0
 11
38.75230809544091
 21
98.9
 31
0.0
  0
LINE
  5
F9
330
17
100
AcDbEntity
  8
可见轮廓
  6
CONTINUOUS
100
AcDbLine
 10
38.75230809544091
 20
98.9
 30
0.0
 11
40.34350453430896
 21
98.9
 31
0.0
  0
LINE
  5
FA
330
17
100
AcDbEntity
  8
可见轮廓
  6
CONTINUOUS
100
AcDbLine
 10
40.34350453430896
 20
98.9
 30
0.0
 11
42.0
 21
98.9
 31
0.0
  0
LINE
  5
FB
330
17
100
AcDbEntity
  8
可见轮廓
  6
CONTINUOUS
100
AcDbLine
 10
42.0
 20
98.9
 30
0.0
 11
43.65649546569104
 21
98.9
 31
0.0
  0
LINE
  5
FC
330
17
100
AcDbEntity
  8
可见轮廓
  6
CONTINUOUS
100
AcDbLine
 10
43.65649546569104
 20
98.9
 30
0.0
 11
45.24769190455908
 21
98.9
 31
0.0
  0
LINE
  5
FD
330
17
100
AcDbEntity
  8
可见轮廓
  6
CONTINUOUS
100
AcDbLine
 10
45.24769190455908
 20
98.9
 30
0.0
 11
46.716620316735074
 21
98.9
 31
0.0
  0
LINE
  5
FE
330
17
100
AcDbEntity
  8
可见轮廓
  6
CONTINUOUS
100
AcDbLine
 10
46.716620316735074
 20
98.9
 30
0.0
 11
48.01040764008565
 21
98.9
 31
0.0
  0
LINE
  5
FF
330
17
100
AcDbEntity
  8
可见轮廓
  6
CONTINUOUS
100
AcDbLine
 10
48.01040764008565
 20
98.9
 30
0.0
 11
49.05925867032487
 21
98.9
 31
0.0
  0
LINE
  5
100
330
17
100
AcDbEntity
  8
可见轮廓
  6
CONTINUOUS
100
AcDbLine
 10
49.05925867032487
 20
98.9
 30
0.0
 11
49.84062184239584
 21
98.9
 31
0.0
  0
LINE
  5
101
330
17
100
AcDbEntity
  8
可见轮廓
  6
CONTINUOUS
100
AcDbLine
 10
49.84062184239584
 20
98.9
 30
0.0
 11
50.32680388618226
 21
98.9
 31
0.0
  0
LINE
  5
102
330
17
100
AcDbEntity
  8
可见轮廓
  6
CONTINUOUS
100
AcDbLine
 10
50.32680388618226
 20
98.9
 30
0.0
 11
50.5
 21
98.9
 31
0.0
  0
LINE
  5
103
330
17
100
AcDbEntity
  8
可见轮廓
  6
CONTINUOUS
100
AcDbLine
 10
50.5
 20
98.45
 30
0.0
 11
50.5
 21
98.9
 31
0.0
  0
LINE
  5
104
330
17
100
AcDbEntity
  8
可见轮廓
  6
CONTINUOUS
100
AcDbLine
 10
50.5
 20
98.0
 30
0.0
 11
50.5
 21
98.45
 31
0.0
  0
LINE
  5
105
330
17
100
AcDbEntity
  8
可见轮廓
  6
CONTINUOUS
100
AcDbLine
 10
33.5
 20
98.45
 30
0.0
 11
33.5
 21
98.9
 31
0.0
  0
LINE
  5
106
330
17
100
AcDbEntity
  8
可见轮廓
  6
CONTINUOUS
100
AcDbLine
 10
33.5
 20
98.0
 30
0.0
 11
33.5
 21
98.45
 31
0.0
  0
LINE
  5
107
330
17
100
AcDbEntity
  8
可见轮廓
  6
CONTINUOUS
100
AcDbLine
 10
17.0
 20
98.0
 30
0.0
 11
17.50940033475804
 21
98.0
 31
0.0
  0
LINE
  5
108
330
17
100
AcDbEntity
  8
可见轮廓
  6
CONTINUOUS
100
AcDbLine
 10
17.50940033475804
 20
98.0
 30
0.0
 11
18.939347522365168
 21
98.0
 31
0.0
  0
LINE
  5
109
330
17
100
AcDbEntity
  8
可见轮廓
  6
CONTINUOUS
100
AcDbLine
 10
18.939347522365168
 20
98.0
 30
0.0
 11
21.23747449904448
 21
98.0
 31
0.0
  0
LINE
  5
10A
330
17
100
AcDbEntity
  8
可见轮廓
  6
CONTINUOUS
100
AcDbLine
 10
21.23747449904448
 20
98.0
 30
0.0
 11
24.322330470336308
 21
98.0
 31
0.0
  0
LINE
  5
10B
330
17
100
AcDbEntity
  8
可见轮廓
  6
CONTINUOUS
100
AcDbLine
 10
24.322330470336308
 20
98.0
 30
0.0
 11
28.127587303720357
 21
98.0
 31
0.0
  0
LINE
  5
10C
330
17
100
AcDbEntity
  8
可见轮廓
  6
CONTINUOUS
100
AcDbLine
 10
28.127587303720357
 20
98.0
 30
0.0
 11
32.44796498659092
 21
98.0
 31
0.0
  0
LINE
  5
10D
330
17
100
AcDbEntity
  8
可见轮廓
  6
CONTINUOUS
100
AcDbLine
 10
32.44796498659092
 20
98.0
 30
0.0
 11
37.12795451267342
 21
98.0
 31
0.0
  0
LINE
  5
10E
330
17
100
AcDbEntity
  8
可见轮廓
  6
CONTINUOUS
100
AcDbLine
 10
37.12795451267342
 20
98.0
 30
0.0
 11
41.99999999999999
 21
98.0
 31
0.0
  0
LINE
  5
10F
330
17
100
AcDbEntity
  8
可见轮廓
  6
CONTINUOUS
100
AcDbLine
 10
41.99999999999999
 20
98.0
 30
0.0
 11
46.872045487326574
 21
98.0
 31
0.0
  0
LINE
  5
110
330
17
100
AcDbEntity
  8
可见轮廓
  6
CONTINUOUS
100
AcDbLine
 10
46.872045487326574
 20
98.0
 30
0.0
 11
51.55203501340907
 21
98.0
 31
0.0
  0
LINE
  5
111
330
17
100
AcDbEntity
  8
可见轮廓
  6
CONTINUOUS
100
AcDbLine
 10
51.55203501340907
 20
98.0
 30
0.0
 11
55.87241269627964
 21
98.0
 31
0.0
  0
LINE
  5
112
330
17
100
AcDbEntity
  8
可见轮廓
  6
CONTINUOUS
100
AcDbLine
 10
55.87241269627964
 20
98.0
 30
0.0
 11
59.67766952966369
 21
98.0
 31
0.0
  0
LINE
  5
113
330
17
100
AcDbEntity
  8
可见轮廓
  6
CONTINUOUS
100
AcDbLine
 10
59.67766952966369
 20
98.0
 30
0.0
 11
62.76252550095551
 21
98.0
 31
0.0
  0
LINE
  5
114
330
17
100
AcDbEntity
  8
可见轮廓
  6
CONTINUOUS
100
AcDbLine
 10
62.76252550095551
 20
98.0
 30
0.0
 11
65.06065247763483
 21
98.0
 31
0.0
  0
LINE
  5
115
330
17
100
AcDbEntity
  8
可见轮廓
  6
CONTINUOUS
100
AcDbLine
 10
65.06065247763483
 20
98.0
 30
0.0
 11
66.49059966524196
 21
98.0
 31
0.0
  0
LINE
  5
116
330
17
100
AcDbEntity
  8
可见轮廓
  6
CONTINUOUS
100
AcDbLine
 10
66.49059966524196
 20
98.0
 30
0.0
 11
67.0
 21
98.0
 31
0.0
  0
LINE
  5
117
330
17
100
AcDbEntity
  8
可见轮廓
  6
CONTINUOUS
100
AcDbLine
 10
67.0
 20
96.5
 30
0.0
 11
67.0
 21
98.0
 31
0.0
  0
LINE
  5
118
330
17
100
AcDbEntity
  8
可见轮廓
  6
CONTINUOUS
100
AcDbLine
 10
67.0
 20
95.0
 30
0.0
 11
67.0
 21
96.5
 31
0.0
  0
LINE
  5
119
330
17
100
AcDbEntity
  8
可见轮廓
  6
CONTINUOUS
100
AcDbLine
 10
17.0
 20
96.5
 30
0.0
 11
17.0
 21
98.0
 31
0.0
  0
LINE
  5
11A
330
17
100
AcDbEntity
  8
可见轮廓
  6
CONTINUOUS
100
AcDbLine
 10
17.0
 20
95.0
 30
0.0
 11
17.0
 21
96.5
 31
0.0
  0
LINE
  5
11B
330
17
100
AcDbEntity
  8
可见轮廓
  6
CONTINUOUS
100
AcDbLine
 10
11.999999999999996
 20
95.0
 30
0.0
 11
12.208215626409807
 21
95.0
 31
0.0
  0
LINE
  5
11C
330
17
100
AcDbEntity
  8
可见轮廓
  6
CONTINUOUS
100
AcDbLine
 10
12.208215626409807
 20
95.0
 30
0.0
 11
12.418221238696482
 21
95.0
 31
0.0
  0
LINE
  5
11D
330
17
100
AcDbEntity
  8
可见轮廓
  6
CONTINUOUS
100
AcDbLine
 10
12.418221238696482
 20
95.0
 30
0.0
 11
12.630004812472123
 21
95.0
 31
0.0
  0
LINE
  5
11E
330
17
100
AcDbEntity
  8
可见轮廓
  6
CONTINUOUS
100
AcDbLine
 10
12.630004812472123
 20
95.0
 30
0.0
 11
12.843554228360851
 21
95.0
 31
0.0
  0
LINE
  5
11F
330
17
100
AcDbEntity
  8
可见轮廓
  6
CONTINUOUS
100
AcDbLine
 10
12.843554228360851
 20
95.0
 30
0.0
 11
13.059002072531335
 21
95.0
 31
0.0
  0
LINE
  5
120
330
17
100
AcDbEntity
  8
可见轮廓
  6
CONTINUOUS
100
AcDbLine
 10
13.059002072531335
 20
95.0
 30
0.0
 11
13.276188746885126
 21
95.0
 31
0.0
  0
LINE
  5
121
330
17
100
AcDbEntity
  8
可见轮廓
  6
CONTINUOUS
100
AcDbLine
 10
13.276188746885126
 20
95.0
 30
0.0
 11
13.495101816079348
 21
95.0
 31
0.0
  0
LINE
  5
122
330
17
100
AcDbEntity
  8
可见轮廓
  6
CONTINUOUS
100
AcDbLine
 10
13.495101816079348
 20
95.0
 30
0.0
 11
13.71572875253809
 21
95.0
 31
0.0
  0
LINE
  5
123
330
17
100
AcDbEntity
  8
可见轮廓
  6
CONTINUOUS
100
AcDbLine
 10
13.71572875253809
 20
95.0
 30
0.0
 11
13.938197328436907
 21
95.0
 31
0.0
  0
LINE
  5
124
330
17
100
AcDbEntity
  8
可见轮廓
  6
CONTINUOUS
100
AcDbLine
 10
13.938197328436907
 20
95.0
 30
0.0
 11
14.162351871970177
 21
95.0
 31
0.0
  0
LINE
  5
125
330
17
100
AcDbEntity
  8
可见轮廓
  6
CONTINUOUS
100
AcDbLine
 10
14.162351871970177
 20
95.0
 30
0.0
 11
14.388179549046708
 21
95.0
 31
0.0
  0
LINE
  5
126
330
17
100
AcDbEntity
  8
可见轮廓
  6
CONTINUOUS
100
AcDbLine
 10
14.388179549046708
 20
95.0
 30
0.0
 11
14.615667436187781
 21
95.0
 31
0.0
  0
LINE
  5
127
330
17
100
AcDbEntity
  8
可见轮廓
  6
CONTINUOUS
100
AcDbLine
 10
14.615667436187781
 20
95.0
 30
0.0
 11
14.844938366153212
 21
95.0
 31
0.0
  0
LINE
  5
128
330
17
100
AcDbEntity
  8
可见轮廓
  6
CONTINUOUS
100
AcDbLine
 10
14.844938366153212
 20
95.0
 30
0.0
 11
15.075840746239383
 21
95.0
 31
0.0
  0
LINE
  5
129
330
17
100
AcDbEntity
  8
可见轮廓
  6
CONTINUOUS
100
AcDbLine
 10
15.075840746239383
 20
95.0
 30
0.0
 11
15.308361356204909
 21
95.0
 31
0.0
  0
LINE
  5
12A
330
17
100
AcDbEntity
  8
可见轮廓
  6
CONTINUOUS
100
AcDbLine
 10
15.308361356204909
 20
95.0
 30
0.0
 11
15.542486889354088
 21
95.0
 31
0.0
  0
LINE
  5
12B
330
17
100
AcDbEntity
  8
可见轮廓
  6
CONTINUOUS
100
AcDbLine
 10
15.542486889354098
 20
95.0
 30
0.0
 11
42.0
 21
95.0
 31
0.0
  0
LINE
  5
12C
330
17
100
AcDbEntity
  8
可见轮廓
  6
CONTINUOUS
100
AcDbLine
 10
42.0
 20
95.0
 30
0.0
 11
68.4575131106459
 21
95.0
 31
0.0
  0
LINE
  5
12D
330
17
100
AcDbEntity
  8
可见轮廓
  6
CONTINUOUS
100
AcDbLine
 10
68.45751311064589
 20
95.0
 30
0.0
 11
68.69163864379507
 21
95.0
 31
0.0
  0
LINE
  5
12E
330
17
100
AcDbEntity
  8
可见轮廓
  6
CONTINUOUS
100
AcDbLine
 10
68.69163864379507
 20
95.0
 30
0.0
 11
68.92415925376059
 21
95.0
 31
0.0
  0
LINE
  5
12F
330
17
100
AcDbEntity
  8
可见轮廓
  6
CONTINUOUS
100
AcDbLine
 10
68.92415925376059
 20
95.0
 30
0.0
 11
69.15506163384677
 21
95.0
 31
0.0
  0
LINE
  5
130
330
17
100
AcDbEntity
  8
可见轮廓
  6
CONTINUOUS
100
AcDbLine
 10
69.15506163384677
 20
95.0
 30
0.0
 11
69.38433256381218
 21
95.0
 31
0.0
  0
LINE
  5
131
330
17
100
AcDbEntity
  8
可见轮廓
  6
CONTINUOUS
100
AcDbLine
 10
69.38433256381218
 20
95.0
 30
0.0
 11
69.61182045095329
 21
95.0
 31
0.0
  0
LINE
  5
132
330
17
100
AcDbEntity
  8
可见轮廓
  6
CONTINUOUS
100
AcDbLine
 10
69.61182045095329
 20
95.0
 30
0.0
 11
69.83764812802981
 21
95.0
 31
0.0
  0
LINE
  5
133
330
17
100
AcDbEntity
  8
可见轮廓
  6
CONTINUOUS
100
AcDbLine
 10
69.83764812802981
 20
95.0
 30
0.0
 11
70.06180267156309
 21
95.0
 31
0.0
  0
LINE
  5
134
330
17
100
AcDbEntity
  8
可见轮廓
  6
CONTINUOUS
100
AcDbLine
 10
70.06180267156309
 20
95.0
 30
0.0
 11
70.2842712474619
 21
95.0
 31
0.0
  0
LINE
  5
135
330
17
100
AcDbEntity
  8
可见轮廓
  6
CONTINUOUS
100
AcDbLine
 10
70.2842712474619
 20
95.0
 30
0.0
 11
70.50489818392064
 21
95.0
 31
0.0
  0
LINE
  5
136
330
17
100
AcDbEntity
  8
可见轮廓
  6
CONTINUOUS
100
AcDbLine
 10
70.50489818392064
 20
95.0
 30
0.0
 11
70.72381125311486
 21
95.0
 31
0.0
  0
LINE
  5
137
330
17
100
AcDbEntity
  8
可见轮廓
  6
CONTINUOUS
100
AcDbLine
 10
70.72381125311486
 20
95.0
 30
0.0
 11
70.94099792746866
 21
95.0
 31
0.0
  0
LINE
  5
138
330
17
100
AcDbEntity
  8
可见轮廓
  6
CONTINUOUS
100
AcDbLine
 10
70.94099792746866
 20
95.0
 30
0.0
 11
71.15644577163916
 21
95.0
 31
0.0
  0
LINE
  5
139
330
17
100
AcDbEntity
  8
可见轮廓
  6
CONTINUOUS
100
AcDbLine
 10
71.15644577163916
 20
95.0
 30
0.0
 11
71.36999518752788
 21
95.0
 31
0.0
  0
LINE
  5
13A
330
17
100
AcDbEntity
  8
可见轮廓
  6
CONTINUOUS
100
AcDbLine
 10
71.36999518752788
 20
95.0
 30
0.0
 11
71.58177876130353
 21
95.0
 31
0.0
  0
LINE
  5
13B
330
17
100
AcDbEntity
  8
可见轮廓
  6
CONTINUOUS
100
AcDbLine
 10
71.58177876130353
 20
95.0
 30
0.0
 11
71.79178437359019
 21
95.0
 31
0.0
  0
LINE
  5
13C
330
17
100
AcDbEntity
  8
可见轮廓
  6
CONTINUOUS
100
AcDbLine
 10
71.79178437359019
 20
95.0
 30
0.0
 11
72.0
 21
95.0
 31
0.0
  0
LINE
  5
13D
330
17
100
AcDbEntity
  8
可见轮廓
  6
CONTINUOUS
100
AcDbLine
 10
11.999999999999996
 20
85.0
 30
0.0
 11
12.208215626409807
 21
85.0
 31
0.0
  0
LINE
  5
13E
330
17
100
AcDbEntity
  8
可见轮廓
  6
CONTINUOUS
100
AcDbLine
 10
12.208215626409807
 20
85.0
 30
0.0
 11
12.418221238696482
 21
85.0
 31
0.0
  0
LINE
  5
13F
330
17
100
AcDbEntity
  8
可见轮廓
  6
CONTINUOUS
100
AcDbLine
 10
12.418221238696482
 20
85.0
 30
0.0
 11
12.630004812472123
 21
85.0
 31
0.0
  0
LINE
  5
140
330
17
100
AcDbEntity
  8
可见轮廓
  6
CONTINUOUS
100
AcDbLine
 10
12.630004812472123
 20
85.0
 30
0.0
 11
12.843554228360851
 21
85.0
 31
0.0
  0
LINE
  5
141
330
17
100
AcDbEntity
  8
可见轮廓
  6
CONTINUOUS
100
AcDbLine
 10
12.843554228360851
 20
85.0
 30
0.0
 11
13.059002072531335
 21
85.0
 31
0.0
  0
LINE
  5
142
330
17
100
AcDbEntity
  8
可见轮廓
  6
CONTINUOUS
100
AcDbLine
 10
13.059002072531335
 20
85.0
 30
0.0
 11
13.276188746885126
 21
85.0
 31
0.0
  0
LINE
  5
143
330
17
100
AcDbEntity
  8
可见轮廓
  6
CONTINUOUS
100
AcDbLine
 10
13.276188746885126
 20
85.0
 30
0.0
 11
13.495101816079348
 21
85.0
 31
0.0
  0
LINE
  5
144
330
17
100
AcDbEntity
  8
可见轮廓
  6
CONTINUOUS
100
AcDbLine
 10
13.495101816079348
 20
85.0
 30
0.0
 11
13.71572875253809
 21
85.0
 31
0.0
  0
LINE
  5
145
330
17
100
AcDbEntity
  8
可见轮廓
  6
CONTINUOUS
100
AcDbLine
 10
13.71572875253809
 20
85.0
 30
0.0
 11
13.938197328436907
 21
85.0
 31
0.0
  0
LINE
  5
146
330
17
100
AcDbEntity
  8
可见轮廓
  6
CONTINUOUS
100
AcDbLine
 10
13.938197328436907
 20
85.0
 30
0.0
 11
14.162351871970177
 21
85.0
 31
0.0
  0
LINE
  5
147
330
17
100
AcDbEntity
  8
可见轮廓
  6
CONTINUOUS
100
AcDbLine
 10
14.162351871970177
 20
85.0
 30
0.0
 11
14.388179549046708
 21
85.0
 31
0.0
  0
LINE
  5
148
330
17
100
AcDbEntity
  8
可见轮廓
  6
CONTINUOUS
100
AcDbLine
 10
14.388179549046708
 20
85.0
 30
0.0
 11
14.615667436187781
 21
85.0
 31
0.0
  0
LINE
  5
149
330
17
100
AcDbEntity
  8
可见轮廓
  6
CONTINUOUS
100
AcDbLine
 10
14.615667436187781
 20
85.0
 30
0.0
 11
14.844938366153212
 21
85.0
 31
0.0
  0
LINE
  5
14A
330
17
100
AcDbEntity
  8
可见轮廓
  6
CONTINUOUS
100
AcDbLine
 10
14.844938366153212
 20
85.0
 30
0.0
 11
15.075840746239383
 21
85.0
 31
0.0
  0
LINE
  5
14B
330
17
100
AcDbEntity
  8
可见轮廓
  6
CONTINUOUS
100
AcDbLine
 10
15.075840746239383
 20
85.0
 30
0.0
 11
15.308361356204909
 21
85.0
 31
0.0
  0
LINE
  5
14C
330
17
100
AcDbEntity
  8
可见轮廓
  6
CONTINUOUS
100
AcDbLine
 10
15.308361356204909
 20
85.0
 30
0.0
 11
15.542486889354088
 21
85.0
 31
0.0
  0
LINE
  5
14D
330
17
100
AcDbEntity
  8
可见轮廓
  6
CONTINUOUS
100
AcDbLine
 10
15.542486889354098
 20
90.0
 30
0.0
 11
15.542486889354098
 21
95.0
 31
0.0
  0
LINE
  5
14E
330
17
100
AcDbEntity
  8
可见轮廓
  6
CONTINUOUS
100
AcDbLine
 10
15.542486889354098
 20
85.0
 30
0.0
 11
15.542486889354098
 21
90.0
 31
0.0
  0
LINE
  5
14F
330
17
100
AcDbEntity
  8
可见轮廓
  6
CONTINUOUS
100
AcDbLine
 10
12.0
 20
90.0
 30
0.0
 11
12.0
 21
95.0
 31
0.0
  0
LINE
  5
150
330
17
100
AcDbEntity
  8
可见轮廓
  6
CONTINUOUS
100
AcDbLine
 10
12.0
 20
85.0
 30
0.0
 11
12.0
 21
90.0
 31
0.0
  0
LINE
  5
151
330
17
100
AcDbEntity
  8
可见轮廓
  6
CONTINUOUS
100
AcDbLine
 10
15.542486889354098
 20
85.0
 30
0.0
 11
27.0
 21
85.0
 31
0.0
  0
LINE
  5
152
330
17
100
AcDbEntity
  8
可见轮廓
  6
CONTINUOUS
100
AcDbLine
 10
27.0
 20
85.0
 30
0.0
 11
42.0
 21
85.0
 31
0.0
  0
LINE
  5
153
330
17
100
AcDbEntity
  8
可见轮廓
  6
CONTINUOUS
100
AcDbLine
 10
42.0
 20
85.0
 30
0.0
 11
57.0
 21
85.0
 31
0.0
  0
LINE
  5
154
330
17
100
AcDbEntity
  8
可见轮廓
  6
CONTINUOUS
100
AcDbLine
 10
57.0
 20
85.0
 30
0.0
 11
68.4575131106459
 21
85.0
 31
0.0
  0
LINE
  5
155
330
17
100
AcDbEntity
  8
可见轮廓
  6
CONTINUOUS
100
AcDbLine
 10
68.4575131106459
 20
90.0
 30
0.0
 11
68.4575131106459
 21
95.0
 31
0.0
  0
LINE
  5
156
330
17
100
AcDbEntity
  8
可见轮廓
  6
CONTINUOUS
100
AcDbLine
 10
68.4575131106459
 20
85.0
 30
0.0
 11
68.4575131106459
 21
90.0
 31
0.0
  0
LINE
  5
157
330
17
100
AcDbEntity
  8
可见轮廓
  6
CONTINUOUS
100
AcDbLine
 10
68.45751311064589
 20
85.0
 30
0.0
 11
68.69163864379507
 21
85.0
 31
0.0
  0
LINE
  5
158
330
17
100
AcDbEntity
  8
可见轮廓
  6
CONTINUOUS
100
AcDbLine
 10
68.69163864379507
 20
85.0
 30
0.0
 11
68.92415925376059
 21
85.0
 31
0.0
  0
LINE
  5
159
330
17
100
AcDbEntity
  8
可见轮廓
  6
CONTINUOUS
100
AcDbLine
 10
68.92415925376059
 20
85.0
 30
0.0
 11
69.15506163384677
 21
85.0
 31
0.0
  0
LINE
  5
15A
330
17
100
AcDbEntity
  8
可见轮廓
  6
CONTINUOUS
100
AcDbLine
 10
69.15506163384677
 20
85.0
 30
0.0
 11
69.38433256381218
 21
85.0
 31
0.0
  0
LINE
  5
15B
330
17
100
AcDbEntity
  8
可见轮廓
  6
CONTINUOUS
100
AcDbLine
 10
69.38433256381218
 20
85.0
 30
0.0
 11
69.61182045095329
 21
85.0
 31
0.0
  0
LINE
  5
15C
330
17
100
AcDbEntity
  8
可见轮廓
  6
CONTINUOUS
100
AcDbLine
 10
69.61182045095329
 20
85.0
 30
0.0
 11
69.83764812802981
 21
85.0
 31
0.0
  0
LINE
  5
15D
330
17
100
AcDbEntity
  8
可见轮廓
  6
CONTINUOUS
100
AcDbLine
 10
69.83764812802981
 20
85.0
 30
0.0
 11
70.06180267156309
 21
85.0
 31
0.0
  0
LINE
  5
15E
330
17
100
AcDbEntity
  8
可见轮廓
  6
CONTINUOUS
100
AcDbLine
 10
70.06180267156309
 20
85.0
 30
0.0
 11
70.2842712474619
 21
85.0
 31
0.0
  0
LINE
  5
15F
330
17
100
AcDbEntity
  8
可见轮廓
  6
CONTINUOUS
100
AcDbLine
 10
70.2842712474619
 20
85.0
 30
0.0
 11
70.50489818392064
 21
85.0
 31
0.0
  0
LINE
  5
160
330
17
100
AcDbEntity
  8
可见轮廓
  6
CONTINUOUS
100
AcDbLine
 10
70.50489818392064
 20
85.0
 30
0.0
 11
70.72381125311486
 21
85.0
 31
0.0
  0
LINE
  5
161
330
17
100
AcDbEntity
  8
可见轮廓
  6
CONTINUOUS
100
AcDbLine
 10
70.72381125311486
 20
85.0
 30
0.0
 11
70.94099792746866
 21
85.0
 31
0.0
  0
LINE
  5
162
330
17
100
AcDbEntity
  8
可见轮廓
  6
CONTINUOUS
100
AcDbLine
 10
70.94099792746866
 20
85.0
 30
0.0
 11
71.15644577163916
 21
85.0
 31
0.0
  0
LINE
  5
163
330
17
100
AcDbEntity
  8
可见轮廓
  6
CONTINUOUS
100
AcDbLine
 10
71.15644577163916
 20
85.0
 30
0.0
 11
71.36999518752788
 21
85.0
 31
0.0
  0
LINE
  5
164
330
17
100
AcDbEntity
  8
可见轮廓
  6
CONTINUOUS
100
AcDbLine
 10
71.36999518752788
 20
85.0
 30
0.0
 11
71.58177876130353
 21
85.0
 31
0.0
  0
LINE
  5
165
330
17
100
AcDbEntity
  8
可见轮廓
  6
CONTINUOUS
100
AcDbLine
 10
71.58177876130353
 20
85.0
 30
0.0
 11
71.79178437359019
 21
85.0
 31
0.0
  0
LINE
  5
166
330
17
100
AcDbEntity
  8
可见轮廓
  6
CONTINUOUS
100
AcDbLine
 10
71.79178437359019
 20
85.0
 30
0.0
 11
72.0
 21
85.0
 31
0.0
  0
LINE
  5
167
330
17
100
AcDbEntity
  8
可见轮廓
  6
CONTINUOUS
100
AcDbLine
 10
72.0
 20
90.0
 30
0.0
 11
72.0
 21
95.0
 31
0.0
  0
LINE
  5
168
330
17
100
AcDbEntity
  8
可见轮廓
  6
CONTINUOUS
100
AcDbLine
 10
72.0
 20
85.0
 30
0.0
 11
72.0
 21
90.0
 31
0.0
  0
LINE
  5
169
330
17
100
AcDbEntity
  8
可见轮廓
  6
CONTINUOUS
100
AcDbLine
 10
72.0
 20
56.75
 30
0.0
 11
72.0
 21
85.0
 31
0.0
  0
LINE
  5
16A
330
17
100
AcDbEntity
  8
可见轮廓
  6
CONTINUOUS
100
AcDbLine
 10
72.0
 20
28.5
 30
0.0
 11
72.0
 21
56.75
 31
0.0
  0
LINE
  5
16B
330
17
100
AcDbEntity
  8
可见轮廓
  6
CONTINUOUS
100
AcDbLine
 10
12.0
 20
56.75
 30
0.0
 11
12.0
 21
85.0
 31
0.0
  0
LINE
  5
16C
330
17
100
AcDbEntity
  8
可见轮廓
  6
CONTINUOUS
100
AcDbLine
 10
12.0
 20
28.5
 30
0.0
 11
12.0
 21
56.75
 31
0.0
  0
LINE
  5
16D
330
17
100
AcDbEntity
  8
可见轮廓
  6
CONTINUOUS
100
AcDbLine
 10
65.09873734152896
 20
2.0
 30
0.0
 11
68.39873734152894
 21
2.0
 31
0.0
  0
LINE
  5
16E
330
17
100
AcDbEntity
  8
可见轮廓
  6
CONTINUOUS
100
AcDbLine
 10
15.601262658470848
 20
2.0
 30
0.0
 11
18.901262658470845
 21
2.0
 31
0.0
  0
LINE
  5
16F
330
17
100
AcDbEntity
  8
可见轮廓
  6
CONTINUOUS
100
AcDbLine
 10
17.0
 20
2.0
 30
0.0
 11
67.0
 21
2.0
 31
0.0
  0
LINE
  5
170
330
17
100
AcDbEntity
  8
可见轮廓
  6
CONTINUOUS
100
AcDbLine
 10
17.0
 20
7.0
 30
0.0
 11
67.0
 21
7.0
 31
0.0
  0
LINE
  5
171
330
17
100
AcDbEntity
  8
可见轮廓
  6
CONTINUOUS
100
AcDbLine
 10
35.0
 20
8.0
 30
0.0
 11
49.0
 21
8.0
 31
0.0
  0
LINE
  5
172
330
17
100
AcDbEntity
  8
可见轮廓
  6
CONTINUOUS
100
AcDbLine
 10
35.0
 20
28.5
 30
0.0
 11
49.0
 21
28.5
 31
0.0
  0
LINE
  5
173
330
17
100
AcDbEntity
  8
可见轮廓
  6
CONTINUOUS
100
AcDbLine
 10
26.0
 20
8.0
 30
0.0
 11
58.0
 21
8.0
 31
0.0
  0
LINE
  5
174
330
17
100
AcDbEntity
  8
可见轮廓
  6
CONTINUOUS
100
AcDbLine
 10
68.45751311064592
 20
2.0
 30
0.0
 11
72.0
 21
2.0
 31
0.0
  0
LINE
  5
175
330
17
100
AcDbEntity
  8
可见轮廓
  6
CONTINUOUS
100
AcDbLine
 10
11.999999999999993
 20
2.0
 30
0.0
 11
15.542486889354116
 21
2.0
 31
0.0
  0
LINE
  5
176
330
17
100
AcDbEntity
  8
可见轮廓
  6
CONTINUOUS
100
AcDbLine
 10
12.0
 20
28.5
 30
0.0
 11
72.0
 21
28.5
 31
0.0
  0
LINE
  5
177
330
17
100
AcDbEntity
  8
可见轮廓
  6
CONTINUOUS
100
AcDbLine
 10
34.0
 20
28.5
 30
0.0
 11
50.0
 21
28.5
 31
0.0
  0
LINE
  5
178
330
17
100
AcDbEntity
  8
可见轮廓
  6
CONTINUOUS
100
AcDbLine
 10
36.0
 20
98.9
 30
0.0
 11
40.0
 21
98.9
 31
0.0
  0
LINE
  5
179
330
17
100
AcDbEntity
  8
可见轮廓
  6
CONTINUOUS
100
AcDbLine
 10
44.0
 20
98.9
 30
0.0
 11
48.0
 21
98.9
 31
0.0
  0
LINE
  5
17A
330
17
100
AcDbEntity
  8
可见轮廓
  6
CONTINUOUS
100
AcDbLine
 10
36.0
 20
98.9
 30
0.0
 11
48.0
 21
98.9
 31
0.0
  0
LINE
  5
17B
330
17
100
AcDbEntity
  8
可见轮廓
  6
CONTINUOUS
100
AcDbLine
 10
33.5
 20
98.9
 30
0.0
 11
50.5
 21
98.9
 31
0.0
  0
LINE
  5
17C
330
17
100
AcDbEntity
  8
可见轮廓
  6
CONTINUOUS
100
AcDbLine
 10
17.0
 20
98.0
 30
0.0
 11
67.0
 21
98.0
 31
0.0
  0
LINE
  5
17D
330
17
100
AcDbEntity
  8
可见轮廓
  6
CONTINUOUS
100
AcDbLine
 10
63.99873734152915
 20
95.0
 30
0.0
 11
69.49873734152915
 21
95.0
 31
0.0
  0
LINE
  5
17E
330
17
100
AcDbEntity
  8
可见轮廓
  6
CONTINUOUS
100
AcDbLine
 10
14.501262658471049
 20
95.0
 30
0.0
 11
20.00126265847105
 21
95.0
 31
0.0
  0
LINE
  5
17F
330
17
100
AcDbEntity
  8
可见轮廓
  6
CONTINUOUS
100
AcDbLine
 10
14.501262658471049
 20
85.0
 30
0.0
 11
20.00126265847105
 21
85.0
 31
0.0
  0
LINE
  5
180
330
17
100
AcDbEntity
  8
可见轮廓
  6
CONTINUOUS
100
AcDbLine
 10
63.99873734152915
 20
85.0
 30
0.0
 11
69.49873734152915
 21
85.0
 31
0.0
  0
LINE
  5
181
330
17
100
AcDbEntity
  8
可见轮廓
  6
CONTINUOUS
100
AcDbLine
 10
65.09873734152896
 20
2.0
 30
0.0
 11
65.09873734152896
 21
12.099999999999998
 31
0.0
  0
LINE
  5
182
330
17
100
AcDbEntity
  8
可见轮廓
  6
CONTINUOUS
100
AcDbLine
 10
15.601262658470848
 20
2.0
 30
0.0
 11
15.601262658470848
 21
12.099999999999998
 31
0.0
  0
LINE
  5
183
330
17
100
AcDbEntity
  8
可见轮廓
  6
CONTINUOUS
100
AcDbLine
 10
17.0
 20
2.0
 30
0.0
 11
17.0
 21
7.0
 31
0.0
  0
LINE
  5
184
330
17
100
AcDbEntity
  8
可见轮廓
  6
CONTINUOUS
100
AcDbLine
 10
35.0
 20
8.0
 30
0.0
 11
35.0
 21
28.5
 31
0.0
  0
LINE
  5
185
330
17
100
AcDbEntity
  8
可见轮廓
  6
CONTINUOUS
100
AcDbLine
 10
2.0
 20
21.73673019291535
 30
0.0
 11
12.000000028969694
 21
23.500000005108102
 31
0.0
  0
LINE
  5
186
330
17
100
AcDbEntity
  8
可见轮廓
  6
CONTINUOUS
100
AcDbLine
 10
71.9999999710303
 20
23.500000005108102
 30
0.0
 11
82.0
 21
21.73673019291535
 31
0.0
  0
LINE
  5
187
330
17
100
AcDbEntity
  8
可见轮廓
  6
CONTINUOUS
100
AcDbLine
 10
42.0
 20
21.73673019291535
 30
0.0
 11
42.0
 21
23.500000005108106
 31
0.0
  0
LINE
  5
188
330
17
100
AcDbEntity
  8
可见轮廓
  6
CONTINUOUS
100
AcDbLine
 10
72.0
 20
2.0
 30
0.0
 11
72.0
 21
21.73673019291535
 31
0.0
  0
LINE
  5
189
330
17
100
AcDbEntity
  8
可见轮廓
  6
CONTINUOUS
100
AcDbLine
 10
15.542486889354098
 20
2.0
 30
0.0
 11
15.542486889354098
 21
21.73673019291535
 31
0.0
  0
LINE
  5
18A
330
17
100
AcDbEntity
  8
可见轮廓
  6
CONTINUOUS
100
AcDbLine
 10
11.999999999999982
 20
2.0
 30
0.0
 11
11.999999999999982
 21
21.73673019291535
 31
0.0
  0
LINE
  5
18B
330
17
100
AcDbEntity
  8
可见轮廓
  6
CONTINUOUS
100
AcDbLine
 10
68.45751311064589
 20
2.0
 30
0.0
 11
68.45751311064589
 21
21.73673019291535
 31
0.0
  0
LINE
  5
18C
330
17
100
AcDbEntity
  8
可见轮廓
  6
CONTINUOUS
100
AcDbLine
 10
72.0
 20
23.5
 30
0.0
 11
72.0
 21
28.5
 31
0.0
  0
LINE
  5
18D
330
17
100
AcDbEntity
  8
可见轮廓
  6
CONTINUOUS
100
AcDbLine
 10
12.0
 20
23.5
 30
0.0
 11
12.0
 21
28.5
 31
0.0
  0
LINE
  5
18E
330
17
100
AcDbEntity
  8
可见轮廓
  6
CONTINUOUS
100
AcDbLine
 10
49.0
 20
8.0
 30
0.0
 11
49.0
 21
28.5
 31
0.0
  0
LINE
  5
18F
330
17
100
AcDbEntity
  8
可见轮廓
  6
CONTINUOUS
100
AcDbLine
 10
67.0
 20
2.0
 30
0.0
 11
67.0
 21
7.0
 31
0.0
  0
LINE
  5
190
330
17
100
AcDbEntity
  8
可见轮廓
  6
CONTINUOUS
100
AcDbLine
 10
18.901262658470845
 20
2.0
 30
0.0
 11
18.901262658470845
 21
12.099999999999998
 31
0.0
  0
LINE
  5
191
330
17
100
AcDbEntity
  8
可见轮廓
  6
CONTINUOUS
100
AcDbLine
 10
68.39873734152916
 20
2.0
 30
0.0
 11
68.39873734152916
 21
12.099999999999998
 31
0.0
  0
LINE
  5
192
330
17
100
AcDbEntity
  8
可见轮廓
  6
CONTINUOUS
100
AcDbLine
 10
34.0
 20
28.5
 30
0.0
 11
34.0
 21
33.5
 31
0.0
  0
LINE
  5
193
330
17
100
AcDbEntity
  8
可见轮廓
  6
CONTINUOUS
100
AcDbLine
 10
40.0
 20
70.9
 30
0.0
 11
40.0
 21
98.9
 31
0.0
  0
LINE
  5
194
330
17
100
AcDbEntity
  8
可见轮廓
  6
CONTINUOUS
100
AcDbLine
 10
50.5
 20
98.0
 30
0.0
 11
50.5
 21
98.9
 31
0.0
  0
LINE
  5
195
330
17
100
AcDbEntity
  8
可见轮廓
  6
CONTINUOUS
100
AcDbLine
 10
67.0
 20
95.0
 30
0.0
 11
67.0
 21
98.0
 31
0.0
  0
LINE
  5
196
330
17
100
AcDbEntity
  8
可见轮廓
  6
CONTINUOUS
100
AcDbLine
 10
69.49873734152915
 20
85.0
 30
0.0
 11
69.49873734152915
 21
95.0
 31
0.0
  0
LINE
  5
197
330
17
100
AcDbEntity
  8
可见轮廓
  6
CONTINUOUS
100
AcDbLine
 10
20.00126265847105
 20
85.0
 30
0.0
 11
20.00126265847105
 21
95.0
 31
0.0
  0
LINE
  5
198
330
17
100
AcDbEntity
  8
可见轮廓
  6
CONTINUOUS
100
AcDbLine
 10
14.501262658471049
 20
85.0
 30
0.0
 11
14.501262658471049
 21
95.0
 31
0.0
  0
LINE
  5
199
330
17
100
AcDbEntity
  8
可见轮廓
  6
CONTINUOUS
100
AcDbLine
 10
15.542486889354116
 20
85.0
 30
0.0
 11
15.542486889354116
 21
95.0
 31
0.0
  0
LINE
  5
19A
330
17
100
AcDbEntity
  8
可见轮廓
  6
CONTINUOUS
100
AcDbLine
 10
72.00000000000001
 20
85.0
 30
0.0
 11
72.00000000000001
 21
95.0
 31
0.0
  0
LINE
  5
19B
330
17
100
AcDbEntity
  8
可见轮廓
  6
CONTINUOUS
100
AcDbLine
 10
68.4575131106459
 20
85.0
 30
0.0
 11
68.4575131106459
 21
95.0
 31
0.0
  0
LINE
  5
19C
330
17
100
AcDbEntity
  8
可见轮廓
  6
CONTINUOUS
100
AcDbLine
 10
12.0
 20
85.0
 30
0.0
 11
12.0
 21
95.0
 31
0.0
  0
LINE
  5
19D
330
17
100
AcDbEntity
  8
可见轮廓
  6
CONTINUOUS
100
AcDbLine
 10
72.0
 20
28.5
 30
0.0
 11
72.0
 21
85.0
 31
0.0
  0
LINE
  5
19E
330
17
100
AcDbEntity
  8
可见轮廓
  6
CONTINUOUS
100
AcDbLine
 10
12.0
 20
28.5
 30
0.0
 11
12.0
 21
85.0
 31
0.0
  0
LINE
  5
19F
330
17
100
AcDbEntity
  8
可见轮廓
  6
CONTINUOUS
100
AcDbLine
 10
63.99873734152915
 20
85.0
 30
0.0
 11
63.99873734152915
 21
95.0
 31
0.0
  0
LINE
  5
1A0
330
17
100
AcDbEntity
  8
可见轮廓
  6
CONTINUOUS
100
AcDbLine
 10
17.0
 20
95.0
 30
0.0
 11
17.0
 21
98.0
 31
0.0
  0
LINE
  5
1A1
330
17
100
AcDbEntity
  8
可见轮廓
  6
CONTINUOUS
100
AcDbLine
 10
33.5
 20
98.0
 30
0.0
 11
33.5
 21
98.9
 31
0.0
  0
LINE
  5
1A2
330
17
100
AcDbEntity
  8
可见轮廓
  6
CONTINUOUS
100
AcDbLine
 10
48.0
 20
70.9
 30
0.0
 11
48.0
 21
98.9
 31
0.0
  0
LINE
  5
1A3
330
17
100
AcDbEntity
  8
可见轮廓
  6
CONTINUOUS
100
AcDbLine
 10
36.0
 20
70.9
 30
0.0
 11
36.0
 21
98.9
 31
0.0
  0
LINE
  5
1A4
330
17
100
AcDbEntity
  8
可见轮廓
  6
CONTINUOUS
100
AcDbLine
 10
50.0
 20
28.5
 30
0.0
 11
50.0
 21
33.5
 31
0.0
  0
LINE
  5
1A5
330
17
100
AcDbEntity
  8
隐藏线
  6
HIDDEN
100
AcDbLine
 10
65.09873734152896
 20
2.0
 30
0.0
 11
65.13235776362299
 21
2.0
 31
0.0
  0
LINE
  5
1A6
330
17
100
AcDbEntity
  8
隐藏线
  6
HIDDEN
100
AcDbLine
 10
65.13235776362299
 20
2.0
 30
0.0
 11
65.22673427800505
 21
2.0
 31
0.0
  0
LINE
  5
1A7
330
17
100
AcDbEntity
  8
隐藏线
  6
HIDDEN
100
AcDbLine
 10
65.22673427800505
 20
2.0
 30
0.0
 11
65.3784106584659
 21
2.0
 31
0.0
  0
LINE
  5
1A8
330
17
100
AcDbEntity
  8
隐藏线
  6
HIDDEN
100
AcDbLine
 10
65.3784106584659
 20
2.0
 30
0.0
 11
65.58201115257114
 21
2.0
 31
0.0
  0
LINE
  5
1A9
330
17
100
AcDbEntity
  8
隐藏线
  6
HIDDEN
100
AcDbLine
 10
65.58201115257114
 20
2.0
 30
0.0
 11
65.83315810357449
 21
2.0
 31
0.0
  0
LINE
  5
1AA
330
17
100
AcDbEntity
  8
隐藏线
  6
HIDDEN
100
AcDbLine
 10
65.83315810357449
 20
2.0
 30
0.0
 11
66.11830303064396
 21
2.0
 31
0.0
  0
LINE
  5
1AB
330
17
100
AcDbEntity
  8
隐藏线
  6
HIDDEN
100
AcDbLine
 10
66.11830303064396
 20
2.0
 30
0.0
 11
66.4271823393654
 21
2.0
 31
0.0
  0
LINE
  5
1AC
330
17
100
AcDbEntity
  8
隐藏线
  6
HIDDEN
100
AcDbLine
 10
66.4271823393654
 20
2.0
 30
0.0
 11
66.74873734152895
 21
2.0
 31
0.0
  0
LINE
  5
1AD
330
17
100
AcDbEntity
  8
隐藏线
  6
HIDDEN
100
AcDbLine
 10
66.74873734152895
 20
2.0
 30
0.0
 11
67.0702923436925
 21
2.0
 31
0.0
  0
LINE
  5
1AE
330
17
100
AcDbEntity
  8
隐藏线
  6
HIDDEN
100
AcDbLine
 10
67.0702923436925
 20
2.0
 30
0.0
 11
67.37917165241394
 21
2.0
 31
0.0
  0
LINE
  5
1AF
330
17
100
AcDbEntity
  8
隐藏线
  6
HIDDEN
100
AcDbLine
 10
67.37917165241394
 20
2.0
 30
0.0
 11
67.66431657948341
 21
2.0
 31
0.0
  0
LINE
  5
1B0
330
17
100
AcDbEntity
  8
隐藏线
  6
HIDDEN
100
AcDbLine
 10
67.66431657948341
 20
2.0
 30
0.0
 11
67.91546353048676
 21
2.0
 31
0.0
  0
LINE
  5
1B1
330
17
100
AcDbEntity
  8
隐藏线
  6
HIDDEN
100
AcDbLine
 10
67.91546353048676
 20
2.0
 30
0.0
 11
68.119064024592
 21
2.0
 31
0.0
  0
LINE
  5
1B2
330
17
100
AcDbEntity
  8
隐藏线
  6
HIDDEN
100
AcDbLine
 10
68.119064024592
 20
2.0
 30
0.0
 11
68.27074040505285
 21
2.0
 31
0.0
  0
LINE
  5
1B3
330
17
100
AcDbEntity
  8
隐藏线
  6
HIDDEN
100
AcDbLine
 10
68.27074040505285
 20
2.0
 30
0.0
 11
68.36511691943491
 21
2.0
 31
0.0
  0
LINE
  5
1B4
330
17
100
AcDbEntity
  8
隐藏线
  6
HIDDEN
100
AcDbLine
 10
68.36511691943491
 20
2.0
 30
0.0
 11
68.39873734152894
 21
2.0
 31
0.0
  0
LINE
  5
1B5
330
17
100
AcDbEntity
  8
隐藏线
  6
HIDDEN
100
AcDbLine
 10
65.09873734152896
 20
7.049999999999997
 30
0.0
 11
65.09873734152896
 21
12.099999999999998
 31
0.0
  0
LINE
  5
1B6
330
17
100
AcDbEntity
  8
隐藏线
  6
HIDDEN
100
AcDbLine
 10
65.09873734152896
 20
2.0
 30
0.0
 11
65.09873734152896
 21
7.049999999999997
 31
0.0
  0
LINE
  5
1B7
330
17
100
AcDbEntity
  8
隐藏线
  6
HIDDEN
100
AcDbLine
 10
65.09873734152896
 20
12.099999999999998
 30
0.0
 11
65.13235776362299
 21
12.099999999999998
 31
0.0
  0
LINE
  5
1B8
330
17
100
AcDbEntity
  8
隐藏线
  6
HIDDEN
100
AcDbLine
 10
65.13235776362299
 20
12.099999999999998
 30
0.0
 11
65.22673427800505
 21
12.099999999999998
 31
0.0
  0
LINE
  5
1B9
330
17
100
AcDbEntity
  8
隐藏线
  6
HIDDEN
100
AcDbLine
 10
65.22673427800505
 20
12.099999999999998
 30
0.0
 11
65.3784106584659
 21
12.099999999999998
 31
0.0
  0
LINE
  5
1BA
330
17
100
AcDbEntity
  8
隐藏线
  6
HIDDEN
100
AcDbLine
 10
65.3784106584659
 20
12.099999999999998
 30
0.0
 11
65.58201115257114
 21
12.099999999999998
 31
0.0
  0
LINE
  5
1BB
330
17
100
AcDbEntity
  8
隐藏线
  6
HIDDEN
100
AcDbLine
 10
65.58201115257114
 20
12.099999999999998
 30
0.0
 11
65.83315810357449
 21
12.099999999999998
 31
0.0
  0
LINE
  5
1BC
330
17
100
AcDbEntity
  8
隐藏线
  6
HIDDEN
100
AcDbLine
 10
65.83315810357449
 20
12.099999999999998
 30
0.0
 11
66.11830303064396
 21
12.099999999999998
 31
0.0
  0
LINE
  5
1BD
330
17
100
AcDbEntity
  8
隐藏线
  6
HIDDEN
100
AcDbLine
 10
66.11830303064396
 20
12.099999999999998
 30
0.0
 11
66.4271823393654
 21
12.099999999999998
 31
0.0
  0
LINE
  5
1BE
330
17
100
AcDbEntity
  8
隐藏线
  6
HIDDEN
100
AcDbLine
 10
66.4271823393654
 20
12.099999999999998
 30
0.0
 11
66.74873734152895
 21
12.099999999999998
 31
0.0
  0
LINE
  5
1BF
330
17
100
AcDbEntity
  8
隐藏线
  6
HIDDEN
100
AcDbLine
 10
66.74873734152895
 20
12.099999999999998
 30
0.0
 11
67.0702923436925
 21
12.099999999999998
 31
0.0
  0
LINE
  5
1C0
330
17
100
AcDbEntity
  8
隐藏线
  6
HIDDEN
100
AcDbLine
 10
67.0702923436925
 20
12.099999999999998
 30
0.0
 11
67.37917165241394
 21
12.099999999999998
 31
0.0
  0
LINE
  5
1C1
330
17
100
AcDbEntity
  8
隐藏线
  6
HIDDEN
100
AcDbLine
 10
67.37917165241394
 20
12.099999999999998
 30
0.0
 11
67.66431657948341
 21
12.099999999999998
 31
0.0
  0
LINE
  5
1C2
330
17
100
AcDbEntity
  8
隐藏线
  6
HIDDEN
100
AcDbLine
 10
67.66431657948341
 20
12.099999999999998
 30
0.0
 11
67.91546353048676
 21
12.099999999999998
 31
0.0
  0
LINE
  5
1C3
330
17
100
AcDbEntity
  8
隐藏线
  6
HIDDEN
100
AcDbLine
 10
67.91546353048676
 20
12.099999999999998
 30
0.0
 11
68.119064024592
 21
12.099999999999998
 31
0.0
  0
LINE
  5
1C4
330
17
100
AcDbEntity
  8
隐藏线
  6
HIDDEN
100
AcDbLine
 10
68.119064024592
 20
12.099999999999998
 30
0.0
 11
68.27074040505285
 21
12.099999999999998
 31
0.0
  0
LINE
  5
1C5
330
17
100
AcDbEntity
  8
隐藏线
  6
HIDDEN
100
AcDbLine
 10
68.27074040505285
 20
12.099999999999998
 30
0.0
 11
68.36511691943491
 21
12.099999999999998
 31
0.0
  0
LINE
  5
1C6
330
17
100
AcDbEntity
  8
隐藏线
  6
HIDDEN
100
AcDbLine
 10
68.36511691943491
 20
12.099999999999998
 30
0.0
 11
68.39873734152894
 21
12.099999999999998
 31
0.0
  0
LINE
  5
1C7
330
17
100
AcDbEntity
  8
隐藏线
  6
HIDDEN
100
AcDbLine
 10
68.39873734152894
 20
7.049999999999997
 30
0.0
 11
68.39873734152894
 21
12.099999999999998
 31
0.0
  0
LINE
  5
1C8
330
17
100
AcDbEntity
  8
隐藏线
  6
HIDDEN
100
AcDbLine
 10
68.39873734152894
 20
2.0
 30
0.0
 11
68.39873734152894
 21
7.049999999999997
 31
0.0
  0
LINE
  5
1C9
330
17
100
AcDbEntity
  8
隐藏线
  6
HIDDEN
100
AcDbLine
 10
65.92373734152895
 20
12.595710010697733
 30
0.0
 11
66.74873734152894
 21
13.09142002139547
 31
0.0
  0
LINE
  5
1CA
330
17
100
AcDbEntity
  8
隐藏线
  6
HIDDEN
100
AcDbLine
 10
65.09873734152896
 20
12.099999999999998
 30
0.0
 11
65.92373734152895
 21
12.595710010697733
 31
0.0
  0
LINE
  5
1CB
330
17
100
AcDbEntity
  8
隐藏线
  6
HIDDEN
100
AcDbLine
 10
66.74873734152897
 20
13.09142002139547
 30
0.0
 11
67.57373734152895
 21
12.595710010697733
 31
0.0
  0
LINE
  5
1CC
330
17
100
AcDbEntity
  8
隐藏线
  6
HIDDEN
100
AcDbLine
 10
67.57373734152895
 20
12.595710010697733
 30
0.0
 11
68.39873734152894
 21
12.099999999999998
 31
0.0
  0
LINE
  5
1CD
330
17
100
AcDbEntity
  8
隐藏线
  6
HIDDEN
100
AcDbLine
 10
15.601262658470848
 20
2.0
 30
0.0
 11
15.63488308056488
 21
2.0
 31
0.0
  0
LINE
  5
1CE
330
17
100
AcDbEntity
  8
隐藏线
  6
HIDDEN
100
AcDbLine
 10
15.63488308056488
 20
2.0
 30
0.0
 11
15.72925959494695
 21
2.0
 31
0.0
  0
LINE
  5
1CF
330
17
100
AcDbEntity
  8
隐藏线
  6
HIDDEN
100
AcDbLine
 10
15.72925959494695
 20
2.0
 30
0.0
 11
15.880935975407784
 21
2.0
 31
0.0
  0
LINE
  5
1D0
330
17
100
AcDbEntity
  8
隐藏线
  6
HIDDEN
100
AcDbLine
 10
15.880935975407784
 20
2.0
 30
0.0
 11
16.084536469513043
 21
2.0
 31
0.0
  0
LINE
  5
1D1
330
17
100
AcDbEntity
  8
隐藏线
  6
HIDDEN
100
AcDbLine
 10
16.084536469513043
 20
2.0
 30
0.0
 11
16.33568342051639
 21
2.0
 31
0.0
  0
LINE
  5
1D2
330
17
100
AcDbEntity
  8
隐藏线
  6
HIDDEN
100
AcDbLine
 10
16.33568342051639
 20
2.0
 30
0.0
 11
16.62082834758585
 21
2.0
 31
0.0
  0
LINE
  5
1D3
330
17
100
AcDbEntity
  8
隐藏线
  6
HIDDEN
100
AcDbLine
 10
16.62082834758585
 20
2.0
 30
0.0
 11
16.929707656307293
 21
2.0
 31
0.0
  0
LINE
  5
1D4
330
17
100
AcDbEntity
  8
隐藏线
  6
HIDDEN
100
AcDbLine
 10
16.929707656307293
 20
2.0
 30
0.0
 11
17.251262658470846
 21
2.0
 31
0.0
  0
LINE
  5
1D5
330
17
100
AcDbEntity
  8
隐藏线
  6
HIDDEN
100
AcDbLine
 10
17.251262658470846
 20
2.0
 30
0.0
 11
17.5728176606344
 21
2.0
 31
0.0
  0
LINE
  5
1D6
330
17
100
AcDbEntity
  8
隐藏线
  6
HIDDEN
100
AcDbLine
 10
17.5728176606344
 20
2.0
 30
0.0
 11
17.881696969355843
 21
2.0
 31
0.0
  0
LINE
  5
1D7
330
17
100
AcDbEntity
  8
隐藏线
  6
HIDDEN
100
AcDbLine
 10
17.881696969355843
 20
2.0
 30
0.0
 11
18.166841896425304
 21
2.0
 31
0.0
  0
LINE
  5
1D8
330
17
100
AcDbEntity
  8
隐藏线
  6
HIDDEN
100
AcDbLine
 10
18.166841896425304
 20
2.0
 30
0.0
 11
18.41798884742865
 21
2.0
 31
0.0
  0
LINE
  5
1D9
330
17
100
AcDbEntity
  8
隐藏线
  6
HIDDEN
100
AcDbLine
 10
18.41798884742865
 20
2.0
 30
0.0
 11
18.62158934153391
 21
2.0
 31
0.0
  0
LINE
  5
1DA
330
17
100
AcDbEntity
  8
隐藏线
  6
HIDDEN
100
AcDbLine
 10
18.62158934153391
 20
2.0
 30
0.0
 11
18.773265721994747
 21
2.0
 31
0.0
  0
LINE
  5
1DB
330
17
100
AcDbEntity
  8
隐藏线
  6
HIDDEN
100
AcDbLine
 10
18.773265721994747
 20
2.0
 30
0.0
 11
18.867642236376813
 21
2.0
 31
0.0
  0
LINE
  5
1DC
330
17
100
AcDbEntity
  8
隐藏线
  6
HIDDEN
100
AcDbLine
 10
18.867642236376813
 20
2.0
 30
0.0
 11
18.901262658470845
 21
2.0
 31
0.0
  0
LINE
  5
1DD
330
17
100
AcDbEntity
  8
隐藏线
  6
HIDDEN
100
AcDbLine
 10
15.601262658470848
 20
7.049999999999997
 30
0.0
 11
15.601262658470848
 21
12.099999999999998
 31
0.0
  0
LINE
  5
1DE
330
17
100
AcDbEntity
  8
隐藏线
  6
HIDDEN
100
AcDbLine
 10
15.601262658470848
 20
2.0
 30
0.0
 11
15.601262658470848
 21
7.049999999999997
 31
0.0
  0
LINE
  5
1DF
330
17
100
AcDbEntity
  8
隐藏线
  6
HIDDEN
100
AcDbLine
 10
15.601262658470848
 20
12.099999999999998
 30
0.0
 11
15.63488308056488
 21
12.099999999999998
 31
0.0
  0
LINE
  5
1E0
330
17
100
AcDbEntity
  8
隐藏线
  6
HIDDEN
100
AcDbLine
 10
15.63488308056488
 20
12.099999999999998
 30
0.0
 11
15.72925959494695
 21
12.099999999999998
 31
0.0
  0
LINE
  5
1E1
330
17
100
AcDbEntity
  8
隐藏线
  6
HIDDEN
100
AcDbLine
 10
15.72925959494695
 20
12.099999999999998
 30
0.0
 11
15.880935975407784
 21
12.099999999999998
 31
0.0
  0
LINE
  5
1E2
330
17
100
AcDbEntity
  8
隐藏线
  6
HIDDEN
100
AcDbLine
 10
15.880935975407784
 20
12.099999999999998
 30
0.0
 11
16.084536469513043
 21
12.099999999999998
 31
0.0
  0
LINE
  5
1E3
330
17
100
AcDbEntity
  8
隐藏线
  6
HIDDEN
100
AcDbLine
 10
16.084536469513043
 20
12.099999999999998
 30
0.0
 11
16.33568342051639
 21
12.099999999999998
 31
0.0
  0
LINE
  5
1E4
330
17
100
AcDbEntity
  8
隐藏线
  6
HIDDEN
100
AcDbLine
 10
16.33568342051639
 20
12.099999999999998
 30
0.0
 11
16.62082834758585
 21
12.099999999999998
 31
0.0
  0
LINE
  5
1E5
330
17
100
AcDbEntity
  8
隐藏线
  6
HIDDEN
100
AcDbLine
 10
16.62082834758585
 20
12.099999999999998
 30
0.0
 11
16.929707656307293
 21
12.099999999999998
 31
0.0
  0
LINE
  5
1E6
330
17
100
AcDbEntity
  8
隐藏线
  6
HIDDEN
100
AcDbLine
 10
16.929707656307293
 20
12.099999999999998
 30
0.0
 11
17.251262658470846
 21
12.099999999999998
 31
0.0
  0
LINE
  5
1E7
330
17
100
AcDbEntity
  8
隐藏线
  6
HIDDEN
100
AcDbLine
 10
17.251262658470846
 20
12.099999999999998
 30
0.0
 11
17.5728176606344
 21
12.099999999999998
 31
0.0
  0
LINE
  5
1E8
330
17
100
AcDbEntity
  8
隐藏线
  6
HIDDEN
100
AcDbLine
 10
17.5728176606344
 20
12.099999999999998
 30
0.0
 11
17.881696969355843
 21
12.099999999999998
 31
0.0
  0
LINE
  5
1E9
330
17
100
AcDbEntity
  8
隐藏线
  6
HIDDEN
100
AcDbLine
 10
17.881696969355843
 20
12.099999999999998
 30
0.0
 11
18.166841896425304
 21
12.099999999999998
 31
0.0
  0
LINE
  5
1EA
330
17
100
AcDbEntity
  8
隐藏线
  6
HIDDEN
100
AcDbLine
 10
18.166841896425304
 20
12.099999999999998
 30
0.0
 11
18.41798884742865
 21
12.099999999999998
 31
0.0
  0
LINE
  5
1EB
330
17
100
AcDbEntity
  8
隐藏线
  6
HIDDEN
100
AcDbLine
 10
18.41798884742865
 20
12.099999999999998
 30
0.0
 11
18.62158934153391
 21
12.099999999999998
 31
0.0
  0
LINE
  5
1EC
330
17
100
AcDbEntity
  8
隐藏线
  6
HIDDEN
100
AcDbLine
 10
18.62158934153391
 20
12.099999999999998
 30
0.0
 11
18.773265721994747
 21
12.099999999999998
 31
0.0
  0
LINE
  5
1ED
330
17
100
AcDbEntity
  8
隐藏线
  6
HIDDEN
100
AcDbLine
 10
18.773265721994747
 20
12.099999999999998
 30
0.0
 11
18.867642236376813
 21
12.099999999999998
 31
0.0
  0
LINE
  5
1EE
330
17
100
AcDbEntity
  8
隐藏线
  6
HIDDEN
100
AcDbLine
 10
18.867642236376813
 20
12.099999999999998
 30
0.0
 11
18.901262658470845
 21
12.099999999999998
 31
0.0
  0
LINE
  5
1EF
330
17
100
AcDbEntity
  8
隐藏线
  6
HIDDEN
100
AcDbLine
 10
18.901262658470845
 20
7.049999999999997
 30
0.0
 11
18.901262658470845
 21
12.099999999999998
 31
0.0
  0
LINE
  5
1F0
330
17
100
AcDbEntity
  8
隐藏线
  6
HIDDEN
100
AcDbLine
 10
18.901262658470845
 20
2.0
 30
0.0
 11
18.901262658470845
 21
7.049999999999997
 31
0.0
  0
LINE
  5
1F1
330
17
100
AcDbEntity
  8
隐藏线
  6
HIDDEN
100
AcDbLine
 10
16.42626265847084
 20
12.595710010697733
 30
0.0
 11
17.251262658470836
 21
13.09142002139547
 31
0.0
  0
LINE
  5
1F2
330
17
100
AcDbEntity
  8
隐藏线
  6
HIDDEN
100
AcDbLine
 10
15.601262658470848
 20
12.099999999999998
 30
0.0
 11
16.42626265847084
 21
12.595710010697733
 31
0.0
  0
LINE
  5
1F3
330
17
100
AcDbEntity
  8
隐藏线
  6
HIDDEN
100
AcDbLine
 10
17.251262658470857
 20
13.09142002139547
 30
0.0
 11
18.076262658470853
 21
12.595710010697733
 31
0.0
  0
LINE
  5
1F4
330
17
100
AcDbEntity
  8
隐藏线
  6
HIDDEN
100
AcDbLine
 10
18.076262658470853
 20
12.595710010697733
 30
0.0
 11
18.901262658470845
 21
12.099999999999998
 31
0.0
  0
LINE
  5
1F5
330
17
100
AcDbEntity
  8
隐藏线
  6
HIDDEN
100
AcDbLine
 10
17.0
 20
2.0
 30
0.0
 11
17.50940033475804
 21
2.0
 31
0.0
  0
LINE
  5
1F6
330
17
100
AcDbEntity
  8
隐藏线
  6
HIDDEN
100
AcDbLine
 10
17.50940033475804
 20
2.0
 30
0.0
 11
18.939347522365168
 21
2.0
 31
0.0
  0
LINE
  5
1F7
330
17
100
AcDbEntity
  8
隐藏线
  6
HIDDEN
100
AcDbLine
 10
18.939347522365168
 20
2.0
 30
0.0
 11
21.237474499044485
 21
2.0
 31
0.0
  0
LINE
  5
1F8
330
17
100
AcDbEntity
  8
隐藏线
  6
HIDDEN
100
AcDbLine
 10
21.237474499044485
 20
2.0
 30
0.0
 11
24.32233047033631
 21
2.0
 31
0.0
  0
LINE
  5
1F9
330
17
100
AcDbEntity
  8
隐藏线
  6
HIDDEN
100
AcDbLine
 10
24.32233047033631
 20
2.0
 30
0.0
 11
28.127587303720354
 21
2.0
 31
0.0
  0
LINE
  5
1FA
330
17
100
AcDbEntity
  8
隐藏线
  6
HIDDEN
100
AcDbLine
 10
28.127587303720354
 20
2.0
 30
0.0
 11
32.44796498659093
 21
2.0
 31
0.0
  0
LINE
  5
1FB
330
17
100
AcDbEntity
  8
隐藏线
  6
HIDDEN
100
AcDbLine
 10
32.44796498659093
 20
2.0
 30
0.0
 11
37.127954512673426
 21
2.0
 31
0.0
  0
LINE
  5
1FC
330
17
100
AcDbEntity
  8
隐藏线
  6
HIDDEN
100
AcDbLine
 10
37.127954512673426
 20
2.0
 30
0.0
 11
42.0
 21
2.0
 31
0.0
  0
LINE
  5
1FD
330
17
100
AcDbEntity
  8
隐藏线
  6
HIDDEN
100
AcDbLine
 10
42.0
 20
2.0
 30
0.0
 11
46.87204548732657
 21
2.0
 31
0.0
  0
LINE
  5
1FE
330
17
100
AcDbEntity
  8
隐藏线
  6
HIDDEN
100
AcDbLine
 10
46.87204548732657
 20
2.0
 30
0.0
 11
51.55203501340907
 21
2.0
 31
0.0
  0
LINE
  5
1FF
330
17
100
AcDbEntity
  8
隐藏线
  6
HIDDEN
100
AcDbLine
 10
51.55203501340907
 20
2.0
 30
0.0
 11
55.87241269627964
 21
2.0
 31
0.0
  0
LINE
  5
200
330
17
100
AcDbEntity
  8
隐藏线
  6
HIDDEN
100
AcDbLine
 10
55.87241269627964
 20
2.0
 30
0.0
 11
59.67766952966369
 21
2.0
 31
0.0
  0
LINE
  5
201
330
17
100
AcDbEntity
  8
隐藏线
  6
HIDDEN
100
AcDbLine
 10
59.67766952966369
 20
2.0
 30
0.0
 11
62.76252550095552
 21
2.0
 31
0.0
  0
LINE
  5
202
330
17
100
AcDbEntity
  8
隐藏线
  6
HIDDEN
100
AcDbLine
 10
62.76252550095552
 20
2.0
 30
0.0
 11
65.06065247763483
 21
2.0
 31
0.0
  0
LINE
  5
203
330
17
100
AcDbEntity
  8
隐藏线
  6
HIDDEN
100
AcDbLine
 10
65.06065247763483
 20
2.0
 30
0.0
 11
66.49059966524196
 21
2.0
 31
0.0
  0
LINE
  5
204
330
17
100
AcDbEntity
  8
隐藏线
  6
HIDDEN
100
AcDbLine
 10
66.49059966524196
 20
2.0
 30
0.0
 11
67.0
 21
2.0
 31
0.0
  0
LINE
  5
205
330
17
100
AcDbEntity
  8
隐藏线
  6
HIDDEN
100
AcDbLine
 10
17.0
 20
4.5
 30
0.0
 11
17.0
 21
7.0
 31
0.0
  0
LINE
  5
206
330
17
100
AcDbEntity
  8
隐藏线
  6
HIDDEN
100
AcDbLine
 10
17.0
 20
2.0
 30
0.0
 11
17.0
 21
4.5
 31
0.0
  0
LINE
  5
207
330
17
100
AcDbEntity
  8
隐藏线
  6
HIDDEN
100
AcDbLine
 10
17.0
 20
7.0
 30
0.0
 11
17.50940033475804
 21
7.0
 31
0.0
  0
LINE
  5
208
330
17
100
AcDbEntity
  8
隐藏线
  6
HIDDEN
100
AcDbLine
 10
17.50940033475804
 20
7.0
 30
0.0
 11
18.939347522365168
 21
7.0
 31
0.0
  0
LINE
  5
209
330
17
100
AcDbEntity
  8
隐藏线
  6
HIDDEN
100
AcDbLine
 10
18.939347522365168
 20
7.0
 30
0.0
 11
21.237474499044485
 21
7.0
 31
0.0
  0
LINE
  5
20A
330
17
100
AcDbEntity
  8
隐藏线
  6
HIDDEN
100
AcDbLine
 10
21.237474499044485
 20
7.0
 30
0.0
 11
24.32233047033631
 21
7.0
 31
0.0
  0
LINE
  5
20B
330
17
100
AcDbEntity
  8
隐藏线
  6
HIDDEN
100
AcDbLine
 10
24.32233047033631
 20
7.0
 30
0.0
 11
28.127587303720354
 21
7.0
 31
0.0
  0
LINE
  5
20C
330
17
100
AcDbEntity
  8
隐藏线
  6
HIDDEN
100
AcDbLine
 10
28.127587303720354
 20
7.0
 30
0.0
 11
32.44796498659093
 21
7.0
 31
0.0
  0
LINE
  5
20D
330
17
100
AcDbEntity
  8
隐藏线
  6
HIDDEN
100
AcDbLine
 10
32.44796498659093
 20
7.0
 30
0.0
 11
37.127954512673426
 21
7.0
 31
0.0
  0
LINE
  5
20E
330
17
100
AcDbEntity
  8
隐藏线
  6
HIDDEN
100
AcDbLine
 10
37.127954512673426
 20
7.0
 30
0.0
 11
42.0
 21
7.0
 31
0.0
  0
LINE
  5
20F
330
17
100
AcDbEntity
  8
隐藏线
  6
HIDDEN
100
AcDbLine
 10
42.0
 20
7.0
 30
0.0
 11
46.87204548732657
 21
7.0
 31
0.0
  0
LINE
  5
210
330
17
100
AcDbEntity
  8
隐藏线
  6
HIDDEN
100
AcDbLine
 10
46.87204548732657
 20
7.0
 30
0.0
 11
51.55203501340907
 21
7.0
 31
0.0
  0
LINE
  5
211
330
17
100
AcDbEntity
  8
隐藏线
  6
HIDDEN
100
AcDbLine
 10
51.55203501340907
 20
7.0
 30
0.0
 11
55.87241269627964
 21
7.0
 31
0.0
  0
LINE
  5
212
330
17
100
AcDbEntity
  8
隐藏线
  6
HIDDEN
100
AcDbLine
 10
55.87241269627964
 20
7.0
 30
0.0
 11
59.67766952966369
 21
7.0
 31
0.0
  0
LINE
  5
213
330
17
100
AcDbEntity
  8
隐藏线
  6
HIDDEN
100
AcDbLine
 10
59.67766952966369
 20
7.0
 30
0.0
 11
62.76252550095552
 21
7.0
 31
0.0
  0
LINE
  5
214
330
17
100
AcDbEntity
  8
隐藏线
  6
HIDDEN
100
AcDbLine
 10
62.76252550095552
 20
7.0
 30
0.0
 11
65.06065247763483
 21
7.0
 31
0.0
  0
LINE
  5
215
330
17
100
AcDbEntity
  8
隐藏线
  6
HIDDEN
100
AcDbLine
 10
65.06065247763483
 20
7.0
 30
0.0
 11
66.49059966524196
 21
7.0
 31
0.0
  0
LINE
  5
216
330
17
100
AcDbEntity
  8
隐藏线
  6
HIDDEN
100
AcDbLine
 10
66.49059966524196
 20
7.0
 30
0.0
 11
67.0
 21
7.0
 31
0.0
  0
LINE
  5
217
330
17
100
AcDbEntity
  8
隐藏线
  6
HIDDEN
100
AcDbLine
 10
67.0
 20
4.5
 30
0.0
 11
67.0
 21
7.0
 31
0.0
  0
LINE
  5
218
330
17
100
AcDbEntity
  8
隐藏线
  6
HIDDEN
100
AcDbLine
 10
67.0
 20
2.0
 30
0.0
 11
67.0
 21
4.5
 31
0.0
  0
LINE
  5
219
330
17
100
AcDbEntity
  8
隐藏线
  6
HIDDEN
100
AcDbLine
 10
21.0
 20
7.0
 30
0.0
 11
21.427896281196755
 21
7.0
 31
0.0
  0
LINE
  5
21A
330
17
100
AcDbEntity
  8
隐藏线
  6
HIDDEN
100
AcDbLine
 10
21.427896281196755
 20
7.0
 30
0.0
 11
22.62905191878674
 21
7.0
 31
0.0
  0
LINE
  5
21B
330
17
100
AcDbEntity
  8
隐藏线
  6
HIDDEN
100
AcDbLine
 10
22.62905191878674
 20
7.0
 30
0.0
 11
24.559478579197368
 21
7.0
 31
0.0
  0
LINE
  5
21C
330
17
100
AcDbEntity
  8
隐藏线
  6
HIDDEN
100
AcDbLine
 10
24.559478579197368
 20
7.0
 30
0.0
 11
27.150757595082503
 21
7.0
 31
0.0
  0
LINE
  5
21D
330
17
100
AcDbEntity
  8
隐藏线
  6
HIDDEN
100
AcDbLine
 10
27.150757595082503
 20
7.0
 30
0.0
 11
30.3471733351251
 21
7.0
 31
0.0
  0
LINE
  5
21E
330
17
100
AcDbEntity
  8
隐藏线
  6
HIDDEN
100
AcDbLine
 10
30.3471733351251
 20
7.0
 30
0.0
 11
33.97629058873638
 21
7.0
 31
0.0
  0
LINE
  5
21F
330
17
100
AcDbEntity
  8
隐藏线
  6
HIDDEN
100
AcDbLine
 10
33.97629058873638
 20
7.0
 30
0.0
 11
37.90748179064568
 21
7.0
 31
0.0
  0
LINE
  5
220
330
17
100
AcDbEntity
  8
隐藏线
  6
HIDDEN
100
AcDbLine
 10
37.90748179064568
 20
7.0
 30
0.0
 11
42.0
 21
7.0
 31
0.0
  0
LINE
  5
221
330
17
100
AcDbEntity
  8
隐藏线
  6
HIDDEN
100
AcDbLine
 10
42.0
 20
7.0
 30
0.0
 11
46.09251820935432
 21
7.0
 31
0.0
  0
LINE
  5
222
330
17
100
AcDbEntity
  8
隐藏线
  6
HIDDEN
100
AcDbLine
 10
46.09251820935432
 20
7.0
 30
0.0
 11
50.02370941126361
 21
7.0
 31
0.0
  0
LINE
  5
223
330
17
100
AcDbEntity
  8
隐藏线
  6
HIDDEN
100
AcDbLine
 10
50.02370941126361
 20
7.0
 30
0.0
 11
53.652826664874894
 21
7.0
 31
0.0
  0
LINE
  5
224
330
17
100
AcDbEntity
  8
隐藏线
  6
HIDDEN
100
AcDbLine
 10
53.652826664874894
 20
7.0
 30
0.0
 11
56.8492424049175
 21
7.0
 31
0.0
  0
LINE
  5
225
330
17
100
AcDbEntity
  8
隐藏线
  6
HIDDEN
100
AcDbLine
 10
56.8492424049175
 20
7.0
 30
0.0
 11
59.44052142080264
 21
7.0
 31
0.0
  0
LINE
  5
226
330
17
100
AcDbEntity
  8
隐藏线
  6
HIDDEN
100
AcDbLine
 10
59.44052142080264
 20
7.0
 30
0.0
 11
61.37094808121326
 21
7.0
 31
0.0
  0
LINE
  5
227
330
17
100
AcDbEntity
  8
隐藏线
  6
HIDDEN
100
AcDbLine
 10
61.37094808121326
 20
7.0
 30
0.0
 11
62.57210371880325
 21
7.0
 31
0.0
  0
LINE
  5
228
330
17
100
AcDbEntity
  8
隐藏线
  6
HIDDEN
100
AcDbLine
 10
62.57210371880325
 20
7.0
 30
0.0
 11
63.0
 21
7.0
 31
0.0
  0
LINE
  5
229
330
17
100
AcDbEntity
  8
隐藏线
  6
HIDDEN
100
AcDbLine
 10
35.0
 20
8.0
 30
0.0
 11
35.14263209373225
 21
8.0
 31
0.0
  0
LINE
  5
22A
330
17
100
AcDbEntity
  8
隐藏线
  6
HIDDEN
100
AcDbLine
 10
35.14263209373225
 20
8.0
 30
0.0
 11
35.54301730626224
 21
8.0
 31
0.0
  0
LINE
  5
22B
330
17
100
AcDbEntity
  8
隐藏线
  6
HIDDEN
100
AcDbLine
 10
35.54301730626224
 20
8.0
 30
0.0
 11
36.186492859732454
 21
8.0
 31
0.0
  0
LINE
  5
22C
330
17
100
AcDbEntity
  8
隐藏线
  6
HIDDEN
100
AcDbLine
 10
36.186492859732454
 20
8.0
 30
0.0
 11
37.05025253169417
 21
8.0
 31
0.0
  0
LINE
  5
22D
330
17
100
AcDbEntity
  8
隐藏线
  6
HIDDEN
100
AcDbLine
 10
37.05025253169417
 20
8.0
 30
0.0
 11
38.1157244450417
 21
8.0
 31
0.0
  0
LINE
  5
22E
330
17
100
AcDbEntity
  8
隐藏线
  6
HIDDEN
100
AcDbLine
 10
38.1157244450417
 20
8.0
 30
0.0
 11
39.32543019624546
 21
8.0
 31
0.0
  0
LINE
  5
22F
330
17
100
AcDbEntity
  8
隐藏线
  6
HIDDEN
100
AcDbLine
 10
39.32543019624546
 20
8.0
 30
0.0
 11
40.63582726354856
 21
8.0
 31
0.0
  0
LINE
  5
230
330
17
100
AcDbEntity
  8
隐藏线
  6
HIDDEN
100
AcDbLine
 10
40.63582726354856
 20
8.0
 30
0.0
 11
42.0
 21
8.0
 31
0.0
  0
LINE
  5
231
330
17
100
AcDbEntity
  8
隐藏线
  6
HIDDEN
100
AcDbLine
 10
42.0
 20
8.0
 30
0.0
 11
43.36417273645144
 21
8.0
 31
0.0
  0
LINE
  5
232
330
17
100
AcDbEntity
  8
隐藏线
  6
HIDDEN
100
AcDbLine
 10
43.36417273645144
 20
8.0
 30
0.0
 11
44.67456980375454
 21
8.0
 31
0.0
  0
LINE
  5
233
330
17
100
AcDbEntity
  8
隐藏线
  6
HIDDEN
100
AcDbLine
 10
44.67456980375454
 20
8.0
 30
0.0
 11
45.8842755549583
 21
8.0
 31
0.0
  0
LINE
  5
234
330
17
100
AcDbEntity
  8
隐藏线
  6
HIDDEN
100
AcDbLine
 10
45.8842755549583
 20
8.0
 30
0.0
 11
46.94974746830583
 21
8.0
 31
0.0
  0
LINE
  5
235
330
17
100
AcDbEntity
  8
隐藏线
  6
HIDDEN
100
AcDbLine
 10
46.94974746830583
 20
8.0
 30
0.0
 11
47.813507140267546
 21
8.0
 31
0.0
  0
LINE
  5
236
330
17
100
AcDbEntity
  8
隐藏线
  6
HIDDEN
100
AcDbLine
 10
47.813507140267546
 20
8.0
 30
0.0
 11
48.45698269373776
 21
8.0
 31
0.0
  0
LINE
  5
237
330
17
100
AcDbEntity
  8
隐藏线
  6
HIDDEN
100
AcDbLine
 10
48.45698269373776
 20
8.0
 30
0.0
 11
48.85736790626775
 21
8.0
 31
0.0
  0
LINE
  5
238
330
17
100
AcDbEntity
  8
隐藏线
  6
HIDDEN
100
AcDbLine
 10
48.85736790626775
 20
8.0
 30
0.0
 11
49.0
 21
8.0
 31
0.0
  0
LINE
  5
239
330
17
100
AcDbEntity
  8
隐藏线
  6
HIDDEN
100
AcDbLine
 10
35.0
 20
18.25
 30
0.0
 11
35.0
 21
28.5
 31
0.0
  0
LINE
  5
23A
330
17
100
AcDbEntity
  8
隐藏线
  6
HIDDEN
100
AcDbLine
 10
35.0
 20
8.0
 30
0.0
 11
35.0
 21
18.25
 31
0.0
  0
LINE
  5
23B
330
17
100
AcDbEntity
  8
隐藏线
  6
HIDDEN
100
AcDbLine
 10
48.85736790626775
 20
28.5
 30
0.0
 11
49.0
 21
28.5
 31
0.0
  0
LINE
  5
23C
330
17
100
AcDbEntity
  8
隐藏线
  6
HIDDEN
100
AcDbLine
 10
48.45698269373776
 20
28.5
 30
0.0
 11
48.85736790626775
 21
28.5
 31
0.0
  0
LINE
  5
23D
330
17
100
AcDbEntity
  8
隐藏线
  6
HIDDEN
100
AcDbLine
 10
47.813507140267546
 20
28.5
 30
0.0
 11
48.45698269373776
 21
28.5
 31
0.0
  0
LINE
  5
23E
330
17
100
AcDbEntity
  8
隐藏线
  6
HIDDEN
100
AcDbLine
 10
46.94974746830583
 20
28.5
 30
0.0
 11
47.813507140267546
 21
28.5
 31
0.0
  0
LINE
  5
23F
330
17
100
AcDbEntity
  8
隐藏线
  6
HIDDEN
100
AcDbLine
 10
45.8842755549583
 20
28.5
 30
0.0
 11
46.94974746830583
 21
28.5
 31
0.0
  0
LINE
  5
240
330
17
100
AcDbEntity
  8
隐藏线
  6
HIDDEN
100
AcDbLine
 10
44.67456980375454
 20
28.5
 30
0.0
 11
45.8842755549583
 21
28.5
 31
0.0
  0
LINE
  5
241
330
17
100
AcDbEntity
  8
隐藏线
  6
HIDDEN
100
AcDbLine
 10
43.36417273645144
 20
28.5
 30
0.0
 11
44.67456980375454
 21
28.5
 31
0.0
  0
LINE
  5
242
330
17
100
AcDbEntity
  8
隐藏线
  6
HIDDEN
100
AcDbLine
 10
42.0
 20
28.5
 30
0.0
 11
43.36417273645144
 21
28.5
 31
0.0
  0
LINE
  5
243
330
17
100
AcDbEntity
  8
隐藏线
  6
HIDDEN
100
AcDbLine
 10
40.63582726354856
 20
28.5
 30
0.0
 11
42.0
 21
28.5
 31
0.0
  0
LINE
  5
244
330
17
100
AcDbEntity
  8
隐藏线
  6
HIDDEN
100
AcDbLine
 10
39.32543019624546
 20
28.5
 30
0.0
 11
40.63582726354856
 21
28.5
 31
0.0
  0
LINE
  5
245
330
17
100
AcDbEntity
  8
隐藏线
  6
HIDDEN
100
AcDbLine
 10
38.1157244450417
 20
28.5
 30
0.0
 11
39.32543019624546
 21
28.5
 31
0.0
  0
LINE
  5
246
330
17
100
AcDbEntity
  8
隐藏线
  6
HIDDEN
100
AcDbLine
 10
37.05025253169417
 20
28.5
 30
0.0
 11
38.1157244450417
 21
28.5
 31
0.0
  0
LINE
  5
247
330
17
100
AcDbEntity
  8
隐藏线
  6
HIDDEN
100
AcDbLine
 10
36.186492859732454
 20
28.5
 30
0.0
 11
37.05025253169417
 21
28.5
 31
0.0
  0
LINE
  5
248
330
17
100
AcDbEntity
  8
隐藏线
  6
HIDDEN
100
AcDbLine
 10
35.54301730626224
 20
28.5
 30
0.0
 11
36.186492859732454
 21
28.5
 31
0.0
  0
LINE
  5
249
330
17
100
AcDbEntity
  8
隐藏线
  6
HIDDEN
100
AcDbLine
 10
35.14263209373225
 20
28.5
 30
0.0
 11
35.54301730626224
 21
28.5
 31
0.0
  0
LINE
  5
24A
330
17
100
AcDbEntity
  8
隐藏线
  6
HIDDEN
100
AcDbLine
 10
35.0
 20
28.5
 30
0.0
 11
35.14263209373225
 21
28.5
 31
0.0
  0
LINE
  5
24B
330
17
100
AcDbEntity
  8
隐藏线
  6
HIDDEN
100
AcDbLine
 10
49.0
 20
18.25
 30
0.0
 11
49.0
 21
28.5
 31
0.0
  0
LINE
  5
24C
330
17
100
AcDbEntity
  8
隐藏线
  6
HIDDEN
100
AcDbLine
 10
49.0
 20
8.0
 30
0.0
 11
49.0
 21
18.25
 31
0.0
  0
LINE
  5
24D
330
17
100
AcDbEntity
  8
隐藏线
  6
HIDDEN
100
AcDbLine
 10
57.67398378575486
 20
8.0
 30
0.0
 11
58.0
 21
8.0
 31
0.0
  0
LINE
  5
24E
330
17
100
AcDbEntity
  8
隐藏线
  6
HIDDEN
100
AcDbLine
 10
56.758817585686295
 20
8.0
 30
0.0
 11
57.67398378575486
 21
8.0
 31
0.0
  0
LINE
  5
24F
330
17
100
AcDbEntity
  8
隐藏线
  6
HIDDEN
100
AcDbLine
 10
55.28801632061153
 20
8.0
 30
0.0
 11
56.758817585686295
 21
8.0
 31
0.0
  0
LINE
  5
250
330
17
100
AcDbEntity
  8
隐藏线
  6
HIDDEN
100
AcDbLine
 10
53.31370849898477
 20
8.0
 30
0.0
 11
55.28801632061153
 21
8.0
 31
0.0
  0
LINE
  5
251
330
17
100
AcDbEntity
  8
隐藏线
  6
HIDDEN
100
AcDbLine
 10
50.87834412561897
 20
8.0
 30
0.0
 11
53.31370849898477
 21
8.0
 31
0.0
  0
LINE
  5
252
330
17
100
AcDbEntity
  8
隐藏线
  6
HIDDEN
100
AcDbLine
 10
48.11330240858181
 20
8.0
 30
0.0
 11
50.87834412561897
 21
8.0
 31
0.0
  0
LINE
  5
253
330
17
100
AcDbEntity
  8
隐藏线
  6
HIDDEN
100
AcDbLine
 10
45.11810911188901
 20
8.0
 30
0.0
 11
48.11330240858181
 21
8.0
 31
0.0
  0
LINE
  5
254
330
17
100
AcDbEntity
  8
隐藏线
  6
HIDDEN
100
AcDbLine
 10
42.0
 20
8.0
 30
0.0
 11
45.11810911188901
 21
8.0
 31
0.0
  0
LINE
  5
255
330
17
100
AcDbEntity
  8
隐藏线
  6
HIDDEN
100
AcDbLine
 10
38.881890888110995
 20
8.0
 30
0.0
 11
42.0
 21
8.0
 31
0.0
  0
LINE
  5
256
330
17
100
AcDbEntity
  8
隐藏线
  6
HIDDEN
100
AcDbLine
 10
35.8866975914182
 20
8.0
 30
0.0
 11
38.881890888110995
 21
8.0
 31
0.0
  0
LINE
  5
257
330
17
100
AcDbEntity
  8
隐藏线
  6
HIDDEN
100
AcDbLine
 10
33.121655874381034
 20
8.0
 30
0.0
 11
35.8866975914182
 21
8.0
 31
0.0
  0
LINE
  5
258
330
17
100
AcDbEntity
  8
隐藏线
  6
HIDDEN
100
AcDbLine
 10
30.68629150101524
 20
8.0
 30
0.0
 11
33.121655874381034
 21
8.0
 31
0.0
  0
LINE
  5
259
330
17
100
AcDbEntity
  8
隐藏线
  6
HIDDEN
100
AcDbLine
 10
28.71198367938847
 20
8.0
 30
0.0
 11
30.68629150101524
 21
8.0
 31
0.0
  0
LINE
  5
25A
330
17
100
AcDbEntity
  8
隐藏线
  6
HIDDEN
100
AcDbLine
 10
27.241182414313712
 20
8.0
 30
0.0
 11
28.71198367938847
 21
8.0
 31
0.0
  0
LINE
  5
25B
330
17
100
AcDbEntity
  8
隐藏线
  6
HIDDEN
100
AcDbLine
 10
26.32601621424515
 20
8.0
 30
0.0
 11
27.241182414313712
 21
8.0
 31
0.0
  0
LINE
  5
25C
330
17
100
AcDbEntity
  8
隐藏线
  6
HIDDEN
100
AcDbLine
 10
26.0
 20
8.0
 30
0.0
 11
26.32601621424515
 21
8.0
 31
0.0
  0
LINE
  5
25D
330
17
100
AcDbEntity
  8
隐藏线
  6
HIDDEN
100
AcDbLine
 10
26.0
 20
8.0
 30
0.0
 11
26.0
 21
16.75
 31
0.0
  0
LINE
  5
25E
330
17
100
AcDbEntity
  8
隐藏线
  6
HIDDEN
100
AcDbLine
 10
26.0
 20
16.75
 30
0.0
 11
26.0
 21
25.5
 31
0.0
  0
LINE
  5
25F
330
17
100
AcDbEntity
  8
隐藏线
  6
HIDDEN
100
AcDbLine
 10
58.0
 20
8.0
 30
0.0
 11
58.0
 21
16.75
 31
0.0
  0
LINE
  5
260
330
17
100
AcDbEntity
  8
隐藏线
  6
HIDDEN
100
AcDbLine
 10
58.0
 20
16.75
 30
0.0
 11
58.0
 21
25.5
 31
0.0
  0
LINE
  5
261
330
17
100
AcDbEntity
  8
隐藏线
  6
HIDDEN
100
AcDbLine
 10
57.67398378575486
 20
25.5
 30
0.0
 11
58.0
 21
25.5
 31
0.0
  0
LINE
  5
262
330
17
100
AcDbEntity
  8
隐藏线
  6
HIDDEN
100
AcDbLine
 10
56.758817585686295
 20
25.5
 30
0.0
 11
57.67398378575486
 21
25.5
 31
0.0
  0
LINE
  5
263
330
17
100
AcDbEntity
  8
隐藏线
  6
HIDDEN
100
AcDbLine
 10
55.28801632061153
 20
25.5
 30
0.0
 11
56.758817585686295
 21
25.5
 31
0.0
  0
LINE
  5
264
330
17
100
AcDbEntity
  8
隐藏线
  6
HIDDEN
100
AcDbLine
 10
53.31370849898477
 20
25.5
 30
0.0
 11
55.28801632061153
 21
25.5
 31
0.0
  0
LINE
  5
265
330
17
100
AcDbEntity
  8
隐藏线
  6
HIDDEN
100
AcDbLine
 10
50.87834412561897
 20
25.5
 30
0.0
 11
53.31370849898477
 21
25.5
 31
0.0
  0
LINE
  5
266
330
17
100
AcDbEntity
  8
隐藏线
  6
HIDDEN
100
AcDbLine
 10
48.11330240858181
 20
25.5
 30
0.0
 11
50.87834412561897
 21
25.5
 31
0.0
  0
LINE
  5
267
330
17
100
AcDbEntity
  8
隐藏线
  6
HIDDEN
100
AcDbLine
 10
45.11810911188901
 20
25.5
 30
0.0
 11
48.11330240858181
 21
25.5
 31
0.0
  0
LINE
  5
268
330
17
100
AcDbEntity
  8
隐藏线
  6
HIDDEN
100
AcDbLine
 10
42.0
 20
25.5
 30
0.0
 11
45.11810911188901
 21
25.5
 31
0.0
  0
LINE
  5
269
330
17
100
AcDbEntity
  8
隐藏线
  6
HIDDEN
100
AcDbLine
 10
38.881890888110995
 20
25.5
 30
0.0
 11
42.0
 21
25.5
 31
0.0
  0
LINE
  5
26A
330
17
100
AcDbEntity
  8
隐藏线
  6
HIDDEN
100
AcDbLine
 10
35.8866975914182
 20
25.5
 30
0.0
 11
38.881890888110995
 21
25.5
 31
0.0
  0
LINE
  5
26B
330
17
100
AcDbEntity
  8
隐藏线
  6
HIDDEN
100
AcDbLine
 10
33.121655874381034
 20
25.5
 30
0.0
 11
35.8866975914182
 21
25.5
 31
0.0
  0
LINE
  5
26C
330
17
100
AcDbEntity
  8
隐藏线
  6
HIDDEN
100
AcDbLine
 10
30.68629150101524
 20
25.5
 30
0.0
 11
33.121655874381034
 21
25.5
 31
0.0
  0
LINE
  5
26D
330
17
100
AcDbEntity
  8
隐藏线
  6
HIDDEN
100
AcDbLine
 10
28.71198367938847
 20
25.5
 30
0.0
 11
30.68629150101524
 21
25.5
 31
0.0
  0
LINE
  5
26E
330
17
100
AcDbEntity
  8
隐藏线
  6
HIDDEN
100
AcDbLine
 10
27.241182414313712
 20
25.5
 30
0.0
 11
28.71198367938847
 21
25.5
 31
0.0
  0
LINE
  5
26F
330
17
100
AcDbEntity
  8
隐藏线
  6
HIDDEN
100
AcDbLine
 10
26.32601621424515
 20
25.5
 30
0.0
 11
27.241182414313712
 21
25.5
 31
0.0
  0
LINE
  5
270
330
17
100
AcDbEntity
  8
隐藏线
  6
HIDDEN
100
AcDbLine
 10
26.0
 20
25.5
 30
0.0
 11
26.32601621424515
 21
25.5
 31
0.0
  0
LINE
  5
271
330
17
100
AcDbEntity
  8
隐藏线
  6
HIDDEN
100
AcDbLine
 10
21.0
 20
25.5
 30
0.0
 11
21.427896281196755
 21
25.5
 31
0.0
  0
LINE
  5
272
330
17
100
AcDbEntity
  8
隐藏线
  6
HIDDEN
100
AcDbLine
 10
21.427896281196755
 20
25.5
 30
0.0
 11
22.62905191878674
 21
25.5
 31
0.0
  0
LINE
  5
273
330
17
100
AcDbEntity
  8
隐藏线
  6
HIDDEN
100
AcDbLine
 10
22.62905191878674
 20
25.5
 30
0.0
 11
24.559478579197368
 21
25.5
 31
0.0
  0
LINE
  5
274
330
17
100
AcDbEntity
  8
隐藏线
  6
HIDDEN
100
AcDbLine
 10
24.559478579197368
 20
25.5
 30
0.0
 11
27.150757595082503
 21
25.5
 31
0.0
  0
LINE
  5
275
330
17
100
AcDbEntity
  8
隐藏线
  6
HIDDEN
100
AcDbLine
 10
27.150757595082503
 20
25.5
 30
0.0
 11
30.3471733351251
 21
25.5
 31
0.0
  0
LINE
  5
276
330
17
100
AcDbEntity
  8
隐藏线
  6
HIDDEN
100
AcDbLine
 10
30.3471733351251
 20
25.5
 30
0.0
 11
33.97629058873638
 21
25.5
 31
0.0
  0
LINE
  5
277
330
17
100
AcDbEntity
  8
隐藏线
  6
HIDDEN
100
AcDbLine
 10
33.97629058873638
 20
25.5
 30
0.0
 11
37.90748179064568
 21
25.5
 31
0.0
  0
LINE
  5
278
330
17
100
AcDbEntity
  8
隐藏线
  6
HIDDEN
100
AcDbLine
 10
37.90748179064568
 20
25.5
 30
0.0
 11
42.0
 21
25.5
 31
0.0
  0
LINE
  5
279
330
17
100
AcDbEntity
  8
隐藏线
  6
HIDDEN
100
AcDbLine
 10
42.0
 20
25.5
 30
0.0
 11
46.09251820935432
 21
25.5
 31
0.0
  0
LINE
  5
27A
330
17
100
AcDbEntity
  8
隐藏线
  6
HIDDEN
100
AcDbLine
 10
46.09251820935432
 20
25.5
 30
0.0
 11
50.02370941126361
 21
25.5
 31
0.0
  0
LINE
  5
27B
330
17
100
AcDbEntity
  8
隐藏线
  6
HIDDEN
100
AcDbLine
 10
50.02370941126361
 20
25.5
 30
0.0
 11
53.652826664874894
 21
25.5
 31
0.0
  0
LINE
  5
27C
330
17
100
AcDbEntity
  8
隐藏线
  6
HIDDEN
100
AcDbLine
 10
53.652826664874894
 20
25.5
 30
0.0
 11
56.8492424049175
 21
25.5
 31
0.0
  0
LINE
  5
27D
330
17
100
AcDbEntity
  8
隐藏线
  6
HIDDEN
100
AcDbLine
 10
56.8492424049175
 20
25.5
 30
0.0
 11
59.44052142080264
 21
25.5
 31
0.0
  0
LINE
  5
27E
330
17
100
AcDbEntity
  8
隐藏线
  6
HIDDEN
100
AcDbLine
 10
59.44052142080264
 20
25.5
 30
0.0
 11
61.37094808121326
 21
25.5
 31
0.0
  0
LINE
  5
27F
330
17
100
AcDbEntity
  8
隐藏线
  6
HIDDEN
100
AcDbLine
 10
61.37094808121326
 20
25.5
 30
0.0
 11
62.57210371880325
 21
25.5
 31
0.0
  0
LINE
  5
280
330
17
100
AcDbEntity
  8
隐藏线
  6
HIDDEN
100
AcDbLine
 10
62.57210371880325
 20
25.5
 30
0.0
 11
63.0
 21
25.5
 31
0.0
  0
LINE
  5
281
330
17
100
AcDbEntity
  8
隐藏线
  6
HIDDEN
100
AcDbLine
 10
12.0
 20
23.485101709844926
 30
0.0
 11
12.0
 21
23.5
 31
0.0
  0
LINE
  5
282
330
17
100
AcDbEntity
  8
隐藏线
  6
HIDDEN
100
AcDbLine
 10
12.0
 20
23.485101709844926
 30
0.0
 11
12.000000000000004
 21
23.440406839379705
 31
0.0
  0
LINE
  5
283
330
17
100
AcDbEntity
  8
隐藏线
  6
HIDDEN
100
AcDbLine
 10
12.0
 20
23.366209272598905
 30
0.0
 11
12.000000000000004
 21
23.440406839379705
 31
0.0
  0
LINE
  5
284
330
17
100
AcDbEntity
  8
隐藏线
  6
HIDDEN
100
AcDbLine
 10
12.0
 20
23.266829888625104
 30
0.0
 11
12.0
 21
23.366209272598905
 31
0.0
  0
LINE
  5
285
330
17
100
AcDbEntity
  8
隐藏线
  6
HIDDEN
100
AcDbLine
 10
12.0
 20
23.139058415820905
 30
0.0
 11
12.0
 21
23.266829888625104
 31
0.0
  0
LINE
  5
286
330
17
100
AcDbEntity
  8
隐藏线
  6
HIDDEN
100
AcDbLine
 10
12.0
 20
23.139058415820905
 30
0.0
 11
12.000000000000004
 21
22.984705243067847
 31
0.0
  0
LINE
  5
287
330
17
100
AcDbEntity
  8
隐藏线
  6
HIDDEN
100
AcDbLine
 10
11.999999999999996
 20
22.814492996863123
 30
0.0
 11
12.000000000000004
 21
22.984705243067847
 31
0.0
  0
LINE
  5
288
330
17
100
AcDbEntity
  8
隐藏线
  6
HIDDEN
100
AcDbLine
 10
11.999999999999996
 20
22.618587377704
 30
0.0
 11
11.999999999999996
 21
22.814492996863123
 31
0.0
  0
LINE
  5
289
330
17
100
AcDbEntity
  8
隐藏线
  6
HIDDEN
100
AcDbLine
 10
11.999999999999996
 20
22.618587377704
 30
0.0
 11
12.0
 21
22.518817066737448
 31
0.0
  0
LINE
  5
28A
330
17
100
AcDbEntity
  8
隐藏线
  6
HIDDEN
100
AcDbLine
 10
12.0
 20
22.416724298594737
 30
0.0
 11
12.0
 21
22.518817066737448
 31
0.0
  0
LINE
  5
28B
330
17
100
AcDbEntity
  8
隐藏线
  6
HIDDEN
100
AcDbLine
 10
12.0
 20
22.31662250531769
 30
0.0
 11
12.0
 21
22.416724298594737
 31
0.0
  0
LINE
  5
28C
330
17
100
AcDbEntity
  8
隐藏线
  6
HIDDEN
100
AcDbLine
 10
12.0
 20
22.211228488972832
 30
0.0
 11
12.0
 21
22.31662250531769
 31
0.0
  0
LINE
  5
28D
330
17
100
AcDbEntity
  8
隐藏线
  6
HIDDEN
100
AcDbLine
 10
12.0
 20
22.10054224956017
 30
0.0
 11
12.0
 21
22.211228488972832
 31
0.0
  0
LINE
  5
28E
330
17
100
AcDbEntity
  8
隐藏线
  6
HIDDEN
100
AcDbLine
 10
12.0
 20
21.984563787079704
 30
0.0
 11
12.0
 21
22.10054224956017
 31
0.0
  0
LINE
  5
28F
330
17
100
AcDbEntity
  8
隐藏线
  6
HIDDEN
100
AcDbLine
 10
12.0
 20
21.86329310153143
 30
0.0
 11
12.0
 21
21.984563787079704
 31
0.0
  0
LINE
  5
290
330
17
100
AcDbEntity
  8
隐藏线
  6
HIDDEN
100
AcDbLine
 10
12.0
 20
21.73673019291535
 30
0.0
 11
12.0
 21
21.86329310153143
 31
0.0
  0
LINE
  5
291
330
17
100
AcDbEntity
  8
隐藏线
  6
HIDDEN
100
AcDbLine
 10
12.0
 20
23.5
 30
0.0
 11
12.153274164768419
 21
23.5
 31
0.0
  0
LINE
  5
292
330
17
100
AcDbEntity
  8
隐藏线
  6
HIDDEN
100
AcDbLine
 10
12.153274164768419
 20
23.5
 30
0.0
 11
12.58801603949911
 21
23.5
 31
0.0
  0
LINE
  5
293
330
17
100
AcDbEntity
  8
隐藏线
  6
HIDDEN
100
AcDbLine
 10
12.58801603949911
 20
23.5
 30
0.0
 11
13.300235278922504
 21
23.5
 31
0.0
  0
LINE
  5
294
330
17
100
AcDbEntity
  8
隐藏线
  6
HIDDEN
100
AcDbLine
 10
13.300235278922504
 20
23.5
 30
0.0
 11
14.283614024661397
 21
23.5
 31
0.0
  0
LINE
  5
295
330
17
100
AcDbEntity
  8
隐藏线
  6
HIDDEN
100
AcDbLine
 10
14.283614024661397
 20
23.5
 30
0.0
 11
15.550206497784899
 21
23.5
 31
0.0
  0
LINE
  5
296
330
17
100
AcDbEntity
  8
隐藏线
  6
HIDDEN
100
AcDbLine
 10
15.550206497784899
 20
23.5
 30
0.0
 11
17.065723977186835
 21
23.5
 31
0.0
  0
LINE
  5
297
330
17
100
AcDbEntity
  8
隐藏线
  6
HIDDEN
100
AcDbLine
 10
17.065723977186835
 20
23.5
 30
0.0
 11
18.816475407845587
 21
23.5
 31
0.0
  0
LINE
  5
298
330
17
100
AcDbEntity
  8
隐藏线
  6
HIDDEN
100
AcDbLine
 10
18.816475407845587
 20
23.5
 30
0.0
 11
20.786796564403573
 21
23.5
 31
0.0
  0
LINE
  5
299
330
17
100
AcDbEntity
  8
隐藏线
  6
HIDDEN
100
AcDbLine
 10
20.786796564403573
 20
23.5
 30
0.0
 11
22.973880123538464
 21
23.5
 31
0.0
  0
LINE
  5
29A
330
17
100
AcDbEntity
  8
隐藏线
  6
HIDDEN
100
AcDbLine
 10
22.973880123538464
 20
23.5
 30
0.0
 11
25.339449409572865
 21
23.5
 31
0.0
  0
LINE
  5
29B
330
17
100
AcDbEntity
  8
隐藏线
  6
HIDDEN
100
AcDbLine
 10
25.339449409572865
 20
23.5
 30
0.0
 11
27.862196996750413
 21
23.5
 31
0.0
  0
LINE
  5
29C
330
17
100
AcDbEntity
  8
隐藏线
  6
HIDDEN
100
AcDbLine
 10
27.862196996750413
 20
23.5
 30
0.0
 11
30.519497029047304
 21
23.5
 31
0.0
  0
LINE
  5
29D
330
17
100
AcDbEntity
  8
隐藏线
  6
HIDDEN
100
AcDbLine
 10
30.519497029047304
 20
23.5
 30
0.0
 11
33.29410802827714
 21
23.5
 31
0.0
  0
LINE
  5
29E
330
17
100
AcDbEntity
  8
隐藏线
  6
HIDDEN
100
AcDbLine
 10
33.29410802827714
 20
23.5
 30
0.0
 11
36.14959264108424
 21
23.5
 31
0.0
  0
LINE
  5
29F
330
17
100
AcDbEntity
  8
隐藏线
  6
HIDDEN
100
AcDbLine
 10
36.14959264108424
 20
23.5
 30
0.0
 11
39.06027093339663
 21
23.5
 31
0.0
  0
LINE
  5
2A0
330
17
100
AcDbEntity
  8
隐藏线
  6
HIDDEN
100
AcDbLine
 10
39.06027093339663
 20
23.5
 30
0.0
 11
42.0
 21
23.5
 31
0.0
  0
LINE
  5
2A1
330
17
100
AcDbEntity
  8
隐藏线
  6
HIDDEN
100
AcDbLine
 10
15.542486889354098
 20
21.73673019291535
 30
0.0
 11
16.640263749556063
 21
21.8632546841593
 31
0.0
  0
LINE
  5
2A2
330
17
100
AcDbEntity
  8
隐藏线
  6
HIDDEN
100
AcDbLine
 10
16.640263749556063
 20
21.8632546841593
 30
0.0
 11
17.718702633045616
 21
21.984506811946044
 31
0.0
  0
LINE
  5
2A3
330
17
100
AcDbEntity
  8
隐藏线
  6
HIDDEN
100
AcDbLine
 10
17.718702633045616
 20
21.984506811946044
 30
0.0
 11
18.777803539822767
 21
22.100486576275582
 31
0.0
  0
LINE
  5
2A4
330
17
100
AcDbEntity
  8
隐藏线
  6
HIDDEN
100
AcDbLine
 10
18.777803539822767
 20
22.100486576275582
 30
0.0
 11
19.817566469887502
 21
22.21119397714791
 31
0.0
  0
LINE
  5
2A5
330
17
100
AcDbEntity
  8
隐藏线
  6
HIDDEN
100
AcDbLine
 10
19.817566469887502
 20
22.21119397714791
 30
0.0
 11
20.837991423239828
 21
22.316629014563034
 31
0.0
  0
LINE
  5
2A6
330
17
100
AcDbEntity
  8
隐藏线
  6
HIDDEN
100
AcDbLine
 10
20.837991423239828
 20
22.316629014563034
 30
0.0
 11
21.839078399879757
 21
22.416791688520952
 31
0.0
  0
LINE
  5
2A7
330
17
100
AcDbEntity
  8
隐藏线
  6
HIDDEN
100
AcDbLine
 10
21.839078399879757
 20
22.416791688520952
 30
0.0
 11
22.89656764866945
 21
22.518869502703772
 31
0.0
  0
LINE
  5
2A8
330
17
100
AcDbEntity
  8
隐藏线
  6
HIDDEN
100
AcDbLine
 10
22.89656764866945
 20
22.518869502703772
 30
0.0
 11
23.97216529152268
 21
22.618594160290233
 31
0.0
  0
LINE
  5
2A9
330
17
100
AcDbEntity
  8
隐藏线
  6
HIDDEN
100
AcDbLine
 10
23.97216529152268
 20
22.618594160290233
 30
0.0
 11
26.238780021188667
 21
22.814450284581987
 31
0.0
  0
LINE
  5
2AA
330
17
100
AcDbEntity
  8
隐藏线
  6
HIDDEN
100
AcDbLine
 10
26.238780021188667
 20
22.814450284581987
 30
0.0
 11
28.440212314314614
 21
22.984745163379543
 31
0.0
  0
LINE
  5
2AB
330
17
100
AcDbEntity
  8
隐藏线
  6
HIDDEN
100
AcDbLine
 10
28.440212314314614
 20
22.984745163379543
 30
0.0
 11
30.73048585466454
 21
23.139034308093677
 31
0.0
  0
LINE
  5
2AC
330
17
100
AcDbEntity
  8
隐藏线
  6
HIDDEN
100
AcDbLine
 10
30.73048585466454
 20
23.139034308093677
 30
0.0
 11
32.99530078556959
 21
23.266779440867445
 31
0.0
  0
LINE
  5
2AD
330
17
100
AcDbEntity
  8
隐藏线
  6
HIDDEN
100
AcDbLine
 10
32.99530078556959
 20
23.266779440867445
 30
0.0
 11
35.2104711759701
 21
23.36621863191146
 31
0.0
  0
LINE
  5
2AE
330
17
100
AcDbEntity
  8
隐藏线
  6
HIDDEN
100
AcDbLine
 10
35.2104711759701
 20
23.36621863191146
 30
0.0
 11
37.4869011147839
 21
23.44041506924176
 31
0.0
  0
LINE
  5
2AF
330
17
100
AcDbEntity
  8
隐藏线
  6
HIDDEN
100
AcDbLine
 10
37.4869011147839
 20
23.44041506924176
 30
0.0
 11
39.75251083377047
 21
23.48510376731044
 31
0.0
  0
LINE
  5
2B0
330
17
100
AcDbEntity
  8
隐藏线
  6
HIDDEN
100
AcDbLine
 10
39.75251083377047
 20
23.48510376731044
 30
0.0
 11
42.0
 21
23.5
 31
0.0
  0
LINE
  5
2B1
330
17
100
AcDbEntity
  8
隐藏线
  6
HIDDEN
100
AcDbLine
 10
12.0
 20
21.73673019291535
 30
0.0
 11
12.20821562640981
 21
21.73673019291535
 31
0.0
  0
LINE
  5
2B2
330
17
100
AcDbEntity
  8
隐藏线
  6
HIDDEN
100
AcDbLine
 10
12.20821562640981
 20
21.73673019291535
 30
0.0
 11
12.418221238696493
 21
21.73673019291535
 31
0.0
  0
LINE
  5
2B3
330
17
100
AcDbEntity
  8
隐藏线
  6
HIDDEN
100
AcDbLine
 10
12.418221238696493
 20
21.73673019291535
 30
0.0
 11
12.63000481247213
 21
21.73673019291535
 31
0.0
  0
LINE
  5
2B4
330
17
100
AcDbEntity
  8
隐藏线
  6
HIDDEN
100
AcDbLine
 10
12.63000481247213
 20
21.73673019291535
 30
0.0
 11
12.843554228360851
 21
21.73673019291535
 31
0.0
  0
LINE
  5
2B5
330
17
100
AcDbEntity
  8
隐藏线
  6
HIDDEN
100
AcDbLine
 10
12.843554228360851
 20
21.73673019291535
 30
0.0
 11
13.059002072531328
 21
21.73673019291535
 31
0.0
  0
LINE
  5
2B6
330
17
100
AcDbEntity
  8
隐藏线
  6
HIDDEN
100
AcDbLine
 10
13.059002072531328
 20
21.73673019291535
 30
0.0
 11
13.276188746885122
 21
21.73673019291535
 31
0.0
  0
LINE
  5
2B7
330
17
100
AcDbEntity
  8
隐藏线
  6
HIDDEN
100
AcDbLine
 10
13.276188746885122
 20
21.73673019291535
 30
0.0
 11
13.495101816079352
 21
21.73673019291535
 31
0.0
  0
LINE
  5
2B8
330
17
100
AcDbEntity
  8
隐藏线
  6
HIDDEN
100
AcDbLine
 10
13.495101816079352
 20
21.73673019291535
 30
0.0
 11
13.715728752538098
 21
21.73673019291535
 31
0.0
  0
LINE
  5
2B9
330
17
100
AcDbEntity
  8
隐藏线
  6
HIDDEN
100
AcDbLine
 10
13.715728752538098
 20
21.73673019291535
 30
0.0
 11
13.938197328436917
 21
21.73673019291535
 31
0.0
  0
LINE
  5
2BA
330
17
100
AcDbEntity
  8
隐藏线
  6
HIDDEN
100
AcDbLine
 10
13.938197328436917
 20
21.73673019291535
 30
0.0
 11
14.162351871970184
 21
21.73673019291535
 31
0.0
  0
LINE
  5
2BB
330
17
100
AcDbEntity
  8
隐藏线
  6
HIDDEN
100
AcDbLine
 10
14.162351871970184
 20
21.73673019291535
 30
0.0
 11
14.388179549046718
 21
21.73673019291535
 31
0.0
  0
LINE
  5
2BC
330
17
100
AcDbEntity
  8
隐藏线
  6
HIDDEN
100
AcDbLine
 10
14.388179549046718
 20
21.73673019291535
 30
0.0
 11
14.615667436187792
 21
21.73673019291535
 31
0.0
  0
LINE
  5
2BD
330
17
100
AcDbEntity
  8
隐藏线
  6
HIDDEN
100
AcDbLine
 10
14.615667436187792
 20
21.73673019291535
 30
0.0
 11
14.844938366153212
 21
21.73673019291535
 31
0.0
  0
LINE
  5
2BE
330
17
100
AcDbEntity
  8
隐藏线
  6
HIDDEN
100
AcDbLine
 10
14.844938366153212
 20
21.73673019291535
 30
0.0
 11
15.07584074623939
 21
21.73673019291535
 31
0.0
  0
LINE
  5
2BF
330
17
100
AcDbEntity
  8
隐藏线
  6
HIDDEN
100
AcDbLine
 10
15.07584074623939
 20
21.73673019291535
 30
0.0
 11
15.308361356204912
 21
21.73673019291535
 31
0.0
  0
LINE
  5
2C0
330
17
100
AcDbEntity
  8
隐藏线
  6
HIDDEN
100
AcDbLine
 10
15.308361356204912
 20
21.73673019291535
 30
0.0
 11
15.542486889354098
 21
21.73673019291535
 31
0.0
  0
LINE
  5
2C1
330
17
100
AcDbEntity
  8
隐藏线
  6
HIDDEN
100
AcDbLine
 10
42.0
 20
23.5
 30
0.0
 11
44.2469516001346
 21
23.48510170984449
 31
0.0
  0
LINE
  5
2C2
330
17
100
AcDbEntity
  8
隐藏线
  6
HIDDEN
100
AcDbLine
 10
44.2469516001346
 20
23.48510170984449
 30
0.0
 11
46.5127450637666
 21
23.440406839377953
 31
0.0
  0
LINE
  5
2C3
330
17
100
AcDbEntity
  8
隐藏线
  6
HIDDEN
100
AcDbLine
 10
46.5127450637666
 20
23.440406839377953
 30
0.0
 11
48.789833633333636
 21
23.366209272596016
 31
0.0
  0
LINE
  5
2C4
330
17
100
AcDbEntity
  8
隐藏线
  6
HIDDEN
100
AcDbLine
 10
48.789833633333636
 20
23.366209272596016
 30
0.0
 11
51.00385112774383
 21
23.266829888626884
 31
0.0
  0
LINE
  5
2C5
330
17
100
AcDbEntity
  8
隐藏线
  6
HIDDEN
100
AcDbLine
 10
51.00385112774383
 20
23.266829888626884
 30
0.0
 11
53.26899423074166
 21
23.13905841581809
 31
0.0
  0
LINE
  5
2C6
330
17
100
AcDbEntity
  8
隐藏线
  6
HIDDEN
100
AcDbLine
 10
53.26899423074166
 20
23.13905841581809
 30
0.0
 11
55.56038901141178
 21
22.984705243058098
 31
0.0
  0
LINE
  5
2C7
330
17
100
AcDbEntity
  8
隐藏线
  6
HIDDEN
100
AcDbLine
 10
55.56038901141178
 20
22.984705243058098
 30
0.0
 11
57.76076073886222
 21
22.814492996864924
 31
0.0
  0
LINE
  5
2C8
330
17
100
AcDbEntity
  8
隐藏线
  6
HIDDEN
100
AcDbLine
 10
57.76076073886222
 20
22.814492996864924
 30
0.0
 11
60.02783238249157
 21
22.61858737769655
 31
0.0
  0
LINE
  5
2C9
330
17
100
AcDbEntity
  8
隐藏线
  6
HIDDEN
100
AcDbLine
 10
60.02783238249157
 20
22.61858737769655
 30
0.0
 11
61.1039230729222
 21
22.51881706672336
 31
0.0
  0
LINE
  5
2CA
330
17
100
AcDbEntity
  8
隐藏线
  6
HIDDEN
100
AcDbLine
 10
61.1039230729222
 20
22.51881706672336
 30
0.0
 11
62.16163777823125
 21
22.41672429858845
 31
0.0
  0
LINE
  5
2CB
330
17
100
AcDbEntity
  8
隐藏线
  6
HIDDEN
100
AcDbLine
 10
62.16163777823125
 20
22.41672429858845
 30
0.0
 11
63.16216047488289
 21
22.316622505344604
 31
0.0
  0
LINE
  5
2CC
330
17
100
AcDbEntity
  8
隐藏线
  6
HIDDEN
100
AcDbLine
 10
63.16216047488289
 20
22.316622505344604
 30
0.0
 11
64.18219911503485
 21
22.211228489020087
 31
0.0
  0
LINE
  5
2CD
330
17
100
AcDbEntity
  8
隐藏线
  6
HIDDEN
100
AcDbLine
 10
64.18219911503485
 20
22.211228489020087
 30
0.0
 11
65.22175369868714
 21
22.100542249614904
 31
0.0
  0
LINE
  5
2CE
330
17
100
AcDbEntity
  8
隐藏线
  6
HIDDEN
100
AcDbLine
 10
65.22175369868714
 20
22.100542249614904
 30
0.0
 11
66.28082422583974
 21
21.984563787129055
 31
0.0
  0
LINE
  5
2CF
330
17
100
AcDbEntity
  8
隐藏线
  6
HIDDEN
100
AcDbLine
 10
66.28082422583974
 20
21.984563787129055
 30
0.0
 11
67.35941069649266
 21
21.863293101562537
 31
0.0
  0
LINE
  5
2D0
330
17
100
AcDbEntity
  8
隐藏线
  6
HIDDEN
100
AcDbLine
 10
67.35941069649266
 20
21.863293101562537
 30
0.0
 11
68.4575131106459
 21
21.73673019291535
 31
0.0
  0
LINE
  5
2D1
330
17
100
AcDbEntity
  8
隐藏线
  6
HIDDEN
100
AcDbLine
 10
42.0
 20
23.5
 30
0.0
 11
44.93972906660337
 21
23.5
 31
0.0
  0
LINE
  5
2D2
330
17
100
AcDbEntity
  8
隐藏线
  6
HIDDEN
100
AcDbLine
 10
44.93972906660337
 20
23.5
 30
0.0
 11
47.85040735891576
 21
23.5
 31
0.0
  0
LINE
  5
2D3
330
17
100
AcDbEntity
  8
隐藏线
  6
HIDDEN
100
AcDbLine
 10
47.85040735891576
 20
23.5
 30
0.0
 11
50.705891971722856
 21
23.5
 31
0.0
  0
LINE
  5
2D4
330
17
100
AcDbEntity
  8
隐藏线
  6
HIDDEN
100
AcDbLine
 10
50.705891971722856
 20
23.5
 30
0.0
 11
53.48050297095269
 21
23.5
 31
0.0
  0
LINE
  5
2D5
330
17
100
AcDbEntity
  8
隐藏线
  6
HIDDEN
100
AcDbLine
 10
53.48050297095269
 20
23.5
 30
0.0
 11
56.13780300324958
 21
23.5
 31
0.0
  0
LINE
  5
2D6
330
17
100
AcDbEntity
  8
隐藏线
  6
HIDDEN
100
AcDbLine
 10
56.13780300324958
 20
23.5
 30
0.0
 11
58.66055059042713
 21
23.5
 31
0.0
  0
LINE
  5
2D7
330
17
100
AcDbEntity
  8
隐藏线
  6
HIDDEN
100
AcDbLine
 10
58.66055059042713
 20
23.5
 30
0.0
 11
61.026119876461536
 21
23.5
 31
0.0
  0
LINE
  5
2D8
330
17
100
AcDbEntity
  8
隐藏线
  6
HIDDEN
100
AcDbLine
 10
61.026119876461536
 20
23.5
 30
0.0
 11
63.21320343559643
 21
23.5
 31
0.0
  0
LINE
  5
2D9
330
17
100
AcDbEntity
  8
隐藏线
  6
HIDDEN
100
AcDbLine
 10
63.21320343559643
 20
23.5
 30
0.0
 11
65.18352459215441
 21
23.5
 31
0.0
  0
LINE
  5
2DA
330
17
100
AcDbEntity
  8
隐藏线
  6
HIDDEN
100
AcDbLine
 10
65.18352459215441
 20
23.5
 30
0.0
 11
66.93427602281317
 21
23.5
 31
0.0
  0
LINE
  5
2DB
330
17
100
AcDbEntity
  8
隐藏线
  6
HIDDEN
100
AcDbLine
 10
66.93427602281317
 20
23.5
 30
0.0
 11
68.4497935022151
 21
23.5
 31
0.0
  0
LINE
  5
2DC
330
17
100
AcDbEntity
  8
隐藏线
  6
HIDDEN
100
AcDbLine
 10
68.4497935022151
 20
23.5
 30
0.0
 11
69.7163859753386
 21
23.5
 31
0.0
  0
LINE
  5
2DD
330
17
100
AcDbEntity
  8
隐藏线
  6
HIDDEN
100
AcDbLine
 10
69.7163859753386
 20
23.5
 30
0.0
 11
70.6997647210775
 21
23.5
 31
0.0
  0
LINE
  5
2DE
330
17
100
AcDbEntity
  8
隐藏线
  6
HIDDEN
100
AcDbLine
 10
70.6997647210775
 20
23.5
 30
0.0
 11
71.41198396050089
 21
23.5
 31
0.0
  0
LINE
  5
2DF
330
17
100
AcDbEntity
  8
隐藏线
  6
HIDDEN
100
AcDbLine
 10
71.41198396050089
 20
23.5
 30
0.0
 11
71.84672583523158
 21
23.5
 31
0.0
  0
LINE
  5
2E0
330
17
100
AcDbEntity
  8
隐藏线
  6
HIDDEN
100
AcDbLine
 10
71.84672583523158
 20
23.5
 30
0.0
 11
72.0
 21
23.5
 31
0.0
  0
LINE
  5
2E1
330
17
100
AcDbEntity
  8
隐藏线
  6
HIDDEN
100
AcDbLine
 10
72.0
 20
21.863254684140177
 30
0.0
 11
72.0
 21
21.73673019291535
 31
0.0
  0
LINE
  5
2E2
330
17
100
AcDbEntity
  8
隐藏线
  6
HIDDEN
100
AcDbLine
 10
72.0
 20
21.984506811914784
 30
0.0
 11
72.0
 21
21.863254684140177
 31
0.0
  0
LINE
  5
2E3
330
17
100
AcDbEntity
  8
隐藏线
  6
HIDDEN
100
AcDbLine
 10
71.99999999999999
 20
22.100486576239174
 30
0.0
 11
72.0
 21
21.984506811914784
 31
0.0
  0
LINE
  5
2E4
330
17
100
AcDbEntity
  8
隐藏线
  6
HIDDEN
100
AcDbLine
 10
71.99999999999999
 20
22.211193977113346
 30
0.0
 11
71.99999999999999
 21
22.100486576239174
 31
0.0
  0
LINE
  5
2E5
330
17
100
AcDbEntity
  8
隐藏线
  6
HIDDEN
100
AcDbLine
 10
71.99999999999999
 20
22.211193977113346
 30
0.0
 11
72.0
 21
22.316629014537295
 31
0.0
  0
LINE
  5
2E6
330
17
100
AcDbEntity
  8
隐藏线
  6
HIDDEN
100
AcDbLine
 10
71.99999999999999
 20
22.416791688511026
 30
0.0
 11
72.0
 21
22.316629014537295
 31
0.0
  0
LINE
  5
2E7
330
17
100
AcDbEntity
  8
隐藏线
  6
HIDDEN
100
AcDbLine
 10
71.99999999999999
 20
22.416791688511026
 30
0.0
 11
71.99999999999999
 21
22.518869502704295
 31
0.0
  0
LINE
  5
2E8
330
17
100
AcDbEntity
  8
隐藏线
  6
HIDDEN
100
AcDbLine
 10
71.99999999999999
 20
22.518869502704295
 30
0.0
 11
72.0
 21
22.618594160295363
 31
0.0
  0
LINE
  5
2E9
330
17
100
AcDbEntity
  8
隐藏线
  6
HIDDEN
100
AcDbLine
 10
71.99999999999999
 20
22.81445028459025
 30
0.0
 11
72.0
 21
22.618594160295363
 31
0.0
  0
LINE
  5
2EA
330
17
100
AcDbEntity
  8
隐藏线
  6
HIDDEN
100
AcDbLine
 10
71.99999999999999
 20
22.81445028459025
 30
0.0
 11
72.0
 21
22.984745163379095
 31
0.0
  0
LINE
  5
2EB
330
17
100
AcDbEntity
  8
隐藏线
  6
HIDDEN
100
AcDbLine
 10
71.99999999999999
 20
23.139034308095322
 30
0.0
 11
72.0
 21
22.984745163379095
 31
0.0
  0
LINE
  5
2EC
330
17
100
AcDbEntity
  8
隐藏线
  6
HIDDEN
100
AcDbLine
 10
71.99999999999999
 20
23.266779440870284
 30
0.0
 11
71.99999999999999
 21
23.139034308095322
 31
0.0
  0
LINE
  5
2ED
330
17
100
AcDbEntity
  8
隐藏线
  6
HIDDEN
100
AcDbLine
 10
71.99999999999999
 20
23.266779440870284
 30
0.0
 11
72.0
 21
23.366218631911167
 31
0.0
  0
LINE
  5
2EE
330
17
100
AcDbEntity
  8
隐藏线
  6
HIDDEN
100
AcDbLine
 10
72.0
 20
23.366218631911167
 30
0.0
 11
72.0
 21
23.440415069241425
 31
0.0
  0
LINE
  5
2EF
330
17
100
AcDbEntity
  8
隐藏线
  6
HIDDEN
100
AcDbLine
 10
72.0
 20
23.485103767310356
 30
0.0
 11
72.0
 21
23.440415069241425
 31
0.0
  0
LINE
  5
2F0
330
17
100
AcDbEntity
  8
隐藏线
  6
HIDDEN
100
AcDbLine
 10
72.0
 20
23.485103767310356
 30
0.0
 11
72.0
 21
23.5
 31
0.0
  0
LINE
  5
2F1
330
17
100
AcDbEntity
  8
隐藏线
  6
HIDDEN
100
AcDbLine
 10
68.4575131106459
 20
21.73673019291535
 30
0.0
 11
68.69163864379509
 21
21.73673019291535
 31
0.0
  0
LINE
  5
2F2
330
17
100
AcDbEntity
  8
隐藏线
  6
HIDDEN
100
AcDbLine
 10
68.69163864379509
 20
21.73673019291535
 30
0.0
 11
68.9241592537606
 21
21.73673019291535
 31
0.0
  0
LINE
  5
2F3
330
17
100
AcDbEntity
  8
隐藏线
  6
HIDDEN
100
AcDbLine
 10
68.9241592537606
 20
21.73673019291535
 30
0.0
 11
69.15506163384678
 21
21.73673019291535
 31
0.0
  0
LINE
  5
2F4
330
17
100
AcDbEntity
  8
隐藏线
  6
HIDDEN
100
AcDbLine
 10
69.15506163384678
 20
21.73673019291535
 30
0.0
 11
69.38433256381221
 21
21.73673019291535
 31
0.0
  0
LINE
  5
2F5
330
17
100
AcDbEntity
  8
隐藏线
  6
HIDDEN
100
AcDbLine
 10
69.38433256381221
 20
21.73673019291535
 30
0.0
 11
69.61182045095329
 21
21.73673019291535
 31
0.0
  0
LINE
  5
2F6
330
17
100
AcDbEntity
  8
隐藏线
  6
HIDDEN
100
AcDbLine
 10
69.61182045095329
 20
21.73673019291535
 30
0.0
 11
69.83764812802983
 21
21.73673019291535
 31
0.0
  0
LINE
  5
2F7
330
17
100
AcDbEntity
  8
隐藏线
  6
HIDDEN
100
AcDbLine
 10
69.83764812802983
 20
21.73673019291535
 30
0.0
 11
70.06180267156309
 21
21.73673019291535
 31
0.0
  0
LINE
  5
2F8
330
17
100
AcDbEntity
  8
隐藏线
  6
HIDDEN
100
AcDbLine
 10
70.06180267156309
 20
21.73673019291535
 30
0.0
 11
70.2842712474619
 21
21.73673019291535
 31
0.0
  0
LINE
  5
2F9
330
17
100
AcDbEntity
  8
隐藏线
  6
HIDDEN
100
AcDbLine
 10
70.2842712474619
 20
21.73673019291535
 30
0.0
 11
70.50489818392064
 21
21.73673019291535
 31
0.0
  0
LINE
  5
2FA
330
17
100
AcDbEntity
  8
隐藏线
  6
HIDDEN
100
AcDbLine
 10
70.50489818392064
 20
21.73673019291535
 30
0.0
 11
70.72381125311486
 21
21.73673019291535
 31
0.0
  0
LINE
  5
2FB
330
17
100
AcDbEntity
  8
隐藏线
  6
HIDDEN
100
AcDbLine
 10
70.72381125311486
 20
21.73673019291535
 30
0.0
 11
70.94099792746866
 21
21.73673019291535
 31
0.0
  0
LINE
  5
2FC
330
17
100
AcDbEntity
  8
隐藏线
  6
HIDDEN
100
AcDbLine
 10
70.94099792746866
 20
21.73673019291535
 30
0.0
 11
71.15644577163914
 21
21.73673019291535
 31
0.0
  0
LINE
  5
2FD
330
17
100
AcDbEntity
  8
隐藏线
  6
HIDDEN
100
AcDbLine
 10
71.15644577163914
 20
21.73673019291535
 30
0.0
 11
71.36999518752788
 21
21.73673019291535
 31
0.0
  0
LINE
  5
2FE
330
17
100
AcDbEntity
  8
隐藏线
  6
HIDDEN
100
AcDbLine
 10
71.36999518752788
 20
21.73673019291535
 30
0.0
 11
71.58177876130351
 21
21.73673019291535
 31
0.0
  0
LINE
  5
2FF
330
17
100
AcDbEntity
  8
隐藏线
  6
HIDDEN
100
AcDbLine
 10
71.58177876130351
 20
21.73673019291535
 30
0.0
 11
71.79178437359019
 21
21.73673019291535
 31
0.0
  0
LINE
  5
300
330
17
100
AcDbEntity
  8
隐藏线
  6
HIDDEN
100
AcDbLine
 10
71.79178437359019
 20
21.73673019291535
 30
0.0
 11
72.0
 21
21.73673019291535
 31
0.0
  0
LINE
  5
301
330
17
100
AcDbEntity
  8
隐藏线
  6
HIDDEN
100
AcDbLine
 10
12.0
 20
2.0
 30
0.0
 11
12.20821562640981
 21
2.0
 31
0.0
  0
LINE
  5
302
330
17
100
AcDbEntity
  8
隐藏线
  6
HIDDEN
100
AcDbLine
 10
12.20821562640981
 20
2.0
 30
0.0
 11
12.418221238696493
 21
2.0
 31
0.0
  0
LINE
  5
303
330
17
100
AcDbEntity
  8
隐藏线
  6
HIDDEN
100
AcDbLine
 10
12.418221238696493
 20
2.0
 30
0.0
 11
12.63000481247213
 21
2.0
 31
0.0
  0
LINE
  5
304
330
17
100
AcDbEntity
  8
隐藏线
  6
HIDDEN
100
AcDbLine
 10
12.63000481247213
 20
2.0
 30
0.0
 11
12.843554228360851
 21
2.0
 31
0.0
  0
LINE
  5
305
330
17
100
AcDbEntity
  8
隐藏线
  6
HIDDEN
100
AcDbLine
 10
12.843554228360851
 20
2.0
 30
0.0
 11
13.059002072531328
 21
2.0
 31
0.0
  0
LINE
  5
306
330
17
100
AcDbEntity
  8
隐藏线
  6
HIDDEN
100
AcDbLine
 10
13.059002072531328
 20
2.0
 30
0.0
 11
13.276188746885122
 21
2.0
 31
0.0
  0
LINE
  5
307
330
17
100
AcDbEntity
  8
隐藏线
  6
HIDDEN
100
AcDbLine
 10
13.276188746885122
 20
2.0
 30
0.0
 11
13.495101816079352
 21
2.0
 31
0.0
  0
LINE
  5
308
330
17
100
AcDbEntity
  8
隐藏线
  6
HIDDEN
100
AcDbLine
 10
13.495101816079352
 20
2.0
 30
0.0
 11
13.715728752538098
 21
2.0
 31
0.0
  0
LINE
  5
309
330
17
100
AcDbEntity
  8
隐藏线
  6
HIDDEN
100
AcDbLine
 10
13.715728752538098
 20
2.0
 30
0.0
 11
13.938197328436917
 21
2.0
 31
0.0
  0
LINE
  5
30A
330
17
100
AcDbEntity
  8
隐藏线
  6
HIDDEN
100
AcDbLine
 10
13.938197328436917
 20
2.0
 30
0.0
 11
14.162351871970184
 21
2.0
 31
0.0
  0
LINE
  5
30B
330
17
100
AcDbEntity
  8
隐藏线
  6
HIDDEN
100
AcDbLine
 10
14.162351871970184
 20
2.0
 30
0.0
 11
14.388179549046718
 21
2.0
 31
0.0
  0
LINE
  5
30C
330
17
100
AcDbEntity
  8
隐藏线
  6
HIDDEN
100
AcDbLine
 10
14.388179549046718
 20
2.0
 30
0.0
 11
14.615667436187792
 21
2.0
 31
0.0
  0
LINE
  5
30D
330
17
100
AcDbEntity
  8
隐藏线
  6
HIDDEN
100
AcDbLine
 10
14.615667436187792
 20
2.0
 30
0.0
 11
14.844938366153212
 21
2.0
 31
0.0
  0
LINE
  5
30E
330
17
100
AcDbEntity
  8
隐藏线
  6
HIDDEN
100
AcDbLine
 10
14.844938366153212
 20
2.0
 30
0.0
 11
15.07584074623939
 21
2.0
 31
0.0
  0
LINE
  5
30F
330
17
100
AcDbEntity
  8
隐藏线
  6
HIDDEN
100
AcDbLine
 10
15.07584074623939
 20
2.0
 30
0.0
 11
15.308361356204912
 21
2.0
 31
0.0
  0
LINE
  5
310
330
17
100
AcDbEntity
  8
隐藏线
  6
HIDDEN
100
AcDbLine
 10
15.308361356204912
 20
2.0
 30
0.0
 11
15.542486889354098
 21
2.0
 31
0.0
  0
LINE
  5
311
330
17
100
AcDbEntity
  8
隐藏线
  6
HIDDEN
100
AcDbLine
 10
15.542486889354098
 20
2.0
 30
0.0
 11
42.0
 21
2.0
 31
0.0
  0
LINE
  5
312
330
17
100
AcDbEntity
  8
隐藏线
  6
HIDDEN
100
AcDbLine
 10
42.0
 20
2.0
 30
0.0
 11
68.4575131106459
 21
2.0
 31
0.0
  0
LINE
  5
313
330
17
100
AcDbEntity
  8
隐藏线
  6
HIDDEN
100
AcDbLine
 10
68.4575131106459
 20
2.0
 30
0.0
 11
68.69163864379509
 21
2.0
 31
0.0
  0
LINE
  5
314
330
17
100
AcDbEntity
  8
隐藏线
  6
HIDDEN
100
AcDbLine
 10
68.69163864379509
 20
2.0
 30
0.0
 11
68.9241592537606
 21
2.0
 31
0.0
  0
LINE
  5
315
330
17
100
AcDbEntity
  8
隐藏线
  6
HIDDEN
100
AcDbLine
 10
68.9241592537606
 20
2.0
 30
0.0
 11
69.15506163384678
 21
2.0
 31
0.0
  0
LINE
  5
316
330
17
100
AcDbEntity
  8
隐藏线
  6
HIDDEN
100
AcDbLine
 10
69.15506163384678
 20
2.0
 30
0.0
 11
69.38433256381221
 21
2.0
 31
0.0
  0
LINE
  5
317
330
17
100
AcDbEntity
  8
隐藏线
  6
HIDDEN
100
AcDbLine
 10
69.38433256381221
 20
2.0
 30
0.0
 11
69.61182045095329
 21
2.0
 31
0.0
  0
LINE
  5
318
330
17
100
AcDbEntity
  8
隐藏线
  6
HIDDEN
100
AcDbLine
 10
69.61182045095329
 20
2.0
 30
0.0
 11
69.83764812802983
 21
2.0
 31
0.0
  0
LINE
  5
319
330
17
100
AcDbEntity
  8
隐藏线
  6
HIDDEN
100
AcDbLine
 10
69.83764812802983
 20
2.0
 30
0.0
 11
70.06180267156309
 21
2.0
 31
0.0
  0
LINE
  5
31A
330
17
100
AcDbEntity
  8
隐藏线
  6
HIDDEN
100
AcDbLine
 10
70.06180267156309
 20
2.0
 30
0.0
 11
70.2842712474619
 21
2.0
 31
0.0
  0
LINE
  5
31B
330
17
100
AcDbEntity
  8
隐藏线
  6
HIDDEN
100
AcDbLine
 10
70.2842712474619
 20
2.0
 30
0.0
 11
70.50489818392064
 21
2.0
 31
0.0
  0
LINE
  5
31C
330
17
100
AcDbEntity
  8
隐藏线
  6
HIDDEN
100
AcDbLine
 10
70.50489818392064
 20
2.0
 30
0.0
 11
70.72381125311486
 21
2.0
 31
0.0
  0
LINE
  5
31D
330
17
100
AcDbEntity
  8
隐藏线
  6
HIDDEN
100
AcDbLine
 10
70.72381125311486
 20
2.0
 30
0.0
 11
70.94099792746866
 21
2.0
 31
0.0
  0
LINE
  5
31E
330
17
100
AcDbEntity
  8
隐藏线
  6
HIDDEN
100
AcDbLine
 10
70.94099792746866
 20
2.0
 30
0.0
 11
71.15644577163914
 21
2.0
 31
0.0
  0
LINE
  5
31F
330
17
100
AcDbEntity
  8
隐藏线
  6
HIDDEN
100
AcDbLine
 10
71.15644577163914
 20
2.0
 30
0.0
 11
71.36999518752788
 21
2.0
 31
0.0
  0
LINE
  5
320
330
17
100
AcDbEntity
  8
隐藏线
  6
HIDDEN
100
AcDbLine
 10
71.36999518752788
 20
2.0
 30
0.0
 11
71.58177876130351
 21
2.0
 31
0.0
  0
LINE
  5
321
330
17
100
AcDbEntity
  8
隐藏线
  6
HIDDEN
100
AcDbLine
 10
71.58177876130351
 20
2.0
 30
0.0
 11
71.79178437359019
 21
2.0
 31
0.0
  0
LINE
  5
322
330
17
100
AcDbEntity
  8
隐藏线
  6
HIDDEN
100
AcDbLine
 10
71.79178437359019
 20
2.0
 30
0.0
 11
72.0
 21
2.0
 31
0.0
  0
LINE
  5
323
330
17
100
AcDbEntity
  8
隐藏线
  6
HIDDEN
100
AcDbLine
 10
72.0
 20
2.0
 30
0.0
 11
72.0
 21
11.868365096457673
 31
0.0
  0
LINE
  5
324
330
17
100
AcDbEntity
  8
隐藏线
  6
HIDDEN
100
AcDbLine
 10
72.0
 20
11.868365096457673
 30
0.0
 11
72.0
 21
12.75
 31
0.0
  0
LINE
  5
325
330
17
100
AcDbEntity
  8
隐藏线
  6
HIDDEN
100
AcDbLine
 10
72.0
 20
12.75
 30
0.0
 11
72.0
 21
21.73673019291535
 31
0.0
  0
LINE
  5
326
330
17
100
AcDbEntity
  8
隐藏线
  6
HIDDEN
100
AcDbLine
 10
68.4575131106459
 20
2.0
 30
0.0
 11
68.4575131106459
 21
11.868365096457673
 31
0.0
  0
LINE
  5
327
330
17
100
AcDbEntity
  8
隐藏线
  6
HIDDEN
100
AcDbLine
 10
68.4575131106459
 20
11.868365096457673
 30
0.0
 11
68.4575131106459
 21
12.75
 31
0.0
  0
LINE
  5
328
330
17
100
AcDbEntity
  8
隐藏线
  6
HIDDEN
100
AcDbLine
 10
68.4575131106459
 20
12.75
 30
0.0
 11
68.4575131106459
 21
21.73673019291535
 31
0.0
  0
LINE
  5
329
330
17
100
AcDbEntity
  8
隐藏线
  6
HIDDEN
100
AcDbLine
 10
15.542486889354098
 20
2.0
 30
0.0
 11
15.542486889354098
 21
11.868365096457673
 31
0.0
  0
LINE
  5
32A
330
17
100
AcDbEntity
  8
隐藏线
  6
HIDDEN
100
AcDbLine
 10
15.542486889354098
 20
11.868365096457673
 30
0.0
 11
15.542486889354098
 21
12.75
 31
0.0
  0
LINE
  5
32B
330
17
100
AcDbEntity
  8
隐藏线
  6
HIDDEN
100
AcDbLine
 10
15.542486889354098
 20
12.75
 30
0.0
 11
15.542486889354098
 21
21.73673019291535
 31
0.0
  0
LINE
  5
32C
330
17
100
AcDbEntity
  8
隐藏线
  6
HIDDEN
100
AcDbLine
 10
12.0
 20
2.0
 30
0.0
 11
12.0
 21
11.868365096457673
 31
0.0
  0
LINE
  5
32D
330
17
100
AcDbEntity
  8
隐藏线
  6
HIDDEN
100
AcDbLine
 10
12.0
 20
11.868365096457673
 30
0.0
 11
12.0
 21
12.75
 31
0.0
  0
LINE
  5
32E
330
17
100
AcDbEntity
  8
隐藏线
  6
HIDDEN
100
AcDbLine
 10
12.0
 20
12.75
 30
0.0
 11
12.0
 21
21.73673019291535
 31
0.0
  0
LINE
  5
32F
330
17
100
AcDbEntity
  8
隐藏线
  6
HIDDEN
100
AcDbLine
 10
71.38871959829035
 20
28.5
 30
0.0
 11
72.0
 21
28.5
 31
0.0
  0
LINE
  5
330
330
17
100
AcDbEntity
  8
隐藏线
  6
HIDDEN
100
AcDbLine
 10
69.6727829731618
 20
28.5
 30
0.0
 11
71.38871959829035
 21
28.5
 31
0.0
  0
LINE
  5
331
330
17
100
AcDbEntity
  8
隐藏线
  6
HIDDEN
100
AcDbLine
 10
66.91503060114661
 20
28.5
 30
0.0
 11
69.6727829731618
 21
28.5
 31
0.0
  0
LINE
  5
332
330
17
100
AcDbEntity
  8
隐藏线
  6
HIDDEN
100
AcDbLine
 10
63.21320343559643
 20
28.5
 30
0.0
 11
66.91503060114661
 21
28.5
 31
0.0
  0
LINE
  5
333
330
17
100
AcDbEntity
  8
隐藏线
  6
HIDDEN
100
AcDbLine
 10
58.646895235535574
 20
28.5
 30
0.0
 11
63.21320343559643
 21
28.5
 31
0.0
  0
LINE
  5
334
330
17
100
AcDbEntity
  8
隐藏线
  6
HIDDEN
100
AcDbLine
 10
53.462442016090876
 20
28.5
 30
0.0
 11
58.646895235535574
 21
28.5
 31
0.0
  0
LINE
  5
335
330
17
100
AcDbEntity
  8
隐藏线
  6
HIDDEN
100
AcDbLine
 10
47.846454584791886
 20
28.5
 30
0.0
 11
53.462442016090876
 21
28.5
 31
0.0
  0
LINE
  5
336
330
17
100
AcDbEntity
  8
隐藏线
  6
HIDDEN
100
AcDbLine
 10
42.0
 20
28.5
 30
0.0
 11
47.846454584791886
 21
28.5
 31
0.0
  0
LINE
  5
337
330
17
100
AcDbEntity
  8
隐藏线
  6
HIDDEN
100
AcDbLine
 10
36.153545415208114
 20
28.5
 30
0.0
 11
42.0
 21
28.5
 31
0.0
  0
LINE
  5
338
330
17
100
AcDbEntity
  8
隐藏线
  6
HIDDEN
100
AcDbLine
 10
30.537557983909124
 20
28.5
 30
0.0
 11
36.153545415208114
 21
28.5
 31
0.0
  0
LINE
  5
339
330
17
100
AcDbEntity
  8
隐藏线
  6
HIDDEN
100
AcDbLine
 10
25.353104764464433
 20
28.5
 30
0.0
 11
30.537557983909124
 21
28.5
 31
0.0
  0
LINE
  5
33A
330
17
100
AcDbEntity
  8
隐藏线
  6
HIDDEN
100
AcDbLine
 10
20.786796564403577
 20
28.5
 30
0.0
 11
25.353104764464433
 21
28.5
 31
0.0
  0
LINE
  5
33B
330
17
100
AcDbEntity
  8
隐藏线
  6
HIDDEN
100
AcDbLine
 10
17.08496939885338
 20
28.5
 30
0.0
 11
20.786796564403577
 21
28.5
 31
0.0
  0
LINE
  5
33C
330
17
100
AcDbEntity
  8
隐藏线
  6
HIDDEN
100
AcDbLine
 10
14.327217026838198
 20
28.5
 30
0.0
 11
17.08496939885338
 21
28.5
 31
0.0
  0
LINE
  5
33D
330
17
100
AcDbEntity
  8
隐藏线
  6
HIDDEN
100
AcDbLine
 10
12.611280401709653
 20
28.5
 30
0.0
 11
14.327217026838198
 21
28.5
 31
0.0
  0
LINE
  5
33E
330
17
100
AcDbEntity
  8
隐藏线
  6
HIDDEN
100
AcDbLine
 10
12.0
 20
28.5
 30
0.0
 11
12.611280401709653
 21
28.5
 31
0.0
  0
LINE
  5
33F
330
17
100
AcDbEntity
  8
隐藏线
  6
HIDDEN
100
AcDbLine
 10
21.0
 20
16.25
 30
0.0
 11
21.0
 21
25.5
 31
0.0
  0
LINE
  5
340
330
17
100
AcDbEntity
  8
隐藏线
  6
HIDDEN
100
AcDbLine
 10
21.0
 20
7.0
 30
0.0
 11
21.0
 21
16.25
 31
0.0
  0
LINE
  5
341
330
17
100
AcDbEntity
  8
隐藏线
  6
HIDDEN
100
AcDbLine
 10
63.0
 20
16.25
 30
0.0
 11
63.0
 21
25.5
 31
0.0
  0
LINE
  5
342
330
17
100
AcDbEntity
  8
隐藏线
  6
HIDDEN
100
AcDbLine
 10
63.0
 20
7.0
 30
0.0
 11
63.0
 21
16.25
 31
0.0
  0
LINE
  5
343
330
17
100
AcDbEntity
  8
隐藏线
  6
HIDDEN
100
AcDbLine
 10
34.0
 20
33.5
 30
0.0
 11
34.16300810712257
 21
33.5
 31
0.0
  0
LINE
  5
344
330
17
100
AcDbEntity
  8
隐藏线
  6
HIDDEN
100
AcDbLine
 10
34.16300810712257
 20
33.5
 30
0.0
 11
34.62059120715685
 21
33.5
 31
0.0
  0
LINE
  5
345
330
17
100
AcDbEntity
  8
隐藏线
  6
HIDDEN
100
AcDbLine
 10
34.62059120715685
 20
33.5
 30
0.0
 11
35.355991839694234
 21
33.5
 31
0.0
  0
LINE
  5
346
330
17
100
AcDbEntity
  8
隐藏线
  6
HIDDEN
100
AcDbLine
 10
35.355991839694234
 20
33.5
 30
0.0
 11
36.34314575050762
 21
33.5
 31
0.0
  0
LINE
  5
347
330
17
100
AcDbEntity
  8
隐藏线
  6
HIDDEN
100
AcDbLine
 10
36.34314575050762
 20
33.5
 30
0.0
 11
37.56082793719051
 21
33.5
 31
0.0
  0
LINE
  5
348
330
17
100
AcDbEntity
  8
隐藏线
  6
HIDDEN
100
AcDbLine
 10
37.56082793719051
 20
33.5
 30
0.0
 11
38.9433487957091
 21
33.5
 31
0.0
  0
LINE
  5
349
330
17
100
AcDbEntity
  8
隐藏线
  6
HIDDEN
100
AcDbLine
 10
38.9433487957091
 20
33.5
 30
0.0
 11
40.4409454440555
 21
33.5
 31
0.0
  0
LINE
  5
34A
330
17
100
AcDbEntity
  8
隐藏线
  6
HIDDEN
100
AcDbLine
 10
40.4409454440555
 20
33.5
 30
0.0
 11
42.0
 21
33.5
 31
0.0
  0
LINE
  5
34B
330
17
100
AcDbEntity
  8
隐藏线
  6
HIDDEN
100
AcDbLine
 10
42.0
 20
33.5
 30
0.0
 11
43.5590545559445
 21
33.5
 31
0.0
  0
LINE
  5
34C
330
17
100
AcDbEntity
  8
隐藏线
  6
HIDDEN
100
AcDbLine
 10
43.5590545559445
 20
33.5
 30
0.0
 11
45.0566512042909
 21
33.5
 31
0.0
  0
LINE
  5
34D
330
17
100
AcDbEntity
  8
隐藏线
  6
HIDDEN
100
AcDbLine
 10
45.0566512042909
 20
33.5
 30
0.0
 11
46.43917206280948
 21
33.5
 31
0.0
  0
LINE
  5
34E
330
17
100
AcDbEntity
  8
隐藏线
  6
HIDDEN
100
AcDbLine
 10
46.43917206280948
 20
33.5
 30
0.0
 11
47.65685424949238
 21
33.5
 31
0.0
  0
LINE
  5
34F
330
17
100
AcDbEntity
  8
隐藏线
  6
HIDDEN
100
AcDbLine
 10
47.65685424949238
 20
33.5
 30
0.0
 11
48.644008160305766
 21
33.5
 31
0.0
  0
LINE
  5
350
330
17
100
AcDbEntity
  8
隐藏线
  6
HIDDEN
100
AcDbLine
 10
48.644008160305766
 20
33.5
 30
0.0
 11
49.379408792843144
 21
33.5
 31
0.0
  0
LINE
  5
351
330
17
100
AcDbEntity
  8
隐藏线
  6
HIDDEN
100
AcDbLine
 10
49.379408792843144
 20
33.5
 30
0.0
 11
49.83699189287743
 21
33.5
 31
0.0
  0
LINE
  5
352
330
17
100
AcDbEntity
  8
隐藏线
  6
HIDDEN
100
AcDbLine
 10
49.83699189287743
 20
33.5
 30
0.0
 11
50.0
 21
33.5
 31
0.0
  0
LINE
  5
353
330
17
100
AcDbEntity
  8
隐藏线
  6
HIDDEN
100
AcDbLine
 10
34.0
 20
28.5
 30
0.0
 11
34.16300810712257
 21
28.5
 31
0.0
  0
LINE
  5
354
330
17
100
AcDbEntity
  8
隐藏线
  6
HIDDEN
100
AcDbLine
 10
34.16300810712257
 20
28.5
 30
0.0
 11
34.62059120715685
 21
28.5
 31
0.0
  0
LINE
  5
355
330
17
100
AcDbEntity
  8
隐藏线
  6
HIDDEN
100
AcDbLine
 10
34.62059120715685
 20
28.5
 30
0.0
 11
35.355991839694234
 21
28.5
 31
0.0
  0
LINE
  5
356
330
17
100
AcDbEntity
  8
隐藏线
  6
HIDDEN
100
AcDbLine
 10
35.355991839694234
 20
28.5
 30
0.0
 11
36.34314575050762
 21
28.5
 31
0.0
  0
LINE
  5
357
330
17
100
AcDbEntity
  8
隐藏线
  6
HIDDEN
100
AcDbLine
 10
36.34314575050762
 20
28.5
 30
0.0
 11
37.56082793719051
 21
28.5
 31
0.0
  0
LINE
  5
358
330
17
100
AcDbEntity
  8
隐藏线
  6
HIDDEN
100
AcDbLine
 10
37.56082793719051
 20
28.5
 30
0.0
 11
38.9433487957091
 21
28.5
 31
0.0
  0
LINE
  5
359
330
17
100
AcDbEntity
  8
隐藏线
  6
HIDDEN
100
AcDbLine
 10
38.9433487957091
 20
28.5
 30
0.0
 11
40.4409454440555
 21
28.5
 31
0.0
  0
LINE
  5
35A
330
17
100
AcDbEntity
  8
隐藏线
  6
HIDDEN
100
AcDbLine
 10
40.4409454440555
 20
28.5
 30
0.0
 11
42.0
 21
28.5
 31
0.0
  0
LINE
  5
35B
330
17
100
AcDbEntity
  8
隐藏线
  6
HIDDEN
100
AcDbLine
 10
42.0
 20
28.5
 30
0.0
 11
43.5590545559445
 21
28.5
 31
0.0
  0
LINE
  5
35C
330
17
100
AcDbEntity
  8
隐藏线
  6
HIDDEN
100
AcDbLine
 10
43.5590545559445
 20
28.5
 30
0.0
 11
45.0566512042909
 21
28.5
 31
0.0
  0
LINE
  5
35D
330
17
100
AcDbEntity
  8
隐藏线
  6
HIDDEN
100
AcDbLine
 10
45.0566512042909
 20
28.5
 30
0.0
 11
46.43917206280948
 21
28.5
 31
0.0
  0
LINE
  5
35E
330
17
100
AcDbEntity
  8
隐藏线
  6
HIDDEN
100
AcDbLine
 10
46.43917206280948
 20
28.5
 30
0.0
 11
47.65685424949238
 21
28.5
 31
0.0
  0
LINE
  5
35F
330
17
100
AcDbEntity
  8
隐藏线
  6
HIDDEN
100
AcDbLine
 10
47.65685424949238
 20
28.5
 30
0.0
 11
48.644008160305766
 21
28.5
 31
0.0
  0
LINE
  5
360
330
17
100
AcDbEntity
  8
隐藏线
  6
HIDDEN
100
AcDbLine
 10
48.644008160305766
 20
28.5
 30
0.0
 11
49.379408792843144
 21
28.5
 31
0.0
  0
LINE
  5
361
330
17
100
AcDbEntity
  8
隐藏线
  6
HIDDEN
100
AcDbLine
 10
49.379408792843144
 20
28.5
 30
0.0
 11
49.83699189287743
 21
28.5
 31
0.0
  0
LINE
  5
362
330
17
100
AcDbEntity
  8
隐藏线
  6
HIDDEN
100
AcDbLine
 10
49.83699189287743
 20
28.5
 30
0.0
 11
50.0
 21
28.5
 31
0.0
  0
LINE
  5
363
330
17
100
AcDbEntity
  8
隐藏线
  6
HIDDEN
100
AcDbLine
 10
34.0
 20
31.0
 30
0.0
 11
34.0
 21
33.5
 31
0.0
  0
LINE
  5
364
330
17
100
AcDbEntity
  8
隐藏线
  6
HIDDEN
100
AcDbLine
 10
34.0
 20
28.5
 30
0.0
 11
34.0
 21
31.0
 31
0.0
  0
LINE
  5
365
330
17
100
AcDbEntity
  8
隐藏线
  6
HIDDEN
100
AcDbLine
 10
50.0
 20
31.0
 30
0.0
 11
50.0
 21
33.5
 31
0.0
  0
LINE
  5
366
330
17
100
AcDbEntity
  8
隐藏线
  6
HIDDEN
100
AcDbLine
 10
50.0
 20
28.5
 30
0.0
 11
50.0
 21
31.0
 31
0.0
  0
LINE
  5
367
330
17
100
AcDbEntity
  8
隐藏线
  6
HIDDEN
100
AcDbLine
 10
42.0
 20
70.9
 30
0.0
 11
44.0
 21
70.9
 31
0.0
  0
LINE
  5
368
330
17
100
AcDbEntity
  8
隐藏线
  6
HIDDEN
100
AcDbLine
 10
40.0
 20
70.9
 30
0.0
 11
42.0
 21
70.9
 31
0.0
  0
LINE
  5
369
330
17
100
AcDbEntity
  8
隐藏线
  6
HIDDEN
100
AcDbLine
 10
39.57156818071688
 20
70.9
 30
0.0
 11
40.0
 21
70.9
 31
0.0
  0
LINE
  5
36A
330
17
100
AcDbEntity
  8
隐藏线
  6
HIDDEN
100
AcDbLine
 10
39.157327037027414
 20
70.9
 30
0.0
 11
39.57156818071688
 21
70.9
 31
0.0
  0
LINE
  5
36B
330
17
100
AcDbEntity
  8
隐藏线
  6
HIDDEN
100
AcDbLine
 10
38.7595602975158
 20
70.9
 30
0.0
 11
39.157327037027414
 21
70.9
 31
0.0
  0
LINE
  5
36C
330
17
100
AcDbEntity
  8
隐藏线
  6
HIDDEN
100
AcDbLine
 10
38.38046680987262
 20
70.9
 30
0.0
 11
38.7595602975158
 21
70.9
 31
0.0
  0
LINE
  5
36D
330
17
100
AcDbEntity
  8
隐藏线
  6
HIDDEN
100
AcDbLine
 10
38.0240951712246
 20
70.9
 30
0.0
 11
38.38046680987262
 21
70.9
 31
0.0
  0
LINE
  5
36E
330
17
100
AcDbEntity
  8
隐藏线
  6
HIDDEN
100
AcDbLine
 10
37.69086170529675
 20
70.9
 30
0.0
 11
38.0240951712246
 21
70.9
 31
0.0
  0
LINE
  5
36F
330
17
100
AcDbEntity
  8
隐藏线
  6
HIDDEN
100
AcDbLine
 10
37.3826013850138
 20
70.9
 30
0.0
 11
37.69086170529675
 21
70.9
 31
0.0
  0
LINE
  5
370
330
17
100
AcDbEntity
  8
隐藏线
  6
HIDDEN
100
AcDbLine
 10
37.10102051443364
 20
70.9
 30
0.0
 11
37.3826013850138
 21
70.9
 31
0.0
  0
LINE
  5
371
330
17
100
AcDbEntity
  8
隐藏线
  6
HIDDEN
100
AcDbLine
 10
36.90861599840011
 20
70.9
 30
0.0
 11
37.10102051443364
 21
70.9
 31
0.0
  0
LINE
  5
372
330
17
100
AcDbEntity
  8
隐藏线
  6
HIDDEN
100
AcDbLine
 10
36.7330801159458
 20
70.9
 30
0.0
 11
36.90861599840011
 21
70.9
 31
0.0
  0
LINE
  5
373
330
17
100
AcDbEntity
  8
隐藏线
  6
HIDDEN
100
AcDbLine
 10
36.57496401172773
 20
70.9
 30
0.0
 11
36.7330801159458
 21
70.9
 31
0.0
  0
LINE
  5
374
330
17
100
AcDbEntity
  8
隐藏线
  6
HIDDEN
100
AcDbLine
 10
36.434767613193245
 20
70.9
 30
0.0
 11
36.57496401172773
 21
70.9
 31
0.0
  0
LINE
  5
375
330
17
100
AcDbEntity
  8
隐藏线
  6
HIDDEN
100
AcDbLine
 10
36.31451008803699
 20
70.9
 30
0.0
 11
36.434767613193245
 21
70.9
 31
0.0
  0
LINE
  5
376
330
17
100
AcDbEntity
  8
隐藏线
  6
HIDDEN
100
AcDbLine
 10
36.21307467150668
 20
70.9
 30
0.0
 11
36.31451008803699
 21
70.9
 31
0.0
  0
LINE
  5
377
330
17
100
AcDbEntity
  8
隐藏线
  6
HIDDEN
100
AcDbLine
 10
36.130778896002084
 20
70.9
 30
0.0
 11
36.21307467150668
 21
70.9
 31
0.0
  0
LINE
  5
378
330
17
100
AcDbEntity
  8
隐藏线
  6
HIDDEN
100
AcDbLine
 10
36.067884020014446
 20
70.9
 30
0.0
 11
36.130778896002084
 21
70.9
 31
0.0
  0
LINE
  5
379
330
17
100
AcDbEntity
  8
隐藏线
  6
HIDDEN
100
AcDbLine
 10
36.03830254262942
 20
70.9
 30
0.0
 11
36.05206121245591
 21
70.9
 31
0.0
  0
LINE
  5
37A
330
17
100
AcDbEntity
  8
隐藏线
  6
HIDDEN
100
AcDbLine
 10
36.02661253460229
 20
70.9
 30
0.0
 11
36.03830254262942
 21
70.9
 31
0.0
  0
LINE
  5
37B
330
17
100
AcDbEntity
  8
隐藏线
  6
HIDDEN
100
AcDbLine
 10
36.12225608034193
 20
70.9
 30
0.0
 11
36.46544340536764
 21
70.9
 31
0.0
  0
LINE
  5
37C
330
17
100
AcDbEntity
  8
隐藏线
  6
HIDDEN
100
AcDbLine
 10
36.46544340536764
 20
70.9
 30
0.0
 11
37.01699387977067
 21
70.9
 31
0.0
  0
LINE
  5
37D
330
17
100
AcDbEntity
  8
隐藏线
  6
HIDDEN
100
AcDbLine
 10
37.01699387977067
 20
70.9
 30
0.0
 11
37.757359312880716
 21
70.9
 31
0.0
  0
LINE
  5
37E
330
17
100
AcDbEntity
  8
隐藏线
  6
HIDDEN
100
AcDbLine
 10
37.757359312880716
 20
70.9
 30
0.0
 11
38.67062095289289
 21
70.9
 31
0.0
  0
LINE
  5
37F
330
17
100
AcDbEntity
  8
隐藏线
  6
HIDDEN
100
AcDbLine
 10
38.67062095289289
 20
70.9
 30
0.0
 11
39.70751159678182
 21
70.9
 31
0.0
  0
LINE
  5
380
330
17
100
AcDbEntity
  8
隐藏线
  6
HIDDEN
100
AcDbLine
 10
39.70751159678182
 20
70.9
 30
0.0
 11
40.83070908304162
 21
70.9
 31
0.0
  0
LINE
  5
381
330
17
100
AcDbEntity
  8
隐藏线
  6
HIDDEN
100
AcDbLine
 10
40.83070908304162
 20
70.9
 30
0.0
 11
42.0
 21
70.9
 31
0.0
  0
LINE
  5
382
330
17
100
AcDbEntity
  8
隐藏线
  6
HIDDEN
100
AcDbLine
 10
42.0
 20
70.9
 30
0.0
 11
43.169290916958374
 21
70.9
 31
0.0
  0
LINE
  5
383
330
17
100
AcDbEntity
  8
隐藏线
  6
HIDDEN
100
AcDbLine
 10
43.169290916958374
 20
70.9
 30
0.0
 11
44.29248840321818
 21
70.9
 31
0.0
  0
LINE
  5
384
330
17
100
AcDbEntity
  8
隐藏线
  6
HIDDEN
100
AcDbLine
 10
44.29248840321818
 20
70.9
 30
0.0
 11
45.32937904710711
 21
70.9
 31
0.0
  0
LINE
  5
385
330
17
100
AcDbEntity
  8
隐藏线
  6
HIDDEN
100
AcDbLine
 10
45.32937904710711
 20
70.9
 30
0.0
 11
46.242640687119284
 21
70.9
 31
0.0
  0
LINE
  5
386
330
17
100
AcDbEntity
  8
隐藏线
  6
HIDDEN
100
AcDbLine
 10
46.242640687119284
 20
70.9
 30
0.0
 11
46.98300612022932
 21
70.9
 31
0.0
  0
LINE
  5
387
330
17
100
AcDbEntity
  8
隐藏线
  6
HIDDEN
100
AcDbLine
 10
46.98300612022932
 20
70.9
 30
0.0
 11
47.534556594632356
 21
70.9
 31
0.0
  0
LINE
  5
388
330
17
100
AcDbEntity
  8
隐藏线
  6
HIDDEN
100
AcDbLine
 10
47.534556594632356
 20
70.9
 30
0.0
 11
47.87774391965807
 21
70.9
 31
0.0
  0
LINE
  5
389
330
17
100
AcDbEntity
  8
隐藏线
  6
HIDDEN
100
AcDbLine
 10
47.87774391965807
 20
70.9
 30
0.0
 11
48.0
 21
70.9
 31
0.0
  0
LINE
  5
38A
330
17
100
AcDbEntity
  8
隐藏线
  6
HIDDEN
100
AcDbLine
 10
47.9988722841026
 20
70.9
 30
0.0
 11
48.0
 21
70.9
 31
0.0
  0
LINE
  5
38B
330
17
100
AcDbEntity
  8
隐藏线
  6
HIDDEN
100
AcDbLine
 10
47.932115979985554
 20
70.9
 30
0.0
 11
47.94793878754409
 21
70.9
 31
0.0
  0
LINE
  5
38C
330
17
100
AcDbEntity
  8
隐藏线
  6
HIDDEN
100
AcDbLine
 10
47.78692532849332
 20
70.9
 30
0.0
 11
47.869221103997916
 21
70.9
 31
0.0
  0
LINE
  5
38D
330
17
100
AcDbEntity
  8
隐藏线
  6
HIDDEN
100
AcDbLine
 10
47.68548991196301
 20
70.9
 30
0.0
 11
47.78692532849332
 21
70.9
 31
0.0
  0
LINE
  5
38E
330
17
100
AcDbEntity
  8
隐藏线
  6
HIDDEN
100
AcDbLine
 10
47.565232386806755
 20
70.9
 30
0.0
 11
47.68548991196301
 21
70.9
 31
0.0
  0
LINE
  5
38F
330
17
100
AcDbEntity
  8
隐藏线
  6
HIDDEN
100
AcDbLine
 10
47.42503598827227
 20
70.9
 30
0.0
 11
47.565232386806755
 21
70.9
 31
0.0
  0
LINE
  5
390
330
17
100
AcDbEntity
  8
隐藏线
  6
HIDDEN
100
AcDbLine
 10
47.2669198840542
 20
70.9
 30
0.0
 11
47.42503598827227
 21
70.9
 31
0.0
  0
LINE
  5
391
330
17
100
AcDbEntity
  8
隐藏线
  6
HIDDEN
100
AcDbLine
 10
47.09138400159989
 20
70.9
 30
0.0
 11
47.2669198840542
 21
70.9
 31
0.0
  0
LINE
  5
392
330
17
100
AcDbEntity
  8
隐藏线
  6
HIDDEN
100
AcDbLine
 10
46.89897948556636
 20
70.9
 30
0.0
 11
47.09138400159989
 21
70.9
 31
0.0
  0
LINE
  5
393
330
17
100
AcDbEntity
  8
隐藏线
  6
HIDDEN
100
AcDbLine
 10
46.61739861498621
 20
70.9
 30
0.0
 11
46.89897948556636
 21
70.9
 31
0.0
  0
LINE
  5
394
330
17
100
AcDbEntity
  8
隐藏线
  6
HIDDEN
100
AcDbLine
 10
46.30913829470325
 20
70.9
 30
0.0
 11
46.61739861498621
 21
70.9
 31
0.0
  0
LINE
  5
395
330
17
100
AcDbEntity
  8
隐藏线
  6
HIDDEN
100
AcDbLine
 10
45.9759048287754
 20
70.9
 30
0.0
 11
46.30913829470325
 21
70.9
 31
0.0
  0
LINE
  5
396
330
17
100
AcDbEntity
  8
隐藏线
  6
HIDDEN
100
AcDbLine
 10
45.61953319012737
 20
70.9
 30
0.0
 11
45.9759048287754
 21
70.9
 31
0.0
  0
LINE
  5
397
330
17
100
AcDbEntity
  8
隐藏线
  6
HIDDEN
100
AcDbLine
 10
45.2404397024842
 20
70.9
 30
0.0
 11
45.61953319012737
 21
70.9
 31
0.0
  0
LINE
  5
398
330
17
100
AcDbEntity
  8
隐藏线
  6
HIDDEN
100
AcDbLine
 10
44.842672962972586
 20
70.9
 30
0.0
 11
45.2404397024842
 21
70.9
 31
0.0
  0
LINE
  5
399
330
17
100
AcDbEntity
  8
隐藏线
  6
HIDDEN
100
AcDbLine
 10
44.42843181928312
 20
70.9
 30
0.0
 11
44.842672962972586
 21
70.9
 31
0.0
  0
LINE
  5
39A
330
17
100
AcDbEntity
  8
隐藏线
  6
HIDDEN
100
AcDbLine
 10
44.0
 20
70.9
 30
0.0
 11
44.42843181928312
 21
70.9
 31
0.0
  0
LINE
  5
39B
330
17
100
AcDbEntity
  8
隐藏线
  6
HIDDEN
100
AcDbLine
 10
40.0
 20
70.9
 30
0.0
 11
40.0
 21
84.9
 31
0.0
  0
LINE
  5
39C
330
17
100
AcDbEntity
  8
隐藏线
  6
HIDDEN
100
AcDbLine
 10
40.0
 20
84.9
 30
0.0
 11
40.0
 21
98.9
 31
0.0
  0
LINE
  5
39D
330
17
100
AcDbEntity
  8
隐藏线
  6
HIDDEN
100
AcDbLine
 10
39.57156818071688
 20
98.9
 30
0.0
 11
40.0
 21
98.9
 31
0.0
  0
LINE
  5
39E
330
17
100
AcDbEntity
  8
隐藏线
  6
HIDDEN
100
AcDbLine
 10
39.157327037027414
 20
98.9
 30
0.0
 11
39.57156818071688
 21
98.9
 31
0.0
  0
LINE
  5
39F
330
17
100
AcDbEntity
  8
隐藏线
  6
HIDDEN
100
AcDbLine
 10
38.7595602975158
 20
98.9
 30
0.0
 11
39.157327037027414
 21
98.9
 31
0.0
  0
LINE
  5
3A0
330
17
100
AcDbEntity
  8
隐藏线
  6
HIDDEN
100
AcDbLine
 10
38.38046680987262
 20
98.9
 30
0.0
 11
38.7595602975158
 21
98.9
 31
0.0
  0
LINE
  5
3A1
330
17
100
AcDbEntity
  8
隐藏线
  6
HIDDEN
100
AcDbLine
 10
38.0240951712246
 20
98.9
 30
0.0
 11
38.38046680987262
 21
98.9
 31
0.0
  0
LINE
  5
3A2
330
17
100
AcDbEntity
  8
隐藏线
  6
HIDDEN
100
AcDbLine
 10
37.69086170529675
 20
98.9
 30
0.0
 11
38.0240951712246
 21
98.9
 31
0.0
  0
LINE
  5
3A3
330
17
100
AcDbEntity
  8
隐藏线
  6
HIDDEN
100
AcDbLine
 10
37.3826013850138
 20
98.9
 30
0.0
 11
37.69086170529675
 21
98.9
 31
0.0
  0
LINE
  5
3A4
330
17
100
AcDbEntity
  8
隐藏线
  6
HIDDEN
100
AcDbLine
 10
37.10102051443364
 20
98.9
 30
0.0
 11
37.3826013850138
 21
98.9
 31
0.0
  0
LINE
  5
3A5
330
17
100
AcDbEntity
  8
隐藏线
  6
HIDDEN
100
AcDbLine
 10
36.85019329805536
 20
98.9
 30
0.0
 11
37.10102051443364
 21
98.9
 31
0.0
  0
LINE
  5
3A6
330
17
100
AcDbEntity
  8
隐藏线
  6
HIDDEN
100
AcDbLine
 10
36.629277717222685
 20
98.9
 30
0.0
 11
36.85019329805536
 21
98.9
 31
0.0
  0
LINE
  5
3A7
330
17
100
AcDbEntity
  8
隐藏线
  6
HIDDEN
100
AcDbLine
 10
36.439487577397784
 20
98.9
 30
0.0
 11
36.629277717222685
 21
98.9
 31
0.0
  0
LINE
  5
3A8
330
17
100
AcDbEntity
  8
隐藏线
  6
HIDDEN
100
AcDbLine
 10
36.281876316771466
 20
98.9
 30
0.0
 11
36.439487577397784
 21
98.9
 31
0.0
  0
LINE
  5
3A9
330
17
100
AcDbEntity
  8
隐藏线
  6
HIDDEN
100
AcDbLine
 10
36.1601609399625
 20
98.9
 30
0.0
 11
36.281876316771466
 21
98.9
 31
0.0
  0
LINE
  5
3AA
330
17
100
AcDbEntity
  8
隐藏线
  6
HIDDEN
100
AcDbLine
 10
36.07232020097253
 20
98.9
 30
0.0
 11
36.1601609399625
 21
98.9
 31
0.0
  0
LINE
  5
3AB
330
17
100
AcDbEntity
  8
隐藏线
  6
HIDDEN
100
AcDbLine
 10
36.01883269013014
 20
98.9
 30
0.0
 11
36.07232020097253
 21
98.9
 31
0.0
  0
LINE
  5
3AC
330
17
100
AcDbEntity
  8
隐藏线
  6
HIDDEN
100
AcDbLine
 10
36.0
 20
98.9
 30
0.0
 11
36.01883269013014
 21
98.9
 31
0.0
  0
LINE
  5
3AD
330
17
100
AcDbEntity
  8
隐藏线
  6
HIDDEN
100
AcDbLine
 10
36.0
 20
70.9
 30
0.0
 11
36.0
 21
84.9
 31
0.0
  0
LINE
  5
3AE
330
17
100
AcDbEntity
  8
隐藏线
  6
HIDDEN
100
AcDbLine
 10
36.0
 20
84.9
 30
0.0
 11
36.0
 21
98.9
 31
0.0
  0
LINE
  5
3AF
330
17
100
AcDbEntity
  8
隐藏线
  6
HIDDEN
100
AcDbLine
 10
44.0
 20
70.9
 30
0.0
 11
44.0
 21
84.9
 31
0.0
  0
LINE
  5
3B0
330
17
100
AcDbEntity
  8
隐藏线
  6
HIDDEN
100
AcDbLine
 10
44.0
 20
84.9
 30
0.0
 11
44.0
 21
98.9
 31
0.0
  0
LINE
  5
3B1
330
17
100
AcDbEntity
  8
隐藏线
  6
HIDDEN
100
AcDbLine
 10
42.0
 20
98.9
 30
0.0
 11
44.0
 21
98.9
 31
0.0
  0
LINE
  5
3B2
330
17
100
AcDbEntity
  8
隐藏线
  6
HIDDEN
100
AcDbLine
 10
40.0
 20
98.9
 30
0.0
 11
42.0
 21
98.9
 31
0.0
  0
LINE
  5
3B3
330
17
100
AcDbEntity
  8
隐藏线
  6
HIDDEN
100
AcDbLine
 10
47.98116730986986
 20
98.9
 30
0.0
 11
48.0
 21
98.9
 31
0.0
  0
LINE
  5
3B4
330
17
100
AcDbEntity
  8
隐藏线
  6
HIDDEN
100
AcDbLine
 10
47.92767979902747
 20
98.9
 30
0.0
 11
47.98116730986986
 21
98.9
 31
0.0
  0
LINE
  5
3B5
330
17
100
AcDbEntity
  8
隐藏线
  6
HIDDEN
100
AcDbLine
 10
47.8398390600375
 20
98.9
 30
0.0
 11
47.92767979902747
 21
98.9
 31
0.0
  0
LINE
  5
3B6
330
17
100
AcDbEntity
  8
隐藏线
  6
HIDDEN
100
AcDbLine
 10
47.718123683228534
 20
98.9
 30
0.0
 11
47.8398390600375
 21
98.9
 31
0.0
  0
LINE
  5
3B7
330
17
100
AcDbEntity
  8
隐藏线
  6
HIDDEN
100
AcDbLine
 10
47.560512422602216
 20
98.9
 30
0.0
 11
47.718123683228534
 21
98.9
 31
0.0
  0
LINE
  5
3B8
330
17
100
AcDbEntity
  8
隐藏线
  6
HIDDEN
100
AcDbLine
 10
47.370722282777315
 20
98.9
 30
0.0
 11
47.560512422602216
 21
98.9
 31
0.0
  0
LINE
  5
3B9
330
17
100
AcDbEntity
  8
隐藏线
  6
HIDDEN
100
AcDbLine
 10
47.14980670194464
 20
98.9
 30
0.0
 11
47.370722282777315
 21
98.9
 31
0.0
  0
LINE
  5
3BA
330
17
100
AcDbEntity
  8
隐藏线
  6
HIDDEN
100
AcDbLine
 10
46.89897948556636
 20
98.9
 30
0.0
 11
47.14980670194464
 21
98.9
 31
0.0
  0
LINE
  5
3BB
330
17
100
AcDbEntity
  8
隐藏线
  6
HIDDEN
100
AcDbLine
 10
46.61739861498621
 20
98.9
 30
0.0
 11
46.89897948556636
 21
98.9
 31
0.0
  0
LINE
  5
3BC
330
17
100
AcDbEntity
  8
隐藏线
  6
HIDDEN
100
AcDbLine
 10
46.30913829470325
 20
98.9
 30
0.0
 11
46.61739861498621
 21
98.9
 31
0.0
  0
LINE
  5
3BD
330
17
100
AcDbEntity
  8
隐藏线
  6
HIDDEN
100
AcDbLine
 10
45.9759048287754
 20
98.9
 30
0.0
 11
46.30913829470325
 21
98.9
 31
0.0
  0
LINE
  5
3BE
330
17
100
AcDbEntity
  8
隐藏线
  6
HIDDEN
100
AcDbLine
 10
45.61953319012737
 20
98.9
 30
0.0
 11
45.9759048287754
 21
98.9
 31
0.0
  0
LINE
  5
3BF
330
17
100
AcDbEntity
  8
隐藏线
  6
HIDDEN
100
AcDbLine
 10
45.2404397024842
 20
98.9
 30
0.0
 11
45.61953319012737
 21
98.9
 31
0.0
  0
LINE
  5
3C0
330
17
100
AcDbEntity
  8
隐藏线
  6
HIDDEN
100
AcDbLine
 10
44.842672962972586
 20
98.9
 30
0.0
 11
45.2404397024842
 21
98.9
 31
0.0
  0
LINE
  5
3C1
330
17
100
AcDbEntity
  8
隐藏线
  6
HIDDEN
100
AcDbLine
 10
44.42843181928312
 20
98.9
 30
0.0
 11
44.842672962972586
 21
98.9
 31
0.0
  0
LINE
  5
3C2
330
17
100
AcDbEntity
  8
隐藏线
  6
HIDDEN
100
AcDbLine
 10
44.0
 20
98.9
 30
0.0
 11
44.42843181928312
 21
98.9
 31
0.0
  0
LINE
  5
3C3
330
17
100
AcDbEntity
  8
隐藏线
  6
HIDDEN
100
AcDbLine
 10
36.12225608034193
 20
98.9
 30
0.0
 11
36.46544340536764
 21
98.9
 31
0.0
  0
LINE
  5
3C4
330
17
100
AcDbEntity
  8
隐藏线
  6
HIDDEN
100
AcDbLine
 10
36.46544340536764
 20
98.9
 30
0.0
 11
37.01699387977067
 21
98.9
 31
0.0
  0
LINE
  5
3C5
330
17
100
AcDbEntity
  8
隐藏线
  6
HIDDEN
100
AcDbLine
 10
37.01699387977067
 20
98.9
 30
0.0
 11
37.757359312880716
 21
98.9
 31
0.0
  0
LINE
  5
3C6
330
17
100
AcDbEntity
  8
隐藏线
  6
HIDDEN
100
AcDbLine
 10
37.757359312880716
 20
98.9
 30
0.0
 11
38.67062095289289
 21
98.9
 31
0.0
  0
LINE
  5
3C7
330
17
100
AcDbEntity
  8
隐藏线
  6
HIDDEN
100
AcDbLine
 10
38.67062095289289
 20
98.9
 30
0.0
 11
39.70751159678182
 21
98.9
 31
0.0
  0
LINE
  5
3C8
330
17
100
AcDbEntity
  8
隐藏线
  6
HIDDEN
100
AcDbLine
 10
39.70751159678182
 20
98.9
 30
0.0
 11
40.83070908304162
 21
98.9
 31
0.0
  0
LINE
  5
3C9
330
17
100
AcDbEntity
  8
隐藏线
  6
HIDDEN
100
AcDbLine
 10
40.83070908304162
 20
98.9
 30
0.0
 11
42.0
 21
98.9
 31
0.0
  0
LINE
  5
3CA
330
17
100
AcDbEntity
  8
隐藏线
  6
HIDDEN
100
AcDbLine
 10
42.0
 20
98.9
 30
0.0
 11
43.169290916958374
 21
98.9
 31
0.0
  0
LINE
  5
3CB
330
17
100
AcDbEntity
  8
隐藏线
  6
HIDDEN
100
AcDbLine
 10
43.169290916958374
 20
98.9
 30
0.0
 11
44.29248840321818
 21
98.9
 31
0.0
  0
LINE
  5
3CC
330
17
100
AcDbEntity
  8
隐藏线
  6
HIDDEN
100
AcDbLine
 10
44.29248840321818
 20
98.9
 30
0.0
 11
45.32937904710711
 21
98.9
 31
0.0
  0
LINE
  5
3CD
330
17
100
AcDbEntity
  8
隐藏线
  6
HIDDEN
100
AcDbLine
 10
45.32937904710711
 20
98.9
 30
0.0
 11
46.242640687119284
 21
98.9
 31
0.0
  0
LINE
  5
3CE
330
17
100
AcDbEntity
  8
隐藏线
  6
HIDDEN
100
AcDbLine
 10
46.242640687119284
 20
98.9
 30
0.0
 11
46.98300612022932
 21
98.9
 31
0.0
  0
LINE
  5
3CF
330
17
100
AcDbEntity
  8
隐藏线
  6
HIDDEN
100
AcDbLine
 10
46.98300612022932
 20
98.9
 30
0.0
 11
47.534556594632356
 21
98.9
 31
0.0
  0
LINE
  5
3D0
330
17
100
AcDbEntity
  8
隐藏线
  6
HIDDEN
100
AcDbLine
 10
47.534556594632356
 20
98.9
 30
0.0
 11
47.87774391965807
 21
98.9
 31
0.0
  0
LINE
  5
3D1
330
17
100
AcDbEntity
  8
隐藏线
  6
HIDDEN
100
AcDbLine
 10
50.32680388618226
 20
98.9
 30
0.0
 11
50.5
 21
98.9
 31
0.0
  0
LINE
  5
3D2
330
17
100
AcDbEntity
  8
隐藏线
  6
HIDDEN
100
AcDbLine
 10
49.84062184239584
 20
98.9
 30
0.0
 11
50.32680388618226
 21
98.9
 31
0.0
  0
LINE
  5
3D3
330
17
100
AcDbEntity
  8
隐藏线
  6
HIDDEN
100
AcDbLine
 10
49.05925867032487
 20
98.9
 30
0.0
 11
49.84062184239584
 21
98.9
 31
0.0
  0
LINE
  5
3D4
330
17
100
AcDbEntity
  8
隐藏线
  6
HIDDEN
100
AcDbLine
 10
48.01040764008565
 20
98.9
 30
0.0
 11
49.05925867032487
 21
98.9
 31
0.0
  0
LINE
  5
3D5
330
17
100
AcDbEntity
  8
隐藏线
  6
HIDDEN
100
AcDbLine
 10
46.71662031673508
 20
98.9
 30
0.0
 11
48.01040764008565
 21
98.9
 31
0.0
  0
LINE
  5
3D6
330
17
100
AcDbEntity
  8
隐藏线
  6
HIDDEN
100
AcDbLine
 10
45.24769190455908
 20
98.9
 30
0.0
 11
46.71662031673508
 21
98.9
 31
0.0
  0
LINE
  5
3D7
330
17
100
AcDbEntity
  8
隐藏线
  6
HIDDEN
100
AcDbLine
 10
43.65649546569104
 20
98.9
 30
0.0
 11
45.24769190455908
 21
98.9
 31
0.0
  0
LINE
  5
3D8
330
17
100
AcDbEntity
  8
隐藏线
  6
HIDDEN
100
AcDbLine
 10
42.0
 20
98.9
 30
0.0
 11
43.65649546569104
 21
98.9
 31
0.0
  0
LINE
  5
3D9
330
17
100
AcDbEntity
  8
隐藏线
  6
HIDDEN
100
AcDbLine
 10
40.34350453430897
 20
98.9
 30
0.0
 11
42.0
 21
98.9
 31
0.0
  0
LINE
  5
3DA
330
17
100
AcDbEntity
  8
隐藏线
  6
HIDDEN
100
AcDbLine
 10
38.75230809544092
 20
98.9
 30
0.0
 11
40.34350453430897
 21
98.9
 31
0.0
  0
LINE
  5
3DB
330
17
100
AcDbEntity
  8
隐藏线
  6
HIDDEN
100
AcDbLine
 10
37.283379683264926
 20
98.9
 30
0.0
 11
38.75230809544092
 21
98.9
 31
0.0
  0
LINE
  5
3DC
330
17
100
AcDbEntity
  8
隐藏线
  6
HIDDEN
100
AcDbLine
 10
35.98959235991435
 20
98.9
 30
0.0
 11
37.283379683264926
 21
98.9
 31
0.0
  0
LINE
  5
3DD
330
17
100
AcDbEntity
  8
隐藏线
  6
HIDDEN
100
AcDbLine
 10
34.94074132967513
 20
98.9
 30
0.0
 11
35.98959235991435
 21
98.9
 31
0.0
  0
LINE
  5
3DE
330
17
100
AcDbEntity
  8
隐藏线
  6
HIDDEN
100
AcDbLine
 10
34.15937815760416
 20
98.9
 30
0.0
 11
34.94074132967513
 21
98.9
 31
0.0
  0
LINE
  5
3DF
330
17
100
AcDbEntity
  8
隐藏线
  6
HIDDEN
100
AcDbLine
 10
33.67319611381774
 20
98.9
 30
0.0
 11
34.15937815760416
 21
98.9
 31
0.0
  0
LINE
  5
3E0
330
17
100
AcDbEntity
  8
隐藏线
  6
HIDDEN
100
AcDbLine
 10
33.5
 20
98.9
 30
0.0
 11
33.67319611381774
 21
98.9
 31
0.0
  0
LINE
  5
3E1
330
17
100
AcDbEntity
  8
隐藏线
  6
HIDDEN
100
AcDbLine
 10
33.5
 20
98.0
 30
0.0
 11
33.67319611381774
 21
98.0
 31
0.0
  0
LINE
  5
3E2
330
17
100
AcDbEntity
  8
隐藏线
  6
HIDDEN
100
AcDbLine
 10
33.67319611381774
 20
98.0
 30
0.0
 11
34.15937815760416
 21
98.0
 31
0.0
  0
LINE
  5
3E3
330
17
100
AcDbEntity
  8
隐藏线
  6
HIDDEN
100
AcDbLine
 10
34.15937815760416
 20
98.0
 30
0.0
 11
34.94074132967512
 21
98.0
 31
0.0
  0
LINE
  5
3E4
330
17
100
AcDbEntity
  8
隐藏线
  6
HIDDEN
100
AcDbLine
 10
34.94074132967512
 20
98.0
 30
0.0
 11
35.98959235991435
 21
98.0
 31
0.0
  0
LINE
  5
3E5
330
17
100
AcDbEntity
  8
隐藏线
  6
HIDDEN
100
AcDbLine
 10
35.98959235991435
 20
98.0
 30
0.0
 11
37.28337968326492
 21
98.0
 31
0.0
  0
LINE
  5
3E6
330
17
100
AcDbEntity
  8
隐藏线
  6
HIDDEN
100
AcDbLine
 10
37.28337968326492
 20
98.0
 30
0.0
 11
38.75230809544091
 21
98.0
 31
0.0
  0
LINE
  5
3E7
330
17
100
AcDbEntity
  8
隐藏线
  6
HIDDEN
100
AcDbLine
 10
38.75230809544091
 20
98.0
 30
0.0
 11
40.34350453430896
 21
98.0
 31
0.0
  0
LINE
  5
3E8
330
17
100
AcDbEntity
  8
隐藏线
  6
HIDDEN
100
AcDbLine
 10
40.34350453430896
 20
98.0
 30
0.0
 11
42.0
 21
98.0
 31
0.0
  0
LINE
  5
3E9
330
17
100
AcDbEntity
  8
隐藏线
  6
HIDDEN
100
AcDbLine
 10
42.0
 20
98.0
 30
0.0
 11
43.65649546569104
 21
98.0
 31
0.0
  0
LINE
  5
3EA
330
17
100
AcDbEntity
  8
隐藏线
  6
HIDDEN
100
AcDbLine
 10
43.65649546569104
 20
98.0
 30
0.0
 11
45.24769190455908
 21
98.0
 31
0.0
  0
LINE
  5
3EB
330
17
100
AcDbEntity
  8
隐藏线
  6
HIDDEN
100
AcDbLine
 10
45.24769190455908
 20
98.0
 30
0.0
 11
46.716620316735074
 21
98.0
 31
0.0
  0
LINE
  5
3EC
330
17
100
AcDbEntity
  8
隐藏线
  6
HIDDEN
100
AcDbLine
 10
46.716620316735074
 20
98.0
 30
0.0
 11
48.01040764008565
 21
98.0
 31
0.0
  0
LINE
  5
3ED
330
17
100
AcDbEntity
  8
隐藏线
  6
HIDDEN
100
AcDbLine
 10
48.01040764008565
 20
98.0
 30
0.0
 11
49.05925867032487
 21
98.0
 31
0.0
  0
LINE
  5
3EE
330
17
100
AcDbEntity
  8
隐藏线
  6
HIDDEN
100
AcDbLine
 10
49.05925867032487
 20
98.0
 30
0.0
 11
49.84062184239584
 21
98.0
 31
0.0
  0
LINE
  5
3EF
330
17
100
AcDbEntity
  8
隐藏线
  6
HIDDEN
100
AcDbLine
 10
49.84062184239584
 20
98.0
 30
0.0
 11
50.32680388618226
 21
98.0
 31
0.0
  0
LINE
  5
3F0
330
17
100
AcDbEntity
  8
隐藏线
  6
HIDDEN
100
AcDbLine
 10
50.32680388618226
 20
98.0
 30
0.0
 11
50.5
 21
98.0
 31
0.0
  0
LINE
  5
3F1
330
17
100
AcDbEntity
  8
隐藏线
  6
HIDDEN
100
AcDbLine
 10
66.49059966524196
 20
98.0
 30
0.0
 11
67.0
 21
98.0
 31
0.0
  0
LINE
  5
3F2
330
17
100
AcDbEntity
  8
隐藏线
  6
HIDDEN
100
AcDbLine
 10
65.06065247763483
 20
98.0
 30
0.0
 11
66.49059966524196
 21
98.0
 31
0.0
  0
LINE
  5
3F3
330
17
100
AcDbEntity
  8
隐藏线
  6
HIDDEN
100
AcDbLine
 10
62.76252550095552
 20
98.0
 30
0.0
 11
65.06065247763483
 21
98.0
 31
0.0
  0
LINE
  5
3F4
330
17
100
AcDbEntity
  8
隐藏线
  6
HIDDEN
100
AcDbLine
 10
59.67766952966369
 20
98.0
 30
0.0
 11
62.76252550095552
 21
98.0
 31
0.0
  0
LINE
  5
3F5
330
17
100
AcDbEntity
  8
隐藏线
  6
HIDDEN
100
AcDbLine
 10
55.872412696279646
 20
98.0
 30
0.0
 11
59.67766952966369
 21
98.0
 31
0.0
  0
LINE
  5
3F6
330
17
100
AcDbEntity
  8
隐藏线
  6
HIDDEN
100
AcDbLine
 10
51.55203501340907
 20
98.0
 30
0.0
 11
55.872412696279646
 21
98.0
 31
0.0
  0
LINE
  5
3F7
330
17
100
AcDbEntity
  8
隐藏线
  6
HIDDEN
100
AcDbLine
 10
46.872045487326574
 20
98.0
 30
0.0
 11
51.55203501340907
 21
98.0
 31
0.0
  0
LINE
  5
3F8
330
17
100
AcDbEntity
  8
隐藏线
  6
HIDDEN
100
AcDbLine
 10
42.0
 20
98.0
 30
0.0
 11
46.872045487326574
 21
98.0
 31
0.0
  0
LINE
  5
3F9
330
17
100
AcDbEntity
  8
隐藏线
  6
HIDDEN
100
AcDbLine
 10
37.12795451267343
 20
98.0
 30
0.0
 11
42.0
 21
98.0
 31
0.0
  0
LINE
  5
3FA
330
17
100
AcDbEntity
  8
隐藏线
  6
HIDDEN
100
AcDbLine
 10
32.44796498659093
 20
98.0
 30
0.0
 11
37.12795451267343
 21
98.0
 31
0.0
  0
LINE
  5
3FB
330
17
100
AcDbEntity
  8
隐藏线
  6
HIDDEN
100
AcDbLine
 10
28.12758730372036
 20
98.0
 30
0.0
 11
32.44796498659093
 21
98.0
 31
0.0
  0
LINE
  5
3FC
330
17
100
AcDbEntity
  8
隐藏线
  6
HIDDEN
100
AcDbLine
 10
24.322330470336315
 20
98.0
 30
0.0
 11
28.12758730372036
 21
98.0
 31
0.0
  0
LINE
  5
3FD
330
17
100
AcDbEntity
  8
隐藏线
  6
HIDDEN
100
AcDbLine
 10
21.237474499044485
 20
98.0
 30
0.0
 11
24.322330470336315
 21
98.0
 31
0.0
  0
LINE
  5
3FE
330
17
100
AcDbEntity
  8
隐藏线
  6
HIDDEN
100
AcDbLine
 10
18.939347522365164
 20
98.0
 30
0.0
 11
21.237474499044485
 21
98.0
 31
0.0
  0
LINE
  5
3FF
330
17
100
AcDbEntity
  8
隐藏线
  6
HIDDEN
100
AcDbLine
 10
17.50940033475804
 20
98.0
 30
0.0
 11
18.939347522365164
 21
98.0
 31
0.0
  0
LINE
  5
400
330
17
100
AcDbEntity
  8
隐藏线
  6
HIDDEN
100
AcDbLine
 10
17.0
 20
98.0
 30
0.0
 11
17.50940033475804
 21
98.0
 31
0.0
  0
LINE
  5
401
330
17
100
AcDbEntity
  8
隐藏线
  6
HIDDEN
100
AcDbLine
 10
17.0
 20
95.0
 30
0.0
 11
17.50940033475804
 21
95.0
 31
0.0
  0
LINE
  5
402
330
17
100
AcDbEntity
  8
隐藏线
  6
HIDDEN
100
AcDbLine
 10
17.50940033475804
 20
95.0
 30
0.0
 11
18.939347522365168
 21
95.0
 31
0.0
  0
LINE
  5
403
330
17
100
AcDbEntity
  8
隐藏线
  6
HIDDEN
100
AcDbLine
 10
18.939347522365168
 20
95.0
 30
0.0
 11
21.23747449904448
 21
95.0
 31
0.0
  0
LINE
  5
404
330
17
100
AcDbEntity
  8
隐藏线
  6
HIDDEN
100
AcDbLine
 10
21.23747449904448
 20
95.0
 30
0.0
 11
24.322330470336308
 21
95.0
 31
0.0
  0
LINE
  5
405
330
17
100
AcDbEntity
  8
隐藏线
  6
HIDDEN
100
AcDbLine
 10
24.322330470336308
 20
95.0
 30
0.0
 11
28.127587303720357
 21
95.0
 31
0.0
  0
LINE
  5
406
330
17
100
AcDbEntity
  8
隐藏线
  6
HIDDEN
100
AcDbLine
 10
28.127587303720357
 20
95.0
 30
0.0
 11
32.44796498659092
 21
95.0
 31
0.0
  0
LINE
  5
407
330
17
100
AcDbEntity
  8
隐藏线
  6
HIDDEN
100
AcDbLine
 10
32.44796498659092
 20
95.0
 30
0.0
 11
37.12795451267342
 21
95.0
 31
0.0
  0
LINE
  5
408
330
17
100
AcDbEntity
  8
隐藏线
  6
HIDDEN
100
AcDbLine
 10
37.12795451267342
 20
95.0
 30
0.0
 11
41.99999999999999
 21
95.0
 31
0.0
  0
LINE
  5
409
330
17
100
AcDbEntity
  8
隐藏线
  6
HIDDEN
100
AcDbLine
 10
41.99999999999999
 20
95.0
 30
0.0
 11
46.872045487326574
 21
95.0
 31
0.0
  0
LINE
  5
40A
330
17
100
AcDbEntity
  8
隐藏线
  6
HIDDEN
100
AcDbLine
 10
46.872045487326574
 20
95.0
 30
0.0
 11
51.55203501340907
 21
95.0
 31
0.0
  0
LINE
  5
40B
330
17
100
AcDbEntity
  8
隐藏线
  6
HIDDEN
100
AcDbLine
 10
51.55203501340907
 20
95.0
 30
0.0
 11
55.87241269627964
 21
95.0
 31
0.0
  0
LINE
  5
40C
330
17
100
AcDbEntity
  8
隐藏线
  6
HIDDEN
100
AcDbLine
 10
55.87241269627964
 20
95.0
 30
0.0
 11
59.67766952966369
 21
95.0
 31
0.0
  0
LINE
  5
40D
330
17
100
AcDbEntity
  8
隐藏线
  6
HIDDEN
100
AcDbLine
 10
59.67766952966369
 20
95.0
 30
0.0
 11
62.76252550095551
 21
95.0
 31
0.0
  0
LINE
  5
40E
330
17
100
AcDbEntity
  8
隐藏线
  6
HIDDEN
100
AcDbLine
 10
62.76252550095551
 20
95.0
 30
0.0
 11
65.06065247763483
 21
95.0
 31
0.0
  0
LINE
  5
40F
330
17
100
AcDbEntity
  8
隐藏线
  6
HIDDEN
100
AcDbLine
 10
65.06065247763483
 20
95.0
 30
0.0
 11
66.49059966524196
 21
95.0
 31
0.0
  0
LINE
  5
410
330
17
100
AcDbEntity
  8
隐藏线
  6
HIDDEN
100
AcDbLine
 10
66.49059966524196
 20
95.0
 30
0.0
 11
67.0
 21
95.0
 31
0.0
  0
LINE
  5
411
330
17
100
AcDbEntity
  8
隐藏线
  6
HIDDEN
100
AcDbLine
 10
69.44270330470577
 20
95.0
 30
0.0
 11
69.49873734152915
 21
95.0
 31
0.0
  0
LINE
  5
412
330
17
100
AcDbEntity
  8
隐藏线
  6
HIDDEN
100
AcDbLine
 10
69.28540911406898
 20
95.0
 30
0.0
 11
69.44270330470577
 21
95.0
 31
0.0
  0
LINE
  5
413
330
17
100
AcDbEntity
  8
隐藏线
  6
HIDDEN
100
AcDbLine
 10
69.03261514663426
 20
95.0
 30
0.0
 11
69.28540911406898
 21
95.0
 31
0.0
  0
LINE
  5
414
330
17
100
AcDbEntity
  8
隐藏线
  6
HIDDEN
100
AcDbLine
 10
68.69328098979216
 20
95.0
 30
0.0
 11
69.03261514663426
 21
95.0
 31
0.0
  0
LINE
  5
415
330
17
100
AcDbEntity
  8
隐藏线
  6
HIDDEN
100
AcDbLine
 10
68.27470273811991
 20
95.0
 30
0.0
 11
68.69328098979216
 21
95.0
 31
0.0
  0
LINE
  5
416
330
17
100
AcDbEntity
  8
隐藏线
  6
HIDDEN
100
AcDbLine
 10
67.79946119300415
 20
95.0
 30
0.0
 11
68.27470273811991
 21
95.0
 31
0.0
  0
LINE
  5
417
330
17
100
AcDbEntity
  8
隐藏线
  6
HIDDEN
100
AcDbLine
 10
67.28466234513508
 20
95.0
 30
0.0
 11
67.79946119300415
 21
95.0
 31
0.0
  0
LINE
  5
418
330
17
100
AcDbEntity
  8
隐藏线
  6
HIDDEN
100
AcDbLine
 10
66.74873734152915
 20
95.0
 30
0.0
 11
67.28466234513508
 21
95.0
 31
0.0
  0
LINE
  5
419
330
17
100
AcDbEntity
  8
隐藏线
  6
HIDDEN
100
AcDbLine
 10
66.21281233792322
 20
95.0
 30
0.0
 11
66.74873734152915
 21
95.0
 31
0.0
  0
LINE
  5
41A
330
17
100
AcDbEntity
  8
隐藏线
  6
HIDDEN
100
AcDbLine
 10
65.69801349005417
 20
95.0
 30
0.0
 11
66.21281233792322
 21
95.0
 31
0.0
  0
LINE
  5
41B
330
17
100
AcDbEntity
  8
隐藏线
  6
HIDDEN
100
AcDbLine
 10
65.22277194493839
 20
95.0
 30
0.0
 11
65.69801349005417
 21
95.0
 31
0.0
  0
LINE
  5
41C
330
17
100
AcDbEntity
  8
隐藏线
  6
HIDDEN
100
AcDbLine
 10
64.80419369326614
 20
95.0
 30
0.0
 11
65.22277194493839
 21
95.0
 31
0.0
  0
LINE
  5
41D
330
17
100
AcDbEntity
  8
隐藏线
  6
HIDDEN
100
AcDbLine
 10
64.46485953642404
 20
95.0
 30
0.0
 11
64.80419369326614
 21
95.0
 31
0.0
  0
LINE
  5
41E
330
17
100
AcDbEntity
  8
隐藏线
  6
HIDDEN
100
AcDbLine
 10
64.21206556898932
 20
95.0
 30
0.0
 11
64.46485953642404
 21
95.0
 31
0.0
  0
LINE
  5
41F
330
17
100
AcDbEntity
  8
隐藏线
  6
HIDDEN
100
AcDbLine
 10
64.05477137835254
 20
95.0
 30
0.0
 11
64.21206556898932
 21
95.0
 31
0.0
  0
LINE
  5
420
330
17
100
AcDbEntity
  8
隐藏线
  6
HIDDEN
100
AcDbLine
 10
63.99873734152915
 20
95.0
 30
0.0
 11
64.05477137835254
 21
95.0
 31
0.0
  0
LINE
  5
421
330
17
100
AcDbEntity
  8
隐藏线
  6
HIDDEN
100
AcDbLine
 10
19.945228621647665
 20
95.0
 30
0.0
 11
20.00126265847105
 21
95.0
 31
0.0
  0
LINE
  5
422
330
17
100
AcDbEntity
  8
隐藏线
  6
HIDDEN
100
AcDbLine
 10
19.78793443101088
 20
95.0
 30
0.0
 11
19.945228621647665
 21
95.0
 31
0.0
  0
LINE
  5
423
330
17
100
AcDbEntity
  8
隐藏线
  6
HIDDEN
100
AcDbLine
 10
19.535140463576155
 20
95.0
 30
0.0
 11
19.78793443101088
 21
95.0
 31
0.0
  0
LINE
  5
424
330
17
100
AcDbEntity
  8
隐藏线
  6
HIDDEN
100
AcDbLine
 10
19.195806306734056
 20
95.0
 30
0.0
 11
19.535140463576155
 21
95.0
 31
0.0
  0
LINE
  5
425
330
17
100
AcDbEntity
  8
隐藏线
  6
HIDDEN
100
AcDbLine
 10
18.77722805506181
 20
95.0
 30
0.0
 11
19.195806306734056
 21
95.0
 31
0.0
  0
LINE
  5
426
330
17
100
AcDbEntity
  8
隐藏线
  6
HIDDEN
100
AcDbLine
 10
18.301986509946047
 20
95.0
 30
0.0
 11
18.77722805506181
 21
95.0
 31
0.0
  0
LINE
  5
427
330
17
100
AcDbEntity
  8
隐藏线
  6
HIDDEN
100
AcDbLine
 10
17.78718766207697
 20
95.0
 30
0.0
 11
18.301986509946047
 21
95.0
 31
0.0
  0
LINE
  5
428
330
17
100
AcDbEntity
  8
隐藏线
  6
HIDDEN
100
AcDbLine
 10
17.25126265847105
 20
95.0
 30
0.0
 11
17.78718766207697
 21
95.0
 31
0.0
  0
LINE
  5
429
330
17
100
AcDbEntity
  8
隐藏线
  6
HIDDEN
100
AcDbLine
 10
16.715337654865127
 20
95.0
 30
0.0
 11
17.25126265847105
 21
95.0
 31
0.0
  0
LINE
  5
42A
330
17
100
AcDbEntity
  8
隐藏线
  6
HIDDEN
100
AcDbLine
 10
16.20053880699605
 20
95.0
 30
0.0
 11
16.715337654865127
 21
95.0
 31
0.0
  0
LINE
  5
42B
330
17
100
AcDbEntity
  8
隐藏线
  6
HIDDEN
100
AcDbLine
 10
15.72529726188029
 20
95.0
 30
0.0
 11
16.20053880699605
 21
95.0
 31
0.0
  0
LINE
  5
42C
330
17
100
AcDbEntity
  8
隐藏线
  6
HIDDEN
100
AcDbLine
 10
15.306719010208042
 20
95.0
 30
0.0
 11
15.72529726188029
 21
95.0
 31
0.0
  0
LINE
  5
42D
330
17
100
AcDbEntity
  8
隐藏线
  6
HIDDEN
100
AcDbLine
 10
14.967384853365942
 20
95.0
 30
0.0
 11
15.306719010208042
 21
95.0
 31
0.0
  0
LINE
  5
42E
330
17
100
AcDbEntity
  8
隐藏线
  6
HIDDEN
100
AcDbLine
 10
14.71459088593122
 20
95.0
 30
0.0
 11
14.967384853365942
 21
95.0
 31
0.0
  0
LINE
  5
42F
330
17
100
AcDbEntity
  8
隐藏线
  6
HIDDEN
100
AcDbLine
 10
14.557296695294433
 20
95.0
 30
0.0
 11
14.71459088593122
 21
95.0
 31
0.0
  0
LINE
  5
430
330
17
100
AcDbEntity
  8
隐藏线
  6
HIDDEN
100
AcDbLine
 10
14.501262658471049
 20
95.0
 30
0.0
 11
14.557296695294433
 21
95.0
 31
0.0
  0
LINE
  5
431
330
17
100
AcDbEntity
  8
隐藏线
  6
HIDDEN
100
AcDbLine
 10
71.79178437359019
 20
95.0
 30
0.0
 11
72.0
 21
95.0
 31
0.0
  0
LINE
  5
432
330
17
100
AcDbEntity
  8
隐藏线
  6
HIDDEN
100
AcDbLine
 10
71.58177876130351
 20
95.0
 30
0.0
 11
71.79178437359019
 21
95.0
 31
0.0
  0
LINE
  5
433
330
17
100
AcDbEntity
  8
隐藏线
  6
HIDDEN
100
AcDbLine
 10
71.36999518752788
 20
95.0
 30
0.0
 11
71.58177876130351
 21
95.0
 31
0.0
  0
LINE
  5
434
330
17
100
AcDbEntity
  8
隐藏线
  6
HIDDEN
100
AcDbLine
 10
71.15644577163914
 20
95.0
 30
0.0
 11
71.36999518752788
 21
95.0
 31
0.0
  0
LINE
  5
435
330
17
100
AcDbEntity
  8
隐藏线
  6
HIDDEN
100
AcDbLine
 10
70.94099792746867
 20
95.0
 30
0.0
 11
71.15644577163914
 21
95.0
 31
0.0
  0
LINE
  5
436
330
17
100
AcDbEntity
  8
隐藏线
  6
HIDDEN
100
AcDbLine
 10
70.72381125311487
 20
95.0
 30
0.0
 11
70.94099792746867
 21
95.0
 31
0.0
  0
LINE
  5
437
330
17
100
AcDbEntity
  8
隐藏线
  6
HIDDEN
100
AcDbLine
 10
70.50489818392064
 20
95.0
 30
0.0
 11
70.72381125311487
 21
95.0
 31
0.0
  0
LINE
  5
438
330
17
100
AcDbEntity
  8
隐藏线
  6
HIDDEN
100
AcDbLine
 10
70.2842712474619
 20
95.0
 30
0.0
 11
70.50489818392064
 21
95.0
 31
0.0
  0
LINE
  5
439
330
17
100
AcDbEntity
  8
隐藏线
  6
HIDDEN
100
AcDbLine
 10
70.06180267156309
 20
95.0
 30
0.0
 11
70.2842712474619
 21
95.0
 31
0.0
  0
LINE
  5
43A
330
17
100
AcDbEntity
  8
隐藏线
  6
HIDDEN
100
AcDbLine
 10
69.83764812802981
 20
95.0
 30
0.0
 11
70.06180267156309
 21
95.0
 31
0.0
  0
LINE
  5
43B
330
17
100
AcDbEntity
  8
隐藏线
  6
HIDDEN
100
AcDbLine
 10
69.61182045095327
 20
95.0
 30
0.0
 11
69.83764812802981
 21
95.0
 31
0.0
  0
LINE
  5
43C
330
17
100
AcDbEntity
  8
隐藏线
  6
HIDDEN
100
AcDbLine
 10
69.38433256381221
 20
95.0
 30
0.0
 11
69.61182045095327
 21
95.0
 31
0.0
  0
LINE
  5
43D
330
17
100
AcDbEntity
  8
隐藏线
  6
HIDDEN
100
AcDbLine
 10
69.15506163384678
 20
95.0
 30
0.0
 11
69.38433256381221
 21
95.0
 31
0.0
  0
LINE
  5
43E
330
17
100
AcDbEntity
  8
隐藏线
  6
HIDDEN
100
AcDbLine
 10
68.9241592537606
 20
95.0
 30
0.0
 11
69.15506163384678
 21
95.0
 31
0.0
  0
LINE
  5
43F
330
17
100
AcDbEntity
  8
隐藏线
  6
HIDDEN
100
AcDbLine
 10
68.69163864379509
 20
95.0
 30
0.0
 11
68.9241592537606
 21
95.0
 31
0.0
  0
LINE
  5
440
330
17
100
AcDbEntity
  8
隐藏线
  6
HIDDEN
100
AcDbLine
 10
68.4575131106459
 20
95.0
 30
0.0
 11
68.69163864379509
 21
95.0
 31
0.0
  0
LINE
  5
441
330
17
100
AcDbEntity
  8
隐藏线
  6
HIDDEN
100
AcDbLine
 10
42.0
 20
95.0
 30
0.0
 11
68.4575131106459
 21
95.0
 31
0.0
  0
LINE
  5
442
330
17
100
AcDbEntity
  8
隐藏线
  6
HIDDEN
100
AcDbLine
 10
15.542486889354098
 20
95.0
 30
0.0
 11
42.0
 21
95.0
 31
0.0
  0
LINE
  5
443
330
17
100
AcDbEntity
  8
隐藏线
  6
HIDDEN
100
AcDbLine
 10
15.308361356204916
 20
95.0
 30
0.0
 11
15.542486889354098
 21
95.0
 31
0.0
  0
LINE
  5
444
330
17
100
AcDbEntity
  8
隐藏线
  6
HIDDEN
100
AcDbLine
 10
15.075840746239393
 20
95.0
 30
0.0
 11
15.308361356204916
 21
95.0
 31
0.0
  0
LINE
  5
445
330
17
100
AcDbEntity
  8
隐藏线
  6
HIDDEN
100
AcDbLine
 10
14.844938366153215
 20
95.0
 30
0.0
 11
15.075840746239393
 21
95.0
 31
0.0
  0
LINE
  5
446
330
17
100
AcDbEntity
  8
隐藏线
  6
HIDDEN
100
AcDbLine
 10
14.615667436187792
 20
95.0
 30
0.0
 11
14.844938366153215
 21
95.0
 31
0.0
  0
LINE
  5
447
330
17
100
AcDbEntity
  8
隐藏线
  6
HIDDEN
100
AcDbLine
 10
14.388179549046711
 20
95.0
 30
0.0
 11
14.615667436187792
 21
95.0
 31
0.0
  0
LINE
  5
448
330
17
100
AcDbEntity
  8
隐藏线
  6
HIDDEN
100
AcDbLine
 10
14.16235187197018
 20
95.0
 30
0.0
 11
14.388179549046711
 21
95.0
 31
0.0
  0
LINE
  5
449
330
17
100
AcDbEntity
  8
隐藏线
  6
HIDDEN
100
AcDbLine
 10
13.938197328436914
 20
95.0
 30
0.0
 11
14.16235187197018
 21
95.0
 31
0.0
  0
LINE
  5
44A
330
17
100
AcDbEntity
  8
隐藏线
  6
HIDDEN
100
AcDbLine
 10
13.715728752538102
 20
95.0
 30
0.0
 11
13.938197328436914
 21
95.0
 31
0.0
  0
LINE
  5
44B
330
17
100
AcDbEntity
  8
隐藏线
  6
HIDDEN
100
AcDbLine
 10
13.495101816079352
 20
95.0
 30
0.0
 11
13.715728752538102
 21
95.0
 31
0.0
  0
LINE
  5
44C
330
17
100
AcDbEntity
  8
隐藏线
  6
HIDDEN
100
AcDbLine
 10
13.276188746885133
 20
95.0
 30
0.0
 11
13.495101816079352
 21
95.0
 31
0.0
  0
LINE
  5
44D
330
17
100
AcDbEntity
  8
隐藏线
  6
HIDDEN
100
AcDbLine
 10
13.059002072531339
 20
95.0
 30
0.0
 11
13.276188746885133
 21
95.0
 31
0.0
  0
LINE
  5
44E
330
17
100
AcDbEntity
  8
隐藏线
  6
HIDDEN
100
AcDbLine
 10
12.843554228360858
 20
95.0
 30
0.0
 11
13.059002072531339
 21
95.0
 31
0.0
  0
LINE
  5
44F
330
17
100
AcDbEntity
  8
隐藏线
  6
HIDDEN
100
AcDbLine
 10
12.63000481247213
 20
95.0
 30
0.0
 11
12.843554228360858
 21
95.0
 31
0.0
  0
LINE
  5
450
330
17
100
AcDbEntity
  8
隐藏线
  6
HIDDEN
100
AcDbLine
 10
12.418221238696493
 20
95.0
 30
0.0
 11
12.63000481247213
 21
95.0
 31
0.0
  0
LINE
  5
451
330
17
100
AcDbEntity
  8
隐藏线
  6
HIDDEN
100
AcDbLine
 10
12.20821562640981
 20
95.0
 30
0.0
 11
12.418221238696493
 21
95.0
 31
0.0
  0
LINE
  5
452
330
17
100
AcDbEntity
  8
隐藏线
  6
HIDDEN
100
AcDbLine
 10
12.0
 20
95.0
 30
0.0
 11
12.20821562640981
 21
95.0
 31
0.0
  0
LINE
  5
453
330
17
100
AcDbEntity
  8
隐藏线
  6
HIDDEN
100
AcDbLine
 10
69.49873734152915
 20
85.0
 30
0.0
 11
69.49873734152915
 21
90.0
 31
0.0
  0
LINE
  5
454
330
17
100
AcDbEntity
  8
隐藏线
  6
HIDDEN
100
AcDbLine
 10
69.49873734152915
 20
90.0
 30
0.0
 11
69.49873734152915
 21
95.0
 31
0.0
  0
LINE
  5
455
330
17
100
AcDbEntity
  8
隐藏线
  6
HIDDEN
100
AcDbLine
 10
63.99873734152915
 20
85.0
 30
0.0
 11
64.05477137835254
 21
85.0
 31
0.0
  0
LINE
  5
456
330
17
100
AcDbEntity
  8
隐藏线
  6
HIDDEN
100
AcDbLine
 10
64.05477137835254
 20
85.0
 30
0.0
 11
64.21206556898932
 21
85.0
 31
0.0
  0
LINE
  5
457
330
17
100
AcDbEntity
  8
隐藏线
  6
HIDDEN
100
AcDbLine
 10
64.21206556898932
 20
85.0
 30
0.0
 11
64.46485953642404
 21
85.0
 31
0.0
  0
LINE
  5
458
330
17
100
AcDbEntity
  8
隐藏线
  6
HIDDEN
100
AcDbLine
 10
64.46485953642404
 20
85.0
 30
0.0
 11
64.80419369326614
 21
85.0
 31
0.0
  0
LINE
  5
459
330
17
100
AcDbEntity
  8
隐藏线
  6
HIDDEN
100
AcDbLine
 10
64.80419369326614
 20
85.0
 30
0.0
 11
65.22277194493839
 21
85.0
 31
0.0
  0
LINE
  5
45A
330
17
100
AcDbEntity
  8
隐藏线
  6
HIDDEN
100
AcDbLine
 10
65.22277194493839
 20
85.0
 30
0.0
 11
65.69801349005415
 21
85.0
 31
0.0
  0
LINE
  5
45B
330
17
100
AcDbEntity
  8
隐藏线
  6
HIDDEN
100
AcDbLine
 10
65.69801349005415
 20
85.0
 30
0.0
 11
66.21281233792322
 21
85.0
 31
0.0
  0
LINE
  5
45C
330
17
100
AcDbEntity
  8
隐藏线
  6
HIDDEN
100
AcDbLine
 10
66.21281233792322
 20
85.0
 30
0.0
 11
66.74873734152915
 21
85.0
 31
0.0
  0
LINE
  5
45D
330
17
100
AcDbEntity
  8
隐藏线
  6
HIDDEN
100
AcDbLine
 10
66.74873734152915
 20
85.0
 30
0.0
 11
67.28466234513508
 21
85.0
 31
0.0
  0
LINE
  5
45E
330
17
100
AcDbEntity
  8
隐藏线
  6
HIDDEN
100
AcDbLine
 10
67.28466234513508
 20
85.0
 30
0.0
 11
67.79946119300415
 21
85.0
 31
0.0
  0
LINE
  5
45F
330
17
100
AcDbEntity
  8
隐藏线
  6
HIDDEN
100
AcDbLine
 10
67.79946119300415
 20
85.0
 30
0.0
 11
68.27470273811991
 21
85.0
 31
0.0
  0
LINE
  5
460
330
17
100
AcDbEntity
  8
隐藏线
  6
HIDDEN
100
AcDbLine
 10
68.27470273811991
 20
85.0
 30
0.0
 11
68.69328098979216
 21
85.0
 31
0.0
  0
LINE
  5
461
330
17
100
AcDbEntity
  8
隐藏线
  6
HIDDEN
100
AcDbLine
 10
68.69328098979216
 20
85.0
 30
0.0
 11
69.03261514663426
 21
85.0
 31
0.0
  0
LINE
  5
462
330
17
100
AcDbEntity
  8
隐藏线
  6
HIDDEN
100
AcDbLine
 10
69.03261514663426
 20
85.0
 30
0.0
 11
69.28540911406898
 21
85.0
 31
0.0
  0
LINE
  5
463
330
17
100
AcDbEntity
  8
隐藏线
  6
HIDDEN
100
AcDbLine
 10
69.28540911406898
 20
85.0
 30
0.0
 11
69.44270330470577
 21
85.0
 31
0.0
  0
LINE
  5
464
330
17
100
AcDbEntity
  8
隐藏线
  6
HIDDEN
100
AcDbLine
 10
69.44270330470577
 20
85.0
 30
0.0
 11
69.49873734152915
 21
85.0
 31
0.0
  0
LINE
  5
465
330
17
100
AcDbEntity
  8
隐藏线
  6
HIDDEN
100
AcDbLine
 10
63.99873734152915
 20
85.0
 30
0.0
 11
63.99873734152915
 21
90.0
 31
0.0
  0
LINE
  5
466
330
17
100
AcDbEntity
  8
隐藏线
  6
HIDDEN
100
AcDbLine
 10
63.99873734152915
 20
90.0
 30
0.0
 11
63.99873734152915
 21
95.0
 31
0.0
  0
LINE
  5
467
330
17
100
AcDbEntity
  8
隐藏线
  6
HIDDEN
100
AcDbLine
 10
20.0012626584709
 20
85.0
 30
0.0
 11
20.0012626584709
 21
90.0
 31
0.0
  0
LINE
  5
468
330
17
100
AcDbEntity
  8
隐藏线
  6
HIDDEN
100
AcDbLine
 10
20.0012626584709
 20
90.0
 30
0.0
 11
20.0012626584709
 21
95.0
 31
0.0
  0
LINE
  5
469
330
17
100
AcDbEntity
  8
隐藏线
  6
HIDDEN
100
AcDbLine
 10
14.501262658470846
 20
85.0
 30
0.0
 11
14.55729669529423
 21
85.0
 31
0.0
  0
LINE
  5
46A
330
17
100
AcDbEntity
  8
隐藏线
  6
HIDDEN
100
AcDbLine
 10
14.55729669529423
 20
85.0
 30
0.0
 11
14.714590885931017
 21
85.0
 31
0.0
  0
LINE
  5
46B
330
17
100
AcDbEntity
  8
隐藏线
  6
HIDDEN
100
AcDbLine
 10
14.714590885931017
 20
85.0
 30
0.0
 11
14.96738485336574
 21
85.0
 31
0.0
  0
LINE
  5
46C
330
17
100
AcDbEntity
  8
隐藏线
  6
HIDDEN
100
AcDbLine
 10
14.96738485336574
 20
85.0
 30
0.0
 11
15.306719010207843
 21
85.0
 31
0.0
  0
LINE
  5
46D
330
17
100
AcDbEntity
  8
隐藏线
  6
HIDDEN
100
AcDbLine
 10
15.306719010207843
 20
85.0
 30
0.0
 11
15.725297261880087
 21
85.0
 31
0.0
  0
LINE
  5
46E
330
17
100
AcDbEntity
  8
隐藏线
  6
HIDDEN
100
AcDbLine
 10
15.725297261880087
 20
85.0
 30
0.0
 11
16.200538806995848
 21
85.0
 31
0.0
  0
LINE
  5
46F
330
17
100
AcDbEntity
  8
隐藏线
  6
HIDDEN
100
AcDbLine
 10
16.200538806995848
 20
85.0
 30
0.0
 11
16.715337654864925
 21
85.0
 31
0.0
  0
LINE
  5
470
330
17
100
AcDbEntity
  8
隐藏线
  6
HIDDEN
100
AcDbLine
 10
16.715337654864925
 20
85.0
 30
0.0
 11
17.251262658470846
 21
85.0
 31
0.0
  0
LINE
  5
471
330
17
100
AcDbEntity
  8
隐藏线
  6
HIDDEN
100
AcDbLine
 10
17.251262658470846
 20
85.0
 30
0.0
 11
17.787187662076768
 21
85.0
 31
0.0
  0
LINE
  5
472
330
17
100
AcDbEntity
  8
隐藏线
  6
HIDDEN
100
AcDbLine
 10
17.787187662076768
 20
85.0
 30
0.0
 11
18.301986509945845
 21
85.0
 31
0.0
  0
LINE
  5
473
330
17
100
AcDbEntity
  8
隐藏线
  6
HIDDEN
100
AcDbLine
 10
18.301986509945845
 20
85.0
 30
0.0
 11
18.777228055061606
 21
85.0
 31
0.0
  0
LINE
  5
474
330
17
100
AcDbEntity
  8
隐藏线
  6
HIDDEN
100
AcDbLine
 10
18.777228055061606
 20
85.0
 30
0.0
 11
19.19580630673385
 21
85.0
 31
0.0
  0
LINE
  5
475
330
17
100
AcDbEntity
  8
隐藏线
  6
HIDDEN
100
AcDbLine
 10
19.19580630673385
 20
85.0
 30
0.0
 11
19.53514046357595
 21
85.0
 31
0.0
  0
LINE
  5
476
330
17
100
AcDbEntity
  8
隐藏线
  6
HIDDEN
100
AcDbLine
 10
19.53514046357595
 20
85.0
 30
0.0
 11
19.787934431010676
 21
85.0
 31
0.0
  0
LINE
  5
477
330
17
100
AcDbEntity
  8
隐藏线
  6
HIDDEN
100
AcDbLine
 10
19.787934431010676
 20
85.0
 30
0.0
 11
19.945228621647463
 21
85.0
 31
0.0
  0
LINE
  5
478
330
17
100
AcDbEntity
  8
隐藏线
  6
HIDDEN
100
AcDbLine
 10
19.945228621647463
 20
85.0
 30
0.0
 11
20.001262658470846
 21
85.0
 31
0.0
  0
LINE
  5
479
330
17
100
AcDbEntity
  8
隐藏线
  6
HIDDEN
100
AcDbLine
 10
14.50126265847085
 20
85.0
 30
0.0
 11
14.50126265847085
 21
90.0
 31
0.0
  0
LINE
  5
47A
330
17
100
AcDbEntity
  8
隐藏线
  6
HIDDEN
100
AcDbLine
 10
14.50126265847085
 20
90.0
 30
0.0
 11
14.50126265847085
 21
95.0
 31
0.0
  0
LINE
  5
47B
330
17
100
AcDbEntity
  8
隐藏线
  6
HIDDEN
100
AcDbLine
 10
72.0
 20
90.0
 30
0.0
 11
72.0
 21
95.0
 31
0.0
  0
LINE
  5
47C
330
17
100
AcDbEntity
  8
隐藏线
  6
HIDDEN
100
AcDbLine
 10
72.0
 20
85.0
 30
0.0
 11
72.0
 21
90.0
 31
0.0
  0
LINE
  5
47D
330
17
100
AcDbEntity
  8
隐藏线
  6
HIDDEN
100
AcDbLine
 10
71.79178437359019
 20
85.0
 30
0.0
 11
72.0
 21
85.0
 31
0.0
  0
LINE
  5
47E
330
17
100
AcDbEntity
  8
隐藏线
  6
HIDDEN
100
AcDbLine
 10
71.58177876130351
 20
85.0
 30
0.0
 11
71.79178437359019
 21
85.0
 31
0.0
  0
LINE
  5
47F
330
17
100
AcDbEntity
  8
隐藏线
  6
HIDDEN
100
AcDbLine
 10
71.36999518752788
 20
85.0
 30
0.0
 11
71.58177876130351
 21
85.0
 31
0.0
  0
LINE
  5
480
330
17
100
AcDbEntity
  8
隐藏线
  6
HIDDEN
100
AcDbLine
 10
71.15644577163914
 20
85.0
 30
0.0
 11
71.36999518752788
 21
85.0
 31
0.0
  0
LINE
  5
481
330
17
100
AcDbEntity
  8
隐藏线
  6
HIDDEN
100
AcDbLine
 10
70.94099792746867
 20
85.0
 30
0.0
 11
71.15644577163914
 21
85.0
 31
0.0
  0
LINE
  5
482
330
17
100
AcDbEntity
  8
隐藏线
  6
HIDDEN
100
AcDbLine
 10
70.72381125311487
 20
85.0
 30
0.0
 11
70.94099792746867
 21
85.0
 31
0.0
  0
LINE
  5
483
330
17
100
AcDbEntity
  8
隐藏线
  6
HIDDEN
100
AcDbLine
 10
70.50489818392064
 20
85.0
 30
0.0
 11
70.72381125311487
 21
85.0
 31
0.0
  0
LINE
  5
484
330
17
100
AcDbEntity
  8
隐藏线
  6
HIDDEN
100
AcDbLine
 10
70.2842712474619
 20
85.0
 30
0.0
 11
70.50489818392064
 21
85.0
 31
0.0
  0
LINE
  5
485
330
17
100
AcDbEntity
  8
隐藏线
  6
HIDDEN
100
AcDbLine
 10
70.06180267156309
 20
85.0
 30
0.0
 11
70.2842712474619
 21
85.0
 31
0.0
  0
LINE
  5
486
330
17
100
AcDbEntity
  8
隐藏线
  6
HIDDEN
100
AcDbLine
 10
69.83764812802981
 20
85.0
 30
0.0
 11
70.06180267156309
 21
85.0
 31
0.0
  0
LINE
  5
487
330
17
100
AcDbEntity
  8
隐藏线
  6
HIDDEN
100
AcDbLine
 10
69.61182045095327
 20
85.0
 30
0.0
 11
69.83764812802981
 21
85.0
 31
0.0
  0
LINE
  5
488
330
17
100
AcDbEntity
  8
隐藏线
  6
HIDDEN
100
AcDbLine
 10
69.38433256381221
 20
85.0
 30
0.0
 11
69.61182045095327
 21
85.0
 31
0.0
  0
LINE
  5
489
330
17
100
AcDbEntity
  8
隐藏线
  6
HIDDEN
100
AcDbLine
 10
69.15506163384678
 20
85.0
 30
0.0
 11
69.38433256381221
 21
85.0
 31
0.0
  0
LINE
  5
48A
330
17
100
AcDbEntity
  8
隐藏线
  6
HIDDEN
100
AcDbLine
 10
68.9241592537606
 20
85.0
 30
0.0
 11
69.15506163384678
 21
85.0
 31
0.0
  0
LINE
  5
48B
330
17
100
AcDbEntity
  8
隐藏线
  6
HIDDEN
100
AcDbLine
 10
68.69163864379509
 20
85.0
 30
0.0
 11
68.9241592537606
 21
85.0
 31
0.0
  0
LINE
  5
48C
330
17
100
AcDbEntity
  8
隐藏线
  6
HIDDEN
100
AcDbLine
 10
68.4575131106459
 20
85.0
 30
0.0
 11
68.69163864379509
 21
85.0
 31
0.0
  0
LINE
  5
48D
330
17
100
AcDbEntity
  8
隐藏线
  6
HIDDEN
100
AcDbLine
 10
68.4575131106459
 20
90.0
 30
0.0
 11
68.4575131106459
 21
95.0
 31
0.0
  0
LINE
  5
48E
330
17
100
AcDbEntity
  8
隐藏线
  6
HIDDEN
100
AcDbLine
 10
68.4575131106459
 20
85.0
 30
0.0
 11
68.4575131106459
 21
90.0
 31
0.0
  0
LINE
  5
48F
330
17
100
AcDbEntity
  8
隐藏线
  6
HIDDEN
100
AcDbLine
 10
57.0
 20
85.0
 30
0.0
 11
68.4575131106459
 21
85.0
 31
0.0
  0
LINE
  5
490
330
17
100
AcDbEntity
  8
隐藏线
  6
HIDDEN
100
AcDbLine
 10
42.0
 20
85.0
 30
0.0
 11
57.0
 21
85.0
 31
0.0
  0
LINE
  5
491
330
17
100
AcDbEntity
  8
隐藏线
  6
HIDDEN
100
AcDbLine
 10
27.0
 20
85.0
 30
0.0
 11
42.0
 21
85.0
 31
0.0
  0
LINE
  5
492
330
17
100
AcDbEntity
  8
隐藏线
  6
HIDDEN
100
AcDbLine
 10
15.542486889354098
 20
85.0
 30
0.0
 11
27.0
 21
85.0
 31
0.0
  0
LINE
  5
493
330
17
100
AcDbEntity
  8
隐藏线
  6
HIDDEN
100
AcDbLine
 10
15.542486889354098
 20
90.0
 30
0.0
 11
15.542486889354098
 21
95.0
 31
0.0
  0
LINE
  5
494
330
17
100
AcDbEntity
  8
隐藏线
  6
HIDDEN
100
AcDbLine
 10
15.542486889354098
 20
85.0
 30
0.0
 11
15.542486889354098
 21
90.0
 31
0.0
  0
LINE
  5
495
330
17
100
AcDbEntity
  8
隐藏线
  6
HIDDEN
100
AcDbLine
 10
15.308361356204916
 20
85.0
 30
0.0
 11
15.542486889354098
 21
85.0
 31
0.0
  0
LINE
  5
496
330
17
100
AcDbEntity
  8
隐藏线
  6
HIDDEN
100
AcDbLine
 10
15.075840746239393
 20
85.0
 30
0.0
 11
15.308361356204916
 21
85.0
 31
0.0
  0
LINE
  5
497
330
17
100
AcDbEntity
  8
隐藏线
  6
HIDDEN
100
AcDbLine
 10
14.844938366153215
 20
85.0
 30
0.0
 11
15.075840746239393
 21
85.0
 31
0.0
  0
LINE
  5
498
330
17
100
AcDbEntity
  8
隐藏线
  6
HIDDEN
100
AcDbLine
 10
14.615667436187792
 20
85.0
 30
0.0
 11
14.844938366153215
 21
85.0
 31
0.0
  0
LINE
  5
499
330
17
100
AcDbEntity
  8
隐藏线
  6
HIDDEN
100
AcDbLine
 10
14.388179549046711
 20
85.0
 30
0.0
 11
14.615667436187792
 21
85.0
 31
0.0
  0
LINE
  5
49A
330
17
100
AcDbEntity
  8
隐藏线
  6
HIDDEN
100
AcDbLine
 10
14.16235187197018
 20
85.0
 30
0.0
 11
14.388179549046711
 21
85.0
 31
0.0
  0
LINE
  5
49B
330
17
100
AcDbEntity
  8
隐藏线
  6
HIDDEN
100
AcDbLine
 10
13.938197328436914
 20
85.0
 30
0.0
 11
14.16235187197018
 21
85.0
 31
0.0
  0
LINE
  5
49C
330
17
100
AcDbEntity
  8
隐藏线
  6
HIDDEN
100
AcDbLine
 10
13.715728752538102
 20
85.0
 30
0.0
 11
13.938197328436914
 21
85.0
 31
0.0
  0
LINE
  5
49D
330
17
100
AcDbEntity
  8
隐藏线
  6
HIDDEN
100
AcDbLine
 10
13.495101816079352
 20
85.0
 30
0.0
 11
13.715728752538102
 21
85.0
 31
0.0
  0
LINE
  5
49E
330
17
100
AcDbEntity
  8
隐藏线
  6
HIDDEN
100
AcDbLine
 10
13.276188746885133
 20
85.0
 30
0.0
 11
13.495101816079352
 21
85.0
 31
0.0
  0
LINE
  5
49F
330
17
100
AcDbEntity
  8
隐藏线
  6
HIDDEN
100
AcDbLine
 10
13.059002072531339
 20
85.0
 30
0.0
 11
13.276188746885133
 21
85.0
 31
0.0
  0
LINE
  5
4A0
330
17
100
AcDbEntity
  8
隐藏线
  6
HIDDEN
100
AcDbLine
 10
12.843554228360858
 20
85.0
 30
0.0
 11
13.059002072531339
 21
85.0
 31
0.0
  0
LINE
  5
4A1
330
17
100
AcDbEntity
  8
隐藏线
  6
HIDDEN
100
AcDbLine
 10
12.63000481247213
 20
85.0
 30
0.0
 11
12.843554228360858
 21
85.0
 31
0.0
  0
LINE
  5
4A2
330
17
100
AcDbEntity
  8
隐藏线
  6
HIDDEN
100
AcDbLine
 10
12.418221238696493
 20
85.0
 30
0.0
 11
12.63000481247213
 21
85.0
 31
0.0
  0
LINE
  5
4A3
330
17
100
AcDbEntity
  8
隐藏线
  6
HIDDEN
100
AcDbLine
 10
12.20821562640981
 20
85.0
 30
0.0
 11
12.418221238696493
 21
85.0
 31
0.0
  0
LINE
  5
4A4
330
17
100
AcDbEntity
  8
隐藏线
  6
HIDDEN
100
AcDbLine
 10
12.0
 20
85.0
 30
0.0
 11
12.20821562640981
 21
85.0
 31
0.0
  0
LINE
  5
4A5
330
17
100
AcDbEntity
  8
隐藏线
  6
HIDDEN
100
AcDbLine
 10
12.0
 20
90.0
 30
0.0
 11
12.0
 21
95.0
 31
0.0
  0
LINE
  5
4A6
330
17
100
AcDbEntity
  8
隐藏线
  6
HIDDEN
100
AcDbLine
 10
12.0
 20
85.0
 30
0.0
 11
12.0
 21
90.0
 31
0.0
  0
LINE
  5
4A7
330
17
100
AcDbEntity
  8
隐藏线
  6
HIDDEN
100
AcDbLine
 10
41.99999999999999
 20
85.0
 30
0.0
 11
43.96186106276699
 21
85.0
 31
0.0
  0
LINE
  5
4A8
330
17
100
AcDbEntity
  8
隐藏线
  6
HIDDEN
100
AcDbLine
 10
43.96186106276699
 20
85.0
 30
0.0
 11
45.91510113419223
 21
85.0
 31
0.0
  0
LINE
  5
4A9
330
17
100
AcDbEntity
  8
隐藏线
  6
HIDDEN
100
AcDbLine
 10
45.91510113419223
 20
85.0
 30
0.0
 11
47.85191816583794
 21
85.0
 31
0.0
  0
LINE
  5
4AA
330
17
100
AcDbEntity
  8
隐藏线
  6
HIDDEN
100
AcDbLine
 10
47.85191816583794
 20
85.0
 30
0.0
 11
49.76457135307561
 21
85.0
 31
0.0
  0
LINE
  5
4AB
330
17
100
AcDbEntity
  8
隐藏线
  6
HIDDEN
100
AcDbLine
 10
49.76457135307561
 20
85.0
 30
0.0
 11
51.64194270207304
 21
85.0
 31
0.0
  0
LINE
  5
4AC
330
17
100
AcDbEntity
  8
隐藏线
  6
HIDDEN
100
AcDbLine
 10
51.64194270207304
 20
85.0
 30
0.0
 11
53.478495730292046
 21
85.0
 31
0.0
  0
LINE
  5
4AD
330
17
100
AcDbEntity
  8
隐藏线
  6
HIDDEN
100
AcDbLine
 10
53.478495730292046
 20
85.0
 30
0.0
 11
55.266898842193015
 21
85.0
 31
0.0
  0
LINE
  5
4AE
330
17
100
AcDbEntity
  8
隐藏线
  6
HIDDEN
100
AcDbLine
 10
55.266898842193015
 20
85.0
 30
0.0
 11
57.0
 21
85.0
 31
0.0
  0
LINE
  5
4AF
330
17
100
AcDbEntity
  8
隐藏线
  6
HIDDEN
100
AcDbLine
 10
57.0
 20
85.0
 30
0.0
 11
58.66494188029651
 21
85.0
 31
0.0
  0
LINE
  5
4B0
330
17
100
AcDbEntity
  8
隐藏线
  6
HIDDEN
100
AcDbLine
 10
58.66494188029651
 20
85.0
 30
0.0
 11
60.25964981148353
 21
85.0
 31
0.0
  0
LINE
  5
4B1
330
17
100
AcDbEntity
  8
隐藏线
  6
HIDDEN
100
AcDbLine
 10
60.25964981148353
 20
85.0
 30
0.0
 11
61.77776228703962
 21
85.0
 31
0.0
  0
LINE
  5
4B2
330
17
100
AcDbEntity
  8
隐藏线
  6
HIDDEN
100
AcDbLine
 10
61.77776228703962
 20
85.0
 30
0.0
 11
63.21320343559642
 21
85.0
 31
0.0
  0
LINE
  5
4B3
330
17
100
AcDbEntity
  8
隐藏线
  6
HIDDEN
100
AcDbLine
 10
63.21320343559642
 20
85.0
 30
0.0
 11
64.55225280949638
 21
85.0
 31
0.0
  0
LINE
  5
4B4
330
17
100
AcDbEntity
  8
隐藏线
  6
HIDDEN
100
AcDbLine
 10
64.55225280949638
 20
85.0
 30
0.0
 11
65.79643893352046
 21
85.0
 31
0.0
  0
LINE
  5
4B5
330
17
100
AcDbEntity
  8
隐藏线
  6
HIDDEN
100
AcDbLine
 10
65.79643893352046
 20
85.0
 30
0.0
 11
66.94080391632201
 21
85.0
 31
0.0
  0
LINE
  5
4B6
330
17
100
AcDbEntity
  8
隐藏线
  6
HIDDEN
100
AcDbLine
 10
66.94080391632201
 20
85.0
 30
0.0
 11
67.98076211353316
 21
85.0
 31
0.0
  0
LINE
  5
4B7
330
17
100
AcDbEntity
  8
隐藏线
  6
HIDDEN
100
AcDbLine
 10
67.98076211353316
 20
85.0
 30
0.0
 11
68.902664979089
 21
85.0
 31
0.0
  0
LINE
  5
4B8
330
17
100
AcDbEntity
  8
隐藏线
  6
HIDDEN
100
AcDbLine
 10
68.902664979089
 20
85.0
 30
0.0
 11
69.7115400677127
 21
85.0
 31
0.0
  0
LINE
  5
4B9
330
17
100
AcDbEntity
  8
隐藏线
  6
HIDDEN
100
AcDbLine
 10
69.7115400677127
 20
85.0
 30
0.0
 11
70.40417097533432
 21
85.0
 31
0.0
  0
LINE
  5
4BA
330
17
100
AcDbEntity
  8
隐藏线
  6
HIDDEN
100
AcDbLine
 10
70.40417097533432
 20
85.0
 30
0.0
 11
70.97777478867205
 21
85.0
 31
0.0
  0
LINE
  5
4BB
330
17
100
AcDbEntity
  8
隐藏线
  6
HIDDEN
100
AcDbLine
 10
70.97777478867205
 20
85.0
 30
0.0
 11
71.41970498911266
 21
85.0
 31
0.0
  0
LINE
  5
4BC
330
17
100
AcDbEntity
  8
隐藏线
  6
HIDDEN
100
AcDbLine
 10
71.41970498911266
 20
85.0
 30
0.0
 11
71.73814554177557
 21
85.0
 31
0.0
  0
LINE
  5
4BD
330
17
100
AcDbEntity
  8
隐藏线
  6
HIDDEN
100
AcDbLine
 10
71.73814554177557
 20
85.0
 30
0.0
 11
71.93184072248954
 21
85.0
 31
0.0
  0
LINE
  5
4BE
330
17
100
AcDbEntity
  8
隐藏线
  6
HIDDEN
100
AcDbLine
 10
71.93184072248954
 20
85.0
 30
0.0
 11
72.0
 21
85.0
 31
0.0
  0
LINE
  5
4BF
330
17
100
AcDbEntity
  8
隐藏线
  6
HIDDEN
100
AcDbLine
 10
12.0
 20
85.0
 30
0.0
 11
12.068159277510457
 21
85.0
 31
0.0
  0
LINE
  5
4C0
330
17
100
AcDbEntity
  8
隐藏线
  6
HIDDEN
100
AcDbLine
 10
12.068159277510457
 20
85.0
 30
0.0
 11
12.261854458224434
 21
85.0
 31
0.0
  0
LINE
  5
4C1
330
17
100
AcDbEntity
  8
隐藏线
  6
HIDDEN
100
AcDbLine
 10
12.261854458224434
 20
85.0
 30
0.0
 11
12.580295010887333
 21
85.0
 31
0.0
  0
LINE
  5
4C2
330
17
100
AcDbEntity
  8
隐藏线
  6
HIDDEN
100
AcDbLine
 10
12.580295010887333
 20
85.0
 30
0.0
 11
13.022225211327946
 21
85.0
 31
0.0
  0
LINE
  5
4C3
330
17
100
AcDbEntity
  8
隐藏线
  6
HIDDEN
100
AcDbLine
 10
13.022225211327946
 20
85.0
 30
0.0
 11
13.595829024665676
 21
85.0
 31
0.0
  0
LINE
  5
4C4
330
17
100
AcDbEntity
  8
隐藏线
  6
HIDDEN
100
AcDbLine
 10
13.595829024665676
 20
85.0
 30
0.0
 11
14.288459932287289
 21
85.0
 31
0.0
  0
LINE
  5
4C5
330
17
100
AcDbEntity
  8
隐藏线
  6
HIDDEN
100
AcDbLine
 10
14.288459932287289
 20
85.0
 30
0.0
 11
15.097335020910997
 21
85.0
 31
0.0
  0
LINE
  5
4C6
330
17
100
AcDbEntity
  8
隐藏线
  6
HIDDEN
100
AcDbLine
 10
15.097335020910997
 20
85.0
 30
0.0
 11
16.019237886466836
 21
85.0
 31
0.0
  0
LINE
  5
4C7
330
17
100
AcDbEntity
  8
隐藏线
  6
HIDDEN
100
AcDbLine
 10
16.019237886466836
 20
85.0
 30
0.0
 11
17.059196083677975
 21
85.0
 31
0.0
  0
LINE
  5
4C8
330
17
100
AcDbEntity
  8
隐藏线
  6
HIDDEN
100
AcDbLine
 10
17.059196083677975
 20
85.0
 30
0.0
 11
18.203561066479523
 21
85.0
 31
0.0
  0
LINE
  5
4C9
330
17
100
AcDbEntity
  8
隐藏线
  6
HIDDEN
100
AcDbLine
 10
18.203561066479523
 20
85.0
 30
0.0
 11
19.4477471905036
 21
85.0
 31
0.0
  0
LINE
  5
4CA
330
17
100
AcDbEntity
  8
隐藏线
  6
HIDDEN
100
AcDbLine
 10
19.4477471905036
 20
85.0
 30
0.0
 11
20.78679656440357
 21
85.0
 31
0.0
  0
LINE
  5
4CB
330
17
100
AcDbEntity
  8
隐藏线
  6
HIDDEN
100
AcDbLine
 10
20.78679656440357
 20
85.0
 30
0.0
 11
22.222237712960375
 21
85.0
 31
0.0
  0
LINE
  5
4CC
330
17
100
AcDbEntity
  8
隐藏线
  6
HIDDEN
100
AcDbLine
 10
22.222237712960375
 20
85.0
 30
0.0
 11
23.740350188516466
 21
85.0
 31
0.0
  0
LINE
  5
4CD
330
17
100
AcDbEntity
  8
隐藏线
  6
HIDDEN
100
AcDbLine
 10
23.740350188516466
 20
85.0
 30
0.0
 11
25.335058119703458
 21
85.0
 31
0.0
  0
LINE
  5
4CE
330
17
100
AcDbEntity
  8
隐藏线
  6
HIDDEN
100
AcDbLine
 10
25.335058119703458
 20
85.0
 30
0.0
 11
26.999999999999986
 21
85.0
 31
0.0
  0
LINE
  5
4CF
330
17
100
AcDbEntity
  8
隐藏线
  6
HIDDEN
100
AcDbLine
 10
26.999999999999986
 20
85.0
 30
0.0
 11
28.733101157806974
 21
85.0
 31
0.0
  0
LINE
  5
4D0
330
17
100
AcDbEntity
  8
隐藏线
  6
HIDDEN
100
AcDbLine
 10
28.733101157806974
 20
85.0
 30
0.0
 11
30.521504269707943
 21
85.0
 31
0.0
  0
LINE
  5
4D1
330
17
100
AcDbEntity
  8
隐藏线
  6
HIDDEN
100
AcDbLine
 10
30.521504269707943
 20
85.0
 30
0.0
 11
32.35805729792695
 21
85.0
 31
0.0
  0
LINE
  5
4D2
330
17
100
AcDbEntity
  8
隐藏线
  6
HIDDEN
100
AcDbLine
 10
32.35805729792695
 20
85.0
 30
0.0
 11
34.23542864692438
 21
85.0
 31
0.0
  0
LINE
  5
4D3
330
17
100
AcDbEntity
  8
隐藏线
  6
HIDDEN
100
AcDbLine
 10
34.23542864692438
 20
85.0
 30
0.0
 11
36.14808183416205
 21
85.0
 31
0.0
  0
LINE
  5
4D4
330
17
100
AcDbEntity
  8
隐藏线
  6
HIDDEN
100
AcDbLine
 10
36.14808183416205
 20
85.0
 30
0.0
 11
38.084898865807766
 21
85.0
 31
0.0
  0
LINE
  5
4D5
330
17
100
AcDbEntity
  8
隐藏线
  6
HIDDEN
100
AcDbLine
 10
38.084898865807766
 20
85.0
 30
0.0
 11
40.03813893723299
 21
85.0
 31
0.0
  0
LINE
  5
4D6
330
17
100
AcDbEntity
  8
隐藏线
  6
HIDDEN
100
AcDbLine
 10
40.03813893723299
 20
85.0
 30
0.0
 11
41.99999999999999
 21
85.0
 31
0.0
  0
LINE
  5
4D7
330
17
100
AcDbEntity
  8
隐藏线
  6
HIDDEN
100
AcDbLine
 10
48.0
 20
70.9
 30
0.0
 11
48.0
 21
84.9
 31
0.0
  0
LINE
  5
4D8
330
17
100
AcDbEntity
  8
隐藏线
  6
HIDDEN
100
AcDbLine
 10
48.0
 20
84.9
 30
0.0
 11
48.0
 21
98.9
 31
0.0
  0
LINE
  5
4D9
330
17
100
AcDbEntity
  8
可见轮廓
  6
CONTINUOUS
100
AcDbLine
 10
15.542486889354098
 20
162.9
 30
0.0
 11
42.0
 21
162.9
 31
0.0
  0
LINE
  5
4DA
330
17
100
AcDbEntity
  8
可见轮廓
  6
CONTINUOUS
100
AcDbLine
 10
42.0
 20
162.9
 30
0.0
 11
68.4575131106459
 21
162.9
 31
0.0
  0
LINE
  5
4DB
330
17
100
AcDbEntity
  8
可见轮廓
  6
CONTINUOUS
100
AcDbLine
 10
72.0
 20
166.44248688935411
 30
0.0
 11
72.0
 21
192.9
 31
0.0
  0
LINE
  5
4DC
330
17
100
AcDbEntity
  8
可见轮廓
  6
CONTINUOUS
100
AcDbLine
 10
72.0
 20
192.9
 30
0.0
 11
72.0
 21
219.3575131106459
 31
0.0
  0
LINE
  5
4DD
330
17
100
AcDbEntity
  8
可见轮廓
  6
CONTINUOUS
100
AcDbLine
 10
42.0
 20
222.9
 30
0.0
 11
68.4575131106459
 21
222.9
 31
0.0
  0
LINE
  5
4DE
330
17
100
AcDbEntity
  8
可见轮廓
  6
CONTINUOUS
100
AcDbLine
 10
15.542486889354098
 20
222.9
 30
0.0
 11
42.0
 21
222.9
 31
0.0
  0
LINE
  5
4DF
330
17
100
AcDbEntity
  8
可见轮廓
  6
CONTINUOUS
100
AcDbLine
 10
12.0
 20
192.9
 30
0.0
 11
12.0
 21
219.3575131106459
 31
0.0
  0
LINE
  5
4E0
330
17
100
AcDbEntity
  8
可见轮廓
  6
CONTINUOUS
100
AcDbLine
 10
12.0
 20
166.44248688935411
 30
0.0
 11
12.0
 21
192.9
 31
0.0
  0
CIRCLE
  5
4E1
330
17
100
AcDbEntity
  8
可见轮廓
  6
CONTINUOUS
100
AcDbCircle
 10
17.25
 20
217.65
 30
0.0
 40
1.65
  0
CIRCLE
  5
4E2
330
17
100
AcDbEntity
  8
可见轮廓
  6
CONTINUOUS
100
AcDbCircle
 10
17.25
 20
168.15
 30
0.0
 40
1.65
  0
CIRCLE
  5
4E3
330
17
100
AcDbEntity
  8
可见轮廓
  6
CONTINUOUS
100
AcDbCircle
 10
66.75
 20
168.15
 30
0.0
 40
1.65
  0
CIRCLE
  5
4E4
330
17
100
AcDbEntity
  8
可见轮廓
  6
CONTINUOUS
100
AcDbCircle
 10
66.75
 20
217.65
 30
0.0
 40
1.65
  0
CIRCLE
  5
4E5
330
17
100
AcDbEntity
  8
可见轮廓
  6
CONTINUOUS
100
AcDbCircle
 10
42.0
 20
192.9
 30
0.0
 40
25.0
  0
CIRCLE
  5
4E6
330
17
100
AcDbEntity
  8
可见轮廓
  6
CONTINUOUS
100
AcDbCircle
 10
42.0
 20
192.9
 30
0.0
 40
21.0
  0
CIRCLE
  5
4E7
330
17
100
AcDbEntity
  8
可见轮廓
  6
CONTINUOUS
100
AcDbCircle
 10
42.0
 20
192.9
 30
0.0
 40
7.0
  0
CIRCLE
  5
4E8
330
17
100
AcDbEntity
  8
可见轮廓
  6
CONTINUOUS
100
AcDbCircle
 10
42.0
 20
192.9
 30
0.0
 40
16.0
  0
CIRCLE
  5
4E9
330
17
100
AcDbEntity
  8
可见轮廓
  6
CONTINUOUS
100
AcDbCircle
 10
42.0
 20
192.9
 30
0.0
 40
40.0
  0
LINE
  5
4EA
330
17
100
AcDbEntity
  8
隐藏线
  6
HIDDEN
100
AcDbLine
 10
42.0
 20
162.9
 30
0.0
 11
44.24695160021675
 21
162.9
 31
0.0
  0
LINE
  5
4EB
330
17
100
AcDbEntity
  8
隐藏线
  6
HIDDEN
100
AcDbLine
 10
44.24695160021675
 20
162.9
 30
0.0
 11
46.512745063904255
 21
162.9
 31
0.0
  0
LINE
  5
4EC
330
17
100
AcDbEntity
  8
隐藏线
  6
HIDDEN
100
AcDbLine
 10
46.512745063904255
 20
162.9
 30
0.0
 11
48.78983363347304
 21
162.9
 31
0.0
  0
LINE
  5
4ED
330
17
100
AcDbEntity
  8
隐藏线
  6
HIDDEN
100
AcDbLine
 10
48.78983363347304
 20
162.9
 30
0.0
 11
51.003851127744994
 21
162.9
 31
0.0
  0
LINE
  5
4EE
330
17
100
AcDbEntity
  8
隐藏线
  6
HIDDEN
100
AcDbLine
 10
51.003851127744994
 20
162.9
 30
0.0
 11
53.26899423082757
 21
162.9
 31
0.0
  0
LINE
  5
4EF
330
17
100
AcDbEntity
  8
隐藏线
  6
HIDDEN
100
AcDbLine
 10
53.26899423082757
 20
162.9
 30
0.0
 11
55.56038901162603
 21
162.9
 31
0.0
  0
LINE
  5
4F0
330
17
100
AcDbEntity
  8
隐藏线
  6
HIDDEN
100
AcDbLine
 10
55.56038901162603
 20
162.9
 30
0.0
 11
57.76076073869911
 21
162.9
 31
0.0
  0
LINE
  5
4F1
330
17
100
AcDbEntity
  8
隐藏线
  6
HIDDEN
100
AcDbLine
 10
57.76076073869911
 20
162.9
 30
0.0
 11
60.0278323824908
 21
162.9
 31
0.0
  0
LINE
  5
4F2
330
17
100
AcDbEntity
  8
隐藏线
  6
HIDDEN
100
AcDbLine
 10
60.0278323824908
 20
162.9
 30
0.0
 11
61.10392307309685
 21
162.9
 31
0.0
  0
LINE
  5
4F3
330
17
100
AcDbEntity
  8
隐藏线
  6
HIDDEN
100
AcDbLine
 10
61.10392307309685
 20
162.9
 30
0.0
 11
62.161637778487695
 21
162.9
 31
0.0
  0
LINE
  5
4F4
330
17
100
AcDbEntity
  8
隐藏线
  6
HIDDEN
100
AcDbLine
 10
62.161637778487695
 20
162.9
 30
0.0
 11
63.162160474943875
 21
162.9
 31
0.0
  0
LINE
  5
4F5
330
17
100
AcDbEntity
  8
隐藏线
  6
HIDDEN
100
AcDbLine
 10
63.162160474943875
 20
162.9
 30
0.0
 11
64.18219911496146
 21
162.9
 31
0.0
  0
LINE
  5
4F6
330
17
100
AcDbEntity
  8
隐藏线
  6
HIDDEN
100
AcDbLine
 10
64.18219911496146
 20
162.9
 30
0.0
 11
65.22175369854047
 21
162.9
 31
0.0
  0
LINE
  5
4F7
330
17
100
AcDbEntity
  8
隐藏线
  6
HIDDEN
100
AcDbLine
 10
65.22175369854047
 20
162.9
 30
0.0
 11
66.28082422568087
 21
162.9
 31
0.0
  0
LINE
  5
4F8
330
17
100
AcDbEntity
  8
隐藏线
  6
HIDDEN
100
AcDbLine
 10
66.28082422568087
 20
162.9
 30
0.0
 11
67.3594106963827
 21
162.9
 31
0.0
  0
LINE
  5
4F9
330
17
100
AcDbEntity
  8
隐藏线
  6
HIDDEN
100
AcDbLine
 10
67.3594106963827
 20
162.9
 30
0.0
 11
68.4575131106459
 21
162.9
 31
0.0
  0
LINE
  5
4FA
330
17
100
AcDbEntity
  8
隐藏线
  6
HIDDEN
100
AcDbLine
 10
72.0
 20
166.44248688935411
 30
0.0
 11
72.0
 21
167.54026374946935
 31
0.0
  0
LINE
  5
4FB
330
17
100
AcDbEntity
  8
隐藏线
  6
HIDDEN
100
AcDbLine
 10
72.0
 20
167.54026374946935
 30
0.0
 11
72.0
 21
168.61870263291365
 31
0.0
  0
LINE
  5
4FC
330
17
100
AcDbEntity
  8
隐藏线
  6
HIDDEN
100
AcDbLine
 10
72.0
 20
169.67780353968706
 30
0.0
 11
72.0
 21
168.61870263291365
 31
0.0
  0
LINE
  5
4FD
330
17
100
AcDbEntity
  8
隐藏线
  6
HIDDEN
100
AcDbLine
 10
72.0
 20
169.67780353968706
 30
0.0
 11
72.0
 21
170.71756646978952
 31
0.0
  0
LINE
  5
4FE
330
17
100
AcDbEntity
  8
隐藏线
  6
HIDDEN
100
AcDbLine
 10
72.0
 20
171.73799142322105
 30
0.0
 11
72.0
 21
170.71756646978952
 31
0.0
  0
LINE
  5
4FF
330
17
100
AcDbEntity
  8
隐藏线
  6
HIDDEN
100
AcDbLine
 10
72.0
 20
171.73799142322105
 30
0.0
 11
72.0
 21
172.73907839998168
 31
0.0
  0
LINE
  5
500
330
17
100
AcDbEntity
  8
隐藏线
  6
HIDDEN
100
AcDbLine
 10
72.0
 20
172.73907839998168
 30
0.0
 11
72.0
 21
173.79656764874719
 31
0.0
  0
LINE
  5
501
330
17
100
AcDbEntity
  8
隐藏线
  6
HIDDEN
100
AcDbLine
 10
72.0
 20
174.87216529152198
 30
0.0
 11
72.0
 21
173.79656764874719
 31
0.0
  0
LINE
  5
502
330
17
100
AcDbEntity
  8
隐藏线
  6
HIDDEN
100
AcDbLine
 10
72.0
 20
177.13878002111488
 30
0.0
 11
72.0
 21
174.87216529152198
 31
0.0
  0
LINE
  5
503
330
17
100
AcDbEntity
  8
隐藏线
  6
HIDDEN
100
AcDbLine
 10
72.0
 20
177.13878002111488
 30
0.0
 11
72.0
 21
179.34021231441056
 31
0.0
  0
LINE
  5
504
330
17
100
AcDbEntity
  8
隐藏线
  6
HIDDEN
100
AcDbLine
 10
72.0
 20
179.34021231441056
 30
0.0
 11
72.0
 21
181.63048585474854
 31
0.0
  0
LINE
  5
505
330
17
100
AcDbEntity
  8
隐藏线
  6
HIDDEN
100
AcDbLine
 10
72.0
 20
181.63048585474854
 30
0.0
 11
72.0
 21
183.89530078562115
 31
0.0
  0
LINE
  5
506
330
17
100
AcDbEntity
  8
隐藏线
  6
HIDDEN
100
AcDbLine
 10
72.0
 20
186.11047117603772
 30
0.0
 11
72.0
 21
183.89530078562115
 31
0.0
  0
LINE
  5
507
330
17
100
AcDbEntity
  8
隐藏线
  6
HIDDEN
100
AcDbLine
 10
72.0
 20
186.11047117603772
 30
0.0
 11
72.0
 21
188.38690111485093
 31
0.0
  0
LINE
  5
508
330
17
100
AcDbEntity
  8
隐藏线
  6
HIDDEN
100
AcDbLine
 10
72.0
 20
188.38690111485093
 30
0.0
 11
72.0
 21
190.65251083381287
 31
0.0
  0
LINE
  5
509
330
17
100
AcDbEntity
  8
隐藏线
  6
HIDDEN
100
AcDbLine
 10
72.0
 20
192.9
 30
0.0
 11
72.0
 21
190.65251083381287
 31
0.0
  0
LINE
  5
50A
330
17
100
AcDbEntity
  8
隐藏线
  6
HIDDEN
100
AcDbLine
 10
72.0
 20
192.9
 30
0.0
 11
72.0
 21
195.14695160025073
 31
0.0
  0
LINE
  5
50B
330
17
100
AcDbEntity
  8
隐藏线
  6
HIDDEN
100
AcDbLine
 10
72.0
 20
197.41274506384394
 30
0.0
 11
72.0
 21
195.14695160025073
 31
0.0
  0
LINE
  5
50C
330
17
100
AcDbEntity
  8
隐藏线
  6
HIDDEN
100
AcDbLine
 10
72.0
 20
197.41274506384394
 30
0.0
 11
72.0
 21
199.68983363324583
 31
0.0
  0
LINE
  5
50D
330
17
100
AcDbEntity
  8
隐藏线
  6
HIDDEN
100
AcDbLine
 10
72.0
 20
199.68983363324583
 30
0.0
 11
72.0
 21
201.90385112768814
 31
0.0
  0
LINE
  5
50E
330
17
100
AcDbEntity
  8
隐藏线
  6
HIDDEN
100
AcDbLine
 10
72.0
 20
201.90385112768814
 30
0.0
 11
72.0
 21
204.1689942306417
 31
0.0
  0
LINE
  5
50F
330
17
100
AcDbEntity
  8
隐藏线
  6
HIDDEN
100
AcDbLine
 10
72.0
 20
206.46038901128603
 30
0.0
 11
72.0
 21
204.1689942306417
 31
0.0
  0
LINE
  5
510
330
17
100
AcDbEntity
  8
隐藏线
  6
HIDDEN
100
AcDbLine
 10
72.0
 20
206.46038901128603
 30
0.0
 11
72.0
 21
208.66076073896232
 31
0.0
  0
LINE
  5
511
330
17
100
AcDbEntity
  8
隐藏线
  6
HIDDEN
100
AcDbLine
 10
72.0
 20
208.66076073896232
 30
0.0
 11
72.0
 21
210.92783238249413
 31
0.0
  0
LINE
  5
512
330
17
100
AcDbEntity
  8
隐藏线
  6
HIDDEN
100
AcDbLine
 10
72.0
 20
212.0039230728195
 30
0.0
 11
72.0
 21
210.92783238249413
 31
0.0
  0
LINE
  5
513
330
17
100
AcDbEntity
  8
隐藏线
  6
HIDDEN
100
AcDbLine
 10
72.0
 20
212.0039230728195
 30
0.0
 11
72.0
 21
213.0616377781481
 31
0.0
  0
LINE
  5
514
330
17
100
AcDbEntity
  8
隐藏线
  6
HIDDEN
100
AcDbLine
 10
72.0
 20
213.0616377781481
 30
0.0
 11
72.0
 21
214.06216047509346
 31
0.0
  0
LINE
  5
515
330
17
100
AcDbEntity
  8
隐藏线
  6
HIDDEN
100
AcDbLine
 10
72.0
 20
214.06216047509346
 30
0.0
 11
72.0
 21
215.08219911542716
 31
0.0
  0
LINE
  5
516
330
17
100
AcDbEntity
  8
隐藏线
  6
HIDDEN
100
AcDbLine
 10
72.0
 20
215.08219911542716
 30
0.0
 11
72.0
 21
216.12175369914928
 31
0.0
  0
LINE
  5
517
330
17
100
AcDbEntity
  8
隐藏线
  6
HIDDEN
100
AcDbLine
 10
72.0
 20
216.12175369914928
 30
0.0
 11
72.0
 21
217.18082422625977
 31
0.0
  0
LINE
  5
518
330
17
100
AcDbEntity
  8
隐藏线
  6
HIDDEN
100
AcDbLine
 10
72.0
 20
217.18082422625977
 30
0.0
 11
72.0
 21
218.25941069675864
 31
0.0
  0
LINE
  5
519
330
17
100
AcDbEntity
  8
隐藏线
  6
HIDDEN
100
AcDbLine
 10
72.0
 20
218.25941069675864
 30
0.0
 11
72.0
 21
219.3575131106459
 31
0.0
  0
LINE
  5
51A
330
17
100
AcDbEntity
  8
隐藏线
  6
HIDDEN
100
AcDbLine
 10
67.35973625044394
 20
222.9
 30
0.0
 11
68.4575131106459
 21
222.9
 31
0.0
  0
LINE
  5
51B
330
17
100
AcDbEntity
  8
隐藏线
  6
HIDDEN
100
AcDbLine
 10
66.28129736695439
 20
222.9
 30
0.0
 11
67.35973625044394
 21
222.9
 31
0.0
  0
LINE
  5
51C
330
17
100
AcDbEntity
  8
隐藏线
  6
HIDDEN
100
AcDbLine
 10
65.22219646017723
 20
222.9
 30
0.0
 11
66.28129736695439
 21
222.9
 31
0.0
  0
LINE
  5
51D
330
17
100
AcDbEntity
  8
隐藏线
  6
HIDDEN
100
AcDbLine
 10
64.18243353011249
 20
222.9
 30
0.0
 11
65.22219646017723
 21
222.9
 31
0.0
  0
LINE
  5
51E
330
17
100
AcDbEntity
  8
隐藏线
  6
HIDDEN
100
AcDbLine
 10
63.16200857676017
 20
222.9
 30
0.0
 11
64.18243353011249
 21
222.9
 31
0.0
  0
LINE
  5
51F
330
17
100
AcDbEntity
  8
隐藏线
  6
HIDDEN
100
AcDbLine
 10
62.16092160012025
 20
222.9
 30
0.0
 11
63.16200857676017
 21
222.9
 31
0.0
  0
LINE
  5
520
330
17
100
AcDbEntity
  8
隐藏线
  6
HIDDEN
100
AcDbLine
 10
61.103432351330554
 20
222.9
 30
0.0
 11
62.16092160012025
 21
222.9
 31
0.0
  0
LINE
  5
521
330
17
100
AcDbEntity
  8
隐藏线
  6
HIDDEN
100
AcDbLine
 10
60.02783470847732
 20
222.9
 30
0.0
 11
61.103432351330554
 21
222.9
 31
0.0
  0
LINE
  5
522
330
17
100
AcDbEntity
  8
隐藏线
  6
HIDDEN
100
AcDbLine
 10
57.76121997881133
 20
222.9
 30
0.0
 11
60.02783470847732
 21
222.9
 31
0.0
  0
LINE
  5
523
330
17
100
AcDbEntity
  8
隐藏线
  6
HIDDEN
100
AcDbLine
 10
55.559787685685386
 20
222.9
 30
0.0
 11
57.76121997881133
 21
222.9
 31
0.0
  0
LINE
  5
524
330
17
100
AcDbEntity
  8
隐藏线
  6
HIDDEN
100
AcDbLine
 10
53.269514145335464
 20
222.9
 30
0.0
 11
55.559787685685386
 21
222.9
 31
0.0
  0
LINE
  5
525
330
17
100
AcDbEntity
  8
隐藏线
  6
HIDDEN
100
AcDbLine
 10
51.00469921443041
 20
222.9
 30
0.0
 11
53.269514145335464
 21
222.9
 31
0.0
  0
LINE
  5
526
330
17
100
AcDbEntity
  8
隐藏线
  6
HIDDEN
100
AcDbLine
 10
48.7895288240299
 20
222.9
 30
0.0
 11
51.00469921443041
 21
222.9
 31
0.0
  0
LINE
  5
527
330
17
100
AcDbEntity
  8
隐藏线
  6
HIDDEN
100
AcDbLine
 10
46.5130988852161
 20
222.9
 30
0.0
 11
48.7895288240299
 21
222.9
 31
0.0
  0
LINE
  5
528
330
17
100
AcDbEntity
  8
隐藏线
  6
HIDDEN
100
AcDbLine
 10
44.24748916622953
 20
222.9
 30
0.0
 11
46.5130988852161
 21
222.9
 31
0.0
  0
LINE
  5
529
330
17
100
AcDbEntity
  8
隐藏线
  6
HIDDEN
100
AcDbLine
 10
42.0
 20
222.9
 30
0.0
 11
44.24748916622953
 21
222.9
 31
0.0
  0
LINE
  5
52A
330
17
100
AcDbEntity
  8
隐藏线
  6
HIDDEN
100
AcDbLine
 10
12.0
 20
190.65304839999163
 30
0.0
 11
12.0
 21
192.9
 31
0.0
  0
LINE
  5
52B
330
17
100
AcDbEntity
  8
隐藏线
  6
HIDDEN
100
AcDbLine
 10
12.0
 20
190.65304839999163
 30
0.0
 11
12.000000000000004
 21
188.3872549362794
 31
0.0
  0
LINE
  5
52C
330
17
100
AcDbEntity
  8
隐藏线
  6
HIDDEN
100
AcDbLine
 10
12.000000000000004
 20
188.3872549362794
 30
0.0
 11
12.000000000000007
 21
186.11016636652195
 31
0.0
  0
LINE
  5
52D
330
17
100
AcDbEntity
  8
隐藏线
  6
HIDDEN
100
AcDbLine
 10
12.0
 20
183.8961488726062
 30
0.0
 11
12.000000000000007
 21
186.11016636652195
 31
0.0
  0
LINE
  5
52E
330
17
100
AcDbEntity
  8
隐藏线
  6
HIDDEN
100
AcDbLine
 10
11.999999999999996
 20
181.63100576946135
 30
0.0
 11
12.0
 21
183.8961488726062
 31
0.0
  0
LINE
  5
52F
330
17
100
AcDbEntity
  8
隐藏线
  6
HIDDEN
100
AcDbLine
 10
11.999999999999996
 20
179.33961098831162
 30
0.0
 11
11.999999999999996
 21
181.63100576946135
 31
0.0
  0
LINE
  5
530
330
17
100
AcDbEntity
  8
隐藏线
  6
HIDDEN
100
AcDbLine
 10
11.999999999999996
 20
177.1392392613493
 30
0.0
 11
11.999999999999996
 21
179.33961098831162
 31
0.0
  0
LINE
  5
531
330
17
100
AcDbEntity
  8
隐藏线
  6
HIDDEN
100
AcDbLine
 10
11.999999999999993
 20
174.8721676175087
 30
0.0
 11
11.999999999999996
 21
177.1392392613493
 31
0.0
  0
LINE
  5
532
330
17
100
AcDbEntity
  8
隐藏线
  6
HIDDEN
100
AcDbLine
 10
11.999999999999993
 20
174.8721676175087
 30
0.0
 11
11.999999999999996
 21
173.79607692685073
 31
0.0
  0
LINE
  5
533
330
17
100
AcDbEntity
  8
隐藏线
  6
HIDDEN
100
AcDbLine
 10
11.999999999999996
 20
173.79607692685073
 30
0.0
 11
12.0
 21
172.73836222141136
 31
0.0
  0
LINE
  5
534
330
17
100
AcDbEntity
  8
隐藏线
  6
HIDDEN
100
AcDbLine
 10
12.0
 20
172.73836222141136
 30
0.0
 11
12.000000000000004
 21
171.73783952495
 31
0.0
  0
LINE
  5
535
330
17
100
AcDbEntity
  8
隐藏线
  6
HIDDEN
100
AcDbLine
 10
12.000000000000004
 20
170.71780088493603
 30
0.0
 11
12.000000000000004
 21
171.73783952495
 31
0.0
  0
LINE
  5
536
330
17
100
AcDbEntity
  8
隐藏线
  6
HIDDEN
100
AcDbLine
 10
12.000000000000004
 20
169.67824630136946
 30
0.0
 11
12.000000000000004
 21
170.71780088493603
 31
0.0
  0
LINE
  5
537
330
17
100
AcDbEntity
  8
隐藏线
  6
HIDDEN
100
AcDbLine
 10
12.000000000000004
 20
168.61917577425027
 30
0.0
 11
12.000000000000004
 21
169.67824630136946
 31
0.0
  0
LINE
  5
538
330
17
100
AcDbEntity
  8
隐藏线
  6
HIDDEN
100
AcDbLine
 10
12.0
 20
167.54058930357849
 30
0.0
 11
12.000000000000004
 21
168.61917577425027
 31
0.0
  0
LINE
  5
539
330
17
100
AcDbEntity
  8
隐藏线
  6
HIDDEN
100
AcDbLine
 10
12.0
 20
166.44248688935411
 30
0.0
 11
12.0
 21
167.54058930357849
 31
0.0
  0
LINE
  5
53A
330
17
100
AcDbEntity
  8
隐藏线
  6
HIDDEN
100
AcDbLine
 10
15.542486889354098
 20
162.9
 30
0.0
 11
16.640263749556063
 21
162.9
 31
0.0
  0
LINE
  5
53B
330
17
100
AcDbEntity
  8
隐藏线
  6
HIDDEN
100
AcDbLine
 10
16.640263749556063
 20
162.9
 30
0.0
 11
17.718702633045616
 21
162.9
 31
0.0
  0
LINE
  5
53C
330
17
100
AcDbEntity
  8
隐藏线
  6
HIDDEN
100
AcDbLine
 10
17.718702633045616
 20
162.9
 30
0.0
 11
18.777803539822767
 21
162.9
 31
0.0
  0
LINE
  5
53D
330
17
100
AcDbEntity
  8
隐藏线
  6
HIDDEN
100
AcDbLine
 10
18.777803539822767
 20
162.9
 30
0.0
 11
19.817566469887502
 21
162.9
 31
0.0
  0
LINE
  5
53E
330
17
100
AcDbEntity
  8
隐藏线
  6
HIDDEN
100
AcDbLine
 10
19.817566469887502
 20
162.9
 30
0.0
 11
20.837991423239828
 21
162.9
 31
0.0
  0
LINE
  5
53F
330
17
100
AcDbEntity
  8
隐藏线
  6
HIDDEN
100
AcDbLine
 10
20.837991423239828
 20
162.9
 30
0.0
 11
21.839078399879757
 21
162.9
 31
0.0
  0
LINE
  5
540
330
17
100
AcDbEntity
  8
隐藏线
  6
HIDDEN
100
AcDbLine
 10
21.839078399879757
 20
162.9
 30
0.0
 11
22.896567648669453
 21
162.9
 31
0.0
  0
LINE
  5
541
330
17
100
AcDbEntity
  8
隐藏线
  6
HIDDEN
100
AcDbLine
 10
22.896567648669453
 20
162.9
 30
0.0
 11
23.97216529152268
 21
162.9
 31
0.0
  0
LINE
  5
542
330
17
100
AcDbEntity
  8
隐藏线
  6
HIDDEN
100
AcDbLine
 10
23.97216529152268
 20
162.9
 30
0.0
 11
26.238780021188667
 21
162.9
 31
0.0
  0
LINE
  5
543
330
17
100
AcDbEntity
  8
隐藏线
  6
HIDDEN
100
AcDbLine
 10
26.238780021188667
 20
162.9
 30
0.0
 11
28.440212314314614
 21
162.9
 31
0.0
  0
LINE
  5
544
330
17
100
AcDbEntity
  8
隐藏线
  6
HIDDEN
100
AcDbLine
 10
28.440212314314614
 20
162.9
 30
0.0
 11
30.73048585466454
 21
162.9
 31
0.0
  0
LINE
  5
545
330
17
100
AcDbEntity
  8
隐藏线
  6
HIDDEN
100
AcDbLine
 10
30.73048585466454
 20
162.9
 30
0.0
 11
32.99530078556959
 21
162.9
 31
0.0
  0
LINE
  5
546
330
17
100
AcDbEntity
  8
隐藏线
  6
HIDDEN
100
AcDbLine
 10
32.99530078556959
 20
162.9
 30
0.0
 11
35.2104711759701
 21
162.9
 31
0.0
  0
LINE
  5
547
330
17
100
AcDbEntity
  8
隐藏线
  6
HIDDEN
100
AcDbLine
 10
35.2104711759701
 20
162.9
 30
0.0
 11
37.4869011147839
 21
162.9
 31
0.0
  0
LINE
  5
548
330
17
100
AcDbEntity
  8
隐藏线
  6
HIDDEN
100
AcDbLine
 10
37.4869011147839
 20
162.9
 30
0.0
 11
39.75251083377047
 21
162.9
 31
0.0
  0
LINE
  5
549
330
17
100
AcDbEntity
  8
隐藏线
  6
HIDDEN
100
AcDbLine
 10
39.75251083377047
 20
162.9
 30
0.0
 11
42.0
 21
162.9
 31
0.0
  0
LINE
  5
54A
330
17
100
AcDbEntity
  8
隐藏线
  6
HIDDEN
100
AcDbLine
 10
39.7530483998654
 20
222.9
 30
0.0
 11
42.0
 21
222.9
 31
0.0
  0
LINE
  5
54B
330
17
100
AcDbEntity
  8
隐藏线
  6
HIDDEN
100
AcDbLine
 10
37.4872549362334
 20
222.9
 30
0.0
 11
39.7530483998654
 21
222.9
 31
0.0
  0
LINE
  5
54C
330
17
100
AcDbEntity
  8
隐藏线
  6
HIDDEN
100
AcDbLine
 10
35.210166366666364
 20
222.9
 30
0.0
 11
37.4872549362334
 21
222.9
 31
0.0
  0
LINE
  5
54D
330
17
100
AcDbEntity
  8
隐藏线
  6
HIDDEN
100
AcDbLine
 10
32.99614887225617
 20
222.9
 30
0.0
 11
35.210166366666364
 21
222.9
 31
0.0
  0
LINE
  5
54E
330
17
100
AcDbEntity
  8
隐藏线
  6
HIDDEN
100
AcDbLine
 10
30.73100576925834
 20
222.9
 30
0.0
 11
32.99614887225617
 21
222.9
 31
0.0
  0
LINE
  5
54F
330
17
100
AcDbEntity
  8
隐藏线
  6
HIDDEN
100
AcDbLine
 10
28.43961098858822
 20
222.9
 30
0.0
 11
30.73100576925834
 21
222.9
 31
0.0
  0
LINE
  5
550
330
17
100
AcDbEntity
  8
隐藏线
  6
HIDDEN
100
AcDbLine
 10
26.239239261137786
 20
222.9
 30
0.0
 11
28.43961098858822
 21
222.9
 31
0.0
  0
LINE
  5
551
330
17
100
AcDbEntity
  8
隐藏线
  6
HIDDEN
100
AcDbLine
 10
23.972167617508436
 20
222.9
 30
0.0
 11
26.239239261137786
 21
222.9
 31
0.0
  0
LINE
  5
552
330
17
100
AcDbEntity
  8
隐藏线
  6
HIDDEN
100
AcDbLine
 10
22.896076927077797
 20
222.9
 30
0.0
 11
23.972167617508436
 21
222.9
 31
0.0
  0
LINE
  5
553
330
17
100
AcDbEntity
  8
隐藏线
  6
HIDDEN
100
AcDbLine
 10
21.838362221768747
 20
222.9
 30
0.0
 11
22.896076927077797
 21
222.9
 31
0.0
  0
LINE
  5
554
330
17
100
AcDbEntity
  8
隐藏线
  6
HIDDEN
100
AcDbLine
 10
20.83783952511711
 20
222.9
 30
0.0
 11
21.838362221768747
 21
222.9
 31
0.0
  0
LINE
  5
555
330
17
100
AcDbEntity
  8
隐藏线
  6
HIDDEN
100
AcDbLine
 10
19.817800884965152
 20
222.9
 30
0.0
 11
20.83783952511711
 21
222.9
 31
0.0
  0
LINE
  5
556
330
17
100
AcDbEntity
  8
隐藏线
  6
HIDDEN
100
AcDbLine
 10
18.778246301312866
 20
222.9
 30
0.0
 11
19.817800884965152
 21
222.9
 31
0.0
  0
LINE
  5
557
330
17
100
AcDbEntity
  8
隐藏线
  6
HIDDEN
100
AcDbLine
 10
17.719175774160263
 20
222.9
 30
0.0
 11
18.778246301312866
 21
222.9
 31
0.0
  0
LINE
  5
558
330
17
100
AcDbEntity
  8
隐藏线
  6
HIDDEN
100
AcDbLine
 10
16.64058930350734
 20
222.9
 30
0.0
 11
17.719175774160263
 21
222.9
 31
0.0
  0
LINE
  5
559
330
17
100
AcDbEntity
  8
隐藏线
  6
HIDDEN
100
AcDbLine
 10
15.542486889354098
 20
222.9
 30
0.0
 11
16.64058930350734
 21
222.9
 31
0.0
  0
LINE
  5
55A
330
17
100
AcDbEntity
  8
隐藏线
  6
HIDDEN
100
AcDbLine
 10
12.0
 20
219.3575131106459
 30
0.0
 11
12.000000000000004
 21
218.25973625060817
 31
0.0
  0
LINE
  5
55B
330
17
100
AcDbEntity
  8
隐藏线
  6
HIDDEN
100
AcDbLine
 10
12.000000000000004
 20
218.25973625060817
 30
0.0
 11
12.000000000000007
 21
217.1812973672232
 31
0.0
  0
LINE
  5
55C
330
17
100
AcDbEntity
  8
隐藏线
  6
HIDDEN
100
AcDbLine
 10
12.000000000000007
 20
217.1812973672232
 30
0.0
 11
12.00000000000001
 21
216.12219646049104
 31
0.0
  0
LINE
  5
55D
330
17
100
AcDbEntity
  8
隐藏线
  6
HIDDEN
100
AcDbLine
 10
12.00000000000001
 20
216.12219646049104
 30
0.0
 11
12.000000000000014
 21
215.08243353041163
 31
0.0
  0
LINE
  5
55E
330
17
100
AcDbEntity
  8
隐藏线
  6
HIDDEN
100
AcDbLine
 10
12.000000000000007
 20
214.06200857698502
 30
0.0
 11
12.000000000000014
 21
215.08243353041163
 31
0.0
  0
LINE
  5
55F
330
17
100
AcDbEntity
  8
隐藏线
  6
HIDDEN
100
AcDbLine
 10
12.000000000000007
 20
214.06200857698502
 30
0.0
 11
12.00000000000001
 21
213.0609216002112
 31
0.0
  0
LINE
  5
560
330
17
100
AcDbEntity
  8
隐藏线
  6
HIDDEN
100
AcDbLine
 10
12.00000000000001
 20
212.003432351352
 30
0.0
 11
12.00000000000001
 21
213.0609216002112
 31
0.0
  0
LINE
  5
561
330
17
100
AcDbEntity
  8
隐藏线
  6
HIDDEN
100
AcDbLine
 10
12.000000000000007
 20
210.9278347084791
 30
0.0
 11
12.00000000000001
 21
212.003432351352
 31
0.0
  0
LINE
  5
562
330
17
100
AcDbEntity
  8
隐藏线
  6
HIDDEN
100
AcDbLine
 10
12.000000000000007
 20
210.9278347084791
 30
0.0
 11
12.00000000000001
 21
208.66121997879486
 31
0.0
  0
LINE
  5
563
330
17
100
AcDbEntity
  8
隐藏线
  6
HIDDEN
100
AcDbLine
 10
12.000000000000004
 20
206.45978768571092
 30
0.0
 11
12.00000000000001
 21
208.66121997879486
 31
0.0
  0
LINE
  5
564
330
17
100
AcDbEntity
  8
隐藏线
  6
HIDDEN
100
AcDbLine
 10
12.000000000000004
 20
206.45978768571092
 30
0.0
 11
12.00000000000001
 21
204.16951414521526
 31
0.0
  0
LINE
  5
565
330
17
100
AcDbEntity
  8
隐藏线
  6
HIDDEN
100
AcDbLine
 10
12.00000000000001
 20
204.16951414521526
 30
0.0
 11
12.000000000000014
 21
201.90469921428485
 31
0.0
  0
LINE
  5
566
330
17
100
AcDbEntity
  8
隐藏线
  6
HIDDEN
100
AcDbLine
 10
12.000000000000004
 20
199.68952882403136
 30
0.0
 11
12.000000000000014
 21
201.90469921428485
 31
0.0
  0
LINE
  5
567
330
17
100
AcDbEntity
  8
隐藏线
  6
HIDDEN
100
AcDbLine
 10
12.0
 20
197.4130988852905
 30
0.0
 11
12.000000000000004
 21
199.68952882403136
 31
0.0
  0
LINE
  5
568
330
17
100
AcDbEntity
  8
隐藏线
  6
HIDDEN
100
AcDbLine
 10
12.0
 20
197.4130988852905
 30
0.0
 11
12.000000000000004
 21
195.14748916629972
 31
0.0
  0
LINE
  5
569
330
17
100
AcDbEntity
  8
隐藏线
  6
HIDDEN
100
AcDbLine
 10
12.0
 20
192.9
 30
0.0
 11
12.000000000000004
 21
195.14748916629972
 31
0.0
  0
LINE
  5
56A
330
17
100
AcDbEntity
  8
隐藏线
  6
HIDDEN
100
AcDbLine
 10
40.0
 20
200.70000000000002
 30
0.0
 11
42.0
 21
200.70000000000002
 31
0.0
  0
LINE
  5
56B
330
17
100
AcDbEntity
  8
隐藏线
  6
HIDDEN
100
AcDbLine
 10
42.0
 20
200.70000000000002
 30
0.0
 11
44.0
 21
200.70000000000002
 31
0.0
  0
LINE
  5
56C
330
17
100
AcDbEntity
  8
隐藏线
  6
HIDDEN
100
AcDbLine
 10
44.0
 20
199.6284271247462
 30
0.0
 11
44.0
 21
200.70000000000002
 31
0.0
  0
LINE
  5
56D
330
17
100
AcDbEntity
  8
隐藏线
  6
HIDDEN
100
AcDbLine
 10
44.0
 20
199.6284271247462
 30
0.0
 11
44.0
 21
198.55685424949237
 31
0.0
  0
LINE
  5
56E
330
17
100
AcDbEntity
  8
隐藏线
  6
HIDDEN
100
AcDbLine
 10
40.0
 20
198.55685424949237
 30
0.0
 11
40.0
 21
199.6284271247462
 31
0.0
  0
LINE
  5
56F
330
17
100
AcDbEntity
  8
隐藏线
  6
HIDDEN
100
AcDbLine
 10
40.0
 20
199.6284271247462
 30
0.0
 11
40.0
 21
200.70000000000002
 31
0.0
  0
LINE
  5
570
330
17
100
AcDbEntity
  8
隐藏线
  6
HIDDEN
100
AcDbLine
 10
42.0
 20
162.9
 30
0.0
 11
68.4575131106459
 21
162.9
 31
0.0
  0
LINE
  5
571
330
17
100
AcDbEntity
  8
隐藏线
  6
HIDDEN
100
AcDbLine
 10
15.542486889354098
 20
162.9
 30
0.0
 11
42.0
 21
162.9
 31
0.0
  0
LINE
  5
572
330
17
100
AcDbEntity
  8
隐藏线
  6
HIDDEN
100
AcDbLine
 10
12.0
 20
166.44248688935411
 30
0.0
 11
12.0
 21
192.9
 31
0.0
  0
LINE
  5
573
330
17
100
AcDbEntity
  8
隐藏线
  6
HIDDEN
100
AcDbLine
 10
12.0
 20
192.9
 30
0.0
 11
12.0
 21
219.3575131106459
 31
0.0
  0
LINE
  5
574
330
17
100
AcDbEntity
  8
隐藏线
  6
HIDDEN
100
AcDbLine
 10
15.542486889354098
 20
222.9
 30
0.0
 11
42.0
 21
222.9
 31
0.0
  0
LINE
  5
575
330
17
100
AcDbEntity
  8
隐藏线
  6
HIDDEN
100
AcDbLine
 10
42.0
 20
222.9
 30
0.0
 11
68.4575131106459
 21
222.9
 31
0.0
  0
LINE
  5
576
330
17
100
AcDbEntity
  8
隐藏线
  6
HIDDEN
100
AcDbLine
 10
72.0
 20
192.9
 30
0.0
 11
72.0
 21
219.3575131106459
 31
0.0
  0
LINE
  5
577
330
17
100
AcDbEntity
  8
隐藏线
  6
HIDDEN
100
AcDbLine
 10
72.0
 20
166.44248688935411
 30
0.0
 11
72.0
 21
192.9
 31
0.0
  0
LINE
  5
578
330
17
100
AcDbEntity
  8
隐藏线
  6
HIDDEN
100
AcDbLine
 10
57.0
 20
162.9
 30
0.0
 11
68.4575131106459
 21
162.9
 31
0.0
  0
LINE
  5
579
330
17
100
AcDbEntity
  8
隐藏线
  6
HIDDEN
100
AcDbLine
 10
42.0
 20
162.9
 30
0.0
 11
57.0
 21
162.9
 31
0.0
  0
LINE
  5
57A
330
17
100
AcDbEntity
  8
隐藏线
  6
HIDDEN
100
AcDbLine
 10
26.999999999999996
 20
162.9
 30
0.0
 11
42.0
 21
162.9
 31
0.0
  0
LINE
  5
57B
330
17
100
AcDbEntity
  8
隐藏线
  6
HIDDEN
100
AcDbLine
 10
15.542486889354098
 20
162.9
 30
0.0
 11
26.999999999999996
 21
162.9
 31
0.0
  0
LINE
  5
57C
330
17
100
AcDbEntity
  8
隐藏线
  6
HIDDEN
100
AcDbLine
 10
12.0
 20
166.44248688935411
 30
0.0
 11
12.0
 21
177.9
 31
0.0
  0
LINE
  5
57D
330
17
100
AcDbEntity
  8
隐藏线
  6
HIDDEN
100
AcDbLine
 10
12.0
 20
177.9
 30
0.0
 11
12.0
 21
192.9
 31
0.0
  0
LINE
  5
57E
330
17
100
AcDbEntity
  8
隐藏线
  6
HIDDEN
100
AcDbLine
 10
12.0
 20
192.9
 30
0.0
 11
12.0
 21
207.9
 31
0.0
  0
LINE
  5
57F
330
17
100
AcDbEntity
  8
隐藏线
  6
HIDDEN
100
AcDbLine
 10
12.0
 20
207.9
 30
0.0
 11
12.0
 21
219.3575131106459
 31
0.0
  0
LINE
  5
580
330
17
100
AcDbEntity
  8
隐藏线
  6
HIDDEN
100
AcDbLine
 10
15.542486889354098
 20
222.9
 30
0.0
 11
26.999999999999996
 21
222.9
 31
0.0
  0
LINE
  5
581
330
17
100
AcDbEntity
  8
隐藏线
  6
HIDDEN
100
AcDbLine
 10
26.999999999999996
 20
222.9
 30
0.0
 11
42.0
 21
222.9
 31
0.0
  0
LINE
  5
582
330
17
100
AcDbEntity
  8
隐藏线
  6
HIDDEN
100
AcDbLine
 10
42.0
 20
222.9
 30
0.0
 11
57.0
 21
222.9
 31
0.0
  0
LINE
  5
583
330
17
100
AcDbEntity
  8
隐藏线
  6
HIDDEN
100
AcDbLine
 10
57.0
 20
222.9
 30
0.0
 11
68.4575131106459
 21
222.9
 31
0.0
  0
LINE
  5
584
330
17
100
AcDbEntity
  8
隐藏线
  6
HIDDEN
100
AcDbLine
 10
72.0
 20
207.9
 30
0.0
 11
72.0
 21
219.3575131106459
 31
0.0
  0
LINE
  5
585
330
17
100
AcDbEntity
  8
隐藏线
  6
HIDDEN
100
AcDbLine
 10
72.0
 20
192.9
 30
0.0
 11
72.0
 21
207.9
 31
0.0
  0
LINE
  5
586
330
17
100
AcDbEntity
  8
隐藏线
  6
HIDDEN
100
AcDbLine
 10
72.0
 20
177.9
 30
0.0
 11
72.0
 21
192.9
 31
0.0
  0
LINE
  5
587
330
17
100
AcDbEntity
  8
隐藏线
  6
HIDDEN
100
AcDbLine
 10
72.0
 20
166.44248688935411
 30
0.0
 11
72.0
 21
177.9
 31
0.0
  0
CIRCLE
  5
588
330
17
100
AcDbEntity
  8
隐藏线
  6
HIDDEN
100
AcDbCircle
 10
17.25
 20
217.65
 30
0.0
 40
1.65
  0
CIRCLE
  5
589
330
17
100
AcDbEntity
  8
隐藏线
  6
HIDDEN
100
AcDbCircle
 10
17.25
 20
168.15
 30
0.0
 40
1.65
  0
CIRCLE
  5
58A
330
17
100
AcDbEntity
  8
隐藏线
  6
HIDDEN
100
AcDbCircle
 10
66.75
 20
168.15
 30
0.0
 40
1.65
  0
CIRCLE
  5
58B
330
17
100
AcDbEntity
  8
隐藏线
  6
HIDDEN
100
AcDbCircle
 10
66.75
 20
217.65
 30
0.0
 40
1.65
  0
CIRCLE
  5
58C
330
17
100
AcDbEntity
  8
隐藏线
  6
HIDDEN
100
AcDbCircle
 10
42.0
 20
192.9
 30
0.0
 40
25.0
  0
CIRCLE
  5
58D
330
17
100
AcDbEntity
  8
隐藏线
  6
HIDDEN
100
AcDbCircle
 10
42.0
 20
192.9
 30
0.0
 40
7.0
  0
CIRCLE
  5
58E
330
17
100
AcDbEntity
  8
隐藏线
  6
HIDDEN
100
AcDbCircle
 10
42.0
 20
192.9
 30
0.0
 40
16.0
  0
CIRCLE
  5
58F
330
17
100
AcDbEntity
  8
隐藏线
  6
HIDDEN
100
AcDbCircle
 10
42.0
 20
192.9
 30
0.0
 40
21.0
  0
CIRCLE
  5
590
330
17
100
AcDbEntity
  8
隐藏线
  6
HIDDEN
100
AcDbCircle
 10
42.0
 20
192.9
 30
0.0
 40
30.0
  0
CIRCLE
  5
591
330
17
100
AcDbEntity
  8
隐藏线
  6
HIDDEN
100
AcDbCircle
 10
42.0
 20
192.9
 30
0.0
 40
40.0
  0
CIRCLE
  5
592
330
17
100
AcDbEntity
  8
隐藏线
  6
HIDDEN
100
AcDbCircle
 10
42.0
 20
192.9
 30
0.0
 40
8.0
  0
CIRCLE
  5
593
330
17
100
AcDbEntity
  8
隐藏线
  6
HIDDEN
100
AcDbCircle
 10
42.0
 20
192.9
 30
0.0
 40
6.0
  0
CIRCLE
  5
594
330
17
100
AcDbEntity
  8
隐藏线
  6
HIDDEN
100
AcDbCircle
 10
42.0
 20
192.9
 30
0.0
 40
8.5
  0
CIRCLE
  5
595
330
17
100
AcDbEntity
  8
隐藏线
  6
HIDDEN
100
AcDbCircle
 10
17.25
 20
217.65
 30
0.0
 40
2.75
  0
CIRCLE
  5
596
330
17
100
AcDbEntity
  8
隐藏线
  6
HIDDEN
100
AcDbCircle
 10
66.75
 20
217.65
 30
0.0
 40
2.75
  0
CIRCLE
  5
597
330
17
100
AcDbEntity
  8
隐藏线
  6
HIDDEN
100
AcDbCircle
 10
66.75
 20
168.15
 30
0.0
 40
2.75
  0
CIRCLE
  5
598
330
17
100
AcDbEntity
  8
隐藏线
  6
HIDDEN
100
AcDbCircle
 10
17.25
 20
168.15
 30
0.0
 40
2.75
  0
LINE
  5
599
330
17
100
AcDbEntity
  8
可见轮廓
  6
CONTINUOUS
100
AcDbLine
 10
173.75304839999163
 20
23.48510170984354
 30
0.0
 11
176.0
 21
23.5
 31
0.0
  0
LINE
  5
59A
330
17
100
AcDbEntity
  8
可见轮廓
  6
CONTINUOUS
100
AcDbLine
 10
171.48725493627938
 20
23.440406839374162
 30
0.0
 11
173.75304839999163
 21
23.48510170984354
 31
0.0
  0
LINE
  5
59B
330
17
100
AcDbEntity
  8
可见轮廓
  6
CONTINUOUS
100
AcDbLine
 10
169.21016636652195
 20
23.366209272591092
 30
0.0
 11
171.48725493627938
 21
23.440406839374162
 31
0.0
  0
LINE
  5
59C
330
17
100
AcDbEntity
  8
可见轮廓
  6
CONTINUOUS
100
AcDbLine
 10
166.9961488726062
 20
23.26682988864401
 30
0.0
 11
169.21016636652195
 21
23.366209272591092
 31
0.0
  0
LINE
  5
59D
330
17
100
AcDbEntity
  8
可见轮廓
  6
CONTINUOUS
100
AcDbLine
 10
164.73100576946135
 20
23.139058415823722
 30
0.0
 11
166.9961488726062
 21
23.26682988864401
 31
0.0
  0
LINE
  5
59E
330
17
100
AcDbEntity
  8
可见轮廓
  6
CONTINUOUS
100
AcDbLine
 10
162.43961098831164
 20
22.984705243040317
 30
0.0
 11
164.73100576946135
 21
23.139058415823722
 31
0.0
  0
LINE
  5
59F
330
17
100
AcDbEntity
  8
可见轮廓
  6
CONTINUOUS
100
AcDbLine
 10
160.2392392613493
 20
22.814492996887626
 30
0.0
 11
162.43961098831164
 21
22.984705243040317
 31
0.0
  0
LINE
  5
5A0
330
17
100
AcDbEntity
  8
可见轮廓
  6
CONTINUOUS
100
AcDbLine
 10
157.9721676175087
 20
22.618587377695867
 30
0.0
 11
160.2392392613493
 21
22.814492996887626
 31
0.0
  0
LINE
  5
5A1
330
17
100
AcDbEntity
  8
可见轮廓
  6
CONTINUOUS
100
AcDbLine
 10
156.89607692685072
 20
22.518817066700386
 30
0.0
 11
157.9721676175087
 21
22.618587377695867
 31
0.0
  0
LINE
  5
5A2
330
17
100
AcDbEntity
  8
可见轮廓
  6
CONTINUOUS
100
AcDbLine
 10
155.83836222141136
 20
22.416724298554243
 30
0.0
 11
156.89607692685072
 21
22.518817066700386
 31
0.0
  0
LINE
  5
5A3
330
17
100
AcDbEntity
  8
可见轮廓
  6
CONTINUOUS
100
AcDbLine
 10
154.83783952495
 20
22.316622505330304
 30
0.0
 11
155.83836222141136
 21
22.416724298554243
 31
0.0
  0
LINE
  5
5A4
330
17
100
AcDbEntity
  8
可见轮廓
  6
CONTINUOUS
100
AcDbLine
 10
153.81780088493602
 20
22.211228489020016
 30
0.0
 11
154.83783952495
 21
22.316622505330304
 31
0.0
  0
LINE
  5
5A5
330
17
100
AcDbEntity
  8
可见轮廓
  6
CONTINUOUS
100
AcDbLine
 10
152.77824630136945
 20
22.100542249623377
 30
0.0
 11
153.81780088493602
 21
22.211228489020016
 31
0.0
  0
LINE
  5
5A6
330
17
100
AcDbEntity
  8
可见轮廓
  6
CONTINUOUS
100
AcDbLine
 10
151.71917577425026
 20
21.984563787140385
 30
0.0
 11
152.77824630136945
 21
22.100542249623377
 31
0.0
  0
LINE
  5
5A7
330
17
100
AcDbEntity
  8
可见轮廓
  6
CONTINUOUS
100
AcDbLine
 10
150.64058930357848
 20
21.863293101571045
 30
0.0
 11
151.71917577425026
 21
21.984563787140385
 31
0.0
  0
LINE
  5
5A8
330
17
100
AcDbEntity
  8
可见轮廓
  6
CONTINUOUS
100
AcDbLine
 10
149.5424868893541
 20
21.73673019291535
 30
0.0
 11
150.64058930357848
 21
21.863293101571045
 31
0.0
  0
LINE
  5
5A9
330
17
100
AcDbEntity
  8
可见轮廓
  6
CONTINUOUS
100
AcDbLine
 10
173.06027093339662
 20
23.5
 30
0.0
 11
176.0
 21
23.5
 31
0.0
  0
LINE
  5
5AA
330
17
100
AcDbEntity
  8
可见轮廓
  6
CONTINUOUS
100
AcDbLine
 10
170.14959264108424
 20
23.5
 30
0.0
 11
173.06027093339662
 21
23.5
 31
0.0
  0
LINE
  5
5AB
330
17
100
AcDbEntity
  8
可见轮廓
  6
CONTINUOUS
100
AcDbLine
 10
167.29410802827715
 20
23.5
 30
0.0
 11
170.14959264108424
 21
23.5
 31
0.0
  0
LINE
  5
5AC
330
17
100
AcDbEntity
  8
可见轮廓
  6
CONTINUOUS
100
AcDbLine
 10
164.5194970290473
 20
23.5
 30
0.0
 11
167.29410802827715
 21
23.5
 31
0.0
  0
LINE
  5
5AD
330
17
100
AcDbEntity
  8
可见轮廓
  6
CONTINUOUS
100
AcDbLine
 10
161.8621969967504
 20
23.5
 30
0.0
 11
164.5194970290473
 21
23.5
 31
0.0
  0
LINE
  5
5AE
330
17
100
AcDbEntity
  8
可见轮廓
  6
CONTINUOUS
100
AcDbLine
 10
159.33944940957286
 20
23.5
 30
0.0
 11
161.8621969967504
 21
23.5
 31
0.0
  0
LINE
  5
5AF
330
17
100
AcDbEntity
  8
可见轮廓
  6
CONTINUOUS
100
AcDbLine
 10
156.97388012353846
 20
23.5
 30
0.0
 11
159.33944940957286
 21
23.5
 31
0.0
  0
LINE
  5
5B0
330
17
100
AcDbEntity
  8
可见轮廓
  6
CONTINUOUS
100
AcDbLine
 10
154.78679656440357
 20
23.5
 30
0.0
 11
156.97388012353846
 21
23.5
 31
0.0
  0
LINE
  5
5B1
330
17
100
AcDbEntity
  8
可见轮廓
  6
CONTINUOUS
100
AcDbLine
 10
152.8164754078456
 20
23.5
 30
0.0
 11
154.78679656440357
 21
23.5
 31
0.0
  0
LINE
  5
5B2
330
17
100
AcDbEntity
  8
可见轮廓
  6
CONTINUOUS
100
AcDbLine
 10
151.06572397718685
 20
23.5
 30
0.0
 11
152.8164754078456
 21
23.5
 31
0.0
  0
LINE
  5
5B3
330
17
100
AcDbEntity
  8
可见轮廓
  6
CONTINUOUS
100
AcDbLine
 10
149.5502064977849
 20
23.5
 30
0.0
 11
151.06572397718685
 21
23.5
 31
0.0
  0
LINE
  5
5B4
330
17
100
AcDbEntity
  8
可见轮廓
  6
CONTINUOUS
100
AcDbLine
 10
148.2836140246614
 20
23.5
 30
0.0
 11
149.5502064977849
 21
23.5
 31
0.0
  0
LINE
  5
5B5
330
17
100
AcDbEntity
  8
可见轮廓
  6
CONTINUOUS
100
AcDbLine
 10
147.30023527892251
 20
23.5
 30
0.0
 11
148.2836140246614
 21
23.5
 31
0.0
  0
LINE
  5
5B6
330
17
100
AcDbEntity
  8
可见轮廓
  6
CONTINUOUS
100
AcDbLine
 10
146.5880160394991
 20
23.5
 30
0.0
 11
147.30023527892251
 21
23.5
 31
0.0
  0
LINE
  5
5B7
330
17
100
AcDbEntity
  8
可见轮廓
  6
CONTINUOUS
100
AcDbLine
 10
146.15327416476842
 20
23.5
 30
0.0
 11
146.5880160394991
 21
23.5
 31
0.0
  0
LINE
  5
5B8
330
17
100
AcDbEntity
  8
可见轮廓
  6
CONTINUOUS
100
AcDbLine
 10
146.0
 20
23.5
 30
0.0
 11
146.15327416476842
 21
23.5
 31
0.0
  0
LINE
  5
5B9
330
17
100
AcDbEntity
  8
可见轮廓
  6
CONTINUOUS
100
AcDbLine
 10
146.0
 20
21.8632546841593
 30
0.0
 11
146.0
 21
21.73673019291535
 31
0.0
  0
LINE
  5
5BA
330
17
100
AcDbEntity
  8
可见轮廓
  6
CONTINUOUS
100
AcDbLine
 10
146.0
 20
21.8632546841593
 30
0.0
 11
146.0
 21
21.984506811946044
 31
0.0
  0
LINE
  5
5BB
330
17
100
AcDbEntity
  8
可见轮廓
  6
CONTINUOUS
100
AcDbLine
 10
146.0
 20
21.984506811946044
 30
0.0
 11
146.0
 21
22.100486576275582
 31
0.0
  0
LINE
  5
5BC
330
17
100
AcDbEntity
  8
可见轮廓
  6
CONTINUOUS
100
AcDbLine
 10
146.0
 20
22.100486576275582
 30
0.0
 11
146.0
 21
22.21119397714791
 31
0.0
  0
LINE
  5
5BD
330
17
100
AcDbEntity
  8
可见轮廓
  6
CONTINUOUS
100
AcDbLine
 10
146.0
 20
22.316629014563034
 30
0.0
 11
146.0
 21
22.21119397714791
 31
0.0
  0
LINE
  5
5BE
330
17
100
AcDbEntity
  8
可见轮廓
  6
CONTINUOUS
100
AcDbLine
 10
146.0
 20
22.316629014563034
 30
0.0
 11
146.0
 21
22.416791688520952
 31
0.0
  0
LINE
  5
5BF
330
17
100
AcDbEntity
  8
可见轮廓
  6
CONTINUOUS
100
AcDbLine
 10
146.0
 20
22.416791688520952
 30
0.0
 11
146.0
 21
22.518869502703772
 31
0.0
  0
LINE
  5
5C0
330
17
100
AcDbEntity
  8
可见轮廓
  6
CONTINUOUS
100
AcDbLine
 10
146.0
 20
22.618594160290233
 30
0.0
 11
146.0
 21
22.518869502703772
 31
0.0
  0
LINE
  5
5C1
330
17
100
AcDbEntity
  8
可见轮廓
  6
CONTINUOUS
100
AcDbLine
 10
146.0
 20
22.618594160290233
 30
0.0
 11
146.0
 21
22.814450284581987
 31
0.0
  0
LINE
  5
5C2
330
17
100
AcDbEntity
  8
可见轮廓
  6
CONTINUOUS
100
AcDbLine
 10
146.0
 20
22.984745163379543
 30
0.0
 11
146.0
 21
22.814450284581987
 31
0.0
  0
LINE
  5
5C3
330
17
100
AcDbEntity
  8
可见轮廓
  6
CONTINUOUS
100
AcDbLine
 10
146.0
 20
22.984745163379543
 30
0.0
 11
146.0
 21
23.139034308093677
 31
0.0
  0
LINE
  5
5C4
330
17
100
AcDbEntity
  8
可见轮廓
  6
CONTINUOUS
100
AcDbLine
 10
146.0
 20
23.139034308093677
 30
0.0
 11
146.0
 21
23.266779440867445
 31
0.0
  0
LINE
  5
5C5
330
17
100
AcDbEntity
  8
可见轮廓
  6
CONTINUOUS
100
AcDbLine
 10
146.0
 20
23.36621863191146
 30
0.0
 11
146.0
 21
23.266779440867445
 31
0.0
  0
LINE
  5
5C6
330
17
100
AcDbEntity
  8
可见轮廓
  6
CONTINUOUS
100
AcDbLine
 10
146.0
 20
23.36621863191146
 30
0.0
 11
146.0
 21
23.44041506924176
 31
0.0
  0
LINE
  5
5C7
330
17
100
AcDbEntity
  8
可见轮廓
  6
CONTINUOUS
100
AcDbLine
 10
146.0
 20
23.48510376731044
 30
0.0
 11
146.0
 21
23.44041506924176
 31
0.0
  0
LINE
  5
5C8
330
17
100
AcDbEntity
  8
可见轮廓
  6
CONTINUOUS
100
AcDbLine
 10
146.0
 20
23.48510376731044
 30
0.0
 11
146.0
 21
23.5
 31
0.0
  0
LINE
  5
5C9
330
17
100
AcDbEntity
  8
可见轮廓
  6
CONTINUOUS
100
AcDbLine
 10
149.30836135620493
 20
21.73673019291535
 30
0.0
 11
149.5424868893541
 21
21.73673019291535
 31
0.0
  0
LINE
  5
5CA
330
17
100
AcDbEntity
  8
可见轮廓
  6
CONTINUOUS
100
AcDbLine
 10
149.07584074623938
 20
21.73673019291535
 30
0.0
 11
149.30836135620493
 21
21.73673019291535
 31
0.0
  0
LINE
  5
5CB
330
17
100
AcDbEntity
  8
可见轮廓
  6
CONTINUOUS
100
AcDbLine
 10
148.8449383661532
 20
21.73673019291535
 30
0.0
 11
149.07584074623938
 21
21.73673019291535
 31
0.0
  0
LINE
  5
5CC
330
17
100
AcDbEntity
  8
可见轮廓
  6
CONTINUOUS
100
AcDbLine
 10
148.61566743618778
 20
21.73673019291535
 30
0.0
 11
148.8449383661532
 21
21.73673019291535
 31
0.0
  0
LINE
  5
5CD
330
17
100
AcDbEntity
  8
可见轮廓
  6
CONTINUOUS
100
AcDbLine
 10
148.3881795490467
 20
21.73673019291535
 30
0.0
 11
148.61566743618778
 21
21.73673019291535
 31
0.0
  0
LINE
  5
5CE
330
17
100
AcDbEntity
  8
可见轮廓
  6
CONTINUOUS
100
AcDbLine
 10
148.1623518719702
 20
21.73673019291535
 30
0.0
 11
148.3881795490467
 21
21.73673019291535
 31
0.0
  0
LINE
  5
5CF
330
17
100
AcDbEntity
  8
可见轮廓
  6
CONTINUOUS
100
AcDbLine
 10
147.9381973284369
 20
21.73673019291535
 30
0.0
 11
148.1623518719702
 21
21.73673019291535
 31
0.0
  0
LINE
  5
5D0
330
17
100
AcDbEntity
  8
可见轮廓
  6
CONTINUOUS
100
AcDbLine
 10
147.7157287525381
 20
21.73673019291535
 30
0.0
 11
147.9381973284369
 21
21.73673019291535
 31
0.0
  0
LINE
  5
5D1
330
17
100
AcDbEntity
  8
可见轮廓
  6
CONTINUOUS
100
AcDbLine
 10
147.49510181607934
 20
21.73673019291535
 30
0.0
 11
147.7157287525381
 21
21.73673019291535
 31
0.0
  0
LINE
  5
5D2
330
17
100
AcDbEntity
  8
可见轮廓
  6
CONTINUOUS
100
AcDbLine
 10
147.2761887468851
 20
21.73673019291535
 30
0.0
 11
147.49510181607934
 21
21.73673019291535
 31
0.0
  0
LINE
  5
5D3
330
17
100
AcDbEntity
  8
可见轮廓
  6
CONTINUOUS
100
AcDbLine
 10
147.0590020725313
 20
21.73673019291535
 30
0.0
 11
147.2761887468851
 21
21.73673019291535
 31
0.0
  0
LINE
  5
5D4
330
17
100
AcDbEntity
  8
可见轮廓
  6
CONTINUOUS
100
AcDbLine
 10
146.84355422836086
 20
21.73673019291535
 30
0.0
 11
147.0590020725313
 21
21.73673019291535
 31
0.0
  0
LINE
  5
5D5
330
17
100
AcDbEntity
  8
可见轮廓
  6
CONTINUOUS
100
AcDbLine
 10
146.63000481247212
 20
21.73673019291535
 30
0.0
 11
146.84355422836086
 21
21.73673019291535
 31
0.0
  0
LINE
  5
5D6
330
17
100
AcDbEntity
  8
可见轮廓
  6
CONTINUOUS
100
AcDbLine
 10
146.4182212386965
 20
21.73673019291535
 30
0.0
 11
146.63000481247212
 21
21.73673019291535
 31
0.0
  0
LINE
  5
5D7
330
17
100
AcDbEntity
  8
可见轮廓
  6
CONTINUOUS
100
AcDbLine
 10
146.2082156264098
 20
21.73673019291535
 30
0.0
 11
146.4182212386965
 21
21.73673019291535
 31
0.0
  0
LINE
  5
5D8
330
17
100
AcDbEntity
  8
可见轮廓
  6
CONTINUOUS
100
AcDbLine
 10
146.0
 20
21.73673019291535
 30
0.0
 11
146.2082156264098
 21
21.73673019291535
 31
0.0
  0
LINE
  5
5D9
330
17
100
AcDbEntity
  8
可见轮廓
  6
CONTINUOUS
100
AcDbLine
 10
206.0
 20
23.48510170984449
 30
0.0
 11
206.0
 21
23.5
 31
0.0
  0
LINE
  5
5DA
330
17
100
AcDbEntity
  8
可见轮廓
  6
CONTINUOUS
100
AcDbLine
 10
206.0
 20
23.48510170984449
 30
0.0
 11
206.0
 21
23.440406839377953
 31
0.0
  0
LINE
  5
5DB
330
17
100
AcDbEntity
  8
可见轮廓
  6
CONTINUOUS
100
AcDbLine
 10
206.0
 20
23.366209272596016
 30
0.0
 11
206.0
 21
23.440406839377953
 31
0.0
  0
LINE
  5
5DC
330
17
100
AcDbEntity
  8
可见轮廓
  6
CONTINUOUS
100
AcDbLine
 10
206.0
 20
23.366209272596016
 30
0.0
 11
206.0
 21
23.266829888626884
 31
0.0
  0
LINE
  5
5DD
330
17
100
AcDbEntity
  8
可见轮廓
  6
CONTINUOUS
100
AcDbLine
 10
206.0
 20
23.13905841581809
 30
0.0
 11
206.0
 21
23.266829888626884
 31
0.0
  0
LINE
  5
5DE
330
17
100
AcDbEntity
  8
可见轮廓
  6
CONTINUOUS
100
AcDbLine
 10
206.0
 20
23.13905841581809
 30
0.0
 11
206.0
 21
22.984705243058098
 31
0.0
  0
LINE
  5
5DF
330
17
100
AcDbEntity
  8
可见轮廓
  6
CONTINUOUS
100
AcDbLine
 10
206.0
 20
22.814492996864924
 30
0.0
 11
206.0
 21
22.984705243058098
 31
0.0
  0
LINE
  5
5E0
330
17
100
AcDbEntity
  8
可见轮廓
  6
CONTINUOUS
100
AcDbLine
 10
206.0
 20
22.61858737769655
 30
0.0
 11
206.0
 21
22.814492996864924
 31
0.0
  0
LINE
  5
5E1
330
17
100
AcDbEntity
  8
可见轮廓
  6
CONTINUOUS
100
AcDbLine
 10
206.0
 20
22.61858737769655
 30
0.0
 11
206.0
 21
22.51881706672336
 31
0.0
  0
LINE
  5
5E2
330
17
100
AcDbEntity
  8
可见轮廓
  6
CONTINUOUS
100
AcDbLine
 10
206.0
 20
22.41672429858845
 30
0.0
 11
206.0
 21
22.51881706672336
 31
0.0
  0
LINE
  5
5E3
330
17
100
AcDbEntity
  8
可见轮廓
  6
CONTINUOUS
100
AcDbLine
 10
206.0
 20
22.316622505344604
 30
0.0
 11
206.0
 21
22.41672429858845
 31
0.0
  0
LINE
  5
5E4
330
17
100
AcDbEntity
  8
可见轮廓
  6
CONTINUOUS
100
AcDbLine
 10
206.0
 20
22.211228489020087
 30
0.0
 11
206.0
 21
22.316622505344604
 31
0.0
  0
LINE
  5
5E5
330
17
100
AcDbEntity
  8
可见轮廓
  6
CONTINUOUS
100
AcDbLine
 10
206.0
 20
22.100542249614904
 30
0.0
 11
206.0
 21
22.211228489020087
 31
0.0
  0
LINE
  5
5E6
330
17
100
AcDbEntity
  8
可见轮廓
  6
CONTINUOUS
100
AcDbLine
 10
206.0
 20
21.984563787129055
 30
0.0
 11
206.0
 21
22.100542249614904
 31
0.0
  0
LINE
  5
5E7
330
17
100
AcDbEntity
  8
可见轮廓
  6
CONTINUOUS
100
AcDbLine
 10
206.0
 20
21.863293101562537
 30
0.0
 11
206.0
 21
21.984563787129055
 31
0.0
  0
LINE
  5
5E8
330
17
100
AcDbEntity
  8
可见轮廓
  6
CONTINUOUS
100
AcDbLine
 10
206.0
 20
21.73673019291535
 30
0.0
 11
206.0
 21
21.863293101562537
 31
0.0
  0
LINE
  5
5E9
330
17
100
AcDbEntity
  8
可见轮廓
  6
CONTINUOUS
100
AcDbLine
 10
205.84672583523158
 20
23.5
 30
0.0
 11
206.0
 21
23.5
 31
0.0
  0
LINE
  5
5EA
330
17
100
AcDbEntity
  8
可见轮廓
  6
CONTINUOUS
100
AcDbLine
 10
205.4119839605009
 20
23.5
 30
0.0
 11
205.84672583523158
 21
23.5
 31
0.0
  0
LINE
  5
5EB
330
17
100
AcDbEntity
  8
可见轮廓
  6
CONTINUOUS
100
AcDbLine
 10
204.69976472107749
 20
23.5
 30
0.0
 11
205.4119839605009
 21
23.5
 31
0.0
  0
LINE
  5
5EC
330
17
100
AcDbEntity
  8
可见轮廓
  6
CONTINUOUS
100
AcDbLine
 10
203.7163859753386
 20
23.5
 30
0.0
 11
204.69976472107749
 21
23.5
 31
0.0
  0
LINE
  5
5ED
330
17
100
AcDbEntity
  8
可见轮廓
  6
CONTINUOUS
100
AcDbLine
 10
202.4497935022151
 20
23.5
 30
0.0
 11
203.7163859753386
 21
23.5
 31
0.0
  0
LINE
  5
5EE
330
17
100
AcDbEntity
  8
可见轮廓
  6
CONTINUOUS
100
AcDbLine
 10
200.93427602281318
 20
23.5
 30
0.0
 11
202.4497935022151
 21
23.5
 31
0.0
  0
LINE
  5
5EF
330
17
100
AcDbEntity
  8
可见轮廓
  6
CONTINUOUS
100
AcDbLine
 10
199.1835245921544
 20
23.5
 30
0.0
 11
200.93427602281318
 21
23.5
 31
0.0
  0
LINE
  5
5F0
330
17
100
AcDbEntity
  8
可见轮廓
  6
CONTINUOUS
100
AcDbLine
 10
197.21320343559643
 20
23.5
 30
0.0
 11
199.1835245921544
 21
23.5
 31
0.0
  0
LINE
  5
5F1
330
17
100
AcDbEntity
  8
可见轮廓
  6
CONTINUOUS
100
AcDbLine
 10
195.02611987646154
 20
23.5
 30
0.0
 11
197.21320343559643
 21
23.5
 31
0.0
  0
LINE
  5
5F2
330
17
100
AcDbEntity
  8
可见轮廓
  6
CONTINUOUS
100
AcDbLine
 10
192.66055059042714
 20
23.5
 30
0.0
 11
195.02611987646154
 21
23.5
 31
0.0
  0
LINE
  5
5F3
330
17
100
AcDbEntity
  8
可见轮廓
  6
CONTINUOUS
100
AcDbLine
 10
190.1378030032496
 20
23.5
 30
0.0
 11
192.66055059042714
 21
23.5
 31
0.0
  0
LINE
  5
5F4
330
17
100
AcDbEntity
  8
可见轮廓
  6
CONTINUOUS
100
AcDbLine
 10
187.4805029709527
 20
23.5
 30
0.0
 11
190.1378030032496
 21
23.5
 31
0.0
  0
LINE
  5
5F5
330
17
100
AcDbEntity
  8
可见轮廓
  6
CONTINUOUS
100
AcDbLine
 10
184.70589197172285
 20
23.5
 30
0.0
 11
187.4805029709527
 21
23.5
 31
0.0
  0
LINE
  5
5F6
330
17
100
AcDbEntity
  8
可见轮廓
  6
CONTINUOUS
100
AcDbLine
 10
181.85040735891576
 20
23.5
 30
0.0
 11
184.70589197172285
 21
23.5
 31
0.0
  0
LINE
  5
5F7
330
17
100
AcDbEntity
  8
可见轮廓
  6
CONTINUOUS
100
AcDbLine
 10
178.93972906660338
 20
23.5
 30
0.0
 11
181.85040735891576
 21
23.5
 31
0.0
  0
LINE
  5
5F8
330
17
100
AcDbEntity
  8
可见轮廓
  6
CONTINUOUS
100
AcDbLine
 10
176.0
 20
23.5
 30
0.0
 11
178.93972906660338
 21
23.5
 31
0.0
  0
LINE
  5
5F9
330
17
100
AcDbEntity
  8
可见轮廓
  6
CONTINUOUS
100
AcDbLine
 10
201.35973625060817
 20
21.863254684140177
 30
0.0
 11
202.4575131106459
 21
21.73673019291535
 31
0.0
  0
LINE
  5
5FA
330
17
100
AcDbEntity
  8
可见轮廓
  6
CONTINUOUS
100
AcDbLine
 10
200.2812973672232
 20
21.984506811914784
 30
0.0
 11
201.35973625060817
 21
21.863254684140177
 31
0.0
  0
LINE
  5
5FB
330
17
100
AcDbEntity
  8
可见轮廓
  6
CONTINUOUS
100
AcDbLine
 10
199.22219646049103
 20
22.100486576239174
 30
0.0
 11
200.2812973672232
 21
21.984506811914784
 31
0.0
  0
LINE
  5
5FC
330
17
100
AcDbEntity
  8
可见轮廓
  6
CONTINUOUS
100
AcDbLine
 10
198.18243353041163
 20
22.211193977113346
 30
0.0
 11
199.22219646049103
 21
22.100486576239174
 31
0.0
  0
LINE
  5
5FD
330
17
100
AcDbEntity
  8
可见轮廓
  6
CONTINUOUS
100
AcDbLine
 10
197.16200857698504
 20
22.316629014537295
 30
0.0
 11
198.18243353041163
 21
22.211193977113346
 31
0.0
  0
LINE
  5
5FE
330
17
100
AcDbEntity
  8
可见轮廓
  6
CONTINUOUS
100
AcDbLine
 10
196.1609216002112
 20
22.416791688511026
 30
0.0
 11
197.16200857698504
 21
22.316629014537295
 31
0.0
  0
LINE
  5
5FF
330
17
100
AcDbEntity
  8
可见轮廓
  6
CONTINUOUS
100
AcDbLine
 10
195.10343235135196
 20
22.518869502704295
 30
0.0
 11
196.1609216002112
 21
22.416791688511026
 31
0.0
  0
LINE
  5
600
330
17
100
AcDbEntity
  8
可见轮廓
  6
CONTINUOUS
100
AcDbLine
 10
194.02783470847908
 20
22.618594160295363
 30
0.0
 11
195.10343235135196
 21
22.518869502704295
 31
0.0
  0
LINE
  5
601
330
17
100
AcDbEntity
  8
可见轮廓
  6
CONTINUOUS
100
AcDbLine
 10
191.76121997879486
 20
22.81445028459025
 30
0.0
 11
194.02783470847908
 21
22.618594160295363
 31
0.0
  0
LINE
  5
602
330
17
100
AcDbEntity
  8
可见轮廓
  6
CONTINUOUS
100
AcDbLine
 10
189.55978768571092
 20
22.984745163379095
 30
0.0
 11
191.76121997879486
 21
22.81445028459025
 31
0.0
  0
LINE
  5
603
330
17
100
AcDbEntity
  8
可见轮廓
  6
CONTINUOUS
100
AcDbLine
 10
187.26951414521525
 20
23.139034308095322
 30
0.0
 11
189.55978768571092
 21
22.984745163379095
 31
0.0
  0
LINE
  5
604
330
17
100
AcDbEntity
  8
可见轮廓
  6
CONTINUOUS
100
AcDbLine
 10
185.00469921428484
 20
23.266779440870284
 30
0.0
 11
187.26951414521525
 21
23.139034308095322
 31
0.0
  0
LINE
  5
605
330
17
100
AcDbEntity
  8
可见轮廓
  6
CONTINUOUS
100
AcDbLine
 10
182.78952882403135
 20
23.366218631911167
 30
0.0
 11
185.00469921428484
 21
23.266779440870284
 31
0.0
  0
LINE
  5
606
330
17
100
AcDbEntity
  8
可见轮廓
  6
CONTINUOUS
100
AcDbLine
 10
180.5130988852905
 20
23.440415069241425
 30
0.0
 11
182.78952882403135
 21
23.366218631911167
 31
0.0
  0
LINE
  5
607
330
17
100
AcDbEntity
  8
可见轮廓
  6
CONTINUOUS
100
AcDbLine
 10
178.24748916629972
 20
23.485103767310356
 30
0.0
 11
180.5130988852905
 21
23.440415069241425
 31
0.0
  0
LINE
  5
608
330
17
100
AcDbEntity
  8
可见轮廓
  6
CONTINUOUS
100
AcDbLine
 10
176.0
 20
23.5
 30
0.0
 11
178.24748916629972
 21
23.485103767310356
 31
0.0
  0
LINE
  5
609
330
17
100
AcDbEntity
  8
可见轮廓
  6
CONTINUOUS
100
AcDbLine
 10
205.7917843735902
 20
21.73673019291535
 30
0.0
 11
206.0
 21
21.73673019291535
 31
0.0
  0
LINE
  5
60A
330
17
100
AcDbEntity
  8
可见轮廓
  6
CONTINUOUS
100
AcDbLine
 10
205.5817787613035
 20
21.73673019291535
 30
0.0
 11
205.7917843735902
 21
21.73673019291535
 31
0.0
  0
LINE
  5
60B
330
17
100
AcDbEntity
  8
可见轮廓
  6
CONTINUOUS
100
AcDbLine
 10
205.36999518752788
 20
21.73673019291535
 30
0.0
 11
205.5817787613035
 21
21.73673019291535
 31
0.0
  0
LINE
  5
60C
330
17
100
AcDbEntity
  8
可见轮廓
  6
CONTINUOUS
100
AcDbLine
 10
205.15644577163914
 20
21.73673019291535
 30
0.0
 11
205.36999518752788
 21
21.73673019291535
 31
0.0
  0
LINE
  5
60D
330
17
100
AcDbEntity
  8
可见轮廓
  6
CONTINUOUS
100
AcDbLine
 10
204.94099792746866
 20
21.73673019291535
 30
0.0
 11
205.15644577163914
 21
21.73673019291535
 31
0.0
  0
LINE
  5
60E
330
17
100
AcDbEntity
  8
可见轮廓
  6
CONTINUOUS
100
AcDbLine
 10
204.7238112531149
 20
21.73673019291535
 30
0.0
 11
204.94099792746866
 21
21.73673019291535
 31
0.0
  0
LINE
  5
60F
330
17
100
AcDbEntity
  8
可见轮廓
  6
CONTINUOUS
100
AcDbLine
 10
204.50489818392066
 20
21.73673019291535
 30
0.0
 11
204.7238112531149
 21
21.73673019291535
 31
0.0
  0
LINE
  5
610
330
17
100
AcDbEntity
  8
可见轮廓
  6
CONTINUOUS
100
AcDbLine
 10
204.2842712474619
 20
21.73673019291535
 30
0.0
 11
204.50489818392066
 21
21.73673019291535
 31
0.0
  0
LINE
  5
611
330
17
100
AcDbEntity
  8
可见轮廓
  6
CONTINUOUS
100
AcDbLine
 10
204.0618026715631
 20
21.73673019291535
 30
0.0
 11
204.2842712474619
 21
21.73673019291535
 31
0.0
  0
LINE
  5
612
330
17
100
AcDbEntity
  8
可见轮廓
  6
CONTINUOUS
100
AcDbLine
 10
203.83764812802983
 20
21.73673019291535
 30
0.0
 11
204.0618026715631
 21
21.73673019291535
 31
0.0
  0
LINE
  5
613
330
17
100
AcDbEntity
  8
可见轮廓
  6
CONTINUOUS
100
AcDbLine
 10
203.6118204509533
 20
21.73673019291535
 30
0.0
 11
203.83764812802983
 21
21.73673019291535
 31
0.0
  0
LINE
  5
614
330
17
100
AcDbEntity
  8
可见轮廓
  6
CONTINUOUS
100
AcDbLine
 10
203.38433256381222
 20
21.73673019291535
 30
0.0
 11
203.6118204509533
 21
21.73673019291535
 31
0.0
  0
LINE
  5
615
330
17
100
AcDbEntity
  8
可见轮廓
  6
CONTINUOUS
100
AcDbLine
 10
203.1550616338468
 20
21.73673019291535
 30
0.0
 11
203.38433256381222
 21
21.73673019291535
 31
0.0
  0
LINE
  5
616
330
17
100
AcDbEntity
  8
可见轮廓
  6
CONTINUOUS
100
AcDbLine
 10
202.92415925376062
 20
21.73673019291535
 30
0.0
 11
203.1550616338468
 21
21.73673019291535
 31
0.0
  0
LINE
  5
617
330
17
100
AcDbEntity
  8
可见轮廓
  6
CONTINUOUS
100
AcDbLine
 10
202.6916386437951
 20
21.73673019291535
 30
0.0
 11
202.92415925376062
 21
21.73673019291535
 31
0.0
  0
LINE
  5
618
330
17
100
AcDbEntity
  8
可见轮廓
  6
CONTINUOUS
100
AcDbLine
 10
202.4575131106459
 20
21.73673019291535
 30
0.0
 11
202.6916386437951
 21
21.73673019291535
 31
0.0
  0
LINE
  5
619
330
17
100
AcDbEntity
  8
可见轮廓
  6
CONTINUOUS
100
AcDbLine
 10
149.30836135620493
 20
2.0
 30
0.0
 11
149.5424868893541
 21
2.0
 31
0.0
  0
LINE
  5
61A
330
17
100
AcDbEntity
  8
可见轮廓
  6
CONTINUOUS
100
AcDbLine
 10
149.0758407462394
 20
2.0
 30
0.0
 11
149.30836135620493
 21
2.0
 31
0.0
  0
LINE
  5
61B
330
17
100
AcDbEntity
  8
可见轮廓
  6
CONTINUOUS
100
AcDbLine
 10
148.84493836615323
 20
2.0
 30
0.0
 11
149.0758407462394
 21
2.0
 31
0.0
  0
LINE
  5
61C
330
17
100
AcDbEntity
  8
可见轮廓
  6
CONTINUOUS
100
AcDbLine
 10
148.61566743618778
 20
2.0
 30
0.0
 11
148.84493836615323
 21
2.0
 31
0.0
  0
LINE
  5
61D
330
17
100
AcDbEntity
  8
可见轮廓
  6
CONTINUOUS
100
AcDbLine
 10
148.3881795490467
 20
2.0
 30
0.0
 11
148.61566743618778
 21
2.0
 31
0.0
  0
LINE
  5
61E
330
17
100
AcDbEntity
  8
可见轮廓
  6
CONTINUOUS
100
AcDbLine
 10
148.1623518719702
 20
2.0
 30
0.0
 11
148.3881795490467
 21
2.0
 31
0.0
  0
LINE
  5
61F
330
17
100
AcDbEntity
  8
可见轮廓
  6
CONTINUOUS
100
AcDbLine
 10
147.93819732843693
 20
2.0
 30
0.0
 11
148.1623518719702
 21
2.0
 31
0.0
  0
LINE
  5
620
330
17
100
AcDbEntity
  8
可见轮廓
  6
CONTINUOUS
100
AcDbLine
 10
147.7157287525381
 20
2.0
 30
0.0
 11
147.93819732843693
 21
2.0
 31
0.0
  0
LINE
  5
621
330
17
100
AcDbEntity
  8
可见轮廓
  6
CONTINUOUS
100
AcDbLine
 10
147.49510181607934
 20
2.0
 30
0.0
 11
147.7157287525381
 21
2.0
 31
0.0
  0
LINE
  5
622
330
17
100
AcDbEntity
  8
可见轮廓
  6
CONTINUOUS
100
AcDbLine
 10
147.27618874688514
 20
2.0
 30
0.0
 11
147.49510181607934
 21
2.0
 31
0.0
  0
LINE
  5
623
330
17
100
AcDbEntity
  8
可见轮廓
  6
CONTINUOUS
100
AcDbLine
 10
147.05900207253134
 20
2.0
 30
0.0
 11
147.27618874688514
 21
2.0
 31
0.0
  0
LINE
  5
624
330
17
100
AcDbEntity
  8
可见轮廓
  6
CONTINUOUS
100
AcDbLine
 10
146.84355422836086
 20
2.0
 30
0.0
 11
147.05900207253134
 21
2.0
 31
0.0
  0
LINE
  5
625
330
17
100
AcDbEntity
  8
可见轮廓
  6
CONTINUOUS
100
AcDbLine
 10
146.63000481247212
 20
2.0
 30
0.0
 11
146.84355422836086
 21
2.0
 31
0.0
  0
LINE
  5
626
330
17
100
AcDbEntity
  8
可见轮廓
  6
CONTINUOUS
100
AcDbLine
 10
146.4182212386965
 20
2.0
 30
0.0
 11
146.63000481247212
 21
2.0
 31
0.0
  0
LINE
  5
627
330
17
100
AcDbEntity
  8
可见轮廓
  6
CONTINUOUS
100
AcDbLine
 10
146.2082156264098
 20
2.0
 30
0.0
 11
146.4182212386965
 21
2.0
 31
0.0
  0
LINE
  5
628
330
17
100
AcDbEntity
  8
可见轮廓
  6
CONTINUOUS
100
AcDbLine
 10
146.0
 20
2.0
 30
0.0
 11
146.2082156264098
 21
2.0
 31
0.0
  0
LINE
  5
629
330
17
100
AcDbEntity
  8
可见轮廓
  6
CONTINUOUS
100
AcDbLine
 10
205.7917843735902
 20
2.0
 30
0.0
 11
206.0
 21
2.0
 31
0.0
  0
LINE
  5
62A
330
17
100
AcDbEntity
  8
可见轮廓
  6
CONTINUOUS
100
AcDbLine
 10
205.5817787613035
 20
2.0
 30
0.0
 11
205.7917843735902
 21
2.0
 31
0.0
  0
LINE
  5
62B
330
17
100
AcDbEntity
  8
可见轮廓
  6
CONTINUOUS
100
AcDbLine
 10
205.36999518752788
 20
2.0
 30
0.0
 11
205.5817787613035
 21
2.0
 31
0.0
  0
LINE
  5
62C
330
17
100
AcDbEntity
  8
可见轮廓
  6
CONTINUOUS
100
AcDbLine
 10
205.15644577163914
 20
2.0
 30
0.0
 11
205.36999518752788
 21
2.0
 31
0.0
  0
LINE
  5
62D
330
17
100
AcDbEntity
  8
可见轮廓
  6
CONTINUOUS
100
AcDbLine
 10
204.94099792746866
 20
2.0
 30
0.0
 11
205.15644577163914
 21
2.0
 31
0.0
  0
LINE
  5
62E
330
17
100
AcDbEntity
  8
可见轮廓
  6
CONTINUOUS
100
AcDbLine
 10
204.7238112531149
 20
2.0
 30
0.0
 11
204.94099792746866
 21
2.0
 31
0.0
  0
LINE
  5
62F
330
17
100
AcDbEntity
  8
可见轮廓
  6
CONTINUOUS
100
AcDbLine
 10
204.50489818392066
 20
2.0
 30
0.0
 11
204.7238112531149
 21
2.0
 31
0.0
  0
LINE
  5
630
330
17
100
AcDbEntity
  8
可见轮廓
  6
CONTINUOUS
100
AcDbLine
 10
204.2842712474619
 20
2.0
 30
0.0
 11
204.50489818392066
 21
2.0
 31
0.0
  0
LINE
  5
631
330
17
100
AcDbEntity
  8
可见轮廓
  6
CONTINUOUS
100
AcDbLine
 10
204.0618026715631
 20
2.0
 30
0.0
 11
204.2842712474619
 21
2.0
 31
0.0
  0
LINE
  5
632
330
17
100
AcDbEntity
  8
可见轮廓
  6
CONTINUOUS
100
AcDbLine
 10
203.83764812802983
 20
2.0
 30
0.0
 11
204.0618026715631
 21
2.0
 31
0.0
  0
LINE
  5
633
330
17
100
AcDbEntity
  8
可见轮廓
  6
CONTINUOUS
100
AcDbLine
 10
203.6118204509533
 20
2.0
 30
0.0
 11
203.83764812802983
 21
2.0
 31
0.0
  0
LINE
  5
634
330
17
100
AcDbEntity
  8
可见轮廓
  6
CONTINUOUS
100
AcDbLine
 10
203.38433256381222
 20
2.0
 30
0.0
 11
203.6118204509533
 21
2.0
 31
0.0
  0
LINE
  5
635
330
17
100
AcDbEntity
  8
可见轮廓
  6
CONTINUOUS
100
AcDbLine
 10
203.1550616338468
 20
2.0
 30
0.0
 11
203.38433256381222
 21
2.0
 31
0.0
  0
LINE
  5
636
330
17
100
AcDbEntity
  8
可见轮廓
  6
CONTINUOUS
100
AcDbLine
 10
202.92415925376062
 20
2.0
 30
0.0
 11
203.1550616338468
 21
2.0
 31
0.0
  0
LINE
  5
637
330
17
100
AcDbEntity
  8
可见轮廓
  6
CONTINUOUS
100
AcDbLine
 10
202.6916386437951
 20
2.0
 30
0.0
 11
202.92415925376062
 21
2.0
 31
0.0
  0
LINE
  5
638
330
17
100
AcDbEntity
  8
可见轮廓
  6
CONTINUOUS
100
AcDbLine
 10
202.4575131106459
 20
2.0
 30
0.0
 11
202.6916386437951
 21
2.0
 31
0.0
  0
LINE
  5
639
330
17
100
AcDbEntity
  8
可见轮廓
  6
CONTINUOUS
100
AcDbLine
 10
176.0
 20
2.0
 30
0.0
 11
202.4575131106459
 21
2.0
 31
0.0
  0
LINE
  5
63A
330
17
100
AcDbEntity
  8
可见轮廓
  6
CONTINUOUS
100
AcDbLine
 10
149.5424868893541
 20
2.0
 30
0.0
 11
176.0
 21
2.0
 31
0.0
  0
LINE
  5
63B
330
17
100
AcDbEntity
  8
可见轮廓
  6
CONTINUOUS
100
AcDbLine
 10
202.4575131106459
 20
2.0
 30
0.0
 11
202.4575131106459
 21
11.868365096457673
 31
0.0
  0
LINE
  5
63C
330
17
100
AcDbEntity
  8
可见轮廓
  6
CONTINUOUS
100
AcDbLine
 10
202.4575131106459
 20
11.868365096457673
 30
0.0
 11
202.4575131106459
 21
12.75
 31
0.0
  0
LINE
  5
63D
330
17
100
AcDbEntity
  8
可见轮廓
  6
CONTINUOUS
100
AcDbLine
 10
202.4575131106459
 20
12.75
 30
0.0
 11
202.4575131106459
 21
21.73673019291535
 31
0.0
  0
LINE
  5
63E
330
17
100
AcDbEntity
  8
可见轮廓
  6
CONTINUOUS
100
AcDbLine
 10
149.5424868893541
 20
2.0
 30
0.0
 11
149.5424868893541
 21
11.868365096457673
 31
0.0
  0
LINE
  5
63F
330
17
100
AcDbEntity
  8
可见轮廓
  6
CONTINUOUS
100
AcDbLine
 10
149.5424868893541
 20
11.868365096457673
 30
0.0
 11
149.5424868893541
 21
12.75
 31
0.0
  0
LINE
  5
640
330
17
100
AcDbEntity
  8
可见轮廓
  6
CONTINUOUS
100
AcDbLine
 10
149.5424868893541
 20
12.75
 30
0.0
 11
149.5424868893541
 21
21.73673019291535
 31
0.0
  0
LINE
  5
641
330
17
100
AcDbEntity
  8
可见轮廓
  6
CONTINUOUS
100
AcDbLine
 10
206.0
 20
2.0
 30
0.0
 11
206.0
 21
11.868365096457673
 31
0.0
  0
LINE
  5
642
330
17
100
AcDbEntity
  8
可见轮廓
  6
CONTINUOUS
100
AcDbLine
 10
206.0
 20
11.868365096457673
 30
0.0
 11
206.0
 21
12.75
 31
0.0
  0
LINE
  5
643
330
17
100
AcDbEntity
  8
可见轮廓
  6
CONTINUOUS
100
AcDbLine
 10
206.0
 20
12.75
 30
0.0
 11
206.0
 21
21.73673019291535
 31
0.0
  0
LINE
  5
644
330
17
100
AcDbEntity
  8
可见轮廓
  6
CONTINUOUS
100
AcDbLine
 10
146.0
 20
2.0
 30
0.0
 11
146.0
 21
11.868365096457673
 31
0.0
  0
LINE
  5
645
330
17
100
AcDbEntity
  8
可见轮廓
  6
CONTINUOUS
100
AcDbLine
 10
146.0
 20
11.868365096457673
 30
0.0
 11
146.0
 21
12.75
 31
0.0
  0
LINE
  5
646
330
17
100
AcDbEntity
  8
可见轮廓
  6
CONTINUOUS
100
AcDbLine
 10
146.0
 20
12.75
 30
0.0
 11
146.0
 21
21.73673019291535
 31
0.0
  0
LINE
  5
647
330
17
100
AcDbEntity
  8
可见轮廓
  6
CONTINUOUS
100
AcDbLine
 10
146.0
 20
28.5
 30
0.0
 11
146.61128040170965
 21
28.5
 31
0.0
  0
LINE
  5
648
330
17
100
AcDbEntity
  8
可见轮廓
  6
CONTINUOUS
100
AcDbLine
 10
146.61128040170965
 20
28.5
 30
0.0
 11
148.3272170268382
 21
28.5
 31
0.0
  0
LINE
  5
649
330
17
100
AcDbEntity
  8
可见轮廓
  6
CONTINUOUS
100
AcDbLine
 10
148.3272170268382
 20
28.5
 30
0.0
 11
151.0849693988534
 21
28.5
 31
0.0
  0
LINE
  5
64A
330
17
100
AcDbEntity
  8
可见轮廓
  6
CONTINUOUS
100
AcDbLine
 10
151.0849693988534
 20
28.5
 30
0.0
 11
154.78679656440357
 21
28.5
 31
0.0
  0
LINE
  5
64B
330
17
100
AcDbEntity
  8
可见轮廓
  6
CONTINUOUS
100
AcDbLine
 10
154.78679656440357
 20
28.5
 30
0.0
 11
159.35310476446443
 21
28.5
 31
0.0
  0
LINE
  5
64C
330
17
100
AcDbEntity
  8
可见轮廓
  6
CONTINUOUS
100
AcDbLine
 10
159.35310476446443
 20
28.5
 30
0.0
 11
164.5375579839091
 21
28.5
 31
0.0
  0
LINE
  5
64D
330
17
100
AcDbEntity
  8
可见轮廓
  6
CONTINUOUS
100
AcDbLine
 10
164.5375579839091
 20
28.5
 30
0.0
 11
170.1535454152081
 21
28.5
 31
0.0
  0
LINE
  5
64E
330
17
100
AcDbEntity
  8
可见轮廓
  6
CONTINUOUS
100
AcDbLine
 10
170.1535454152081
 20
28.5
 30
0.0
 11
176.0
 21
28.5
 31
0.0
  0
LINE
  5
64F
330
17
100
AcDbEntity
  8
可见轮廓
  6
CONTINUOUS
100
AcDbLine
 10
176.0
 20
28.5
 30
0.0
 11
181.84645458479187
 21
28.5
 31
0.0
  0
LINE
  5
650
330
17
100
AcDbEntity
  8
可见轮廓
  6
CONTINUOUS
100
AcDbLine
 10
181.84645458479187
 20
28.5
 30
0.0
 11
187.46244201609088
 21
28.5
 31
0.0
  0
LINE
  5
651
330
17
100
AcDbEntity
  8
可见轮廓
  6
CONTINUOUS
100
AcDbLine
 10
187.46244201609088
 20
28.5
 30
0.0
 11
192.64689523553557
 21
28.5
 31
0.0
  0
LINE
  5
652
330
17
100
AcDbEntity
  8
可见轮廓
  6
CONTINUOUS
100
AcDbLine
 10
192.64689523553557
 20
28.5
 30
0.0
 11
197.21320343559643
 21
28.5
 31
0.0
  0
LINE
  5
653
330
17
100
AcDbEntity
  8
可见轮廓
  6
CONTINUOUS
100
AcDbLine
 10
197.21320343559643
 20
28.5
 30
0.0
 11
200.9150306011466
 21
28.5
 31
0.0
  0
LINE
  5
654
330
17
100
AcDbEntity
  8
可见轮廓
  6
CONTINUOUS
100
AcDbLine
 10
200.9150306011466
 20
28.5
 30
0.0
 11
203.67278297316182
 21
28.5
 31
0.0
  0
LINE
  5
655
330
17
100
AcDbEntity
  8
可见轮廓
  6
CONTINUOUS
100
AcDbLine
 10
203.67278297316182
 20
28.5
 30
0.0
 11
205.38871959829035
 21
28.5
 31
0.0
  0
LINE
  5
656
330
17
100
AcDbEntity
  8
可见轮廓
  6
CONTINUOUS
100
AcDbLine
 10
205.38871959829035
 20
28.5
 30
0.0
 11
206.0
 21
28.5
 31
0.0
  0
LINE
  5
657
330
17
100
AcDbEntity
  8
可见轮廓
  6
CONTINUOUS
100
AcDbLine
 10
167.5
 20
98.9
 30
0.0
 11
167.67319611381774
 21
98.9
 31
0.0
  0
LINE
  5
658
330
17
100
AcDbEntity
  8
可见轮廓
  6
CONTINUOUS
100
AcDbLine
 10
167.67319611381774
 20
98.9
 30
0.0
 11
168.15937815760415
 21
98.9
 31
0.0
  0
LINE
  5
659
330
17
100
AcDbEntity
  8
可见轮廓
  6
CONTINUOUS
100
AcDbLine
 10
168.15937815760415
 20
98.9
 30
0.0
 11
168.94074132967512
 21
98.9
 31
0.0
  0
LINE
  5
65A
330
17
100
AcDbEntity
  8
可见轮廓
  6
CONTINUOUS
100
AcDbLine
 10
168.94074132967512
 20
98.9
 30
0.0
 11
169.98959235991435
 21
98.9
 31
0.0
  0
LINE
  5
65B
330
17
100
AcDbEntity
  8
可见轮廓
  6
CONTINUOUS
100
AcDbLine
 10
169.98959235991435
 20
98.9
 30
0.0
 11
171.2833796832649
 21
98.9
 31
0.0
  0
LINE
  5
65C
330
17
100
AcDbEntity
  8
可见轮廓
  6
CONTINUOUS
100
AcDbLine
 10
171.2833796832649
 20
98.9
 30
0.0
 11
172.75230809544092
 21
98.9
 31
0.0
  0
LINE
  5
65D
330
17
100
AcDbEntity
  8
可见轮廓
  6
CONTINUOUS
100
AcDbLine
 10
172.75230809544092
 20
98.9
 30
0.0
 11
174.34350453430898
 21
98.9
 31
0.0
  0
LINE
  5
65E
330
17
100
AcDbEntity
  8
可见轮廓
  6
CONTINUOUS
100
AcDbLine
 10
174.34350453430898
 20
98.9
 30
0.0
 11
176.0
 21
98.9
 31
0.0
  0
LINE
  5
65F
330
17
100
AcDbEntity
  8
可见轮廓
  6
CONTINUOUS
100
AcDbLine
 10
176.0
 20
98.9
 30
0.0
 11
177.65649546569102
 21
98.9
 31
0.0
  0
LINE
  5
660
330
17
100
AcDbEntity
  8
可见轮廓
  6
CONTINUOUS
100
AcDbLine
 10
177.65649546569102
 20
98.9
 30
0.0
 11
179.24769190455908
 21
98.9
 31
0.0
  0
LINE
  5
661
330
17
100
AcDbEntity
  8
可见轮廓
  6
CONTINUOUS
100
AcDbLine
 10
179.24769190455908
 20
98.9
 30
0.0
 11
180.7166203167351
 21
98.9
 31
0.0
  0
LINE
  5
662
330
17
100
AcDbEntity
  8
可见轮廓
  6
CONTINUOUS
100
AcDbLine
 10
180.7166203167351
 20
98.9
 30
0.0
 11
182.01040764008565
 21
98.9
 31
0.0
  0
LINE
  5
663
330
17
100
AcDbEntity
  8
可见轮廓
  6
CONTINUOUS
100
AcDbLine
 10
182.01040764008565
 20
98.9
 30
0.0
 11
183.05925867032488
 21
98.9
 31
0.0
  0
LINE
  5
664
330
17
100
AcDbEntity
  8
可见轮廓
  6
CONTINUOUS
100
AcDbLine
 10
183.05925867032488
 20
98.9
 30
0.0
 11
183.84062184239585
 21
98.9
 31
0.0
  0
LINE
  5
665
330
17
100
AcDbEntity
  8
可见轮廓
  6
CONTINUOUS
100
AcDbLine
 10
183.84062184239585
 20
98.9
 30
0.0
 11
184.32680388618226
 21
98.9
 31
0.0
  0
LINE
  5
666
330
17
100
AcDbEntity
  8
可见轮廓
  6
CONTINUOUS
100
AcDbLine
 10
184.32680388618226
 20
98.9
 30
0.0
 11
184.5
 21
98.9
 31
0.0
  0
LINE
  5
667
330
17
100
AcDbEntity
  8
可见轮廓
  6
CONTINUOUS
100
AcDbLine
 10
151.0
 20
98.0
 30
0.0
 11
151.50940033475803
 21
98.0
 31
0.0
  0
LINE
  5
668
330
17
100
AcDbEntity
  8
可见轮廓
  6
CONTINUOUS
100
AcDbLine
 10
151.50940033475803
 20
98.0
 30
0.0
 11
152.93934752236515
 21
98.0
 31
0.0
  0
LINE
  5
669
330
17
100
AcDbEntity
  8
可见轮廓
  6
CONTINUOUS
100
AcDbLine
 10
152.93934752236515
 20
98.0
 30
0.0
 11
155.23747449904448
 21
98.0
 31
0.0
  0
LINE
  5
66A
330
17
100
AcDbEntity
  8
可见轮廓
  6
CONTINUOUS
100
AcDbLine
 10
155.23747449904448
 20
98.0
 30
0.0
 11
158.3223304703363
 21
98.0
 31
0.0
  0
LINE
  5
66B
330
17
100
AcDbEntity
  8
可见轮廓
  6
CONTINUOUS
100
AcDbLine
 10
158.3223304703363
 20
98.0
 30
0.0
 11
162.12758730372036
 21
98.0
 31
0.0
  0
LINE
  5
66C
330
17
100
AcDbEntity
  8
可见轮廓
  6
CONTINUOUS
100
AcDbLine
 10
162.12758730372036
 20
98.0
 30
0.0
 11
166.44796498659093
 21
98.0
 31
0.0
  0
LINE
  5
66D
330
17
100
AcDbEntity
  8
可见轮廓
  6
CONTINUOUS
100
AcDbLine
 10
166.44796498659093
 20
98.0
 30
0.0
 11
171.12795451267343
 21
98.0
 31
0.0
  0
LINE
  5
66E
330
17
100
AcDbEntity
  8
可见轮廓
  6
CONTINUOUS
100
AcDbLine
 10
171.12795451267343
 20
98.0
 30
0.0
 11
176.0
 21
98.0
 31
0.0
  0
LINE
  5
66F
330
17
100
AcDbEntity
  8
可见轮廓
  6
CONTINUOUS
100
AcDbLine
 10
176.0
 20
98.0
 30
0.0
 11
180.87204548732657
 21
98.0
 31
0.0
  0
LINE
  5
670
330
17
100
AcDbEntity
  8
可见轮廓
  6
CONTINUOUS
100
AcDbLine
 10
180.87204548732657
 20
98.0
 30
0.0
 11
185.55203501340907
 21
98.0
 31
0.0
  0
LINE
  5
671
330
17
100
AcDbEntity
  8
可见轮廓
  6
CONTINUOUS
100
AcDbLine
 10
185.55203501340907
 20
98.0
 30
0.0
 11
189.87241269627964
 21
98.0
 31
0.0
  0
LINE
  5
672
330
17
100
AcDbEntity
  8
可见轮廓
  6
CONTINUOUS
100
AcDbLine
 10
189.87241269627964
 20
98.0
 30
0.0
 11
193.6776695296637
 21
98.0
 31
0.0
  0
LINE
  5
673
330
17
100
AcDbEntity
  8
可见轮廓
  6
CONTINUOUS
100
AcDbLine
 10
193.6776695296637
 20
98.0
 30
0.0
 11
196.76252550095552
 21
98.0
 31
0.0
  0
LINE
  5
674
330
17
100
AcDbEntity
  8
可见轮廓
  6
CONTINUOUS
100
AcDbLine
 10
196.76252550095552
 20
98.0
 30
0.0
 11
199.06065247763485
 21
98.0
 31
0.0
  0
LINE
  5
675
330
17
100
AcDbEntity
  8
可见轮廓
  6
CONTINUOUS
100
AcDbLine
 10
199.06065247763485
 20
98.0
 30
0.0
 11
200.49059966524197
 21
98.0
 31
0.0
  0
LINE
  5
676
330
17
100
AcDbEntity
  8
可见轮廓
  6
CONTINUOUS
100
AcDbLine
 10
200.49059966524197
 20
98.0
 30
0.0
 11
201.0
 21
98.0
 31
0.0
  0
LINE
  5
677
330
17
100
AcDbEntity
  8
可见轮廓
  6
CONTINUOUS
100
AcDbLine
 10
145.99999999999997
 20
95.0
 30
0.0
 11
146.20821562640978
 21
95.0
 31
0.0
  0
LINE
  5
678
330
17
100
AcDbEntity
  8
可见轮廓
  6
CONTINUOUS
100
AcDbLine
 10
146.20821562640978
 20
95.0
 30
0.0
 11
146.41822123869647
 21
95.0
 31
0.0
  0
LINE
  5
679
330
17
100
AcDbEntity
  8
可见轮廓
  6
CONTINUOUS
100
AcDbLine
 10
146.41822123869647
 20
95.0
 30
0.0
 11
146.63000481247212
 21
95.0
 31
0.0
  0
LINE
  5
67A
330
17
100
AcDbEntity
  8
可见轮廓
  6
CONTINUOUS
100
AcDbLine
 10
146.63000481247212
 20
95.0
 30
0.0
 11
146.84355422836083
 21
95.0
 31
0.0
  0
LINE
  5
67B
330
17
100
AcDbEntity
  8
可见轮廓
  6
CONTINUOUS
100
AcDbLine
 10
146.84355422836083
 20
95.0
 30
0.0
 11
147.05900207253134
 21
95.0
 31
0.0
  0
LINE
  5
67C
330
17
100
AcDbEntity
  8
可见轮廓
  6
CONTINUOUS
100
AcDbLine
 10
147.05900207253134
 20
95.0
 30
0.0
 11
147.2761887468851
 21
95.0
 31
0.0
  0
LINE
  5
67D
330
17
100
AcDbEntity
  8
可见轮廓
  6
CONTINUOUS
100
AcDbLine
 10
147.2761887468851
 20
95.0
 30
0.0
 11
147.49510181607934
 21
95.0
 31
0.0
  0
LINE
  5
67E
330
17
100
AcDbEntity
  8
可见轮廓
  6
CONTINUOUS
100
AcDbLine
 10
147.49510181607934
 20
95.0
 30
0.0
 11
147.7157287525381
 21
95.0
 31
0.0
  0
LINE
  5
67F
330
17
100
AcDbEntity
  8
可见轮廓
  6
CONTINUOUS
100
AcDbLine
 10
147.7157287525381
 20
95.0
 30
0.0
 11
147.9381973284369
 21
95.0
 31
0.0
  0
LINE
  5
680
330
17
100
AcDbEntity
  8
可见轮廓
  6
CONTINUOUS
100
AcDbLine
 10
147.9381973284369
 20
95.0
 30
0.0
 11
148.16235187197017
 21
95.0
 31
0.0
  0
LINE
  5
681
330
17
100
AcDbEntity
  8
可见轮廓
  6
CONTINUOUS
100
AcDbLine
 10
148.16235187197017
 20
95.0
 30
0.0
 11
148.3881795490467
 21
95.0
 31
0.0
  0
LINE
  5
682
330
17
100
AcDbEntity
  8
可见轮廓
  6
CONTINUOUS
100
AcDbLine
 10
148.3881795490467
 20
95.0
 30
0.0
 11
148.6156674361878
 21
95.0
 31
0.0
  0
LINE
  5
683
330
17
100
AcDbEntity
  8
可见轮廓
  6
CONTINUOUS
100
AcDbLine
 10
148.6156674361878
 20
95.0
 30
0.0
 11
148.84493836615323
 21
95.0
 31
0.0
  0
LINE
  5
684
330
17
100
AcDbEntity
  8
可见轮廓
  6
CONTINUOUS
100
AcDbLine
 10
148.84493836615323
 20
95.0
 30
0.0
 11
149.0758407462394
 21
95.0
 31
0.0
  0
LINE
  5
685
330
17
100
AcDbEntity
  8
可见轮廓
  6
CONTINUOUS
100
AcDbLine
 10
149.0758407462394
 20
95.0
 30
0.0
 11
149.30836135620493
 21
95.0
 31
0.0
  0
LINE
  5
686
330
17
100
AcDbEntity
  8
可见轮廓
  6
CONTINUOUS
100
AcDbLine
 10
149.30836135620493
 20
95.0
 30
0.0
 11
149.5424868893541
 21
95.0
 31
0.0
  0
LINE
  5
687
330
17
100
AcDbEntity
  8
可见轮廓
  6
CONTINUOUS
100
AcDbLine
 10
149.5424868893541
 20
95.0
 30
0.0
 11
176.0
 21
95.0
 31
0.0
  0
LINE
  5
688
330
17
100
AcDbEntity
  8
可见轮廓
  6
CONTINUOUS
100
AcDbLine
 10
176.0
 20
95.0
 30
0.0
 11
202.4575131106459
 21
95.0
 31
0.0
  0
LINE
  5
689
330
17
100
AcDbEntity
  8
可见轮廓
  6
CONTINUOUS
100
AcDbLine
 10
202.4575131106459
 20
95.0
 30
0.0
 11
202.6916386437951
 21
95.0
 31
0.0
  0
LINE
  5
68A
330
17
100
AcDbEntity
  8
可见轮廓
  6
CONTINUOUS
100
AcDbLine
 10
202.6916386437951
 20
95.0
 30
0.0
 11
202.92415925376062
 21
95.0
 31
0.0
  0
LINE
  5
68B
330
17
100
AcDbEntity
  8
可见轮廓
  6
CONTINUOUS
100
AcDbLine
 10
202.92415925376062
 20
95.0
 30
0.0
 11
203.1550616338468
 21
95.0
 31
0.0
  0
LINE
  5
68C
330
17
100
AcDbEntity
  8
可见轮廓
  6
CONTINUOUS
100
AcDbLine
 10
203.1550616338468
 20
95.0
 30
0.0
 11
203.3843325638122
 21
95.0
 31
0.0
  0
LINE
  5
68D
330
17
100
AcDbEntity
  8
可见轮廓
  6
CONTINUOUS
100
AcDbLine
 10
203.3843325638122
 20
95.0
 30
0.0
 11
203.61182045095327
 21
95.0
 31
0.0
  0
LINE
  5
68E
330
17
100
AcDbEntity
  8
可见轮廓
  6
CONTINUOUS
100
AcDbLine
 10
203.61182045095327
 20
95.0
 30
0.0
 11
203.83764812802983
 21
95.0
 31
0.0
  0
LINE
  5
68F
330
17
100
AcDbEntity
  8
可见轮廓
  6
CONTINUOUS
100
AcDbLine
 10
203.83764812802983
 20
95.0
 30
0.0
 11
204.0618026715631
 21
95.0
 31
0.0
  0
LINE
  5
690
330
17
100
AcDbEntity
  8
可见轮廓
  6
CONTINUOUS
100
AcDbLine
 10
204.0618026715631
 20
95.0
 30
0.0
 11
204.2842712474619
 21
95.0
 31
0.0
  0
LINE
  5
691
330
17
100
AcDbEntity
  8
可见轮廓
  6
CONTINUOUS
100
AcDbLine
 10
204.2842712474619
 20
95.0
 30
0.0
 11
204.50489818392066
 21
95.0
 31
0.0
  0
LINE
  5
692
330
17
100
AcDbEntity
  8
可见轮廓
  6
CONTINUOUS
100
AcDbLine
 10
204.50489818392066
 20
95.0
 30
0.0
 11
204.7238112531149
 21
95.0
 31
0.0
  0
LINE
  5
693
330
17
100
AcDbEntity
  8
可见轮廓
  6
CONTINUOUS
100
AcDbLine
 10
204.7238112531149
 20
95.0
 30
0.0
 11
204.9409979274687
 21
95.0
 31
0.0
  0
LINE
  5
694
330
17
100
AcDbEntity
  8
可见轮廓
  6
CONTINUOUS
100
AcDbLine
 10
204.9409979274687
 20
95.0
 30
0.0
 11
205.15644577163914
 21
95.0
 31
0.0
  0
LINE
  5
695
330
17
100
AcDbEntity
  8
可见轮廓
  6
CONTINUOUS
100
AcDbLine
 10
205.15644577163914
 20
95.0
 30
0.0
 11
205.36999518752788
 21
95.0
 31
0.0
  0
LINE
  5
696
330
17
100
AcDbEntity
  8
可见轮廓
  6
CONTINUOUS
100
AcDbLine
 10
205.36999518752788
 20
95.0
 30
0.0
 11
205.5817787613035
 21
95.0
 31
0.0
  0
LINE
  5
697
330
17
100
AcDbEntity
  8
可见轮廓
  6
CONTINUOUS
100
AcDbLine
 10
205.5817787613035
 20
95.0
 30
0.0
 11
205.7917843735902
 21
95.0
 31
0.0
  0
LINE
  5
698
330
17
100
AcDbEntity
  8
可见轮廓
  6
CONTINUOUS
100
AcDbLine
 10
205.7917843735902
 20
95.0
 30
0.0
 11
206.0
 21
95.0
 31
0.0
  0
LINE
  5
699
330
17
100
AcDbEntity
  8
可见轮廓
  6
CONTINUOUS
100
AcDbLine
 10
146.0
 20
90.0
 30
0.0
 11
146.0
 21
95.0
 31
0.0
  0
LINE
  5
69A
330
17
100
AcDbEntity
  8
可见轮廓
  6
CONTINUOUS
100
AcDbLine
 10
146.0
 20
85.0
 30
0.0
 11
146.0
 21
90.0
 31
0.0
  0
LINE
  5
69B
330
17
100
AcDbEntity
  8
可见轮廓
  6
CONTINUOUS
100
AcDbLine
 10
145.99999999999997
 20
85.0
 30
0.0
 11
146.20821562640978
 21
85.0
 31
0.0
  0
LINE
  5
69C
330
17
100
AcDbEntity
  8
可见轮廓
  6
CONTINUOUS
100
AcDbLine
 10
146.20821562640978
 20
85.0
 30
0.0
 11
146.41822123869647
 21
85.0
 31
0.0
  0
LINE
  5
69D
330
17
100
AcDbEntity
  8
可见轮廓
  6
CONTINUOUS
100
AcDbLine
 10
146.41822123869647
 20
85.0
 30
0.0
 11
146.63000481247212
 21
85.0
 31
0.0
  0
LINE
  5
69E
330
17
100
AcDbEntity
  8
可见轮廓
  6
CONTINUOUS
100
AcDbLine
 10
146.63000481247212
 20
85.0
 30
0.0
 11
146.84355422836083
 21
85.0
 31
0.0
  0
LINE
  5
69F
330
17
100
AcDbEntity
  8
可见轮廓
  6
CONTINUOUS
100
AcDbLine
 10
146.84355422836083
 20
85.0
 30
0.0
 11
147.05900207253134
 21
85.0
 31
0.0
  0
LINE
  5
6A0
330
17
100
AcDbEntity
  8
可见轮廓
  6
CONTINUOUS
100
AcDbLine
 10
147.05900207253134
 20
85.0
 30
0.0
 11
147.2761887468851
 21
85.0
 31
0.0
  0
LINE
  5
6A1
330
17
100
AcDbEntity
  8
可见轮廓
  6
CONTINUOUS
100
AcDbLine
 10
147.2761887468851
 20
85.0
 30
0.0
 11
147.49510181607934
 21
85.0
 31
0.0
  0
LINE
  5
6A2
330
17
100
AcDbEntity
  8
可见轮廓
  6
CONTINUOUS
100
AcDbLine
 10
147.49510181607934
 20
85.0
 30
0.0
 11
147.7157287525381
 21
85.0
 31
0.0
  0
LINE
  5
6A3
330
17
100
AcDbEntity
  8
可见轮廓
  6
CONTINUOUS
100
AcDbLine
 10
147.7157287525381
 20
85.0
 30
0.0
 11
147.9381973284369
 21
85.0
 31
0.0
  0
LINE
  5
6A4
330
17
100
AcDbEntity
  8
可见轮廓
  6
CONTINUOUS
100
AcDbLine
 10
147.9381973284369
 20
85.0
 30
0.0
 11
148.16235187197017
 21
85.0
 31
0.0
  0
LINE
  5
6A5
330
17
100
AcDbEntity
  8
可见轮廓
  6
CONTINUOUS
100
AcDbLine
 10
148.16235187197017
 20
85.0
 30
0.0
 11
148.3881795490467
 21
85.0
 31
0.0
  0
LINE
  5
6A6
330
17
100
AcDbEntity
  8
可见轮廓
  6
CONTINUOUS
100
AcDbLine
 10
148.3881795490467
 20
85.0
 30
0.0
 11
148.6156674361878
 21
85.0
 31
0.0
  0
LINE
  5
6A7
330
17
100
AcDbEntity
  8
可见轮廓
  6
CONTINUOUS
100
AcDbLine
 10
148.6156674361878
 20
85.0
 30
0.0
 11
148.84493836615323
 21
85.0
 31
0.0
  0
LINE
  5
6A8
330
17
100
AcDbEntity
  8
可见轮廓
  6
CONTINUOUS
100
AcDbLine
 10
148.84493836615323
 20
85.0
 30
0.0
 11
149.0758407462394
 21
85.0
 31
0.0
  0
LINE
  5
6A9
330
17
100
AcDbEntity
  8
可见轮廓
  6
CONTINUOUS
100
AcDbLine
 10
149.0758407462394
 20
85.0
 30
0.0
 11
149.30836135620493
 21
85.0
 31
0.0
  0
LINE
  5
6AA
330
17
100
AcDbEntity
  8
可见轮廓
  6
CONTINUOUS
100
AcDbLine
 10
149.30836135620493
 20
85.0
 30
0.0
 11
149.5424868893541
 21
85.0
 31
0.0
  0
LINE
  5
6AB
330
17
100
AcDbEntity
  8
可见轮廓
  6
CONTINUOUS
100
AcDbLine
 10
149.5424868893541
 20
90.0
 30
0.0
 11
149.5424868893541
 21
95.0
 31
0.0
  0
LINE
  5
6AC
330
17
100
AcDbEntity
  8
可见轮廓
  6
CONTINUOUS
100
AcDbLine
 10
149.5424868893541
 20
85.0
 30
0.0
 11
149.5424868893541
 21
90.0
 31
0.0
  0
LINE
  5
6AD
330
17
100
AcDbEntity
  8
可见轮廓
  6
CONTINUOUS
100
AcDbLine
 10
149.5424868893541
 20
85.0
 30
0.0
 11
161.0
 21
85.0
 31
0.0
  0
LINE
  5
6AE
330
17
100
AcDbEntity
  8
可见轮廓
  6
CONTINUOUS
100
AcDbLine
 10
161.0
 20
85.0
 30
0.0
 11
176.0
 21
85.0
 31
0.0
  0
LINE
  5
6AF
330
17
100
AcDbEntity
  8
可见轮廓
  6
CONTINUOUS
100
AcDbLine
 10
176.0
 20
85.0
 30
0.0
 11
191.0
 21
85.0
 31
0.0
  0
LINE
  5
6B0
330
17
100
AcDbEntity
  8
可见轮廓
  6
CONTINUOUS
100
AcDbLine
 10
191.0
 20
85.0
 30
0.0
 11
202.4575131106459
 21
85.0
 31
0.0
  0
LINE
  5
6B1
330
17
100
AcDbEntity
  8
可见轮廓
  6
CONTINUOUS
100
AcDbLine
 10
202.4575131106459
 20
90.0
 30
0.0
 11
202.4575131106459
 21
95.0
 31
0.0
  0
LINE
  5
6B2
330
17
100
AcDbEntity
  8
可见轮廓
  6
CONTINUOUS
100
AcDbLine
 10
202.4575131106459
 20
85.0
 30
0.0
 11
202.4575131106459
 21
90.0
 31
0.0
  0
LINE
  5
6B3
330
17
100
AcDbEntity
  8
可见轮廓
  6
CONTINUOUS
100
AcDbLine
 10
202.4575131106459
 20
85.0
 30
0.0
 11
202.6916386437951
 21
85.0
 31
0.0
  0
LINE
  5
6B4
330
17
100
AcDbEntity
  8
可见轮廓
  6
CONTINUOUS
100
AcDbLine
 10
202.6916386437951
 20
85.0
 30
0.0
 11
202.92415925376062
 21
85.0
 31
0.0
  0
LINE
  5
6B5
330
17
100
AcDbEntity
  8
可见轮廓
  6
CONTINUOUS
100
AcDbLine
 10
202.92415925376062
 20
85.0
 30
0.0
 11
203.1550616338468
 21
85.0
 31
0.0
  0
LINE
  5
6B6
330
17
100
AcDbEntity
  8
可见轮廓
  6
CONTINUOUS
100
AcDbLine
 10
203.1550616338468
 20
85.0
 30
0.0
 11
203.3843325638122
 21
85.0
 31
0.0
  0
LINE
  5
6B7
330
17
100
AcDbEntity
  8
可见轮廓
  6
CONTINUOUS
100
AcDbLine
 10
203.3843325638122
 20
85.0
 30
0.0
 11
203.61182045095327
 21
85.0
 31
0.0
  0
LINE
  5
6B8
330
17
100
AcDbEntity
  8
可见轮廓
  6
CONTINUOUS
100
AcDbLine
 10
203.61182045095327
 20
85.0
 30
0.0
 11
203.83764812802983
 21
85.0
 31
0.0
  0
LINE
  5
6B9
330
17
100
AcDbEntity
  8
可见轮廓
  6
CONTINUOUS
100
AcDbLine
 10
203.83764812802983
 20
85.0
 30
0.0
 11
204.0618026715631
 21
85.0
 31
0.0
  0
LINE
  5
6BA
330
17
100
AcDbEntity
  8
可见轮廓
  6
CONTINUOUS
100
AcDbLine
 10
204.0618026715631
 20
85.0
 30
0.0
 11
204.2842712474619
 21
85.0
 31
0.0
  0
LINE
  5
6BB
330
17
100
AcDbEntity
  8
可见轮廓
  6
CONTINUOUS
100
AcDbLine
 10
204.2842712474619
 20
85.0
 30
0.0
 11
204.50489818392066
 21
85.0
 31
0.0
  0
LINE
  5
6BC
330
17
100
AcDbEntity
  8
可见轮廓
  6
CONTINUOUS
100
AcDbLine
 10
204.50489818392066
 20
85.0
 30
0.0
 11
204.7238112531149
 21
85.0
 31
0.0
  0
LINE
  5
6BD
330
17
100
AcDbEntity
  8
可见轮廓
  6
CONTINUOUS
100
AcDbLine
 10
204.7238112531149
 20
85.0
 30
0.0
 11
204.9409979274687
 21
85.0
 31
0.0
  0
LINE
  5
6BE
330
17
100
AcDbEntity
  8
可见轮廓
  6
CONTINUOUS
100
AcDbLine
 10
204.9409979274687
 20
85.0
 30
0.0
 11
205.15644577163914
 21
85.0
 31
0.0
  0
LINE
  5
6BF
330
17
100
AcDbEntity
  8
可见轮廓
  6
CONTINUOUS
100
AcDbLine
 10
205.15644577163914
 20
85.0
 30
0.0
 11
205.36999518752788
 21
85.0
 31
0.0
  0
LINE
  5
6C0
330
17
100
AcDbEntity
  8
可见轮廓
  6
CONTINUOUS
100
AcDbLine
 10
205.36999518752788
 20
85.0
 30
0.0
 11
205.5817787613035
 21
85.0
 31
0.0
  0
LINE
  5
6C1
330
17
100
AcDbEntity
  8
可见轮廓
  6
CONTINUOUS
100
AcDbLine
 10
205.5817787613035
 20
85.0
 30
0.0
 11
205.7917843735902
 21
85.0
 31
0.0
  0
LINE
  5
6C2
330
17
100
AcDbEntity
  8
可见轮廓
  6
CONTINUOUS
100
AcDbLine
 10
205.7917843735902
 20
85.0
 30
0.0
 11
206.0
 21
85.0
 31
0.0
  0
LINE
  5
6C3
330
17
100
AcDbEntity
  8
可见轮廓
  6
CONTINUOUS
100
AcDbLine
 10
206.0
 20
90.0
 30
0.0
 11
206.0
 21
95.0
 31
0.0
  0
LINE
  5
6C4
330
17
100
AcDbEntity
  8
可见轮廓
  6
CONTINUOUS
100
AcDbLine
 10
206.0
 20
85.0
 30
0.0
 11
206.0
 21
90.0
 31
0.0
  0
LINE
  5
6C5
330
17
100
AcDbEntity
  8
可见轮廓
  6
CONTINUOUS
100
AcDbLine
 10
146.0
 20
26.0
 30
0.0
 11
146.0
 21
28.5
 31
0.0
  0
LINE
  5
6C6
330
17
100
AcDbEntity
  8
可见轮廓
  6
CONTINUOUS
100
AcDbLine
 10
146.0
 20
23.5
 30
0.0
 11
146.0
 21
26.0
 31
0.0
  0
LINE
  5
6C7
330
17
100
AcDbEntity
  8
可见轮廓
  6
CONTINUOUS
100
AcDbLine
 10
206.0
 20
26.0
 30
0.0
 11
206.0
 21
28.5
 31
0.0
  0
LINE
  5
6C8
330
17
100
AcDbEntity
  8
可见轮廓
  6
CONTINUOUS
100
AcDbLine
 10
206.0
 20
23.5
 30
0.0
 11
206.0
 21
26.0
 31
0.0
  0
LINE
  5
6C9
330
17
100
AcDbEntity
  8
可见轮廓
  6
CONTINUOUS
100
AcDbLine
 10
167.5
 20
98.45
 30
0.0
 11
167.5
 21
98.9
 31
0.0
  0
LINE
  5
6CA
330
17
100
AcDbEntity
  8
可见轮廓
  6
CONTINUOUS
100
AcDbLine
 10
167.5
 20
98.0
 30
0.0
 11
167.5
 21
98.45
 31
0.0
  0
LINE
  5
6CB
330
17
100
AcDbEntity
  8
可见轮廓
  6
CONTINUOUS
100
AcDbLine
 10
151.0
 20
96.5
 30
0.0
 11
151.0
 21
98.0
 31
0.0
  0
LINE
  5
6CC
330
17
100
AcDbEntity
  8
可见轮廓
  6
CONTINUOUS
100
AcDbLine
 10
151.0
 20
95.0
 30
0.0
 11
151.0
 21
96.5
 31
0.0
  0
LINE
  5
6CD
330
17
100
AcDbEntity
  8
可见轮廓
  6
CONTINUOUS
100
AcDbLine
 10
146.0
 20
56.75
 30
0.0
 11
146.0
 21
85.0
 31
0.0
  0
LINE
  5
6CE
330
17
100
AcDbEntity
  8
可见轮廓
  6
CONTINUOUS
100
AcDbLine
 10
146.0
 20
28.5
 30
0.0
 11
146.0
 21
56.75
 31
0.0
  0
LINE
  5
6CF
330
17
100
AcDbEntity
  8
可见轮廓
  6
CONTINUOUS
100
AcDbLine
 10
206.0
 20
56.75
 30
0.0
 11
206.0
 21
85.0
 31
0.0
  0
LINE
  5
6D0
330
17
100
AcDbEntity
  8
可见轮廓
  6
CONTINUOUS
100
AcDbLine
 10
206.0
 20
28.5
 30
0.0
 11
206.0
 21
56.75
 31
0.0
  0
LINE
  5
6D1
330
17
100
AcDbEntity
  8
可见轮廓
  6
CONTINUOUS
100
AcDbLine
 10
201.0
 20
96.5
 30
0.0
 11
201.0
 21
98.0
 31
0.0
  0
LINE
  5
6D2
330
17
100
AcDbEntity
  8
可见轮廓
  6
CONTINUOUS
100
AcDbLine
 10
201.0
 20
95.0
 30
0.0
 11
201.0
 21
96.5
 31
0.0
  0
LINE
  5
6D3
330
17
100
AcDbEntity
  8
可见轮廓
  6
CONTINUOUS
100
AcDbLine
 10
184.5
 20
98.45
 30
0.0
 11
184.5
 21
98.9
 31
0.0
  0
LINE
  5
6D4
330
17
100
AcDbEntity
  8
可见轮廓
  6
CONTINUOUS
100
AcDbLine
 10
184.5
 20
98.0
 30
0.0
 11
184.5
 21
98.45
 31
0.0
  0
LINE
  5
6D5
330
17
100
AcDbEntity
  8
可见轮廓
  6
CONTINUOUS
100
AcDbLine
 10
200.7487373415294
 20
2.0
 30
0.0
 11
200.7487373415294
 21
2.0
 31
0.0
  0
LINE
  5
6D6
330
17
100
AcDbEntity
  8
可见轮廓
  6
CONTINUOUS
100
AcDbLine
 10
151.2512626584708
 20
2.0
 30
0.0
 11
151.2512626584708
 21
2.0
 31
0.0
  0
LINE
  5
6D7
330
17
100
AcDbEntity
  8
可见轮廓
  6
CONTINUOUS
100
AcDbLine
 10
176.0
 20
2.0
 30
0.0
 11
176.0
 21
2.0
 31
0.0
  0
LINE
  5
6D8
330
17
100
AcDbEntity
  8
可见轮廓
  6
CONTINUOUS
100
AcDbLine
 10
176.0
 20
7.0
 30
0.0
 11
176.0
 21
7.0
 31
0.0
  0
LINE
  5
6D9
330
17
100
AcDbEntity
  8
可见轮廓
  6
CONTINUOUS
100
AcDbLine
 10
176.0
 20
8.0
 30
0.0
 11
176.0
 21
8.0
 31
0.0
  0
LINE
  5
6DA
330
17
100
AcDbEntity
  8
可见轮廓
  6
CONTINUOUS
100
AcDbLine
 10
176.0
 20
28.5
 30
0.0
 11
176.0
 21
28.5
 31
0.0
  0
LINE
  5
6DB
330
17
100
AcDbEntity
  8
可见轮廓
  6
CONTINUOUS
100
AcDbLine
 10
146.0
 20
2.0
 30
0.0
 11
149.5424868893541
 21
2.0
 31
0.0
  0
LINE
  5
6DC
330
17
100
AcDbEntity
  8
可见轮廓
  6
CONTINUOUS
100
AcDbLine
 10
202.4575131106459
 20
2.0
 30
0.0
 11
206.0
 21
2.0
 31
0.0
  0
LINE
  5
6DD
330
17
100
AcDbEntity
  8
可见轮廓
  6
CONTINUOUS
100
AcDbLine
 10
176.0
 20
98.9
 30
0.0
 11
181.65685424949237
 21
98.9
 31
0.0
  0
LINE
  5
6DE
330
17
100
AcDbEntity
  8
可见轮廓
  6
CONTINUOUS
100
AcDbLine
 10
176.0
 20
98.9
 30
0.0
 11
176.0
 21
98.9
 31
0.0
  0
LINE
  5
6DF
330
17
100
AcDbEntity
  8
可见轮廓
  6
CONTINUOUS
100
AcDbLine
 10
176.0
 20
98.0
 30
0.0
 11
176.0
 21
98.0
 31
0.0
  0
LINE
  5
6E0
330
17
100
AcDbEntity
  8
可见轮廓
  6
CONTINUOUS
100
AcDbLine
 10
200.7487373415292
 20
95.0
 30
0.0
 11
200.7487373415292
 21
95.0
 31
0.0
  0
LINE
  5
6E1
330
17
100
AcDbEntity
  8
可见轮廓
  6
CONTINUOUS
100
AcDbLine
 10
200.7487373415294
 20
95.0
 30
0.0
 11
203.4987373415294
 21
95.0
 31
0.0
  0
LINE
  5
6E2
330
17
100
AcDbEntity
  8
可见轮廓
  6
CONTINUOUS
100
AcDbLine
 10
197.9987373415294
 20
95.0
 30
0.0
 11
200.7487373415294
 21
95.0
 31
0.0
  0
LINE
  5
6E3
330
17
100
AcDbEntity
  8
可见轮廓
  6
CONTINUOUS
100
AcDbLine
 10
151.2512626584708
 20
95.0
 30
0.0
 11
151.2512626584708
 21
95.0
 31
0.0
  0
LINE
  5
6E4
330
17
100
AcDbEntity
  8
可见轮廓
  6
CONTINUOUS
100
AcDbLine
 10
151.2512626584708
 20
95.0
 30
0.0
 11
154.0012626584708
 21
95.0
 31
0.0
  0
LINE
  5
6E5
330
17
100
AcDbEntity
  8
可见轮廓
  6
CONTINUOUS
100
AcDbLine
 10
148.5012626584708
 20
95.0
 30
0.0
 11
151.2512626584708
 21
95.0
 31
0.0
  0
LINE
  5
6E6
330
17
100
AcDbEntity
  8
可见轮廓
  6
CONTINUOUS
100
AcDbLine
 10
151.2512626584708
 20
85.0
 30
0.0
 11
151.2512626584708
 21
85.0
 31
0.0
  0
LINE
  5
6E7
330
17
100
AcDbEntity
  8
可见轮廓
  6
CONTINUOUS
100
AcDbLine
 10
200.7487373415294
 20
85.0
 30
0.0
 11
200.7487373415294
 21
85.0
 31
0.0
  0
LINE
  5
6E8
330
17
100
AcDbEntity
  8
可见轮廓
  6
CONTINUOUS
100
AcDbLine
 10
202.3987373415294
 20
2.0
 30
0.0
 11
202.3987373415294
 21
12.099999999999998
 31
0.0
  0
LINE
  5
6E9
330
17
100
AcDbEntity
  8
可见轮廓
  6
CONTINUOUS
100
AcDbLine
 10
200.7487373415294
 20
2.0
 30
0.0
 11
200.7487373415294
 21
12.099999999999998
 31
0.0
  0
LINE
  5
6EA
330
17
100
AcDbEntity
  8
可见轮廓
  6
CONTINUOUS
100
AcDbLine
 10
152.90126265847078
 20
2.0
 30
0.0
 11
152.90126265847078
 21
12.099999999999998
 31
0.0
  0
LINE
  5
6EB
330
17
100
AcDbEntity
  8
可见轮廓
  6
CONTINUOUS
100
AcDbLine
 10
151.2512626584708
 20
2.0
 30
0.0
 11
151.2512626584708
 21
12.099999999999998
 31
0.0
  0
LINE
  5
6EC
330
17
100
AcDbEntity
  8
可见轮廓
  6
CONTINUOUS
100
AcDbLine
 10
201.0
 20
2.0
 30
0.0
 11
201.0
 21
7.0
 31
0.0
  0
LINE
  5
6ED
330
17
100
AcDbEntity
  8
可见轮廓
  6
CONTINUOUS
100
AcDbLine
 10
176.0
 20
2.0
 30
0.0
 11
176.0
 21
7.0
 31
0.0
  0
LINE
  5
6EE
330
17
100
AcDbEntity
  8
可见轮廓
  6
CONTINUOUS
100
AcDbLine
 10
183.0
 20
8.0
 30
0.0
 11
183.0
 21
28.5
 31
0.0
  0
LINE
  5
6EF
330
17
100
AcDbEntity
  8
可见轮廓
  6
CONTINUOUS
100
AcDbLine
 10
176.0
 20
8.0
 30
0.0
 11
176.0
 21
28.5
 31
0.0
  0
LINE
  5
6F0
330
17
100
AcDbEntity
  8
可见轮廓
  6
CONTINUOUS
100
AcDbLine
 10
136.0
 20
21.73673019291535
 30
0.0
 11
146.0000000289697
 21
23.500000005108106
 31
0.0
  0
LINE
  5
6F1
330
17
100
AcDbEntity
  8
可见轮廓
  6
CONTINUOUS
100
AcDbLine
 10
176.0
 20
21.73673019291535
 30
0.0
 11
176.0
 21
23.500000005108102
 31
0.0
  0
LINE
  5
6F2
330
17
100
AcDbEntity
  8
可见轮廓
  6
CONTINUOUS
100
AcDbLine
 10
205.9999999710303
 20
23.500000005108106
 30
0.0
 11
216.0
 21
21.73673019291535
 31
0.0
  0
LINE
  5
6F3
330
17
100
AcDbEntity
  8
可见轮廓
  6
CONTINUOUS
100
AcDbLine
 10
202.4575131106459
 20
2.0
 30
0.0
 11
202.4575131106459
 21
21.73673019291535
 31
0.0
  0
LINE
  5
6F4
330
17
100
AcDbEntity
  8
可见轮廓
  6
CONTINUOUS
100
AcDbLine
 10
206.0
 20
2.0
 30
0.0
 11
206.0
 21
21.73673019291535
 31
0.0
  0
LINE
  5
6F5
330
17
100
AcDbEntity
  8
可见轮廓
  6
CONTINUOUS
100
AcDbLine
 10
149.5424868893541
 20
2.0
 30
0.0
 11
149.5424868893541
 21
21.73673019291535
 31
0.0
  0
LINE
  5
6F6
330
17
100
AcDbEntity
  8
可见轮廓
  6
CONTINUOUS
100
AcDbLine
 10
145.99999999999997
 20
2.0
 30
0.0
 11
145.99999999999997
 21
21.73673019291535
 31
0.0
  0
LINE
  5
6F7
330
17
100
AcDbEntity
  8
可见轮廓
  6
CONTINUOUS
100
AcDbLine
 10
146.0
 20
23.5
 30
0.0
 11
146.0
 21
28.5
 31
0.0
  0
LINE
  5
6F8
330
17
100
AcDbEntity
  8
可见轮廓
  6
CONTINUOUS
100
AcDbLine
 10
176.0
 20
23.5
 30
0.0
 11
176.0
 21
28.5
 31
0.0
  0
LINE
  5
6F9
330
17
100
AcDbEntity
  8
可见轮廓
  6
CONTINUOUS
100
AcDbLine
 10
206.0
 20
23.5
 30
0.0
 11
206.0
 21
28.5
 31
0.0
  0
LINE
  5
6FA
330
17
100
AcDbEntity
  8
可见轮廓
  6
CONTINUOUS
100
AcDbLine
 10
176.0
 20
8.0
 30
0.0
 11
176.0
 21
25.5
 31
0.0
  0
LINE
  5
6FB
330
17
100
AcDbEntity
  8
可见轮廓
  6
CONTINUOUS
100
AcDbLine
 10
169.0
 20
8.0
 30
0.0
 11
169.0
 21
28.5
 31
0.0
  0
LINE
  5
6FC
330
17
100
AcDbEntity
  8
可见轮廓
  6
CONTINUOUS
100
AcDbLine
 10
151.0
 20
2.0
 30
0.0
 11
151.0
 21
7.0
 31
0.0
  0
LINE
  5
6FD
330
17
100
AcDbEntity
  8
可见轮廓
  6
CONTINUOUS
100
AcDbLine
 10
199.09873734152922
 20
2.0
 30
0.0
 11
199.09873734152922
 21
12.099999999999998
 31
0.0
  0
LINE
  5
6FE
330
17
100
AcDbEntity
  8
可见轮廓
  6
CONTINUOUS
100
AcDbLine
 10
149.6012626584708
 20
2.0
 30
0.0
 11
149.6012626584708
 21
12.099999999999998
 31
0.0
  0
LINE
  5
6FF
330
17
100
AcDbEntity
  8
可见轮廓
  6
CONTINUOUS
100
AcDbLine
 10
184.0
 20
28.5
 30
0.0
 11
184.0
 21
33.5
 31
0.0
  0
LINE
  5
700
330
17
100
AcDbEntity
  8
可见轮廓
  6
CONTINUOUS
100
AcDbLine
 10
176.0
 20
28.5
 30
0.0
 11
176.0
 21
33.5
 31
0.0
  0
LINE
  5
701
330
17
100
AcDbEntity
  8
可见轮廓
  6
CONTINUOUS
100
AcDbLine
 10
181.65685424949237
 20
70.9
 30
0.0
 11
181.65685424949237
 21
98.9
 31
0.0
  0
LINE
  5
702
330
17
100
AcDbEntity
  8
可见轮廓
  6
CONTINUOUS
100
AcDbLine
 10
167.5
 20
98.0
 30
0.0
 11
167.5
 21
98.9
 31
0.0
  0
LINE
  5
703
330
17
100
AcDbEntity
  8
可见轮廓
  6
CONTINUOUS
100
AcDbLine
 10
176.0
 20
98.0
 30
0.0
 11
176.0
 21
98.9
 31
0.0
  0
LINE
  5
704
330
17
100
AcDbEntity
  8
可见轮廓
  6
CONTINUOUS
100
AcDbLine
 10
151.0
 20
95.0
 30
0.0
 11
151.0
 21
98.0
 31
0.0
  0
LINE
  5
705
330
17
100
AcDbEntity
  8
可见轮廓
  6
CONTINUOUS
100
AcDbLine
 10
176.0
 20
95.0
 30
0.0
 11
176.0
 21
98.0
 31
0.0
  0
LINE
  5
706
330
17
100
AcDbEntity
  8
可见轮廓
  6
CONTINUOUS
100
AcDbLine
 10
151.2512626584708
 20
85.0
 30
0.0
 11
151.2512626584708
 21
95.0
 31
0.0
  0
LINE
  5
707
330
17
100
AcDbEntity
  8
可见轮廓
  6
CONTINUOUS
100
AcDbLine
 10
154.0012626584708
 20
85.0
 30
0.0
 11
154.0012626584708
 21
95.0
 31
0.0
  0
LINE
  5
708
330
17
100
AcDbEntity
  8
可见轮廓
  6
CONTINUOUS
100
AcDbLine
 10
203.4987373415294
 20
85.0
 30
0.0
 11
203.4987373415294
 21
95.0
 31
0.0
  0
LINE
  5
709
330
17
100
AcDbEntity
  8
可见轮廓
  6
CONTINUOUS
100
AcDbLine
 10
200.7487373415294
 20
85.0
 30
0.0
 11
200.7487373415294
 21
95.0
 31
0.0
  0
LINE
  5
70A
330
17
100
AcDbEntity
  8
可见轮廓
  6
CONTINUOUS
100
AcDbLine
 10
145.99999999999997
 20
85.0
 30
0.0
 11
145.99999999999997
 21
95.0
 31
0.0
  0
LINE
  5
70B
330
17
100
AcDbEntity
  8
可见轮廓
  6
CONTINUOUS
100
AcDbLine
 10
149.5424868893541
 20
85.0
 30
0.0
 11
149.5424868893541
 21
95.0
 31
0.0
  0
LINE
  5
70C
330
17
100
AcDbEntity
  8
可见轮廓
  6
CONTINUOUS
100
AcDbLine
 10
206.0
 20
85.0
 30
0.0
 11
206.0
 21
95.0
 31
0.0
  0
LINE
  5
70D
330
17
100
AcDbEntity
  8
可见轮廓
  6
CONTINUOUS
100
AcDbLine
 10
202.4575131106459
 20
85.0
 30
0.0
 11
202.4575131106459
 21
95.0
 31
0.0
  0
LINE
  5
70E
330
17
100
AcDbEntity
  8
可见轮廓
  6
CONTINUOUS
100
AcDbLine
 10
146.0
 20
28.5
 30
0.0
 11
146.0
 21
85.0
 31
0.0
  0
LINE
  5
70F
330
17
100
AcDbEntity
  8
可见轮廓
  6
CONTINUOUS
100
AcDbLine
 10
176.0
 20
28.5
 30
0.0
 11
176.0
 21
85.0
 31
0.0
  0
LINE
  5
710
330
17
100
AcDbEntity
  8
可见轮廓
  6
CONTINUOUS
100
AcDbLine
 10
206.0
 20
28.5
 30
0.0
 11
206.0
 21
85.0
 31
0.0
  0
LINE
  5
711
330
17
100
AcDbEntity
  8
可见轮廓
  6
CONTINUOUS
100
AcDbLine
 10
197.9987373415294
 20
85.0
 30
0.0
 11
197.9987373415294
 21
95.0
 31
0.0
  0
LINE
  5
712
330
17
100
AcDbEntity
  8
可见轮廓
  6
CONTINUOUS
100
AcDbLine
 10
148.5012626584708
 20
85.0
 30
0.0
 11
148.5012626584708
 21
95.0
 31
0.0
  0
LINE
  5
713
330
17
100
AcDbEntity
  8
可见轮廓
  6
CONTINUOUS
100
AcDbLine
 10
201.0
 20
95.0
 30
0.0
 11
201.0
 21
98.0
 31
0.0
  0
LINE
  5
714
330
17
100
AcDbEntity
  8
可见轮廓
  6
CONTINUOUS
100
AcDbLine
 10
184.5
 20
98.0
 30
0.0
 11
184.5
 21
98.9
 31
0.0
  0
LINE
  5
715
330
17
100
AcDbEntity
  8
可见轮廓
  6
CONTINUOUS
100
AcDbLine
 10
176.0
 20
70.9
 30
0.0
 11
176.0
 21
98.9
 31
0.0
  0
LINE
  5
716
330
17
100
AcDbEntity
  8
可见轮廓
  6
CONTINUOUS
100
AcDbLine
 10
170.0
 20
70.9
 30
0.0
 11
170.0
 21
98.9
 31
0.0
  0
LINE
  5
717
330
17
100
AcDbEntity
  8
可见轮廓
  6
CONTINUOUS
100
AcDbLine
 10
168.0
 20
28.5
 30
0.0
 11
168.0
 21
33.5
 31
0.0
  0
LINE
  5
718
330
17
100
AcDbEntity
  8
隐藏线
  6
HIDDEN
100
AcDbLine
 10
200.7487373415294
 20
2.0
 30
0.0
 11
201.07029234369296
 21
2.0
 31
0.0
  0
LINE
  5
719
330
17
100
AcDbEntity
  8
隐藏线
  6
HIDDEN
100
AcDbLine
 10
201.07029234369296
 20
2.0
 30
0.0
 11
201.3791716524144
 21
2.0
 31
0.0
  0
LINE
  5
71A
330
17
100
AcDbEntity
  8
隐藏线
  6
HIDDEN
100
AcDbLine
 10
201.3791716524144
 20
2.0
 30
0.0
 11
201.66431657948385
 21
2.0
 31
0.0
  0
LINE
  5
71B
330
17
100
AcDbEntity
  8
隐藏线
  6
HIDDEN
100
AcDbLine
 10
201.66431657948385
 20
2.0
 30
0.0
 11
201.91546353048722
 21
2.0
 31
0.0
  0
LINE
  5
71C
330
17
100
AcDbEntity
  8
隐藏线
  6
HIDDEN
100
AcDbLine
 10
201.91546353048722
 20
2.0
 30
0.0
 11
202.11906402459246
 21
2.0
 31
0.0
  0
LINE
  5
71D
330
17
100
AcDbEntity
  8
隐藏线
  6
HIDDEN
100
AcDbLine
 10
202.11906402459246
 20
2.0
 30
0.0
 11
202.2707404050533
 21
2.0
 31
0.0
  0
LINE
  5
71E
330
17
100
AcDbEntity
  8
隐藏线
  6
HIDDEN
100
AcDbLine
 10
202.2707404050533
 20
2.0
 30
0.0
 11
202.36511691943537
 21
2.0
 31
0.0
  0
LINE
  5
71F
330
17
100
AcDbEntity
  8
隐藏线
  6
HIDDEN
100
AcDbLine
 10
202.36511691943537
 20
2.0
 30
0.0
 11
202.3987373415294
 21
2.0
 31
0.0
  0
LINE
  5
720
330
17
100
AcDbEntity
  8
隐藏线
  6
HIDDEN
100
AcDbLine
 10
200.7487373415294
 20
12.099999999999998
 30
0.0
 11
201.07029234369296
 21
12.099999999999998
 31
0.0
  0
LINE
  5
721
330
17
100
AcDbEntity
  8
隐藏线
  6
HIDDEN
100
AcDbLine
 10
201.07029234369296
 20
12.099999999999998
 30
0.0
 11
201.3791716524144
 21
12.099999999999998
 31
0.0
  0
LINE
  5
722
330
17
100
AcDbEntity
  8
隐藏线
  6
HIDDEN
100
AcDbLine
 10
201.3791716524144
 20
12.099999999999998
 30
0.0
 11
201.66431657948385
 21
12.099999999999998
 31
0.0
  0
LINE
  5
723
330
17
100
AcDbEntity
  8
隐藏线
  6
HIDDEN
100
AcDbLine
 10
201.66431657948385
 20
12.099999999999998
 30
0.0
 11
201.91546353048722
 21
12.099999999999998
 31
0.0
  0
LINE
  5
724
330
17
100
AcDbEntity
  8
隐藏线
  6
HIDDEN
100
AcDbLine
 10
201.91546353048722
 20
12.099999999999998
 30
0.0
 11
202.11906402459246
 21
12.099999999999998
 31
0.0
  0
LINE
  5
725
330
17
100
AcDbEntity
  8
隐藏线
  6
HIDDEN
100
AcDbLine
 10
202.11906402459246
 20
12.099999999999998
 30
0.0
 11
202.2707404050533
 21
12.099999999999998
 31
0.0
  0
LINE
  5
726
330
17
100
AcDbEntity
  8
隐藏线
  6
HIDDEN
100
AcDbLine
 10
202.2707404050533
 20
12.099999999999998
 30
0.0
 11
202.36511691943537
 21
12.099999999999998
 31
0.0
  0
LINE
  5
727
330
17
100
AcDbEntity
  8
隐藏线
  6
HIDDEN
100
AcDbLine
 10
202.36511691943537
 20
12.099999999999998
 30
0.0
 11
202.3987373415294
 21
12.099999999999998
 31
0.0
  0
LINE
  5
728
330
17
100
AcDbEntity
  8
隐藏线
  6
HIDDEN
100
AcDbLine
 10
151.2512626584708
 20
2.0
 30
0.0
 11
151.57281766063434
 21
2.0
 31
0.0
  0
LINE
  5
729
330
17
100
AcDbEntity
  8
隐藏线
  6
HIDDEN
100
AcDbLine
 10
151.57281766063434
 20
2.0
 30
0.0
 11
151.8816969693558
 21
2.0
 31
0.0
  0
LINE
  5
72A
330
17
100
AcDbEntity
  8
隐藏线
  6
HIDDEN
100
AcDbLine
 10
151.8816969693558
 20
2.0
 30
0.0
 11
152.16684189642527
 21
2.0
 31
0.0
  0
LINE
  5
72B
330
17
100
AcDbEntity
  8
隐藏线
  6
HIDDEN
100
AcDbLine
 10
152.16684189642527
 20
2.0
 30
0.0
 11
152.4179888474286
 21
2.0
 31
0.0
  0
LINE
  5
72C
330
17
100
AcDbEntity
  8
隐藏线
  6
HIDDEN
100
AcDbLine
 10
152.4179888474286
 20
2.0
 30
0.0
 11
152.62158934153388
 21
2.0
 31
0.0
  0
LINE
  5
72D
330
17
100
AcDbEntity
  8
隐藏线
  6
HIDDEN
100
AcDbLine
 10
152.62158934153388
 20
2.0
 30
0.0
 11
152.7732657219947
 21
2.0
 31
0.0
  0
LINE
  5
72E
330
17
100
AcDbEntity
  8
隐藏线
  6
HIDDEN
100
AcDbLine
 10
152.7732657219947
 20
2.0
 30
0.0
 11
152.86764223637678
 21
2.0
 31
0.0
  0
LINE
  5
72F
330
17
100
AcDbEntity
  8
隐藏线
  6
HIDDEN
100
AcDbLine
 10
152.86764223637678
 20
2.0
 30
0.0
 11
152.90126265847078
 21
2.0
 31
0.0
  0
LINE
  5
730
330
17
100
AcDbEntity
  8
隐藏线
  6
HIDDEN
100
AcDbLine
 10
151.2512626584708
 20
12.099999999999998
 30
0.0
 11
151.57281766063434
 21
12.099999999999998
 31
0.0
  0
LINE
  5
731
330
17
100
AcDbEntity
  8
隐藏线
  6
HIDDEN
100
AcDbLine
 10
151.57281766063434
 20
12.099999999999998
 30
0.0
 11
151.8816969693558
 21
12.099999999999998
 31
0.0
  0
LINE
  5
732
330
17
100
AcDbEntity
  8
隐藏线
  6
HIDDEN
100
AcDbLine
 10
151.8816969693558
 20
12.099999999999998
 30
0.0
 11
152.16684189642527
 21
12.099999999999998
 31
0.0
  0
LINE
  5
733
330
17
100
AcDbEntity
  8
隐藏线
  6
HIDDEN
100
AcDbLine
 10
152.16684189642527
 20
12.099999999999998
 30
0.0
 11
152.4179888474286
 21
12.099999999999998
 31
0.0
  0
LINE
  5
734
330
17
100
AcDbEntity
  8
隐藏线
  6
HIDDEN
100
AcDbLine
 10
152.4179888474286
 20
12.099999999999998
 30
0.0
 11
152.62158934153388
 21
12.099999999999998
 31
0.0
  0
LINE
  5
735
330
17
100
AcDbEntity
  8
隐藏线
  6
HIDDEN
100
AcDbLine
 10
152.62158934153388
 20
12.099999999999998
 30
0.0
 11
152.7732657219947
 21
12.099999999999998
 31
0.0
  0
LINE
  5
736
330
17
100
AcDbEntity
  8
隐藏线
  6
HIDDEN
100
AcDbLine
 10
152.7732657219947
 20
12.099999999999998
 30
0.0
 11
152.86764223637678
 21
12.099999999999998
 31
0.0
  0
LINE
  5
737
330
17
100
AcDbEntity
  8
隐藏线
  6
HIDDEN
100
AcDbLine
 10
152.86764223637678
 20
12.099999999999998
 30
0.0
 11
152.90126265847078
 21
12.099999999999998
 31
0.0
  0
LINE
  5
738
330
17
100
AcDbEntity
  8
隐藏线
  6
HIDDEN
100
AcDbLine
 10
176.0
 20
2.0
 30
0.0
 11
180.87204548732657
 21
2.0
 31
0.0
  0
LINE
  5
739
330
17
100
AcDbEntity
  8
隐藏线
  6
HIDDEN
100
AcDbLine
 10
180.87204548732657
 20
2.0
 30
0.0
 11
185.55203501340907
 21
2.0
 31
0.0
  0
LINE
  5
73A
330
17
100
AcDbEntity
  8
隐藏线
  6
HIDDEN
100
AcDbLine
 10
185.55203501340907
 20
2.0
 30
0.0
 11
189.87241269627964
 21
2.0
 31
0.0
  0
LINE
  5
73B
330
17
100
AcDbEntity
  8
隐藏线
  6
HIDDEN
100
AcDbLine
 10
189.87241269627964
 20
2.0
 30
0.0
 11
193.6776695296637
 21
2.0
 31
0.0
  0
LINE
  5
73C
330
17
100
AcDbEntity
  8
隐藏线
  6
HIDDEN
100
AcDbLine
 10
193.6776695296637
 20
2.0
 30
0.0
 11
196.76252550095552
 21
2.0
 31
0.0
  0
LINE
  5
73D
330
17
100
AcDbEntity
  8
隐藏线
  6
HIDDEN
100
AcDbLine
 10
196.76252550095552
 20
2.0
 30
0.0
 11
199.06065247763485
 21
2.0
 31
0.0
  0
LINE
  5
73E
330
17
100
AcDbEntity
  8
隐藏线
  6
HIDDEN
100
AcDbLine
 10
199.06065247763485
 20
2.0
 30
0.0
 11
200.49059966524197
 21
2.0
 31
0.0
  0
LINE
  5
73F
330
17
100
AcDbEntity
  8
隐藏线
  6
HIDDEN
100
AcDbLine
 10
200.49059966524197
 20
2.0
 30
0.0
 11
201.0
 21
2.0
 31
0.0
  0
LINE
  5
740
330
17
100
AcDbEntity
  8
隐藏线
  6
HIDDEN
100
AcDbLine
 10
176.0
 20
7.0
 30
0.0
 11
180.87204548732657
 21
7.0
 31
0.0
  0
LINE
  5
741
330
17
100
AcDbEntity
  8
隐藏线
  6
HIDDEN
100
AcDbLine
 10
180.87204548732657
 20
7.0
 30
0.0
 11
185.55203501340907
 21
7.0
 31
0.0
  0
LINE
  5
742
330
17
100
AcDbEntity
  8
隐藏线
  6
HIDDEN
100
AcDbLine
 10
185.55203501340907
 20
7.0
 30
0.0
 11
189.87241269627964
 21
7.0
 31
0.0
  0
LINE
  5
743
330
17
100
AcDbEntity
  8
隐藏线
  6
HIDDEN
100
AcDbLine
 10
189.87241269627964
 20
7.0
 30
0.0
 11
193.6776695296637
 21
7.0
 31
0.0
  0
LINE
  5
744
330
17
100
AcDbEntity
  8
隐藏线
  6
HIDDEN
100
AcDbLine
 10
193.6776695296637
 20
7.0
 30
0.0
 11
196.76252550095552
 21
7.0
 31
0.0
  0
LINE
  5
745
330
17
100
AcDbEntity
  8
隐藏线
  6
HIDDEN
100
AcDbLine
 10
196.76252550095552
 20
7.0
 30
0.0
 11
199.06065247763485
 21
7.0
 31
0.0
  0
LINE
  5
746
330
17
100
AcDbEntity
  8
隐藏线
  6
HIDDEN
100
AcDbLine
 10
199.06065247763485
 20
7.0
 30
0.0
 11
200.49059966524197
 21
7.0
 31
0.0
  0
LINE
  5
747
330
17
100
AcDbEntity
  8
隐藏线
  6
HIDDEN
100
AcDbLine
 10
200.49059966524197
 20
7.0
 30
0.0
 11
201.0
 21
7.0
 31
0.0
  0
LINE
  5
748
330
17
100
AcDbEntity
  8
隐藏线
  6
HIDDEN
100
AcDbLine
 10
171.90748179064568
 20
7.0
 30
0.0
 11
176.0
 21
7.0
 31
0.0
  0
LINE
  5
749
330
17
100
AcDbEntity
  8
隐藏线
  6
HIDDEN
100
AcDbLine
 10
167.9762905887364
 20
7.0
 30
0.0
 11
171.90748179064568
 21
7.0
 31
0.0
  0
LINE
  5
74A
330
17
100
AcDbEntity
  8
隐藏线
  6
HIDDEN
100
AcDbLine
 10
164.3471733351251
 20
7.0
 30
0.0
 11
167.9762905887364
 21
7.0
 31
0.0
  0
LINE
  5
74B
330
17
100
AcDbEntity
  8
隐藏线
  6
HIDDEN
100
AcDbLine
 10
161.1507575950825
 20
7.0
 30
0.0
 11
164.3471733351251
 21
7.0
 31
0.0
  0
LINE
  5
74C
330
17
100
AcDbEntity
  8
隐藏线
  6
HIDDEN
100
AcDbLine
 10
158.55947857919736
 20
7.0
 30
0.0
 11
161.1507575950825
 21
7.0
 31
0.0
  0
LINE
  5
74D
330
17
100
AcDbEntity
  8
隐藏线
  6
HIDDEN
100
AcDbLine
 10
156.62905191878673
 20
7.0
 30
0.0
 11
158.55947857919736
 21
7.0
 31
0.0
  0
LINE
  5
74E
330
17
100
AcDbEntity
  8
隐藏线
  6
HIDDEN
100
AcDbLine
 10
155.42789628119675
 20
7.0
 30
0.0
 11
156.62905191878673
 21
7.0
 31
0.0
  0
LINE
  5
74F
330
17
100
AcDbEntity
  8
隐藏线
  6
HIDDEN
100
AcDbLine
 10
155.0
 20
7.0
 30
0.0
 11
155.42789628119675
 21
7.0
 31
0.0
  0
LINE
  5
750
330
17
100
AcDbEntity
  8
隐藏线
  6
HIDDEN
100
AcDbLine
 10
176.0
 20
7.0
 30
0.0
 11
180.09251820935432
 21
7.0
 31
0.0
  0
LINE
  5
751
330
17
100
AcDbEntity
  8
隐藏线
  6
HIDDEN
100
AcDbLine
 10
180.09251820935432
 20
7.0
 30
0.0
 11
184.0237094112636
 21
7.0
 31
0.0
  0
LINE
  5
752
330
17
100
AcDbEntity
  8
隐藏线
  6
HIDDEN
100
AcDbLine
 10
184.0237094112636
 20
7.0
 30
0.0
 11
187.6528266648749
 21
7.0
 31
0.0
  0
LINE
  5
753
330
17
100
AcDbEntity
  8
隐藏线
  6
HIDDEN
100
AcDbLine
 10
187.6528266648749
 20
7.0
 30
0.0
 11
190.8492424049175
 21
7.0
 31
0.0
  0
LINE
  5
754
330
17
100
AcDbEntity
  8
隐藏线
  6
HIDDEN
100
AcDbLine
 10
190.8492424049175
 20
7.0
 30
0.0
 11
193.44052142080264
 21
7.0
 31
0.0
  0
LINE
  5
755
330
17
100
AcDbEntity
  8
隐藏线
  6
HIDDEN
100
AcDbLine
 10
193.44052142080264
 20
7.0
 30
0.0
 11
195.37094808121327
 21
7.0
 31
0.0
  0
LINE
  5
756
330
17
100
AcDbEntity
  8
隐藏线
  6
HIDDEN
100
AcDbLine
 10
195.37094808121327
 20
7.0
 30
0.0
 11
196.57210371880325
 21
7.0
 31
0.0
  0
LINE
  5
757
330
17
100
AcDbEntity
  8
隐藏线
  6
HIDDEN
100
AcDbLine
 10
196.57210371880325
 20
7.0
 30
0.0
 11
197.0
 21
7.0
 31
0.0
  0
LINE
  5
758
330
17
100
AcDbEntity
  8
隐藏线
  6
HIDDEN
100
AcDbLine
 10
171.12795451267343
 20
7.0
 30
0.0
 11
176.0
 21
7.0
 31
0.0
  0
LINE
  5
759
330
17
100
AcDbEntity
  8
隐藏线
  6
HIDDEN
100
AcDbLine
 10
166.44796498659093
 20
7.0
 30
0.0
 11
171.12795451267343
 21
7.0
 31
0.0
  0
LINE
  5
75A
330
17
100
AcDbEntity
  8
隐藏线
  6
HIDDEN
100
AcDbLine
 10
162.12758730372036
 20
7.0
 30
0.0
 11
166.44796498659093
 21
7.0
 31
0.0
  0
LINE
  5
75B
330
17
100
AcDbEntity
  8
隐藏线
  6
HIDDEN
100
AcDbLine
 10
158.3223304703363
 20
7.0
 30
0.0
 11
162.12758730372036
 21
7.0
 31
0.0
  0
LINE
  5
75C
330
17
100
AcDbEntity
  8
隐藏线
  6
HIDDEN
100
AcDbLine
 10
155.23747449904448
 20
7.0
 30
0.0
 11
158.3223304703363
 21
7.0
 31
0.0
  0
LINE
  5
75D
330
17
100
AcDbEntity
  8
隐藏线
  6
HIDDEN
100
AcDbLine
 10
152.93934752236518
 20
7.0
 30
0.0
 11
155.23747449904448
 21
7.0
 31
0.0
  0
LINE
  5
75E
330
17
100
AcDbEntity
  8
隐藏线
  6
HIDDEN
100
AcDbLine
 10
151.50940033475803
 20
7.0
 30
0.0
 11
152.93934752236518
 21
7.0
 31
0.0
  0
LINE
  5
75F
330
17
100
AcDbEntity
  8
隐藏线
  6
HIDDEN
100
AcDbLine
 10
151.0
 20
7.0
 30
0.0
 11
151.50940033475803
 21
7.0
 31
0.0
  0
LINE
  5
760
330
17
100
AcDbEntity
  8
隐藏线
  6
HIDDEN
100
AcDbLine
 10
176.0
 20
8.0
 30
0.0
 11
177.36417273645145
 21
8.0
 31
0.0
  0
LINE
  5
761
330
17
100
AcDbEntity
  8
隐藏线
  6
HIDDEN
100
AcDbLine
 10
177.36417273645145
 20
8.0
 30
0.0
 11
178.67456980375454
 21
8.0
 31
0.0
  0
LINE
  5
762
330
17
100
AcDbEntity
  8
隐藏线
  6
HIDDEN
100
AcDbLine
 10
178.67456980375454
 20
8.0
 30
0.0
 11
179.8842755549583
 21
8.0
 31
0.0
  0
LINE
  5
763
330
17
100
AcDbEntity
  8
隐藏线
  6
HIDDEN
100
AcDbLine
 10
179.8842755549583
 20
8.0
 30
0.0
 11
180.94974746830584
 21
8.0
 31
0.0
  0
LINE
  5
764
330
17
100
AcDbEntity
  8
隐藏线
  6
HIDDEN
100
AcDbLine
 10
180.94974746830584
 20
8.0
 30
0.0
 11
181.81350714026755
 21
8.0
 31
0.0
  0
LINE
  5
765
330
17
100
AcDbEntity
  8
隐藏线
  6
HIDDEN
100
AcDbLine
 10
181.81350714026755
 20
8.0
 30
0.0
 11
182.45698269373776
 21
8.0
 31
0.0
  0
LINE
  5
766
330
17
100
AcDbEntity
  8
隐藏线
  6
HIDDEN
100
AcDbLine
 10
182.45698269373776
 20
8.0
 30
0.0
 11
182.85736790626774
 21
8.0
 31
0.0
  0
LINE
  5
767
330
17
100
AcDbEntity
  8
隐藏线
  6
HIDDEN
100
AcDbLine
 10
182.85736790626774
 20
8.0
 30
0.0
 11
183.0
 21
8.0
 31
0.0
  0
LINE
  5
768
330
17
100
AcDbEntity
  8
隐藏线
  6
HIDDEN
100
AcDbLine
 10
176.0
 20
28.5
 30
0.0
 11
177.36417273645145
 21
28.5
 31
0.0
  0
LINE
  5
769
330
17
100
AcDbEntity
  8
隐藏线
  6
HIDDEN
100
AcDbLine
 10
177.36417273645145
 20
28.5
 30
0.0
 11
178.67456980375454
 21
28.5
 31
0.0
  0
LINE
  5
76A
330
17
100
AcDbEntity
  8
隐藏线
  6
HIDDEN
100
AcDbLine
 10
178.67456980375454
 20
28.5
 30
0.0
 11
179.8842755549583
 21
28.5
 31
0.0
  0
LINE
  5
76B
330
17
100
AcDbEntity
  8
隐藏线
  6
HIDDEN
100
AcDbLine
 10
179.8842755549583
 20
28.5
 30
0.0
 11
180.94974746830584
 21
28.5
 31
0.0
  0
LINE
  5
76C
330
17
100
AcDbEntity
  8
隐藏线
  6
HIDDEN
100
AcDbLine
 10
180.94974746830584
 20
28.5
 30
0.0
 11
181.81350714026755
 21
28.5
 31
0.0
  0
LINE
  5
76D
330
17
100
AcDbEntity
  8
隐藏线
  6
HIDDEN
100
AcDbLine
 10
181.81350714026755
 20
28.5
 30
0.0
 11
182.45698269373776
 21
28.5
 31
0.0
  0
LINE
  5
76E
330
17
100
AcDbEntity
  8
隐藏线
  6
HIDDEN
100
AcDbLine
 10
182.45698269373776
 20
28.5
 30
0.0
 11
182.85736790626774
 21
28.5
 31
0.0
  0
LINE
  5
76F
330
17
100
AcDbEntity
  8
隐藏线
  6
HIDDEN
100
AcDbLine
 10
182.85736790626774
 20
28.5
 30
0.0
 11
183.0
 21
28.5
 31
0.0
  0
LINE
  5
770
330
17
100
AcDbEntity
  8
隐藏线
  6
HIDDEN
100
AcDbLine
 10
174.63582726354855
 20
8.0
 30
0.0
 11
176.0
 21
8.0
 31
0.0
  0
LINE
  5
771
330
17
100
AcDbEntity
  8
隐藏线
  6
HIDDEN
100
AcDbLine
 10
173.32543019624546
 20
8.0
 30
0.0
 11
174.63582726354855
 21
8.0
 31
0.0
  0
LINE
  5
772
330
17
100
AcDbEntity
  8
隐藏线
  6
HIDDEN
100
AcDbLine
 10
172.1157244450417
 20
8.0
 30
0.0
 11
173.32543019624546
 21
8.0
 31
0.0
  0
LINE
  5
773
330
17
100
AcDbEntity
  8
隐藏线
  6
HIDDEN
100
AcDbLine
 10
171.05025253169416
 20
8.0
 30
0.0
 11
172.1157244450417
 21
8.0
 31
0.0
  0
LINE
  5
774
330
17
100
AcDbEntity
  8
隐藏线
  6
HIDDEN
100
AcDbLine
 10
170.18649285973245
 20
8.0
 30
0.0
 11
171.05025253169416
 21
8.0
 31
0.0
  0
LINE
  5
775
330
17
100
AcDbEntity
  8
隐藏线
  6
HIDDEN
100
AcDbLine
 10
169.54301730626224
 20
8.0
 30
0.0
 11
170.18649285973245
 21
8.0
 31
0.0
  0
LINE
  5
776
330
17
100
AcDbEntity
  8
隐藏线
  6
HIDDEN
100
AcDbLine
 10
169.14263209373226
 20
8.0
 30
0.0
 11
169.54301730626224
 21
8.0
 31
0.0
  0
LINE
  5
777
330
17
100
AcDbEntity
  8
隐藏线
  6
HIDDEN
100
AcDbLine
 10
169.0
 20
8.0
 30
0.0
 11
169.14263209373226
 21
8.0
 31
0.0
  0
LINE
  5
778
330
17
100
AcDbEntity
  8
隐藏线
  6
HIDDEN
100
AcDbLine
 10
172.881890888111
 20
8.0
 30
0.0
 11
176.0
 21
8.0
 31
0.0
  0
LINE
  5
779
330
17
100
AcDbEntity
  8
隐藏线
  6
HIDDEN
100
AcDbLine
 10
169.8866975914182
 20
8.0
 30
0.0
 11
172.881890888111
 21
8.0
 31
0.0
  0
LINE
  5
77A
330
17
100
AcDbEntity
  8
隐藏线
  6
HIDDEN
100
AcDbLine
 10
167.12165587438102
 20
8.0
 30
0.0
 11
169.8866975914182
 21
8.0
 31
0.0
  0
LINE
  5
77B
330
17
100
AcDbEntity
  8
隐藏线
  6
HIDDEN
100
AcDbLine
 10
164.68629150101523
 20
8.0
 30
0.0
 11
167.12165587438102
 21
8.0
 31
0.0
  0
LINE
  5
77C
330
17
100
AcDbEntity
  8
隐藏线
  6
HIDDEN
100
AcDbLine
 10
162.71198367938848
 20
8.0
 30
0.0
 11
164.68629150101523
 21
8.0
 31
0.0
  0
LINE
  5
77D
330
17
100
AcDbEntity
  8
隐藏线
  6
HIDDEN
100
AcDbLine
 10
161.2411824143137
 20
8.0
 30
0.0
 11
162.71198367938848
 21
8.0
 31
0.0
  0
LINE
  5
77E
330
17
100
AcDbEntity
  8
隐藏线
  6
HIDDEN
100
AcDbLine
 10
160.32601621424516
 20
8.0
 30
0.0
 11
161.2411824143137
 21
8.0
 31
0.0
  0
LINE
  5
77F
330
17
100
AcDbEntity
  8
隐藏线
  6
HIDDEN
100
AcDbLine
 10
160.0
 20
8.0
 30
0.0
 11
160.32601621424516
 21
8.0
 31
0.0
  0
LINE
  5
780
330
17
100
AcDbEntity
  8
隐藏线
  6
HIDDEN
100
AcDbLine
 10
176.0
 20
8.0
 30
0.0
 11
179.118109111889
 21
8.0
 31
0.0
  0
LINE
  5
781
330
17
100
AcDbEntity
  8
隐藏线
  6
HIDDEN
100
AcDbLine
 10
179.118109111889
 20
8.0
 30
0.0
 11
182.1133024085818
 21
8.0
 31
0.0
  0
LINE
  5
782
330
17
100
AcDbEntity
  8
隐藏线
  6
HIDDEN
100
AcDbLine
 10
182.1133024085818
 20
8.0
 30
0.0
 11
184.87834412561898
 21
8.0
 31
0.0
  0
LINE
  5
783
330
17
100
AcDbEntity
  8
隐藏线
  6
HIDDEN
100
AcDbLine
 10
184.87834412561898
 20
8.0
 30
0.0
 11
187.31370849898477
 21
8.0
 31
0.0
  0
LINE
  5
784
330
17
100
AcDbEntity
  8
隐藏线
  6
HIDDEN
100
AcDbLine
 10
187.31370849898477
 20
8.0
 30
0.0
 11
189.28801632061152
 21
8.0
 31
0.0
  0
LINE
  5
785
330
17
100
AcDbEntity
  8
隐藏线
  6
HIDDEN
100
AcDbLine
 10
189.28801632061152
 20
8.0
 30
0.0
 11
190.7588175856863
 21
8.0
 31
0.0
  0
LINE
  5
786
330
17
100
AcDbEntity
  8
隐藏线
  6
HIDDEN
100
AcDbLine
 10
190.7588175856863
 20
8.0
 30
0.0
 11
191.67398378575484
 21
8.0
 31
0.0
  0
LINE
  5
787
330
17
100
AcDbEntity
  8
隐藏线
  6
HIDDEN
100
AcDbLine
 10
191.67398378575484
 20
8.0
 30
0.0
 11
192.0
 21
8.0
 31
0.0
  0
LINE
  5
788
330
17
100
AcDbEntity
  8
隐藏线
  6
HIDDEN
100
AcDbLine
 10
172.881890888111
 20
25.5
 30
0.0
 11
176.0
 21
25.5
 31
0.0
  0
LINE
  5
789
330
17
100
AcDbEntity
  8
隐藏线
  6
HIDDEN
100
AcDbLine
 10
169.8866975914182
 20
25.5
 30
0.0
 11
172.881890888111
 21
25.5
 31
0.0
  0
LINE
  5
78A
330
17
100
AcDbEntity
  8
隐藏线
  6
HIDDEN
100
AcDbLine
 10
167.12165587438102
 20
25.5
 30
0.0
 11
169.8866975914182
 21
25.5
 31
0.0
  0
LINE
  5
78B
330
17
100
AcDbEntity
  8
隐藏线
  6
HIDDEN
100
AcDbLine
 10
164.68629150101523
 20
25.5
 30
0.0
 11
167.12165587438102
 21
25.5
 31
0.0
  0
LINE
  5
78C
330
17
100
AcDbEntity
  8
隐藏线
  6
HIDDEN
100
AcDbLine
 10
162.71198367938848
 20
25.5
 30
0.0
 11
164.68629150101523
 21
25.5
 31
0.0
  0
LINE
  5
78D
330
17
100
AcDbEntity
  8
隐藏线
  6
HIDDEN
100
AcDbLine
 10
161.2411824143137
 20
25.5
 30
0.0
 11
162.71198367938848
 21
25.5
 31
0.0
  0
LINE
  5
78E
330
17
100
AcDbEntity
  8
隐藏线
  6
HIDDEN
100
AcDbLine
 10
160.32601621424516
 20
25.5
 30
0.0
 11
161.2411824143137
 21
25.5
 31
0.0
  0
LINE
  5
78F
330
17
100
AcDbEntity
  8
隐藏线
  6
HIDDEN
100
AcDbLine
 10
160.0
 20
25.5
 30
0.0
 11
160.32601621424516
 21
25.5
 31
0.0
  0
LINE
  5
790
330
17
100
AcDbEntity
  8
隐藏线
  6
HIDDEN
100
AcDbLine
 10
176.0
 20
25.5
 30
0.0
 11
179.118109111889
 21
25.5
 31
0.0
  0
LINE
  5
791
330
17
100
AcDbEntity
  8
隐藏线
  6
HIDDEN
100
AcDbLine
 10
179.118109111889
 20
25.5
 30
0.0
 11
182.1133024085818
 21
25.5
 31
0.0
  0
LINE
  5
792
330
17
100
AcDbEntity
  8
隐藏线
  6
HIDDEN
100
AcDbLine
 10
182.1133024085818
 20
25.5
 30
0.0
 11
184.87834412561898
 21
25.5
 31
0.0
  0
LINE
  5
793
330
17
100
AcDbEntity
  8
隐藏线
  6
HIDDEN
100
AcDbLine
 10
184.87834412561898
 20
25.5
 30
0.0
 11
187.31370849898477
 21
25.5
 31
0.0
  0
LINE
  5
794
330
17
100
AcDbEntity
  8
隐藏线
  6
HIDDEN
100
AcDbLine
 10
187.31370849898477
 20
25.5
 30
0.0
 11
189.28801632061152
 21
25.5
 31
0.0
  0
LINE
  5
795
330
17
100
AcDbEntity
  8
隐藏线
  6
HIDDEN
100
AcDbLine
 10
189.28801632061152
 20
25.5
 30
0.0
 11
190.7588175856863
 21
25.5
 31
0.0
  0
LINE
  5
796
330
17
100
AcDbEntity
  8
隐藏线
  6
HIDDEN
100
AcDbLine
 10
190.7588175856863
 20
25.5
 30
0.0
 11
191.67398378575484
 21
25.5
 31
0.0
  0
LINE
  5
797
330
17
100
AcDbEntity
  8
隐藏线
  6
HIDDEN
100
AcDbLine
 10
191.67398378575484
 20
25.5
 30
0.0
 11
192.0
 21
25.5
 31
0.0
  0
LINE
  5
798
330
17
100
AcDbEntity
  8
隐藏线
  6
HIDDEN
100
AcDbLine
 10
176.0
 20
25.5
 30
0.0
 11
180.09251820935432
 21
25.5
 31
0.0
  0
LINE
  5
799
330
17
100
AcDbEntity
  8
隐藏线
  6
HIDDEN
100
AcDbLine
 10
180.09251820935432
 20
25.5
 30
0.0
 11
184.0237094112636
 21
25.5
 31
0.0
  0
LINE
  5
79A
330
17
100
AcDbEntity
  8
隐藏线
  6
HIDDEN
100
AcDbLine
 10
184.0237094112636
 20
25.5
 30
0.0
 11
187.6528266648749
 21
25.5
 31
0.0
  0
LINE
  5
79B
330
17
100
AcDbEntity
  8
隐藏线
  6
HIDDEN
100
AcDbLine
 10
187.6528266648749
 20
25.5
 30
0.0
 11
190.8492424049175
 21
25.5
 31
0.0
  0
LINE
  5
79C
330
17
100
AcDbEntity
  8
隐藏线
  6
HIDDEN
100
AcDbLine
 10
190.8492424049175
 20
25.5
 30
0.0
 11
193.44052142080264
 21
25.5
 31
0.0
  0
LINE
  5
79D
330
17
100
AcDbEntity
  8
隐藏线
  6
HIDDEN
100
AcDbLine
 10
193.44052142080264
 20
25.5
 30
0.0
 11
195.37094808121327
 21
25.5
 31
0.0
  0
LINE
  5
79E
330
17
100
AcDbEntity
  8
隐藏线
  6
HIDDEN
100
AcDbLine
 10
195.37094808121327
 20
25.5
 30
0.0
 11
196.57210371880325
 21
25.5
 31
0.0
  0
LINE
  5
79F
330
17
100
AcDbEntity
  8
隐藏线
  6
HIDDEN
100
AcDbLine
 10
196.57210371880325
 20
25.5
 30
0.0
 11
197.0
 21
25.5
 31
0.0
  0
LINE
  5
7A0
330
17
100
AcDbEntity
  8
隐藏线
  6
HIDDEN
100
AcDbLine
 10
171.90748179064568
 20
25.5
 30
0.0
 11
176.0
 21
25.5
 31
0.0
  0
LINE
  5
7A1
330
17
100
AcDbEntity
  8
隐藏线
  6
HIDDEN
100
AcDbLine
 10
167.9762905887364
 20
25.5
 30
0.0
 11
171.90748179064568
 21
25.5
 31
0.0
  0
LINE
  5
7A2
330
17
100
AcDbEntity
  8
隐藏线
  6
HIDDEN
100
AcDbLine
 10
164.3471733351251
 20
25.5
 30
0.0
 11
167.9762905887364
 21
25.5
 31
0.0
  0
LINE
  5
7A3
330
17
100
AcDbEntity
  8
隐藏线
  6
HIDDEN
100
AcDbLine
 10
161.1507575950825
 20
25.5
 30
0.0
 11
164.3471733351251
 21
25.5
 31
0.0
  0
LINE
  5
7A4
330
17
100
AcDbEntity
  8
隐藏线
  6
HIDDEN
100
AcDbLine
 10
158.55947857919736
 20
25.5
 30
0.0
 11
161.1507575950825
 21
25.5
 31
0.0
  0
LINE
  5
7A5
330
17
100
AcDbEntity
  8
隐藏线
  6
HIDDEN
100
AcDbLine
 10
156.62905191878673
 20
25.5
 30
0.0
 11
158.55947857919736
 21
25.5
 31
0.0
  0
LINE
  5
7A6
330
17
100
AcDbEntity
  8
隐藏线
  6
HIDDEN
100
AcDbLine
 10
155.42789628119675
 20
25.5
 30
0.0
 11
156.62905191878673
 21
25.5
 31
0.0
  0
LINE
  5
7A7
330
17
100
AcDbEntity
  8
隐藏线
  6
HIDDEN
100
AcDbLine
 10
155.0
 20
25.5
 30
0.0
 11
155.42789628119675
 21
25.5
 31
0.0
  0
LINE
  5
7A8
330
17
100
AcDbEntity
  8
隐藏线
  6
HIDDEN
100
AcDbLine
 10
146.0
 20
23.485101709843757
 30
0.0
 11
146.0
 21
23.5
 31
0.0
  0
LINE
  5
7A9
330
17
100
AcDbEntity
  8
隐藏线
  6
HIDDEN
100
AcDbLine
 10
146.0
 20
23.440406839375033
 30
0.0
 11
146.0
 21
23.485101709843757
 31
0.0
  0
LINE
  5
7AA
330
17
100
AcDbEntity
  8
隐藏线
  6
HIDDEN
100
AcDbLine
 10
146.0
 20
23.440406839375033
 30
0.0
 11
146.0
 21
23.366209272590496
 31
0.0
  0
LINE
  5
7AB
330
17
100
AcDbEntity
  8
隐藏线
  6
HIDDEN
100
AcDbLine
 10
146.0
 20
23.26682988862309
 30
0.0
 11
146.0
 21
23.366209272590496
 31
0.0
  0
LINE
  5
7AC
330
17
100
AcDbEntity
  8
隐藏线
  6
HIDDEN
100
AcDbLine
 10
146.0
 20
23.139058415807234
 30
0.0
 11
146.0
 21
23.26682988862309
 31
0.0
  0
LINE
  5
7AD
330
17
100
AcDbEntity
  8
隐藏线
  6
HIDDEN
100
AcDbLine
 10
146.0
 20
23.139058415807234
 30
0.0
 11
146.0
 21
22.98470524304395
 31
0.0
  0
LINE
  5
7AE
330
17
100
AcDbEntity
  8
隐藏线
  6
HIDDEN
100
AcDbLine
 10
146.0
 20
22.98470524304395
 30
0.0
 11
146.0
 21
22.814492996880325
 31
0.0
  0
LINE
  5
7AF
330
17
100
AcDbEntity
  8
隐藏线
  6
HIDDEN
100
AcDbLine
 10
146.0
 20
22.618587377694336
 30
0.0
 11
146.0
 21
22.814492996880325
 31
0.0
  0
LINE
  5
7B0
330
17
100
AcDbEntity
  8
隐藏线
  6
HIDDEN
100
AcDbLine
 10
146.0
 20
22.518817066704838
 30
0.0
 11
146.0
 21
22.618587377694336
 31
0.0
  0
LINE
  5
7B1
330
17
100
AcDbEntity
  8
隐藏线
  6
HIDDEN
100
AcDbLine
 10
146.0
 20
22.416724298564333
 30
0.0
 11
146.0
 21
22.518817066704838
 31
0.0
  0
LINE
  5
7B2
330
17
100
AcDbEntity
  8
隐藏线
  6
HIDDEN
100
AcDbLine
 10
146.0
 20
22.416724298564333
 30
0.0
 11
146.0
 21
22.31662250534152
 31
0.0
  0
LINE
  5
7B3
330
17
100
AcDbEntity
  8
隐藏线
  6
HIDDEN
100
AcDbLine
 10
146.0
 20
22.31662250534152
 30
0.0
 11
146.0
 21
22.211228489031228
 31
0.0
  0
LINE
  5
7B4
330
17
100
AcDbEntity
  8
隐藏线
  6
HIDDEN
100
AcDbLine
 10
146.0
 20
22.10054224963347
 30
0.0
 11
146.0
 21
22.211228489031228
 31
0.0
  0
LINE
  5
7B5
330
17
100
AcDbEntity
  8
隐藏线
  6
HIDDEN
100
AcDbLine
 10
146.0
 20
21.984563787148236
 30
0.0
 11
146.0
 21
22.10054224963347
 31
0.0
  0
LINE
  5
7B6
330
17
100
AcDbEntity
  8
隐藏线
  6
HIDDEN
100
AcDbLine
 10
146.0
 20
21.86329310157553
 30
0.0
 11
146.0
 21
21.984563787148236
 31
0.0
  0
LINE
  5
7B7
330
17
100
AcDbEntity
  8
隐藏线
  6
HIDDEN
100
AcDbLine
 10
146.0
 20
21.73673019291535
 30
0.0
 11
146.0
 21
21.86329310157553
 31
0.0
  0
LINE
  5
7B8
330
17
100
AcDbEntity
  8
隐藏线
  6
HIDDEN
100
AcDbLine
 10
146.0
 20
23.5
 30
0.0
 11
146.15327416476842
 21
23.5
 31
0.0
  0
LINE
  5
7B9
330
17
100
AcDbEntity
  8
隐藏线
  6
HIDDEN
100
AcDbLine
 10
146.15327416476842
 20
23.5
 30
0.0
 11
146.5880160394991
 21
23.5
 31
0.0
  0
LINE
  5
7BA
330
17
100
AcDbEntity
  8
隐藏线
  6
HIDDEN
100
AcDbLine
 10
146.5880160394991
 20
23.5
 30
0.0
 11
147.30023527892251
 21
23.5
 31
0.0
  0
LINE
  5
7BB
330
17
100
AcDbEntity
  8
隐藏线
  6
HIDDEN
100
AcDbLine
 10
147.30023527892251
 20
23.5
 30
0.0
 11
148.2836140246614
 21
23.5
 31
0.0
  0
LINE
  5
7BC
330
17
100
AcDbEntity
  8
隐藏线
  6
HIDDEN
100
AcDbLine
 10
148.2836140246614
 20
23.5
 30
0.0
 11
149.5502064977849
 21
23.5
 31
0.0
  0
LINE
  5
7BD
330
17
100
AcDbEntity
  8
隐藏线
  6
HIDDEN
100
AcDbLine
 10
149.5502064977849
 20
23.5
 30
0.0
 11
151.06572397718682
 21
23.5
 31
0.0
  0
LINE
  5
7BE
330
17
100
AcDbEntity
  8
隐藏线
  6
HIDDEN
100
AcDbLine
 10
151.06572397718682
 20
23.5
 30
0.0
 11
152.8164754078456
 21
23.5
 31
0.0
  0
LINE
  5
7BF
330
17
100
AcDbEntity
  8
隐藏线
  6
HIDDEN
100
AcDbLine
 10
152.8164754078456
 20
23.5
 30
0.0
 11
154.78679656440357
 21
23.5
 31
0.0
  0
LINE
  5
7C0
330
17
100
AcDbEntity
  8
隐藏线
  6
HIDDEN
100
AcDbLine
 10
154.78679656440357
 20
23.5
 30
0.0
 11
156.97388012353846
 21
23.5
 31
0.0
  0
LINE
  5
7C1
330
17
100
AcDbEntity
  8
隐藏线
  6
HIDDEN
100
AcDbLine
 10
156.97388012353846
 20
23.5
 30
0.0
 11
159.33944940957286
 21
23.5
 31
0.0
  0
LINE
  5
7C2
330
17
100
AcDbEntity
  8
隐藏线
  6
HIDDEN
100
AcDbLine
 10
159.33944940957286
 20
23.5
 30
0.0
 11
161.8621969967504
 21
23.5
 31
0.0
  0
LINE
  5
7C3
330
17
100
AcDbEntity
  8
隐藏线
  6
HIDDEN
100
AcDbLine
 10
161.8621969967504
 20
23.5
 30
0.0
 11
164.5194970290473
 21
23.5
 31
0.0
  0
LINE
  5
7C4
330
17
100
AcDbEntity
  8
隐藏线
  6
HIDDEN
100
AcDbLine
 10
164.5194970290473
 20
23.5
 30
0.0
 11
167.29410802827712
 21
23.5
 31
0.0
  0
LINE
  5
7C5
330
17
100
AcDbEntity
  8
隐藏线
  6
HIDDEN
100
AcDbLine
 10
167.29410802827712
 20
23.5
 30
0.0
 11
170.1495926410842
 21
23.5
 31
0.0
  0
LINE
  5
7C6
330
17
100
AcDbEntity
  8
隐藏线
  6
HIDDEN
100
AcDbLine
 10
170.1495926410842
 20
23.5
 30
0.0
 11
173.06027093339665
 21
23.5
 31
0.0
  0
LINE
  5
7C7
330
17
100
AcDbEntity
  8
隐藏线
  6
HIDDEN
100
AcDbLine
 10
173.06027093339665
 20
23.5
 30
0.0
 11
176.0
 21
23.5
 31
0.0
  0
LINE
  5
7C8
330
17
100
AcDbEntity
  8
隐藏线
  6
HIDDEN
100
AcDbLine
 10
149.5424868893541
 20
21.73673019291535
 30
0.0
 11
150.64026374946934
 21
21.863254684149137
 31
0.0
  0
LINE
  5
7C9
330
17
100
AcDbEntity
  8
隐藏线
  6
HIDDEN
100
AcDbLine
 10
150.64026374946934
 20
21.863254684149137
 30
0.0
 11
151.71870263291365
 21
21.984506811930405
 31
0.0
  0
LINE
  5
7CA
330
17
100
AcDbEntity
  8
隐藏线
  6
HIDDEN
100
AcDbLine
 10
151.71870263291365
 20
21.984506811930405
 30
0.0
 11
152.77780353968706
 21
22.10048657625915
 31
0.0
  0
LINE
  5
7CB
330
17
100
AcDbEntity
  8
隐藏线
  6
HIDDEN
100
AcDbLine
 10
152.77780353968706
 20
22.10048657625915
 30
0.0
 11
153.8175664697895
 21
22.211193977135377
 31
0.0
  0
LINE
  5
7CC
330
17
100
AcDbEntity
  8
隐藏线
  6
HIDDEN
100
AcDbLine
 10
153.8175664697895
 20
22.211193977135377
 30
0.0
 11
154.83799142322104
 21
22.31662901455909
 31
0.0
  0
LINE
  5
7CD
330
17
100
AcDbEntity
  8
隐藏线
  6
HIDDEN
100
AcDbLine
 10
154.83799142322104
 20
22.31662901455909
 30
0.0
 11
155.83907839998167
 21
22.416791688530278
 31
0.0
  0
LINE
  5
7CE
330
17
100
AcDbEntity
  8
隐藏线
  6
HIDDEN
100
AcDbLine
 10
155.83907839998167
 20
22.416791688530278
 30
0.0
 11
156.89656764874718
 21
22.51886950271261
 31
0.0
  0
LINE
  5
7CF
330
17
100
AcDbEntity
  8
隐藏线
  6
HIDDEN
100
AcDbLine
 10
156.89656764874718
 20
22.51886950271261
 30
0.0
 11
157.97216529152197
 21
22.61859416029234
 31
0.0
  0
LINE
  5
7D0
330
17
100
AcDbEntity
  8
隐藏线
  6
HIDDEN
100
AcDbLine
 10
157.97216529152197
 20
22.61859416029234
 30
0.0
 11
160.23878002111488
 21
22.814450284576395
 31
0.0
  0
LINE
  5
7D1
330
17
100
AcDbEntity
  8
隐藏线
  6
HIDDEN
100
AcDbLine
 10
160.23878002111488
 20
22.814450284576395
 30
0.0
 11
162.44021231441056
 21
22.984745163386137
 31
0.0
  0
LINE
  5
7D2
330
17
100
AcDbEntity
  8
隐藏线
  6
HIDDEN
100
AcDbLine
 10
162.44021231441056
 20
22.984745163386137
 30
0.0
 11
164.73048585474854
 21
23.139034308100463
 31
0.0
  0
LINE
  5
7D3
330
17
100
AcDbEntity
  8
隐藏线
  6
HIDDEN
100
AcDbLine
 10
164.73048585474854
 20
23.139034308100463
 30
0.0
 11
166.99530078562114
 21
23.266779440871314
 31
0.0
  0
LINE
  5
7D4
330
17
100
AcDbEntity
  8
隐藏线
  6
HIDDEN
100
AcDbLine
 10
166.99530078562114
 20
23.266779440871314
 30
0.0
 11
169.2104711760377
 21
23.366218631914187
 31
0.0
  0
LINE
  5
7D5
330
17
100
AcDbEntity
  8
隐藏线
  6
HIDDEN
100
AcDbLine
 10
169.2104711760377
 20
23.366218631914187
 30
0.0
 11
171.48690111485092
 21
23.440415069243084
 31
0.0
  0
LINE
  5
7D6
330
17
100
AcDbEntity
  8
隐藏线
  6
HIDDEN
100
AcDbLine
 10
171.48690111485092
 20
23.440415069243084
 30
0.0
 11
173.75251083381286
 21
23.48510376731077
 31
0.0
  0
LINE
  5
7D7
330
17
100
AcDbEntity
  8
隐藏线
  6
HIDDEN
100
AcDbLine
 10
173.75251083381286
 20
23.48510376731077
 30
0.0
 11
176.0
 21
23.5
 31
0.0
  0
LINE
  5
7D8
330
17
100
AcDbEntity
  8
隐藏线
  6
HIDDEN
100
AcDbLine
 10
145.99999999999997
 20
21.73673019291535
 30
0.0
 11
146.20821562640978
 21
21.73673019291535
 31
0.0
  0
LINE
  5
7D9
330
17
100
AcDbEntity
  8
隐藏线
  6
HIDDEN
100
AcDbLine
 10
146.20821562640978
 20
21.73673019291535
 30
0.0
 11
146.41822123869647
 21
21.73673019291535
 31
0.0
  0
LINE
  5
7DA
330
17
100
AcDbEntity
  8
隐藏线
  6
HIDDEN
100
AcDbLine
 10
146.41822123869647
 20
21.73673019291535
 30
0.0
 11
146.63000481247212
 21
21.73673019291535
 31
0.0
  0
LINE
  5
7DB
330
17
100
AcDbEntity
  8
隐藏线
  6
HIDDEN
100
AcDbLine
 10
146.63000481247212
 20
21.73673019291535
 30
0.0
 11
146.84355422836083
 21
21.73673019291535
 31
0.0
  0
LINE
  5
7DC
330
17
100
AcDbEntity
  8
隐藏线
  6
HIDDEN
100
AcDbLine
 10
146.84355422836083
 20
21.73673019291535
 30
0.0
 11
147.05900207253134
 21
21.73673019291535
 31
0.0
  0
LINE
  5
7DD
330
17
100
AcDbEntity
  8
隐藏线
  6
HIDDEN
100
AcDbLine
 10
147.05900207253134
 20
21.73673019291535
 30
0.0
 11
147.2761887468851
 21
21.73673019291535
 31
0.0
  0
LINE
  5
7DE
330
17
100
AcDbEntity
  8
隐藏线
  6
HIDDEN
100
AcDbLine
 10
147.2761887468851
 20
21.73673019291535
 30
0.0
 11
147.49510181607934
 21
21.73673019291535
 31
0.0
  0
LINE
  5
7DF
330
17
100
AcDbEntity
  8
隐藏线
  6
HIDDEN
100
AcDbLine
 10
147.49510181607934
 20
21.73673019291535
 30
0.0
 11
147.7157287525381
 21
21.73673019291535
 31
0.0
  0
LINE
  5
7E0
330
17
100
AcDbEntity
  8
隐藏线
  6
HIDDEN
100
AcDbLine
 10
147.7157287525381
 20
21.73673019291535
 30
0.0
 11
147.9381973284369
 21
21.73673019291535
 31
0.0
  0
LINE
  5
7E1
330
17
100
AcDbEntity
  8
隐藏线
  6
HIDDEN
100
AcDbLine
 10
147.9381973284369
 20
21.73673019291535
 30
0.0
 11
148.16235187197017
 21
21.73673019291535
 31
0.0
  0
LINE
  5
7E2
330
17
100
AcDbEntity
  8
隐藏线
  6
HIDDEN
100
AcDbLine
 10
148.16235187197017
 20
21.73673019291535
 30
0.0
 11
148.3881795490467
 21
21.73673019291535
 31
0.0
  0
LINE
  5
7E3
330
17
100
AcDbEntity
  8
隐藏线
  6
HIDDEN
100
AcDbLine
 10
148.3881795490467
 20
21.73673019291535
 30
0.0
 11
148.6156674361878
 21
21.73673019291535
 31
0.0
  0
LINE
  5
7E4
330
17
100
AcDbEntity
  8
隐藏线
  6
HIDDEN
100
AcDbLine
 10
148.6156674361878
 20
21.73673019291535
 30
0.0
 11
148.84493836615323
 21
21.73673019291535
 31
0.0
  0
LINE
  5
7E5
330
17
100
AcDbEntity
  8
隐藏线
  6
HIDDEN
100
AcDbLine
 10
148.84493836615323
 20
21.73673019291535
 30
0.0
 11
149.0758407462394
 21
21.73673019291535
 31
0.0
  0
LINE
  5
7E6
330
17
100
AcDbEntity
  8
隐藏线
  6
HIDDEN
100
AcDbLine
 10
149.0758407462394
 20
21.73673019291535
 30
0.0
 11
149.30836135620493
 21
21.73673019291535
 31
0.0
  0
LINE
  5
7E7
330
17
100
AcDbEntity
  8
隐藏线
  6
HIDDEN
100
AcDbLine
 10
149.30836135620493
 20
21.73673019291535
 30
0.0
 11
149.5424868893541
 21
21.73673019291535
 31
0.0
  0
LINE
  5
7E8
330
17
100
AcDbEntity
  8
隐藏线
  6
HIDDEN
100
AcDbLine
 10
176.0
 20
23.5
 30
0.0
 11
178.24695160025072
 21
23.485101709844926
 31
0.0
  0
LINE
  5
7E9
330
17
100
AcDbEntity
  8
隐藏线
  6
HIDDEN
100
AcDbLine
 10
178.24695160025072
 20
23.485101709844926
 30
0.0
 11
180.51274506384394
 21
23.440406839379705
 31
0.0
  0
LINE
  5
7EA
330
17
100
AcDbEntity
  8
隐藏线
  6
HIDDEN
100
AcDbLine
 10
180.51274506384394
 20
23.440406839379705
 30
0.0
 11
182.78983363324582
 21
23.366209272598905
 31
0.0
  0
LINE
  5
7EB
330
17
100
AcDbEntity
  8
隐藏线
  6
HIDDEN
100
AcDbLine
 10
182.78983363324582
 20
23.366209272598905
 30
0.0
 11
185.00385112768814
 21
23.266829888625104
 31
0.0
  0
LINE
  5
7EC
330
17
100
AcDbEntity
  8
隐藏线
  6
HIDDEN
100
AcDbLine
 10
185.00385112768814
 20
23.266829888625104
 30
0.0
 11
187.26899423064168
 21
23.139058415820905
 31
0.0
  0
LINE
  5
7ED
330
17
100
AcDbEntity
  8
隐藏线
  6
HIDDEN
100
AcDbLine
 10
187.26899423064168
 20
23.139058415820905
 30
0.0
 11
189.56038901128602
 21
22.984705243067847
 31
0.0
  0
LINE
  5
7EE
330
17
100
AcDbEntity
  8
隐藏线
  6
HIDDEN
100
AcDbLine
 10
189.56038901128602
 20
22.984705243067847
 30
0.0
 11
191.76076073896232
 21
22.814492996863123
 31
0.0
  0
LINE
  5
7EF
330
17
100
AcDbEntity
  8
隐藏线
  6
HIDDEN
100
AcDbLine
 10
191.76076073896232
 20
22.814492996863123
 30
0.0
 11
194.02783238249413
 21
22.618587377704
 31
0.0
  0
LINE
  5
7F0
330
17
100
AcDbEntity
  8
隐藏线
  6
HIDDEN
100
AcDbLine
 10
194.02783238249413
 20
22.618587377704
 30
0.0
 11
195.1039230728195
 21
22.518817066737448
 31
0.0
  0
LINE
  5
7F1
330
17
100
AcDbEntity
  8
隐藏线
  6
HIDDEN
100
AcDbLine
 10
195.1039230728195
 20
22.518817066737448
 30
0.0
 11
196.16163777814813
 21
22.416724298594737
 31
0.0
  0
LINE
  5
7F2
330
17
100
AcDbEntity
  8
隐藏线
  6
HIDDEN
100
AcDbLine
 10
196.16163777814813
 20
22.416724298594737
 30
0.0
 11
197.16216047509346
 21
22.31662250531769
 31
0.0
  0
LINE
  5
7F3
330
17
100
AcDbEntity
  8
隐藏线
  6
HIDDEN
100
AcDbLine
 10
197.16216047509346
 20
22.31662250531769
 30
0.0
 11
198.18219911542718
 21
22.211228488972832
 31
0.0
  0
LINE
  5
7F4
330
17
100
AcDbEntity
  8
隐藏线
  6
HIDDEN
100
AcDbLine
 10
198.18219911542718
 20
22.211228488972832
 30
0.0
 11
199.22175369914928
 21
22.10054224956017
 31
0.0
  0
LINE
  5
7F5
330
17
100
AcDbEntity
  8
隐藏线
  6
HIDDEN
100
AcDbLine
 10
199.22175369914928
 20
22.10054224956017
 30
0.0
 11
200.28082422625977
 21
21.984563787079704
 31
0.0
  0
LINE
  5
7F6
330
17
100
AcDbEntity
  8
隐藏线
  6
HIDDEN
100
AcDbLine
 10
200.28082422625977
 20
21.984563787079704
 30
0.0
 11
201.35941069675863
 21
21.86329310153143
 31
0.0
  0
LINE
  5
7F7
330
17
100
AcDbEntity
  8
隐藏线
  6
HIDDEN
100
AcDbLine
 10
201.35941069675863
 20
21.86329310153143
 30
0.0
 11
202.4575131106459
 21
21.73673019291535
 31
0.0
  0
LINE
  5
7F8
330
17
100
AcDbEntity
  8
隐藏线
  6
HIDDEN
100
AcDbLine
 10
176.0
 20
23.5
 30
0.0
 11
178.93972906660338
 21
23.5
 31
0.0
  0
LINE
  5
7F9
330
17
100
AcDbEntity
  8
隐藏线
  6
HIDDEN
100
AcDbLine
 10
178.93972906660338
 20
23.5
 30
0.0
 11
181.85040735891576
 21
23.5
 31
0.0
  0
LINE
  5
7FA
330
17
100
AcDbEntity
  8
隐藏线
  6
HIDDEN
100
AcDbLine
 10
181.85040735891576
 20
23.5
 30
0.0
 11
184.70589197172285
 21
23.5
 31
0.0
  0
LINE
  5
7FB
330
17
100
AcDbEntity
  8
隐藏线
  6
HIDDEN
100
AcDbLine
 10
184.70589197172285
 20
23.5
 30
0.0
 11
187.4805029709527
 21
23.5
 31
0.0
  0
LINE
  5
7FC
330
17
100
AcDbEntity
  8
隐藏线
  6
HIDDEN
100
AcDbLine
 10
187.4805029709527
 20
23.5
 30
0.0
 11
190.1378030032496
 21
23.5
 31
0.0
  0
LINE
  5
7FD
330
17
100
AcDbEntity
  8
隐藏线
  6
HIDDEN
100
AcDbLine
 10
190.1378030032496
 20
23.5
 30
0.0
 11
192.66055059042714
 21
23.5
 31
0.0
  0
LINE
  5
7FE
330
17
100
AcDbEntity
  8
隐藏线
  6
HIDDEN
100
AcDbLine
 10
192.66055059042714
 20
23.5
 30
0.0
 11
195.02611987646154
 21
23.5
 31
0.0
  0
LINE
  5
7FF
330
17
100
AcDbEntity
  8
隐藏线
  6
HIDDEN
100
AcDbLine
 10
195.02611987646154
 20
23.5
 30
0.0
 11
197.21320343559643
 21
23.5
 31
0.0
  0
LINE
  5
800
330
17
100
AcDbEntity
  8
隐藏线
  6
HIDDEN
100
AcDbLine
 10
197.21320343559643
 20
23.5
 30
0.0
 11
199.1835245921544
 21
23.5
 31
0.0
  0
LINE
  5
801
330
17
100
AcDbEntity
  8
隐藏线
  6
HIDDEN
100
AcDbLine
 10
199.1835245921544
 20
23.5
 30
0.0
 11
200.93427602281315
 21
23.5
 31
0.0
  0
LINE
  5
802
330
17
100
AcDbEntity
  8
隐藏线
  6
HIDDEN
100
AcDbLine
 10
200.93427602281315
 20
23.5
 30
0.0
 11
202.4497935022151
 21
23.5
 31
0.0
  0
LINE
  5
803
330
17
100
AcDbEntity
  8
隐藏线
  6
HIDDEN
100
AcDbLine
 10
202.4497935022151
 20
23.5
 30
0.0
 11
203.7163859753386
 21
23.5
 31
0.0
  0
LINE
  5
804
330
17
100
AcDbEntity
  8
隐藏线
  6
HIDDEN
100
AcDbLine
 10
203.7163859753386
 20
23.5
 30
0.0
 11
204.69976472107749
 21
23.5
 31
0.0
  0
LINE
  5
805
330
17
100
AcDbEntity
  8
隐藏线
  6
HIDDEN
100
AcDbLine
 10
204.69976472107749
 20
23.5
 30
0.0
 11
205.4119839605009
 21
23.5
 31
0.0
  0
LINE
  5
806
330
17
100
AcDbEntity
  8
隐藏线
  6
HIDDEN
100
AcDbLine
 10
205.4119839605009
 20
23.5
 30
0.0
 11
205.84672583523158
 21
23.5
 31
0.0
  0
LINE
  5
807
330
17
100
AcDbEntity
  8
隐藏线
  6
HIDDEN
100
AcDbLine
 10
205.84672583523158
 20
23.5
 30
0.0
 11
206.0
 21
23.5
 31
0.0
  0
LINE
  5
808
330
17
100
AcDbEntity
  8
隐藏线
  6
HIDDEN
100
AcDbLine
 10
206.0
 20
21.73673019291535
 30
0.0
 11
206.0
 21
21.8632546841593
 31
0.0
  0
LINE
  5
809
330
17
100
AcDbEntity
  8
隐藏线
  6
HIDDEN
100
AcDbLine
 10
206.0
 20
21.8632546841593
 30
0.0
 11
206.0
 21
21.984506811946044
 31
0.0
  0
LINE
  5
80A
330
17
100
AcDbEntity
  8
隐藏线
  6
HIDDEN
100
AcDbLine
 10
206.0
 20
21.984506811946044
 30
0.0
 11
206.0
 21
22.100486576275582
 31
0.0
  0
LINE
  5
80B
330
17
100
AcDbEntity
  8
隐藏线
  6
HIDDEN
100
AcDbLine
 10
206.0
 20
22.100486576275582
 30
0.0
 11
206.0
 21
22.21119397714791
 31
0.0
  0
LINE
  5
80C
330
17
100
AcDbEntity
  8
隐藏线
  6
HIDDEN
100
AcDbLine
 10
206.0
 20
22.21119397714791
 30
0.0
 11
206.0
 21
22.316629014563034
 31
0.0
  0
LINE
  5
80D
330
17
100
AcDbEntity
  8
隐藏线
  6
HIDDEN
100
AcDbLine
 10
206.0
 20
22.416791688520952
 30
0.0
 11
206.0
 21
22.316629014563034
 31
0.0
  0
LINE
  5
80E
330
17
100
AcDbEntity
  8
隐藏线
  6
HIDDEN
100
AcDbLine
 10
206.0
 20
22.416791688520952
 30
0.0
 11
206.0
 21
22.518869502703772
 31
0.0
  0
LINE
  5
80F
330
17
100
AcDbEntity
  8
隐藏线
  6
HIDDEN
100
AcDbLine
 10
206.0
 20
22.618594160290233
 30
0.0
 11
206.0
 21
22.518869502703772
 31
0.0
  0
LINE
  5
810
330
17
100
AcDbEntity
  8
隐藏线
  6
HIDDEN
100
AcDbLine
 10
206.0
 20
22.618594160290233
 30
0.0
 11
206.0
 21
22.814450284581987
 31
0.0
  0
LINE
  5
811
330
17
100
AcDbEntity
  8
隐藏线
  6
HIDDEN
100
AcDbLine
 10
206.0
 20
22.814450284581987
 30
0.0
 11
206.0
 21
22.984745163379543
 31
0.0
  0
LINE
  5
812
330
17
100
AcDbEntity
  8
隐藏线
  6
HIDDEN
100
AcDbLine
 10
206.0
 20
23.139034308093677
 30
0.0
 11
206.0
 21
22.984745163379543
 31
0.0
  0
LINE
  5
813
330
17
100
AcDbEntity
  8
隐藏线
  6
HIDDEN
100
AcDbLine
 10
206.0
 20
23.266779440867445
 30
0.0
 11
206.0
 21
23.139034308093677
 31
0.0
  0
LINE
  5
814
330
17
100
AcDbEntity
  8
隐藏线
  6
HIDDEN
100
AcDbLine
 10
206.0
 20
23.266779440867445
 30
0.0
 11
206.0
 21
23.36621863191146
 31
0.0
  0
LINE
  5
815
330
17
100
AcDbEntity
  8
隐藏线
  6
HIDDEN
100
AcDbLine
 10
206.0
 20
23.44041506924176
 30
0.0
 11
206.0
 21
23.36621863191146
 31
0.0
  0
LINE
  5
816
330
17
100
AcDbEntity
  8
隐藏线
  6
HIDDEN
100
AcDbLine
 10
206.0
 20
23.44041506924176
 30
0.0
 11
206.0
 21
23.48510376731044
 31
0.0
  0
LINE
  5
817
330
17
100
AcDbEntity
  8
隐藏线
  6
HIDDEN
100
AcDbLine
 10
206.0
 20
23.48510376731044
 30
0.0
 11
206.0
 21
23.5
 31
0.0
  0
LINE
  5
818
330
17
100
AcDbEntity
  8
隐藏线
  6
HIDDEN
100
AcDbLine
 10
202.4575131106459
 20
21.73673019291535
 30
0.0
 11
202.6916386437951
 21
21.73673019291535
 31
0.0
  0
LINE
  5
819
330
17
100
AcDbEntity
  8
隐藏线
  6
HIDDEN
100
AcDbLine
 10
202.6916386437951
 20
21.73673019291535
 30
0.0
 11
202.92415925376062
 21
21.73673019291535
 31
0.0
  0
LINE
  5
81A
330
17
100
AcDbEntity
  8
隐藏线
  6
HIDDEN
100
AcDbLine
 10
202.92415925376062
 20
21.73673019291535
 30
0.0
 11
203.1550616338468
 21
21.73673019291535
 31
0.0
  0
LINE
  5
81B
330
17
100
AcDbEntity
  8
隐藏线
  6
HIDDEN
100
AcDbLine
 10
203.1550616338468
 20
21.73673019291535
 30
0.0
 11
203.3843325638122
 21
21.73673019291535
 31
0.0
  0
LINE
  5
81C
330
17
100
AcDbEntity
  8
隐藏线
  6
HIDDEN
100
AcDbLine
 10
203.3843325638122
 20
21.73673019291535
 30
0.0
 11
203.61182045095327
 21
21.73673019291535
 31
0.0
  0
LINE
  5
81D
330
17
100
AcDbEntity
  8
隐藏线
  6
HIDDEN
100
AcDbLine
 10
203.61182045095327
 20
21.73673019291535
 30
0.0
 11
203.83764812802983
 21
21.73673019291535
 31
0.0
  0
LINE
  5
81E
330
17
100
AcDbEntity
  8
隐藏线
  6
HIDDEN
100
AcDbLine
 10
203.83764812802983
 20
21.73673019291535
 30
0.0
 11
204.0618026715631
 21
21.73673019291535
 31
0.0
  0
LINE
  5
81F
330
17
100
AcDbEntity
  8
隐藏线
  6
HIDDEN
100
AcDbLine
 10
204.0618026715631
 20
21.73673019291535
 30
0.0
 11
204.2842712474619
 21
21.73673019291535
 31
0.0
  0
LINE
  5
820
330
17
100
AcDbEntity
  8
隐藏线
  6
HIDDEN
100
AcDbLine
 10
204.2842712474619
 20
21.73673019291535
 30
0.0
 11
204.50489818392066
 21
21.73673019291535
 31
0.0
  0
LINE
  5
821
330
17
100
AcDbEntity
  8
隐藏线
  6
HIDDEN
100
AcDbLine
 10
204.50489818392066
 20
21.73673019291535
 30
0.0
 11
204.7238112531149
 21
21.73673019291535
 31
0.0
  0
LINE
  5
822
330
17
100
AcDbEntity
  8
隐藏线
  6
HIDDEN
100
AcDbLine
 10
204.7238112531149
 20
21.73673019291535
 30
0.0
 11
204.9409979274687
 21
21.73673019291535
 31
0.0
  0
LINE
  5
823
330
17
100
AcDbEntity
  8
隐藏线
  6
HIDDEN
100
AcDbLine
 10
204.9409979274687
 20
21.73673019291535
 30
0.0
 11
205.15644577163914
 21
21.73673019291535
 31
0.0
  0
LINE
  5
824
330
17
100
AcDbEntity
  8
隐藏线
  6
HIDDEN
100
AcDbLine
 10
205.15644577163914
 20
21.73673019291535
 30
0.0
 11
205.36999518752788
 21
21.73673019291535
 31
0.0
  0
LINE
  5
825
330
17
100
AcDbEntity
  8
隐藏线
  6
HIDDEN
100
AcDbLine
 10
205.36999518752788
 20
21.73673019291535
 30
0.0
 11
205.5817787613035
 21
21.73673019291535
 31
0.0
  0
LINE
  5
826
330
17
100
AcDbEntity
  8
隐藏线
  6
HIDDEN
100
AcDbLine
 10
205.5817787613035
 20
21.73673019291535
 30
0.0
 11
205.7917843735902
 21
21.73673019291535
 31
0.0
  0
LINE
  5
827
330
17
100
AcDbEntity
  8
隐藏线
  6
HIDDEN
100
AcDbLine
 10
205.7917843735902
 20
21.73673019291535
 30
0.0
 11
206.0
 21
21.73673019291535
 31
0.0
  0
LINE
  5
828
330
17
100
AcDbEntity
  8
隐藏线
  6
HIDDEN
100
AcDbLine
 10
171.12795451267343
 20
2.0
 30
0.0
 11
176.0
 21
2.0
 31
0.0
  0
LINE
  5
829
330
17
100
AcDbEntity
  8
隐藏线
  6
HIDDEN
100
AcDbLine
 10
166.44796498659093
 20
2.0
 30
0.0
 11
171.12795451267343
 21
2.0
 31
0.0
  0
LINE
  5
82A
330
17
100
AcDbEntity
  8
隐藏线
  6
HIDDEN
100
AcDbLine
 10
162.12758730372036
 20
2.0
 30
0.0
 11
166.44796498659093
 21
2.0
 31
0.0
  0
LINE
  5
82B
330
17
100
AcDbEntity
  8
隐藏线
  6
HIDDEN
100
AcDbLine
 10
158.3223304703363
 20
2.0
 30
0.0
 11
162.12758730372036
 21
2.0
 31
0.0
  0
LINE
  5
82C
330
17
100
AcDbEntity
  8
隐藏线
  6
HIDDEN
100
AcDbLine
 10
155.23747449904448
 20
2.0
 30
0.0
 11
158.3223304703363
 21
2.0
 31
0.0
  0
LINE
  5
82D
330
17
100
AcDbEntity
  8
隐藏线
  6
HIDDEN
100
AcDbLine
 10
152.93934752236518
 20
2.0
 30
0.0
 11
155.23747449904448
 21
2.0
 31
0.0
  0
LINE
  5
82E
330
17
100
AcDbEntity
  8
隐藏线
  6
HIDDEN
100
AcDbLine
 10
151.50940033475803
 20
2.0
 30
0.0
 11
152.93934752236518
 21
2.0
 31
0.0
  0
LINE
  5
82F
330
17
100
AcDbEntity
  8
隐藏线
  6
HIDDEN
100
AcDbLine
 10
151.0
 20
2.0
 30
0.0
 11
151.50940033475803
 21
2.0
 31
0.0
  0
LINE
  5
830
330
17
100
AcDbEntity
  8
隐藏线
  6
HIDDEN
100
AcDbLine
 10
200.42718233936566
 20
2.0
 30
0.0
 11
200.7487373415292
 21
2.0
 31
0.0
  0
LINE
  5
831
330
17
100
AcDbEntity
  8
隐藏线
  6
HIDDEN
100
AcDbLine
 10
200.1183030306442
 20
2.0
 30
0.0
 11
200.42718233936566
 21
2.0
 31
0.0
  0
LINE
  5
832
330
17
100
AcDbEntity
  8
隐藏线
  6
HIDDEN
100
AcDbLine
 10
199.83315810357473
 20
2.0
 30
0.0
 11
200.1183030306442
 21
2.0
 31
0.0
  0
LINE
  5
833
330
17
100
AcDbEntity
  8
隐藏线
  6
HIDDEN
100
AcDbLine
 10
199.5820111525714
 20
2.0
 30
0.0
 11
199.83315810357473
 21
2.0
 31
0.0
  0
LINE
  5
834
330
17
100
AcDbEntity
  8
隐藏线
  6
HIDDEN
100
AcDbLine
 10
199.37841065846612
 20
2.0
 30
0.0
 11
199.5820111525714
 21
2.0
 31
0.0
  0
LINE
  5
835
330
17
100
AcDbEntity
  8
隐藏线
  6
HIDDEN
100
AcDbLine
 10
199.2267342780053
 20
2.0
 30
0.0
 11
199.37841065846612
 21
2.0
 31
0.0
  0
LINE
  5
836
330
17
100
AcDbEntity
  8
隐藏线
  6
HIDDEN
100
AcDbLine
 10
199.13235776362325
 20
2.0
 30
0.0
 11
199.2267342780053
 21
2.0
 31
0.0
  0
LINE
  5
837
330
17
100
AcDbEntity
  8
隐藏线
  6
HIDDEN
100
AcDbLine
 10
199.09873734152922
 20
2.0
 30
0.0
 11
199.13235776362325
 21
2.0
 31
0.0
  0
LINE
  5
838
330
17
100
AcDbEntity
  8
隐藏线
  6
HIDDEN
100
AcDbLine
 10
150.92970765630724
 20
2.0
 30
0.0
 11
151.2512626584708
 21
2.0
 31
0.0
  0
LINE
  5
839
330
17
100
AcDbEntity
  8
隐藏线
  6
HIDDEN
100
AcDbLine
 10
150.6208283475858
 20
2.0
 30
0.0
 11
150.92970765630724
 21
2.0
 31
0.0
  0
LINE
  5
83A
330
17
100
AcDbEntity
  8
隐藏线
  6
HIDDEN
100
AcDbLine
 10
150.33568342051635
 20
2.0
 30
0.0
 11
150.6208283475858
 21
2.0
 31
0.0
  0
LINE
  5
83B
330
17
100
AcDbEntity
  8
隐藏线
  6
HIDDEN
100
AcDbLine
 10
150.084536469513
 20
2.0
 30
0.0
 11
150.33568342051635
 21
2.0
 31
0.0
  0
LINE
  5
83C
330
17
100
AcDbEntity
  8
隐藏线
  6
HIDDEN
100
AcDbLine
 10
149.88093597540774
 20
2.0
 30
0.0
 11
150.084536469513
 21
2.0
 31
0.0
  0
LINE
  5
83D
330
17
100
AcDbEntity
  8
隐藏线
  6
HIDDEN
100
AcDbLine
 10
149.7292595949469
 20
2.0
 30
0.0
 11
149.88093597540774
 21
2.0
 31
0.0
  0
LINE
  5
83E
330
17
100
AcDbEntity
  8
隐藏线
  6
HIDDEN
100
AcDbLine
 10
149.63488308056483
 20
2.0
 30
0.0
 11
149.7292595949469
 21
2.0
 31
0.0
  0
LINE
  5
83F
330
17
100
AcDbEntity
  8
隐藏线
  6
HIDDEN
100
AcDbLine
 10
149.6012626584708
 20
2.0
 30
0.0
 11
149.63488308056483
 21
2.0
 31
0.0
  0
LINE
  5
840
330
17
100
AcDbEntity
  8
隐藏线
  6
HIDDEN
100
AcDbLine
 10
145.99999999999997
 20
2.0
 30
0.0
 11
146.20821562640978
 21
2.0
 31
0.0
  0
LINE
  5
841
330
17
100
AcDbEntity
  8
隐藏线
  6
HIDDEN
100
AcDbLine
 10
146.20821562640978
 20
2.0
 30
0.0
 11
146.41822123869647
 21
2.0
 31
0.0
  0
LINE
  5
842
330
17
100
AcDbEntity
  8
隐藏线
  6
HIDDEN
100
AcDbLine
 10
146.41822123869647
 20
2.0
 30
0.0
 11
146.63000481247212
 21
2.0
 31
0.0
  0
LINE
  5
843
330
17
100
AcDbEntity
  8
隐藏线
  6
HIDDEN
100
AcDbLine
 10
146.63000481247212
 20
2.0
 30
0.0
 11
146.84355422836083
 21
2.0
 31
0.0
  0
LINE
  5
844
330
17
100
AcDbEntity
  8
隐藏线
  6
HIDDEN
100
AcDbLine
 10
146.84355422836083
 20
2.0
 30
0.0
 11
147.05900207253134
 21
2.0
 31
0.0
  0
LINE
  5
845
330
17
100
AcDbEntity
  8
隐藏线
  6
HIDDEN
100
AcDbLine
 10
147.05900207253134
 20
2.0
 30
0.0
 11
147.2761887468851
 21
2.0
 31
0.0
  0
LINE
  5
846
330
17
100
AcDbEntity
  8
隐藏线
  6
HIDDEN
100
AcDbLine
 10
147.2761887468851
 20
2.0
 30
0.0
 11
147.49510181607934
 21
2.0
 31
0.0
  0
LINE
  5
847
330
17
100
AcDbEntity
  8
隐藏线
  6
HIDDEN
100
AcDbLine
 10
147.49510181607934
 20
2.0
 30
0.0
 11
147.7157287525381
 21
2.0
 31
0.0
  0
LINE
  5
848
330
17
100
AcDbEntity
  8
隐藏线
  6
HIDDEN
100
AcDbLine
 10
147.7157287525381
 20
2.0
 30
0.0
 11
147.9381973284369
 21
2.0
 31
0.0
  0
LINE
  5
849
330
17
100
AcDbEntity
  8
隐藏线
  6
HIDDEN
100
AcDbLine
 10
147.9381973284369
 20
2.0
 30
0.0
 11
148.16235187197017
 21
2.0
 31
0.0
  0
LINE
  5
84A
330
17
100
AcDbEntity
  8
隐藏线
  6
HIDDEN
100
AcDbLine
 10
148.16235187197017
 20
2.0
 30
0.0
 11
148.3881795490467
 21
2.0
 31
0.0
  0
LINE
  5
84B
330
17
100
AcDbEntity
  8
隐藏线
  6
HIDDEN
100
AcDbLine
 10
148.3881795490467
 20
2.0
 30
0.0
 11
148.6156674361878
 21
2.0
 31
0.0
  0
LINE
  5
84C
330
17
100
AcDbEntity
  8
隐藏线
  6
HIDDEN
100
AcDbLine
 10
148.6156674361878
 20
2.0
 30
0.0
 11
148.84493836615323
 21
2.0
 31
0.0
  0
LINE
  5
84D
330
17
100
AcDbEntity
  8
隐藏线
  6
HIDDEN
100
AcDbLine
 10
148.84493836615323
 20
2.0
 30
0.0
 11
149.0758407462394
 21
2.0
 31
0.0
  0
LINE
  5
84E
330
17
100
AcDbEntity
  8
隐藏线
  6
HIDDEN
100
AcDbLine
 10
149.0758407462394
 20
2.0
 30
0.0
 11
149.30836135620493
 21
2.0
 31
0.0
  0
LINE
  5
84F
330
17
100
AcDbEntity
  8
隐藏线
  6
HIDDEN
100
AcDbLine
 10
149.30836135620493
 20
2.0
 30
0.0
 11
149.5424868893541
 21
2.0
 31
0.0
  0
LINE
  5
850
330
17
100
AcDbEntity
  8
隐藏线
  6
HIDDEN
100
AcDbLine
 10
149.5424868893541
 20
2.0
 30
0.0
 11
176.0
 21
2.0
 31
0.0
  0
LINE
  5
851
330
17
100
AcDbEntity
  8
隐藏线
  6
HIDDEN
100
AcDbLine
 10
176.0
 20
2.0
 30
0.0
 11
202.4575131106459
 21
2.0
 31
0.0
  0
LINE
  5
852
330
17
100
AcDbEntity
  8
隐藏线
  6
HIDDEN
100
AcDbLine
 10
202.4575131106459
 20
2.0
 30
0.0
 11
202.6916386437951
 21
2.0
 31
0.0
  0
LINE
  5
853
330
17
100
AcDbEntity
  8
隐藏线
  6
HIDDEN
100
AcDbLine
 10
202.6916386437951
 20
2.0
 30
0.0
 11
202.92415925376062
 21
2.0
 31
0.0
  0
LINE
  5
854
330
17
100
AcDbEntity
  8
隐藏线
  6
HIDDEN
100
AcDbLine
 10
202.92415925376062
 20
2.0
 30
0.0
 11
203.1550616338468
 21
2.0
 31
0.0
  0
LINE
  5
855
330
17
100
AcDbEntity
  8
隐藏线
  6
HIDDEN
100
AcDbLine
 10
203.1550616338468
 20
2.0
 30
0.0
 11
203.3843325638122
 21
2.0
 31
0.0
  0
LINE
  5
856
330
17
100
AcDbEntity
  8
隐藏线
  6
HIDDEN
100
AcDbLine
 10
203.3843325638122
 20
2.0
 30
0.0
 11
203.61182045095327
 21
2.0
 31
0.0
  0
LINE
  5
857
330
17
100
AcDbEntity
  8
隐藏线
  6
HIDDEN
100
AcDbLine
 10
203.61182045095327
 20
2.0
 30
0.0
 11
203.83764812802983
 21
2.0
 31
0.0
  0
LINE
  5
858
330
17
100
AcDbEntity
  8
隐藏线
  6
HIDDEN
100
AcDbLine
 10
203.83764812802983
 20
2.0
 30
0.0
 11
204.0618026715631
 21
2.0
 31
0.0
  0
LINE
  5
859
330
17
100
AcDbEntity
  8
隐藏线
  6
HIDDEN
100
AcDbLine
 10
204.0618026715631
 20
2.0
 30
0.0
 11
204.2842712474619
 21
2.0
 31
0.0
  0
LINE
  5
85A
330
17
100
AcDbEntity
  8
隐藏线
  6
HIDDEN
100
AcDbLine
 10
204.2842712474619
 20
2.0
 30
0.0
 11
204.50489818392066
 21
2.0
 31
0.0
  0
LINE
  5
85B
330
17
100
AcDbEntity
  8
隐藏线
  6
HIDDEN
100
AcDbLine
 10
204.50489818392066
 20
2.0
 30
0.0
 11
204.7238112531149
 21
2.0
 31
0.0
  0
LINE
  5
85C
330
17
100
AcDbEntity
  8
隐藏线
  6
HIDDEN
100
AcDbLine
 10
204.7238112531149
 20
2.0
 30
0.0
 11
204.9409979274687
 21
2.0
 31
0.0
  0
LINE
  5
85D
330
17
100
AcDbEntity
  8
隐藏线
  6
HIDDEN
100
AcDbLine
 10
204.9409979274687
 20
2.0
 30
0.0
 11
205.15644577163914
 21
2.0
 31
0.0
  0
LINE
  5
85E
330
17
100
AcDbEntity
  8
隐藏线
  6
HIDDEN
100
AcDbLine
 10
205.15644577163914
 20
2.0
 30
0.0
 11
205.36999518752788
 21
2.0
 31
0.0
  0
LINE
  5
85F
330
17
100
AcDbEntity
  8
隐藏线
  6
HIDDEN
100
AcDbLine
 10
205.36999518752788
 20
2.0
 30
0.0
 11
205.5817787613035
 21
2.0
 31
0.0
  0
LINE
  5
860
330
17
100
AcDbEntity
  8
隐藏线
  6
HIDDEN
100
AcDbLine
 10
205.5817787613035
 20
2.0
 30
0.0
 11
205.7917843735902
 21
2.0
 31
0.0
  0
LINE
  5
861
330
17
100
AcDbEntity
  8
隐藏线
  6
HIDDEN
100
AcDbLine
 10
205.7917843735902
 20
2.0
 30
0.0
 11
206.0
 21
2.0
 31
0.0
  0
LINE
  5
862
330
17
100
AcDbEntity
  8
隐藏线
  6
HIDDEN
100
AcDbLine
 10
206.0
 20
2.0
 30
0.0
 11
206.0
 21
11.868365096457673
 31
0.0
  0
LINE
  5
863
330
17
100
AcDbEntity
  8
隐藏线
  6
HIDDEN
100
AcDbLine
 10
206.0
 20
11.868365096457673
 30
0.0
 11
206.0
 21
12.75
 31
0.0
  0
LINE
  5
864
330
17
100
AcDbEntity
  8
隐藏线
  6
HIDDEN
100
AcDbLine
 10
206.0
 20
12.75
 30
0.0
 11
206.0
 21
21.73673019291535
 31
0.0
  0
LINE
  5
865
330
17
100
AcDbEntity
  8
隐藏线
  6
HIDDEN
100
AcDbLine
 10
202.4575131106459
 20
2.0
 30
0.0
 11
202.4575131106459
 21
11.868365096457673
 31
0.0
  0
LINE
  5
866
330
17
100
AcDbEntity
  8
隐藏线
  6
HIDDEN
100
AcDbLine
 10
202.4575131106459
 20
11.868365096457673
 30
0.0
 11
202.4575131106459
 21
12.75
 31
0.0
  0
LINE
  5
867
330
17
100
AcDbEntity
  8
隐藏线
  6
HIDDEN
100
AcDbLine
 10
202.4575131106459
 20
12.75
 30
0.0
 11
202.4575131106459
 21
21.73673019291535
 31
0.0
  0
LINE
  5
868
330
17
100
AcDbEntity
  8
隐藏线
  6
HIDDEN
100
AcDbLine
 10
149.5424868893541
 20
2.0
 30
0.0
 11
149.5424868893541
 21
11.868365096457673
 31
0.0
  0
LINE
  5
869
330
17
100
AcDbEntity
  8
隐藏线
  6
HIDDEN
100
AcDbLine
 10
149.5424868893541
 20
11.868365096457673
 30
0.0
 11
149.5424868893541
 21
12.75
 31
0.0
  0
LINE
  5
86A
330
17
100
AcDbEntity
  8
隐藏线
  6
HIDDEN
100
AcDbLine
 10
149.5424868893541
 20
12.75
 30
0.0
 11
149.5424868893541
 21
21.73673019291535
 31
0.0
  0
LINE
  5
86B
330
17
100
AcDbEntity
  8
隐藏线
  6
HIDDEN
100
AcDbLine
 10
146.0
 20
2.0
 30
0.0
 11
146.0
 21
11.868365096457673
 31
0.0
  0
LINE
  5
86C
330
17
100
AcDbEntity
  8
隐藏线
  6
HIDDEN
100
AcDbLine
 10
146.0
 20
11.868365096457673
 30
0.0
 11
146.0
 21
12.75
 31
0.0
  0
LINE
  5
86D
330
17
100
AcDbEntity
  8
隐藏线
  6
HIDDEN
100
AcDbLine
 10
146.0
 20
12.75
 30
0.0
 11
146.0
 21
21.73673019291535
 31
0.0
  0
LINE
  5
86E
330
17
100
AcDbEntity
  8
隐藏线
  6
HIDDEN
100
AcDbLine
 10
174.63582726354855
 20
28.5
 30
0.0
 11
176.0
 21
28.5
 31
0.0
  0
LINE
  5
86F
330
17
100
AcDbEntity
  8
隐藏线
  6
HIDDEN
100
AcDbLine
 10
173.32543019624546
 20
28.5
 30
0.0
 11
174.63582726354855
 21
28.5
 31
0.0
  0
LINE
  5
870
330
17
100
AcDbEntity
  8
隐藏线
  6
HIDDEN
100
AcDbLine
 10
172.1157244450417
 20
28.5
 30
0.0
 11
173.32543019624546
 21
28.5
 31
0.0
  0
LINE
  5
871
330
17
100
AcDbEntity
  8
隐藏线
  6
HIDDEN
100
AcDbLine
 10
171.05025253169416
 20
28.5
 30
0.0
 11
172.1157244450417
 21
28.5
 31
0.0
  0
LINE
  5
872
330
17
100
AcDbEntity
  8
隐藏线
  6
HIDDEN
100
AcDbLine
 10
170.18649285973245
 20
28.5
 30
0.0
 11
171.05025253169416
 21
28.5
 31
0.0
  0
LINE
  5
873
330
17
100
AcDbEntity
  8
隐藏线
  6
HIDDEN
100
AcDbLine
 10
169.54301730626224
 20
28.5
 30
0.0
 11
170.18649285973245
 21
28.5
 31
0.0
  0
LINE
  5
874
330
17
100
AcDbEntity
  8
隐藏线
  6
HIDDEN
100
AcDbLine
 10
169.14263209373226
 20
28.5
 30
0.0
 11
169.54301730626224
 21
28.5
 31
0.0
  0
LINE
  5
875
330
17
100
AcDbEntity
  8
隐藏线
  6
HIDDEN
100
AcDbLine
 10
169.0
 20
28.5
 30
0.0
 11
169.14263209373226
 21
28.5
 31
0.0
  0
LINE
  5
876
330
17
100
AcDbEntity
  8
隐藏线
  6
HIDDEN
100
AcDbLine
 10
170.1535454152081
 20
28.5
 30
0.0
 11
176.0
 21
28.5
 31
0.0
  0
LINE
  5
877
330
17
100
AcDbEntity
  8
隐藏线
  6
HIDDEN
100
AcDbLine
 10
164.53755798390912
 20
28.5
 30
0.0
 11
170.1535454152081
 21
28.5
 31
0.0
  0
LINE
  5
878
330
17
100
AcDbEntity
  8
隐藏线
  6
HIDDEN
100
AcDbLine
 10
159.35310476446443
 20
28.5
 30
0.0
 11
164.53755798390912
 21
28.5
 31
0.0
  0
LINE
  5
879
330
17
100
AcDbEntity
  8
隐藏线
  6
HIDDEN
100
AcDbLine
 10
154.78679656440357
 20
28.5
 30
0.0
 11
159.35310476446443
 21
28.5
 31
0.0
  0
LINE
  5
87A
330
17
100
AcDbEntity
  8
隐藏线
  6
HIDDEN
100
AcDbLine
 10
151.0849693988534
 20
28.5
 30
0.0
 11
154.78679656440357
 21
28.5
 31
0.0
  0
LINE
  5
87B
330
17
100
AcDbEntity
  8
隐藏线
  6
HIDDEN
100
AcDbLine
 10
148.3272170268382
 20
28.5
 30
0.0
 11
151.0849693988534
 21
28.5
 31
0.0
  0
LINE
  5
87C
330
17
100
AcDbEntity
  8
隐藏线
  6
HIDDEN
100
AcDbLine
 10
146.61128040170965
 20
28.5
 30
0.0
 11
148.3272170268382
 21
28.5
 31
0.0
  0
LINE
  5
87D
330
17
100
AcDbEntity
  8
隐藏线
  6
HIDDEN
100
AcDbLine
 10
146.0
 20
28.5
 30
0.0
 11
146.61128040170965
 21
28.5
 31
0.0
  0
LINE
  5
87E
330
17
100
AcDbEntity
  8
隐藏线
  6
HIDDEN
100
AcDbLine
 10
205.38871959829035
 20
28.5
 30
0.0
 11
206.0
 21
28.5
 31
0.0
  0
LINE
  5
87F
330
17
100
AcDbEntity
  8
隐藏线
  6
HIDDEN
100
AcDbLine
 10
203.67278297316182
 20
28.5
 30
0.0
 11
205.38871959829035
 21
28.5
 31
0.0
  0
LINE
  5
880
330
17
100
AcDbEntity
  8
隐藏线
  6
HIDDEN
100
AcDbLine
 10
200.9150306011466
 20
28.5
 30
0.0
 11
203.67278297316182
 21
28.5
 31
0.0
  0
LINE
  5
881
330
17
100
AcDbEntity
  8
隐藏线
  6
HIDDEN
100
AcDbLine
 10
197.21320343559643
 20
28.5
 30
0.0
 11
200.9150306011466
 21
28.5
 31
0.0
  0
LINE
  5
882
330
17
100
AcDbEntity
  8
隐藏线
  6
HIDDEN
100
AcDbLine
 10
192.64689523553557
 20
28.5
 30
0.0
 11
197.21320343559643
 21
28.5
 31
0.0
  0
LINE
  5
883
330
17
100
AcDbEntity
  8
隐藏线
  6
HIDDEN
100
AcDbLine
 10
187.46244201609088
 20
28.5
 30
0.0
 11
192.64689523553557
 21
28.5
 31
0.0
  0
LINE
  5
884
330
17
100
AcDbEntity
  8
隐藏线
  6
HIDDEN
100
AcDbLine
 10
181.8464545847919
 20
28.5
 30
0.0
 11
187.46244201609088
 21
28.5
 31
0.0
  0
LINE
  5
885
330
17
100
AcDbEntity
  8
隐藏线
  6
HIDDEN
100
AcDbLine
 10
176.0
 20
28.5
 30
0.0
 11
181.8464545847919
 21
28.5
 31
0.0
  0
LINE
  5
886
330
17
100
AcDbEntity
  8
隐藏线
  6
HIDDEN
100
AcDbLine
 10
200.42718233936566
 20
12.099999999999998
 30
0.0
 11
200.7487373415292
 21
12.099999999999998
 31
0.0
  0
LINE
  5
887
330
17
100
AcDbEntity
  8
隐藏线
  6
HIDDEN
100
AcDbLine
 10
200.1183030306442
 20
12.099999999999998
 30
0.0
 11
200.42718233936566
 21
12.099999999999998
 31
0.0
  0
LINE
  5
888
330
17
100
AcDbEntity
  8
隐藏线
  6
HIDDEN
100
AcDbLine
 10
199.83315810357473
 20
12.099999999999998
 30
0.0
 11
200.1183030306442
 21
12.099999999999998
 31
0.0
  0
LINE
  5
889
330
17
100
AcDbEntity
  8
隐藏线
  6
HIDDEN
100
AcDbLine
 10
199.5820111525714
 20
12.099999999999998
 30
0.0
 11
199.83315810357473
 21
12.099999999999998
 31
0.0
  0
LINE
  5
88A
330
17
100
AcDbEntity
  8
隐藏线
  6
HIDDEN
100
AcDbLine
 10
199.37841065846612
 20
12.099999999999998
 30
0.0
 11
199.5820111525714
 21
12.099999999999998
 31
0.0
  0
LINE
  5
88B
330
17
100
AcDbEntity
  8
隐藏线
  6
HIDDEN
100
AcDbLine
 10
199.2267342780053
 20
12.099999999999998
 30
0.0
 11
199.37841065846612
 21
12.099999999999998
 31
0.0
  0
LINE
  5
88C
330
17
100
AcDbEntity
  8
隐藏线
  6
HIDDEN
100
AcDbLine
 10
199.13235776362325
 20
12.099999999999998
 30
0.0
 11
199.2267342780053
 21
12.099999999999998
 31
0.0
  0
LINE
  5
88D
330
17
100
AcDbEntity
  8
隐藏线
  6
HIDDEN
100
AcDbLine
 10
199.09873734152922
 20
12.099999999999998
 30
0.0
 11
199.13235776362325
 21
12.099999999999998
 31
0.0
  0
LINE
  5
88E
330
17
100
AcDbEntity
  8
隐藏线
  6
HIDDEN
100
AcDbLine
 10
150.92970765630724
 20
12.099999999999998
 30
0.0
 11
151.2512626584708
 21
12.099999999999998
 31
0.0
  0
LINE
  5
88F
330
17
100
AcDbEntity
  8
隐藏线
  6
HIDDEN
100
AcDbLine
 10
150.6208283475858
 20
12.099999999999998
 30
0.0
 11
150.92970765630724
 21
12.099999999999998
 31
0.0
  0
LINE
  5
890
330
17
100
AcDbEntity
  8
隐藏线
  6
HIDDEN
100
AcDbLine
 10
150.33568342051635
 20
12.099999999999998
 30
0.0
 11
150.6208283475858
 21
12.099999999999998
 31
0.0
  0
LINE
  5
891
330
17
100
AcDbEntity
  8
隐藏线
  6
HIDDEN
100
AcDbLine
 10
150.084536469513
 20
12.099999999999998
 30
0.0
 11
150.33568342051635
 21
12.099999999999998
 31
0.0
  0
LINE
  5
892
330
17
100
AcDbEntity
  8
隐藏线
  6
HIDDEN
100
AcDbLine
 10
149.88093597540774
 20
12.099999999999998
 30
0.0
 11
150.084536469513
 21
12.099999999999998
 31
0.0
  0
LINE
  5
893
330
17
100
AcDbEntity
  8
隐藏线
  6
HIDDEN
100
AcDbLine
 10
149.7292595949469
 20
12.099999999999998
 30
0.0
 11
149.88093597540774
 21
12.099999999999998
 31
0.0
  0
LINE
  5
894
330
17
100
AcDbEntity
  8
隐藏线
  6
HIDDEN
100
AcDbLine
 10
149.63488308056483
 20
12.099999999999998
 30
0.0
 11
149.7292595949469
 21
12.099999999999998
 31
0.0
  0
LINE
  5
895
330
17
100
AcDbEntity
  8
隐藏线
  6
HIDDEN
100
AcDbLine
 10
149.6012626584708
 20
12.099999999999998
 30
0.0
 11
149.63488308056483
 21
12.099999999999998
 31
0.0
  0
LINE
  5
896
330
17
100
AcDbEntity
  8
隐藏线
  6
HIDDEN
100
AcDbLine
 10
176.0
 20
33.5
 30
0.0
 11
177.5590545559445
 21
33.5
 31
0.0
  0
LINE
  5
897
330
17
100
AcDbEntity
  8
隐藏线
  6
HIDDEN
100
AcDbLine
 10
177.5590545559445
 20
33.5
 30
0.0
 11
179.05665120429092
 21
33.5
 31
0.0
  0
LINE
  5
898
330
17
100
AcDbEntity
  8
隐藏线
  6
HIDDEN
100
AcDbLine
 10
179.05665120429092
 20
33.5
 30
0.0
 11
180.4391720628095
 21
33.5
 31
0.0
  0
LINE
  5
899
330
17
100
AcDbEntity
  8
隐藏线
  6
HIDDEN
100
AcDbLine
 10
180.4391720628095
 20
33.5
 30
0.0
 11
181.65685424949237
 21
33.5
 31
0.0
  0
LINE
  5
89A
330
17
100
AcDbEntity
  8
隐藏线
  6
HIDDEN
100
AcDbLine
 10
181.65685424949237
 20
33.5
 30
0.0
 11
182.64400816030576
 21
33.5
 31
0.0
  0
LINE
  5
89B
330
17
100
AcDbEntity
  8
隐藏线
  6
HIDDEN
100
AcDbLine
 10
182.64400816030576
 20
33.5
 30
0.0
 11
183.37940879284315
 21
33.5
 31
0.0
  0
LINE
  5
89C
330
17
100
AcDbEntity
  8
隐藏线
  6
HIDDEN
100
AcDbLine
 10
183.37940879284315
 20
33.5
 30
0.0
 11
183.83699189287742
 21
33.5
 31
0.0
  0
LINE
  5
89D
330
17
100
AcDbEntity
  8
隐藏线
  6
HIDDEN
100
AcDbLine
 10
183.83699189287742
 20
33.5
 30
0.0
 11
184.0
 21
33.5
 31
0.0
  0
LINE
  5
89E
330
17
100
AcDbEntity
  8
隐藏线
  6
HIDDEN
100
AcDbLine
 10
174.4409454440555
 20
33.5
 30
0.0
 11
176.0
 21
33.5
 31
0.0
  0
LINE
  5
89F
330
17
100
AcDbEntity
  8
隐藏线
  6
HIDDEN
100
AcDbLine
 10
172.9433487957091
 20
33.5
 30
0.0
 11
174.4409454440555
 21
33.5
 31
0.0
  0
LINE
  5
8A0
330
17
100
AcDbEntity
  8
隐藏线
  6
HIDDEN
100
AcDbLine
 10
171.5608279371905
 20
33.5
 30
0.0
 11
172.9433487957091
 21
33.5
 31
0.0
  0
LINE
  5
8A1
330
17
100
AcDbEntity
  8
隐藏线
  6
HIDDEN
100
AcDbLine
 10
170.34314575050763
 20
33.5
 30
0.0
 11
171.5608279371905
 21
33.5
 31
0.0
  0
LINE
  5
8A2
330
17
100
AcDbEntity
  8
隐藏线
  6
HIDDEN
100
AcDbLine
 10
169.35599183969424
 20
33.5
 30
0.0
 11
170.34314575050763
 21
33.5
 31
0.0
  0
LINE
  5
8A3
330
17
100
AcDbEntity
  8
隐藏线
  6
HIDDEN
100
AcDbLine
 10
168.62059120715685
 20
33.5
 30
0.0
 11
169.35599183969424
 21
33.5
 31
0.0
  0
LINE
  5
8A4
330
17
100
AcDbEntity
  8
隐藏线
  6
HIDDEN
100
AcDbLine
 10
168.16300810712258
 20
33.5
 30
0.0
 11
168.62059120715685
 21
33.5
 31
0.0
  0
LINE
  5
8A5
330
17
100
AcDbEntity
  8
隐藏线
  6
HIDDEN
100
AcDbLine
 10
168.0
 20
33.5
 30
0.0
 11
168.16300810712258
 21
33.5
 31
0.0
  0
LINE
  5
8A6
330
17
100
AcDbEntity
  8
隐藏线
  6
HIDDEN
100
AcDbLine
 10
176.0
 20
28.5
 30
0.0
 11
177.5590545559445
 21
28.5
 31
0.0
  0
LINE
  5
8A7
330
17
100
AcDbEntity
  8
隐藏线
  6
HIDDEN
100
AcDbLine
 10
177.5590545559445
 20
28.5
 30
0.0
 11
179.05665120429092
 21
28.5
 31
0.0
  0
LINE
  5
8A8
330
17
100
AcDbEntity
  8
隐藏线
  6
HIDDEN
100
AcDbLine
 10
179.05665120429092
 20
28.5
 30
0.0
 11
180.4391720628095
 21
28.5
 31
0.0
  0
LINE
  5
8A9
330
17
100
AcDbEntity
  8
隐藏线
  6
HIDDEN
100
AcDbLine
 10
180.4391720628095
 20
28.5
 30
0.0
 11
181.65685424949237
 21
28.5
 31
0.0
  0
LINE
  5
8AA
330
17
100
AcDbEntity
  8
隐藏线
  6
HIDDEN
100
AcDbLine
 10
181.65685424949237
 20
28.5
 30
0.0
 11
182.64400816030576
 21
28.5
 31
0.0
  0
LINE
  5
8AB
330
17
100
AcDbEntity
  8
隐藏线
  6
HIDDEN
100
AcDbLine
 10
182.64400816030576
 20
28.5
 30
0.0
 11
183.37940879284315
 21
28.5
 31
0.0
  0
LINE
  5
8AC
330
17
100
AcDbEntity
  8
隐藏线
  6
HIDDEN
100
AcDbLine
 10
183.37940879284315
 20
28.5
 30
0.0
 11
183.83699189287742
 21
28.5
 31
0.0
  0
LINE
  5
8AD
330
17
100
AcDbEntity
  8
隐藏线
  6
HIDDEN
100
AcDbLine
 10
183.83699189287742
 20
28.5
 30
0.0
 11
184.0
 21
28.5
 31
0.0
  0
LINE
  5
8AE
330
17
100
AcDbEntity
  8
隐藏线
  6
HIDDEN
100
AcDbLine
 10
182.7284271247462
 20
70.9
 30
0.0
 11
183.8
 21
70.9
 31
0.0
  0
LINE
  5
8AF
330
17
100
AcDbEntity
  8
隐藏线
  6
HIDDEN
100
AcDbLine
 10
181.65685424949237
 20
70.9
 30
0.0
 11
182.7284271247462
 21
70.9
 31
0.0
  0
LINE
  5
8B0
330
17
100
AcDbEntity
  8
隐藏线
  6
HIDDEN
100
AcDbLine
 10
181.48540564279827
 20
70.9
 30
0.0
 11
181.65685424949237
 21
70.9
 31
0.0
  0
LINE
  5
8B1
330
17
100
AcDbEntity
  8
隐藏线
  6
HIDDEN
100
AcDbLine
 10
181.28221720948548
 20
70.9
 30
0.0
 11
181.48540564279827
 21
70.9
 31
0.0
  0
LINE
  5
8B2
330
17
100
AcDbEntity
  8
隐藏线
  6
HIDDEN
100
AcDbLine
 10
181.04841625675954
 20
70.9
 30
0.0
 11
181.28221720948548
 21
70.9
 31
0.0
  0
LINE
  5
8B3
330
17
100
AcDbEntity
  8
隐藏线
  6
HIDDEN
100
AcDbLine
 10
180.785287816377
 20
70.9
 30
0.0
 11
181.04841625675954
 21
70.9
 31
0.0
  0
LINE
  5
8B4
330
17
100
AcDbEntity
  8
隐藏线
  6
HIDDEN
100
AcDbLine
 10
180.4921194284514
 20
70.9
 30
0.0
 11
180.785287816377
 21
70.9
 31
0.0
  0
LINE
  5
8B5
330
17
100
AcDbEntity
  8
隐藏线
  6
HIDDEN
100
AcDbLine
 10
180.17300076440466
 20
70.9
 30
0.0
 11
180.4921194284514
 21
70.9
 31
0.0
  0
LINE
  5
8B6
330
17
100
AcDbEntity
  8
隐藏线
  6
HIDDEN
100
AcDbLine
 10
179.82969792506842
 20
70.9
 30
0.0
 11
180.17300076440466
 21
70.9
 31
0.0
  0
LINE
  5
8B7
330
17
100
AcDbEntity
  8
隐藏线
  6
HIDDEN
100
AcDbLine
 10
179.46410161513776
 20
70.9
 30
0.0
 11
179.82969792506842
 21
70.9
 31
0.0
  0
LINE
  5
8B8
330
17
100
AcDbEntity
  8
隐藏线
  6
HIDDEN
100
AcDbLine
 10
179.1733839894212
 20
70.9
 30
0.0
 11
179.46410161513776
 21
70.9
 31
0.0
  0
LINE
  5
8B9
330
17
100
AcDbEntity
  8
隐藏线
  6
HIDDEN
100
AcDbLine
 10
178.87221707565845
 20
70.9
 30
0.0
 11
179.1733839894212
 21
70.9
 31
0.0
  0
LINE
  5
8BA
330
17
100
AcDbEntity
  8
隐藏线
  6
HIDDEN
100
AcDbLine
 10
178.5615506089111
 20
70.9
 30
0.0
 11
178.87221707565845
 21
70.9
 31
0.0
  0
LINE
  5
8BB
330
17
100
AcDbEntity
  8
隐藏线
  6
HIDDEN
100
AcDbLine
 10
178.2423622545961
 20
70.9
 30
0.0
 11
178.5615506089111
 21
70.9
 31
0.0
  0
LINE
  5
8BC
330
17
100
AcDbEntity
  8
隐藏线
  6
HIDDEN
100
AcDbLine
 10
177.91514006198736
 20
70.9
 30
0.0
 11
178.2423622545961
 21
70.9
 31
0.0
  0
LINE
  5
8BD
330
17
100
AcDbEntity
  8
隐藏线
  6
HIDDEN
100
AcDbLine
 10
177.58163562086594
 20
70.9
 30
0.0
 11
177.91514006198736
 21
70.9
 31
0.0
  0
LINE
  5
8BE
330
17
100
AcDbEntity
  8
隐藏线
  6
HIDDEN
100
AcDbLine
 10
177.24290008787818
 20
70.9
 30
0.0
 11
177.58163562086594
 21
70.9
 31
0.0
  0
LINE
  5
8BF
330
17
100
AcDbEntity
  8
隐藏线
  6
HIDDEN
100
AcDbLine
 10
176.9
 20
70.9
 30
0.0
 11
177.24290008787818
 21
70.9
 31
0.0
  0
LINE
  5
8C0
330
17
100
AcDbEntity
  8
隐藏线
  6
HIDDEN
100
AcDbLine
 10
176.7881899722771
 20
70.9
 30
0.0
 11
176.9
 21
70.9
 31
0.0
  0
LINE
  5
8C1
330
17
100
AcDbEntity
  8
隐藏线
  6
HIDDEN
100
AcDbLine
 10
176.6761082978887
 20
70.9
 30
0.0
 11
176.7881899722771
 21
70.9
 31
0.0
  0
LINE
  5
8C2
330
17
100
AcDbEntity
  8
隐藏线
  6
HIDDEN
100
AcDbLine
 10
176.5637920192759
 20
70.9
 30
0.0
 11
176.6761082978887
 21
70.9
 31
0.0
  0
LINE
  5
8C3
330
17
100
AcDbEntity
  8
隐藏线
  6
HIDDEN
100
AcDbLine
 10
176.4512782512412
 20
70.9
 30
0.0
 11
176.5637920192759
 21
70.9
 31
0.0
  0
LINE
  5
8C4
330
17
100
AcDbEntity
  8
隐藏线
  6
HIDDEN
100
AcDbLine
 10
176.3385948453205
 20
70.9
 30
0.0
 11
176.4512782512412
 21
70.9
 31
0.0
  0
LINE
  5
8C5
330
17
100
AcDbEntity
  8
隐藏线
  6
HIDDEN
100
AcDbLine
 10
176.22579581225452
 20
70.9
 30
0.0
 11
176.3385948453205
 21
70.9
 31
0.0
  0
LINE
  5
8C6
330
17
100
AcDbEntity
  8
隐藏线
  6
HIDDEN
100
AcDbLine
 10
176.11291842983005
 20
70.9
 30
0.0
 11
176.22579581225452
 21
70.9
 31
0.0
  0
LINE
  5
8C7
330
17
100
AcDbEntity
  8
隐藏线
  6
HIDDEN
100
AcDbLine
 10
176.0
 20
70.9
 30
0.0
 11
176.11291842983005
 21
70.9
 31
0.0
  0
LINE
  5
8C8
330
17
100
AcDbEntity
  8
隐藏线
  6
HIDDEN
100
AcDbLine
 10
174.83070908304163
 20
70.9
 30
0.0
 11
176.0
 21
70.9
 31
0.0
  0
LINE
  5
8C9
330
17
100
AcDbEntity
  8
隐藏线
  6
HIDDEN
100
AcDbLine
 10
173.7075115967818
 20
70.9
 30
0.0
 11
174.83070908304163
 21
70.9
 31
0.0
  0
LINE
  5
8CA
330
17
100
AcDbEntity
  8
隐藏线
  6
HIDDEN
100
AcDbLine
 10
172.67062095289288
 20
70.9
 30
0.0
 11
173.7075115967818
 21
70.9
 31
0.0
  0
LINE
  5
8CB
330
17
100
AcDbEntity
  8
隐藏线
  6
HIDDEN
100
AcDbLine
 10
171.7573593128807
 20
70.9
 30
0.0
 11
172.67062095289288
 21
70.9
 31
0.0
  0
LINE
  5
8CC
330
17
100
AcDbEntity
  8
隐藏线
  6
HIDDEN
100
AcDbLine
 10
171.01699387977067
 20
70.9
 30
0.0
 11
171.7573593128807
 21
70.9
 31
0.0
  0
LINE
  5
8CD
330
17
100
AcDbEntity
  8
隐藏线
  6
HIDDEN
100
AcDbLine
 10
170.46544340536764
 20
70.9
 30
0.0
 11
171.01699387977067
 21
70.9
 31
0.0
  0
LINE
  5
8CE
330
17
100
AcDbEntity
  8
隐藏线
  6
HIDDEN
100
AcDbLine
 10
170.12225608034194
 20
70.9
 30
0.0
 11
170.46544340536764
 21
70.9
 31
0.0
  0
LINE
  5
8CF
330
17
100
AcDbEntity
  8
隐藏线
  6
HIDDEN
100
AcDbLine
 10
170.0
 20
70.9
 30
0.0
 11
170.12225608034194
 21
70.9
 31
0.0
  0
LINE
  5
8D0
330
17
100
AcDbEntity
  8
隐藏线
  6
HIDDEN
100
AcDbLine
 10
182.7284271247462
 20
98.9
 30
0.0
 11
183.8
 21
98.9
 31
0.0
  0
LINE
  5
8D1
330
17
100
AcDbEntity
  8
隐藏线
  6
HIDDEN
100
AcDbLine
 10
181.65685424949237
 20
98.9
 30
0.0
 11
182.7284271247462
 21
98.9
 31
0.0
  0
LINE
  5
8D2
330
17
100
AcDbEntity
  8
隐藏线
  6
HIDDEN
100
AcDbLine
 10
181.65685424949237
 20
70.9
 30
0.0
 11
181.65685424949237
 21
84.9
 31
0.0
  0
LINE
  5
8D3
330
17
100
AcDbEntity
  8
隐藏线
  6
HIDDEN
100
AcDbLine
 10
181.65685424949237
 20
84.9
 30
0.0
 11
181.65685424949237
 21
98.9
 31
0.0
  0
LINE
  5
8D4
330
17
100
AcDbEntity
  8
隐藏线
  6
HIDDEN
100
AcDbLine
 10
183.8
 20
70.9
 30
0.0
 11
183.8
 21
84.9
 31
0.0
  0
LINE
  5
8D5
330
17
100
AcDbEntity
  8
隐藏线
  6
HIDDEN
100
AcDbLine
 10
183.8
 20
84.9
 30
0.0
 11
183.8
 21
98.9
 31
0.0
  0
LINE
  5
8D6
330
17
100
AcDbEntity
  8
隐藏线
  6
HIDDEN
100
AcDbLine
 10
181.48540564279827
 20
98.9
 30
0.0
 11
181.65685424949237
 21
98.9
 31
0.0
  0
LINE
  5
8D7
330
17
100
AcDbEntity
  8
隐藏线
  6
HIDDEN
100
AcDbLine
 10
181.28221720948548
 20
98.9
 30
0.0
 11
181.48540564279827
 21
98.9
 31
0.0
  0
LINE
  5
8D8
330
17
100
AcDbEntity
  8
隐藏线
  6
HIDDEN
100
AcDbLine
 10
181.04841625675954
 20
98.9
 30
0.0
 11
181.28221720948548
 21
98.9
 31
0.0
  0
LINE
  5
8D9
330
17
100
AcDbEntity
  8
隐藏线
  6
HIDDEN
100
AcDbLine
 10
180.785287816377
 20
98.9
 30
0.0
 11
181.04841625675954
 21
98.9
 31
0.0
  0
LINE
  5
8DA
330
17
100
AcDbEntity
  8
隐藏线
  6
HIDDEN
100
AcDbLine
 10
180.4921194284514
 20
98.9
 30
0.0
 11
180.785287816377
 21
98.9
 31
0.0
  0
LINE
  5
8DB
330
17
100
AcDbEntity
  8
隐藏线
  6
HIDDEN
100
AcDbLine
 10
180.17300076440466
 20
98.9
 30
0.0
 11
180.4921194284514
 21
98.9
 31
0.0
  0
LINE
  5
8DC
330
17
100
AcDbEntity
  8
隐藏线
  6
HIDDEN
100
AcDbLine
 10
179.82969792506842
 20
98.9
 30
0.0
 11
180.17300076440466
 21
98.9
 31
0.0
  0
LINE
  5
8DD
330
17
100
AcDbEntity
  8
隐藏线
  6
HIDDEN
100
AcDbLine
 10
179.46410161513776
 20
98.9
 30
0.0
 11
179.82969792506842
 21
98.9
 31
0.0
  0
LINE
  5
8DE
330
17
100
AcDbEntity
  8
隐藏线
  6
HIDDEN
100
AcDbLine
 10
179.07675918777468
 20
98.9
 30
0.0
 11
179.46410161513776
 21
98.9
 31
0.0
  0
LINE
  5
8DF
330
17
100
AcDbEntity
  8
隐藏线
  6
HIDDEN
100
AcDbLine
 10
178.67169429087218
 20
98.9
 30
0.0
 11
179.07675918777468
 21
98.9
 31
0.0
  0
LINE
  5
8E0
330
17
100
AcDbEntity
  8
隐藏线
  6
HIDDEN
100
AcDbLine
 10
178.2511458782221
 20
98.9
 30
0.0
 11
178.67169429087218
 21
98.9
 31
0.0
  0
LINE
  5
8E1
330
17
100
AcDbEntity
  8
隐藏线
  6
HIDDEN
100
AcDbLine
 10
177.8174326791661
 20
98.9
 30
0.0
 11
178.2511458782221
 21
98.9
 31
0.0
  0
LINE
  5
8E2
330
17
100
AcDbEntity
  8
隐藏线
  6
HIDDEN
100
AcDbLine
 10
177.37231043128375
 20
98.9
 30
0.0
 11
177.8174326791661
 21
98.9
 31
0.0
  0
LINE
  5
8E3
330
17
100
AcDbEntity
  8
隐藏线
  6
HIDDEN
100
AcDbLine
 10
176.91935870192293
 20
98.9
 30
0.0
 11
177.37231043128375
 21
98.9
 31
0.0
  0
LINE
  5
8E4
330
17
100
AcDbEntity
  8
隐藏线
  6
HIDDEN
100
AcDbLine
 10
176.46107892848627
 20
98.9
 30
0.0
 11
176.91935870192293
 21
98.9
 31
0.0
  0
LINE
  5
8E5
330
17
100
AcDbEntity
  8
隐藏线
  6
HIDDEN
100
AcDbLine
 10
176.0
 20
98.9
 30
0.0
 11
176.46107892848627
 21
98.9
 31
0.0
  0
LINE
  5
8E6
330
17
100
AcDbEntity
  8
隐藏线
  6
HIDDEN
100
AcDbLine
 10
174.4409454440555
 20
28.5
 30
0.0
 11
176.0
 21
28.5
 31
0.0
  0
LINE
  5
8E7
330
17
100
AcDbEntity
  8
隐藏线
  6
HIDDEN
100
AcDbLine
 10
172.9433487957091
 20
28.5
 30
0.0
 11
174.4409454440555
 21
28.5
 31
0.0
  0
LINE
  5
8E8
330
17
100
AcDbEntity
  8
隐藏线
  6
HIDDEN
100
AcDbLine
 10
171.5608279371905
 20
28.5
 30
0.0
 11
172.9433487957091
 21
28.5
 31
0.0
  0
LINE
  5
8E9
330
17
100
AcDbEntity
  8
隐藏线
  6
HIDDEN
100
AcDbLine
 10
170.34314575050763
 20
28.5
 30
0.0
 11
171.5608279371905
 21
28.5
 31
0.0
  0
LINE
  5
8EA
330
17
100
AcDbEntity
  8
隐藏线
  6
HIDDEN
100
AcDbLine
 10
169.35599183969424
 20
28.5
 30
0.0
 11
170.34314575050763
 21
28.5
 31
0.0
  0
LINE
  5
8EB
330
17
100
AcDbEntity
  8
隐藏线
  6
HIDDEN
100
AcDbLine
 10
168.62059120715685
 20
28.5
 30
0.0
 11
169.35599183969424
 21
28.5
 31
0.0
  0
LINE
  5
8EC
330
17
100
AcDbEntity
  8
隐藏线
  6
HIDDEN
100
AcDbLine
 10
168.16300810712258
 20
28.5
 30
0.0
 11
168.62059120715685
 21
28.5
 31
0.0
  0
LINE
  5
8ED
330
17
100
AcDbEntity
  8
隐藏线
  6
HIDDEN
100
AcDbLine
 10
168.0
 20
28.5
 30
0.0
 11
168.16300810712258
 21
28.5
 31
0.0
  0
LINE
  5
8EE
330
17
100
AcDbEntity
  8
隐藏线
  6
HIDDEN
100
AcDbLine
 10
174.83070908304163
 20
98.9
 30
0.0
 11
176.0
 21
98.9
 31
0.0
  0
LINE
  5
8EF
330
17
100
AcDbEntity
  8
隐藏线
  6
HIDDEN
100
AcDbLine
 10
173.7075115967818
 20
98.9
 30
0.0
 11
174.83070908304163
 21
98.9
 31
0.0
  0
LINE
  5
8F0
330
17
100
AcDbEntity
  8
隐藏线
  6
HIDDEN
100
AcDbLine
 10
172.67062095289288
 20
98.9
 30
0.0
 11
173.7075115967818
 21
98.9
 31
0.0
  0
LINE
  5
8F1
330
17
100
AcDbEntity
  8
隐藏线
  6
HIDDEN
100
AcDbLine
 10
171.7573593128807
 20
98.9
 30
0.0
 11
172.67062095289288
 21
98.9
 31
0.0
  0
LINE
  5
8F2
330
17
100
AcDbEntity
  8
隐藏线
  6
HIDDEN
100
AcDbLine
 10
171.01699387977067
 20
98.9
 30
0.0
 11
171.7573593128807
 21
98.9
 31
0.0
  0
LINE
  5
8F3
330
17
100
AcDbEntity
  8
隐藏线
  6
HIDDEN
100
AcDbLine
 10
170.46544340536764
 20
98.9
 30
0.0
 11
171.01699387977067
 21
98.9
 31
0.0
  0
LINE
  5
8F4
330
17
100
AcDbEntity
  8
隐藏线
  6
HIDDEN
100
AcDbLine
 10
170.12225608034194
 20
98.9
 30
0.0
 11
170.46544340536764
 21
98.9
 31
0.0
  0
LINE
  5
8F5
330
17
100
AcDbEntity
  8
隐藏线
  6
HIDDEN
100
AcDbLine
 10
170.0
 20
98.9
 30
0.0
 11
170.12225608034194
 21
98.9
 31
0.0
  0
LINE
  5
8F6
330
17
100
AcDbEntity
  8
隐藏线
  6
HIDDEN
100
AcDbLine
 10
174.34350453430898
 20
98.9
 30
0.0
 11
176.0
 21
98.9
 31
0.0
  0
LINE
  5
8F7
330
17
100
AcDbEntity
  8
隐藏线
  6
HIDDEN
100
AcDbLine
 10
172.75230809544092
 20
98.9
 30
0.0
 11
174.34350453430898
 21
98.9
 31
0.0
  0
LINE
  5
8F8
330
17
100
AcDbEntity
  8
隐藏线
  6
HIDDEN
100
AcDbLine
 10
171.2833796832649
 20
98.9
 30
0.0
 11
172.75230809544092
 21
98.9
 31
0.0
  0
LINE
  5
8F9
330
17
100
AcDbEntity
  8
隐藏线
  6
HIDDEN
100
AcDbLine
 10
169.98959235991435
 20
98.9
 30
0.0
 11
171.2833796832649
 21
98.9
 31
0.0
  0
LINE
  5
8FA
330
17
100
AcDbEntity
  8
隐藏线
  6
HIDDEN
100
AcDbLine
 10
168.94074132967512
 20
98.9
 30
0.0
 11
169.98959235991435
 21
98.9
 31
0.0
  0
LINE
  5
8FB
330
17
100
AcDbEntity
  8
隐藏线
  6
HIDDEN
100
AcDbLine
 10
168.15937815760415
 20
98.9
 30
0.0
 11
168.94074132967512
 21
98.9
 31
0.0
  0
LINE
  5
8FC
330
17
100
AcDbEntity
  8
隐藏线
  6
HIDDEN
100
AcDbLine
 10
167.67319611381774
 20
98.9
 30
0.0
 11
168.15937815760415
 21
98.9
 31
0.0
  0
LINE
  5
8FD
330
17
100
AcDbEntity
  8
隐藏线
  6
HIDDEN
100
AcDbLine
 10
167.5
 20
98.9
 30
0.0
 11
167.67319611381774
 21
98.9
 31
0.0
  0
LINE
  5
8FE
330
17
100
AcDbEntity
  8
隐藏线
  6
HIDDEN
100
AcDbLine
 10
184.32680388618226
 20
98.9
 30
0.0
 11
184.5
 21
98.9
 31
0.0
  0
LINE
  5
8FF
330
17
100
AcDbEntity
  8
隐藏线
  6
HIDDEN
100
AcDbLine
 10
183.84062184239585
 20
98.9
 30
0.0
 11
184.32680388618226
 21
98.9
 31
0.0
  0
LINE
  5
900
330
17
100
AcDbEntity
  8
隐藏线
  6
HIDDEN
100
AcDbLine
 10
183.05925867032488
 20
98.9
 30
0.0
 11
183.84062184239585
 21
98.9
 31
0.0
  0
LINE
  5
901
330
17
100
AcDbEntity
  8
隐藏线
  6
HIDDEN
100
AcDbLine
 10
182.01040764008565
 20
98.9
 30
0.0
 11
183.05925867032488
 21
98.9
 31
0.0
  0
LINE
  5
902
330
17
100
AcDbEntity
  8
隐藏线
  6
HIDDEN
100
AcDbLine
 10
180.7166203167351
 20
98.9
 30
0.0
 11
182.01040764008565
 21
98.9
 31
0.0
  0
LINE
  5
903
330
17
100
AcDbEntity
  8
隐藏线
  6
HIDDEN
100
AcDbLine
 10
179.24769190455908
 20
98.9
 30
0.0
 11
180.7166203167351
 21
98.9
 31
0.0
  0
LINE
  5
904
330
17
100
AcDbEntity
  8
隐藏线
  6
HIDDEN
100
AcDbLine
 10
177.65649546569102
 20
98.9
 30
0.0
 11
179.24769190455908
 21
98.9
 31
0.0
  0
LINE
  5
905
330
17
100
AcDbEntity
  8
隐藏线
  6
HIDDEN
100
AcDbLine
 10
176.0
 20
98.9
 30
0.0
 11
177.65649546569102
 21
98.9
 31
0.0
  0
LINE
  5
906
330
17
100
AcDbEntity
  8
隐藏线
  6
HIDDEN
100
AcDbLine
 10
174.34350453430898
 20
98.0
 30
0.0
 11
176.0
 21
98.0
 31
0.0
  0
LINE
  5
907
330
17
100
AcDbEntity
  8
隐藏线
  6
HIDDEN
100
AcDbLine
 10
172.75230809544092
 20
98.0
 30
0.0
 11
174.34350453430898
 21
98.0
 31
0.0
  0
LINE
  5
908
330
17
100
AcDbEntity
  8
隐藏线
  6
HIDDEN
100
AcDbLine
 10
171.2833796832649
 20
98.0
 30
0.0
 11
172.75230809544092
 21
98.0
 31
0.0
  0
LINE
  5
909
330
17
100
AcDbEntity
  8
隐藏线
  6
HIDDEN
100
AcDbLine
 10
169.98959235991435
 20
98.0
 30
0.0
 11
171.2833796832649
 21
98.0
 31
0.0
  0
LINE
  5
90A
330
17
100
AcDbEntity
  8
隐藏线
  6
HIDDEN
100
AcDbLine
 10
168.94074132967512
 20
98.0
 30
0.0
 11
169.98959235991435
 21
98.0
 31
0.0
  0
LINE
  5
90B
330
17
100
AcDbEntity
  8
隐藏线
  6
HIDDEN
100
AcDbLine
 10
168.15937815760415
 20
98.0
 30
0.0
 11
168.94074132967512
 21
98.0
 31
0.0
  0
LINE
  5
90C
330
17
100
AcDbEntity
  8
隐藏线
  6
HIDDEN
100
AcDbLine
 10
167.67319611381774
 20
98.0
 30
0.0
 11
168.15937815760415
 21
98.0
 31
0.0
  0
LINE
  5
90D
330
17
100
AcDbEntity
  8
隐藏线
  6
HIDDEN
100
AcDbLine
 10
167.5
 20
98.0
 30
0.0
 11
167.67319611381774
 21
98.0
 31
0.0
  0
LINE
  5
90E
330
17
100
AcDbEntity
  8
隐藏线
  6
HIDDEN
100
AcDbLine
 10
176.0
 20
98.0
 30
0.0
 11
177.65649546569102
 21
98.0
 31
0.0
  0
LINE
  5
90F
330
17
100
AcDbEntity
  8
隐藏线
  6
HIDDEN
100
AcDbLine
 10
177.65649546569102
 20
98.0
 30
0.0
 11
179.24769190455908
 21
98.0
 31
0.0
  0
LINE
  5
910
330
17
100
AcDbEntity
  8
隐藏线
  6
HIDDEN
100
AcDbLine
 10
179.24769190455908
 20
98.0
 30
0.0
 11
180.7166203167351
 21
98.0
 31
0.0
  0
LINE
  5
911
330
17
100
AcDbEntity
  8
隐藏线
  6
HIDDEN
100
AcDbLine
 10
180.7166203167351
 20
98.0
 30
0.0
 11
182.01040764008565
 21
98.0
 31
0.0
  0
LINE
  5
912
330
17
100
AcDbEntity
  8
隐藏线
  6
HIDDEN
100
AcDbLine
 10
182.01040764008565
 20
98.0
 30
0.0
 11
183.05925867032488
 21
98.0
 31
0.0
  0
LINE
  5
913
330
17
100
AcDbEntity
  8
隐藏线
  6
HIDDEN
100
AcDbLine
 10
183.05925867032488
 20
98.0
 30
0.0
 11
183.84062184239585
 21
98.0
 31
0.0
  0
LINE
  5
914
330
17
100
AcDbEntity
  8
隐藏线
  6
HIDDEN
100
AcDbLine
 10
183.84062184239585
 20
98.0
 30
0.0
 11
184.32680388618226
 21
98.0
 31
0.0
  0
LINE
  5
915
330
17
100
AcDbEntity
  8
隐藏线
  6
HIDDEN
100
AcDbLine
 10
184.32680388618226
 20
98.0
 30
0.0
 11
184.5
 21
98.0
 31
0.0
  0
LINE
  5
916
330
17
100
AcDbEntity
  8
隐藏线
  6
HIDDEN
100
AcDbLine
 10
171.12795451267343
 20
98.0
 30
0.0
 11
176.0
 21
98.0
 31
0.0
  0
LINE
  5
917
330
17
100
AcDbEntity
  8
隐藏线
  6
HIDDEN
100
AcDbLine
 10
166.44796498659093
 20
98.0
 30
0.0
 11
171.12795451267343
 21
98.0
 31
0.0
  0
LINE
  5
918
330
17
100
AcDbEntity
  8
隐藏线
  6
HIDDEN
100
AcDbLine
 10
162.12758730372036
 20
98.0
 30
0.0
 11
166.44796498659093
 21
98.0
 31
0.0
  0
LINE
  5
919
330
17
100
AcDbEntity
  8
隐藏线
  6
HIDDEN
100
AcDbLine
 10
158.3223304703363
 20
98.0
 30
0.0
 11
162.12758730372036
 21
98.0
 31
0.0
  0
LINE
  5
91A
330
17
100
AcDbEntity
  8
隐藏线
  6
HIDDEN
100
AcDbLine
 10
155.23747449904448
 20
98.0
 30
0.0
 11
158.3223304703363
 21
98.0
 31
0.0
  0
LINE
  5
91B
330
17
100
AcDbEntity
  8
隐藏线
  6
HIDDEN
100
AcDbLine
 10
152.93934752236518
 20
98.0
 30
0.0
 11
155.23747449904448
 21
98.0
 31
0.0
  0
LINE
  5
91C
330
17
100
AcDbEntity
  8
隐藏线
  6
HIDDEN
100
AcDbLine
 10
151.50940033475803
 20
98.0
 30
0.0
 11
152.93934752236518
 21
98.0
 31
0.0
  0
LINE
  5
91D
330
17
100
AcDbEntity
  8
隐藏线
  6
HIDDEN
100
AcDbLine
 10
151.0
 20
98.0
 30
0.0
 11
151.50940033475803
 21
98.0
 31
0.0
  0
LINE
  5
91E
330
17
100
AcDbEntity
  8
隐藏线
  6
HIDDEN
100
AcDbLine
 10
200.49059966524197
 20
98.0
 30
0.0
 11
201.0
 21
98.0
 31
0.0
  0
LINE
  5
91F
330
17
100
AcDbEntity
  8
隐藏线
  6
HIDDEN
100
AcDbLine
 10
199.06065247763485
 20
98.0
 30
0.0
 11
200.49059966524197
 21
98.0
 31
0.0
  0
LINE
  5
920
330
17
100
AcDbEntity
  8
隐藏线
  6
HIDDEN
100
AcDbLine
 10
196.76252550095552
 20
98.0
 30
0.0
 11
199.06065247763485
 21
98.0
 31
0.0
  0
LINE
  5
921
330
17
100
AcDbEntity
  8
隐藏线
  6
HIDDEN
100
AcDbLine
 10
193.6776695296637
 20
98.0
 30
0.0
 11
196.76252550095552
 21
98.0
 31
0.0
  0
LINE
  5
922
330
17
100
AcDbEntity
  8
隐藏线
  6
HIDDEN
100
AcDbLine
 10
189.87241269627964
 20
98.0
 30
0.0
 11
193.6776695296637
 21
98.0
 31
0.0
  0
LINE
  5
923
330
17
100
AcDbEntity
  8
隐藏线
  6
HIDDEN
100
AcDbLine
 10
185.55203501340907
 20
98.0
 30
0.0
 11
189.87241269627964
 21
98.0
 31
0.0
  0
LINE
  5
924
330
17
100
AcDbEntity
  8
隐藏线
  6
HIDDEN
100
AcDbLine
 10
180.87204548732657
 20
98.0
 30
0.0
 11
185.55203501340907
 21
98.0
 31
0.0
  0
LINE
  5
925
330
17
100
AcDbEntity
  8
隐藏线
  6
HIDDEN
100
AcDbLine
 10
176.0
 20
98.0
 30
0.0
 11
180.87204548732657
 21
98.0
 31
0.0
  0
LINE
  5
926
330
17
100
AcDbEntity
  8
隐藏线
  6
HIDDEN
100
AcDbLine
 10
171.12795451267343
 20
95.0
 30
0.0
 11
176.0
 21
95.0
 31
0.0
  0
LINE
  5
927
330
17
100
AcDbEntity
  8
隐藏线
  6
HIDDEN
100
AcDbLine
 10
166.44796498659093
 20
95.0
 30
0.0
 11
171.12795451267343
 21
95.0
 31
0.0
  0
LINE
  5
928
330
17
100
AcDbEntity
  8
隐藏线
  6
HIDDEN
100
AcDbLine
 10
162.12758730372036
 20
95.0
 30
0.0
 11
166.44796498659093
 21
95.0
 31
0.0
  0
LINE
  5
929
330
17
100
AcDbEntity
  8
隐藏线
  6
HIDDEN
100
AcDbLine
 10
158.3223304703363
 20
95.0
 30
0.0
 11
162.12758730372036
 21
95.0
 31
0.0
  0
LINE
  5
92A
330
17
100
AcDbEntity
  8
隐藏线
  6
HIDDEN
100
AcDbLine
 10
155.23747449904448
 20
95.0
 30
0.0
 11
158.3223304703363
 21
95.0
 31
0.0
  0
LINE
  5
92B
330
17
100
AcDbEntity
  8
隐藏线
  6
HIDDEN
100
AcDbLine
 10
152.93934752236518
 20
95.0
 30
0.0
 11
155.23747449904448
 21
95.0
 31
0.0
  0
LINE
  5
92C
330
17
100
AcDbEntity
  8
隐藏线
  6
HIDDEN
100
AcDbLine
 10
151.50940033475803
 20
95.0
 30
0.0
 11
152.93934752236518
 21
95.0
 31
0.0
  0
LINE
  5
92D
330
17
100
AcDbEntity
  8
隐藏线
  6
HIDDEN
100
AcDbLine
 10
151.0
 20
95.0
 30
0.0
 11
151.50940033475803
 21
95.0
 31
0.0
  0
LINE
  5
92E
330
17
100
AcDbEntity
  8
隐藏线
  6
HIDDEN
100
AcDbLine
 10
176.0
 20
95.0
 30
0.0
 11
180.87204548732657
 21
95.0
 31
0.0
  0
LINE
  5
92F
330
17
100
AcDbEntity
  8
隐藏线
  6
HIDDEN
100
AcDbLine
 10
180.87204548732657
 20
95.0
 30
0.0
 11
185.55203501340907
 21
95.0
 31
0.0
  0
LINE
  5
930
330
17
100
AcDbEntity
  8
隐藏线
  6
HIDDEN
100
AcDbLine
 10
185.55203501340907
 20
95.0
 30
0.0
 11
189.87241269627964
 21
95.0
 31
0.0
  0
LINE
  5
931
330
17
100
AcDbEntity
  8
隐藏线
  6
HIDDEN
100
AcDbLine
 10
189.87241269627964
 20
95.0
 30
0.0
 11
193.6776695296637
 21
95.0
 31
0.0
  0
LINE
  5
932
330
17
100
AcDbEntity
  8
隐藏线
  6
HIDDEN
100
AcDbLine
 10
193.6776695296637
 20
95.0
 30
0.0
 11
196.76252550095552
 21
95.0
 31
0.0
  0
LINE
  5
933
330
17
100
AcDbEntity
  8
隐藏线
  6
HIDDEN
100
AcDbLine
 10
196.76252550095552
 20
95.0
 30
0.0
 11
199.06065247763485
 21
95.0
 31
0.0
  0
LINE
  5
934
330
17
100
AcDbEntity
  8
隐藏线
  6
HIDDEN
100
AcDbLine
 10
199.06065247763485
 20
95.0
 30
0.0
 11
200.49059966524197
 21
95.0
 31
0.0
  0
LINE
  5
935
330
17
100
AcDbEntity
  8
隐藏线
  6
HIDDEN
100
AcDbLine
 10
200.49059966524197
 20
95.0
 30
0.0
 11
201.0
 21
95.0
 31
0.0
  0
LINE
  5
936
330
17
100
AcDbEntity
  8
隐藏线
  6
HIDDEN
100
AcDbLine
 10
200.7487373415292
 20
95.0
 30
0.0
 11
201.28466234513513
 21
95.0
 31
0.0
  0
LINE
  5
937
330
17
100
AcDbEntity
  8
隐藏线
  6
HIDDEN
100
AcDbLine
 10
201.28466234513513
 20
95.0
 30
0.0
 11
201.7994611930042
 21
95.0
 31
0.0
  0
LINE
  5
938
330
17
100
AcDbEntity
  8
隐藏线
  6
HIDDEN
100
AcDbLine
 10
201.7994611930042
 20
95.0
 30
0.0
 11
202.27470273811997
 21
95.0
 31
0.0
  0
LINE
  5
939
330
17
100
AcDbEntity
  8
隐藏线
  6
HIDDEN
100
AcDbLine
 10
202.27470273811997
 20
95.0
 30
0.0
 11
202.6932809897922
 21
95.0
 31
0.0
  0
LINE
  5
93A
330
17
100
AcDbEntity
  8
隐藏线
  6
HIDDEN
100
AcDbLine
 10
202.6932809897922
 20
95.0
 30
0.0
 11
203.0326151466343
 21
95.0
 31
0.0
  0
LINE
  5
93B
330
17
100
AcDbEntity
  8
隐藏线
  6
HIDDEN
100
AcDbLine
 10
203.0326151466343
 20
95.0
 30
0.0
 11
203.28540911406904
 21
95.0
 31
0.0
  0
LINE
  5
93C
330
17
100
AcDbEntity
  8
隐藏线
  6
HIDDEN
100
AcDbLine
 10
203.28540911406904
 20
95.0
 30
0.0
 11
203.44270330470582
 21
95.0
 31
0.0
  0
LINE
  5
93D
330
17
100
AcDbEntity
  8
隐藏线
  6
HIDDEN
100
AcDbLine
 10
203.44270330470582
 20
95.0
 30
0.0
 11
203.4987373415292
 21
95.0
 31
0.0
  0
LINE
  5
93E
330
17
100
AcDbEntity
  8
隐藏线
  6
HIDDEN
100
AcDbLine
 10
200.21281233792328
 20
95.0
 30
0.0
 11
200.7487373415292
 21
95.0
 31
0.0
  0
LINE
  5
93F
330
17
100
AcDbEntity
  8
隐藏线
  6
HIDDEN
100
AcDbLine
 10
199.6980134900542
 20
95.0
 30
0.0
 11
200.21281233792328
 21
95.0
 31
0.0
  0
LINE
  5
940
330
17
100
AcDbEntity
  8
隐藏线
  6
HIDDEN
100
AcDbLine
 10
199.22277194493844
 20
95.0
 30
0.0
 11
199.6980134900542
 21
95.0
 31
0.0
  0
LINE
  5
941
330
17
100
AcDbEntity
  8
隐藏线
  6
HIDDEN
100
AcDbLine
 10
198.8041936932662
 20
95.0
 30
0.0
 11
199.22277194493844
 21
95.0
 31
0.0
  0
LINE
  5
942
330
17
100
AcDbEntity
  8
隐藏线
  6
HIDDEN
100
AcDbLine
 10
198.4648595364241
 20
95.0
 30
0.0
 11
198.8041936932662
 21
95.0
 31
0.0
  0
LINE
  5
943
330
17
100
AcDbEntity
  8
隐藏线
  6
HIDDEN
100
AcDbLine
 10
198.21206556898937
 20
95.0
 30
0.0
 11
198.4648595364241
 21
95.0
 31
0.0
  0
LINE
  5
944
330
17
100
AcDbEntity
  8
隐藏线
  6
HIDDEN
100
AcDbLine
 10
198.0547713783526
 20
95.0
 30
0.0
 11
198.21206556898937
 21
95.0
 31
0.0
  0
LINE
  5
945
330
17
100
AcDbEntity
  8
隐藏线
  6
HIDDEN
100
AcDbLine
 10
197.9987373415292
 20
95.0
 30
0.0
 11
198.0547713783526
 21
95.0
 31
0.0
  0
LINE
  5
946
330
17
100
AcDbEntity
  8
隐藏线
  6
HIDDEN
100
AcDbLine
 10
151.2512626584708
 20
95.0
 30
0.0
 11
151.78718766207672
 21
95.0
 31
0.0
  0
LINE
  5
947
330
17
100
AcDbEntity
  8
隐藏线
  6
HIDDEN
100
AcDbLine
 10
151.78718766207672
 20
95.0
 30
0.0
 11
152.3019865099458
 21
95.0
 31
0.0
  0
LINE
  5
948
330
17
100
AcDbEntity
  8
隐藏线
  6
HIDDEN
100
AcDbLine
 10
152.3019865099458
 20
95.0
 30
0.0
 11
152.77722805506156
 21
95.0
 31
0.0
  0
LINE
  5
949
330
17
100
AcDbEntity
  8
隐藏线
  6
HIDDEN
100
AcDbLine
 10
152.77722805506156
 20
95.0
 30
0.0
 11
153.1958063067338
 21
95.0
 31
0.0
  0
LINE
  5
94A
330
17
100
AcDbEntity
  8
隐藏线
  6
HIDDEN
100
AcDbLine
 10
153.1958063067338
 20
95.0
 30
0.0
 11
153.5351404635759
 21
95.0
 31
0.0
  0
LINE
  5
94B
330
17
100
AcDbEntity
  8
隐藏线
  6
HIDDEN
100
AcDbLine
 10
153.5351404635759
 20
95.0
 30
0.0
 11
153.78793443101063
 21
95.0
 31
0.0
  0
LINE
  5
94C
330
17
100
AcDbEntity
  8
隐藏线
  6
HIDDEN
100
AcDbLine
 10
153.78793443101063
 20
95.0
 30
0.0
 11
153.9452286216474
 21
95.0
 31
0.0
  0
LINE
  5
94D
330
17
100
AcDbEntity
  8
隐藏线
  6
HIDDEN
100
AcDbLine
 10
153.9452286216474
 20
95.0
 30
0.0
 11
154.0012626584708
 21
95.0
 31
0.0
  0
LINE
  5
94E
330
17
100
AcDbEntity
  8
隐藏线
  6
HIDDEN
100
AcDbLine
 10
150.71533765486487
 20
95.0
 30
0.0
 11
151.2512626584708
 21
95.0
 31
0.0
  0
LINE
  5
94F
330
17
100
AcDbEntity
  8
隐藏线
  6
HIDDEN
100
AcDbLine
 10
150.2005388069958
 20
95.0
 30
0.0
 11
150.71533765486487
 21
95.0
 31
0.0
  0
LINE
  5
950
330
17
100
AcDbEntity
  8
隐藏线
  6
HIDDEN
100
AcDbLine
 10
149.72529726188003
 20
95.0
 30
0.0
 11
150.2005388069958
 21
95.0
 31
0.0
  0
LINE
  5
951
330
17
100
AcDbEntity
  8
隐藏线
  6
HIDDEN
100
AcDbLine
 10
149.3067190102078
 20
95.0
 30
0.0
 11
149.72529726188003
 21
95.0
 31
0.0
  0
LINE
  5
952
330
17
100
AcDbEntity
  8
隐藏线
  6
HIDDEN
100
AcDbLine
 10
148.9673848533657
 20
95.0
 30
0.0
 11
149.3067190102078
 21
95.0
 31
0.0
  0
LINE
  5
953
330
17
100
AcDbEntity
  8
隐藏线
  6
HIDDEN
100
AcDbLine
 10
148.71459088593096
 20
95.0
 30
0.0
 11
148.9673848533657
 21
95.0
 31
0.0
  0
LINE
  5
954
330
17
100
AcDbEntity
  8
隐藏线
  6
HIDDEN
100
AcDbLine
 10
148.55729669529418
 20
95.0
 30
0.0
 11
148.71459088593096
 21
95.0
 31
0.0
  0
LINE
  5
955
330
17
100
AcDbEntity
  8
隐藏线
  6
HIDDEN
100
AcDbLine
 10
148.5012626584708
 20
95.0
 30
0.0
 11
148.55729669529418
 21
95.0
 31
0.0
  0
LINE
  5
956
330
17
100
AcDbEntity
  8
隐藏线
  6
HIDDEN
100
AcDbLine
 10
149.30836135620493
 20
95.0
 30
0.0
 11
149.5424868893541
 21
95.0
 31
0.0
  0
LINE
  5
957
330
17
100
AcDbEntity
  8
隐藏线
  6
HIDDEN
100
AcDbLine
 10
149.0758407462394
 20
95.0
 30
0.0
 11
149.30836135620493
 21
95.0
 31
0.0
  0
LINE
  5
958
330
17
100
AcDbEntity
  8
隐藏线
  6
HIDDEN
100
AcDbLine
 10
148.84493836615323
 20
95.0
 30
0.0
 11
149.0758407462394
 21
95.0
 31
0.0
  0
LINE
  5
959
330
17
100
AcDbEntity
  8
隐藏线
  6
HIDDEN
100
AcDbLine
 10
148.61566743618778
 20
95.0
 30
0.0
 11
148.84493836615323
 21
95.0
 31
0.0
  0
LINE
  5
95A
330
17
100
AcDbEntity
  8
隐藏线
  6
HIDDEN
100
AcDbLine
 10
148.3881795490467
 20
95.0
 30
0.0
 11
148.61566743618778
 21
95.0
 31
0.0
  0
LINE
  5
95B
330
17
100
AcDbEntity
  8
隐藏线
  6
HIDDEN
100
AcDbLine
 10
148.1623518719702
 20
95.0
 30
0.0
 11
148.3881795490467
 21
95.0
 31
0.0
  0
LINE
  5
95C
330
17
100
AcDbEntity
  8
隐藏线
  6
HIDDEN
100
AcDbLine
 10
147.93819732843693
 20
95.0
 30
0.0
 11
148.1623518719702
 21
95.0
 31
0.0
  0
LINE
  5
95D
330
17
100
AcDbEntity
  8
隐藏线
  6
HIDDEN
100
AcDbLine
 10
147.7157287525381
 20
95.0
 30
0.0
 11
147.93819732843693
 21
95.0
 31
0.0
  0
LINE
  5
95E
330
17
100
AcDbEntity
  8
隐藏线
  6
HIDDEN
100
AcDbLine
 10
147.49510181607934
 20
95.0
 30
0.0
 11
147.7157287525381
 21
95.0
 31
0.0
  0
LINE
  5
95F
330
17
100
AcDbEntity
  8
隐藏线
  6
HIDDEN
100
AcDbLine
 10
147.27618874688514
 20
95.0
 30
0.0
 11
147.49510181607934
 21
95.0
 31
0.0
  0
LINE
  5
960
330
17
100
AcDbEntity
  8
隐藏线
  6
HIDDEN
100
AcDbLine
 10
147.05900207253134
 20
95.0
 30
0.0
 11
147.27618874688514
 21
95.0
 31
0.0
  0
LINE
  5
961
330
17
100
AcDbEntity
  8
隐藏线
  6
HIDDEN
100
AcDbLine
 10
146.84355422836086
 20
95.0
 30
0.0
 11
147.05900207253134
 21
95.0
 31
0.0
  0
LINE
  5
962
330
17
100
AcDbEntity
  8
隐藏线
  6
HIDDEN
100
AcDbLine
 10
146.63000481247212
 20
95.0
 30
0.0
 11
146.84355422836086
 21
95.0
 31
0.0
  0
LINE
  5
963
330
17
100
AcDbEntity
  8
隐藏线
  6
HIDDEN
100
AcDbLine
 10
146.4182212386965
 20
95.0
 30
0.0
 11
146.63000481247212
 21
95.0
 31
0.0
  0
LINE
  5
964
330
17
100
AcDbEntity
  8
隐藏线
  6
HIDDEN
100
AcDbLine
 10
146.2082156264098
 20
95.0
 30
0.0
 11
146.4182212386965
 21
95.0
 31
0.0
  0
LINE
  5
965
330
17
100
AcDbEntity
  8
隐藏线
  6
HIDDEN
100
AcDbLine
 10
146.0
 20
95.0
 30
0.0
 11
146.2082156264098
 21
95.0
 31
0.0
  0
LINE
  5
966
330
17
100
AcDbEntity
  8
隐藏线
  6
HIDDEN
100
AcDbLine
 10
205.7917843735902
 20
95.0
 30
0.0
 11
206.0
 21
95.0
 31
0.0
  0
LINE
  5
967
330
17
100
AcDbEntity
  8
隐藏线
  6
HIDDEN
100
AcDbLine
 10
205.5817787613035
 20
95.0
 30
0.0
 11
205.7917843735902
 21
95.0
 31
0.0
  0
LINE
  5
968
330
17
100
AcDbEntity
  8
隐藏线
  6
HIDDEN
100
AcDbLine
 10
205.36999518752788
 20
95.0
 30
0.0
 11
205.5817787613035
 21
95.0
 31
0.0
  0
LINE
  5
969
330
17
100
AcDbEntity
  8
隐藏线
  6
HIDDEN
100
AcDbLine
 10
205.15644577163914
 20
95.0
 30
0.0
 11
205.36999518752788
 21
95.0
 31
0.0
  0
LINE
  5
96A
330
17
100
AcDbEntity
  8
隐藏线
  6
HIDDEN
100
AcDbLine
 10
204.94099792746866
 20
95.0
 30
0.0
 11
205.15644577163914
 21
95.0
 31
0.0
  0
LINE
  5
96B
330
17
100
AcDbEntity
  8
隐藏线
  6
HIDDEN
100
AcDbLine
 10
204.7238112531149
 20
95.0
 30
0.0
 11
204.94099792746866
 21
95.0
 31
0.0
  0
LINE
  5
96C
330
17
100
AcDbEntity
  8
隐藏线
  6
HIDDEN
100
AcDbLine
 10
204.50489818392066
 20
95.0
 30
0.0
 11
204.7238112531149
 21
95.0
 31
0.0
  0
LINE
  5
96D
330
17
100
AcDbEntity
  8
隐藏线
  6
HIDDEN
100
AcDbLine
 10
204.2842712474619
 20
95.0
 30
0.0
 11
204.50489818392066
 21
95.0
 31
0.0
  0
LINE
  5
96E
330
17
100
AcDbEntity
  8
隐藏线
  6
HIDDEN
100
AcDbLine
 10
204.0618026715631
 20
95.0
 30
0.0
 11
204.2842712474619
 21
95.0
 31
0.0
  0
LINE
  5
96F
330
17
100
AcDbEntity
  8
隐藏线
  6
HIDDEN
100
AcDbLine
 10
203.83764812802983
 20
95.0
 30
0.0
 11
204.0618026715631
 21
95.0
 31
0.0
  0
LINE
  5
970
330
17
100
AcDbEntity
  8
隐藏线
  6
HIDDEN
100
AcDbLine
 10
203.6118204509533
 20
95.0
 30
0.0
 11
203.83764812802983
 21
95.0
 31
0.0
  0
LINE
  5
971
330
17
100
AcDbEntity
  8
隐藏线
  6
HIDDEN
100
AcDbLine
 10
203.38433256381222
 20
95.0
 30
0.0
 11
203.6118204509533
 21
95.0
 31
0.0
  0
LINE
  5
972
330
17
100
AcDbEntity
  8
隐藏线
  6
HIDDEN
100
AcDbLine
 10
203.1550616338468
 20
95.0
 30
0.0
 11
203.38433256381222
 21
95.0
 31
0.0
  0
LINE
  5
973
330
17
100
AcDbEntity
  8
隐藏线
  6
HIDDEN
100
AcDbLine
 10
202.92415925376062
 20
95.0
 30
0.0
 11
203.1550616338468
 21
95.0
 31
0.0
  0
LINE
  5
974
330
17
100
AcDbEntity
  8
隐藏线
  6
HIDDEN
100
AcDbLine
 10
202.6916386437951
 20
95.0
 30
0.0
 11
202.92415925376062
 21
95.0
 31
0.0
  0
LINE
  5
975
330
17
100
AcDbEntity
  8
隐藏线
  6
HIDDEN
100
AcDbLine
 10
202.4575131106459
 20
95.0
 30
0.0
 11
202.6916386437951
 21
95.0
 31
0.0
  0
LINE
  5
976
330
17
100
AcDbEntity
  8
隐藏线
  6
HIDDEN
100
AcDbLine
 10
176.0
 20
95.0
 30
0.0
 11
202.4575131106459
 21
95.0
 31
0.0
  0
LINE
  5
977
330
17
100
AcDbEntity
  8
隐藏线
  6
HIDDEN
100
AcDbLine
 10
149.5424868893541
 20
95.0
 30
0.0
 11
176.0
 21
95.0
 31
0.0
  0
LINE
  5
978
330
17
100
AcDbEntity
  8
隐藏线
  6
HIDDEN
100
AcDbLine
 10
151.2512626584708
 20
85.0
 30
0.0
 11
151.78718766207672
 21
85.0
 31
0.0
  0
LINE
  5
979
330
17
100
AcDbEntity
  8
隐藏线
  6
HIDDEN
100
AcDbLine
 10
151.78718766207672
 20
85.0
 30
0.0
 11
152.3019865099458
 21
85.0
 31
0.0
  0
LINE
  5
97A
330
17
100
AcDbEntity
  8
隐藏线
  6
HIDDEN
100
AcDbLine
 10
152.3019865099458
 20
85.0
 30
0.0
 11
152.77722805506156
 21
85.0
 31
0.0
  0
LINE
  5
97B
330
17
100
AcDbEntity
  8
隐藏线
  6
HIDDEN
100
AcDbLine
 10
152.77722805506156
 20
85.0
 30
0.0
 11
153.1958063067338
 21
85.0
 31
0.0
  0
LINE
  5
97C
330
17
100
AcDbEntity
  8
隐藏线
  6
HIDDEN
100
AcDbLine
 10
153.1958063067338
 20
85.0
 30
0.0
 11
153.5351404635759
 21
85.0
 31
0.0
  0
LINE
  5
97D
330
17
100
AcDbEntity
  8
隐藏线
  6
HIDDEN
100
AcDbLine
 10
153.5351404635759
 20
85.0
 30
0.0
 11
153.78793443101063
 21
85.0
 31
0.0
  0
LINE
  5
97E
330
17
100
AcDbEntity
  8
隐藏线
  6
HIDDEN
100
AcDbLine
 10
153.78793443101063
 20
85.0
 30
0.0
 11
153.9452286216474
 21
85.0
 31
0.0
  0
LINE
  5
97F
330
17
100
AcDbEntity
  8
隐藏线
  6
HIDDEN
100
AcDbLine
 10
153.9452286216474
 20
85.0
 30
0.0
 11
154.0012626584708
 21
85.0
 31
0.0
  0
LINE
  5
980
330
17
100
AcDbEntity
  8
隐藏线
  6
HIDDEN
100
AcDbLine
 10
200.7487373415294
 20
85.0
 30
0.0
 11
201.28466234513533
 21
85.0
 31
0.0
  0
LINE
  5
981
330
17
100
AcDbEntity
  8
隐藏线
  6
HIDDEN
100
AcDbLine
 10
201.28466234513533
 20
85.0
 30
0.0
 11
201.7994611930044
 21
85.0
 31
0.0
  0
LINE
  5
982
330
17
100
AcDbEntity
  8
隐藏线
  6
HIDDEN
100
AcDbLine
 10
201.7994611930044
 20
85.0
 30
0.0
 11
202.27470273812017
 21
85.0
 31
0.0
  0
LINE
  5
983
330
17
100
AcDbEntity
  8
隐藏线
  6
HIDDEN
100
AcDbLine
 10
202.27470273812017
 20
85.0
 30
0.0
 11
202.6932809897924
 21
85.0
 31
0.0
  0
LINE
  5
984
330
17
100
AcDbEntity
  8
隐藏线
  6
HIDDEN
100
AcDbLine
 10
202.6932809897924
 20
85.0
 30
0.0
 11
203.0326151466345
 21
85.0
 31
0.0
  0
LINE
  5
985
330
17
100
AcDbEntity
  8
隐藏线
  6
HIDDEN
100
AcDbLine
 10
203.0326151466345
 20
85.0
 30
0.0
 11
203.28540911406924
 21
85.0
 31
0.0
  0
LINE
  5
986
330
17
100
AcDbEntity
  8
隐藏线
  6
HIDDEN
100
AcDbLine
 10
203.28540911406924
 20
85.0
 30
0.0
 11
203.44270330470601
 21
85.0
 31
0.0
  0
LINE
  5
987
330
17
100
AcDbEntity
  8
隐藏线
  6
HIDDEN
100
AcDbLine
 10
203.44270330470601
 20
85.0
 30
0.0
 11
203.4987373415294
 21
85.0
 31
0.0
  0
LINE
  5
988
330
17
100
AcDbEntity
  8
隐藏线
  6
HIDDEN
100
AcDbLine
 10
149.30836135620493
 20
85.0
 30
0.0
 11
149.5424868893541
 21
85.0
 31
0.0
  0
LINE
  5
989
330
17
100
AcDbEntity
  8
隐藏线
  6
HIDDEN
100
AcDbLine
 10
149.0758407462394
 20
85.0
 30
0.0
 11
149.30836135620493
 21
85.0
 31
0.0
  0
LINE
  5
98A
330
17
100
AcDbEntity
  8
隐藏线
  6
HIDDEN
100
AcDbLine
 10
148.84493836615323
 20
85.0
 30
0.0
 11
149.0758407462394
 21
85.0
 31
0.0
  0
LINE
  5
98B
330
17
100
AcDbEntity
  8
隐藏线
  6
HIDDEN
100
AcDbLine
 10
148.61566743618778
 20
85.0
 30
0.0
 11
148.84493836615323
 21
85.0
 31
0.0
  0
LINE
  5
98C
330
17
100
AcDbEntity
  8
隐藏线
  6
HIDDEN
100
AcDbLine
 10
148.3881795490467
 20
85.0
 30
0.0
 11
148.61566743618778
 21
85.0
 31
0.0
  0
LINE
  5
98D
330
17
100
AcDbEntity
  8
隐藏线
  6
HIDDEN
100
AcDbLine
 10
148.1623518719702
 20
85.0
 30
0.0
 11
148.3881795490467
 21
85.0
 31
0.0
  0
LINE
  5
98E
330
17
100
AcDbEntity
  8
隐藏线
  6
HIDDEN
100
AcDbLine
 10
147.93819732843693
 20
85.0
 30
0.0
 11
148.1623518719702
 21
85.0
 31
0.0
  0
LINE
  5
98F
330
17
100
AcDbEntity
  8
隐藏线
  6
HIDDEN
100
AcDbLine
 10
147.7157287525381
 20
85.0
 30
0.0
 11
147.93819732843693
 21
85.0
 31
0.0
  0
LINE
  5
990
330
17
100
AcDbEntity
  8
隐藏线
  6
HIDDEN
100
AcDbLine
 10
147.49510181607934
 20
85.0
 30
0.0
 11
147.7157287525381
 21
85.0
 31
0.0
  0
LINE
  5
991
330
17
100
AcDbEntity
  8
隐藏线
  6
HIDDEN
100
AcDbLine
 10
147.27618874688514
 20
85.0
 30
0.0
 11
147.49510181607934
 21
85.0
 31
0.0
  0
LINE
  5
992
330
17
100
AcDbEntity
  8
隐藏线
  6
HIDDEN
100
AcDbLine
 10
147.05900207253134
 20
85.0
 30
0.0
 11
147.27618874688514
 21
85.0
 31
0.0
  0
LINE
  5
993
330
17
100
AcDbEntity
  8
隐藏线
  6
HIDDEN
100
AcDbLine
 10
146.84355422836086
 20
85.0
 30
0.0
 11
147.05900207253134
 21
85.0
 31
0.0
  0
LINE
  5
994
330
17
100
AcDbEntity
  8
隐藏线
  6
HIDDEN
100
AcDbLine
 10
146.63000481247212
 20
85.0
 30
0.0
 11
146.84355422836086
 21
85.0
 31
0.0
  0
LINE
  5
995
330
17
100
AcDbEntity
  8
隐藏线
  6
HIDDEN
100
AcDbLine
 10
146.4182212386965
 20
85.0
 30
0.0
 11
146.63000481247212
 21
85.0
 31
0.0
  0
LINE
  5
996
330
17
100
AcDbEntity
  8
隐藏线
  6
HIDDEN
100
AcDbLine
 10
146.2082156264098
 20
85.0
 30
0.0
 11
146.4182212386965
 21
85.0
 31
0.0
  0
LINE
  5
997
330
17
100
AcDbEntity
  8
隐藏线
  6
HIDDEN
100
AcDbLine
 10
146.0
 20
85.0
 30
0.0
 11
146.2082156264098
 21
85.0
 31
0.0
  0
LINE
  5
998
330
17
100
AcDbEntity
  8
隐藏线
  6
HIDDEN
100
AcDbLine
 10
146.0
 20
90.0
 30
0.0
 11
146.0
 21
95.0
 31
0.0
  0
LINE
  5
999
330
17
100
AcDbEntity
  8
隐藏线
  6
HIDDEN
100
AcDbLine
 10
146.0
 20
85.0
 30
0.0
 11
146.0
 21
90.0
 31
0.0
  0
LINE
  5
99A
330
17
100
AcDbEntity
  8
隐藏线
  6
HIDDEN
100
AcDbLine
 10
149.5424868893541
 20
90.0
 30
0.0
 11
149.5424868893541
 21
95.0
 31
0.0
  0
LINE
  5
99B
330
17
100
AcDbEntity
  8
隐藏线
  6
HIDDEN
100
AcDbLine
 10
149.5424868893541
 20
85.0
 30
0.0
 11
149.5424868893541
 21
90.0
 31
0.0
  0
LINE
  5
99C
330
17
100
AcDbEntity
  8
隐藏线
  6
HIDDEN
100
AcDbLine
 10
206.0
 20
90.0
 30
0.0
 11
206.0
 21
95.0
 31
0.0
  0
LINE
  5
99D
330
17
100
AcDbEntity
  8
隐藏线
  6
HIDDEN
100
AcDbLine
 10
206.0
 20
85.0
 30
0.0
 11
206.0
 21
90.0
 31
0.0
  0
LINE
  5
99E
330
17
100
AcDbEntity
  8
隐藏线
  6
HIDDEN
100
AcDbLine
 10
205.7917843735902
 20
85.0
 30
0.0
 11
206.0
 21
85.0
 31
0.0
  0
LINE
  5
99F
330
17
100
AcDbEntity
  8
隐藏线
  6
HIDDEN
100
AcDbLine
 10
205.5817787613035
 20
85.0
 30
0.0
 11
205.7917843735902
 21
85.0
 31
0.0
  0
LINE
  5
9A0
330
17
100
AcDbEntity
  8
隐藏线
  6
HIDDEN
100
AcDbLine
 10
205.36999518752788
 20
85.0
 30
0.0
 11
205.5817787613035
 21
85.0
 31
0.0
  0
LINE
  5
9A1
330
17
100
AcDbEntity
  8
隐藏线
  6
HIDDEN
100
AcDbLine
 10
205.15644577163914
 20
85.0
 30
0.0
 11
205.36999518752788
 21
85.0
 31
0.0
  0
LINE
  5
9A2
330
17
100
AcDbEntity
  8
隐藏线
  6
HIDDEN
100
AcDbLine
 10
204.94099792746866
 20
85.0
 30
0.0
 11
205.15644577163914
 21
85.0
 31
0.0
  0
LINE
  5
9A3
330
17
100
AcDbEntity
  8
隐藏线
  6
HIDDEN
100
AcDbLine
 10
204.7238112531149
 20
85.0
 30
0.0
 11
204.94099792746866
 21
85.0
 31
0.0
  0
LINE
  5
9A4
330
17
100
AcDbEntity
  8
隐藏线
  6
HIDDEN
100
AcDbLine
 10
204.50489818392066
 20
85.0
 30
0.0
 11
204.7238112531149
 21
85.0
 31
0.0
  0
LINE
  5
9A5
330
17
100
AcDbEntity
  8
隐藏线
  6
HIDDEN
100
AcDbLine
 10
204.2842712474619
 20
85.0
 30
0.0
 11
204.50489818392066
 21
85.0
 31
0.0
  0
LINE
  5
9A6
330
17
100
AcDbEntity
  8
隐藏线
  6
HIDDEN
100
AcDbLine
 10
204.0618026715631
 20
85.0
 30
0.0
 11
204.2842712474619
 21
85.0
 31
0.0
  0
LINE
  5
9A7
330
17
100
AcDbEntity
  8
隐藏线
  6
HIDDEN
100
AcDbLine
 10
203.83764812802983
 20
85.0
 30
0.0
 11
204.0618026715631
 21
85.0
 31
0.0
  0
LINE
  5
9A8
330
17
100
AcDbEntity
  8
隐藏线
  6
HIDDEN
100
AcDbLine
 10
203.6118204509533
 20
85.0
 30
0.0
 11
203.83764812802983
 21
85.0
 31
0.0
  0
LINE
  5
9A9
330
17
100
AcDbEntity
  8
隐藏线
  6
HIDDEN
100
AcDbLine
 10
203.38433256381222
 20
85.0
 30
0.0
 11
203.6118204509533
 21
85.0
 31
0.0
  0
LINE
  5
9AA
330
17
100
AcDbEntity
  8
隐藏线
  6
HIDDEN
100
AcDbLine
 10
203.1550616338468
 20
85.0
 30
0.0
 11
203.38433256381222
 21
85.0
 31
0.0
  0
LINE
  5
9AB
330
17
100
AcDbEntity
  8
隐藏线
  6
HIDDEN
100
AcDbLine
 10
202.92415925376062
 20
85.0
 30
0.0
 11
203.1550616338468
 21
85.0
 31
0.0
  0
LINE
  5
9AC
330
17
100
AcDbEntity
  8
隐藏线
  6
HIDDEN
100
AcDbLine
 10
202.6916386437951
 20
85.0
 30
0.0
 11
202.92415925376062
 21
85.0
 31
0.0
  0
LINE
  5
9AD
330
17
100
AcDbEntity
  8
隐藏线
  6
HIDDEN
100
AcDbLine
 10
202.4575131106459
 20
85.0
 30
0.0
 11
202.6916386437951
 21
85.0
 31
0.0
  0
LINE
  5
9AE
330
17
100
AcDbEntity
  8
隐藏线
  6
HIDDEN
100
AcDbLine
 10
202.4575131106459
 20
90.0
 30
0.0
 11
202.4575131106459
 21
95.0
 31
0.0
  0
LINE
  5
9AF
330
17
100
AcDbEntity
  8
隐藏线
  6
HIDDEN
100
AcDbLine
 10
202.4575131106459
 20
85.0
 30
0.0
 11
202.4575131106459
 21
90.0
 31
0.0
  0
LINE
  5
9B0
330
17
100
AcDbEntity
  8
隐藏线
  6
HIDDEN
100
AcDbLine
 10
191.0
 20
85.0
 30
0.0
 11
202.4575131106459
 21
85.0
 31
0.0
  0
LINE
  5
9B1
330
17
100
AcDbEntity
  8
隐藏线
  6
HIDDEN
100
AcDbLine
 10
176.0
 20
85.0
 30
0.0
 11
191.0
 21
85.0
 31
0.0
  0
LINE
  5
9B2
330
17
100
AcDbEntity
  8
隐藏线
  6
HIDDEN
100
AcDbLine
 10
161.0
 20
85.0
 30
0.0
 11
176.0
 21
85.0
 31
0.0
  0
LINE
  5
9B3
330
17
100
AcDbEntity
  8
隐藏线
  6
HIDDEN
100
AcDbLine
 10
149.5424868893541
 20
85.0
 30
0.0
 11
161.0
 21
85.0
 31
0.0
  0
LINE
  5
9B4
330
17
100
AcDbEntity
  8
隐藏线
  6
HIDDEN
100
AcDbLine
 10
150.71533765486487
 20
85.0
 30
0.0
 11
151.2512626584708
 21
85.0
 31
0.0
  0
LINE
  5
9B5
330
17
100
AcDbEntity
  8
隐藏线
  6
HIDDEN
100
AcDbLine
 10
150.2005388069958
 20
85.0
 30
0.0
 11
150.71533765486487
 21
85.0
 31
0.0
  0
LINE
  5
9B6
330
17
100
AcDbEntity
  8
隐藏线
  6
HIDDEN
100
AcDbLine
 10
149.72529726188003
 20
85.0
 30
0.0
 11
150.2005388069958
 21
85.0
 31
0.0
  0
LINE
  5
9B7
330
17
100
AcDbEntity
  8
隐藏线
  6
HIDDEN
100
AcDbLine
 10
149.3067190102078
 20
85.0
 30
0.0
 11
149.72529726188003
 21
85.0
 31
0.0
  0
LINE
  5
9B8
330
17
100
AcDbEntity
  8
隐藏线
  6
HIDDEN
100
AcDbLine
 10
148.9673848533657
 20
85.0
 30
0.0
 11
149.3067190102078
 21
85.0
 31
0.0
  0
LINE
  5
9B9
330
17
100
AcDbEntity
  8
隐藏线
  6
HIDDEN
100
AcDbLine
 10
148.71459088593096
 20
85.0
 30
0.0
 11
148.9673848533657
 21
85.0
 31
0.0
  0
LINE
  5
9BA
330
17
100
AcDbEntity
  8
隐藏线
  6
HIDDEN
100
AcDbLine
 10
148.55729669529418
 20
85.0
 30
0.0
 11
148.71459088593096
 21
85.0
 31
0.0
  0
LINE
  5
9BB
330
17
100
AcDbEntity
  8
隐藏线
  6
HIDDEN
100
AcDbLine
 10
148.5012626584708
 20
85.0
 30
0.0
 11
148.55729669529418
 21
85.0
 31
0.0
  0
LINE
  5
9BC
330
17
100
AcDbEntity
  8
隐藏线
  6
HIDDEN
100
AcDbLine
 10
146.0
 20
85.0
 30
0.0
 11
146.06815927751046
 21
85.0
 31
0.0
  0
LINE
  5
9BD
330
17
100
AcDbEntity
  8
隐藏线
  6
HIDDEN
100
AcDbLine
 10
146.06815927751046
 20
85.0
 30
0.0
 11
146.26185445822443
 21
85.0
 31
0.0
  0
LINE
  5
9BE
330
17
100
AcDbEntity
  8
隐藏线
  6
HIDDEN
100
AcDbLine
 10
146.26185445822443
 20
85.0
 30
0.0
 11
146.58029501088734
 21
85.0
 31
0.0
  0
LINE
  5
9BF
330
17
100
AcDbEntity
  8
隐藏线
  6
HIDDEN
100
AcDbLine
 10
146.58029501088734
 20
85.0
 30
0.0
 11
147.02222521132796
 21
85.0
 31
0.0
  0
LINE
  5
9C0
330
17
100
AcDbEntity
  8
隐藏线
  6
HIDDEN
100
AcDbLine
 10
147.02222521132796
 20
85.0
 30
0.0
 11
147.59582902466568
 21
85.0
 31
0.0
  0
LINE
  5
9C1
330
17
100
AcDbEntity
  8
隐藏线
  6
HIDDEN
100
AcDbLine
 10
147.59582902466568
 20
85.0
 30
0.0
 11
148.2884599322873
 21
85.0
 31
0.0
  0
LINE
  5
9C2
330
17
100
AcDbEntity
  8
隐藏线
  6
HIDDEN
100
AcDbLine
 10
148.2884599322873
 20
85.0
 30
0.0
 11
149.097335020911
 21
85.0
 31
0.0
  0
LINE
  5
9C3
330
17
100
AcDbEntity
  8
隐藏线
  6
HIDDEN
100
AcDbLine
 10
149.097335020911
 20
85.0
 30
0.0
 11
150.01923788646684
 21
85.0
 31
0.0
  0
LINE
  5
9C4
330
17
100
AcDbEntity
  8
隐藏线
  6
HIDDEN
100
AcDbLine
 10
150.01923788646684
 20
85.0
 30
0.0
 11
151.059196083678
 21
85.0
 31
0.0
  0
LINE
  5
9C5
330
17
100
AcDbEntity
  8
隐藏线
  6
HIDDEN
100
AcDbLine
 10
151.059196083678
 20
85.0
 30
0.0
 11
152.20356106647952
 21
85.0
 31
0.0
  0
LINE
  5
9C6
330
17
100
AcDbEntity
  8
隐藏线
  6
HIDDEN
100
AcDbLine
 10
152.20356106647952
 20
85.0
 30
0.0
 11
153.4477471905036
 21
85.0
 31
0.0
  0
LINE
  5
9C7
330
17
100
AcDbEntity
  8
隐藏线
  6
HIDDEN
100
AcDbLine
 10
153.4477471905036
 20
85.0
 30
0.0
 11
154.78679656440357
 21
85.0
 31
0.0
  0
LINE
  5
9C8
330
17
100
AcDbEntity
  8
隐藏线
  6
HIDDEN
100
AcDbLine
 10
154.78679656440357
 20
85.0
 30
0.0
 11
156.22223771296035
 21
85.0
 31
0.0
  0
LINE
  5
9C9
330
17
100
AcDbEntity
  8
隐藏线
  6
HIDDEN
100
AcDbLine
 10
156.22223771296035
 20
85.0
 30
0.0
 11
157.74035018851646
 21
85.0
 31
0.0
  0
LINE
  5
9CA
330
17
100
AcDbEntity
  8
隐藏线
  6
HIDDEN
100
AcDbLine
 10
157.74035018851646
 20
85.0
 30
0.0
 11
159.3350581197035
 21
85.0
 31
0.0
  0
LINE
  5
9CB
330
17
100
AcDbEntity
  8
隐藏线
  6
HIDDEN
100
AcDbLine
 10
159.3350581197035
 20
85.0
 30
0.0
 11
161.0
 21
85.0
 31
0.0
  0
LINE
  5
9CC
330
17
100
AcDbEntity
  8
隐藏线
  6
HIDDEN
100
AcDbLine
 10
161.0
 20
85.0
 30
0.0
 11
162.73310115780697
 21
85.0
 31
0.0
  0
LINE
  5
9CD
330
17
100
AcDbEntity
  8
隐藏线
  6
HIDDEN
100
AcDbLine
 10
162.73310115780697
 20
85.0
 30
0.0
 11
164.52150426970795
 21
85.0
 31
0.0
  0
LINE
  5
9CE
330
17
100
AcDbEntity
  8
隐藏线
  6
HIDDEN
100
AcDbLine
 10
164.52150426970795
 20
85.0
 30
0.0
 11
166.35805729792696
 21
85.0
 31
0.0
  0
LINE
  5
9CF
330
17
100
AcDbEntity
  8
隐藏线
  6
HIDDEN
100
AcDbLine
 10
166.35805729792696
 20
85.0
 30
0.0
 11
168.2354286469244
 21
85.0
 31
0.0
  0
LINE
  5
9D0
330
17
100
AcDbEntity
  8
隐藏线
  6
HIDDEN
100
AcDbLine
 10
168.2354286469244
 20
85.0
 30
0.0
 11
170.14808183416204
 21
85.0
 31
0.0
  0
LINE
  5
9D1
330
17
100
AcDbEntity
  8
隐藏线
  6
HIDDEN
100
AcDbLine
 10
170.14808183416204
 20
85.0
 30
0.0
 11
172.08489886580776
 21
85.0
 31
0.0
  0
LINE
  5
9D2
330
17
100
AcDbEntity
  8
隐藏线
  6
HIDDEN
100
AcDbLine
 10
172.08489886580776
 20
85.0
 30
0.0
 11
174.038138937233
 21
85.0
 31
0.0
  0
LINE
  5
9D3
330
17
100
AcDbEntity
  8
隐藏线
  6
HIDDEN
100
AcDbLine
 10
174.038138937233
 20
85.0
 30
0.0
 11
176.0
 21
85.0
 31
0.0
  0
LINE
  5
9D4
330
17
100
AcDbEntity
  8
隐藏线
  6
HIDDEN
100
AcDbLine
 10
200.21281233792348
 20
85.0
 30
0.0
 11
200.7487373415294
 21
85.0
 31
0.0
  0
LINE
  5
9D5
330
17
100
AcDbEntity
  8
隐藏线
  6
HIDDEN
100
AcDbLine
 10
199.6980134900544
 20
85.0
 30
0.0
 11
200.21281233792348
 21
85.0
 31
0.0
  0
LINE
  5
9D6
330
17
100
AcDbEntity
  8
隐藏线
  6
HIDDEN
100
AcDbLine
 10
199.22277194493864
 20
85.0
 30
0.0
 11
199.6980134900544
 21
85.0
 31
0.0
  0
LINE
  5
9D7
330
17
100
AcDbEntity
  8
隐藏线
  6
HIDDEN
100
AcDbLine
 10
198.8041936932664
 20
85.0
 30
0.0
 11
199.22277194493864
 21
85.0
 31
0.0
  0
LINE
  5
9D8
330
17
100
AcDbEntity
  8
隐藏线
  6
HIDDEN
100
AcDbLine
 10
198.46485953642429
 20
85.0
 30
0.0
 11
198.8041936932664
 21
85.0
 31
0.0
  0
LINE
  5
9D9
330
17
100
AcDbEntity
  8
隐藏线
  6
HIDDEN
100
AcDbLine
 10
198.21206556898957
 20
85.0
 30
0.0
 11
198.46485953642429
 21
85.0
 31
0.0
  0
LINE
  5
9DA
330
17
100
AcDbEntity
  8
隐藏线
  6
HIDDEN
100
AcDbLine
 10
198.0547713783528
 20
85.0
 30
0.0
 11
198.21206556898957
 21
85.0
 31
0.0
  0
LINE
  5
9DB
330
17
100
AcDbEntity
  8
隐藏线
  6
HIDDEN
100
AcDbLine
 10
197.9987373415294
 20
85.0
 30
0.0
 11
198.0547713783528
 21
85.0
 31
0.0
  0
LINE
  5
9DC
330
17
100
AcDbEntity
  8
隐藏线
  6
HIDDEN
100
AcDbLine
 10
205.93184072248954
 20
85.0
 30
0.0
 11
206.0
 21
85.0
 31
0.0
  0
LINE
  5
9DD
330
17
100
AcDbEntity
  8
隐藏线
  6
HIDDEN
100
AcDbLine
 10
205.73814554177557
 20
85.0
 30
0.0
 11
205.93184072248954
 21
85.0
 31
0.0
  0
LINE
  5
9DE
330
17
100
AcDbEntity
  8
隐藏线
  6
HIDDEN
100
AcDbLine
 10
205.41970498911266
 20
85.0
 30
0.0
 11
205.73814554177557
 21
85.0
 31
0.0
  0
LINE
  5
9DF
330
17
100
AcDbEntity
  8
隐藏线
  6
HIDDEN
100
AcDbLine
 10
204.97777478867204
 20
85.0
 30
0.0
 11
205.41970498911266
 21
85.0
 31
0.0
  0
LINE
  5
9E0
330
17
100
AcDbEntity
  8
隐藏线
  6
HIDDEN
100
AcDbLine
 10
204.40417097533432
 20
85.0
 30
0.0
 11
204.97777478867204
 21
85.0
 31
0.0
  0
LINE
  5
9E1
330
17
100
AcDbEntity
  8
隐藏线
  6
HIDDEN
100
AcDbLine
 10
203.71154006771272
 20
85.0
 30
0.0
 11
204.40417097533432
 21
85.0
 31
0.0
  0
LINE
  5
9E2
330
17
100
AcDbEntity
  8
隐藏线
  6
HIDDEN
100
AcDbLine
 10
202.902664979089
 20
85.0
 30
0.0
 11
203.71154006771272
 21
85.0
 31
0.0
  0
LINE
  5
9E3
330
17
100
AcDbEntity
  8
隐藏线
  6
HIDDEN
100
AcDbLine
 10
201.98076211353316
 20
85.0
 30
0.0
 11
202.902664979089
 21
85.0
 31
0.0
  0
LINE
  5
9E4
330
17
100
AcDbEntity
  8
隐藏线
  6
HIDDEN
100
AcDbLine
 10
200.940803916322
 20
85.0
 30
0.0
 11
201.98076211353316
 21
85.0
 31
0.0
  0
LINE
  5
9E5
330
17
100
AcDbEntity
  8
隐藏线
  6
HIDDEN
100
AcDbLine
 10
199.79643893352048
 20
85.0
 30
0.0
 11
200.940803916322
 21
85.0
 31
0.0
  0
LINE
  5
9E6
330
17
100
AcDbEntity
  8
隐藏线
  6
HIDDEN
100
AcDbLine
 10
198.5522528094964
 20
85.0
 30
0.0
 11
199.79643893352048
 21
85.0
 31
0.0
  0
LINE
  5
9E7
330
17
100
AcDbEntity
  8
隐藏线
  6
HIDDEN
100
AcDbLine
 10
197.21320343559643
 20
85.0
 30
0.0
 11
198.5522528094964
 21
85.0
 31
0.0
  0
LINE
  5
9E8
330
17
100
AcDbEntity
  8
隐藏线
  6
HIDDEN
100
AcDbLine
 10
195.77776228703962
 20
85.0
 30
0.0
 11
197.21320343559643
 21
85.0
 31
0.0
  0
LINE
  5
9E9
330
17
100
AcDbEntity
  8
隐藏线
  6
HIDDEN
100
AcDbLine
 10
194.25964981148354
 20
85.0
 30
0.0
 11
195.77776228703962
 21
85.0
 31
0.0
  0
LINE
  5
9EA
330
17
100
AcDbEntity
  8
隐藏线
  6
HIDDEN
100
AcDbLine
 10
192.66494188029654
 20
85.0
 30
0.0
 11
194.25964981148354
 21
85.0
 31
0.0
  0
LINE
  5
9EB
330
17
100
AcDbEntity
  8
隐藏线
  6
HIDDEN
100
AcDbLine
 10
191.0
 20
85.0
 30
0.0
 11
192.66494188029654
 21
85.0
 31
0.0
  0
LINE
  5
9EC
330
17
100
AcDbEntity
  8
隐藏线
  6
HIDDEN
100
AcDbLine
 10
189.26689884219303
 20
85.0
 30
0.0
 11
191.0
 21
85.0
 31
0.0
  0
LINE
  5
9ED
330
17
100
AcDbEntity
  8
隐藏线
  6
HIDDEN
100
AcDbLine
 10
187.47849573029205
 20
85.0
 30
0.0
 11
189.26689884219303
 21
85.0
 31
0.0
  0
LINE
  5
9EE
330
17
100
AcDbEntity
  8
隐藏线
  6
HIDDEN
100
AcDbLine
 10
185.64194270207304
 20
85.0
 30
0.0
 11
187.47849573029205
 21
85.0
 31
0.0
  0
LINE
  5
9EF
330
17
100
AcDbEntity
  8
隐藏线
  6
HIDDEN
100
AcDbLine
 10
183.76457135307564
 20
85.0
 30
0.0
 11
185.64194270207304
 21
85.0
 31
0.0
  0
LINE
  5
9F0
330
17
100
AcDbEntity
  8
隐藏线
  6
HIDDEN
100
AcDbLine
 10
181.85191816583796
 20
85.0
 30
0.0
 11
183.76457135307564
 21
85.0
 31
0.0
  0
LINE
  5
9F1
330
17
100
AcDbEntity
  8
隐藏线
  6
HIDDEN
100
AcDbLine
 10
179.91510113419224
 20
85.0
 30
0.0
 11
181.85191816583796
 21
85.0
 31
0.0
  0
LINE
  5
9F2
330
17
100
AcDbEntity
  8
隐藏线
  6
HIDDEN
100
AcDbLine
 10
177.96186106276699
 20
85.0
 30
0.0
 11
179.91510113419224
 21
85.0
 31
0.0
  0
LINE
  5
9F3
330
17
100
AcDbEntity
  8
隐藏线
  6
HIDDEN
100
AcDbLine
 10
176.0
 20
85.0
 30
0.0
 11
177.96186106276699
 21
85.0
 31
0.0
  0
LINE
  5
9F4
330
17
100
AcDbEntity
  8
隐藏线
  6
HIDDEN
100
AcDbLine
 10
202.3987373415294
 20
7.049999999999997
 30
0.0
 11
202.3987373415294
 21
12.099999999999998
 31
0.0
  0
LINE
  5
9F5
330
17
100
AcDbEntity
  8
隐藏线
  6
HIDDEN
100
AcDbLine
 10
202.3987373415294
 20
2.0
 30
0.0
 11
202.3987373415294
 21
7.049999999999997
 31
0.0
  0
LINE
  5
9F6
330
17
100
AcDbEntity
  8
隐藏线
  6
HIDDEN
100
AcDbLine
 10
200.74873734152942
 20
13.091420021395475
 30
0.0
 11
201.5737373415294
 21
12.595710010697735
 31
0.0
  0
LINE
  5
9F7
330
17
100
AcDbEntity
  8
隐藏线
  6
HIDDEN
100
AcDbLine
 10
201.5737373415294
 20
12.595710010697735
 30
0.0
 11
202.3987373415294
 21
12.099999999999998
 31
0.0
  0
LINE
  5
9F8
330
17
100
AcDbEntity
  8
隐藏线
  6
HIDDEN
100
AcDbLine
 10
152.90126265847078
 20
7.049999999999997
 30
0.0
 11
152.90126265847078
 21
12.099999999999998
 31
0.0
  0
LINE
  5
9F9
330
17
100
AcDbEntity
  8
隐藏线
  6
HIDDEN
100
AcDbLine
 10
152.90126265847078
 20
2.0
 30
0.0
 11
152.90126265847078
 21
7.049999999999997
 31
0.0
  0
LINE
  5
9FA
330
17
100
AcDbEntity
  8
隐藏线
  6
HIDDEN
100
AcDbLine
 10
151.2512626584708
 20
13.091420021395471
 30
0.0
 11
152.0762626584708
 21
12.595710010697731
 31
0.0
  0
LINE
  5
9FB
330
17
100
AcDbEntity
  8
隐藏线
  6
HIDDEN
100
AcDbLine
 10
152.0762626584708
 20
12.595710010697731
 30
0.0
 11
152.90126265847078
 21
12.099999999999998
 31
0.0
  0
LINE
  5
9FC
330
17
100
AcDbEntity
  8
隐藏线
  6
HIDDEN
100
AcDbLine
 10
201.0
 20
4.5
 30
0.0
 11
201.0
 21
7.0
 31
0.0
  0
LINE
  5
9FD
330
17
100
AcDbEntity
  8
隐藏线
  6
HIDDEN
100
AcDbLine
 10
201.0
 20
2.0
 30
0.0
 11
201.0
 21
4.5
 31
0.0
  0
LINE
  5
9FE
330
17
100
AcDbEntity
  8
隐藏线
  6
HIDDEN
100
AcDbLine
 10
183.0
 20
18.25
 30
0.0
 11
183.0
 21
28.5
 31
0.0
  0
LINE
  5
9FF
330
17
100
AcDbEntity
  8
隐藏线
  6
HIDDEN
100
AcDbLine
 10
183.0
 20
8.0
 30
0.0
 11
183.0
 21
18.25
 31
0.0
  0
LINE
  5
A00
330
17
100
AcDbEntity
  8
隐藏线
  6
HIDDEN
100
AcDbLine
 10
160.0
 20
8.0
 30
0.0
 11
160.0
 21
16.75
 31
0.0
  0
LINE
  5
A01
330
17
100
AcDbEntity
  8
隐藏线
  6
HIDDEN
100
AcDbLine
 10
160.0
 20
16.75
 30
0.0
 11
160.0
 21
25.5
 31
0.0
  0
LINE
  5
A02
330
17
100
AcDbEntity
  8
隐藏线
  6
HIDDEN
100
AcDbLine
 10
197.0
 20
16.25
 30
0.0
 11
197.0
 21
25.5
 31
0.0
  0
LINE
  5
A03
330
17
100
AcDbEntity
  8
隐藏线
  6
HIDDEN
100
AcDbLine
 10
197.0
 20
7.0
 30
0.0
 11
197.0
 21
16.25
 31
0.0
  0
LINE
  5
A04
330
17
100
AcDbEntity
  8
隐藏线
  6
HIDDEN
100
AcDbLine
 10
155.0
 20
16.25
 30
0.0
 11
155.0
 21
25.5
 31
0.0
  0
LINE
  5
A05
330
17
100
AcDbEntity
  8
隐藏线
  6
HIDDEN
100
AcDbLine
 10
155.0
 20
7.0
 30
0.0
 11
155.0
 21
16.25
 31
0.0
  0
LINE
  5
A06
330
17
100
AcDbEntity
  8
隐藏线
  6
HIDDEN
100
AcDbLine
 10
192.0
 20
8.0
 30
0.0
 11
192.0
 21
16.75
 31
0.0
  0
LINE
  5
A07
330
17
100
AcDbEntity
  8
隐藏线
  6
HIDDEN
100
AcDbLine
 10
192.0
 20
16.75
 30
0.0
 11
192.0
 21
25.5
 31
0.0
  0
LINE
  5
A08
330
17
100
AcDbEntity
  8
隐藏线
  6
HIDDEN
100
AcDbLine
 10
169.0
 20
18.25
 30
0.0
 11
169.0
 21
28.5
 31
0.0
  0
LINE
  5
A09
330
17
100
AcDbEntity
  8
隐藏线
  6
HIDDEN
100
AcDbLine
 10
169.0
 20
8.0
 30
0.0
 11
169.0
 21
18.25
 31
0.0
  0
LINE
  5
A0A
330
17
100
AcDbEntity
  8
隐藏线
  6
HIDDEN
100
AcDbLine
 10
151.0
 20
4.5
 30
0.0
 11
151.0
 21
7.0
 31
0.0
  0
LINE
  5
A0B
330
17
100
AcDbEntity
  8
隐藏线
  6
HIDDEN
100
AcDbLine
 10
151.0
 20
2.0
 30
0.0
 11
151.0
 21
4.5
 31
0.0
  0
LINE
  5
A0C
330
17
100
AcDbEntity
  8
隐藏线
  6
HIDDEN
100
AcDbLine
 10
199.9237373415292
 20
12.595710010697731
 30
0.0
 11
200.7487373415292
 21
13.091420021395471
 31
0.0
  0
LINE
  5
A0D
330
17
100
AcDbEntity
  8
隐藏线
  6
HIDDEN
100
AcDbLine
 10
199.09873734152922
 20
12.099999999999998
 30
0.0
 11
199.9237373415292
 21
12.595710010697731
 31
0.0
  0
LINE
  5
A0E
330
17
100
AcDbEntity
  8
隐藏线
  6
HIDDEN
100
AcDbLine
 10
199.09873734152922
 20
7.049999999999997
 30
0.0
 11
199.09873734152922
 21
12.099999999999998
 31
0.0
  0
LINE
  5
A0F
330
17
100
AcDbEntity
  8
隐藏线
  6
HIDDEN
100
AcDbLine
 10
199.09873734152922
 20
2.0
 30
0.0
 11
199.09873734152922
 21
7.049999999999997
 31
0.0
  0
LINE
  5
A10
330
17
100
AcDbEntity
  8
隐藏线
  6
HIDDEN
100
AcDbLine
 10
150.4262626584708
 20
12.595710010697735
 30
0.0
 11
151.2512626584708
 21
13.091420021395475
 31
0.0
  0
LINE
  5
A11
330
17
100
AcDbEntity
  8
隐藏线
  6
HIDDEN
100
AcDbLine
 10
149.6012626584708
 20
12.099999999999998
 30
0.0
 11
150.4262626584708
 21
12.595710010697735
 31
0.0
  0
LINE
  5
A12
330
17
100
AcDbEntity
  8
隐藏线
  6
HIDDEN
100
AcDbLine
 10
149.6012626584708
 20
7.049999999999997
 30
0.0
 11
149.6012626584708
 21
12.099999999999998
 31
0.0
  0
LINE
  5
A13
330
17
100
AcDbEntity
  8
隐藏线
  6
HIDDEN
100
AcDbLine
 10
149.6012626584708
 20
2.0
 30
0.0
 11
149.6012626584708
 21
7.049999999999997
 31
0.0
  0
LINE
  5
A14
330
17
100
AcDbEntity
  8
隐藏线
  6
HIDDEN
100
AcDbLine
 10
184.0
 20
31.0
 30
0.0
 11
184.0
 21
33.5
 31
0.0
  0
LINE
  5
A15
330
17
100
AcDbEntity
  8
隐藏线
  6
HIDDEN
100
AcDbLine
 10
184.0
 20
28.5
 30
0.0
 11
184.0
 21
31.0
 31
0.0
  0
LINE
  5
A16
330
17
100
AcDbEntity
  8
隐藏线
  6
HIDDEN
100
AcDbLine
 10
154.0012626584708
 20
85.0
 30
0.0
 11
154.0012626584708
 21
90.0
 31
0.0
  0
LINE
  5
A17
330
17
100
AcDbEntity
  8
隐藏线
  6
HIDDEN
100
AcDbLine
 10
154.0012626584708
 20
90.0
 30
0.0
 11
154.0012626584708
 21
95.0
 31
0.0
  0
LINE
  5
A18
330
17
100
AcDbEntity
  8
隐藏线
  6
HIDDEN
100
AcDbLine
 10
203.4987373415294
 20
85.0
 30
0.0
 11
203.4987373415294
 21
90.0
 31
0.0
  0
LINE
  5
A19
330
17
100
AcDbEntity
  8
隐藏线
  6
HIDDEN
100
AcDbLine
 10
203.4987373415294
 20
90.0
 30
0.0
 11
203.4987373415294
 21
95.0
 31
0.0
  0
LINE
  5
A1A
330
17
100
AcDbEntity
  8
隐藏线
  6
HIDDEN
100
AcDbLine
 10
197.9987373415292
 20
85.0
 30
0.0
 11
197.9987373415292
 21
90.0
 31
0.0
  0
LINE
  5
A1B
330
17
100
AcDbEntity
  8
隐藏线
  6
HIDDEN
100
AcDbLine
 10
197.9987373415292
 20
90.0
 30
0.0
 11
197.9987373415292
 21
95.0
 31
0.0
  0
LINE
  5
A1C
330
17
100
AcDbEntity
  8
隐藏线
  6
HIDDEN
100
AcDbLine
 10
148.5012626584708
 20
85.0
 30
0.0
 11
148.5012626584708
 21
90.0
 31
0.0
  0
LINE
  5
A1D
330
17
100
AcDbEntity
  8
隐藏线
  6
HIDDEN
100
AcDbLine
 10
148.5012626584708
 20
90.0
 30
0.0
 11
148.5012626584708
 21
95.0
 31
0.0
  0
LINE
  5
A1E
330
17
100
AcDbEntity
  8
隐藏线
  6
HIDDEN
100
AcDbLine
 10
170.0
 20
70.9
 30
0.0
 11
170.0
 21
84.9
 31
0.0
  0
LINE
  5
A1F
330
17
100
AcDbEntity
  8
隐藏线
  6
HIDDEN
100
AcDbLine
 10
170.0
 20
84.9
 30
0.0
 11
170.0
 21
98.9
 31
0.0
  0
LINE
  5
A20
330
17
100
AcDbEntity
  8
隐藏线
  6
HIDDEN
100
AcDbLine
 10
168.0
 20
31.0
 30
0.0
 11
168.0
 21
33.5
 31
0.0
  0
LINE
  5
A21
330
17
100
AcDbEntity
  8
隐藏线
  6
HIDDEN
100
AcDbLine
 10
168.0
 20
28.5
 30
0.0
 11
168.0
 21
31.0
 31
0.0
  0
ENDSEC
  0
SECTION
  2
OBJECTS
  0
DICTIONARY
  5
A
330
0
100
AcDbDictionary
281
1
  3
ACAD_COLOR
350
B
  3
ACAD_GROUP
350
C
  3
ACAD_LAYOUT
350
D
  3
ACAD_MATERIAL
350
E
  3
ACAD_MLEADERSTYLE
350
F
  3
ACAD_MLINESTYLE
350
10
  3
ACAD_PLOTSETTINGS
350
11
  3
ACAD_PLOTSTYLENAME
350
12
  3
ACAD_SCALELIST
350
14
  3
ACAD_TABLESTYLE
350
15
  3
ACAD_VISUALSTYLE
350
16
  3
EZDXF_META
350
2D
  0
DICTIONARY
  5
B
330
A
100
AcDbDictionary
281
1
  0
DICTIONARY
  5
C
330
A
100
AcDbDictionary
281
1
  0
DICTIONARY
  5
D
330
A
100
AcDbDictionary
281
1
  3
Model
350
1A
  3
Layout1
350
1E
  0
DICTIONARY
  5
E
330
A
100
AcDbDictionary
281
1
  3
ByBlock
350
1F
  3
ByLayer
350
20
  3
Global
350
21
  0
DICTIONARY
  5
F
330
A
100
AcDbDictionary
281
1
  3
Standard
350
2C
  0
DICTIONARY
  5
10
330
A
100
AcDbDictionary
281
1
  3
Standard
350
22
  0
DICTIONARY
  5
11
330
A
100
AcDbDictionary
281
1
  0
ACDBDICTIONARYWDFLT
  5
12
330
A
100
AcDbDictionary
281
1
  3
Normal
350
13
100
AcDbDictionaryWithDefault
340
13
  0
ACDBPLACEHOLDER
  5
13
330
12
  0
DICTIONARY
  5
14
330
A
100
AcDbDictionary
281
1
  0
DICTIONARY
  5
15
330
A
100
AcDbDictionary
281
1
  0
DICTIONARY
  5
16
330
A
100
AcDbDictionary
281
1
  0
LAYOUT
  5
1A
330
D
100
AcDbPlotSettings
  1

  4
A3
  6

 40
7.5
 41
20.0
 42
7.5
 43
20.0
 44
420.0
 45
297.0
 46
0.0
 47
0.0
 48
0.0
 49
0.0
140
0.0
141
0.0
142
1.0
143
1.0
 70
1024
 72
1
 73
0
 74
5
  7

 75
16
 76
0
 77
2
 78
300
147
1.0
148
0.0
149
0.0
100
AcDbLayout
  1
Model
 70
1
 71
0
 10
0.0
 20
0.0
 11
420.0
 21
297.0
 12
0.0
 22
0.0
 32
0.0
 14
1e+20
 24
1e+20
 34
1e+20
 15
-1e+20
 25
-1e+20
 35
-1e+20
146
0.0
 13
0.0
 23
0.0
 33
0.0
 16
1.0
 26
0.0
 36
0.0
 17
0.0
 27
1.0
 37
0.0
 76
1
330
17
  0
LAYOUT
  5
1E
330
D
100
AcDbPlotSettings
  1

  4
A3
  6

 40
7.5
 41
20.0
 42
7.5
 43
20.0
 44
420.0
 45
297.0
 46
0.0
 47
0.0
 48
0.0
 49
0.0
140
0.0
141
0.0
142
1.0
143
1.0
 70
0
 72
1
 73
0
 74
5
  7

 75
16
 76
0
 77
2
 78
300
147
1.0
148
0.0
149
0.0
100
AcDbLayout
  1
Layout1
 70
1
 71
1
 10
0.0
 20
0.0
 11
420.0
 21
297.0
 12
0.0
 22
0.0
 32
0.0
 14
1e+20
 24
1e+20
 34
1e+20
 15
-1e+20
 25
-1e+20
 35
-1e+20
146
0.0
 13
0.0
 23
0.0
 33
0.0
 16
1.0
 26
0.0
 36
0.0
 17
0.0
 27
1.0
 37
0.0
 76
1
330
1B
  0
MATERIAL
  5
1F
102
{ACAD_REACTORS
330
E
102
}
330
E
100
AcDbMaterial
  1
ByBlock
  2

 70
0
 40
1.0
 71
1
 41
1.0
 91
-1023410177
 42
1.0
 72
1
  3

 73
1
 74
1
 75
1
 44
0.5
 73
0
 45
1.0
 46
1.0
 77
1
  4

 78
1
 79
1
170
1
 48
1.0
171
1
  6

172
1
173
1
174
1
140
1.0
141
1.0
175
1
  7

176
1
177
1
178
1
143
1.0
179
1
  8

270
1
271
1
272
1
145
1.0
146
1.0
273
1
  9

274
1
275
1
276
1
 42
1.0
 72
1
  3

 73
1
 74
1
 75
1
 94
63
  0
MATERIAL
  5
20
102
{ACAD_REACTORS
330
E
102
}
330
E
100
AcDbMaterial
  1
ByLayer
  2

 70
0
 40
1.0
 71
1
 41
1.0
 91
-1023410177
 42
1.0
 72
1
  3

 73
1
 74
1
 75
1
 44
0.5
 73
0
 45
1.0
 46
1.0
 77
1
  4

 78
1
 79
1
170
1
 48
1.0
171
1
  6

172
1
173
1
174
1
140
1.0
141
1.0
175
1
  7

176
1
177
1
178
1
143
1.0
179
1
  8

270
1
271
1
272
1
145
1.0
146
1.0
273
1
  9

274
1
275
1
276
1
 42
1.0
 72
1
  3

 73
1
 74
1
 75
1
 94
63
  0
MATERIAL
  5
21
102
{ACAD_REACTORS
330
E
102
}
330
E
100
AcDbMaterial
  1
Global
  2

 70
0
 40
1.0
 71
1
 41
1.0
 91
-1023410177
 42
1.0
 72
1
  3

 73
1
 74
1
 75
1
 44
0.5
 73
0
 45
1.0
 46
1.0
 77
1
  4

 78
1
 79
1
170
1
 48
1.0
171
1
  6

172
1
173
1
174
1
140
1.0
141
1.0
175
1
  7

176
1
177
1
178
1
143
1.0
179
1
  8

270
1
271
1
272
1
145
1.0
146
1.0
273
1
  9

274
1
275
1
276
1
 42
1.0
 72
1
  3

 73
1
 74
1
 75
1
 94
63
  0
MLINESTYLE
  5
22
102
{ACAD_REACTORS
330
10
102
}
330
10
100
AcDbMlineStyle
  2
Standard
 70
0
  3

 62
256
 51
90.0
 52
90.0
 71
2
 49
0.5
 62
256
  6
BYLAYER
 49
-0.5
 62
256
  6
BYLAYER
  0
MLEADERSTYLE
  5
2C
102
{ACAD_REACTORS
330
F
102
}
330
F
100
AcDbMLeaderStyle
179
2
170
2
171
1
172
0
 90
2
 40
0.0
 41
0.0
173
1
 91
-1056964608
 92
-2
290
1
 42
2.0
291
1
 43
8.0
  3
Standard
 44
4.0
300

342
29
174
1
175
1
176
0
178
1
 93
-1056964608
 45
4.0
292
0
297
0
 46
4.0
 94
-1056964608
 47
1.0
 49
1.0
140
1.0
294
1
141
0.0
177
0
142
1.0
295
0
296
0
143
3.75
271
0
272
9
273
9
  0
DICTIONARY
  5
2D
330
A
100
AcDbDictionary
280
1
281
1
  3
CREATED_BY_EZDXF
350
2E
  3
WRITTEN_BY_EZDXF
350
A24
  0
DICTIONARYVAR
  5
2E
330
2D
100
DictionaryVariables
280
0
  1
1.4.2 @ 2026-08-15T16:43:59.148007+00:00
  0
DICTIONARYVAR
  5
A24
330
2D
100
DictionaryVariables
280
0
  1
1.4.2 @ 2026-08-15T16:43:59.201600+00:00
  0
ENDSEC
  0
EOF
